series_id,ref_date,available_date,value,source,fetched_at
cftc_platinum_mm_net,2006-06-13,2006-06-16,94.0,https://www.cftc.gov/files/dea/history/fut_disagg_txt_2026.zip,2026-10-08
cftc_platinum_mm_net,2006-06-20,2006-06-23,946.0,https://www.cftc.gov/files/dea/history/fut_disagg_txt_2026.zip,2026-10-08
cftc_platinum_mm_net,2006-06-27,2006-06-30,1128.0,https://www.cftc.gov/files/dea/history/fut_disagg_txt_2026.zip,2026-10-08
cftc_platinum_mm_net,2006-07-03,2006-07-06,1880.0,https://www.cftc.gov/files/dea/history/fut_disagg_txt_2026.zip,2026-10-08
cftc_platinum_mm_net,2006-07-11,2006-07-14,3064.0,https://www.cftc.gov/files/dea/history/fut_disagg_txt_2026.zip,2026-10-08
cftc_platinum_mm_net,2006-07-18,2006-07-21,3638.0,https://www.cftc.gov/files/dea/history/fut_disagg_txt_2026.zip,2026-10-08
cftc_platinum_mm_net,2006-07-25,2006-07-28,3562.0,https://www.cftc.gov/files/dea/history/fut_disagg_txt_2026.zip,2026-10-08
cftc_platinum_mm_net,2006-08-01,2006-08-04,4406.0,https://www.cftc.gov/files/dea/history/fut_disagg_txt_2026.zip,2026-10-08
cftc_platinum_mm_net,2006-08-08,2006-08-11,4700.0,https://www.cftc.gov/files/dea/history/fut_disagg_txt_2026.zip,2026-10-08
cftc_platinum_mm_net,2006-08-15,2006-08-18,4518.0,https://www.cftc.gov/files/dea/history/fut_disagg_txt_2026.zip,2026-10-08
cftc_platinum_mm_net,2006-08-22,2006-08-25,4205.0,https://www.cftc.gov/files/dea/history/fut_disagg_txt_2026.zip,2026-10-08
cftc_platinum_mm_net,2006-08-29,2006-09-01,4087.0,https://www.cftc.gov/files/dea/history/fut_disagg_txt_2026.zip,2026-10-08
cftc_platinum_mm_net,2006-09-05,2006-09-08,4628.0,https://www.cftc.gov/files/dea/history/fut_disagg_txt_2026.zip,2026-10-08
cftc_platinum_mm_net,2006-09-12,2006-09-15,3759.0,https://www.cftc.gov/files/dea/history/fut_disagg_txt_2026.zip,2026-10-08
cftc_platinum_mm_net,2006-09-19,2006-09-22,2883.0,https://www.cftc.gov/files/dea/history/fut_disagg_txt_2026.zip,2026-10-08
cftc_platinum_mm_net,2006-09-26,2006-09-29,2751.0,https://www.cftc.gov/files/dea/history/fut_disagg_txt_2026.zip,2026-10-08
cftc_platinum_mm_net,2006-10-03,2006-10-06,2526.0,https://www.cftc.gov/files/dea/history/fut_disagg_txt_2026.zip,2026-10-08
cftc_platinum_mm_net,2006-10-10,2006-10-13,1215.0,https://www.cftc.gov/files/dea/history/fut_disagg_txt_2026.zip,2026-10-08
cftc_platinum_mm_net,2006-10-17,2006-10-20,1128.0,https://www.cftc.gov/files/dea/history/fut_disagg_txt_2026.zip,2026-10-08
cftc_platinum_mm_net,2006-10-24,2006-10-27,1104.0,https://www.cftc.gov/files/dea/history/fut_disagg_txt_2026.zip,2026-10-08
cftc_platinum_mm_net,2006-10-31,2006-11-03,1005.0,https://www.cftc.gov/files/dea/history/fut_disagg_txt_2026.zip,2026-10-08
cftc_platinum_mm_net,2006-11-07,2006-11-10,1771.0,https://www.cftc.gov/files/dea/history/fut_disagg_txt_2026.zip,2026-10-08
cftc_platinum_mm_net,2006-11-14,2006-11-17,1606.0,https://www.cftc.gov/files/dea/history/fut_disagg_txt_2026.zip,2026-10-08
cftc_platinum_mm_net,2006-11-21,2006-11-24,1993.0,https://www.cftc.gov/files/dea/history/fut_disagg_txt_2026.zip,2026-10-08
cftc_platinum_mm_net,2006-11-28,2006-12-01,1949.0,https://www.cftc.gov/files/dea/history/fut_disagg_txt_2026.zip,2026-10-08
cftc_platinum_mm_net,2006-12-05,2006-12-08,1614.0,https://www.cftc.gov/files/dea/history/fut_disagg_txt_2026.zip,2026-10-08
cftc_platinum_mm_net,2006-12-12,2006-12-15,1555.0,https://www.cftc.gov/files/dea/history/fut_disagg_txt_2026.zip,2026-10-08
cftc_platinum_mm_net,2006-12-19,2006-12-22,1669.0,https://www.cftc.gov/files/dea/history/fut_disagg_txt_2026.zip,2026-10-08
cftc_platinum_mm_net,2006-12-26,2006-12-29,1794.0,https://www.cftc.gov/files/dea/history/fut_disagg_txt_2026.zip,2026-10-08
cftc_platinum_mm_net,2007-01-03,2007-01-06,2565.0,https://www.cftc.gov/files/dea/history/fut_disagg_txt_2026.zip,2026-10-08
cftc_platinum_mm_net,2007-01-09,2007-01-12,1983.0,https://www.cftc.gov/files/dea/history/fut_disagg_txt_2026.zip,2026-10-08
cftc_platinum_mm_net,2007-01-16,2007-01-19,2471.0,https://www.cftc.gov/files/dea/history/fut_disagg_txt_2026.zip,2026-10-08
cftc_platinum_mm_net,2007-01-23,2007-01-26,3221.0,https://www.cftc.gov/files/dea/history/fut_disagg_txt_2026.zip,2026-10-08
cftc_platinum_mm_net,2007-01-30,2007-02-02,3626.0,https://www.cftc.gov/files/dea/history/fut_disagg_txt_2026.zip,2026-10-08
cftc_platinum_mm_net,2007-02-06,2007-02-09,3381.0,https://www.cftc.gov/files/dea/history/fut_disagg_txt_2026.zip,2026-10-08
cftc_platinum_mm_net,2007-02-13,2007-02-16,3581.0,https://www.cftc.gov/files/dea/history/fut_disagg_txt_2026.zip,2026-10-08
cftc_platinum_mm_net,2007-02-20,2007-02-23,4260.0,https://www.cftc.gov/files/dea/history/fut_disagg_txt_2026.zip,2026-10-08
cftc_platinum_mm_net,2007-02-27,2007-03-02,5140.0,https://www.cftc.gov/files/dea/history/fut_disagg_txt_2026.zip,2026-10-08
cftc_platinum_mm_net,2007-03-06,2007-03-09,4657.0,https://www.cftc.gov/files/dea/history/fut_disagg_txt_2026.zip,2026-10-08
cftc_platinum_mm_net,2007-03-13,2007-03-16,4880.0,https://www.cftc.gov/files/dea/history/fut_disagg_txt_2026.zip,2026-10-08
cftc_platinum_mm_net,2007-03-20,2007-03-23,5098.0,https://www.cftc.gov/files/dea/history/fut_disagg_txt_2026.zip,2026-10-08
cftc_platinum_mm_net,2007-03-27,2007-03-30,5290.0,https://www.cftc.gov/files/dea/history/fut_disagg_txt_2026.zip,2026-10-08
cftc_platinum_mm_net,2007-04-03,2007-04-06,5554.0,https://www.cftc.gov/files/dea/history/fut_disagg_txt_2026.zip,2026-10-08
cftc_platinum_mm_net,2007-04-10,2007-04-13,5914.0,https://www.cftc.gov/files/dea/history/fut_disagg_txt_2026.zip,2026-10-08
cftc_platinum_mm_net,2007-04-17,2007-04-20,6802.0,https://www.cftc.gov/files/dea/history/fut_disagg_txt_2026.zip,2026-10-08
cftc_platinum_mm_net,2007-04-24,2007-04-27,7291.0,https://www.cftc.gov/files/dea/history/fut_disagg_txt_2026.zip,2026-10-08
cftc_platinum_mm_net,2007-05-01,2007-05-04,7638.0,https://www.cftc.gov/files/dea/history/fut_disagg_txt_2026.zip,2026-10-08
cftc_platinum_mm_net,2007-05-08,2007-05-11,8434.0,https://www.cftc.gov/files/dea/history/fut_disagg_txt_2026.zip,2026-10-08
cftc_platinum_mm_net,2007-05-15,2007-05-18,9240.0,https://www.cftc.gov/files/dea/history/fut_disagg_txt_2026.zip,2026-10-08
cftc_platinum_mm_net,2007-05-22,2007-05-25,8404.0,https://www.cftc.gov/files/dea/history/fut_disagg_txt_2026.zip,2026-10-08
cftc_platinum_mm_net,2007-05-29,2007-06-01,8058.0,https://www.cftc.gov/files/dea/history/fut_disagg_txt_2026.zip,2026-10-08
cftc_platinum_mm_net,2007-06-05,2007-06-08,8196.0,https://www.cftc.gov/files/dea/history/fut_disagg_txt_2026.zip,2026-10-08
cftc_platinum_mm_net,2007-06-12,2007-06-15,8855.0,https://www.cftc.gov/files/dea/history/fut_disagg_txt_2026.zip,2026-10-08
cftc_platinum_mm_net,2007-06-19,2007-06-22,8867.0,https://www.cftc.gov/files/dea/history/fut_disagg_txt_2026.zip,2026-10-08
cftc_platinum_mm_net,2007-06-26,2007-06-29,7572.0,https://www.cftc.gov/files/dea/history/fut_disagg_txt_2026.zip,2026-10-08
cftc_platinum_mm_net,2007-07-03,2007-07-06,8077.0,https://www.cftc.gov/files/dea/history/fut_disagg_txt_2026.zip,2026-10-08
cftc_platinum_mm_net,2007-07-10,2007-07-13,8923.0,https://www.cftc.gov/files/dea/history/fut_disagg_txt_2026.zip,2026-10-08
cftc_platinum_mm_net,2007-07-17,2007-07-20,9874.0,https://www.cftc.gov/files/dea/history/fut_disagg_txt_2026.zip,2026-10-08
cftc_platinum_mm_net,2007-07-24,2007-07-27,11164.0,https://www.cftc.gov/files/dea/history/fut_disagg_txt_2026.zip,2026-10-08
cftc_platinum_mm_net,2007-07-31,2007-08-03,7262.0,https://www.cftc.gov/files/dea/history/fut_disagg_txt_2026.zip,2026-10-08
cftc_platinum_mm_net,2007-08-07,2007-08-10,7113.0,https://www.cftc.gov/files/dea/history/fut_disagg_txt_2026.zip,2026-10-08
cftc_platinum_mm_net,2007-08-14,2007-08-17,5305.0,https://www.cftc.gov/files/dea/history/fut_disagg_txt_2026.zip,2026-10-08
cftc_platinum_mm_net,2007-08-21,2007-08-24,3370.0,https://www.cftc.gov/files/dea/history/fut_disagg_txt_2026.zip,2026-10-08
cftc_platinum_mm_net,2007-08-28,2007-08-31,3300.0,https://www.cftc.gov/files/dea/history/fut_disagg_txt_2026.zip,2026-10-08
cftc_platinum_mm_net,2007-09-04,2007-09-07,3124.0,https://www.cftc.gov/files/dea/history/fut_disagg_txt_2026.zip,2026-10-08
cftc_platinum_mm_net,2007-09-11,2007-09-14,3823.0,https://www.cftc.gov/files/dea/history/fut_disagg_txt_2026.zip,2026-10-08
cftc_platinum_mm_net,2007-09-18,2007-09-21,4892.0,https://www.cftc.gov/files/dea/history/fut_disagg_txt_2026.zip,2026-10-08
cftc_platinum_mm_net,2007-09-25,2007-09-28,6587.0,https://www.cftc.gov/files/dea/history/fut_disagg_txt_2026.zip,2026-10-08
cftc_platinum_mm_net,2007-10-02,2007-10-05,6975.0,https://www.cftc.gov/files/dea/history/fut_disagg_txt_2026.zip,2026-10-08
cftc_platinum_mm_net,2007-10-09,2007-10-12,7311.0,https://www.cftc.gov/files/dea/history/fut_disagg_txt_2026.zip,2026-10-08
cftc_platinum_mm_net,2007-10-16,2007-10-19,7653.0,https://www.cftc.gov/files/dea/history/fut_disagg_txt_2026.zip,2026-10-08
cftc_platinum_mm_net,2007-10-23,2007-10-26,8124.0,https://www.cftc.gov/files/dea/history/fut_disagg_txt_2026.zip,2026-10-08
cftc_platinum_mm_net,2007-10-30,2007-11-02,7763.0,https://www.cftc.gov/files/dea/history/fut_disagg_txt_2026.zip,2026-10-08
cftc_platinum_mm_net,2007-11-06,2007-11-09,8210.0,https://www.cftc.gov/files/dea/history/fut_disagg_txt_2026.zip,2026-10-08
cftc_platinum_mm_net,2007-11-13,2007-11-16,6107.0,https://www.cftc.gov/files/dea/history/fut_disagg_txt_2026.zip,2026-10-08
cftc_platinum_mm_net,2007-11-20,2007-11-23,6100.0,https://www.cftc.gov/files/dea/history/fut_disagg_txt_2026.zip,2026-10-08
cftc_platinum_mm_net,2007-11-27,2007-11-30,5219.0,https://www.cftc.gov/files/dea/history/fut_disagg_txt_2026.zip,2026-10-08
cftc_platinum_mm_net,2007-12-04,2007-12-07,5566.0,https://www.cftc.gov/files/dea/history/fut_disagg_txt_2026.zip,2026-10-08
cftc_platinum_mm_net,2007-12-11,2007-12-14,6097.0,https://www.cftc.gov/files/dea/history/fut_disagg_txt_2026.zip,2026-10-08
cftc_platinum_mm_net,2007-12-18,2007-12-21,7343.0,https://www.cftc.gov/files/dea/history/fut_disagg_txt_2026.zip,2026-10-08
cftc_platinum_mm_net,2007-12-24,2007-12-27,7963.0,https://www.cftc.gov/files/dea/history/fut_disagg_txt_2026.zip,2026-10-08
cftc_platinum_mm_net,2007-12-31,2008-01-03,8976.0,https://www.cftc.gov/files/dea/history/fut_disagg_txt_2026.zip,2026-10-08
cftc_platinum_mm_net,2008-01-08,2008-01-11,10407.0,https://www.cftc.gov/files/dea/history/fut_disagg_txt_2026.zip,2026-10-08
cftc_platinum_mm_net,2008-01-15,2008-01-18,9278.0,https://www.cftc.gov/files/dea/history/fut_disagg_txt_2026.zip,2026-10-08
cftc_platinum_mm_net,2008-01-22,2008-01-25,8724.0,https://www.cftc.gov/files/dea/history/fut_disagg_txt_2026.zip,2026-10-08
cftc_platinum_mm_net,2008-01-29,2008-02-01,7870.0,https://www.cftc.gov/files/dea/history/fut_disagg_txt_2026.zip,2026-10-08
cftc_platinum_mm_net,2008-02-05,2008-02-08,7378.0,https://www.cftc.gov/files/dea/history/fut_disagg_txt_2026.zip,2026-10-08
cftc_platinum_mm_net,2008-02-12,2008-02-15,6264.0,https://www.cftc.gov/files/dea/history/fut_disagg_txt_2026.zip,2026-10-08
cftc_platinum_mm_net,2008-02-19,2008-02-22,6332.0,https://www.cftc.gov/files/dea/history/fut_disagg_txt_2026.zip,2026-10-08
cftc_platinum_mm_net,2008-02-26,2008-02-29,6122.0,https://www.cftc.gov/files/dea/history/fut_disagg_txt_2026.zip,2026-10-08
cftc_platinum_mm_net,2008-03-04,2008-03-07,5515.0,https://www.cftc.gov/files/dea/history/fut_disagg_txt_2026.zip,2026-10-08
cftc_platinum_mm_net,2008-03-11,2008-03-14,5580.0,https://www.cftc.gov/files/dea/history/fut_disagg_txt_2026.zip,2026-10-08
cftc_platinum_mm_net,2008-03-18,2008-03-21,4515.0,https://www.cftc.gov/files/dea/history/fut_disagg_txt_2026.zip,2026-10-08
cftc_platinum_mm_net,2008-03-25,2008-03-28,5078.0,https://www.cftc.gov/files/dea/history/fut_disagg_txt_2026.zip,2026-10-08
cftc_platinum_mm_net,2008-04-01,2008-04-04,5793.0,https://www.cftc.gov/files/dea/history/fut_disagg_txt_2026.zip,2026-10-08
cftc_platinum_mm_net,2008-04-08,2008-04-11,6275.0,https://www.cftc.gov/files/dea/history/fut_disagg_txt_2026.zip,2026-10-08
cftc_platinum_mm_net,2008-04-15,2008-04-18,6773.0,https://www.cftc.gov/files/dea/history/fut_disagg_txt_2026.zip,2026-10-08
cftc_platinum_mm_net,2008-04-22,2008-04-25,7512.0,https://www.cftc.gov/files/dea/history/fut_disagg_txt_2026.zip,2026-10-08
cftc_platinum_mm_net,2008-04-29,2008-05-02,7642.0,https://www.cftc.gov/files/dea/history/fut_disagg_txt_2026.zip,2026-10-08
cftc_platinum_mm_net,2008-05-06,2008-05-09,7834.0,https://www.cftc.gov/files/dea/history/fut_disagg_txt_2026.zip,2026-10-08
cftc_platinum_mm_net,2008-05-13,2008-05-16,8494.0,https://www.cftc.gov/files/dea/history/fut_disagg_txt_2026.zip,2026-10-08
cftc_platinum_mm_net,2008-05-20,2008-05-23,9117.0,https://www.cftc.gov/files/dea/history/fut_disagg_txt_2026.zip,2026-10-08
cftc_platinum_mm_net,2008-05-27,2008-05-30,9449.0,https://www.cftc.gov/files/dea/history/fut_disagg_txt_2026.zip,2026-10-08
cftc_platinum_mm_net,2008-06-03,2008-06-06,7977.0,https://www.cftc.gov/files/dea/history/fut_disagg_txt_2026.zip,2026-10-08
cftc_platinum_mm_net,2008-06-10,2008-06-13,8521.0,https://www.cftc.gov/files/dea/history/fut_disagg_txt_2026.zip,2026-10-08
cftc_platinum_mm_net,2008-06-17,2008-06-20,8575.0,https://www.cftc.gov/files/dea/history/fut_disagg_txt_2026.zip,2026-10-08
cftc_platinum_mm_net,2008-06-24,2008-06-27,8344.0,https://www.cftc.gov/files/dea/history/fut_disagg_txt_2026.zip,2026-10-08
cftc_platinum_mm_net,2008-07-01,2008-07-04,8340.0,https://www.cftc.gov/files/dea/history/fut_disagg_txt_2026.zip,2026-10-08
cftc_platinum_mm_net,2008-07-08,2008-07-11,7097.0,https://www.cftc.gov/files/dea/history/fut_disagg_txt_2026.zip,2026-10-08
cftc_platinum_mm_net,2008-07-15,2008-07-18,6594.0,https://www.cftc.gov/files/dea/history/fut_disagg_txt_2026.zip,2026-10-08
cftc_platinum_mm_net,2008-07-22,2008-07-25,6163.0,https://www.cftc.gov/files/dea/history/fut_disagg_txt_2026.zip,2026-10-08
cftc_platinum_mm_net,2008-07-29,2008-08-01,5338.0,https://www.cftc.gov/files/dea/history/fut_disagg_txt_2026.zip,2026-10-08
cftc_platinum_mm_net,2008-08-05,2008-08-08,4403.0,https://www.cftc.gov/files/dea/history/fut_disagg_txt_2026.zip,2026-10-08
cftc_platinum_mm_net,2008-08-12,2008-08-15,4561.0,https://www.cftc.gov/files/dea/history/fut_disagg_txt_2026.zip,2026-10-08
cftc_platinum_mm_net,2008-08-19,2008-08-22,5163.0,https://www.cftc.gov/files/dea/history/fut_disagg_txt_2026.zip,2026-10-08
cftc_platinum_mm_net,2008-08-26,2008-08-29,5213.0,https://www.cftc.gov/files/dea/history/fut_disagg_txt_2026.zip,2026-10-08
cftc_platinum_mm_net,2008-09-02,2008-09-05,5445.0,https://www.cftc.gov/files/dea/history/fut_disagg_txt_2026.zip,2026-10-08
cftc_platinum_mm_net,2008-09-09,2008-09-12,5102.0,https://www.cftc.gov/files/dea/history/fut_disagg_txt_2026.zip,2026-10-08
cftc_platinum_mm_net,2008-09-16,2008-09-19,5437.0,https://www.cftc.gov/files/dea/history/fut_disagg_txt_2026.zip,2026-10-08
cftc_platinum_mm_net,2008-09-23,2008-09-26,6418.0,https://www.cftc.gov/files/dea/history/fut_disagg_txt_2026.zip,2026-10-08
cftc_platinum_mm_net,2008-09-30,2008-10-03,6380.0,https://www.cftc.gov/files/dea/history/fut_disagg_txt_2026.zip,2026-10-08
cftc_platinum_mm_net,2008-10-07,2008-10-10,5905.0,https://www.cftc.gov/files/dea/history/fut_disagg_txt_2026.zip,2026-10-08
cftc_platinum_mm_net,2008-10-14,2008-10-17,5830.0,https://www.cftc.gov/files/dea/history/fut_disagg_txt_2026.zip,2026-10-08
cftc_platinum_mm_net,2008-10-21,2008-10-24,5625.0,https://www.cftc.gov/files/dea/history/fut_disagg_txt_2026.zip,2026-10-08
cftc_platinum_mm_net,2008-10-28,2008-10-31,5470.0,https://www.cftc.gov/files/dea/history/fut_disagg_txt_2026.zip,2026-10-08
cftc_platinum_mm_net,2008-11-04,2008-11-07,5256.0,https://www.cftc.gov/files/dea/history/fut_disagg_txt_2026.zip,2026-10-08
cftc_platinum_mm_net,2008-11-11,2008-11-14,5864.0,https://www.cftc.gov/files/dea/history/fut_disagg_txt_2026.zip,2026-10-08
cftc_platinum_mm_net,2008-11-18,2008-11-21,6101.0,https://www.cftc.gov/files/dea/history/fut_disagg_txt_2026.zip,2026-10-08
cftc_platinum_mm_net,2008-11-25,2008-11-28,6044.0,https://www.cftc.gov/files/dea/history/fut_disagg_txt_2026.zip,2026-10-08
cftc_platinum_mm_net,2008-12-02,2008-12-05,5826.0,https://www.cftc.gov/files/dea/history/fut_disagg_txt_2026.zip,2026-10-08
cftc_platinum_mm_net,2008-12-09,2008-12-12,5163.0,https://www.cftc.gov/files/dea/history/fut_disagg_txt_2026.zip,2026-10-08
cftc_platinum_mm_net,2008-12-16,2008-12-19,5277.0,https://www.cftc.gov/files/dea/history/fut_disagg_txt_2026.zip,2026-10-08
cftc_platinum_mm_net,2008-12-22,2008-12-25,5511.0,https://www.cftc.gov/files/dea/history/fut_disagg_txt_2026.zip,2026-10-08
cftc_platinum_mm_net,2008-12-30,2009-01-02,5815.0,https://www.cftc.gov/files/dea/history/fut_disagg_txt_2026.zip,2026-10-08
cftc_platinum_mm_net,2009-01-06,2009-01-09,6093.0,https://www.cftc.gov/files/dea/history/fut_disagg_txt_2026.zip,2026-10-08
cftc_platinum_mm_net,2009-01-13,2009-01-16,6495.0,https://www.cftc.gov/files/dea/history/fut_disagg_txt_2026.zip,2026-10-08
cftc_platinum_mm_net,2009-01-20,2009-01-23,5706.0,https://www.cftc.gov/files/dea/history/fut_disagg_txt_2026.zip,2026-10-08
cftc_platinum_mm_net,2009-01-27,2009-01-30,5692.0,https://www.cftc.gov/files/dea/history/fut_disagg_txt_2026.zip,2026-10-08
cftc_platinum_mm_net,2009-02-03,2009-02-06,6561.0,https://www.cftc.gov/files/dea/history/fut_disagg_txt_2026.zip,2026-10-08
cftc_platinum_mm_net,2009-02-10,2009-02-13,6957.0,https://www.cftc.gov/files/dea/history/fut_disagg_txt_2026.zip,2026-10-08
cftc_platinum_mm_net,2009-02-17,2009-02-20,8008.0,https://www.cftc.gov/files/dea/history/fut_disagg_txt_2026.zip,2026-10-08
cftc_platinum_mm_net,2009-02-24,2009-02-27,7989.0,https://www.cftc.gov/files/dea/history/fut_disagg_txt_2026.zip,2026-10-08
cftc_platinum_mm_net,2009-03-03,2009-03-06,7165.0,https://www.cftc.gov/files/dea/history/fut_disagg_txt_2026.zip,2026-10-08
cftc_platinum_mm_net,2009-03-10,2009-03-13,6954.0,https://www.cftc.gov/files/dea/history/fut_disagg_txt_2026.zip,2026-10-08
cftc_platinum_mm_net,2009-03-17,2009-03-20,6538.0,https://www.cftc.gov/files/dea/history/fut_disagg_txt_2026.zip,2026-10-08
cftc_platinum_mm_net,2009-03-24,2009-03-27,6351.0,https://www.cftc.gov/files/dea/history/fut_disagg_txt_2026.zip,2026-10-08
cftc_platinum_mm_net,2009-03-31,2009-04-03,6262.0,https://www.cftc.gov/files/dea/history/fut_disagg_txt_2026.zip,2026-10-08
cftc_platinum_mm_net,2009-04-07,2009-04-10,6775.0,https://www.cftc.gov/files/dea/history/fut_disagg_txt_2026.zip,2026-10-08
cftc_platinum_mm_net,2009-04-14,2009-04-17,7014.0,https://www.cftc.gov/files/dea/history/fut_disagg_txt_2026.zip,2026-10-08
cftc_platinum_mm_net,2009-04-21,2009-04-24,6441.0,https://www.cftc.gov/files/dea/history/fut_disagg_txt_2026.zip,2026-10-08
cftc_platinum_mm_net,2009-04-28,2009-05-01,6547.0,https://www.cftc.gov/files/dea/history/fut_disagg_txt_2026.zip,2026-10-08
cftc_platinum_mm_net,2009-05-05,2009-05-08,6383.0,https://www.cftc.gov/files/dea/history/fut_disagg_txt_2026.zip,2026-10-08
cftc_platinum_mm_net,2009-05-12,2009-05-15,6311.0,https://www.cftc.gov/files/dea/history/fut_disagg_txt_2026.zip,2026-10-08
cftc_platinum_mm_net,2009-05-19,2009-05-22,6843.0,https://www.cftc.gov/files/dea/history/fut_disagg_txt_2026.zip,2026-10-08
cftc_platinum_mm_net,2009-05-26,2009-05-29,7125.0,https://www.cftc.gov/files/dea/history/fut_disagg_txt_2026.zip,2026-10-08
cftc_platinum_mm_net,2009-06-02,2009-06-05,7275.0,https://www.cftc.gov/files/dea/history/fut_disagg_txt_2026.zip,2026-10-08
cftc_platinum_mm_net,2009-06-09,2009-06-12,9198.0,https://www.cftc.gov/files/dea/history/fut_disagg_txt_2026.zip,2026-10-08
cftc_platinum_mm_net,2009-06-16,2009-06-19,9321.0,https://www.cftc.gov/files/dea/history/fut_disagg_txt_2026.zip,2026-10-08
cftc_platinum_mm_net,2009-06-23,2009-06-26,10510.0,https://www.cftc.gov/files/dea/history/fut_disagg_txt_2026.zip,2026-10-08
cftc_platinum_mm_net,2009-06-30,2009-07-03,10450.0,https://www.cftc.gov/files/dea/history/fut_disagg_txt_2026.zip,2026-10-08
cftc_platinum_mm_net,2009-07-07,2009-07-10,10009.0,https://www.cftc.gov/files/dea/history/fut_disagg_txt_2026.zip,2026-10-08
cftc_platinum_mm_net,2009-07-14,2009-07-17,9463.0,https://www.cftc.gov/files/dea/history/fut_disagg_txt_2026.zip,2026-10-08
cftc_platinum_mm_net,2009-07-21,2009-07-24,10266.0,https://www.cftc.gov/files/dea/history/fut_disagg_txt_2026.zip,2026-10-08
cftc_platinum_mm_net,2009-07-28,2009-07-31,10528.0,https://www.cftc.gov/files/dea/history/fut_disagg_txt_2026.zip,2026-10-08
cftc_platinum_mm_net,2009-08-04,2009-08-07,11635.0,https://www.cftc.gov/files/dea/history/fut_disagg_txt_2026.zip,2026-10-08
cftc_platinum_mm_net,2009-08-11,2009-08-14,12481.0,https://www.cftc.gov/files/dea/history/fut_disagg_txt_2026.zip,2026-10-08
cftc_platinum_mm_net,2009-08-18,2009-08-21,14358.0,https://www.cftc.gov/files/dea/history/fut_disagg_txt_2026.zip,2026-10-08
cftc_platinum_mm_net,2009-08-25,2009-08-28,15107.0,https://www.cftc.gov/files/dea/history/fut_disagg_txt_2026.zip,2026-10-08
cftc_platinum_mm_net,2009-09-01,2009-09-04,14193.0,https://www.cftc.gov/files/dea/history/fut_disagg_txt_2026.zip,2026-10-08
cftc_platinum_mm_net,2009-09-08,2009-09-11,15212.0,https://www.cftc.gov/files/dea/history/fut_disagg_txt_2026.zip,2026-10-08
cftc_platinum_mm_net,2009-09-15,2009-09-18,16305.0,https://www.cftc.gov/files/dea/history/fut_disagg_txt_2026.zip,2026-10-08
cftc_platinum_mm_net,2009-09-22,2009-09-25,17513.0,https://www.cftc.gov/files/dea/history/fut_disagg_txt_2026.zip,2026-10-08
cftc_platinum_mm_net,2009-09-29,2009-10-02,16514.0,https://www.cftc.gov/files/dea/history/fut_disagg_txt_2026.zip,2026-10-08
cftc_platinum_mm_net,2009-10-06,2009-10-09,17235.0,https://www.cftc.gov/files/dea/history/fut_disagg_txt_2026.zip,2026-10-08
cftc_platinum_mm_net,2009-10-13,2009-10-16,18350.0,https://www.cftc.gov/files/dea/history/fut_disagg_txt_2026.zip,2026-10-08
cftc_platinum_mm_net,2009-10-20,2009-10-23,17708.0,https://www.cftc.gov/files/dea/history/fut_disagg_txt_2026.zip,2026-10-08
cftc_platinum_mm_net,2009-10-27,2009-10-30,17331.0,https://www.cftc.gov/files/dea/history/fut_disagg_txt_2026.zip,2026-10-08
cftc_platinum_mm_net,2009-11-03,2009-11-06,17287.0,https://www.cftc.gov/files/dea/history/fut_disagg_txt_2026.zip,2026-10-08
cftc_platinum_mm_net,2009-11-09,2009-11-12,17742.0,https://www.cftc.gov/files/dea/history/fut_disagg_txt_2026.zip,2026-10-08
cftc_platinum_mm_net,2009-11-17,2009-11-20,18328.0,https://www.cftc.gov/files/dea/history/fut_disagg_txt_2026.zip,2026-10-08
cftc_platinum_mm_net,2009-11-24,2009-11-27,18457.0,https://www.cftc.gov/files/dea/history/fut_disagg_txt_2026.zip,2026-10-08
cftc_platinum_mm_net,2009-12-01,2009-12-04,19258.0,https://www.cftc.gov/files/dea/history/fut_disagg_txt_2026.zip,2026-10-08
cftc_platinum_mm_net,2009-12-08,2009-12-11,17761.0,https://www.cftc.gov/files/dea/history/fut_disagg_txt_2026.zip,2026-10-08
cftc_platinum_mm_net,2009-12-15,2009-12-18,17576.0,https://www.cftc.gov/files/dea/history/fut_disagg_txt_2026.zip,2026-10-08
cftc_platinum_mm_net,2009-12-22,2009-12-25,16778.0,https://www.cftc.gov/files/dea/history/fut_disagg_txt_2026.zip,2026-10-08
cftc_platinum_mm_net,2009-12-29,2010-01-01,16782.0,https://www.cftc.gov/files/dea/history/fut_disagg_txt_2026.zip,2026-10-08
cftc_platinum_mm_net,2010-01-05,2010-01-08,17860.0,https://www.cftc.gov/files/dea/history/fut_disagg_txt_2026.zip,2026-10-08
cftc_platinum_mm_net,2010-01-12,2010-01-15,17973.0,https://www.cftc.gov/files/dea/history/fut_disagg_txt_2026.zip,2026-10-08
cftc_platinum_mm_net,2010-01-19,2010-01-22,18137.0,https://www.cftc.gov/files/dea/history/fut_disagg_txt_2026.zip,2026-10-08
cftc_platinum_mm_net,2010-01-26,2010-01-29,17872.0,https://www.cftc.gov/files/dea/history/fut_disagg_txt_2026.zip,2026-10-08
cftc_platinum_mm_net,2010-02-02,2010-02-05,17928.0,https://www.cftc.gov/files/dea/history/fut_disagg_txt_2026.zip,2026-10-08
cftc_platinum_mm_net,2010-02-09,2010-02-12,17065.0,https://www.cftc.gov/files/dea/history/fut_disagg_txt_2026.zip,2026-10-08
cftc_platinum_mm_net,2010-02-16,2010-02-19,17096.0,https://www.cftc.gov/files/dea/history/fut_disagg_txt_2026.zip,2026-10-08
cftc_platinum_mm_net,2010-02-23,2010-02-26,17800.0,https://www.cftc.gov/files/dea/history/fut_disagg_txt_2026.zip,2026-10-08
cftc_platinum_mm_net,2010-03-02,2010-03-05,18528.0,https://www.cftc.gov/files/dea/history/fut_disagg_txt_2026.zip,2026-10-08
cftc_platinum_mm_net,2010-03-09,2010-03-12,18995.0,https://www.cftc.gov/files/dea/history/fut_disagg_txt_2026.zip,2026-10-08
cftc_platinum_mm_net,2010-03-16,2010-03-19,19447.0,https://www.cftc.gov/files/dea/history/fut_disagg_txt_2026.zip,2026-10-08
cftc_platinum_mm_net,2010-03-23,2010-03-26,19649.0,https://www.cftc.gov/files/dea/history/fut_disagg_txt_2026.zip,2026-10-08
cftc_platinum_mm_net,2010-03-30,2010-04-02,19591.0,https://www.cftc.gov/files/dea/history/fut_disagg_txt_2026.zip,2026-10-08
cftc_platinum_mm_net,2010-04-06,2010-04-09,20507.0,https://www.cftc.gov/files/dea/history/fut_disagg_txt_2026.zip,2026-10-08
cftc_platinum_mm_net,2010-04-13,2010-04-16,21146.0,https://www.cftc.gov/files/dea/history/fut_disagg_txt_2026.zip,2026-10-08
cftc_platinum_mm_net,2010-04-20,2010-04-23,20211.0,https://www.cftc.gov/files/dea/history/fut_disagg_txt_2026.zip,2026-10-08
cftc_platinum_mm_net,2010-04-27,2010-04-30,19828.0,https://www.cftc.gov/files/dea/history/fut_disagg_txt_2026.zip,2026-10-08
cftc_platinum_mm_net,2010-05-04,2010-05-07,19691.0,https://www.cftc.gov/files/dea/history/fut_disagg_txt_2026.zip,2026-10-08
cftc_platinum_mm_net,2010-05-11,2010-05-14,18276.0,https://www.cftc.gov/files/dea/history/fut_disagg_txt_2026.zip,2026-10-08
cftc_platinum_mm_net,2010-05-18,2010-05-21,18554.0,https://www.cftc.gov/files/dea/history/fut_disagg_txt_2026.zip,2026-10-08
cftc_platinum_mm_net,2010-05-25,2010-05-28,13119.0,https://www.cftc.gov/files/dea/history/fut_disagg_txt_2026.zip,2026-10-08
cftc_platinum_mm_net,2010-06-01,2010-06-04,13020.0,https://www.cftc.gov/files/dea/history/fut_disagg_txt_2026.zip,2026-10-08
cftc_platinum_mm_net,2010-06-08,2010-06-11,13200.0,https://www.cftc.gov/files/dea/history/fut_disagg_txt_2026.zip,2026-10-08
cftc_platinum_mm_net,2010-06-15,2010-06-18,13471.0,https://www.cftc.gov/files/dea/history/fut_disagg_txt_2026.zip,2026-10-08
cftc_platinum_mm_net,2010-06-22,2010-06-25,14140.0,https://www.cftc.gov/files/dea/history/fut_disagg_txt_2026.zip,2026-10-08
cftc_platinum_mm_net,2010-06-29,2010-07-02,13088.0,https://www.cftc.gov/files/dea/history/fut_disagg_txt_2026.zip,2026-10-08
cftc_platinum_mm_net,2010-07-06,2010-07-09,12252.0,https://www.cftc.gov/files/dea/history/fut_disagg_txt_2026.zip,2026-10-08
cftc_platinum_mm_net,2010-07-13,2010-07-16,12389.0,https://www.cftc.gov/files/dea/history/fut_disagg_txt_2026.zip,2026-10-08
cftc_platinum_mm_net,2010-07-20,2010-07-23,12722.0,https://www.cftc.gov/files/dea/history/fut_disagg_txt_2026.zip,2026-10-08
cftc_platinum_mm_net,2010-07-27,2010-07-30,14201.0,https://www.cftc.gov/files/dea/history/fut_disagg_txt_2026.zip,2026-10-08
cftc_platinum_mm_net,2010-08-03,2010-08-06,16374.0,https://www.cftc.gov/files/dea/history/fut_disagg_txt_2026.zip,2026-10-08
cftc_platinum_mm_net,2010-08-10,2010-08-13,16447.0,https://www.cftc.gov/files/dea/history/fut_disagg_txt_2026.zip,2026-10-08
cftc_platinum_mm_net,2010-08-17,2010-08-20,16044.0,https://www.cftc.gov/files/dea/history/fut_disagg_txt_2026.zip,2026-10-08
cftc_platinum_mm_net,2010-08-24,2010-08-27,14830.0,https://www.cftc.gov/files/dea/history/fut_disagg_txt_2026.zip,2026-10-08
cftc_platinum_mm_net,2010-08-31,2010-09-03,14058.0,https://www.cftc.gov/files/dea/history/fut_disagg_txt_2026.zip,2026-10-08
cftc_platinum_mm_net,2010-09-07,2010-09-10,15275.0,https://www.cftc.gov/files/dea/history/fut_disagg_txt_2026.zip,2026-10-08
cftc_platinum_mm_net,2010-09-14,2010-09-17,17574.0,https://www.cftc.gov/files/dea/history/fut_disagg_txt_2026.zip,2026-10-08
cftc_platinum_mm_net,2010-09-21,2010-09-24,20788.0,https://www.cftc.gov/files/dea/history/fut_disagg_txt_2026.zip,2026-10-08
cftc_platinum_mm_net,2010-09-28,2010-10-01,20672.0,https://www.cftc.gov/files/dea/history/fut_disagg_txt_2026.zip,2026-10-08
cftc_platinum_mm_net,2010-10-05,2010-10-08,21197.0,https://www.cftc.gov/files/dea/history/fut_disagg_txt_2026.zip,2026-10-08
cftc_platinum_mm_net,2010-10-12,2010-10-15,21855.0,https://www.cftc.gov/files/dea/history/fut_disagg_txt_2026.zip,2026-10-08
cftc_platinum_mm_net,2010-10-19,2010-10-22,22243.0,https://www.cftc.gov/files/dea/history/fut_disagg_txt_2026.zip,2026-10-08
cftc_platinum_mm_net,2010-10-26,2010-10-29,23440.0,https://www.cftc.gov/files/dea/history/fut_disagg_txt_2026.zip,2026-10-08
cftc_platinum_mm_net,2010-11-02,2010-11-05,24053.0,https://www.cftc.gov/files/dea/history/fut_disagg_txt_2026.zip,2026-10-08
cftc_platinum_mm_net,2010-11-09,2010-11-12,24029.0,https://www.cftc.gov/files/dea/history/fut_disagg_txt_2026.zip,2026-10-08
cftc_platinum_mm_net,2010-11-16,2010-11-19,19670.0,https://www.cftc.gov/files/dea/history/fut_disagg_txt_2026.zip,2026-10-08
cftc_platinum_mm_net,2010-11-23,2010-11-26,19136.0,https://www.cftc.gov/files/dea/history/fut_disagg_txt_2026.zip,2026-10-08
cftc_platinum_mm_net,2010-11-30,2010-12-03,18772.0,https://www.cftc.gov/files/dea/history/fut_disagg_txt_2026.zip,2026-10-08
cftc_platinum_mm_net,2010-12-07,2010-12-10,20325.0,https://www.cftc.gov/files/dea/history/fut_disagg_txt_2026.zip,2026-10-08
cftc_platinum_mm_net,2010-12-14,2010-12-17,19531.0,https://www.cftc.gov/files/dea/history/fut_disagg_txt_2026.zip,2026-10-08
cftc_platinum_mm_net,2010-12-21,2010-12-24,21140.0,https://www.cftc.gov/files/dea/history/fut_disagg_txt_2026.zip,2026-10-08
cftc_platinum_mm_net,2010-12-28,2010-12-31,22225.0,https://www.cftc.gov/files/dea/history/fut_disagg_txt_2026.zip,2026-10-08
cftc_platinum_mm_net,2011-01-04,2011-01-07,22868.0,https://www.cftc.gov/files/dea/history/fut_disagg_txt_2026.zip,2026-10-08
cftc_platinum_mm_net,2011-01-11,2011-01-14,22792.0,https://www.cftc.gov/files/dea/history/fut_disagg_txt_2026.zip,2026-10-08
cftc_platinum_mm_net,2011-01-18,2011-01-21,25977.0,https://www.cftc.gov/files/dea/history/fut_disagg_txt_2026.zip,2026-10-08
cftc_platinum_mm_net,2011-01-25,2011-01-28,24959.0,https://www.cftc.gov/files/dea/history/fut_disagg_txt_2026.zip,2026-10-08
cftc_platinum_mm_net,2011-02-01,2011-02-04,25812.0,https://www.cftc.gov/files/dea/history/fut_disagg_txt_2026.zip,2026-10-08
cftc_platinum_mm_net,2011-02-08,2011-02-11,26517.0,https://www.cftc.gov/files/dea/history/fut_disagg_txt_2026.zip,2026-10-08
cftc_platinum_mm_net,2011-02-15,2011-02-18,24721.0,https://www.cftc.gov/files/dea/history/fut_disagg_txt_2026.zip,2026-10-08
cftc_platinum_mm_net,2011-02-22,2011-02-25,24341.0,https://www.cftc.gov/files/dea/history/fut_disagg_txt_2026.zip,2026-10-08
cftc_platinum_mm_net,2011-03-01,2011-03-04,24626.0,https://www.cftc.gov/files/dea/history/fut_disagg_txt_2026.zip,2026-10-08
cftc_platinum_mm_net,2011-03-08,2011-03-11,24292.0,https://www.cftc.gov/files/dea/history/fut_disagg_txt_2026.zip,2026-10-08
cftc_platinum_mm_net,2011-03-15,2011-03-18,19497.0,https://www.cftc.gov/files/dea/history/fut_disagg_txt_2026.zip,2026-10-08
cftc_platinum_mm_net,2011-03-22,2011-03-25,17456.0,https://www.cftc.gov/files/dea/history/fut_disagg_txt_2026.zip,2026-10-08
cftc_platinum_mm_net,2011-03-29,2011-04-01,17877.0,https://www.cftc.gov/files/dea/history/fut_disagg_txt_2026.zip,2026-10-08
cftc_platinum_mm_net,2011-04-05,2011-04-08,19430.0,https://www.cftc.gov/files/dea/history/fut_disagg_txt_2026.zip,2026-10-08
cftc_platinum_mm_net,2011-04-12,2011-04-15,20310.0,https://www.cftc.gov/files/dea/history/fut_disagg_txt_2026.zip,2026-10-08
cftc_platinum_mm_net,2011-04-19,2011-04-22,19801.0,https://www.cftc.gov/files/dea/history/fut_disagg_txt_2026.zip,2026-10-08
cftc_platinum_mm_net,2011-04-26,2011-04-29,20940.0,https://www.cftc.gov/files/dea/history/fut_disagg_txt_2026.zip,2026-10-08
cftc_platinum_mm_net,2011-05-03,2011-05-06,23261.0,https://www.cftc.gov/files/dea/history/fut_disagg_txt_2026.zip,2026-10-08
cftc_platinum_mm_net,2011-05-10,2011-05-13,20382.0,https://www.cftc.gov/files/dea/history/fut_disagg_txt_2026.zip,2026-10-08
cftc_platinum_mm_net,2011-05-17,2011-05-20,18553.0,https://www.cftc.gov/files/dea/history/fut_disagg_txt_2026.zip,2026-10-08
cftc_platinum_mm_net,2011-05-24,2011-05-27,17482.0,https://www.cftc.gov/files/dea/history/fut_disagg_txt_2026.zip,2026-10-08
cftc_platinum_mm_net,2011-05-31,2011-06-03,18357.0,https://www.cftc.gov/files/dea/history/fut_disagg_txt_2026.zip,2026-10-08
cftc_platinum_mm_net,2011-06-07,2011-06-10,19608.0,https://www.cftc.gov/files/dea/history/fut_disagg_txt_2026.zip,2026-10-08
cftc_platinum_mm_net,2011-06-14,2011-06-17,20095.0,https://www.cftc.gov/files/dea/history/fut_disagg_txt_2026.zip,2026-10-08
cftc_platinum_mm_net,2011-06-21,2011-06-24,16470.0,https://www.cftc.gov/files/dea/history/fut_disagg_txt_2026.zip,2026-10-08
cftc_platinum_mm_net,2011-06-28,2011-07-01,13894.0,https://www.cftc.gov/files/dea/history/fut_disagg_txt_2026.zip,2026-10-08
cftc_platinum_mm_net,2011-07-05,2011-07-08,14543.0,https://www.cftc.gov/files/dea/history/fut_disagg_txt_2026.zip,2026-10-08
cftc_platinum_mm_net,2011-07-12,2011-07-15,14529.0,https://www.cftc.gov/files/dea/history/fut_disagg_txt_2026.zip,2026-10-08
cftc_platinum_mm_net,2011-07-19,2011-07-22,16122.0,https://www.cftc.gov/files/dea/history/fut_disagg_txt_2026.zip,2026-10-08
cftc_platinum_mm_net,2011-07-26,2011-07-29,18163.0,https://www.cftc.gov/files/dea/history/fut_disagg_txt_2026.zip,2026-10-08
cftc_platinum_mm_net,2011-08-02,2011-08-05,19263.0,https://www.cftc.gov/files/dea/history/fut_disagg_txt_2026.zip,2026-10-08
cftc_platinum_mm_net,2011-08-09,2011-08-12,17426.0,https://www.cftc.gov/files/dea/history/fut_disagg_txt_2026.zip,2026-10-08
cftc_platinum_mm_net,2011-08-16,2011-08-19,20360.0,https://www.cftc.gov/files/dea/history/fut_disagg_txt_2026.zip,2026-10-08
cftc_platinum_mm_net,2011-08-23,2011-08-26,22454.0,https://www.cftc.gov/files/dea/history/fut_disagg_txt_2026.zip,2026-10-08
cftc_platinum_mm_net,2011-08-30,2011-09-02,20878.0,https://www.cftc.gov/files/dea/history/fut_disagg_txt_2026.zip,2026-10-08
cftc_platinum_mm_net,2011-09-06,2011-09-09,22044.0,https://www.cftc.gov/files/dea/history/fut_disagg_txt_2026.zip,2026-10-08
cftc_platinum_mm_net,2011-09-13,2011-09-16,20474.0,https://www.cftc.gov/files/dea/history/fut_disagg_txt_2026.zip,2026-10-08
cftc_platinum_mm_net,2011-09-20,2011-09-23,16874.0,https://www.cftc.gov/files/dea/history/fut_disagg_txt_2026.zip,2026-10-08
cftc_platinum_mm_net,2011-09-27,2011-09-30,14159.0,https://www.cftc.gov/files/dea/history/fut_disagg_txt_2026.zip,2026-10-08
cftc_platinum_mm_net,2011-10-04,2011-10-07,13827.0,https://www.cftc.gov/files/dea/history/fut_disagg_txt_2026.zip,2026-10-08
cftc_platinum_mm_net,2011-10-11,2011-10-14,12596.0,https://www.cftc.gov/files/dea/history/fut_disagg_txt_2026.zip,2026-10-08
cftc_platinum_mm_net,2011-10-18,2011-10-21,13104.0,https://www.cftc.gov/files/dea/history/fut_disagg_txt_2026.zip,2026-10-08
cftc_platinum_mm_net,2011-10-25,2011-10-28,12096.0,https://www.cftc.gov/files/dea/history/fut_disagg_txt_2026.zip,2026-10-08
cftc_platinum_mm_net,2011-11-01,2011-11-04,13281.0,https://www.cftc.gov/files/dea/history/fut_disagg_txt_2026.zip,2026-10-08
cftc_platinum_mm_net,2011-11-08,2011-11-11,14318.0,https://www.cftc.gov/files/dea/history/fut_disagg_txt_2026.zip,2026-10-08
cftc_platinum_mm_net,2011-11-15,2011-11-18,14716.0,https://www.cftc.gov/files/dea/history/fut_disagg_txt_2026.zip,2026-10-08
cftc_platinum_mm_net,2011-11-22,2011-11-25,13559.0,https://www.cftc.gov/files/dea/history/fut_disagg_txt_2026.zip,2026-10-08
cftc_platinum_mm_net,2011-11-29,2011-12-02,12798.0,https://www.cftc.gov/files/dea/history/fut_disagg_txt_2026.zip,2026-10-08
cftc_platinum_mm_net,2011-12-06,2011-12-09,12428.0,https://www.cftc.gov/files/dea/history/fut_disagg_txt_2026.zip,2026-10-08
cftc_platinum_mm_net,2011-12-13,2011-12-16,11688.0,https://www.cftc.gov/files/dea/history/fut_disagg_txt_2026.zip,2026-10-08
cftc_platinum_mm_net,2011-12-20,2011-12-23,11446.0,https://www.cftc.gov/files/dea/history/fut_disagg_txt_2026.zip,2026-10-08
cftc_platinum_mm_net,2011-12-27,2011-12-30,11277.0,https://www.cftc.gov/files/dea/history/fut_disagg_txt_2026.zip,2026-10-08
cftc_platinum_mm_net,2012-01-03,2012-01-06,11750.0,https://www.cftc.gov/files/dea/history/fut_disagg_txt_2026.zip,2026-10-08
cftc_platinum_mm_net,2012-01-10,2012-01-13,12382.0,https://www.cftc.gov/files/dea/history/fut_disagg_txt_2026.zip,2026-10-08
cftc_platinum_mm_net,2012-01-17,2012-01-20,13993.0,https://www.cftc.gov/files/dea/history/fut_disagg_txt_2026.zip,2026-10-08
cftc_platinum_mm_net,2012-01-24,2012-01-27,14966.0,https://www.cftc.gov/files/dea/history/fut_disagg_txt_2026.zip,2026-10-08
cftc_platinum_mm_net,2012-01-31,2012-02-03,17353.0,https://www.cftc.gov/files/dea/history/fut_disagg_txt_2026.zip,2026-10-08
cftc_platinum_mm_net,2012-02-07,2012-02-10,18985.0,https://www.cftc.gov/files/dea/history/fut_disagg_txt_2026.zip,2026-10-08
cftc_platinum_mm_net,2012-02-14,2012-02-17,20657.0,https://www.cftc.gov/files/dea/history/fut_disagg_txt_2026.zip,2026-10-08
cftc_platinum_mm_net,2012-02-21,2012-02-24,21147.0,https://www.cftc.gov/files/dea/history/fut_disagg_txt_2026.zip,2026-10-08
cftc_platinum_mm_net,2012-02-28,2012-03-02,20752.0,https://www.cftc.gov/files/dea/history/fut_disagg_txt_2026.zip,2026-10-08
cftc_platinum_mm_net,2012-03-06,2012-03-09,20461.0,https://www.cftc.gov/files/dea/history/fut_disagg_txt_2026.zip,2026-10-08
cftc_platinum_mm_net,2012-03-13,2012-03-16,19760.0,https://www.cftc.gov/files/dea/history/fut_disagg_txt_2026.zip,2026-10-08
cftc_platinum_mm_net,2012-03-20,2012-03-23,19288.0,https://www.cftc.gov/files/dea/history/fut_disagg_txt_2026.zip,2026-10-08
cftc_platinum_mm_net,2012-03-27,2012-03-30,16293.0,https://www.cftc.gov/files/dea/history/fut_disagg_txt_2026.zip,2026-10-08
cftc_platinum_mm_net,2012-04-03,2012-04-06,17208.0,https://www.cftc.gov/files/dea/history/fut_disagg_txt_2026.zip,2026-10-08
cftc_platinum_mm_net,2012-04-10,2012-04-13,14243.0,https://www.cftc.gov/files/dea/history/fut_disagg_txt_2026.zip,2026-10-08
cftc_platinum_mm_net,2012-04-17,2012-04-20,13019.0,https://www.cftc.gov/files/dea/history/fut_disagg_txt_2026.zip,2026-10-08
cftc_platinum_mm_net,2012-04-24,2012-04-27,9932.0,https://www.cftc.gov/files/dea/history/fut_disagg_txt_2026.zip,2026-10-08
cftc_platinum_mm_net,2012-05-01,2012-05-04,11341.0,https://www.cftc.gov/files/dea/history/fut_disagg_txt_2026.zip,2026-10-08
cftc_platinum_mm_net,2012-05-08,2012-05-11,9637.0,https://www.cftc.gov/files/dea/history/fut_disagg_txt_2026.zip,2026-10-08
cftc_platinum_mm_net,2012-05-15,2012-05-18,7861.0,https://www.cftc.gov/files/dea/history/fut_disagg_txt_2026.zip,2026-10-08
cftc_platinum_mm_net,2012-05-22,2012-05-25,5829.0,https://www.cftc.gov/files/dea/history/fut_disagg_txt_2026.zip,2026-10-08
cftc_platinum_mm_net,2012-05-29,2012-06-01,6625.0,https://www.cftc.gov/files/dea/history/fut_disagg_txt_2026.zip,2026-10-08
cftc_platinum_mm_net,2012-06-05,2012-06-08,6514.0,https://www.cftc.gov/files/dea/history/fut_disagg_txt_2026.zip,2026-10-08
cftc_platinum_mm_net,2012-06-12,2012-06-15,8336.0,https://www.cftc.gov/files/dea/history/fut_disagg_txt_2026.zip,2026-10-08
cftc_platinum_mm_net,2012-06-19,2012-06-22,10017.0,https://www.cftc.gov/files/dea/history/fut_disagg_txt_2026.zip,2026-10-08
cftc_platinum_mm_net,2012-06-26,2012-06-29,10231.0,https://www.cftc.gov/files/dea/history/fut_disagg_txt_2026.zip,2026-10-08
cftc_platinum_mm_net,2012-07-03,2012-07-06,11613.0,https://www.cftc.gov/files/dea/history/fut_disagg_txt_2026.zip,2026-10-08
cftc_platinum_mm_net,2012-07-10,2012-07-13,11265.0,https://www.cftc.gov/files/dea/history/fut_disagg_txt_2026.zip,2026-10-08
cftc_platinum_mm_net,2012-07-17,2012-07-20,10002.0,https://www.cftc.gov/files/dea/history/fut_disagg_txt_2026.zip,2026-10-08
cftc_platinum_mm_net,2012-07-24,2012-07-27,9509.0,https://www.cftc.gov/files/dea/history/fut_disagg_txt_2026.zip,2026-10-08
cftc_platinum_mm_net,2012-07-31,2012-08-03,8396.0,https://www.cftc.gov/files/dea/history/fut_disagg_txt_2026.zip,2026-10-08
cftc_platinum_mm_net,2012-08-07,2012-08-10,8627.0,https://www.cftc.gov/files/dea/history/fut_disagg_txt_2026.zip,2026-10-08
cftc_platinum_mm_net,2012-08-14,2012-08-17,7032.0,https://www.cftc.gov/files/dea/history/fut_disagg_txt_2026.zip,2026-10-08
cftc_platinum_mm_net,2012-08-21,2012-08-24,14967.0,https://www.cftc.gov/files/dea/history/fut_disagg_txt_2026.zip,2026-10-08
cftc_platinum_mm_net,2012-08-28,2012-08-31,19759.0,https://www.cftc.gov/files/dea/history/fut_disagg_txt_2026.zip,2026-10-08
cftc_platinum_mm_net,2012-09-04,2012-09-07,21339.0,https://www.cftc.gov/files/dea/history/fut_disagg_txt_2026.zip,2026-10-08
cftc_platinum_mm_net,2012-09-11,2012-09-14,23671.0,https://www.cftc.gov/files/dea/history/fut_disagg_txt_2026.zip,2026-10-08
cftc_platinum_mm_net,2012-09-18,2012-09-21,27706.0,https://www.cftc.gov/files/dea/history/fut_disagg_txt_2026.zip,2026-10-08
cftc_platinum_mm_net,2012-09-25,2012-09-28,30371.0,https://www.cftc.gov/files/dea/history/fut_disagg_txt_2026.zip,2026-10-08
cftc_platinum_mm_net,2012-10-02,2012-10-05,33066.0,https://www.cftc.gov/files/dea/history/fut_disagg_txt_2026.zip,2026-10-08
cftc_platinum_mm_net,2012-10-09,2012-10-12,36380.0,https://www.cftc.gov/files/dea/history/fut_disagg_txt_2026.zip,2026-10-08
cftc_platinum_mm_net,2012-10-16,2012-10-19,37509.0,https://www.cftc.gov/files/dea/history/fut_disagg_txt_2026.zip,2026-10-08
cftc_platinum_mm_net,2012-10-23,2012-10-26,34632.0,https://www.cftc.gov/files/dea/history/fut_disagg_txt_2026.zip,2026-10-08
cftc_platinum_mm_net,2012-10-30,2012-11-02,31263.0,https://www.cftc.gov/files/dea/history/fut_disagg_txt_2026.zip,2026-10-08
cftc_platinum_mm_net,2012-11-06,2012-11-09,27670.0,https://www.cftc.gov/files/dea/history/fut_disagg_txt_2026.zip,2026-10-08
cftc_platinum_mm_net,2012-11-13,2012-11-16,25545.0,https://www.cftc.gov/files/dea/history/fut_disagg_txt_2026.zip,2026-10-08
cftc_platinum_mm_net,2012-11-20,2012-11-23,23702.0,https://www.cftc.gov/files/dea/history/fut_disagg_txt_2026.zip,2026-10-08
cftc_platinum_mm_net,2012-11-27,2012-11-30,26771.0,https://www.cftc.gov/files/dea/history/fut_disagg_txt_2026.zip,2026-10-08
cftc_platinum_mm_net,2012-12-04,2012-12-07,27952.0,https://www.cftc.gov/files/dea/history/fut_disagg_txt_2026.zip,2026-10-08
cftc_platinum_mm_net,2012-12-11,2012-12-14,31254.0,https://www.cftc.gov/files/dea/history/fut_disagg_txt_2026.zip,2026-10-08
cftc_platinum_mm_net,2012-12-18,2012-12-21,33246.0,https://www.cftc.gov/files/dea/history/fut_disagg_txt_2026.zip,2026-10-08
cftc_platinum_mm_net,2012-12-24,2012-12-27,28642.0,https://www.cftc.gov/files/dea/history/fut_disagg_txt_2026.zip,2026-10-08
cftc_platinum_mm_net,2012-12-31,2013-01-03,27494.0,https://www.cftc.gov/files/dea/history/fut_disagg_txt_2026.zip,2026-10-08
cftc_platinum_mm_net,2013-01-08,2013-01-11,28649.0,https://www.cftc.gov/files/dea/history/fut_disagg_txt_2026.zip,2026-10-08
cftc_platinum_mm_net,2013-01-15,2013-01-18,34201.0,https://www.cftc.gov/files/dea/history/fut_disagg_txt_2026.zip,2026-10-08
cftc_platinum_mm_net,2013-01-22,2013-01-25,37868.0,https://www.cftc.gov/files/dea/history/fut_disagg_txt_2026.zip,2026-10-08
cftc_platinum_mm_net,2013-01-29,2013-02-01,40108.0,https://www.cftc.gov/files/dea/history/fut_disagg_txt_2026.zip,2026-10-08
cftc_platinum_mm_net,2013-02-05,2013-02-08,40780.0,https://www.cftc.gov/files/dea/history/fut_disagg_txt_2026.zip,2026-10-08
cftc_platinum_mm_net,2013-02-12,2013-02-15,40846.0,https://www.cftc.gov/files/dea/history/fut_disagg_txt_2026.zip,2026-10-08
cftc_platinum_mm_net,2013-02-19,2013-02-22,39426.0,https://www.cftc.gov/files/dea/history/fut_disagg_txt_2026.zip,2026-10-08
cftc_platinum_mm_net,2013-02-26,2013-03-01,32361.0,https://www.cftc.gov/files/dea/history/fut_disagg_txt_2026.zip,2026-10-08
cftc_platinum_mm_net,2013-03-05,2013-03-08,30005.0,https://www.cftc.gov/files/dea/history/fut_disagg_txt_2026.zip,2026-10-08
cftc_platinum_mm_net,2013-03-12,2013-03-15,27528.0,https://www.cftc.gov/files/dea/history/fut_disagg_txt_2026.zip,2026-10-08
cftc_platinum_mm_net,2013-03-19,2013-03-22,24026.0,https://www.cftc.gov/files/dea/history/fut_disagg_txt_2026.zip,2026-10-08
cftc_platinum_mm_net,2013-03-26,2013-03-29,24222.0,https://www.cftc.gov/files/dea/history/fut_disagg_txt_2026.zip,2026-10-08
cftc_platinum_mm_net,2013-04-02,2013-04-05,24797.0,https://www.cftc.gov/files/dea/history/fut_disagg_txt_2026.zip,2026-10-08
cftc_platinum_mm_net,2013-04-09,2013-04-12,22020.0,https://www.cftc.gov/files/dea/history/fut_disagg_txt_2026.zip,2026-10-08
cftc_platinum_mm_net,2013-04-16,2013-04-19,21422.0,https://www.cftc.gov/files/dea/history/fut_disagg_txt_2026.zip,2026-10-08
cftc_platinum_mm_net,2013-04-23,2013-04-26,21037.0,https://www.cftc.gov/files/dea/history/fut_disagg_txt_2026.zip,2026-10-08
cftc_platinum_mm_net,2013-04-30,2013-05-03,23147.0,https://www.cftc.gov/files/dea/history/fut_disagg_txt_2026.zip,2026-10-08
cftc_platinum_mm_net,2013-05-07,2013-05-10,22884.0,https://www.cftc.gov/files/dea/history/fut_disagg_txt_2026.zip,2026-10-08
cftc_platinum_mm_net,2013-05-14,2013-05-17,24048.0,https://www.cftc.gov/files/dea/history/fut_disagg_txt_2026.zip,2026-10-08
cftc_platinum_mm_net,2013-05-21,2013-05-24,20677.0,https://www.cftc.gov/files/dea/history/fut_disagg_txt_2026.zip,2026-10-08
cftc_platinum_mm_net,2013-05-28,2013-05-31,19853.0,https://www.cftc.gov/files/dea/history/fut_disagg_txt_2026.zip,2026-10-08
cftc_platinum_mm_net,2013-06-04,2013-06-07,22048.0,https://www.cftc.gov/files/dea/history/fut_disagg_txt_2026.zip,2026-10-08
cftc_platinum_mm_net,2013-06-11,2013-06-14,23230.0,https://www.cftc.gov/files/dea/history/fut_disagg_txt_2026.zip,2026-10-08
cftc_platinum_mm_net,2013-06-18,2013-06-21,19880.0,https://www.cftc.gov/files/dea/history/fut_disagg_txt_2026.zip,2026-10-08
cftc_platinum_mm_net,2013-06-25,2013-06-28,18148.0,https://www.cftc.gov/files/dea/history/fut_disagg_txt_2026.zip,2026-10-08
cftc_platinum_mm_net,2013-07-02,2013-07-05,18293.0,https://www.cftc.gov/files/dea/history/fut_disagg_txt_2026.zip,2026-10-08
cftc_platinum_mm_net,2013-07-09,2013-07-12,18006.0,https://www.cftc.gov/files/dea/history/fut_disagg_txt_2026.zip,2026-10-08
cftc_platinum_mm_net,2013-07-16,2013-07-19,19290.0,https://www.cftc.gov/files/dea/history/fut_disagg_txt_2026.zip,2026-10-08
cftc_platinum_mm_net,2013-07-23,2013-07-26,20754.0,https://www.cftc.gov/files/dea/history/fut_disagg_txt_2026.zip,2026-10-08
cftc_platinum_mm_net,2013-07-30,2013-08-02,24448.0,https://www.cftc.gov/files/dea/history/fut_disagg_txt_2026.zip,2026-10-08
cftc_platinum_mm_net,2013-08-06,2013-08-09,25365.0,https://www.cftc.gov/files/dea/history/fut_disagg_txt_2026.zip,2026-10-08
cftc_platinum_mm_net,2013-08-13,2013-08-16,27629.0,https://www.cftc.gov/files/dea/history/fut_disagg_txt_2026.zip,2026-10-08
cftc_platinum_mm_net,2013-08-20,2013-08-23,30527.0,https://www.cftc.gov/files/dea/history/fut_disagg_txt_2026.zip,2026-10-08
cftc_platinum_mm_net,2013-08-27,2013-08-30,32249.0,https://www.cftc.gov/files/dea/history/fut_disagg_txt_2026.zip,2026-10-08
cftc_platinum_mm_net,2013-09-03,2013-09-06,32538.0,https://www.cftc.gov/files/dea/history/fut_disagg_txt_2026.zip,2026-10-08
cftc_platinum_mm_net,2013-09-10,2013-09-13,30708.0,https://www.cftc.gov/files/dea/history/fut_disagg_txt_2026.zip,2026-10-08
cftc_platinum_mm_net,2013-09-17,2013-09-20,26920.0,https://www.cftc.gov/files/dea/history/fut_disagg_txt_2026.zip,2026-10-08
cftc_platinum_mm_net,2013-09-24,2013-09-27,26946.0,https://www.cftc.gov/files/dea/history/fut_disagg_txt_2026.zip,2026-10-08
cftc_platinum_mm_net,2013-10-01,2013-10-04,24073.0,https://www.cftc.gov/files/dea/history/fut_disagg_txt_2026.zip,2026-10-08
cftc_platinum_mm_net,2013-10-08,2013-10-11,20736.0,https://www.cftc.gov/files/dea/history/fut_disagg_txt_2026.zip,2026-10-08
cftc_platinum_mm_net,2013-10-15,2013-10-18,19022.0,https://www.cftc.gov/files/dea/history/fut_disagg_txt_2026.zip,2026-10-08
cftc_platinum_mm_net,2013-10-22,2013-10-25,20779.0,https://www.cftc.gov/files/dea/history/fut_disagg_txt_2026.zip,2026-10-08
cftc_platinum_mm_net,2013-10-29,2013-11-01,24563.0,https://www.cftc.gov/files/dea/history/fut_disagg_txt_2026.zip,2026-10-08
cftc_platinum_mm_net,2013-11-05,2013-11-08,27728.0,https://www.cftc.gov/files/dea/history/fut_disagg_txt_2026.zip,2026-10-08
cftc_platinum_mm_net,2013-11-12,2013-11-15,27815.0,https://www.cftc.gov/files/dea/history/fut_disagg_txt_2026.zip,2026-10-08
cftc_platinum_mm_net,2013-11-19,2013-11-22,25184.0,https://www.cftc.gov/files/dea/history/fut_disagg_txt_2026.zip,2026-10-08
cftc_platinum_mm_net,2013-11-26,2013-11-29,19421.0,https://www.cftc.gov/files/dea/history/fut_disagg_txt_2026.zip,2026-10-08
cftc_platinum_mm_net,2013-12-03,2013-12-06,16330.0,https://www.cftc.gov/files/dea/history/fut_disagg_txt_2026.zip,2026-10-08
cftc_platinum_mm_net,2013-12-10,2013-12-13,16283.0,https://www.cftc.gov/files/dea/history/fut_disagg_txt_2026.zip,2026-10-08
cftc_platinum_mm_net,2013-12-17,2013-12-20,14364.0,https://www.cftc.gov/files/dea/history/fut_disagg_txt_2026.zip,2026-10-08
cftc_platinum_mm_net,2013-12-24,2013-12-27,12896.0,https://www.cftc.gov/files/dea/history/fut_disagg_txt_2026.zip,2026-10-08
cftc_platinum_mm_net,2013-12-31,2014-01-03,14388.0,https://www.cftc.gov/files/dea/history/fut_disagg_txt_2026.zip,2026-10-08
cftc_platinum_mm_net,2014-01-07,2014-01-10,18611.0,https://www.cftc.gov/files/dea/history/fut_disagg_txt_2026.zip,2026-10-08
cftc_platinum_mm_net,2014-01-14,2014-01-17,22605.0,https://www.cftc.gov/files/dea/history/fut_disagg_txt_2026.zip,2026-10-08
cftc_platinum_mm_net,2014-01-21,2014-01-24,24230.0,https://www.cftc.gov/files/dea/history/fut_disagg_txt_2026.zip,2026-10-08
cftc_platinum_mm_net,2014-01-28,2014-01-31,26458.0,https://www.cftc.gov/files/dea/history/fut_disagg_txt_2026.zip,2026-10-08
cftc_platinum_mm_net,2014-02-04,2014-02-07,23060.0,https://www.cftc.gov/files/dea/history/fut_disagg_txt_2026.zip,2026-10-08
cftc_platinum_mm_net,2014-02-11,2014-02-14,21595.0,https://www.cftc.gov/files/dea/history/fut_disagg_txt_2026.zip,2026-10-08
cftc_platinum_mm_net,2014-02-18,2014-02-21,23383.0,https://www.cftc.gov/files/dea/history/fut_disagg_txt_2026.zip,2026-10-08
cftc_platinum_mm_net,2014-02-25,2014-02-28,23978.0,https://www.cftc.gov/files/dea/history/fut_disagg_txt_2026.zip,2026-10-08
cftc_platinum_mm_net,2014-03-04,2014-03-07,28721.0,https://www.cftc.gov/files/dea/history/fut_disagg_txt_2026.zip,2026-10-08
cftc_platinum_mm_net,2014-03-11,2014-03-14,32840.0,https://www.cftc.gov/files/dea/history/fut_disagg_txt_2026.zip,2026-10-08
cftc_platinum_mm_net,2014-03-18,2014-03-21,33046.0,https://www.cftc.gov/files/dea/history/fut_disagg_txt_2026.zip,2026-10-08
cftc_platinum_mm_net,2014-03-25,2014-03-28,32267.0,https://www.cftc.gov/files/dea/history/fut_disagg_txt_2026.zip,2026-10-08
cftc_platinum_mm_net,2014-04-01,2014-04-04,29254.0,https://www.cftc.gov/files/dea/history/fut_disagg_txt_2026.zip,2026-10-08
cftc_platinum_mm_net,2014-04-08,2014-04-11,31097.0,https://www.cftc.gov/files/dea/history/fut_disagg_txt_2026.zip,2026-10-08
cftc_platinum_mm_net,2014-04-15,2014-04-18,32215.0,https://www.cftc.gov/files/dea/history/fut_disagg_txt_2026.zip,2026-10-08
cftc_platinum_mm_net,2014-04-22,2014-04-25,29415.0,https://www.cftc.gov/files/dea/history/fut_disagg_txt_2026.zip,2026-10-08
cftc_platinum_mm_net,2014-04-29,2014-05-02,28107.0,https://www.cftc.gov/files/dea/history/fut_disagg_txt_2026.zip,2026-10-08
cftc_platinum_mm_net,2014-05-06,2014-05-09,32354.0,https://www.cftc.gov/files/dea/history/fut_disagg_txt_2026.zip,2026-10-08
cftc_platinum_mm_net,2014-05-13,2014-05-16,33953.0,https://www.cftc.gov/files/dea/history/fut_disagg_txt_2026.zip,2026-10-08
cftc_platinum_mm_net,2014-05-20,2014-05-23,37665.0,https://www.cftc.gov/files/dea/history/fut_disagg_txt_2026.zip,2026-10-08
cftc_platinum_mm_net,2014-05-27,2014-05-30,37410.0,https://www.cftc.gov/files/dea/history/fut_disagg_txt_2026.zip,2026-10-08
cftc_platinum_mm_net,2014-06-03,2014-06-06,37802.0,https://www.cftc.gov/files/dea/history/fut_disagg_txt_2026.zip,2026-10-08
cftc_platinum_mm_net,2014-06-10,2014-06-13,36705.0,https://www.cftc.gov/files/dea/history/fut_disagg_txt_2026.zip,2026-10-08
cftc_platinum_mm_net,2014-06-17,2014-06-20,33159.0,https://www.cftc.gov/files/dea/history/fut_disagg_txt_2026.zip,2026-10-08
cftc_platinum_mm_net,2014-06-24,2014-06-27,34387.0,https://www.cftc.gov/files/dea/history/fut_disagg_txt_2026.zip,2026-10-08
cftc_platinum_mm_net,2014-07-01,2014-07-04,40013.0,https://www.cftc.gov/files/dea/history/fut_disagg_txt_2026.zip,2026-10-08
cftc_platinum_mm_net,2014-07-08,2014-07-11,42109.0,https://www.cftc.gov/files/dea/history/fut_disagg_txt_2026.zip,2026-10-08
cftc_platinum_mm_net,2014-07-15,2014-07-18,40788.0,https://www.cftc.gov/files/dea/history/fut_disagg_txt_2026.zip,2026-10-08
cftc_platinum_mm_net,2014-07-22,2014-07-25,40580.0,https://www.cftc.gov/files/dea/history/fut_disagg_txt_2026.zip,2026-10-08
cftc_platinum_mm_net,2014-07-29,2014-08-01,41227.0,https://www.cftc.gov/files/dea/history/fut_disagg_txt_2026.zip,2026-10-08
cftc_platinum_mm_net,2014-08-05,2014-08-08,37359.0,https://www.cftc.gov/files/dea/history/fut_disagg_txt_2026.zip,2026-10-08
cftc_platinum_mm_net,2014-08-12,2014-08-15,38489.0,https://www.cftc.gov/files/dea/history/fut_disagg_txt_2026.zip,2026-10-08
cftc_platinum_mm_net,2014-08-19,2014-08-22,34271.0,https://www.cftc.gov/files/dea/history/fut_disagg_txt_2026.zip,2026-10-08
cftc_platinum_mm_net,2014-08-26,2014-08-29,28874.0,https://www.cftc.gov/files/dea/history/fut_disagg_txt_2026.zip,2026-10-08
cftc_platinum_mm_net,2014-09-02,2014-09-05,29847.0,https://www.cftc.gov/files/dea/history/fut_disagg_txt_2026.zip,2026-10-08
cftc_platinum_mm_net,2014-09-09,2014-09-12,27404.0,https://www.cftc.gov/files/dea/history/fut_disagg_txt_2026.zip,2026-10-08
cftc_platinum_mm_net,2014-09-16,2014-09-19,22696.0,https://www.cftc.gov/files/dea/history/fut_disagg_txt_2026.zip,2026-10-08
cftc_platinum_mm_net,2014-09-23,2014-09-26,16585.0,https://www.cftc.gov/files/dea/history/fut_disagg_txt_2026.zip,2026-10-08
cftc_platinum_mm_net,2014-09-30,2014-10-03,13085.0,https://www.cftc.gov/files/dea/history/fut_disagg_txt_2026.zip,2026-10-08
cftc_platinum_mm_net,2014-10-07,2014-10-10,16598.0,https://www.cftc.gov/files/dea/history/fut_disagg_txt_2026.zip,2026-10-08
cftc_platinum_mm_net,2014-10-14,2014-10-17,16715.0,https://www.cftc.gov/files/dea/history/fut_disagg_txt_2026.zip,2026-10-08
cftc_platinum_mm_net,2014-10-21,2014-10-24,14443.0,https://www.cftc.gov/files/dea/history/fut_disagg_txt_2026.zip,2026-10-08
cftc_platinum_mm_net,2014-10-28,2014-10-31,12717.0,https://www.cftc.gov/files/dea/history/fut_disagg_txt_2026.zip,2026-10-08
cftc_platinum_mm_net,2014-11-04,2014-11-07,13531.0,https://www.cftc.gov/files/dea/history/fut_disagg_txt_2026.zip,2026-10-08
cftc_platinum_mm_net,2014-11-11,2014-11-14,14993.0,https://www.cftc.gov/files/dea/history/fut_disagg_txt_2026.zip,2026-10-08
cftc_platinum_mm_net,2014-11-18,2014-11-21,12060.0,https://www.cftc.gov/files/dea/history/fut_disagg_txt_2026.zip,2026-10-08
cftc_platinum_mm_net,2014-11-25,2014-11-28,14082.0,https://www.cftc.gov/files/dea/history/fut_disagg_txt_2026.zip,2026-10-08
cftc_platinum_mm_net,2014-12-02,2014-12-05,17597.0,https://www.cftc.gov/files/dea/history/fut_disagg_txt_2026.zip,2026-10-08
cftc_platinum_mm_net,2014-12-09,2014-12-12,18941.0,https://www.cftc.gov/files/dea/history/fut_disagg_txt_2026.zip,2026-10-08
cftc_platinum_mm_net,2014-12-16,2014-12-19,16703.0,https://www.cftc.gov/files/dea/history/fut_disagg_txt_2026.zip,2026-10-08
cftc_platinum_mm_net,2014-12-23,2014-12-26,16027.0,https://www.cftc.gov/files/dea/history/fut_disagg_txt_2026.zip,2026-10-08
cftc_platinum_mm_net,2014-12-30,2015-01-02,17132.0,https://www.cftc.gov/files/dea/history/fut_disagg_txt_2026.zip,2026-10-08
cftc_platinum_mm_net,2015-01-06,2015-01-09,16398.0,https://www.cftc.gov/files/dea/history/fut_disagg_txt_2026.zip,2026-10-08
cftc_platinum_mm_net,2015-01-13,2015-01-16,18574.0,https://www.cftc.gov/files/dea/history/fut_disagg_txt_2026.zip,2026-10-08
cftc_platinum_mm_net,2015-01-20,2015-01-23,22660.0,https://www.cftc.gov/files/dea/history/fut_disagg_txt_2026.zip,2026-10-08
cftc_platinum_mm_net,2015-01-27,2015-01-30,23940.0,https://www.cftc.gov/files/dea/history/fut_disagg_txt_2026.zip,2026-10-08
cftc_platinum_mm_net,2015-02-03,2015-02-06,21991.0,https://www.cftc.gov/files/dea/history/fut_disagg_txt_2026.zip,2026-10-08
cftc_platinum_mm_net,2015-02-10,2015-02-13,20908.0,https://www.cftc.gov/files/dea/history/fut_disagg_txt_2026.zip,2026-10-08
cftc_platinum_mm_net,2015-02-17,2015-02-20,17377.0,https://www.cftc.gov/files/dea/history/fut_disagg_txt_2026.zip,2026-10-08
cftc_platinum_mm_net,2015-02-24,2015-02-27,14043.0,https://www.cftc.gov/files/dea/history/fut_disagg_txt_2026.zip,2026-10-08
cftc_platinum_mm_net,2015-03-03,2015-03-06,15523.0,https://www.cftc.gov/files/dea/history/fut_disagg_txt_2026.zip,2026-10-08
cftc_platinum_mm_net,2015-03-10,2015-03-13,15085.0,https://www.cftc.gov/files/dea/history/fut_disagg_txt_2026.zip,2026-10-08
cftc_platinum_mm_net,2015-03-17,2015-03-20,11748.0,https://www.cftc.gov/files/dea/history/fut_disagg_txt_2026.zip,2026-10-08
cftc_platinum_mm_net,2015-03-24,2015-03-27,10696.0,https://www.cftc.gov/files/dea/history/fut_disagg_txt_2026.zip,2026-10-08
cftc_platinum_mm_net,2015-03-31,2015-04-03,14579.0,https://www.cftc.gov/files/dea/history/fut_disagg_txt_2026.zip,2026-10-08
cftc_platinum_mm_net,2015-04-07,2015-04-10,17132.0,https://www.cftc.gov/files/dea/history/fut_disagg_txt_2026.zip,2026-10-08
cftc_platinum_mm_net,2015-04-14,2015-04-17,16035.0,https://www.cftc.gov/files/dea/history/fut_disagg_txt_2026.zip,2026-10-08
cftc_platinum_mm_net,2015-04-21,2015-04-24,14194.0,https://www.cftc.gov/files/dea/history/fut_disagg_txt_2026.zip,2026-10-08
cftc_platinum_mm_net,2015-04-28,2015-05-01,12641.0,https://www.cftc.gov/files/dea/history/fut_disagg_txt_2026.zip,2026-10-08
cftc_platinum_mm_net,2015-05-05,2015-05-08,15010.0,https://www.cftc.gov/files/dea/history/fut_disagg_txt_2026.zip,2026-10-08
cftc_platinum_mm_net,2015-05-12,2015-05-15,14485.0,https://www.cftc.gov/files/dea/history/fut_disagg_txt_2026.zip,2026-10-08
cftc_platinum_mm_net,2015-05-19,2015-05-22,19442.0,https://www.cftc.gov/files/dea/history/fut_disagg_txt_2026.zip,2026-10-08
cftc_platinum_mm_net,2015-05-26,2015-05-29,17890.0,https://www.cftc.gov/files/dea/history/fut_disagg_txt_2026.zip,2026-10-08
cftc_platinum_mm_net,2015-06-02,2015-06-05,12423.0,https://www.cftc.gov/files/dea/history/fut_disagg_txt_2026.zip,2026-10-08
cftc_platinum_mm_net,2015-06-09,2015-06-12,10395.0,https://www.cftc.gov/files/dea/history/fut_disagg_txt_2026.zip,2026-10-08
cftc_platinum_mm_net,2015-06-16,2015-06-19,10121.0,https://www.cftc.gov/files/dea/history/fut_disagg_txt_2026.zip,2026-10-08
cftc_platinum_mm_net,2015-06-23,2015-06-26,6578.0,https://www.cftc.gov/files/dea/history/fut_disagg_txt_2026.zip,2026-10-08
cftc_platinum_mm_net,2015-06-30,2015-07-03,8813.0,https://www.cftc.gov/files/dea/history/fut_disagg_txt_2026.zip,2026-10-08
cftc_platinum_mm_net,2015-07-07,2015-07-10,9206.0,https://www.cftc.gov/files/dea/history/fut_disagg_txt_2026.zip,2026-10-08
cftc_platinum_mm_net,2015-07-14,2015-07-17,6990.0,https://www.cftc.gov/files/dea/history/fut_disagg_txt_2026.zip,2026-10-08
cftc_platinum_mm_net,2015-07-21,2015-07-24,6222.0,https://www.cftc.gov/files/dea/history/fut_disagg_txt_2026.zip,2026-10-08
cftc_platinum_mm_net,2015-07-28,2015-07-31,6680.0,https://www.cftc.gov/files/dea/history/fut_disagg_txt_2026.zip,2026-10-08
cftc_platinum_mm_net,2015-08-04,2015-08-07,6374.0,https://www.cftc.gov/files/dea/history/fut_disagg_txt_2026.zip,2026-10-08
cftc_platinum_mm_net,2015-08-11,2015-08-14,6575.0,https://www.cftc.gov/files/dea/history/fut_disagg_txt_2026.zip,2026-10-08
cftc_platinum_mm_net,2015-08-18,2015-08-21,8453.0,https://www.cftc.gov/files/dea/history/fut_disagg_txt_2026.zip,2026-10-08
cftc_platinum_mm_net,2015-08-25,2015-08-28,8975.0,https://www.cftc.gov/files/dea/history/fut_disagg_txt_2026.zip,2026-10-08
cftc_platinum_mm_net,2015-09-01,2015-09-04,10669.0,https://www.cftc.gov/files/dea/history/fut_disagg_txt_2026.zip,2026-10-08
cftc_platinum_mm_net,2015-09-08,2015-09-11,11841.0,https://www.cftc.gov/files/dea/history/fut_disagg_txt_2026.zip,2026-10-08
cftc_platinum_mm_net,2015-09-15,2015-09-18,10231.0,https://www.cftc.gov/files/dea/history/fut_disagg_txt_2026.zip,2026-10-08
cftc_platinum_mm_net,2015-09-22,2015-09-25,10899.0,https://www.cftc.gov/files/dea/history/fut_disagg_txt_2026.zip,2026-10-08
cftc_platinum_mm_net,2015-09-29,2015-10-02,8603.0,https://www.cftc.gov/files/dea/history/fut_disagg_txt_2026.zip,2026-10-08
cftc_platinum_mm_net,2015-10-06,2015-10-09,8681.0,https://www.cftc.gov/files/dea/history/fut_disagg_txt_2026.zip,2026-10-08
cftc_platinum_mm_net,2015-10-13,2015-10-16,15939.0,https://www.cftc.gov/files/dea/history/fut_disagg_txt_2026.zip,2026-10-08
cftc_platinum_mm_net,2015-10-20,2015-10-23,18978.0,https://www.cftc.gov/files/dea/history/fut_disagg_txt_2026.zip,2026-10-08
cftc_platinum_mm_net,2015-10-27,2015-10-30,22299.0,https://www.cftc.gov/files/dea/history/fut_disagg_txt_2026.zip,2026-10-08
cftc_platinum_mm_net,2015-11-03,2015-11-06,23545.0,https://www.cftc.gov/files/dea/history/fut_disagg_txt_2026.zip,2026-10-08
cftc_platinum_mm_net,2015-11-10,2015-11-13,18889.0,https://www.cftc.gov/files/dea/history/fut_disagg_txt_2026.zip,2026-10-08
cftc_platinum_mm_net,2015-11-17,2015-11-20,9183.0,https://www.cftc.gov/files/dea/history/fut_disagg_txt_2026.zip,2026-10-08
cftc_platinum_mm_net,2015-11-24,2015-11-27,4856.0,https://www.cftc.gov/files/dea/history/fut_disagg_txt_2026.zip,2026-10-08
cftc_platinum_mm_net,2015-12-01,2015-12-04,4873.0,https://www.cftc.gov/files/dea/history/fut_disagg_txt_2026.zip,2026-10-08
cftc_platinum_mm_net,2015-12-08,2015-12-11,5819.0,https://www.cftc.gov/files/dea/history/fut_disagg_txt_2026.zip,2026-10-08
cftc_platinum_mm_net,2015-12-15,2015-12-18,5638.0,https://www.cftc.gov/files/dea/history/fut_disagg_txt_2026.zip,2026-10-08
cftc_platinum_mm_net,2015-12-22,2015-12-25,8052.0,https://www.cftc.gov/files/dea/history/fut_disagg_txt_2026.zip,2026-10-08
cftc_platinum_mm_net,2015-12-29,2016-01-01,8902.0,https://www.cftc.gov/files/dea/history/fut_disagg_txt_2026.zip,2026-10-08
cftc_platinum_mm_net,2016-01-05,2016-01-08,10406.0,https://www.cftc.gov/files/dea/history/fut_disagg_txt_2026.zip,2026-10-08
cftc_platinum_mm_net,2016-01-12,2016-01-15,9223.0,https://www.cftc.gov/files/dea/history/fut_disagg_txt_2026.zip,2026-10-08
cftc_platinum_mm_net,2016-01-19,2016-01-22,6018.0,https://www.cftc.gov/files/dea/history/fut_disagg_txt_2026.zip,2026-10-08
cftc_platinum_mm_net,2016-01-26,2016-01-29,7292.0,https://www.cftc.gov/files/dea/history/fut_disagg_txt_2026.zip,2026-10-08
cftc_platinum_mm_net,2016-02-02,2016-02-05,8177.0,https://www.cftc.gov/files/dea/history/fut_disagg_txt_2026.zip,2026-10-08
cftc_platinum_mm_net,2016-02-09,2016-02-12,14145.0,https://www.cftc.gov/files/dea/history/fut_disagg_txt_2026.zip,2026-10-08
cftc_platinum_mm_net,2016-02-16,2016-02-19,17468.0,https://www.cftc.gov/files/dea/history/fut_disagg_txt_2026.zip,2026-10-08
cftc_platinum_mm_net,2016-02-23,2016-02-26,18253.0,https://www.cftc.gov/files/dea/history/fut_disagg_txt_2026.zip,2026-10-08
cftc_platinum_mm_net,2016-03-01,2016-03-04,19815.0,https://www.cftc.gov/files/dea/history/fut_disagg_txt_2026.zip,2026-10-08
cftc_platinum_mm_net,2016-03-08,2016-03-11,18280.0,https://www.cftc.gov/files/dea/history/fut_disagg_txt_2026.zip,2026-10-08
cftc_platinum_mm_net,2016-03-15,2016-03-18,16854.0,https://www.cftc.gov/files/dea/history/fut_disagg_txt_2026.zip,2026-10-08
cftc_platinum_mm_net,2016-03-22,2016-03-25,16927.0,https://www.cftc.gov/files/dea/history/fut_disagg_txt_2026.zip,2026-10-08
cftc_platinum_mm_net,2016-03-29,2016-04-01,14729.0,https://www.cftc.gov/files/dea/history/fut_disagg_txt_2026.zip,2026-10-08
cftc_platinum_mm_net,2016-04-05,2016-04-08,14656.0,https://www.cftc.gov/files/dea/history/fut_disagg_txt_2026.zip,2026-10-08
cftc_platinum_mm_net,2016-04-12,2016-04-15,16425.0,https://www.cftc.gov/files/dea/history/fut_disagg_txt_2026.zip,2026-10-08
cftc_platinum_mm_net,2016-04-19,2016-04-22,17586.0,https://www.cftc.gov/files/dea/history/fut_disagg_txt_2026.zip,2026-10-08
cftc_platinum_mm_net,2016-04-26,2016-04-29,21076.0,https://www.cftc.gov/files/dea/history/fut_disagg_txt_2026.zip,2026-10-08
cftc_platinum_mm_net,2016-05-03,2016-05-06,24030.0,https://www.cftc.gov/files/dea/history/fut_disagg_txt_2026.zip,2026-10-08
cftc_platinum_mm_net,2016-05-10,2016-05-13,24035.0,https://www.cftc.gov/files/dea/history/fut_disagg_txt_2026.zip,2026-10-08
cftc_platinum_mm_net,2016-05-17,2016-05-20,24646.0,https://www.cftc.gov/files/dea/history/fut_disagg_txt_2026.zip,2026-10-08
cftc_platinum_mm_net,2016-05-24,2016-05-27,23086.0,https://www.cftc.gov/files/dea/history/fut_disagg_txt_2026.zip,2026-10-08
cftc_platinum_mm_net,2016-05-31,2016-06-03,18047.0,https://www.cftc.gov/files/dea/history/fut_disagg_txt_2026.zip,2026-10-08
cftc_platinum_mm_net,2016-06-07,2016-06-10,17533.0,https://www.cftc.gov/files/dea/history/fut_disagg_txt_2026.zip,2026-10-08
cftc_platinum_mm_net,2016-06-14,2016-06-17,16046.0,https://www.cftc.gov/files/dea/history/fut_disagg_txt_2026.zip,2026-10-08
cftc_platinum_mm_net,2016-06-21,2016-06-24,15046.0,https://www.cftc.gov/files/dea/history/fut_disagg_txt_2026.zip,2026-10-08
cftc_platinum_mm_net,2016-06-28,2016-07-01,13536.0,https://www.cftc.gov/files/dea/history/fut_disagg_txt_2026.zip,2026-10-08
cftc_platinum_mm_net,2016-07-05,2016-07-08,19845.0,https://www.cftc.gov/files/dea/history/fut_disagg_txt_2026.zip,2026-10-08
cftc_platinum_mm_net,2016-07-12,2016-07-15,25377.0,https://www.cftc.gov/files/dea/history/fut_disagg_txt_2026.zip,2026-10-08
cftc_platinum_mm_net,2016-07-19,2016-07-22,30074.0,https://www.cftc.gov/files/dea/history/fut_disagg_txt_2026.zip,2026-10-08
cftc_platinum_mm_net,2016-07-26,2016-07-29,36852.0,https://www.cftc.gov/files/dea/history/fut_disagg_txt_2026.zip,2026-10-08
cftc_platinum_mm_net,2016-08-02,2016-08-05,39940.0,https://www.cftc.gov/files/dea/history/fut_disagg_txt_2026.zip,2026-10-08
cftc_platinum_mm_net,2016-08-09,2016-08-12,42346.0,https://www.cftc.gov/files/dea/history/fut_disagg_txt_2026.zip,2026-10-08
cftc_platinum_mm_net,2016-08-16,2016-08-19,39944.0,https://www.cftc.gov/files/dea/history/fut_disagg_txt_2026.zip,2026-10-08
cftc_platinum_mm_net,2016-08-23,2016-08-26,39493.0,https://www.cftc.gov/files/dea/history/fut_disagg_txt_2026.zip,2026-10-08
cftc_platinum_mm_net,2016-08-30,2016-09-02,33227.0,https://www.cftc.gov/files/dea/history/fut_disagg_txt_2026.zip,2026-10-08
cftc_platinum_mm_net,2016-09-06,2016-09-09,29813.0,https://www.cftc.gov/files/dea/history/fut_disagg_txt_2026.zip,2026-10-08
cftc_platinum_mm_net,2016-09-13,2016-09-16,25325.0,https://www.cftc.gov/files/dea/history/fut_disagg_txt_2026.zip,2026-10-08
cftc_platinum_mm_net,2016-09-20,2016-09-23,22486.0,https://www.cftc.gov/files/dea/history/fut_disagg_txt_2026.zip,2026-10-08
cftc_platinum_mm_net,2016-09-27,2016-09-30,21179.0,https://www.cftc.gov/files/dea/history/fut_disagg_txt_2026.zip,2026-10-08
cftc_platinum_mm_net,2016-10-04,2016-10-07,17347.0,https://www.cftc.gov/files/dea/history/fut_disagg_txt_2026.zip,2026-10-08
cftc_platinum_mm_net,2016-10-11,2016-10-14,11316.0,https://www.cftc.gov/files/dea/history/fut_disagg_txt_2026.zip,2026-10-08
cftc_platinum_mm_net,2016-10-18,2016-10-21,6503.0,https://www.cftc.gov/files/dea/history/fut_disagg_txt_2026.zip,2026-10-08
cftc_platinum_mm_net,2016-10-25,2016-10-28,4828.0,https://www.cftc.gov/files/dea/history/fut_disagg_txt_2026.zip,2026-10-08
cftc_platinum_mm_net,2016-11-01,2016-11-04,8013.0,https://www.cftc.gov/files/dea/history/fut_disagg_txt_2026.zip,2026-10-08
cftc_platinum_mm_net,2016-11-08,2016-11-11,15691.0,https://www.cftc.gov/files/dea/history/fut_disagg_txt_2026.zip,2026-10-08
cftc_platinum_mm_net,2016-11-15,2016-11-18,10580.0,https://www.cftc.gov/files/dea/history/fut_disagg_txt_2026.zip,2026-10-08
cftc_platinum_mm_net,2016-11-22,2016-11-25,8773.0,https://www.cftc.gov/files/dea/history/fut_disagg_txt_2026.zip,2026-10-08
cftc_platinum_mm_net,2016-11-29,2016-12-02,6679.0,https://www.cftc.gov/files/dea/history/fut_disagg_txt_2026.zip,2026-10-08
cftc_platinum_mm_net,2016-12-06,2016-12-09,9037.0,https://www.cftc.gov/files/dea/history/fut_disagg_txt_2026.zip,2026-10-08
cftc_platinum_mm_net,2016-12-13,2016-12-16,10250.0,https://www.cftc.gov/files/dea/history/fut_disagg_txt_2026.zip,2026-10-08
cftc_platinum_mm_net,2016-12-20,2016-12-23,11150.0,https://www.cftc.gov/files/dea/history/fut_disagg_txt_2026.zip,2026-10-08
cftc_platinum_mm_net,2016-12-27,2016-12-30,9188.0,https://www.cftc.gov/files/dea/history/fut_disagg_txt_2026.zip,2026-10-08
cftc_platinum_mm_net,2017-01-03,2017-01-06,8225.0,https://www.cftc.gov/files/dea/history/fut_disagg_txt_2026.zip,2026-10-08
cftc_platinum_mm_net,2017-01-10,2017-01-13,15037.0,https://www.cftc.gov/files/dea/history/fut_disagg_txt_2026.zip,2026-10-08
cftc_platinum_mm_net,2017-01-17,2017-01-20,17532.0,https://www.cftc.gov/files/dea/history/fut_disagg_txt_2026.zip,2026-10-08
cftc_platinum_mm_net,2017-01-24,2017-01-27,22688.0,https://www.cftc.gov/files/dea/history/fut_disagg_txt_2026.zip,2026-10-08
cftc_platinum_mm_net,2017-01-31,2017-02-03,25285.0,https://www.cftc.gov/files/dea/history/fut_disagg_txt_2026.zip,2026-10-08
cftc_platinum_mm_net,2017-02-07,2017-02-10,26710.0,https://www.cftc.gov/files/dea/history/fut_disagg_txt_2026.zip,2026-10-08
cftc_platinum_mm_net,2017-02-14,2017-02-17,26226.0,https://www.cftc.gov/files/dea/history/fut_disagg_txt_2026.zip,2026-10-08
cftc_platinum_mm_net,2017-02-21,2017-02-24,25726.0,https://www.cftc.gov/files/dea/history/fut_disagg_txt_2026.zip,2026-10-08
cftc_platinum_mm_net,2017-02-28,2017-03-03,30347.0,https://www.cftc.gov/files/dea/history/fut_disagg_txt_2026.zip,2026-10-08
cftc_platinum_mm_net,2017-03-07,2017-03-10,24478.0,https://www.cftc.gov/files/dea/history/fut_disagg_txt_2026.zip,2026-10-08
cftc_platinum_mm_net,2017-03-14,2017-03-17,13087.0,https://www.cftc.gov/files/dea/history/fut_disagg_txt_2026.zip,2026-10-08
cftc_platinum_mm_net,2017-03-21,2017-03-24,10383.0,https://www.cftc.gov/files/dea/history/fut_disagg_txt_2026.zip,2026-10-08
cftc_platinum_mm_net,2017-03-28,2017-03-31,8147.0,https://www.cftc.gov/files/dea/history/fut_disagg_txt_2026.zip,2026-10-08
cftc_platinum_mm_net,2017-04-04,2017-04-07,6445.0,https://www.cftc.gov/files/dea/history/fut_disagg_txt_2026.zip,2026-10-08
cftc_platinum_mm_net,2017-04-11,2017-04-14,4739.0,https://www.cftc.gov/files/dea/history/fut_disagg_txt_2026.zip,2026-10-08
cftc_platinum_mm_net,2017-04-18,2017-04-21,8082.0,https://www.cftc.gov/files/dea/history/fut_disagg_txt_2026.zip,2026-10-08
cftc_platinum_mm_net,2017-04-25,2017-04-28,6566.0,https://www.cftc.gov/files/dea/history/fut_disagg_txt_2026.zip,2026-10-08
cftc_platinum_mm_net,2017-05-02,2017-05-05,-4379.0,https://www.cftc.gov/files/dea/history/fut_disagg_txt_2026.zip,2026-10-08
cftc_platinum_mm_net,2017-05-09,2017-05-12,-10780.0,https://www.cftc.gov/files/dea/history/fut_disagg_txt_2026.zip,2026-10-08
cftc_platinum_mm_net,2017-05-16,2017-05-19,-8590.0,https://www.cftc.gov/files/dea/history/fut_disagg_txt_2026.zip,2026-10-08
cftc_platinum_mm_net,2017-05-23,2017-05-26,-4571.0,https://www.cftc.gov/files/dea/history/fut_disagg_txt_2026.zip,2026-10-08
cftc_platinum_mm_net,2017-05-30,2017-06-02,-2277.0,https://www.cftc.gov/files/dea/history/fut_disagg_txt_2026.zip,2026-10-08
cftc_platinum_mm_net,2017-06-06,2017-06-09,-505.0,https://www.cftc.gov/files/dea/history/fut_disagg_txt_2026.zip,2026-10-08
cftc_platinum_mm_net,2017-06-13,2017-06-16,-6926.0,https://www.cftc.gov/files/dea/history/fut_disagg_txt_2026.zip,2026-10-08
cftc_platinum_mm_net,2017-06-20,2017-06-23,-7840.0,https://www.cftc.gov/files/dea/history/fut_disagg_txt_2026.zip,2026-10-08
cftc_platinum_mm_net,2017-06-27,2017-06-30,-9893.0,https://www.cftc.gov/files/dea/history/fut_disagg_txt_2026.zip,2026-10-08
cftc_platinum_mm_net,2017-07-03,2017-07-06,-11981.0,https://www.cftc.gov/files/dea/history/fut_disagg_txt_2026.zip,2026-10-08
cftc_platinum_mm_net,2017-07-11,2017-07-14,-13115.0,https://www.cftc.gov/files/dea/history/fut_disagg_txt_2026.zip,2026-10-08
cftc_platinum_mm_net,2017-07-18,2017-07-21,-10240.0,https://www.cftc.gov/files/dea/history/fut_disagg_txt_2026.zip,2026-10-08
cftc_platinum_mm_net,2017-07-25,2017-07-28,-7895.0,https://www.cftc.gov/files/dea/history/fut_disagg_txt_2026.zip,2026-10-08
cftc_platinum_mm_net,2017-08-01,2017-08-04,-5032.0,https://www.cftc.gov/files/dea/history/fut_disagg_txt_2026.zip,2026-10-08
cftc_platinum_mm_net,2017-08-08,2017-08-11,7383.0,https://www.cftc.gov/files/dea/history/fut_disagg_txt_2026.zip,2026-10-08
cftc_platinum_mm_net,2017-08-15,2017-08-18,12948.0,https://www.cftc.gov/files/dea/history/fut_disagg_txt_2026.zip,2026-10-08
cftc_platinum_mm_net,2017-08-22,2017-08-25,17489.0,https://www.cftc.gov/files/dea/history/fut_disagg_txt_2026.zip,2026-10-08
cftc_platinum_mm_net,2017-08-29,2017-09-01,20501.0,https://www.cftc.gov/files/dea/history/fut_disagg_txt_2026.zip,2026-10-08
cftc_platinum_mm_net,2017-09-05,2017-09-08,23079.0,https://www.cftc.gov/files/dea/history/fut_disagg_txt_2026.zip,2026-10-08
cftc_platinum_mm_net,2017-09-12,2017-09-15,25128.0,https://www.cftc.gov/files/dea/history/fut_disagg_txt_2026.zip,2026-10-08
cftc_platinum_mm_net,2017-09-19,2017-09-22,18688.0,https://www.cftc.gov/files/dea/history/fut_disagg_txt_2026.zip,2026-10-08
cftc_platinum_mm_net,2017-09-26,2017-09-29,7600.0,https://www.cftc.gov/files/dea/history/fut_disagg_txt_2026.zip,2026-10-08
cftc_platinum_mm_net,2017-10-03,2017-10-06,2071.0,https://www.cftc.gov/files/dea/history/fut_disagg_txt_2026.zip,2026-10-08
cftc_platinum_mm_net,2017-10-10,2017-10-13,-1533.0,https://www.cftc.gov/files/dea/history/fut_disagg_txt_2026.zip,2026-10-08
cftc_platinum_mm_net,2017-10-17,2017-10-20,391.0,https://www.cftc.gov/files/dea/history/fut_disagg_txt_2026.zip,2026-10-08
cftc_platinum_mm_net,2017-10-24,2017-10-27,-2167.0,https://www.cftc.gov/files/dea/history/fut_disagg_txt_2026.zip,2026-10-08
cftc_platinum_mm_net,2017-10-31,2017-11-03,-1999.0,https://www.cftc.gov/files/dea/history/fut_disagg_txt_2026.zip,2026-10-08
cftc_platinum_mm_net,2017-11-07,2017-11-10,-157.0,https://www.cftc.gov/files/dea/history/fut_disagg_txt_2026.zip,2026-10-08
cftc_platinum_mm_net,2017-11-14,2017-11-17,2699.0,https://www.cftc.gov/files/dea/history/fut_disagg_txt_2026.zip,2026-10-08
cftc_platinum_mm_net,2017-11-21,2017-11-24,4150.0,https://www.cftc.gov/files/dea/history/fut_disagg_txt_2026.zip,2026-10-08
cftc_platinum_mm_net,2017-11-28,2017-12-01,10917.0,https://www.cftc.gov/files/dea/history/fut_disagg_txt_2026.zip,2026-10-08
cftc_platinum_mm_net,2017-12-05,2017-12-08,8793.0,https://www.cftc.gov/files/dea/history/fut_disagg_txt_2026.zip,2026-10-08
cftc_platinum_mm_net,2017-12-12,2017-12-15,-7724.0,https://www.cftc.gov/files/dea/history/fut_disagg_txt_2026.zip,2026-10-08
cftc_platinum_mm_net,2017-12-19,2017-12-22,-8835.0,https://www.cftc.gov/files/dea/history/fut_disagg_txt_2026.zip,2026-10-08
cftc_platinum_mm_net,2017-12-26,2017-12-29,-5227.0,https://www.cftc.gov/files/dea/history/fut_disagg_txt_2026.zip,2026-10-08
cftc_platinum_mm_net,2018-01-02,2018-01-05,-4262.0,https://www.cftc.gov/files/dea/history/fut_disagg_txt_2026.zip,2026-10-08
cftc_platinum_mm_net,2018-01-09,2018-01-12,9438.0,https://www.cftc.gov/files/dea/history/fut_disagg_txt_2026.zip,2026-10-08
cftc_platinum_mm_net,2018-01-16,2018-01-19,17775.0,https://www.cftc.gov/files/dea/history/fut_disagg_txt_2026.zip,2026-10-08
cftc_platinum_mm_net,2018-01-23,2018-01-26,27276.0,https://www.cftc.gov/files/dea/history/fut_disagg_txt_2026.zip,2026-10-08
cftc_platinum_mm_net,2018-01-30,2018-02-02,30673.0,https://www.cftc.gov/files/dea/history/fut_disagg_txt_2026.zip,2026-10-08
cftc_platinum_mm_net,2018-02-06,2018-02-09,28744.0,https://www.cftc.gov/files/dea/history/fut_disagg_txt_2026.zip,2026-10-08
cftc_platinum_mm_net,2018-02-13,2018-02-16,25426.0,https://www.cftc.gov/files/dea/history/fut_disagg_txt_2026.zip,2026-10-08
cftc_platinum_mm_net,2018-02-20,2018-02-23,27445.0,https://www.cftc.gov/files/dea/history/fut_disagg_txt_2026.zip,2026-10-08
cftc_platinum_mm_net,2018-02-27,2018-03-02,26545.0,https://www.cftc.gov/files/dea/history/fut_disagg_txt_2026.zip,2026-10-08
cftc_platinum_mm_net,2018-03-06,2018-03-09,20522.0,https://www.cftc.gov/files/dea/history/fut_disagg_txt_2026.zip,2026-10-08
cftc_platinum_mm_net,2018-03-13,2018-03-16,16741.0,https://www.cftc.gov/files/dea/history/fut_disagg_txt_2026.zip,2026-10-08
cftc_platinum_mm_net,2018-03-20,2018-03-23,13538.0,https://www.cftc.gov/files/dea/history/fut_disagg_txt_2026.zip,2026-10-08
cftc_platinum_mm_net,2018-03-27,2018-03-30,8840.0,https://www.cftc.gov/files/dea/history/fut_disagg_txt_2026.zip,2026-10-08
cftc_platinum_mm_net,2018-04-03,2018-04-06,1445.0,https://www.cftc.gov/files/dea/history/fut_disagg_txt_2026.zip,2026-10-08
cftc_platinum_mm_net,2018-04-10,2018-04-13,-4082.0,https://www.cftc.gov/files/dea/history/fut_disagg_txt_2026.zip,2026-10-08
cftc_platinum_mm_net,2018-04-17,2018-04-20,-2875.0,https://www.cftc.gov/files/dea/history/fut_disagg_txt_2026.zip,2026-10-08
cftc_platinum_mm_net,2018-04-24,2018-04-27,-2145.0,https://www.cftc.gov/files/dea/history/fut_disagg_txt_2026.zip,2026-10-08
cftc_platinum_mm_net,2018-05-01,2018-05-04,-10941.0,https://www.cftc.gov/files/dea/history/fut_disagg_txt_2026.zip,2026-10-08
cftc_platinum_mm_net,2018-05-08,2018-05-11,-11188.0,https://www.cftc.gov/files/dea/history/fut_disagg_txt_2026.zip,2026-10-08
cftc_platinum_mm_net,2018-05-15,2018-05-18,-13633.0,https://www.cftc.gov/files/dea/history/fut_disagg_txt_2026.zip,2026-10-08
cftc_platinum_mm_net,2018-05-22,2018-05-25,-20627.0,https://www.cftc.gov/files/dea/history/fut_disagg_txt_2026.zip,2026-10-08
cftc_platinum_mm_net,2018-05-29,2018-06-01,-18690.0,https://www.cftc.gov/files/dea/history/fut_disagg_txt_2026.zip,2026-10-08
cftc_platinum_mm_net,2018-06-05,2018-06-08,-19414.0,https://www.cftc.gov/files/dea/history/fut_disagg_txt_2026.zip,2026-10-08
cftc_platinum_mm_net,2018-06-12,2018-06-15,-17961.0,https://www.cftc.gov/files/dea/history/fut_disagg_txt_2026.zip,2026-10-08
cftc_platinum_mm_net,2018-06-19,2018-06-22,-25419.0,https://www.cftc.gov/files/dea/history/fut_disagg_txt_2026.zip,2026-10-08
cftc_platinum_mm_net,2018-06-26,2018-06-29,-26886.0,https://www.cftc.gov/files/dea/history/fut_disagg_txt_2026.zip,2026-10-08
cftc_platinum_mm_net,2018-07-03,2018-07-06,-28654.0,https://www.cftc.gov/files/dea/history/fut_disagg_txt_2026.zip,2026-10-08
cftc_platinum_mm_net,2018-07-10,2018-07-13,-28710.0,https://www.cftc.gov/files/dea/history/fut_disagg_txt_2026.zip,2026-10-08
cftc_platinum_mm_net,2018-07-17,2018-07-20,-29493.0,https://www.cftc.gov/files/dea/history/fut_disagg_txt_2026.zip,2026-10-08
cftc_platinum_mm_net,2018-07-24,2018-07-27,-27557.0,https://www.cftc.gov/files/dea/history/fut_disagg_txt_2026.zip,2026-10-08
cftc_platinum_mm_net,2018-07-31,2018-08-03,-26672.0,https://www.cftc.gov/files/dea/history/fut_disagg_txt_2026.zip,2026-10-08
cftc_platinum_mm_net,2018-08-07,2018-08-10,-25985.0,https://www.cftc.gov/files/dea/history/fut_disagg_txt_2026.zip,2026-10-08
cftc_platinum_mm_net,2018-08-14,2018-08-17,-28107.0,https://www.cftc.gov/files/dea/history/fut_disagg_txt_2026.zip,2026-10-08
cftc_platinum_mm_net,2018-08-21,2018-08-24,-28825.0,https://www.cftc.gov/files/dea/history/fut_disagg_txt_2026.zip,2026-10-08
cftc_platinum_mm_net,2018-08-28,2018-08-31,-29705.0,https://www.cftc.gov/files/dea/history/fut_disagg_txt_2026.zip,2026-10-08
cftc_platinum_mm_net,2018-09-04,2018-09-07,-30389.0,https://www.cftc.gov/files/dea/history/fut_disagg_txt_2026.zip,2026-10-08
cftc_platinum_mm_net,2018-09-11,2018-09-14,-26248.0,https://www.cftc.gov/files/dea/history/fut_disagg_txt_2026.zip,2026-10-08
cftc_platinum_mm_net,2018-09-18,2018-09-21,-19843.0,https://www.cftc.gov/files/dea/history/fut_disagg_txt_2026.zip,2026-10-08
cftc_platinum_mm_net,2018-09-25,2018-09-28,-13239.0,https://www.cftc.gov/files/dea/history/fut_disagg_txt_2026.zip,2026-10-08
cftc_platinum_mm_net,2018-10-02,2018-10-05,-8897.0,https://www.cftc.gov/files/dea/history/fut_disagg_txt_2026.zip,2026-10-08
cftc_platinum_mm_net,2018-10-09,2018-10-12,-6917.0,https://www.cftc.gov/files/dea/history/fut_disagg_txt_2026.zip,2026-10-08
cftc_platinum_mm_net,2018-10-16,2018-10-19,-4021.0,https://www.cftc.gov/files/dea/history/fut_disagg_txt_2026.zip,2026-10-08
cftc_platinum_mm_net,2018-10-23,2018-10-26,-4917.0,https://www.cftc.gov/files/dea/history/fut_disagg_txt_2026.zip,2026-10-08
cftc_platinum_mm_net,2018-10-30,2018-11-02,-1685.0,https://www.cftc.gov/files/dea/history/fut_disagg_txt_2026.zip,2026-10-08
cftc_platinum_mm_net,2018-11-06,2018-11-09,8381.0,https://www.cftc.gov/files/dea/history/fut_disagg_txt_2026.zip,2026-10-08
cftc_platinum_mm_net,2018-11-13,2018-11-16,9071.0,https://www.cftc.gov/files/dea/history/fut_disagg_txt_2026.zip,2026-10-08
cftc_platinum_mm_net,2018-11-20,2018-11-23,7732.0,https://www.cftc.gov/files/dea/history/fut_disagg_txt_2026.zip,2026-10-08
cftc_platinum_mm_net,2018-11-27,2018-11-30,9103.0,https://www.cftc.gov/files/dea/history/fut_disagg_txt_2026.zip,2026-10-08
cftc_platinum_mm_net,2018-12-04,2018-12-07,-370.0,https://www.cftc.gov/files/dea/history/fut_disagg_txt_2026.zip,2026-10-08
cftc_platinum_mm_net,2018-12-11,2018-12-14,-5281.0,https://www.cftc.gov/files/dea/history/fut_disagg_txt_2026.zip,2026-10-08
cftc_platinum_mm_net,2018-12-18,2018-12-21,-5296.0,https://www.cftc.gov/files/dea/history/fut_disagg_txt_2026.zip,2026-10-08
cftc_platinum_mm_net,2018-12-24,2018-12-27,-4889.0,https://www.cftc.gov/files/dea/history/fut_disagg_txt_2026.zip,2026-10-08
cftc_platinum_mm_net,2018-12-31,2019-01-03,-4466.0,https://www.cftc.gov/files/dea/history/fut_disagg_txt_2026.zip,2026-10-08
cftc_platinum_mm_net,2019-01-08,2019-01-11,-8126.0,https://www.cftc.gov/files/dea/history/fut_disagg_txt_2026.zip,2026-10-08
cftc_platinum_mm_net,2019-01-15,2019-01-18,-10997.0,https://www.cftc.gov/files/dea/history/fut_disagg_txt_2026.zip,2026-10-08
cftc_platinum_mm_net,2019-01-22,2019-01-25,-16691.0,https://www.cftc.gov/files/dea/history/fut_disagg_txt_2026.zip,2026-10-08
cftc_platinum_mm_net,2019-01-29,2019-02-01,-13455.0,https://www.cftc.gov/files/dea/history/fut_disagg_txt_2026.zip,2026-10-08
cftc_platinum_mm_net,2019-02-05,2019-02-08,-11701.0,https://www.cftc.gov/files/dea/history/fut_disagg_txt_2026.zip,2026-10-08
cftc_platinum_mm_net,2019-02-12,2019-02-15,-20176.0,https://www.cftc.gov/files/dea/history/fut_disagg_txt_2026.zip,2026-10-08
cftc_platinum_mm_net,2019-02-19,2019-02-22,-18213.0,https://www.cftc.gov/files/dea/history/fut_disagg_txt_2026.zip,2026-10-08
cftc_platinum_mm_net,2019-02-26,2019-03-01,-1434.0,https://www.cftc.gov/files/dea/history/fut_disagg_txt_2026.zip,2026-10-08
cftc_platinum_mm_net,2019-03-05,2019-03-08,7470.0,https://www.cftc.gov/files/dea/history/fut_disagg_txt_2026.zip,2026-10-08
cftc_platinum_mm_net,2019-03-12,2019-03-15,247.0,https://www.cftc.gov/files/dea/history/fut_disagg_txt_2026.zip,2026-10-08
cftc_platinum_mm_net,2019-03-19,2019-03-22,991.0,https://www.cftc.gov/files/dea/history/fut_disagg_txt_2026.zip,2026-10-08
cftc_platinum_mm_net,2019-03-26,2019-03-29,10111.0,https://www.cftc.gov/files/dea/history/fut_disagg_txt_2026.zip,2026-10-08
cftc_platinum_mm_net,2019-04-02,2019-04-05,10118.0,https://www.cftc.gov/files/dea/history/fut_disagg_txt_2026.zip,2026-10-08
cftc_platinum_mm_net,2019-04-09,2019-04-12,20343.0,https://www.cftc.gov/files/dea/history/fut_disagg_txt_2026.zip,2026-10-08
cftc_platinum_mm_net,2019-04-16,2019-04-19,21038.0,https://www.cftc.gov/files/dea/history/fut_disagg_txt_2026.zip,2026-10-08
cftc_platinum_mm_net,2019-04-23,2019-04-26,21620.0,https://www.cftc.gov/files/dea/history/fut_disagg_txt_2026.zip,2026-10-08
cftc_platinum_mm_net,2019-04-30,2019-05-03,21859.0,https://www.cftc.gov/files/dea/history/fut_disagg_txt_2026.zip,2026-10-08
cftc_platinum_mm_net,2019-05-07,2019-05-10,17762.0,https://www.cftc.gov/files/dea/history/fut_disagg_txt_2026.zip,2026-10-08
cftc_platinum_mm_net,2019-05-14,2019-05-17,13012.0,https://www.cftc.gov/files/dea/history/fut_disagg_txt_2026.zip,2026-10-08
cftc_platinum_mm_net,2019-05-21,2019-05-24,680.0,https://www.cftc.gov/files/dea/history/fut_disagg_txt_2026.zip,2026-10-08
cftc_platinum_mm_net,2019-05-28,2019-05-31,-9684.0,https://www.cftc.gov/files/dea/history/fut_disagg_txt_2026.zip,2026-10-08
cftc_platinum_mm_net,2019-06-04,2019-06-07,-12911.0,https://www.cftc.gov/files/dea/history/fut_disagg_txt_2026.zip,2026-10-08
cftc_platinum_mm_net,2019-06-11,2019-06-14,-15699.0,https://www.cftc.gov/files/dea/history/fut_disagg_txt_2026.zip,2026-10-08
cftc_platinum_mm_net,2019-06-18,2019-06-21,-20720.0,https://www.cftc.gov/files/dea/history/fut_disagg_txt_2026.zip,2026-10-08
cftc_platinum_mm_net,2019-06-25,2019-06-28,-23083.0,https://www.cftc.gov/files/dea/history/fut_disagg_txt_2026.zip,2026-10-08
cftc_platinum_mm_net,2019-07-02,2019-07-05,-15630.0,https://www.cftc.gov/files/dea/history/fut_disagg_txt_2026.zip,2026-10-08
cftc_platinum_mm_net,2019-07-09,2019-07-12,-15175.0,https://www.cftc.gov/files/dea/history/fut_disagg_txt_2026.zip,2026-10-08
cftc_platinum_mm_net,2019-07-16,2019-07-19,-6183.0,https://www.cftc.gov/files/dea/history/fut_disagg_txt_2026.zip,2026-10-08
cftc_platinum_mm_net,2019-07-23,2019-07-26,523.0,https://www.cftc.gov/files/dea/history/fut_disagg_txt_2026.zip,2026-10-08
cftc_platinum_mm_net,2019-07-30,2019-08-02,9767.0,https://www.cftc.gov/files/dea/history/fut_disagg_txt_2026.zip,2026-10-08
cftc_platinum_mm_net,2019-08-06,2019-08-09,7485.0,https://www.cftc.gov/files/dea/history/fut_disagg_txt_2026.zip,2026-10-08
cftc_platinum_mm_net,2019-08-13,2019-08-16,6547.0,https://www.cftc.gov/files/dea/history/fut_disagg_txt_2026.zip,2026-10-08
cftc_platinum_mm_net,2019-08-20,2019-08-23,3035.0,https://www.cftc.gov/files/dea/history/fut_disagg_txt_2026.zip,2026-10-08
cftc_platinum_mm_net,2019-08-27,2019-08-30,7473.0,https://www.cftc.gov/files/dea/history/fut_disagg_txt_2026.zip,2026-10-08
cftc_platinum_mm_net,2019-09-03,2019-09-06,20607.0,https://www.cftc.gov/files/dea/history/fut_disagg_txt_2026.zip,2026-10-08
cftc_platinum_mm_net,2019-09-10,2019-09-13,25735.0,https://www.cftc.gov/files/dea/history/fut_disagg_txt_2026.zip,2026-10-08
cftc_platinum_mm_net,2019-09-17,2019-09-20,25010.0,https://www.cftc.gov/files/dea/history/fut_disagg_txt_2026.zip,2026-10-08
cftc_platinum_mm_net,2019-09-24,2019-09-27,25076.0,https://www.cftc.gov/files/dea/history/fut_disagg_txt_2026.zip,2026-10-08
cftc_platinum_mm_net,2019-10-01,2019-10-04,17610.0,https://www.cftc.gov/files/dea/history/fut_disagg_txt_2026.zip,2026-10-08
cftc_platinum_mm_net,2019-10-08,2019-10-11,14508.0,https://www.cftc.gov/files/dea/history/fut_disagg_txt_2026.zip,2026-10-08
cftc_platinum_mm_net,2019-10-15,2019-10-18,13817.0,https://www.cftc.gov/files/dea/history/fut_disagg_txt_2026.zip,2026-10-08
cftc_platinum_mm_net,2019-10-22,2019-10-25,15929.0,https://www.cftc.gov/files/dea/history/fut_disagg_txt_2026.zip,2026-10-08
cftc_platinum_mm_net,2019-10-29,2019-11-01,22971.0,https://www.cftc.gov/files/dea/history/fut_disagg_txt_2026.zip,2026-10-08
cftc_platinum_mm_net,2019-11-05,2019-11-08,26506.0,https://www.cftc.gov/files/dea/history/fut_disagg_txt_2026.zip,2026-10-08
cftc_platinum_mm_net,2019-11-12,2019-11-15,20787.0,https://www.cftc.gov/files/dea/history/fut_disagg_txt_2026.zip,2026-10-08
cftc_platinum_mm_net,2019-11-19,2019-11-22,24513.0,https://www.cftc.gov/files/dea/history/fut_disagg_txt_2026.zip,2026-10-08
cftc_platinum_mm_net,2019-11-26,2019-11-29,27874.0,https://www.cftc.gov/files/dea/history/fut_disagg_txt_2026.zip,2026-10-08
cftc_platinum_mm_net,2019-12-03,2019-12-06,27562.0,https://www.cftc.gov/files/dea/history/fut_disagg_txt_2026.zip,2026-10-08
cftc_platinum_mm_net,2019-12-10,2019-12-13,30796.0,https://www.cftc.gov/files/dea/history/fut_disagg_txt_2026.zip,2026-10-08
cftc_platinum_mm_net,2019-12-17,2019-12-20,38459.0,https://www.cftc.gov/files/dea/history/fut_disagg_txt_2026.zip,2026-10-08
cftc_platinum_mm_net,2019-12-24,2019-12-27,40851.0,https://www.cftc.gov/files/dea/history/fut_disagg_txt_2026.zip,2026-10-08
cftc_platinum_mm_net,2019-12-31,2020-01-03,45811.0,https://www.cftc.gov/files/dea/history/fut_disagg_txt_2026.zip,2026-10-08
cftc_platinum_mm_net,2020-01-07,2020-01-10,46583.0,https://www.cftc.gov/files/dea/history/fut_disagg_txt_2026.zip,2026-10-08
cftc_platinum_mm_net,2020-01-14,2020-01-17,48620.0,https://www.cftc.gov/files/dea/history/fut_disagg_txt_2026.zip,2026-10-08
cftc_platinum_mm_net,2020-01-21,2020-01-24,51089.0,https://www.cftc.gov/files/dea/history/fut_disagg_txt_2026.zip,2026-10-08
cftc_platinum_mm_net,2020-01-28,2020-01-31,51712.0,https://www.cftc.gov/files/dea/history/fut_disagg_txt_2026.zip,2026-10-08
cftc_platinum_mm_net,2020-02-04,2020-02-07,47234.0,https://www.cftc.gov/files/dea/history/fut_disagg_txt_2026.zip,2026-10-08
cftc_platinum_mm_net,2020-02-11,2020-02-14,46021.0,https://www.cftc.gov/files/dea/history/fut_disagg_txt_2026.zip,2026-10-08
cftc_platinum_mm_net,2020-02-18,2020-02-21,44525.0,https://www.cftc.gov/files/dea/history/fut_disagg_txt_2026.zip,2026-10-08
cftc_platinum_mm_net,2020-02-25,2020-02-28,33976.0,https://www.cftc.gov/files/dea/history/fut_disagg_txt_2026.zip,2026-10-08
cftc_platinum_mm_net,2020-03-03,2020-03-06,18237.0,https://www.cftc.gov/files/dea/history/fut_disagg_txt_2026.zip,2026-10-08
cftc_platinum_mm_net,2020-03-10,2020-03-13,15663.0,https://www.cftc.gov/files/dea/history/fut_disagg_txt_2026.zip,2026-10-08
cftc_platinum_mm_net,2020-03-17,2020-03-20,15310.0,https://www.cftc.gov/files/dea/history/fut_disagg_txt_2026.zip,2026-10-08
cftc_platinum_mm_net,2020-03-24,2020-03-27,10999.0,https://www.cftc.gov/files/dea/history/fut_disagg_txt_2026.zip,2026-10-08
cftc_platinum_mm_net,2020-03-31,2020-04-03,8876.0,https://www.cftc.gov/files/dea/history/fut_disagg_txt_2026.zip,2026-10-08
cftc_platinum_mm_net,2020-04-07,2020-04-10,7804.0,https://www.cftc.gov/files/dea/history/fut_disagg_txt_2026.zip,2026-10-08
cftc_platinum_mm_net,2020-04-14,2020-04-17,7042.0,https://www.cftc.gov/files/dea/history/fut_disagg_txt_2026.zip,2026-10-08
cftc_platinum_mm_net,2020-04-21,2020-04-24,5130.0,https://www.cftc.gov/files/dea/history/fut_disagg_txt_2026.zip,2026-10-08
cftc_platinum_mm_net,2020-04-28,2020-05-01,7006.0,https://www.cftc.gov/files/dea/history/fut_disagg_txt_2026.zip,2026-10-08
cftc_platinum_mm_net,2020-05-05,2020-05-08,8245.0,https://www.cftc.gov/files/dea/history/fut_disagg_txt_2026.zip,2026-10-08
cftc_platinum_mm_net,2020-05-12,2020-05-15,8440.0,https://www.cftc.gov/files/dea/history/fut_disagg_txt_2026.zip,2026-10-08
cftc_platinum_mm_net,2020-05-19,2020-05-22,12734.0,https://www.cftc.gov/files/dea/history/fut_disagg_txt_2026.zip,2026-10-08
cftc_platinum_mm_net,2020-05-26,2020-05-29,14703.0,https://www.cftc.gov/files/dea/history/fut_disagg_txt_2026.zip,2026-10-08
cftc_platinum_mm_net,2020-06-02,2020-06-05,12982.0,https://www.cftc.gov/files/dea/history/fut_disagg_txt_2026.zip,2026-10-08
cftc_platinum_mm_net,2020-06-09,2020-06-12,11573.0,https://www.cftc.gov/files/dea/history/fut_disagg_txt_2026.zip,2026-10-08
cftc_platinum_mm_net,2020-06-16,2020-06-19,10447.0,https://www.cftc.gov/files/dea/history/fut_disagg_txt_2026.zip,2026-10-08
cftc_platinum_mm_net,2020-06-23,2020-06-26,9068.0,https://www.cftc.gov/files/dea/history/fut_disagg_txt_2026.zip,2026-10-08
cftc_platinum_mm_net,2020-06-30,2020-07-03,7751.0,https://www.cftc.gov/files/dea/history/fut_disagg_txt_2026.zip,2026-10-08
cftc_platinum_mm_net,2020-07-07,2020-07-10,8944.0,https://www.cftc.gov/files/dea/history/fut_disagg_txt_2026.zip,2026-10-08
cftc_platinum_mm_net,2020-07-14,2020-07-17,8157.0,https://www.cftc.gov/files/dea/history/fut_disagg_txt_2026.zip,2026-10-08
cftc_platinum_mm_net,2020-07-21,2020-07-24,12019.0,https://www.cftc.gov/files/dea/history/fut_disagg_txt_2026.zip,2026-10-08
cftc_platinum_mm_net,2020-07-28,2020-07-31,16747.0,https://www.cftc.gov/files/dea/history/fut_disagg_txt_2026.zip,2026-10-08
cftc_platinum_mm_net,2020-08-04,2020-08-07,13012.0,https://www.cftc.gov/files/dea/history/fut_disagg_txt_2026.zip,2026-10-08
cftc_platinum_mm_net,2020-08-11,2020-08-14,15121.0,https://www.cftc.gov/files/dea/history/fut_disagg_txt_2026.zip,2026-10-08
cftc_platinum_mm_net,2020-08-18,2020-08-21,14428.0,https://www.cftc.gov/files/dea/history/fut_disagg_txt_2026.zip,2026-10-08
cftc_platinum_mm_net,2020-08-25,2020-08-28,11813.0,https://www.cftc.gov/files/dea/history/fut_disagg_txt_2026.zip,2026-10-08
cftc_platinum_mm_net,2020-09-01,2020-09-04,9686.0,https://www.cftc.gov/files/dea/history/fut_disagg_txt_2026.zip,2026-10-08
cftc_platinum_mm_net,2020-09-08,2020-09-11,5864.0,https://www.cftc.gov/files/dea/history/fut_disagg_txt_2026.zip,2026-10-08
cftc_platinum_mm_net,2020-09-15,2020-09-18,10712.0,https://www.cftc.gov/files/dea/history/fut_disagg_txt_2026.zip,2026-10-08
cftc_platinum_mm_net,2020-09-22,2020-09-25,1553.0,https://www.cftc.gov/files/dea/history/fut_disagg_txt_2026.zip,2026-10-08
cftc_platinum_mm_net,2020-09-29,2020-10-02,-265.0,https://www.cftc.gov/files/dea/history/fut_disagg_txt_2026.zip,2026-10-08
cftc_platinum_mm_net,2020-10-06,2020-10-09,-759.0,https://www.cftc.gov/files/dea/history/fut_disagg_txt_2026.zip,2026-10-08
cftc_platinum_mm_net,2020-10-13,2020-10-16,-1115.0,https://www.cftc.gov/files/dea/history/fut_disagg_txt_2026.zip,2026-10-08
cftc_platinum_mm_net,2020-10-20,2020-10-23,-2552.0,https://www.cftc.gov/files/dea/history/fut_disagg_txt_2026.zip,2026-10-08
cftc_platinum_mm_net,2020-10-27,2020-10-30,334.0,https://www.cftc.gov/files/dea/history/fut_disagg_txt_2026.zip,2026-10-08
cftc_platinum_mm_net,2020-11-03,2020-11-06,-673.0,https://www.cftc.gov/files/dea/history/fut_disagg_txt_2026.zip,2026-10-08
cftc_platinum_mm_net,2020-11-10,2020-11-13,442.0,https://www.cftc.gov/files/dea/history/fut_disagg_txt_2026.zip,2026-10-08
cftc_platinum_mm_net,2020-11-17,2020-11-20,5851.0,https://www.cftc.gov/files/dea/history/fut_disagg_txt_2026.zip,2026-10-08
cftc_platinum_mm_net,2020-11-24,2020-11-27,10069.0,https://www.cftc.gov/files/dea/history/fut_disagg_txt_2026.zip,2026-10-08
cftc_platinum_mm_net,2020-12-01,2020-12-04,13654.0,https://www.cftc.gov/files/dea/history/fut_disagg_txt_2026.zip,2026-10-08
cftc_platinum_mm_net,2020-12-08,2020-12-11,15950.0,https://www.cftc.gov/files/dea/history/fut_disagg_txt_2026.zip,2026-10-08
cftc_platinum_mm_net,2020-12-15,2020-12-18,17162.0,https://www.cftc.gov/files/dea/history/fut_disagg_txt_2026.zip,2026-10-08
cftc_platinum_mm_net,2020-12-21,2020-12-24,17176.0,https://www.cftc.gov/files/dea/history/fut_disagg_txt_2026.zip,2026-10-08
cftc_platinum_mm_net,2020-12-29,2021-01-01,18204.0,https://www.cftc.gov/files/dea/history/fut_disagg_txt_2026.zip,2026-10-08
cftc_platinum_mm_net,2021-01-05,2021-01-08,20637.0,https://www.cftc.gov/files/dea/history/fut_disagg_txt_2026.zip,2026-10-08
cftc_platinum_mm_net,2021-01-12,2021-01-15,20224.0,https://www.cftc.gov/files/dea/history/fut_disagg_txt_2026.zip,2026-10-08
cftc_platinum_mm_net,2021-01-19,2021-01-22,20563.0,https://www.cftc.gov/files/dea/history/fut_disagg_txt_2026.zip,2026-10-08
cftc_platinum_mm_net,2021-01-26,2021-01-29,21094.0,https://www.cftc.gov/files/dea/history/fut_disagg_txt_2026.zip,2026-10-08
cftc_platinum_mm_net,2021-02-02,2021-02-05,22139.0,https://www.cftc.gov/files/dea/history/fut_disagg_txt_2026.zip,2026-10-08
cftc_platinum_mm_net,2021-02-09,2021-02-12,29036.0,https://www.cftc.gov/files/dea/history/fut_disagg_txt_2026.zip,2026-10-08
cftc_platinum_mm_net,2021-02-16,2021-02-19,28640.0,https://www.cftc.gov/files/dea/history/fut_disagg_txt_2026.zip,2026-10-08
cftc_platinum_mm_net,2021-02-23,2021-02-26,26139.0,https://www.cftc.gov/files/dea/history/fut_disagg_txt_2026.zip,2026-10-08
cftc_platinum_mm_net,2021-03-02,2021-03-05,20824.0,https://www.cftc.gov/files/dea/history/fut_disagg_txt_2026.zip,2026-10-08
cftc_platinum_mm_net,2021-03-09,2021-03-12,18311.0,https://www.cftc.gov/files/dea/history/fut_disagg_txt_2026.zip,2026-10-08
cftc_platinum_mm_net,2021-03-16,2021-03-19,20490.0,https://www.cftc.gov/files/dea/history/fut_disagg_txt_2026.zip,2026-10-08
cftc_platinum_mm_net,2021-03-23,2021-03-26,20630.0,https://www.cftc.gov/files/dea/history/fut_disagg_txt_2026.zip,2026-10-08
cftc_platinum_mm_net,2021-03-30,2021-04-02,20569.0,https://www.cftc.gov/files/dea/history/fut_disagg_txt_2026.zip,2026-10-08
cftc_platinum_mm_net,2021-04-06,2021-04-09,24055.0,https://www.cftc.gov/files/dea/history/fut_disagg_txt_2026.zip,2026-10-08
cftc_platinum_mm_net,2021-04-13,2021-04-16,14705.0,https://www.cftc.gov/files/dea/history/fut_disagg_txt_2026.zip,2026-10-08
cftc_platinum_mm_net,2021-04-20,2021-04-23,15696.0,https://www.cftc.gov/files/dea/history/fut_disagg_txt_2026.zip,2026-10-08
cftc_platinum_mm_net,2021-04-27,2021-04-30,19794.0,https://www.cftc.gov/files/dea/history/fut_disagg_txt_2026.zip,2026-10-08
cftc_platinum_mm_net,2021-05-04,2021-05-07,19471.0,https://www.cftc.gov/files/dea/history/fut_disagg_txt_2026.zip,2026-10-08
cftc_platinum_mm_net,2021-05-11,2021-05-14,18799.0,https://www.cftc.gov/files/dea/history/fut_disagg_txt_2026.zip,2026-10-08
cftc_platinum_mm_net,2021-05-18,2021-05-21,16436.0,https://www.cftc.gov/files/dea/history/fut_disagg_txt_2026.zip,2026-10-08
cftc_platinum_mm_net,2021-05-25,2021-05-28,13267.0,https://www.cftc.gov/files/dea/history/fut_disagg_txt_2026.zip,2026-10-08
cftc_platinum_mm_net,2021-06-01,2021-06-04,13765.0,https://www.cftc.gov/files/dea/history/fut_disagg_txt_2026.zip,2026-10-08
cftc_platinum_mm_net,2021-06-08,2021-06-11,9540.0,https://www.cftc.gov/files/dea/history/fut_disagg_txt_2026.zip,2026-10-08
cftc_platinum_mm_net,2021-06-15,2021-06-18,9094.0,https://www.cftc.gov/files/dea/history/fut_disagg_txt_2026.zip,2026-10-08
cftc_platinum_mm_net,2021-06-22,2021-06-25,1412.0,https://www.cftc.gov/files/dea/history/fut_disagg_txt_2026.zip,2026-10-08
cftc_platinum_mm_net,2021-06-29,2021-07-02,4657.0,https://www.cftc.gov/files/dea/history/fut_disagg_txt_2026.zip,2026-10-08
cftc_platinum_mm_net,2021-07-06,2021-07-09,3050.0,https://www.cftc.gov/files/dea/history/fut_disagg_txt_2026.zip,2026-10-08
cftc_platinum_mm_net,2021-07-13,2021-07-16,3619.0,https://www.cftc.gov/files/dea/history/fut_disagg_txt_2026.zip,2026-10-08
cftc_platinum_mm_net,2021-07-20,2021-07-23,1214.0,https://www.cftc.gov/files/dea/history/fut_disagg_txt_2026.zip,2026-10-08
cftc_platinum_mm_net,2021-07-27,2021-07-30,-53.0,https://www.cftc.gov/files/dea/history/fut_disagg_txt_2026.zip,2026-10-08
cftc_platinum_mm_net,2021-08-03,2021-08-06,-4130.0,https://www.cftc.gov/files/dea/history/fut_disagg_txt_2026.zip,2026-10-08
cftc_platinum_mm_net,2021-08-10,2021-08-13,-8879.0,https://www.cftc.gov/files/dea/history/fut_disagg_txt_2026.zip,2026-10-08
cftc_platinum_mm_net,2021-08-17,2021-08-20,-5240.0,https://www.cftc.gov/files/dea/history/fut_disagg_txt_2026.zip,2026-10-08
cftc_platinum_mm_net,2021-08-24,2021-08-27,-3649.0,https://www.cftc.gov/files/dea/history/fut_disagg_txt_2026.zip,2026-10-08
cftc_platinum_mm_net,2021-08-31,2021-09-03,-5565.0,https://www.cftc.gov/files/dea/history/fut_disagg_txt_2026.zip,2026-10-08
cftc_platinum_mm_net,2021-09-07,2021-09-10,-7077.0,https://www.cftc.gov/files/dea/history/fut_disagg_txt_2026.zip,2026-10-08
cftc_platinum_mm_net,2021-09-14,2021-09-17,-16104.0,https://www.cftc.gov/files/dea/history/fut_disagg_txt_2026.zip,2026-10-08
cftc_platinum_mm_net,2021-09-21,2021-09-24,-13879.0,https://www.cftc.gov/files/dea/history/fut_disagg_txt_2026.zip,2026-10-08
cftc_platinum_mm_net,2021-09-28,2021-10-01,-7736.0,https://www.cftc.gov/files/dea/history/fut_disagg_txt_2026.zip,2026-10-08
cftc_platinum_mm_net,2021-10-05,2021-10-08,-8080.0,https://www.cftc.gov/files/dea/history/fut_disagg_txt_2026.zip,2026-10-08
cftc_platinum_mm_net,2021-10-12,2021-10-15,-200.0,https://www.cftc.gov/files/dea/history/fut_disagg_txt_2026.zip,2026-10-08
cftc_platinum_mm_net,2021-10-19,2021-10-22,5114.0,https://www.cftc.gov/files/dea/history/fut_disagg_txt_2026.zip,2026-10-08
cftc_platinum_mm_net,2021-10-26,2021-10-29,6126.0,https://www.cftc.gov/files/dea/history/fut_disagg_txt_2026.zip,2026-10-08
cftc_platinum_mm_net,2021-11-02,2021-11-05,7359.0,https://www.cftc.gov/files/dea/history/fut_disagg_txt_2026.zip,2026-10-08
cftc_platinum_mm_net,2021-11-09,2021-11-12,10147.0,https://www.cftc.gov/files/dea/history/fut_disagg_txt_2026.zip,2026-10-08
cftc_platinum_mm_net,2021-11-16,2021-11-19,14352.0,https://www.cftc.gov/files/dea/history/fut_disagg_txt_2026.zip,2026-10-08
cftc_platinum_mm_net,2021-11-23,2021-11-26,5611.0,https://www.cftc.gov/files/dea/history/fut_disagg_txt_2026.zip,2026-10-08
cftc_platinum_mm_net,2021-11-30,2021-12-03,73.0,https://www.cftc.gov/files/dea/history/fut_disagg_txt_2026.zip,2026-10-08
cftc_platinum_mm_net,2021-12-07,2021-12-10,-4082.0,https://www.cftc.gov/files/dea/history/fut_disagg_txt_2026.zip,2026-10-08
cftc_platinum_mm_net,2021-12-14,2021-12-17,-7929.0,https://www.cftc.gov/files/dea/history/fut_disagg_txt_2026.zip,2026-10-08
cftc_platinum_mm_net,2021-12-21,2021-12-24,-10236.0,https://www.cftc.gov/files/dea/history/fut_disagg_txt_2026.zip,2026-10-08
cftc_platinum_mm_net,2021-12-28,2021-12-31,-4479.0,https://www.cftc.gov/files/dea/history/fut_disagg_txt_2026.zip,2026-10-08
cftc_platinum_mm_net,2022-01-04,2022-01-07,-2529.0,https://www.cftc.gov/files/dea/history/fut_disagg_txt_2026.zip,2026-10-08
cftc_platinum_mm_net,2022-01-11,2022-01-14,-4850.0,https://www.cftc.gov/files/dea/history/fut_disagg_txt_2026.zip,2026-10-08
cftc_platinum_mm_net,2022-01-18,2022-01-21,-2675.0,https://www.cftc.gov/files/dea/history/fut_disagg_txt_2026.zip,2026-10-08
cftc_platinum_mm_net,2022-01-25,2022-01-28,5904.0,https://www.cftc.gov/files/dea/history/fut_disagg_txt_2026.zip,2026-10-08
cftc_platinum_mm_net,2022-02-01,2022-02-04,7654.0,https://www.cftc.gov/files/dea/history/fut_disagg_txt_2026.zip,2026-10-08
cftc_platinum_mm_net,2022-02-08,2022-02-11,4954.0,https://www.cftc.gov/files/dea/history/fut_disagg_txt_2026.zip,2026-10-08
cftc_platinum_mm_net,2022-02-15,2022-02-18,4028.0,https://www.cftc.gov/files/dea/history/fut_disagg_txt_2026.zip,2026-10-08
cftc_platinum_mm_net,2022-02-22,2022-02-25,12370.0,https://www.cftc.gov/files/dea/history/fut_disagg_txt_2026.zip,2026-10-08
cftc_platinum_mm_net,2022-03-01,2022-03-04,12565.0,https://www.cftc.gov/files/dea/history/fut_disagg_txt_2026.zip,2026-10-08
cftc_platinum_mm_net,2022-03-08,2022-03-11,21308.0,https://www.cftc.gov/files/dea/history/fut_disagg_txt_2026.zip,2026-10-08
cftc_platinum_mm_net,2022-03-15,2022-03-18,13615.0,https://www.cftc.gov/files/dea/history/fut_disagg_txt_2026.zip,2026-10-08
cftc_platinum_mm_net,2022-03-22,2022-03-25,15112.0,https://www.cftc.gov/files/dea/history/fut_disagg_txt_2026.zip,2026-10-08
cftc_platinum_mm_net,2022-03-29,2022-04-01,8676.0,https://www.cftc.gov/files/dea/history/fut_disagg_txt_2026.zip,2026-10-08
cftc_platinum_mm_net,2022-04-05,2022-04-08,5360.0,https://www.cftc.gov/files/dea/history/fut_disagg_txt_2026.zip,2026-10-08
cftc_platinum_mm_net,2022-04-12,2022-04-15,-417.0,https://www.cftc.gov/files/dea/history/fut_disagg_txt_2026.zip,2026-10-08
cftc_platinum_mm_net,2022-04-19,2022-04-22,184.0,https://www.cftc.gov/files/dea/history/fut_disagg_txt_2026.zip,2026-10-08
cftc_platinum_mm_net,2022-04-26,2022-04-29,-12420.0,https://www.cftc.gov/files/dea/history/fut_disagg_txt_2026.zip,2026-10-08
cftc_platinum_mm_net,2022-05-03,2022-05-06,-10667.0,https://www.cftc.gov/files/dea/history/fut_disagg_txt_2026.zip,2026-10-08
cftc_platinum_mm_net,2022-05-10,2022-05-13,-7547.0,https://www.cftc.gov/files/dea/history/fut_disagg_txt_2026.zip,2026-10-08
cftc_platinum_mm_net,2022-05-17,2022-05-20,-6514.0,https://www.cftc.gov/files/dea/history/fut_disagg_txt_2026.zip,2026-10-08
cftc_platinum_mm_net,2022-05-24,2022-05-27,-7322.0,https://www.cftc.gov/files/dea/history/fut_disagg_txt_2026.zip,2026-10-08
cftc_platinum_mm_net,2022-05-31,2022-06-03,-5961.0,https://www.cftc.gov/files/dea/history/fut_disagg_txt_2026.zip,2026-10-08
cftc_platinum_mm_net,2022-06-07,2022-06-10,2730.0,https://www.cftc.gov/files/dea/history/fut_disagg_txt_2026.zip,2026-10-08
cftc_platinum_mm_net,2022-06-14,2022-06-17,-4743.0,https://www.cftc.gov/files/dea/history/fut_disagg_txt_2026.zip,2026-10-08
cftc_platinum_mm_net,2022-06-21,2022-06-24,-4049.0,https://www.cftc.gov/files/dea/history/fut_disagg_txt_2026.zip,2026-10-08
cftc_platinum_mm_net,2022-06-28,2022-07-01,-9838.0,https://www.cftc.gov/files/dea/history/fut_disagg_txt_2026.zip,2026-10-08
cftc_platinum_mm_net,2022-07-05,2022-07-08,-14427.0,https://www.cftc.gov/files/dea/history/fut_disagg_txt_2026.zip,2026-10-08
cftc_platinum_mm_net,2022-07-12,2022-07-15,-17946.0,https://www.cftc.gov/files/dea/history/fut_disagg_txt_2026.zip,2026-10-08
cftc_platinum_mm_net,2022-07-19,2022-07-22,-16334.0,https://www.cftc.gov/files/dea/history/fut_disagg_txt_2026.zip,2026-10-08
cftc_platinum_mm_net,2022-07-26,2022-07-29,-15883.0,https://www.cftc.gov/files/dea/history/fut_disagg_txt_2026.zip,2026-10-08
cftc_platinum_mm_net,2022-08-02,2022-08-05,-12167.0,https://www.cftc.gov/files/dea/history/fut_disagg_txt_2026.zip,2026-10-08
cftc_platinum_mm_net,2022-08-09,2022-08-12,-6423.0,https://www.cftc.gov/files/dea/history/fut_disagg_txt_2026.zip,2026-10-08
cftc_platinum_mm_net,2022-08-16,2022-08-19,-3743.0,https://www.cftc.gov/files/dea/history/fut_disagg_txt_2026.zip,2026-10-08
cftc_platinum_mm_net,2022-08-23,2022-08-26,-8701.0,https://www.cftc.gov/files/dea/history/fut_disagg_txt_2026.zip,2026-10-08
cftc_platinum_mm_net,2022-08-30,2022-09-02,-15625.0,https://www.cftc.gov/files/dea/history/fut_disagg_txt_2026.zip,2026-10-08
cftc_platinum_mm_net,2022-09-06,2022-09-09,-19075.0,https://www.cftc.gov/files/dea/history/fut_disagg_txt_2026.zip,2026-10-08
cftc_platinum_mm_net,2022-09-13,2022-09-16,-10393.0,https://www.cftc.gov/files/dea/history/fut_disagg_txt_2026.zip,2026-10-08
cftc_platinum_mm_net,2022-09-20,2022-09-23,-2374.0,https://www.cftc.gov/files/dea/history/fut_disagg_txt_2026.zip,2026-10-08
cftc_platinum_mm_net,2022-09-27,2022-09-30,-6874.0,https://www.cftc.gov/files/dea/history/fut_disagg_txt_2026.zip,2026-10-08
cftc_platinum_mm_net,2022-10-04,2022-10-07,-2098.0,https://www.cftc.gov/files/dea/history/fut_disagg_txt_2026.zip,2026-10-08
cftc_platinum_mm_net,2022-10-11,2022-10-14,950.0,https://www.cftc.gov/files/dea/history/fut_disagg_txt_2026.zip,2026-10-08
cftc_platinum_mm_net,2022-10-18,2022-10-21,3404.0,https://www.cftc.gov/files/dea/history/fut_disagg_txt_2026.zip,2026-10-08
cftc_platinum_mm_net,2022-10-25,2022-10-28,8041.0,https://www.cftc.gov/files/dea/history/fut_disagg_txt_2026.zip,2026-10-08
cftc_platinum_mm_net,2022-11-01,2022-11-04,13411.0,https://www.cftc.gov/files/dea/history/fut_disagg_txt_2026.zip,2026-10-08
cftc_platinum_mm_net,2022-11-08,2022-11-11,16806.0,https://www.cftc.gov/files/dea/history/fut_disagg_txt_2026.zip,2026-10-08
cftc_platinum_mm_net,2022-11-15,2022-11-18,19925.0,https://www.cftc.gov/files/dea/history/fut_disagg_txt_2026.zip,2026-10-08
cftc_platinum_mm_net,2022-11-22,2022-11-25,19874.0,https://www.cftc.gov/files/dea/history/fut_disagg_txt_2026.zip,2026-10-08
cftc_platinum_mm_net,2022-11-29,2022-12-02,20786.0,https://www.cftc.gov/files/dea/history/fut_disagg_txt_2026.zip,2026-10-08
cftc_platinum_mm_net,2022-12-06,2022-12-09,20485.0,https://www.cftc.gov/files/dea/history/fut_disagg_txt_2026.zip,2026-10-08
cftc_platinum_mm_net,2022-12-13,2022-12-16,24210.0,https://www.cftc.gov/files/dea/history/fut_disagg_txt_2026.zip,2026-10-08
cftc_platinum_mm_net,2022-12-20,2022-12-23,17564.0,https://www.cftc.gov/files/dea/history/fut_disagg_txt_2026.zip,2026-10-08
cftc_platinum_mm_net,2022-12-27,2022-12-30,18122.0,https://www.cftc.gov/files/dea/history/fut_disagg_txt_2026.zip,2026-10-08
cftc_platinum_mm_net,2023-01-03,2023-01-06,23911.0,https://www.cftc.gov/files/dea/history/fut_disagg_txt_2026.zip,2026-10-08
cftc_platinum_mm_net,2023-01-10,2023-01-13,24234.0,https://www.cftc.gov/files/dea/history/fut_disagg_txt_2026.zip,2026-10-08
cftc_platinum_mm_net,2023-01-17,2023-01-20,16974.0,https://www.cftc.gov/files/dea/history/fut_disagg_txt_2026.zip,2026-10-08
cftc_platinum_mm_net,2023-01-24,2023-01-27,13131.0,https://www.cftc.gov/files/dea/history/fut_disagg_txt_2026.zip,2026-10-08
cftc_platinum_mm_net,2023-01-31,2023-02-03,7318.0,https://www.cftc.gov/files/dea/history/fut_disagg_txt_2026.zip,2026-10-08
cftc_platinum_mm_net,2023-02-07,2023-02-10,826.0,https://www.cftc.gov/files/dea/history/fut_disagg_txt_2026.zip,2026-10-08
cftc_platinum_mm_net,2023-02-14,2023-02-17,-3770.0,https://www.cftc.gov/files/dea/history/fut_disagg_txt_2026.zip,2026-10-08
cftc_platinum_mm_net,2023-02-21,2023-02-24,-6701.0,https://www.cftc.gov/files/dea/history/fut_disagg_txt_2026.zip,2026-10-08
cftc_platinum_mm_net,2023-02-28,2023-03-03,-4238.0,https://www.cftc.gov/files/dea/history/fut_disagg_txt_2026.zip,2026-10-08
cftc_platinum_mm_net,2023-03-07,2023-03-10,-3549.0,https://www.cftc.gov/files/dea/history/fut_disagg_txt_2026.zip,2026-10-08
cftc_platinum_mm_net,2023-03-14,2023-03-17,2927.0,https://www.cftc.gov/files/dea/history/fut_disagg_txt_2026.zip,2026-10-08
cftc_platinum_mm_net,2023-03-21,2023-03-24,2073.0,https://www.cftc.gov/files/dea/history/fut_disagg_txt_2026.zip,2026-10-08
cftc_platinum_mm_net,2023-03-28,2023-03-31,1795.0,https://www.cftc.gov/files/dea/history/fut_disagg_txt_2026.zip,2026-10-08
cftc_platinum_mm_net,2023-04-04,2023-04-07,8185.0,https://www.cftc.gov/files/dea/history/fut_disagg_txt_2026.zip,2026-10-08
cftc_platinum_mm_net,2023-04-11,2023-04-14,5056.0,https://www.cftc.gov/files/dea/history/fut_disagg_txt_2026.zip,2026-10-08
cftc_platinum_mm_net,2023-04-18,2023-04-21,17512.0,https://www.cftc.gov/files/dea/history/fut_disagg_txt_2026.zip,2026-10-08
cftc_platinum_mm_net,2023-04-25,2023-04-28,23921.0,https://www.cftc.gov/files/dea/history/fut_disagg_txt_2026.zip,2026-10-08
cftc_platinum_mm_net,2023-05-02,2023-05-05,20362.0,https://www.cftc.gov/files/dea/history/fut_disagg_txt_2026.zip,2026-10-08
cftc_platinum_mm_net,2023-05-09,2023-05-12,21382.0,https://www.cftc.gov/files/dea/history/fut_disagg_txt_2026.zip,2026-10-08
cftc_platinum_mm_net,2023-05-16,2023-05-19,18991.0,https://www.cftc.gov/files/dea/history/fut_disagg_txt_2026.zip,2026-10-08
cftc_platinum_mm_net,2023-05-23,2023-05-26,21594.0,https://www.cftc.gov/files/dea/history/fut_disagg_txt_2026.zip,2026-10-08
cftc_platinum_mm_net,2023-05-30,2023-06-02,16842.0,https://www.cftc.gov/files/dea/history/fut_disagg_txt_2026.zip,2026-10-08
cftc_platinum_mm_net,2023-06-06,2023-06-09,18204.0,https://www.cftc.gov/files/dea/history/fut_disagg_txt_2026.zip,2026-10-08
cftc_platinum_mm_net,2023-06-13,2023-06-16,13362.0,https://www.cftc.gov/files/dea/history/fut_disagg_txt_2026.zip,2026-10-08
cftc_platinum_mm_net,2023-06-20,2023-06-23,11412.0,https://www.cftc.gov/files/dea/history/fut_disagg_txt_2026.zip,2026-10-08
cftc_platinum_mm_net,2023-06-27,2023-06-30,2056.0,https://www.cftc.gov/files/dea/history/fut_disagg_txt_2026.zip,2026-10-08
cftc_platinum_mm_net,2023-07-03,2023-07-06,-3548.0,https://www.cftc.gov/files/dea/history/fut_disagg_txt_2026.zip,2026-10-08
cftc_platinum_mm_net,2023-07-11,2023-07-14,-4639.0,https://www.cftc.gov/files/dea/history/fut_disagg_txt_2026.zip,2026-10-08
cftc_platinum_mm_net,2023-07-18,2023-07-21,6681.0,https://www.cftc.gov/files/dea/history/fut_disagg_txt_2026.zip,2026-10-08
cftc_platinum_mm_net,2023-07-25,2023-07-28,6694.0,https://www.cftc.gov/files/dea/history/fut_disagg_txt_2026.zip,2026-10-08
cftc_platinum_mm_net,2023-08-01,2023-08-04,3283.0,https://www.cftc.gov/files/dea/history/fut_disagg_txt_2026.zip,2026-10-08
cftc_platinum_mm_net,2023-08-08,2023-08-11,-8434.0,https://www.cftc.gov/files/dea/history/fut_disagg_txt_2026.zip,2026-10-08
cftc_platinum_mm_net,2023-08-15,2023-08-18,-13285.0,https://www.cftc.gov/files/dea/history/fut_disagg_txt_2026.zip,2026-10-08
cftc_platinum_mm_net,2023-08-22,2023-08-25,-11273.0,https://www.cftc.gov/files/dea/history/fut_disagg_txt_2026.zip,2026-10-08
cftc_platinum_mm_net,2023-08-29,2023-09-01,5646.0,https://www.cftc.gov/files/dea/history/fut_disagg_txt_2026.zip,2026-10-08
cftc_platinum_mm_net,2023-09-05,2023-09-08,6466.0,https://www.cftc.gov/files/dea/history/fut_disagg_txt_2026.zip,2026-10-08
cftc_platinum_mm_net,2023-09-12,2023-09-15,-5700.0,https://www.cftc.gov/files/dea/history/fut_disagg_txt_2026.zip,2026-10-08
cftc_platinum_mm_net,2023-09-19,2023-09-22,298.0,https://www.cftc.gov/files/dea/history/fut_disagg_txt_2026.zip,2026-10-08
cftc_platinum_mm_net,2023-09-26,2023-09-29,-2284.0,https://www.cftc.gov/files/dea/history/fut_disagg_txt_2026.zip,2026-10-08
cftc_platinum_mm_net,2023-10-03,2023-10-06,-10177.0,https://www.cftc.gov/files/dea/history/fut_disagg_txt_2026.zip,2026-10-08
cftc_platinum_mm_net,2023-10-10,2023-10-13,-12907.0,https://www.cftc.gov/files/dea/history/fut_disagg_txt_2026.zip,2026-10-08
cftc_platinum_mm_net,2023-10-17,2023-10-20,-12353.0,https://www.cftc.gov/files/dea/history/fut_disagg_txt_2026.zip,2026-10-08
cftc_platinum_mm_net,2023-10-24,2023-10-27,-12212.0,https://www.cftc.gov/files/dea/history/fut_disagg_txt_2026.zip,2026-10-08
cftc_platinum_mm_net,2023-10-31,2023-11-03,3100.0,https://www.cftc.gov/files/dea/history/fut_disagg_txt_2026.zip,2026-10-08
cftc_platinum_mm_net,2023-11-07,2023-11-10,-1857.0,https://www.cftc.gov/files/dea/history/fut_disagg_txt_2026.zip,2026-10-08
cftc_platinum_mm_net,2023-11-14,2023-11-17,-17253.0,https://www.cftc.gov/files/dea/history/fut_disagg_txt_2026.zip,2026-10-08
cftc_platinum_mm_net,2023-11-21,2023-11-24,-1135.0,https://www.cftc.gov/files/dea/history/fut_disagg_txt_2026.zip,2026-10-08
cftc_platinum_mm_net,2023-11-28,2023-12-01,4838.0,https://www.cftc.gov/files/dea/history/fut_disagg_txt_2026.zip,2026-10-08
cftc_platinum_mm_net,2023-12-05,2023-12-08,-1880.0,https://www.cftc.gov/files/dea/history/fut_disagg_txt_2026.zip,2026-10-08
cftc_platinum_mm_net,2023-12-12,2023-12-15,-723.0,https://www.cftc.gov/files/dea/history/fut_disagg_txt_2026.zip,2026-10-08
cftc_platinum_mm_net,2023-12-19,2023-12-22,10734.0,https://www.cftc.gov/files/dea/history/fut_disagg_txt_2026.zip,2026-10-08
cftc_platinum_mm_net,2023-12-26,2023-12-29,16557.0,https://www.cftc.gov/files/dea/history/fut_disagg_txt_2026.zip,2026-10-08
cftc_platinum_mm_net,2024-01-02,2024-01-05,23262.0,https://www.cftc.gov/files/dea/history/fut_disagg_txt_2026.zip,2026-10-08
cftc_platinum_mm_net,2024-01-09,2024-01-12,16973.0,https://www.cftc.gov/files/dea/history/fut_disagg_txt_2026.zip,2026-10-08
cftc_platinum_mm_net,2024-01-16,2024-01-19,619.0,https://www.cftc.gov/files/dea/history/fut_disagg_txt_2026.zip,2026-10-08
cftc_platinum_mm_net,2024-01-23,2024-01-26,-6783.0,https://www.cftc.gov/files/dea/history/fut_disagg_txt_2026.zip,2026-10-08
cftc_platinum_mm_net,2024-01-30,2024-02-02,-1177.0,https://www.cftc.gov/files/dea/history/fut_disagg_txt_2026.zip,2026-10-08
cftc_platinum_mm_net,2024-02-06,2024-02-09,-4748.0,https://www.cftc.gov/files/dea/history/fut_disagg_txt_2026.zip,2026-10-08
cftc_platinum_mm_net,2024-02-13,2024-02-16,-13941.0,https://www.cftc.gov/files/dea/history/fut_disagg_txt_2026.zip,2026-10-08
cftc_platinum_mm_net,2024-02-20,2024-02-23,-5853.0,https://www.cftc.gov/files/dea/history/fut_disagg_txt_2026.zip,2026-10-08
cftc_platinum_mm_net,2024-02-27,2024-03-01,-11446.0,https://www.cftc.gov/files/dea/history/fut_disagg_txt_2026.zip,2026-10-08
cftc_platinum_mm_net,2024-03-05,2024-03-08,-20424.0,https://www.cftc.gov/files/dea/history/fut_disagg_txt_2026.zip,2026-10-08
cftc_platinum_mm_net,2024-03-12,2024-03-15,-3160.0,https://www.cftc.gov/files/dea/history/fut_disagg_txt_2026.zip,2026-10-08
cftc_platinum_mm_net,2024-03-19,2024-03-22,-3896.0,https://www.cftc.gov/files/dea/history/fut_disagg_txt_2026.zip,2026-10-08
cftc_platinum_mm_net,2024-03-26,2024-03-29,-3504.0,https://www.cftc.gov/files/dea/history/fut_disagg_txt_2026.zip,2026-10-08
cftc_platinum_mm_net,2024-04-02,2024-04-05,-1014.0,https://www.cftc.gov/files/dea/history/fut_disagg_txt_2026.zip,2026-10-08
cftc_platinum_mm_net,2024-04-09,2024-04-12,11575.0,https://www.cftc.gov/files/dea/history/fut_disagg_txt_2026.zip,2026-10-08
cftc_platinum_mm_net,2024-04-16,2024-04-19,10167.0,https://www.cftc.gov/files/dea/history/fut_disagg_txt_2026.zip,2026-10-08
cftc_platinum_mm_net,2024-04-23,2024-04-26,-5259.0,https://www.cftc.gov/files/dea/history/fut_disagg_txt_2026.zip,2026-10-08
cftc_platinum_mm_net,2024-04-30,2024-05-03,-4534.0,https://www.cftc.gov/files/dea/history/fut_disagg_txt_2026.zip,2026-10-08
cftc_platinum_mm_net,2024-05-07,2024-05-10,4186.0,https://www.cftc.gov/files/dea/history/fut_disagg_txt_2026.zip,2026-10-08
cftc_platinum_mm_net,2024-05-14,2024-05-17,16535.0,https://www.cftc.gov/files/dea/history/fut_disagg_txt_2026.zip,2026-10-08
cftc_platinum_mm_net,2024-05-21,2024-05-24,18319.0,https://www.cftc.gov/files/dea/history/fut_disagg_txt_2026.zip,2026-10-08
cftc_platinum_mm_net,2024-05-28,2024-05-31,18565.0,https://www.cftc.gov/files/dea/history/fut_disagg_txt_2026.zip,2026-10-08
cftc_platinum_mm_net,2024-06-04,2024-06-07,13416.0,https://www.cftc.gov/files/dea/history/fut_disagg_txt_2026.zip,2026-10-08
cftc_platinum_mm_net,2024-06-11,2024-06-14,5859.0,https://www.cftc.gov/files/dea/history/fut_disagg_txt_2026.zip,2026-10-08
cftc_platinum_mm_net,2024-06-18,2024-06-21,5131.0,https://www.cftc.gov/files/dea/history/fut_disagg_txt_2026.zip,2026-10-08
cftc_platinum_mm_net,2024-06-25,2024-06-28,11251.0,https://www.cftc.gov/files/dea/history/fut_disagg_txt_2026.zip,2026-10-08
cftc_platinum_mm_net,2024-07-02,2024-07-05,15142.0,https://www.cftc.gov/files/dea/history/fut_disagg_txt_2026.zip,2026-10-08
cftc_platinum_mm_net,2024-07-09,2024-07-12,13380.0,https://www.cftc.gov/files/dea/history/fut_disagg_txt_2026.zip,2026-10-08
cftc_platinum_mm_net,2024-07-16,2024-07-19,13982.0,https://www.cftc.gov/files/dea/history/fut_disagg_txt_2026.zip,2026-10-08
cftc_platinum_mm_net,2024-07-23,2024-07-26,1633.0,https://www.cftc.gov/files/dea/history/fut_disagg_txt_2026.zip,2026-10-08
cftc_platinum_mm_net,2024-07-30,2024-08-02,3214.0,https://www.cftc.gov/files/dea/history/fut_disagg_txt_2026.zip,2026-10-08
cftc_platinum_mm_net,2024-08-06,2024-08-09,-562.0,https://www.cftc.gov/files/dea/history/fut_disagg_txt_2026.zip,2026-10-08
cftc_platinum_mm_net,2024-08-13,2024-08-16,-725.0,https://www.cftc.gov/files/dea/history/fut_disagg_txt_2026.zip,2026-10-08
cftc_platinum_mm_net,2024-08-20,2024-08-23,1031.0,https://www.cftc.gov/files/dea/history/fut_disagg_txt_2026.zip,2026-10-08
cftc_platinum_mm_net,2024-08-27,2024-08-30,3767.0,https://www.cftc.gov/files/dea/history/fut_disagg_txt_2026.zip,2026-10-08
cftc_platinum_mm_net,2024-09-03,2024-09-06,-9291.0,https://www.cftc.gov/files/dea/history/fut_disagg_txt_2026.zip,2026-10-08
cftc_platinum_mm_net,2024-09-10,2024-09-13,-4398.0,https://www.cftc.gov/files/dea/history/fut_disagg_txt_2026.zip,2026-10-08
cftc_platinum_mm_net,2024-09-17,2024-09-20,10655.0,https://www.cftc.gov/files/dea/history/fut_disagg_txt_2026.zip,2026-10-08
cftc_platinum_mm_net,2024-09-24,2024-09-27,15060.0,https://www.cftc.gov/files/dea/history/fut_disagg_txt_2026.zip,2026-10-08
cftc_platinum_mm_net,2024-10-01,2024-10-04,18690.0,https://www.cftc.gov/files/dea/history/fut_disagg_txt_2026.zip,2026-10-08
cftc_platinum_mm_net,2024-10-08,2024-10-11,13448.0,https://www.cftc.gov/files/dea/history/fut_disagg_txt_2026.zip,2026-10-08
cftc_platinum_mm_net,2024-10-15,2024-10-18,16559.0,https://www.cftc.gov/files/dea/history/fut_disagg_txt_2026.zip,2026-10-08
cftc_platinum_mm_net,2024-10-22,2024-10-25,23676.0,https://www.cftc.gov/files/dea/history/fut_disagg_txt_2026.zip,2026-10-08
cftc_platinum_mm_net,2024-10-29,2024-11-01,29215.0,https://www.cftc.gov/files/dea/history/fut_disagg_txt_2026.zip,2026-10-08
cftc_platinum_mm_net,2024-11-05,2024-11-08,21834.0,https://www.cftc.gov/files/dea/history/fut_disagg_txt_2026.zip,2026-10-08
cftc_platinum_mm_net,2024-11-12,2024-11-15,13226.0,https://www.cftc.gov/files/dea/history/fut_disagg_txt_2026.zip,2026-10-08
cftc_platinum_mm_net,2024-11-19,2024-11-22,12486.0,https://www.cftc.gov/files/dea/history/fut_disagg_txt_2026.zip,2026-10-08
cftc_platinum_mm_net,2024-11-26,2024-11-29,6968.0,https://www.cftc.gov/files/dea/history/fut_disagg_txt_2026.zip,2026-10-08
cftc_platinum_mm_net,2024-12-03,2024-12-06,7552.0,https://www.cftc.gov/files/dea/history/fut_disagg_txt_2026.zip,2026-10-08
cftc_platinum_mm_net,2024-12-10,2024-12-13,3740.0,https://www.cftc.gov/files/dea/history/fut_disagg_txt_2026.zip,2026-10-08
cftc_platinum_mm_net,2024-12-17,2024-12-20,423.0,https://www.cftc.gov/files/dea/history/fut_disagg_txt_2026.zip,2026-10-08
cftc_platinum_mm_net,2024-12-24,2024-12-27,1541.0,https://www.cftc.gov/files/dea/history/fut_disagg_txt_2026.zip,2026-10-08
cftc_platinum_mm_net,2024-12-31,2025-01-03,-8399.0,https://www.cftc.gov/files/dea/history/fut_disagg_txt_2026.zip,2026-10-08
cftc_platinum_mm_net,2025-01-07,2025-01-10,4989.0,https://www.cftc.gov/files/dea/history/fut_disagg_txt_2026.zip,2026-10-08
cftc_platinum_mm_net,2025-01-14,2025-01-17,7180.0,https://www.cftc.gov/files/dea/history/fut_disagg_txt_2026.zip,2026-10-08
cftc_platinum_mm_net,2025-01-21,2025-01-24,1841.0,https://www.cftc.gov/files/dea/history/fut_disagg_txt_2026.zip,2026-10-08
cftc_platinum_mm_net,2025-01-28,2025-01-31,2510.0,https://www.cftc.gov/files/dea/history/fut_disagg_txt_2026.zip,2026-10-08
cftc_platinum_mm_net,2025-02-04,2025-02-07,11485.0,https://www.cftc.gov/files/dea/history/fut_disagg_txt_2026.zip,2026-10-08
cftc_platinum_mm_net,2025-02-11,2025-02-14,19554.0,https://www.cftc.gov/files/dea/history/fut_disagg_txt_2026.zip,2026-10-08
cftc_platinum_mm_net,2025-02-18,2025-02-21,18833.0,https://www.cftc.gov/files/dea/history/fut_disagg_txt_2026.zip,2026-10-08
cftc_platinum_mm_net,2025-02-25,2025-02-28,8468.0,https://www.cftc.gov/files/dea/history/fut_disagg_txt_2026.zip,2026-10-08
cftc_platinum_mm_net,2025-03-04,2025-03-07,2960.0,https://www.cftc.gov/files/dea/history/fut_disagg_txt_2026.zip,2026-10-08
cftc_platinum_mm_net,2025-03-11,2025-03-14,3704.0,https://www.cftc.gov/files/dea/history/fut_disagg_txt_2026.zip,2026-10-08
cftc_platinum_mm_net,2025-03-18,2025-03-21,15044.0,https://www.cftc.gov/files/dea/history/fut_disagg_txt_2026.zip,2026-10-08
cftc_platinum_mm_net,2025-03-25,2025-03-28,3451.0,https://www.cftc.gov/files/dea/history/fut_disagg_txt_2026.zip,2026-10-08
cftc_platinum_mm_net,2025-04-01,2025-04-04,3013.0,https://www.cftc.gov/files/dea/history/fut_disagg_txt_2026.zip,2026-10-08
cftc_platinum_mm_net,2025-04-08,2025-04-11,-14866.0,https://www.cftc.gov/files/dea/history/fut_disagg_txt_2026.zip,2026-10-08
cftc_platinum_mm_net,2025-04-15,2025-04-18,-10417.0,https://www.cftc.gov/files/dea/history/fut_disagg_txt_2026.zip,2026-10-08
cftc_platinum_mm_net,2025-04-22,2025-04-25,-9581.0,https://www.cftc.gov/files/dea/history/fut_disagg_txt_2026.zip,2026-10-08
cftc_platinum_mm_net,2025-04-29,2025-05-02,-2812.0,https://www.cftc.gov/files/dea/history/fut_disagg_txt_2026.zip,2026-10-08
cftc_platinum_mm_net,2025-05-06,2025-05-09,-3194.0,https://www.cftc.gov/files/dea/history/fut_disagg_txt_2026.zip,2026-10-08
cftc_platinum_mm_net,2025-05-13,2025-05-16,-4292.0,https://www.cftc.gov/files/dea/history/fut_disagg_txt_2026.zip,2026-10-08
cftc_platinum_mm_net,2025-05-20,2025-05-23,4903.0,https://www.cftc.gov/files/dea/history/fut_disagg_txt_2026.zip,2026-10-08
cftc_platinum_mm_net,2025-05-27,2025-05-30,17579.0,https://www.cftc.gov/files/dea/history/fut_disagg_txt_2026.zip,2026-10-08
cftc_platinum_mm_net,2025-06-03,2025-06-06,11664.0,https://www.cftc.gov/files/dea/history/fut_disagg_txt_2026.zip,2026-10-08
cftc_platinum_mm_net,2025-06-10,2025-06-13,16915.0,https://www.cftc.gov/files/dea/history/fut_disagg_txt_2026.zip,2026-10-08
cftc_platinum_mm_net,2025-06-17,2025-06-20,14585.0,https://www.cftc.gov/files/dea/history/fut_disagg_txt_2026.zip,2026-10-08
cftc_platinum_mm_net,2025-06-24,2025-06-27,17005.0,https://www.cftc.gov/files/dea/history/fut_disagg_txt_2026.zip,2026-10-08
cftc_platinum_mm_net,2025-07-01,2025-07-04,13062.0,https://www.cftc.gov/files/dea/history/fut_disagg_txt_2026.zip,2026-10-08
cftc_platinum_mm_net,2025-07-08,2025-07-11,12268.0,https://www.cftc.gov/files/dea/history/fut_disagg_txt_2026.zip,2026-10-08
cftc_platinum_mm_net,2025-07-15,2025-07-18,11454.0,https://www.cftc.gov/files/dea/history/fut_disagg_txt_2026.zip,2026-10-08
cftc_platinum_mm_net,2025-07-22,2025-07-25,15122.0,https://www.cftc.gov/files/dea/history/fut_disagg_txt_2026.zip,2026-10-08
cftc_platinum_mm_net,2025-07-29,2025-08-01,15099.0,https://www.cftc.gov/files/dea/history/fut_disagg_txt_2026.zip,2026-10-08
cftc_platinum_mm_net,2025-08-05,2025-08-08,10641.0,https://www.cftc.gov/files/dea/history/fut_disagg_txt_2026.zip,2026-10-08
cftc_platinum_mm_net,2025-08-12,2025-08-15,11035.0,https://www.cftc.gov/files/dea/history/fut_disagg_txt_2026.zip,2026-10-08
cftc_platinum_mm_net,2025-08-19,2025-08-22,10380.0,https://www.cftc.gov/files/dea/history/fut_disagg_txt_2026.zip,2026-10-08
cftc_platinum_mm_net,2025-08-26,2025-08-29,13373.0,https://www.cftc.gov/files/dea/history/fut_disagg_txt_2026.zip,2026-10-08
cftc_platinum_mm_net,2025-09-02,2025-09-05,16084.0,https://www.cftc.gov/files/dea/history/fut_disagg_txt_2026.zip,2026-10-08
cftc_platinum_mm_net,2025-09-09,2025-09-12,11814.0,https://www.cftc.gov/files/dea/history/fut_disagg_txt_2026.zip,2026-10-08
cftc_platinum_mm_net,2025-09-16,2025-09-19,13086.0,https://www.cftc.gov/files/dea/history/fut_disagg_txt_2026.zip,2026-10-08
cftc_platinum_mm_net,2025-09-23,2025-09-26,18554.0,https://www.cftc.gov/files/dea/history/fut_disagg_txt_2026.zip,2026-10-08
cftc_platinum_mm_net,2025-09-30,2025-10-03,20913.0,https://www.cftc.gov/files/dea/history/fut_disagg_txt_2026.zip,2026-10-08
cftc_platinum_mm_net,2025-10-07,2025-10-10,19141.0,https://www.cftc.gov/files/dea/history/fut_disagg_txt_2026.zip,2026-10-08
cftc_platinum_mm_net,2025-10-14,2025-10-17,16949.0,https://www.cftc.gov/files/dea/history/fut_disagg_txt_2026.zip,2026-10-08
cftc_platinum_mm_net,2025-10-21,2025-10-24,11720.0,https://www.cftc.gov/files/dea/history/fut_disagg_txt_2026.zip,2026-10-08
cftc_platinum_mm_net,2025-10-28,2025-10-31,13225.0,https://www.cftc.gov/files/dea/history/fut_disagg_txt_2026.zip,2026-10-08
cftc_platinum_mm_net,2025-11-04,2025-11-07,13687.0,https://www.cftc.gov/files/dea/history/fut_disagg_txt_2026.zip,2026-10-08
cftc_platinum_mm_net,2025-11-10,2025-11-13,15193.0,https://www.cftc.gov/files/dea/history/fut_disagg_txt_2026.zip,2026-10-08
cftc_platinum_mm_net,2025-11-18,2025-11-21,13059.0,https://www.cftc.gov/files/dea/history/fut_disagg_txt_2026.zip,2026-10-08
cftc_platinum_mm_net,2025-11-25,2025-11-28,11055.0,https://www.cftc.gov/files/dea/history/fut_disagg_txt_2026.zip,2026-10-08
cftc_platinum_mm_net,2025-12-02,2025-12-05,10366.0,https://www.cftc.gov/files/dea/history/fut_disagg_txt_2026.zip,2026-10-08
cftc_platinum_mm_net,2025-12-09,2025-12-12,14894.0,https://www.cftc.gov/files/dea/history/fut_disagg_txt_2026.zip,2026-10-08
cftc_platinum_mm_net,2025-12-16,2025-12-19,16245.0,https://www.cftc.gov/files/dea/history/fut_disagg_txt_2026.zip,2026-10-08
cftc_platinum_mm_net,2025-12-23,2025-12-26,9516.0,https://www.cftc.gov/files/dea/history/fut_disagg_txt_2026.zip,2026-10-08
cftc_platinum_mm_net,2025-12-30,2026-01-02,4336.0,https://www.cftc.gov/files/dea/history/fut_disagg_txt_2026.zip,2026-10-08
cftc_platinum_mm_net,2026-01-06,2026-01-09,7117.0,https://www.cftc.gov/files/dea/history/fut_disagg_txt_2026.zip,2026-10-08
cftc_platinum_mm_net,2026-01-13,2026-01-16,7865.0,https://www.cftc.gov/files/dea/history/fut_disagg_txt_2026.zip,2026-10-08
cftc_platinum_mm_net,2026-01-20,2026-01-23,5498.0,https://www.cftc.gov/files/dea/history/fut_disagg_txt_2026.zip,2026-10-08
cftc_platinum_mm_net,2026-01-27,2026-01-30,2428.0,https://www.cftc.gov/files/dea/history/fut_disagg_txt_2026.zip,2026-10-08
cftc_platinum_mm_net,2026-02-03,2026-02-06,1277.0,https://www.cftc.gov/files/dea/history/fut_disagg_txt_2026.zip,2026-10-08
cftc_platinum_mm_net,2026-02-10,2026-02-13,1708.0,https://www.cftc.gov/files/dea/history/fut_disagg_txt_2026.zip,2026-10-08
cftc_platinum_mm_net,2026-02-17,2026-02-20,3426.0,https://www.cftc.gov/files/dea/history/fut_disagg_txt_2026.zip,2026-10-08
cftc_platinum_mm_net,2026-02-24,2026-02-27,5087.0,https://www.cftc.gov/files/dea/history/fut_disagg_txt_2026.zip,2026-10-08
cftc_platinum_mm_net,2026-03-03,2026-03-06,4919.0,https://www.cftc.gov/files/dea/history/fut_disagg_txt_2026.zip,2026-10-08
cftc_platinum_mm_net,2026-03-10,2026-03-13,7723.0,https://www.cftc.gov/files/dea/history/fut_disagg_txt_2026.zip,2026-10-08
cftc_platinum_mm_net,2026-03-17,2026-03-20,10838.0,https://www.cftc.gov/files/dea/history/fut_disagg_txt_2026.zip,2026-10-08
cftc_platinum_mm_net,2026-03-24,2026-03-27,11804.0,https://www.cftc.gov/files/dea/history/fut_disagg_txt_2026.zip,2026-10-08
cftc_platinum_mm_net,2026-03-31,2026-04-03,12436.0,https://www.cftc.gov/files/dea/history/fut_disagg_txt_2026.zip,2026-10-08
cftc_platinum_mm_net,2026-04-07,2026-04-10,13638.0,https://www.cftc.gov/files/dea/history/fut_disagg_txt_2026.zip,2026-10-08
cftc_platinum_mm_net,2026-04-14,2026-04-17,16624.0,https://www.cftc.gov/files/dea/history/fut_disagg_txt_2026.zip,2026-10-08
cftc_platinum_mm_net,2026-04-21,2026-04-24,15927.0,https://www.cftc.gov/files/dea/history/fut_disagg_txt_2026.zip,2026-10-08
cftc_platinum_mm_net,2026-04-28,2026-05-01,14075.0,https://www.cftc.gov/files/dea/history/fut_disagg_txt_2026.zip,2026-10-08
cftc_platinum_mm_net,2026-05-05,2026-05-08,12372.0,https://www.cftc.gov/files/dea/history/fut_disagg_txt_2026.zip,2026-10-08
cftc_platinum_mm_net,2026-05-12,2026-05-15,16111.0,https://www.cftc.gov/files/dea/history/fut_disagg_txt_2026.zip,2026-10-08
cftc_platinum_mm_net,2026-05-19,2026-05-22,13334.0,https://www.cftc.gov/files/dea/history/fut_disagg_txt_2026.zip,2026-10-08
cftc_platinum_mm_net,2026-05-26,2026-05-29,12825.0,https://www.cftc.gov/files/dea/history/fut_disagg_txt_2026.zip,2026-10-08
cftc_platinum_mm_net,2026-06-02,2026-06-05,11817.0,https://www.cftc.gov/files/dea/history/fut_disagg_txt_2026.zip,2026-10-08
cftc_platinum_mm_net,2026-06-09,2026-06-12,8274.0,https://www.cftc.gov/files/dea/history/fut_disagg_txt_2026.zip,2026-10-08
cftc_platinum_mm_net,2026-06-16,2026-06-19,7884.0,https://www.cftc.gov/files/dea/history/fut_disagg_txt_2026.zip,2026-10-08
cftc_platinum_mm_net,2026-06-23,2026-06-26,8657.0,https://www.cftc.gov/files/dea/history/fut_disagg_txt_2026.zip,2026-10-08
cftc_platinum_mm_net,2026-06-30,2026-07-03,7897.0,https://www.cftc.gov/files/dea/history/fut_disagg_txt_2026.zip,2026-10-08
cftc_platinum_mm_net,2026-07-07,2026-07-10,7585.0,https://www.cftc.gov/files/dea/history/fut_disagg_txt_2026.zip,2026-10-08
cftc_platinum_mm_net,2026-07-14,2026-07-17,8266.0,https://www.cftc.gov/files/dea/history/fut_disagg_txt_2026.zip,2026-10-08
cftc_platinum_mm_net,2026-07-21,2026-07-24,6223.0,https://www.cftc.gov/files/dea/history/fut_disagg_txt_2026.zip,2026-10-08
cftc_platinum_mm_net,2026-07-28,2026-07-31,6526.0,https://www.cftc.gov/files/dea/history/fut_disagg_txt_2026.zip,2026-10-08
cftc_platinum_mm_net,2026-08-04,2026-08-07,10960.0,https://www.cftc.gov/files/dea/history/fut_disagg_txt_2026.zip,2026-10-08
cftc_platinum_mm_net,2026-08-11,2026-08-14,7718.0,https://www.cftc.gov/files/dea/history/fut_disagg_txt_2026.zip,2026-10-08
cftc_platinum_mm_net,2026-08-18,2026-08-21,7214.0,https://www.cftc.gov/files/dea/history/fut_disagg_txt_2026.zip,2026-10-08
cftc_platinum_mm_net,2026-08-25,2026-08-28,10228.0,https://www.cftc.gov/files/dea/history/fut_disagg_txt_2026.zip,2026-10-08
cftc_platinum_mm_net,2026-09-01,2026-09-04,8685.0,https://www.cftc.gov/files/dea/history/fut_disagg_txt_2026.zip,2026-10-08
cftc_platinum_mm_net,2026-09-08,2026-09-11,9787.0,https://www.cftc.gov/files/dea/history/fut_disagg_txt_2026.zip,2026-10-08
cftc_platinum_mm_net,2026-09-15,2026-09-18,8972.0,https://www.cftc.gov/files/dea/history/fut_disagg_txt_2026.zip,2026-10-08
cftc_platinum_mm_net,2026-09-22,2026-09-25,9928.0,https://www.cftc.gov/files/dea/history/fut_disagg_txt_2026.zip,2026-10-08
cftc_platinum_mm_net,2026-09-29,2026-10-02,8256.0,https://www.cftc.gov/files/dea/history/fut_disagg_txt_2026.zip,2026-10-08
cftc_platinum_mm_net,2026-10-06,2026-10-09,8475.0,https://www.cftc.gov/files/dea/history/fut_disagg_txt_2026.zip,2026-10-09
