series_id,ref_date,available_date,value,source,fetched_at
cftc_gold_oi,2006-06-13,2006-06-16,288981.0,https://www.cftc.gov/files/dea/history/fut_disagg_txt_2026.zip,2026-10-08
cftc_gold_oi,2006-06-20,2006-06-23,288148.0,https://www.cftc.gov/files/dea/history/fut_disagg_txt_2026.zip,2026-10-08
cftc_gold_oi,2006-06-27,2006-06-30,292789.0,https://www.cftc.gov/files/dea/history/fut_disagg_txt_2026.zip,2026-10-08
cftc_gold_oi,2006-07-03,2006-07-06,292500.0,https://www.cftc.gov/files/dea/history/fut_disagg_txt_2026.zip,2026-10-08
cftc_gold_oi,2006-07-11,2006-07-14,312684.0,https://www.cftc.gov/files/dea/history/fut_disagg_txt_2026.zip,2026-10-08
cftc_gold_oi,2006-07-18,2006-07-21,324276.0,https://www.cftc.gov/files/dea/history/fut_disagg_txt_2026.zip,2026-10-08
cftc_gold_oi,2006-07-25,2006-07-28,315635.0,https://www.cftc.gov/files/dea/history/fut_disagg_txt_2026.zip,2026-10-08
cftc_gold_oi,2006-08-01,2006-08-04,304907.0,https://www.cftc.gov/files/dea/history/fut_disagg_txt_2026.zip,2026-10-08
cftc_gold_oi,2006-08-08,2006-08-11,309097.0,https://www.cftc.gov/files/dea/history/fut_disagg_txt_2026.zip,2026-10-08
cftc_gold_oi,2006-08-15,2006-08-18,313327.0,https://www.cftc.gov/files/dea/history/fut_disagg_txt_2026.zip,2026-10-08
cftc_gold_oi,2006-08-22,2006-08-25,306171.0,https://www.cftc.gov/files/dea/history/fut_disagg_txt_2026.zip,2026-10-08
cftc_gold_oi,2006-08-29,2006-09-01,307583.0,https://www.cftc.gov/files/dea/history/fut_disagg_txt_2026.zip,2026-10-08
cftc_gold_oi,2006-09-05,2006-09-08,319998.0,https://www.cftc.gov/files/dea/history/fut_disagg_txt_2026.zip,2026-10-08
cftc_gold_oi,2006-09-12,2006-09-15,310510.0,https://www.cftc.gov/files/dea/history/fut_disagg_txt_2026.zip,2026-10-08
cftc_gold_oi,2006-09-19,2006-09-22,325852.0,https://www.cftc.gov/files/dea/history/fut_disagg_txt_2026.zip,2026-10-08
cftc_gold_oi,2006-09-26,2006-09-29,322937.0,https://www.cftc.gov/files/dea/history/fut_disagg_txt_2026.zip,2026-10-08
cftc_gold_oi,2006-10-03,2006-10-06,330065.0,https://www.cftc.gov/files/dea/history/fut_disagg_txt_2026.zip,2026-10-08
cftc_gold_oi,2006-10-10,2006-10-13,334329.0,https://www.cftc.gov/files/dea/history/fut_disagg_txt_2026.zip,2026-10-08
cftc_gold_oi,2006-10-17,2006-10-20,329875.0,https://www.cftc.gov/files/dea/history/fut_disagg_txt_2026.zip,2026-10-08
cftc_gold_oi,2006-10-24,2006-10-27,331598.0,https://www.cftc.gov/files/dea/history/fut_disagg_txt_2026.zip,2026-10-08
cftc_gold_oi,2006-10-31,2006-11-03,323481.0,https://www.cftc.gov/files/dea/history/fut_disagg_txt_2026.zip,2026-10-08
cftc_gold_oi,2006-11-07,2006-11-10,335036.0,https://www.cftc.gov/files/dea/history/fut_disagg_txt_2026.zip,2026-10-08
cftc_gold_oi,2006-11-14,2006-11-17,356575.0,https://www.cftc.gov/files/dea/history/fut_disagg_txt_2026.zip,2026-10-08
cftc_gold_oi,2006-11-21,2006-11-24,355430.0,https://www.cftc.gov/files/dea/history/fut_disagg_txt_2026.zip,2026-10-08
cftc_gold_oi,2006-11-28,2006-12-01,349517.0,https://www.cftc.gov/files/dea/history/fut_disagg_txt_2026.zip,2026-10-08
cftc_gold_oi,2006-12-05,2006-12-08,330530.0,https://www.cftc.gov/files/dea/history/fut_disagg_txt_2026.zip,2026-10-08
cftc_gold_oi,2006-12-12,2006-12-15,333101.0,https://www.cftc.gov/files/dea/history/fut_disagg_txt_2026.zip,2026-10-08
cftc_gold_oi,2006-12-19,2006-12-22,337096.0,https://www.cftc.gov/files/dea/history/fut_disagg_txt_2026.zip,2026-10-08
cftc_gold_oi,2006-12-26,2006-12-29,340473.0,https://www.cftc.gov/files/dea/history/fut_disagg_txt_2026.zip,2026-10-08
cftc_gold_oi,2007-01-03,2007-01-06,353494.0,https://www.cftc.gov/files/dea/history/fut_disagg_txt_2026.zip,2026-10-08
cftc_gold_oi,2007-01-09,2007-01-12,347491.0,https://www.cftc.gov/files/dea/history/fut_disagg_txt_2026.zip,2026-10-08
cftc_gold_oi,2007-01-16,2007-01-19,344685.0,https://www.cftc.gov/files/dea/history/fut_disagg_txt_2026.zip,2026-10-08
cftc_gold_oi,2007-01-23,2007-01-26,361114.0,https://www.cftc.gov/files/dea/history/fut_disagg_txt_2026.zip,2026-10-08
cftc_gold_oi,2007-01-30,2007-02-02,348035.0,https://www.cftc.gov/files/dea/history/fut_disagg_txt_2026.zip,2026-10-08
cftc_gold_oi,2007-02-06,2007-02-09,360936.0,https://www.cftc.gov/files/dea/history/fut_disagg_txt_2026.zip,2026-10-08
cftc_gold_oi,2007-02-13,2007-02-16,383169.0,https://www.cftc.gov/files/dea/history/fut_disagg_txt_2026.zip,2026-10-08
cftc_gold_oi,2007-02-20,2007-02-23,396115.0,https://www.cftc.gov/files/dea/history/fut_disagg_txt_2026.zip,2026-10-08
cftc_gold_oi,2007-02-27,2007-03-02,415155.0,https://www.cftc.gov/files/dea/history/fut_disagg_txt_2026.zip,2026-10-08
cftc_gold_oi,2007-03-06,2007-03-09,382550.0,https://www.cftc.gov/files/dea/history/fut_disagg_txt_2026.zip,2026-10-08
cftc_gold_oi,2007-03-13,2007-03-16,394090.0,https://www.cftc.gov/files/dea/history/fut_disagg_txt_2026.zip,2026-10-08
cftc_gold_oi,2007-03-20,2007-03-23,359726.0,https://www.cftc.gov/files/dea/history/fut_disagg_txt_2026.zip,2026-10-08
cftc_gold_oi,2007-03-27,2007-03-30,359434.0,https://www.cftc.gov/files/dea/history/fut_disagg_txt_2026.zip,2026-10-08
cftc_gold_oi,2007-04-03,2007-04-06,347817.0,https://www.cftc.gov/files/dea/history/fut_disagg_txt_2026.zip,2026-10-08
cftc_gold_oi,2007-04-10,2007-04-13,369536.0,https://www.cftc.gov/files/dea/history/fut_disagg_txt_2026.zip,2026-10-08
cftc_gold_oi,2007-04-17,2007-04-20,380800.0,https://www.cftc.gov/files/dea/history/fut_disagg_txt_2026.zip,2026-10-08
cftc_gold_oi,2007-04-24,2007-04-27,403388.0,https://www.cftc.gov/files/dea/history/fut_disagg_txt_2026.zip,2026-10-08
cftc_gold_oi,2007-05-01,2007-05-04,396276.0,https://www.cftc.gov/files/dea/history/fut_disagg_txt_2026.zip,2026-10-08
cftc_gold_oi,2007-05-08,2007-05-11,411273.0,https://www.cftc.gov/files/dea/history/fut_disagg_txt_2026.zip,2026-10-08
cftc_gold_oi,2007-05-15,2007-05-18,408936.0,https://www.cftc.gov/files/dea/history/fut_disagg_txt_2026.zip,2026-10-08
cftc_gold_oi,2007-05-22,2007-05-25,416813.0,https://www.cftc.gov/files/dea/history/fut_disagg_txt_2026.zip,2026-10-08
cftc_gold_oi,2007-05-29,2007-06-01,425688.0,https://www.cftc.gov/files/dea/history/fut_disagg_txt_2026.zip,2026-10-08
cftc_gold_oi,2007-06-05,2007-06-08,385046.0,https://www.cftc.gov/files/dea/history/fut_disagg_txt_2026.zip,2026-10-08
cftc_gold_oi,2007-06-12,2007-06-15,412150.0,https://www.cftc.gov/files/dea/history/fut_disagg_txt_2026.zip,2026-10-08
cftc_gold_oi,2007-06-19,2007-06-22,410324.0,https://www.cftc.gov/files/dea/history/fut_disagg_txt_2026.zip,2026-10-08
cftc_gold_oi,2007-06-26,2007-06-29,407640.0,https://www.cftc.gov/files/dea/history/fut_disagg_txt_2026.zip,2026-10-08
cftc_gold_oi,2007-07-03,2007-07-06,375642.0,https://www.cftc.gov/files/dea/history/fut_disagg_txt_2026.zip,2026-10-08
cftc_gold_oi,2007-07-10,2007-07-13,387916.0,https://www.cftc.gov/files/dea/history/fut_disagg_txt_2026.zip,2026-10-08
cftc_gold_oi,2007-07-17,2007-07-20,385595.0,https://www.cftc.gov/files/dea/history/fut_disagg_txt_2026.zip,2026-10-08
cftc_gold_oi,2007-07-24,2007-07-27,401603.0,https://www.cftc.gov/files/dea/history/fut_disagg_txt_2026.zip,2026-10-08
cftc_gold_oi,2007-07-31,2007-08-03,351185.0,https://www.cftc.gov/files/dea/history/fut_disagg_txt_2026.zip,2026-10-08
cftc_gold_oi,2007-08-07,2007-08-10,352908.0,https://www.cftc.gov/files/dea/history/fut_disagg_txt_2026.zip,2026-10-08
cftc_gold_oi,2007-08-14,2007-08-17,347973.0,https://www.cftc.gov/files/dea/history/fut_disagg_txt_2026.zip,2026-10-08
cftc_gold_oi,2007-08-21,2007-08-24,330204.0,https://www.cftc.gov/files/dea/history/fut_disagg_txt_2026.zip,2026-10-08
cftc_gold_oi,2007-08-28,2007-08-31,325767.0,https://www.cftc.gov/files/dea/history/fut_disagg_txt_2026.zip,2026-10-08
cftc_gold_oi,2007-09-04,2007-09-07,339439.0,https://www.cftc.gov/files/dea/history/fut_disagg_txt_2026.zip,2026-10-08
cftc_gold_oi,2007-09-11,2007-09-14,373686.0,https://www.cftc.gov/files/dea/history/fut_disagg_txt_2026.zip,2026-10-08
cftc_gold_oi,2007-09-18,2007-09-21,392748.0,https://www.cftc.gov/files/dea/history/fut_disagg_txt_2026.zip,2026-10-08
cftc_gold_oi,2007-09-25,2007-09-28,440945.0,https://www.cftc.gov/files/dea/history/fut_disagg_txt_2026.zip,2026-10-08
cftc_gold_oi,2007-10-02,2007-10-05,439865.0,https://www.cftc.gov/files/dea/history/fut_disagg_txt_2026.zip,2026-10-08
cftc_gold_oi,2007-10-09,2007-10-12,458936.0,https://www.cftc.gov/files/dea/history/fut_disagg_txt_2026.zip,2026-10-08
cftc_gold_oi,2007-10-16,2007-10-19,483872.0,https://www.cftc.gov/files/dea/history/fut_disagg_txt_2026.zip,2026-10-08
cftc_gold_oi,2007-10-23,2007-10-26,489471.0,https://www.cftc.gov/files/dea/history/fut_disagg_txt_2026.zip,2026-10-08
cftc_gold_oi,2007-10-30,2007-11-02,516163.0,https://www.cftc.gov/files/dea/history/fut_disagg_txt_2026.zip,2026-10-08
cftc_gold_oi,2007-11-06,2007-11-09,556856.0,https://www.cftc.gov/files/dea/history/fut_disagg_txt_2026.zip,2026-10-08
cftc_gold_oi,2007-11-13,2007-11-16,552546.0,https://www.cftc.gov/files/dea/history/fut_disagg_txt_2026.zip,2026-10-08
cftc_gold_oi,2007-11-20,2007-11-23,512430.0,https://www.cftc.gov/files/dea/history/fut_disagg_txt_2026.zip,2026-10-08
cftc_gold_oi,2007-11-27,2007-11-30,520782.0,https://www.cftc.gov/files/dea/history/fut_disagg_txt_2026.zip,2026-10-08
cftc_gold_oi,2007-12-04,2007-12-07,486709.0,https://www.cftc.gov/files/dea/history/fut_disagg_txt_2026.zip,2026-10-08
cftc_gold_oi,2007-12-11,2007-12-14,486198.0,https://www.cftc.gov/files/dea/history/fut_disagg_txt_2026.zip,2026-10-08
cftc_gold_oi,2007-12-18,2007-12-21,495001.0,https://www.cftc.gov/files/dea/history/fut_disagg_txt_2026.zip,2026-10-08
cftc_gold_oi,2007-12-24,2007-12-27,517020.0,https://www.cftc.gov/files/dea/history/fut_disagg_txt_2026.zip,2026-10-08
cftc_gold_oi,2007-12-31,2008-01-03,541854.0,https://www.cftc.gov/files/dea/history/fut_disagg_txt_2026.zip,2026-10-08
cftc_gold_oi,2008-01-08,2008-01-11,558309.0,https://www.cftc.gov/files/dea/history/fut_disagg_txt_2026.zip,2026-10-08
cftc_gold_oi,2008-01-15,2008-01-18,593953.0,https://www.cftc.gov/files/dea/history/fut_disagg_txt_2026.zip,2026-10-08
cftc_gold_oi,2008-01-22,2008-01-25,560173.0,https://www.cftc.gov/files/dea/history/fut_disagg_txt_2026.zip,2026-10-08
cftc_gold_oi,2008-01-29,2008-02-01,522142.0,https://www.cftc.gov/files/dea/history/fut_disagg_txt_2026.zip,2026-10-08
cftc_gold_oi,2008-02-05,2008-02-08,495139.0,https://www.cftc.gov/files/dea/history/fut_disagg_txt_2026.zip,2026-10-08
cftc_gold_oi,2008-02-12,2008-02-15,475749.0,https://www.cftc.gov/files/dea/history/fut_disagg_txt_2026.zip,2026-10-08
cftc_gold_oi,2008-02-19,2008-02-22,489789.0,https://www.cftc.gov/files/dea/history/fut_disagg_txt_2026.zip,2026-10-08
cftc_gold_oi,2008-02-26,2008-02-29,495102.0,https://www.cftc.gov/files/dea/history/fut_disagg_txt_2026.zip,2026-10-08
cftc_gold_oi,2008-03-04,2008-03-07,486992.0,https://www.cftc.gov/files/dea/history/fut_disagg_txt_2026.zip,2026-10-08
cftc_gold_oi,2008-03-11,2008-03-14,482035.0,https://www.cftc.gov/files/dea/history/fut_disagg_txt_2026.zip,2026-10-08
cftc_gold_oi,2008-03-18,2008-03-21,489055.0,https://www.cftc.gov/files/dea/history/fut_disagg_txt_2026.zip,2026-10-08
cftc_gold_oi,2008-03-25,2008-03-28,452193.0,https://www.cftc.gov/files/dea/history/fut_disagg_txt_2026.zip,2026-10-08
cftc_gold_oi,2008-04-01,2008-04-04,399393.0,https://www.cftc.gov/files/dea/history/fut_disagg_txt_2026.zip,2026-10-08
cftc_gold_oi,2008-04-08,2008-04-11,407212.0,https://www.cftc.gov/files/dea/history/fut_disagg_txt_2026.zip,2026-10-08
cftc_gold_oi,2008-04-15,2008-04-18,422699.0,https://www.cftc.gov/files/dea/history/fut_disagg_txt_2026.zip,2026-10-08
cftc_gold_oi,2008-04-22,2008-04-25,424218.0,https://www.cftc.gov/files/dea/history/fut_disagg_txt_2026.zip,2026-10-08
cftc_gold_oi,2008-04-29,2008-05-02,429670.0,https://www.cftc.gov/files/dea/history/fut_disagg_txt_2026.zip,2026-10-08
cftc_gold_oi,2008-05-06,2008-05-09,433741.0,https://www.cftc.gov/files/dea/history/fut_disagg_txt_2026.zip,2026-10-08
cftc_gold_oi,2008-05-13,2008-05-16,439636.0,https://www.cftc.gov/files/dea/history/fut_disagg_txt_2026.zip,2026-10-08
cftc_gold_oi,2008-05-20,2008-05-23,453084.0,https://www.cftc.gov/files/dea/history/fut_disagg_txt_2026.zip,2026-10-08
cftc_gold_oi,2008-05-27,2008-05-30,430961.0,https://www.cftc.gov/files/dea/history/fut_disagg_txt_2026.zip,2026-10-08
cftc_gold_oi,2008-06-03,2008-06-06,398441.0,https://www.cftc.gov/files/dea/history/fut_disagg_txt_2026.zip,2026-10-08
cftc_gold_oi,2008-06-10,2008-06-13,396392.0,https://www.cftc.gov/files/dea/history/fut_disagg_txt_2026.zip,2026-10-08
cftc_gold_oi,2008-06-17,2008-06-20,390471.0,https://www.cftc.gov/files/dea/history/fut_disagg_txt_2026.zip,2026-10-08
cftc_gold_oi,2008-06-24,2008-06-27,401226.0,https://www.cftc.gov/files/dea/history/fut_disagg_txt_2026.zip,2026-10-08
cftc_gold_oi,2008-07-01,2008-07-04,434024.0,https://www.cftc.gov/files/dea/history/fut_disagg_txt_2026.zip,2026-10-08
cftc_gold_oi,2008-07-08,2008-07-11,443202.0,https://www.cftc.gov/files/dea/history/fut_disagg_txt_2026.zip,2026-10-08
cftc_gold_oi,2008-07-15,2008-07-18,483920.0,https://www.cftc.gov/files/dea/history/fut_disagg_txt_2026.zip,2026-10-08
cftc_gold_oi,2008-07-22,2008-07-25,475606.0,https://www.cftc.gov/files/dea/history/fut_disagg_txt_2026.zip,2026-10-08
cftc_gold_oi,2008-07-29,2008-08-01,446013.0,https://www.cftc.gov/files/dea/history/fut_disagg_txt_2026.zip,2026-10-08
cftc_gold_oi,2008-08-05,2008-08-08,408430.0,https://www.cftc.gov/files/dea/history/fut_disagg_txt_2026.zip,2026-10-08
cftc_gold_oi,2008-08-12,2008-08-15,365611.0,https://www.cftc.gov/files/dea/history/fut_disagg_txt_2026.zip,2026-10-08
cftc_gold_oi,2008-08-19,2008-08-22,372968.0,https://www.cftc.gov/files/dea/history/fut_disagg_txt_2026.zip,2026-10-08
cftc_gold_oi,2008-08-26,2008-08-29,380766.0,https://www.cftc.gov/files/dea/history/fut_disagg_txt_2026.zip,2026-10-08
cftc_gold_oi,2008-09-02,2008-09-05,382329.0,https://www.cftc.gov/files/dea/history/fut_disagg_txt_2026.zip,2026-10-08
cftc_gold_oi,2008-09-09,2008-09-12,392592.0,https://www.cftc.gov/files/dea/history/fut_disagg_txt_2026.zip,2026-10-08
cftc_gold_oi,2008-09-16,2008-09-19,393814.0,https://www.cftc.gov/files/dea/history/fut_disagg_txt_2026.zip,2026-10-08
cftc_gold_oi,2008-09-23,2008-09-26,368254.0,https://www.cftc.gov/files/dea/history/fut_disagg_txt_2026.zip,2026-10-08
cftc_gold_oi,2008-09-30,2008-10-03,336598.0,https://www.cftc.gov/files/dea/history/fut_disagg_txt_2026.zip,2026-10-08
cftc_gold_oi,2008-10-07,2008-10-10,329480.0,https://www.cftc.gov/files/dea/history/fut_disagg_txt_2026.zip,2026-10-08
cftc_gold_oi,2008-10-14,2008-10-17,323496.0,https://www.cftc.gov/files/dea/history/fut_disagg_txt_2026.zip,2026-10-08
cftc_gold_oi,2008-10-21,2008-10-24,319472.0,https://www.cftc.gov/files/dea/history/fut_disagg_txt_2026.zip,2026-10-08
cftc_gold_oi,2008-10-28,2008-10-31,313709.0,https://www.cftc.gov/files/dea/history/fut_disagg_txt_2026.zip,2026-10-08
cftc_gold_oi,2008-11-04,2008-11-07,303908.0,https://www.cftc.gov/files/dea/history/fut_disagg_txt_2026.zip,2026-10-08
cftc_gold_oi,2008-11-11,2008-11-14,293831.0,https://www.cftc.gov/files/dea/history/fut_disagg_txt_2026.zip,2026-10-08
cftc_gold_oi,2008-11-18,2008-11-21,289700.0,https://www.cftc.gov/files/dea/history/fut_disagg_txt_2026.zip,2026-10-08
cftc_gold_oi,2008-11-25,2008-11-28,276567.0,https://www.cftc.gov/files/dea/history/fut_disagg_txt_2026.zip,2026-10-08
cftc_gold_oi,2008-12-02,2008-12-05,264796.0,https://www.cftc.gov/files/dea/history/fut_disagg_txt_2026.zip,2026-10-08
cftc_gold_oi,2008-12-09,2008-12-12,261001.0,https://www.cftc.gov/files/dea/history/fut_disagg_txt_2026.zip,2026-10-08
cftc_gold_oi,2008-12-16,2008-12-19,282915.0,https://www.cftc.gov/files/dea/history/fut_disagg_txt_2026.zip,2026-10-08
cftc_gold_oi,2008-12-22,2008-12-25,291022.0,https://www.cftc.gov/files/dea/history/fut_disagg_txt_2026.zip,2026-10-08
cftc_gold_oi,2008-12-30,2009-01-02,300448.0,https://www.cftc.gov/files/dea/history/fut_disagg_txt_2026.zip,2026-10-08
cftc_gold_oi,2009-01-06,2009-01-09,320391.0,https://www.cftc.gov/files/dea/history/fut_disagg_txt_2026.zip,2026-10-08
cftc_gold_oi,2009-01-13,2009-01-16,318185.0,https://www.cftc.gov/files/dea/history/fut_disagg_txt_2026.zip,2026-10-08
cftc_gold_oi,2009-01-20,2009-01-23,331507.0,https://www.cftc.gov/files/dea/history/fut_disagg_txt_2026.zip,2026-10-08
cftc_gold_oi,2009-01-27,2009-01-30,354191.0,https://www.cftc.gov/files/dea/history/fut_disagg_txt_2026.zip,2026-10-08
cftc_gold_oi,2009-02-03,2009-02-06,346288.0,https://www.cftc.gov/files/dea/history/fut_disagg_txt_2026.zip,2026-10-08
cftc_gold_oi,2009-02-10,2009-02-13,350858.0,https://www.cftc.gov/files/dea/history/fut_disagg_txt_2026.zip,2026-10-08
cftc_gold_oi,2009-02-17,2009-02-20,361619.0,https://www.cftc.gov/files/dea/history/fut_disagg_txt_2026.zip,2026-10-08
cftc_gold_oi,2009-02-24,2009-02-27,372697.0,https://www.cftc.gov/files/dea/history/fut_disagg_txt_2026.zip,2026-10-08
cftc_gold_oi,2009-03-03,2009-03-06,365271.0,https://www.cftc.gov/files/dea/history/fut_disagg_txt_2026.zip,2026-10-08
cftc_gold_oi,2009-03-10,2009-03-13,371321.0,https://www.cftc.gov/files/dea/history/fut_disagg_txt_2026.zip,2026-10-08
cftc_gold_oi,2009-03-17,2009-03-20,376237.0,https://www.cftc.gov/files/dea/history/fut_disagg_txt_2026.zip,2026-10-08
cftc_gold_oi,2009-03-24,2009-03-27,387177.0,https://www.cftc.gov/files/dea/history/fut_disagg_txt_2026.zip,2026-10-08
cftc_gold_oi,2009-03-31,2009-04-03,368618.0,https://www.cftc.gov/files/dea/history/fut_disagg_txt_2026.zip,2026-10-08
cftc_gold_oi,2009-04-07,2009-04-10,344929.0,https://www.cftc.gov/files/dea/history/fut_disagg_txt_2026.zip,2026-10-08
cftc_gold_oi,2009-04-14,2009-04-17,336930.0,https://www.cftc.gov/files/dea/history/fut_disagg_txt_2026.zip,2026-10-08
cftc_gold_oi,2009-04-21,2009-04-24,339226.0,https://www.cftc.gov/files/dea/history/fut_disagg_txt_2026.zip,2026-10-08
cftc_gold_oi,2009-04-28,2009-05-01,343037.0,https://www.cftc.gov/files/dea/history/fut_disagg_txt_2026.zip,2026-10-08
cftc_gold_oi,2009-05-05,2009-05-08,341461.0,https://www.cftc.gov/files/dea/history/fut_disagg_txt_2026.zip,2026-10-08
cftc_gold_oi,2009-05-12,2009-05-15,359517.0,https://www.cftc.gov/files/dea/history/fut_disagg_txt_2026.zip,2026-10-08
cftc_gold_oi,2009-05-19,2009-05-22,367931.0,https://www.cftc.gov/files/dea/history/fut_disagg_txt_2026.zip,2026-10-08
cftc_gold_oi,2009-05-26,2009-05-29,396965.0,https://www.cftc.gov/files/dea/history/fut_disagg_txt_2026.zip,2026-10-08
cftc_gold_oi,2009-06-02,2009-06-05,391057.0,https://www.cftc.gov/files/dea/history/fut_disagg_txt_2026.zip,2026-10-08
cftc_gold_oi,2009-06-09,2009-06-12,387181.0,https://www.cftc.gov/files/dea/history/fut_disagg_txt_2026.zip,2026-10-08
cftc_gold_oi,2009-06-16,2009-06-19,371997.0,https://www.cftc.gov/files/dea/history/fut_disagg_txt_2026.zip,2026-10-08
cftc_gold_oi,2009-06-23,2009-06-26,370347.0,https://www.cftc.gov/files/dea/history/fut_disagg_txt_2026.zip,2026-10-08
cftc_gold_oi,2009-06-30,2009-07-03,379199.0,https://www.cftc.gov/files/dea/history/fut_disagg_txt_2026.zip,2026-10-08
cftc_gold_oi,2009-07-07,2009-07-10,372985.0,https://www.cftc.gov/files/dea/history/fut_disagg_txt_2026.zip,2026-10-08
cftc_gold_oi,2009-07-14,2009-07-17,370509.0,https://www.cftc.gov/files/dea/history/fut_disagg_txt_2026.zip,2026-10-08
cftc_gold_oi,2009-07-21,2009-07-24,390939.0,https://www.cftc.gov/files/dea/history/fut_disagg_txt_2026.zip,2026-10-08
cftc_gold_oi,2009-07-28,2009-07-31,386340.0,https://www.cftc.gov/files/dea/history/fut_disagg_txt_2026.zip,2026-10-08
cftc_gold_oi,2009-08-04,2009-08-07,392834.0,https://www.cftc.gov/files/dea/history/fut_disagg_txt_2026.zip,2026-10-08
cftc_gold_oi,2009-08-11,2009-08-14,385002.0,https://www.cftc.gov/files/dea/history/fut_disagg_txt_2026.zip,2026-10-08
cftc_gold_oi,2009-08-18,2009-08-21,373810.0,https://www.cftc.gov/files/dea/history/fut_disagg_txt_2026.zip,2026-10-08
cftc_gold_oi,2009-08-25,2009-08-28,379629.0,https://www.cftc.gov/files/dea/history/fut_disagg_txt_2026.zip,2026-10-08
cftc_gold_oi,2009-09-01,2009-09-04,384703.0,https://www.cftc.gov/files/dea/history/fut_disagg_txt_2026.zip,2026-10-08
cftc_gold_oi,2009-09-08,2009-09-11,451713.0,https://www.cftc.gov/files/dea/history/fut_disagg_txt_2026.zip,2026-10-08
cftc_gold_oi,2009-09-15,2009-09-18,467892.0,https://www.cftc.gov/files/dea/history/fut_disagg_txt_2026.zip,2026-10-08
cftc_gold_oi,2009-09-22,2009-09-25,467145.0,https://www.cftc.gov/files/dea/history/fut_disagg_txt_2026.zip,2026-10-08
cftc_gold_oi,2009-09-29,2009-10-02,454585.0,https://www.cftc.gov/files/dea/history/fut_disagg_txt_2026.zip,2026-10-08
cftc_gold_oi,2009-10-06,2009-10-09,484307.0,https://www.cftc.gov/files/dea/history/fut_disagg_txt_2026.zip,2026-10-08
cftc_gold_oi,2009-10-13,2009-10-16,504187.0,https://www.cftc.gov/files/dea/history/fut_disagg_txt_2026.zip,2026-10-08
cftc_gold_oi,2009-10-20,2009-10-23,509678.0,https://www.cftc.gov/files/dea/history/fut_disagg_txt_2026.zip,2026-10-08
cftc_gold_oi,2009-10-27,2009-10-30,497479.0,https://www.cftc.gov/files/dea/history/fut_disagg_txt_2026.zip,2026-10-08
cftc_gold_oi,2009-11-03,2009-11-06,493991.0,https://www.cftc.gov/files/dea/history/fut_disagg_txt_2026.zip,2026-10-08
cftc_gold_oi,2009-11-09,2009-11-12,530505.0,https://www.cftc.gov/files/dea/history/fut_disagg_txt_2026.zip,2026-10-08
cftc_gold_oi,2009-11-17,2009-11-20,533119.0,https://www.cftc.gov/files/dea/history/fut_disagg_txt_2026.zip,2026-10-08
cftc_gold_oi,2009-11-24,2009-11-27,521253.0,https://www.cftc.gov/files/dea/history/fut_disagg_txt_2026.zip,2026-10-08
cftc_gold_oi,2009-12-01,2009-12-04,521433.0,https://www.cftc.gov/files/dea/history/fut_disagg_txt_2026.zip,2026-10-08
cftc_gold_oi,2009-12-08,2009-12-11,505652.0,https://www.cftc.gov/files/dea/history/fut_disagg_txt_2026.zip,2026-10-08
cftc_gold_oi,2009-12-15,2009-12-18,504368.0,https://www.cftc.gov/files/dea/history/fut_disagg_txt_2026.zip,2026-10-08
cftc_gold_oi,2009-12-22,2009-12-25,499233.0,https://www.cftc.gov/files/dea/history/fut_disagg_txt_2026.zip,2026-10-08
cftc_gold_oi,2009-12-29,2010-01-01,491712.0,https://www.cftc.gov/files/dea/history/fut_disagg_txt_2026.zip,2026-10-08
cftc_gold_oi,2010-01-05,2010-01-08,507643.0,https://www.cftc.gov/files/dea/history/fut_disagg_txt_2026.zip,2026-10-08
cftc_gold_oi,2010-01-12,2010-01-15,523266.0,https://www.cftc.gov/files/dea/history/fut_disagg_txt_2026.zip,2026-10-08
cftc_gold_oi,2010-01-19,2010-01-22,528924.0,https://www.cftc.gov/files/dea/history/fut_disagg_txt_2026.zip,2026-10-08
cftc_gold_oi,2010-01-26,2010-01-29,507565.0,https://www.cftc.gov/files/dea/history/fut_disagg_txt_2026.zip,2026-10-08
cftc_gold_oi,2010-02-02,2010-02-05,480860.0,https://www.cftc.gov/files/dea/history/fut_disagg_txt_2026.zip,2026-10-08
cftc_gold_oi,2010-02-09,2010-02-12,466905.0,https://www.cftc.gov/files/dea/history/fut_disagg_txt_2026.zip,2026-10-08
cftc_gold_oi,2010-02-16,2010-02-19,466509.0,https://www.cftc.gov/files/dea/history/fut_disagg_txt_2026.zip,2026-10-08
cftc_gold_oi,2010-02-23,2010-02-26,466572.0,https://www.cftc.gov/files/dea/history/fut_disagg_txt_2026.zip,2026-10-08
cftc_gold_oi,2010-03-02,2010-03-05,482786.0,https://www.cftc.gov/files/dea/history/fut_disagg_txt_2026.zip,2026-10-08
cftc_gold_oi,2010-03-09,2010-03-12,493909.0,https://www.cftc.gov/files/dea/history/fut_disagg_txt_2026.zip,2026-10-08
cftc_gold_oi,2010-03-16,2010-03-19,496481.0,https://www.cftc.gov/files/dea/history/fut_disagg_txt_2026.zip,2026-10-08
cftc_gold_oi,2010-03-23,2010-03-26,495143.0,https://www.cftc.gov/files/dea/history/fut_disagg_txt_2026.zip,2026-10-08
cftc_gold_oi,2010-03-30,2010-04-02,466678.0,https://www.cftc.gov/files/dea/history/fut_disagg_txt_2026.zip,2026-10-08
cftc_gold_oi,2010-04-06,2010-04-09,497388.0,https://www.cftc.gov/files/dea/history/fut_disagg_txt_2026.zip,2026-10-08
cftc_gold_oi,2010-04-13,2010-04-16,528856.0,https://www.cftc.gov/files/dea/history/fut_disagg_txt_2026.zip,2026-10-08
cftc_gold_oi,2010-04-20,2010-04-23,521338.0,https://www.cftc.gov/files/dea/history/fut_disagg_txt_2026.zip,2026-10-08
cftc_gold_oi,2010-04-27,2010-04-30,538591.0,https://www.cftc.gov/files/dea/history/fut_disagg_txt_2026.zip,2026-10-08
cftc_gold_oi,2010-05-04,2010-05-07,551616.0,https://www.cftc.gov/files/dea/history/fut_disagg_txt_2026.zip,2026-10-08
cftc_gold_oi,2010-05-11,2010-05-14,583504.0,https://www.cftc.gov/files/dea/history/fut_disagg_txt_2026.zip,2026-10-08
cftc_gold_oi,2010-05-18,2010-05-21,579758.0,https://www.cftc.gov/files/dea/history/fut_disagg_txt_2026.zip,2026-10-08
cftc_gold_oi,2010-05-25,2010-05-28,591360.0,https://www.cftc.gov/files/dea/history/fut_disagg_txt_2026.zip,2026-10-08
cftc_gold_oi,2010-06-01,2010-06-04,553950.0,https://www.cftc.gov/files/dea/history/fut_disagg_txt_2026.zip,2026-10-08
cftc_gold_oi,2010-06-08,2010-06-11,564792.0,https://www.cftc.gov/files/dea/history/fut_disagg_txt_2026.zip,2026-10-08
cftc_gold_oi,2010-06-15,2010-06-18,569204.0,https://www.cftc.gov/files/dea/history/fut_disagg_txt_2026.zip,2026-10-08
cftc_gold_oi,2010-06-22,2010-06-25,602411.0,https://www.cftc.gov/files/dea/history/fut_disagg_txt_2026.zip,2026-10-08
cftc_gold_oi,2010-06-29,2010-07-02,601138.0,https://www.cftc.gov/files/dea/history/fut_disagg_txt_2026.zip,2026-10-08
cftc_gold_oi,2010-07-06,2010-07-09,577732.0,https://www.cftc.gov/files/dea/history/fut_disagg_txt_2026.zip,2026-10-08
cftc_gold_oi,2010-07-13,2010-07-16,568078.0,https://www.cftc.gov/files/dea/history/fut_disagg_txt_2026.zip,2026-10-08
cftc_gold_oi,2010-07-20,2010-07-23,559473.0,https://www.cftc.gov/files/dea/history/fut_disagg_txt_2026.zip,2026-10-08
cftc_gold_oi,2010-07-27,2010-07-30,560066.0,https://www.cftc.gov/files/dea/history/fut_disagg_txt_2026.zip,2026-10-08
cftc_gold_oi,2010-08-03,2010-08-06,518643.0,https://www.cftc.gov/files/dea/history/fut_disagg_txt_2026.zip,2026-10-08
cftc_gold_oi,2010-08-10,2010-08-13,523078.0,https://www.cftc.gov/files/dea/history/fut_disagg_txt_2026.zip,2026-10-08
cftc_gold_oi,2010-08-17,2010-08-20,543674.0,https://www.cftc.gov/files/dea/history/fut_disagg_txt_2026.zip,2026-10-08
cftc_gold_oi,2010-08-24,2010-08-27,556464.0,https://www.cftc.gov/files/dea/history/fut_disagg_txt_2026.zip,2026-10-08
cftc_gold_oi,2010-08-31,2010-09-03,577352.0,https://www.cftc.gov/files/dea/history/fut_disagg_txt_2026.zip,2026-10-08
cftc_gold_oi,2010-09-07,2010-09-10,585564.0,https://www.cftc.gov/files/dea/history/fut_disagg_txt_2026.zip,2026-10-08
cftc_gold_oi,2010-09-14,2010-09-17,594058.0,https://www.cftc.gov/files/dea/history/fut_disagg_txt_2026.zip,2026-10-08
cftc_gold_oi,2010-09-21,2010-09-24,597592.0,https://www.cftc.gov/files/dea/history/fut_disagg_txt_2026.zip,2026-10-08
cftc_gold_oi,2010-09-28,2010-10-01,619408.0,https://www.cftc.gov/files/dea/history/fut_disagg_txt_2026.zip,2026-10-08
cftc_gold_oi,2010-10-05,2010-10-08,617204.0,https://www.cftc.gov/files/dea/history/fut_disagg_txt_2026.zip,2026-10-08
cftc_gold_oi,2010-10-12,2010-10-15,616382.0,https://www.cftc.gov/files/dea/history/fut_disagg_txt_2026.zip,2026-10-08
cftc_gold_oi,2010-10-19,2010-10-22,630626.0,https://www.cftc.gov/files/dea/history/fut_disagg_txt_2026.zip,2026-10-08
cftc_gold_oi,2010-10-26,2010-10-29,607582.0,https://www.cftc.gov/files/dea/history/fut_disagg_txt_2026.zip,2026-10-08
cftc_gold_oi,2010-11-02,2010-11-05,618381.0,https://www.cftc.gov/files/dea/history/fut_disagg_txt_2026.zip,2026-10-08
cftc_gold_oi,2010-11-09,2010-11-12,650764.0,https://www.cftc.gov/files/dea/history/fut_disagg_txt_2026.zip,2026-10-08
cftc_gold_oi,2010-11-16,2010-11-19,637435.0,https://www.cftc.gov/files/dea/history/fut_disagg_txt_2026.zip,2026-10-08
cftc_gold_oi,2010-11-23,2010-11-26,622712.0,https://www.cftc.gov/files/dea/history/fut_disagg_txt_2026.zip,2026-10-08
cftc_gold_oi,2010-11-30,2010-12-03,600158.0,https://www.cftc.gov/files/dea/history/fut_disagg_txt_2026.zip,2026-10-08
cftc_gold_oi,2010-12-07,2010-12-10,603632.0,https://www.cftc.gov/files/dea/history/fut_disagg_txt_2026.zip,2026-10-08
cftc_gold_oi,2010-12-14,2010-12-17,594652.0,https://www.cftc.gov/files/dea/history/fut_disagg_txt_2026.zip,2026-10-08
cftc_gold_oi,2010-12-21,2010-12-24,582133.0,https://www.cftc.gov/files/dea/history/fut_disagg_txt_2026.zip,2026-10-08
cftc_gold_oi,2010-12-28,2010-12-31,594490.0,https://www.cftc.gov/files/dea/history/fut_disagg_txt_2026.zip,2026-10-08
cftc_gold_oi,2011-01-04,2011-01-07,592613.0,https://www.cftc.gov/files/dea/history/fut_disagg_txt_2026.zip,2026-10-08
cftc_gold_oi,2011-01-11,2011-01-14,588179.0,https://www.cftc.gov/files/dea/history/fut_disagg_txt_2026.zip,2026-10-08
cftc_gold_oi,2011-01-18,2011-01-21,587832.0,https://www.cftc.gov/files/dea/history/fut_disagg_txt_2026.zip,2026-10-08
cftc_gold_oi,2011-01-25,2011-01-28,506047.0,https://www.cftc.gov/files/dea/history/fut_disagg_txt_2026.zip,2026-10-08
cftc_gold_oi,2011-02-01,2011-02-04,462907.0,https://www.cftc.gov/files/dea/history/fut_disagg_txt_2026.zip,2026-10-08
cftc_gold_oi,2011-02-08,2011-02-11,469779.0,https://www.cftc.gov/files/dea/history/fut_disagg_txt_2026.zip,2026-10-08
cftc_gold_oi,2011-02-15,2011-02-18,473345.0,https://www.cftc.gov/files/dea/history/fut_disagg_txt_2026.zip,2026-10-08
cftc_gold_oi,2011-02-22,2011-02-25,502119.0,https://www.cftc.gov/files/dea/history/fut_disagg_txt_2026.zip,2026-10-08
cftc_gold_oi,2011-03-01,2011-03-04,515784.0,https://www.cftc.gov/files/dea/history/fut_disagg_txt_2026.zip,2026-10-08
cftc_gold_oi,2011-03-08,2011-03-11,515214.0,https://www.cftc.gov/files/dea/history/fut_disagg_txt_2026.zip,2026-10-08
cftc_gold_oi,2011-03-15,2011-03-18,507760.0,https://www.cftc.gov/files/dea/history/fut_disagg_txt_2026.zip,2026-10-08
cftc_gold_oi,2011-03-22,2011-03-25,509131.0,https://www.cftc.gov/files/dea/history/fut_disagg_txt_2026.zip,2026-10-08
cftc_gold_oi,2011-03-29,2011-04-01,492087.0,https://www.cftc.gov/files/dea/history/fut_disagg_txt_2026.zip,2026-10-08
cftc_gold_oi,2011-04-05,2011-04-08,508956.0,https://www.cftc.gov/files/dea/history/fut_disagg_txt_2026.zip,2026-10-08
cftc_gold_oi,2011-04-12,2011-04-15,514871.0,https://www.cftc.gov/files/dea/history/fut_disagg_txt_2026.zip,2026-10-08
cftc_gold_oi,2011-04-19,2011-04-22,537946.0,https://www.cftc.gov/files/dea/history/fut_disagg_txt_2026.zip,2026-10-08
cftc_gold_oi,2011-04-26,2011-04-29,530132.0,https://www.cftc.gov/files/dea/history/fut_disagg_txt_2026.zip,2026-10-08
cftc_gold_oi,2011-05-03,2011-05-06,522323.0,https://www.cftc.gov/files/dea/history/fut_disagg_txt_2026.zip,2026-10-08
cftc_gold_oi,2011-05-10,2011-05-13,510151.0,https://www.cftc.gov/files/dea/history/fut_disagg_txt_2026.zip,2026-10-08
cftc_gold_oi,2011-05-17,2011-05-20,509164.0,https://www.cftc.gov/files/dea/history/fut_disagg_txt_2026.zip,2026-10-08
cftc_gold_oi,2011-05-24,2011-05-27,531180.0,https://www.cftc.gov/files/dea/history/fut_disagg_txt_2026.zip,2026-10-08
cftc_gold_oi,2011-05-31,2011-06-03,501400.0,https://www.cftc.gov/files/dea/history/fut_disagg_txt_2026.zip,2026-10-08
cftc_gold_oi,2011-06-07,2011-06-10,502251.0,https://www.cftc.gov/files/dea/history/fut_disagg_txt_2026.zip,2026-10-08
cftc_gold_oi,2011-06-14,2011-06-17,497780.0,https://www.cftc.gov/files/dea/history/fut_disagg_txt_2026.zip,2026-10-08
cftc_gold_oi,2011-06-21,2011-06-24,515016.0,https://www.cftc.gov/files/dea/history/fut_disagg_txt_2026.zip,2026-10-08
cftc_gold_oi,2011-06-28,2011-07-01,495761.0,https://www.cftc.gov/files/dea/history/fut_disagg_txt_2026.zip,2026-10-08
cftc_gold_oi,2011-07-05,2011-07-08,489782.0,https://www.cftc.gov/files/dea/history/fut_disagg_txt_2026.zip,2026-10-08
cftc_gold_oi,2011-07-12,2011-07-15,520202.0,https://www.cftc.gov/files/dea/history/fut_disagg_txt_2026.zip,2026-10-08
cftc_gold_oi,2011-07-19,2011-07-22,542342.0,https://www.cftc.gov/files/dea/history/fut_disagg_txt_2026.zip,2026-10-08
cftc_gold_oi,2011-07-26,2011-07-29,536454.0,https://www.cftc.gov/files/dea/history/fut_disagg_txt_2026.zip,2026-10-08
cftc_gold_oi,2011-08-02,2011-08-05,529403.0,https://www.cftc.gov/files/dea/history/fut_disagg_txt_2026.zip,2026-10-08
cftc_gold_oi,2011-08-09,2011-08-12,510223.0,https://www.cftc.gov/files/dea/history/fut_disagg_txt_2026.zip,2026-10-08
cftc_gold_oi,2011-08-16,2011-08-19,514107.0,https://www.cftc.gov/files/dea/history/fut_disagg_txt_2026.zip,2026-10-08
cftc_gold_oi,2011-08-23,2011-08-26,528520.0,https://www.cftc.gov/files/dea/history/fut_disagg_txt_2026.zip,2026-10-08
cftc_gold_oi,2011-08-30,2011-09-02,509326.0,https://www.cftc.gov/files/dea/history/fut_disagg_txt_2026.zip,2026-10-08
cftc_gold_oi,2011-09-06,2011-09-09,523294.0,https://www.cftc.gov/files/dea/history/fut_disagg_txt_2026.zip,2026-10-08
cftc_gold_oi,2011-09-13,2011-09-16,512068.0,https://www.cftc.gov/files/dea/history/fut_disagg_txt_2026.zip,2026-10-08
cftc_gold_oi,2011-09-20,2011-09-23,499356.0,https://www.cftc.gov/files/dea/history/fut_disagg_txt_2026.zip,2026-10-08
cftc_gold_oi,2011-09-27,2011-09-30,465414.0,https://www.cftc.gov/files/dea/history/fut_disagg_txt_2026.zip,2026-10-08
cftc_gold_oi,2011-10-04,2011-10-07,436920.0,https://www.cftc.gov/files/dea/history/fut_disagg_txt_2026.zip,2026-10-08
cftc_gold_oi,2011-10-11,2011-10-14,438090.0,https://www.cftc.gov/files/dea/history/fut_disagg_txt_2026.zip,2026-10-08
cftc_gold_oi,2011-10-18,2011-10-21,437739.0,https://www.cftc.gov/files/dea/history/fut_disagg_txt_2026.zip,2026-10-08
cftc_gold_oi,2011-10-25,2011-10-28,443723.0,https://www.cftc.gov/files/dea/history/fut_disagg_txt_2026.zip,2026-10-08
cftc_gold_oi,2011-11-01,2011-11-04,442435.0,https://www.cftc.gov/files/dea/history/fut_disagg_txt_2026.zip,2026-10-08
cftc_gold_oi,2011-11-08,2011-11-11,464982.0,https://www.cftc.gov/files/dea/history/fut_disagg_txt_2026.zip,2026-10-08
cftc_gold_oi,2011-11-15,2011-11-18,470490.0,https://www.cftc.gov/files/dea/history/fut_disagg_txt_2026.zip,2026-10-08
cftc_gold_oi,2011-11-22,2011-11-25,457070.0,https://www.cftc.gov/files/dea/history/fut_disagg_txt_2026.zip,2026-10-08
cftc_gold_oi,2011-11-29,2011-12-02,423176.0,https://www.cftc.gov/files/dea/history/fut_disagg_txt_2026.zip,2026-10-08
cftc_gold_oi,2011-12-06,2011-12-09,422956.0,https://www.cftc.gov/files/dea/history/fut_disagg_txt_2026.zip,2026-10-08
cftc_gold_oi,2011-12-13,2011-12-16,427699.0,https://www.cftc.gov/files/dea/history/fut_disagg_txt_2026.zip,2026-10-08
cftc_gold_oi,2011-12-20,2011-12-23,423465.0,https://www.cftc.gov/files/dea/history/fut_disagg_txt_2026.zip,2026-10-08
cftc_gold_oi,2011-12-27,2011-12-30,418945.0,https://www.cftc.gov/files/dea/history/fut_disagg_txt_2026.zip,2026-10-08
cftc_gold_oi,2012-01-03,2012-01-06,423275.0,https://www.cftc.gov/files/dea/history/fut_disagg_txt_2026.zip,2026-10-08
cftc_gold_oi,2012-01-10,2012-01-13,417923.0,https://www.cftc.gov/files/dea/history/fut_disagg_txt_2026.zip,2026-10-08
cftc_gold_oi,2012-01-17,2012-01-20,432838.0,https://www.cftc.gov/files/dea/history/fut_disagg_txt_2026.zip,2026-10-08
cftc_gold_oi,2012-01-24,2012-01-27,427032.0,https://www.cftc.gov/files/dea/history/fut_disagg_txt_2026.zip,2026-10-08
cftc_gold_oi,2012-01-31,2012-02-03,425133.0,https://www.cftc.gov/files/dea/history/fut_disagg_txt_2026.zip,2026-10-08
cftc_gold_oi,2012-02-07,2012-02-10,436061.0,https://www.cftc.gov/files/dea/history/fut_disagg_txt_2026.zip,2026-10-08
cftc_gold_oi,2012-02-14,2012-02-17,431164.0,https://www.cftc.gov/files/dea/history/fut_disagg_txt_2026.zip,2026-10-08
cftc_gold_oi,2012-02-21,2012-02-24,456676.0,https://www.cftc.gov/files/dea/history/fut_disagg_txt_2026.zip,2026-10-08
cftc_gold_oi,2012-02-28,2012-03-02,479044.0,https://www.cftc.gov/files/dea/history/fut_disagg_txt_2026.zip,2026-10-08
cftc_gold_oi,2012-03-06,2012-03-09,443249.0,https://www.cftc.gov/files/dea/history/fut_disagg_txt_2026.zip,2026-10-08
cftc_gold_oi,2012-03-13,2012-03-16,442319.0,https://www.cftc.gov/files/dea/history/fut_disagg_txt_2026.zip,2026-10-08
cftc_gold_oi,2012-03-20,2012-03-23,431039.0,https://www.cftc.gov/files/dea/history/fut_disagg_txt_2026.zip,2026-10-08
cftc_gold_oi,2012-03-27,2012-03-30,417304.0,https://www.cftc.gov/files/dea/history/fut_disagg_txt_2026.zip,2026-10-08
cftc_gold_oi,2012-04-03,2012-04-06,407761.0,https://www.cftc.gov/files/dea/history/fut_disagg_txt_2026.zip,2026-10-08
cftc_gold_oi,2012-04-10,2012-04-13,403989.0,https://www.cftc.gov/files/dea/history/fut_disagg_txt_2026.zip,2026-10-08
cftc_gold_oi,2012-04-17,2012-04-20,398526.0,https://www.cftc.gov/files/dea/history/fut_disagg_txt_2026.zip,2026-10-08
cftc_gold_oi,2012-04-24,2012-04-27,395389.0,https://www.cftc.gov/files/dea/history/fut_disagg_txt_2026.zip,2026-10-08
cftc_gold_oi,2012-05-01,2012-05-04,411972.0,https://www.cftc.gov/files/dea/history/fut_disagg_txt_2026.zip,2026-10-08
cftc_gold_oi,2012-05-08,2012-05-11,417798.0,https://www.cftc.gov/files/dea/history/fut_disagg_txt_2026.zip,2026-10-08
cftc_gold_oi,2012-05-15,2012-05-18,422091.0,https://www.cftc.gov/files/dea/history/fut_disagg_txt_2026.zip,2026-10-08
cftc_gold_oi,2012-05-22,2012-05-25,435706.0,https://www.cftc.gov/files/dea/history/fut_disagg_txt_2026.zip,2026-10-08
cftc_gold_oi,2012-05-29,2012-06-01,419991.0,https://www.cftc.gov/files/dea/history/fut_disagg_txt_2026.zip,2026-10-08
cftc_gold_oi,2012-06-05,2012-06-08,423941.0,https://www.cftc.gov/files/dea/history/fut_disagg_txt_2026.zip,2026-10-08
cftc_gold_oi,2012-06-12,2012-06-15,412244.0,https://www.cftc.gov/files/dea/history/fut_disagg_txt_2026.zip,2026-10-08
cftc_gold_oi,2012-06-19,2012-06-22,418492.0,https://www.cftc.gov/files/dea/history/fut_disagg_txt_2026.zip,2026-10-08
cftc_gold_oi,2012-06-26,2012-06-29,413618.0,https://www.cftc.gov/files/dea/history/fut_disagg_txt_2026.zip,2026-10-08
cftc_gold_oi,2012-07-03,2012-07-06,425068.0,https://www.cftc.gov/files/dea/history/fut_disagg_txt_2026.zip,2026-10-08
cftc_gold_oi,2012-07-10,2012-07-13,429854.0,https://www.cftc.gov/files/dea/history/fut_disagg_txt_2026.zip,2026-10-08
cftc_gold_oi,2012-07-17,2012-07-20,431317.0,https://www.cftc.gov/files/dea/history/fut_disagg_txt_2026.zip,2026-10-08
cftc_gold_oi,2012-07-24,2012-07-27,420296.0,https://www.cftc.gov/files/dea/history/fut_disagg_txt_2026.zip,2026-10-08
cftc_gold_oi,2012-07-31,2012-08-03,403403.0,https://www.cftc.gov/files/dea/history/fut_disagg_txt_2026.zip,2026-10-08
cftc_gold_oi,2012-08-07,2012-08-10,388254.0,https://www.cftc.gov/files/dea/history/fut_disagg_txt_2026.zip,2026-10-08
cftc_gold_oi,2012-08-14,2012-08-17,388187.0,https://www.cftc.gov/files/dea/history/fut_disagg_txt_2026.zip,2026-10-08
cftc_gold_oi,2012-08-21,2012-08-24,398747.0,https://www.cftc.gov/files/dea/history/fut_disagg_txt_2026.zip,2026-10-08
cftc_gold_oi,2012-08-28,2012-08-31,426559.0,https://www.cftc.gov/files/dea/history/fut_disagg_txt_2026.zip,2026-10-08
cftc_gold_oi,2012-09-04,2012-09-07,444489.0,https://www.cftc.gov/files/dea/history/fut_disagg_txt_2026.zip,2026-10-08
cftc_gold_oi,2012-09-11,2012-09-14,460531.0,https://www.cftc.gov/files/dea/history/fut_disagg_txt_2026.zip,2026-10-08
cftc_gold_oi,2012-09-18,2012-09-21,478609.0,https://www.cftc.gov/files/dea/history/fut_disagg_txt_2026.zip,2026-10-08
cftc_gold_oi,2012-09-25,2012-09-28,489516.0,https://www.cftc.gov/files/dea/history/fut_disagg_txt_2026.zip,2026-10-08
cftc_gold_oi,2012-10-02,2012-10-05,480908.0,https://www.cftc.gov/files/dea/history/fut_disagg_txt_2026.zip,2026-10-08
cftc_gold_oi,2012-10-09,2012-10-12,484359.0,https://www.cftc.gov/files/dea/history/fut_disagg_txt_2026.zip,2026-10-08
cftc_gold_oi,2012-10-16,2012-10-19,462826.0,https://www.cftc.gov/files/dea/history/fut_disagg_txt_2026.zip,2026-10-08
cftc_gold_oi,2012-10-23,2012-10-26,455836.0,https://www.cftc.gov/files/dea/history/fut_disagg_txt_2026.zip,2026-10-08
cftc_gold_oi,2012-10-30,2012-11-02,454742.0,https://www.cftc.gov/files/dea/history/fut_disagg_txt_2026.zip,2026-10-08
cftc_gold_oi,2012-11-06,2012-11-09,447154.0,https://www.cftc.gov/files/dea/history/fut_disagg_txt_2026.zip,2026-10-08
cftc_gold_oi,2012-11-13,2012-11-16,459761.0,https://www.cftc.gov/files/dea/history/fut_disagg_txt_2026.zip,2026-10-08
cftc_gold_oi,2012-11-20,2012-11-23,474129.0,https://www.cftc.gov/files/dea/history/fut_disagg_txt_2026.zip,2026-10-08
cftc_gold_oi,2012-11-27,2012-11-30,479373.0,https://www.cftc.gov/files/dea/history/fut_disagg_txt_2026.zip,2026-10-08
cftc_gold_oi,2012-12-04,2012-12-07,434416.0,https://www.cftc.gov/files/dea/history/fut_disagg_txt_2026.zip,2026-10-08
cftc_gold_oi,2012-12-11,2012-12-14,433586.0,https://www.cftc.gov/files/dea/history/fut_disagg_txt_2026.zip,2026-10-08
cftc_gold_oi,2012-12-18,2012-12-21,435742.0,https://www.cftc.gov/files/dea/history/fut_disagg_txt_2026.zip,2026-10-08
cftc_gold_oi,2012-12-24,2012-12-27,426300.0,https://www.cftc.gov/files/dea/history/fut_disagg_txt_2026.zip,2026-10-08
cftc_gold_oi,2012-12-31,2013-01-03,427991.0,https://www.cftc.gov/files/dea/history/fut_disagg_txt_2026.zip,2026-10-08
cftc_gold_oi,2013-01-08,2013-01-11,441304.0,https://www.cftc.gov/files/dea/history/fut_disagg_txt_2026.zip,2026-10-08
cftc_gold_oi,2013-01-15,2013-01-18,447773.0,https://www.cftc.gov/files/dea/history/fut_disagg_txt_2026.zip,2026-10-08
cftc_gold_oi,2013-01-22,2013-01-25,461369.0,https://www.cftc.gov/files/dea/history/fut_disagg_txt_2026.zip,2026-10-08
cftc_gold_oi,2013-01-29,2013-02-01,430718.0,https://www.cftc.gov/files/dea/history/fut_disagg_txt_2026.zip,2026-10-08
cftc_gold_oi,2013-02-05,2013-02-08,423982.0,https://www.cftc.gov/files/dea/history/fut_disagg_txt_2026.zip,2026-10-08
cftc_gold_oi,2013-02-12,2013-02-15,435088.0,https://www.cftc.gov/files/dea/history/fut_disagg_txt_2026.zip,2026-10-08
cftc_gold_oi,2013-02-19,2013-02-22,447290.0,https://www.cftc.gov/files/dea/history/fut_disagg_txt_2026.zip,2026-10-08
cftc_gold_oi,2013-02-26,2013-03-01,433858.0,https://www.cftc.gov/files/dea/history/fut_disagg_txt_2026.zip,2026-10-08
cftc_gold_oi,2013-03-05,2013-03-08,434586.0,https://www.cftc.gov/files/dea/history/fut_disagg_txt_2026.zip,2026-10-08
cftc_gold_oi,2013-03-12,2013-03-15,445651.0,https://www.cftc.gov/files/dea/history/fut_disagg_txt_2026.zip,2026-10-08
cftc_gold_oi,2013-03-19,2013-03-22,440712.0,https://www.cftc.gov/files/dea/history/fut_disagg_txt_2026.zip,2026-10-08
cftc_gold_oi,2013-03-26,2013-03-29,419727.0,https://www.cftc.gov/files/dea/history/fut_disagg_txt_2026.zip,2026-10-08
cftc_gold_oi,2013-04-02,2013-04-05,417176.0,https://www.cftc.gov/files/dea/history/fut_disagg_txt_2026.zip,2026-10-08
cftc_gold_oi,2013-04-09,2013-04-12,416513.0,https://www.cftc.gov/files/dea/history/fut_disagg_txt_2026.zip,2026-10-08
cftc_gold_oi,2013-04-16,2013-04-19,413083.0,https://www.cftc.gov/files/dea/history/fut_disagg_txt_2026.zip,2026-10-08
cftc_gold_oi,2013-04-23,2013-04-26,415074.0,https://www.cftc.gov/files/dea/history/fut_disagg_txt_2026.zip,2026-10-08
cftc_gold_oi,2013-04-30,2013-05-03,421087.0,https://www.cftc.gov/files/dea/history/fut_disagg_txt_2026.zip,2026-10-08
cftc_gold_oi,2013-05-07,2013-05-10,437931.0,https://www.cftc.gov/files/dea/history/fut_disagg_txt_2026.zip,2026-10-08
cftc_gold_oi,2013-05-14,2013-05-17,443806.0,https://www.cftc.gov/files/dea/history/fut_disagg_txt_2026.zip,2026-10-08
cftc_gold_oi,2013-05-21,2013-05-24,446087.0,https://www.cftc.gov/files/dea/history/fut_disagg_txt_2026.zip,2026-10-08
cftc_gold_oi,2013-05-28,2013-05-31,411001.0,https://www.cftc.gov/files/dea/history/fut_disagg_txt_2026.zip,2026-10-08
cftc_gold_oi,2013-06-04,2013-06-07,373061.0,https://www.cftc.gov/files/dea/history/fut_disagg_txt_2026.zip,2026-10-08
cftc_gold_oi,2013-06-11,2013-06-14,373844.0,https://www.cftc.gov/files/dea/history/fut_disagg_txt_2026.zip,2026-10-08
cftc_gold_oi,2013-06-18,2013-06-21,377106.0,https://www.cftc.gov/files/dea/history/fut_disagg_txt_2026.zip,2026-10-08
cftc_gold_oi,2013-06-25,2013-06-28,390647.0,https://www.cftc.gov/files/dea/history/fut_disagg_txt_2026.zip,2026-10-08
cftc_gold_oi,2013-07-02,2013-07-05,410399.0,https://www.cftc.gov/files/dea/history/fut_disagg_txt_2026.zip,2026-10-08
cftc_gold_oi,2013-07-09,2013-07-12,431574.0,https://www.cftc.gov/files/dea/history/fut_disagg_txt_2026.zip,2026-10-08
cftc_gold_oi,2013-07-16,2013-07-19,440283.0,https://www.cftc.gov/files/dea/history/fut_disagg_txt_2026.zip,2026-10-08
cftc_gold_oi,2013-07-23,2013-07-26,434750.0,https://www.cftc.gov/files/dea/history/fut_disagg_txt_2026.zip,2026-10-08
cftc_gold_oi,2013-07-30,2013-08-02,397035.0,https://www.cftc.gov/files/dea/history/fut_disagg_txt_2026.zip,2026-10-08
cftc_gold_oi,2013-08-06,2013-08-09,396062.0,https://www.cftc.gov/files/dea/history/fut_disagg_txt_2026.zip,2026-10-08
cftc_gold_oi,2013-08-13,2013-08-16,390547.0,https://www.cftc.gov/files/dea/history/fut_disagg_txt_2026.zip,2026-10-08
cftc_gold_oi,2013-08-20,2013-08-23,385410.0,https://www.cftc.gov/files/dea/history/fut_disagg_txt_2026.zip,2026-10-08
cftc_gold_oi,2013-08-27,2013-08-30,384102.0,https://www.cftc.gov/files/dea/history/fut_disagg_txt_2026.zip,2026-10-08
cftc_gold_oi,2013-09-03,2013-09-06,388584.0,https://www.cftc.gov/files/dea/history/fut_disagg_txt_2026.zip,2026-10-08
cftc_gold_oi,2013-09-10,2013-09-13,384164.0,https://www.cftc.gov/files/dea/history/fut_disagg_txt_2026.zip,2026-10-08
cftc_gold_oi,2013-09-17,2013-09-20,384592.0,https://www.cftc.gov/files/dea/history/fut_disagg_txt_2026.zip,2026-10-08
cftc_gold_oi,2013-09-24,2013-09-27,378216.0,https://www.cftc.gov/files/dea/history/fut_disagg_txt_2026.zip,2026-10-08
cftc_gold_oi,2013-10-01,2013-10-04,374151.0,https://www.cftc.gov/files/dea/history/fut_disagg_txt_2026.zip,2026-10-08
cftc_gold_oi,2013-10-08,2013-10-11,370406.0,https://www.cftc.gov/files/dea/history/fut_disagg_txt_2026.zip,2026-10-08
cftc_gold_oi,2013-10-15,2013-10-18,381727.0,https://www.cftc.gov/files/dea/history/fut_disagg_txt_2026.zip,2026-10-08
cftc_gold_oi,2013-10-22,2013-10-25,390369.0,https://www.cftc.gov/files/dea/history/fut_disagg_txt_2026.zip,2026-10-08
cftc_gold_oi,2013-10-29,2013-11-01,387166.0,https://www.cftc.gov/files/dea/history/fut_disagg_txt_2026.zip,2026-10-08
cftc_gold_oi,2013-11-05,2013-11-08,386796.0,https://www.cftc.gov/files/dea/history/fut_disagg_txt_2026.zip,2026-10-08
cftc_gold_oi,2013-11-12,2013-11-15,403840.0,https://www.cftc.gov/files/dea/history/fut_disagg_txt_2026.zip,2026-10-08
cftc_gold_oi,2013-11-19,2013-11-22,397590.0,https://www.cftc.gov/files/dea/history/fut_disagg_txt_2026.zip,2026-10-08
cftc_gold_oi,2013-11-26,2013-11-29,394432.0,https://www.cftc.gov/files/dea/history/fut_disagg_txt_2026.zip,2026-10-08
cftc_gold_oi,2013-12-03,2013-12-06,386436.0,https://www.cftc.gov/files/dea/history/fut_disagg_txt_2026.zip,2026-10-08
cftc_gold_oi,2013-12-10,2013-12-13,377313.0,https://www.cftc.gov/files/dea/history/fut_disagg_txt_2026.zip,2026-10-08
cftc_gold_oi,2013-12-17,2013-12-20,385432.0,https://www.cftc.gov/files/dea/history/fut_disagg_txt_2026.zip,2026-10-08
cftc_gold_oi,2013-12-24,2013-12-27,384974.0,https://www.cftc.gov/files/dea/history/fut_disagg_txt_2026.zip,2026-10-08
cftc_gold_oi,2013-12-31,2014-01-03,379550.0,https://www.cftc.gov/files/dea/history/fut_disagg_txt_2026.zip,2026-10-08
cftc_gold_oi,2014-01-07,2014-01-10,383021.0,https://www.cftc.gov/files/dea/history/fut_disagg_txt_2026.zip,2026-10-08
cftc_gold_oi,2014-01-14,2014-01-17,415426.0,https://www.cftc.gov/files/dea/history/fut_disagg_txt_2026.zip,2026-10-08
cftc_gold_oi,2014-01-21,2014-01-24,410959.0,https://www.cftc.gov/files/dea/history/fut_disagg_txt_2026.zip,2026-10-08
cftc_gold_oi,2014-01-28,2014-01-31,382739.0,https://www.cftc.gov/files/dea/history/fut_disagg_txt_2026.zip,2026-10-08
cftc_gold_oi,2014-02-04,2014-02-07,368279.0,https://www.cftc.gov/files/dea/history/fut_disagg_txt_2026.zip,2026-10-08
cftc_gold_oi,2014-02-11,2014-02-14,376973.0,https://www.cftc.gov/files/dea/history/fut_disagg_txt_2026.zip,2026-10-08
cftc_gold_oi,2014-02-18,2014-02-21,390535.0,https://www.cftc.gov/files/dea/history/fut_disagg_txt_2026.zip,2026-10-08
cftc_gold_oi,2014-02-25,2014-02-28,387503.0,https://www.cftc.gov/files/dea/history/fut_disagg_txt_2026.zip,2026-10-08
cftc_gold_oi,2014-03-04,2014-03-07,393266.0,https://www.cftc.gov/files/dea/history/fut_disagg_txt_2026.zip,2026-10-08
cftc_gold_oi,2014-03-11,2014-03-14,415340.0,https://www.cftc.gov/files/dea/history/fut_disagg_txt_2026.zip,2026-10-08
cftc_gold_oi,2014-03-18,2014-03-21,420626.0,https://www.cftc.gov/files/dea/history/fut_disagg_txt_2026.zip,2026-10-08
cftc_gold_oi,2014-03-25,2014-03-28,398264.0,https://www.cftc.gov/files/dea/history/fut_disagg_txt_2026.zip,2026-10-08
cftc_gold_oi,2014-04-01,2014-04-04,363451.0,https://www.cftc.gov/files/dea/history/fut_disagg_txt_2026.zip,2026-10-08
cftc_gold_oi,2014-04-08,2014-04-11,365400.0,https://www.cftc.gov/files/dea/history/fut_disagg_txt_2026.zip,2026-10-08
cftc_gold_oi,2014-04-15,2014-04-18,369577.0,https://www.cftc.gov/files/dea/history/fut_disagg_txt_2026.zip,2026-10-08
cftc_gold_oi,2014-04-22,2014-04-25,372593.0,https://www.cftc.gov/files/dea/history/fut_disagg_txt_2026.zip,2026-10-08
cftc_gold_oi,2014-04-29,2014-05-02,378092.0,https://www.cftc.gov/files/dea/history/fut_disagg_txt_2026.zip,2026-10-08
cftc_gold_oi,2014-05-06,2014-05-09,404700.0,https://www.cftc.gov/files/dea/history/fut_disagg_txt_2026.zip,2026-10-08
cftc_gold_oi,2014-05-13,2014-05-16,397029.0,https://www.cftc.gov/files/dea/history/fut_disagg_txt_2026.zip,2026-10-08
cftc_gold_oi,2014-05-20,2014-05-23,399371.0,https://www.cftc.gov/files/dea/history/fut_disagg_txt_2026.zip,2026-10-08
cftc_gold_oi,2014-05-27,2014-05-30,397695.0,https://www.cftc.gov/files/dea/history/fut_disagg_txt_2026.zip,2026-10-08
cftc_gold_oi,2014-06-03,2014-06-06,382141.0,https://www.cftc.gov/files/dea/history/fut_disagg_txt_2026.zip,2026-10-08
cftc_gold_oi,2014-06-10,2014-06-13,378689.0,https://www.cftc.gov/files/dea/history/fut_disagg_txt_2026.zip,2026-10-08
cftc_gold_oi,2014-06-17,2014-06-20,379843.0,https://www.cftc.gov/files/dea/history/fut_disagg_txt_2026.zip,2026-10-08
cftc_gold_oi,2014-06-24,2014-06-27,392388.0,https://www.cftc.gov/files/dea/history/fut_disagg_txt_2026.zip,2026-10-08
cftc_gold_oi,2014-07-01,2014-07-04,401813.0,https://www.cftc.gov/files/dea/history/fut_disagg_txt_2026.zip,2026-10-08
cftc_gold_oi,2014-07-08,2014-07-11,410992.0,https://www.cftc.gov/files/dea/history/fut_disagg_txt_2026.zip,2026-10-08
cftc_gold_oi,2014-07-15,2014-07-18,408368.0,https://www.cftc.gov/files/dea/history/fut_disagg_txt_2026.zip,2026-10-08
cftc_gold_oi,2014-07-22,2014-07-25,405617.0,https://www.cftc.gov/files/dea/history/fut_disagg_txt_2026.zip,2026-10-08
cftc_gold_oi,2014-07-29,2014-08-01,374467.0,https://www.cftc.gov/files/dea/history/fut_disagg_txt_2026.zip,2026-10-08
cftc_gold_oi,2014-08-05,2014-08-08,360342.0,https://www.cftc.gov/files/dea/history/fut_disagg_txt_2026.zip,2026-10-08
cftc_gold_oi,2014-08-12,2014-08-15,368114.0,https://www.cftc.gov/files/dea/history/fut_disagg_txt_2026.zip,2026-10-08
cftc_gold_oi,2014-08-19,2014-08-22,366401.0,https://www.cftc.gov/files/dea/history/fut_disagg_txt_2026.zip,2026-10-08
cftc_gold_oi,2014-08-26,2014-08-29,363608.0,https://www.cftc.gov/files/dea/history/fut_disagg_txt_2026.zip,2026-10-08
cftc_gold_oi,2014-09-02,2014-09-05,371515.0,https://www.cftc.gov/files/dea/history/fut_disagg_txt_2026.zip,2026-10-08
cftc_gold_oi,2014-09-09,2014-09-12,384341.0,https://www.cftc.gov/files/dea/history/fut_disagg_txt_2026.zip,2026-10-08
cftc_gold_oi,2014-09-16,2014-09-19,386080.0,https://www.cftc.gov/files/dea/history/fut_disagg_txt_2026.zip,2026-10-08
cftc_gold_oi,2014-09-23,2014-09-26,385788.0,https://www.cftc.gov/files/dea/history/fut_disagg_txt_2026.zip,2026-10-08
cftc_gold_oi,2014-09-30,2014-10-03,379874.0,https://www.cftc.gov/files/dea/history/fut_disagg_txt_2026.zip,2026-10-08
cftc_gold_oi,2014-10-07,2014-10-10,380087.0,https://www.cftc.gov/files/dea/history/fut_disagg_txt_2026.zip,2026-10-08
cftc_gold_oi,2014-10-14,2014-10-17,397855.0,https://www.cftc.gov/files/dea/history/fut_disagg_txt_2026.zip,2026-10-08
cftc_gold_oi,2014-10-21,2014-10-24,411057.0,https://www.cftc.gov/files/dea/history/fut_disagg_txt_2026.zip,2026-10-08
cftc_gold_oi,2014-10-28,2014-10-31,414410.0,https://www.cftc.gov/files/dea/history/fut_disagg_txt_2026.zip,2026-10-08
cftc_gold_oi,2014-11-04,2014-11-07,417377.0,https://www.cftc.gov/files/dea/history/fut_disagg_txt_2026.zip,2026-10-08
cftc_gold_oi,2014-11-11,2014-11-14,443422.0,https://www.cftc.gov/files/dea/history/fut_disagg_txt_2026.zip,2026-10-08
cftc_gold_oi,2014-11-18,2014-11-21,459657.0,https://www.cftc.gov/files/dea/history/fut_disagg_txt_2026.zip,2026-10-08
cftc_gold_oi,2014-11-25,2014-11-28,388145.0,https://www.cftc.gov/files/dea/history/fut_disagg_txt_2026.zip,2026-10-08
cftc_gold_oi,2014-12-02,2014-12-05,368121.0,https://www.cftc.gov/files/dea/history/fut_disagg_txt_2026.zip,2026-10-08
cftc_gold_oi,2014-12-09,2014-12-12,375323.0,https://www.cftc.gov/files/dea/history/fut_disagg_txt_2026.zip,2026-10-08
cftc_gold_oi,2014-12-16,2014-12-19,371743.0,https://www.cftc.gov/files/dea/history/fut_disagg_txt_2026.zip,2026-10-08
cftc_gold_oi,2014-12-23,2014-12-26,375212.0,https://www.cftc.gov/files/dea/history/fut_disagg_txt_2026.zip,2026-10-08
cftc_gold_oi,2014-12-30,2015-01-02,373982.0,https://www.cftc.gov/files/dea/history/fut_disagg_txt_2026.zip,2026-10-08
cftc_gold_oi,2015-01-06,2015-01-09,394021.0,https://www.cftc.gov/files/dea/history/fut_disagg_txt_2026.zip,2026-10-08
cftc_gold_oi,2015-01-13,2015-01-16,402108.0,https://www.cftc.gov/files/dea/history/fut_disagg_txt_2026.zip,2026-10-08
cftc_gold_oi,2015-01-20,2015-01-23,430128.0,https://www.cftc.gov/files/dea/history/fut_disagg_txt_2026.zip,2026-10-08
cftc_gold_oi,2015-01-27,2015-01-30,438279.0,https://www.cftc.gov/files/dea/history/fut_disagg_txt_2026.zip,2026-10-08
cftc_gold_oi,2015-02-03,2015-02-06,419524.0,https://www.cftc.gov/files/dea/history/fut_disagg_txt_2026.zip,2026-10-08
cftc_gold_oi,2015-02-10,2015-02-13,393232.0,https://www.cftc.gov/files/dea/history/fut_disagg_txt_2026.zip,2026-10-08
cftc_gold_oi,2015-02-17,2015-02-20,389530.0,https://www.cftc.gov/files/dea/history/fut_disagg_txt_2026.zip,2026-10-08
cftc_gold_oi,2015-02-24,2015-02-27,399307.0,https://www.cftc.gov/files/dea/history/fut_disagg_txt_2026.zip,2026-10-08
cftc_gold_oi,2015-03-03,2015-03-06,405124.0,https://www.cftc.gov/files/dea/history/fut_disagg_txt_2026.zip,2026-10-08
cftc_gold_oi,2015-03-10,2015-03-13,410918.0,https://www.cftc.gov/files/dea/history/fut_disagg_txt_2026.zip,2026-10-08
cftc_gold_oi,2015-03-17,2015-03-20,429738.0,https://www.cftc.gov/files/dea/history/fut_disagg_txt_2026.zip,2026-10-08
cftc_gold_oi,2015-03-24,2015-03-27,433767.0,https://www.cftc.gov/files/dea/history/fut_disagg_txt_2026.zip,2026-10-08
cftc_gold_oi,2015-03-31,2015-04-03,387585.0,https://www.cftc.gov/files/dea/history/fut_disagg_txt_2026.zip,2026-10-08
cftc_gold_oi,2015-04-07,2015-04-10,390571.0,https://www.cftc.gov/files/dea/history/fut_disagg_txt_2026.zip,2026-10-08
cftc_gold_oi,2015-04-14,2015-04-17,395089.0,https://www.cftc.gov/files/dea/history/fut_disagg_txt_2026.zip,2026-10-08
cftc_gold_oi,2015-04-21,2015-04-24,397379.0,https://www.cftc.gov/files/dea/history/fut_disagg_txt_2026.zip,2026-10-08
cftc_gold_oi,2015-04-28,2015-05-01,403575.0,https://www.cftc.gov/files/dea/history/fut_disagg_txt_2026.zip,2026-10-08
cftc_gold_oi,2015-05-05,2015-05-08,399988.0,https://www.cftc.gov/files/dea/history/fut_disagg_txt_2026.zip,2026-10-08
cftc_gold_oi,2015-05-12,2015-05-15,405612.0,https://www.cftc.gov/files/dea/history/fut_disagg_txt_2026.zip,2026-10-08
cftc_gold_oi,2015-05-19,2015-05-22,428597.0,https://www.cftc.gov/files/dea/history/fut_disagg_txt_2026.zip,2026-10-08
cftc_gold_oi,2015-05-26,2015-05-29,411961.0,https://www.cftc.gov/files/dea/history/fut_disagg_txt_2026.zip,2026-10-08
cftc_gold_oi,2015-06-02,2015-06-05,398724.0,https://www.cftc.gov/files/dea/history/fut_disagg_txt_2026.zip,2026-10-08
cftc_gold_oi,2015-06-09,2015-06-12,406069.0,https://www.cftc.gov/files/dea/history/fut_disagg_txt_2026.zip,2026-10-08
cftc_gold_oi,2015-06-16,2015-06-19,415718.0,https://www.cftc.gov/files/dea/history/fut_disagg_txt_2026.zip,2026-10-08
cftc_gold_oi,2015-06-23,2015-06-26,430978.0,https://www.cftc.gov/files/dea/history/fut_disagg_txt_2026.zip,2026-10-08
cftc_gold_oi,2015-06-30,2015-07-03,442301.0,https://www.cftc.gov/files/dea/history/fut_disagg_txt_2026.zip,2026-10-08
cftc_gold_oi,2015-07-07,2015-07-10,452145.0,https://www.cftc.gov/files/dea/history/fut_disagg_txt_2026.zip,2026-10-08
cftc_gold_oi,2015-07-14,2015-07-17,462664.0,https://www.cftc.gov/files/dea/history/fut_disagg_txt_2026.zip,2026-10-08
cftc_gold_oi,2015-07-21,2015-07-24,459760.0,https://www.cftc.gov/files/dea/history/fut_disagg_txt_2026.zip,2026-10-08
cftc_gold_oi,2015-07-28,2015-07-31,438282.0,https://www.cftc.gov/files/dea/history/fut_disagg_txt_2026.zip,2026-10-08
cftc_gold_oi,2015-08-04,2015-08-07,434273.0,https://www.cftc.gov/files/dea/history/fut_disagg_txt_2026.zip,2026-10-08
cftc_gold_oi,2015-08-11,2015-08-14,435489.0,https://www.cftc.gov/files/dea/history/fut_disagg_txt_2026.zip,2026-10-08
cftc_gold_oi,2015-08-18,2015-08-21,432728.0,https://www.cftc.gov/files/dea/history/fut_disagg_txt_2026.zip,2026-10-08
cftc_gold_oi,2015-08-25,2015-08-28,432154.0,https://www.cftc.gov/files/dea/history/fut_disagg_txt_2026.zip,2026-10-08
cftc_gold_oi,2015-09-01,2015-09-04,410274.0,https://www.cftc.gov/files/dea/history/fut_disagg_txt_2026.zip,2026-10-08
cftc_gold_oi,2015-09-08,2015-09-11,421732.0,https://www.cftc.gov/files/dea/history/fut_disagg_txt_2026.zip,2026-10-08
cftc_gold_oi,2015-09-15,2015-09-18,413333.0,https://www.cftc.gov/files/dea/history/fut_disagg_txt_2026.zip,2026-10-08
cftc_gold_oi,2015-09-22,2015-09-25,419304.0,https://www.cftc.gov/files/dea/history/fut_disagg_txt_2026.zip,2026-10-08
cftc_gold_oi,2015-09-29,2015-10-02,415700.0,https://www.cftc.gov/files/dea/history/fut_disagg_txt_2026.zip,2026-10-08
cftc_gold_oi,2015-10-06,2015-10-09,430228.0,https://www.cftc.gov/files/dea/history/fut_disagg_txt_2026.zip,2026-10-08
cftc_gold_oi,2015-10-13,2015-10-16,435928.0,https://www.cftc.gov/files/dea/history/fut_disagg_txt_2026.zip,2026-10-08
cftc_gold_oi,2015-10-20,2015-10-23,467792.0,https://www.cftc.gov/files/dea/history/fut_disagg_txt_2026.zip,2026-10-08
cftc_gold_oi,2015-10-27,2015-10-30,466780.0,https://www.cftc.gov/files/dea/history/fut_disagg_txt_2026.zip,2026-10-08
cftc_gold_oi,2015-11-03,2015-11-06,443900.0,https://www.cftc.gov/files/dea/history/fut_disagg_txt_2026.zip,2026-10-08
cftc_gold_oi,2015-11-10,2015-11-13,436426.0,https://www.cftc.gov/files/dea/history/fut_disagg_txt_2026.zip,2026-10-08
cftc_gold_oi,2015-11-17,2015-11-20,435376.0,https://www.cftc.gov/files/dea/history/fut_disagg_txt_2026.zip,2026-10-08
cftc_gold_oi,2015-11-24,2015-11-27,397705.0,https://www.cftc.gov/files/dea/history/fut_disagg_txt_2026.zip,2026-10-08
cftc_gold_oi,2015-12-01,2015-12-04,390940.0,https://www.cftc.gov/files/dea/history/fut_disagg_txt_2026.zip,2026-10-08
cftc_gold_oi,2015-12-08,2015-12-11,394128.0,https://www.cftc.gov/files/dea/history/fut_disagg_txt_2026.zip,2026-10-08
cftc_gold_oi,2015-12-15,2015-12-18,390944.0,https://www.cftc.gov/files/dea/history/fut_disagg_txt_2026.zip,2026-10-08
cftc_gold_oi,2015-12-22,2015-12-25,405294.0,https://www.cftc.gov/files/dea/history/fut_disagg_txt_2026.zip,2026-10-08
cftc_gold_oi,2015-12-29,2016-01-01,401880.0,https://www.cftc.gov/files/dea/history/fut_disagg_txt_2026.zip,2026-10-08
cftc_gold_oi,2016-01-05,2016-01-08,413688.0,https://www.cftc.gov/files/dea/history/fut_disagg_txt_2026.zip,2026-10-08
cftc_gold_oi,2016-01-12,2016-01-15,397565.0,https://www.cftc.gov/files/dea/history/fut_disagg_txt_2026.zip,2026-10-08
cftc_gold_oi,2016-01-19,2016-01-22,408835.0,https://www.cftc.gov/files/dea/history/fut_disagg_txt_2026.zip,2026-10-08
cftc_gold_oi,2016-01-26,2016-01-29,385350.0,https://www.cftc.gov/files/dea/history/fut_disagg_txt_2026.zip,2026-10-08
cftc_gold_oi,2016-02-02,2016-02-05,379185.0,https://www.cftc.gov/files/dea/history/fut_disagg_txt_2026.zip,2026-10-08
cftc_gold_oi,2016-02-09,2016-02-12,410833.0,https://www.cftc.gov/files/dea/history/fut_disagg_txt_2026.zip,2026-10-08
cftc_gold_oi,2016-02-16,2016-02-19,428912.0,https://www.cftc.gov/files/dea/history/fut_disagg_txt_2026.zip,2026-10-08
cftc_gold_oi,2016-02-23,2016-02-26,445290.0,https://www.cftc.gov/files/dea/history/fut_disagg_txt_2026.zip,2026-10-08
cftc_gold_oi,2016-03-01,2016-03-04,450555.0,https://www.cftc.gov/files/dea/history/fut_disagg_txt_2026.zip,2026-10-08
cftc_gold_oi,2016-03-08,2016-03-11,499110.0,https://www.cftc.gov/files/dea/history/fut_disagg_txt_2026.zip,2026-10-08
cftc_gold_oi,2016-03-15,2016-03-18,493086.0,https://www.cftc.gov/files/dea/history/fut_disagg_txt_2026.zip,2026-10-08
cftc_gold_oi,2016-03-22,2016-03-25,510579.0,https://www.cftc.gov/files/dea/history/fut_disagg_txt_2026.zip,2026-10-08
cftc_gold_oi,2016-03-29,2016-04-01,480461.0,https://www.cftc.gov/files/dea/history/fut_disagg_txt_2026.zip,2026-10-08
cftc_gold_oi,2016-04-05,2016-04-08,474094.0,https://www.cftc.gov/files/dea/history/fut_disagg_txt_2026.zip,2026-10-08
cftc_gold_oi,2016-04-12,2016-04-15,504523.0,https://www.cftc.gov/files/dea/history/fut_disagg_txt_2026.zip,2026-10-08
cftc_gold_oi,2016-04-19,2016-04-22,503331.0,https://www.cftc.gov/files/dea/history/fut_disagg_txt_2026.zip,2026-10-08
cftc_gold_oi,2016-04-26,2016-04-29,497884.0,https://www.cftc.gov/files/dea/history/fut_disagg_txt_2026.zip,2026-10-08
cftc_gold_oi,2016-05-03,2016-05-06,565774.0,https://www.cftc.gov/files/dea/history/fut_disagg_txt_2026.zip,2026-10-08
cftc_gold_oi,2016-05-10,2016-05-13,579777.0,https://www.cftc.gov/files/dea/history/fut_disagg_txt_2026.zip,2026-10-08
cftc_gold_oi,2016-05-17,2016-05-20,595077.0,https://www.cftc.gov/files/dea/history/fut_disagg_txt_2026.zip,2026-10-08
cftc_gold_oi,2016-05-24,2016-05-27,542958.0,https://www.cftc.gov/files/dea/history/fut_disagg_txt_2026.zip,2026-10-08
cftc_gold_oi,2016-05-31,2016-06-03,494321.0,https://www.cftc.gov/files/dea/history/fut_disagg_txt_2026.zip,2026-10-08
cftc_gold_oi,2016-06-07,2016-06-10,496330.0,https://www.cftc.gov/files/dea/history/fut_disagg_txt_2026.zip,2026-10-08
cftc_gold_oi,2016-06-14,2016-06-17,545357.0,https://www.cftc.gov/files/dea/history/fut_disagg_txt_2026.zip,2026-10-08
cftc_gold_oi,2016-06-21,2016-06-24,571517.0,https://www.cftc.gov/files/dea/history/fut_disagg_txt_2026.zip,2026-10-08
cftc_gold_oi,2016-06-28,2016-07-01,613792.0,https://www.cftc.gov/files/dea/history/fut_disagg_txt_2026.zip,2026-10-08
cftc_gold_oi,2016-07-05,2016-07-08,652971.0,https://www.cftc.gov/files/dea/history/fut_disagg_txt_2026.zip,2026-10-08
cftc_gold_oi,2016-07-12,2016-07-15,633020.0,https://www.cftc.gov/files/dea/history/fut_disagg_txt_2026.zip,2026-10-08
cftc_gold_oi,2016-07-19,2016-07-22,617069.0,https://www.cftc.gov/files/dea/history/fut_disagg_txt_2026.zip,2026-10-08
cftc_gold_oi,2016-07-26,2016-07-29,576325.0,https://www.cftc.gov/files/dea/history/fut_disagg_txt_2026.zip,2026-10-08
cftc_gold_oi,2016-08-02,2016-08-05,582211.0,https://www.cftc.gov/files/dea/history/fut_disagg_txt_2026.zip,2026-10-08
cftc_gold_oi,2016-08-09,2016-08-12,575399.0,https://www.cftc.gov/files/dea/history/fut_disagg_txt_2026.zip,2026-10-08
cftc_gold_oi,2016-08-16,2016-08-19,572496.0,https://www.cftc.gov/files/dea/history/fut_disagg_txt_2026.zip,2026-10-08
cftc_gold_oi,2016-08-23,2016-08-26,572973.0,https://www.cftc.gov/files/dea/history/fut_disagg_txt_2026.zip,2026-10-08
cftc_gold_oi,2016-08-30,2016-09-02,558398.0,https://www.cftc.gov/files/dea/history/fut_disagg_txt_2026.zip,2026-10-08
cftc_gold_oi,2016-09-06,2016-09-09,590656.0,https://www.cftc.gov/files/dea/history/fut_disagg_txt_2026.zip,2026-10-08
cftc_gold_oi,2016-09-13,2016-09-16,575002.0,https://www.cftc.gov/files/dea/history/fut_disagg_txt_2026.zip,2026-10-08
cftc_gold_oi,2016-09-20,2016-09-23,558791.0,https://www.cftc.gov/files/dea/history/fut_disagg_txt_2026.zip,2026-10-08
cftc_gold_oi,2016-09-27,2016-09-30,583161.0,https://www.cftc.gov/files/dea/history/fut_disagg_txt_2026.zip,2026-10-08
cftc_gold_oi,2016-10-04,2016-10-07,544824.0,https://www.cftc.gov/files/dea/history/fut_disagg_txt_2026.zip,2026-10-08
cftc_gold_oi,2016-10-11,2016-10-14,500328.0,https://www.cftc.gov/files/dea/history/fut_disagg_txt_2026.zip,2026-10-08
cftc_gold_oi,2016-10-18,2016-10-21,497061.0,https://www.cftc.gov/files/dea/history/fut_disagg_txt_2026.zip,2026-10-08
cftc_gold_oi,2016-10-25,2016-10-28,507617.0,https://www.cftc.gov/files/dea/history/fut_disagg_txt_2026.zip,2026-10-08
cftc_gold_oi,2016-11-01,2016-11-04,521506.0,https://www.cftc.gov/files/dea/history/fut_disagg_txt_2026.zip,2026-10-08
cftc_gold_oi,2016-11-08,2016-11-11,528203.0,https://www.cftc.gov/files/dea/history/fut_disagg_txt_2026.zip,2026-10-08
cftc_gold_oi,2016-11-15,2016-11-18,479237.0,https://www.cftc.gov/files/dea/history/fut_disagg_txt_2026.zip,2026-10-08
cftc_gold_oi,2016-11-22,2016-11-25,461062.0,https://www.cftc.gov/files/dea/history/fut_disagg_txt_2026.zip,2026-10-08
cftc_gold_oi,2016-11-29,2016-12-02,405661.0,https://www.cftc.gov/files/dea/history/fut_disagg_txt_2026.zip,2026-10-08
cftc_gold_oi,2016-12-06,2016-12-09,393524.0,https://www.cftc.gov/files/dea/history/fut_disagg_txt_2026.zip,2026-10-08
cftc_gold_oi,2016-12-13,2016-12-16,397034.0,https://www.cftc.gov/files/dea/history/fut_disagg_txt_2026.zip,2026-10-08
cftc_gold_oi,2016-12-20,2016-12-23,398661.0,https://www.cftc.gov/files/dea/history/fut_disagg_txt_2026.zip,2026-10-08
cftc_gold_oi,2016-12-27,2016-12-30,401513.0,https://www.cftc.gov/files/dea/history/fut_disagg_txt_2026.zip,2026-10-08
cftc_gold_oi,2017-01-03,2017-01-06,424673.0,https://www.cftc.gov/files/dea/history/fut_disagg_txt_2026.zip,2026-10-08
cftc_gold_oi,2017-01-10,2017-01-13,444001.0,https://www.cftc.gov/files/dea/history/fut_disagg_txt_2026.zip,2026-10-08
cftc_gold_oi,2017-01-17,2017-01-20,467937.0,https://www.cftc.gov/files/dea/history/fut_disagg_txt_2026.zip,2026-10-08
cftc_gold_oi,2017-01-24,2017-01-27,482374.0,https://www.cftc.gov/files/dea/history/fut_disagg_txt_2026.zip,2026-10-08
cftc_gold_oi,2017-01-31,2017-02-03,398433.0,https://www.cftc.gov/files/dea/history/fut_disagg_txt_2026.zip,2026-10-08
cftc_gold_oi,2017-02-07,2017-02-10,415543.0,https://www.cftc.gov/files/dea/history/fut_disagg_txt_2026.zip,2026-10-08
cftc_gold_oi,2017-02-14,2017-02-17,415128.0,https://www.cftc.gov/files/dea/history/fut_disagg_txt_2026.zip,2026-10-08
cftc_gold_oi,2017-02-21,2017-02-24,427168.0,https://www.cftc.gov/files/dea/history/fut_disagg_txt_2026.zip,2026-10-08
cftc_gold_oi,2017-02-28,2017-03-03,446081.0,https://www.cftc.gov/files/dea/history/fut_disagg_txt_2026.zip,2026-10-08
cftc_gold_oi,2017-03-07,2017-03-10,434401.0,https://www.cftc.gov/files/dea/history/fut_disagg_txt_2026.zip,2026-10-08
cftc_gold_oi,2017-03-14,2017-03-17,426170.0,https://www.cftc.gov/files/dea/history/fut_disagg_txt_2026.zip,2026-10-08
cftc_gold_oi,2017-03-21,2017-03-24,446880.0,https://www.cftc.gov/files/dea/history/fut_disagg_txt_2026.zip,2026-10-08
cftc_gold_oi,2017-03-28,2017-03-31,449418.0,https://www.cftc.gov/files/dea/history/fut_disagg_txt_2026.zip,2026-10-08
cftc_gold_oi,2017-04-04,2017-04-07,427808.0,https://www.cftc.gov/files/dea/history/fut_disagg_txt_2026.zip,2026-10-08
cftc_gold_oi,2017-04-11,2017-04-14,456131.0,https://www.cftc.gov/files/dea/history/fut_disagg_txt_2026.zip,2026-10-08
cftc_gold_oi,2017-04-18,2017-04-21,472263.0,https://www.cftc.gov/files/dea/history/fut_disagg_txt_2026.zip,2026-10-08
cftc_gold_oi,2017-04-25,2017-04-28,475985.0,https://www.cftc.gov/files/dea/history/fut_disagg_txt_2026.zip,2026-10-08
cftc_gold_oi,2017-05-02,2017-05-05,461905.0,https://www.cftc.gov/files/dea/history/fut_disagg_txt_2026.zip,2026-10-08
cftc_gold_oi,2017-05-09,2017-05-12,433033.0,https://www.cftc.gov/files/dea/history/fut_disagg_txt_2026.zip,2026-10-08
cftc_gold_oi,2017-05-16,2017-05-19,435021.0,https://www.cftc.gov/files/dea/history/fut_disagg_txt_2026.zip,2026-10-08
cftc_gold_oi,2017-05-23,2017-05-26,462572.0,https://www.cftc.gov/files/dea/history/fut_disagg_txt_2026.zip,2026-10-08
cftc_gold_oi,2017-05-30,2017-06-02,434246.0,https://www.cftc.gov/files/dea/history/fut_disagg_txt_2026.zip,2026-10-08
cftc_gold_oi,2017-06-06,2017-06-09,494041.0,https://www.cftc.gov/files/dea/history/fut_disagg_txt_2026.zip,2026-10-08
cftc_gold_oi,2017-06-13,2017-06-16,471134.0,https://www.cftc.gov/files/dea/history/fut_disagg_txt_2026.zip,2026-10-08
cftc_gold_oi,2017-06-20,2017-06-23,445841.0,https://www.cftc.gov/files/dea/history/fut_disagg_txt_2026.zip,2026-10-08
cftc_gold_oi,2017-06-27,2017-06-30,453144.0,https://www.cftc.gov/files/dea/history/fut_disagg_txt_2026.zip,2026-10-08
cftc_gold_oi,2017-07-03,2017-07-06,457201.0,https://www.cftc.gov/files/dea/history/fut_disagg_txt_2026.zip,2026-10-08
cftc_gold_oi,2017-07-11,2017-07-14,475669.0,https://www.cftc.gov/files/dea/history/fut_disagg_txt_2026.zip,2026-10-08
cftc_gold_oi,2017-07-18,2017-07-21,484204.0,https://www.cftc.gov/files/dea/history/fut_disagg_txt_2026.zip,2026-10-08
cftc_gold_oi,2017-07-25,2017-07-28,463827.0,https://www.cftc.gov/files/dea/history/fut_disagg_txt_2026.zip,2026-10-08
cftc_gold_oi,2017-08-01,2017-08-04,448709.0,https://www.cftc.gov/files/dea/history/fut_disagg_txt_2026.zip,2026-10-08
cftc_gold_oi,2017-08-08,2017-08-11,448727.0,https://www.cftc.gov/files/dea/history/fut_disagg_txt_2026.zip,2026-10-08
cftc_gold_oi,2017-08-15,2017-08-18,477921.0,https://www.cftc.gov/files/dea/history/fut_disagg_txt_2026.zip,2026-10-08
cftc_gold_oi,2017-08-22,2017-08-25,500443.0,https://www.cftc.gov/files/dea/history/fut_disagg_txt_2026.zip,2026-10-08
cftc_gold_oi,2017-08-29,2017-09-01,538875.0,https://www.cftc.gov/files/dea/history/fut_disagg_txt_2026.zip,2026-10-08
cftc_gold_oi,2017-09-05,2017-09-08,566817.0,https://www.cftc.gov/files/dea/history/fut_disagg_txt_2026.zip,2026-10-08
cftc_gold_oi,2017-09-12,2017-09-15,580606.0,https://www.cftc.gov/files/dea/history/fut_disagg_txt_2026.zip,2026-10-08
cftc_gold_oi,2017-09-19,2017-09-22,570096.0,https://www.cftc.gov/files/dea/history/fut_disagg_txt_2026.zip,2026-10-08
cftc_gold_oi,2017-09-26,2017-09-29,549637.0,https://www.cftc.gov/files/dea/history/fut_disagg_txt_2026.zip,2026-10-08
cftc_gold_oi,2017-10-03,2017-10-06,525127.0,https://www.cftc.gov/files/dea/history/fut_disagg_txt_2026.zip,2026-10-08
cftc_gold_oi,2017-10-10,2017-10-13,520005.0,https://www.cftc.gov/files/dea/history/fut_disagg_txt_2026.zip,2026-10-08
cftc_gold_oi,2017-10-17,2017-10-20,528800.0,https://www.cftc.gov/files/dea/history/fut_disagg_txt_2026.zip,2026-10-08
cftc_gold_oi,2017-10-24,2017-10-27,526674.0,https://www.cftc.gov/files/dea/history/fut_disagg_txt_2026.zip,2026-10-08
cftc_gold_oi,2017-10-31,2017-11-03,531918.0,https://www.cftc.gov/files/dea/history/fut_disagg_txt_2026.zip,2026-10-08
cftc_gold_oi,2017-11-07,2017-11-10,536843.0,https://www.cftc.gov/files/dea/history/fut_disagg_txt_2026.zip,2026-10-08
cftc_gold_oi,2017-11-14,2017-11-17,533054.0,https://www.cftc.gov/files/dea/history/fut_disagg_txt_2026.zip,2026-10-08
cftc_gold_oi,2017-11-21,2017-11-24,531612.0,https://www.cftc.gov/files/dea/history/fut_disagg_txt_2026.zip,2026-10-08
cftc_gold_oi,2017-11-28,2017-12-01,503810.0,https://www.cftc.gov/files/dea/history/fut_disagg_txt_2026.zip,2026-10-08
cftc_gold_oi,2017-12-05,2017-12-08,472795.0,https://www.cftc.gov/files/dea/history/fut_disagg_txt_2026.zip,2026-10-08
cftc_gold_oi,2017-12-12,2017-12-15,446618.0,https://www.cftc.gov/files/dea/history/fut_disagg_txt_2026.zip,2026-10-08
cftc_gold_oi,2017-12-19,2017-12-22,453595.0,https://www.cftc.gov/files/dea/history/fut_disagg_txt_2026.zip,2026-10-08
cftc_gold_oi,2017-12-26,2017-12-29,456470.0,https://www.cftc.gov/files/dea/history/fut_disagg_txt_2026.zip,2026-10-08
cftc_gold_oi,2018-01-02,2018-01-05,500731.0,https://www.cftc.gov/files/dea/history/fut_disagg_txt_2026.zip,2026-10-08
cftc_gold_oi,2018-01-09,2018-01-12,555455.0,https://www.cftc.gov/files/dea/history/fut_disagg_txt_2026.zip,2026-10-08
cftc_gold_oi,2018-01-16,2018-01-19,582333.0,https://www.cftc.gov/files/dea/history/fut_disagg_txt_2026.zip,2026-10-08
cftc_gold_oi,2018-01-23,2018-01-26,582421.0,https://www.cftc.gov/files/dea/history/fut_disagg_txt_2026.zip,2026-10-08
cftc_gold_oi,2018-01-30,2018-02-02,559332.0,https://www.cftc.gov/files/dea/history/fut_disagg_txt_2026.zip,2026-10-08
cftc_gold_oi,2018-02-06,2018-02-09,535321.0,https://www.cftc.gov/files/dea/history/fut_disagg_txt_2026.zip,2026-10-08
cftc_gold_oi,2018-02-13,2018-02-16,511745.0,https://www.cftc.gov/files/dea/history/fut_disagg_txt_2026.zip,2026-10-08
cftc_gold_oi,2018-02-20,2018-02-23,528154.0,https://www.cftc.gov/files/dea/history/fut_disagg_txt_2026.zip,2026-10-08
cftc_gold_oi,2018-02-27,2018-03-02,532860.0,https://www.cftc.gov/files/dea/history/fut_disagg_txt_2026.zip,2026-10-08
cftc_gold_oi,2018-03-06,2018-03-09,508100.0,https://www.cftc.gov/files/dea/history/fut_disagg_txt_2026.zip,2026-10-08
cftc_gold_oi,2018-03-13,2018-03-16,526762.0,https://www.cftc.gov/files/dea/history/fut_disagg_txt_2026.zip,2026-10-08
cftc_gold_oi,2018-03-20,2018-03-23,545499.0,https://www.cftc.gov/files/dea/history/fut_disagg_txt_2026.zip,2026-10-08
cftc_gold_oi,2018-03-27,2018-03-30,529690.0,https://www.cftc.gov/files/dea/history/fut_disagg_txt_2026.zip,2026-10-08
cftc_gold_oi,2018-04-03,2018-04-06,493141.0,https://www.cftc.gov/files/dea/history/fut_disagg_txt_2026.zip,2026-10-08
cftc_gold_oi,2018-04-10,2018-04-13,499588.0,https://www.cftc.gov/files/dea/history/fut_disagg_txt_2026.zip,2026-10-08
cftc_gold_oi,2018-04-17,2018-04-20,510229.0,https://www.cftc.gov/files/dea/history/fut_disagg_txt_2026.zip,2026-10-08
cftc_gold_oi,2018-04-24,2018-04-27,506410.0,https://www.cftc.gov/files/dea/history/fut_disagg_txt_2026.zip,2026-10-08
cftc_gold_oi,2018-05-01,2018-05-04,507756.0,https://www.cftc.gov/files/dea/history/fut_disagg_txt_2026.zip,2026-10-08
cftc_gold_oi,2018-05-08,2018-05-11,491398.0,https://www.cftc.gov/files/dea/history/fut_disagg_txt_2026.zip,2026-10-08
cftc_gold_oi,2018-05-15,2018-05-18,519958.0,https://www.cftc.gov/files/dea/history/fut_disagg_txt_2026.zip,2026-10-08
cftc_gold_oi,2018-05-22,2018-05-25,502942.0,https://www.cftc.gov/files/dea/history/fut_disagg_txt_2026.zip,2026-10-08
cftc_gold_oi,2018-05-29,2018-06-01,469382.0,https://www.cftc.gov/files/dea/history/fut_disagg_txt_2026.zip,2026-10-08
cftc_gold_oi,2018-06-05,2018-06-08,450641.0,https://www.cftc.gov/files/dea/history/fut_disagg_txt_2026.zip,2026-10-08
cftc_gold_oi,2018-06-12,2018-06-15,448695.0,https://www.cftc.gov/files/dea/history/fut_disagg_txt_2026.zip,2026-10-08
cftc_gold_oi,2018-06-19,2018-06-22,468345.0,https://www.cftc.gov/files/dea/history/fut_disagg_txt_2026.zip,2026-10-08
cftc_gold_oi,2018-06-26,2018-06-29,468573.0,https://www.cftc.gov/files/dea/history/fut_disagg_txt_2026.zip,2026-10-08
cftc_gold_oi,2018-07-03,2018-07-06,494164.0,https://www.cftc.gov/files/dea/history/fut_disagg_txt_2026.zip,2026-10-08
cftc_gold_oi,2018-07-10,2018-07-13,503593.0,https://www.cftc.gov/files/dea/history/fut_disagg_txt_2026.zip,2026-10-08
cftc_gold_oi,2018-07-17,2018-07-20,528278.0,https://www.cftc.gov/files/dea/history/fut_disagg_txt_2026.zip,2026-10-08
cftc_gold_oi,2018-07-24,2018-07-27,496620.0,https://www.cftc.gov/files/dea/history/fut_disagg_txt_2026.zip,2026-10-08
cftc_gold_oi,2018-07-31,2018-08-03,452655.0,https://www.cftc.gov/files/dea/history/fut_disagg_txt_2026.zip,2026-10-08
cftc_gold_oi,2018-08-07,2018-08-10,459474.0,https://www.cftc.gov/files/dea/history/fut_disagg_txt_2026.zip,2026-10-08
cftc_gold_oi,2018-08-14,2018-08-17,476739.0,https://www.cftc.gov/files/dea/history/fut_disagg_txt_2026.zip,2026-10-08
cftc_gold_oi,2018-08-21,2018-08-24,483730.0,https://www.cftc.gov/files/dea/history/fut_disagg_txt_2026.zip,2026-10-08
cftc_gold_oi,2018-08-28,2018-08-31,479283.0,https://www.cftc.gov/files/dea/history/fut_disagg_txt_2026.zip,2026-10-08
cftc_gold_oi,2018-09-04,2018-09-07,473118.0,https://www.cftc.gov/files/dea/history/fut_disagg_txt_2026.zip,2026-10-08
cftc_gold_oi,2018-09-11,2018-09-14,469450.0,https://www.cftc.gov/files/dea/history/fut_disagg_txt_2026.zip,2026-10-08
cftc_gold_oi,2018-09-18,2018-09-21,469436.0,https://www.cftc.gov/files/dea/history/fut_disagg_txt_2026.zip,2026-10-08
cftc_gold_oi,2018-09-25,2018-09-28,460279.0,https://www.cftc.gov/files/dea/history/fut_disagg_txt_2026.zip,2026-10-08
cftc_gold_oi,2018-10-02,2018-10-05,459776.0,https://www.cftc.gov/files/dea/history/fut_disagg_txt_2026.zip,2026-10-08
cftc_gold_oi,2018-10-09,2018-10-12,465253.0,https://www.cftc.gov/files/dea/history/fut_disagg_txt_2026.zip,2026-10-08
cftc_gold_oi,2018-10-16,2018-10-19,474418.0,https://www.cftc.gov/files/dea/history/fut_disagg_txt_2026.zip,2026-10-08
cftc_gold_oi,2018-10-23,2018-10-26,477832.0,https://www.cftc.gov/files/dea/history/fut_disagg_txt_2026.zip,2026-10-08
cftc_gold_oi,2018-10-30,2018-11-02,474941.0,https://www.cftc.gov/files/dea/history/fut_disagg_txt_2026.zip,2026-10-08
cftc_gold_oi,2018-11-06,2018-11-09,494911.0,https://www.cftc.gov/files/dea/history/fut_disagg_txt_2026.zip,2026-10-08
cftc_gold_oi,2018-11-13,2018-11-16,539520.0,https://www.cftc.gov/files/dea/history/fut_disagg_txt_2026.zip,2026-10-08
cftc_gold_oi,2018-11-20,2018-11-23,525940.0,https://www.cftc.gov/files/dea/history/fut_disagg_txt_2026.zip,2026-10-08
cftc_gold_oi,2018-11-27,2018-11-30,442801.0,https://www.cftc.gov/files/dea/history/fut_disagg_txt_2026.zip,2026-10-08
cftc_gold_oi,2018-12-04,2018-12-07,399919.0,https://www.cftc.gov/files/dea/history/fut_disagg_txt_2026.zip,2026-10-08
cftc_gold_oi,2018-12-11,2018-12-14,402250.0,https://www.cftc.gov/files/dea/history/fut_disagg_txt_2026.zip,2026-10-08
cftc_gold_oi,2018-12-18,2018-12-21,412485.0,https://www.cftc.gov/files/dea/history/fut_disagg_txt_2026.zip,2026-10-08
cftc_gold_oi,2018-12-24,2018-12-27,442727.0,https://www.cftc.gov/files/dea/history/fut_disagg_txt_2026.zip,2026-10-08
cftc_gold_oi,2018-12-31,2019-01-03,451360.0,https://www.cftc.gov/files/dea/history/fut_disagg_txt_2026.zip,2026-10-08
cftc_gold_oi,2019-01-08,2019-01-11,455232.0,https://www.cftc.gov/files/dea/history/fut_disagg_txt_2026.zip,2026-10-08
cftc_gold_oi,2019-01-15,2019-01-18,501605.0,https://www.cftc.gov/files/dea/history/fut_disagg_txt_2026.zip,2026-10-08
cftc_gold_oi,2019-01-22,2019-01-25,513509.0,https://www.cftc.gov/files/dea/history/fut_disagg_txt_2026.zip,2026-10-08
cftc_gold_oi,2019-01-29,2019-02-01,483390.0,https://www.cftc.gov/files/dea/history/fut_disagg_txt_2026.zip,2026-10-08
cftc_gold_oi,2019-02-05,2019-02-08,479736.0,https://www.cftc.gov/files/dea/history/fut_disagg_txt_2026.zip,2026-10-08
cftc_gold_oi,2019-02-12,2019-02-15,476083.0,https://www.cftc.gov/files/dea/history/fut_disagg_txt_2026.zip,2026-10-08
cftc_gold_oi,2019-02-19,2019-02-22,504639.0,https://www.cftc.gov/files/dea/history/fut_disagg_txt_2026.zip,2026-10-08
cftc_gold_oi,2019-02-26,2019-03-01,501268.0,https://www.cftc.gov/files/dea/history/fut_disagg_txt_2026.zip,2026-10-08
cftc_gold_oi,2019-03-05,2019-03-08,471311.0,https://www.cftc.gov/files/dea/history/fut_disagg_txt_2026.zip,2026-10-08
cftc_gold_oi,2019-03-12,2019-03-15,530030.0,https://www.cftc.gov/files/dea/history/fut_disagg_txt_2026.zip,2026-10-08
cftc_gold_oi,2019-03-19,2019-03-22,514163.0,https://www.cftc.gov/files/dea/history/fut_disagg_txt_2026.zip,2026-10-08
cftc_gold_oi,2019-03-26,2019-03-29,509575.0,https://www.cftc.gov/files/dea/history/fut_disagg_txt_2026.zip,2026-10-08
cftc_gold_oi,2019-04-02,2019-04-05,440170.0,https://www.cftc.gov/files/dea/history/fut_disagg_txt_2026.zip,2026-10-08
cftc_gold_oi,2019-04-09,2019-04-12,447539.0,https://www.cftc.gov/files/dea/history/fut_disagg_txt_2026.zip,2026-10-08
cftc_gold_oi,2019-04-16,2019-04-19,440581.0,https://www.cftc.gov/files/dea/history/fut_disagg_txt_2026.zip,2026-10-08
cftc_gold_oi,2019-04-23,2019-04-26,440048.0,https://www.cftc.gov/files/dea/history/fut_disagg_txt_2026.zip,2026-10-08
cftc_gold_oi,2019-04-30,2019-05-03,430011.0,https://www.cftc.gov/files/dea/history/fut_disagg_txt_2026.zip,2026-10-08
cftc_gold_oi,2019-05-07,2019-05-10,450039.0,https://www.cftc.gov/files/dea/history/fut_disagg_txt_2026.zip,2026-10-08
cftc_gold_oi,2019-05-14,2019-05-17,517995.0,https://www.cftc.gov/files/dea/history/fut_disagg_txt_2026.zip,2026-10-08
cftc_gold_oi,2019-05-21,2019-05-24,508643.0,https://www.cftc.gov/files/dea/history/fut_disagg_txt_2026.zip,2026-10-08
cftc_gold_oi,2019-05-28,2019-05-31,505126.0,https://www.cftc.gov/files/dea/history/fut_disagg_txt_2026.zip,2026-10-08
cftc_gold_oi,2019-06-04,2019-06-07,481495.0,https://www.cftc.gov/files/dea/history/fut_disagg_txt_2026.zip,2026-10-08
cftc_gold_oi,2019-06-11,2019-06-14,496663.0,https://www.cftc.gov/files/dea/history/fut_disagg_txt_2026.zip,2026-10-08
cftc_gold_oi,2019-06-18,2019-06-21,525636.0,https://www.cftc.gov/files/dea/history/fut_disagg_txt_2026.zip,2026-10-08
cftc_gold_oi,2019-06-25,2019-06-28,577605.0,https://www.cftc.gov/files/dea/history/fut_disagg_txt_2026.zip,2026-10-08
cftc_gold_oi,2019-07-02,2019-07-05,605949.0,https://www.cftc.gov/files/dea/history/fut_disagg_txt_2026.zip,2026-10-08
cftc_gold_oi,2019-07-09,2019-07-12,598977.0,https://www.cftc.gov/files/dea/history/fut_disagg_txt_2026.zip,2026-10-08
cftc_gold_oi,2019-07-16,2019-07-19,601900.0,https://www.cftc.gov/files/dea/history/fut_disagg_txt_2026.zip,2026-10-08
cftc_gold_oi,2019-07-23,2019-07-26,616859.0,https://www.cftc.gov/files/dea/history/fut_disagg_txt_2026.zip,2026-10-08
cftc_gold_oi,2019-07-30,2019-08-02,563298.0,https://www.cftc.gov/files/dea/history/fut_disagg_txt_2026.zip,2026-10-08
cftc_gold_oi,2019-08-06,2019-08-09,600317.0,https://www.cftc.gov/files/dea/history/fut_disagg_txt_2026.zip,2026-10-08
cftc_gold_oi,2019-08-13,2019-08-16,593962.0,https://www.cftc.gov/files/dea/history/fut_disagg_txt_2026.zip,2026-10-08
cftc_gold_oi,2019-08-20,2019-08-23,594807.0,https://www.cftc.gov/files/dea/history/fut_disagg_txt_2026.zip,2026-10-08
cftc_gold_oi,2019-08-27,2019-08-30,636183.0,https://www.cftc.gov/files/dea/history/fut_disagg_txt_2026.zip,2026-10-08
cftc_gold_oi,2019-09-03,2019-09-06,634358.0,https://www.cftc.gov/files/dea/history/fut_disagg_txt_2026.zip,2026-10-08
cftc_gold_oi,2019-09-10,2019-09-13,614753.0,https://www.cftc.gov/files/dea/history/fut_disagg_txt_2026.zip,2026-10-08
cftc_gold_oi,2019-09-17,2019-09-20,630990.0,https://www.cftc.gov/files/dea/history/fut_disagg_txt_2026.zip,2026-10-08
cftc_gold_oi,2019-09-24,2019-09-27,658944.0,https://www.cftc.gov/files/dea/history/fut_disagg_txt_2026.zip,2026-10-08
cftc_gold_oi,2019-10-01,2019-10-04,604885.0,https://www.cftc.gov/files/dea/history/fut_disagg_txt_2026.zip,2026-10-08
cftc_gold_oi,2019-10-08,2019-10-11,616957.0,https://www.cftc.gov/files/dea/history/fut_disagg_txt_2026.zip,2026-10-08
cftc_gold_oi,2019-10-15,2019-10-18,607387.0,https://www.cftc.gov/files/dea/history/fut_disagg_txt_2026.zip,2026-10-08
cftc_gold_oi,2019-10-22,2019-10-25,625528.0,https://www.cftc.gov/files/dea/history/fut_disagg_txt_2026.zip,2026-10-08
cftc_gold_oi,2019-10-29,2019-11-01,643442.0,https://www.cftc.gov/files/dea/history/fut_disagg_txt_2026.zip,2026-10-08
cftc_gold_oi,2019-11-05,2019-11-08,690181.0,https://www.cftc.gov/files/dea/history/fut_disagg_txt_2026.zip,2026-10-08
cftc_gold_oi,2019-11-12,2019-11-15,708463.0,https://www.cftc.gov/files/dea/history/fut_disagg_txt_2026.zip,2026-10-08
cftc_gold_oi,2019-11-19,2019-11-22,719211.0,https://www.cftc.gov/files/dea/history/fut_disagg_txt_2026.zip,2026-10-08
cftc_gold_oi,2019-11-26,2019-11-29,669268.0,https://www.cftc.gov/files/dea/history/fut_disagg_txt_2026.zip,2026-10-08
cftc_gold_oi,2019-12-03,2019-12-06,701016.0,https://www.cftc.gov/files/dea/history/fut_disagg_txt_2026.zip,2026-10-08
cftc_gold_oi,2019-12-10,2019-12-13,690003.0,https://www.cftc.gov/files/dea/history/fut_disagg_txt_2026.zip,2026-10-08
cftc_gold_oi,2019-12-17,2019-12-20,716987.0,https://www.cftc.gov/files/dea/history/fut_disagg_txt_2026.zip,2026-10-08
cftc_gold_oi,2019-12-24,2019-12-27,748737.0,https://www.cftc.gov/files/dea/history/fut_disagg_txt_2026.zip,2026-10-08
cftc_gold_oi,2019-12-31,2020-01-03,786166.0,https://www.cftc.gov/files/dea/history/fut_disagg_txt_2026.zip,2026-10-08
cftc_gold_oi,2020-01-07,2020-01-10,785857.0,https://www.cftc.gov/files/dea/history/fut_disagg_txt_2026.zip,2026-10-08
cftc_gold_oi,2020-01-14,2020-01-17,796883.0,https://www.cftc.gov/files/dea/history/fut_disagg_txt_2026.zip,2026-10-08
cftc_gold_oi,2020-01-21,2020-01-24,793829.0,https://www.cftc.gov/files/dea/history/fut_disagg_txt_2026.zip,2026-10-08
cftc_gold_oi,2020-01-28,2020-01-31,715539.0,https://www.cftc.gov/files/dea/history/fut_disagg_txt_2026.zip,2026-10-08
cftc_gold_oi,2020-02-04,2020-02-07,654572.0,https://www.cftc.gov/files/dea/history/fut_disagg_txt_2026.zip,2026-10-08
cftc_gold_oi,2020-02-11,2020-02-14,658024.0,https://www.cftc.gov/files/dea/history/fut_disagg_txt_2026.zip,2026-10-08
cftc_gold_oi,2020-02-18,2020-02-21,715317.0,https://www.cftc.gov/files/dea/history/fut_disagg_txt_2026.zip,2026-10-08
cftc_gold_oi,2020-02-25,2020-02-28,732917.0,https://www.cftc.gov/files/dea/history/fut_disagg_txt_2026.zip,2026-10-08
cftc_gold_oi,2020-03-03,2020-03-06,691985.0,https://www.cftc.gov/files/dea/history/fut_disagg_txt_2026.zip,2026-10-08
cftc_gold_oi,2020-03-10,2020-03-13,633470.0,https://www.cftc.gov/files/dea/history/fut_disagg_txt_2026.zip,2026-10-08
cftc_gold_oi,2020-03-17,2020-03-20,573925.0,https://www.cftc.gov/files/dea/history/fut_disagg_txt_2026.zip,2026-10-08
cftc_gold_oi,2020-03-24,2020-03-27,547334.0,https://www.cftc.gov/files/dea/history/fut_disagg_txt_2026.zip,2026-10-08
cftc_gold_oi,2020-03-31,2020-04-03,495652.0,https://www.cftc.gov/files/dea/history/fut_disagg_txt_2026.zip,2026-10-08
cftc_gold_oi,2020-04-07,2020-04-10,480050.0,https://www.cftc.gov/files/dea/history/fut_disagg_txt_2026.zip,2026-10-08
cftc_gold_oi,2020-04-14,2020-04-17,489965.0,https://www.cftc.gov/files/dea/history/fut_disagg_txt_2026.zip,2026-10-08
cftc_gold_oi,2020-04-21,2020-04-24,493158.0,https://www.cftc.gov/files/dea/history/fut_disagg_txt_2026.zip,2026-10-08
cftc_gold_oi,2020-04-28,2020-05-01,500816.0,https://www.cftc.gov/files/dea/history/fut_disagg_txt_2026.zip,2026-10-08
cftc_gold_oi,2020-05-05,2020-05-08,490343.0,https://www.cftc.gov/files/dea/history/fut_disagg_txt_2026.zip,2026-10-08
cftc_gold_oi,2020-05-12,2020-05-15,496739.0,https://www.cftc.gov/files/dea/history/fut_disagg_txt_2026.zip,2026-10-08
cftc_gold_oi,2020-05-19,2020-05-22,528205.0,https://www.cftc.gov/files/dea/history/fut_disagg_txt_2026.zip,2026-10-08
cftc_gold_oi,2020-05-26,2020-05-29,519374.0,https://www.cftc.gov/files/dea/history/fut_disagg_txt_2026.zip,2026-10-08
cftc_gold_oi,2020-06-02,2020-06-05,475745.0,https://www.cftc.gov/files/dea/history/fut_disagg_txt_2026.zip,2026-10-08
cftc_gold_oi,2020-06-09,2020-06-12,475661.0,https://www.cftc.gov/files/dea/history/fut_disagg_txt_2026.zip,2026-10-08
cftc_gold_oi,2020-06-16,2020-06-19,489563.0,https://www.cftc.gov/files/dea/history/fut_disagg_txt_2026.zip,2026-10-08
cftc_gold_oi,2020-06-23,2020-06-26,532101.0,https://www.cftc.gov/files/dea/history/fut_disagg_txt_2026.zip,2026-10-08
cftc_gold_oi,2020-06-30,2020-07-03,561628.0,https://www.cftc.gov/files/dea/history/fut_disagg_txt_2026.zip,2026-10-08
cftc_gold_oi,2020-07-07,2020-07-10,572776.0,https://www.cftc.gov/files/dea/history/fut_disagg_txt_2026.zip,2026-10-08
cftc_gold_oi,2020-07-14,2020-07-17,580175.0,https://www.cftc.gov/files/dea/history/fut_disagg_txt_2026.zip,2026-10-08
cftc_gold_oi,2020-07-21,2020-07-24,603138.0,https://www.cftc.gov/files/dea/history/fut_disagg_txt_2026.zip,2026-10-08
cftc_gold_oi,2020-07-28,2020-07-31,598629.0,https://www.cftc.gov/files/dea/history/fut_disagg_txt_2026.zip,2026-10-08
cftc_gold_oi,2020-08-04,2020-08-07,561837.0,https://www.cftc.gov/files/dea/history/fut_disagg_txt_2026.zip,2026-10-08
cftc_gold_oi,2020-08-11,2020-08-14,553345.0,https://www.cftc.gov/files/dea/history/fut_disagg_txt_2026.zip,2026-10-08
cftc_gold_oi,2020-08-18,2020-08-21,544010.0,https://www.cftc.gov/files/dea/history/fut_disagg_txt_2026.zip,2026-10-08
cftc_gold_oi,2020-08-25,2020-08-28,549282.0,https://www.cftc.gov/files/dea/history/fut_disagg_txt_2026.zip,2026-10-08
cftc_gold_oi,2020-09-01,2020-09-04,547704.0,https://www.cftc.gov/files/dea/history/fut_disagg_txt_2026.zip,2026-10-08
cftc_gold_oi,2020-09-08,2020-09-11,557457.0,https://www.cftc.gov/files/dea/history/fut_disagg_txt_2026.zip,2026-10-08
cftc_gold_oi,2020-09-15,2020-09-18,578925.0,https://www.cftc.gov/files/dea/history/fut_disagg_txt_2026.zip,2026-10-08
cftc_gold_oi,2020-09-22,2020-09-25,575877.0,https://www.cftc.gov/files/dea/history/fut_disagg_txt_2026.zip,2026-10-08
cftc_gold_oi,2020-09-29,2020-10-02,562396.0,https://www.cftc.gov/files/dea/history/fut_disagg_txt_2026.zip,2026-10-08
cftc_gold_oi,2020-10-06,2020-10-09,555555.0,https://www.cftc.gov/files/dea/history/fut_disagg_txt_2026.zip,2026-10-08
cftc_gold_oi,2020-10-13,2020-10-16,553197.0,https://www.cftc.gov/files/dea/history/fut_disagg_txt_2026.zip,2026-10-08
cftc_gold_oi,2020-10-20,2020-10-23,562993.0,https://www.cftc.gov/files/dea/history/fut_disagg_txt_2026.zip,2026-10-08
cftc_gold_oi,2020-10-27,2020-10-30,560900.0,https://www.cftc.gov/files/dea/history/fut_disagg_txt_2026.zip,2026-10-08
cftc_gold_oi,2020-11-03,2020-11-06,544774.0,https://www.cftc.gov/files/dea/history/fut_disagg_txt_2026.zip,2026-10-08
cftc_gold_oi,2020-11-10,2020-11-13,547449.0,https://www.cftc.gov/files/dea/history/fut_disagg_txt_2026.zip,2026-10-08
cftc_gold_oi,2020-11-17,2020-11-20,557533.0,https://www.cftc.gov/files/dea/history/fut_disagg_txt_2026.zip,2026-10-08
cftc_gold_oi,2020-11-24,2020-11-27,555253.0,https://www.cftc.gov/files/dea/history/fut_disagg_txt_2026.zip,2026-10-08
cftc_gold_oi,2020-12-01,2020-12-04,538042.0,https://www.cftc.gov/files/dea/history/fut_disagg_txt_2026.zip,2026-10-08
cftc_gold_oi,2020-12-08,2020-12-11,549520.0,https://www.cftc.gov/files/dea/history/fut_disagg_txt_2026.zip,2026-10-08
cftc_gold_oi,2020-12-15,2020-12-18,550366.0,https://www.cftc.gov/files/dea/history/fut_disagg_txt_2026.zip,2026-10-08
cftc_gold_oi,2020-12-21,2020-12-24,560769.0,https://www.cftc.gov/files/dea/history/fut_disagg_txt_2026.zip,2026-10-08
cftc_gold_oi,2020-12-29,2021-01-01,556414.0,https://www.cftc.gov/files/dea/history/fut_disagg_txt_2026.zip,2026-10-08
cftc_gold_oi,2021-01-05,2021-01-08,568888.0,https://www.cftc.gov/files/dea/history/fut_disagg_txt_2026.zip,2026-10-08
cftc_gold_oi,2021-01-12,2021-01-15,555538.0,https://www.cftc.gov/files/dea/history/fut_disagg_txt_2026.zip,2026-10-08
cftc_gold_oi,2021-01-19,2021-01-22,541330.0,https://www.cftc.gov/files/dea/history/fut_disagg_txt_2026.zip,2026-10-08
cftc_gold_oi,2021-01-26,2021-01-29,534574.0,https://www.cftc.gov/files/dea/history/fut_disagg_txt_2026.zip,2026-10-08
cftc_gold_oi,2021-02-02,2021-02-05,520011.0,https://www.cftc.gov/files/dea/history/fut_disagg_txt_2026.zip,2026-10-08
cftc_gold_oi,2021-02-09,2021-02-12,506741.0,https://www.cftc.gov/files/dea/history/fut_disagg_txt_2026.zip,2026-10-08
cftc_gold_oi,2021-02-16,2021-02-19,503016.0,https://www.cftc.gov/files/dea/history/fut_disagg_txt_2026.zip,2026-10-08
cftc_gold_oi,2021-02-23,2021-02-26,481125.0,https://www.cftc.gov/files/dea/history/fut_disagg_txt_2026.zip,2026-10-08
cftc_gold_oi,2021-03-02,2021-03-05,467008.0,https://www.cftc.gov/files/dea/history/fut_disagg_txt_2026.zip,2026-10-08
cftc_gold_oi,2021-03-09,2021-03-12,473871.0,https://www.cftc.gov/files/dea/history/fut_disagg_txt_2026.zip,2026-10-08
cftc_gold_oi,2021-03-16,2021-03-19,476467.0,https://www.cftc.gov/files/dea/history/fut_disagg_txt_2026.zip,2026-10-08
cftc_gold_oi,2021-03-23,2021-03-26,485457.0,https://www.cftc.gov/files/dea/history/fut_disagg_txt_2026.zip,2026-10-08
cftc_gold_oi,2021-03-30,2021-04-02,467321.0,https://www.cftc.gov/files/dea/history/fut_disagg_txt_2026.zip,2026-10-08
cftc_gold_oi,2021-04-06,2021-04-09,463353.0,https://www.cftc.gov/files/dea/history/fut_disagg_txt_2026.zip,2026-10-08
cftc_gold_oi,2021-04-13,2021-04-16,460733.0,https://www.cftc.gov/files/dea/history/fut_disagg_txt_2026.zip,2026-10-08
cftc_gold_oi,2021-04-20,2021-04-23,471738.0,https://www.cftc.gov/files/dea/history/fut_disagg_txt_2026.zip,2026-10-08
cftc_gold_oi,2021-04-27,2021-04-30,473305.0,https://www.cftc.gov/files/dea/history/fut_disagg_txt_2026.zip,2026-10-08
cftc_gold_oi,2021-05-04,2021-05-07,470341.0,https://www.cftc.gov/files/dea/history/fut_disagg_txt_2026.zip,2026-10-08
cftc_gold_oi,2021-05-11,2021-05-14,498693.0,https://www.cftc.gov/files/dea/history/fut_disagg_txt_2026.zip,2026-10-08
cftc_gold_oi,2021-05-18,2021-05-21,520410.0,https://www.cftc.gov/files/dea/history/fut_disagg_txt_2026.zip,2026-10-08
cftc_gold_oi,2021-05-25,2021-05-28,510164.0,https://www.cftc.gov/files/dea/history/fut_disagg_txt_2026.zip,2026-10-08
cftc_gold_oi,2021-06-01,2021-06-04,489198.0,https://www.cftc.gov/files/dea/history/fut_disagg_txt_2026.zip,2026-10-08
cftc_gold_oi,2021-06-08,2021-06-11,491858.0,https://www.cftc.gov/files/dea/history/fut_disagg_txt_2026.zip,2026-10-08
cftc_gold_oi,2021-06-15,2021-06-18,480127.0,https://www.cftc.gov/files/dea/history/fut_disagg_txt_2026.zip,2026-10-08
cftc_gold_oi,2021-06-22,2021-06-25,453940.0,https://www.cftc.gov/files/dea/history/fut_disagg_txt_2026.zip,2026-10-08
cftc_gold_oi,2021-06-29,2021-07-02,453360.0,https://www.cftc.gov/files/dea/history/fut_disagg_txt_2026.zip,2026-10-08
cftc_gold_oi,2021-07-06,2021-07-09,465811.0,https://www.cftc.gov/files/dea/history/fut_disagg_txt_2026.zip,2026-10-08
cftc_gold_oi,2021-07-13,2021-07-16,495798.0,https://www.cftc.gov/files/dea/history/fut_disagg_txt_2026.zip,2026-10-08
cftc_gold_oi,2021-07-20,2021-07-23,490520.0,https://www.cftc.gov/files/dea/history/fut_disagg_txt_2026.zip,2026-10-08
cftc_gold_oi,2021-07-27,2021-07-30,500187.0,https://www.cftc.gov/files/dea/history/fut_disagg_txt_2026.zip,2026-10-08
cftc_gold_oi,2021-08-03,2021-08-06,485663.0,https://www.cftc.gov/files/dea/history/fut_disagg_txt_2026.zip,2026-10-08
cftc_gold_oi,2021-08-10,2021-08-13,477232.0,https://www.cftc.gov/files/dea/history/fut_disagg_txt_2026.zip,2026-10-08
cftc_gold_oi,2021-08-17,2021-08-20,485485.0,https://www.cftc.gov/files/dea/history/fut_disagg_txt_2026.zip,2026-10-08
cftc_gold_oi,2021-08-24,2021-08-27,504735.0,https://www.cftc.gov/files/dea/history/fut_disagg_txt_2026.zip,2026-10-08
cftc_gold_oi,2021-08-31,2021-09-03,507113.0,https://www.cftc.gov/files/dea/history/fut_disagg_txt_2026.zip,2026-10-08
cftc_gold_oi,2021-09-07,2021-09-10,506772.0,https://www.cftc.gov/files/dea/history/fut_disagg_txt_2026.zip,2026-10-08
cftc_gold_oi,2021-09-14,2021-09-17,506356.0,https://www.cftc.gov/files/dea/history/fut_disagg_txt_2026.zip,2026-10-08
cftc_gold_oi,2021-09-21,2021-09-24,492765.0,https://www.cftc.gov/files/dea/history/fut_disagg_txt_2026.zip,2026-10-08
cftc_gold_oi,2021-09-28,2021-10-01,490858.0,https://www.cftc.gov/files/dea/history/fut_disagg_txt_2026.zip,2026-10-08
cftc_gold_oi,2021-10-05,2021-10-08,483789.0,https://www.cftc.gov/files/dea/history/fut_disagg_txt_2026.zip,2026-10-08
cftc_gold_oi,2021-10-12,2021-10-15,484382.0,https://www.cftc.gov/files/dea/history/fut_disagg_txt_2026.zip,2026-10-08
cftc_gold_oi,2021-10-19,2021-10-22,485974.0,https://www.cftc.gov/files/dea/history/fut_disagg_txt_2026.zip,2026-10-08
cftc_gold_oi,2021-10-26,2021-10-29,509794.0,https://www.cftc.gov/files/dea/history/fut_disagg_txt_2026.zip,2026-10-08
cftc_gold_oi,2021-11-02,2021-11-05,507616.0,https://www.cftc.gov/files/dea/history/fut_disagg_txt_2026.zip,2026-10-08
cftc_gold_oi,2021-11-09,2021-11-12,571025.0,https://www.cftc.gov/files/dea/history/fut_disagg_txt_2026.zip,2026-10-08
cftc_gold_oi,2021-11-16,2021-11-19,612612.0,https://www.cftc.gov/files/dea/history/fut_disagg_txt_2026.zip,2026-10-08
cftc_gold_oi,2021-11-23,2021-11-26,559823.0,https://www.cftc.gov/files/dea/history/fut_disagg_txt_2026.zip,2026-10-08
cftc_gold_oi,2021-11-30,2021-12-03,531868.0,https://www.cftc.gov/files/dea/history/fut_disagg_txt_2026.zip,2026-10-08
cftc_gold_oi,2021-12-07,2021-12-10,499307.0,https://www.cftc.gov/files/dea/history/fut_disagg_txt_2026.zip,2026-10-08
cftc_gold_oi,2021-12-14,2021-12-17,503709.0,https://www.cftc.gov/files/dea/history/fut_disagg_txt_2026.zip,2026-10-08
cftc_gold_oi,2021-12-21,2021-12-24,500846.0,https://www.cftc.gov/files/dea/history/fut_disagg_txt_2026.zip,2026-10-08
cftc_gold_oi,2021-12-28,2021-12-31,508912.0,https://www.cftc.gov/files/dea/history/fut_disagg_txt_2026.zip,2026-10-08
cftc_gold_oi,2022-01-04,2022-01-07,502717.0,https://www.cftc.gov/files/dea/history/fut_disagg_txt_2026.zip,2026-10-08
cftc_gold_oi,2022-01-11,2022-01-14,546516.0,https://www.cftc.gov/files/dea/history/fut_disagg_txt_2026.zip,2026-10-08
cftc_gold_oi,2022-01-18,2022-01-21,539204.0,https://www.cftc.gov/files/dea/history/fut_disagg_txt_2026.zip,2026-10-08
cftc_gold_oi,2022-01-25,2022-01-28,572078.0,https://www.cftc.gov/files/dea/history/fut_disagg_txt_2026.zip,2026-10-08
cftc_gold_oi,2022-02-01,2022-02-04,515331.0,https://www.cftc.gov/files/dea/history/fut_disagg_txt_2026.zip,2026-10-08
cftc_gold_oi,2022-02-08,2022-02-11,512842.0,https://www.cftc.gov/files/dea/history/fut_disagg_txt_2026.zip,2026-10-08
cftc_gold_oi,2022-02-15,2022-02-18,558645.0,https://www.cftc.gov/files/dea/history/fut_disagg_txt_2026.zip,2026-10-08
cftc_gold_oi,2022-02-22,2022-02-25,611488.0,https://www.cftc.gov/files/dea/history/fut_disagg_txt_2026.zip,2026-10-08
cftc_gold_oi,2022-03-01,2022-03-04,615600.0,https://www.cftc.gov/files/dea/history/fut_disagg_txt_2026.zip,2026-10-08
cftc_gold_oi,2022-03-08,2022-03-11,638502.0,https://www.cftc.gov/files/dea/history/fut_disagg_txt_2026.zip,2026-10-08
cftc_gold_oi,2022-03-15,2022-03-18,617605.0,https://www.cftc.gov/files/dea/history/fut_disagg_txt_2026.zip,2026-10-08
cftc_gold_oi,2022-03-22,2022-03-25,605191.0,https://www.cftc.gov/files/dea/history/fut_disagg_txt_2026.zip,2026-10-08
cftc_gold_oi,2022-03-29,2022-04-01,574521.0,https://www.cftc.gov/files/dea/history/fut_disagg_txt_2026.zip,2026-10-08
cftc_gold_oi,2022-04-05,2022-04-08,560666.0,https://www.cftc.gov/files/dea/history/fut_disagg_txt_2026.zip,2026-10-08
cftc_gold_oi,2022-04-12,2022-04-15,577639.0,https://www.cftc.gov/files/dea/history/fut_disagg_txt_2026.zip,2026-10-08
cftc_gold_oi,2022-04-19,2022-04-22,575202.0,https://www.cftc.gov/files/dea/history/fut_disagg_txt_2026.zip,2026-10-08
cftc_gold_oi,2022-04-26,2022-04-29,557785.0,https://www.cftc.gov/files/dea/history/fut_disagg_txt_2026.zip,2026-10-08
cftc_gold_oi,2022-05-03,2022-05-06,560441.0,https://www.cftc.gov/files/dea/history/fut_disagg_txt_2026.zip,2026-10-08
cftc_gold_oi,2022-05-10,2022-05-13,571447.0,https://www.cftc.gov/files/dea/history/fut_disagg_txt_2026.zip,2026-10-08
cftc_gold_oi,2022-05-17,2022-05-20,555756.0,https://www.cftc.gov/files/dea/history/fut_disagg_txt_2026.zip,2026-10-08
cftc_gold_oi,2022-05-24,2022-05-27,530098.0,https://www.cftc.gov/files/dea/history/fut_disagg_txt_2026.zip,2026-10-08
cftc_gold_oi,2022-05-31,2022-06-03,513722.0,https://www.cftc.gov/files/dea/history/fut_disagg_txt_2026.zip,2026-10-08
cftc_gold_oi,2022-06-07,2022-06-10,494130.0,https://www.cftc.gov/files/dea/history/fut_disagg_txt_2026.zip,2026-10-08
cftc_gold_oi,2022-06-14,2022-06-17,497456.0,https://www.cftc.gov/files/dea/history/fut_disagg_txt_2026.zip,2026-10-08
cftc_gold_oi,2022-06-21,2022-06-24,500276.0,https://www.cftc.gov/files/dea/history/fut_disagg_txt_2026.zip,2026-10-08
cftc_gold_oi,2022-06-28,2022-07-01,497005.0,https://www.cftc.gov/files/dea/history/fut_disagg_txt_2026.zip,2026-10-08
cftc_gold_oi,2022-07-05,2022-07-08,498210.0,https://www.cftc.gov/files/dea/history/fut_disagg_txt_2026.zip,2026-10-08
cftc_gold_oi,2022-07-12,2022-07-15,542493.0,https://www.cftc.gov/files/dea/history/fut_disagg_txt_2026.zip,2026-10-08
cftc_gold_oi,2022-07-19,2022-07-22,524786.0,https://www.cftc.gov/files/dea/history/fut_disagg_txt_2026.zip,2026-10-08
cftc_gold_oi,2022-07-26,2022-07-29,487515.0,https://www.cftc.gov/files/dea/history/fut_disagg_txt_2026.zip,2026-10-08
cftc_gold_oi,2022-08-02,2022-08-05,459649.0,https://www.cftc.gov/files/dea/history/fut_disagg_txt_2026.zip,2026-10-08
cftc_gold_oi,2022-08-09,2022-08-12,453540.0,https://www.cftc.gov/files/dea/history/fut_disagg_txt_2026.zip,2026-10-08
cftc_gold_oi,2022-08-16,2022-08-19,453960.0,https://www.cftc.gov/files/dea/history/fut_disagg_txt_2026.zip,2026-10-08
cftc_gold_oi,2022-08-23,2022-08-26,457762.0,https://www.cftc.gov/files/dea/history/fut_disagg_txt_2026.zip,2026-10-08
cftc_gold_oi,2022-08-30,2022-09-02,459165.0,https://www.cftc.gov/files/dea/history/fut_disagg_txt_2026.zip,2026-10-08
cftc_gold_oi,2022-09-06,2022-09-09,465908.0,https://www.cftc.gov/files/dea/history/fut_disagg_txt_2026.zip,2026-10-08
cftc_gold_oi,2022-09-13,2022-09-16,463674.0,https://www.cftc.gov/files/dea/history/fut_disagg_txt_2026.zip,2026-10-08
cftc_gold_oi,2022-09-20,2022-09-23,469395.0,https://www.cftc.gov/files/dea/history/fut_disagg_txt_2026.zip,2026-10-08
cftc_gold_oi,2022-09-27,2022-09-30,457061.0,https://www.cftc.gov/files/dea/history/fut_disagg_txt_2026.zip,2026-10-08
cftc_gold_oi,2022-10-04,2022-10-07,437065.0,https://www.cftc.gov/files/dea/history/fut_disagg_txt_2026.zip,2026-10-08
cftc_gold_oi,2022-10-11,2022-10-14,431395.0,https://www.cftc.gov/files/dea/history/fut_disagg_txt_2026.zip,2026-10-08
cftc_gold_oi,2022-10-18,2022-10-21,434701.0,https://www.cftc.gov/files/dea/history/fut_disagg_txt_2026.zip,2026-10-08
cftc_gold_oi,2022-10-25,2022-10-28,456072.0,https://www.cftc.gov/files/dea/history/fut_disagg_txt_2026.zip,2026-10-08
cftc_gold_oi,2022-11-01,2022-11-04,467276.0,https://www.cftc.gov/files/dea/history/fut_disagg_txt_2026.zip,2026-10-08
cftc_gold_oi,2022-11-08,2022-11-11,488471.0,https://www.cftc.gov/files/dea/history/fut_disagg_txt_2026.zip,2026-10-08
cftc_gold_oi,2022-11-15,2022-11-18,495171.0,https://www.cftc.gov/files/dea/history/fut_disagg_txt_2026.zip,2026-10-08
cftc_gold_oi,2022-11-22,2022-11-25,449542.0,https://www.cftc.gov/files/dea/history/fut_disagg_txt_2026.zip,2026-10-08
cftc_gold_oi,2022-11-29,2022-12-02,433661.0,https://www.cftc.gov/files/dea/history/fut_disagg_txt_2026.zip,2026-10-08
cftc_gold_oi,2022-12-06,2022-12-09,422100.0,https://www.cftc.gov/files/dea/history/fut_disagg_txt_2026.zip,2026-10-08
cftc_gold_oi,2022-12-13,2022-12-16,437040.0,https://www.cftc.gov/files/dea/history/fut_disagg_txt_2026.zip,2026-10-08
cftc_gold_oi,2022-12-20,2022-12-23,436653.0,https://www.cftc.gov/files/dea/history/fut_disagg_txt_2026.zip,2026-10-08
cftc_gold_oi,2022-12-27,2022-12-30,440040.0,https://www.cftc.gov/files/dea/history/fut_disagg_txt_2026.zip,2026-10-08
cftc_gold_oi,2023-01-03,2023-01-06,449393.0,https://www.cftc.gov/files/dea/history/fut_disagg_txt_2026.zip,2026-10-08
cftc_gold_oi,2023-01-10,2023-01-13,481519.0,https://www.cftc.gov/files/dea/history/fut_disagg_txt_2026.zip,2026-10-08
cftc_gold_oi,2023-01-17,2023-01-20,491818.0,https://www.cftc.gov/files/dea/history/fut_disagg_txt_2026.zip,2026-10-08
cftc_gold_oi,2023-01-24,2023-01-27,499927.0,https://www.cftc.gov/files/dea/history/fut_disagg_txt_2026.zip,2026-10-08
cftc_gold_oi,2023-01-31,2023-02-03,471642.0,https://www.cftc.gov/files/dea/history/fut_disagg_txt_2026.zip,2026-10-08
cftc_gold_oi,2023-02-07,2023-02-10,439755.0,https://www.cftc.gov/files/dea/history/fut_disagg_txt_2026.zip,2026-10-08
cftc_gold_oi,2023-02-14,2023-02-17,426116.0,https://www.cftc.gov/files/dea/history/fut_disagg_txt_2026.zip,2026-10-08
cftc_gold_oi,2023-02-21,2023-02-24,422648.0,https://www.cftc.gov/files/dea/history/fut_disagg_txt_2026.zip,2026-10-08
cftc_gold_oi,2023-02-28,2023-03-03,426890.0,https://www.cftc.gov/files/dea/history/fut_disagg_txt_2026.zip,2026-10-08
cftc_gold_oi,2023-03-07,2023-03-10,458474.0,https://www.cftc.gov/files/dea/history/fut_disagg_txt_2026.zip,2026-10-08
cftc_gold_oi,2023-03-14,2023-03-17,459064.0,https://www.cftc.gov/files/dea/history/fut_disagg_txt_2026.zip,2026-10-08
cftc_gold_oi,2023-03-21,2023-03-24,469874.0,https://www.cftc.gov/files/dea/history/fut_disagg_txt_2026.zip,2026-10-08
cftc_gold_oi,2023-03-28,2023-03-31,478611.0,https://www.cftc.gov/files/dea/history/fut_disagg_txt_2026.zip,2026-10-08
cftc_gold_oi,2023-04-04,2023-04-07,476592.0,https://www.cftc.gov/files/dea/history/fut_disagg_txt_2026.zip,2026-10-08
cftc_gold_oi,2023-04-11,2023-04-14,476567.0,https://www.cftc.gov/files/dea/history/fut_disagg_txt_2026.zip,2026-10-08
cftc_gold_oi,2023-04-18,2023-04-21,482254.0,https://www.cftc.gov/files/dea/history/fut_disagg_txt_2026.zip,2026-10-08
cftc_gold_oi,2023-04-25,2023-04-28,473209.0,https://www.cftc.gov/files/dea/history/fut_disagg_txt_2026.zip,2026-10-08
cftc_gold_oi,2023-05-02,2023-05-05,493804.0,https://www.cftc.gov/files/dea/history/fut_disagg_txt_2026.zip,2026-10-08
cftc_gold_oi,2023-05-09,2023-05-12,518951.0,https://www.cftc.gov/files/dea/history/fut_disagg_txt_2026.zip,2026-10-08
cftc_gold_oi,2023-05-16,2023-05-19,521832.0,https://www.cftc.gov/files/dea/history/fut_disagg_txt_2026.zip,2026-10-08
cftc_gold_oi,2023-05-23,2023-05-26,479080.0,https://www.cftc.gov/files/dea/history/fut_disagg_txt_2026.zip,2026-10-08
cftc_gold_oi,2023-05-30,2023-06-02,449515.0,https://www.cftc.gov/files/dea/history/fut_disagg_txt_2026.zip,2026-10-08
cftc_gold_oi,2023-06-06,2023-06-09,436301.0,https://www.cftc.gov/files/dea/history/fut_disagg_txt_2026.zip,2026-10-08
cftc_gold_oi,2023-06-13,2023-06-16,432898.0,https://www.cftc.gov/files/dea/history/fut_disagg_txt_2026.zip,2026-10-08
cftc_gold_oi,2023-06-20,2023-06-23,438037.0,https://www.cftc.gov/files/dea/history/fut_disagg_txt_2026.zip,2026-10-08
cftc_gold_oi,2023-06-27,2023-06-30,431861.0,https://www.cftc.gov/files/dea/history/fut_disagg_txt_2026.zip,2026-10-08
cftc_gold_oi,2023-07-03,2023-07-06,448063.0,https://www.cftc.gov/files/dea/history/fut_disagg_txt_2026.zip,2026-10-08
cftc_gold_oi,2023-07-11,2023-07-14,483170.0,https://www.cftc.gov/files/dea/history/fut_disagg_txt_2026.zip,2026-10-08
cftc_gold_oi,2023-07-18,2023-07-21,482104.0,https://www.cftc.gov/files/dea/history/fut_disagg_txt_2026.zip,2026-10-08
cftc_gold_oi,2023-07-25,2023-07-28,476176.0,https://www.cftc.gov/files/dea/history/fut_disagg_txt_2026.zip,2026-10-08
cftc_gold_oi,2023-08-01,2023-08-04,439383.0,https://www.cftc.gov/files/dea/history/fut_disagg_txt_2026.zip,2026-10-08
cftc_gold_oi,2023-08-08,2023-08-11,427759.0,https://www.cftc.gov/files/dea/history/fut_disagg_txt_2026.zip,2026-10-08
cftc_gold_oi,2023-08-15,2023-08-18,433611.0,https://www.cftc.gov/files/dea/history/fut_disagg_txt_2026.zip,2026-10-08
cftc_gold_oi,2023-08-22,2023-08-25,430239.0,https://www.cftc.gov/files/dea/history/fut_disagg_txt_2026.zip,2026-10-08
cftc_gold_oi,2023-08-29,2023-09-01,442806.0,https://www.cftc.gov/files/dea/history/fut_disagg_txt_2026.zip,2026-10-08
cftc_gold_oi,2023-09-05,2023-09-08,438672.0,https://www.cftc.gov/files/dea/history/fut_disagg_txt_2026.zip,2026-10-08
cftc_gold_oi,2023-09-12,2023-09-15,441221.0,https://www.cftc.gov/files/dea/history/fut_disagg_txt_2026.zip,2026-10-08
cftc_gold_oi,2023-09-19,2023-09-22,438078.0,https://www.cftc.gov/files/dea/history/fut_disagg_txt_2026.zip,2026-10-08
cftc_gold_oi,2023-09-26,2023-09-29,435620.0,https://www.cftc.gov/files/dea/history/fut_disagg_txt_2026.zip,2026-10-08
cftc_gold_oi,2023-10-03,2023-10-06,431226.0,https://www.cftc.gov/files/dea/history/fut_disagg_txt_2026.zip,2026-10-08
cftc_gold_oi,2023-10-10,2023-10-13,436499.0,https://www.cftc.gov/files/dea/history/fut_disagg_txt_2026.zip,2026-10-08
cftc_gold_oi,2023-10-17,2023-10-20,439581.0,https://www.cftc.gov/files/dea/history/fut_disagg_txt_2026.zip,2026-10-08
cftc_gold_oi,2023-10-24,2023-10-27,463476.0,https://www.cftc.gov/files/dea/history/fut_disagg_txt_2026.zip,2026-10-08
cftc_gold_oi,2023-10-31,2023-11-03,475808.0,https://www.cftc.gov/files/dea/history/fut_disagg_txt_2026.zip,2026-10-08
cftc_gold_oi,2023-11-07,2023-11-10,484347.0,https://www.cftc.gov/files/dea/history/fut_disagg_txt_2026.zip,2026-10-08
cftc_gold_oi,2023-11-14,2023-11-17,486634.0,https://www.cftc.gov/files/dea/history/fut_disagg_txt_2026.zip,2026-10-08
cftc_gold_oi,2023-11-21,2023-11-24,508429.0,https://www.cftc.gov/files/dea/history/fut_disagg_txt_2026.zip,2026-10-08
cftc_gold_oi,2023-11-28,2023-12-01,505658.0,https://www.cftc.gov/files/dea/history/fut_disagg_txt_2026.zip,2026-10-08
cftc_gold_oi,2023-12-05,2023-12-08,487469.0,https://www.cftc.gov/files/dea/history/fut_disagg_txt_2026.zip,2026-10-08
cftc_gold_oi,2023-12-12,2023-12-15,469939.0,https://www.cftc.gov/files/dea/history/fut_disagg_txt_2026.zip,2026-10-08
cftc_gold_oi,2023-12-19,2023-12-22,481203.0,https://www.cftc.gov/files/dea/history/fut_disagg_txt_2026.zip,2026-10-08
cftc_gold_oi,2023-12-26,2023-12-29,491343.0,https://www.cftc.gov/files/dea/history/fut_disagg_txt_2026.zip,2026-10-08
cftc_gold_oi,2024-01-02,2024-01-05,500364.0,https://www.cftc.gov/files/dea/history/fut_disagg_txt_2026.zip,2026-10-08
cftc_gold_oi,2024-01-09,2024-01-12,489849.0,https://www.cftc.gov/files/dea/history/fut_disagg_txt_2026.zip,2026-10-08
cftc_gold_oi,2024-01-16,2024-01-19,489334.0,https://www.cftc.gov/files/dea/history/fut_disagg_txt_2026.zip,2026-10-08
cftc_gold_oi,2024-01-23,2024-01-26,465872.0,https://www.cftc.gov/files/dea/history/fut_disagg_txt_2026.zip,2026-10-08
cftc_gold_oi,2024-01-30,2024-02-02,430328.0,https://www.cftc.gov/files/dea/history/fut_disagg_txt_2026.zip,2026-10-08
cftc_gold_oi,2024-02-06,2024-02-09,419121.0,https://www.cftc.gov/files/dea/history/fut_disagg_txt_2026.zip,2026-10-08
cftc_gold_oi,2024-02-13,2024-02-16,420812.0,https://www.cftc.gov/files/dea/history/fut_disagg_txt_2026.zip,2026-10-08
cftc_gold_oi,2024-02-20,2024-02-23,407063.0,https://www.cftc.gov/files/dea/history/fut_disagg_txt_2026.zip,2026-10-08
cftc_gold_oi,2024-02-27,2024-03-01,411195.0,https://www.cftc.gov/files/dea/history/fut_disagg_txt_2026.zip,2026-10-08
cftc_gold_oi,2024-03-05,2024-03-08,471616.0,https://www.cftc.gov/files/dea/history/fut_disagg_txt_2026.zip,2026-10-08
cftc_gold_oi,2024-03-12,2024-03-15,516057.0,https://www.cftc.gov/files/dea/history/fut_disagg_txt_2026.zip,2026-10-08
cftc_gold_oi,2024-03-19,2024-03-22,535047.0,https://www.cftc.gov/files/dea/history/fut_disagg_txt_2026.zip,2026-10-08
cftc_gold_oi,2024-03-26,2024-03-29,503642.0,https://www.cftc.gov/files/dea/history/fut_disagg_txt_2026.zip,2026-10-08
cftc_gold_oi,2024-04-02,2024-04-05,500045.0,https://www.cftc.gov/files/dea/history/fut_disagg_txt_2026.zip,2026-10-08
cftc_gold_oi,2024-04-09,2024-04-12,505214.0,https://www.cftc.gov/files/dea/history/fut_disagg_txt_2026.zip,2026-10-08
cftc_gold_oi,2024-04-16,2024-04-19,517193.0,https://www.cftc.gov/files/dea/history/fut_disagg_txt_2026.zip,2026-10-08
cftc_gold_oi,2024-04-23,2024-04-26,516249.0,https://www.cftc.gov/files/dea/history/fut_disagg_txt_2026.zip,2026-10-08
cftc_gold_oi,2024-04-30,2024-05-03,519791.0,https://www.cftc.gov/files/dea/history/fut_disagg_txt_2026.zip,2026-10-08
cftc_gold_oi,2024-05-07,2024-05-10,529835.0,https://www.cftc.gov/files/dea/history/fut_disagg_txt_2026.zip,2026-10-08
cftc_gold_oi,2024-05-14,2024-05-17,522952.0,https://www.cftc.gov/files/dea/history/fut_disagg_txt_2026.zip,2026-10-08
cftc_gold_oi,2024-05-21,2024-05-24,530591.0,https://www.cftc.gov/files/dea/history/fut_disagg_txt_2026.zip,2026-10-08
cftc_gold_oi,2024-05-28,2024-05-31,485430.0,https://www.cftc.gov/files/dea/history/fut_disagg_txt_2026.zip,2026-10-08
cftc_gold_oi,2024-06-04,2024-06-07,447488.0,https://www.cftc.gov/files/dea/history/fut_disagg_txt_2026.zip,2026-10-08
cftc_gold_oi,2024-06-11,2024-06-14,436857.0,https://www.cftc.gov/files/dea/history/fut_disagg_txt_2026.zip,2026-10-08
cftc_gold_oi,2024-06-18,2024-06-21,444345.0,https://www.cftc.gov/files/dea/history/fut_disagg_txt_2026.zip,2026-10-08
cftc_gold_oi,2024-06-25,2024-06-28,452190.0,https://www.cftc.gov/files/dea/history/fut_disagg_txt_2026.zip,2026-10-08
cftc_gold_oi,2024-07-02,2024-07-05,454730.0,https://www.cftc.gov/files/dea/history/fut_disagg_txt_2026.zip,2026-10-08
cftc_gold_oi,2024-07-09,2024-07-12,516324.0,https://www.cftc.gov/files/dea/history/fut_disagg_txt_2026.zip,2026-10-08
cftc_gold_oi,2024-07-16,2024-07-19,579862.0,https://www.cftc.gov/files/dea/history/fut_disagg_txt_2026.zip,2026-10-08
cftc_gold_oi,2024-07-23,2024-07-26,572306.0,https://www.cftc.gov/files/dea/history/fut_disagg_txt_2026.zip,2026-10-08
cftc_gold_oi,2024-07-30,2024-08-02,510914.0,https://www.cftc.gov/files/dea/history/fut_disagg_txt_2026.zip,2026-10-08
cftc_gold_oi,2024-08-06,2024-08-09,480645.0,https://www.cftc.gov/files/dea/history/fut_disagg_txt_2026.zip,2026-10-08
cftc_gold_oi,2024-08-13,2024-08-16,505872.0,https://www.cftc.gov/files/dea/history/fut_disagg_txt_2026.zip,2026-10-08
cftc_gold_oi,2024-08-20,2024-08-23,532867.0,https://www.cftc.gov/files/dea/history/fut_disagg_txt_2026.zip,2026-10-08
cftc_gold_oi,2024-08-27,2024-08-30,521759.0,https://www.cftc.gov/files/dea/history/fut_disagg_txt_2026.zip,2026-10-08
cftc_gold_oi,2024-09-03,2024-09-06,511136.0,https://www.cftc.gov/files/dea/history/fut_disagg_txt_2026.zip,2026-10-08
cftc_gold_oi,2024-09-10,2024-09-13,511501.0,https://www.cftc.gov/files/dea/history/fut_disagg_txt_2026.zip,2026-10-08
cftc_gold_oi,2024-09-17,2024-09-20,537627.0,https://www.cftc.gov/files/dea/history/fut_disagg_txt_2026.zip,2026-10-08
cftc_gold_oi,2024-09-24,2024-09-27,564640.0,https://www.cftc.gov/files/dea/history/fut_disagg_txt_2026.zip,2026-10-08
cftc_gold_oi,2024-10-01,2024-10-04,533107.0,https://www.cftc.gov/files/dea/history/fut_disagg_txt_2026.zip,2026-10-08
cftc_gold_oi,2024-10-08,2024-10-11,520316.0,https://www.cftc.gov/files/dea/history/fut_disagg_txt_2026.zip,2026-10-08
cftc_gold_oi,2024-10-15,2024-10-18,541232.0,https://www.cftc.gov/files/dea/history/fut_disagg_txt_2026.zip,2026-10-08
cftc_gold_oi,2024-10-22,2024-10-25,573760.0,https://www.cftc.gov/files/dea/history/fut_disagg_txt_2026.zip,2026-10-08
cftc_gold_oi,2024-10-29,2024-11-01,579468.0,https://www.cftc.gov/files/dea/history/fut_disagg_txt_2026.zip,2026-10-08
cftc_gold_oi,2024-11-05,2024-11-08,558034.0,https://www.cftc.gov/files/dea/history/fut_disagg_txt_2026.zip,2026-10-08
cftc_gold_oi,2024-11-12,2024-11-15,535981.0,https://www.cftc.gov/files/dea/history/fut_disagg_txt_2026.zip,2026-10-08
cftc_gold_oi,2024-11-19,2024-11-22,502952.0,https://www.cftc.gov/files/dea/history/fut_disagg_txt_2026.zip,2026-10-08
cftc_gold_oi,2024-11-26,2024-11-29,472660.0,https://www.cftc.gov/files/dea/history/fut_disagg_txt_2026.zip,2026-10-08
cftc_gold_oi,2024-12-03,2024-12-06,462040.0,https://www.cftc.gov/files/dea/history/fut_disagg_txt_2026.zip,2026-10-08
cftc_gold_oi,2024-12-10,2024-12-13,483346.0,https://www.cftc.gov/files/dea/history/fut_disagg_txt_2026.zip,2026-10-08
cftc_gold_oi,2024-12-17,2024-12-20,466571.0,https://www.cftc.gov/files/dea/history/fut_disagg_txt_2026.zip,2026-10-08
cftc_gold_oi,2024-12-24,2024-12-27,454646.0,https://www.cftc.gov/files/dea/history/fut_disagg_txt_2026.zip,2026-10-08
cftc_gold_oi,2024-12-31,2025-01-03,458584.0,https://www.cftc.gov/files/dea/history/fut_disagg_txt_2026.zip,2026-10-08
cftc_gold_oi,2025-01-07,2025-01-10,477043.0,https://www.cftc.gov/files/dea/history/fut_disagg_txt_2026.zip,2026-10-08
cftc_gold_oi,2025-01-14,2025-01-17,526467.0,https://www.cftc.gov/files/dea/history/fut_disagg_txt_2026.zip,2026-10-08
cftc_gold_oi,2025-01-21,2025-01-24,571387.0,https://www.cftc.gov/files/dea/history/fut_disagg_txt_2026.zip,2026-10-08
cftc_gold_oi,2025-01-28,2025-01-31,577505.0,https://www.cftc.gov/files/dea/history/fut_disagg_txt_2026.zip,2026-10-08
cftc_gold_oi,2025-02-04,2025-02-07,542004.0,https://www.cftc.gov/files/dea/history/fut_disagg_txt_2026.zip,2026-10-08
cftc_gold_oi,2025-02-11,2025-02-14,528719.0,https://www.cftc.gov/files/dea/history/fut_disagg_txt_2026.zip,2026-10-08
cftc_gold_oi,2025-02-18,2025-02-21,522330.0,https://www.cftc.gov/files/dea/history/fut_disagg_txt_2026.zip,2026-10-08
cftc_gold_oi,2025-02-25,2025-02-28,512179.0,https://www.cftc.gov/files/dea/history/fut_disagg_txt_2026.zip,2026-10-08
cftc_gold_oi,2025-03-04,2025-03-07,489270.0,https://www.cftc.gov/files/dea/history/fut_disagg_txt_2026.zip,2026-10-08
cftc_gold_oi,2025-03-11,2025-03-14,511276.0,https://www.cftc.gov/files/dea/history/fut_disagg_txt_2026.zip,2026-10-08
cftc_gold_oi,2025-03-18,2025-03-21,533566.0,https://www.cftc.gov/files/dea/history/fut_disagg_txt_2026.zip,2026-10-08
cftc_gold_oi,2025-03-25,2025-03-28,511482.0,https://www.cftc.gov/files/dea/history/fut_disagg_txt_2026.zip,2026-10-08
cftc_gold_oi,2025-04-01,2025-04-04,498746.0,https://www.cftc.gov/files/dea/history/fut_disagg_txt_2026.zip,2026-10-08
cftc_gold_oi,2025-04-08,2025-04-11,445468.0,https://www.cftc.gov/files/dea/history/fut_disagg_txt_2026.zip,2026-10-08
cftc_gold_oi,2025-04-15,2025-04-18,456628.0,https://www.cftc.gov/files/dea/history/fut_disagg_txt_2026.zip,2026-10-08
cftc_gold_oi,2025-04-22,2025-04-25,465351.0,https://www.cftc.gov/files/dea/history/fut_disagg_txt_2026.zip,2026-10-08
cftc_gold_oi,2025-04-29,2025-05-02,451868.0,https://www.cftc.gov/files/dea/history/fut_disagg_txt_2026.zip,2026-10-08
cftc_gold_oi,2025-05-06,2025-05-09,452414.0,https://www.cftc.gov/files/dea/history/fut_disagg_txt_2026.zip,2026-10-08
cftc_gold_oi,2025-05-13,2025-05-16,440842.0,https://www.cftc.gov/files/dea/history/fut_disagg_txt_2026.zip,2026-10-08
cftc_gold_oi,2025-05-20,2025-05-23,448000.0,https://www.cftc.gov/files/dea/history/fut_disagg_txt_2026.zip,2026-10-08
cftc_gold_oi,2025-05-27,2025-05-30,437538.0,https://www.cftc.gov/files/dea/history/fut_disagg_txt_2026.zip,2026-10-08
cftc_gold_oi,2025-06-03,2025-06-06,415941.0,https://www.cftc.gov/files/dea/history/fut_disagg_txt_2026.zip,2026-10-08
cftc_gold_oi,2025-06-10,2025-06-13,417143.0,https://www.cftc.gov/files/dea/history/fut_disagg_txt_2026.zip,2026-10-08
cftc_gold_oi,2025-06-17,2025-06-20,441214.0,https://www.cftc.gov/files/dea/history/fut_disagg_txt_2026.zip,2026-10-08
cftc_gold_oi,2025-06-24,2025-06-27,434958.0,https://www.cftc.gov/files/dea/history/fut_disagg_txt_2026.zip,2026-10-08
cftc_gold_oi,2025-07-01,2025-07-04,437662.0,https://www.cftc.gov/files/dea/history/fut_disagg_txt_2026.zip,2026-10-08
cftc_gold_oi,2025-07-08,2025-07-11,443144.0,https://www.cftc.gov/files/dea/history/fut_disagg_txt_2026.zip,2026-10-08
cftc_gold_oi,2025-07-15,2025-07-18,448531.0,https://www.cftc.gov/files/dea/history/fut_disagg_txt_2026.zip,2026-10-08
cftc_gold_oi,2025-07-22,2025-07-25,489423.0,https://www.cftc.gov/files/dea/history/fut_disagg_txt_2026.zip,2026-10-08
cftc_gold_oi,2025-07-29,2025-08-01,445259.0,https://www.cftc.gov/files/dea/history/fut_disagg_txt_2026.zip,2026-10-08
cftc_gold_oi,2025-08-05,2025-08-08,449647.0,https://www.cftc.gov/files/dea/history/fut_disagg_txt_2026.zip,2026-10-08
cftc_gold_oi,2025-08-12,2025-08-15,446152.0,https://www.cftc.gov/files/dea/history/fut_disagg_txt_2026.zip,2026-10-08
cftc_gold_oi,2025-08-19,2025-08-22,438541.0,https://www.cftc.gov/files/dea/history/fut_disagg_txt_2026.zip,2026-10-08
cftc_gold_oi,2025-08-26,2025-08-29,443760.0,https://www.cftc.gov/files/dea/history/fut_disagg_txt_2026.zip,2026-10-08
cftc_gold_oi,2025-09-02,2025-09-05,492908.0,https://www.cftc.gov/files/dea/history/fut_disagg_txt_2026.zip,2026-10-08
cftc_gold_oi,2025-09-09,2025-09-12,509625.0,https://www.cftc.gov/files/dea/history/fut_disagg_txt_2026.zip,2026-10-08
cftc_gold_oi,2025-09-16,2025-09-19,516221.0,https://www.cftc.gov/files/dea/history/fut_disagg_txt_2026.zip,2026-10-08
cftc_gold_oi,2025-09-23,2025-09-26,528789.0,https://www.cftc.gov/files/dea/history/fut_disagg_txt_2026.zip,2026-10-08
cftc_gold_oi,2025-09-30,2025-10-03,493748.0,https://www.cftc.gov/files/dea/history/fut_disagg_txt_2026.zip,2026-10-08
cftc_gold_oi,2025-10-07,2025-10-10,485559.0,https://www.cftc.gov/files/dea/history/fut_disagg_txt_2026.zip,2026-10-08
cftc_gold_oi,2025-10-14,2025-10-17,485788.0,https://www.cftc.gov/files/dea/history/fut_disagg_txt_2026.zip,2026-10-08
cftc_gold_oi,2025-10-21,2025-10-24,472421.0,https://www.cftc.gov/files/dea/history/fut_disagg_txt_2026.zip,2026-10-08
cftc_gold_oi,2025-10-28,2025-10-31,457122.0,https://www.cftc.gov/files/dea/history/fut_disagg_txt_2026.zip,2026-10-08
cftc_gold_oi,2025-11-04,2025-11-07,450399.0,https://www.cftc.gov/files/dea/history/fut_disagg_txt_2026.zip,2026-10-08
cftc_gold_oi,2025-11-10,2025-11-13,459997.0,https://www.cftc.gov/files/dea/history/fut_disagg_txt_2026.zip,2026-10-08
cftc_gold_oi,2025-11-18,2025-11-21,471953.0,https://www.cftc.gov/files/dea/history/fut_disagg_txt_2026.zip,2026-10-08
cftc_gold_oi,2025-11-25,2025-11-28,432946.0,https://www.cftc.gov/files/dea/history/fut_disagg_txt_2026.zip,2026-10-08
cftc_gold_oi,2025-12-02,2025-12-05,418490.0,https://www.cftc.gov/files/dea/history/fut_disagg_txt_2026.zip,2026-10-08
cftc_gold_oi,2025-12-09,2025-12-12,432569.0,https://www.cftc.gov/files/dea/history/fut_disagg_txt_2026.zip,2026-10-08
cftc_gold_oi,2025-12-16,2025-12-19,471093.0,https://www.cftc.gov/files/dea/history/fut_disagg_txt_2026.zip,2026-10-08
cftc_gold_oi,2025-12-23,2025-12-26,492103.0,https://www.cftc.gov/files/dea/history/fut_disagg_txt_2026.zip,2026-10-08
cftc_gold_oi,2025-12-30,2026-01-02,481866.0,https://www.cftc.gov/files/dea/history/fut_disagg_txt_2026.zip,2026-10-08
cftc_gold_oi,2026-01-06,2026-01-09,488116.0,https://www.cftc.gov/files/dea/history/fut_disagg_txt_2026.zip,2026-10-08
cftc_gold_oi,2026-01-13,2026-01-16,527455.0,https://www.cftc.gov/files/dea/history/fut_disagg_txt_2026.zip,2026-10-08
cftc_gold_oi,2026-01-20,2026-01-23,528004.0,https://www.cftc.gov/files/dea/history/fut_disagg_txt_2026.zip,2026-10-08
cftc_gold_oi,2026-01-27,2026-01-30,488463.0,https://www.cftc.gov/files/dea/history/fut_disagg_txt_2026.zip,2026-10-08
cftc_gold_oi,2026-02-03,2026-02-06,409694.0,https://www.cftc.gov/files/dea/history/fut_disagg_txt_2026.zip,2026-10-08
cftc_gold_oi,2026-02-10,2026-02-13,404391.0,https://www.cftc.gov/files/dea/history/fut_disagg_txt_2026.zip,2026-10-08
cftc_gold_oi,2026-02-17,2026-02-20,407078.0,https://www.cftc.gov/files/dea/history/fut_disagg_txt_2026.zip,2026-10-08
cftc_gold_oi,2026-02-24,2026-02-27,420182.0,https://www.cftc.gov/files/dea/history/fut_disagg_txt_2026.zip,2026-10-08
cftc_gold_oi,2026-03-03,2026-03-06,409789.0,https://www.cftc.gov/files/dea/history/fut_disagg_txt_2026.zip,2026-10-08
cftc_gold_oi,2026-03-10,2026-03-13,413956.0,https://www.cftc.gov/files/dea/history/fut_disagg_txt_2026.zip,2026-10-08
cftc_gold_oi,2026-03-17,2026-03-20,411388.0,https://www.cftc.gov/files/dea/history/fut_disagg_txt_2026.zip,2026-10-08
cftc_gold_oi,2026-03-24,2026-03-27,403925.0,https://www.cftc.gov/files/dea/history/fut_disagg_txt_2026.zip,2026-10-08
cftc_gold_oi,2026-03-31,2026-04-03,361409.0,https://www.cftc.gov/files/dea/history/fut_disagg_txt_2026.zip,2026-10-08
cftc_gold_oi,2026-04-07,2026-04-10,354877.0,https://www.cftc.gov/files/dea/history/fut_disagg_txt_2026.zip,2026-10-08
cftc_gold_oi,2026-04-14,2026-04-17,362274.0,https://www.cftc.gov/files/dea/history/fut_disagg_txt_2026.zip,2026-10-08
cftc_gold_oi,2026-04-21,2026-04-24,365842.0,https://www.cftc.gov/files/dea/history/fut_disagg_txt_2026.zip,2026-10-08
cftc_gold_oi,2026-04-28,2026-05-01,369530.0,https://www.cftc.gov/files/dea/history/fut_disagg_txt_2026.zip,2026-10-08
cftc_gold_oi,2026-05-05,2026-05-08,367932.0,https://www.cftc.gov/files/dea/history/fut_disagg_txt_2026.zip,2026-10-08
cftc_gold_oi,2026-05-12,2026-05-15,376496.0,https://www.cftc.gov/files/dea/history/fut_disagg_txt_2026.zip,2026-10-08
cftc_gold_oi,2026-05-19,2026-05-22,379325.0,https://www.cftc.gov/files/dea/history/fut_disagg_txt_2026.zip,2026-10-08
cftc_gold_oi,2026-05-26,2026-05-29,353489.0,https://www.cftc.gov/files/dea/history/fut_disagg_txt_2026.zip,2026-10-08
cftc_gold_oi,2026-06-02,2026-06-05,326052.0,https://www.cftc.gov/files/dea/history/fut_disagg_txt_2026.zip,2026-10-08
cftc_gold_oi,2026-06-09,2026-06-12,332709.0,https://www.cftc.gov/files/dea/history/fut_disagg_txt_2026.zip,2026-10-08
cftc_gold_oi,2026-06-16,2026-06-19,339330.0,https://www.cftc.gov/files/dea/history/fut_disagg_txt_2026.zip,2026-10-08
cftc_gold_oi,2026-06-23,2026-06-26,352167.0,https://www.cftc.gov/files/dea/history/fut_disagg_txt_2026.zip,2026-10-08
cftc_gold_oi,2026-06-30,2026-07-03,369541.0,https://www.cftc.gov/files/dea/history/fut_disagg_txt_2026.zip,2026-10-08
cftc_gold_oi,2026-07-07,2026-07-10,371776.0,https://www.cftc.gov/files/dea/history/fut_disagg_txt_2026.zip,2026-10-08
cftc_gold_oi,2026-07-14,2026-07-17,383689.0,https://www.cftc.gov/files/dea/history/fut_disagg_txt_2026.zip,2026-10-08
cftc_gold_oi,2026-07-21,2026-07-24,383368.0,https://www.cftc.gov/files/dea/history/fut_disagg_txt_2026.zip,2026-10-08
cftc_gold_oi,2026-07-28,2026-07-31,384603.0,https://www.cftc.gov/files/dea/history/fut_disagg_txt_2026.zip,2026-10-08
cftc_gold_oi,2026-08-04,2026-08-07,371551.0,https://www.cftc.gov/files/dea/history/fut_disagg_txt_2026.zip,2026-10-08
cftc_gold_oi,2026-08-11,2026-08-14,400309.0,https://www.cftc.gov/files/dea/history/fut_disagg_txt_2026.zip,2026-10-08
cftc_gold_oi,2026-08-18,2026-08-21,406260.0,https://www.cftc.gov/files/dea/history/fut_disagg_txt_2026.zip,2026-10-08
cftc_gold_oi,2026-08-25,2026-08-28,427957.0,https://www.cftc.gov/files/dea/history/fut_disagg_txt_2026.zip,2026-10-08
cftc_gold_oi,2026-09-01,2026-09-04,415196.0,https://www.cftc.gov/files/dea/history/fut_disagg_txt_2026.zip,2026-10-08
cftc_gold_oi,2026-09-08,2026-09-11,411227.0,https://www.cftc.gov/files/dea/history/fut_disagg_txt_2026.zip,2026-10-08
cftc_gold_oi,2026-09-15,2026-09-18,409899.0,https://www.cftc.gov/files/dea/history/fut_disagg_txt_2026.zip,2026-10-08
cftc_gold_oi,2026-09-22,2026-09-25,412800.0,https://www.cftc.gov/files/dea/history/fut_disagg_txt_2026.zip,2026-10-08
cftc_gold_oi,2026-09-29,2026-10-02,406456.0,https://www.cftc.gov/files/dea/history/fut_disagg_txt_2026.zip,2026-10-08
cftc_gold_oi,2026-10-06,2026-10-09,396109.0,https://www.cftc.gov/files/dea/history/fut_disagg_txt_2026.zip,2026-10-09
