series_id,ref_date,available_date,value,source,fetched_at
cftc_platinum_mm_long,2006-06-13,2006-06-16,3258.0,https://www.cftc.gov/files/dea/history/fut_disagg_txt_2026.zip,2026-10-08
cftc_platinum_mm_long,2006-06-20,2006-06-23,2964.0,https://www.cftc.gov/files/dea/history/fut_disagg_txt_2026.zip,2026-10-08
cftc_platinum_mm_long,2006-06-27,2006-06-30,3036.0,https://www.cftc.gov/files/dea/history/fut_disagg_txt_2026.zip,2026-10-08
cftc_platinum_mm_long,2006-07-03,2006-07-06,3058.0,https://www.cftc.gov/files/dea/history/fut_disagg_txt_2026.zip,2026-10-08
cftc_platinum_mm_long,2006-07-11,2006-07-14,3897.0,https://www.cftc.gov/files/dea/history/fut_disagg_txt_2026.zip,2026-10-08
cftc_platinum_mm_long,2006-07-18,2006-07-21,4471.0,https://www.cftc.gov/files/dea/history/fut_disagg_txt_2026.zip,2026-10-08
cftc_platinum_mm_long,2006-07-25,2006-07-28,4145.0,https://www.cftc.gov/files/dea/history/fut_disagg_txt_2026.zip,2026-10-08
cftc_platinum_mm_long,2006-08-01,2006-08-04,4789.0,https://www.cftc.gov/files/dea/history/fut_disagg_txt_2026.zip,2026-10-08
cftc_platinum_mm_long,2006-08-08,2006-08-11,5083.0,https://www.cftc.gov/files/dea/history/fut_disagg_txt_2026.zip,2026-10-08
cftc_platinum_mm_long,2006-08-15,2006-08-18,4901.0,https://www.cftc.gov/files/dea/history/fut_disagg_txt_2026.zip,2026-10-08
cftc_platinum_mm_long,2006-08-22,2006-08-25,4588.0,https://www.cftc.gov/files/dea/history/fut_disagg_txt_2026.zip,2026-10-08
cftc_platinum_mm_long,2006-08-29,2006-09-01,4612.0,https://www.cftc.gov/files/dea/history/fut_disagg_txt_2026.zip,2026-10-08
cftc_platinum_mm_long,2006-09-05,2006-09-08,5203.0,https://www.cftc.gov/files/dea/history/fut_disagg_txt_2026.zip,2026-10-08
cftc_platinum_mm_long,2006-09-12,2006-09-15,4359.0,https://www.cftc.gov/files/dea/history/fut_disagg_txt_2026.zip,2026-10-08
cftc_platinum_mm_long,2006-09-19,2006-09-22,3433.0,https://www.cftc.gov/files/dea/history/fut_disagg_txt_2026.zip,2026-10-08
cftc_platinum_mm_long,2006-09-26,2006-09-29,3422.0,https://www.cftc.gov/files/dea/history/fut_disagg_txt_2026.zip,2026-10-08
cftc_platinum_mm_long,2006-10-03,2006-10-06,3389.0,https://www.cftc.gov/files/dea/history/fut_disagg_txt_2026.zip,2026-10-08
cftc_platinum_mm_long,2006-10-10,2006-10-13,2716.0,https://www.cftc.gov/files/dea/history/fut_disagg_txt_2026.zip,2026-10-08
cftc_platinum_mm_long,2006-10-17,2006-10-20,2700.0,https://www.cftc.gov/files/dea/history/fut_disagg_txt_2026.zip,2026-10-08
cftc_platinum_mm_long,2006-10-24,2006-10-27,2530.0,https://www.cftc.gov/files/dea/history/fut_disagg_txt_2026.zip,2026-10-08
cftc_platinum_mm_long,2006-10-31,2006-11-03,2744.0,https://www.cftc.gov/files/dea/history/fut_disagg_txt_2026.zip,2026-10-08
cftc_platinum_mm_long,2006-11-07,2006-11-10,3125.0,https://www.cftc.gov/files/dea/history/fut_disagg_txt_2026.zip,2026-10-08
cftc_platinum_mm_long,2006-11-14,2006-11-17,2942.0,https://www.cftc.gov/files/dea/history/fut_disagg_txt_2026.zip,2026-10-08
cftc_platinum_mm_long,2006-11-21,2006-11-24,2797.0,https://www.cftc.gov/files/dea/history/fut_disagg_txt_2026.zip,2026-10-08
cftc_platinum_mm_long,2006-11-28,2006-12-01,2748.0,https://www.cftc.gov/files/dea/history/fut_disagg_txt_2026.zip,2026-10-08
cftc_platinum_mm_long,2006-12-05,2006-12-08,2405.0,https://www.cftc.gov/files/dea/history/fut_disagg_txt_2026.zip,2026-10-08
cftc_platinum_mm_long,2006-12-12,2006-12-15,2312.0,https://www.cftc.gov/files/dea/history/fut_disagg_txt_2026.zip,2026-10-08
cftc_platinum_mm_long,2006-12-19,2006-12-22,2410.0,https://www.cftc.gov/files/dea/history/fut_disagg_txt_2026.zip,2026-10-08
cftc_platinum_mm_long,2006-12-26,2006-12-29,2575.0,https://www.cftc.gov/files/dea/history/fut_disagg_txt_2026.zip,2026-10-08
cftc_platinum_mm_long,2007-01-03,2007-01-06,3370.0,https://www.cftc.gov/files/dea/history/fut_disagg_txt_2026.zip,2026-10-08
cftc_platinum_mm_long,2007-01-09,2007-01-12,2958.0,https://www.cftc.gov/files/dea/history/fut_disagg_txt_2026.zip,2026-10-08
cftc_platinum_mm_long,2007-01-16,2007-01-19,3247.0,https://www.cftc.gov/files/dea/history/fut_disagg_txt_2026.zip,2026-10-08
cftc_platinum_mm_long,2007-01-23,2007-01-26,3946.0,https://www.cftc.gov/files/dea/history/fut_disagg_txt_2026.zip,2026-10-08
cftc_platinum_mm_long,2007-01-30,2007-02-02,4416.0,https://www.cftc.gov/files/dea/history/fut_disagg_txt_2026.zip,2026-10-08
cftc_platinum_mm_long,2007-02-06,2007-02-09,4264.0,https://www.cftc.gov/files/dea/history/fut_disagg_txt_2026.zip,2026-10-08
cftc_platinum_mm_long,2007-02-13,2007-02-16,4705.0,https://www.cftc.gov/files/dea/history/fut_disagg_txt_2026.zip,2026-10-08
cftc_platinum_mm_long,2007-02-20,2007-02-23,5120.0,https://www.cftc.gov/files/dea/history/fut_disagg_txt_2026.zip,2026-10-08
cftc_platinum_mm_long,2007-02-27,2007-03-02,5950.0,https://www.cftc.gov/files/dea/history/fut_disagg_txt_2026.zip,2026-10-08
cftc_platinum_mm_long,2007-03-06,2007-03-09,5067.0,https://www.cftc.gov/files/dea/history/fut_disagg_txt_2026.zip,2026-10-08
cftc_platinum_mm_long,2007-03-13,2007-03-16,5300.0,https://www.cftc.gov/files/dea/history/fut_disagg_txt_2026.zip,2026-10-08
cftc_platinum_mm_long,2007-03-20,2007-03-23,5818.0,https://www.cftc.gov/files/dea/history/fut_disagg_txt_2026.zip,2026-10-08
cftc_platinum_mm_long,2007-03-27,2007-03-30,6010.0,https://www.cftc.gov/files/dea/history/fut_disagg_txt_2026.zip,2026-10-08
cftc_platinum_mm_long,2007-04-03,2007-04-06,6622.0,https://www.cftc.gov/files/dea/history/fut_disagg_txt_2026.zip,2026-10-08
cftc_platinum_mm_long,2007-04-10,2007-04-13,7113.0,https://www.cftc.gov/files/dea/history/fut_disagg_txt_2026.zip,2026-10-08
cftc_platinum_mm_long,2007-04-17,2007-04-20,7827.0,https://www.cftc.gov/files/dea/history/fut_disagg_txt_2026.zip,2026-10-08
cftc_platinum_mm_long,2007-04-24,2007-04-27,8316.0,https://www.cftc.gov/files/dea/history/fut_disagg_txt_2026.zip,2026-10-08
cftc_platinum_mm_long,2007-05-01,2007-05-04,8524.0,https://www.cftc.gov/files/dea/history/fut_disagg_txt_2026.zip,2026-10-08
cftc_platinum_mm_long,2007-05-08,2007-05-11,9129.0,https://www.cftc.gov/files/dea/history/fut_disagg_txt_2026.zip,2026-10-08
cftc_platinum_mm_long,2007-05-15,2007-05-18,9992.0,https://www.cftc.gov/files/dea/history/fut_disagg_txt_2026.zip,2026-10-08
cftc_platinum_mm_long,2007-05-22,2007-05-25,9388.0,https://www.cftc.gov/files/dea/history/fut_disagg_txt_2026.zip,2026-10-08
cftc_platinum_mm_long,2007-05-29,2007-06-01,8770.0,https://www.cftc.gov/files/dea/history/fut_disagg_txt_2026.zip,2026-10-08
cftc_platinum_mm_long,2007-06-05,2007-06-08,8726.0,https://www.cftc.gov/files/dea/history/fut_disagg_txt_2026.zip,2026-10-08
cftc_platinum_mm_long,2007-06-12,2007-06-15,9444.0,https://www.cftc.gov/files/dea/history/fut_disagg_txt_2026.zip,2026-10-08
cftc_platinum_mm_long,2007-06-19,2007-06-22,9402.0,https://www.cftc.gov/files/dea/history/fut_disagg_txt_2026.zip,2026-10-08
cftc_platinum_mm_long,2007-06-26,2007-06-29,8316.0,https://www.cftc.gov/files/dea/history/fut_disagg_txt_2026.zip,2026-10-08
cftc_platinum_mm_long,2007-07-03,2007-07-06,8602.0,https://www.cftc.gov/files/dea/history/fut_disagg_txt_2026.zip,2026-10-08
cftc_platinum_mm_long,2007-07-10,2007-07-13,9681.0,https://www.cftc.gov/files/dea/history/fut_disagg_txt_2026.zip,2026-10-08
cftc_platinum_mm_long,2007-07-17,2007-07-20,10564.0,https://www.cftc.gov/files/dea/history/fut_disagg_txt_2026.zip,2026-10-08
cftc_platinum_mm_long,2007-07-24,2007-07-27,11771.0,https://www.cftc.gov/files/dea/history/fut_disagg_txt_2026.zip,2026-10-08
cftc_platinum_mm_long,2007-07-31,2007-08-03,7637.0,https://www.cftc.gov/files/dea/history/fut_disagg_txt_2026.zip,2026-10-08
cftc_platinum_mm_long,2007-08-07,2007-08-10,7546.0,https://www.cftc.gov/files/dea/history/fut_disagg_txt_2026.zip,2026-10-08
cftc_platinum_mm_long,2007-08-14,2007-08-17,5695.0,https://www.cftc.gov/files/dea/history/fut_disagg_txt_2026.zip,2026-10-08
cftc_platinum_mm_long,2007-08-21,2007-08-24,4371.0,https://www.cftc.gov/files/dea/history/fut_disagg_txt_2026.zip,2026-10-08
cftc_platinum_mm_long,2007-08-28,2007-08-31,4128.0,https://www.cftc.gov/files/dea/history/fut_disagg_txt_2026.zip,2026-10-08
cftc_platinum_mm_long,2007-09-04,2007-09-07,3834.0,https://www.cftc.gov/files/dea/history/fut_disagg_txt_2026.zip,2026-10-08
cftc_platinum_mm_long,2007-09-11,2007-09-14,4456.0,https://www.cftc.gov/files/dea/history/fut_disagg_txt_2026.zip,2026-10-08
cftc_platinum_mm_long,2007-09-18,2007-09-21,5576.0,https://www.cftc.gov/files/dea/history/fut_disagg_txt_2026.zip,2026-10-08
cftc_platinum_mm_long,2007-09-25,2007-09-28,6933.0,https://www.cftc.gov/files/dea/history/fut_disagg_txt_2026.zip,2026-10-08
cftc_platinum_mm_long,2007-10-02,2007-10-05,7992.0,https://www.cftc.gov/files/dea/history/fut_disagg_txt_2026.zip,2026-10-08
cftc_platinum_mm_long,2007-10-09,2007-10-12,8221.0,https://www.cftc.gov/files/dea/history/fut_disagg_txt_2026.zip,2026-10-08
cftc_platinum_mm_long,2007-10-16,2007-10-19,8602.0,https://www.cftc.gov/files/dea/history/fut_disagg_txt_2026.zip,2026-10-08
cftc_platinum_mm_long,2007-10-23,2007-10-26,9044.0,https://www.cftc.gov/files/dea/history/fut_disagg_txt_2026.zip,2026-10-08
cftc_platinum_mm_long,2007-10-30,2007-11-02,8863.0,https://www.cftc.gov/files/dea/history/fut_disagg_txt_2026.zip,2026-10-08
cftc_platinum_mm_long,2007-11-06,2007-11-09,9510.0,https://www.cftc.gov/files/dea/history/fut_disagg_txt_2026.zip,2026-10-08
cftc_platinum_mm_long,2007-11-13,2007-11-16,7311.0,https://www.cftc.gov/files/dea/history/fut_disagg_txt_2026.zip,2026-10-08
cftc_platinum_mm_long,2007-11-20,2007-11-23,7491.0,https://www.cftc.gov/files/dea/history/fut_disagg_txt_2026.zip,2026-10-08
cftc_platinum_mm_long,2007-11-27,2007-11-30,6993.0,https://www.cftc.gov/files/dea/history/fut_disagg_txt_2026.zip,2026-10-08
cftc_platinum_mm_long,2007-12-04,2007-12-07,7386.0,https://www.cftc.gov/files/dea/history/fut_disagg_txt_2026.zip,2026-10-08
cftc_platinum_mm_long,2007-12-11,2007-12-14,7713.0,https://www.cftc.gov/files/dea/history/fut_disagg_txt_2026.zip,2026-10-08
cftc_platinum_mm_long,2007-12-18,2007-12-21,9011.0,https://www.cftc.gov/files/dea/history/fut_disagg_txt_2026.zip,2026-10-08
cftc_platinum_mm_long,2007-12-24,2007-12-27,9577.0,https://www.cftc.gov/files/dea/history/fut_disagg_txt_2026.zip,2026-10-08
cftc_platinum_mm_long,2007-12-31,2008-01-03,10453.0,https://www.cftc.gov/files/dea/history/fut_disagg_txt_2026.zip,2026-10-08
cftc_platinum_mm_long,2008-01-08,2008-01-11,12144.0,https://www.cftc.gov/files/dea/history/fut_disagg_txt_2026.zip,2026-10-08
cftc_platinum_mm_long,2008-01-15,2008-01-18,10782.0,https://www.cftc.gov/files/dea/history/fut_disagg_txt_2026.zip,2026-10-08
cftc_platinum_mm_long,2008-01-22,2008-01-25,9949.0,https://www.cftc.gov/files/dea/history/fut_disagg_txt_2026.zip,2026-10-08
cftc_platinum_mm_long,2008-01-29,2008-02-01,9559.0,https://www.cftc.gov/files/dea/history/fut_disagg_txt_2026.zip,2026-10-08
cftc_platinum_mm_long,2008-02-05,2008-02-08,8956.0,https://www.cftc.gov/files/dea/history/fut_disagg_txt_2026.zip,2026-10-08
cftc_platinum_mm_long,2008-02-12,2008-02-15,8037.0,https://www.cftc.gov/files/dea/history/fut_disagg_txt_2026.zip,2026-10-08
cftc_platinum_mm_long,2008-02-19,2008-02-22,7725.0,https://www.cftc.gov/files/dea/history/fut_disagg_txt_2026.zip,2026-10-08
cftc_platinum_mm_long,2008-02-26,2008-02-29,7696.0,https://www.cftc.gov/files/dea/history/fut_disagg_txt_2026.zip,2026-10-08
cftc_platinum_mm_long,2008-03-04,2008-03-07,6861.0,https://www.cftc.gov/files/dea/history/fut_disagg_txt_2026.zip,2026-10-08
cftc_platinum_mm_long,2008-03-11,2008-03-14,6407.0,https://www.cftc.gov/files/dea/history/fut_disagg_txt_2026.zip,2026-10-08
cftc_platinum_mm_long,2008-03-18,2008-03-21,5328.0,https://www.cftc.gov/files/dea/history/fut_disagg_txt_2026.zip,2026-10-08
cftc_platinum_mm_long,2008-03-25,2008-03-28,5517.0,https://www.cftc.gov/files/dea/history/fut_disagg_txt_2026.zip,2026-10-08
cftc_platinum_mm_long,2008-04-01,2008-04-04,6402.0,https://www.cftc.gov/files/dea/history/fut_disagg_txt_2026.zip,2026-10-08
cftc_platinum_mm_long,2008-04-08,2008-04-11,6840.0,https://www.cftc.gov/files/dea/history/fut_disagg_txt_2026.zip,2026-10-08
cftc_platinum_mm_long,2008-04-15,2008-04-18,7390.0,https://www.cftc.gov/files/dea/history/fut_disagg_txt_2026.zip,2026-10-08
cftc_platinum_mm_long,2008-04-22,2008-04-25,8247.0,https://www.cftc.gov/files/dea/history/fut_disagg_txt_2026.zip,2026-10-08
cftc_platinum_mm_long,2008-04-29,2008-05-02,8313.0,https://www.cftc.gov/files/dea/history/fut_disagg_txt_2026.zip,2026-10-08
cftc_platinum_mm_long,2008-05-06,2008-05-09,8331.0,https://www.cftc.gov/files/dea/history/fut_disagg_txt_2026.zip,2026-10-08
cftc_platinum_mm_long,2008-05-13,2008-05-16,8925.0,https://www.cftc.gov/files/dea/history/fut_disagg_txt_2026.zip,2026-10-08
cftc_platinum_mm_long,2008-05-20,2008-05-23,9630.0,https://www.cftc.gov/files/dea/history/fut_disagg_txt_2026.zip,2026-10-08
cftc_platinum_mm_long,2008-05-27,2008-05-30,9827.0,https://www.cftc.gov/files/dea/history/fut_disagg_txt_2026.zip,2026-10-08
cftc_platinum_mm_long,2008-06-03,2008-06-06,8233.0,https://www.cftc.gov/files/dea/history/fut_disagg_txt_2026.zip,2026-10-08
cftc_platinum_mm_long,2008-06-10,2008-06-13,8850.0,https://www.cftc.gov/files/dea/history/fut_disagg_txt_2026.zip,2026-10-08
cftc_platinum_mm_long,2008-06-17,2008-06-20,8885.0,https://www.cftc.gov/files/dea/history/fut_disagg_txt_2026.zip,2026-10-08
cftc_platinum_mm_long,2008-06-24,2008-06-27,8582.0,https://www.cftc.gov/files/dea/history/fut_disagg_txt_2026.zip,2026-10-08
cftc_platinum_mm_long,2008-07-01,2008-07-04,8646.0,https://www.cftc.gov/files/dea/history/fut_disagg_txt_2026.zip,2026-10-08
cftc_platinum_mm_long,2008-07-08,2008-07-11,7436.0,https://www.cftc.gov/files/dea/history/fut_disagg_txt_2026.zip,2026-10-08
cftc_platinum_mm_long,2008-07-15,2008-07-18,6929.0,https://www.cftc.gov/files/dea/history/fut_disagg_txt_2026.zip,2026-10-08
cftc_platinum_mm_long,2008-07-22,2008-07-25,6535.0,https://www.cftc.gov/files/dea/history/fut_disagg_txt_2026.zip,2026-10-08
cftc_platinum_mm_long,2008-07-29,2008-08-01,5554.0,https://www.cftc.gov/files/dea/history/fut_disagg_txt_2026.zip,2026-10-08
cftc_platinum_mm_long,2008-08-05,2008-08-08,4837.0,https://www.cftc.gov/files/dea/history/fut_disagg_txt_2026.zip,2026-10-08
cftc_platinum_mm_long,2008-08-12,2008-08-15,4831.0,https://www.cftc.gov/files/dea/history/fut_disagg_txt_2026.zip,2026-10-08
cftc_platinum_mm_long,2008-08-19,2008-08-22,5413.0,https://www.cftc.gov/files/dea/history/fut_disagg_txt_2026.zip,2026-10-08
cftc_platinum_mm_long,2008-08-26,2008-08-29,5285.0,https://www.cftc.gov/files/dea/history/fut_disagg_txt_2026.zip,2026-10-08
cftc_platinum_mm_long,2008-09-02,2008-09-05,5640.0,https://www.cftc.gov/files/dea/history/fut_disagg_txt_2026.zip,2026-10-08
cftc_platinum_mm_long,2008-09-09,2008-09-12,5426.0,https://www.cftc.gov/files/dea/history/fut_disagg_txt_2026.zip,2026-10-08
cftc_platinum_mm_long,2008-09-16,2008-09-19,5736.0,https://www.cftc.gov/files/dea/history/fut_disagg_txt_2026.zip,2026-10-08
cftc_platinum_mm_long,2008-09-23,2008-09-26,6823.0,https://www.cftc.gov/files/dea/history/fut_disagg_txt_2026.zip,2026-10-08
cftc_platinum_mm_long,2008-09-30,2008-10-03,6776.0,https://www.cftc.gov/files/dea/history/fut_disagg_txt_2026.zip,2026-10-08
cftc_platinum_mm_long,2008-10-07,2008-10-10,6497.0,https://www.cftc.gov/files/dea/history/fut_disagg_txt_2026.zip,2026-10-08
cftc_platinum_mm_long,2008-10-14,2008-10-17,6455.0,https://www.cftc.gov/files/dea/history/fut_disagg_txt_2026.zip,2026-10-08
cftc_platinum_mm_long,2008-10-21,2008-10-24,6075.0,https://www.cftc.gov/files/dea/history/fut_disagg_txt_2026.zip,2026-10-08
cftc_platinum_mm_long,2008-10-28,2008-10-31,5940.0,https://www.cftc.gov/files/dea/history/fut_disagg_txt_2026.zip,2026-10-08
cftc_platinum_mm_long,2008-11-04,2008-11-07,5991.0,https://www.cftc.gov/files/dea/history/fut_disagg_txt_2026.zip,2026-10-08
cftc_platinum_mm_long,2008-11-11,2008-11-14,6457.0,https://www.cftc.gov/files/dea/history/fut_disagg_txt_2026.zip,2026-10-08
cftc_platinum_mm_long,2008-11-18,2008-11-21,6638.0,https://www.cftc.gov/files/dea/history/fut_disagg_txt_2026.zip,2026-10-08
cftc_platinum_mm_long,2008-11-25,2008-11-28,6710.0,https://www.cftc.gov/files/dea/history/fut_disagg_txt_2026.zip,2026-10-08
cftc_platinum_mm_long,2008-12-02,2008-12-05,6526.0,https://www.cftc.gov/files/dea/history/fut_disagg_txt_2026.zip,2026-10-08
cftc_platinum_mm_long,2008-12-09,2008-12-12,5890.0,https://www.cftc.gov/files/dea/history/fut_disagg_txt_2026.zip,2026-10-08
cftc_platinum_mm_long,2008-12-16,2008-12-19,5974.0,https://www.cftc.gov/files/dea/history/fut_disagg_txt_2026.zip,2026-10-08
cftc_platinum_mm_long,2008-12-22,2008-12-25,6233.0,https://www.cftc.gov/files/dea/history/fut_disagg_txt_2026.zip,2026-10-08
cftc_platinum_mm_long,2008-12-30,2009-01-02,6422.0,https://www.cftc.gov/files/dea/history/fut_disagg_txt_2026.zip,2026-10-08
cftc_platinum_mm_long,2009-01-06,2009-01-09,6759.0,https://www.cftc.gov/files/dea/history/fut_disagg_txt_2026.zip,2026-10-08
cftc_platinum_mm_long,2009-01-13,2009-01-16,7075.0,https://www.cftc.gov/files/dea/history/fut_disagg_txt_2026.zip,2026-10-08
cftc_platinum_mm_long,2009-01-20,2009-01-23,6638.0,https://www.cftc.gov/files/dea/history/fut_disagg_txt_2026.zip,2026-10-08
cftc_platinum_mm_long,2009-01-27,2009-01-30,6852.0,https://www.cftc.gov/files/dea/history/fut_disagg_txt_2026.zip,2026-10-08
cftc_platinum_mm_long,2009-02-03,2009-02-06,7310.0,https://www.cftc.gov/files/dea/history/fut_disagg_txt_2026.zip,2026-10-08
cftc_platinum_mm_long,2009-02-10,2009-02-13,7747.0,https://www.cftc.gov/files/dea/history/fut_disagg_txt_2026.zip,2026-10-08
cftc_platinum_mm_long,2009-02-17,2009-02-20,8621.0,https://www.cftc.gov/files/dea/history/fut_disagg_txt_2026.zip,2026-10-08
cftc_platinum_mm_long,2009-02-24,2009-02-27,8650.0,https://www.cftc.gov/files/dea/history/fut_disagg_txt_2026.zip,2026-10-08
cftc_platinum_mm_long,2009-03-03,2009-03-06,7965.0,https://www.cftc.gov/files/dea/history/fut_disagg_txt_2026.zip,2026-10-08
cftc_platinum_mm_long,2009-03-10,2009-03-13,8301.0,https://www.cftc.gov/files/dea/history/fut_disagg_txt_2026.zip,2026-10-08
cftc_platinum_mm_long,2009-03-17,2009-03-20,7901.0,https://www.cftc.gov/files/dea/history/fut_disagg_txt_2026.zip,2026-10-08
cftc_platinum_mm_long,2009-03-24,2009-03-27,7941.0,https://www.cftc.gov/files/dea/history/fut_disagg_txt_2026.zip,2026-10-08
cftc_platinum_mm_long,2009-03-31,2009-04-03,8150.0,https://www.cftc.gov/files/dea/history/fut_disagg_txt_2026.zip,2026-10-08
cftc_platinum_mm_long,2009-04-07,2009-04-10,8571.0,https://www.cftc.gov/files/dea/history/fut_disagg_txt_2026.zip,2026-10-08
cftc_platinum_mm_long,2009-04-14,2009-04-17,8682.0,https://www.cftc.gov/files/dea/history/fut_disagg_txt_2026.zip,2026-10-08
cftc_platinum_mm_long,2009-04-21,2009-04-24,8388.0,https://www.cftc.gov/files/dea/history/fut_disagg_txt_2026.zip,2026-10-08
cftc_platinum_mm_long,2009-04-28,2009-05-01,8552.0,https://www.cftc.gov/files/dea/history/fut_disagg_txt_2026.zip,2026-10-08
cftc_platinum_mm_long,2009-05-05,2009-05-08,8308.0,https://www.cftc.gov/files/dea/history/fut_disagg_txt_2026.zip,2026-10-08
cftc_platinum_mm_long,2009-05-12,2009-05-15,8218.0,https://www.cftc.gov/files/dea/history/fut_disagg_txt_2026.zip,2026-10-08
cftc_platinum_mm_long,2009-05-19,2009-05-22,8934.0,https://www.cftc.gov/files/dea/history/fut_disagg_txt_2026.zip,2026-10-08
cftc_platinum_mm_long,2009-05-26,2009-05-29,9422.0,https://www.cftc.gov/files/dea/history/fut_disagg_txt_2026.zip,2026-10-08
cftc_platinum_mm_long,2009-06-02,2009-06-05,9610.0,https://www.cftc.gov/files/dea/history/fut_disagg_txt_2026.zip,2026-10-08
cftc_platinum_mm_long,2009-06-09,2009-06-12,11229.0,https://www.cftc.gov/files/dea/history/fut_disagg_txt_2026.zip,2026-10-08
cftc_platinum_mm_long,2009-06-16,2009-06-19,11253.0,https://www.cftc.gov/files/dea/history/fut_disagg_txt_2026.zip,2026-10-08
cftc_platinum_mm_long,2009-06-23,2009-06-26,11296.0,https://www.cftc.gov/files/dea/history/fut_disagg_txt_2026.zip,2026-10-08
cftc_platinum_mm_long,2009-06-30,2009-07-03,11306.0,https://www.cftc.gov/files/dea/history/fut_disagg_txt_2026.zip,2026-10-08
cftc_platinum_mm_long,2009-07-07,2009-07-10,10870.0,https://www.cftc.gov/files/dea/history/fut_disagg_txt_2026.zip,2026-10-08
cftc_platinum_mm_long,2009-07-14,2009-07-17,10807.0,https://www.cftc.gov/files/dea/history/fut_disagg_txt_2026.zip,2026-10-08
cftc_platinum_mm_long,2009-07-21,2009-07-24,11533.0,https://www.cftc.gov/files/dea/history/fut_disagg_txt_2026.zip,2026-10-08
cftc_platinum_mm_long,2009-07-28,2009-07-31,11464.0,https://www.cftc.gov/files/dea/history/fut_disagg_txt_2026.zip,2026-10-08
cftc_platinum_mm_long,2009-08-04,2009-08-07,12478.0,https://www.cftc.gov/files/dea/history/fut_disagg_txt_2026.zip,2026-10-08
cftc_platinum_mm_long,2009-08-11,2009-08-14,13362.0,https://www.cftc.gov/files/dea/history/fut_disagg_txt_2026.zip,2026-10-08
cftc_platinum_mm_long,2009-08-18,2009-08-21,15172.0,https://www.cftc.gov/files/dea/history/fut_disagg_txt_2026.zip,2026-10-08
cftc_platinum_mm_long,2009-08-25,2009-08-28,15874.0,https://www.cftc.gov/files/dea/history/fut_disagg_txt_2026.zip,2026-10-08
cftc_platinum_mm_long,2009-09-01,2009-09-04,14944.0,https://www.cftc.gov/files/dea/history/fut_disagg_txt_2026.zip,2026-10-08
cftc_platinum_mm_long,2009-09-08,2009-09-11,15859.0,https://www.cftc.gov/files/dea/history/fut_disagg_txt_2026.zip,2026-10-08
cftc_platinum_mm_long,2009-09-15,2009-09-18,16928.0,https://www.cftc.gov/files/dea/history/fut_disagg_txt_2026.zip,2026-10-08
cftc_platinum_mm_long,2009-09-22,2009-09-25,18090.0,https://www.cftc.gov/files/dea/history/fut_disagg_txt_2026.zip,2026-10-08
cftc_platinum_mm_long,2009-09-29,2009-10-02,17167.0,https://www.cftc.gov/files/dea/history/fut_disagg_txt_2026.zip,2026-10-08
cftc_platinum_mm_long,2009-10-06,2009-10-09,17893.0,https://www.cftc.gov/files/dea/history/fut_disagg_txt_2026.zip,2026-10-08
cftc_platinum_mm_long,2009-10-13,2009-10-16,19105.0,https://www.cftc.gov/files/dea/history/fut_disagg_txt_2026.zip,2026-10-08
cftc_platinum_mm_long,2009-10-20,2009-10-23,18567.0,https://www.cftc.gov/files/dea/history/fut_disagg_txt_2026.zip,2026-10-08
cftc_platinum_mm_long,2009-10-27,2009-10-30,18046.0,https://www.cftc.gov/files/dea/history/fut_disagg_txt_2026.zip,2026-10-08
cftc_platinum_mm_long,2009-11-03,2009-11-06,18034.0,https://www.cftc.gov/files/dea/history/fut_disagg_txt_2026.zip,2026-10-08
cftc_platinum_mm_long,2009-11-09,2009-11-12,18370.0,https://www.cftc.gov/files/dea/history/fut_disagg_txt_2026.zip,2026-10-08
cftc_platinum_mm_long,2009-11-17,2009-11-20,18987.0,https://www.cftc.gov/files/dea/history/fut_disagg_txt_2026.zip,2026-10-08
cftc_platinum_mm_long,2009-11-24,2009-11-27,19206.0,https://www.cftc.gov/files/dea/history/fut_disagg_txt_2026.zip,2026-10-08
cftc_platinum_mm_long,2009-12-01,2009-12-04,19957.0,https://www.cftc.gov/files/dea/history/fut_disagg_txt_2026.zip,2026-10-08
cftc_platinum_mm_long,2009-12-08,2009-12-11,18477.0,https://www.cftc.gov/files/dea/history/fut_disagg_txt_2026.zip,2026-10-08
cftc_platinum_mm_long,2009-12-15,2009-12-18,18295.0,https://www.cftc.gov/files/dea/history/fut_disagg_txt_2026.zip,2026-10-08
cftc_platinum_mm_long,2009-12-22,2009-12-25,17471.0,https://www.cftc.gov/files/dea/history/fut_disagg_txt_2026.zip,2026-10-08
cftc_platinum_mm_long,2009-12-29,2010-01-01,17398.0,https://www.cftc.gov/files/dea/history/fut_disagg_txt_2026.zip,2026-10-08
cftc_platinum_mm_long,2010-01-05,2010-01-08,18185.0,https://www.cftc.gov/files/dea/history/fut_disagg_txt_2026.zip,2026-10-08
cftc_platinum_mm_long,2010-01-12,2010-01-15,18510.0,https://www.cftc.gov/files/dea/history/fut_disagg_txt_2026.zip,2026-10-08
cftc_platinum_mm_long,2010-01-19,2010-01-22,19047.0,https://www.cftc.gov/files/dea/history/fut_disagg_txt_2026.zip,2026-10-08
cftc_platinum_mm_long,2010-01-26,2010-01-29,18964.0,https://www.cftc.gov/files/dea/history/fut_disagg_txt_2026.zip,2026-10-08
cftc_platinum_mm_long,2010-02-02,2010-02-05,19108.0,https://www.cftc.gov/files/dea/history/fut_disagg_txt_2026.zip,2026-10-08
cftc_platinum_mm_long,2010-02-09,2010-02-12,18220.0,https://www.cftc.gov/files/dea/history/fut_disagg_txt_2026.zip,2026-10-08
cftc_platinum_mm_long,2010-02-16,2010-02-19,18373.0,https://www.cftc.gov/files/dea/history/fut_disagg_txt_2026.zip,2026-10-08
cftc_platinum_mm_long,2010-02-23,2010-02-26,18968.0,https://www.cftc.gov/files/dea/history/fut_disagg_txt_2026.zip,2026-10-08
cftc_platinum_mm_long,2010-03-02,2010-03-05,19588.0,https://www.cftc.gov/files/dea/history/fut_disagg_txt_2026.zip,2026-10-08
cftc_platinum_mm_long,2010-03-09,2010-03-12,20179.0,https://www.cftc.gov/files/dea/history/fut_disagg_txt_2026.zip,2026-10-08
cftc_platinum_mm_long,2010-03-16,2010-03-19,20340.0,https://www.cftc.gov/files/dea/history/fut_disagg_txt_2026.zip,2026-10-08
cftc_platinum_mm_long,2010-03-23,2010-03-26,20578.0,https://www.cftc.gov/files/dea/history/fut_disagg_txt_2026.zip,2026-10-08
cftc_platinum_mm_long,2010-03-30,2010-04-02,20593.0,https://www.cftc.gov/files/dea/history/fut_disagg_txt_2026.zip,2026-10-08
cftc_platinum_mm_long,2010-04-06,2010-04-09,21119.0,https://www.cftc.gov/files/dea/history/fut_disagg_txt_2026.zip,2026-10-08
cftc_platinum_mm_long,2010-04-13,2010-04-16,21781.0,https://www.cftc.gov/files/dea/history/fut_disagg_txt_2026.zip,2026-10-08
cftc_platinum_mm_long,2010-04-20,2010-04-23,20892.0,https://www.cftc.gov/files/dea/history/fut_disagg_txt_2026.zip,2026-10-08
cftc_platinum_mm_long,2010-04-27,2010-04-30,20494.0,https://www.cftc.gov/files/dea/history/fut_disagg_txt_2026.zip,2026-10-08
cftc_platinum_mm_long,2010-05-04,2010-05-07,20099.0,https://www.cftc.gov/files/dea/history/fut_disagg_txt_2026.zip,2026-10-08
cftc_platinum_mm_long,2010-05-11,2010-05-14,19278.0,https://www.cftc.gov/files/dea/history/fut_disagg_txt_2026.zip,2026-10-08
cftc_platinum_mm_long,2010-05-18,2010-05-21,19480.0,https://www.cftc.gov/files/dea/history/fut_disagg_txt_2026.zip,2026-10-08
cftc_platinum_mm_long,2010-05-25,2010-05-28,14451.0,https://www.cftc.gov/files/dea/history/fut_disagg_txt_2026.zip,2026-10-08
cftc_platinum_mm_long,2010-06-01,2010-06-04,14765.0,https://www.cftc.gov/files/dea/history/fut_disagg_txt_2026.zip,2026-10-08
cftc_platinum_mm_long,2010-06-08,2010-06-11,14453.0,https://www.cftc.gov/files/dea/history/fut_disagg_txt_2026.zip,2026-10-08
cftc_platinum_mm_long,2010-06-15,2010-06-18,14620.0,https://www.cftc.gov/files/dea/history/fut_disagg_txt_2026.zip,2026-10-08
cftc_platinum_mm_long,2010-06-22,2010-06-25,15165.0,https://www.cftc.gov/files/dea/history/fut_disagg_txt_2026.zip,2026-10-08
cftc_platinum_mm_long,2010-06-29,2010-07-02,14517.0,https://www.cftc.gov/files/dea/history/fut_disagg_txt_2026.zip,2026-10-08
cftc_platinum_mm_long,2010-07-06,2010-07-09,13709.0,https://www.cftc.gov/files/dea/history/fut_disagg_txt_2026.zip,2026-10-08
cftc_platinum_mm_long,2010-07-13,2010-07-16,13793.0,https://www.cftc.gov/files/dea/history/fut_disagg_txt_2026.zip,2026-10-08
cftc_platinum_mm_long,2010-07-20,2010-07-23,14165.0,https://www.cftc.gov/files/dea/history/fut_disagg_txt_2026.zip,2026-10-08
cftc_platinum_mm_long,2010-07-27,2010-07-30,15468.0,https://www.cftc.gov/files/dea/history/fut_disagg_txt_2026.zip,2026-10-08
cftc_platinum_mm_long,2010-08-03,2010-08-06,17447.0,https://www.cftc.gov/files/dea/history/fut_disagg_txt_2026.zip,2026-10-08
cftc_platinum_mm_long,2010-08-10,2010-08-13,17478.0,https://www.cftc.gov/files/dea/history/fut_disagg_txt_2026.zip,2026-10-08
cftc_platinum_mm_long,2010-08-17,2010-08-20,17172.0,https://www.cftc.gov/files/dea/history/fut_disagg_txt_2026.zip,2026-10-08
cftc_platinum_mm_long,2010-08-24,2010-08-27,16512.0,https://www.cftc.gov/files/dea/history/fut_disagg_txt_2026.zip,2026-10-08
cftc_platinum_mm_long,2010-08-31,2010-09-03,16231.0,https://www.cftc.gov/files/dea/history/fut_disagg_txt_2026.zip,2026-10-08
cftc_platinum_mm_long,2010-09-07,2010-09-10,17191.0,https://www.cftc.gov/files/dea/history/fut_disagg_txt_2026.zip,2026-10-08
cftc_platinum_mm_long,2010-09-14,2010-09-17,19144.0,https://www.cftc.gov/files/dea/history/fut_disagg_txt_2026.zip,2026-10-08
cftc_platinum_mm_long,2010-09-21,2010-09-24,22073.0,https://www.cftc.gov/files/dea/history/fut_disagg_txt_2026.zip,2026-10-08
cftc_platinum_mm_long,2010-09-28,2010-10-01,21834.0,https://www.cftc.gov/files/dea/history/fut_disagg_txt_2026.zip,2026-10-08
cftc_platinum_mm_long,2010-10-05,2010-10-08,22354.0,https://www.cftc.gov/files/dea/history/fut_disagg_txt_2026.zip,2026-10-08
cftc_platinum_mm_long,2010-10-12,2010-10-15,23071.0,https://www.cftc.gov/files/dea/history/fut_disagg_txt_2026.zip,2026-10-08
cftc_platinum_mm_long,2010-10-19,2010-10-22,23414.0,https://www.cftc.gov/files/dea/history/fut_disagg_txt_2026.zip,2026-10-08
cftc_platinum_mm_long,2010-10-26,2010-10-29,23673.0,https://www.cftc.gov/files/dea/history/fut_disagg_txt_2026.zip,2026-10-08
cftc_platinum_mm_long,2010-11-02,2010-11-05,24351.0,https://www.cftc.gov/files/dea/history/fut_disagg_txt_2026.zip,2026-10-08
cftc_platinum_mm_long,2010-11-09,2010-11-12,24875.0,https://www.cftc.gov/files/dea/history/fut_disagg_txt_2026.zip,2026-10-08
cftc_platinum_mm_long,2010-11-16,2010-11-19,21136.0,https://www.cftc.gov/files/dea/history/fut_disagg_txt_2026.zip,2026-10-08
cftc_platinum_mm_long,2010-11-23,2010-11-26,20442.0,https://www.cftc.gov/files/dea/history/fut_disagg_txt_2026.zip,2026-10-08
cftc_platinum_mm_long,2010-11-30,2010-12-03,20294.0,https://www.cftc.gov/files/dea/history/fut_disagg_txt_2026.zip,2026-10-08
cftc_platinum_mm_long,2010-12-07,2010-12-10,21369.0,https://www.cftc.gov/files/dea/history/fut_disagg_txt_2026.zip,2026-10-08
cftc_platinum_mm_long,2010-12-14,2010-12-17,20718.0,https://www.cftc.gov/files/dea/history/fut_disagg_txt_2026.zip,2026-10-08
cftc_platinum_mm_long,2010-12-21,2010-12-24,21809.0,https://www.cftc.gov/files/dea/history/fut_disagg_txt_2026.zip,2026-10-08
cftc_platinum_mm_long,2010-12-28,2010-12-31,22879.0,https://www.cftc.gov/files/dea/history/fut_disagg_txt_2026.zip,2026-10-08
cftc_platinum_mm_long,2011-01-04,2011-01-07,23655.0,https://www.cftc.gov/files/dea/history/fut_disagg_txt_2026.zip,2026-10-08
cftc_platinum_mm_long,2011-01-11,2011-01-14,23544.0,https://www.cftc.gov/files/dea/history/fut_disagg_txt_2026.zip,2026-10-08
cftc_platinum_mm_long,2011-01-18,2011-01-21,26611.0,https://www.cftc.gov/files/dea/history/fut_disagg_txt_2026.zip,2026-10-08
cftc_platinum_mm_long,2011-01-25,2011-01-28,25694.0,https://www.cftc.gov/files/dea/history/fut_disagg_txt_2026.zip,2026-10-08
cftc_platinum_mm_long,2011-02-01,2011-02-04,26499.0,https://www.cftc.gov/files/dea/history/fut_disagg_txt_2026.zip,2026-10-08
cftc_platinum_mm_long,2011-02-08,2011-02-11,27108.0,https://www.cftc.gov/files/dea/history/fut_disagg_txt_2026.zip,2026-10-08
cftc_platinum_mm_long,2011-02-15,2011-02-18,25492.0,https://www.cftc.gov/files/dea/history/fut_disagg_txt_2026.zip,2026-10-08
cftc_platinum_mm_long,2011-02-22,2011-02-25,25635.0,https://www.cftc.gov/files/dea/history/fut_disagg_txt_2026.zip,2026-10-08
cftc_platinum_mm_long,2011-03-01,2011-03-04,25787.0,https://www.cftc.gov/files/dea/history/fut_disagg_txt_2026.zip,2026-10-08
cftc_platinum_mm_long,2011-03-08,2011-03-11,25481.0,https://www.cftc.gov/files/dea/history/fut_disagg_txt_2026.zip,2026-10-08
cftc_platinum_mm_long,2011-03-15,2011-03-18,21335.0,https://www.cftc.gov/files/dea/history/fut_disagg_txt_2026.zip,2026-10-08
cftc_platinum_mm_long,2011-03-22,2011-03-25,19001.0,https://www.cftc.gov/files/dea/history/fut_disagg_txt_2026.zip,2026-10-08
cftc_platinum_mm_long,2011-03-29,2011-04-01,18995.0,https://www.cftc.gov/files/dea/history/fut_disagg_txt_2026.zip,2026-10-08
cftc_platinum_mm_long,2011-04-05,2011-04-08,20339.0,https://www.cftc.gov/files/dea/history/fut_disagg_txt_2026.zip,2026-10-08
cftc_platinum_mm_long,2011-04-12,2011-04-15,21155.0,https://www.cftc.gov/files/dea/history/fut_disagg_txt_2026.zip,2026-10-08
cftc_platinum_mm_long,2011-04-19,2011-04-22,20763.0,https://www.cftc.gov/files/dea/history/fut_disagg_txt_2026.zip,2026-10-08
cftc_platinum_mm_long,2011-04-26,2011-04-29,21810.0,https://www.cftc.gov/files/dea/history/fut_disagg_txt_2026.zip,2026-10-08
cftc_platinum_mm_long,2011-05-03,2011-05-06,24134.0,https://www.cftc.gov/files/dea/history/fut_disagg_txt_2026.zip,2026-10-08
cftc_platinum_mm_long,2011-05-10,2011-05-13,21215.0,https://www.cftc.gov/files/dea/history/fut_disagg_txt_2026.zip,2026-10-08
cftc_platinum_mm_long,2011-05-17,2011-05-20,19693.0,https://www.cftc.gov/files/dea/history/fut_disagg_txt_2026.zip,2026-10-08
cftc_platinum_mm_long,2011-05-24,2011-05-27,19333.0,https://www.cftc.gov/files/dea/history/fut_disagg_txt_2026.zip,2026-10-08
cftc_platinum_mm_long,2011-05-31,2011-06-03,19765.0,https://www.cftc.gov/files/dea/history/fut_disagg_txt_2026.zip,2026-10-08
cftc_platinum_mm_long,2011-06-07,2011-06-10,20466.0,https://www.cftc.gov/files/dea/history/fut_disagg_txt_2026.zip,2026-10-08
cftc_platinum_mm_long,2011-06-14,2011-06-17,21299.0,https://www.cftc.gov/files/dea/history/fut_disagg_txt_2026.zip,2026-10-08
cftc_platinum_mm_long,2011-06-21,2011-06-24,18683.0,https://www.cftc.gov/files/dea/history/fut_disagg_txt_2026.zip,2026-10-08
cftc_platinum_mm_long,2011-06-28,2011-07-01,16413.0,https://www.cftc.gov/files/dea/history/fut_disagg_txt_2026.zip,2026-10-08
cftc_platinum_mm_long,2011-07-05,2011-07-08,17018.0,https://www.cftc.gov/files/dea/history/fut_disagg_txt_2026.zip,2026-10-08
cftc_platinum_mm_long,2011-07-12,2011-07-15,17305.0,https://www.cftc.gov/files/dea/history/fut_disagg_txt_2026.zip,2026-10-08
cftc_platinum_mm_long,2011-07-19,2011-07-22,17594.0,https://www.cftc.gov/files/dea/history/fut_disagg_txt_2026.zip,2026-10-08
cftc_platinum_mm_long,2011-07-26,2011-07-29,19344.0,https://www.cftc.gov/files/dea/history/fut_disagg_txt_2026.zip,2026-10-08
cftc_platinum_mm_long,2011-08-02,2011-08-05,19901.0,https://www.cftc.gov/files/dea/history/fut_disagg_txt_2026.zip,2026-10-08
cftc_platinum_mm_long,2011-08-09,2011-08-12,18747.0,https://www.cftc.gov/files/dea/history/fut_disagg_txt_2026.zip,2026-10-08
cftc_platinum_mm_long,2011-08-16,2011-08-19,21234.0,https://www.cftc.gov/files/dea/history/fut_disagg_txt_2026.zip,2026-10-08
cftc_platinum_mm_long,2011-08-23,2011-08-26,23278.0,https://www.cftc.gov/files/dea/history/fut_disagg_txt_2026.zip,2026-10-08
cftc_platinum_mm_long,2011-08-30,2011-09-02,21584.0,https://www.cftc.gov/files/dea/history/fut_disagg_txt_2026.zip,2026-10-08
cftc_platinum_mm_long,2011-09-06,2011-09-09,23033.0,https://www.cftc.gov/files/dea/history/fut_disagg_txt_2026.zip,2026-10-08
cftc_platinum_mm_long,2011-09-13,2011-09-16,21274.0,https://www.cftc.gov/files/dea/history/fut_disagg_txt_2026.zip,2026-10-08
cftc_platinum_mm_long,2011-09-20,2011-09-23,18229.0,https://www.cftc.gov/files/dea/history/fut_disagg_txt_2026.zip,2026-10-08
cftc_platinum_mm_long,2011-09-27,2011-09-30,15895.0,https://www.cftc.gov/files/dea/history/fut_disagg_txt_2026.zip,2026-10-08
cftc_platinum_mm_long,2011-10-04,2011-10-07,17050.0,https://www.cftc.gov/files/dea/history/fut_disagg_txt_2026.zip,2026-10-08
cftc_platinum_mm_long,2011-10-11,2011-10-14,16740.0,https://www.cftc.gov/files/dea/history/fut_disagg_txt_2026.zip,2026-10-08
cftc_platinum_mm_long,2011-10-18,2011-10-21,17054.0,https://www.cftc.gov/files/dea/history/fut_disagg_txt_2026.zip,2026-10-08
cftc_platinum_mm_long,2011-10-25,2011-10-28,16383.0,https://www.cftc.gov/files/dea/history/fut_disagg_txt_2026.zip,2026-10-08
cftc_platinum_mm_long,2011-11-01,2011-11-04,17292.0,https://www.cftc.gov/files/dea/history/fut_disagg_txt_2026.zip,2026-10-08
cftc_platinum_mm_long,2011-11-08,2011-11-11,17822.0,https://www.cftc.gov/files/dea/history/fut_disagg_txt_2026.zip,2026-10-08
cftc_platinum_mm_long,2011-11-15,2011-11-18,18173.0,https://www.cftc.gov/files/dea/history/fut_disagg_txt_2026.zip,2026-10-08
cftc_platinum_mm_long,2011-11-22,2011-11-25,17806.0,https://www.cftc.gov/files/dea/history/fut_disagg_txt_2026.zip,2026-10-08
cftc_platinum_mm_long,2011-11-29,2011-12-02,17588.0,https://www.cftc.gov/files/dea/history/fut_disagg_txt_2026.zip,2026-10-08
cftc_platinum_mm_long,2011-12-06,2011-12-09,19576.0,https://www.cftc.gov/files/dea/history/fut_disagg_txt_2026.zip,2026-10-08
cftc_platinum_mm_long,2011-12-13,2011-12-16,19865.0,https://www.cftc.gov/files/dea/history/fut_disagg_txt_2026.zip,2026-10-08
cftc_platinum_mm_long,2011-12-20,2011-12-23,20271.0,https://www.cftc.gov/files/dea/history/fut_disagg_txt_2026.zip,2026-10-08
cftc_platinum_mm_long,2011-12-27,2011-12-30,20389.0,https://www.cftc.gov/files/dea/history/fut_disagg_txt_2026.zip,2026-10-08
cftc_platinum_mm_long,2012-01-03,2012-01-06,20677.0,https://www.cftc.gov/files/dea/history/fut_disagg_txt_2026.zip,2026-10-08
cftc_platinum_mm_long,2012-01-10,2012-01-13,21149.0,https://www.cftc.gov/files/dea/history/fut_disagg_txt_2026.zip,2026-10-08
cftc_platinum_mm_long,2012-01-17,2012-01-20,22124.0,https://www.cftc.gov/files/dea/history/fut_disagg_txt_2026.zip,2026-10-08
cftc_platinum_mm_long,2012-01-24,2012-01-27,22110.0,https://www.cftc.gov/files/dea/history/fut_disagg_txt_2026.zip,2026-10-08
cftc_platinum_mm_long,2012-01-31,2012-02-03,22379.0,https://www.cftc.gov/files/dea/history/fut_disagg_txt_2026.zip,2026-10-08
cftc_platinum_mm_long,2012-02-07,2012-02-10,22913.0,https://www.cftc.gov/files/dea/history/fut_disagg_txt_2026.zip,2026-10-08
cftc_platinum_mm_long,2012-02-14,2012-02-17,22807.0,https://www.cftc.gov/files/dea/history/fut_disagg_txt_2026.zip,2026-10-08
cftc_platinum_mm_long,2012-02-21,2012-02-24,23009.0,https://www.cftc.gov/files/dea/history/fut_disagg_txt_2026.zip,2026-10-08
cftc_platinum_mm_long,2012-02-28,2012-03-02,22254.0,https://www.cftc.gov/files/dea/history/fut_disagg_txt_2026.zip,2026-10-08
cftc_platinum_mm_long,2012-03-06,2012-03-09,21772.0,https://www.cftc.gov/files/dea/history/fut_disagg_txt_2026.zip,2026-10-08
cftc_platinum_mm_long,2012-03-13,2012-03-16,21369.0,https://www.cftc.gov/files/dea/history/fut_disagg_txt_2026.zip,2026-10-08
cftc_platinum_mm_long,2012-03-20,2012-03-23,21142.0,https://www.cftc.gov/files/dea/history/fut_disagg_txt_2026.zip,2026-10-08
cftc_platinum_mm_long,2012-03-27,2012-03-30,18961.0,https://www.cftc.gov/files/dea/history/fut_disagg_txt_2026.zip,2026-10-08
cftc_platinum_mm_long,2012-04-03,2012-04-06,19083.0,https://www.cftc.gov/files/dea/history/fut_disagg_txt_2026.zip,2026-10-08
cftc_platinum_mm_long,2012-04-10,2012-04-13,17637.0,https://www.cftc.gov/files/dea/history/fut_disagg_txt_2026.zip,2026-10-08
cftc_platinum_mm_long,2012-04-17,2012-04-20,17810.0,https://www.cftc.gov/files/dea/history/fut_disagg_txt_2026.zip,2026-10-08
cftc_platinum_mm_long,2012-04-24,2012-04-27,17108.0,https://www.cftc.gov/files/dea/history/fut_disagg_txt_2026.zip,2026-10-08
cftc_platinum_mm_long,2012-05-01,2012-05-04,18697.0,https://www.cftc.gov/files/dea/history/fut_disagg_txt_2026.zip,2026-10-08
cftc_platinum_mm_long,2012-05-08,2012-05-11,18830.0,https://www.cftc.gov/files/dea/history/fut_disagg_txt_2026.zip,2026-10-08
cftc_platinum_mm_long,2012-05-15,2012-05-18,19190.0,https://www.cftc.gov/files/dea/history/fut_disagg_txt_2026.zip,2026-10-08
cftc_platinum_mm_long,2012-05-22,2012-05-25,19542.0,https://www.cftc.gov/files/dea/history/fut_disagg_txt_2026.zip,2026-10-08
cftc_platinum_mm_long,2012-05-29,2012-06-01,20534.0,https://www.cftc.gov/files/dea/history/fut_disagg_txt_2026.zip,2026-10-08
cftc_platinum_mm_long,2012-06-05,2012-06-08,20958.0,https://www.cftc.gov/files/dea/history/fut_disagg_txt_2026.zip,2026-10-08
cftc_platinum_mm_long,2012-06-12,2012-06-15,21909.0,https://www.cftc.gov/files/dea/history/fut_disagg_txt_2026.zip,2026-10-08
cftc_platinum_mm_long,2012-06-19,2012-06-22,23082.0,https://www.cftc.gov/files/dea/history/fut_disagg_txt_2026.zip,2026-10-08
cftc_platinum_mm_long,2012-06-26,2012-06-29,23611.0,https://www.cftc.gov/files/dea/history/fut_disagg_txt_2026.zip,2026-10-08
cftc_platinum_mm_long,2012-07-03,2012-07-06,24107.0,https://www.cftc.gov/files/dea/history/fut_disagg_txt_2026.zip,2026-10-08
cftc_platinum_mm_long,2012-07-10,2012-07-13,23703.0,https://www.cftc.gov/files/dea/history/fut_disagg_txt_2026.zip,2026-10-08
cftc_platinum_mm_long,2012-07-17,2012-07-20,23546.0,https://www.cftc.gov/files/dea/history/fut_disagg_txt_2026.zip,2026-10-08
cftc_platinum_mm_long,2012-07-24,2012-07-27,23556.0,https://www.cftc.gov/files/dea/history/fut_disagg_txt_2026.zip,2026-10-08
cftc_platinum_mm_long,2012-07-31,2012-08-03,22914.0,https://www.cftc.gov/files/dea/history/fut_disagg_txt_2026.zip,2026-10-08
cftc_platinum_mm_long,2012-08-07,2012-08-10,23125.0,https://www.cftc.gov/files/dea/history/fut_disagg_txt_2026.zip,2026-10-08
cftc_platinum_mm_long,2012-08-14,2012-08-17,22699.0,https://www.cftc.gov/files/dea/history/fut_disagg_txt_2026.zip,2026-10-08
cftc_platinum_mm_long,2012-08-21,2012-08-24,26676.0,https://www.cftc.gov/files/dea/history/fut_disagg_txt_2026.zip,2026-10-08
cftc_platinum_mm_long,2012-08-28,2012-08-31,28472.0,https://www.cftc.gov/files/dea/history/fut_disagg_txt_2026.zip,2026-10-08
cftc_platinum_mm_long,2012-09-04,2012-09-07,29186.0,https://www.cftc.gov/files/dea/history/fut_disagg_txt_2026.zip,2026-10-08
cftc_platinum_mm_long,2012-09-11,2012-09-14,29310.0,https://www.cftc.gov/files/dea/history/fut_disagg_txt_2026.zip,2026-10-08
cftc_platinum_mm_long,2012-09-18,2012-09-21,31853.0,https://www.cftc.gov/files/dea/history/fut_disagg_txt_2026.zip,2026-10-08
cftc_platinum_mm_long,2012-09-25,2012-09-28,33857.0,https://www.cftc.gov/files/dea/history/fut_disagg_txt_2026.zip,2026-10-08
cftc_platinum_mm_long,2012-10-02,2012-10-05,36207.0,https://www.cftc.gov/files/dea/history/fut_disagg_txt_2026.zip,2026-10-08
cftc_platinum_mm_long,2012-10-09,2012-10-12,39625.0,https://www.cftc.gov/files/dea/history/fut_disagg_txt_2026.zip,2026-10-08
cftc_platinum_mm_long,2012-10-16,2012-10-19,40232.0,https://www.cftc.gov/files/dea/history/fut_disagg_txt_2026.zip,2026-10-08
cftc_platinum_mm_long,2012-10-23,2012-10-26,38129.0,https://www.cftc.gov/files/dea/history/fut_disagg_txt_2026.zip,2026-10-08
cftc_platinum_mm_long,2012-10-30,2012-11-02,35929.0,https://www.cftc.gov/files/dea/history/fut_disagg_txt_2026.zip,2026-10-08
cftc_platinum_mm_long,2012-11-06,2012-11-09,31883.0,https://www.cftc.gov/files/dea/history/fut_disagg_txt_2026.zip,2026-10-08
cftc_platinum_mm_long,2012-11-13,2012-11-16,30472.0,https://www.cftc.gov/files/dea/history/fut_disagg_txt_2026.zip,2026-10-08
cftc_platinum_mm_long,2012-11-20,2012-11-23,28440.0,https://www.cftc.gov/files/dea/history/fut_disagg_txt_2026.zip,2026-10-08
cftc_platinum_mm_long,2012-11-27,2012-11-30,31150.0,https://www.cftc.gov/files/dea/history/fut_disagg_txt_2026.zip,2026-10-08
cftc_platinum_mm_long,2012-12-04,2012-12-07,32264.0,https://www.cftc.gov/files/dea/history/fut_disagg_txt_2026.zip,2026-10-08
cftc_platinum_mm_long,2012-12-11,2012-12-14,34813.0,https://www.cftc.gov/files/dea/history/fut_disagg_txt_2026.zip,2026-10-08
cftc_platinum_mm_long,2012-12-18,2012-12-21,36028.0,https://www.cftc.gov/files/dea/history/fut_disagg_txt_2026.zip,2026-10-08
cftc_platinum_mm_long,2012-12-24,2012-12-27,32328.0,https://www.cftc.gov/files/dea/history/fut_disagg_txt_2026.zip,2026-10-08
cftc_platinum_mm_long,2012-12-31,2013-01-03,32381.0,https://www.cftc.gov/files/dea/history/fut_disagg_txt_2026.zip,2026-10-08
cftc_platinum_mm_long,2013-01-08,2013-01-11,34157.0,https://www.cftc.gov/files/dea/history/fut_disagg_txt_2026.zip,2026-10-08
cftc_platinum_mm_long,2013-01-15,2013-01-18,36200.0,https://www.cftc.gov/files/dea/history/fut_disagg_txt_2026.zip,2026-10-08
cftc_platinum_mm_long,2013-01-22,2013-01-25,40128.0,https://www.cftc.gov/files/dea/history/fut_disagg_txt_2026.zip,2026-10-08
cftc_platinum_mm_long,2013-01-29,2013-02-01,42734.0,https://www.cftc.gov/files/dea/history/fut_disagg_txt_2026.zip,2026-10-08
cftc_platinum_mm_long,2013-02-05,2013-02-08,43745.0,https://www.cftc.gov/files/dea/history/fut_disagg_txt_2026.zip,2026-10-08
cftc_platinum_mm_long,2013-02-12,2013-02-15,42716.0,https://www.cftc.gov/files/dea/history/fut_disagg_txt_2026.zip,2026-10-08
cftc_platinum_mm_long,2013-02-19,2013-02-22,40600.0,https://www.cftc.gov/files/dea/history/fut_disagg_txt_2026.zip,2026-10-08
cftc_platinum_mm_long,2013-02-26,2013-03-01,33969.0,https://www.cftc.gov/files/dea/history/fut_disagg_txt_2026.zip,2026-10-08
cftc_platinum_mm_long,2013-03-05,2013-03-08,31967.0,https://www.cftc.gov/files/dea/history/fut_disagg_txt_2026.zip,2026-10-08
cftc_platinum_mm_long,2013-03-12,2013-03-15,30720.0,https://www.cftc.gov/files/dea/history/fut_disagg_txt_2026.zip,2026-10-08
cftc_platinum_mm_long,2013-03-19,2013-03-22,29145.0,https://www.cftc.gov/files/dea/history/fut_disagg_txt_2026.zip,2026-10-08
cftc_platinum_mm_long,2013-03-26,2013-03-29,30556.0,https://www.cftc.gov/files/dea/history/fut_disagg_txt_2026.zip,2026-10-08
cftc_platinum_mm_long,2013-04-02,2013-04-05,31526.0,https://www.cftc.gov/files/dea/history/fut_disagg_txt_2026.zip,2026-10-08
cftc_platinum_mm_long,2013-04-09,2013-04-12,32021.0,https://www.cftc.gov/files/dea/history/fut_disagg_txt_2026.zip,2026-10-08
cftc_platinum_mm_long,2013-04-16,2013-04-19,31047.0,https://www.cftc.gov/files/dea/history/fut_disagg_txt_2026.zip,2026-10-08
cftc_platinum_mm_long,2013-04-23,2013-04-26,31781.0,https://www.cftc.gov/files/dea/history/fut_disagg_txt_2026.zip,2026-10-08
cftc_platinum_mm_long,2013-04-30,2013-05-03,32476.0,https://www.cftc.gov/files/dea/history/fut_disagg_txt_2026.zip,2026-10-08
cftc_platinum_mm_long,2013-05-07,2013-05-10,32640.0,https://www.cftc.gov/files/dea/history/fut_disagg_txt_2026.zip,2026-10-08
cftc_platinum_mm_long,2013-05-14,2013-05-17,33341.0,https://www.cftc.gov/files/dea/history/fut_disagg_txt_2026.zip,2026-10-08
cftc_platinum_mm_long,2013-05-21,2013-05-24,31942.0,https://www.cftc.gov/files/dea/history/fut_disagg_txt_2026.zip,2026-10-08
cftc_platinum_mm_long,2013-05-28,2013-05-31,31954.0,https://www.cftc.gov/files/dea/history/fut_disagg_txt_2026.zip,2026-10-08
cftc_platinum_mm_long,2013-06-04,2013-06-07,32202.0,https://www.cftc.gov/files/dea/history/fut_disagg_txt_2026.zip,2026-10-08
cftc_platinum_mm_long,2013-06-11,2013-06-14,32592.0,https://www.cftc.gov/files/dea/history/fut_disagg_txt_2026.zip,2026-10-08
cftc_platinum_mm_long,2013-06-18,2013-06-21,32238.0,https://www.cftc.gov/files/dea/history/fut_disagg_txt_2026.zip,2026-10-08
cftc_platinum_mm_long,2013-06-25,2013-06-28,32010.0,https://www.cftc.gov/files/dea/history/fut_disagg_txt_2026.zip,2026-10-08
cftc_platinum_mm_long,2013-07-02,2013-07-05,32740.0,https://www.cftc.gov/files/dea/history/fut_disagg_txt_2026.zip,2026-10-08
cftc_platinum_mm_long,2013-07-09,2013-07-12,32655.0,https://www.cftc.gov/files/dea/history/fut_disagg_txt_2026.zip,2026-10-08
cftc_platinum_mm_long,2013-07-16,2013-07-19,32189.0,https://www.cftc.gov/files/dea/history/fut_disagg_txt_2026.zip,2026-10-08
cftc_platinum_mm_long,2013-07-23,2013-07-26,32766.0,https://www.cftc.gov/files/dea/history/fut_disagg_txt_2026.zip,2026-10-08
cftc_platinum_mm_long,2013-07-30,2013-08-02,35223.0,https://www.cftc.gov/files/dea/history/fut_disagg_txt_2026.zip,2026-10-08
cftc_platinum_mm_long,2013-08-06,2013-08-09,34762.0,https://www.cftc.gov/files/dea/history/fut_disagg_txt_2026.zip,2026-10-08
cftc_platinum_mm_long,2013-08-13,2013-08-16,33844.0,https://www.cftc.gov/files/dea/history/fut_disagg_txt_2026.zip,2026-10-08
cftc_platinum_mm_long,2013-08-20,2013-08-23,35589.0,https://www.cftc.gov/files/dea/history/fut_disagg_txt_2026.zip,2026-10-08
cftc_platinum_mm_long,2013-08-27,2013-08-30,36467.0,https://www.cftc.gov/files/dea/history/fut_disagg_txt_2026.zip,2026-10-08
cftc_platinum_mm_long,2013-09-03,2013-09-06,36438.0,https://www.cftc.gov/files/dea/history/fut_disagg_txt_2026.zip,2026-10-08
cftc_platinum_mm_long,2013-09-10,2013-09-13,35133.0,https://www.cftc.gov/files/dea/history/fut_disagg_txt_2026.zip,2026-10-08
cftc_platinum_mm_long,2013-09-17,2013-09-20,32142.0,https://www.cftc.gov/files/dea/history/fut_disagg_txt_2026.zip,2026-10-08
cftc_platinum_mm_long,2013-09-24,2013-09-27,32522.0,https://www.cftc.gov/files/dea/history/fut_disagg_txt_2026.zip,2026-10-08
cftc_platinum_mm_long,2013-10-01,2013-10-04,32369.0,https://www.cftc.gov/files/dea/history/fut_disagg_txt_2026.zip,2026-10-08
cftc_platinum_mm_long,2013-10-08,2013-10-11,31669.0,https://www.cftc.gov/files/dea/history/fut_disagg_txt_2026.zip,2026-10-08
cftc_platinum_mm_long,2013-10-15,2013-10-18,29702.0,https://www.cftc.gov/files/dea/history/fut_disagg_txt_2026.zip,2026-10-08
cftc_platinum_mm_long,2013-10-22,2013-10-25,29602.0,https://www.cftc.gov/files/dea/history/fut_disagg_txt_2026.zip,2026-10-08
cftc_platinum_mm_long,2013-10-29,2013-11-01,29978.0,https://www.cftc.gov/files/dea/history/fut_disagg_txt_2026.zip,2026-10-08
cftc_platinum_mm_long,2013-11-05,2013-11-08,30925.0,https://www.cftc.gov/files/dea/history/fut_disagg_txt_2026.zip,2026-10-08
cftc_platinum_mm_long,2013-11-12,2013-11-15,30846.0,https://www.cftc.gov/files/dea/history/fut_disagg_txt_2026.zip,2026-10-08
cftc_platinum_mm_long,2013-11-19,2013-11-22,30119.0,https://www.cftc.gov/files/dea/history/fut_disagg_txt_2026.zip,2026-10-08
cftc_platinum_mm_long,2013-11-26,2013-11-29,29414.0,https://www.cftc.gov/files/dea/history/fut_disagg_txt_2026.zip,2026-10-08
cftc_platinum_mm_long,2013-12-03,2013-12-06,29529.0,https://www.cftc.gov/files/dea/history/fut_disagg_txt_2026.zip,2026-10-08
cftc_platinum_mm_long,2013-12-10,2013-12-13,30369.0,https://www.cftc.gov/files/dea/history/fut_disagg_txt_2026.zip,2026-10-08
cftc_platinum_mm_long,2013-12-17,2013-12-20,29706.0,https://www.cftc.gov/files/dea/history/fut_disagg_txt_2026.zip,2026-10-08
cftc_platinum_mm_long,2013-12-24,2013-12-27,29001.0,https://www.cftc.gov/files/dea/history/fut_disagg_txt_2026.zip,2026-10-08
cftc_platinum_mm_long,2013-12-31,2014-01-03,29169.0,https://www.cftc.gov/files/dea/history/fut_disagg_txt_2026.zip,2026-10-08
cftc_platinum_mm_long,2014-01-07,2014-01-10,28378.0,https://www.cftc.gov/files/dea/history/fut_disagg_txt_2026.zip,2026-10-08
cftc_platinum_mm_long,2014-01-14,2014-01-17,28726.0,https://www.cftc.gov/files/dea/history/fut_disagg_txt_2026.zip,2026-10-08
cftc_platinum_mm_long,2014-01-21,2014-01-24,29349.0,https://www.cftc.gov/files/dea/history/fut_disagg_txt_2026.zip,2026-10-08
cftc_platinum_mm_long,2014-01-28,2014-01-31,31321.0,https://www.cftc.gov/files/dea/history/fut_disagg_txt_2026.zip,2026-10-08
cftc_platinum_mm_long,2014-02-04,2014-02-07,30070.0,https://www.cftc.gov/files/dea/history/fut_disagg_txt_2026.zip,2026-10-08
cftc_platinum_mm_long,2014-02-11,2014-02-14,30381.0,https://www.cftc.gov/files/dea/history/fut_disagg_txt_2026.zip,2026-10-08
cftc_platinum_mm_long,2014-02-18,2014-02-21,30807.0,https://www.cftc.gov/files/dea/history/fut_disagg_txt_2026.zip,2026-10-08
cftc_platinum_mm_long,2014-02-25,2014-02-28,31452.0,https://www.cftc.gov/files/dea/history/fut_disagg_txt_2026.zip,2026-10-08
cftc_platinum_mm_long,2014-03-04,2014-03-07,34205.0,https://www.cftc.gov/files/dea/history/fut_disagg_txt_2026.zip,2026-10-08
cftc_platinum_mm_long,2014-03-11,2014-03-14,37073.0,https://www.cftc.gov/files/dea/history/fut_disagg_txt_2026.zip,2026-10-08
cftc_platinum_mm_long,2014-03-18,2014-03-21,38737.0,https://www.cftc.gov/files/dea/history/fut_disagg_txt_2026.zip,2026-10-08
cftc_platinum_mm_long,2014-03-25,2014-03-28,37162.0,https://www.cftc.gov/files/dea/history/fut_disagg_txt_2026.zip,2026-10-08
cftc_platinum_mm_long,2014-04-01,2014-04-04,35441.0,https://www.cftc.gov/files/dea/history/fut_disagg_txt_2026.zip,2026-10-08
cftc_platinum_mm_long,2014-04-08,2014-04-11,36353.0,https://www.cftc.gov/files/dea/history/fut_disagg_txt_2026.zip,2026-10-08
cftc_platinum_mm_long,2014-04-15,2014-04-18,36601.0,https://www.cftc.gov/files/dea/history/fut_disagg_txt_2026.zip,2026-10-08
cftc_platinum_mm_long,2014-04-22,2014-04-25,33596.0,https://www.cftc.gov/files/dea/history/fut_disagg_txt_2026.zip,2026-10-08
cftc_platinum_mm_long,2014-04-29,2014-05-02,32988.0,https://www.cftc.gov/files/dea/history/fut_disagg_txt_2026.zip,2026-10-08
cftc_platinum_mm_long,2014-05-06,2014-05-09,35817.0,https://www.cftc.gov/files/dea/history/fut_disagg_txt_2026.zip,2026-10-08
cftc_platinum_mm_long,2014-05-13,2014-05-16,36910.0,https://www.cftc.gov/files/dea/history/fut_disagg_txt_2026.zip,2026-10-08
cftc_platinum_mm_long,2014-05-20,2014-05-23,40531.0,https://www.cftc.gov/files/dea/history/fut_disagg_txt_2026.zip,2026-10-08
cftc_platinum_mm_long,2014-05-27,2014-05-30,40092.0,https://www.cftc.gov/files/dea/history/fut_disagg_txt_2026.zip,2026-10-08
cftc_platinum_mm_long,2014-06-03,2014-06-06,40003.0,https://www.cftc.gov/files/dea/history/fut_disagg_txt_2026.zip,2026-10-08
cftc_platinum_mm_long,2014-06-10,2014-06-13,39765.0,https://www.cftc.gov/files/dea/history/fut_disagg_txt_2026.zip,2026-10-08
cftc_platinum_mm_long,2014-06-17,2014-06-20,36535.0,https://www.cftc.gov/files/dea/history/fut_disagg_txt_2026.zip,2026-10-08
cftc_platinum_mm_long,2014-06-24,2014-06-27,36842.0,https://www.cftc.gov/files/dea/history/fut_disagg_txt_2026.zip,2026-10-08
cftc_platinum_mm_long,2014-07-01,2014-07-04,42222.0,https://www.cftc.gov/files/dea/history/fut_disagg_txt_2026.zip,2026-10-08
cftc_platinum_mm_long,2014-07-08,2014-07-11,44362.0,https://www.cftc.gov/files/dea/history/fut_disagg_txt_2026.zip,2026-10-08
cftc_platinum_mm_long,2014-07-15,2014-07-18,44207.0,https://www.cftc.gov/files/dea/history/fut_disagg_txt_2026.zip,2026-10-08
cftc_platinum_mm_long,2014-07-22,2014-07-25,43589.0,https://www.cftc.gov/files/dea/history/fut_disagg_txt_2026.zip,2026-10-08
cftc_platinum_mm_long,2014-07-29,2014-08-01,43050.0,https://www.cftc.gov/files/dea/history/fut_disagg_txt_2026.zip,2026-10-08
cftc_platinum_mm_long,2014-08-05,2014-08-08,39562.0,https://www.cftc.gov/files/dea/history/fut_disagg_txt_2026.zip,2026-10-08
cftc_platinum_mm_long,2014-08-12,2014-08-15,39917.0,https://www.cftc.gov/files/dea/history/fut_disagg_txt_2026.zip,2026-10-08
cftc_platinum_mm_long,2014-08-19,2014-08-22,36390.0,https://www.cftc.gov/files/dea/history/fut_disagg_txt_2026.zip,2026-10-08
cftc_platinum_mm_long,2014-08-26,2014-08-29,34309.0,https://www.cftc.gov/files/dea/history/fut_disagg_txt_2026.zip,2026-10-08
cftc_platinum_mm_long,2014-09-02,2014-09-05,37033.0,https://www.cftc.gov/files/dea/history/fut_disagg_txt_2026.zip,2026-10-08
cftc_platinum_mm_long,2014-09-09,2014-09-12,36323.0,https://www.cftc.gov/files/dea/history/fut_disagg_txt_2026.zip,2026-10-08
cftc_platinum_mm_long,2014-09-16,2014-09-19,32722.0,https://www.cftc.gov/files/dea/history/fut_disagg_txt_2026.zip,2026-10-08
cftc_platinum_mm_long,2014-09-23,2014-09-26,28953.0,https://www.cftc.gov/files/dea/history/fut_disagg_txt_2026.zip,2026-10-08
cftc_platinum_mm_long,2014-09-30,2014-10-03,26778.0,https://www.cftc.gov/files/dea/history/fut_disagg_txt_2026.zip,2026-10-08
cftc_platinum_mm_long,2014-10-07,2014-10-10,29356.0,https://www.cftc.gov/files/dea/history/fut_disagg_txt_2026.zip,2026-10-08
cftc_platinum_mm_long,2014-10-14,2014-10-17,29270.0,https://www.cftc.gov/files/dea/history/fut_disagg_txt_2026.zip,2026-10-08
cftc_platinum_mm_long,2014-10-21,2014-10-24,29107.0,https://www.cftc.gov/files/dea/history/fut_disagg_txt_2026.zip,2026-10-08
cftc_platinum_mm_long,2014-10-28,2014-10-31,27911.0,https://www.cftc.gov/files/dea/history/fut_disagg_txt_2026.zip,2026-10-08
cftc_platinum_mm_long,2014-11-04,2014-11-07,28617.0,https://www.cftc.gov/files/dea/history/fut_disagg_txt_2026.zip,2026-10-08
cftc_platinum_mm_long,2014-11-11,2014-11-14,29396.0,https://www.cftc.gov/files/dea/history/fut_disagg_txt_2026.zip,2026-10-08
cftc_platinum_mm_long,2014-11-18,2014-11-21,29013.0,https://www.cftc.gov/files/dea/history/fut_disagg_txt_2026.zip,2026-10-08
cftc_platinum_mm_long,2014-11-25,2014-11-28,29811.0,https://www.cftc.gov/files/dea/history/fut_disagg_txt_2026.zip,2026-10-08
cftc_platinum_mm_long,2014-12-02,2014-12-05,30181.0,https://www.cftc.gov/files/dea/history/fut_disagg_txt_2026.zip,2026-10-08
cftc_platinum_mm_long,2014-12-09,2014-12-12,30464.0,https://www.cftc.gov/files/dea/history/fut_disagg_txt_2026.zip,2026-10-08
cftc_platinum_mm_long,2014-12-16,2014-12-19,29631.0,https://www.cftc.gov/files/dea/history/fut_disagg_txt_2026.zip,2026-10-08
cftc_platinum_mm_long,2014-12-23,2014-12-26,29420.0,https://www.cftc.gov/files/dea/history/fut_disagg_txt_2026.zip,2026-10-08
cftc_platinum_mm_long,2014-12-30,2015-01-02,30348.0,https://www.cftc.gov/files/dea/history/fut_disagg_txt_2026.zip,2026-10-08
cftc_platinum_mm_long,2015-01-06,2015-01-09,31205.0,https://www.cftc.gov/files/dea/history/fut_disagg_txt_2026.zip,2026-10-08
cftc_platinum_mm_long,2015-01-13,2015-01-16,32468.0,https://www.cftc.gov/files/dea/history/fut_disagg_txt_2026.zip,2026-10-08
cftc_platinum_mm_long,2015-01-20,2015-01-23,34045.0,https://www.cftc.gov/files/dea/history/fut_disagg_txt_2026.zip,2026-10-08
cftc_platinum_mm_long,2015-01-27,2015-01-30,32653.0,https://www.cftc.gov/files/dea/history/fut_disagg_txt_2026.zip,2026-10-08
cftc_platinum_mm_long,2015-02-03,2015-02-06,31781.0,https://www.cftc.gov/files/dea/history/fut_disagg_txt_2026.zip,2026-10-08
cftc_platinum_mm_long,2015-02-10,2015-02-13,31204.0,https://www.cftc.gov/files/dea/history/fut_disagg_txt_2026.zip,2026-10-08
cftc_platinum_mm_long,2015-02-17,2015-02-20,30593.0,https://www.cftc.gov/files/dea/history/fut_disagg_txt_2026.zip,2026-10-08
cftc_platinum_mm_long,2015-02-24,2015-02-27,30303.0,https://www.cftc.gov/files/dea/history/fut_disagg_txt_2026.zip,2026-10-08
cftc_platinum_mm_long,2015-03-03,2015-03-06,32638.0,https://www.cftc.gov/files/dea/history/fut_disagg_txt_2026.zip,2026-10-08
cftc_platinum_mm_long,2015-03-10,2015-03-13,33916.0,https://www.cftc.gov/files/dea/history/fut_disagg_txt_2026.zip,2026-10-08
cftc_platinum_mm_long,2015-03-17,2015-03-20,33931.0,https://www.cftc.gov/files/dea/history/fut_disagg_txt_2026.zip,2026-10-08
cftc_platinum_mm_long,2015-03-24,2015-03-27,33039.0,https://www.cftc.gov/files/dea/history/fut_disagg_txt_2026.zip,2026-10-08
cftc_platinum_mm_long,2015-03-31,2015-04-03,33673.0,https://www.cftc.gov/files/dea/history/fut_disagg_txt_2026.zip,2026-10-08
cftc_platinum_mm_long,2015-04-07,2015-04-10,33265.0,https://www.cftc.gov/files/dea/history/fut_disagg_txt_2026.zip,2026-10-08
cftc_platinum_mm_long,2015-04-14,2015-04-17,32626.0,https://www.cftc.gov/files/dea/history/fut_disagg_txt_2026.zip,2026-10-08
cftc_platinum_mm_long,2015-04-21,2015-04-24,32407.0,https://www.cftc.gov/files/dea/history/fut_disagg_txt_2026.zip,2026-10-08
cftc_platinum_mm_long,2015-04-28,2015-05-01,32505.0,https://www.cftc.gov/files/dea/history/fut_disagg_txt_2026.zip,2026-10-08
cftc_platinum_mm_long,2015-05-05,2015-05-08,32998.0,https://www.cftc.gov/files/dea/history/fut_disagg_txt_2026.zip,2026-10-08
cftc_platinum_mm_long,2015-05-12,2015-05-15,34045.0,https://www.cftc.gov/files/dea/history/fut_disagg_txt_2026.zip,2026-10-08
cftc_platinum_mm_long,2015-05-19,2015-05-22,35063.0,https://www.cftc.gov/files/dea/history/fut_disagg_txt_2026.zip,2026-10-08
cftc_platinum_mm_long,2015-05-26,2015-05-29,34757.0,https://www.cftc.gov/files/dea/history/fut_disagg_txt_2026.zip,2026-10-08
cftc_platinum_mm_long,2015-06-02,2015-06-05,34591.0,https://www.cftc.gov/files/dea/history/fut_disagg_txt_2026.zip,2026-10-08
cftc_platinum_mm_long,2015-06-09,2015-06-12,34915.0,https://www.cftc.gov/files/dea/history/fut_disagg_txt_2026.zip,2026-10-08
cftc_platinum_mm_long,2015-06-16,2015-06-19,37111.0,https://www.cftc.gov/files/dea/history/fut_disagg_txt_2026.zip,2026-10-08
cftc_platinum_mm_long,2015-06-23,2015-06-26,35245.0,https://www.cftc.gov/files/dea/history/fut_disagg_txt_2026.zip,2026-10-08
cftc_platinum_mm_long,2015-06-30,2015-07-03,35016.0,https://www.cftc.gov/files/dea/history/fut_disagg_txt_2026.zip,2026-10-08
cftc_platinum_mm_long,2015-07-07,2015-07-10,35473.0,https://www.cftc.gov/files/dea/history/fut_disagg_txt_2026.zip,2026-10-08
cftc_platinum_mm_long,2015-07-14,2015-07-17,35090.0,https://www.cftc.gov/files/dea/history/fut_disagg_txt_2026.zip,2026-10-08
cftc_platinum_mm_long,2015-07-21,2015-07-24,35829.0,https://www.cftc.gov/files/dea/history/fut_disagg_txt_2026.zip,2026-10-08
cftc_platinum_mm_long,2015-07-28,2015-07-31,36338.0,https://www.cftc.gov/files/dea/history/fut_disagg_txt_2026.zip,2026-10-08
cftc_platinum_mm_long,2015-08-04,2015-08-07,35820.0,https://www.cftc.gov/files/dea/history/fut_disagg_txt_2026.zip,2026-10-08
cftc_platinum_mm_long,2015-08-11,2015-08-14,35031.0,https://www.cftc.gov/files/dea/history/fut_disagg_txt_2026.zip,2026-10-08
cftc_platinum_mm_long,2015-08-18,2015-08-21,35712.0,https://www.cftc.gov/files/dea/history/fut_disagg_txt_2026.zip,2026-10-08
cftc_platinum_mm_long,2015-08-25,2015-08-28,32232.0,https://www.cftc.gov/files/dea/history/fut_disagg_txt_2026.zip,2026-10-08
cftc_platinum_mm_long,2015-09-01,2015-09-04,30374.0,https://www.cftc.gov/files/dea/history/fut_disagg_txt_2026.zip,2026-10-08
cftc_platinum_mm_long,2015-09-08,2015-09-11,30523.0,https://www.cftc.gov/files/dea/history/fut_disagg_txt_2026.zip,2026-10-08
cftc_platinum_mm_long,2015-09-15,2015-09-18,31322.0,https://www.cftc.gov/files/dea/history/fut_disagg_txt_2026.zip,2026-10-08
cftc_platinum_mm_long,2015-09-22,2015-09-25,33223.0,https://www.cftc.gov/files/dea/history/fut_disagg_txt_2026.zip,2026-10-08
cftc_platinum_mm_long,2015-09-29,2015-10-02,31256.0,https://www.cftc.gov/files/dea/history/fut_disagg_txt_2026.zip,2026-10-08
cftc_platinum_mm_long,2015-10-06,2015-10-09,30020.0,https://www.cftc.gov/files/dea/history/fut_disagg_txt_2026.zip,2026-10-08
cftc_platinum_mm_long,2015-10-13,2015-10-16,31747.0,https://www.cftc.gov/files/dea/history/fut_disagg_txt_2026.zip,2026-10-08
cftc_platinum_mm_long,2015-10-20,2015-10-23,32068.0,https://www.cftc.gov/files/dea/history/fut_disagg_txt_2026.zip,2026-10-08
cftc_platinum_mm_long,2015-10-27,2015-10-30,34128.0,https://www.cftc.gov/files/dea/history/fut_disagg_txt_2026.zip,2026-10-08
cftc_platinum_mm_long,2015-11-03,2015-11-06,33818.0,https://www.cftc.gov/files/dea/history/fut_disagg_txt_2026.zip,2026-10-08
cftc_platinum_mm_long,2015-11-10,2015-11-13,32131.0,https://www.cftc.gov/files/dea/history/fut_disagg_txt_2026.zip,2026-10-08
cftc_platinum_mm_long,2015-11-17,2015-11-20,29593.0,https://www.cftc.gov/files/dea/history/fut_disagg_txt_2026.zip,2026-10-08
cftc_platinum_mm_long,2015-11-24,2015-11-27,28503.0,https://www.cftc.gov/files/dea/history/fut_disagg_txt_2026.zip,2026-10-08
cftc_platinum_mm_long,2015-12-01,2015-12-04,28889.0,https://www.cftc.gov/files/dea/history/fut_disagg_txt_2026.zip,2026-10-08
cftc_platinum_mm_long,2015-12-08,2015-12-11,28172.0,https://www.cftc.gov/files/dea/history/fut_disagg_txt_2026.zip,2026-10-08
cftc_platinum_mm_long,2015-12-15,2015-12-18,27969.0,https://www.cftc.gov/files/dea/history/fut_disagg_txt_2026.zip,2026-10-08
cftc_platinum_mm_long,2015-12-22,2015-12-25,26583.0,https://www.cftc.gov/files/dea/history/fut_disagg_txt_2026.zip,2026-10-08
cftc_platinum_mm_long,2015-12-29,2016-01-01,26201.0,https://www.cftc.gov/files/dea/history/fut_disagg_txt_2026.zip,2026-10-08
cftc_platinum_mm_long,2016-01-05,2016-01-08,26401.0,https://www.cftc.gov/files/dea/history/fut_disagg_txt_2026.zip,2026-10-08
cftc_platinum_mm_long,2016-01-12,2016-01-15,26880.0,https://www.cftc.gov/files/dea/history/fut_disagg_txt_2026.zip,2026-10-08
cftc_platinum_mm_long,2016-01-19,2016-01-22,26805.0,https://www.cftc.gov/files/dea/history/fut_disagg_txt_2026.zip,2026-10-08
cftc_platinum_mm_long,2016-01-26,2016-01-29,26546.0,https://www.cftc.gov/files/dea/history/fut_disagg_txt_2026.zip,2026-10-08
cftc_platinum_mm_long,2016-02-02,2016-02-05,25587.0,https://www.cftc.gov/files/dea/history/fut_disagg_txt_2026.zip,2026-10-08
cftc_platinum_mm_long,2016-02-09,2016-02-12,26857.0,https://www.cftc.gov/files/dea/history/fut_disagg_txt_2026.zip,2026-10-08
cftc_platinum_mm_long,2016-02-16,2016-02-19,27302.0,https://www.cftc.gov/files/dea/history/fut_disagg_txt_2026.zip,2026-10-08
cftc_platinum_mm_long,2016-02-23,2016-02-26,26662.0,https://www.cftc.gov/files/dea/history/fut_disagg_txt_2026.zip,2026-10-08
cftc_platinum_mm_long,2016-03-01,2016-03-04,27262.0,https://www.cftc.gov/files/dea/history/fut_disagg_txt_2026.zip,2026-10-08
cftc_platinum_mm_long,2016-03-08,2016-03-11,25241.0,https://www.cftc.gov/files/dea/history/fut_disagg_txt_2026.zip,2026-10-08
cftc_platinum_mm_long,2016-03-15,2016-03-18,25005.0,https://www.cftc.gov/files/dea/history/fut_disagg_txt_2026.zip,2026-10-08
cftc_platinum_mm_long,2016-03-22,2016-03-25,24299.0,https://www.cftc.gov/files/dea/history/fut_disagg_txt_2026.zip,2026-10-08
cftc_platinum_mm_long,2016-03-29,2016-04-01,22600.0,https://www.cftc.gov/files/dea/history/fut_disagg_txt_2026.zip,2026-10-08
cftc_platinum_mm_long,2016-04-05,2016-04-08,22402.0,https://www.cftc.gov/files/dea/history/fut_disagg_txt_2026.zip,2026-10-08
cftc_platinum_mm_long,2016-04-12,2016-04-15,23226.0,https://www.cftc.gov/files/dea/history/fut_disagg_txt_2026.zip,2026-10-08
cftc_platinum_mm_long,2016-04-19,2016-04-22,25095.0,https://www.cftc.gov/files/dea/history/fut_disagg_txt_2026.zip,2026-10-08
cftc_platinum_mm_long,2016-04-26,2016-04-29,27704.0,https://www.cftc.gov/files/dea/history/fut_disagg_txt_2026.zip,2026-10-08
cftc_platinum_mm_long,2016-05-03,2016-05-06,29742.0,https://www.cftc.gov/files/dea/history/fut_disagg_txt_2026.zip,2026-10-08
cftc_platinum_mm_long,2016-05-10,2016-05-13,30478.0,https://www.cftc.gov/files/dea/history/fut_disagg_txt_2026.zip,2026-10-08
cftc_platinum_mm_long,2016-05-17,2016-05-20,32466.0,https://www.cftc.gov/files/dea/history/fut_disagg_txt_2026.zip,2026-10-08
cftc_platinum_mm_long,2016-05-24,2016-05-27,30802.0,https://www.cftc.gov/files/dea/history/fut_disagg_txt_2026.zip,2026-10-08
cftc_platinum_mm_long,2016-05-31,2016-06-03,27311.0,https://www.cftc.gov/files/dea/history/fut_disagg_txt_2026.zip,2026-10-08
cftc_platinum_mm_long,2016-06-07,2016-06-10,27564.0,https://www.cftc.gov/files/dea/history/fut_disagg_txt_2026.zip,2026-10-08
cftc_platinum_mm_long,2016-06-14,2016-06-17,27436.0,https://www.cftc.gov/files/dea/history/fut_disagg_txt_2026.zip,2026-10-08
cftc_platinum_mm_long,2016-06-21,2016-06-24,25936.0,https://www.cftc.gov/files/dea/history/fut_disagg_txt_2026.zip,2026-10-08
cftc_platinum_mm_long,2016-06-28,2016-07-01,24065.0,https://www.cftc.gov/files/dea/history/fut_disagg_txt_2026.zip,2026-10-08
cftc_platinum_mm_long,2016-07-05,2016-07-08,27358.0,https://www.cftc.gov/files/dea/history/fut_disagg_txt_2026.zip,2026-10-08
cftc_platinum_mm_long,2016-07-12,2016-07-15,32795.0,https://www.cftc.gov/files/dea/history/fut_disagg_txt_2026.zip,2026-10-08
cftc_platinum_mm_long,2016-07-19,2016-07-22,36963.0,https://www.cftc.gov/files/dea/history/fut_disagg_txt_2026.zip,2026-10-08
cftc_platinum_mm_long,2016-07-26,2016-07-29,43411.0,https://www.cftc.gov/files/dea/history/fut_disagg_txt_2026.zip,2026-10-08
cftc_platinum_mm_long,2016-08-02,2016-08-05,46585.0,https://www.cftc.gov/files/dea/history/fut_disagg_txt_2026.zip,2026-10-08
cftc_platinum_mm_long,2016-08-09,2016-08-12,48084.0,https://www.cftc.gov/files/dea/history/fut_disagg_txt_2026.zip,2026-10-08
cftc_platinum_mm_long,2016-08-16,2016-08-19,47243.0,https://www.cftc.gov/files/dea/history/fut_disagg_txt_2026.zip,2026-10-08
cftc_platinum_mm_long,2016-08-23,2016-08-26,46890.0,https://www.cftc.gov/files/dea/history/fut_disagg_txt_2026.zip,2026-10-08
cftc_platinum_mm_long,2016-08-30,2016-09-02,41517.0,https://www.cftc.gov/files/dea/history/fut_disagg_txt_2026.zip,2026-10-08
cftc_platinum_mm_long,2016-09-06,2016-09-09,37970.0,https://www.cftc.gov/files/dea/history/fut_disagg_txt_2026.zip,2026-10-08
cftc_platinum_mm_long,2016-09-13,2016-09-16,35019.0,https://www.cftc.gov/files/dea/history/fut_disagg_txt_2026.zip,2026-10-08
cftc_platinum_mm_long,2016-09-20,2016-09-23,32378.0,https://www.cftc.gov/files/dea/history/fut_disagg_txt_2026.zip,2026-10-08
cftc_platinum_mm_long,2016-09-27,2016-09-30,31325.0,https://www.cftc.gov/files/dea/history/fut_disagg_txt_2026.zip,2026-10-08
cftc_platinum_mm_long,2016-10-04,2016-10-07,30899.0,https://www.cftc.gov/files/dea/history/fut_disagg_txt_2026.zip,2026-10-08
cftc_platinum_mm_long,2016-10-11,2016-10-14,28274.0,https://www.cftc.gov/files/dea/history/fut_disagg_txt_2026.zip,2026-10-08
cftc_platinum_mm_long,2016-10-18,2016-10-21,27267.0,https://www.cftc.gov/files/dea/history/fut_disagg_txt_2026.zip,2026-10-08
cftc_platinum_mm_long,2016-10-25,2016-10-28,27808.0,https://www.cftc.gov/files/dea/history/fut_disagg_txt_2026.zip,2026-10-08
cftc_platinum_mm_long,2016-11-01,2016-11-04,30617.0,https://www.cftc.gov/files/dea/history/fut_disagg_txt_2026.zip,2026-10-08
cftc_platinum_mm_long,2016-11-08,2016-11-11,30545.0,https://www.cftc.gov/files/dea/history/fut_disagg_txt_2026.zip,2026-10-08
cftc_platinum_mm_long,2016-11-15,2016-11-18,26101.0,https://www.cftc.gov/files/dea/history/fut_disagg_txt_2026.zip,2026-10-08
cftc_platinum_mm_long,2016-11-22,2016-11-25,26926.0,https://www.cftc.gov/files/dea/history/fut_disagg_txt_2026.zip,2026-10-08
cftc_platinum_mm_long,2016-11-29,2016-12-02,27286.0,https://www.cftc.gov/files/dea/history/fut_disagg_txt_2026.zip,2026-10-08
cftc_platinum_mm_long,2016-12-06,2016-12-09,27686.0,https://www.cftc.gov/files/dea/history/fut_disagg_txt_2026.zip,2026-10-08
cftc_platinum_mm_long,2016-12-13,2016-12-16,25895.0,https://www.cftc.gov/files/dea/history/fut_disagg_txt_2026.zip,2026-10-08
cftc_platinum_mm_long,2016-12-20,2016-12-23,24010.0,https://www.cftc.gov/files/dea/history/fut_disagg_txt_2026.zip,2026-10-08
cftc_platinum_mm_long,2016-12-27,2016-12-30,22963.0,https://www.cftc.gov/files/dea/history/fut_disagg_txt_2026.zip,2026-10-08
cftc_platinum_mm_long,2017-01-03,2017-01-06,23568.0,https://www.cftc.gov/files/dea/history/fut_disagg_txt_2026.zip,2026-10-08
cftc_platinum_mm_long,2017-01-10,2017-01-13,23993.0,https://www.cftc.gov/files/dea/history/fut_disagg_txt_2026.zip,2026-10-08
cftc_platinum_mm_long,2017-01-17,2017-01-20,25265.0,https://www.cftc.gov/files/dea/history/fut_disagg_txt_2026.zip,2026-10-08
cftc_platinum_mm_long,2017-01-24,2017-01-27,28574.0,https://www.cftc.gov/files/dea/history/fut_disagg_txt_2026.zip,2026-10-08
cftc_platinum_mm_long,2017-01-31,2017-02-03,30211.0,https://www.cftc.gov/files/dea/history/fut_disagg_txt_2026.zip,2026-10-08
cftc_platinum_mm_long,2017-02-07,2017-02-10,30222.0,https://www.cftc.gov/files/dea/history/fut_disagg_txt_2026.zip,2026-10-08
cftc_platinum_mm_long,2017-02-14,2017-02-17,29675.0,https://www.cftc.gov/files/dea/history/fut_disagg_txt_2026.zip,2026-10-08
cftc_platinum_mm_long,2017-02-21,2017-02-24,29288.0,https://www.cftc.gov/files/dea/history/fut_disagg_txt_2026.zip,2026-10-08
cftc_platinum_mm_long,2017-02-28,2017-03-03,32945.0,https://www.cftc.gov/files/dea/history/fut_disagg_txt_2026.zip,2026-10-08
cftc_platinum_mm_long,2017-03-07,2017-03-10,27726.0,https://www.cftc.gov/files/dea/history/fut_disagg_txt_2026.zip,2026-10-08
cftc_platinum_mm_long,2017-03-14,2017-03-17,21628.0,https://www.cftc.gov/files/dea/history/fut_disagg_txt_2026.zip,2026-10-08
cftc_platinum_mm_long,2017-03-21,2017-03-24,20721.0,https://www.cftc.gov/files/dea/history/fut_disagg_txt_2026.zip,2026-10-08
cftc_platinum_mm_long,2017-03-28,2017-03-31,19691.0,https://www.cftc.gov/files/dea/history/fut_disagg_txt_2026.zip,2026-10-08
cftc_platinum_mm_long,2017-04-04,2017-04-07,20694.0,https://www.cftc.gov/files/dea/history/fut_disagg_txt_2026.zip,2026-10-08
cftc_platinum_mm_long,2017-04-11,2017-04-14,20180.0,https://www.cftc.gov/files/dea/history/fut_disagg_txt_2026.zip,2026-10-08
cftc_platinum_mm_long,2017-04-18,2017-04-21,21917.0,https://www.cftc.gov/files/dea/history/fut_disagg_txt_2026.zip,2026-10-08
cftc_platinum_mm_long,2017-04-25,2017-04-28,20599.0,https://www.cftc.gov/files/dea/history/fut_disagg_txt_2026.zip,2026-10-08
cftc_platinum_mm_long,2017-05-02,2017-05-05,20100.0,https://www.cftc.gov/files/dea/history/fut_disagg_txt_2026.zip,2026-10-08
cftc_platinum_mm_long,2017-05-09,2017-05-12,22229.0,https://www.cftc.gov/files/dea/history/fut_disagg_txt_2026.zip,2026-10-08
cftc_platinum_mm_long,2017-05-16,2017-05-19,23128.0,https://www.cftc.gov/files/dea/history/fut_disagg_txt_2026.zip,2026-10-08
cftc_platinum_mm_long,2017-05-23,2017-05-26,22854.0,https://www.cftc.gov/files/dea/history/fut_disagg_txt_2026.zip,2026-10-08
cftc_platinum_mm_long,2017-05-30,2017-06-02,22345.0,https://www.cftc.gov/files/dea/history/fut_disagg_txt_2026.zip,2026-10-08
cftc_platinum_mm_long,2017-06-06,2017-06-09,22599.0,https://www.cftc.gov/files/dea/history/fut_disagg_txt_2026.zip,2026-10-08
cftc_platinum_mm_long,2017-06-13,2017-06-16,21978.0,https://www.cftc.gov/files/dea/history/fut_disagg_txt_2026.zip,2026-10-08
cftc_platinum_mm_long,2017-06-20,2017-06-23,22045.0,https://www.cftc.gov/files/dea/history/fut_disagg_txt_2026.zip,2026-10-08
cftc_platinum_mm_long,2017-06-27,2017-06-30,22937.0,https://www.cftc.gov/files/dea/history/fut_disagg_txt_2026.zip,2026-10-08
cftc_platinum_mm_long,2017-07-03,2017-07-06,21534.0,https://www.cftc.gov/files/dea/history/fut_disagg_txt_2026.zip,2026-10-08
cftc_platinum_mm_long,2017-07-11,2017-07-14,22446.0,https://www.cftc.gov/files/dea/history/fut_disagg_txt_2026.zip,2026-10-08
cftc_platinum_mm_long,2017-07-18,2017-07-21,22112.0,https://www.cftc.gov/files/dea/history/fut_disagg_txt_2026.zip,2026-10-08
cftc_platinum_mm_long,2017-07-25,2017-07-28,22459.0,https://www.cftc.gov/files/dea/history/fut_disagg_txt_2026.zip,2026-10-08
cftc_platinum_mm_long,2017-08-01,2017-08-04,24106.0,https://www.cftc.gov/files/dea/history/fut_disagg_txt_2026.zip,2026-10-08
cftc_platinum_mm_long,2017-08-08,2017-08-11,26199.0,https://www.cftc.gov/files/dea/history/fut_disagg_txt_2026.zip,2026-10-08
cftc_platinum_mm_long,2017-08-15,2017-08-18,27679.0,https://www.cftc.gov/files/dea/history/fut_disagg_txt_2026.zip,2026-10-08
cftc_platinum_mm_long,2017-08-22,2017-08-25,29837.0,https://www.cftc.gov/files/dea/history/fut_disagg_txt_2026.zip,2026-10-08
cftc_platinum_mm_long,2017-08-29,2017-09-01,31926.0,https://www.cftc.gov/files/dea/history/fut_disagg_txt_2026.zip,2026-10-08
cftc_platinum_mm_long,2017-09-05,2017-09-08,35038.0,https://www.cftc.gov/files/dea/history/fut_disagg_txt_2026.zip,2026-10-08
cftc_platinum_mm_long,2017-09-12,2017-09-15,37188.0,https://www.cftc.gov/files/dea/history/fut_disagg_txt_2026.zip,2026-10-08
cftc_platinum_mm_long,2017-09-19,2017-09-22,30316.0,https://www.cftc.gov/files/dea/history/fut_disagg_txt_2026.zip,2026-10-08
cftc_platinum_mm_long,2017-09-26,2017-09-29,22156.0,https://www.cftc.gov/files/dea/history/fut_disagg_txt_2026.zip,2026-10-08
cftc_platinum_mm_long,2017-10-03,2017-10-06,22233.0,https://www.cftc.gov/files/dea/history/fut_disagg_txt_2026.zip,2026-10-08
cftc_platinum_mm_long,2017-10-10,2017-10-13,24708.0,https://www.cftc.gov/files/dea/history/fut_disagg_txt_2026.zip,2026-10-08
cftc_platinum_mm_long,2017-10-17,2017-10-20,25052.0,https://www.cftc.gov/files/dea/history/fut_disagg_txt_2026.zip,2026-10-08
cftc_platinum_mm_long,2017-10-24,2017-10-27,23198.0,https://www.cftc.gov/files/dea/history/fut_disagg_txt_2026.zip,2026-10-08
cftc_platinum_mm_long,2017-10-31,2017-11-03,24247.0,https://www.cftc.gov/files/dea/history/fut_disagg_txt_2026.zip,2026-10-08
cftc_platinum_mm_long,2017-11-07,2017-11-10,25480.0,https://www.cftc.gov/files/dea/history/fut_disagg_txt_2026.zip,2026-10-08
cftc_platinum_mm_long,2017-11-14,2017-11-17,26779.0,https://www.cftc.gov/files/dea/history/fut_disagg_txt_2026.zip,2026-10-08
cftc_platinum_mm_long,2017-11-21,2017-11-24,26741.0,https://www.cftc.gov/files/dea/history/fut_disagg_txt_2026.zip,2026-10-08
cftc_platinum_mm_long,2017-11-28,2017-12-01,28538.0,https://www.cftc.gov/files/dea/history/fut_disagg_txt_2026.zip,2026-10-08
cftc_platinum_mm_long,2017-12-05,2017-12-08,29283.0,https://www.cftc.gov/files/dea/history/fut_disagg_txt_2026.zip,2026-10-08
cftc_platinum_mm_long,2017-12-12,2017-12-15,27210.0,https://www.cftc.gov/files/dea/history/fut_disagg_txt_2026.zip,2026-10-08
cftc_platinum_mm_long,2017-12-19,2017-12-22,26741.0,https://www.cftc.gov/files/dea/history/fut_disagg_txt_2026.zip,2026-10-08
cftc_platinum_mm_long,2017-12-26,2017-12-29,27787.0,https://www.cftc.gov/files/dea/history/fut_disagg_txt_2026.zip,2026-10-08
cftc_platinum_mm_long,2018-01-02,2018-01-05,26032.0,https://www.cftc.gov/files/dea/history/fut_disagg_txt_2026.zip,2026-10-08
cftc_platinum_mm_long,2018-01-09,2018-01-12,27328.0,https://www.cftc.gov/files/dea/history/fut_disagg_txt_2026.zip,2026-10-08
cftc_platinum_mm_long,2018-01-16,2018-01-19,33163.0,https://www.cftc.gov/files/dea/history/fut_disagg_txt_2026.zip,2026-10-08
cftc_platinum_mm_long,2018-01-23,2018-01-26,41628.0,https://www.cftc.gov/files/dea/history/fut_disagg_txt_2026.zip,2026-10-08
cftc_platinum_mm_long,2018-01-30,2018-02-02,43912.0,https://www.cftc.gov/files/dea/history/fut_disagg_txt_2026.zip,2026-10-08
cftc_platinum_mm_long,2018-02-06,2018-02-09,42933.0,https://www.cftc.gov/files/dea/history/fut_disagg_txt_2026.zip,2026-10-08
cftc_platinum_mm_long,2018-02-13,2018-02-16,38045.0,https://www.cftc.gov/files/dea/history/fut_disagg_txt_2026.zip,2026-10-08
cftc_platinum_mm_long,2018-02-20,2018-02-23,40079.0,https://www.cftc.gov/files/dea/history/fut_disagg_txt_2026.zip,2026-10-08
cftc_platinum_mm_long,2018-02-27,2018-03-02,39355.0,https://www.cftc.gov/files/dea/history/fut_disagg_txt_2026.zip,2026-10-08
cftc_platinum_mm_long,2018-03-06,2018-03-09,31485.0,https://www.cftc.gov/files/dea/history/fut_disagg_txt_2026.zip,2026-10-08
cftc_platinum_mm_long,2018-03-13,2018-03-16,27432.0,https://www.cftc.gov/files/dea/history/fut_disagg_txt_2026.zip,2026-10-08
cftc_platinum_mm_long,2018-03-20,2018-03-23,25770.0,https://www.cftc.gov/files/dea/history/fut_disagg_txt_2026.zip,2026-10-08
cftc_platinum_mm_long,2018-03-27,2018-03-30,22830.0,https://www.cftc.gov/files/dea/history/fut_disagg_txt_2026.zip,2026-10-08
cftc_platinum_mm_long,2018-04-03,2018-04-06,20237.0,https://www.cftc.gov/files/dea/history/fut_disagg_txt_2026.zip,2026-10-08
cftc_platinum_mm_long,2018-04-10,2018-04-13,19329.0,https://www.cftc.gov/files/dea/history/fut_disagg_txt_2026.zip,2026-10-08
cftc_platinum_mm_long,2018-04-17,2018-04-20,21271.0,https://www.cftc.gov/files/dea/history/fut_disagg_txt_2026.zip,2026-10-08
cftc_platinum_mm_long,2018-04-24,2018-04-27,22796.0,https://www.cftc.gov/files/dea/history/fut_disagg_txt_2026.zip,2026-10-08
cftc_platinum_mm_long,2018-05-01,2018-05-04,22813.0,https://www.cftc.gov/files/dea/history/fut_disagg_txt_2026.zip,2026-10-08
cftc_platinum_mm_long,2018-05-08,2018-05-11,23247.0,https://www.cftc.gov/files/dea/history/fut_disagg_txt_2026.zip,2026-10-08
cftc_platinum_mm_long,2018-05-15,2018-05-18,21884.0,https://www.cftc.gov/files/dea/history/fut_disagg_txt_2026.zip,2026-10-08
cftc_platinum_mm_long,2018-05-22,2018-05-25,18004.0,https://www.cftc.gov/files/dea/history/fut_disagg_txt_2026.zip,2026-10-08
cftc_platinum_mm_long,2018-05-29,2018-06-01,20481.0,https://www.cftc.gov/files/dea/history/fut_disagg_txt_2026.zip,2026-10-08
cftc_platinum_mm_long,2018-06-05,2018-06-08,20504.0,https://www.cftc.gov/files/dea/history/fut_disagg_txt_2026.zip,2026-10-08
cftc_platinum_mm_long,2018-06-12,2018-06-15,21599.0,https://www.cftc.gov/files/dea/history/fut_disagg_txt_2026.zip,2026-10-08
cftc_platinum_mm_long,2018-06-19,2018-06-22,18164.0,https://www.cftc.gov/files/dea/history/fut_disagg_txt_2026.zip,2026-10-08
cftc_platinum_mm_long,2018-06-26,2018-06-29,17177.0,https://www.cftc.gov/files/dea/history/fut_disagg_txt_2026.zip,2026-10-08
cftc_platinum_mm_long,2018-07-03,2018-07-06,16250.0,https://www.cftc.gov/files/dea/history/fut_disagg_txt_2026.zip,2026-10-08
cftc_platinum_mm_long,2018-07-10,2018-07-13,16270.0,https://www.cftc.gov/files/dea/history/fut_disagg_txt_2026.zip,2026-10-08
cftc_platinum_mm_long,2018-07-17,2018-07-20,16537.0,https://www.cftc.gov/files/dea/history/fut_disagg_txt_2026.zip,2026-10-08
cftc_platinum_mm_long,2018-07-24,2018-07-27,18375.0,https://www.cftc.gov/files/dea/history/fut_disagg_txt_2026.zip,2026-10-08
cftc_platinum_mm_long,2018-07-31,2018-08-03,19415.0,https://www.cftc.gov/files/dea/history/fut_disagg_txt_2026.zip,2026-10-08
cftc_platinum_mm_long,2018-08-07,2018-08-10,18680.0,https://www.cftc.gov/files/dea/history/fut_disagg_txt_2026.zip,2026-10-08
cftc_platinum_mm_long,2018-08-14,2018-08-17,19862.0,https://www.cftc.gov/files/dea/history/fut_disagg_txt_2026.zip,2026-10-08
cftc_platinum_mm_long,2018-08-21,2018-08-24,18206.0,https://www.cftc.gov/files/dea/history/fut_disagg_txt_2026.zip,2026-10-08
cftc_platinum_mm_long,2018-08-28,2018-08-31,17413.0,https://www.cftc.gov/files/dea/history/fut_disagg_txt_2026.zip,2026-10-08
cftc_platinum_mm_long,2018-09-04,2018-09-07,18188.0,https://www.cftc.gov/files/dea/history/fut_disagg_txt_2026.zip,2026-10-08
cftc_platinum_mm_long,2018-09-11,2018-09-14,20400.0,https://www.cftc.gov/files/dea/history/fut_disagg_txt_2026.zip,2026-10-08
cftc_platinum_mm_long,2018-09-18,2018-09-21,21985.0,https://www.cftc.gov/files/dea/history/fut_disagg_txt_2026.zip,2026-10-08
cftc_platinum_mm_long,2018-09-25,2018-09-28,20824.0,https://www.cftc.gov/files/dea/history/fut_disagg_txt_2026.zip,2026-10-08
cftc_platinum_mm_long,2018-10-02,2018-10-05,22690.0,https://www.cftc.gov/files/dea/history/fut_disagg_txt_2026.zip,2026-10-08
cftc_platinum_mm_long,2018-10-09,2018-10-12,23018.0,https://www.cftc.gov/files/dea/history/fut_disagg_txt_2026.zip,2026-10-08
cftc_platinum_mm_long,2018-10-16,2018-10-19,23142.0,https://www.cftc.gov/files/dea/history/fut_disagg_txt_2026.zip,2026-10-08
cftc_platinum_mm_long,2018-10-23,2018-10-26,21317.0,https://www.cftc.gov/files/dea/history/fut_disagg_txt_2026.zip,2026-10-08
cftc_platinum_mm_long,2018-10-30,2018-11-02,24113.0,https://www.cftc.gov/files/dea/history/fut_disagg_txt_2026.zip,2026-10-08
cftc_platinum_mm_long,2018-11-06,2018-11-09,26196.0,https://www.cftc.gov/files/dea/history/fut_disagg_txt_2026.zip,2026-10-08
cftc_platinum_mm_long,2018-11-13,2018-11-16,25501.0,https://www.cftc.gov/files/dea/history/fut_disagg_txt_2026.zip,2026-10-08
cftc_platinum_mm_long,2018-11-20,2018-11-23,25200.0,https://www.cftc.gov/files/dea/history/fut_disagg_txt_2026.zip,2026-10-08
cftc_platinum_mm_long,2018-11-27,2018-11-30,26877.0,https://www.cftc.gov/files/dea/history/fut_disagg_txt_2026.zip,2026-10-08
cftc_platinum_mm_long,2018-12-04,2018-12-07,26606.0,https://www.cftc.gov/files/dea/history/fut_disagg_txt_2026.zip,2026-10-08
cftc_platinum_mm_long,2018-12-11,2018-12-14,27782.0,https://www.cftc.gov/files/dea/history/fut_disagg_txt_2026.zip,2026-10-08
cftc_platinum_mm_long,2018-12-18,2018-12-21,27742.0,https://www.cftc.gov/files/dea/history/fut_disagg_txt_2026.zip,2026-10-08
cftc_platinum_mm_long,2018-12-24,2018-12-27,28060.0,https://www.cftc.gov/files/dea/history/fut_disagg_txt_2026.zip,2026-10-08
cftc_platinum_mm_long,2018-12-31,2019-01-03,30719.0,https://www.cftc.gov/files/dea/history/fut_disagg_txt_2026.zip,2026-10-08
cftc_platinum_mm_long,2019-01-08,2019-01-11,29424.0,https://www.cftc.gov/files/dea/history/fut_disagg_txt_2026.zip,2026-10-08
cftc_platinum_mm_long,2019-01-15,2019-01-18,26637.0,https://www.cftc.gov/files/dea/history/fut_disagg_txt_2026.zip,2026-10-08
cftc_platinum_mm_long,2019-01-22,2019-01-25,24520.0,https://www.cftc.gov/files/dea/history/fut_disagg_txt_2026.zip,2026-10-08
cftc_platinum_mm_long,2019-01-29,2019-02-01,26215.0,https://www.cftc.gov/files/dea/history/fut_disagg_txt_2026.zip,2026-10-08
cftc_platinum_mm_long,2019-02-05,2019-02-08,24996.0,https://www.cftc.gov/files/dea/history/fut_disagg_txt_2026.zip,2026-10-08
cftc_platinum_mm_long,2019-02-12,2019-02-15,22769.0,https://www.cftc.gov/files/dea/history/fut_disagg_txt_2026.zip,2026-10-08
cftc_platinum_mm_long,2019-02-19,2019-02-22,25556.0,https://www.cftc.gov/files/dea/history/fut_disagg_txt_2026.zip,2026-10-08
cftc_platinum_mm_long,2019-02-26,2019-03-01,26469.0,https://www.cftc.gov/files/dea/history/fut_disagg_txt_2026.zip,2026-10-08
cftc_platinum_mm_long,2019-03-05,2019-03-08,25336.0,https://www.cftc.gov/files/dea/history/fut_disagg_txt_2026.zip,2026-10-08
cftc_platinum_mm_long,2019-03-12,2019-03-15,22471.0,https://www.cftc.gov/files/dea/history/fut_disagg_txt_2026.zip,2026-10-08
cftc_platinum_mm_long,2019-03-19,2019-03-22,22918.0,https://www.cftc.gov/files/dea/history/fut_disagg_txt_2026.zip,2026-10-08
cftc_platinum_mm_long,2019-03-26,2019-03-29,25330.0,https://www.cftc.gov/files/dea/history/fut_disagg_txt_2026.zip,2026-10-08
cftc_platinum_mm_long,2019-04-02,2019-04-05,24442.0,https://www.cftc.gov/files/dea/history/fut_disagg_txt_2026.zip,2026-10-08
cftc_platinum_mm_long,2019-04-09,2019-04-12,30876.0,https://www.cftc.gov/files/dea/history/fut_disagg_txt_2026.zip,2026-10-08
cftc_platinum_mm_long,2019-04-16,2019-04-19,31635.0,https://www.cftc.gov/files/dea/history/fut_disagg_txt_2026.zip,2026-10-08
cftc_platinum_mm_long,2019-04-23,2019-04-26,32524.0,https://www.cftc.gov/files/dea/history/fut_disagg_txt_2026.zip,2026-10-08
cftc_platinum_mm_long,2019-04-30,2019-05-03,32154.0,https://www.cftc.gov/files/dea/history/fut_disagg_txt_2026.zip,2026-10-08
cftc_platinum_mm_long,2019-05-07,2019-05-10,28984.0,https://www.cftc.gov/files/dea/history/fut_disagg_txt_2026.zip,2026-10-08
cftc_platinum_mm_long,2019-05-14,2019-05-17,26897.0,https://www.cftc.gov/files/dea/history/fut_disagg_txt_2026.zip,2026-10-08
cftc_platinum_mm_long,2019-05-21,2019-05-24,26542.0,https://www.cftc.gov/files/dea/history/fut_disagg_txt_2026.zip,2026-10-08
cftc_platinum_mm_long,2019-05-28,2019-05-31,25765.0,https://www.cftc.gov/files/dea/history/fut_disagg_txt_2026.zip,2026-10-08
cftc_platinum_mm_long,2019-06-04,2019-06-07,25748.0,https://www.cftc.gov/files/dea/history/fut_disagg_txt_2026.zip,2026-10-08
cftc_platinum_mm_long,2019-06-11,2019-06-14,22605.0,https://www.cftc.gov/files/dea/history/fut_disagg_txt_2026.zip,2026-10-08
cftc_platinum_mm_long,2019-06-18,2019-06-21,21103.0,https://www.cftc.gov/files/dea/history/fut_disagg_txt_2026.zip,2026-10-08
cftc_platinum_mm_long,2019-06-25,2019-06-28,21633.0,https://www.cftc.gov/files/dea/history/fut_disagg_txt_2026.zip,2026-10-08
cftc_platinum_mm_long,2019-07-02,2019-07-05,21190.0,https://www.cftc.gov/files/dea/history/fut_disagg_txt_2026.zip,2026-10-08
cftc_platinum_mm_long,2019-07-09,2019-07-12,19963.0,https://www.cftc.gov/files/dea/history/fut_disagg_txt_2026.zip,2026-10-08
cftc_platinum_mm_long,2019-07-16,2019-07-19,20887.0,https://www.cftc.gov/files/dea/history/fut_disagg_txt_2026.zip,2026-10-08
cftc_platinum_mm_long,2019-07-23,2019-07-26,23742.0,https://www.cftc.gov/files/dea/history/fut_disagg_txt_2026.zip,2026-10-08
cftc_platinum_mm_long,2019-07-30,2019-08-02,25163.0,https://www.cftc.gov/files/dea/history/fut_disagg_txt_2026.zip,2026-10-08
cftc_platinum_mm_long,2019-08-06,2019-08-09,23979.0,https://www.cftc.gov/files/dea/history/fut_disagg_txt_2026.zip,2026-10-08
cftc_platinum_mm_long,2019-08-13,2019-08-16,24545.0,https://www.cftc.gov/files/dea/history/fut_disagg_txt_2026.zip,2026-10-08
cftc_platinum_mm_long,2019-08-20,2019-08-23,23192.0,https://www.cftc.gov/files/dea/history/fut_disagg_txt_2026.zip,2026-10-08
cftc_platinum_mm_long,2019-08-27,2019-08-30,24716.0,https://www.cftc.gov/files/dea/history/fut_disagg_txt_2026.zip,2026-10-08
cftc_platinum_mm_long,2019-09-03,2019-09-06,34761.0,https://www.cftc.gov/files/dea/history/fut_disagg_txt_2026.zip,2026-10-08
cftc_platinum_mm_long,2019-09-10,2019-09-13,37294.0,https://www.cftc.gov/files/dea/history/fut_disagg_txt_2026.zip,2026-10-08
cftc_platinum_mm_long,2019-09-17,2019-09-20,38105.0,https://www.cftc.gov/files/dea/history/fut_disagg_txt_2026.zip,2026-10-08
cftc_platinum_mm_long,2019-09-24,2019-09-27,38668.0,https://www.cftc.gov/files/dea/history/fut_disagg_txt_2026.zip,2026-10-08
cftc_platinum_mm_long,2019-10-01,2019-10-04,34431.0,https://www.cftc.gov/files/dea/history/fut_disagg_txt_2026.zip,2026-10-08
cftc_platinum_mm_long,2019-10-08,2019-10-11,32237.0,https://www.cftc.gov/files/dea/history/fut_disagg_txt_2026.zip,2026-10-08
cftc_platinum_mm_long,2019-10-15,2019-10-18,32130.0,https://www.cftc.gov/files/dea/history/fut_disagg_txt_2026.zip,2026-10-08
cftc_platinum_mm_long,2019-10-22,2019-10-25,33404.0,https://www.cftc.gov/files/dea/history/fut_disagg_txt_2026.zip,2026-10-08
cftc_platinum_mm_long,2019-10-29,2019-11-01,35048.0,https://www.cftc.gov/files/dea/history/fut_disagg_txt_2026.zip,2026-10-08
cftc_platinum_mm_long,2019-11-05,2019-11-08,38099.0,https://www.cftc.gov/files/dea/history/fut_disagg_txt_2026.zip,2026-10-08
cftc_platinum_mm_long,2019-11-12,2019-11-15,34434.0,https://www.cftc.gov/files/dea/history/fut_disagg_txt_2026.zip,2026-10-08
cftc_platinum_mm_long,2019-11-19,2019-11-22,34551.0,https://www.cftc.gov/files/dea/history/fut_disagg_txt_2026.zip,2026-10-08
cftc_platinum_mm_long,2019-11-26,2019-11-29,35458.0,https://www.cftc.gov/files/dea/history/fut_disagg_txt_2026.zip,2026-10-08
cftc_platinum_mm_long,2019-12-03,2019-12-06,35749.0,https://www.cftc.gov/files/dea/history/fut_disagg_txt_2026.zip,2026-10-08
cftc_platinum_mm_long,2019-12-10,2019-12-13,38715.0,https://www.cftc.gov/files/dea/history/fut_disagg_txt_2026.zip,2026-10-08
cftc_platinum_mm_long,2019-12-17,2019-12-20,45037.0,https://www.cftc.gov/files/dea/history/fut_disagg_txt_2026.zip,2026-10-08
cftc_platinum_mm_long,2019-12-24,2019-12-27,47275.0,https://www.cftc.gov/files/dea/history/fut_disagg_txt_2026.zip,2026-10-08
cftc_platinum_mm_long,2019-12-31,2020-01-03,51391.0,https://www.cftc.gov/files/dea/history/fut_disagg_txt_2026.zip,2026-10-08
cftc_platinum_mm_long,2020-01-07,2020-01-10,53740.0,https://www.cftc.gov/files/dea/history/fut_disagg_txt_2026.zip,2026-10-08
cftc_platinum_mm_long,2020-01-14,2020-01-17,56096.0,https://www.cftc.gov/files/dea/history/fut_disagg_txt_2026.zip,2026-10-08
cftc_platinum_mm_long,2020-01-21,2020-01-24,57188.0,https://www.cftc.gov/files/dea/history/fut_disagg_txt_2026.zip,2026-10-08
cftc_platinum_mm_long,2020-01-28,2020-01-31,57533.0,https://www.cftc.gov/files/dea/history/fut_disagg_txt_2026.zip,2026-10-08
cftc_platinum_mm_long,2020-02-04,2020-02-07,54168.0,https://www.cftc.gov/files/dea/history/fut_disagg_txt_2026.zip,2026-10-08
cftc_platinum_mm_long,2020-02-11,2020-02-14,52578.0,https://www.cftc.gov/files/dea/history/fut_disagg_txt_2026.zip,2026-10-08
cftc_platinum_mm_long,2020-02-18,2020-02-21,52042.0,https://www.cftc.gov/files/dea/history/fut_disagg_txt_2026.zip,2026-10-08
cftc_platinum_mm_long,2020-02-25,2020-02-28,43505.0,https://www.cftc.gov/files/dea/history/fut_disagg_txt_2026.zip,2026-10-08
cftc_platinum_mm_long,2020-03-03,2020-03-06,30949.0,https://www.cftc.gov/files/dea/history/fut_disagg_txt_2026.zip,2026-10-08
cftc_platinum_mm_long,2020-03-10,2020-03-13,26414.0,https://www.cftc.gov/files/dea/history/fut_disagg_txt_2026.zip,2026-10-08
cftc_platinum_mm_long,2020-03-17,2020-03-20,23660.0,https://www.cftc.gov/files/dea/history/fut_disagg_txt_2026.zip,2026-10-08
cftc_platinum_mm_long,2020-03-24,2020-03-27,20194.0,https://www.cftc.gov/files/dea/history/fut_disagg_txt_2026.zip,2026-10-08
cftc_platinum_mm_long,2020-03-31,2020-04-03,18322.0,https://www.cftc.gov/files/dea/history/fut_disagg_txt_2026.zip,2026-10-08
cftc_platinum_mm_long,2020-04-07,2020-04-10,17606.0,https://www.cftc.gov/files/dea/history/fut_disagg_txt_2026.zip,2026-10-08
cftc_platinum_mm_long,2020-04-14,2020-04-17,15985.0,https://www.cftc.gov/files/dea/history/fut_disagg_txt_2026.zip,2026-10-08
cftc_platinum_mm_long,2020-04-21,2020-04-24,14303.0,https://www.cftc.gov/files/dea/history/fut_disagg_txt_2026.zip,2026-10-08
cftc_platinum_mm_long,2020-04-28,2020-05-01,16101.0,https://www.cftc.gov/files/dea/history/fut_disagg_txt_2026.zip,2026-10-08
cftc_platinum_mm_long,2020-05-05,2020-05-08,16666.0,https://www.cftc.gov/files/dea/history/fut_disagg_txt_2026.zip,2026-10-08
cftc_platinum_mm_long,2020-05-12,2020-05-15,16285.0,https://www.cftc.gov/files/dea/history/fut_disagg_txt_2026.zip,2026-10-08
cftc_platinum_mm_long,2020-05-19,2020-05-22,19242.0,https://www.cftc.gov/files/dea/history/fut_disagg_txt_2026.zip,2026-10-08
cftc_platinum_mm_long,2020-05-26,2020-05-29,19732.0,https://www.cftc.gov/files/dea/history/fut_disagg_txt_2026.zip,2026-10-08
cftc_platinum_mm_long,2020-06-02,2020-06-05,18371.0,https://www.cftc.gov/files/dea/history/fut_disagg_txt_2026.zip,2026-10-08
cftc_platinum_mm_long,2020-06-09,2020-06-12,17245.0,https://www.cftc.gov/files/dea/history/fut_disagg_txt_2026.zip,2026-10-08
cftc_platinum_mm_long,2020-06-16,2020-06-19,16081.0,https://www.cftc.gov/files/dea/history/fut_disagg_txt_2026.zip,2026-10-08
cftc_platinum_mm_long,2020-06-23,2020-06-26,15458.0,https://www.cftc.gov/files/dea/history/fut_disagg_txt_2026.zip,2026-10-08
cftc_platinum_mm_long,2020-06-30,2020-07-03,16289.0,https://www.cftc.gov/files/dea/history/fut_disagg_txt_2026.zip,2026-10-08
cftc_platinum_mm_long,2020-07-07,2020-07-10,16900.0,https://www.cftc.gov/files/dea/history/fut_disagg_txt_2026.zip,2026-10-08
cftc_platinum_mm_long,2020-07-14,2020-07-17,16275.0,https://www.cftc.gov/files/dea/history/fut_disagg_txt_2026.zip,2026-10-08
cftc_platinum_mm_long,2020-07-21,2020-07-24,19558.0,https://www.cftc.gov/files/dea/history/fut_disagg_txt_2026.zip,2026-10-08
cftc_platinum_mm_long,2020-07-28,2020-07-31,22624.0,https://www.cftc.gov/files/dea/history/fut_disagg_txt_2026.zip,2026-10-08
cftc_platinum_mm_long,2020-08-04,2020-08-07,21752.0,https://www.cftc.gov/files/dea/history/fut_disagg_txt_2026.zip,2026-10-08
cftc_platinum_mm_long,2020-08-11,2020-08-14,22646.0,https://www.cftc.gov/files/dea/history/fut_disagg_txt_2026.zip,2026-10-08
cftc_platinum_mm_long,2020-08-18,2020-08-21,23365.0,https://www.cftc.gov/files/dea/history/fut_disagg_txt_2026.zip,2026-10-08
cftc_platinum_mm_long,2020-08-25,2020-08-28,21997.0,https://www.cftc.gov/files/dea/history/fut_disagg_txt_2026.zip,2026-10-08
cftc_platinum_mm_long,2020-09-01,2020-09-04,21247.0,https://www.cftc.gov/files/dea/history/fut_disagg_txt_2026.zip,2026-10-08
cftc_platinum_mm_long,2020-09-08,2020-09-11,19310.0,https://www.cftc.gov/files/dea/history/fut_disagg_txt_2026.zip,2026-10-08
cftc_platinum_mm_long,2020-09-15,2020-09-18,22865.0,https://www.cftc.gov/files/dea/history/fut_disagg_txt_2026.zip,2026-10-08
cftc_platinum_mm_long,2020-09-22,2020-09-25,16801.0,https://www.cftc.gov/files/dea/history/fut_disagg_txt_2026.zip,2026-10-08
cftc_platinum_mm_long,2020-09-29,2020-10-02,14275.0,https://www.cftc.gov/files/dea/history/fut_disagg_txt_2026.zip,2026-10-08
cftc_platinum_mm_long,2020-10-06,2020-10-09,14584.0,https://www.cftc.gov/files/dea/history/fut_disagg_txt_2026.zip,2026-10-08
cftc_platinum_mm_long,2020-10-13,2020-10-16,14022.0,https://www.cftc.gov/files/dea/history/fut_disagg_txt_2026.zip,2026-10-08
cftc_platinum_mm_long,2020-10-20,2020-10-23,13975.0,https://www.cftc.gov/files/dea/history/fut_disagg_txt_2026.zip,2026-10-08
cftc_platinum_mm_long,2020-10-27,2020-10-30,15604.0,https://www.cftc.gov/files/dea/history/fut_disagg_txt_2026.zip,2026-10-08
cftc_platinum_mm_long,2020-11-03,2020-11-06,14045.0,https://www.cftc.gov/files/dea/history/fut_disagg_txt_2026.zip,2026-10-08
cftc_platinum_mm_long,2020-11-10,2020-11-13,14152.0,https://www.cftc.gov/files/dea/history/fut_disagg_txt_2026.zip,2026-10-08
cftc_platinum_mm_long,2020-11-17,2020-11-20,17295.0,https://www.cftc.gov/files/dea/history/fut_disagg_txt_2026.zip,2026-10-08
cftc_platinum_mm_long,2020-11-24,2020-11-27,19324.0,https://www.cftc.gov/files/dea/history/fut_disagg_txt_2026.zip,2026-10-08
cftc_platinum_mm_long,2020-12-01,2020-12-04,21861.0,https://www.cftc.gov/files/dea/history/fut_disagg_txt_2026.zip,2026-10-08
cftc_platinum_mm_long,2020-12-08,2020-12-11,23602.0,https://www.cftc.gov/files/dea/history/fut_disagg_txt_2026.zip,2026-10-08
cftc_platinum_mm_long,2020-12-15,2020-12-18,24828.0,https://www.cftc.gov/files/dea/history/fut_disagg_txt_2026.zip,2026-10-08
cftc_platinum_mm_long,2020-12-21,2020-12-24,23931.0,https://www.cftc.gov/files/dea/history/fut_disagg_txt_2026.zip,2026-10-08
cftc_platinum_mm_long,2020-12-29,2021-01-01,23771.0,https://www.cftc.gov/files/dea/history/fut_disagg_txt_2026.zip,2026-10-08
cftc_platinum_mm_long,2021-01-05,2021-01-08,26571.0,https://www.cftc.gov/files/dea/history/fut_disagg_txt_2026.zip,2026-10-08
cftc_platinum_mm_long,2021-01-12,2021-01-15,25733.0,https://www.cftc.gov/files/dea/history/fut_disagg_txt_2026.zip,2026-10-08
cftc_platinum_mm_long,2021-01-19,2021-01-22,24572.0,https://www.cftc.gov/files/dea/history/fut_disagg_txt_2026.zip,2026-10-08
cftc_platinum_mm_long,2021-01-26,2021-01-29,26038.0,https://www.cftc.gov/files/dea/history/fut_disagg_txt_2026.zip,2026-10-08
cftc_platinum_mm_long,2021-02-02,2021-02-05,28029.0,https://www.cftc.gov/files/dea/history/fut_disagg_txt_2026.zip,2026-10-08
cftc_platinum_mm_long,2021-02-09,2021-02-12,35377.0,https://www.cftc.gov/files/dea/history/fut_disagg_txt_2026.zip,2026-10-08
cftc_platinum_mm_long,2021-02-16,2021-02-19,35108.0,https://www.cftc.gov/files/dea/history/fut_disagg_txt_2026.zip,2026-10-08
cftc_platinum_mm_long,2021-02-23,2021-02-26,32133.0,https://www.cftc.gov/files/dea/history/fut_disagg_txt_2026.zip,2026-10-08
cftc_platinum_mm_long,2021-03-02,2021-03-05,27880.0,https://www.cftc.gov/files/dea/history/fut_disagg_txt_2026.zip,2026-10-08
cftc_platinum_mm_long,2021-03-09,2021-03-12,26267.0,https://www.cftc.gov/files/dea/history/fut_disagg_txt_2026.zip,2026-10-08
cftc_platinum_mm_long,2021-03-16,2021-03-19,26973.0,https://www.cftc.gov/files/dea/history/fut_disagg_txt_2026.zip,2026-10-08
cftc_platinum_mm_long,2021-03-23,2021-03-26,26054.0,https://www.cftc.gov/files/dea/history/fut_disagg_txt_2026.zip,2026-10-08
cftc_platinum_mm_long,2021-03-30,2021-04-02,26067.0,https://www.cftc.gov/files/dea/history/fut_disagg_txt_2026.zip,2026-10-08
cftc_platinum_mm_long,2021-04-06,2021-04-09,30189.0,https://www.cftc.gov/files/dea/history/fut_disagg_txt_2026.zip,2026-10-08
cftc_platinum_mm_long,2021-04-13,2021-04-16,22505.0,https://www.cftc.gov/files/dea/history/fut_disagg_txt_2026.zip,2026-10-08
cftc_platinum_mm_long,2021-04-20,2021-04-23,22604.0,https://www.cftc.gov/files/dea/history/fut_disagg_txt_2026.zip,2026-10-08
cftc_platinum_mm_long,2021-04-27,2021-04-30,25962.0,https://www.cftc.gov/files/dea/history/fut_disagg_txt_2026.zip,2026-10-08
cftc_platinum_mm_long,2021-05-04,2021-05-07,25998.0,https://www.cftc.gov/files/dea/history/fut_disagg_txt_2026.zip,2026-10-08
cftc_platinum_mm_long,2021-05-11,2021-05-14,25932.0,https://www.cftc.gov/files/dea/history/fut_disagg_txt_2026.zip,2026-10-08
cftc_platinum_mm_long,2021-05-18,2021-05-21,24351.0,https://www.cftc.gov/files/dea/history/fut_disagg_txt_2026.zip,2026-10-08
cftc_platinum_mm_long,2021-05-25,2021-05-28,23126.0,https://www.cftc.gov/files/dea/history/fut_disagg_txt_2026.zip,2026-10-08
cftc_platinum_mm_long,2021-06-01,2021-06-04,23529.0,https://www.cftc.gov/files/dea/history/fut_disagg_txt_2026.zip,2026-10-08
cftc_platinum_mm_long,2021-06-08,2021-06-11,21279.0,https://www.cftc.gov/files/dea/history/fut_disagg_txt_2026.zip,2026-10-08
cftc_platinum_mm_long,2021-06-15,2021-06-18,20430.0,https://www.cftc.gov/files/dea/history/fut_disagg_txt_2026.zip,2026-10-08
cftc_platinum_mm_long,2021-06-22,2021-06-25,15161.0,https://www.cftc.gov/files/dea/history/fut_disagg_txt_2026.zip,2026-10-08
cftc_platinum_mm_long,2021-06-29,2021-07-02,15330.0,https://www.cftc.gov/files/dea/history/fut_disagg_txt_2026.zip,2026-10-08
cftc_platinum_mm_long,2021-07-06,2021-07-09,13955.0,https://www.cftc.gov/files/dea/history/fut_disagg_txt_2026.zip,2026-10-08
cftc_platinum_mm_long,2021-07-13,2021-07-16,13587.0,https://www.cftc.gov/files/dea/history/fut_disagg_txt_2026.zip,2026-10-08
cftc_platinum_mm_long,2021-07-20,2021-07-23,12908.0,https://www.cftc.gov/files/dea/history/fut_disagg_txt_2026.zip,2026-10-08
cftc_platinum_mm_long,2021-07-27,2021-07-30,13987.0,https://www.cftc.gov/files/dea/history/fut_disagg_txt_2026.zip,2026-10-08
cftc_platinum_mm_long,2021-08-03,2021-08-06,13386.0,https://www.cftc.gov/files/dea/history/fut_disagg_txt_2026.zip,2026-10-08
cftc_platinum_mm_long,2021-08-10,2021-08-13,13287.0,https://www.cftc.gov/files/dea/history/fut_disagg_txt_2026.zip,2026-10-08
cftc_platinum_mm_long,2021-08-17,2021-08-20,14747.0,https://www.cftc.gov/files/dea/history/fut_disagg_txt_2026.zip,2026-10-08
cftc_platinum_mm_long,2021-08-24,2021-08-27,16234.0,https://www.cftc.gov/files/dea/history/fut_disagg_txt_2026.zip,2026-10-08
cftc_platinum_mm_long,2021-08-31,2021-09-03,16283.0,https://www.cftc.gov/files/dea/history/fut_disagg_txt_2026.zip,2026-10-08
cftc_platinum_mm_long,2021-09-07,2021-09-10,15021.0,https://www.cftc.gov/files/dea/history/fut_disagg_txt_2026.zip,2026-10-08
cftc_platinum_mm_long,2021-09-14,2021-09-17,14107.0,https://www.cftc.gov/files/dea/history/fut_disagg_txt_2026.zip,2026-10-08
cftc_platinum_mm_long,2021-09-21,2021-09-24,14926.0,https://www.cftc.gov/files/dea/history/fut_disagg_txt_2026.zip,2026-10-08
cftc_platinum_mm_long,2021-09-28,2021-10-01,15591.0,https://www.cftc.gov/files/dea/history/fut_disagg_txt_2026.zip,2026-10-08
cftc_platinum_mm_long,2021-10-05,2021-10-08,15737.0,https://www.cftc.gov/files/dea/history/fut_disagg_txt_2026.zip,2026-10-08
cftc_platinum_mm_long,2021-10-12,2021-10-15,18313.0,https://www.cftc.gov/files/dea/history/fut_disagg_txt_2026.zip,2026-10-08
cftc_platinum_mm_long,2021-10-19,2021-10-22,18347.0,https://www.cftc.gov/files/dea/history/fut_disagg_txt_2026.zip,2026-10-08
cftc_platinum_mm_long,2021-10-26,2021-10-29,17465.0,https://www.cftc.gov/files/dea/history/fut_disagg_txt_2026.zip,2026-10-08
cftc_platinum_mm_long,2021-11-02,2021-11-05,17601.0,https://www.cftc.gov/files/dea/history/fut_disagg_txt_2026.zip,2026-10-08
cftc_platinum_mm_long,2021-11-09,2021-11-12,19479.0,https://www.cftc.gov/files/dea/history/fut_disagg_txt_2026.zip,2026-10-08
cftc_platinum_mm_long,2021-11-16,2021-11-19,23014.0,https://www.cftc.gov/files/dea/history/fut_disagg_txt_2026.zip,2026-10-08
cftc_platinum_mm_long,2021-11-23,2021-11-26,18701.0,https://www.cftc.gov/files/dea/history/fut_disagg_txt_2026.zip,2026-10-08
cftc_platinum_mm_long,2021-11-30,2021-12-03,15494.0,https://www.cftc.gov/files/dea/history/fut_disagg_txt_2026.zip,2026-10-08
cftc_platinum_mm_long,2021-12-07,2021-12-10,13473.0,https://www.cftc.gov/files/dea/history/fut_disagg_txt_2026.zip,2026-10-08
cftc_platinum_mm_long,2021-12-14,2021-12-17,13249.0,https://www.cftc.gov/files/dea/history/fut_disagg_txt_2026.zip,2026-10-08
cftc_platinum_mm_long,2021-12-21,2021-12-24,13577.0,https://www.cftc.gov/files/dea/history/fut_disagg_txt_2026.zip,2026-10-08
cftc_platinum_mm_long,2021-12-28,2021-12-31,15491.0,https://www.cftc.gov/files/dea/history/fut_disagg_txt_2026.zip,2026-10-08
cftc_platinum_mm_long,2022-01-04,2022-01-07,15950.0,https://www.cftc.gov/files/dea/history/fut_disagg_txt_2026.zip,2026-10-08
cftc_platinum_mm_long,2022-01-11,2022-01-14,15023.0,https://www.cftc.gov/files/dea/history/fut_disagg_txt_2026.zip,2026-10-08
cftc_platinum_mm_long,2022-01-18,2022-01-21,15357.0,https://www.cftc.gov/files/dea/history/fut_disagg_txt_2026.zip,2026-10-08
cftc_platinum_mm_long,2022-01-25,2022-01-28,16856.0,https://www.cftc.gov/files/dea/history/fut_disagg_txt_2026.zip,2026-10-08
cftc_platinum_mm_long,2022-02-01,2022-02-04,18128.0,https://www.cftc.gov/files/dea/history/fut_disagg_txt_2026.zip,2026-10-08
cftc_platinum_mm_long,2022-02-08,2022-02-11,17983.0,https://www.cftc.gov/files/dea/history/fut_disagg_txt_2026.zip,2026-10-08
cftc_platinum_mm_long,2022-02-15,2022-02-18,17723.0,https://www.cftc.gov/files/dea/history/fut_disagg_txt_2026.zip,2026-10-08
cftc_platinum_mm_long,2022-02-22,2022-02-25,22956.0,https://www.cftc.gov/files/dea/history/fut_disagg_txt_2026.zip,2026-10-08
cftc_platinum_mm_long,2022-03-01,2022-03-04,24437.0,https://www.cftc.gov/files/dea/history/fut_disagg_txt_2026.zip,2026-10-08
cftc_platinum_mm_long,2022-03-08,2022-03-11,31012.0,https://www.cftc.gov/files/dea/history/fut_disagg_txt_2026.zip,2026-10-08
cftc_platinum_mm_long,2022-03-15,2022-03-18,23456.0,https://www.cftc.gov/files/dea/history/fut_disagg_txt_2026.zip,2026-10-08
cftc_platinum_mm_long,2022-03-22,2022-03-25,22172.0,https://www.cftc.gov/files/dea/history/fut_disagg_txt_2026.zip,2026-10-08
cftc_platinum_mm_long,2022-03-29,2022-04-01,18921.0,https://www.cftc.gov/files/dea/history/fut_disagg_txt_2026.zip,2026-10-08
cftc_platinum_mm_long,2022-04-05,2022-04-08,18045.0,https://www.cftc.gov/files/dea/history/fut_disagg_txt_2026.zip,2026-10-08
cftc_platinum_mm_long,2022-04-12,2022-04-15,16731.0,https://www.cftc.gov/files/dea/history/fut_disagg_txt_2026.zip,2026-10-08
cftc_platinum_mm_long,2022-04-19,2022-04-22,16032.0,https://www.cftc.gov/files/dea/history/fut_disagg_txt_2026.zip,2026-10-08
cftc_platinum_mm_long,2022-04-26,2022-04-29,13828.0,https://www.cftc.gov/files/dea/history/fut_disagg_txt_2026.zip,2026-10-08
cftc_platinum_mm_long,2022-05-03,2022-05-06,16633.0,https://www.cftc.gov/files/dea/history/fut_disagg_txt_2026.zip,2026-10-08
cftc_platinum_mm_long,2022-05-10,2022-05-13,16350.0,https://www.cftc.gov/files/dea/history/fut_disagg_txt_2026.zip,2026-10-08
cftc_platinum_mm_long,2022-05-17,2022-05-20,15783.0,https://www.cftc.gov/files/dea/history/fut_disagg_txt_2026.zip,2026-10-08
cftc_platinum_mm_long,2022-05-24,2022-05-27,13536.0,https://www.cftc.gov/files/dea/history/fut_disagg_txt_2026.zip,2026-10-08
cftc_platinum_mm_long,2022-05-31,2022-06-03,14744.0,https://www.cftc.gov/files/dea/history/fut_disagg_txt_2026.zip,2026-10-08
cftc_platinum_mm_long,2022-06-07,2022-06-10,17699.0,https://www.cftc.gov/files/dea/history/fut_disagg_txt_2026.zip,2026-10-08
cftc_platinum_mm_long,2022-06-14,2022-06-17,13804.0,https://www.cftc.gov/files/dea/history/fut_disagg_txt_2026.zip,2026-10-08
cftc_platinum_mm_long,2022-06-21,2022-06-24,15548.0,https://www.cftc.gov/files/dea/history/fut_disagg_txt_2026.zip,2026-10-08
cftc_platinum_mm_long,2022-06-28,2022-07-01,15234.0,https://www.cftc.gov/files/dea/history/fut_disagg_txt_2026.zip,2026-10-08
cftc_platinum_mm_long,2022-07-05,2022-07-08,17123.0,https://www.cftc.gov/files/dea/history/fut_disagg_txt_2026.zip,2026-10-08
cftc_platinum_mm_long,2022-07-12,2022-07-15,16689.0,https://www.cftc.gov/files/dea/history/fut_disagg_txt_2026.zip,2026-10-08
cftc_platinum_mm_long,2022-07-19,2022-07-22,17680.0,https://www.cftc.gov/files/dea/history/fut_disagg_txt_2026.zip,2026-10-08
cftc_platinum_mm_long,2022-07-26,2022-07-29,16793.0,https://www.cftc.gov/files/dea/history/fut_disagg_txt_2026.zip,2026-10-08
cftc_platinum_mm_long,2022-08-02,2022-08-05,15971.0,https://www.cftc.gov/files/dea/history/fut_disagg_txt_2026.zip,2026-10-08
cftc_platinum_mm_long,2022-08-09,2022-08-12,17100.0,https://www.cftc.gov/files/dea/history/fut_disagg_txt_2026.zip,2026-10-08
cftc_platinum_mm_long,2022-08-16,2022-08-19,16268.0,https://www.cftc.gov/files/dea/history/fut_disagg_txt_2026.zip,2026-10-08
cftc_platinum_mm_long,2022-08-23,2022-08-26,15281.0,https://www.cftc.gov/files/dea/history/fut_disagg_txt_2026.zip,2026-10-08
cftc_platinum_mm_long,2022-08-30,2022-09-02,15931.0,https://www.cftc.gov/files/dea/history/fut_disagg_txt_2026.zip,2026-10-08
cftc_platinum_mm_long,2022-09-06,2022-09-09,18004.0,https://www.cftc.gov/files/dea/history/fut_disagg_txt_2026.zip,2026-10-08
cftc_platinum_mm_long,2022-09-13,2022-09-16,18704.0,https://www.cftc.gov/files/dea/history/fut_disagg_txt_2026.zip,2026-10-08
cftc_platinum_mm_long,2022-09-20,2022-09-23,18149.0,https://www.cftc.gov/files/dea/history/fut_disagg_txt_2026.zip,2026-10-08
cftc_platinum_mm_long,2022-09-27,2022-09-30,13454.0,https://www.cftc.gov/files/dea/history/fut_disagg_txt_2026.zip,2026-10-08
cftc_platinum_mm_long,2022-10-04,2022-10-07,16245.0,https://www.cftc.gov/files/dea/history/fut_disagg_txt_2026.zip,2026-10-08
cftc_platinum_mm_long,2022-10-11,2022-10-14,15246.0,https://www.cftc.gov/files/dea/history/fut_disagg_txt_2026.zip,2026-10-08
cftc_platinum_mm_long,2022-10-18,2022-10-21,17951.0,https://www.cftc.gov/files/dea/history/fut_disagg_txt_2026.zip,2026-10-08
cftc_platinum_mm_long,2022-10-25,2022-10-28,20714.0,https://www.cftc.gov/files/dea/history/fut_disagg_txt_2026.zip,2026-10-08
cftc_platinum_mm_long,2022-11-01,2022-11-04,21675.0,https://www.cftc.gov/files/dea/history/fut_disagg_txt_2026.zip,2026-10-08
cftc_platinum_mm_long,2022-11-08,2022-11-11,23764.0,https://www.cftc.gov/files/dea/history/fut_disagg_txt_2026.zip,2026-10-08
cftc_platinum_mm_long,2022-11-15,2022-11-18,26403.0,https://www.cftc.gov/files/dea/history/fut_disagg_txt_2026.zip,2026-10-08
cftc_platinum_mm_long,2022-11-22,2022-11-25,27077.0,https://www.cftc.gov/files/dea/history/fut_disagg_txt_2026.zip,2026-10-08
cftc_platinum_mm_long,2022-11-29,2022-12-02,28380.0,https://www.cftc.gov/files/dea/history/fut_disagg_txt_2026.zip,2026-10-08
cftc_platinum_mm_long,2022-12-06,2022-12-09,28483.0,https://www.cftc.gov/files/dea/history/fut_disagg_txt_2026.zip,2026-10-08
cftc_platinum_mm_long,2022-12-13,2022-12-16,31463.0,https://www.cftc.gov/files/dea/history/fut_disagg_txt_2026.zip,2026-10-08
cftc_platinum_mm_long,2022-12-20,2022-12-23,28153.0,https://www.cftc.gov/files/dea/history/fut_disagg_txt_2026.zip,2026-10-08
cftc_platinum_mm_long,2022-12-27,2022-12-30,27549.0,https://www.cftc.gov/files/dea/history/fut_disagg_txt_2026.zip,2026-10-08
cftc_platinum_mm_long,2023-01-03,2023-01-06,32107.0,https://www.cftc.gov/files/dea/history/fut_disagg_txt_2026.zip,2026-10-08
cftc_platinum_mm_long,2023-01-10,2023-01-13,34288.0,https://www.cftc.gov/files/dea/history/fut_disagg_txt_2026.zip,2026-10-08
cftc_platinum_mm_long,2023-01-17,2023-01-20,30565.0,https://www.cftc.gov/files/dea/history/fut_disagg_txt_2026.zip,2026-10-08
cftc_platinum_mm_long,2023-01-24,2023-01-27,29700.0,https://www.cftc.gov/files/dea/history/fut_disagg_txt_2026.zip,2026-10-08
cftc_platinum_mm_long,2023-01-31,2023-02-03,24359.0,https://www.cftc.gov/files/dea/history/fut_disagg_txt_2026.zip,2026-10-08
cftc_platinum_mm_long,2023-02-07,2023-02-10,19251.0,https://www.cftc.gov/files/dea/history/fut_disagg_txt_2026.zip,2026-10-08
cftc_platinum_mm_long,2023-02-14,2023-02-17,16784.0,https://www.cftc.gov/files/dea/history/fut_disagg_txt_2026.zip,2026-10-08
cftc_platinum_mm_long,2023-02-21,2023-02-24,16244.0,https://www.cftc.gov/files/dea/history/fut_disagg_txt_2026.zip,2026-10-08
cftc_platinum_mm_long,2023-02-28,2023-03-03,16654.0,https://www.cftc.gov/files/dea/history/fut_disagg_txt_2026.zip,2026-10-08
cftc_platinum_mm_long,2023-03-07,2023-03-10,18037.0,https://www.cftc.gov/files/dea/history/fut_disagg_txt_2026.zip,2026-10-08
cftc_platinum_mm_long,2023-03-14,2023-03-17,17453.0,https://www.cftc.gov/files/dea/history/fut_disagg_txt_2026.zip,2026-10-08
cftc_platinum_mm_long,2023-03-21,2023-03-24,15579.0,https://www.cftc.gov/files/dea/history/fut_disagg_txt_2026.zip,2026-10-08
cftc_platinum_mm_long,2023-03-28,2023-03-31,14302.0,https://www.cftc.gov/files/dea/history/fut_disagg_txt_2026.zip,2026-10-08
cftc_platinum_mm_long,2023-04-04,2023-04-07,20342.0,https://www.cftc.gov/files/dea/history/fut_disagg_txt_2026.zip,2026-10-08
cftc_platinum_mm_long,2023-04-11,2023-04-14,19247.0,https://www.cftc.gov/files/dea/history/fut_disagg_txt_2026.zip,2026-10-08
cftc_platinum_mm_long,2023-04-18,2023-04-21,24979.0,https://www.cftc.gov/files/dea/history/fut_disagg_txt_2026.zip,2026-10-08
cftc_platinum_mm_long,2023-04-25,2023-04-28,30770.0,https://www.cftc.gov/files/dea/history/fut_disagg_txt_2026.zip,2026-10-08
cftc_platinum_mm_long,2023-05-02,2023-05-05,30121.0,https://www.cftc.gov/files/dea/history/fut_disagg_txt_2026.zip,2026-10-08
cftc_platinum_mm_long,2023-05-09,2023-05-12,30789.0,https://www.cftc.gov/files/dea/history/fut_disagg_txt_2026.zip,2026-10-08
cftc_platinum_mm_long,2023-05-16,2023-05-19,29933.0,https://www.cftc.gov/files/dea/history/fut_disagg_txt_2026.zip,2026-10-08
cftc_platinum_mm_long,2023-05-23,2023-05-26,32006.0,https://www.cftc.gov/files/dea/history/fut_disagg_txt_2026.zip,2026-10-08
cftc_platinum_mm_long,2023-05-30,2023-06-02,28137.0,https://www.cftc.gov/files/dea/history/fut_disagg_txt_2026.zip,2026-10-08
cftc_platinum_mm_long,2023-06-06,2023-06-09,26560.0,https://www.cftc.gov/files/dea/history/fut_disagg_txt_2026.zip,2026-10-08
cftc_platinum_mm_long,2023-06-13,2023-06-16,23938.0,https://www.cftc.gov/files/dea/history/fut_disagg_txt_2026.zip,2026-10-08
cftc_platinum_mm_long,2023-06-20,2023-06-23,23277.0,https://www.cftc.gov/files/dea/history/fut_disagg_txt_2026.zip,2026-10-08
cftc_platinum_mm_long,2023-06-27,2023-06-30,22395.0,https://www.cftc.gov/files/dea/history/fut_disagg_txt_2026.zip,2026-10-08
cftc_platinum_mm_long,2023-07-03,2023-07-06,23032.0,https://www.cftc.gov/files/dea/history/fut_disagg_txt_2026.zip,2026-10-08
cftc_platinum_mm_long,2023-07-11,2023-07-14,24444.0,https://www.cftc.gov/files/dea/history/fut_disagg_txt_2026.zip,2026-10-08
cftc_platinum_mm_long,2023-07-18,2023-07-21,26535.0,https://www.cftc.gov/files/dea/history/fut_disagg_txt_2026.zip,2026-10-08
cftc_platinum_mm_long,2023-07-25,2023-07-28,24537.0,https://www.cftc.gov/files/dea/history/fut_disagg_txt_2026.zip,2026-10-08
cftc_platinum_mm_long,2023-08-01,2023-08-04,26219.0,https://www.cftc.gov/files/dea/history/fut_disagg_txt_2026.zip,2026-10-08
cftc_platinum_mm_long,2023-08-08,2023-08-11,26749.0,https://www.cftc.gov/files/dea/history/fut_disagg_txt_2026.zip,2026-10-08
cftc_platinum_mm_long,2023-08-15,2023-08-18,27634.0,https://www.cftc.gov/files/dea/history/fut_disagg_txt_2026.zip,2026-10-08
cftc_platinum_mm_long,2023-08-22,2023-08-25,29382.0,https://www.cftc.gov/files/dea/history/fut_disagg_txt_2026.zip,2026-10-08
cftc_platinum_mm_long,2023-08-29,2023-09-01,30735.0,https://www.cftc.gov/files/dea/history/fut_disagg_txt_2026.zip,2026-10-08
cftc_platinum_mm_long,2023-09-05,2023-09-08,25611.0,https://www.cftc.gov/files/dea/history/fut_disagg_txt_2026.zip,2026-10-08
cftc_platinum_mm_long,2023-09-12,2023-09-15,28830.0,https://www.cftc.gov/files/dea/history/fut_disagg_txt_2026.zip,2026-10-08
cftc_platinum_mm_long,2023-09-19,2023-09-22,30136.0,https://www.cftc.gov/files/dea/history/fut_disagg_txt_2026.zip,2026-10-08
cftc_platinum_mm_long,2023-09-26,2023-09-29,28180.0,https://www.cftc.gov/files/dea/history/fut_disagg_txt_2026.zip,2026-10-08
cftc_platinum_mm_long,2023-10-03,2023-10-06,29964.0,https://www.cftc.gov/files/dea/history/fut_disagg_txt_2026.zip,2026-10-08
cftc_platinum_mm_long,2023-10-10,2023-10-13,29967.0,https://www.cftc.gov/files/dea/history/fut_disagg_txt_2026.zip,2026-10-08
cftc_platinum_mm_long,2023-10-17,2023-10-20,30841.0,https://www.cftc.gov/files/dea/history/fut_disagg_txt_2026.zip,2026-10-08
cftc_platinum_mm_long,2023-10-24,2023-10-27,31029.0,https://www.cftc.gov/files/dea/history/fut_disagg_txt_2026.zip,2026-10-08
cftc_platinum_mm_long,2023-10-31,2023-11-03,32290.0,https://www.cftc.gov/files/dea/history/fut_disagg_txt_2026.zip,2026-10-08
cftc_platinum_mm_long,2023-11-07,2023-11-10,28419.0,https://www.cftc.gov/files/dea/history/fut_disagg_txt_2026.zip,2026-10-08
cftc_platinum_mm_long,2023-11-14,2023-11-17,28138.0,https://www.cftc.gov/files/dea/history/fut_disagg_txt_2026.zip,2026-10-08
cftc_platinum_mm_long,2023-11-21,2023-11-24,28125.0,https://www.cftc.gov/files/dea/history/fut_disagg_txt_2026.zip,2026-10-08
cftc_platinum_mm_long,2023-11-28,2023-12-01,28837.0,https://www.cftc.gov/files/dea/history/fut_disagg_txt_2026.zip,2026-10-08
cftc_platinum_mm_long,2023-12-05,2023-12-08,26066.0,https://www.cftc.gov/files/dea/history/fut_disagg_txt_2026.zip,2026-10-08
cftc_platinum_mm_long,2023-12-12,2023-12-15,24465.0,https://www.cftc.gov/files/dea/history/fut_disagg_txt_2026.zip,2026-10-08
cftc_platinum_mm_long,2023-12-19,2023-12-22,29601.0,https://www.cftc.gov/files/dea/history/fut_disagg_txt_2026.zip,2026-10-08
cftc_platinum_mm_long,2023-12-26,2023-12-29,33576.0,https://www.cftc.gov/files/dea/history/fut_disagg_txt_2026.zip,2026-10-08
cftc_platinum_mm_long,2024-01-02,2024-01-05,39920.0,https://www.cftc.gov/files/dea/history/fut_disagg_txt_2026.zip,2026-10-08
cftc_platinum_mm_long,2024-01-09,2024-01-12,36675.0,https://www.cftc.gov/files/dea/history/fut_disagg_txt_2026.zip,2026-10-08
cftc_platinum_mm_long,2024-01-16,2024-01-19,28256.0,https://www.cftc.gov/files/dea/history/fut_disagg_txt_2026.zip,2026-10-08
cftc_platinum_mm_long,2024-01-23,2024-01-26,28768.0,https://www.cftc.gov/files/dea/history/fut_disagg_txt_2026.zip,2026-10-08
cftc_platinum_mm_long,2024-01-30,2024-02-02,28708.0,https://www.cftc.gov/files/dea/history/fut_disagg_txt_2026.zip,2026-10-08
cftc_platinum_mm_long,2024-02-06,2024-02-09,28903.0,https://www.cftc.gov/files/dea/history/fut_disagg_txt_2026.zip,2026-10-08
cftc_platinum_mm_long,2024-02-13,2024-02-16,31921.0,https://www.cftc.gov/files/dea/history/fut_disagg_txt_2026.zip,2026-10-08
cftc_platinum_mm_long,2024-02-20,2024-02-23,35879.0,https://www.cftc.gov/files/dea/history/fut_disagg_txt_2026.zip,2026-10-08
cftc_platinum_mm_long,2024-02-27,2024-03-01,32044.0,https://www.cftc.gov/files/dea/history/fut_disagg_txt_2026.zip,2026-10-08
cftc_platinum_mm_long,2024-03-05,2024-03-08,30102.0,https://www.cftc.gov/files/dea/history/fut_disagg_txt_2026.zip,2026-10-08
cftc_platinum_mm_long,2024-03-12,2024-03-15,30539.0,https://www.cftc.gov/files/dea/history/fut_disagg_txt_2026.zip,2026-10-08
cftc_platinum_mm_long,2024-03-19,2024-03-22,28733.0,https://www.cftc.gov/files/dea/history/fut_disagg_txt_2026.zip,2026-10-08
cftc_platinum_mm_long,2024-03-26,2024-03-29,28246.0,https://www.cftc.gov/files/dea/history/fut_disagg_txt_2026.zip,2026-10-08
cftc_platinum_mm_long,2024-04-02,2024-04-05,32220.0,https://www.cftc.gov/files/dea/history/fut_disagg_txt_2026.zip,2026-10-08
cftc_platinum_mm_long,2024-04-09,2024-04-12,38980.0,https://www.cftc.gov/files/dea/history/fut_disagg_txt_2026.zip,2026-10-08
cftc_platinum_mm_long,2024-04-16,2024-04-19,39874.0,https://www.cftc.gov/files/dea/history/fut_disagg_txt_2026.zip,2026-10-08
cftc_platinum_mm_long,2024-04-23,2024-04-26,30952.0,https://www.cftc.gov/files/dea/history/fut_disagg_txt_2026.zip,2026-10-08
cftc_platinum_mm_long,2024-04-30,2024-05-03,28012.0,https://www.cftc.gov/files/dea/history/fut_disagg_txt_2026.zip,2026-10-08
cftc_platinum_mm_long,2024-05-07,2024-05-10,32293.0,https://www.cftc.gov/files/dea/history/fut_disagg_txt_2026.zip,2026-10-08
cftc_platinum_mm_long,2024-05-14,2024-05-17,39719.0,https://www.cftc.gov/files/dea/history/fut_disagg_txt_2026.zip,2026-10-08
cftc_platinum_mm_long,2024-05-21,2024-05-24,43960.0,https://www.cftc.gov/files/dea/history/fut_disagg_txt_2026.zip,2026-10-08
cftc_platinum_mm_long,2024-05-28,2024-05-31,43897.0,https://www.cftc.gov/files/dea/history/fut_disagg_txt_2026.zip,2026-10-08
cftc_platinum_mm_long,2024-06-04,2024-06-07,42633.0,https://www.cftc.gov/files/dea/history/fut_disagg_txt_2026.zip,2026-10-08
cftc_platinum_mm_long,2024-06-11,2024-06-14,33933.0,https://www.cftc.gov/files/dea/history/fut_disagg_txt_2026.zip,2026-10-08
cftc_platinum_mm_long,2024-06-18,2024-06-21,30037.0,https://www.cftc.gov/files/dea/history/fut_disagg_txt_2026.zip,2026-10-08
cftc_platinum_mm_long,2024-06-25,2024-06-28,30739.0,https://www.cftc.gov/files/dea/history/fut_disagg_txt_2026.zip,2026-10-08
cftc_platinum_mm_long,2024-07-02,2024-07-05,32325.0,https://www.cftc.gov/files/dea/history/fut_disagg_txt_2026.zip,2026-10-08
cftc_platinum_mm_long,2024-07-09,2024-07-12,33689.0,https://www.cftc.gov/files/dea/history/fut_disagg_txt_2026.zip,2026-10-08
cftc_platinum_mm_long,2024-07-16,2024-07-19,35739.0,https://www.cftc.gov/files/dea/history/fut_disagg_txt_2026.zip,2026-10-08
cftc_platinum_mm_long,2024-07-23,2024-07-26,26442.0,https://www.cftc.gov/files/dea/history/fut_disagg_txt_2026.zip,2026-10-08
cftc_platinum_mm_long,2024-07-30,2024-08-02,27834.0,https://www.cftc.gov/files/dea/history/fut_disagg_txt_2026.zip,2026-10-08
cftc_platinum_mm_long,2024-08-06,2024-08-09,29630.0,https://www.cftc.gov/files/dea/history/fut_disagg_txt_2026.zip,2026-10-08
cftc_platinum_mm_long,2024-08-13,2024-08-16,30542.0,https://www.cftc.gov/files/dea/history/fut_disagg_txt_2026.zip,2026-10-08
cftc_platinum_mm_long,2024-08-20,2024-08-23,29723.0,https://www.cftc.gov/files/dea/history/fut_disagg_txt_2026.zip,2026-10-08
cftc_platinum_mm_long,2024-08-27,2024-08-30,28450.0,https://www.cftc.gov/files/dea/history/fut_disagg_txt_2026.zip,2026-10-08
cftc_platinum_mm_long,2024-09-03,2024-09-06,26381.0,https://www.cftc.gov/files/dea/history/fut_disagg_txt_2026.zip,2026-10-08
cftc_platinum_mm_long,2024-09-10,2024-09-13,27851.0,https://www.cftc.gov/files/dea/history/fut_disagg_txt_2026.zip,2026-10-08
cftc_platinum_mm_long,2024-09-17,2024-09-20,27339.0,https://www.cftc.gov/files/dea/history/fut_disagg_txt_2026.zip,2026-10-08
cftc_platinum_mm_long,2024-09-24,2024-09-27,32120.0,https://www.cftc.gov/files/dea/history/fut_disagg_txt_2026.zip,2026-10-08
cftc_platinum_mm_long,2024-10-01,2024-10-04,34087.0,https://www.cftc.gov/files/dea/history/fut_disagg_txt_2026.zip,2026-10-08
cftc_platinum_mm_long,2024-10-08,2024-10-11,32361.0,https://www.cftc.gov/files/dea/history/fut_disagg_txt_2026.zip,2026-10-08
cftc_platinum_mm_long,2024-10-15,2024-10-18,32093.0,https://www.cftc.gov/files/dea/history/fut_disagg_txt_2026.zip,2026-10-08
cftc_platinum_mm_long,2024-10-22,2024-10-25,38851.0,https://www.cftc.gov/files/dea/history/fut_disagg_txt_2026.zip,2026-10-08
cftc_platinum_mm_long,2024-10-29,2024-11-01,45237.0,https://www.cftc.gov/files/dea/history/fut_disagg_txt_2026.zip,2026-10-08
cftc_platinum_mm_long,2024-11-05,2024-11-08,41256.0,https://www.cftc.gov/files/dea/history/fut_disagg_txt_2026.zip,2026-10-08
cftc_platinum_mm_long,2024-11-12,2024-11-15,38129.0,https://www.cftc.gov/files/dea/history/fut_disagg_txt_2026.zip,2026-10-08
cftc_platinum_mm_long,2024-11-19,2024-11-22,39570.0,https://www.cftc.gov/files/dea/history/fut_disagg_txt_2026.zip,2026-10-08
cftc_platinum_mm_long,2024-11-26,2024-11-29,37590.0,https://www.cftc.gov/files/dea/history/fut_disagg_txt_2026.zip,2026-10-08
cftc_platinum_mm_long,2024-12-03,2024-12-06,37998.0,https://www.cftc.gov/files/dea/history/fut_disagg_txt_2026.zip,2026-10-08
cftc_platinum_mm_long,2024-12-10,2024-12-13,37260.0,https://www.cftc.gov/files/dea/history/fut_disagg_txt_2026.zip,2026-10-08
cftc_platinum_mm_long,2024-12-17,2024-12-20,38723.0,https://www.cftc.gov/files/dea/history/fut_disagg_txt_2026.zip,2026-10-08
cftc_platinum_mm_long,2024-12-24,2024-12-27,40215.0,https://www.cftc.gov/files/dea/history/fut_disagg_txt_2026.zip,2026-10-08
cftc_platinum_mm_long,2024-12-31,2025-01-03,34151.0,https://www.cftc.gov/files/dea/history/fut_disagg_txt_2026.zip,2026-10-08
cftc_platinum_mm_long,2025-01-07,2025-01-10,39742.0,https://www.cftc.gov/files/dea/history/fut_disagg_txt_2026.zip,2026-10-08
cftc_platinum_mm_long,2025-01-14,2025-01-17,33752.0,https://www.cftc.gov/files/dea/history/fut_disagg_txt_2026.zip,2026-10-08
cftc_platinum_mm_long,2025-01-21,2025-01-24,32512.0,https://www.cftc.gov/files/dea/history/fut_disagg_txt_2026.zip,2026-10-08
cftc_platinum_mm_long,2025-01-28,2025-01-31,31973.0,https://www.cftc.gov/files/dea/history/fut_disagg_txt_2026.zip,2026-10-08
cftc_platinum_mm_long,2025-02-04,2025-02-07,33551.0,https://www.cftc.gov/files/dea/history/fut_disagg_txt_2026.zip,2026-10-08
cftc_platinum_mm_long,2025-02-11,2025-02-14,41275.0,https://www.cftc.gov/files/dea/history/fut_disagg_txt_2026.zip,2026-10-08
cftc_platinum_mm_long,2025-02-18,2025-02-21,45547.0,https://www.cftc.gov/files/dea/history/fut_disagg_txt_2026.zip,2026-10-08
cftc_platinum_mm_long,2025-02-25,2025-02-28,39131.0,https://www.cftc.gov/files/dea/history/fut_disagg_txt_2026.zip,2026-10-08
cftc_platinum_mm_long,2025-03-04,2025-03-07,32503.0,https://www.cftc.gov/files/dea/history/fut_disagg_txt_2026.zip,2026-10-08
cftc_platinum_mm_long,2025-03-11,2025-03-14,30114.0,https://www.cftc.gov/files/dea/history/fut_disagg_txt_2026.zip,2026-10-08
cftc_platinum_mm_long,2025-03-18,2025-03-21,36458.0,https://www.cftc.gov/files/dea/history/fut_disagg_txt_2026.zip,2026-10-08
cftc_platinum_mm_long,2025-03-25,2025-03-28,33493.0,https://www.cftc.gov/files/dea/history/fut_disagg_txt_2026.zip,2026-10-08
cftc_platinum_mm_long,2025-04-01,2025-04-04,33326.0,https://www.cftc.gov/files/dea/history/fut_disagg_txt_2026.zip,2026-10-08
cftc_platinum_mm_long,2025-04-08,2025-04-11,25299.0,https://www.cftc.gov/files/dea/history/fut_disagg_txt_2026.zip,2026-10-08
cftc_platinum_mm_long,2025-04-15,2025-04-18,25714.0,https://www.cftc.gov/files/dea/history/fut_disagg_txt_2026.zip,2026-10-08
cftc_platinum_mm_long,2025-04-22,2025-04-25,25939.0,https://www.cftc.gov/files/dea/history/fut_disagg_txt_2026.zip,2026-10-08
cftc_platinum_mm_long,2025-04-29,2025-05-02,28680.0,https://www.cftc.gov/files/dea/history/fut_disagg_txt_2026.zip,2026-10-08
cftc_platinum_mm_long,2025-05-06,2025-05-09,27814.0,https://www.cftc.gov/files/dea/history/fut_disagg_txt_2026.zip,2026-10-08
cftc_platinum_mm_long,2025-05-13,2025-05-16,24919.0,https://www.cftc.gov/files/dea/history/fut_disagg_txt_2026.zip,2026-10-08
cftc_platinum_mm_long,2025-05-20,2025-05-23,31875.0,https://www.cftc.gov/files/dea/history/fut_disagg_txt_2026.zip,2026-10-08
cftc_platinum_mm_long,2025-05-27,2025-05-30,41895.0,https://www.cftc.gov/files/dea/history/fut_disagg_txt_2026.zip,2026-10-08
cftc_platinum_mm_long,2025-06-03,2025-06-06,41711.0,https://www.cftc.gov/files/dea/history/fut_disagg_txt_2026.zip,2026-10-08
cftc_platinum_mm_long,2025-06-10,2025-06-13,42325.0,https://www.cftc.gov/files/dea/history/fut_disagg_txt_2026.zip,2026-10-08
cftc_platinum_mm_long,2025-06-17,2025-06-20,40287.0,https://www.cftc.gov/files/dea/history/fut_disagg_txt_2026.zip,2026-10-08
cftc_platinum_mm_long,2025-06-24,2025-06-27,40485.0,https://www.cftc.gov/files/dea/history/fut_disagg_txt_2026.zip,2026-10-08
cftc_platinum_mm_long,2025-07-01,2025-07-04,38232.0,https://www.cftc.gov/files/dea/history/fut_disagg_txt_2026.zip,2026-10-08
cftc_platinum_mm_long,2025-07-08,2025-07-11,38249.0,https://www.cftc.gov/files/dea/history/fut_disagg_txt_2026.zip,2026-10-08
cftc_platinum_mm_long,2025-07-15,2025-07-18,37918.0,https://www.cftc.gov/files/dea/history/fut_disagg_txt_2026.zip,2026-10-08
cftc_platinum_mm_long,2025-07-22,2025-07-25,38227.0,https://www.cftc.gov/files/dea/history/fut_disagg_txt_2026.zip,2026-10-08
cftc_platinum_mm_long,2025-07-29,2025-08-01,36926.0,https://www.cftc.gov/files/dea/history/fut_disagg_txt_2026.zip,2026-10-08
cftc_platinum_mm_long,2025-08-05,2025-08-08,32596.0,https://www.cftc.gov/files/dea/history/fut_disagg_txt_2026.zip,2026-10-08
cftc_platinum_mm_long,2025-08-12,2025-08-15,33638.0,https://www.cftc.gov/files/dea/history/fut_disagg_txt_2026.zip,2026-10-08
cftc_platinum_mm_long,2025-08-19,2025-08-22,35448.0,https://www.cftc.gov/files/dea/history/fut_disagg_txt_2026.zip,2026-10-08
cftc_platinum_mm_long,2025-08-26,2025-08-29,36095.0,https://www.cftc.gov/files/dea/history/fut_disagg_txt_2026.zip,2026-10-08
cftc_platinum_mm_long,2025-09-02,2025-09-05,38947.0,https://www.cftc.gov/files/dea/history/fut_disagg_txt_2026.zip,2026-10-08
cftc_platinum_mm_long,2025-09-09,2025-09-12,38262.0,https://www.cftc.gov/files/dea/history/fut_disagg_txt_2026.zip,2026-10-08
cftc_platinum_mm_long,2025-09-16,2025-09-19,39041.0,https://www.cftc.gov/files/dea/history/fut_disagg_txt_2026.zip,2026-10-08
cftc_platinum_mm_long,2025-09-23,2025-09-26,41493.0,https://www.cftc.gov/files/dea/history/fut_disagg_txt_2026.zip,2026-10-08
cftc_platinum_mm_long,2025-09-30,2025-10-03,43148.0,https://www.cftc.gov/files/dea/history/fut_disagg_txt_2026.zip,2026-10-08
cftc_platinum_mm_long,2025-10-07,2025-10-10,43633.0,https://www.cftc.gov/files/dea/history/fut_disagg_txt_2026.zip,2026-10-08
cftc_platinum_mm_long,2025-10-14,2025-10-17,41610.0,https://www.cftc.gov/files/dea/history/fut_disagg_txt_2026.zip,2026-10-08
cftc_platinum_mm_long,2025-10-21,2025-10-24,34083.0,https://www.cftc.gov/files/dea/history/fut_disagg_txt_2026.zip,2026-10-08
cftc_platinum_mm_long,2025-10-28,2025-10-31,32595.0,https://www.cftc.gov/files/dea/history/fut_disagg_txt_2026.zip,2026-10-08
cftc_platinum_mm_long,2025-11-04,2025-11-07,33518.0,https://www.cftc.gov/files/dea/history/fut_disagg_txt_2026.zip,2026-10-08
cftc_platinum_mm_long,2025-11-10,2025-11-13,34217.0,https://www.cftc.gov/files/dea/history/fut_disagg_txt_2026.zip,2026-10-08
cftc_platinum_mm_long,2025-11-18,2025-11-21,34034.0,https://www.cftc.gov/files/dea/history/fut_disagg_txt_2026.zip,2026-10-08
cftc_platinum_mm_long,2025-11-25,2025-11-28,33359.0,https://www.cftc.gov/files/dea/history/fut_disagg_txt_2026.zip,2026-10-08
cftc_platinum_mm_long,2025-12-02,2025-12-05,33419.0,https://www.cftc.gov/files/dea/history/fut_disagg_txt_2026.zip,2026-10-08
cftc_platinum_mm_long,2025-12-09,2025-12-12,37401.0,https://www.cftc.gov/files/dea/history/fut_disagg_txt_2026.zip,2026-10-08
cftc_platinum_mm_long,2025-12-16,2025-12-19,37551.0,https://www.cftc.gov/files/dea/history/fut_disagg_txt_2026.zip,2026-10-08
cftc_platinum_mm_long,2025-12-23,2025-12-26,26002.0,https://www.cftc.gov/files/dea/history/fut_disagg_txt_2026.zip,2026-10-08
cftc_platinum_mm_long,2025-12-30,2026-01-02,19182.0,https://www.cftc.gov/files/dea/history/fut_disagg_txt_2026.zip,2026-10-08
cftc_platinum_mm_long,2026-01-06,2026-01-09,19857.0,https://www.cftc.gov/files/dea/history/fut_disagg_txt_2026.zip,2026-10-08
cftc_platinum_mm_long,2026-01-13,2026-01-16,19499.0,https://www.cftc.gov/files/dea/history/fut_disagg_txt_2026.zip,2026-10-08
cftc_platinum_mm_long,2026-01-20,2026-01-23,18423.0,https://www.cftc.gov/files/dea/history/fut_disagg_txt_2026.zip,2026-10-08
cftc_platinum_mm_long,2026-01-27,2026-01-30,15649.0,https://www.cftc.gov/files/dea/history/fut_disagg_txt_2026.zip,2026-10-08
cftc_platinum_mm_long,2026-02-03,2026-02-06,13519.0,https://www.cftc.gov/files/dea/history/fut_disagg_txt_2026.zip,2026-10-08
cftc_platinum_mm_long,2026-02-10,2026-02-13,11708.0,https://www.cftc.gov/files/dea/history/fut_disagg_txt_2026.zip,2026-10-08
cftc_platinum_mm_long,2026-02-17,2026-02-20,12515.0,https://www.cftc.gov/files/dea/history/fut_disagg_txt_2026.zip,2026-10-08
cftc_platinum_mm_long,2026-02-24,2026-02-27,14174.0,https://www.cftc.gov/files/dea/history/fut_disagg_txt_2026.zip,2026-10-08
cftc_platinum_mm_long,2026-03-03,2026-03-06,15415.0,https://www.cftc.gov/files/dea/history/fut_disagg_txt_2026.zip,2026-10-08
cftc_platinum_mm_long,2026-03-10,2026-03-13,16286.0,https://www.cftc.gov/files/dea/history/fut_disagg_txt_2026.zip,2026-10-08
cftc_platinum_mm_long,2026-03-17,2026-03-20,17494.0,https://www.cftc.gov/files/dea/history/fut_disagg_txt_2026.zip,2026-10-08
cftc_platinum_mm_long,2026-03-24,2026-03-27,16788.0,https://www.cftc.gov/files/dea/history/fut_disagg_txt_2026.zip,2026-10-08
cftc_platinum_mm_long,2026-03-31,2026-04-03,16992.0,https://www.cftc.gov/files/dea/history/fut_disagg_txt_2026.zip,2026-10-08
cftc_platinum_mm_long,2026-04-07,2026-04-10,18166.0,https://www.cftc.gov/files/dea/history/fut_disagg_txt_2026.zip,2026-10-08
cftc_platinum_mm_long,2026-04-14,2026-04-17,20744.0,https://www.cftc.gov/files/dea/history/fut_disagg_txt_2026.zip,2026-10-08
cftc_platinum_mm_long,2026-04-21,2026-04-24,19974.0,https://www.cftc.gov/files/dea/history/fut_disagg_txt_2026.zip,2026-10-08
cftc_platinum_mm_long,2026-04-28,2026-05-01,18661.0,https://www.cftc.gov/files/dea/history/fut_disagg_txt_2026.zip,2026-10-08
cftc_platinum_mm_long,2026-05-05,2026-05-08,17356.0,https://www.cftc.gov/files/dea/history/fut_disagg_txt_2026.zip,2026-10-08
cftc_platinum_mm_long,2026-05-12,2026-05-15,19980.0,https://www.cftc.gov/files/dea/history/fut_disagg_txt_2026.zip,2026-10-08
cftc_platinum_mm_long,2026-05-19,2026-05-22,18813.0,https://www.cftc.gov/files/dea/history/fut_disagg_txt_2026.zip,2026-10-08
cftc_platinum_mm_long,2026-05-26,2026-05-29,18562.0,https://www.cftc.gov/files/dea/history/fut_disagg_txt_2026.zip,2026-10-08
cftc_platinum_mm_long,2026-06-02,2026-06-05,17644.0,https://www.cftc.gov/files/dea/history/fut_disagg_txt_2026.zip,2026-10-08
cftc_platinum_mm_long,2026-06-09,2026-06-12,15442.0,https://www.cftc.gov/files/dea/history/fut_disagg_txt_2026.zip,2026-10-08
cftc_platinum_mm_long,2026-06-16,2026-06-19,14700.0,https://www.cftc.gov/files/dea/history/fut_disagg_txt_2026.zip,2026-10-08
cftc_platinum_mm_long,2026-06-23,2026-06-26,14986.0,https://www.cftc.gov/files/dea/history/fut_disagg_txt_2026.zip,2026-10-08
cftc_platinum_mm_long,2026-06-30,2026-07-03,15752.0,https://www.cftc.gov/files/dea/history/fut_disagg_txt_2026.zip,2026-10-08
cftc_platinum_mm_long,2026-07-07,2026-07-10,14543.0,https://www.cftc.gov/files/dea/history/fut_disagg_txt_2026.zip,2026-10-08
cftc_platinum_mm_long,2026-07-14,2026-07-17,14866.0,https://www.cftc.gov/files/dea/history/fut_disagg_txt_2026.zip,2026-10-08
cftc_platinum_mm_long,2026-07-21,2026-07-24,14063.0,https://www.cftc.gov/files/dea/history/fut_disagg_txt_2026.zip,2026-10-08
cftc_platinum_mm_long,2026-07-28,2026-07-31,14114.0,https://www.cftc.gov/files/dea/history/fut_disagg_txt_2026.zip,2026-10-08
cftc_platinum_mm_long,2026-08-04,2026-08-07,16877.0,https://www.cftc.gov/files/dea/history/fut_disagg_txt_2026.zip,2026-10-08
cftc_platinum_mm_long,2026-08-11,2026-08-14,15103.0,https://www.cftc.gov/files/dea/history/fut_disagg_txt_2026.zip,2026-10-08
cftc_platinum_mm_long,2026-08-18,2026-08-21,15402.0,https://www.cftc.gov/files/dea/history/fut_disagg_txt_2026.zip,2026-10-08
cftc_platinum_mm_long,2026-08-25,2026-08-28,18664.0,https://www.cftc.gov/files/dea/history/fut_disagg_txt_2026.zip,2026-10-08
cftc_platinum_mm_long,2026-09-01,2026-09-04,17263.0,https://www.cftc.gov/files/dea/history/fut_disagg_txt_2026.zip,2026-10-08
cftc_platinum_mm_long,2026-09-08,2026-09-11,18167.0,https://www.cftc.gov/files/dea/history/fut_disagg_txt_2026.zip,2026-10-08
cftc_platinum_mm_long,2026-09-15,2026-09-18,17704.0,https://www.cftc.gov/files/dea/history/fut_disagg_txt_2026.zip,2026-10-08
cftc_platinum_mm_long,2026-09-22,2026-09-25,19190.0,https://www.cftc.gov/files/dea/history/fut_disagg_txt_2026.zip,2026-10-08
cftc_platinum_mm_long,2026-09-29,2026-10-02,19126.0,https://www.cftc.gov/files/dea/history/fut_disagg_txt_2026.zip,2026-10-08
