series_id,ref_date,available_date,value,source,fetched_at
cftc_platinum_mm_short,2006-06-13,2006-06-16,3164.0,https://www.cftc.gov/files/dea/history/fut_disagg_txt_2026.zip,2026-10-08
cftc_platinum_mm_short,2006-06-20,2006-06-23,2018.0,https://www.cftc.gov/files/dea/history/fut_disagg_txt_2026.zip,2026-10-08
cftc_platinum_mm_short,2006-06-27,2006-06-30,1908.0,https://www.cftc.gov/files/dea/history/fut_disagg_txt_2026.zip,2026-10-08
cftc_platinum_mm_short,2006-07-03,2006-07-06,1178.0,https://www.cftc.gov/files/dea/history/fut_disagg_txt_2026.zip,2026-10-08
cftc_platinum_mm_short,2006-07-11,2006-07-14,833.0,https://www.cftc.gov/files/dea/history/fut_disagg_txt_2026.zip,2026-10-08
cftc_platinum_mm_short,2006-07-18,2006-07-21,833.0,https://www.cftc.gov/files/dea/history/fut_disagg_txt_2026.zip,2026-10-08
cftc_platinum_mm_short,2006-07-25,2006-07-28,583.0,https://www.cftc.gov/files/dea/history/fut_disagg_txt_2026.zip,2026-10-08
cftc_platinum_mm_short,2006-08-01,2006-08-04,383.0,https://www.cftc.gov/files/dea/history/fut_disagg_txt_2026.zip,2026-10-08
cftc_platinum_mm_short,2006-08-08,2006-08-11,383.0,https://www.cftc.gov/files/dea/history/fut_disagg_txt_2026.zip,2026-10-08
cftc_platinum_mm_short,2006-08-15,2006-08-18,383.0,https://www.cftc.gov/files/dea/history/fut_disagg_txt_2026.zip,2026-10-08
cftc_platinum_mm_short,2006-08-22,2006-08-25,383.0,https://www.cftc.gov/files/dea/history/fut_disagg_txt_2026.zip,2026-10-08
cftc_platinum_mm_short,2006-08-29,2006-09-01,525.0,https://www.cftc.gov/files/dea/history/fut_disagg_txt_2026.zip,2026-10-08
cftc_platinum_mm_short,2006-09-05,2006-09-08,575.0,https://www.cftc.gov/files/dea/history/fut_disagg_txt_2026.zip,2026-10-08
cftc_platinum_mm_short,2006-09-12,2006-09-15,600.0,https://www.cftc.gov/files/dea/history/fut_disagg_txt_2026.zip,2026-10-08
cftc_platinum_mm_short,2006-09-19,2006-09-22,550.0,https://www.cftc.gov/files/dea/history/fut_disagg_txt_2026.zip,2026-10-08
cftc_platinum_mm_short,2006-09-26,2006-09-29,671.0,https://www.cftc.gov/files/dea/history/fut_disagg_txt_2026.zip,2026-10-08
cftc_platinum_mm_short,2006-10-03,2006-10-06,863.0,https://www.cftc.gov/files/dea/history/fut_disagg_txt_2026.zip,2026-10-08
cftc_platinum_mm_short,2006-10-10,2006-10-13,1501.0,https://www.cftc.gov/files/dea/history/fut_disagg_txt_2026.zip,2026-10-08
cftc_platinum_mm_short,2006-10-17,2006-10-20,1572.0,https://www.cftc.gov/files/dea/history/fut_disagg_txt_2026.zip,2026-10-08
cftc_platinum_mm_short,2006-10-24,2006-10-27,1426.0,https://www.cftc.gov/files/dea/history/fut_disagg_txt_2026.zip,2026-10-08
cftc_platinum_mm_short,2006-10-31,2006-11-03,1739.0,https://www.cftc.gov/files/dea/history/fut_disagg_txt_2026.zip,2026-10-08
cftc_platinum_mm_short,2006-11-07,2006-11-10,1354.0,https://www.cftc.gov/files/dea/history/fut_disagg_txt_2026.zip,2026-10-08
cftc_platinum_mm_short,2006-11-14,2006-11-17,1336.0,https://www.cftc.gov/files/dea/history/fut_disagg_txt_2026.zip,2026-10-08
cftc_platinum_mm_short,2006-11-21,2006-11-24,804.0,https://www.cftc.gov/files/dea/history/fut_disagg_txt_2026.zip,2026-10-08
cftc_platinum_mm_short,2006-11-28,2006-12-01,799.0,https://www.cftc.gov/files/dea/history/fut_disagg_txt_2026.zip,2026-10-08
cftc_platinum_mm_short,2006-12-05,2006-12-08,791.0,https://www.cftc.gov/files/dea/history/fut_disagg_txt_2026.zip,2026-10-08
cftc_platinum_mm_short,2006-12-12,2006-12-15,757.0,https://www.cftc.gov/files/dea/history/fut_disagg_txt_2026.zip,2026-10-08
cftc_platinum_mm_short,2006-12-19,2006-12-22,741.0,https://www.cftc.gov/files/dea/history/fut_disagg_txt_2026.zip,2026-10-08
cftc_platinum_mm_short,2006-12-26,2006-12-29,781.0,https://www.cftc.gov/files/dea/history/fut_disagg_txt_2026.zip,2026-10-08
cftc_platinum_mm_short,2007-01-03,2007-01-06,805.0,https://www.cftc.gov/files/dea/history/fut_disagg_txt_2026.zip,2026-10-08
cftc_platinum_mm_short,2007-01-09,2007-01-12,975.0,https://www.cftc.gov/files/dea/history/fut_disagg_txt_2026.zip,2026-10-08
cftc_platinum_mm_short,2007-01-16,2007-01-19,776.0,https://www.cftc.gov/files/dea/history/fut_disagg_txt_2026.zip,2026-10-08
cftc_platinum_mm_short,2007-01-23,2007-01-26,725.0,https://www.cftc.gov/files/dea/history/fut_disagg_txt_2026.zip,2026-10-08
cftc_platinum_mm_short,2007-01-30,2007-02-02,790.0,https://www.cftc.gov/files/dea/history/fut_disagg_txt_2026.zip,2026-10-08
cftc_platinum_mm_short,2007-02-06,2007-02-09,883.0,https://www.cftc.gov/files/dea/history/fut_disagg_txt_2026.zip,2026-10-08
cftc_platinum_mm_short,2007-02-13,2007-02-16,1124.0,https://www.cftc.gov/files/dea/history/fut_disagg_txt_2026.zip,2026-10-08
cftc_platinum_mm_short,2007-02-20,2007-02-23,860.0,https://www.cftc.gov/files/dea/history/fut_disagg_txt_2026.zip,2026-10-08
cftc_platinum_mm_short,2007-02-27,2007-03-02,810.0,https://www.cftc.gov/files/dea/history/fut_disagg_txt_2026.zip,2026-10-08
cftc_platinum_mm_short,2007-03-06,2007-03-09,410.0,https://www.cftc.gov/files/dea/history/fut_disagg_txt_2026.zip,2026-10-08
cftc_platinum_mm_short,2007-03-13,2007-03-16,420.0,https://www.cftc.gov/files/dea/history/fut_disagg_txt_2026.zip,2026-10-08
cftc_platinum_mm_short,2007-03-20,2007-03-23,720.0,https://www.cftc.gov/files/dea/history/fut_disagg_txt_2026.zip,2026-10-08
cftc_platinum_mm_short,2007-03-27,2007-03-30,720.0,https://www.cftc.gov/files/dea/history/fut_disagg_txt_2026.zip,2026-10-08
cftc_platinum_mm_short,2007-04-03,2007-04-06,1068.0,https://www.cftc.gov/files/dea/history/fut_disagg_txt_2026.zip,2026-10-08
cftc_platinum_mm_short,2007-04-10,2007-04-13,1199.0,https://www.cftc.gov/files/dea/history/fut_disagg_txt_2026.zip,2026-10-08
cftc_platinum_mm_short,2007-04-17,2007-04-20,1025.0,https://www.cftc.gov/files/dea/history/fut_disagg_txt_2026.zip,2026-10-08
cftc_platinum_mm_short,2007-04-24,2007-04-27,1025.0,https://www.cftc.gov/files/dea/history/fut_disagg_txt_2026.zip,2026-10-08
cftc_platinum_mm_short,2007-05-01,2007-05-04,886.0,https://www.cftc.gov/files/dea/history/fut_disagg_txt_2026.zip,2026-10-08
cftc_platinum_mm_short,2007-05-08,2007-05-11,695.0,https://www.cftc.gov/files/dea/history/fut_disagg_txt_2026.zip,2026-10-08
cftc_platinum_mm_short,2007-05-15,2007-05-18,752.0,https://www.cftc.gov/files/dea/history/fut_disagg_txt_2026.zip,2026-10-08
cftc_platinum_mm_short,2007-05-22,2007-05-25,984.0,https://www.cftc.gov/files/dea/history/fut_disagg_txt_2026.zip,2026-10-08
cftc_platinum_mm_short,2007-05-29,2007-06-01,712.0,https://www.cftc.gov/files/dea/history/fut_disagg_txt_2026.zip,2026-10-08
cftc_platinum_mm_short,2007-06-05,2007-06-08,530.0,https://www.cftc.gov/files/dea/history/fut_disagg_txt_2026.zip,2026-10-08
cftc_platinum_mm_short,2007-06-12,2007-06-15,589.0,https://www.cftc.gov/files/dea/history/fut_disagg_txt_2026.zip,2026-10-08
cftc_platinum_mm_short,2007-06-19,2007-06-22,535.0,https://www.cftc.gov/files/dea/history/fut_disagg_txt_2026.zip,2026-10-08
cftc_platinum_mm_short,2007-06-26,2007-06-29,744.0,https://www.cftc.gov/files/dea/history/fut_disagg_txt_2026.zip,2026-10-08
cftc_platinum_mm_short,2007-07-03,2007-07-06,525.0,https://www.cftc.gov/files/dea/history/fut_disagg_txt_2026.zip,2026-10-08
cftc_platinum_mm_short,2007-07-10,2007-07-13,758.0,https://www.cftc.gov/files/dea/history/fut_disagg_txt_2026.zip,2026-10-08
cftc_platinum_mm_short,2007-07-17,2007-07-20,690.0,https://www.cftc.gov/files/dea/history/fut_disagg_txt_2026.zip,2026-10-08
cftc_platinum_mm_short,2007-07-24,2007-07-27,607.0,https://www.cftc.gov/files/dea/history/fut_disagg_txt_2026.zip,2026-10-08
cftc_platinum_mm_short,2007-07-31,2007-08-03,375.0,https://www.cftc.gov/files/dea/history/fut_disagg_txt_2026.zip,2026-10-08
cftc_platinum_mm_short,2007-08-07,2007-08-10,433.0,https://www.cftc.gov/files/dea/history/fut_disagg_txt_2026.zip,2026-10-08
cftc_platinum_mm_short,2007-08-14,2007-08-17,390.0,https://www.cftc.gov/files/dea/history/fut_disagg_txt_2026.zip,2026-10-08
cftc_platinum_mm_short,2007-08-21,2007-08-24,1001.0,https://www.cftc.gov/files/dea/history/fut_disagg_txt_2026.zip,2026-10-08
cftc_platinum_mm_short,2007-08-28,2007-08-31,828.0,https://www.cftc.gov/files/dea/history/fut_disagg_txt_2026.zip,2026-10-08
cftc_platinum_mm_short,2007-09-04,2007-09-07,710.0,https://www.cftc.gov/files/dea/history/fut_disagg_txt_2026.zip,2026-10-08
cftc_platinum_mm_short,2007-09-11,2007-09-14,633.0,https://www.cftc.gov/files/dea/history/fut_disagg_txt_2026.zip,2026-10-08
cftc_platinum_mm_short,2007-09-18,2007-09-21,684.0,https://www.cftc.gov/files/dea/history/fut_disagg_txt_2026.zip,2026-10-08
cftc_platinum_mm_short,2007-09-25,2007-09-28,346.0,https://www.cftc.gov/files/dea/history/fut_disagg_txt_2026.zip,2026-10-08
cftc_platinum_mm_short,2007-10-02,2007-10-05,1017.0,https://www.cftc.gov/files/dea/history/fut_disagg_txt_2026.zip,2026-10-08
cftc_platinum_mm_short,2007-10-09,2007-10-12,910.0,https://www.cftc.gov/files/dea/history/fut_disagg_txt_2026.zip,2026-10-08
cftc_platinum_mm_short,2007-10-16,2007-10-19,949.0,https://www.cftc.gov/files/dea/history/fut_disagg_txt_2026.zip,2026-10-08
cftc_platinum_mm_short,2007-10-23,2007-10-26,920.0,https://www.cftc.gov/files/dea/history/fut_disagg_txt_2026.zip,2026-10-08
cftc_platinum_mm_short,2007-10-30,2007-11-02,1100.0,https://www.cftc.gov/files/dea/history/fut_disagg_txt_2026.zip,2026-10-08
cftc_platinum_mm_short,2007-11-06,2007-11-09,1300.0,https://www.cftc.gov/files/dea/history/fut_disagg_txt_2026.zip,2026-10-08
cftc_platinum_mm_short,2007-11-13,2007-11-16,1204.0,https://www.cftc.gov/files/dea/history/fut_disagg_txt_2026.zip,2026-10-08
cftc_platinum_mm_short,2007-11-20,2007-11-23,1391.0,https://www.cftc.gov/files/dea/history/fut_disagg_txt_2026.zip,2026-10-08
cftc_platinum_mm_short,2007-11-27,2007-11-30,1774.0,https://www.cftc.gov/files/dea/history/fut_disagg_txt_2026.zip,2026-10-08
cftc_platinum_mm_short,2007-12-04,2007-12-07,1820.0,https://www.cftc.gov/files/dea/history/fut_disagg_txt_2026.zip,2026-10-08
cftc_platinum_mm_short,2007-12-11,2007-12-14,1616.0,https://www.cftc.gov/files/dea/history/fut_disagg_txt_2026.zip,2026-10-08
cftc_platinum_mm_short,2007-12-18,2007-12-21,1668.0,https://www.cftc.gov/files/dea/history/fut_disagg_txt_2026.zip,2026-10-08
cftc_platinum_mm_short,2007-12-24,2007-12-27,1614.0,https://www.cftc.gov/files/dea/history/fut_disagg_txt_2026.zip,2026-10-08
cftc_platinum_mm_short,2007-12-31,2008-01-03,1477.0,https://www.cftc.gov/files/dea/history/fut_disagg_txt_2026.zip,2026-10-08
cftc_platinum_mm_short,2008-01-08,2008-01-11,1737.0,https://www.cftc.gov/files/dea/history/fut_disagg_txt_2026.zip,2026-10-08
cftc_platinum_mm_short,2008-01-15,2008-01-18,1504.0,https://www.cftc.gov/files/dea/history/fut_disagg_txt_2026.zip,2026-10-08
cftc_platinum_mm_short,2008-01-22,2008-01-25,1225.0,https://www.cftc.gov/files/dea/history/fut_disagg_txt_2026.zip,2026-10-08
cftc_platinum_mm_short,2008-01-29,2008-02-01,1689.0,https://www.cftc.gov/files/dea/history/fut_disagg_txt_2026.zip,2026-10-08
cftc_platinum_mm_short,2008-02-05,2008-02-08,1578.0,https://www.cftc.gov/files/dea/history/fut_disagg_txt_2026.zip,2026-10-08
cftc_platinum_mm_short,2008-02-12,2008-02-15,1773.0,https://www.cftc.gov/files/dea/history/fut_disagg_txt_2026.zip,2026-10-08
cftc_platinum_mm_short,2008-02-19,2008-02-22,1393.0,https://www.cftc.gov/files/dea/history/fut_disagg_txt_2026.zip,2026-10-08
cftc_platinum_mm_short,2008-02-26,2008-02-29,1574.0,https://www.cftc.gov/files/dea/history/fut_disagg_txt_2026.zip,2026-10-08
cftc_platinum_mm_short,2008-03-04,2008-03-07,1346.0,https://www.cftc.gov/files/dea/history/fut_disagg_txt_2026.zip,2026-10-08
cftc_platinum_mm_short,2008-03-11,2008-03-14,827.0,https://www.cftc.gov/files/dea/history/fut_disagg_txt_2026.zip,2026-10-08
cftc_platinum_mm_short,2008-03-18,2008-03-21,813.0,https://www.cftc.gov/files/dea/history/fut_disagg_txt_2026.zip,2026-10-08
cftc_platinum_mm_short,2008-03-25,2008-03-28,439.0,https://www.cftc.gov/files/dea/history/fut_disagg_txt_2026.zip,2026-10-08
cftc_platinum_mm_short,2008-04-01,2008-04-04,609.0,https://www.cftc.gov/files/dea/history/fut_disagg_txt_2026.zip,2026-10-08
cftc_platinum_mm_short,2008-04-08,2008-04-11,565.0,https://www.cftc.gov/files/dea/history/fut_disagg_txt_2026.zip,2026-10-08
cftc_platinum_mm_short,2008-04-15,2008-04-18,617.0,https://www.cftc.gov/files/dea/history/fut_disagg_txt_2026.zip,2026-10-08
cftc_platinum_mm_short,2008-04-22,2008-04-25,735.0,https://www.cftc.gov/files/dea/history/fut_disagg_txt_2026.zip,2026-10-08
cftc_platinum_mm_short,2008-04-29,2008-05-02,671.0,https://www.cftc.gov/files/dea/history/fut_disagg_txt_2026.zip,2026-10-08
cftc_platinum_mm_short,2008-05-06,2008-05-09,497.0,https://www.cftc.gov/files/dea/history/fut_disagg_txt_2026.zip,2026-10-08
cftc_platinum_mm_short,2008-05-13,2008-05-16,431.0,https://www.cftc.gov/files/dea/history/fut_disagg_txt_2026.zip,2026-10-08
cftc_platinum_mm_short,2008-05-20,2008-05-23,513.0,https://www.cftc.gov/files/dea/history/fut_disagg_txt_2026.zip,2026-10-08
cftc_platinum_mm_short,2008-05-27,2008-05-30,378.0,https://www.cftc.gov/files/dea/history/fut_disagg_txt_2026.zip,2026-10-08
cftc_platinum_mm_short,2008-06-03,2008-06-06,256.0,https://www.cftc.gov/files/dea/history/fut_disagg_txt_2026.zip,2026-10-08
cftc_platinum_mm_short,2008-06-10,2008-06-13,329.0,https://www.cftc.gov/files/dea/history/fut_disagg_txt_2026.zip,2026-10-08
cftc_platinum_mm_short,2008-06-17,2008-06-20,310.0,https://www.cftc.gov/files/dea/history/fut_disagg_txt_2026.zip,2026-10-08
cftc_platinum_mm_short,2008-06-24,2008-06-27,238.0,https://www.cftc.gov/files/dea/history/fut_disagg_txt_2026.zip,2026-10-08
cftc_platinum_mm_short,2008-07-01,2008-07-04,306.0,https://www.cftc.gov/files/dea/history/fut_disagg_txt_2026.zip,2026-10-08
cftc_platinum_mm_short,2008-07-08,2008-07-11,339.0,https://www.cftc.gov/files/dea/history/fut_disagg_txt_2026.zip,2026-10-08
cftc_platinum_mm_short,2008-07-15,2008-07-18,335.0,https://www.cftc.gov/files/dea/history/fut_disagg_txt_2026.zip,2026-10-08
cftc_platinum_mm_short,2008-07-22,2008-07-25,372.0,https://www.cftc.gov/files/dea/history/fut_disagg_txt_2026.zip,2026-10-08
cftc_platinum_mm_short,2008-07-29,2008-08-01,216.0,https://www.cftc.gov/files/dea/history/fut_disagg_txt_2026.zip,2026-10-08
cftc_platinum_mm_short,2008-08-05,2008-08-08,434.0,https://www.cftc.gov/files/dea/history/fut_disagg_txt_2026.zip,2026-10-08
cftc_platinum_mm_short,2008-08-12,2008-08-15,270.0,https://www.cftc.gov/files/dea/history/fut_disagg_txt_2026.zip,2026-10-08
cftc_platinum_mm_short,2008-08-19,2008-08-22,250.0,https://www.cftc.gov/files/dea/history/fut_disagg_txt_2026.zip,2026-10-08
cftc_platinum_mm_short,2008-08-26,2008-08-29,72.0,https://www.cftc.gov/files/dea/history/fut_disagg_txt_2026.zip,2026-10-08
cftc_platinum_mm_short,2008-09-02,2008-09-05,195.0,https://www.cftc.gov/files/dea/history/fut_disagg_txt_2026.zip,2026-10-08
cftc_platinum_mm_short,2008-09-09,2008-09-12,324.0,https://www.cftc.gov/files/dea/history/fut_disagg_txt_2026.zip,2026-10-08
cftc_platinum_mm_short,2008-09-16,2008-09-19,299.0,https://www.cftc.gov/files/dea/history/fut_disagg_txt_2026.zip,2026-10-08
cftc_platinum_mm_short,2008-09-23,2008-09-26,405.0,https://www.cftc.gov/files/dea/history/fut_disagg_txt_2026.zip,2026-10-08
cftc_platinum_mm_short,2008-09-30,2008-10-03,396.0,https://www.cftc.gov/files/dea/history/fut_disagg_txt_2026.zip,2026-10-08
cftc_platinum_mm_short,2008-10-07,2008-10-10,592.0,https://www.cftc.gov/files/dea/history/fut_disagg_txt_2026.zip,2026-10-08
cftc_platinum_mm_short,2008-10-14,2008-10-17,625.0,https://www.cftc.gov/files/dea/history/fut_disagg_txt_2026.zip,2026-10-08
cftc_platinum_mm_short,2008-10-21,2008-10-24,450.0,https://www.cftc.gov/files/dea/history/fut_disagg_txt_2026.zip,2026-10-08
cftc_platinum_mm_short,2008-10-28,2008-10-31,470.0,https://www.cftc.gov/files/dea/history/fut_disagg_txt_2026.zip,2026-10-08
cftc_platinum_mm_short,2008-11-04,2008-11-07,735.0,https://www.cftc.gov/files/dea/history/fut_disagg_txt_2026.zip,2026-10-08
cftc_platinum_mm_short,2008-11-11,2008-11-14,593.0,https://www.cftc.gov/files/dea/history/fut_disagg_txt_2026.zip,2026-10-08
cftc_platinum_mm_short,2008-11-18,2008-11-21,537.0,https://www.cftc.gov/files/dea/history/fut_disagg_txt_2026.zip,2026-10-08
cftc_platinum_mm_short,2008-11-25,2008-11-28,666.0,https://www.cftc.gov/files/dea/history/fut_disagg_txt_2026.zip,2026-10-08
cftc_platinum_mm_short,2008-12-02,2008-12-05,700.0,https://www.cftc.gov/files/dea/history/fut_disagg_txt_2026.zip,2026-10-08
cftc_platinum_mm_short,2008-12-09,2008-12-12,727.0,https://www.cftc.gov/files/dea/history/fut_disagg_txt_2026.zip,2026-10-08
cftc_platinum_mm_short,2008-12-16,2008-12-19,697.0,https://www.cftc.gov/files/dea/history/fut_disagg_txt_2026.zip,2026-10-08
cftc_platinum_mm_short,2008-12-22,2008-12-25,722.0,https://www.cftc.gov/files/dea/history/fut_disagg_txt_2026.zip,2026-10-08
cftc_platinum_mm_short,2008-12-30,2009-01-02,607.0,https://www.cftc.gov/files/dea/history/fut_disagg_txt_2026.zip,2026-10-08
cftc_platinum_mm_short,2009-01-06,2009-01-09,666.0,https://www.cftc.gov/files/dea/history/fut_disagg_txt_2026.zip,2026-10-08
cftc_platinum_mm_short,2009-01-13,2009-01-16,580.0,https://www.cftc.gov/files/dea/history/fut_disagg_txt_2026.zip,2026-10-08
cftc_platinum_mm_short,2009-01-20,2009-01-23,932.0,https://www.cftc.gov/files/dea/history/fut_disagg_txt_2026.zip,2026-10-08
cftc_platinum_mm_short,2009-01-27,2009-01-30,1160.0,https://www.cftc.gov/files/dea/history/fut_disagg_txt_2026.zip,2026-10-08
cftc_platinum_mm_short,2009-02-03,2009-02-06,749.0,https://www.cftc.gov/files/dea/history/fut_disagg_txt_2026.zip,2026-10-08
cftc_platinum_mm_short,2009-02-10,2009-02-13,790.0,https://www.cftc.gov/files/dea/history/fut_disagg_txt_2026.zip,2026-10-08
cftc_platinum_mm_short,2009-02-17,2009-02-20,613.0,https://www.cftc.gov/files/dea/history/fut_disagg_txt_2026.zip,2026-10-08
cftc_platinum_mm_short,2009-02-24,2009-02-27,661.0,https://www.cftc.gov/files/dea/history/fut_disagg_txt_2026.zip,2026-10-08
cftc_platinum_mm_short,2009-03-03,2009-03-06,800.0,https://www.cftc.gov/files/dea/history/fut_disagg_txt_2026.zip,2026-10-08
cftc_platinum_mm_short,2009-03-10,2009-03-13,1347.0,https://www.cftc.gov/files/dea/history/fut_disagg_txt_2026.zip,2026-10-08
cftc_platinum_mm_short,2009-03-17,2009-03-20,1363.0,https://www.cftc.gov/files/dea/history/fut_disagg_txt_2026.zip,2026-10-08
cftc_platinum_mm_short,2009-03-24,2009-03-27,1590.0,https://www.cftc.gov/files/dea/history/fut_disagg_txt_2026.zip,2026-10-08
cftc_platinum_mm_short,2009-03-31,2009-04-03,1888.0,https://www.cftc.gov/files/dea/history/fut_disagg_txt_2026.zip,2026-10-08
cftc_platinum_mm_short,2009-04-07,2009-04-10,1796.0,https://www.cftc.gov/files/dea/history/fut_disagg_txt_2026.zip,2026-10-08
cftc_platinum_mm_short,2009-04-14,2009-04-17,1668.0,https://www.cftc.gov/files/dea/history/fut_disagg_txt_2026.zip,2026-10-08
cftc_platinum_mm_short,2009-04-21,2009-04-24,1947.0,https://www.cftc.gov/files/dea/history/fut_disagg_txt_2026.zip,2026-10-08
cftc_platinum_mm_short,2009-04-28,2009-05-01,2005.0,https://www.cftc.gov/files/dea/history/fut_disagg_txt_2026.zip,2026-10-08
cftc_platinum_mm_short,2009-05-05,2009-05-08,1925.0,https://www.cftc.gov/files/dea/history/fut_disagg_txt_2026.zip,2026-10-08
cftc_platinum_mm_short,2009-05-12,2009-05-15,1907.0,https://www.cftc.gov/files/dea/history/fut_disagg_txt_2026.zip,2026-10-08
cftc_platinum_mm_short,2009-05-19,2009-05-22,2091.0,https://www.cftc.gov/files/dea/history/fut_disagg_txt_2026.zip,2026-10-08
cftc_platinum_mm_short,2009-05-26,2009-05-29,2297.0,https://www.cftc.gov/files/dea/history/fut_disagg_txt_2026.zip,2026-10-08
cftc_platinum_mm_short,2009-06-02,2009-06-05,2335.0,https://www.cftc.gov/files/dea/history/fut_disagg_txt_2026.zip,2026-10-08
cftc_platinum_mm_short,2009-06-09,2009-06-12,2031.0,https://www.cftc.gov/files/dea/history/fut_disagg_txt_2026.zip,2026-10-08
cftc_platinum_mm_short,2009-06-16,2009-06-19,1932.0,https://www.cftc.gov/files/dea/history/fut_disagg_txt_2026.zip,2026-10-08
cftc_platinum_mm_short,2009-06-23,2009-06-26,786.0,https://www.cftc.gov/files/dea/history/fut_disagg_txt_2026.zip,2026-10-08
cftc_platinum_mm_short,2009-06-30,2009-07-03,856.0,https://www.cftc.gov/files/dea/history/fut_disagg_txt_2026.zip,2026-10-08
cftc_platinum_mm_short,2009-07-07,2009-07-10,861.0,https://www.cftc.gov/files/dea/history/fut_disagg_txt_2026.zip,2026-10-08
cftc_platinum_mm_short,2009-07-14,2009-07-17,1344.0,https://www.cftc.gov/files/dea/history/fut_disagg_txt_2026.zip,2026-10-08
cftc_platinum_mm_short,2009-07-21,2009-07-24,1267.0,https://www.cftc.gov/files/dea/history/fut_disagg_txt_2026.zip,2026-10-08
cftc_platinum_mm_short,2009-07-28,2009-07-31,936.0,https://www.cftc.gov/files/dea/history/fut_disagg_txt_2026.zip,2026-10-08
cftc_platinum_mm_short,2009-08-04,2009-08-07,843.0,https://www.cftc.gov/files/dea/history/fut_disagg_txt_2026.zip,2026-10-08
cftc_platinum_mm_short,2009-08-11,2009-08-14,881.0,https://www.cftc.gov/files/dea/history/fut_disagg_txt_2026.zip,2026-10-08
cftc_platinum_mm_short,2009-08-18,2009-08-21,814.0,https://www.cftc.gov/files/dea/history/fut_disagg_txt_2026.zip,2026-10-08
cftc_platinum_mm_short,2009-08-25,2009-08-28,767.0,https://www.cftc.gov/files/dea/history/fut_disagg_txt_2026.zip,2026-10-08
cftc_platinum_mm_short,2009-09-01,2009-09-04,751.0,https://www.cftc.gov/files/dea/history/fut_disagg_txt_2026.zip,2026-10-08
cftc_platinum_mm_short,2009-09-08,2009-09-11,647.0,https://www.cftc.gov/files/dea/history/fut_disagg_txt_2026.zip,2026-10-08
cftc_platinum_mm_short,2009-09-15,2009-09-18,623.0,https://www.cftc.gov/files/dea/history/fut_disagg_txt_2026.zip,2026-10-08
cftc_platinum_mm_short,2009-09-22,2009-09-25,577.0,https://www.cftc.gov/files/dea/history/fut_disagg_txt_2026.zip,2026-10-08
cftc_platinum_mm_short,2009-09-29,2009-10-02,653.0,https://www.cftc.gov/files/dea/history/fut_disagg_txt_2026.zip,2026-10-08
cftc_platinum_mm_short,2009-10-06,2009-10-09,658.0,https://www.cftc.gov/files/dea/history/fut_disagg_txt_2026.zip,2026-10-08
cftc_platinum_mm_short,2009-10-13,2009-10-16,755.0,https://www.cftc.gov/files/dea/history/fut_disagg_txt_2026.zip,2026-10-08
cftc_platinum_mm_short,2009-10-20,2009-10-23,859.0,https://www.cftc.gov/files/dea/history/fut_disagg_txt_2026.zip,2026-10-08
cftc_platinum_mm_short,2009-10-27,2009-10-30,715.0,https://www.cftc.gov/files/dea/history/fut_disagg_txt_2026.zip,2026-10-08
cftc_platinum_mm_short,2009-11-03,2009-11-06,747.0,https://www.cftc.gov/files/dea/history/fut_disagg_txt_2026.zip,2026-10-08
cftc_platinum_mm_short,2009-11-09,2009-11-12,628.0,https://www.cftc.gov/files/dea/history/fut_disagg_txt_2026.zip,2026-10-08
cftc_platinum_mm_short,2009-11-17,2009-11-20,659.0,https://www.cftc.gov/files/dea/history/fut_disagg_txt_2026.zip,2026-10-08
cftc_platinum_mm_short,2009-11-24,2009-11-27,749.0,https://www.cftc.gov/files/dea/history/fut_disagg_txt_2026.zip,2026-10-08
cftc_platinum_mm_short,2009-12-01,2009-12-04,699.0,https://www.cftc.gov/files/dea/history/fut_disagg_txt_2026.zip,2026-10-08
cftc_platinum_mm_short,2009-12-08,2009-12-11,716.0,https://www.cftc.gov/files/dea/history/fut_disagg_txt_2026.zip,2026-10-08
cftc_platinum_mm_short,2009-12-15,2009-12-18,719.0,https://www.cftc.gov/files/dea/history/fut_disagg_txt_2026.zip,2026-10-08
cftc_platinum_mm_short,2009-12-22,2009-12-25,693.0,https://www.cftc.gov/files/dea/history/fut_disagg_txt_2026.zip,2026-10-08
cftc_platinum_mm_short,2009-12-29,2010-01-01,616.0,https://www.cftc.gov/files/dea/history/fut_disagg_txt_2026.zip,2026-10-08
cftc_platinum_mm_short,2010-01-05,2010-01-08,325.0,https://www.cftc.gov/files/dea/history/fut_disagg_txt_2026.zip,2026-10-08
cftc_platinum_mm_short,2010-01-12,2010-01-15,537.0,https://www.cftc.gov/files/dea/history/fut_disagg_txt_2026.zip,2026-10-08
cftc_platinum_mm_short,2010-01-19,2010-01-22,910.0,https://www.cftc.gov/files/dea/history/fut_disagg_txt_2026.zip,2026-10-08
cftc_platinum_mm_short,2010-01-26,2010-01-29,1092.0,https://www.cftc.gov/files/dea/history/fut_disagg_txt_2026.zip,2026-10-08
cftc_platinum_mm_short,2010-02-02,2010-02-05,1180.0,https://www.cftc.gov/files/dea/history/fut_disagg_txt_2026.zip,2026-10-08
cftc_platinum_mm_short,2010-02-09,2010-02-12,1155.0,https://www.cftc.gov/files/dea/history/fut_disagg_txt_2026.zip,2026-10-08
cftc_platinum_mm_short,2010-02-16,2010-02-19,1277.0,https://www.cftc.gov/files/dea/history/fut_disagg_txt_2026.zip,2026-10-08
cftc_platinum_mm_short,2010-02-23,2010-02-26,1168.0,https://www.cftc.gov/files/dea/history/fut_disagg_txt_2026.zip,2026-10-08
cftc_platinum_mm_short,2010-03-02,2010-03-05,1060.0,https://www.cftc.gov/files/dea/history/fut_disagg_txt_2026.zip,2026-10-08
cftc_platinum_mm_short,2010-03-09,2010-03-12,1184.0,https://www.cftc.gov/files/dea/history/fut_disagg_txt_2026.zip,2026-10-08
cftc_platinum_mm_short,2010-03-16,2010-03-19,893.0,https://www.cftc.gov/files/dea/history/fut_disagg_txt_2026.zip,2026-10-08
cftc_platinum_mm_short,2010-03-23,2010-03-26,929.0,https://www.cftc.gov/files/dea/history/fut_disagg_txt_2026.zip,2026-10-08
cftc_platinum_mm_short,2010-03-30,2010-04-02,1002.0,https://www.cftc.gov/files/dea/history/fut_disagg_txt_2026.zip,2026-10-08
cftc_platinum_mm_short,2010-04-06,2010-04-09,612.0,https://www.cftc.gov/files/dea/history/fut_disagg_txt_2026.zip,2026-10-08
cftc_platinum_mm_short,2010-04-13,2010-04-16,635.0,https://www.cftc.gov/files/dea/history/fut_disagg_txt_2026.zip,2026-10-08
cftc_platinum_mm_short,2010-04-20,2010-04-23,681.0,https://www.cftc.gov/files/dea/history/fut_disagg_txt_2026.zip,2026-10-08
cftc_platinum_mm_short,2010-04-27,2010-04-30,666.0,https://www.cftc.gov/files/dea/history/fut_disagg_txt_2026.zip,2026-10-08
cftc_platinum_mm_short,2010-05-04,2010-05-07,408.0,https://www.cftc.gov/files/dea/history/fut_disagg_txt_2026.zip,2026-10-08
cftc_platinum_mm_short,2010-05-11,2010-05-14,1002.0,https://www.cftc.gov/files/dea/history/fut_disagg_txt_2026.zip,2026-10-08
cftc_platinum_mm_short,2010-05-18,2010-05-21,926.0,https://www.cftc.gov/files/dea/history/fut_disagg_txt_2026.zip,2026-10-08
cftc_platinum_mm_short,2010-05-25,2010-05-28,1332.0,https://www.cftc.gov/files/dea/history/fut_disagg_txt_2026.zip,2026-10-08
cftc_platinum_mm_short,2010-06-01,2010-06-04,1745.0,https://www.cftc.gov/files/dea/history/fut_disagg_txt_2026.zip,2026-10-08
cftc_platinum_mm_short,2010-06-08,2010-06-11,1253.0,https://www.cftc.gov/files/dea/history/fut_disagg_txt_2026.zip,2026-10-08
cftc_platinum_mm_short,2010-06-15,2010-06-18,1149.0,https://www.cftc.gov/files/dea/history/fut_disagg_txt_2026.zip,2026-10-08
cftc_platinum_mm_short,2010-06-22,2010-06-25,1025.0,https://www.cftc.gov/files/dea/history/fut_disagg_txt_2026.zip,2026-10-08
cftc_platinum_mm_short,2010-06-29,2010-07-02,1429.0,https://www.cftc.gov/files/dea/history/fut_disagg_txt_2026.zip,2026-10-08
cftc_platinum_mm_short,2010-07-06,2010-07-09,1457.0,https://www.cftc.gov/files/dea/history/fut_disagg_txt_2026.zip,2026-10-08
cftc_platinum_mm_short,2010-07-13,2010-07-16,1404.0,https://www.cftc.gov/files/dea/history/fut_disagg_txt_2026.zip,2026-10-08
cftc_platinum_mm_short,2010-07-20,2010-07-23,1443.0,https://www.cftc.gov/files/dea/history/fut_disagg_txt_2026.zip,2026-10-08
cftc_platinum_mm_short,2010-07-27,2010-07-30,1267.0,https://www.cftc.gov/files/dea/history/fut_disagg_txt_2026.zip,2026-10-08
cftc_platinum_mm_short,2010-08-03,2010-08-06,1073.0,https://www.cftc.gov/files/dea/history/fut_disagg_txt_2026.zip,2026-10-08
cftc_platinum_mm_short,2010-08-10,2010-08-13,1031.0,https://www.cftc.gov/files/dea/history/fut_disagg_txt_2026.zip,2026-10-08
cftc_platinum_mm_short,2010-08-17,2010-08-20,1128.0,https://www.cftc.gov/files/dea/history/fut_disagg_txt_2026.zip,2026-10-08
cftc_platinum_mm_short,2010-08-24,2010-08-27,1682.0,https://www.cftc.gov/files/dea/history/fut_disagg_txt_2026.zip,2026-10-08
cftc_platinum_mm_short,2010-08-31,2010-09-03,2173.0,https://www.cftc.gov/files/dea/history/fut_disagg_txt_2026.zip,2026-10-08
cftc_platinum_mm_short,2010-09-07,2010-09-10,1916.0,https://www.cftc.gov/files/dea/history/fut_disagg_txt_2026.zip,2026-10-08
cftc_platinum_mm_short,2010-09-14,2010-09-17,1570.0,https://www.cftc.gov/files/dea/history/fut_disagg_txt_2026.zip,2026-10-08
cftc_platinum_mm_short,2010-09-21,2010-09-24,1285.0,https://www.cftc.gov/files/dea/history/fut_disagg_txt_2026.zip,2026-10-08
cftc_platinum_mm_short,2010-09-28,2010-10-01,1162.0,https://www.cftc.gov/files/dea/history/fut_disagg_txt_2026.zip,2026-10-08
cftc_platinum_mm_short,2010-10-05,2010-10-08,1157.0,https://www.cftc.gov/files/dea/history/fut_disagg_txt_2026.zip,2026-10-08
cftc_platinum_mm_short,2010-10-12,2010-10-15,1216.0,https://www.cftc.gov/files/dea/history/fut_disagg_txt_2026.zip,2026-10-08
cftc_platinum_mm_short,2010-10-19,2010-10-22,1171.0,https://www.cftc.gov/files/dea/history/fut_disagg_txt_2026.zip,2026-10-08
cftc_platinum_mm_short,2010-10-26,2010-10-29,233.0,https://www.cftc.gov/files/dea/history/fut_disagg_txt_2026.zip,2026-10-08
cftc_platinum_mm_short,2010-11-02,2010-11-05,298.0,https://www.cftc.gov/files/dea/history/fut_disagg_txt_2026.zip,2026-10-08
cftc_platinum_mm_short,2010-11-09,2010-11-12,846.0,https://www.cftc.gov/files/dea/history/fut_disagg_txt_2026.zip,2026-10-08
cftc_platinum_mm_short,2010-11-16,2010-11-19,1466.0,https://www.cftc.gov/files/dea/history/fut_disagg_txt_2026.zip,2026-10-08
cftc_platinum_mm_short,2010-11-23,2010-11-26,1306.0,https://www.cftc.gov/files/dea/history/fut_disagg_txt_2026.zip,2026-10-08
cftc_platinum_mm_short,2010-11-30,2010-12-03,1522.0,https://www.cftc.gov/files/dea/history/fut_disagg_txt_2026.zip,2026-10-08
cftc_platinum_mm_short,2010-12-07,2010-12-10,1044.0,https://www.cftc.gov/files/dea/history/fut_disagg_txt_2026.zip,2026-10-08
cftc_platinum_mm_short,2010-12-14,2010-12-17,1187.0,https://www.cftc.gov/files/dea/history/fut_disagg_txt_2026.zip,2026-10-08
cftc_platinum_mm_short,2010-12-21,2010-12-24,669.0,https://www.cftc.gov/files/dea/history/fut_disagg_txt_2026.zip,2026-10-08
cftc_platinum_mm_short,2010-12-28,2010-12-31,654.0,https://www.cftc.gov/files/dea/history/fut_disagg_txt_2026.zip,2026-10-08
cftc_platinum_mm_short,2011-01-04,2011-01-07,787.0,https://www.cftc.gov/files/dea/history/fut_disagg_txt_2026.zip,2026-10-08
cftc_platinum_mm_short,2011-01-11,2011-01-14,752.0,https://www.cftc.gov/files/dea/history/fut_disagg_txt_2026.zip,2026-10-08
cftc_platinum_mm_short,2011-01-18,2011-01-21,634.0,https://www.cftc.gov/files/dea/history/fut_disagg_txt_2026.zip,2026-10-08
cftc_platinum_mm_short,2011-01-25,2011-01-28,735.0,https://www.cftc.gov/files/dea/history/fut_disagg_txt_2026.zip,2026-10-08
cftc_platinum_mm_short,2011-02-01,2011-02-04,687.0,https://www.cftc.gov/files/dea/history/fut_disagg_txt_2026.zip,2026-10-08
cftc_platinum_mm_short,2011-02-08,2011-02-11,591.0,https://www.cftc.gov/files/dea/history/fut_disagg_txt_2026.zip,2026-10-08
cftc_platinum_mm_short,2011-02-15,2011-02-18,771.0,https://www.cftc.gov/files/dea/history/fut_disagg_txt_2026.zip,2026-10-08
cftc_platinum_mm_short,2011-02-22,2011-02-25,1294.0,https://www.cftc.gov/files/dea/history/fut_disagg_txt_2026.zip,2026-10-08
cftc_platinum_mm_short,2011-03-01,2011-03-04,1161.0,https://www.cftc.gov/files/dea/history/fut_disagg_txt_2026.zip,2026-10-08
cftc_platinum_mm_short,2011-03-08,2011-03-11,1189.0,https://www.cftc.gov/files/dea/history/fut_disagg_txt_2026.zip,2026-10-08
cftc_platinum_mm_short,2011-03-15,2011-03-18,1838.0,https://www.cftc.gov/files/dea/history/fut_disagg_txt_2026.zip,2026-10-08
cftc_platinum_mm_short,2011-03-22,2011-03-25,1545.0,https://www.cftc.gov/files/dea/history/fut_disagg_txt_2026.zip,2026-10-08
cftc_platinum_mm_short,2011-03-29,2011-04-01,1118.0,https://www.cftc.gov/files/dea/history/fut_disagg_txt_2026.zip,2026-10-08
cftc_platinum_mm_short,2011-04-05,2011-04-08,909.0,https://www.cftc.gov/files/dea/history/fut_disagg_txt_2026.zip,2026-10-08
cftc_platinum_mm_short,2011-04-12,2011-04-15,845.0,https://www.cftc.gov/files/dea/history/fut_disagg_txt_2026.zip,2026-10-08
cftc_platinum_mm_short,2011-04-19,2011-04-22,962.0,https://www.cftc.gov/files/dea/history/fut_disagg_txt_2026.zip,2026-10-08
cftc_platinum_mm_short,2011-04-26,2011-04-29,870.0,https://www.cftc.gov/files/dea/history/fut_disagg_txt_2026.zip,2026-10-08
cftc_platinum_mm_short,2011-05-03,2011-05-06,873.0,https://www.cftc.gov/files/dea/history/fut_disagg_txt_2026.zip,2026-10-08
cftc_platinum_mm_short,2011-05-10,2011-05-13,833.0,https://www.cftc.gov/files/dea/history/fut_disagg_txt_2026.zip,2026-10-08
cftc_platinum_mm_short,2011-05-17,2011-05-20,1140.0,https://www.cftc.gov/files/dea/history/fut_disagg_txt_2026.zip,2026-10-08
cftc_platinum_mm_short,2011-05-24,2011-05-27,1851.0,https://www.cftc.gov/files/dea/history/fut_disagg_txt_2026.zip,2026-10-08
cftc_platinum_mm_short,2011-05-31,2011-06-03,1408.0,https://www.cftc.gov/files/dea/history/fut_disagg_txt_2026.zip,2026-10-08
cftc_platinum_mm_short,2011-06-07,2011-06-10,858.0,https://www.cftc.gov/files/dea/history/fut_disagg_txt_2026.zip,2026-10-08
cftc_platinum_mm_short,2011-06-14,2011-06-17,1204.0,https://www.cftc.gov/files/dea/history/fut_disagg_txt_2026.zip,2026-10-08
cftc_platinum_mm_short,2011-06-21,2011-06-24,2213.0,https://www.cftc.gov/files/dea/history/fut_disagg_txt_2026.zip,2026-10-08
cftc_platinum_mm_short,2011-06-28,2011-07-01,2519.0,https://www.cftc.gov/files/dea/history/fut_disagg_txt_2026.zip,2026-10-08
cftc_platinum_mm_short,2011-07-05,2011-07-08,2475.0,https://www.cftc.gov/files/dea/history/fut_disagg_txt_2026.zip,2026-10-08
cftc_platinum_mm_short,2011-07-12,2011-07-15,2776.0,https://www.cftc.gov/files/dea/history/fut_disagg_txt_2026.zip,2026-10-08
cftc_platinum_mm_short,2011-07-19,2011-07-22,1472.0,https://www.cftc.gov/files/dea/history/fut_disagg_txt_2026.zip,2026-10-08
cftc_platinum_mm_short,2011-07-26,2011-07-29,1181.0,https://www.cftc.gov/files/dea/history/fut_disagg_txt_2026.zip,2026-10-08
cftc_platinum_mm_short,2011-08-02,2011-08-05,638.0,https://www.cftc.gov/files/dea/history/fut_disagg_txt_2026.zip,2026-10-08
cftc_platinum_mm_short,2011-08-09,2011-08-12,1321.0,https://www.cftc.gov/files/dea/history/fut_disagg_txt_2026.zip,2026-10-08
cftc_platinum_mm_short,2011-08-16,2011-08-19,874.0,https://www.cftc.gov/files/dea/history/fut_disagg_txt_2026.zip,2026-10-08
cftc_platinum_mm_short,2011-08-23,2011-08-26,824.0,https://www.cftc.gov/files/dea/history/fut_disagg_txt_2026.zip,2026-10-08
cftc_platinum_mm_short,2011-08-30,2011-09-02,706.0,https://www.cftc.gov/files/dea/history/fut_disagg_txt_2026.zip,2026-10-08
cftc_platinum_mm_short,2011-09-06,2011-09-09,989.0,https://www.cftc.gov/files/dea/history/fut_disagg_txt_2026.zip,2026-10-08
cftc_platinum_mm_short,2011-09-13,2011-09-16,800.0,https://www.cftc.gov/files/dea/history/fut_disagg_txt_2026.zip,2026-10-08
cftc_platinum_mm_short,2011-09-20,2011-09-23,1355.0,https://www.cftc.gov/files/dea/history/fut_disagg_txt_2026.zip,2026-10-08
cftc_platinum_mm_short,2011-09-27,2011-09-30,1736.0,https://www.cftc.gov/files/dea/history/fut_disagg_txt_2026.zip,2026-10-08
cftc_platinum_mm_short,2011-10-04,2011-10-07,3223.0,https://www.cftc.gov/files/dea/history/fut_disagg_txt_2026.zip,2026-10-08
cftc_platinum_mm_short,2011-10-11,2011-10-14,4144.0,https://www.cftc.gov/files/dea/history/fut_disagg_txt_2026.zip,2026-10-08
cftc_platinum_mm_short,2011-10-18,2011-10-21,3950.0,https://www.cftc.gov/files/dea/history/fut_disagg_txt_2026.zip,2026-10-08
cftc_platinum_mm_short,2011-10-25,2011-10-28,4287.0,https://www.cftc.gov/files/dea/history/fut_disagg_txt_2026.zip,2026-10-08
cftc_platinum_mm_short,2011-11-01,2011-11-04,4011.0,https://www.cftc.gov/files/dea/history/fut_disagg_txt_2026.zip,2026-10-08
cftc_platinum_mm_short,2011-11-08,2011-11-11,3504.0,https://www.cftc.gov/files/dea/history/fut_disagg_txt_2026.zip,2026-10-08
cftc_platinum_mm_short,2011-11-15,2011-11-18,3457.0,https://www.cftc.gov/files/dea/history/fut_disagg_txt_2026.zip,2026-10-08
cftc_platinum_mm_short,2011-11-22,2011-11-25,4247.0,https://www.cftc.gov/files/dea/history/fut_disagg_txt_2026.zip,2026-10-08
cftc_platinum_mm_short,2011-11-29,2011-12-02,4790.0,https://www.cftc.gov/files/dea/history/fut_disagg_txt_2026.zip,2026-10-08
cftc_platinum_mm_short,2011-12-06,2011-12-09,7148.0,https://www.cftc.gov/files/dea/history/fut_disagg_txt_2026.zip,2026-10-08
cftc_platinum_mm_short,2011-12-13,2011-12-16,8177.0,https://www.cftc.gov/files/dea/history/fut_disagg_txt_2026.zip,2026-10-08
cftc_platinum_mm_short,2011-12-20,2011-12-23,8825.0,https://www.cftc.gov/files/dea/history/fut_disagg_txt_2026.zip,2026-10-08
cftc_platinum_mm_short,2011-12-27,2011-12-30,9112.0,https://www.cftc.gov/files/dea/history/fut_disagg_txt_2026.zip,2026-10-08
cftc_platinum_mm_short,2012-01-03,2012-01-06,8927.0,https://www.cftc.gov/files/dea/history/fut_disagg_txt_2026.zip,2026-10-08
cftc_platinum_mm_short,2012-01-10,2012-01-13,8767.0,https://www.cftc.gov/files/dea/history/fut_disagg_txt_2026.zip,2026-10-08
cftc_platinum_mm_short,2012-01-17,2012-01-20,8131.0,https://www.cftc.gov/files/dea/history/fut_disagg_txt_2026.zip,2026-10-08
cftc_platinum_mm_short,2012-01-24,2012-01-27,7144.0,https://www.cftc.gov/files/dea/history/fut_disagg_txt_2026.zip,2026-10-08
cftc_platinum_mm_short,2012-01-31,2012-02-03,5026.0,https://www.cftc.gov/files/dea/history/fut_disagg_txt_2026.zip,2026-10-08
cftc_platinum_mm_short,2012-02-07,2012-02-10,3928.0,https://www.cftc.gov/files/dea/history/fut_disagg_txt_2026.zip,2026-10-08
cftc_platinum_mm_short,2012-02-14,2012-02-17,2150.0,https://www.cftc.gov/files/dea/history/fut_disagg_txt_2026.zip,2026-10-08
cftc_platinum_mm_short,2012-02-21,2012-02-24,1862.0,https://www.cftc.gov/files/dea/history/fut_disagg_txt_2026.zip,2026-10-08
cftc_platinum_mm_short,2012-02-28,2012-03-02,1502.0,https://www.cftc.gov/files/dea/history/fut_disagg_txt_2026.zip,2026-10-08
cftc_platinum_mm_short,2012-03-06,2012-03-09,1311.0,https://www.cftc.gov/files/dea/history/fut_disagg_txt_2026.zip,2026-10-08
cftc_platinum_mm_short,2012-03-13,2012-03-16,1609.0,https://www.cftc.gov/files/dea/history/fut_disagg_txt_2026.zip,2026-10-08
cftc_platinum_mm_short,2012-03-20,2012-03-23,1854.0,https://www.cftc.gov/files/dea/history/fut_disagg_txt_2026.zip,2026-10-08
cftc_platinum_mm_short,2012-03-27,2012-03-30,2668.0,https://www.cftc.gov/files/dea/history/fut_disagg_txt_2026.zip,2026-10-08
cftc_platinum_mm_short,2012-04-03,2012-04-06,1875.0,https://www.cftc.gov/files/dea/history/fut_disagg_txt_2026.zip,2026-10-08
cftc_platinum_mm_short,2012-04-10,2012-04-13,3394.0,https://www.cftc.gov/files/dea/history/fut_disagg_txt_2026.zip,2026-10-08
cftc_platinum_mm_short,2012-04-17,2012-04-20,4791.0,https://www.cftc.gov/files/dea/history/fut_disagg_txt_2026.zip,2026-10-08
cftc_platinum_mm_short,2012-04-24,2012-04-27,7176.0,https://www.cftc.gov/files/dea/history/fut_disagg_txt_2026.zip,2026-10-08
cftc_platinum_mm_short,2012-05-01,2012-05-04,7356.0,https://www.cftc.gov/files/dea/history/fut_disagg_txt_2026.zip,2026-10-08
cftc_platinum_mm_short,2012-05-08,2012-05-11,9193.0,https://www.cftc.gov/files/dea/history/fut_disagg_txt_2026.zip,2026-10-08
cftc_platinum_mm_short,2012-05-15,2012-05-18,11329.0,https://www.cftc.gov/files/dea/history/fut_disagg_txt_2026.zip,2026-10-08
cftc_platinum_mm_short,2012-05-22,2012-05-25,13713.0,https://www.cftc.gov/files/dea/history/fut_disagg_txt_2026.zip,2026-10-08
cftc_platinum_mm_short,2012-05-29,2012-06-01,13909.0,https://www.cftc.gov/files/dea/history/fut_disagg_txt_2026.zip,2026-10-08
cftc_platinum_mm_short,2012-06-05,2012-06-08,14444.0,https://www.cftc.gov/files/dea/history/fut_disagg_txt_2026.zip,2026-10-08
cftc_platinum_mm_short,2012-06-12,2012-06-15,13573.0,https://www.cftc.gov/files/dea/history/fut_disagg_txt_2026.zip,2026-10-08
cftc_platinum_mm_short,2012-06-19,2012-06-22,13065.0,https://www.cftc.gov/files/dea/history/fut_disagg_txt_2026.zip,2026-10-08
cftc_platinum_mm_short,2012-06-26,2012-06-29,13380.0,https://www.cftc.gov/files/dea/history/fut_disagg_txt_2026.zip,2026-10-08
cftc_platinum_mm_short,2012-07-03,2012-07-06,12494.0,https://www.cftc.gov/files/dea/history/fut_disagg_txt_2026.zip,2026-10-08
cftc_platinum_mm_short,2012-07-10,2012-07-13,12438.0,https://www.cftc.gov/files/dea/history/fut_disagg_txt_2026.zip,2026-10-08
cftc_platinum_mm_short,2012-07-17,2012-07-20,13544.0,https://www.cftc.gov/files/dea/history/fut_disagg_txt_2026.zip,2026-10-08
cftc_platinum_mm_short,2012-07-24,2012-07-27,14047.0,https://www.cftc.gov/files/dea/history/fut_disagg_txt_2026.zip,2026-10-08
cftc_platinum_mm_short,2012-07-31,2012-08-03,14518.0,https://www.cftc.gov/files/dea/history/fut_disagg_txt_2026.zip,2026-10-08
cftc_platinum_mm_short,2012-08-07,2012-08-10,14498.0,https://www.cftc.gov/files/dea/history/fut_disagg_txt_2026.zip,2026-10-08
cftc_platinum_mm_short,2012-08-14,2012-08-17,15667.0,https://www.cftc.gov/files/dea/history/fut_disagg_txt_2026.zip,2026-10-08
cftc_platinum_mm_short,2012-08-21,2012-08-24,11709.0,https://www.cftc.gov/files/dea/history/fut_disagg_txt_2026.zip,2026-10-08
cftc_platinum_mm_short,2012-08-28,2012-08-31,8713.0,https://www.cftc.gov/files/dea/history/fut_disagg_txt_2026.zip,2026-10-08
cftc_platinum_mm_short,2012-09-04,2012-09-07,7847.0,https://www.cftc.gov/files/dea/history/fut_disagg_txt_2026.zip,2026-10-08
cftc_platinum_mm_short,2012-09-11,2012-09-14,5639.0,https://www.cftc.gov/files/dea/history/fut_disagg_txt_2026.zip,2026-10-08
cftc_platinum_mm_short,2012-09-18,2012-09-21,4147.0,https://www.cftc.gov/files/dea/history/fut_disagg_txt_2026.zip,2026-10-08
cftc_platinum_mm_short,2012-09-25,2012-09-28,3486.0,https://www.cftc.gov/files/dea/history/fut_disagg_txt_2026.zip,2026-10-08
cftc_platinum_mm_short,2012-10-02,2012-10-05,3141.0,https://www.cftc.gov/files/dea/history/fut_disagg_txt_2026.zip,2026-10-08
cftc_platinum_mm_short,2012-10-09,2012-10-12,3245.0,https://www.cftc.gov/files/dea/history/fut_disagg_txt_2026.zip,2026-10-08
cftc_platinum_mm_short,2012-10-16,2012-10-19,2723.0,https://www.cftc.gov/files/dea/history/fut_disagg_txt_2026.zip,2026-10-08
cftc_platinum_mm_short,2012-10-23,2012-10-26,3497.0,https://www.cftc.gov/files/dea/history/fut_disagg_txt_2026.zip,2026-10-08
cftc_platinum_mm_short,2012-10-30,2012-11-02,4666.0,https://www.cftc.gov/files/dea/history/fut_disagg_txt_2026.zip,2026-10-08
cftc_platinum_mm_short,2012-11-06,2012-11-09,4213.0,https://www.cftc.gov/files/dea/history/fut_disagg_txt_2026.zip,2026-10-08
cftc_platinum_mm_short,2012-11-13,2012-11-16,4927.0,https://www.cftc.gov/files/dea/history/fut_disagg_txt_2026.zip,2026-10-08
cftc_platinum_mm_short,2012-11-20,2012-11-23,4738.0,https://www.cftc.gov/files/dea/history/fut_disagg_txt_2026.zip,2026-10-08
cftc_platinum_mm_short,2012-11-27,2012-11-30,4379.0,https://www.cftc.gov/files/dea/history/fut_disagg_txt_2026.zip,2026-10-08
cftc_platinum_mm_short,2012-12-04,2012-12-07,4312.0,https://www.cftc.gov/files/dea/history/fut_disagg_txt_2026.zip,2026-10-08
cftc_platinum_mm_short,2012-12-11,2012-12-14,3559.0,https://www.cftc.gov/files/dea/history/fut_disagg_txt_2026.zip,2026-10-08
cftc_platinum_mm_short,2012-12-18,2012-12-21,2782.0,https://www.cftc.gov/files/dea/history/fut_disagg_txt_2026.zip,2026-10-08
cftc_platinum_mm_short,2012-12-24,2012-12-27,3686.0,https://www.cftc.gov/files/dea/history/fut_disagg_txt_2026.zip,2026-10-08
cftc_platinum_mm_short,2012-12-31,2013-01-03,4887.0,https://www.cftc.gov/files/dea/history/fut_disagg_txt_2026.zip,2026-10-08
cftc_platinum_mm_short,2013-01-08,2013-01-11,5508.0,https://www.cftc.gov/files/dea/history/fut_disagg_txt_2026.zip,2026-10-08
cftc_platinum_mm_short,2013-01-15,2013-01-18,1999.0,https://www.cftc.gov/files/dea/history/fut_disagg_txt_2026.zip,2026-10-08
cftc_platinum_mm_short,2013-01-22,2013-01-25,2260.0,https://www.cftc.gov/files/dea/history/fut_disagg_txt_2026.zip,2026-10-08
cftc_platinum_mm_short,2013-01-29,2013-02-01,2626.0,https://www.cftc.gov/files/dea/history/fut_disagg_txt_2026.zip,2026-10-08
cftc_platinum_mm_short,2013-02-05,2013-02-08,2965.0,https://www.cftc.gov/files/dea/history/fut_disagg_txt_2026.zip,2026-10-08
cftc_platinum_mm_short,2013-02-12,2013-02-15,1870.0,https://www.cftc.gov/files/dea/history/fut_disagg_txt_2026.zip,2026-10-08
cftc_platinum_mm_short,2013-02-19,2013-02-22,1174.0,https://www.cftc.gov/files/dea/history/fut_disagg_txt_2026.zip,2026-10-08
cftc_platinum_mm_short,2013-02-26,2013-03-01,1608.0,https://www.cftc.gov/files/dea/history/fut_disagg_txt_2026.zip,2026-10-08
cftc_platinum_mm_short,2013-03-05,2013-03-08,1962.0,https://www.cftc.gov/files/dea/history/fut_disagg_txt_2026.zip,2026-10-08
cftc_platinum_mm_short,2013-03-12,2013-03-15,3192.0,https://www.cftc.gov/files/dea/history/fut_disagg_txt_2026.zip,2026-10-08
cftc_platinum_mm_short,2013-03-19,2013-03-22,5119.0,https://www.cftc.gov/files/dea/history/fut_disagg_txt_2026.zip,2026-10-08
cftc_platinum_mm_short,2013-03-26,2013-03-29,6334.0,https://www.cftc.gov/files/dea/history/fut_disagg_txt_2026.zip,2026-10-08
cftc_platinum_mm_short,2013-04-02,2013-04-05,6729.0,https://www.cftc.gov/files/dea/history/fut_disagg_txt_2026.zip,2026-10-08
cftc_platinum_mm_short,2013-04-09,2013-04-12,10001.0,https://www.cftc.gov/files/dea/history/fut_disagg_txt_2026.zip,2026-10-08
cftc_platinum_mm_short,2013-04-16,2013-04-19,9625.0,https://www.cftc.gov/files/dea/history/fut_disagg_txt_2026.zip,2026-10-08
cftc_platinum_mm_short,2013-04-23,2013-04-26,10744.0,https://www.cftc.gov/files/dea/history/fut_disagg_txt_2026.zip,2026-10-08
cftc_platinum_mm_short,2013-04-30,2013-05-03,9329.0,https://www.cftc.gov/files/dea/history/fut_disagg_txt_2026.zip,2026-10-08
cftc_platinum_mm_short,2013-05-07,2013-05-10,9756.0,https://www.cftc.gov/files/dea/history/fut_disagg_txt_2026.zip,2026-10-08
cftc_platinum_mm_short,2013-05-14,2013-05-17,9293.0,https://www.cftc.gov/files/dea/history/fut_disagg_txt_2026.zip,2026-10-08
cftc_platinum_mm_short,2013-05-21,2013-05-24,11265.0,https://www.cftc.gov/files/dea/history/fut_disagg_txt_2026.zip,2026-10-08
cftc_platinum_mm_short,2013-05-28,2013-05-31,12101.0,https://www.cftc.gov/files/dea/history/fut_disagg_txt_2026.zip,2026-10-08
cftc_platinum_mm_short,2013-06-04,2013-06-07,10154.0,https://www.cftc.gov/files/dea/history/fut_disagg_txt_2026.zip,2026-10-08
cftc_platinum_mm_short,2013-06-11,2013-06-14,9362.0,https://www.cftc.gov/files/dea/history/fut_disagg_txt_2026.zip,2026-10-08
cftc_platinum_mm_short,2013-06-18,2013-06-21,12358.0,https://www.cftc.gov/files/dea/history/fut_disagg_txt_2026.zip,2026-10-08
cftc_platinum_mm_short,2013-06-25,2013-06-28,13862.0,https://www.cftc.gov/files/dea/history/fut_disagg_txt_2026.zip,2026-10-08
cftc_platinum_mm_short,2013-07-02,2013-07-05,14447.0,https://www.cftc.gov/files/dea/history/fut_disagg_txt_2026.zip,2026-10-08
cftc_platinum_mm_short,2013-07-09,2013-07-12,14649.0,https://www.cftc.gov/files/dea/history/fut_disagg_txt_2026.zip,2026-10-08
cftc_platinum_mm_short,2013-07-16,2013-07-19,12899.0,https://www.cftc.gov/files/dea/history/fut_disagg_txt_2026.zip,2026-10-08
cftc_platinum_mm_short,2013-07-23,2013-07-26,12012.0,https://www.cftc.gov/files/dea/history/fut_disagg_txt_2026.zip,2026-10-08
cftc_platinum_mm_short,2013-07-30,2013-08-02,10775.0,https://www.cftc.gov/files/dea/history/fut_disagg_txt_2026.zip,2026-10-08
cftc_platinum_mm_short,2013-08-06,2013-08-09,9397.0,https://www.cftc.gov/files/dea/history/fut_disagg_txt_2026.zip,2026-10-08
cftc_platinum_mm_short,2013-08-13,2013-08-16,6215.0,https://www.cftc.gov/files/dea/history/fut_disagg_txt_2026.zip,2026-10-08
cftc_platinum_mm_short,2013-08-20,2013-08-23,5062.0,https://www.cftc.gov/files/dea/history/fut_disagg_txt_2026.zip,2026-10-08
cftc_platinum_mm_short,2013-08-27,2013-08-30,4218.0,https://www.cftc.gov/files/dea/history/fut_disagg_txt_2026.zip,2026-10-08
cftc_platinum_mm_short,2013-09-03,2013-09-06,3900.0,https://www.cftc.gov/files/dea/history/fut_disagg_txt_2026.zip,2026-10-08
cftc_platinum_mm_short,2013-09-10,2013-09-13,4425.0,https://www.cftc.gov/files/dea/history/fut_disagg_txt_2026.zip,2026-10-08
cftc_platinum_mm_short,2013-09-17,2013-09-20,5222.0,https://www.cftc.gov/files/dea/history/fut_disagg_txt_2026.zip,2026-10-08
cftc_platinum_mm_short,2013-09-24,2013-09-27,5576.0,https://www.cftc.gov/files/dea/history/fut_disagg_txt_2026.zip,2026-10-08
cftc_platinum_mm_short,2013-10-01,2013-10-04,8296.0,https://www.cftc.gov/files/dea/history/fut_disagg_txt_2026.zip,2026-10-08
cftc_platinum_mm_short,2013-10-08,2013-10-11,10933.0,https://www.cftc.gov/files/dea/history/fut_disagg_txt_2026.zip,2026-10-08
cftc_platinum_mm_short,2013-10-15,2013-10-18,10680.0,https://www.cftc.gov/files/dea/history/fut_disagg_txt_2026.zip,2026-10-08
cftc_platinum_mm_short,2013-10-22,2013-10-25,8823.0,https://www.cftc.gov/files/dea/history/fut_disagg_txt_2026.zip,2026-10-08
cftc_platinum_mm_short,2013-10-29,2013-11-01,5415.0,https://www.cftc.gov/files/dea/history/fut_disagg_txt_2026.zip,2026-10-08
cftc_platinum_mm_short,2013-11-05,2013-11-08,3197.0,https://www.cftc.gov/files/dea/history/fut_disagg_txt_2026.zip,2026-10-08
cftc_platinum_mm_short,2013-11-12,2013-11-15,3031.0,https://www.cftc.gov/files/dea/history/fut_disagg_txt_2026.zip,2026-10-08
cftc_platinum_mm_short,2013-11-19,2013-11-22,4935.0,https://www.cftc.gov/files/dea/history/fut_disagg_txt_2026.zip,2026-10-08
cftc_platinum_mm_short,2013-11-26,2013-11-29,9993.0,https://www.cftc.gov/files/dea/history/fut_disagg_txt_2026.zip,2026-10-08
cftc_platinum_mm_short,2013-12-03,2013-12-06,13199.0,https://www.cftc.gov/files/dea/history/fut_disagg_txt_2026.zip,2026-10-08
cftc_platinum_mm_short,2013-12-10,2013-12-13,14086.0,https://www.cftc.gov/files/dea/history/fut_disagg_txt_2026.zip,2026-10-08
cftc_platinum_mm_short,2013-12-17,2013-12-20,15342.0,https://www.cftc.gov/files/dea/history/fut_disagg_txt_2026.zip,2026-10-08
cftc_platinum_mm_short,2013-12-24,2013-12-27,16105.0,https://www.cftc.gov/files/dea/history/fut_disagg_txt_2026.zip,2026-10-08
cftc_platinum_mm_short,2013-12-31,2014-01-03,14781.0,https://www.cftc.gov/files/dea/history/fut_disagg_txt_2026.zip,2026-10-08
cftc_platinum_mm_short,2014-01-07,2014-01-10,9767.0,https://www.cftc.gov/files/dea/history/fut_disagg_txt_2026.zip,2026-10-08
cftc_platinum_mm_short,2014-01-14,2014-01-17,6121.0,https://www.cftc.gov/files/dea/history/fut_disagg_txt_2026.zip,2026-10-08
cftc_platinum_mm_short,2014-01-21,2014-01-24,5119.0,https://www.cftc.gov/files/dea/history/fut_disagg_txt_2026.zip,2026-10-08
cftc_platinum_mm_short,2014-01-28,2014-01-31,4863.0,https://www.cftc.gov/files/dea/history/fut_disagg_txt_2026.zip,2026-10-08
cftc_platinum_mm_short,2014-02-04,2014-02-07,7010.0,https://www.cftc.gov/files/dea/history/fut_disagg_txt_2026.zip,2026-10-08
cftc_platinum_mm_short,2014-02-11,2014-02-14,8786.0,https://www.cftc.gov/files/dea/history/fut_disagg_txt_2026.zip,2026-10-08
cftc_platinum_mm_short,2014-02-18,2014-02-21,7424.0,https://www.cftc.gov/files/dea/history/fut_disagg_txt_2026.zip,2026-10-08
cftc_platinum_mm_short,2014-02-25,2014-02-28,7474.0,https://www.cftc.gov/files/dea/history/fut_disagg_txt_2026.zip,2026-10-08
cftc_platinum_mm_short,2014-03-04,2014-03-07,5484.0,https://www.cftc.gov/files/dea/history/fut_disagg_txt_2026.zip,2026-10-08
cftc_platinum_mm_short,2014-03-11,2014-03-14,4233.0,https://www.cftc.gov/files/dea/history/fut_disagg_txt_2026.zip,2026-10-08
cftc_platinum_mm_short,2014-03-18,2014-03-21,5691.0,https://www.cftc.gov/files/dea/history/fut_disagg_txt_2026.zip,2026-10-08
cftc_platinum_mm_short,2014-03-25,2014-03-28,4895.0,https://www.cftc.gov/files/dea/history/fut_disagg_txt_2026.zip,2026-10-08
cftc_platinum_mm_short,2014-04-01,2014-04-04,6187.0,https://www.cftc.gov/files/dea/history/fut_disagg_txt_2026.zip,2026-10-08
cftc_platinum_mm_short,2014-04-08,2014-04-11,5256.0,https://www.cftc.gov/files/dea/history/fut_disagg_txt_2026.zip,2026-10-08
cftc_platinum_mm_short,2014-04-15,2014-04-18,4386.0,https://www.cftc.gov/files/dea/history/fut_disagg_txt_2026.zip,2026-10-08
cftc_platinum_mm_short,2014-04-22,2014-04-25,4181.0,https://www.cftc.gov/files/dea/history/fut_disagg_txt_2026.zip,2026-10-08
cftc_platinum_mm_short,2014-04-29,2014-05-02,4881.0,https://www.cftc.gov/files/dea/history/fut_disagg_txt_2026.zip,2026-10-08
cftc_platinum_mm_short,2014-05-06,2014-05-09,3463.0,https://www.cftc.gov/files/dea/history/fut_disagg_txt_2026.zip,2026-10-08
cftc_platinum_mm_short,2014-05-13,2014-05-16,2957.0,https://www.cftc.gov/files/dea/history/fut_disagg_txt_2026.zip,2026-10-08
cftc_platinum_mm_short,2014-05-20,2014-05-23,2866.0,https://www.cftc.gov/files/dea/history/fut_disagg_txt_2026.zip,2026-10-08
cftc_platinum_mm_short,2014-05-27,2014-05-30,2682.0,https://www.cftc.gov/files/dea/history/fut_disagg_txt_2026.zip,2026-10-08
cftc_platinum_mm_short,2014-06-03,2014-06-06,2201.0,https://www.cftc.gov/files/dea/history/fut_disagg_txt_2026.zip,2026-10-08
cftc_platinum_mm_short,2014-06-10,2014-06-13,3060.0,https://www.cftc.gov/files/dea/history/fut_disagg_txt_2026.zip,2026-10-08
cftc_platinum_mm_short,2014-06-17,2014-06-20,3376.0,https://www.cftc.gov/files/dea/history/fut_disagg_txt_2026.zip,2026-10-08
cftc_platinum_mm_short,2014-06-24,2014-06-27,2455.0,https://www.cftc.gov/files/dea/history/fut_disagg_txt_2026.zip,2026-10-08
cftc_platinum_mm_short,2014-07-01,2014-07-04,2209.0,https://www.cftc.gov/files/dea/history/fut_disagg_txt_2026.zip,2026-10-08
cftc_platinum_mm_short,2014-07-08,2014-07-11,2253.0,https://www.cftc.gov/files/dea/history/fut_disagg_txt_2026.zip,2026-10-08
cftc_platinum_mm_short,2014-07-15,2014-07-18,3419.0,https://www.cftc.gov/files/dea/history/fut_disagg_txt_2026.zip,2026-10-08
cftc_platinum_mm_short,2014-07-22,2014-07-25,3009.0,https://www.cftc.gov/files/dea/history/fut_disagg_txt_2026.zip,2026-10-08
cftc_platinum_mm_short,2014-07-29,2014-08-01,1823.0,https://www.cftc.gov/files/dea/history/fut_disagg_txt_2026.zip,2026-10-08
cftc_platinum_mm_short,2014-08-05,2014-08-08,2203.0,https://www.cftc.gov/files/dea/history/fut_disagg_txt_2026.zip,2026-10-08
cftc_platinum_mm_short,2014-08-12,2014-08-15,1428.0,https://www.cftc.gov/files/dea/history/fut_disagg_txt_2026.zip,2026-10-08
cftc_platinum_mm_short,2014-08-19,2014-08-22,2119.0,https://www.cftc.gov/files/dea/history/fut_disagg_txt_2026.zip,2026-10-08
cftc_platinum_mm_short,2014-08-26,2014-08-29,5435.0,https://www.cftc.gov/files/dea/history/fut_disagg_txt_2026.zip,2026-10-08
cftc_platinum_mm_short,2014-09-02,2014-09-05,7186.0,https://www.cftc.gov/files/dea/history/fut_disagg_txt_2026.zip,2026-10-08
cftc_platinum_mm_short,2014-09-09,2014-09-12,8919.0,https://www.cftc.gov/files/dea/history/fut_disagg_txt_2026.zip,2026-10-08
cftc_platinum_mm_short,2014-09-16,2014-09-19,10026.0,https://www.cftc.gov/files/dea/history/fut_disagg_txt_2026.zip,2026-10-08
cftc_platinum_mm_short,2014-09-23,2014-09-26,12368.0,https://www.cftc.gov/files/dea/history/fut_disagg_txt_2026.zip,2026-10-08
cftc_platinum_mm_short,2014-09-30,2014-10-03,13693.0,https://www.cftc.gov/files/dea/history/fut_disagg_txt_2026.zip,2026-10-08
cftc_platinum_mm_short,2014-10-07,2014-10-10,12758.0,https://www.cftc.gov/files/dea/history/fut_disagg_txt_2026.zip,2026-10-08
cftc_platinum_mm_short,2014-10-14,2014-10-17,12555.0,https://www.cftc.gov/files/dea/history/fut_disagg_txt_2026.zip,2026-10-08
cftc_platinum_mm_short,2014-10-21,2014-10-24,14664.0,https://www.cftc.gov/files/dea/history/fut_disagg_txt_2026.zip,2026-10-08
cftc_platinum_mm_short,2014-10-28,2014-10-31,15194.0,https://www.cftc.gov/files/dea/history/fut_disagg_txt_2026.zip,2026-10-08
cftc_platinum_mm_short,2014-11-04,2014-11-07,15086.0,https://www.cftc.gov/files/dea/history/fut_disagg_txt_2026.zip,2026-10-08
cftc_platinum_mm_short,2014-11-11,2014-11-14,14403.0,https://www.cftc.gov/files/dea/history/fut_disagg_txt_2026.zip,2026-10-08
cftc_platinum_mm_short,2014-11-18,2014-11-21,16953.0,https://www.cftc.gov/files/dea/history/fut_disagg_txt_2026.zip,2026-10-08
cftc_platinum_mm_short,2014-11-25,2014-11-28,15729.0,https://www.cftc.gov/files/dea/history/fut_disagg_txt_2026.zip,2026-10-08
cftc_platinum_mm_short,2014-12-02,2014-12-05,12584.0,https://www.cftc.gov/files/dea/history/fut_disagg_txt_2026.zip,2026-10-08
cftc_platinum_mm_short,2014-12-09,2014-12-12,11523.0,https://www.cftc.gov/files/dea/history/fut_disagg_txt_2026.zip,2026-10-08
cftc_platinum_mm_short,2014-12-16,2014-12-19,12928.0,https://www.cftc.gov/files/dea/history/fut_disagg_txt_2026.zip,2026-10-08
cftc_platinum_mm_short,2014-12-23,2014-12-26,13393.0,https://www.cftc.gov/files/dea/history/fut_disagg_txt_2026.zip,2026-10-08
cftc_platinum_mm_short,2014-12-30,2015-01-02,13216.0,https://www.cftc.gov/files/dea/history/fut_disagg_txt_2026.zip,2026-10-08
cftc_platinum_mm_short,2015-01-06,2015-01-09,14807.0,https://www.cftc.gov/files/dea/history/fut_disagg_txt_2026.zip,2026-10-08
cftc_platinum_mm_short,2015-01-13,2015-01-16,13894.0,https://www.cftc.gov/files/dea/history/fut_disagg_txt_2026.zip,2026-10-08
cftc_platinum_mm_short,2015-01-20,2015-01-23,11385.0,https://www.cftc.gov/files/dea/history/fut_disagg_txt_2026.zip,2026-10-08
cftc_platinum_mm_short,2015-01-27,2015-01-30,8713.0,https://www.cftc.gov/files/dea/history/fut_disagg_txt_2026.zip,2026-10-08
cftc_platinum_mm_short,2015-02-03,2015-02-06,9790.0,https://www.cftc.gov/files/dea/history/fut_disagg_txt_2026.zip,2026-10-08
cftc_platinum_mm_short,2015-02-10,2015-02-13,10296.0,https://www.cftc.gov/files/dea/history/fut_disagg_txt_2026.zip,2026-10-08
cftc_platinum_mm_short,2015-02-17,2015-02-20,13216.0,https://www.cftc.gov/files/dea/history/fut_disagg_txt_2026.zip,2026-10-08
cftc_platinum_mm_short,2015-02-24,2015-02-27,16260.0,https://www.cftc.gov/files/dea/history/fut_disagg_txt_2026.zip,2026-10-08
cftc_platinum_mm_short,2015-03-03,2015-03-06,17115.0,https://www.cftc.gov/files/dea/history/fut_disagg_txt_2026.zip,2026-10-08
cftc_platinum_mm_short,2015-03-10,2015-03-13,18831.0,https://www.cftc.gov/files/dea/history/fut_disagg_txt_2026.zip,2026-10-08
cftc_platinum_mm_short,2015-03-17,2015-03-20,22183.0,https://www.cftc.gov/files/dea/history/fut_disagg_txt_2026.zip,2026-10-08
cftc_platinum_mm_short,2015-03-24,2015-03-27,22343.0,https://www.cftc.gov/files/dea/history/fut_disagg_txt_2026.zip,2026-10-08
cftc_platinum_mm_short,2015-03-31,2015-04-03,19094.0,https://www.cftc.gov/files/dea/history/fut_disagg_txt_2026.zip,2026-10-08
cftc_platinum_mm_short,2015-04-07,2015-04-10,16133.0,https://www.cftc.gov/files/dea/history/fut_disagg_txt_2026.zip,2026-10-08
cftc_platinum_mm_short,2015-04-14,2015-04-17,16591.0,https://www.cftc.gov/files/dea/history/fut_disagg_txt_2026.zip,2026-10-08
cftc_platinum_mm_short,2015-04-21,2015-04-24,18213.0,https://www.cftc.gov/files/dea/history/fut_disagg_txt_2026.zip,2026-10-08
cftc_platinum_mm_short,2015-04-28,2015-05-01,19864.0,https://www.cftc.gov/files/dea/history/fut_disagg_txt_2026.zip,2026-10-08
cftc_platinum_mm_short,2015-05-05,2015-05-08,17988.0,https://www.cftc.gov/files/dea/history/fut_disagg_txt_2026.zip,2026-10-08
cftc_platinum_mm_short,2015-05-12,2015-05-15,19560.0,https://www.cftc.gov/files/dea/history/fut_disagg_txt_2026.zip,2026-10-08
cftc_platinum_mm_short,2015-05-19,2015-05-22,15621.0,https://www.cftc.gov/files/dea/history/fut_disagg_txt_2026.zip,2026-10-08
cftc_platinum_mm_short,2015-05-26,2015-05-29,16867.0,https://www.cftc.gov/files/dea/history/fut_disagg_txt_2026.zip,2026-10-08
cftc_platinum_mm_short,2015-06-02,2015-06-05,22168.0,https://www.cftc.gov/files/dea/history/fut_disagg_txt_2026.zip,2026-10-08
cftc_platinum_mm_short,2015-06-09,2015-06-12,24520.0,https://www.cftc.gov/files/dea/history/fut_disagg_txt_2026.zip,2026-10-08
cftc_platinum_mm_short,2015-06-16,2015-06-19,26990.0,https://www.cftc.gov/files/dea/history/fut_disagg_txt_2026.zip,2026-10-08
cftc_platinum_mm_short,2015-06-23,2015-06-26,28667.0,https://www.cftc.gov/files/dea/history/fut_disagg_txt_2026.zip,2026-10-08
cftc_platinum_mm_short,2015-06-30,2015-07-03,26203.0,https://www.cftc.gov/files/dea/history/fut_disagg_txt_2026.zip,2026-10-08
cftc_platinum_mm_short,2015-07-07,2015-07-10,26267.0,https://www.cftc.gov/files/dea/history/fut_disagg_txt_2026.zip,2026-10-08
cftc_platinum_mm_short,2015-07-14,2015-07-17,28100.0,https://www.cftc.gov/files/dea/history/fut_disagg_txt_2026.zip,2026-10-08
cftc_platinum_mm_short,2015-07-21,2015-07-24,29607.0,https://www.cftc.gov/files/dea/history/fut_disagg_txt_2026.zip,2026-10-08
cftc_platinum_mm_short,2015-07-28,2015-07-31,29658.0,https://www.cftc.gov/files/dea/history/fut_disagg_txt_2026.zip,2026-10-08
cftc_platinum_mm_short,2015-08-04,2015-08-07,29446.0,https://www.cftc.gov/files/dea/history/fut_disagg_txt_2026.zip,2026-10-08
cftc_platinum_mm_short,2015-08-11,2015-08-14,28456.0,https://www.cftc.gov/files/dea/history/fut_disagg_txt_2026.zip,2026-10-08
cftc_platinum_mm_short,2015-08-18,2015-08-21,27259.0,https://www.cftc.gov/files/dea/history/fut_disagg_txt_2026.zip,2026-10-08
cftc_platinum_mm_short,2015-08-25,2015-08-28,23257.0,https://www.cftc.gov/files/dea/history/fut_disagg_txt_2026.zip,2026-10-08
cftc_platinum_mm_short,2015-09-01,2015-09-04,19705.0,https://www.cftc.gov/files/dea/history/fut_disagg_txt_2026.zip,2026-10-08
cftc_platinum_mm_short,2015-09-08,2015-09-11,18682.0,https://www.cftc.gov/files/dea/history/fut_disagg_txt_2026.zip,2026-10-08
cftc_platinum_mm_short,2015-09-15,2015-09-18,21091.0,https://www.cftc.gov/files/dea/history/fut_disagg_txt_2026.zip,2026-10-08
cftc_platinum_mm_short,2015-09-22,2015-09-25,22324.0,https://www.cftc.gov/files/dea/history/fut_disagg_txt_2026.zip,2026-10-08
cftc_platinum_mm_short,2015-09-29,2015-10-02,22653.0,https://www.cftc.gov/files/dea/history/fut_disagg_txt_2026.zip,2026-10-08
cftc_platinum_mm_short,2015-10-06,2015-10-09,21339.0,https://www.cftc.gov/files/dea/history/fut_disagg_txt_2026.zip,2026-10-08
cftc_platinum_mm_short,2015-10-13,2015-10-16,15808.0,https://www.cftc.gov/files/dea/history/fut_disagg_txt_2026.zip,2026-10-08
cftc_platinum_mm_short,2015-10-20,2015-10-23,13090.0,https://www.cftc.gov/files/dea/history/fut_disagg_txt_2026.zip,2026-10-08
cftc_platinum_mm_short,2015-10-27,2015-10-30,11829.0,https://www.cftc.gov/files/dea/history/fut_disagg_txt_2026.zip,2026-10-08
cftc_platinum_mm_short,2015-11-03,2015-11-06,10273.0,https://www.cftc.gov/files/dea/history/fut_disagg_txt_2026.zip,2026-10-08
cftc_platinum_mm_short,2015-11-10,2015-11-13,13242.0,https://www.cftc.gov/files/dea/history/fut_disagg_txt_2026.zip,2026-10-08
cftc_platinum_mm_short,2015-11-17,2015-11-20,20410.0,https://www.cftc.gov/files/dea/history/fut_disagg_txt_2026.zip,2026-10-08
cftc_platinum_mm_short,2015-11-24,2015-11-27,23647.0,https://www.cftc.gov/files/dea/history/fut_disagg_txt_2026.zip,2026-10-08
cftc_platinum_mm_short,2015-12-01,2015-12-04,24016.0,https://www.cftc.gov/files/dea/history/fut_disagg_txt_2026.zip,2026-10-08
cftc_platinum_mm_short,2015-12-08,2015-12-11,22353.0,https://www.cftc.gov/files/dea/history/fut_disagg_txt_2026.zip,2026-10-08
cftc_platinum_mm_short,2015-12-15,2015-12-18,22331.0,https://www.cftc.gov/files/dea/history/fut_disagg_txt_2026.zip,2026-10-08
cftc_platinum_mm_short,2015-12-22,2015-12-25,18531.0,https://www.cftc.gov/files/dea/history/fut_disagg_txt_2026.zip,2026-10-08
cftc_platinum_mm_short,2015-12-29,2016-01-01,17299.0,https://www.cftc.gov/files/dea/history/fut_disagg_txt_2026.zip,2026-10-08
cftc_platinum_mm_short,2016-01-05,2016-01-08,15995.0,https://www.cftc.gov/files/dea/history/fut_disagg_txt_2026.zip,2026-10-08
cftc_platinum_mm_short,2016-01-12,2016-01-15,17657.0,https://www.cftc.gov/files/dea/history/fut_disagg_txt_2026.zip,2026-10-08
cftc_platinum_mm_short,2016-01-19,2016-01-22,20787.0,https://www.cftc.gov/files/dea/history/fut_disagg_txt_2026.zip,2026-10-08
cftc_platinum_mm_short,2016-01-26,2016-01-29,19254.0,https://www.cftc.gov/files/dea/history/fut_disagg_txt_2026.zip,2026-10-08
cftc_platinum_mm_short,2016-02-02,2016-02-05,17410.0,https://www.cftc.gov/files/dea/history/fut_disagg_txt_2026.zip,2026-10-08
cftc_platinum_mm_short,2016-02-09,2016-02-12,12712.0,https://www.cftc.gov/files/dea/history/fut_disagg_txt_2026.zip,2026-10-08
cftc_platinum_mm_short,2016-02-16,2016-02-19,9834.0,https://www.cftc.gov/files/dea/history/fut_disagg_txt_2026.zip,2026-10-08
cftc_platinum_mm_short,2016-02-23,2016-02-26,8409.0,https://www.cftc.gov/files/dea/history/fut_disagg_txt_2026.zip,2026-10-08
cftc_platinum_mm_short,2016-03-01,2016-03-04,7447.0,https://www.cftc.gov/files/dea/history/fut_disagg_txt_2026.zip,2026-10-08
cftc_platinum_mm_short,2016-03-08,2016-03-11,6961.0,https://www.cftc.gov/files/dea/history/fut_disagg_txt_2026.zip,2026-10-08
cftc_platinum_mm_short,2016-03-15,2016-03-18,8151.0,https://www.cftc.gov/files/dea/history/fut_disagg_txt_2026.zip,2026-10-08
cftc_platinum_mm_short,2016-03-22,2016-03-25,7372.0,https://www.cftc.gov/files/dea/history/fut_disagg_txt_2026.zip,2026-10-08
cftc_platinum_mm_short,2016-03-29,2016-04-01,7871.0,https://www.cftc.gov/files/dea/history/fut_disagg_txt_2026.zip,2026-10-08
cftc_platinum_mm_short,2016-04-05,2016-04-08,7746.0,https://www.cftc.gov/files/dea/history/fut_disagg_txt_2026.zip,2026-10-08
cftc_platinum_mm_short,2016-04-12,2016-04-15,6801.0,https://www.cftc.gov/files/dea/history/fut_disagg_txt_2026.zip,2026-10-08
cftc_platinum_mm_short,2016-04-19,2016-04-22,7509.0,https://www.cftc.gov/files/dea/history/fut_disagg_txt_2026.zip,2026-10-08
cftc_platinum_mm_short,2016-04-26,2016-04-29,6628.0,https://www.cftc.gov/files/dea/history/fut_disagg_txt_2026.zip,2026-10-08
cftc_platinum_mm_short,2016-05-03,2016-05-06,5712.0,https://www.cftc.gov/files/dea/history/fut_disagg_txt_2026.zip,2026-10-08
cftc_platinum_mm_short,2016-05-10,2016-05-13,6443.0,https://www.cftc.gov/files/dea/history/fut_disagg_txt_2026.zip,2026-10-08
cftc_platinum_mm_short,2016-05-17,2016-05-20,7820.0,https://www.cftc.gov/files/dea/history/fut_disagg_txt_2026.zip,2026-10-08
cftc_platinum_mm_short,2016-05-24,2016-05-27,7716.0,https://www.cftc.gov/files/dea/history/fut_disagg_txt_2026.zip,2026-10-08
cftc_platinum_mm_short,2016-05-31,2016-06-03,9264.0,https://www.cftc.gov/files/dea/history/fut_disagg_txt_2026.zip,2026-10-08
cftc_platinum_mm_short,2016-06-07,2016-06-10,10031.0,https://www.cftc.gov/files/dea/history/fut_disagg_txt_2026.zip,2026-10-08
cftc_platinum_mm_short,2016-06-14,2016-06-17,11390.0,https://www.cftc.gov/files/dea/history/fut_disagg_txt_2026.zip,2026-10-08
cftc_platinum_mm_short,2016-06-21,2016-06-24,10890.0,https://www.cftc.gov/files/dea/history/fut_disagg_txt_2026.zip,2026-10-08
cftc_platinum_mm_short,2016-06-28,2016-07-01,10529.0,https://www.cftc.gov/files/dea/history/fut_disagg_txt_2026.zip,2026-10-08
cftc_platinum_mm_short,2016-07-05,2016-07-08,7513.0,https://www.cftc.gov/files/dea/history/fut_disagg_txt_2026.zip,2026-10-08
cftc_platinum_mm_short,2016-07-12,2016-07-15,7418.0,https://www.cftc.gov/files/dea/history/fut_disagg_txt_2026.zip,2026-10-08
cftc_platinum_mm_short,2016-07-19,2016-07-22,6889.0,https://www.cftc.gov/files/dea/history/fut_disagg_txt_2026.zip,2026-10-08
cftc_platinum_mm_short,2016-07-26,2016-07-29,6559.0,https://www.cftc.gov/files/dea/history/fut_disagg_txt_2026.zip,2026-10-08
cftc_platinum_mm_short,2016-08-02,2016-08-05,6645.0,https://www.cftc.gov/files/dea/history/fut_disagg_txt_2026.zip,2026-10-08
cftc_platinum_mm_short,2016-08-09,2016-08-12,5738.0,https://www.cftc.gov/files/dea/history/fut_disagg_txt_2026.zip,2026-10-08
cftc_platinum_mm_short,2016-08-16,2016-08-19,7299.0,https://www.cftc.gov/files/dea/history/fut_disagg_txt_2026.zip,2026-10-08
cftc_platinum_mm_short,2016-08-23,2016-08-26,7397.0,https://www.cftc.gov/files/dea/history/fut_disagg_txt_2026.zip,2026-10-08
cftc_platinum_mm_short,2016-08-30,2016-09-02,8290.0,https://www.cftc.gov/files/dea/history/fut_disagg_txt_2026.zip,2026-10-08
cftc_platinum_mm_short,2016-09-06,2016-09-09,8157.0,https://www.cftc.gov/files/dea/history/fut_disagg_txt_2026.zip,2026-10-08
cftc_platinum_mm_short,2016-09-13,2016-09-16,9694.0,https://www.cftc.gov/files/dea/history/fut_disagg_txt_2026.zip,2026-10-08
cftc_platinum_mm_short,2016-09-20,2016-09-23,9892.0,https://www.cftc.gov/files/dea/history/fut_disagg_txt_2026.zip,2026-10-08
cftc_platinum_mm_short,2016-09-27,2016-09-30,10146.0,https://www.cftc.gov/files/dea/history/fut_disagg_txt_2026.zip,2026-10-08
cftc_platinum_mm_short,2016-10-04,2016-10-07,13552.0,https://www.cftc.gov/files/dea/history/fut_disagg_txt_2026.zip,2026-10-08
cftc_platinum_mm_short,2016-10-11,2016-10-14,16958.0,https://www.cftc.gov/files/dea/history/fut_disagg_txt_2026.zip,2026-10-08
cftc_platinum_mm_short,2016-10-18,2016-10-21,20764.0,https://www.cftc.gov/files/dea/history/fut_disagg_txt_2026.zip,2026-10-08
cftc_platinum_mm_short,2016-10-25,2016-10-28,22980.0,https://www.cftc.gov/files/dea/history/fut_disagg_txt_2026.zip,2026-10-08
cftc_platinum_mm_short,2016-11-01,2016-11-04,22604.0,https://www.cftc.gov/files/dea/history/fut_disagg_txt_2026.zip,2026-10-08
cftc_platinum_mm_short,2016-11-08,2016-11-11,14854.0,https://www.cftc.gov/files/dea/history/fut_disagg_txt_2026.zip,2026-10-08
cftc_platinum_mm_short,2016-11-15,2016-11-18,15521.0,https://www.cftc.gov/files/dea/history/fut_disagg_txt_2026.zip,2026-10-08
cftc_platinum_mm_short,2016-11-22,2016-11-25,18153.0,https://www.cftc.gov/files/dea/history/fut_disagg_txt_2026.zip,2026-10-08
cftc_platinum_mm_short,2016-11-29,2016-12-02,20607.0,https://www.cftc.gov/files/dea/history/fut_disagg_txt_2026.zip,2026-10-08
cftc_platinum_mm_short,2016-12-06,2016-12-09,18649.0,https://www.cftc.gov/files/dea/history/fut_disagg_txt_2026.zip,2026-10-08
cftc_platinum_mm_short,2016-12-13,2016-12-16,15645.0,https://www.cftc.gov/files/dea/history/fut_disagg_txt_2026.zip,2026-10-08
cftc_platinum_mm_short,2016-12-20,2016-12-23,12860.0,https://www.cftc.gov/files/dea/history/fut_disagg_txt_2026.zip,2026-10-08
cftc_platinum_mm_short,2016-12-27,2016-12-30,13775.0,https://www.cftc.gov/files/dea/history/fut_disagg_txt_2026.zip,2026-10-08
cftc_platinum_mm_short,2017-01-03,2017-01-06,15343.0,https://www.cftc.gov/files/dea/history/fut_disagg_txt_2026.zip,2026-10-08
cftc_platinum_mm_short,2017-01-10,2017-01-13,8956.0,https://www.cftc.gov/files/dea/history/fut_disagg_txt_2026.zip,2026-10-08
cftc_platinum_mm_short,2017-01-17,2017-01-20,7733.0,https://www.cftc.gov/files/dea/history/fut_disagg_txt_2026.zip,2026-10-08
cftc_platinum_mm_short,2017-01-24,2017-01-27,5886.0,https://www.cftc.gov/files/dea/history/fut_disagg_txt_2026.zip,2026-10-08
cftc_platinum_mm_short,2017-01-31,2017-02-03,4926.0,https://www.cftc.gov/files/dea/history/fut_disagg_txt_2026.zip,2026-10-08
cftc_platinum_mm_short,2017-02-07,2017-02-10,3512.0,https://www.cftc.gov/files/dea/history/fut_disagg_txt_2026.zip,2026-10-08
cftc_platinum_mm_short,2017-02-14,2017-02-17,3449.0,https://www.cftc.gov/files/dea/history/fut_disagg_txt_2026.zip,2026-10-08
cftc_platinum_mm_short,2017-02-21,2017-02-24,3562.0,https://www.cftc.gov/files/dea/history/fut_disagg_txt_2026.zip,2026-10-08
cftc_platinum_mm_short,2017-02-28,2017-03-03,2598.0,https://www.cftc.gov/files/dea/history/fut_disagg_txt_2026.zip,2026-10-08
cftc_platinum_mm_short,2017-03-07,2017-03-10,3248.0,https://www.cftc.gov/files/dea/history/fut_disagg_txt_2026.zip,2026-10-08
cftc_platinum_mm_short,2017-03-14,2017-03-17,8541.0,https://www.cftc.gov/files/dea/history/fut_disagg_txt_2026.zip,2026-10-08
cftc_platinum_mm_short,2017-03-21,2017-03-24,10338.0,https://www.cftc.gov/files/dea/history/fut_disagg_txt_2026.zip,2026-10-08
cftc_platinum_mm_short,2017-03-28,2017-03-31,11544.0,https://www.cftc.gov/files/dea/history/fut_disagg_txt_2026.zip,2026-10-08
cftc_platinum_mm_short,2017-04-04,2017-04-07,14249.0,https://www.cftc.gov/files/dea/history/fut_disagg_txt_2026.zip,2026-10-08
cftc_platinum_mm_short,2017-04-11,2017-04-14,15441.0,https://www.cftc.gov/files/dea/history/fut_disagg_txt_2026.zip,2026-10-08
cftc_platinum_mm_short,2017-04-18,2017-04-21,13835.0,https://www.cftc.gov/files/dea/history/fut_disagg_txt_2026.zip,2026-10-08
cftc_platinum_mm_short,2017-04-25,2017-04-28,14033.0,https://www.cftc.gov/files/dea/history/fut_disagg_txt_2026.zip,2026-10-08
cftc_platinum_mm_short,2017-05-02,2017-05-05,24479.0,https://www.cftc.gov/files/dea/history/fut_disagg_txt_2026.zip,2026-10-08
cftc_platinum_mm_short,2017-05-09,2017-05-12,33009.0,https://www.cftc.gov/files/dea/history/fut_disagg_txt_2026.zip,2026-10-08
cftc_platinum_mm_short,2017-05-16,2017-05-19,31718.0,https://www.cftc.gov/files/dea/history/fut_disagg_txt_2026.zip,2026-10-08
cftc_platinum_mm_short,2017-05-23,2017-05-26,27425.0,https://www.cftc.gov/files/dea/history/fut_disagg_txt_2026.zip,2026-10-08
cftc_platinum_mm_short,2017-05-30,2017-06-02,24622.0,https://www.cftc.gov/files/dea/history/fut_disagg_txt_2026.zip,2026-10-08
cftc_platinum_mm_short,2017-06-06,2017-06-09,23104.0,https://www.cftc.gov/files/dea/history/fut_disagg_txt_2026.zip,2026-10-08
cftc_platinum_mm_short,2017-06-13,2017-06-16,28904.0,https://www.cftc.gov/files/dea/history/fut_disagg_txt_2026.zip,2026-10-08
cftc_platinum_mm_short,2017-06-20,2017-06-23,29885.0,https://www.cftc.gov/files/dea/history/fut_disagg_txt_2026.zip,2026-10-08
cftc_platinum_mm_short,2017-06-27,2017-06-30,32830.0,https://www.cftc.gov/files/dea/history/fut_disagg_txt_2026.zip,2026-10-08
cftc_platinum_mm_short,2017-07-03,2017-07-06,33515.0,https://www.cftc.gov/files/dea/history/fut_disagg_txt_2026.zip,2026-10-08
cftc_platinum_mm_short,2017-07-11,2017-07-14,35561.0,https://www.cftc.gov/files/dea/history/fut_disagg_txt_2026.zip,2026-10-08
cftc_platinum_mm_short,2017-07-18,2017-07-21,32352.0,https://www.cftc.gov/files/dea/history/fut_disagg_txt_2026.zip,2026-10-08
cftc_platinum_mm_short,2017-07-25,2017-07-28,30354.0,https://www.cftc.gov/files/dea/history/fut_disagg_txt_2026.zip,2026-10-08
cftc_platinum_mm_short,2017-08-01,2017-08-04,29138.0,https://www.cftc.gov/files/dea/history/fut_disagg_txt_2026.zip,2026-10-08
cftc_platinum_mm_short,2017-08-08,2017-08-11,18816.0,https://www.cftc.gov/files/dea/history/fut_disagg_txt_2026.zip,2026-10-08
cftc_platinum_mm_short,2017-08-15,2017-08-18,14731.0,https://www.cftc.gov/files/dea/history/fut_disagg_txt_2026.zip,2026-10-08
cftc_platinum_mm_short,2017-08-22,2017-08-25,12348.0,https://www.cftc.gov/files/dea/history/fut_disagg_txt_2026.zip,2026-10-08
cftc_platinum_mm_short,2017-08-29,2017-09-01,11425.0,https://www.cftc.gov/files/dea/history/fut_disagg_txt_2026.zip,2026-10-08
cftc_platinum_mm_short,2017-09-05,2017-09-08,11959.0,https://www.cftc.gov/files/dea/history/fut_disagg_txt_2026.zip,2026-10-08
cftc_platinum_mm_short,2017-09-12,2017-09-15,12060.0,https://www.cftc.gov/files/dea/history/fut_disagg_txt_2026.zip,2026-10-08
cftc_platinum_mm_short,2017-09-19,2017-09-22,11628.0,https://www.cftc.gov/files/dea/history/fut_disagg_txt_2026.zip,2026-10-08
cftc_platinum_mm_short,2017-09-26,2017-09-29,14556.0,https://www.cftc.gov/files/dea/history/fut_disagg_txt_2026.zip,2026-10-08
cftc_platinum_mm_short,2017-10-03,2017-10-06,20162.0,https://www.cftc.gov/files/dea/history/fut_disagg_txt_2026.zip,2026-10-08
cftc_platinum_mm_short,2017-10-10,2017-10-13,26241.0,https://www.cftc.gov/files/dea/history/fut_disagg_txt_2026.zip,2026-10-08
cftc_platinum_mm_short,2017-10-17,2017-10-20,24661.0,https://www.cftc.gov/files/dea/history/fut_disagg_txt_2026.zip,2026-10-08
cftc_platinum_mm_short,2017-10-24,2017-10-27,25365.0,https://www.cftc.gov/files/dea/history/fut_disagg_txt_2026.zip,2026-10-08
cftc_platinum_mm_short,2017-10-31,2017-11-03,26246.0,https://www.cftc.gov/files/dea/history/fut_disagg_txt_2026.zip,2026-10-08
cftc_platinum_mm_short,2017-11-07,2017-11-10,25637.0,https://www.cftc.gov/files/dea/history/fut_disagg_txt_2026.zip,2026-10-08
cftc_platinum_mm_short,2017-11-14,2017-11-17,24080.0,https://www.cftc.gov/files/dea/history/fut_disagg_txt_2026.zip,2026-10-08
cftc_platinum_mm_short,2017-11-21,2017-11-24,22591.0,https://www.cftc.gov/files/dea/history/fut_disagg_txt_2026.zip,2026-10-08
cftc_platinum_mm_short,2017-11-28,2017-12-01,17621.0,https://www.cftc.gov/files/dea/history/fut_disagg_txt_2026.zip,2026-10-08
cftc_platinum_mm_short,2017-12-05,2017-12-08,20490.0,https://www.cftc.gov/files/dea/history/fut_disagg_txt_2026.zip,2026-10-08
cftc_platinum_mm_short,2017-12-12,2017-12-15,34934.0,https://www.cftc.gov/files/dea/history/fut_disagg_txt_2026.zip,2026-10-08
cftc_platinum_mm_short,2017-12-19,2017-12-22,35576.0,https://www.cftc.gov/files/dea/history/fut_disagg_txt_2026.zip,2026-10-08
cftc_platinum_mm_short,2017-12-26,2017-12-29,33014.0,https://www.cftc.gov/files/dea/history/fut_disagg_txt_2026.zip,2026-10-08
cftc_platinum_mm_short,2018-01-02,2018-01-05,30294.0,https://www.cftc.gov/files/dea/history/fut_disagg_txt_2026.zip,2026-10-08
cftc_platinum_mm_short,2018-01-09,2018-01-12,17890.0,https://www.cftc.gov/files/dea/history/fut_disagg_txt_2026.zip,2026-10-08
cftc_platinum_mm_short,2018-01-16,2018-01-19,15388.0,https://www.cftc.gov/files/dea/history/fut_disagg_txt_2026.zip,2026-10-08
cftc_platinum_mm_short,2018-01-23,2018-01-26,14352.0,https://www.cftc.gov/files/dea/history/fut_disagg_txt_2026.zip,2026-10-08
cftc_platinum_mm_short,2018-01-30,2018-02-02,13239.0,https://www.cftc.gov/files/dea/history/fut_disagg_txt_2026.zip,2026-10-08
cftc_platinum_mm_short,2018-02-06,2018-02-09,14189.0,https://www.cftc.gov/files/dea/history/fut_disagg_txt_2026.zip,2026-10-08
cftc_platinum_mm_short,2018-02-13,2018-02-16,12619.0,https://www.cftc.gov/files/dea/history/fut_disagg_txt_2026.zip,2026-10-08
cftc_platinum_mm_short,2018-02-20,2018-02-23,12634.0,https://www.cftc.gov/files/dea/history/fut_disagg_txt_2026.zip,2026-10-08
cftc_platinum_mm_short,2018-02-27,2018-03-02,12810.0,https://www.cftc.gov/files/dea/history/fut_disagg_txt_2026.zip,2026-10-08
cftc_platinum_mm_short,2018-03-06,2018-03-09,10963.0,https://www.cftc.gov/files/dea/history/fut_disagg_txt_2026.zip,2026-10-08
cftc_platinum_mm_short,2018-03-13,2018-03-16,10691.0,https://www.cftc.gov/files/dea/history/fut_disagg_txt_2026.zip,2026-10-08
cftc_platinum_mm_short,2018-03-20,2018-03-23,12232.0,https://www.cftc.gov/files/dea/history/fut_disagg_txt_2026.zip,2026-10-08
cftc_platinum_mm_short,2018-03-27,2018-03-30,13990.0,https://www.cftc.gov/files/dea/history/fut_disagg_txt_2026.zip,2026-10-08
cftc_platinum_mm_short,2018-04-03,2018-04-06,18792.0,https://www.cftc.gov/files/dea/history/fut_disagg_txt_2026.zip,2026-10-08
cftc_platinum_mm_short,2018-04-10,2018-04-13,23411.0,https://www.cftc.gov/files/dea/history/fut_disagg_txt_2026.zip,2026-10-08
cftc_platinum_mm_short,2018-04-17,2018-04-20,24146.0,https://www.cftc.gov/files/dea/history/fut_disagg_txt_2026.zip,2026-10-08
cftc_platinum_mm_short,2018-04-24,2018-04-27,24941.0,https://www.cftc.gov/files/dea/history/fut_disagg_txt_2026.zip,2026-10-08
cftc_platinum_mm_short,2018-05-01,2018-05-04,33754.0,https://www.cftc.gov/files/dea/history/fut_disagg_txt_2026.zip,2026-10-08
cftc_platinum_mm_short,2018-05-08,2018-05-11,34435.0,https://www.cftc.gov/files/dea/history/fut_disagg_txt_2026.zip,2026-10-08
cftc_platinum_mm_short,2018-05-15,2018-05-18,35517.0,https://www.cftc.gov/files/dea/history/fut_disagg_txt_2026.zip,2026-10-08
cftc_platinum_mm_short,2018-05-22,2018-05-25,38631.0,https://www.cftc.gov/files/dea/history/fut_disagg_txt_2026.zip,2026-10-08
cftc_platinum_mm_short,2018-05-29,2018-06-01,39171.0,https://www.cftc.gov/files/dea/history/fut_disagg_txt_2026.zip,2026-10-08
cftc_platinum_mm_short,2018-06-05,2018-06-08,39918.0,https://www.cftc.gov/files/dea/history/fut_disagg_txt_2026.zip,2026-10-08
cftc_platinum_mm_short,2018-06-12,2018-06-15,39560.0,https://www.cftc.gov/files/dea/history/fut_disagg_txt_2026.zip,2026-10-08
cftc_platinum_mm_short,2018-06-19,2018-06-22,43583.0,https://www.cftc.gov/files/dea/history/fut_disagg_txt_2026.zip,2026-10-08
cftc_platinum_mm_short,2018-06-26,2018-06-29,44063.0,https://www.cftc.gov/files/dea/history/fut_disagg_txt_2026.zip,2026-10-08
cftc_platinum_mm_short,2018-07-03,2018-07-06,44904.0,https://www.cftc.gov/files/dea/history/fut_disagg_txt_2026.zip,2026-10-08
cftc_platinum_mm_short,2018-07-10,2018-07-13,44980.0,https://www.cftc.gov/files/dea/history/fut_disagg_txt_2026.zip,2026-10-08
cftc_platinum_mm_short,2018-07-17,2018-07-20,46030.0,https://www.cftc.gov/files/dea/history/fut_disagg_txt_2026.zip,2026-10-08
cftc_platinum_mm_short,2018-07-24,2018-07-27,45932.0,https://www.cftc.gov/files/dea/history/fut_disagg_txt_2026.zip,2026-10-08
cftc_platinum_mm_short,2018-07-31,2018-08-03,46087.0,https://www.cftc.gov/files/dea/history/fut_disagg_txt_2026.zip,2026-10-08
cftc_platinum_mm_short,2018-08-07,2018-08-10,44665.0,https://www.cftc.gov/files/dea/history/fut_disagg_txt_2026.zip,2026-10-08
cftc_platinum_mm_short,2018-08-14,2018-08-17,47969.0,https://www.cftc.gov/files/dea/history/fut_disagg_txt_2026.zip,2026-10-08
cftc_platinum_mm_short,2018-08-21,2018-08-24,47031.0,https://www.cftc.gov/files/dea/history/fut_disagg_txt_2026.zip,2026-10-08
cftc_platinum_mm_short,2018-08-28,2018-08-31,47118.0,https://www.cftc.gov/files/dea/history/fut_disagg_txt_2026.zip,2026-10-08
cftc_platinum_mm_short,2018-09-04,2018-09-07,48577.0,https://www.cftc.gov/files/dea/history/fut_disagg_txt_2026.zip,2026-10-08
cftc_platinum_mm_short,2018-09-11,2018-09-14,46648.0,https://www.cftc.gov/files/dea/history/fut_disagg_txt_2026.zip,2026-10-08
cftc_platinum_mm_short,2018-09-18,2018-09-21,41828.0,https://www.cftc.gov/files/dea/history/fut_disagg_txt_2026.zip,2026-10-08
cftc_platinum_mm_short,2018-09-25,2018-09-28,34063.0,https://www.cftc.gov/files/dea/history/fut_disagg_txt_2026.zip,2026-10-08
cftc_platinum_mm_short,2018-10-02,2018-10-05,31587.0,https://www.cftc.gov/files/dea/history/fut_disagg_txt_2026.zip,2026-10-08
cftc_platinum_mm_short,2018-10-09,2018-10-12,29935.0,https://www.cftc.gov/files/dea/history/fut_disagg_txt_2026.zip,2026-10-08
cftc_platinum_mm_short,2018-10-16,2018-10-19,27163.0,https://www.cftc.gov/files/dea/history/fut_disagg_txt_2026.zip,2026-10-08
cftc_platinum_mm_short,2018-10-23,2018-10-26,26234.0,https://www.cftc.gov/files/dea/history/fut_disagg_txt_2026.zip,2026-10-08
cftc_platinum_mm_short,2018-10-30,2018-11-02,25798.0,https://www.cftc.gov/files/dea/history/fut_disagg_txt_2026.zip,2026-10-08
cftc_platinum_mm_short,2018-11-06,2018-11-09,17815.0,https://www.cftc.gov/files/dea/history/fut_disagg_txt_2026.zip,2026-10-08
cftc_platinum_mm_short,2018-11-13,2018-11-16,16430.0,https://www.cftc.gov/files/dea/history/fut_disagg_txt_2026.zip,2026-10-08
cftc_platinum_mm_short,2018-11-20,2018-11-23,17468.0,https://www.cftc.gov/files/dea/history/fut_disagg_txt_2026.zip,2026-10-08
cftc_platinum_mm_short,2018-11-27,2018-11-30,17774.0,https://www.cftc.gov/files/dea/history/fut_disagg_txt_2026.zip,2026-10-08
cftc_platinum_mm_short,2018-12-04,2018-12-07,26976.0,https://www.cftc.gov/files/dea/history/fut_disagg_txt_2026.zip,2026-10-08
cftc_platinum_mm_short,2018-12-11,2018-12-14,33063.0,https://www.cftc.gov/files/dea/history/fut_disagg_txt_2026.zip,2026-10-08
cftc_platinum_mm_short,2018-12-18,2018-12-21,33038.0,https://www.cftc.gov/files/dea/history/fut_disagg_txt_2026.zip,2026-10-08
cftc_platinum_mm_short,2018-12-24,2018-12-27,32949.0,https://www.cftc.gov/files/dea/history/fut_disagg_txt_2026.zip,2026-10-08
cftc_platinum_mm_short,2018-12-31,2019-01-03,35185.0,https://www.cftc.gov/files/dea/history/fut_disagg_txt_2026.zip,2026-10-08
cftc_platinum_mm_short,2019-01-08,2019-01-11,37550.0,https://www.cftc.gov/files/dea/history/fut_disagg_txt_2026.zip,2026-10-08
cftc_platinum_mm_short,2019-01-15,2019-01-18,37634.0,https://www.cftc.gov/files/dea/history/fut_disagg_txt_2026.zip,2026-10-08
cftc_platinum_mm_short,2019-01-22,2019-01-25,41211.0,https://www.cftc.gov/files/dea/history/fut_disagg_txt_2026.zip,2026-10-08
cftc_platinum_mm_short,2019-01-29,2019-02-01,39670.0,https://www.cftc.gov/files/dea/history/fut_disagg_txt_2026.zip,2026-10-08
cftc_platinum_mm_short,2019-02-05,2019-02-08,36697.0,https://www.cftc.gov/files/dea/history/fut_disagg_txt_2026.zip,2026-10-08
cftc_platinum_mm_short,2019-02-12,2019-02-15,42945.0,https://www.cftc.gov/files/dea/history/fut_disagg_txt_2026.zip,2026-10-08
cftc_platinum_mm_short,2019-02-19,2019-02-22,43769.0,https://www.cftc.gov/files/dea/history/fut_disagg_txt_2026.zip,2026-10-08
cftc_platinum_mm_short,2019-02-26,2019-03-01,27903.0,https://www.cftc.gov/files/dea/history/fut_disagg_txt_2026.zip,2026-10-08
cftc_platinum_mm_short,2019-03-05,2019-03-08,17866.0,https://www.cftc.gov/files/dea/history/fut_disagg_txt_2026.zip,2026-10-08
cftc_platinum_mm_short,2019-03-12,2019-03-15,22224.0,https://www.cftc.gov/files/dea/history/fut_disagg_txt_2026.zip,2026-10-08
cftc_platinum_mm_short,2019-03-19,2019-03-22,21927.0,https://www.cftc.gov/files/dea/history/fut_disagg_txt_2026.zip,2026-10-08
cftc_platinum_mm_short,2019-03-26,2019-03-29,15219.0,https://www.cftc.gov/files/dea/history/fut_disagg_txt_2026.zip,2026-10-08
cftc_platinum_mm_short,2019-04-02,2019-04-05,14324.0,https://www.cftc.gov/files/dea/history/fut_disagg_txt_2026.zip,2026-10-08
cftc_platinum_mm_short,2019-04-09,2019-04-12,10533.0,https://www.cftc.gov/files/dea/history/fut_disagg_txt_2026.zip,2026-10-08
cftc_platinum_mm_short,2019-04-16,2019-04-19,10597.0,https://www.cftc.gov/files/dea/history/fut_disagg_txt_2026.zip,2026-10-08
cftc_platinum_mm_short,2019-04-23,2019-04-26,10904.0,https://www.cftc.gov/files/dea/history/fut_disagg_txt_2026.zip,2026-10-08
cftc_platinum_mm_short,2019-04-30,2019-05-03,10295.0,https://www.cftc.gov/files/dea/history/fut_disagg_txt_2026.zip,2026-10-08
cftc_platinum_mm_short,2019-05-07,2019-05-10,11222.0,https://www.cftc.gov/files/dea/history/fut_disagg_txt_2026.zip,2026-10-08
cftc_platinum_mm_short,2019-05-14,2019-05-17,13885.0,https://www.cftc.gov/files/dea/history/fut_disagg_txt_2026.zip,2026-10-08
cftc_platinum_mm_short,2019-05-21,2019-05-24,25862.0,https://www.cftc.gov/files/dea/history/fut_disagg_txt_2026.zip,2026-10-08
cftc_platinum_mm_short,2019-05-28,2019-05-31,35449.0,https://www.cftc.gov/files/dea/history/fut_disagg_txt_2026.zip,2026-10-08
cftc_platinum_mm_short,2019-06-04,2019-06-07,38659.0,https://www.cftc.gov/files/dea/history/fut_disagg_txt_2026.zip,2026-10-08
cftc_platinum_mm_short,2019-06-11,2019-06-14,38304.0,https://www.cftc.gov/files/dea/history/fut_disagg_txt_2026.zip,2026-10-08
cftc_platinum_mm_short,2019-06-18,2019-06-21,41823.0,https://www.cftc.gov/files/dea/history/fut_disagg_txt_2026.zip,2026-10-08
cftc_platinum_mm_short,2019-06-25,2019-06-28,44716.0,https://www.cftc.gov/files/dea/history/fut_disagg_txt_2026.zip,2026-10-08
cftc_platinum_mm_short,2019-07-02,2019-07-05,36820.0,https://www.cftc.gov/files/dea/history/fut_disagg_txt_2026.zip,2026-10-08
cftc_platinum_mm_short,2019-07-09,2019-07-12,35138.0,https://www.cftc.gov/files/dea/history/fut_disagg_txt_2026.zip,2026-10-08
cftc_platinum_mm_short,2019-07-16,2019-07-19,27070.0,https://www.cftc.gov/files/dea/history/fut_disagg_txt_2026.zip,2026-10-08
cftc_platinum_mm_short,2019-07-23,2019-07-26,23219.0,https://www.cftc.gov/files/dea/history/fut_disagg_txt_2026.zip,2026-10-08
cftc_platinum_mm_short,2019-07-30,2019-08-02,15396.0,https://www.cftc.gov/files/dea/history/fut_disagg_txt_2026.zip,2026-10-08
cftc_platinum_mm_short,2019-08-06,2019-08-09,16494.0,https://www.cftc.gov/files/dea/history/fut_disagg_txt_2026.zip,2026-10-08
cftc_platinum_mm_short,2019-08-13,2019-08-16,17998.0,https://www.cftc.gov/files/dea/history/fut_disagg_txt_2026.zip,2026-10-08
cftc_platinum_mm_short,2019-08-20,2019-08-23,20157.0,https://www.cftc.gov/files/dea/history/fut_disagg_txt_2026.zip,2026-10-08
cftc_platinum_mm_short,2019-08-27,2019-08-30,17243.0,https://www.cftc.gov/files/dea/history/fut_disagg_txt_2026.zip,2026-10-08
cftc_platinum_mm_short,2019-09-03,2019-09-06,14154.0,https://www.cftc.gov/files/dea/history/fut_disagg_txt_2026.zip,2026-10-08
cftc_platinum_mm_short,2019-09-10,2019-09-13,11559.0,https://www.cftc.gov/files/dea/history/fut_disagg_txt_2026.zip,2026-10-08
cftc_platinum_mm_short,2019-09-17,2019-09-20,13095.0,https://www.cftc.gov/files/dea/history/fut_disagg_txt_2026.zip,2026-10-08
cftc_platinum_mm_short,2019-09-24,2019-09-27,13592.0,https://www.cftc.gov/files/dea/history/fut_disagg_txt_2026.zip,2026-10-08
cftc_platinum_mm_short,2019-10-01,2019-10-04,16821.0,https://www.cftc.gov/files/dea/history/fut_disagg_txt_2026.zip,2026-10-08
cftc_platinum_mm_short,2019-10-08,2019-10-11,17729.0,https://www.cftc.gov/files/dea/history/fut_disagg_txt_2026.zip,2026-10-08
cftc_platinum_mm_short,2019-10-15,2019-10-18,18313.0,https://www.cftc.gov/files/dea/history/fut_disagg_txt_2026.zip,2026-10-08
cftc_platinum_mm_short,2019-10-22,2019-10-25,17475.0,https://www.cftc.gov/files/dea/history/fut_disagg_txt_2026.zip,2026-10-08
cftc_platinum_mm_short,2019-10-29,2019-11-01,12077.0,https://www.cftc.gov/files/dea/history/fut_disagg_txt_2026.zip,2026-10-08
cftc_platinum_mm_short,2019-11-05,2019-11-08,11593.0,https://www.cftc.gov/files/dea/history/fut_disagg_txt_2026.zip,2026-10-08
cftc_platinum_mm_short,2019-11-12,2019-11-15,13647.0,https://www.cftc.gov/files/dea/history/fut_disagg_txt_2026.zip,2026-10-08
cftc_platinum_mm_short,2019-11-19,2019-11-22,10038.0,https://www.cftc.gov/files/dea/history/fut_disagg_txt_2026.zip,2026-10-08
cftc_platinum_mm_short,2019-11-26,2019-11-29,7584.0,https://www.cftc.gov/files/dea/history/fut_disagg_txt_2026.zip,2026-10-08
cftc_platinum_mm_short,2019-12-03,2019-12-06,8187.0,https://www.cftc.gov/files/dea/history/fut_disagg_txt_2026.zip,2026-10-08
cftc_platinum_mm_short,2019-12-10,2019-12-13,7919.0,https://www.cftc.gov/files/dea/history/fut_disagg_txt_2026.zip,2026-10-08
cftc_platinum_mm_short,2019-12-17,2019-12-20,6578.0,https://www.cftc.gov/files/dea/history/fut_disagg_txt_2026.zip,2026-10-08
cftc_platinum_mm_short,2019-12-24,2019-12-27,6424.0,https://www.cftc.gov/files/dea/history/fut_disagg_txt_2026.zip,2026-10-08
cftc_platinum_mm_short,2019-12-31,2020-01-03,5580.0,https://www.cftc.gov/files/dea/history/fut_disagg_txt_2026.zip,2026-10-08
cftc_platinum_mm_short,2020-01-07,2020-01-10,7157.0,https://www.cftc.gov/files/dea/history/fut_disagg_txt_2026.zip,2026-10-08
cftc_platinum_mm_short,2020-01-14,2020-01-17,7476.0,https://www.cftc.gov/files/dea/history/fut_disagg_txt_2026.zip,2026-10-08
cftc_platinum_mm_short,2020-01-21,2020-01-24,6099.0,https://www.cftc.gov/files/dea/history/fut_disagg_txt_2026.zip,2026-10-08
cftc_platinum_mm_short,2020-01-28,2020-01-31,5821.0,https://www.cftc.gov/files/dea/history/fut_disagg_txt_2026.zip,2026-10-08
cftc_platinum_mm_short,2020-02-04,2020-02-07,6934.0,https://www.cftc.gov/files/dea/history/fut_disagg_txt_2026.zip,2026-10-08
cftc_platinum_mm_short,2020-02-11,2020-02-14,6557.0,https://www.cftc.gov/files/dea/history/fut_disagg_txt_2026.zip,2026-10-08
cftc_platinum_mm_short,2020-02-18,2020-02-21,7517.0,https://www.cftc.gov/files/dea/history/fut_disagg_txt_2026.zip,2026-10-08
cftc_platinum_mm_short,2020-02-25,2020-02-28,9529.0,https://www.cftc.gov/files/dea/history/fut_disagg_txt_2026.zip,2026-10-08
cftc_platinum_mm_short,2020-03-03,2020-03-06,12712.0,https://www.cftc.gov/files/dea/history/fut_disagg_txt_2026.zip,2026-10-08
cftc_platinum_mm_short,2020-03-10,2020-03-13,10751.0,https://www.cftc.gov/files/dea/history/fut_disagg_txt_2026.zip,2026-10-08
cftc_platinum_mm_short,2020-03-17,2020-03-20,8350.0,https://www.cftc.gov/files/dea/history/fut_disagg_txt_2026.zip,2026-10-08
cftc_platinum_mm_short,2020-03-24,2020-03-27,9195.0,https://www.cftc.gov/files/dea/history/fut_disagg_txt_2026.zip,2026-10-08
cftc_platinum_mm_short,2020-03-31,2020-04-03,9446.0,https://www.cftc.gov/files/dea/history/fut_disagg_txt_2026.zip,2026-10-08
cftc_platinum_mm_short,2020-04-07,2020-04-10,9802.0,https://www.cftc.gov/files/dea/history/fut_disagg_txt_2026.zip,2026-10-08
cftc_platinum_mm_short,2020-04-14,2020-04-17,8943.0,https://www.cftc.gov/files/dea/history/fut_disagg_txt_2026.zip,2026-10-08
cftc_platinum_mm_short,2020-04-21,2020-04-24,9173.0,https://www.cftc.gov/files/dea/history/fut_disagg_txt_2026.zip,2026-10-08
cftc_platinum_mm_short,2020-04-28,2020-05-01,9095.0,https://www.cftc.gov/files/dea/history/fut_disagg_txt_2026.zip,2026-10-08
cftc_platinum_mm_short,2020-05-05,2020-05-08,8421.0,https://www.cftc.gov/files/dea/history/fut_disagg_txt_2026.zip,2026-10-08
cftc_platinum_mm_short,2020-05-12,2020-05-15,7845.0,https://www.cftc.gov/files/dea/history/fut_disagg_txt_2026.zip,2026-10-08
cftc_platinum_mm_short,2020-05-19,2020-05-22,6508.0,https://www.cftc.gov/files/dea/history/fut_disagg_txt_2026.zip,2026-10-08
cftc_platinum_mm_short,2020-05-26,2020-05-29,5029.0,https://www.cftc.gov/files/dea/history/fut_disagg_txt_2026.zip,2026-10-08
cftc_platinum_mm_short,2020-06-02,2020-06-05,5389.0,https://www.cftc.gov/files/dea/history/fut_disagg_txt_2026.zip,2026-10-08
cftc_platinum_mm_short,2020-06-09,2020-06-12,5672.0,https://www.cftc.gov/files/dea/history/fut_disagg_txt_2026.zip,2026-10-08
cftc_platinum_mm_short,2020-06-16,2020-06-19,5634.0,https://www.cftc.gov/files/dea/history/fut_disagg_txt_2026.zip,2026-10-08
cftc_platinum_mm_short,2020-06-23,2020-06-26,6390.0,https://www.cftc.gov/files/dea/history/fut_disagg_txt_2026.zip,2026-10-08
cftc_platinum_mm_short,2020-06-30,2020-07-03,8538.0,https://www.cftc.gov/files/dea/history/fut_disagg_txt_2026.zip,2026-10-08
cftc_platinum_mm_short,2020-07-07,2020-07-10,7956.0,https://www.cftc.gov/files/dea/history/fut_disagg_txt_2026.zip,2026-10-08
cftc_platinum_mm_short,2020-07-14,2020-07-17,8118.0,https://www.cftc.gov/files/dea/history/fut_disagg_txt_2026.zip,2026-10-08
cftc_platinum_mm_short,2020-07-21,2020-07-24,7539.0,https://www.cftc.gov/files/dea/history/fut_disagg_txt_2026.zip,2026-10-08
cftc_platinum_mm_short,2020-07-28,2020-07-31,5877.0,https://www.cftc.gov/files/dea/history/fut_disagg_txt_2026.zip,2026-10-08
cftc_platinum_mm_short,2020-08-04,2020-08-07,8740.0,https://www.cftc.gov/files/dea/history/fut_disagg_txt_2026.zip,2026-10-08
cftc_platinum_mm_short,2020-08-11,2020-08-14,7525.0,https://www.cftc.gov/files/dea/history/fut_disagg_txt_2026.zip,2026-10-08
cftc_platinum_mm_short,2020-08-18,2020-08-21,8937.0,https://www.cftc.gov/files/dea/history/fut_disagg_txt_2026.zip,2026-10-08
cftc_platinum_mm_short,2020-08-25,2020-08-28,10184.0,https://www.cftc.gov/files/dea/history/fut_disagg_txt_2026.zip,2026-10-08
cftc_platinum_mm_short,2020-09-01,2020-09-04,11561.0,https://www.cftc.gov/files/dea/history/fut_disagg_txt_2026.zip,2026-10-08
cftc_platinum_mm_short,2020-09-08,2020-09-11,13446.0,https://www.cftc.gov/files/dea/history/fut_disagg_txt_2026.zip,2026-10-08
cftc_platinum_mm_short,2020-09-15,2020-09-18,12153.0,https://www.cftc.gov/files/dea/history/fut_disagg_txt_2026.zip,2026-10-08
cftc_platinum_mm_short,2020-09-22,2020-09-25,15248.0,https://www.cftc.gov/files/dea/history/fut_disagg_txt_2026.zip,2026-10-08
cftc_platinum_mm_short,2020-09-29,2020-10-02,14540.0,https://www.cftc.gov/files/dea/history/fut_disagg_txt_2026.zip,2026-10-08
cftc_platinum_mm_short,2020-10-06,2020-10-09,15343.0,https://www.cftc.gov/files/dea/history/fut_disagg_txt_2026.zip,2026-10-08
cftc_platinum_mm_short,2020-10-13,2020-10-16,15137.0,https://www.cftc.gov/files/dea/history/fut_disagg_txt_2026.zip,2026-10-08
cftc_platinum_mm_short,2020-10-20,2020-10-23,16527.0,https://www.cftc.gov/files/dea/history/fut_disagg_txt_2026.zip,2026-10-08
cftc_platinum_mm_short,2020-10-27,2020-10-30,15270.0,https://www.cftc.gov/files/dea/history/fut_disagg_txt_2026.zip,2026-10-08
cftc_platinum_mm_short,2020-11-03,2020-11-06,14718.0,https://www.cftc.gov/files/dea/history/fut_disagg_txt_2026.zip,2026-10-08
cftc_platinum_mm_short,2020-11-10,2020-11-13,13710.0,https://www.cftc.gov/files/dea/history/fut_disagg_txt_2026.zip,2026-10-08
cftc_platinum_mm_short,2020-11-17,2020-11-20,11444.0,https://www.cftc.gov/files/dea/history/fut_disagg_txt_2026.zip,2026-10-08
cftc_platinum_mm_short,2020-11-24,2020-11-27,9255.0,https://www.cftc.gov/files/dea/history/fut_disagg_txt_2026.zip,2026-10-08
cftc_platinum_mm_short,2020-12-01,2020-12-04,8207.0,https://www.cftc.gov/files/dea/history/fut_disagg_txt_2026.zip,2026-10-08
cftc_platinum_mm_short,2020-12-08,2020-12-11,7652.0,https://www.cftc.gov/files/dea/history/fut_disagg_txt_2026.zip,2026-10-08
cftc_platinum_mm_short,2020-12-15,2020-12-18,7666.0,https://www.cftc.gov/files/dea/history/fut_disagg_txt_2026.zip,2026-10-08
cftc_platinum_mm_short,2020-12-21,2020-12-24,6755.0,https://www.cftc.gov/files/dea/history/fut_disagg_txt_2026.zip,2026-10-08
cftc_platinum_mm_short,2020-12-29,2021-01-01,5567.0,https://www.cftc.gov/files/dea/history/fut_disagg_txt_2026.zip,2026-10-08
cftc_platinum_mm_short,2021-01-05,2021-01-08,5934.0,https://www.cftc.gov/files/dea/history/fut_disagg_txt_2026.zip,2026-10-08
cftc_platinum_mm_short,2021-01-12,2021-01-15,5509.0,https://www.cftc.gov/files/dea/history/fut_disagg_txt_2026.zip,2026-10-08
cftc_platinum_mm_short,2021-01-19,2021-01-22,4009.0,https://www.cftc.gov/files/dea/history/fut_disagg_txt_2026.zip,2026-10-08
cftc_platinum_mm_short,2021-01-26,2021-01-29,4944.0,https://www.cftc.gov/files/dea/history/fut_disagg_txt_2026.zip,2026-10-08
cftc_platinum_mm_short,2021-02-02,2021-02-05,5890.0,https://www.cftc.gov/files/dea/history/fut_disagg_txt_2026.zip,2026-10-08
cftc_platinum_mm_short,2021-02-09,2021-02-12,6341.0,https://www.cftc.gov/files/dea/history/fut_disagg_txt_2026.zip,2026-10-08
cftc_platinum_mm_short,2021-02-16,2021-02-19,6468.0,https://www.cftc.gov/files/dea/history/fut_disagg_txt_2026.zip,2026-10-08
cftc_platinum_mm_short,2021-02-23,2021-02-26,5994.0,https://www.cftc.gov/files/dea/history/fut_disagg_txt_2026.zip,2026-10-08
cftc_platinum_mm_short,2021-03-02,2021-03-05,7056.0,https://www.cftc.gov/files/dea/history/fut_disagg_txt_2026.zip,2026-10-08
cftc_platinum_mm_short,2021-03-09,2021-03-12,7956.0,https://www.cftc.gov/files/dea/history/fut_disagg_txt_2026.zip,2026-10-08
cftc_platinum_mm_short,2021-03-16,2021-03-19,6483.0,https://www.cftc.gov/files/dea/history/fut_disagg_txt_2026.zip,2026-10-08
cftc_platinum_mm_short,2021-03-23,2021-03-26,5424.0,https://www.cftc.gov/files/dea/history/fut_disagg_txt_2026.zip,2026-10-08
cftc_platinum_mm_short,2021-03-30,2021-04-02,5498.0,https://www.cftc.gov/files/dea/history/fut_disagg_txt_2026.zip,2026-10-08
cftc_platinum_mm_short,2021-04-06,2021-04-09,6134.0,https://www.cftc.gov/files/dea/history/fut_disagg_txt_2026.zip,2026-10-08
cftc_platinum_mm_short,2021-04-13,2021-04-16,7800.0,https://www.cftc.gov/files/dea/history/fut_disagg_txt_2026.zip,2026-10-08
cftc_platinum_mm_short,2021-04-20,2021-04-23,6908.0,https://www.cftc.gov/files/dea/history/fut_disagg_txt_2026.zip,2026-10-08
cftc_platinum_mm_short,2021-04-27,2021-04-30,6168.0,https://www.cftc.gov/files/dea/history/fut_disagg_txt_2026.zip,2026-10-08
cftc_platinum_mm_short,2021-05-04,2021-05-07,6527.0,https://www.cftc.gov/files/dea/history/fut_disagg_txt_2026.zip,2026-10-08
cftc_platinum_mm_short,2021-05-11,2021-05-14,7133.0,https://www.cftc.gov/files/dea/history/fut_disagg_txt_2026.zip,2026-10-08
cftc_platinum_mm_short,2021-05-18,2021-05-21,7915.0,https://www.cftc.gov/files/dea/history/fut_disagg_txt_2026.zip,2026-10-08
cftc_platinum_mm_short,2021-05-25,2021-05-28,9859.0,https://www.cftc.gov/files/dea/history/fut_disagg_txt_2026.zip,2026-10-08
cftc_platinum_mm_short,2021-06-01,2021-06-04,9764.0,https://www.cftc.gov/files/dea/history/fut_disagg_txt_2026.zip,2026-10-08
cftc_platinum_mm_short,2021-06-08,2021-06-11,11739.0,https://www.cftc.gov/files/dea/history/fut_disagg_txt_2026.zip,2026-10-08
cftc_platinum_mm_short,2021-06-15,2021-06-18,11336.0,https://www.cftc.gov/files/dea/history/fut_disagg_txt_2026.zip,2026-10-08
cftc_platinum_mm_short,2021-06-22,2021-06-25,13749.0,https://www.cftc.gov/files/dea/history/fut_disagg_txt_2026.zip,2026-10-08
cftc_platinum_mm_short,2021-06-29,2021-07-02,10673.0,https://www.cftc.gov/files/dea/history/fut_disagg_txt_2026.zip,2026-10-08
cftc_platinum_mm_short,2021-07-06,2021-07-09,10905.0,https://www.cftc.gov/files/dea/history/fut_disagg_txt_2026.zip,2026-10-08
cftc_platinum_mm_short,2021-07-13,2021-07-16,9968.0,https://www.cftc.gov/files/dea/history/fut_disagg_txt_2026.zip,2026-10-08
cftc_platinum_mm_short,2021-07-20,2021-07-23,11694.0,https://www.cftc.gov/files/dea/history/fut_disagg_txt_2026.zip,2026-10-08
cftc_platinum_mm_short,2021-07-27,2021-07-30,14040.0,https://www.cftc.gov/files/dea/history/fut_disagg_txt_2026.zip,2026-10-08
cftc_platinum_mm_short,2021-08-03,2021-08-06,17516.0,https://www.cftc.gov/files/dea/history/fut_disagg_txt_2026.zip,2026-10-08
cftc_platinum_mm_short,2021-08-10,2021-08-13,22166.0,https://www.cftc.gov/files/dea/history/fut_disagg_txt_2026.zip,2026-10-08
cftc_platinum_mm_short,2021-08-17,2021-08-20,19987.0,https://www.cftc.gov/files/dea/history/fut_disagg_txt_2026.zip,2026-10-08
cftc_platinum_mm_short,2021-08-24,2021-08-27,19883.0,https://www.cftc.gov/files/dea/history/fut_disagg_txt_2026.zip,2026-10-08
cftc_platinum_mm_short,2021-08-31,2021-09-03,21848.0,https://www.cftc.gov/files/dea/history/fut_disagg_txt_2026.zip,2026-10-08
cftc_platinum_mm_short,2021-09-07,2021-09-10,22098.0,https://www.cftc.gov/files/dea/history/fut_disagg_txt_2026.zip,2026-10-08
cftc_platinum_mm_short,2021-09-14,2021-09-17,30211.0,https://www.cftc.gov/files/dea/history/fut_disagg_txt_2026.zip,2026-10-08
cftc_platinum_mm_short,2021-09-21,2021-09-24,28805.0,https://www.cftc.gov/files/dea/history/fut_disagg_txt_2026.zip,2026-10-08
cftc_platinum_mm_short,2021-09-28,2021-10-01,23327.0,https://www.cftc.gov/files/dea/history/fut_disagg_txt_2026.zip,2026-10-08
cftc_platinum_mm_short,2021-10-05,2021-10-08,23817.0,https://www.cftc.gov/files/dea/history/fut_disagg_txt_2026.zip,2026-10-08
cftc_platinum_mm_short,2021-10-12,2021-10-15,18513.0,https://www.cftc.gov/files/dea/history/fut_disagg_txt_2026.zip,2026-10-08
cftc_platinum_mm_short,2021-10-19,2021-10-22,13233.0,https://www.cftc.gov/files/dea/history/fut_disagg_txt_2026.zip,2026-10-08
cftc_platinum_mm_short,2021-10-26,2021-10-29,11339.0,https://www.cftc.gov/files/dea/history/fut_disagg_txt_2026.zip,2026-10-08
cftc_platinum_mm_short,2021-11-02,2021-11-05,10242.0,https://www.cftc.gov/files/dea/history/fut_disagg_txt_2026.zip,2026-10-08
cftc_platinum_mm_short,2021-11-09,2021-11-12,9332.0,https://www.cftc.gov/files/dea/history/fut_disagg_txt_2026.zip,2026-10-08
cftc_platinum_mm_short,2021-11-16,2021-11-19,8662.0,https://www.cftc.gov/files/dea/history/fut_disagg_txt_2026.zip,2026-10-08
cftc_platinum_mm_short,2021-11-23,2021-11-26,13090.0,https://www.cftc.gov/files/dea/history/fut_disagg_txt_2026.zip,2026-10-08
cftc_platinum_mm_short,2021-11-30,2021-12-03,15421.0,https://www.cftc.gov/files/dea/history/fut_disagg_txt_2026.zip,2026-10-08
cftc_platinum_mm_short,2021-12-07,2021-12-10,17555.0,https://www.cftc.gov/files/dea/history/fut_disagg_txt_2026.zip,2026-10-08
cftc_platinum_mm_short,2021-12-14,2021-12-17,21178.0,https://www.cftc.gov/files/dea/history/fut_disagg_txt_2026.zip,2026-10-08
cftc_platinum_mm_short,2021-12-21,2021-12-24,23813.0,https://www.cftc.gov/files/dea/history/fut_disagg_txt_2026.zip,2026-10-08
cftc_platinum_mm_short,2021-12-28,2021-12-31,19970.0,https://www.cftc.gov/files/dea/history/fut_disagg_txt_2026.zip,2026-10-08
cftc_platinum_mm_short,2022-01-04,2022-01-07,18479.0,https://www.cftc.gov/files/dea/history/fut_disagg_txt_2026.zip,2026-10-08
cftc_platinum_mm_short,2022-01-11,2022-01-14,19873.0,https://www.cftc.gov/files/dea/history/fut_disagg_txt_2026.zip,2026-10-08
cftc_platinum_mm_short,2022-01-18,2022-01-21,18032.0,https://www.cftc.gov/files/dea/history/fut_disagg_txt_2026.zip,2026-10-08
cftc_platinum_mm_short,2022-01-25,2022-01-28,10952.0,https://www.cftc.gov/files/dea/history/fut_disagg_txt_2026.zip,2026-10-08
cftc_platinum_mm_short,2022-02-01,2022-02-04,10474.0,https://www.cftc.gov/files/dea/history/fut_disagg_txt_2026.zip,2026-10-08
cftc_platinum_mm_short,2022-02-08,2022-02-11,13029.0,https://www.cftc.gov/files/dea/history/fut_disagg_txt_2026.zip,2026-10-08
cftc_platinum_mm_short,2022-02-15,2022-02-18,13695.0,https://www.cftc.gov/files/dea/history/fut_disagg_txt_2026.zip,2026-10-08
cftc_platinum_mm_short,2022-02-22,2022-02-25,10586.0,https://www.cftc.gov/files/dea/history/fut_disagg_txt_2026.zip,2026-10-08
cftc_platinum_mm_short,2022-03-01,2022-03-04,11872.0,https://www.cftc.gov/files/dea/history/fut_disagg_txt_2026.zip,2026-10-08
cftc_platinum_mm_short,2022-03-08,2022-03-11,9704.0,https://www.cftc.gov/files/dea/history/fut_disagg_txt_2026.zip,2026-10-08
cftc_platinum_mm_short,2022-03-15,2022-03-18,9841.0,https://www.cftc.gov/files/dea/history/fut_disagg_txt_2026.zip,2026-10-08
cftc_platinum_mm_short,2022-03-22,2022-03-25,7060.0,https://www.cftc.gov/files/dea/history/fut_disagg_txt_2026.zip,2026-10-08
cftc_platinum_mm_short,2022-03-29,2022-04-01,10245.0,https://www.cftc.gov/files/dea/history/fut_disagg_txt_2026.zip,2026-10-08
cftc_platinum_mm_short,2022-04-05,2022-04-08,12685.0,https://www.cftc.gov/files/dea/history/fut_disagg_txt_2026.zip,2026-10-08
cftc_platinum_mm_short,2022-04-12,2022-04-15,17148.0,https://www.cftc.gov/files/dea/history/fut_disagg_txt_2026.zip,2026-10-08
cftc_platinum_mm_short,2022-04-19,2022-04-22,15848.0,https://www.cftc.gov/files/dea/history/fut_disagg_txt_2026.zip,2026-10-08
cftc_platinum_mm_short,2022-04-26,2022-04-29,26248.0,https://www.cftc.gov/files/dea/history/fut_disagg_txt_2026.zip,2026-10-08
cftc_platinum_mm_short,2022-05-03,2022-05-06,27300.0,https://www.cftc.gov/files/dea/history/fut_disagg_txt_2026.zip,2026-10-08
cftc_platinum_mm_short,2022-05-10,2022-05-13,23897.0,https://www.cftc.gov/files/dea/history/fut_disagg_txt_2026.zip,2026-10-08
cftc_platinum_mm_short,2022-05-17,2022-05-20,22297.0,https://www.cftc.gov/files/dea/history/fut_disagg_txt_2026.zip,2026-10-08
cftc_platinum_mm_short,2022-05-24,2022-05-27,20858.0,https://www.cftc.gov/files/dea/history/fut_disagg_txt_2026.zip,2026-10-08
cftc_platinum_mm_short,2022-05-31,2022-06-03,20705.0,https://www.cftc.gov/files/dea/history/fut_disagg_txt_2026.zip,2026-10-08
cftc_platinum_mm_short,2022-06-07,2022-06-10,14969.0,https://www.cftc.gov/files/dea/history/fut_disagg_txt_2026.zip,2026-10-08
cftc_platinum_mm_short,2022-06-14,2022-06-17,18547.0,https://www.cftc.gov/files/dea/history/fut_disagg_txt_2026.zip,2026-10-08
cftc_platinum_mm_short,2022-06-21,2022-06-24,19597.0,https://www.cftc.gov/files/dea/history/fut_disagg_txt_2026.zip,2026-10-08
cftc_platinum_mm_short,2022-06-28,2022-07-01,25072.0,https://www.cftc.gov/files/dea/history/fut_disagg_txt_2026.zip,2026-10-08
cftc_platinum_mm_short,2022-07-05,2022-07-08,31550.0,https://www.cftc.gov/files/dea/history/fut_disagg_txt_2026.zip,2026-10-08
cftc_platinum_mm_short,2022-07-12,2022-07-15,34635.0,https://www.cftc.gov/files/dea/history/fut_disagg_txt_2026.zip,2026-10-08
cftc_platinum_mm_short,2022-07-19,2022-07-22,34014.0,https://www.cftc.gov/files/dea/history/fut_disagg_txt_2026.zip,2026-10-08
cftc_platinum_mm_short,2022-07-26,2022-07-29,32676.0,https://www.cftc.gov/files/dea/history/fut_disagg_txt_2026.zip,2026-10-08
cftc_platinum_mm_short,2022-08-02,2022-08-05,28138.0,https://www.cftc.gov/files/dea/history/fut_disagg_txt_2026.zip,2026-10-08
cftc_platinum_mm_short,2022-08-09,2022-08-12,23523.0,https://www.cftc.gov/files/dea/history/fut_disagg_txt_2026.zip,2026-10-08
cftc_platinum_mm_short,2022-08-16,2022-08-19,20011.0,https://www.cftc.gov/files/dea/history/fut_disagg_txt_2026.zip,2026-10-08
cftc_platinum_mm_short,2022-08-23,2022-08-26,23982.0,https://www.cftc.gov/files/dea/history/fut_disagg_txt_2026.zip,2026-10-08
cftc_platinum_mm_short,2022-08-30,2022-09-02,31556.0,https://www.cftc.gov/files/dea/history/fut_disagg_txt_2026.zip,2026-10-08
cftc_platinum_mm_short,2022-09-06,2022-09-09,37079.0,https://www.cftc.gov/files/dea/history/fut_disagg_txt_2026.zip,2026-10-08
cftc_platinum_mm_short,2022-09-13,2022-09-16,29097.0,https://www.cftc.gov/files/dea/history/fut_disagg_txt_2026.zip,2026-10-08
cftc_platinum_mm_short,2022-09-20,2022-09-23,20523.0,https://www.cftc.gov/files/dea/history/fut_disagg_txt_2026.zip,2026-10-08
cftc_platinum_mm_short,2022-09-27,2022-09-30,20328.0,https://www.cftc.gov/files/dea/history/fut_disagg_txt_2026.zip,2026-10-08
cftc_platinum_mm_short,2022-10-04,2022-10-07,18343.0,https://www.cftc.gov/files/dea/history/fut_disagg_txt_2026.zip,2026-10-08
cftc_platinum_mm_short,2022-10-11,2022-10-14,14296.0,https://www.cftc.gov/files/dea/history/fut_disagg_txt_2026.zip,2026-10-08
cftc_platinum_mm_short,2022-10-18,2022-10-21,14547.0,https://www.cftc.gov/files/dea/history/fut_disagg_txt_2026.zip,2026-10-08
cftc_platinum_mm_short,2022-10-25,2022-10-28,12673.0,https://www.cftc.gov/files/dea/history/fut_disagg_txt_2026.zip,2026-10-08
cftc_platinum_mm_short,2022-11-01,2022-11-04,8264.0,https://www.cftc.gov/files/dea/history/fut_disagg_txt_2026.zip,2026-10-08
cftc_platinum_mm_short,2022-11-08,2022-11-11,6958.0,https://www.cftc.gov/files/dea/history/fut_disagg_txt_2026.zip,2026-10-08
cftc_platinum_mm_short,2022-11-15,2022-11-18,6478.0,https://www.cftc.gov/files/dea/history/fut_disagg_txt_2026.zip,2026-10-08
cftc_platinum_mm_short,2022-11-22,2022-11-25,7203.0,https://www.cftc.gov/files/dea/history/fut_disagg_txt_2026.zip,2026-10-08
cftc_platinum_mm_short,2022-11-29,2022-12-02,7594.0,https://www.cftc.gov/files/dea/history/fut_disagg_txt_2026.zip,2026-10-08
cftc_platinum_mm_short,2022-12-06,2022-12-09,7998.0,https://www.cftc.gov/files/dea/history/fut_disagg_txt_2026.zip,2026-10-08
cftc_platinum_mm_short,2022-12-13,2022-12-16,7253.0,https://www.cftc.gov/files/dea/history/fut_disagg_txt_2026.zip,2026-10-08
cftc_platinum_mm_short,2022-12-20,2022-12-23,10589.0,https://www.cftc.gov/files/dea/history/fut_disagg_txt_2026.zip,2026-10-08
cftc_platinum_mm_short,2022-12-27,2022-12-30,9427.0,https://www.cftc.gov/files/dea/history/fut_disagg_txt_2026.zip,2026-10-08
cftc_platinum_mm_short,2023-01-03,2023-01-06,8196.0,https://www.cftc.gov/files/dea/history/fut_disagg_txt_2026.zip,2026-10-08
cftc_platinum_mm_short,2023-01-10,2023-01-13,10054.0,https://www.cftc.gov/files/dea/history/fut_disagg_txt_2026.zip,2026-10-08
cftc_platinum_mm_short,2023-01-17,2023-01-20,13591.0,https://www.cftc.gov/files/dea/history/fut_disagg_txt_2026.zip,2026-10-08
cftc_platinum_mm_short,2023-01-24,2023-01-27,16569.0,https://www.cftc.gov/files/dea/history/fut_disagg_txt_2026.zip,2026-10-08
cftc_platinum_mm_short,2023-01-31,2023-02-03,17041.0,https://www.cftc.gov/files/dea/history/fut_disagg_txt_2026.zip,2026-10-08
cftc_platinum_mm_short,2023-02-07,2023-02-10,18425.0,https://www.cftc.gov/files/dea/history/fut_disagg_txt_2026.zip,2026-10-08
cftc_platinum_mm_short,2023-02-14,2023-02-17,20554.0,https://www.cftc.gov/files/dea/history/fut_disagg_txt_2026.zip,2026-10-08
cftc_platinum_mm_short,2023-02-21,2023-02-24,22945.0,https://www.cftc.gov/files/dea/history/fut_disagg_txt_2026.zip,2026-10-08
cftc_platinum_mm_short,2023-02-28,2023-03-03,20892.0,https://www.cftc.gov/files/dea/history/fut_disagg_txt_2026.zip,2026-10-08
cftc_platinum_mm_short,2023-03-07,2023-03-10,21586.0,https://www.cftc.gov/files/dea/history/fut_disagg_txt_2026.zip,2026-10-08
cftc_platinum_mm_short,2023-03-14,2023-03-17,14526.0,https://www.cftc.gov/files/dea/history/fut_disagg_txt_2026.zip,2026-10-08
cftc_platinum_mm_short,2023-03-21,2023-03-24,13506.0,https://www.cftc.gov/files/dea/history/fut_disagg_txt_2026.zip,2026-10-08
cftc_platinum_mm_short,2023-03-28,2023-03-31,12507.0,https://www.cftc.gov/files/dea/history/fut_disagg_txt_2026.zip,2026-10-08
cftc_platinum_mm_short,2023-04-04,2023-04-07,12157.0,https://www.cftc.gov/files/dea/history/fut_disagg_txt_2026.zip,2026-10-08
cftc_platinum_mm_short,2023-04-11,2023-04-14,14191.0,https://www.cftc.gov/files/dea/history/fut_disagg_txt_2026.zip,2026-10-08
cftc_platinum_mm_short,2023-04-18,2023-04-21,7467.0,https://www.cftc.gov/files/dea/history/fut_disagg_txt_2026.zip,2026-10-08
cftc_platinum_mm_short,2023-04-25,2023-04-28,6849.0,https://www.cftc.gov/files/dea/history/fut_disagg_txt_2026.zip,2026-10-08
cftc_platinum_mm_short,2023-05-02,2023-05-05,9759.0,https://www.cftc.gov/files/dea/history/fut_disagg_txt_2026.zip,2026-10-08
cftc_platinum_mm_short,2023-05-09,2023-05-12,9407.0,https://www.cftc.gov/files/dea/history/fut_disagg_txt_2026.zip,2026-10-08
cftc_platinum_mm_short,2023-05-16,2023-05-19,10942.0,https://www.cftc.gov/files/dea/history/fut_disagg_txt_2026.zip,2026-10-08
cftc_platinum_mm_short,2023-05-23,2023-05-26,10412.0,https://www.cftc.gov/files/dea/history/fut_disagg_txt_2026.zip,2026-10-08
cftc_platinum_mm_short,2023-05-30,2023-06-02,11295.0,https://www.cftc.gov/files/dea/history/fut_disagg_txt_2026.zip,2026-10-08
cftc_platinum_mm_short,2023-06-06,2023-06-09,8356.0,https://www.cftc.gov/files/dea/history/fut_disagg_txt_2026.zip,2026-10-08
cftc_platinum_mm_short,2023-06-13,2023-06-16,10576.0,https://www.cftc.gov/files/dea/history/fut_disagg_txt_2026.zip,2026-10-08
cftc_platinum_mm_short,2023-06-20,2023-06-23,11865.0,https://www.cftc.gov/files/dea/history/fut_disagg_txt_2026.zip,2026-10-08
cftc_platinum_mm_short,2023-06-27,2023-06-30,20339.0,https://www.cftc.gov/files/dea/history/fut_disagg_txt_2026.zip,2026-10-08
cftc_platinum_mm_short,2023-07-03,2023-07-06,26580.0,https://www.cftc.gov/files/dea/history/fut_disagg_txt_2026.zip,2026-10-08
cftc_platinum_mm_short,2023-07-11,2023-07-14,29083.0,https://www.cftc.gov/files/dea/history/fut_disagg_txt_2026.zip,2026-10-08
cftc_platinum_mm_short,2023-07-18,2023-07-21,19854.0,https://www.cftc.gov/files/dea/history/fut_disagg_txt_2026.zip,2026-10-08
cftc_platinum_mm_short,2023-07-25,2023-07-28,17843.0,https://www.cftc.gov/files/dea/history/fut_disagg_txt_2026.zip,2026-10-08
cftc_platinum_mm_short,2023-08-01,2023-08-04,22936.0,https://www.cftc.gov/files/dea/history/fut_disagg_txt_2026.zip,2026-10-08
cftc_platinum_mm_short,2023-08-08,2023-08-11,35183.0,https://www.cftc.gov/files/dea/history/fut_disagg_txt_2026.zip,2026-10-08
cftc_platinum_mm_short,2023-08-15,2023-08-18,40919.0,https://www.cftc.gov/files/dea/history/fut_disagg_txt_2026.zip,2026-10-08
cftc_platinum_mm_short,2023-08-22,2023-08-25,40655.0,https://www.cftc.gov/files/dea/history/fut_disagg_txt_2026.zip,2026-10-08
cftc_platinum_mm_short,2023-08-29,2023-09-01,25089.0,https://www.cftc.gov/files/dea/history/fut_disagg_txt_2026.zip,2026-10-08
cftc_platinum_mm_short,2023-09-05,2023-09-08,19145.0,https://www.cftc.gov/files/dea/history/fut_disagg_txt_2026.zip,2026-10-08
cftc_platinum_mm_short,2023-09-12,2023-09-15,34530.0,https://www.cftc.gov/files/dea/history/fut_disagg_txt_2026.zip,2026-10-08
cftc_platinum_mm_short,2023-09-19,2023-09-22,29838.0,https://www.cftc.gov/files/dea/history/fut_disagg_txt_2026.zip,2026-10-08
cftc_platinum_mm_short,2023-09-26,2023-09-29,30464.0,https://www.cftc.gov/files/dea/history/fut_disagg_txt_2026.zip,2026-10-08
cftc_platinum_mm_short,2023-10-03,2023-10-06,40141.0,https://www.cftc.gov/files/dea/history/fut_disagg_txt_2026.zip,2026-10-08
cftc_platinum_mm_short,2023-10-10,2023-10-13,42874.0,https://www.cftc.gov/files/dea/history/fut_disagg_txt_2026.zip,2026-10-08
cftc_platinum_mm_short,2023-10-17,2023-10-20,43194.0,https://www.cftc.gov/files/dea/history/fut_disagg_txt_2026.zip,2026-10-08
cftc_platinum_mm_short,2023-10-24,2023-10-27,43241.0,https://www.cftc.gov/files/dea/history/fut_disagg_txt_2026.zip,2026-10-08
cftc_platinum_mm_short,2023-10-31,2023-11-03,29190.0,https://www.cftc.gov/files/dea/history/fut_disagg_txt_2026.zip,2026-10-08
cftc_platinum_mm_short,2023-11-07,2023-11-10,30276.0,https://www.cftc.gov/files/dea/history/fut_disagg_txt_2026.zip,2026-10-08
cftc_platinum_mm_short,2023-11-14,2023-11-17,45391.0,https://www.cftc.gov/files/dea/history/fut_disagg_txt_2026.zip,2026-10-08
cftc_platinum_mm_short,2023-11-21,2023-11-24,29260.0,https://www.cftc.gov/files/dea/history/fut_disagg_txt_2026.zip,2026-10-08
cftc_platinum_mm_short,2023-11-28,2023-12-01,23999.0,https://www.cftc.gov/files/dea/history/fut_disagg_txt_2026.zip,2026-10-08
cftc_platinum_mm_short,2023-12-05,2023-12-08,27946.0,https://www.cftc.gov/files/dea/history/fut_disagg_txt_2026.zip,2026-10-08
cftc_platinum_mm_short,2023-12-12,2023-12-15,25188.0,https://www.cftc.gov/files/dea/history/fut_disagg_txt_2026.zip,2026-10-08
cftc_platinum_mm_short,2023-12-19,2023-12-22,18867.0,https://www.cftc.gov/files/dea/history/fut_disagg_txt_2026.zip,2026-10-08
cftc_platinum_mm_short,2023-12-26,2023-12-29,17019.0,https://www.cftc.gov/files/dea/history/fut_disagg_txt_2026.zip,2026-10-08
cftc_platinum_mm_short,2024-01-02,2024-01-05,16658.0,https://www.cftc.gov/files/dea/history/fut_disagg_txt_2026.zip,2026-10-08
cftc_platinum_mm_short,2024-01-09,2024-01-12,19702.0,https://www.cftc.gov/files/dea/history/fut_disagg_txt_2026.zip,2026-10-08
cftc_platinum_mm_short,2024-01-16,2024-01-19,27637.0,https://www.cftc.gov/files/dea/history/fut_disagg_txt_2026.zip,2026-10-08
cftc_platinum_mm_short,2024-01-23,2024-01-26,35551.0,https://www.cftc.gov/files/dea/history/fut_disagg_txt_2026.zip,2026-10-08
cftc_platinum_mm_short,2024-01-30,2024-02-02,29885.0,https://www.cftc.gov/files/dea/history/fut_disagg_txt_2026.zip,2026-10-08
cftc_platinum_mm_short,2024-02-06,2024-02-09,33651.0,https://www.cftc.gov/files/dea/history/fut_disagg_txt_2026.zip,2026-10-08
cftc_platinum_mm_short,2024-02-13,2024-02-16,45862.0,https://www.cftc.gov/files/dea/history/fut_disagg_txt_2026.zip,2026-10-08
cftc_platinum_mm_short,2024-02-20,2024-02-23,41732.0,https://www.cftc.gov/files/dea/history/fut_disagg_txt_2026.zip,2026-10-08
cftc_platinum_mm_short,2024-02-27,2024-03-01,43490.0,https://www.cftc.gov/files/dea/history/fut_disagg_txt_2026.zip,2026-10-08
cftc_platinum_mm_short,2024-03-05,2024-03-08,50526.0,https://www.cftc.gov/files/dea/history/fut_disagg_txt_2026.zip,2026-10-08
cftc_platinum_mm_short,2024-03-12,2024-03-15,33699.0,https://www.cftc.gov/files/dea/history/fut_disagg_txt_2026.zip,2026-10-08
cftc_platinum_mm_short,2024-03-19,2024-03-22,32629.0,https://www.cftc.gov/files/dea/history/fut_disagg_txt_2026.zip,2026-10-08
cftc_platinum_mm_short,2024-03-26,2024-03-29,31750.0,https://www.cftc.gov/files/dea/history/fut_disagg_txt_2026.zip,2026-10-08
cftc_platinum_mm_short,2024-04-02,2024-04-05,33234.0,https://www.cftc.gov/files/dea/history/fut_disagg_txt_2026.zip,2026-10-08
cftc_platinum_mm_short,2024-04-09,2024-04-12,27405.0,https://www.cftc.gov/files/dea/history/fut_disagg_txt_2026.zip,2026-10-08
cftc_platinum_mm_short,2024-04-16,2024-04-19,29707.0,https://www.cftc.gov/files/dea/history/fut_disagg_txt_2026.zip,2026-10-08
cftc_platinum_mm_short,2024-04-23,2024-04-26,36211.0,https://www.cftc.gov/files/dea/history/fut_disagg_txt_2026.zip,2026-10-08
cftc_platinum_mm_short,2024-04-30,2024-05-03,32546.0,https://www.cftc.gov/files/dea/history/fut_disagg_txt_2026.zip,2026-10-08
cftc_platinum_mm_short,2024-05-07,2024-05-10,28107.0,https://www.cftc.gov/files/dea/history/fut_disagg_txt_2026.zip,2026-10-08
cftc_platinum_mm_short,2024-05-14,2024-05-17,23184.0,https://www.cftc.gov/files/dea/history/fut_disagg_txt_2026.zip,2026-10-08
cftc_platinum_mm_short,2024-05-21,2024-05-24,25641.0,https://www.cftc.gov/files/dea/history/fut_disagg_txt_2026.zip,2026-10-08
cftc_platinum_mm_short,2024-05-28,2024-05-31,25332.0,https://www.cftc.gov/files/dea/history/fut_disagg_txt_2026.zip,2026-10-08
cftc_platinum_mm_short,2024-06-04,2024-06-07,29217.0,https://www.cftc.gov/files/dea/history/fut_disagg_txt_2026.zip,2026-10-08
cftc_platinum_mm_short,2024-06-11,2024-06-14,28074.0,https://www.cftc.gov/files/dea/history/fut_disagg_txt_2026.zip,2026-10-08
cftc_platinum_mm_short,2024-06-18,2024-06-21,24906.0,https://www.cftc.gov/files/dea/history/fut_disagg_txt_2026.zip,2026-10-08
cftc_platinum_mm_short,2024-06-25,2024-06-28,19488.0,https://www.cftc.gov/files/dea/history/fut_disagg_txt_2026.zip,2026-10-08
cftc_platinum_mm_short,2024-07-02,2024-07-05,17183.0,https://www.cftc.gov/files/dea/history/fut_disagg_txt_2026.zip,2026-10-08
cftc_platinum_mm_short,2024-07-09,2024-07-12,20309.0,https://www.cftc.gov/files/dea/history/fut_disagg_txt_2026.zip,2026-10-08
cftc_platinum_mm_short,2024-07-16,2024-07-19,21757.0,https://www.cftc.gov/files/dea/history/fut_disagg_txt_2026.zip,2026-10-08
cftc_platinum_mm_short,2024-07-23,2024-07-26,24809.0,https://www.cftc.gov/files/dea/history/fut_disagg_txt_2026.zip,2026-10-08
cftc_platinum_mm_short,2024-07-30,2024-08-02,24620.0,https://www.cftc.gov/files/dea/history/fut_disagg_txt_2026.zip,2026-10-08
cftc_platinum_mm_short,2024-08-06,2024-08-09,30192.0,https://www.cftc.gov/files/dea/history/fut_disagg_txt_2026.zip,2026-10-08
cftc_platinum_mm_short,2024-08-13,2024-08-16,31267.0,https://www.cftc.gov/files/dea/history/fut_disagg_txt_2026.zip,2026-10-08
cftc_platinum_mm_short,2024-08-20,2024-08-23,28692.0,https://www.cftc.gov/files/dea/history/fut_disagg_txt_2026.zip,2026-10-08
cftc_platinum_mm_short,2024-08-27,2024-08-30,24683.0,https://www.cftc.gov/files/dea/history/fut_disagg_txt_2026.zip,2026-10-08
cftc_platinum_mm_short,2024-09-03,2024-09-06,35672.0,https://www.cftc.gov/files/dea/history/fut_disagg_txt_2026.zip,2026-10-08
cftc_platinum_mm_short,2024-09-10,2024-09-13,32249.0,https://www.cftc.gov/files/dea/history/fut_disagg_txt_2026.zip,2026-10-08
cftc_platinum_mm_short,2024-09-17,2024-09-20,16684.0,https://www.cftc.gov/files/dea/history/fut_disagg_txt_2026.zip,2026-10-08
cftc_platinum_mm_short,2024-09-24,2024-09-27,17060.0,https://www.cftc.gov/files/dea/history/fut_disagg_txt_2026.zip,2026-10-08
cftc_platinum_mm_short,2024-10-01,2024-10-04,15397.0,https://www.cftc.gov/files/dea/history/fut_disagg_txt_2026.zip,2026-10-08
cftc_platinum_mm_short,2024-10-08,2024-10-11,18913.0,https://www.cftc.gov/files/dea/history/fut_disagg_txt_2026.zip,2026-10-08
cftc_platinum_mm_short,2024-10-15,2024-10-18,15534.0,https://www.cftc.gov/files/dea/history/fut_disagg_txt_2026.zip,2026-10-08
cftc_platinum_mm_short,2024-10-22,2024-10-25,15175.0,https://www.cftc.gov/files/dea/history/fut_disagg_txt_2026.zip,2026-10-08
cftc_platinum_mm_short,2024-10-29,2024-11-01,16022.0,https://www.cftc.gov/files/dea/history/fut_disagg_txt_2026.zip,2026-10-08
cftc_platinum_mm_short,2024-11-05,2024-11-08,19422.0,https://www.cftc.gov/files/dea/history/fut_disagg_txt_2026.zip,2026-10-08
cftc_platinum_mm_short,2024-11-12,2024-11-15,24903.0,https://www.cftc.gov/files/dea/history/fut_disagg_txt_2026.zip,2026-10-08
cftc_platinum_mm_short,2024-11-19,2024-11-22,27084.0,https://www.cftc.gov/files/dea/history/fut_disagg_txt_2026.zip,2026-10-08
cftc_platinum_mm_short,2024-11-26,2024-11-29,30622.0,https://www.cftc.gov/files/dea/history/fut_disagg_txt_2026.zip,2026-10-08
cftc_platinum_mm_short,2024-12-03,2024-12-06,30446.0,https://www.cftc.gov/files/dea/history/fut_disagg_txt_2026.zip,2026-10-08
cftc_platinum_mm_short,2024-12-10,2024-12-13,33520.0,https://www.cftc.gov/files/dea/history/fut_disagg_txt_2026.zip,2026-10-08
cftc_platinum_mm_short,2024-12-17,2024-12-20,38300.0,https://www.cftc.gov/files/dea/history/fut_disagg_txt_2026.zip,2026-10-08
cftc_platinum_mm_short,2024-12-24,2024-12-27,38674.0,https://www.cftc.gov/files/dea/history/fut_disagg_txt_2026.zip,2026-10-08
cftc_platinum_mm_short,2024-12-31,2025-01-03,42550.0,https://www.cftc.gov/files/dea/history/fut_disagg_txt_2026.zip,2026-10-08
cftc_platinum_mm_short,2025-01-07,2025-01-10,34753.0,https://www.cftc.gov/files/dea/history/fut_disagg_txt_2026.zip,2026-10-08
cftc_platinum_mm_short,2025-01-14,2025-01-17,26572.0,https://www.cftc.gov/files/dea/history/fut_disagg_txt_2026.zip,2026-10-08
cftc_platinum_mm_short,2025-01-21,2025-01-24,30671.0,https://www.cftc.gov/files/dea/history/fut_disagg_txt_2026.zip,2026-10-08
cftc_platinum_mm_short,2025-01-28,2025-01-31,29463.0,https://www.cftc.gov/files/dea/history/fut_disagg_txt_2026.zip,2026-10-08
cftc_platinum_mm_short,2025-02-04,2025-02-07,22066.0,https://www.cftc.gov/files/dea/history/fut_disagg_txt_2026.zip,2026-10-08
cftc_platinum_mm_short,2025-02-11,2025-02-14,21721.0,https://www.cftc.gov/files/dea/history/fut_disagg_txt_2026.zip,2026-10-08
cftc_platinum_mm_short,2025-02-18,2025-02-21,26714.0,https://www.cftc.gov/files/dea/history/fut_disagg_txt_2026.zip,2026-10-08
cftc_platinum_mm_short,2025-02-25,2025-02-28,30663.0,https://www.cftc.gov/files/dea/history/fut_disagg_txt_2026.zip,2026-10-08
cftc_platinum_mm_short,2025-03-04,2025-03-07,29543.0,https://www.cftc.gov/files/dea/history/fut_disagg_txt_2026.zip,2026-10-08
cftc_platinum_mm_short,2025-03-11,2025-03-14,26410.0,https://www.cftc.gov/files/dea/history/fut_disagg_txt_2026.zip,2026-10-08
cftc_platinum_mm_short,2025-03-18,2025-03-21,21414.0,https://www.cftc.gov/files/dea/history/fut_disagg_txt_2026.zip,2026-10-08
cftc_platinum_mm_short,2025-03-25,2025-03-28,30042.0,https://www.cftc.gov/files/dea/history/fut_disagg_txt_2026.zip,2026-10-08
cftc_platinum_mm_short,2025-04-01,2025-04-04,30313.0,https://www.cftc.gov/files/dea/history/fut_disagg_txt_2026.zip,2026-10-08
cftc_platinum_mm_short,2025-04-08,2025-04-11,40165.0,https://www.cftc.gov/files/dea/history/fut_disagg_txt_2026.zip,2026-10-08
cftc_platinum_mm_short,2025-04-15,2025-04-18,36131.0,https://www.cftc.gov/files/dea/history/fut_disagg_txt_2026.zip,2026-10-08
cftc_platinum_mm_short,2025-04-22,2025-04-25,35520.0,https://www.cftc.gov/files/dea/history/fut_disagg_txt_2026.zip,2026-10-08
cftc_platinum_mm_short,2025-04-29,2025-05-02,31492.0,https://www.cftc.gov/files/dea/history/fut_disagg_txt_2026.zip,2026-10-08
cftc_platinum_mm_short,2025-05-06,2025-05-09,31008.0,https://www.cftc.gov/files/dea/history/fut_disagg_txt_2026.zip,2026-10-08
cftc_platinum_mm_short,2025-05-13,2025-05-16,29211.0,https://www.cftc.gov/files/dea/history/fut_disagg_txt_2026.zip,2026-10-08
cftc_platinum_mm_short,2025-05-20,2025-05-23,26972.0,https://www.cftc.gov/files/dea/history/fut_disagg_txt_2026.zip,2026-10-08
cftc_platinum_mm_short,2025-05-27,2025-05-30,24316.0,https://www.cftc.gov/files/dea/history/fut_disagg_txt_2026.zip,2026-10-08
cftc_platinum_mm_short,2025-06-03,2025-06-06,30047.0,https://www.cftc.gov/files/dea/history/fut_disagg_txt_2026.zip,2026-10-08
cftc_platinum_mm_short,2025-06-10,2025-06-13,25410.0,https://www.cftc.gov/files/dea/history/fut_disagg_txt_2026.zip,2026-10-08
cftc_platinum_mm_short,2025-06-17,2025-06-20,25702.0,https://www.cftc.gov/files/dea/history/fut_disagg_txt_2026.zip,2026-10-08
cftc_platinum_mm_short,2025-06-24,2025-06-27,23480.0,https://www.cftc.gov/files/dea/history/fut_disagg_txt_2026.zip,2026-10-08
cftc_platinum_mm_short,2025-07-01,2025-07-04,25170.0,https://www.cftc.gov/files/dea/history/fut_disagg_txt_2026.zip,2026-10-08
cftc_platinum_mm_short,2025-07-08,2025-07-11,25981.0,https://www.cftc.gov/files/dea/history/fut_disagg_txt_2026.zip,2026-10-08
cftc_platinum_mm_short,2025-07-15,2025-07-18,26464.0,https://www.cftc.gov/files/dea/history/fut_disagg_txt_2026.zip,2026-10-08
cftc_platinum_mm_short,2025-07-22,2025-07-25,23105.0,https://www.cftc.gov/files/dea/history/fut_disagg_txt_2026.zip,2026-10-08
cftc_platinum_mm_short,2025-07-29,2025-08-01,21827.0,https://www.cftc.gov/files/dea/history/fut_disagg_txt_2026.zip,2026-10-08
cftc_platinum_mm_short,2025-08-05,2025-08-08,21955.0,https://www.cftc.gov/files/dea/history/fut_disagg_txt_2026.zip,2026-10-08
cftc_platinum_mm_short,2025-08-12,2025-08-15,22603.0,https://www.cftc.gov/files/dea/history/fut_disagg_txt_2026.zip,2026-10-08
cftc_platinum_mm_short,2025-08-19,2025-08-22,25068.0,https://www.cftc.gov/files/dea/history/fut_disagg_txt_2026.zip,2026-10-08
cftc_platinum_mm_short,2025-08-26,2025-08-29,22722.0,https://www.cftc.gov/files/dea/history/fut_disagg_txt_2026.zip,2026-10-08
cftc_platinum_mm_short,2025-09-02,2025-09-05,22863.0,https://www.cftc.gov/files/dea/history/fut_disagg_txt_2026.zip,2026-10-08
cftc_platinum_mm_short,2025-09-09,2025-09-12,26448.0,https://www.cftc.gov/files/dea/history/fut_disagg_txt_2026.zip,2026-10-08
cftc_platinum_mm_short,2025-09-16,2025-09-19,25955.0,https://www.cftc.gov/files/dea/history/fut_disagg_txt_2026.zip,2026-10-08
cftc_platinum_mm_short,2025-09-23,2025-09-26,22939.0,https://www.cftc.gov/files/dea/history/fut_disagg_txt_2026.zip,2026-10-08
cftc_platinum_mm_short,2025-09-30,2025-10-03,22235.0,https://www.cftc.gov/files/dea/history/fut_disagg_txt_2026.zip,2026-10-08
cftc_platinum_mm_short,2025-10-07,2025-10-10,24492.0,https://www.cftc.gov/files/dea/history/fut_disagg_txt_2026.zip,2026-10-08
cftc_platinum_mm_short,2025-10-14,2025-10-17,24661.0,https://www.cftc.gov/files/dea/history/fut_disagg_txt_2026.zip,2026-10-08
cftc_platinum_mm_short,2025-10-21,2025-10-24,22363.0,https://www.cftc.gov/files/dea/history/fut_disagg_txt_2026.zip,2026-10-08
cftc_platinum_mm_short,2025-10-28,2025-10-31,19370.0,https://www.cftc.gov/files/dea/history/fut_disagg_txt_2026.zip,2026-10-08
cftc_platinum_mm_short,2025-11-04,2025-11-07,19831.0,https://www.cftc.gov/files/dea/history/fut_disagg_txt_2026.zip,2026-10-08
cftc_platinum_mm_short,2025-11-10,2025-11-13,19024.0,https://www.cftc.gov/files/dea/history/fut_disagg_txt_2026.zip,2026-10-08
cftc_platinum_mm_short,2025-11-18,2025-11-21,20975.0,https://www.cftc.gov/files/dea/history/fut_disagg_txt_2026.zip,2026-10-08
cftc_platinum_mm_short,2025-11-25,2025-11-28,22304.0,https://www.cftc.gov/files/dea/history/fut_disagg_txt_2026.zip,2026-10-08
cftc_platinum_mm_short,2025-12-02,2025-12-05,23053.0,https://www.cftc.gov/files/dea/history/fut_disagg_txt_2026.zip,2026-10-08
cftc_platinum_mm_short,2025-12-09,2025-12-12,22507.0,https://www.cftc.gov/files/dea/history/fut_disagg_txt_2026.zip,2026-10-08
cftc_platinum_mm_short,2025-12-16,2025-12-19,21306.0,https://www.cftc.gov/files/dea/history/fut_disagg_txt_2026.zip,2026-10-08
cftc_platinum_mm_short,2025-12-23,2025-12-26,16486.0,https://www.cftc.gov/files/dea/history/fut_disagg_txt_2026.zip,2026-10-08
cftc_platinum_mm_short,2025-12-30,2026-01-02,14846.0,https://www.cftc.gov/files/dea/history/fut_disagg_txt_2026.zip,2026-10-08
cftc_platinum_mm_short,2026-01-06,2026-01-09,12740.0,https://www.cftc.gov/files/dea/history/fut_disagg_txt_2026.zip,2026-10-08
cftc_platinum_mm_short,2026-01-13,2026-01-16,11634.0,https://www.cftc.gov/files/dea/history/fut_disagg_txt_2026.zip,2026-10-08
cftc_platinum_mm_short,2026-01-20,2026-01-23,12925.0,https://www.cftc.gov/files/dea/history/fut_disagg_txt_2026.zip,2026-10-08
cftc_platinum_mm_short,2026-01-27,2026-01-30,13221.0,https://www.cftc.gov/files/dea/history/fut_disagg_txt_2026.zip,2026-10-08
cftc_platinum_mm_short,2026-02-03,2026-02-06,12242.0,https://www.cftc.gov/files/dea/history/fut_disagg_txt_2026.zip,2026-10-08
cftc_platinum_mm_short,2026-02-10,2026-02-13,10000.0,https://www.cftc.gov/files/dea/history/fut_disagg_txt_2026.zip,2026-10-08
cftc_platinum_mm_short,2026-02-17,2026-02-20,9089.0,https://www.cftc.gov/files/dea/history/fut_disagg_txt_2026.zip,2026-10-08
cftc_platinum_mm_short,2026-02-24,2026-02-27,9087.0,https://www.cftc.gov/files/dea/history/fut_disagg_txt_2026.zip,2026-10-08
cftc_platinum_mm_short,2026-03-03,2026-03-06,10496.0,https://www.cftc.gov/files/dea/history/fut_disagg_txt_2026.zip,2026-10-08
cftc_platinum_mm_short,2026-03-10,2026-03-13,8563.0,https://www.cftc.gov/files/dea/history/fut_disagg_txt_2026.zip,2026-10-08
cftc_platinum_mm_short,2026-03-17,2026-03-20,6656.0,https://www.cftc.gov/files/dea/history/fut_disagg_txt_2026.zip,2026-10-08
cftc_platinum_mm_short,2026-03-24,2026-03-27,4984.0,https://www.cftc.gov/files/dea/history/fut_disagg_txt_2026.zip,2026-10-08
cftc_platinum_mm_short,2026-03-31,2026-04-03,4556.0,https://www.cftc.gov/files/dea/history/fut_disagg_txt_2026.zip,2026-10-08
cftc_platinum_mm_short,2026-04-07,2026-04-10,4528.0,https://www.cftc.gov/files/dea/history/fut_disagg_txt_2026.zip,2026-10-08
cftc_platinum_mm_short,2026-04-14,2026-04-17,4120.0,https://www.cftc.gov/files/dea/history/fut_disagg_txt_2026.zip,2026-10-08
cftc_platinum_mm_short,2026-04-21,2026-04-24,4047.0,https://www.cftc.gov/files/dea/history/fut_disagg_txt_2026.zip,2026-10-08
cftc_platinum_mm_short,2026-04-28,2026-05-01,4586.0,https://www.cftc.gov/files/dea/history/fut_disagg_txt_2026.zip,2026-10-08
cftc_platinum_mm_short,2026-05-05,2026-05-08,4984.0,https://www.cftc.gov/files/dea/history/fut_disagg_txt_2026.zip,2026-10-08
cftc_platinum_mm_short,2026-05-12,2026-05-15,3869.0,https://www.cftc.gov/files/dea/history/fut_disagg_txt_2026.zip,2026-10-08
cftc_platinum_mm_short,2026-05-19,2026-05-22,5479.0,https://www.cftc.gov/files/dea/history/fut_disagg_txt_2026.zip,2026-10-08
cftc_platinum_mm_short,2026-05-26,2026-05-29,5737.0,https://www.cftc.gov/files/dea/history/fut_disagg_txt_2026.zip,2026-10-08
cftc_platinum_mm_short,2026-06-02,2026-06-05,5827.0,https://www.cftc.gov/files/dea/history/fut_disagg_txt_2026.zip,2026-10-08
cftc_platinum_mm_short,2026-06-09,2026-06-12,7168.0,https://www.cftc.gov/files/dea/history/fut_disagg_txt_2026.zip,2026-10-08
cftc_platinum_mm_short,2026-06-16,2026-06-19,6816.0,https://www.cftc.gov/files/dea/history/fut_disagg_txt_2026.zip,2026-10-08
cftc_platinum_mm_short,2026-06-23,2026-06-26,6329.0,https://www.cftc.gov/files/dea/history/fut_disagg_txt_2026.zip,2026-10-08
cftc_platinum_mm_short,2026-06-30,2026-07-03,7855.0,https://www.cftc.gov/files/dea/history/fut_disagg_txt_2026.zip,2026-10-08
cftc_platinum_mm_short,2026-07-07,2026-07-10,6958.0,https://www.cftc.gov/files/dea/history/fut_disagg_txt_2026.zip,2026-10-08
cftc_platinum_mm_short,2026-07-14,2026-07-17,6600.0,https://www.cftc.gov/files/dea/history/fut_disagg_txt_2026.zip,2026-10-08
cftc_platinum_mm_short,2026-07-21,2026-07-24,7840.0,https://www.cftc.gov/files/dea/history/fut_disagg_txt_2026.zip,2026-10-08
cftc_platinum_mm_short,2026-07-28,2026-07-31,7588.0,https://www.cftc.gov/files/dea/history/fut_disagg_txt_2026.zip,2026-10-08
cftc_platinum_mm_short,2026-08-04,2026-08-07,5917.0,https://www.cftc.gov/files/dea/history/fut_disagg_txt_2026.zip,2026-10-08
cftc_platinum_mm_short,2026-08-11,2026-08-14,7385.0,https://www.cftc.gov/files/dea/history/fut_disagg_txt_2026.zip,2026-10-08
cftc_platinum_mm_short,2026-08-18,2026-08-21,8188.0,https://www.cftc.gov/files/dea/history/fut_disagg_txt_2026.zip,2026-10-08
cftc_platinum_mm_short,2026-08-25,2026-08-28,8436.0,https://www.cftc.gov/files/dea/history/fut_disagg_txt_2026.zip,2026-10-08
cftc_platinum_mm_short,2026-09-01,2026-09-04,8578.0,https://www.cftc.gov/files/dea/history/fut_disagg_txt_2026.zip,2026-10-08
cftc_platinum_mm_short,2026-09-08,2026-09-11,8380.0,https://www.cftc.gov/files/dea/history/fut_disagg_txt_2026.zip,2026-10-08
cftc_platinum_mm_short,2026-09-15,2026-09-18,8732.0,https://www.cftc.gov/files/dea/history/fut_disagg_txt_2026.zip,2026-10-08
cftc_platinum_mm_short,2026-09-22,2026-09-25,9262.0,https://www.cftc.gov/files/dea/history/fut_disagg_txt_2026.zip,2026-10-08
cftc_platinum_mm_short,2026-09-29,2026-10-02,10870.0,https://www.cftc.gov/files/dea/history/fut_disagg_txt_2026.zip,2026-10-08
