series_id,ref_date,available_date,value,source,fetched_at
cftc_platinum_oi,2006-06-13,2006-06-16,8614.0,https://www.cftc.gov/files/dea/history/fut_disagg_txt_2026.zip,2026-10-08
cftc_platinum_oi,2006-06-20,2006-06-23,7379.0,https://www.cftc.gov/files/dea/history/fut_disagg_txt_2026.zip,2026-10-08
cftc_platinum_oi,2006-06-27,2006-06-30,8093.0,https://www.cftc.gov/files/dea/history/fut_disagg_txt_2026.zip,2026-10-08
cftc_platinum_oi,2006-07-03,2006-07-06,7338.0,https://www.cftc.gov/files/dea/history/fut_disagg_txt_2026.zip,2026-10-08
cftc_platinum_oi,2006-07-11,2006-07-14,8213.0,https://www.cftc.gov/files/dea/history/fut_disagg_txt_2026.zip,2026-10-08
cftc_platinum_oi,2006-07-18,2006-07-21,9022.0,https://www.cftc.gov/files/dea/history/fut_disagg_txt_2026.zip,2026-10-08
cftc_platinum_oi,2006-07-25,2006-07-28,8567.0,https://www.cftc.gov/files/dea/history/fut_disagg_txt_2026.zip,2026-10-08
cftc_platinum_oi,2006-08-01,2006-08-04,9272.0,https://www.cftc.gov/files/dea/history/fut_disagg_txt_2026.zip,2026-10-08
cftc_platinum_oi,2006-08-08,2006-08-11,10176.0,https://www.cftc.gov/files/dea/history/fut_disagg_txt_2026.zip,2026-10-08
cftc_platinum_oi,2006-08-15,2006-08-18,9948.0,https://www.cftc.gov/files/dea/history/fut_disagg_txt_2026.zip,2026-10-08
cftc_platinum_oi,2006-08-22,2006-08-25,9877.0,https://www.cftc.gov/files/dea/history/fut_disagg_txt_2026.zip,2026-10-08
cftc_platinum_oi,2006-08-29,2006-09-01,9665.0,https://www.cftc.gov/files/dea/history/fut_disagg_txt_2026.zip,2026-10-08
cftc_platinum_oi,2006-09-05,2006-09-08,10269.0,https://www.cftc.gov/files/dea/history/fut_disagg_txt_2026.zip,2026-10-08
cftc_platinum_oi,2006-09-12,2006-09-15,9399.0,https://www.cftc.gov/files/dea/history/fut_disagg_txt_2026.zip,2026-10-08
cftc_platinum_oi,2006-09-19,2006-09-22,8528.0,https://www.cftc.gov/files/dea/history/fut_disagg_txt_2026.zip,2026-10-08
cftc_platinum_oi,2006-09-26,2006-09-29,8451.0,https://www.cftc.gov/files/dea/history/fut_disagg_txt_2026.zip,2026-10-08
cftc_platinum_oi,2006-10-03,2006-10-06,7682.0,https://www.cftc.gov/files/dea/history/fut_disagg_txt_2026.zip,2026-10-08
cftc_platinum_oi,2006-10-10,2006-10-13,6968.0,https://www.cftc.gov/files/dea/history/fut_disagg_txt_2026.zip,2026-10-08
cftc_platinum_oi,2006-10-17,2006-10-20,7288.0,https://www.cftc.gov/files/dea/history/fut_disagg_txt_2026.zip,2026-10-08
cftc_platinum_oi,2006-10-24,2006-10-27,7046.0,https://www.cftc.gov/files/dea/history/fut_disagg_txt_2026.zip,2026-10-08
cftc_platinum_oi,2006-10-31,2006-11-03,7648.0,https://www.cftc.gov/files/dea/history/fut_disagg_txt_2026.zip,2026-10-08
cftc_platinum_oi,2006-11-07,2006-11-10,9085.0,https://www.cftc.gov/files/dea/history/fut_disagg_txt_2026.zip,2026-10-08
cftc_platinum_oi,2006-11-14,2006-11-17,8258.0,https://www.cftc.gov/files/dea/history/fut_disagg_txt_2026.zip,2026-10-08
cftc_platinum_oi,2006-11-21,2006-11-24,7580.0,https://www.cftc.gov/files/dea/history/fut_disagg_txt_2026.zip,2026-10-08
cftc_platinum_oi,2006-11-28,2006-12-01,8081.0,https://www.cftc.gov/files/dea/history/fut_disagg_txt_2026.zip,2026-10-08
cftc_platinum_oi,2006-12-05,2006-12-08,8015.0,https://www.cftc.gov/files/dea/history/fut_disagg_txt_2026.zip,2026-10-08
cftc_platinum_oi,2006-12-12,2006-12-15,8144.0,https://www.cftc.gov/files/dea/history/fut_disagg_txt_2026.zip,2026-10-08
cftc_platinum_oi,2006-12-19,2006-12-22,8165.0,https://www.cftc.gov/files/dea/history/fut_disagg_txt_2026.zip,2026-10-08
cftc_platinum_oi,2006-12-26,2006-12-29,8549.0,https://www.cftc.gov/files/dea/history/fut_disagg_txt_2026.zip,2026-10-08
cftc_platinum_oi,2007-01-03,2007-01-06,8383.0,https://www.cftc.gov/files/dea/history/fut_disagg_txt_2026.zip,2026-10-08
cftc_platinum_oi,2007-01-09,2007-01-12,8058.0,https://www.cftc.gov/files/dea/history/fut_disagg_txt_2026.zip,2026-10-08
cftc_platinum_oi,2007-01-16,2007-01-19,8504.0,https://www.cftc.gov/files/dea/history/fut_disagg_txt_2026.zip,2026-10-08
cftc_platinum_oi,2007-01-23,2007-01-26,9102.0,https://www.cftc.gov/files/dea/history/fut_disagg_txt_2026.zip,2026-10-08
cftc_platinum_oi,2007-01-30,2007-02-02,9811.0,https://www.cftc.gov/files/dea/history/fut_disagg_txt_2026.zip,2026-10-08
cftc_platinum_oi,2007-02-06,2007-02-09,10354.0,https://www.cftc.gov/files/dea/history/fut_disagg_txt_2026.zip,2026-10-08
cftc_platinum_oi,2007-02-13,2007-02-16,10571.0,https://www.cftc.gov/files/dea/history/fut_disagg_txt_2026.zip,2026-10-08
cftc_platinum_oi,2007-02-20,2007-02-23,10908.0,https://www.cftc.gov/files/dea/history/fut_disagg_txt_2026.zip,2026-10-08
cftc_platinum_oi,2007-02-27,2007-03-02,12289.0,https://www.cftc.gov/files/dea/history/fut_disagg_txt_2026.zip,2026-10-08
cftc_platinum_oi,2007-03-06,2007-03-09,10978.0,https://www.cftc.gov/files/dea/history/fut_disagg_txt_2026.zip,2026-10-08
cftc_platinum_oi,2007-03-13,2007-03-16,10704.0,https://www.cftc.gov/files/dea/history/fut_disagg_txt_2026.zip,2026-10-08
cftc_platinum_oi,2007-03-20,2007-03-23,11339.0,https://www.cftc.gov/files/dea/history/fut_disagg_txt_2026.zip,2026-10-08
cftc_platinum_oi,2007-03-27,2007-03-30,11320.0,https://www.cftc.gov/files/dea/history/fut_disagg_txt_2026.zip,2026-10-08
cftc_platinum_oi,2007-04-03,2007-04-06,11787.0,https://www.cftc.gov/files/dea/history/fut_disagg_txt_2026.zip,2026-10-08
cftc_platinum_oi,2007-04-10,2007-04-13,12684.0,https://www.cftc.gov/files/dea/history/fut_disagg_txt_2026.zip,2026-10-08
cftc_platinum_oi,2007-04-17,2007-04-20,13788.0,https://www.cftc.gov/files/dea/history/fut_disagg_txt_2026.zip,2026-10-08
cftc_platinum_oi,2007-04-24,2007-04-27,14767.0,https://www.cftc.gov/files/dea/history/fut_disagg_txt_2026.zip,2026-10-08
cftc_platinum_oi,2007-05-01,2007-05-04,14652.0,https://www.cftc.gov/files/dea/history/fut_disagg_txt_2026.zip,2026-10-08
cftc_platinum_oi,2007-05-08,2007-05-11,15130.0,https://www.cftc.gov/files/dea/history/fut_disagg_txt_2026.zip,2026-10-08
cftc_platinum_oi,2007-05-15,2007-05-18,16081.0,https://www.cftc.gov/files/dea/history/fut_disagg_txt_2026.zip,2026-10-08
cftc_platinum_oi,2007-05-22,2007-05-25,15141.0,https://www.cftc.gov/files/dea/history/fut_disagg_txt_2026.zip,2026-10-08
cftc_platinum_oi,2007-05-29,2007-06-01,14738.0,https://www.cftc.gov/files/dea/history/fut_disagg_txt_2026.zip,2026-10-08
cftc_platinum_oi,2007-06-05,2007-06-08,14730.0,https://www.cftc.gov/files/dea/history/fut_disagg_txt_2026.zip,2026-10-08
cftc_platinum_oi,2007-06-12,2007-06-15,15187.0,https://www.cftc.gov/files/dea/history/fut_disagg_txt_2026.zip,2026-10-08
cftc_platinum_oi,2007-06-19,2007-06-22,15231.0,https://www.cftc.gov/files/dea/history/fut_disagg_txt_2026.zip,2026-10-08
cftc_platinum_oi,2007-06-26,2007-06-29,15288.0,https://www.cftc.gov/files/dea/history/fut_disagg_txt_2026.zip,2026-10-08
cftc_platinum_oi,2007-07-03,2007-07-06,14533.0,https://www.cftc.gov/files/dea/history/fut_disagg_txt_2026.zip,2026-10-08
cftc_platinum_oi,2007-07-10,2007-07-13,15801.0,https://www.cftc.gov/files/dea/history/fut_disagg_txt_2026.zip,2026-10-08
cftc_platinum_oi,2007-07-17,2007-07-20,17001.0,https://www.cftc.gov/files/dea/history/fut_disagg_txt_2026.zip,2026-10-08
cftc_platinum_oi,2007-07-24,2007-07-27,18768.0,https://www.cftc.gov/files/dea/history/fut_disagg_txt_2026.zip,2026-10-08
cftc_platinum_oi,2007-07-31,2007-08-03,14773.0,https://www.cftc.gov/files/dea/history/fut_disagg_txt_2026.zip,2026-10-08
cftc_platinum_oi,2007-08-07,2007-08-10,14573.0,https://www.cftc.gov/files/dea/history/fut_disagg_txt_2026.zip,2026-10-08
cftc_platinum_oi,2007-08-14,2007-08-17,12933.0,https://www.cftc.gov/files/dea/history/fut_disagg_txt_2026.zip,2026-10-08
cftc_platinum_oi,2007-08-21,2007-08-24,11119.0,https://www.cftc.gov/files/dea/history/fut_disagg_txt_2026.zip,2026-10-08
cftc_platinum_oi,2007-08-28,2007-08-31,10529.0,https://www.cftc.gov/files/dea/history/fut_disagg_txt_2026.zip,2026-10-08
cftc_platinum_oi,2007-09-04,2007-09-07,10881.0,https://www.cftc.gov/files/dea/history/fut_disagg_txt_2026.zip,2026-10-08
cftc_platinum_oi,2007-09-11,2007-09-14,11352.0,https://www.cftc.gov/files/dea/history/fut_disagg_txt_2026.zip,2026-10-08
cftc_platinum_oi,2007-09-18,2007-09-21,12205.0,https://www.cftc.gov/files/dea/history/fut_disagg_txt_2026.zip,2026-10-08
cftc_platinum_oi,2007-09-25,2007-09-28,13729.0,https://www.cftc.gov/files/dea/history/fut_disagg_txt_2026.zip,2026-10-08
cftc_platinum_oi,2007-10-02,2007-10-05,14621.0,https://www.cftc.gov/files/dea/history/fut_disagg_txt_2026.zip,2026-10-08
cftc_platinum_oi,2007-10-09,2007-10-12,14894.0,https://www.cftc.gov/files/dea/history/fut_disagg_txt_2026.zip,2026-10-08
cftc_platinum_oi,2007-10-16,2007-10-19,14968.0,https://www.cftc.gov/files/dea/history/fut_disagg_txt_2026.zip,2026-10-08
cftc_platinum_oi,2007-10-23,2007-10-26,15504.0,https://www.cftc.gov/files/dea/history/fut_disagg_txt_2026.zip,2026-10-08
cftc_platinum_oi,2007-10-30,2007-11-02,15695.0,https://www.cftc.gov/files/dea/history/fut_disagg_txt_2026.zip,2026-10-08
cftc_platinum_oi,2007-11-06,2007-11-09,16382.0,https://www.cftc.gov/files/dea/history/fut_disagg_txt_2026.zip,2026-10-08
cftc_platinum_oi,2007-11-13,2007-11-16,13865.0,https://www.cftc.gov/files/dea/history/fut_disagg_txt_2026.zip,2026-10-08
cftc_platinum_oi,2007-11-20,2007-11-23,13979.0,https://www.cftc.gov/files/dea/history/fut_disagg_txt_2026.zip,2026-10-08
cftc_platinum_oi,2007-11-27,2007-11-30,13612.0,https://www.cftc.gov/files/dea/history/fut_disagg_txt_2026.zip,2026-10-08
cftc_platinum_oi,2007-12-04,2007-12-07,13897.0,https://www.cftc.gov/files/dea/history/fut_disagg_txt_2026.zip,2026-10-08
cftc_platinum_oi,2007-12-11,2007-12-14,14092.0,https://www.cftc.gov/files/dea/history/fut_disagg_txt_2026.zip,2026-10-08
cftc_platinum_oi,2007-12-18,2007-12-21,16213.0,https://www.cftc.gov/files/dea/history/fut_disagg_txt_2026.zip,2026-10-08
cftc_platinum_oi,2007-12-24,2007-12-27,16670.0,https://www.cftc.gov/files/dea/history/fut_disagg_txt_2026.zip,2026-10-08
cftc_platinum_oi,2007-12-31,2008-01-03,17562.0,https://www.cftc.gov/files/dea/history/fut_disagg_txt_2026.zip,2026-10-08
cftc_platinum_oi,2008-01-08,2008-01-11,19500.0,https://www.cftc.gov/files/dea/history/fut_disagg_txt_2026.zip,2026-10-08
cftc_platinum_oi,2008-01-15,2008-01-18,17970.0,https://www.cftc.gov/files/dea/history/fut_disagg_txt_2026.zip,2026-10-08
cftc_platinum_oi,2008-01-22,2008-01-25,16847.0,https://www.cftc.gov/files/dea/history/fut_disagg_txt_2026.zip,2026-10-08
cftc_platinum_oi,2008-01-29,2008-02-01,16759.0,https://www.cftc.gov/files/dea/history/fut_disagg_txt_2026.zip,2026-10-08
cftc_platinum_oi,2008-02-05,2008-02-08,15705.0,https://www.cftc.gov/files/dea/history/fut_disagg_txt_2026.zip,2026-10-08
cftc_platinum_oi,2008-02-12,2008-02-15,15135.0,https://www.cftc.gov/files/dea/history/fut_disagg_txt_2026.zip,2026-10-08
cftc_platinum_oi,2008-02-19,2008-02-22,16153.0,https://www.cftc.gov/files/dea/history/fut_disagg_txt_2026.zip,2026-10-08
cftc_platinum_oi,2008-02-26,2008-02-29,15486.0,https://www.cftc.gov/files/dea/history/fut_disagg_txt_2026.zip,2026-10-08
cftc_platinum_oi,2008-03-04,2008-03-07,15014.0,https://www.cftc.gov/files/dea/history/fut_disagg_txt_2026.zip,2026-10-08
cftc_platinum_oi,2008-03-11,2008-03-14,13669.0,https://www.cftc.gov/files/dea/history/fut_disagg_txt_2026.zip,2026-10-08
cftc_platinum_oi,2008-03-18,2008-03-21,12575.0,https://www.cftc.gov/files/dea/history/fut_disagg_txt_2026.zip,2026-10-08
cftc_platinum_oi,2008-03-25,2008-03-28,11413.0,https://www.cftc.gov/files/dea/history/fut_disagg_txt_2026.zip,2026-10-08
cftc_platinum_oi,2008-04-01,2008-04-04,12018.0,https://www.cftc.gov/files/dea/history/fut_disagg_txt_2026.zip,2026-10-08
cftc_platinum_oi,2008-04-08,2008-04-11,11916.0,https://www.cftc.gov/files/dea/history/fut_disagg_txt_2026.zip,2026-10-08
cftc_platinum_oi,2008-04-15,2008-04-18,12533.0,https://www.cftc.gov/files/dea/history/fut_disagg_txt_2026.zip,2026-10-08
cftc_platinum_oi,2008-04-22,2008-04-25,13881.0,https://www.cftc.gov/files/dea/history/fut_disagg_txt_2026.zip,2026-10-08
cftc_platinum_oi,2008-04-29,2008-05-02,13968.0,https://www.cftc.gov/files/dea/history/fut_disagg_txt_2026.zip,2026-10-08
cftc_platinum_oi,2008-05-06,2008-05-09,13961.0,https://www.cftc.gov/files/dea/history/fut_disagg_txt_2026.zip,2026-10-08
cftc_platinum_oi,2008-05-13,2008-05-16,15783.0,https://www.cftc.gov/files/dea/history/fut_disagg_txt_2026.zip,2026-10-08
cftc_platinum_oi,2008-05-20,2008-05-23,17225.0,https://www.cftc.gov/files/dea/history/fut_disagg_txt_2026.zip,2026-10-08
cftc_platinum_oi,2008-05-27,2008-05-30,17295.0,https://www.cftc.gov/files/dea/history/fut_disagg_txt_2026.zip,2026-10-08
cftc_platinum_oi,2008-06-03,2008-06-06,15395.0,https://www.cftc.gov/files/dea/history/fut_disagg_txt_2026.zip,2026-10-08
cftc_platinum_oi,2008-06-10,2008-06-13,16138.0,https://www.cftc.gov/files/dea/history/fut_disagg_txt_2026.zip,2026-10-08
cftc_platinum_oi,2008-06-17,2008-06-20,16146.0,https://www.cftc.gov/files/dea/history/fut_disagg_txt_2026.zip,2026-10-08
cftc_platinum_oi,2008-06-24,2008-06-27,15051.0,https://www.cftc.gov/files/dea/history/fut_disagg_txt_2026.zip,2026-10-08
cftc_platinum_oi,2008-07-01,2008-07-04,15141.0,https://www.cftc.gov/files/dea/history/fut_disagg_txt_2026.zip,2026-10-08
cftc_platinum_oi,2008-07-08,2008-07-11,14647.0,https://www.cftc.gov/files/dea/history/fut_disagg_txt_2026.zip,2026-10-08
cftc_platinum_oi,2008-07-15,2008-07-18,13943.0,https://www.cftc.gov/files/dea/history/fut_disagg_txt_2026.zip,2026-10-08
cftc_platinum_oi,2008-07-22,2008-07-25,14632.0,https://www.cftc.gov/files/dea/history/fut_disagg_txt_2026.zip,2026-10-08
cftc_platinum_oi,2008-07-29,2008-08-01,13406.0,https://www.cftc.gov/files/dea/history/fut_disagg_txt_2026.zip,2026-10-08
cftc_platinum_oi,2008-08-05,2008-08-08,12078.0,https://www.cftc.gov/files/dea/history/fut_disagg_txt_2026.zip,2026-10-08
cftc_platinum_oi,2008-08-12,2008-08-15,12258.0,https://www.cftc.gov/files/dea/history/fut_disagg_txt_2026.zip,2026-10-08
cftc_platinum_oi,2008-08-19,2008-08-22,12563.0,https://www.cftc.gov/files/dea/history/fut_disagg_txt_2026.zip,2026-10-08
cftc_platinum_oi,2008-08-26,2008-08-29,12355.0,https://www.cftc.gov/files/dea/history/fut_disagg_txt_2026.zip,2026-10-08
cftc_platinum_oi,2008-09-02,2008-09-05,12994.0,https://www.cftc.gov/files/dea/history/fut_disagg_txt_2026.zip,2026-10-08
cftc_platinum_oi,2008-09-09,2008-09-12,13142.0,https://www.cftc.gov/files/dea/history/fut_disagg_txt_2026.zip,2026-10-08
cftc_platinum_oi,2008-09-16,2008-09-19,13405.0,https://www.cftc.gov/files/dea/history/fut_disagg_txt_2026.zip,2026-10-08
cftc_platinum_oi,2008-09-23,2008-09-26,14572.0,https://www.cftc.gov/files/dea/history/fut_disagg_txt_2026.zip,2026-10-08
cftc_platinum_oi,2008-09-30,2008-10-03,14679.0,https://www.cftc.gov/files/dea/history/fut_disagg_txt_2026.zip,2026-10-08
cftc_platinum_oi,2008-10-07,2008-10-10,14850.0,https://www.cftc.gov/files/dea/history/fut_disagg_txt_2026.zip,2026-10-08
cftc_platinum_oi,2008-10-14,2008-10-17,15240.0,https://www.cftc.gov/files/dea/history/fut_disagg_txt_2026.zip,2026-10-08
cftc_platinum_oi,2008-10-21,2008-10-24,15106.0,https://www.cftc.gov/files/dea/history/fut_disagg_txt_2026.zip,2026-10-08
cftc_platinum_oi,2008-10-28,2008-10-31,15434.0,https://www.cftc.gov/files/dea/history/fut_disagg_txt_2026.zip,2026-10-08
cftc_platinum_oi,2008-11-04,2008-11-07,15761.0,https://www.cftc.gov/files/dea/history/fut_disagg_txt_2026.zip,2026-10-08
cftc_platinum_oi,2008-11-11,2008-11-14,16055.0,https://www.cftc.gov/files/dea/history/fut_disagg_txt_2026.zip,2026-10-08
cftc_platinum_oi,2008-11-18,2008-11-21,16731.0,https://www.cftc.gov/files/dea/history/fut_disagg_txt_2026.zip,2026-10-08
cftc_platinum_oi,2008-11-25,2008-11-28,17358.0,https://www.cftc.gov/files/dea/history/fut_disagg_txt_2026.zip,2026-10-08
cftc_platinum_oi,2008-12-02,2008-12-05,17325.0,https://www.cftc.gov/files/dea/history/fut_disagg_txt_2026.zip,2026-10-08
cftc_platinum_oi,2008-12-09,2008-12-12,16054.0,https://www.cftc.gov/files/dea/history/fut_disagg_txt_2026.zip,2026-10-08
cftc_platinum_oi,2008-12-16,2008-12-19,17045.0,https://www.cftc.gov/files/dea/history/fut_disagg_txt_2026.zip,2026-10-08
cftc_platinum_oi,2008-12-22,2008-12-25,18191.0,https://www.cftc.gov/files/dea/history/fut_disagg_txt_2026.zip,2026-10-08
cftc_platinum_oi,2008-12-30,2009-01-02,18320.0,https://www.cftc.gov/files/dea/history/fut_disagg_txt_2026.zip,2026-10-08
cftc_platinum_oi,2009-01-06,2009-01-09,18386.0,https://www.cftc.gov/files/dea/history/fut_disagg_txt_2026.zip,2026-10-08
cftc_platinum_oi,2009-01-13,2009-01-16,18294.0,https://www.cftc.gov/files/dea/history/fut_disagg_txt_2026.zip,2026-10-08
cftc_platinum_oi,2009-01-20,2009-01-23,17832.0,https://www.cftc.gov/files/dea/history/fut_disagg_txt_2026.zip,2026-10-08
cftc_platinum_oi,2009-01-27,2009-01-30,18522.0,https://www.cftc.gov/files/dea/history/fut_disagg_txt_2026.zip,2026-10-08
cftc_platinum_oi,2009-02-03,2009-02-06,18927.0,https://www.cftc.gov/files/dea/history/fut_disagg_txt_2026.zip,2026-10-08
cftc_platinum_oi,2009-02-10,2009-02-13,19945.0,https://www.cftc.gov/files/dea/history/fut_disagg_txt_2026.zip,2026-10-08
cftc_platinum_oi,2009-02-17,2009-02-20,20510.0,https://www.cftc.gov/files/dea/history/fut_disagg_txt_2026.zip,2026-10-08
cftc_platinum_oi,2009-02-24,2009-02-27,20870.0,https://www.cftc.gov/files/dea/history/fut_disagg_txt_2026.zip,2026-10-08
cftc_platinum_oi,2009-03-03,2009-03-06,19443.0,https://www.cftc.gov/files/dea/history/fut_disagg_txt_2026.zip,2026-10-08
cftc_platinum_oi,2009-03-10,2009-03-13,20175.0,https://www.cftc.gov/files/dea/history/fut_disagg_txt_2026.zip,2026-10-08
cftc_platinum_oi,2009-03-17,2009-03-20,19900.0,https://www.cftc.gov/files/dea/history/fut_disagg_txt_2026.zip,2026-10-08
cftc_platinum_oi,2009-03-24,2009-03-27,20940.0,https://www.cftc.gov/files/dea/history/fut_disagg_txt_2026.zip,2026-10-08
cftc_platinum_oi,2009-03-31,2009-04-03,20101.0,https://www.cftc.gov/files/dea/history/fut_disagg_txt_2026.zip,2026-10-08
cftc_platinum_oi,2009-04-07,2009-04-10,20969.0,https://www.cftc.gov/files/dea/history/fut_disagg_txt_2026.zip,2026-10-08
cftc_platinum_oi,2009-04-14,2009-04-17,21052.0,https://www.cftc.gov/files/dea/history/fut_disagg_txt_2026.zip,2026-10-08
cftc_platinum_oi,2009-04-21,2009-04-24,19879.0,https://www.cftc.gov/files/dea/history/fut_disagg_txt_2026.zip,2026-10-08
cftc_platinum_oi,2009-04-28,2009-05-01,19767.0,https://www.cftc.gov/files/dea/history/fut_disagg_txt_2026.zip,2026-10-08
cftc_platinum_oi,2009-05-05,2009-05-08,20510.0,https://www.cftc.gov/files/dea/history/fut_disagg_txt_2026.zip,2026-10-08
cftc_platinum_oi,2009-05-12,2009-05-15,20600.0,https://www.cftc.gov/files/dea/history/fut_disagg_txt_2026.zip,2026-10-08
cftc_platinum_oi,2009-05-19,2009-05-22,21174.0,https://www.cftc.gov/files/dea/history/fut_disagg_txt_2026.zip,2026-10-08
cftc_platinum_oi,2009-05-26,2009-05-29,21840.0,https://www.cftc.gov/files/dea/history/fut_disagg_txt_2026.zip,2026-10-08
cftc_platinum_oi,2009-06-02,2009-06-05,23162.0,https://www.cftc.gov/files/dea/history/fut_disagg_txt_2026.zip,2026-10-08
cftc_platinum_oi,2009-06-09,2009-06-12,24233.0,https://www.cftc.gov/files/dea/history/fut_disagg_txt_2026.zip,2026-10-08
cftc_platinum_oi,2009-06-16,2009-06-19,23901.0,https://www.cftc.gov/files/dea/history/fut_disagg_txt_2026.zip,2026-10-08
cftc_platinum_oi,2009-06-23,2009-06-26,23276.0,https://www.cftc.gov/files/dea/history/fut_disagg_txt_2026.zip,2026-10-08
cftc_platinum_oi,2009-06-30,2009-07-03,22996.0,https://www.cftc.gov/files/dea/history/fut_disagg_txt_2026.zip,2026-10-08
cftc_platinum_oi,2009-07-07,2009-07-10,21965.0,https://www.cftc.gov/files/dea/history/fut_disagg_txt_2026.zip,2026-10-08
cftc_platinum_oi,2009-07-14,2009-07-17,21566.0,https://www.cftc.gov/files/dea/history/fut_disagg_txt_2026.zip,2026-10-08
cftc_platinum_oi,2009-07-21,2009-07-24,21774.0,https://www.cftc.gov/files/dea/history/fut_disagg_txt_2026.zip,2026-10-08
cftc_platinum_oi,2009-07-28,2009-07-31,22289.0,https://www.cftc.gov/files/dea/history/fut_disagg_txt_2026.zip,2026-10-08
cftc_platinum_oi,2009-08-04,2009-08-07,23272.0,https://www.cftc.gov/files/dea/history/fut_disagg_txt_2026.zip,2026-10-08
cftc_platinum_oi,2009-08-11,2009-08-14,24264.0,https://www.cftc.gov/files/dea/history/fut_disagg_txt_2026.zip,2026-10-08
cftc_platinum_oi,2009-08-18,2009-08-21,25878.0,https://www.cftc.gov/files/dea/history/fut_disagg_txt_2026.zip,2026-10-08
cftc_platinum_oi,2009-08-25,2009-08-28,27053.0,https://www.cftc.gov/files/dea/history/fut_disagg_txt_2026.zip,2026-10-08
cftc_platinum_oi,2009-09-01,2009-09-04,26857.0,https://www.cftc.gov/files/dea/history/fut_disagg_txt_2026.zip,2026-10-08
cftc_platinum_oi,2009-09-08,2009-09-11,26908.0,https://www.cftc.gov/files/dea/history/fut_disagg_txt_2026.zip,2026-10-08
cftc_platinum_oi,2009-09-15,2009-09-18,29051.0,https://www.cftc.gov/files/dea/history/fut_disagg_txt_2026.zip,2026-10-08
cftc_platinum_oi,2009-09-22,2009-09-25,30270.0,https://www.cftc.gov/files/dea/history/fut_disagg_txt_2026.zip,2026-10-08
cftc_platinum_oi,2009-09-29,2009-10-02,28591.0,https://www.cftc.gov/files/dea/history/fut_disagg_txt_2026.zip,2026-10-08
cftc_platinum_oi,2009-10-06,2009-10-09,29743.0,https://www.cftc.gov/files/dea/history/fut_disagg_txt_2026.zip,2026-10-08
cftc_platinum_oi,2009-10-13,2009-10-16,31813.0,https://www.cftc.gov/files/dea/history/fut_disagg_txt_2026.zip,2026-10-08
cftc_platinum_oi,2009-10-20,2009-10-23,32227.0,https://www.cftc.gov/files/dea/history/fut_disagg_txt_2026.zip,2026-10-08
cftc_platinum_oi,2009-10-27,2009-10-30,31649.0,https://www.cftc.gov/files/dea/history/fut_disagg_txt_2026.zip,2026-10-08
cftc_platinum_oi,2009-11-03,2009-11-06,31269.0,https://www.cftc.gov/files/dea/history/fut_disagg_txt_2026.zip,2026-10-08
cftc_platinum_oi,2009-11-09,2009-11-12,32774.0,https://www.cftc.gov/files/dea/history/fut_disagg_txt_2026.zip,2026-10-08
cftc_platinum_oi,2009-11-17,2009-11-20,34656.0,https://www.cftc.gov/files/dea/history/fut_disagg_txt_2026.zip,2026-10-08
cftc_platinum_oi,2009-11-24,2009-11-27,34981.0,https://www.cftc.gov/files/dea/history/fut_disagg_txt_2026.zip,2026-10-08
cftc_platinum_oi,2009-12-01,2009-12-04,35855.0,https://www.cftc.gov/files/dea/history/fut_disagg_txt_2026.zip,2026-10-08
cftc_platinum_oi,2009-12-08,2009-12-11,34120.0,https://www.cftc.gov/files/dea/history/fut_disagg_txt_2026.zip,2026-10-08
cftc_platinum_oi,2009-12-15,2009-12-18,32909.0,https://www.cftc.gov/files/dea/history/fut_disagg_txt_2026.zip,2026-10-08
cftc_platinum_oi,2009-12-22,2009-12-25,32478.0,https://www.cftc.gov/files/dea/history/fut_disagg_txt_2026.zip,2026-10-08
cftc_platinum_oi,2009-12-29,2010-01-01,32473.0,https://www.cftc.gov/files/dea/history/fut_disagg_txt_2026.zip,2026-10-08
cftc_platinum_oi,2010-01-05,2010-01-08,33582.0,https://www.cftc.gov/files/dea/history/fut_disagg_txt_2026.zip,2026-10-08
cftc_platinum_oi,2010-01-12,2010-01-15,34502.0,https://www.cftc.gov/files/dea/history/fut_disagg_txt_2026.zip,2026-10-08
cftc_platinum_oi,2010-01-19,2010-01-22,34352.0,https://www.cftc.gov/files/dea/history/fut_disagg_txt_2026.zip,2026-10-08
cftc_platinum_oi,2010-01-26,2010-01-29,34697.0,https://www.cftc.gov/files/dea/history/fut_disagg_txt_2026.zip,2026-10-08
cftc_platinum_oi,2010-02-02,2010-02-05,35072.0,https://www.cftc.gov/files/dea/history/fut_disagg_txt_2026.zip,2026-10-08
cftc_platinum_oi,2010-02-09,2010-02-12,34325.0,https://www.cftc.gov/files/dea/history/fut_disagg_txt_2026.zip,2026-10-08
cftc_platinum_oi,2010-02-16,2010-02-19,35153.0,https://www.cftc.gov/files/dea/history/fut_disagg_txt_2026.zip,2026-10-08
cftc_platinum_oi,2010-02-23,2010-02-26,34991.0,https://www.cftc.gov/files/dea/history/fut_disagg_txt_2026.zip,2026-10-08
cftc_platinum_oi,2010-03-02,2010-03-05,35096.0,https://www.cftc.gov/files/dea/history/fut_disagg_txt_2026.zip,2026-10-08
cftc_platinum_oi,2010-03-09,2010-03-12,35953.0,https://www.cftc.gov/files/dea/history/fut_disagg_txt_2026.zip,2026-10-08
cftc_platinum_oi,2010-03-16,2010-03-19,36930.0,https://www.cftc.gov/files/dea/history/fut_disagg_txt_2026.zip,2026-10-08
cftc_platinum_oi,2010-03-23,2010-03-26,38255.0,https://www.cftc.gov/files/dea/history/fut_disagg_txt_2026.zip,2026-10-08
cftc_platinum_oi,2010-03-30,2010-04-02,37583.0,https://www.cftc.gov/files/dea/history/fut_disagg_txt_2026.zip,2026-10-08
cftc_platinum_oi,2010-04-06,2010-04-09,37763.0,https://www.cftc.gov/files/dea/history/fut_disagg_txt_2026.zip,2026-10-08
cftc_platinum_oi,2010-04-13,2010-04-16,37422.0,https://www.cftc.gov/files/dea/history/fut_disagg_txt_2026.zip,2026-10-08
cftc_platinum_oi,2010-04-20,2010-04-23,37178.0,https://www.cftc.gov/files/dea/history/fut_disagg_txt_2026.zip,2026-10-08
cftc_platinum_oi,2010-04-27,2010-04-30,37251.0,https://www.cftc.gov/files/dea/history/fut_disagg_txt_2026.zip,2026-10-08
cftc_platinum_oi,2010-05-04,2010-05-07,36320.0,https://www.cftc.gov/files/dea/history/fut_disagg_txt_2026.zip,2026-10-08
cftc_platinum_oi,2010-05-11,2010-05-14,35673.0,https://www.cftc.gov/files/dea/history/fut_disagg_txt_2026.zip,2026-10-08
cftc_platinum_oi,2010-05-18,2010-05-21,35541.0,https://www.cftc.gov/files/dea/history/fut_disagg_txt_2026.zip,2026-10-08
cftc_platinum_oi,2010-05-25,2010-05-28,30283.0,https://www.cftc.gov/files/dea/history/fut_disagg_txt_2026.zip,2026-10-08
cftc_platinum_oi,2010-06-01,2010-06-04,30293.0,https://www.cftc.gov/files/dea/history/fut_disagg_txt_2026.zip,2026-10-08
cftc_platinum_oi,2010-06-08,2010-06-11,29728.0,https://www.cftc.gov/files/dea/history/fut_disagg_txt_2026.zip,2026-10-08
cftc_platinum_oi,2010-06-15,2010-06-18,30659.0,https://www.cftc.gov/files/dea/history/fut_disagg_txt_2026.zip,2026-10-08
cftc_platinum_oi,2010-06-22,2010-06-25,30667.0,https://www.cftc.gov/files/dea/history/fut_disagg_txt_2026.zip,2026-10-08
cftc_platinum_oi,2010-06-29,2010-07-02,29497.0,https://www.cftc.gov/files/dea/history/fut_disagg_txt_2026.zip,2026-10-08
cftc_platinum_oi,2010-07-06,2010-07-09,28097.0,https://www.cftc.gov/files/dea/history/fut_disagg_txt_2026.zip,2026-10-08
cftc_platinum_oi,2010-07-13,2010-07-16,27985.0,https://www.cftc.gov/files/dea/history/fut_disagg_txt_2026.zip,2026-10-08
cftc_platinum_oi,2010-07-20,2010-07-23,27646.0,https://www.cftc.gov/files/dea/history/fut_disagg_txt_2026.zip,2026-10-08
cftc_platinum_oi,2010-07-27,2010-07-30,28971.0,https://www.cftc.gov/files/dea/history/fut_disagg_txt_2026.zip,2026-10-08
cftc_platinum_oi,2010-08-03,2010-08-06,31615.0,https://www.cftc.gov/files/dea/history/fut_disagg_txt_2026.zip,2026-10-08
cftc_platinum_oi,2010-08-10,2010-08-13,31262.0,https://www.cftc.gov/files/dea/history/fut_disagg_txt_2026.zip,2026-10-08
cftc_platinum_oi,2010-08-17,2010-08-20,31047.0,https://www.cftc.gov/files/dea/history/fut_disagg_txt_2026.zip,2026-10-08
cftc_platinum_oi,2010-08-24,2010-08-27,30248.0,https://www.cftc.gov/files/dea/history/fut_disagg_txt_2026.zip,2026-10-08
cftc_platinum_oi,2010-08-31,2010-09-03,31010.0,https://www.cftc.gov/files/dea/history/fut_disagg_txt_2026.zip,2026-10-08
cftc_platinum_oi,2010-09-07,2010-09-10,32647.0,https://www.cftc.gov/files/dea/history/fut_disagg_txt_2026.zip,2026-10-08
cftc_platinum_oi,2010-09-14,2010-09-17,34637.0,https://www.cftc.gov/files/dea/history/fut_disagg_txt_2026.zip,2026-10-08
cftc_platinum_oi,2010-09-21,2010-09-24,37937.0,https://www.cftc.gov/files/dea/history/fut_disagg_txt_2026.zip,2026-10-08
cftc_platinum_oi,2010-09-28,2010-10-01,38523.0,https://www.cftc.gov/files/dea/history/fut_disagg_txt_2026.zip,2026-10-08
cftc_platinum_oi,2010-10-05,2010-10-08,38336.0,https://www.cftc.gov/files/dea/history/fut_disagg_txt_2026.zip,2026-10-08
cftc_platinum_oi,2010-10-12,2010-10-15,38698.0,https://www.cftc.gov/files/dea/history/fut_disagg_txt_2026.zip,2026-10-08
cftc_platinum_oi,2010-10-19,2010-10-22,38488.0,https://www.cftc.gov/files/dea/history/fut_disagg_txt_2026.zip,2026-10-08
cftc_platinum_oi,2010-10-26,2010-10-29,37906.0,https://www.cftc.gov/files/dea/history/fut_disagg_txt_2026.zip,2026-10-08
cftc_platinum_oi,2010-11-02,2010-11-05,38603.0,https://www.cftc.gov/files/dea/history/fut_disagg_txt_2026.zip,2026-10-08
cftc_platinum_oi,2010-11-09,2010-11-12,40815.0,https://www.cftc.gov/files/dea/history/fut_disagg_txt_2026.zip,2026-10-08
cftc_platinum_oi,2010-11-16,2010-11-19,35418.0,https://www.cftc.gov/files/dea/history/fut_disagg_txt_2026.zip,2026-10-08
cftc_platinum_oi,2010-11-23,2010-11-26,34148.0,https://www.cftc.gov/files/dea/history/fut_disagg_txt_2026.zip,2026-10-08
cftc_platinum_oi,2010-11-30,2010-12-03,34501.0,https://www.cftc.gov/files/dea/history/fut_disagg_txt_2026.zip,2026-10-08
cftc_platinum_oi,2010-12-07,2010-12-10,36578.0,https://www.cftc.gov/files/dea/history/fut_disagg_txt_2026.zip,2026-10-08
cftc_platinum_oi,2010-12-14,2010-12-17,36520.0,https://www.cftc.gov/files/dea/history/fut_disagg_txt_2026.zip,2026-10-08
cftc_platinum_oi,2010-12-21,2010-12-24,37473.0,https://www.cftc.gov/files/dea/history/fut_disagg_txt_2026.zip,2026-10-08
cftc_platinum_oi,2010-12-28,2010-12-31,38980.0,https://www.cftc.gov/files/dea/history/fut_disagg_txt_2026.zip,2026-10-08
cftc_platinum_oi,2011-01-04,2011-01-07,39620.0,https://www.cftc.gov/files/dea/history/fut_disagg_txt_2026.zip,2026-10-08
cftc_platinum_oi,2011-01-11,2011-01-14,38973.0,https://www.cftc.gov/files/dea/history/fut_disagg_txt_2026.zip,2026-10-08
cftc_platinum_oi,2011-01-18,2011-01-21,41604.0,https://www.cftc.gov/files/dea/history/fut_disagg_txt_2026.zip,2026-10-08
cftc_platinum_oi,2011-01-25,2011-01-28,41995.0,https://www.cftc.gov/files/dea/history/fut_disagg_txt_2026.zip,2026-10-08
cftc_platinum_oi,2011-02-01,2011-02-04,42483.0,https://www.cftc.gov/files/dea/history/fut_disagg_txt_2026.zip,2026-10-08
cftc_platinum_oi,2011-02-08,2011-02-11,43810.0,https://www.cftc.gov/files/dea/history/fut_disagg_txt_2026.zip,2026-10-08
cftc_platinum_oi,2011-02-15,2011-02-18,41375.0,https://www.cftc.gov/files/dea/history/fut_disagg_txt_2026.zip,2026-10-08
cftc_platinum_oi,2011-02-22,2011-02-25,41700.0,https://www.cftc.gov/files/dea/history/fut_disagg_txt_2026.zip,2026-10-08
cftc_platinum_oi,2011-03-01,2011-03-04,41621.0,https://www.cftc.gov/files/dea/history/fut_disagg_txt_2026.zip,2026-10-08
cftc_platinum_oi,2011-03-08,2011-03-11,39640.0,https://www.cftc.gov/files/dea/history/fut_disagg_txt_2026.zip,2026-10-08
cftc_platinum_oi,2011-03-15,2011-03-18,35584.0,https://www.cftc.gov/files/dea/history/fut_disagg_txt_2026.zip,2026-10-08
cftc_platinum_oi,2011-03-22,2011-03-25,32752.0,https://www.cftc.gov/files/dea/history/fut_disagg_txt_2026.zip,2026-10-08
cftc_platinum_oi,2011-03-29,2011-04-01,32556.0,https://www.cftc.gov/files/dea/history/fut_disagg_txt_2026.zip,2026-10-08
cftc_platinum_oi,2011-04-05,2011-04-08,33967.0,https://www.cftc.gov/files/dea/history/fut_disagg_txt_2026.zip,2026-10-08
cftc_platinum_oi,2011-04-12,2011-04-15,35727.0,https://www.cftc.gov/files/dea/history/fut_disagg_txt_2026.zip,2026-10-08
cftc_platinum_oi,2011-04-19,2011-04-22,35352.0,https://www.cftc.gov/files/dea/history/fut_disagg_txt_2026.zip,2026-10-08
cftc_platinum_oi,2011-04-26,2011-04-29,37110.0,https://www.cftc.gov/files/dea/history/fut_disagg_txt_2026.zip,2026-10-08
cftc_platinum_oi,2011-05-03,2011-05-06,40279.0,https://www.cftc.gov/files/dea/history/fut_disagg_txt_2026.zip,2026-10-08
cftc_platinum_oi,2011-05-10,2011-05-13,36391.0,https://www.cftc.gov/files/dea/history/fut_disagg_txt_2026.zip,2026-10-08
cftc_platinum_oi,2011-05-17,2011-05-20,35215.0,https://www.cftc.gov/files/dea/history/fut_disagg_txt_2026.zip,2026-10-08
cftc_platinum_oi,2011-05-24,2011-05-27,34956.0,https://www.cftc.gov/files/dea/history/fut_disagg_txt_2026.zip,2026-10-08
cftc_platinum_oi,2011-05-31,2011-06-03,35121.0,https://www.cftc.gov/files/dea/history/fut_disagg_txt_2026.zip,2026-10-08
cftc_platinum_oi,2011-06-07,2011-06-10,36399.0,https://www.cftc.gov/files/dea/history/fut_disagg_txt_2026.zip,2026-10-08
cftc_platinum_oi,2011-06-14,2011-06-17,37506.0,https://www.cftc.gov/files/dea/history/fut_disagg_txt_2026.zip,2026-10-08
cftc_platinum_oi,2011-06-21,2011-06-24,35659.0,https://www.cftc.gov/files/dea/history/fut_disagg_txt_2026.zip,2026-10-08
cftc_platinum_oi,2011-06-28,2011-07-01,30935.0,https://www.cftc.gov/files/dea/history/fut_disagg_txt_2026.zip,2026-10-08
cftc_platinum_oi,2011-07-05,2011-07-08,31245.0,https://www.cftc.gov/files/dea/history/fut_disagg_txt_2026.zip,2026-10-08
cftc_platinum_oi,2011-07-12,2011-07-15,31373.0,https://www.cftc.gov/files/dea/history/fut_disagg_txt_2026.zip,2026-10-08
cftc_platinum_oi,2011-07-19,2011-07-22,31999.0,https://www.cftc.gov/files/dea/history/fut_disagg_txt_2026.zip,2026-10-08
cftc_platinum_oi,2011-07-26,2011-07-29,33843.0,https://www.cftc.gov/files/dea/history/fut_disagg_txt_2026.zip,2026-10-08
cftc_platinum_oi,2011-08-02,2011-08-05,35099.0,https://www.cftc.gov/files/dea/history/fut_disagg_txt_2026.zip,2026-10-08
cftc_platinum_oi,2011-08-09,2011-08-12,36046.0,https://www.cftc.gov/files/dea/history/fut_disagg_txt_2026.zip,2026-10-08
cftc_platinum_oi,2011-08-16,2011-08-19,36041.0,https://www.cftc.gov/files/dea/history/fut_disagg_txt_2026.zip,2026-10-08
cftc_platinum_oi,2011-08-23,2011-08-26,40688.0,https://www.cftc.gov/files/dea/history/fut_disagg_txt_2026.zip,2026-10-08
cftc_platinum_oi,2011-08-30,2011-09-02,39104.0,https://www.cftc.gov/files/dea/history/fut_disagg_txt_2026.zip,2026-10-08
cftc_platinum_oi,2011-09-06,2011-09-09,42146.0,https://www.cftc.gov/files/dea/history/fut_disagg_txt_2026.zip,2026-10-08
cftc_platinum_oi,2011-09-13,2011-09-16,41298.0,https://www.cftc.gov/files/dea/history/fut_disagg_txt_2026.zip,2026-10-08
cftc_platinum_oi,2011-09-20,2011-09-23,38408.0,https://www.cftc.gov/files/dea/history/fut_disagg_txt_2026.zip,2026-10-08
cftc_platinum_oi,2011-09-27,2011-09-30,37708.0,https://www.cftc.gov/files/dea/history/fut_disagg_txt_2026.zip,2026-10-08
cftc_platinum_oi,2011-10-04,2011-10-07,38401.0,https://www.cftc.gov/files/dea/history/fut_disagg_txt_2026.zip,2026-10-08
cftc_platinum_oi,2011-10-11,2011-10-14,38519.0,https://www.cftc.gov/files/dea/history/fut_disagg_txt_2026.zip,2026-10-08
cftc_platinum_oi,2011-10-18,2011-10-21,37657.0,https://www.cftc.gov/files/dea/history/fut_disagg_txt_2026.zip,2026-10-08
cftc_platinum_oi,2011-10-25,2011-10-28,37291.0,https://www.cftc.gov/files/dea/history/fut_disagg_txt_2026.zip,2026-10-08
cftc_platinum_oi,2011-11-01,2011-11-04,37948.0,https://www.cftc.gov/files/dea/history/fut_disagg_txt_2026.zip,2026-10-08
cftc_platinum_oi,2011-11-08,2011-11-11,38852.0,https://www.cftc.gov/files/dea/history/fut_disagg_txt_2026.zip,2026-10-08
cftc_platinum_oi,2011-11-15,2011-11-18,38552.0,https://www.cftc.gov/files/dea/history/fut_disagg_txt_2026.zip,2026-10-08
cftc_platinum_oi,2011-11-22,2011-11-25,38807.0,https://www.cftc.gov/files/dea/history/fut_disagg_txt_2026.zip,2026-10-08
cftc_platinum_oi,2011-11-29,2011-12-02,38820.0,https://www.cftc.gov/files/dea/history/fut_disagg_txt_2026.zip,2026-10-08
cftc_platinum_oi,2011-12-06,2011-12-09,41893.0,https://www.cftc.gov/files/dea/history/fut_disagg_txt_2026.zip,2026-10-08
cftc_platinum_oi,2011-12-13,2011-12-16,43600.0,https://www.cftc.gov/files/dea/history/fut_disagg_txt_2026.zip,2026-10-08
cftc_platinum_oi,2011-12-20,2011-12-23,43456.0,https://www.cftc.gov/files/dea/history/fut_disagg_txt_2026.zip,2026-10-08
cftc_platinum_oi,2011-12-27,2011-12-30,42938.0,https://www.cftc.gov/files/dea/history/fut_disagg_txt_2026.zip,2026-10-08
cftc_platinum_oi,2012-01-03,2012-01-06,42476.0,https://www.cftc.gov/files/dea/history/fut_disagg_txt_2026.zip,2026-10-08
cftc_platinum_oi,2012-01-10,2012-01-13,43692.0,https://www.cftc.gov/files/dea/history/fut_disagg_txt_2026.zip,2026-10-08
cftc_platinum_oi,2012-01-17,2012-01-20,43849.0,https://www.cftc.gov/files/dea/history/fut_disagg_txt_2026.zip,2026-10-08
cftc_platinum_oi,2012-01-24,2012-01-27,44105.0,https://www.cftc.gov/files/dea/history/fut_disagg_txt_2026.zip,2026-10-08
cftc_platinum_oi,2012-01-31,2012-02-03,45030.0,https://www.cftc.gov/files/dea/history/fut_disagg_txt_2026.zip,2026-10-08
cftc_platinum_oi,2012-02-07,2012-02-10,44584.0,https://www.cftc.gov/files/dea/history/fut_disagg_txt_2026.zip,2026-10-08
cftc_platinum_oi,2012-02-14,2012-02-17,44020.0,https://www.cftc.gov/files/dea/history/fut_disagg_txt_2026.zip,2026-10-08
cftc_platinum_oi,2012-02-21,2012-02-24,44580.0,https://www.cftc.gov/files/dea/history/fut_disagg_txt_2026.zip,2026-10-08
cftc_platinum_oi,2012-02-28,2012-03-02,45337.0,https://www.cftc.gov/files/dea/history/fut_disagg_txt_2026.zip,2026-10-08
cftc_platinum_oi,2012-03-06,2012-03-09,42850.0,https://www.cftc.gov/files/dea/history/fut_disagg_txt_2026.zip,2026-10-08
cftc_platinum_oi,2012-03-13,2012-03-16,43268.0,https://www.cftc.gov/files/dea/history/fut_disagg_txt_2026.zip,2026-10-08
cftc_platinum_oi,2012-03-20,2012-03-23,43502.0,https://www.cftc.gov/files/dea/history/fut_disagg_txt_2026.zip,2026-10-08
cftc_platinum_oi,2012-03-27,2012-03-30,41855.0,https://www.cftc.gov/files/dea/history/fut_disagg_txt_2026.zip,2026-10-08
cftc_platinum_oi,2012-04-03,2012-04-06,40490.0,https://www.cftc.gov/files/dea/history/fut_disagg_txt_2026.zip,2026-10-08
cftc_platinum_oi,2012-04-10,2012-04-13,39814.0,https://www.cftc.gov/files/dea/history/fut_disagg_txt_2026.zip,2026-10-08
cftc_platinum_oi,2012-04-17,2012-04-20,40585.0,https://www.cftc.gov/files/dea/history/fut_disagg_txt_2026.zip,2026-10-08
cftc_platinum_oi,2012-04-24,2012-04-27,40823.0,https://www.cftc.gov/files/dea/history/fut_disagg_txt_2026.zip,2026-10-08
cftc_platinum_oi,2012-05-01,2012-05-04,41810.0,https://www.cftc.gov/files/dea/history/fut_disagg_txt_2026.zip,2026-10-08
cftc_platinum_oi,2012-05-08,2012-05-11,43091.0,https://www.cftc.gov/files/dea/history/fut_disagg_txt_2026.zip,2026-10-08
cftc_platinum_oi,2012-05-15,2012-05-18,45020.0,https://www.cftc.gov/files/dea/history/fut_disagg_txt_2026.zip,2026-10-08
cftc_platinum_oi,2012-05-22,2012-05-25,47012.0,https://www.cftc.gov/files/dea/history/fut_disagg_txt_2026.zip,2026-10-08
cftc_platinum_oi,2012-05-29,2012-06-01,48449.0,https://www.cftc.gov/files/dea/history/fut_disagg_txt_2026.zip,2026-10-08
cftc_platinum_oi,2012-06-05,2012-06-08,49838.0,https://www.cftc.gov/files/dea/history/fut_disagg_txt_2026.zip,2026-10-08
cftc_platinum_oi,2012-06-12,2012-06-15,50036.0,https://www.cftc.gov/files/dea/history/fut_disagg_txt_2026.zip,2026-10-08
cftc_platinum_oi,2012-06-19,2012-06-22,51831.0,https://www.cftc.gov/files/dea/history/fut_disagg_txt_2026.zip,2026-10-08
cftc_platinum_oi,2012-06-26,2012-06-29,50349.0,https://www.cftc.gov/files/dea/history/fut_disagg_txt_2026.zip,2026-10-08
cftc_platinum_oi,2012-07-03,2012-07-06,49442.0,https://www.cftc.gov/files/dea/history/fut_disagg_txt_2026.zip,2026-10-08
cftc_platinum_oi,2012-07-10,2012-07-13,48715.0,https://www.cftc.gov/files/dea/history/fut_disagg_txt_2026.zip,2026-10-08
cftc_platinum_oi,2012-07-17,2012-07-20,49929.0,https://www.cftc.gov/files/dea/history/fut_disagg_txt_2026.zip,2026-10-08
cftc_platinum_oi,2012-07-24,2012-07-27,51043.0,https://www.cftc.gov/files/dea/history/fut_disagg_txt_2026.zip,2026-10-08
cftc_platinum_oi,2012-07-31,2012-08-03,52220.0,https://www.cftc.gov/files/dea/history/fut_disagg_txt_2026.zip,2026-10-08
cftc_platinum_oi,2012-08-07,2012-08-10,53246.0,https://www.cftc.gov/files/dea/history/fut_disagg_txt_2026.zip,2026-10-08
cftc_platinum_oi,2012-08-14,2012-08-17,54074.0,https://www.cftc.gov/files/dea/history/fut_disagg_txt_2026.zip,2026-10-08
cftc_platinum_oi,2012-08-21,2012-08-24,54526.0,https://www.cftc.gov/files/dea/history/fut_disagg_txt_2026.zip,2026-10-08
cftc_platinum_oi,2012-08-28,2012-08-31,54458.0,https://www.cftc.gov/files/dea/history/fut_disagg_txt_2026.zip,2026-10-08
cftc_platinum_oi,2012-09-04,2012-09-07,54977.0,https://www.cftc.gov/files/dea/history/fut_disagg_txt_2026.zip,2026-10-08
cftc_platinum_oi,2012-09-11,2012-09-14,56375.0,https://www.cftc.gov/files/dea/history/fut_disagg_txt_2026.zip,2026-10-08
cftc_platinum_oi,2012-09-18,2012-09-21,57118.0,https://www.cftc.gov/files/dea/history/fut_disagg_txt_2026.zip,2026-10-08
cftc_platinum_oi,2012-09-25,2012-09-28,58824.0,https://www.cftc.gov/files/dea/history/fut_disagg_txt_2026.zip,2026-10-08
cftc_platinum_oi,2012-10-02,2012-10-05,60889.0,https://www.cftc.gov/files/dea/history/fut_disagg_txt_2026.zip,2026-10-08
cftc_platinum_oi,2012-10-09,2012-10-12,64674.0,https://www.cftc.gov/files/dea/history/fut_disagg_txt_2026.zip,2026-10-08
cftc_platinum_oi,2012-10-16,2012-10-19,64707.0,https://www.cftc.gov/files/dea/history/fut_disagg_txt_2026.zip,2026-10-08
cftc_platinum_oi,2012-10-23,2012-10-26,62200.0,https://www.cftc.gov/files/dea/history/fut_disagg_txt_2026.zip,2026-10-08
cftc_platinum_oi,2012-10-30,2012-11-02,61449.0,https://www.cftc.gov/files/dea/history/fut_disagg_txt_2026.zip,2026-10-08
cftc_platinum_oi,2012-11-06,2012-11-09,60132.0,https://www.cftc.gov/files/dea/history/fut_disagg_txt_2026.zip,2026-10-08
cftc_platinum_oi,2012-11-13,2012-11-16,60470.0,https://www.cftc.gov/files/dea/history/fut_disagg_txt_2026.zip,2026-10-08
cftc_platinum_oi,2012-11-20,2012-11-23,59533.0,https://www.cftc.gov/files/dea/history/fut_disagg_txt_2026.zip,2026-10-08
cftc_platinum_oi,2012-11-27,2012-11-30,61261.0,https://www.cftc.gov/files/dea/history/fut_disagg_txt_2026.zip,2026-10-08
cftc_platinum_oi,2012-12-04,2012-12-07,61309.0,https://www.cftc.gov/files/dea/history/fut_disagg_txt_2026.zip,2026-10-08
cftc_platinum_oi,2012-12-11,2012-12-14,63805.0,https://www.cftc.gov/files/dea/history/fut_disagg_txt_2026.zip,2026-10-08
cftc_platinum_oi,2012-12-18,2012-12-21,64501.0,https://www.cftc.gov/files/dea/history/fut_disagg_txt_2026.zip,2026-10-08
cftc_platinum_oi,2012-12-24,2012-12-27,62466.0,https://www.cftc.gov/files/dea/history/fut_disagg_txt_2026.zip,2026-10-08
cftc_platinum_oi,2012-12-31,2013-01-03,59593.0,https://www.cftc.gov/files/dea/history/fut_disagg_txt_2026.zip,2026-10-08
cftc_platinum_oi,2013-01-08,2013-01-11,62313.0,https://www.cftc.gov/files/dea/history/fut_disagg_txt_2026.zip,2026-10-08
cftc_platinum_oi,2013-01-15,2013-01-18,63266.0,https://www.cftc.gov/files/dea/history/fut_disagg_txt_2026.zip,2026-10-08
cftc_platinum_oi,2013-01-22,2013-01-25,64784.0,https://www.cftc.gov/files/dea/history/fut_disagg_txt_2026.zip,2026-10-08
cftc_platinum_oi,2013-01-29,2013-02-01,68157.0,https://www.cftc.gov/files/dea/history/fut_disagg_txt_2026.zip,2026-10-08
cftc_platinum_oi,2013-02-05,2013-02-08,71955.0,https://www.cftc.gov/files/dea/history/fut_disagg_txt_2026.zip,2026-10-08
cftc_platinum_oi,2013-02-12,2013-02-15,73657.0,https://www.cftc.gov/files/dea/history/fut_disagg_txt_2026.zip,2026-10-08
cftc_platinum_oi,2013-02-19,2013-02-22,72215.0,https://www.cftc.gov/files/dea/history/fut_disagg_txt_2026.zip,2026-10-08
cftc_platinum_oi,2013-02-26,2013-03-01,66162.0,https://www.cftc.gov/files/dea/history/fut_disagg_txt_2026.zip,2026-10-08
cftc_platinum_oi,2013-03-05,2013-03-08,64689.0,https://www.cftc.gov/files/dea/history/fut_disagg_txt_2026.zip,2026-10-08
cftc_platinum_oi,2013-03-12,2013-03-15,65079.0,https://www.cftc.gov/files/dea/history/fut_disagg_txt_2026.zip,2026-10-08
cftc_platinum_oi,2013-03-19,2013-03-22,64670.0,https://www.cftc.gov/files/dea/history/fut_disagg_txt_2026.zip,2026-10-08
cftc_platinum_oi,2013-03-26,2013-03-29,65542.0,https://www.cftc.gov/files/dea/history/fut_disagg_txt_2026.zip,2026-10-08
cftc_platinum_oi,2013-04-02,2013-04-05,63829.0,https://www.cftc.gov/files/dea/history/fut_disagg_txt_2026.zip,2026-10-08
cftc_platinum_oi,2013-04-09,2013-04-12,64905.0,https://www.cftc.gov/files/dea/history/fut_disagg_txt_2026.zip,2026-10-08
cftc_platinum_oi,2013-04-16,2013-04-19,61946.0,https://www.cftc.gov/files/dea/history/fut_disagg_txt_2026.zip,2026-10-08
cftc_platinum_oi,2013-04-23,2013-04-26,62976.0,https://www.cftc.gov/files/dea/history/fut_disagg_txt_2026.zip,2026-10-08
cftc_platinum_oi,2013-04-30,2013-05-03,62692.0,https://www.cftc.gov/files/dea/history/fut_disagg_txt_2026.zip,2026-10-08
cftc_platinum_oi,2013-05-07,2013-05-10,63701.0,https://www.cftc.gov/files/dea/history/fut_disagg_txt_2026.zip,2026-10-08
cftc_platinum_oi,2013-05-14,2013-05-17,63509.0,https://www.cftc.gov/files/dea/history/fut_disagg_txt_2026.zip,2026-10-08
cftc_platinum_oi,2013-05-21,2013-05-24,63518.0,https://www.cftc.gov/files/dea/history/fut_disagg_txt_2026.zip,2026-10-08
cftc_platinum_oi,2013-05-28,2013-05-31,63619.0,https://www.cftc.gov/files/dea/history/fut_disagg_txt_2026.zip,2026-10-08
cftc_platinum_oi,2013-06-04,2013-06-07,61991.0,https://www.cftc.gov/files/dea/history/fut_disagg_txt_2026.zip,2026-10-08
cftc_platinum_oi,2013-06-11,2013-06-14,62964.0,https://www.cftc.gov/files/dea/history/fut_disagg_txt_2026.zip,2026-10-08
cftc_platinum_oi,2013-06-18,2013-06-21,62677.0,https://www.cftc.gov/files/dea/history/fut_disagg_txt_2026.zip,2026-10-08
cftc_platinum_oi,2013-06-25,2013-06-28,63824.0,https://www.cftc.gov/files/dea/history/fut_disagg_txt_2026.zip,2026-10-08
cftc_platinum_oi,2013-07-02,2013-07-05,61248.0,https://www.cftc.gov/files/dea/history/fut_disagg_txt_2026.zip,2026-10-08
cftc_platinum_oi,2013-07-09,2013-07-12,61593.0,https://www.cftc.gov/files/dea/history/fut_disagg_txt_2026.zip,2026-10-08
cftc_platinum_oi,2013-07-16,2013-07-19,60670.0,https://www.cftc.gov/files/dea/history/fut_disagg_txt_2026.zip,2026-10-08
cftc_platinum_oi,2013-07-23,2013-07-26,62923.0,https://www.cftc.gov/files/dea/history/fut_disagg_txt_2026.zip,2026-10-08
cftc_platinum_oi,2013-07-30,2013-08-02,63811.0,https://www.cftc.gov/files/dea/history/fut_disagg_txt_2026.zip,2026-10-08
cftc_platinum_oi,2013-08-06,2013-08-09,64066.0,https://www.cftc.gov/files/dea/history/fut_disagg_txt_2026.zip,2026-10-08
cftc_platinum_oi,2013-08-13,2013-08-16,64953.0,https://www.cftc.gov/files/dea/history/fut_disagg_txt_2026.zip,2026-10-08
cftc_platinum_oi,2013-08-20,2013-08-23,65710.0,https://www.cftc.gov/files/dea/history/fut_disagg_txt_2026.zip,2026-10-08
cftc_platinum_oi,2013-08-27,2013-08-30,66996.0,https://www.cftc.gov/files/dea/history/fut_disagg_txt_2026.zip,2026-10-08
cftc_platinum_oi,2013-09-03,2013-09-06,66585.0,https://www.cftc.gov/files/dea/history/fut_disagg_txt_2026.zip,2026-10-08
cftc_platinum_oi,2013-09-10,2013-09-13,63223.0,https://www.cftc.gov/files/dea/history/fut_disagg_txt_2026.zip,2026-10-08
cftc_platinum_oi,2013-09-17,2013-09-20,61006.0,https://www.cftc.gov/files/dea/history/fut_disagg_txt_2026.zip,2026-10-08
cftc_platinum_oi,2013-09-24,2013-09-27,59279.0,https://www.cftc.gov/files/dea/history/fut_disagg_txt_2026.zip,2026-10-08
cftc_platinum_oi,2013-10-01,2013-10-04,59708.0,https://www.cftc.gov/files/dea/history/fut_disagg_txt_2026.zip,2026-10-08
cftc_platinum_oi,2013-10-08,2013-10-11,60888.0,https://www.cftc.gov/files/dea/history/fut_disagg_txt_2026.zip,2026-10-08
cftc_platinum_oi,2013-10-15,2013-10-18,60716.0,https://www.cftc.gov/files/dea/history/fut_disagg_txt_2026.zip,2026-10-08
cftc_platinum_oi,2013-10-22,2013-10-25,58993.0,https://www.cftc.gov/files/dea/history/fut_disagg_txt_2026.zip,2026-10-08
cftc_platinum_oi,2013-10-29,2013-11-01,57827.0,https://www.cftc.gov/files/dea/history/fut_disagg_txt_2026.zip,2026-10-08
cftc_platinum_oi,2013-11-05,2013-11-08,58319.0,https://www.cftc.gov/files/dea/history/fut_disagg_txt_2026.zip,2026-10-08
cftc_platinum_oi,2013-11-12,2013-11-15,59048.0,https://www.cftc.gov/files/dea/history/fut_disagg_txt_2026.zip,2026-10-08
cftc_platinum_oi,2013-11-19,2013-11-22,58571.0,https://www.cftc.gov/files/dea/history/fut_disagg_txt_2026.zip,2026-10-08
cftc_platinum_oi,2013-11-26,2013-11-29,61034.0,https://www.cftc.gov/files/dea/history/fut_disagg_txt_2026.zip,2026-10-08
cftc_platinum_oi,2013-12-03,2013-12-06,61351.0,https://www.cftc.gov/files/dea/history/fut_disagg_txt_2026.zip,2026-10-08
cftc_platinum_oi,2013-12-10,2013-12-13,62152.0,https://www.cftc.gov/files/dea/history/fut_disagg_txt_2026.zip,2026-10-08
cftc_platinum_oi,2013-12-17,2013-12-20,64211.0,https://www.cftc.gov/files/dea/history/fut_disagg_txt_2026.zip,2026-10-08
cftc_platinum_oi,2013-12-24,2013-12-27,64199.0,https://www.cftc.gov/files/dea/history/fut_disagg_txt_2026.zip,2026-10-08
cftc_platinum_oi,2013-12-31,2014-01-03,62037.0,https://www.cftc.gov/files/dea/history/fut_disagg_txt_2026.zip,2026-10-08
cftc_platinum_oi,2014-01-07,2014-01-10,59561.0,https://www.cftc.gov/files/dea/history/fut_disagg_txt_2026.zip,2026-10-08
cftc_platinum_oi,2014-01-14,2014-01-17,58636.0,https://www.cftc.gov/files/dea/history/fut_disagg_txt_2026.zip,2026-10-08
cftc_platinum_oi,2014-01-21,2014-01-24,60358.0,https://www.cftc.gov/files/dea/history/fut_disagg_txt_2026.zip,2026-10-08
cftc_platinum_oi,2014-01-28,2014-01-31,60923.0,https://www.cftc.gov/files/dea/history/fut_disagg_txt_2026.zip,2026-10-08
cftc_platinum_oi,2014-02-04,2014-02-07,61388.0,https://www.cftc.gov/files/dea/history/fut_disagg_txt_2026.zip,2026-10-08
cftc_platinum_oi,2014-02-11,2014-02-14,63300.0,https://www.cftc.gov/files/dea/history/fut_disagg_txt_2026.zip,2026-10-08
cftc_platinum_oi,2014-02-18,2014-02-21,63376.0,https://www.cftc.gov/files/dea/history/fut_disagg_txt_2026.zip,2026-10-08
cftc_platinum_oi,2014-02-25,2014-02-28,64653.0,https://www.cftc.gov/files/dea/history/fut_disagg_txt_2026.zip,2026-10-08
cftc_platinum_oi,2014-03-04,2014-03-07,66158.0,https://www.cftc.gov/files/dea/history/fut_disagg_txt_2026.zip,2026-10-08
cftc_platinum_oi,2014-03-11,2014-03-14,69748.0,https://www.cftc.gov/files/dea/history/fut_disagg_txt_2026.zip,2026-10-08
cftc_platinum_oi,2014-03-18,2014-03-21,71251.0,https://www.cftc.gov/files/dea/history/fut_disagg_txt_2026.zip,2026-10-08
cftc_platinum_oi,2014-03-25,2014-03-28,69810.0,https://www.cftc.gov/files/dea/history/fut_disagg_txt_2026.zip,2026-10-08
cftc_platinum_oi,2014-04-01,2014-04-04,66562.0,https://www.cftc.gov/files/dea/history/fut_disagg_txt_2026.zip,2026-10-08
cftc_platinum_oi,2014-04-08,2014-04-11,66928.0,https://www.cftc.gov/files/dea/history/fut_disagg_txt_2026.zip,2026-10-08
cftc_platinum_oi,2014-04-15,2014-04-18,67064.0,https://www.cftc.gov/files/dea/history/fut_disagg_txt_2026.zip,2026-10-08
cftc_platinum_oi,2014-04-22,2014-04-25,63645.0,https://www.cftc.gov/files/dea/history/fut_disagg_txt_2026.zip,2026-10-08
cftc_platinum_oi,2014-04-29,2014-05-02,63427.0,https://www.cftc.gov/files/dea/history/fut_disagg_txt_2026.zip,2026-10-08
cftc_platinum_oi,2014-05-06,2014-05-09,64939.0,https://www.cftc.gov/files/dea/history/fut_disagg_txt_2026.zip,2026-10-08
cftc_platinum_oi,2014-05-13,2014-05-16,67432.0,https://www.cftc.gov/files/dea/history/fut_disagg_txt_2026.zip,2026-10-08
cftc_platinum_oi,2014-05-20,2014-05-23,70109.0,https://www.cftc.gov/files/dea/history/fut_disagg_txt_2026.zip,2026-10-08
cftc_platinum_oi,2014-05-27,2014-05-30,70304.0,https://www.cftc.gov/files/dea/history/fut_disagg_txt_2026.zip,2026-10-08
cftc_platinum_oi,2014-06-03,2014-06-06,69875.0,https://www.cftc.gov/files/dea/history/fut_disagg_txt_2026.zip,2026-10-08
cftc_platinum_oi,2014-06-10,2014-06-13,69756.0,https://www.cftc.gov/files/dea/history/fut_disagg_txt_2026.zip,2026-10-08
cftc_platinum_oi,2014-06-17,2014-06-20,67854.0,https://www.cftc.gov/files/dea/history/fut_disagg_txt_2026.zip,2026-10-08
cftc_platinum_oi,2014-06-24,2014-06-27,65525.0,https://www.cftc.gov/files/dea/history/fut_disagg_txt_2026.zip,2026-10-08
cftc_platinum_oi,2014-07-01,2014-07-04,69466.0,https://www.cftc.gov/files/dea/history/fut_disagg_txt_2026.zip,2026-10-08
cftc_platinum_oi,2014-07-08,2014-07-11,72928.0,https://www.cftc.gov/files/dea/history/fut_disagg_txt_2026.zip,2026-10-08
cftc_platinum_oi,2014-07-15,2014-07-18,72433.0,https://www.cftc.gov/files/dea/history/fut_disagg_txt_2026.zip,2026-10-08
cftc_platinum_oi,2014-07-22,2014-07-25,70716.0,https://www.cftc.gov/files/dea/history/fut_disagg_txt_2026.zip,2026-10-08
cftc_platinum_oi,2014-07-29,2014-08-01,69593.0,https://www.cftc.gov/files/dea/history/fut_disagg_txt_2026.zip,2026-10-08
cftc_platinum_oi,2014-08-05,2014-08-08,66836.0,https://www.cftc.gov/files/dea/history/fut_disagg_txt_2026.zip,2026-10-08
cftc_platinum_oi,2014-08-12,2014-08-15,64763.0,https://www.cftc.gov/files/dea/history/fut_disagg_txt_2026.zip,2026-10-08
cftc_platinum_oi,2014-08-19,2014-08-22,63846.0,https://www.cftc.gov/files/dea/history/fut_disagg_txt_2026.zip,2026-10-08
cftc_platinum_oi,2014-08-26,2014-08-29,63225.0,https://www.cftc.gov/files/dea/history/fut_disagg_txt_2026.zip,2026-10-08
cftc_platinum_oi,2014-09-02,2014-09-05,65015.0,https://www.cftc.gov/files/dea/history/fut_disagg_txt_2026.zip,2026-10-08
cftc_platinum_oi,2014-09-09,2014-09-12,66449.0,https://www.cftc.gov/files/dea/history/fut_disagg_txt_2026.zip,2026-10-08
cftc_platinum_oi,2014-09-16,2014-09-19,64542.0,https://www.cftc.gov/files/dea/history/fut_disagg_txt_2026.zip,2026-10-08
cftc_platinum_oi,2014-09-23,2014-09-26,64712.0,https://www.cftc.gov/files/dea/history/fut_disagg_txt_2026.zip,2026-10-08
cftc_platinum_oi,2014-09-30,2014-10-03,59192.0,https://www.cftc.gov/files/dea/history/fut_disagg_txt_2026.zip,2026-10-08
cftc_platinum_oi,2014-10-07,2014-10-10,59560.0,https://www.cftc.gov/files/dea/history/fut_disagg_txt_2026.zip,2026-10-08
cftc_platinum_oi,2014-10-14,2014-10-17,58569.0,https://www.cftc.gov/files/dea/history/fut_disagg_txt_2026.zip,2026-10-08
cftc_platinum_oi,2014-10-21,2014-10-24,59865.0,https://www.cftc.gov/files/dea/history/fut_disagg_txt_2026.zip,2026-10-08
cftc_platinum_oi,2014-10-28,2014-10-31,60695.0,https://www.cftc.gov/files/dea/history/fut_disagg_txt_2026.zip,2026-10-08
cftc_platinum_oi,2014-11-04,2014-11-07,60012.0,https://www.cftc.gov/files/dea/history/fut_disagg_txt_2026.zip,2026-10-08
cftc_platinum_oi,2014-11-11,2014-11-14,60167.0,https://www.cftc.gov/files/dea/history/fut_disagg_txt_2026.zip,2026-10-08
cftc_platinum_oi,2014-11-18,2014-11-21,62442.0,https://www.cftc.gov/files/dea/history/fut_disagg_txt_2026.zip,2026-10-08
cftc_platinum_oi,2014-11-25,2014-11-28,64042.0,https://www.cftc.gov/files/dea/history/fut_disagg_txt_2026.zip,2026-10-08
cftc_platinum_oi,2014-12-02,2014-12-05,63522.0,https://www.cftc.gov/files/dea/history/fut_disagg_txt_2026.zip,2026-10-08
cftc_platinum_oi,2014-12-09,2014-12-12,65138.0,https://www.cftc.gov/files/dea/history/fut_disagg_txt_2026.zip,2026-10-08
cftc_platinum_oi,2014-12-16,2014-12-19,66810.0,https://www.cftc.gov/files/dea/history/fut_disagg_txt_2026.zip,2026-10-08
cftc_platinum_oi,2014-12-23,2014-12-26,66799.0,https://www.cftc.gov/files/dea/history/fut_disagg_txt_2026.zip,2026-10-08
cftc_platinum_oi,2014-12-30,2015-01-02,64175.0,https://www.cftc.gov/files/dea/history/fut_disagg_txt_2026.zip,2026-10-08
cftc_platinum_oi,2015-01-06,2015-01-09,66275.0,https://www.cftc.gov/files/dea/history/fut_disagg_txt_2026.zip,2026-10-08
cftc_platinum_oi,2015-01-13,2015-01-16,66358.0,https://www.cftc.gov/files/dea/history/fut_disagg_txt_2026.zip,2026-10-08
cftc_platinum_oi,2015-01-20,2015-01-23,67945.0,https://www.cftc.gov/files/dea/history/fut_disagg_txt_2026.zip,2026-10-08
cftc_platinum_oi,2015-01-27,2015-01-30,65908.0,https://www.cftc.gov/files/dea/history/fut_disagg_txt_2026.zip,2026-10-08
cftc_platinum_oi,2015-02-03,2015-02-06,64831.0,https://www.cftc.gov/files/dea/history/fut_disagg_txt_2026.zip,2026-10-08
cftc_platinum_oi,2015-02-10,2015-02-13,64849.0,https://www.cftc.gov/files/dea/history/fut_disagg_txt_2026.zip,2026-10-08
cftc_platinum_oi,2015-02-17,2015-02-20,67715.0,https://www.cftc.gov/files/dea/history/fut_disagg_txt_2026.zip,2026-10-08
cftc_platinum_oi,2015-02-24,2015-02-27,69019.0,https://www.cftc.gov/files/dea/history/fut_disagg_txt_2026.zip,2026-10-08
cftc_platinum_oi,2015-03-03,2015-03-06,68794.0,https://www.cftc.gov/files/dea/history/fut_disagg_txt_2026.zip,2026-10-08
cftc_platinum_oi,2015-03-10,2015-03-13,69341.0,https://www.cftc.gov/files/dea/history/fut_disagg_txt_2026.zip,2026-10-08
cftc_platinum_oi,2015-03-17,2015-03-20,72020.0,https://www.cftc.gov/files/dea/history/fut_disagg_txt_2026.zip,2026-10-08
cftc_platinum_oi,2015-03-24,2015-03-27,72949.0,https://www.cftc.gov/files/dea/history/fut_disagg_txt_2026.zip,2026-10-08
cftc_platinum_oi,2015-03-31,2015-04-03,68848.0,https://www.cftc.gov/files/dea/history/fut_disagg_txt_2026.zip,2026-10-08
cftc_platinum_oi,2015-04-07,2015-04-10,68260.0,https://www.cftc.gov/files/dea/history/fut_disagg_txt_2026.zip,2026-10-08
cftc_platinum_oi,2015-04-14,2015-04-17,68699.0,https://www.cftc.gov/files/dea/history/fut_disagg_txt_2026.zip,2026-10-08
cftc_platinum_oi,2015-04-21,2015-04-24,68668.0,https://www.cftc.gov/files/dea/history/fut_disagg_txt_2026.zip,2026-10-08
cftc_platinum_oi,2015-04-28,2015-05-01,70799.0,https://www.cftc.gov/files/dea/history/fut_disagg_txt_2026.zip,2026-10-08
cftc_platinum_oi,2015-05-05,2015-05-08,70063.0,https://www.cftc.gov/files/dea/history/fut_disagg_txt_2026.zip,2026-10-08
cftc_platinum_oi,2015-05-12,2015-05-15,71688.0,https://www.cftc.gov/files/dea/history/fut_disagg_txt_2026.zip,2026-10-08
cftc_platinum_oi,2015-05-19,2015-05-22,70841.0,https://www.cftc.gov/files/dea/history/fut_disagg_txt_2026.zip,2026-10-08
cftc_platinum_oi,2015-05-26,2015-05-29,72424.0,https://www.cftc.gov/files/dea/history/fut_disagg_txt_2026.zip,2026-10-08
cftc_platinum_oi,2015-06-02,2015-06-05,76650.0,https://www.cftc.gov/files/dea/history/fut_disagg_txt_2026.zip,2026-10-08
cftc_platinum_oi,2015-06-09,2015-06-12,77304.0,https://www.cftc.gov/files/dea/history/fut_disagg_txt_2026.zip,2026-10-08
cftc_platinum_oi,2015-06-16,2015-06-19,82478.0,https://www.cftc.gov/files/dea/history/fut_disagg_txt_2026.zip,2026-10-08
cftc_platinum_oi,2015-06-23,2015-06-26,84121.0,https://www.cftc.gov/files/dea/history/fut_disagg_txt_2026.zip,2026-10-08
cftc_platinum_oi,2015-06-30,2015-07-03,77670.0,https://www.cftc.gov/files/dea/history/fut_disagg_txt_2026.zip,2026-10-08
cftc_platinum_oi,2015-07-07,2015-07-10,78321.0,https://www.cftc.gov/files/dea/history/fut_disagg_txt_2026.zip,2026-10-08
cftc_platinum_oi,2015-07-14,2015-07-17,79889.0,https://www.cftc.gov/files/dea/history/fut_disagg_txt_2026.zip,2026-10-08
cftc_platinum_oi,2015-07-21,2015-07-24,80783.0,https://www.cftc.gov/files/dea/history/fut_disagg_txt_2026.zip,2026-10-08
cftc_platinum_oi,2015-07-28,2015-07-31,79079.0,https://www.cftc.gov/files/dea/history/fut_disagg_txt_2026.zip,2026-10-08
cftc_platinum_oi,2015-08-04,2015-08-07,79763.0,https://www.cftc.gov/files/dea/history/fut_disagg_txt_2026.zip,2026-10-08
cftc_platinum_oi,2015-08-11,2015-08-14,78884.0,https://www.cftc.gov/files/dea/history/fut_disagg_txt_2026.zip,2026-10-08
cftc_platinum_oi,2015-08-18,2015-08-21,78564.0,https://www.cftc.gov/files/dea/history/fut_disagg_txt_2026.zip,2026-10-08
cftc_platinum_oi,2015-08-25,2015-08-28,74149.0,https://www.cftc.gov/files/dea/history/fut_disagg_txt_2026.zip,2026-10-08
cftc_platinum_oi,2015-09-01,2015-09-04,69973.0,https://www.cftc.gov/files/dea/history/fut_disagg_txt_2026.zip,2026-10-08
cftc_platinum_oi,2015-09-08,2015-09-11,70035.0,https://www.cftc.gov/files/dea/history/fut_disagg_txt_2026.zip,2026-10-08
cftc_platinum_oi,2015-09-15,2015-09-18,73784.0,https://www.cftc.gov/files/dea/history/fut_disagg_txt_2026.zip,2026-10-08
cftc_platinum_oi,2015-09-22,2015-09-25,79193.0,https://www.cftc.gov/files/dea/history/fut_disagg_txt_2026.zip,2026-10-08
cftc_platinum_oi,2015-09-29,2015-10-02,75469.0,https://www.cftc.gov/files/dea/history/fut_disagg_txt_2026.zip,2026-10-08
cftc_platinum_oi,2015-10-06,2015-10-09,74919.0,https://www.cftc.gov/files/dea/history/fut_disagg_txt_2026.zip,2026-10-08
cftc_platinum_oi,2015-10-13,2015-10-16,71682.0,https://www.cftc.gov/files/dea/history/fut_disagg_txt_2026.zip,2026-10-08
cftc_platinum_oi,2015-10-20,2015-10-23,70469.0,https://www.cftc.gov/files/dea/history/fut_disagg_txt_2026.zip,2026-10-08
cftc_platinum_oi,2015-10-27,2015-10-30,71052.0,https://www.cftc.gov/files/dea/history/fut_disagg_txt_2026.zip,2026-10-08
cftc_platinum_oi,2015-11-03,2015-11-06,70053.0,https://www.cftc.gov/files/dea/history/fut_disagg_txt_2026.zip,2026-10-08
cftc_platinum_oi,2015-11-10,2015-11-13,71115.0,https://www.cftc.gov/files/dea/history/fut_disagg_txt_2026.zip,2026-10-08
cftc_platinum_oi,2015-11-17,2015-11-20,74144.0,https://www.cftc.gov/files/dea/history/fut_disagg_txt_2026.zip,2026-10-08
cftc_platinum_oi,2015-11-24,2015-11-27,75570.0,https://www.cftc.gov/files/dea/history/fut_disagg_txt_2026.zip,2026-10-08
cftc_platinum_oi,2015-12-01,2015-12-04,76282.0,https://www.cftc.gov/files/dea/history/fut_disagg_txt_2026.zip,2026-10-08
cftc_platinum_oi,2015-12-08,2015-12-11,76192.0,https://www.cftc.gov/files/dea/history/fut_disagg_txt_2026.zip,2026-10-08
cftc_platinum_oi,2015-12-15,2015-12-18,76027.0,https://www.cftc.gov/files/dea/history/fut_disagg_txt_2026.zip,2026-10-08
cftc_platinum_oi,2015-12-22,2015-12-25,69653.0,https://www.cftc.gov/files/dea/history/fut_disagg_txt_2026.zip,2026-10-08
cftc_platinum_oi,2015-12-29,2016-01-01,66584.0,https://www.cftc.gov/files/dea/history/fut_disagg_txt_2026.zip,2026-10-08
cftc_platinum_oi,2016-01-05,2016-01-08,65506.0,https://www.cftc.gov/files/dea/history/fut_disagg_txt_2026.zip,2026-10-08
cftc_platinum_oi,2016-01-12,2016-01-15,69088.0,https://www.cftc.gov/files/dea/history/fut_disagg_txt_2026.zip,2026-10-08
cftc_platinum_oi,2016-01-19,2016-01-22,70000.0,https://www.cftc.gov/files/dea/history/fut_disagg_txt_2026.zip,2026-10-08
cftc_platinum_oi,2016-01-26,2016-01-29,67395.0,https://www.cftc.gov/files/dea/history/fut_disagg_txt_2026.zip,2026-10-08
cftc_platinum_oi,2016-02-02,2016-02-05,66265.0,https://www.cftc.gov/files/dea/history/fut_disagg_txt_2026.zip,2026-10-08
cftc_platinum_oi,2016-02-09,2016-02-12,65426.0,https://www.cftc.gov/files/dea/history/fut_disagg_txt_2026.zip,2026-10-08
cftc_platinum_oi,2016-02-16,2016-02-19,64876.0,https://www.cftc.gov/files/dea/history/fut_disagg_txt_2026.zip,2026-10-08
cftc_platinum_oi,2016-02-23,2016-02-26,64316.0,https://www.cftc.gov/files/dea/history/fut_disagg_txt_2026.zip,2026-10-08
cftc_platinum_oi,2016-03-01,2016-03-04,66211.0,https://www.cftc.gov/files/dea/history/fut_disagg_txt_2026.zip,2026-10-08
cftc_platinum_oi,2016-03-08,2016-03-11,64142.0,https://www.cftc.gov/files/dea/history/fut_disagg_txt_2026.zip,2026-10-08
cftc_platinum_oi,2016-03-15,2016-03-18,63234.0,https://www.cftc.gov/files/dea/history/fut_disagg_txt_2026.zip,2026-10-08
cftc_platinum_oi,2016-03-22,2016-03-25,62649.0,https://www.cftc.gov/files/dea/history/fut_disagg_txt_2026.zip,2026-10-08
cftc_platinum_oi,2016-03-29,2016-04-01,58313.0,https://www.cftc.gov/files/dea/history/fut_disagg_txt_2026.zip,2026-10-08
cftc_platinum_oi,2016-04-05,2016-04-08,55898.0,https://www.cftc.gov/files/dea/history/fut_disagg_txt_2026.zip,2026-10-08
cftc_platinum_oi,2016-04-12,2016-04-15,56899.0,https://www.cftc.gov/files/dea/history/fut_disagg_txt_2026.zip,2026-10-08
cftc_platinum_oi,2016-04-19,2016-04-22,60387.0,https://www.cftc.gov/files/dea/history/fut_disagg_txt_2026.zip,2026-10-08
cftc_platinum_oi,2016-04-26,2016-04-29,62482.0,https://www.cftc.gov/files/dea/history/fut_disagg_txt_2026.zip,2026-10-08
cftc_platinum_oi,2016-05-03,2016-05-06,64158.0,https://www.cftc.gov/files/dea/history/fut_disagg_txt_2026.zip,2026-10-08
cftc_platinum_oi,2016-05-10,2016-05-13,65493.0,https://www.cftc.gov/files/dea/history/fut_disagg_txt_2026.zip,2026-10-08
cftc_platinum_oi,2016-05-17,2016-05-20,66689.0,https://www.cftc.gov/files/dea/history/fut_disagg_txt_2026.zip,2026-10-08
cftc_platinum_oi,2016-05-24,2016-05-27,64186.0,https://www.cftc.gov/files/dea/history/fut_disagg_txt_2026.zip,2026-10-08
cftc_platinum_oi,2016-05-31,2016-06-03,61795.0,https://www.cftc.gov/files/dea/history/fut_disagg_txt_2026.zip,2026-10-08
cftc_platinum_oi,2016-06-07,2016-06-10,63185.0,https://www.cftc.gov/files/dea/history/fut_disagg_txt_2026.zip,2026-10-08
cftc_platinum_oi,2016-06-14,2016-06-17,66103.0,https://www.cftc.gov/files/dea/history/fut_disagg_txt_2026.zip,2026-10-08
cftc_platinum_oi,2016-06-21,2016-06-24,64950.0,https://www.cftc.gov/files/dea/history/fut_disagg_txt_2026.zip,2026-10-08
cftc_platinum_oi,2016-06-28,2016-07-01,62873.0,https://www.cftc.gov/files/dea/history/fut_disagg_txt_2026.zip,2026-10-08
cftc_platinum_oi,2016-07-05,2016-07-08,63840.0,https://www.cftc.gov/files/dea/history/fut_disagg_txt_2026.zip,2026-10-08
cftc_platinum_oi,2016-07-12,2016-07-15,70300.0,https://www.cftc.gov/files/dea/history/fut_disagg_txt_2026.zip,2026-10-08
cftc_platinum_oi,2016-07-19,2016-07-22,74782.0,https://www.cftc.gov/files/dea/history/fut_disagg_txt_2026.zip,2026-10-08
cftc_platinum_oi,2016-07-26,2016-07-29,77014.0,https://www.cftc.gov/files/dea/history/fut_disagg_txt_2026.zip,2026-10-08
cftc_platinum_oi,2016-08-02,2016-08-05,79541.0,https://www.cftc.gov/files/dea/history/fut_disagg_txt_2026.zip,2026-10-08
cftc_platinum_oi,2016-08-09,2016-08-12,80645.0,https://www.cftc.gov/files/dea/history/fut_disagg_txt_2026.zip,2026-10-08
cftc_platinum_oi,2016-08-16,2016-08-19,80960.0,https://www.cftc.gov/files/dea/history/fut_disagg_txt_2026.zip,2026-10-08
cftc_platinum_oi,2016-08-23,2016-08-26,81801.0,https://www.cftc.gov/files/dea/history/fut_disagg_txt_2026.zip,2026-10-08
cftc_platinum_oi,2016-08-30,2016-09-02,79543.0,https://www.cftc.gov/files/dea/history/fut_disagg_txt_2026.zip,2026-10-08
cftc_platinum_oi,2016-09-06,2016-09-09,77629.0,https://www.cftc.gov/files/dea/history/fut_disagg_txt_2026.zip,2026-10-08
cftc_platinum_oi,2016-09-13,2016-09-16,76199.0,https://www.cftc.gov/files/dea/history/fut_disagg_txt_2026.zip,2026-10-08
cftc_platinum_oi,2016-09-20,2016-09-23,74671.0,https://www.cftc.gov/files/dea/history/fut_disagg_txt_2026.zip,2026-10-08
cftc_platinum_oi,2016-09-27,2016-09-30,70394.0,https://www.cftc.gov/files/dea/history/fut_disagg_txt_2026.zip,2026-10-08
cftc_platinum_oi,2016-10-04,2016-10-07,69695.0,https://www.cftc.gov/files/dea/history/fut_disagg_txt_2026.zip,2026-10-08
cftc_platinum_oi,2016-10-11,2016-10-14,69710.0,https://www.cftc.gov/files/dea/history/fut_disagg_txt_2026.zip,2026-10-08
cftc_platinum_oi,2016-10-18,2016-10-21,69494.0,https://www.cftc.gov/files/dea/history/fut_disagg_txt_2026.zip,2026-10-08
cftc_platinum_oi,2016-10-25,2016-10-28,70383.0,https://www.cftc.gov/files/dea/history/fut_disagg_txt_2026.zip,2026-10-08
cftc_platinum_oi,2016-11-01,2016-11-04,71112.0,https://www.cftc.gov/files/dea/history/fut_disagg_txt_2026.zip,2026-10-08
cftc_platinum_oi,2016-11-08,2016-11-11,66469.0,https://www.cftc.gov/files/dea/history/fut_disagg_txt_2026.zip,2026-10-08
cftc_platinum_oi,2016-11-15,2016-11-18,63255.0,https://www.cftc.gov/files/dea/history/fut_disagg_txt_2026.zip,2026-10-08
cftc_platinum_oi,2016-11-22,2016-11-25,65403.0,https://www.cftc.gov/files/dea/history/fut_disagg_txt_2026.zip,2026-10-08
cftc_platinum_oi,2016-11-29,2016-12-02,69551.0,https://www.cftc.gov/files/dea/history/fut_disagg_txt_2026.zip,2026-10-08
cftc_platinum_oi,2016-12-06,2016-12-09,67342.0,https://www.cftc.gov/files/dea/history/fut_disagg_txt_2026.zip,2026-10-08
cftc_platinum_oi,2016-12-13,2016-12-16,66814.0,https://www.cftc.gov/files/dea/history/fut_disagg_txt_2026.zip,2026-10-08
cftc_platinum_oi,2016-12-20,2016-12-23,64352.0,https://www.cftc.gov/files/dea/history/fut_disagg_txt_2026.zip,2026-10-08
cftc_platinum_oi,2016-12-27,2016-12-30,63714.0,https://www.cftc.gov/files/dea/history/fut_disagg_txt_2026.zip,2026-10-08
cftc_platinum_oi,2017-01-03,2017-01-06,64102.0,https://www.cftc.gov/files/dea/history/fut_disagg_txt_2026.zip,2026-10-08
cftc_platinum_oi,2017-01-10,2017-01-13,62061.0,https://www.cftc.gov/files/dea/history/fut_disagg_txt_2026.zip,2026-10-08
cftc_platinum_oi,2017-01-17,2017-01-20,63219.0,https://www.cftc.gov/files/dea/history/fut_disagg_txt_2026.zip,2026-10-08
cftc_platinum_oi,2017-01-24,2017-01-27,62823.0,https://www.cftc.gov/files/dea/history/fut_disagg_txt_2026.zip,2026-10-08
cftc_platinum_oi,2017-01-31,2017-02-03,64552.0,https://www.cftc.gov/files/dea/history/fut_disagg_txt_2026.zip,2026-10-08
cftc_platinum_oi,2017-02-07,2017-02-10,64811.0,https://www.cftc.gov/files/dea/history/fut_disagg_txt_2026.zip,2026-10-08
cftc_platinum_oi,2017-02-14,2017-02-17,65179.0,https://www.cftc.gov/files/dea/history/fut_disagg_txt_2026.zip,2026-10-08
cftc_platinum_oi,2017-02-21,2017-02-24,65938.0,https://www.cftc.gov/files/dea/history/fut_disagg_txt_2026.zip,2026-10-08
cftc_platinum_oi,2017-02-28,2017-03-03,71200.0,https://www.cftc.gov/files/dea/history/fut_disagg_txt_2026.zip,2026-10-08
cftc_platinum_oi,2017-03-07,2017-03-10,68200.0,https://www.cftc.gov/files/dea/history/fut_disagg_txt_2026.zip,2026-10-08
cftc_platinum_oi,2017-03-14,2017-03-17,66039.0,https://www.cftc.gov/files/dea/history/fut_disagg_txt_2026.zip,2026-10-08
cftc_platinum_oi,2017-03-21,2017-03-24,67455.0,https://www.cftc.gov/files/dea/history/fut_disagg_txt_2026.zip,2026-10-08
cftc_platinum_oi,2017-03-28,2017-03-31,66094.0,https://www.cftc.gov/files/dea/history/fut_disagg_txt_2026.zip,2026-10-08
cftc_platinum_oi,2017-04-04,2017-04-07,63741.0,https://www.cftc.gov/files/dea/history/fut_disagg_txt_2026.zip,2026-10-08
cftc_platinum_oi,2017-04-11,2017-04-14,64829.0,https://www.cftc.gov/files/dea/history/fut_disagg_txt_2026.zip,2026-10-08
cftc_platinum_oi,2017-04-18,2017-04-21,66022.0,https://www.cftc.gov/files/dea/history/fut_disagg_txt_2026.zip,2026-10-08
cftc_platinum_oi,2017-04-25,2017-04-28,65327.0,https://www.cftc.gov/files/dea/history/fut_disagg_txt_2026.zip,2026-10-08
cftc_platinum_oi,2017-05-02,2017-05-05,71757.0,https://www.cftc.gov/files/dea/history/fut_disagg_txt_2026.zip,2026-10-08
cftc_platinum_oi,2017-05-09,2017-05-12,76104.0,https://www.cftc.gov/files/dea/history/fut_disagg_txt_2026.zip,2026-10-08
cftc_platinum_oi,2017-05-16,2017-05-19,74421.0,https://www.cftc.gov/files/dea/history/fut_disagg_txt_2026.zip,2026-10-08
cftc_platinum_oi,2017-05-23,2017-05-26,70625.0,https://www.cftc.gov/files/dea/history/fut_disagg_txt_2026.zip,2026-10-08
cftc_platinum_oi,2017-05-30,2017-06-02,69380.0,https://www.cftc.gov/files/dea/history/fut_disagg_txt_2026.zip,2026-10-08
cftc_platinum_oi,2017-06-06,2017-06-09,69495.0,https://www.cftc.gov/files/dea/history/fut_disagg_txt_2026.zip,2026-10-08
cftc_platinum_oi,2017-06-13,2017-06-16,76040.0,https://www.cftc.gov/files/dea/history/fut_disagg_txt_2026.zip,2026-10-08
cftc_platinum_oi,2017-06-20,2017-06-23,75380.0,https://www.cftc.gov/files/dea/history/fut_disagg_txt_2026.zip,2026-10-08
cftc_platinum_oi,2017-06-27,2017-06-30,76578.0,https://www.cftc.gov/files/dea/history/fut_disagg_txt_2026.zip,2026-10-08
cftc_platinum_oi,2017-07-03,2017-07-06,72797.0,https://www.cftc.gov/files/dea/history/fut_disagg_txt_2026.zip,2026-10-08
cftc_platinum_oi,2017-07-11,2017-07-14,74471.0,https://www.cftc.gov/files/dea/history/fut_disagg_txt_2026.zip,2026-10-08
cftc_platinum_oi,2017-07-18,2017-07-21,72456.0,https://www.cftc.gov/files/dea/history/fut_disagg_txt_2026.zip,2026-10-08
cftc_platinum_oi,2017-07-25,2017-07-28,71062.0,https://www.cftc.gov/files/dea/history/fut_disagg_txt_2026.zip,2026-10-08
cftc_platinum_oi,2017-08-01,2017-08-04,72421.0,https://www.cftc.gov/files/dea/history/fut_disagg_txt_2026.zip,2026-10-08
cftc_platinum_oi,2017-08-08,2017-08-11,70550.0,https://www.cftc.gov/files/dea/history/fut_disagg_txt_2026.zip,2026-10-08
cftc_platinum_oi,2017-08-15,2017-08-18,70177.0,https://www.cftc.gov/files/dea/history/fut_disagg_txt_2026.zip,2026-10-08
cftc_platinum_oi,2017-08-22,2017-08-25,71946.0,https://www.cftc.gov/files/dea/history/fut_disagg_txt_2026.zip,2026-10-08
cftc_platinum_oi,2017-08-29,2017-09-01,75270.0,https://www.cftc.gov/files/dea/history/fut_disagg_txt_2026.zip,2026-10-08
cftc_platinum_oi,2017-09-05,2017-09-08,79308.0,https://www.cftc.gov/files/dea/history/fut_disagg_txt_2026.zip,2026-10-08
cftc_platinum_oi,2017-09-12,2017-09-15,80477.0,https://www.cftc.gov/files/dea/history/fut_disagg_txt_2026.zip,2026-10-08
cftc_platinum_oi,2017-09-19,2017-09-22,76633.0,https://www.cftc.gov/files/dea/history/fut_disagg_txt_2026.zip,2026-10-08
cftc_platinum_oi,2017-09-26,2017-09-29,70987.0,https://www.cftc.gov/files/dea/history/fut_disagg_txt_2026.zip,2026-10-08
cftc_platinum_oi,2017-10-03,2017-10-06,71860.0,https://www.cftc.gov/files/dea/history/fut_disagg_txt_2026.zip,2026-10-08
cftc_platinum_oi,2017-10-10,2017-10-13,75931.0,https://www.cftc.gov/files/dea/history/fut_disagg_txt_2026.zip,2026-10-08
cftc_platinum_oi,2017-10-17,2017-10-20,75448.0,https://www.cftc.gov/files/dea/history/fut_disagg_txt_2026.zip,2026-10-08
cftc_platinum_oi,2017-10-24,2017-10-27,75692.0,https://www.cftc.gov/files/dea/history/fut_disagg_txt_2026.zip,2026-10-08
cftc_platinum_oi,2017-10-31,2017-11-03,77828.0,https://www.cftc.gov/files/dea/history/fut_disagg_txt_2026.zip,2026-10-08
cftc_platinum_oi,2017-11-07,2017-11-10,78380.0,https://www.cftc.gov/files/dea/history/fut_disagg_txt_2026.zip,2026-10-08
cftc_platinum_oi,2017-11-14,2017-11-17,78974.0,https://www.cftc.gov/files/dea/history/fut_disagg_txt_2026.zip,2026-10-08
cftc_platinum_oi,2017-11-21,2017-11-24,77941.0,https://www.cftc.gov/files/dea/history/fut_disagg_txt_2026.zip,2026-10-08
cftc_platinum_oi,2017-11-28,2017-12-01,78435.0,https://www.cftc.gov/files/dea/history/fut_disagg_txt_2026.zip,2026-10-08
cftc_platinum_oi,2017-12-05,2017-12-08,78993.0,https://www.cftc.gov/files/dea/history/fut_disagg_txt_2026.zip,2026-10-08
cftc_platinum_oi,2017-12-12,2017-12-15,88076.0,https://www.cftc.gov/files/dea/history/fut_disagg_txt_2026.zip,2026-10-08
cftc_platinum_oi,2017-12-19,2017-12-22,87329.0,https://www.cftc.gov/files/dea/history/fut_disagg_txt_2026.zip,2026-10-08
cftc_platinum_oi,2017-12-26,2017-12-29,85616.0,https://www.cftc.gov/files/dea/history/fut_disagg_txt_2026.zip,2026-10-08
cftc_platinum_oi,2018-01-02,2018-01-05,81677.0,https://www.cftc.gov/files/dea/history/fut_disagg_txt_2026.zip,2026-10-08
cftc_platinum_oi,2018-01-09,2018-01-12,80569.0,https://www.cftc.gov/files/dea/history/fut_disagg_txt_2026.zip,2026-10-08
cftc_platinum_oi,2018-01-16,2018-01-19,85179.0,https://www.cftc.gov/files/dea/history/fut_disagg_txt_2026.zip,2026-10-08
cftc_platinum_oi,2018-01-23,2018-01-26,90494.0,https://www.cftc.gov/files/dea/history/fut_disagg_txt_2026.zip,2026-10-08
cftc_platinum_oi,2018-01-30,2018-02-02,92167.0,https://www.cftc.gov/files/dea/history/fut_disagg_txt_2026.zip,2026-10-08
cftc_platinum_oi,2018-02-06,2018-02-09,90932.0,https://www.cftc.gov/files/dea/history/fut_disagg_txt_2026.zip,2026-10-08
cftc_platinum_oi,2018-02-13,2018-02-16,84126.0,https://www.cftc.gov/files/dea/history/fut_disagg_txt_2026.zip,2026-10-08
cftc_platinum_oi,2018-02-20,2018-02-23,85249.0,https://www.cftc.gov/files/dea/history/fut_disagg_txt_2026.zip,2026-10-08
cftc_platinum_oi,2018-02-27,2018-03-02,85924.0,https://www.cftc.gov/files/dea/history/fut_disagg_txt_2026.zip,2026-10-08
cftc_platinum_oi,2018-03-06,2018-03-09,80653.0,https://www.cftc.gov/files/dea/history/fut_disagg_txt_2026.zip,2026-10-08
cftc_platinum_oi,2018-03-13,2018-03-16,79225.0,https://www.cftc.gov/files/dea/history/fut_disagg_txt_2026.zip,2026-10-08
cftc_platinum_oi,2018-03-20,2018-03-23,78021.0,https://www.cftc.gov/files/dea/history/fut_disagg_txt_2026.zip,2026-10-08
cftc_platinum_oi,2018-03-27,2018-03-30,76610.0,https://www.cftc.gov/files/dea/history/fut_disagg_txt_2026.zip,2026-10-08
cftc_platinum_oi,2018-04-03,2018-04-06,75757.0,https://www.cftc.gov/files/dea/history/fut_disagg_txt_2026.zip,2026-10-08
cftc_platinum_oi,2018-04-10,2018-04-13,76230.0,https://www.cftc.gov/files/dea/history/fut_disagg_txt_2026.zip,2026-10-08
cftc_platinum_oi,2018-04-17,2018-04-20,76193.0,https://www.cftc.gov/files/dea/history/fut_disagg_txt_2026.zip,2026-10-08
cftc_platinum_oi,2018-04-24,2018-04-27,76044.0,https://www.cftc.gov/files/dea/history/fut_disagg_txt_2026.zip,2026-10-08
cftc_platinum_oi,2018-05-01,2018-05-04,80633.0,https://www.cftc.gov/files/dea/history/fut_disagg_txt_2026.zip,2026-10-08
cftc_platinum_oi,2018-05-08,2018-05-11,80411.0,https://www.cftc.gov/files/dea/history/fut_disagg_txt_2026.zip,2026-10-08
cftc_platinum_oi,2018-05-15,2018-05-18,80140.0,https://www.cftc.gov/files/dea/history/fut_disagg_txt_2026.zip,2026-10-08
cftc_platinum_oi,2018-05-22,2018-05-25,80393.0,https://www.cftc.gov/files/dea/history/fut_disagg_txt_2026.zip,2026-10-08
cftc_platinum_oi,2018-05-29,2018-06-01,81357.0,https://www.cftc.gov/files/dea/history/fut_disagg_txt_2026.zip,2026-10-08
cftc_platinum_oi,2018-06-05,2018-06-08,84484.0,https://www.cftc.gov/files/dea/history/fut_disagg_txt_2026.zip,2026-10-08
cftc_platinum_oi,2018-06-12,2018-06-15,85886.0,https://www.cftc.gov/files/dea/history/fut_disagg_txt_2026.zip,2026-10-08
cftc_platinum_oi,2018-06-19,2018-06-22,88852.0,https://www.cftc.gov/files/dea/history/fut_disagg_txt_2026.zip,2026-10-08
cftc_platinum_oi,2018-06-26,2018-06-29,86452.0,https://www.cftc.gov/files/dea/history/fut_disagg_txt_2026.zip,2026-10-08
cftc_platinum_oi,2018-07-03,2018-07-06,83561.0,https://www.cftc.gov/files/dea/history/fut_disagg_txt_2026.zip,2026-10-08
cftc_platinum_oi,2018-07-10,2018-07-13,81535.0,https://www.cftc.gov/files/dea/history/fut_disagg_txt_2026.zip,2026-10-08
cftc_platinum_oi,2018-07-17,2018-07-20,80785.0,https://www.cftc.gov/files/dea/history/fut_disagg_txt_2026.zip,2026-10-08
cftc_platinum_oi,2018-07-24,2018-07-27,80021.0,https://www.cftc.gov/files/dea/history/fut_disagg_txt_2026.zip,2026-10-08
cftc_platinum_oi,2018-07-31,2018-08-03,82139.0,https://www.cftc.gov/files/dea/history/fut_disagg_txt_2026.zip,2026-10-08
cftc_platinum_oi,2018-08-07,2018-08-10,79082.0,https://www.cftc.gov/files/dea/history/fut_disagg_txt_2026.zip,2026-10-08
cftc_platinum_oi,2018-08-14,2018-08-17,83991.0,https://www.cftc.gov/files/dea/history/fut_disagg_txt_2026.zip,2026-10-08
cftc_platinum_oi,2018-08-21,2018-08-24,84057.0,https://www.cftc.gov/files/dea/history/fut_disagg_txt_2026.zip,2026-10-08
cftc_platinum_oi,2018-08-28,2018-08-31,85221.0,https://www.cftc.gov/files/dea/history/fut_disagg_txt_2026.zip,2026-10-08
cftc_platinum_oi,2018-09-04,2018-09-07,89546.0,https://www.cftc.gov/files/dea/history/fut_disagg_txt_2026.zip,2026-10-08
cftc_platinum_oi,2018-09-11,2018-09-14,93273.0,https://www.cftc.gov/files/dea/history/fut_disagg_txt_2026.zip,2026-10-08
cftc_platinum_oi,2018-09-18,2018-09-21,88533.0,https://www.cftc.gov/files/dea/history/fut_disagg_txt_2026.zip,2026-10-08
cftc_platinum_oi,2018-09-25,2018-09-28,75991.0,https://www.cftc.gov/files/dea/history/fut_disagg_txt_2026.zip,2026-10-08
cftc_platinum_oi,2018-10-02,2018-10-05,73139.0,https://www.cftc.gov/files/dea/history/fut_disagg_txt_2026.zip,2026-10-08
cftc_platinum_oi,2018-10-09,2018-10-12,74067.0,https://www.cftc.gov/files/dea/history/fut_disagg_txt_2026.zip,2026-10-08
cftc_platinum_oi,2018-10-16,2018-10-19,75547.0,https://www.cftc.gov/files/dea/history/fut_disagg_txt_2026.zip,2026-10-08
cftc_platinum_oi,2018-10-23,2018-10-26,74436.0,https://www.cftc.gov/files/dea/history/fut_disagg_txt_2026.zip,2026-10-08
cftc_platinum_oi,2018-10-30,2018-11-02,75001.0,https://www.cftc.gov/files/dea/history/fut_disagg_txt_2026.zip,2026-10-08
cftc_platinum_oi,2018-11-06,2018-11-09,74364.0,https://www.cftc.gov/files/dea/history/fut_disagg_txt_2026.zip,2026-10-08
cftc_platinum_oi,2018-11-13,2018-11-16,70152.0,https://www.cftc.gov/files/dea/history/fut_disagg_txt_2026.zip,2026-10-08
cftc_platinum_oi,2018-11-20,2018-11-23,69800.0,https://www.cftc.gov/files/dea/history/fut_disagg_txt_2026.zip,2026-10-08
cftc_platinum_oi,2018-11-27,2018-11-30,72373.0,https://www.cftc.gov/files/dea/history/fut_disagg_txt_2026.zip,2026-10-08
cftc_platinum_oi,2018-12-04,2018-12-07,76828.0,https://www.cftc.gov/files/dea/history/fut_disagg_txt_2026.zip,2026-10-08
cftc_platinum_oi,2018-12-11,2018-12-14,82550.0,https://www.cftc.gov/files/dea/history/fut_disagg_txt_2026.zip,2026-10-08
cftc_platinum_oi,2018-12-18,2018-12-21,82939.0,https://www.cftc.gov/files/dea/history/fut_disagg_txt_2026.zip,2026-10-08
cftc_platinum_oi,2018-12-24,2018-12-27,81640.0,https://www.cftc.gov/files/dea/history/fut_disagg_txt_2026.zip,2026-10-08
cftc_platinum_oi,2018-12-31,2019-01-03,82828.0,https://www.cftc.gov/files/dea/history/fut_disagg_txt_2026.zip,2026-10-08
cftc_platinum_oi,2019-01-08,2019-01-11,86645.0,https://www.cftc.gov/files/dea/history/fut_disagg_txt_2026.zip,2026-10-08
cftc_platinum_oi,2019-01-15,2019-01-18,83822.0,https://www.cftc.gov/files/dea/history/fut_disagg_txt_2026.zip,2026-10-08
cftc_platinum_oi,2019-01-22,2019-01-25,85889.0,https://www.cftc.gov/files/dea/history/fut_disagg_txt_2026.zip,2026-10-08
cftc_platinum_oi,2019-01-29,2019-02-01,82259.0,https://www.cftc.gov/files/dea/history/fut_disagg_txt_2026.zip,2026-10-08
cftc_platinum_oi,2019-02-05,2019-02-08,80894.0,https://www.cftc.gov/files/dea/history/fut_disagg_txt_2026.zip,2026-10-08
cftc_platinum_oi,2019-02-12,2019-02-15,85394.0,https://www.cftc.gov/files/dea/history/fut_disagg_txt_2026.zip,2026-10-08
cftc_platinum_oi,2019-02-19,2019-02-22,83413.0,https://www.cftc.gov/files/dea/history/fut_disagg_txt_2026.zip,2026-10-08
cftc_platinum_oi,2019-02-26,2019-03-01,79606.0,https://www.cftc.gov/files/dea/history/fut_disagg_txt_2026.zip,2026-10-08
cftc_platinum_oi,2019-03-05,2019-03-08,77483.0,https://www.cftc.gov/files/dea/history/fut_disagg_txt_2026.zip,2026-10-08
cftc_platinum_oi,2019-03-12,2019-03-15,77461.0,https://www.cftc.gov/files/dea/history/fut_disagg_txt_2026.zip,2026-10-08
cftc_platinum_oi,2019-03-19,2019-03-22,75915.0,https://www.cftc.gov/files/dea/history/fut_disagg_txt_2026.zip,2026-10-08
cftc_platinum_oi,2019-03-26,2019-03-29,72073.0,https://www.cftc.gov/files/dea/history/fut_disagg_txt_2026.zip,2026-10-08
cftc_platinum_oi,2019-04-02,2019-04-05,68064.0,https://www.cftc.gov/files/dea/history/fut_disagg_txt_2026.zip,2026-10-08
cftc_platinum_oi,2019-04-09,2019-04-12,74605.0,https://www.cftc.gov/files/dea/history/fut_disagg_txt_2026.zip,2026-10-08
cftc_platinum_oi,2019-04-16,2019-04-19,73727.0,https://www.cftc.gov/files/dea/history/fut_disagg_txt_2026.zip,2026-10-08
cftc_platinum_oi,2019-04-23,2019-04-26,75277.0,https://www.cftc.gov/files/dea/history/fut_disagg_txt_2026.zip,2026-10-08
cftc_platinum_oi,2019-04-30,2019-05-03,75798.0,https://www.cftc.gov/files/dea/history/fut_disagg_txt_2026.zip,2026-10-08
cftc_platinum_oi,2019-05-07,2019-05-10,74901.0,https://www.cftc.gov/files/dea/history/fut_disagg_txt_2026.zip,2026-10-08
cftc_platinum_oi,2019-05-14,2019-05-17,75331.0,https://www.cftc.gov/files/dea/history/fut_disagg_txt_2026.zip,2026-10-08
cftc_platinum_oi,2019-05-21,2019-05-24,78838.0,https://www.cftc.gov/files/dea/history/fut_disagg_txt_2026.zip,2026-10-08
cftc_platinum_oi,2019-05-28,2019-05-31,83398.0,https://www.cftc.gov/files/dea/history/fut_disagg_txt_2026.zip,2026-10-08
cftc_platinum_oi,2019-06-04,2019-06-07,83492.0,https://www.cftc.gov/files/dea/history/fut_disagg_txt_2026.zip,2026-10-08
cftc_platinum_oi,2019-06-11,2019-06-14,86371.0,https://www.cftc.gov/files/dea/history/fut_disagg_txt_2026.zip,2026-10-08
cftc_platinum_oi,2019-06-18,2019-06-21,90782.0,https://www.cftc.gov/files/dea/history/fut_disagg_txt_2026.zip,2026-10-08
cftc_platinum_oi,2019-06-25,2019-06-28,88101.0,https://www.cftc.gov/files/dea/history/fut_disagg_txt_2026.zip,2026-10-08
cftc_platinum_oi,2019-07-02,2019-07-05,80391.0,https://www.cftc.gov/files/dea/history/fut_disagg_txt_2026.zip,2026-10-08
cftc_platinum_oi,2019-07-09,2019-07-12,78771.0,https://www.cftc.gov/files/dea/history/fut_disagg_txt_2026.zip,2026-10-08
cftc_platinum_oi,2019-07-16,2019-07-19,76824.0,https://www.cftc.gov/files/dea/history/fut_disagg_txt_2026.zip,2026-10-08
cftc_platinum_oi,2019-07-23,2019-07-26,77025.0,https://www.cftc.gov/files/dea/history/fut_disagg_txt_2026.zip,2026-10-08
cftc_platinum_oi,2019-07-30,2019-08-02,76346.0,https://www.cftc.gov/files/dea/history/fut_disagg_txt_2026.zip,2026-10-08
cftc_platinum_oi,2019-08-06,2019-08-09,75607.0,https://www.cftc.gov/files/dea/history/fut_disagg_txt_2026.zip,2026-10-08
cftc_platinum_oi,2019-08-13,2019-08-16,77101.0,https://www.cftc.gov/files/dea/history/fut_disagg_txt_2026.zip,2026-10-08
cftc_platinum_oi,2019-08-20,2019-08-23,77468.0,https://www.cftc.gov/files/dea/history/fut_disagg_txt_2026.zip,2026-10-08
cftc_platinum_oi,2019-08-27,2019-08-30,78397.0,https://www.cftc.gov/files/dea/history/fut_disagg_txt_2026.zip,2026-10-08
cftc_platinum_oi,2019-09-03,2019-09-06,88697.0,https://www.cftc.gov/files/dea/history/fut_disagg_txt_2026.zip,2026-10-08
cftc_platinum_oi,2019-09-10,2019-09-13,94478.0,https://www.cftc.gov/files/dea/history/fut_disagg_txt_2026.zip,2026-10-08
cftc_platinum_oi,2019-09-17,2019-09-20,98283.0,https://www.cftc.gov/files/dea/history/fut_disagg_txt_2026.zip,2026-10-08
cftc_platinum_oi,2019-09-24,2019-09-27,91821.0,https://www.cftc.gov/files/dea/history/fut_disagg_txt_2026.zip,2026-10-08
cftc_platinum_oi,2019-10-01,2019-10-04,85115.0,https://www.cftc.gov/files/dea/history/fut_disagg_txt_2026.zip,2026-10-08
cftc_platinum_oi,2019-10-08,2019-10-11,84222.0,https://www.cftc.gov/files/dea/history/fut_disagg_txt_2026.zip,2026-10-08
cftc_platinum_oi,2019-10-15,2019-10-18,85759.0,https://www.cftc.gov/files/dea/history/fut_disagg_txt_2026.zip,2026-10-08
cftc_platinum_oi,2019-10-22,2019-10-25,86338.0,https://www.cftc.gov/files/dea/history/fut_disagg_txt_2026.zip,2026-10-08
cftc_platinum_oi,2019-10-29,2019-11-01,88022.0,https://www.cftc.gov/files/dea/history/fut_disagg_txt_2026.zip,2026-10-08
cftc_platinum_oi,2019-11-05,2019-11-08,91799.0,https://www.cftc.gov/files/dea/history/fut_disagg_txt_2026.zip,2026-10-08
cftc_platinum_oi,2019-11-12,2019-11-15,90681.0,https://www.cftc.gov/files/dea/history/fut_disagg_txt_2026.zip,2026-10-08
cftc_platinum_oi,2019-11-19,2019-11-22,88395.0,https://www.cftc.gov/files/dea/history/fut_disagg_txt_2026.zip,2026-10-08
cftc_platinum_oi,2019-11-26,2019-11-29,90498.0,https://www.cftc.gov/files/dea/history/fut_disagg_txt_2026.zip,2026-10-08
cftc_platinum_oi,2019-12-03,2019-12-06,90939.0,https://www.cftc.gov/files/dea/history/fut_disagg_txt_2026.zip,2026-10-08
cftc_platinum_oi,2019-12-10,2019-12-13,94869.0,https://www.cftc.gov/files/dea/history/fut_disagg_txt_2026.zip,2026-10-08
cftc_platinum_oi,2019-12-17,2019-12-20,98962.0,https://www.cftc.gov/files/dea/history/fut_disagg_txt_2026.zip,2026-10-08
cftc_platinum_oi,2019-12-24,2019-12-27,98176.0,https://www.cftc.gov/files/dea/history/fut_disagg_txt_2026.zip,2026-10-08
cftc_platinum_oi,2019-12-31,2020-01-03,99045.0,https://www.cftc.gov/files/dea/history/fut_disagg_txt_2026.zip,2026-10-08
cftc_platinum_oi,2020-01-07,2020-01-10,102495.0,https://www.cftc.gov/files/dea/history/fut_disagg_txt_2026.zip,2026-10-08
cftc_platinum_oi,2020-01-14,2020-01-17,104943.0,https://www.cftc.gov/files/dea/history/fut_disagg_txt_2026.zip,2026-10-08
cftc_platinum_oi,2020-01-21,2020-01-24,105936.0,https://www.cftc.gov/files/dea/history/fut_disagg_txt_2026.zip,2026-10-08
cftc_platinum_oi,2020-01-28,2020-01-31,105456.0,https://www.cftc.gov/files/dea/history/fut_disagg_txt_2026.zip,2026-10-08
cftc_platinum_oi,2020-02-04,2020-02-07,101276.0,https://www.cftc.gov/files/dea/history/fut_disagg_txt_2026.zip,2026-10-08
cftc_platinum_oi,2020-02-11,2020-02-14,100624.0,https://www.cftc.gov/files/dea/history/fut_disagg_txt_2026.zip,2026-10-08
cftc_platinum_oi,2020-02-18,2020-02-21,102384.0,https://www.cftc.gov/files/dea/history/fut_disagg_txt_2026.zip,2026-10-08
cftc_platinum_oi,2020-02-25,2020-02-28,97626.0,https://www.cftc.gov/files/dea/history/fut_disagg_txt_2026.zip,2026-10-08
cftc_platinum_oi,2020-03-03,2020-03-06,82051.0,https://www.cftc.gov/files/dea/history/fut_disagg_txt_2026.zip,2026-10-08
cftc_platinum_oi,2020-03-10,2020-03-13,76017.0,https://www.cftc.gov/files/dea/history/fut_disagg_txt_2026.zip,2026-10-08
cftc_platinum_oi,2020-03-17,2020-03-20,66275.0,https://www.cftc.gov/files/dea/history/fut_disagg_txt_2026.zip,2026-10-08
cftc_platinum_oi,2020-03-24,2020-03-27,63571.0,https://www.cftc.gov/files/dea/history/fut_disagg_txt_2026.zip,2026-10-08
cftc_platinum_oi,2020-03-31,2020-04-03,54148.0,https://www.cftc.gov/files/dea/history/fut_disagg_txt_2026.zip,2026-10-08
cftc_platinum_oi,2020-04-07,2020-04-10,54044.0,https://www.cftc.gov/files/dea/history/fut_disagg_txt_2026.zip,2026-10-08
cftc_platinum_oi,2020-04-14,2020-04-17,53142.0,https://www.cftc.gov/files/dea/history/fut_disagg_txt_2026.zip,2026-10-08
cftc_platinum_oi,2020-04-21,2020-04-24,49300.0,https://www.cftc.gov/files/dea/history/fut_disagg_txt_2026.zip,2026-10-08
cftc_platinum_oi,2020-04-28,2020-05-01,50982.0,https://www.cftc.gov/files/dea/history/fut_disagg_txt_2026.zip,2026-10-08
cftc_platinum_oi,2020-05-05,2020-05-08,50327.0,https://www.cftc.gov/files/dea/history/fut_disagg_txt_2026.zip,2026-10-08
cftc_platinum_oi,2020-05-12,2020-05-15,49942.0,https://www.cftc.gov/files/dea/history/fut_disagg_txt_2026.zip,2026-10-08
cftc_platinum_oi,2020-05-19,2020-05-22,51652.0,https://www.cftc.gov/files/dea/history/fut_disagg_txt_2026.zip,2026-10-08
cftc_platinum_oi,2020-05-26,2020-05-29,51559.0,https://www.cftc.gov/files/dea/history/fut_disagg_txt_2026.zip,2026-10-08
cftc_platinum_oi,2020-06-02,2020-06-05,52788.0,https://www.cftc.gov/files/dea/history/fut_disagg_txt_2026.zip,2026-10-08
cftc_platinum_oi,2020-06-09,2020-06-12,50811.0,https://www.cftc.gov/files/dea/history/fut_disagg_txt_2026.zip,2026-10-08
cftc_platinum_oi,2020-06-16,2020-06-19,49916.0,https://www.cftc.gov/files/dea/history/fut_disagg_txt_2026.zip,2026-10-08
cftc_platinum_oi,2020-06-23,2020-06-26,47275.0,https://www.cftc.gov/files/dea/history/fut_disagg_txt_2026.zip,2026-10-08
cftc_platinum_oi,2020-06-30,2020-07-03,47837.0,https://www.cftc.gov/files/dea/history/fut_disagg_txt_2026.zip,2026-10-08
cftc_platinum_oi,2020-07-07,2020-07-10,49143.0,https://www.cftc.gov/files/dea/history/fut_disagg_txt_2026.zip,2026-10-08
cftc_platinum_oi,2020-07-14,2020-07-17,48016.0,https://www.cftc.gov/files/dea/history/fut_disagg_txt_2026.zip,2026-10-08
cftc_platinum_oi,2020-07-21,2020-07-24,52071.0,https://www.cftc.gov/files/dea/history/fut_disagg_txt_2026.zip,2026-10-08
cftc_platinum_oi,2020-07-28,2020-07-31,54525.0,https://www.cftc.gov/files/dea/history/fut_disagg_txt_2026.zip,2026-10-08
cftc_platinum_oi,2020-08-04,2020-08-07,55647.0,https://www.cftc.gov/files/dea/history/fut_disagg_txt_2026.zip,2026-10-08
cftc_platinum_oi,2020-08-11,2020-08-14,56900.0,https://www.cftc.gov/files/dea/history/fut_disagg_txt_2026.zip,2026-10-08
cftc_platinum_oi,2020-08-18,2020-08-21,58525.0,https://www.cftc.gov/files/dea/history/fut_disagg_txt_2026.zip,2026-10-08
cftc_platinum_oi,2020-08-25,2020-08-28,57831.0,https://www.cftc.gov/files/dea/history/fut_disagg_txt_2026.zip,2026-10-08
cftc_platinum_oi,2020-09-01,2020-09-04,60538.0,https://www.cftc.gov/files/dea/history/fut_disagg_txt_2026.zip,2026-10-08
cftc_platinum_oi,2020-09-08,2020-09-11,59711.0,https://www.cftc.gov/files/dea/history/fut_disagg_txt_2026.zip,2026-10-08
cftc_platinum_oi,2020-09-15,2020-09-18,61778.0,https://www.cftc.gov/files/dea/history/fut_disagg_txt_2026.zip,2026-10-08
cftc_platinum_oi,2020-09-22,2020-09-25,60004.0,https://www.cftc.gov/files/dea/history/fut_disagg_txt_2026.zip,2026-10-08
cftc_platinum_oi,2020-09-29,2020-10-02,55680.0,https://www.cftc.gov/files/dea/history/fut_disagg_txt_2026.zip,2026-10-08
cftc_platinum_oi,2020-10-06,2020-10-09,51995.0,https://www.cftc.gov/files/dea/history/fut_disagg_txt_2026.zip,2026-10-08
cftc_platinum_oi,2020-10-13,2020-10-16,51258.0,https://www.cftc.gov/files/dea/history/fut_disagg_txt_2026.zip,2026-10-08
cftc_platinum_oi,2020-10-20,2020-10-23,52199.0,https://www.cftc.gov/files/dea/history/fut_disagg_txt_2026.zip,2026-10-08
cftc_platinum_oi,2020-10-27,2020-10-30,52138.0,https://www.cftc.gov/files/dea/history/fut_disagg_txt_2026.zip,2026-10-08
cftc_platinum_oi,2020-11-03,2020-11-06,51034.0,https://www.cftc.gov/files/dea/history/fut_disagg_txt_2026.zip,2026-10-08
cftc_platinum_oi,2020-11-10,2020-11-13,51624.0,https://www.cftc.gov/files/dea/history/fut_disagg_txt_2026.zip,2026-10-08
cftc_platinum_oi,2020-11-17,2020-11-20,54077.0,https://www.cftc.gov/files/dea/history/fut_disagg_txt_2026.zip,2026-10-08
cftc_platinum_oi,2020-11-24,2020-11-27,54647.0,https://www.cftc.gov/files/dea/history/fut_disagg_txt_2026.zip,2026-10-08
cftc_platinum_oi,2020-12-01,2020-12-04,57970.0,https://www.cftc.gov/files/dea/history/fut_disagg_txt_2026.zip,2026-10-08
cftc_platinum_oi,2020-12-08,2020-12-11,63572.0,https://www.cftc.gov/files/dea/history/fut_disagg_txt_2026.zip,2026-10-08
cftc_platinum_oi,2020-12-15,2020-12-18,65881.0,https://www.cftc.gov/files/dea/history/fut_disagg_txt_2026.zip,2026-10-08
cftc_platinum_oi,2020-12-21,2020-12-24,65012.0,https://www.cftc.gov/files/dea/history/fut_disagg_txt_2026.zip,2026-10-08
cftc_platinum_oi,2020-12-29,2021-01-01,59399.0,https://www.cftc.gov/files/dea/history/fut_disagg_txt_2026.zip,2026-10-08
cftc_platinum_oi,2021-01-05,2021-01-08,61185.0,https://www.cftc.gov/files/dea/history/fut_disagg_txt_2026.zip,2026-10-08
cftc_platinum_oi,2021-01-12,2021-01-15,59893.0,https://www.cftc.gov/files/dea/history/fut_disagg_txt_2026.zip,2026-10-08
cftc_platinum_oi,2021-01-19,2021-01-22,59812.0,https://www.cftc.gov/files/dea/history/fut_disagg_txt_2026.zip,2026-10-08
cftc_platinum_oi,2021-01-26,2021-01-29,62530.0,https://www.cftc.gov/files/dea/history/fut_disagg_txt_2026.zip,2026-10-08
cftc_platinum_oi,2021-02-02,2021-02-05,64701.0,https://www.cftc.gov/files/dea/history/fut_disagg_txt_2026.zip,2026-10-08
cftc_platinum_oi,2021-02-09,2021-02-12,72051.0,https://www.cftc.gov/files/dea/history/fut_disagg_txt_2026.zip,2026-10-08
cftc_platinum_oi,2021-02-16,2021-02-19,74780.0,https://www.cftc.gov/files/dea/history/fut_disagg_txt_2026.zip,2026-10-08
cftc_platinum_oi,2021-02-23,2021-02-26,73964.0,https://www.cftc.gov/files/dea/history/fut_disagg_txt_2026.zip,2026-10-08
cftc_platinum_oi,2021-03-02,2021-03-05,72681.0,https://www.cftc.gov/files/dea/history/fut_disagg_txt_2026.zip,2026-10-08
cftc_platinum_oi,2021-03-09,2021-03-12,71411.0,https://www.cftc.gov/files/dea/history/fut_disagg_txt_2026.zip,2026-10-08
cftc_platinum_oi,2021-03-16,2021-03-19,74810.0,https://www.cftc.gov/files/dea/history/fut_disagg_txt_2026.zip,2026-10-08
cftc_platinum_oi,2021-03-23,2021-03-26,73324.0,https://www.cftc.gov/files/dea/history/fut_disagg_txt_2026.zip,2026-10-08
cftc_platinum_oi,2021-03-30,2021-04-02,67480.0,https://www.cftc.gov/files/dea/history/fut_disagg_txt_2026.zip,2026-10-08
cftc_platinum_oi,2021-04-06,2021-04-09,68108.0,https://www.cftc.gov/files/dea/history/fut_disagg_txt_2026.zip,2026-10-08
cftc_platinum_oi,2021-04-13,2021-04-16,65661.0,https://www.cftc.gov/files/dea/history/fut_disagg_txt_2026.zip,2026-10-08
cftc_platinum_oi,2021-04-20,2021-04-23,63613.0,https://www.cftc.gov/files/dea/history/fut_disagg_txt_2026.zip,2026-10-08
cftc_platinum_oi,2021-04-27,2021-04-30,65211.0,https://www.cftc.gov/files/dea/history/fut_disagg_txt_2026.zip,2026-10-08
cftc_platinum_oi,2021-05-04,2021-05-07,64855.0,https://www.cftc.gov/files/dea/history/fut_disagg_txt_2026.zip,2026-10-08
cftc_platinum_oi,2021-05-11,2021-05-14,66115.0,https://www.cftc.gov/files/dea/history/fut_disagg_txt_2026.zip,2026-10-08
cftc_platinum_oi,2021-05-18,2021-05-21,66761.0,https://www.cftc.gov/files/dea/history/fut_disagg_txt_2026.zip,2026-10-08
cftc_platinum_oi,2021-05-25,2021-05-28,67247.0,https://www.cftc.gov/files/dea/history/fut_disagg_txt_2026.zip,2026-10-08
cftc_platinum_oi,2021-06-01,2021-06-04,67551.0,https://www.cftc.gov/files/dea/history/fut_disagg_txt_2026.zip,2026-10-08
cftc_platinum_oi,2021-06-08,2021-06-11,66649.0,https://www.cftc.gov/files/dea/history/fut_disagg_txt_2026.zip,2026-10-08
cftc_platinum_oi,2021-06-15,2021-06-18,64994.0,https://www.cftc.gov/files/dea/history/fut_disagg_txt_2026.zip,2026-10-08
cftc_platinum_oi,2021-06-22,2021-06-25,63276.0,https://www.cftc.gov/files/dea/history/fut_disagg_txt_2026.zip,2026-10-08
cftc_platinum_oi,2021-06-29,2021-07-02,58265.0,https://www.cftc.gov/files/dea/history/fut_disagg_txt_2026.zip,2026-10-08
cftc_platinum_oi,2021-07-06,2021-07-09,55441.0,https://www.cftc.gov/files/dea/history/fut_disagg_txt_2026.zip,2026-10-08
cftc_platinum_oi,2021-07-13,2021-07-16,56142.0,https://www.cftc.gov/files/dea/history/fut_disagg_txt_2026.zip,2026-10-08
cftc_platinum_oi,2021-07-20,2021-07-23,57661.0,https://www.cftc.gov/files/dea/history/fut_disagg_txt_2026.zip,2026-10-08
cftc_platinum_oi,2021-07-27,2021-07-30,59378.0,https://www.cftc.gov/files/dea/history/fut_disagg_txt_2026.zip,2026-10-08
cftc_platinum_oi,2021-08-03,2021-08-06,61085.0,https://www.cftc.gov/files/dea/history/fut_disagg_txt_2026.zip,2026-10-08
cftc_platinum_oi,2021-08-10,2021-08-13,64271.0,https://www.cftc.gov/files/dea/history/fut_disagg_txt_2026.zip,2026-10-08
cftc_platinum_oi,2021-08-17,2021-08-20,62569.0,https://www.cftc.gov/files/dea/history/fut_disagg_txt_2026.zip,2026-10-08
cftc_platinum_oi,2021-08-24,2021-08-27,63828.0,https://www.cftc.gov/files/dea/history/fut_disagg_txt_2026.zip,2026-10-08
cftc_platinum_oi,2021-08-31,2021-09-03,67072.0,https://www.cftc.gov/files/dea/history/fut_disagg_txt_2026.zip,2026-10-08
cftc_platinum_oi,2021-09-07,2021-09-10,69024.0,https://www.cftc.gov/files/dea/history/fut_disagg_txt_2026.zip,2026-10-08
cftc_platinum_oi,2021-09-14,2021-09-17,75870.0,https://www.cftc.gov/files/dea/history/fut_disagg_txt_2026.zip,2026-10-08
cftc_platinum_oi,2021-09-21,2021-09-24,73415.0,https://www.cftc.gov/files/dea/history/fut_disagg_txt_2026.zip,2026-10-08
cftc_platinum_oi,2021-09-28,2021-10-01,62551.0,https://www.cftc.gov/files/dea/history/fut_disagg_txt_2026.zip,2026-10-08
cftc_platinum_oi,2021-10-05,2021-10-08,62109.0,https://www.cftc.gov/files/dea/history/fut_disagg_txt_2026.zip,2026-10-08
cftc_platinum_oi,2021-10-12,2021-10-15,59344.0,https://www.cftc.gov/files/dea/history/fut_disagg_txt_2026.zip,2026-10-08
cftc_platinum_oi,2021-10-19,2021-10-22,58570.0,https://www.cftc.gov/files/dea/history/fut_disagg_txt_2026.zip,2026-10-08
cftc_platinum_oi,2021-10-26,2021-10-29,58161.0,https://www.cftc.gov/files/dea/history/fut_disagg_txt_2026.zip,2026-10-08
cftc_platinum_oi,2021-11-02,2021-11-05,56508.0,https://www.cftc.gov/files/dea/history/fut_disagg_txt_2026.zip,2026-10-08
cftc_platinum_oi,2021-11-09,2021-11-12,57866.0,https://www.cftc.gov/files/dea/history/fut_disagg_txt_2026.zip,2026-10-08
cftc_platinum_oi,2021-11-16,2021-11-19,62284.0,https://www.cftc.gov/files/dea/history/fut_disagg_txt_2026.zip,2026-10-08
cftc_platinum_oi,2021-11-23,2021-11-26,61553.0,https://www.cftc.gov/files/dea/history/fut_disagg_txt_2026.zip,2026-10-08
cftc_platinum_oi,2021-11-30,2021-12-03,62385.0,https://www.cftc.gov/files/dea/history/fut_disagg_txt_2026.zip,2026-10-08
cftc_platinum_oi,2021-12-07,2021-12-10,65134.0,https://www.cftc.gov/files/dea/history/fut_disagg_txt_2026.zip,2026-10-08
cftc_platinum_oi,2021-12-14,2021-12-17,66300.0,https://www.cftc.gov/files/dea/history/fut_disagg_txt_2026.zip,2026-10-08
cftc_platinum_oi,2021-12-21,2021-12-24,64732.0,https://www.cftc.gov/files/dea/history/fut_disagg_txt_2026.zip,2026-10-08
cftc_platinum_oi,2021-12-28,2021-12-31,60353.0,https://www.cftc.gov/files/dea/history/fut_disagg_txt_2026.zip,2026-10-08
cftc_platinum_oi,2022-01-04,2022-01-07,58275.0,https://www.cftc.gov/files/dea/history/fut_disagg_txt_2026.zip,2026-10-08
cftc_platinum_oi,2022-01-11,2022-01-14,59061.0,https://www.cftc.gov/files/dea/history/fut_disagg_txt_2026.zip,2026-10-08
cftc_platinum_oi,2022-01-18,2022-01-21,57321.0,https://www.cftc.gov/files/dea/history/fut_disagg_txt_2026.zip,2026-10-08
cftc_platinum_oi,2022-01-25,2022-01-28,53390.0,https://www.cftc.gov/files/dea/history/fut_disagg_txt_2026.zip,2026-10-08
cftc_platinum_oi,2022-02-01,2022-02-04,53898.0,https://www.cftc.gov/files/dea/history/fut_disagg_txt_2026.zip,2026-10-08
cftc_platinum_oi,2022-02-08,2022-02-11,58766.0,https://www.cftc.gov/files/dea/history/fut_disagg_txt_2026.zip,2026-10-08
cftc_platinum_oi,2022-02-15,2022-02-18,59897.0,https://www.cftc.gov/files/dea/history/fut_disagg_txt_2026.zip,2026-10-08
cftc_platinum_oi,2022-02-22,2022-02-25,62274.0,https://www.cftc.gov/files/dea/history/fut_disagg_txt_2026.zip,2026-10-08
cftc_platinum_oi,2022-03-01,2022-03-04,65383.0,https://www.cftc.gov/files/dea/history/fut_disagg_txt_2026.zip,2026-10-08
cftc_platinum_oi,2022-03-08,2022-03-11,72496.0,https://www.cftc.gov/files/dea/history/fut_disagg_txt_2026.zip,2026-10-08
cftc_platinum_oi,2022-03-15,2022-03-18,67727.0,https://www.cftc.gov/files/dea/history/fut_disagg_txt_2026.zip,2026-10-08
cftc_platinum_oi,2022-03-22,2022-03-25,64000.0,https://www.cftc.gov/files/dea/history/fut_disagg_txt_2026.zip,2026-10-08
cftc_platinum_oi,2022-03-29,2022-04-01,61807.0,https://www.cftc.gov/files/dea/history/fut_disagg_txt_2026.zip,2026-10-08
cftc_platinum_oi,2022-04-05,2022-04-08,60983.0,https://www.cftc.gov/files/dea/history/fut_disagg_txt_2026.zip,2026-10-08
cftc_platinum_oi,2022-04-12,2022-04-15,63363.0,https://www.cftc.gov/files/dea/history/fut_disagg_txt_2026.zip,2026-10-08
cftc_platinum_oi,2022-04-19,2022-04-22,61603.0,https://www.cftc.gov/files/dea/history/fut_disagg_txt_2026.zip,2026-10-08
cftc_platinum_oi,2022-04-26,2022-04-29,67591.0,https://www.cftc.gov/files/dea/history/fut_disagg_txt_2026.zip,2026-10-08
cftc_platinum_oi,2022-05-03,2022-05-06,66545.0,https://www.cftc.gov/files/dea/history/fut_disagg_txt_2026.zip,2026-10-08
cftc_platinum_oi,2022-05-10,2022-05-13,66064.0,https://www.cftc.gov/files/dea/history/fut_disagg_txt_2026.zip,2026-10-08
cftc_platinum_oi,2022-05-17,2022-05-20,65926.0,https://www.cftc.gov/files/dea/history/fut_disagg_txt_2026.zip,2026-10-08
cftc_platinum_oi,2022-05-24,2022-05-27,65824.0,https://www.cftc.gov/files/dea/history/fut_disagg_txt_2026.zip,2026-10-08
cftc_platinum_oi,2022-05-31,2022-06-03,67964.0,https://www.cftc.gov/files/dea/history/fut_disagg_txt_2026.zip,2026-10-08
cftc_platinum_oi,2022-06-07,2022-06-10,65295.0,https://www.cftc.gov/files/dea/history/fut_disagg_txt_2026.zip,2026-10-08
cftc_platinum_oi,2022-06-14,2022-06-17,66613.0,https://www.cftc.gov/files/dea/history/fut_disagg_txt_2026.zip,2026-10-08
cftc_platinum_oi,2022-06-21,2022-06-24,64946.0,https://www.cftc.gov/files/dea/history/fut_disagg_txt_2026.zip,2026-10-08
cftc_platinum_oi,2022-06-28,2022-07-01,68232.0,https://www.cftc.gov/files/dea/history/fut_disagg_txt_2026.zip,2026-10-08
cftc_platinum_oi,2022-07-05,2022-07-08,72895.0,https://www.cftc.gov/files/dea/history/fut_disagg_txt_2026.zip,2026-10-08
cftc_platinum_oi,2022-07-12,2022-07-15,75615.0,https://www.cftc.gov/files/dea/history/fut_disagg_txt_2026.zip,2026-10-08
cftc_platinum_oi,2022-07-19,2022-07-22,75069.0,https://www.cftc.gov/files/dea/history/fut_disagg_txt_2026.zip,2026-10-08
cftc_platinum_oi,2022-07-26,2022-07-29,73423.0,https://www.cftc.gov/files/dea/history/fut_disagg_txt_2026.zip,2026-10-08
cftc_platinum_oi,2022-08-02,2022-08-05,68266.0,https://www.cftc.gov/files/dea/history/fut_disagg_txt_2026.zip,2026-10-08
cftc_platinum_oi,2022-08-09,2022-08-12,62782.0,https://www.cftc.gov/files/dea/history/fut_disagg_txt_2026.zip,2026-10-08
cftc_platinum_oi,2022-08-16,2022-08-19,57254.0,https://www.cftc.gov/files/dea/history/fut_disagg_txt_2026.zip,2026-10-08
cftc_platinum_oi,2022-08-23,2022-08-26,62329.0,https://www.cftc.gov/files/dea/history/fut_disagg_txt_2026.zip,2026-10-08
cftc_platinum_oi,2022-08-30,2022-09-02,70747.0,https://www.cftc.gov/files/dea/history/fut_disagg_txt_2026.zip,2026-10-08
cftc_platinum_oi,2022-09-06,2022-09-09,78610.0,https://www.cftc.gov/files/dea/history/fut_disagg_txt_2026.zip,2026-10-08
cftc_platinum_oi,2022-09-13,2022-09-16,68574.0,https://www.cftc.gov/files/dea/history/fut_disagg_txt_2026.zip,2026-10-08
cftc_platinum_oi,2022-09-20,2022-09-23,62900.0,https://www.cftc.gov/files/dea/history/fut_disagg_txt_2026.zip,2026-10-08
cftc_platinum_oi,2022-09-27,2022-09-30,58994.0,https://www.cftc.gov/files/dea/history/fut_disagg_txt_2026.zip,2026-10-08
cftc_platinum_oi,2022-10-04,2022-10-07,55682.0,https://www.cftc.gov/files/dea/history/fut_disagg_txt_2026.zip,2026-10-08
cftc_platinum_oi,2022-10-11,2022-10-14,52435.0,https://www.cftc.gov/files/dea/history/fut_disagg_txt_2026.zip,2026-10-08
cftc_platinum_oi,2022-10-18,2022-10-21,53728.0,https://www.cftc.gov/files/dea/history/fut_disagg_txt_2026.zip,2026-10-08
cftc_platinum_oi,2022-10-25,2022-10-28,56117.0,https://www.cftc.gov/files/dea/history/fut_disagg_txt_2026.zip,2026-10-08
cftc_platinum_oi,2022-11-01,2022-11-04,56534.0,https://www.cftc.gov/files/dea/history/fut_disagg_txt_2026.zip,2026-10-08
cftc_platinum_oi,2022-11-08,2022-11-11,60301.0,https://www.cftc.gov/files/dea/history/fut_disagg_txt_2026.zip,2026-10-08
cftc_platinum_oi,2022-11-15,2022-11-18,63391.0,https://www.cftc.gov/files/dea/history/fut_disagg_txt_2026.zip,2026-10-08
cftc_platinum_oi,2022-11-22,2022-11-25,63704.0,https://www.cftc.gov/files/dea/history/fut_disagg_txt_2026.zip,2026-10-08
cftc_platinum_oi,2022-11-29,2022-12-02,66468.0,https://www.cftc.gov/files/dea/history/fut_disagg_txt_2026.zip,2026-10-08
cftc_platinum_oi,2022-12-06,2022-12-09,68821.0,https://www.cftc.gov/files/dea/history/fut_disagg_txt_2026.zip,2026-10-08
cftc_platinum_oi,2022-12-13,2022-12-16,72416.0,https://www.cftc.gov/files/dea/history/fut_disagg_txt_2026.zip,2026-10-08
cftc_platinum_oi,2022-12-20,2022-12-23,70021.0,https://www.cftc.gov/files/dea/history/fut_disagg_txt_2026.zip,2026-10-08
cftc_platinum_oi,2022-12-27,2022-12-30,66817.0,https://www.cftc.gov/files/dea/history/fut_disagg_txt_2026.zip,2026-10-08
cftc_platinum_oi,2023-01-03,2023-01-06,69687.0,https://www.cftc.gov/files/dea/history/fut_disagg_txt_2026.zip,2026-10-08
cftc_platinum_oi,2023-01-10,2023-01-13,72216.0,https://www.cftc.gov/files/dea/history/fut_disagg_txt_2026.zip,2026-10-08
cftc_platinum_oi,2023-01-17,2023-01-20,71144.0,https://www.cftc.gov/files/dea/history/fut_disagg_txt_2026.zip,2026-10-08
cftc_platinum_oi,2023-01-24,2023-01-27,72613.0,https://www.cftc.gov/files/dea/history/fut_disagg_txt_2026.zip,2026-10-08
cftc_platinum_oi,2023-01-31,2023-02-03,69121.0,https://www.cftc.gov/files/dea/history/fut_disagg_txt_2026.zip,2026-10-08
cftc_platinum_oi,2023-02-07,2023-02-10,65469.0,https://www.cftc.gov/files/dea/history/fut_disagg_txt_2026.zip,2026-10-08
cftc_platinum_oi,2023-02-14,2023-02-17,66197.0,https://www.cftc.gov/files/dea/history/fut_disagg_txt_2026.zip,2026-10-08
cftc_platinum_oi,2023-02-21,2023-02-24,67499.0,https://www.cftc.gov/files/dea/history/fut_disagg_txt_2026.zip,2026-10-08
cftc_platinum_oi,2023-02-28,2023-03-03,68075.0,https://www.cftc.gov/files/dea/history/fut_disagg_txt_2026.zip,2026-10-08
cftc_platinum_oi,2023-03-07,2023-03-10,69721.0,https://www.cftc.gov/files/dea/history/fut_disagg_txt_2026.zip,2026-10-08
cftc_platinum_oi,2023-03-14,2023-03-17,66817.0,https://www.cftc.gov/files/dea/history/fut_disagg_txt_2026.zip,2026-10-08
cftc_platinum_oi,2023-03-21,2023-03-24,61416.0,https://www.cftc.gov/files/dea/history/fut_disagg_txt_2026.zip,2026-10-08
cftc_platinum_oi,2023-03-28,2023-03-31,57244.0,https://www.cftc.gov/files/dea/history/fut_disagg_txt_2026.zip,2026-10-08
cftc_platinum_oi,2023-04-04,2023-04-07,59156.0,https://www.cftc.gov/files/dea/history/fut_disagg_txt_2026.zip,2026-10-08
cftc_platinum_oi,2023-04-11,2023-04-14,60115.0,https://www.cftc.gov/files/dea/history/fut_disagg_txt_2026.zip,2026-10-08
cftc_platinum_oi,2023-04-18,2023-04-21,63794.0,https://www.cftc.gov/files/dea/history/fut_disagg_txt_2026.zip,2026-10-08
cftc_platinum_oi,2023-04-25,2023-04-28,72125.0,https://www.cftc.gov/files/dea/history/fut_disagg_txt_2026.zip,2026-10-08
cftc_platinum_oi,2023-05-02,2023-05-05,73591.0,https://www.cftc.gov/files/dea/history/fut_disagg_txt_2026.zip,2026-10-08
cftc_platinum_oi,2023-05-09,2023-05-12,74125.0,https://www.cftc.gov/files/dea/history/fut_disagg_txt_2026.zip,2026-10-08
cftc_platinum_oi,2023-05-16,2023-05-19,73410.0,https://www.cftc.gov/files/dea/history/fut_disagg_txt_2026.zip,2026-10-08
cftc_platinum_oi,2023-05-23,2023-05-26,73079.0,https://www.cftc.gov/files/dea/history/fut_disagg_txt_2026.zip,2026-10-08
cftc_platinum_oi,2023-05-30,2023-06-02,69929.0,https://www.cftc.gov/files/dea/history/fut_disagg_txt_2026.zip,2026-10-08
cftc_platinum_oi,2023-06-06,2023-06-09,67537.0,https://www.cftc.gov/files/dea/history/fut_disagg_txt_2026.zip,2026-10-08
cftc_platinum_oi,2023-06-13,2023-06-16,69851.0,https://www.cftc.gov/files/dea/history/fut_disagg_txt_2026.zip,2026-10-08
cftc_platinum_oi,2023-06-20,2023-06-23,69436.0,https://www.cftc.gov/files/dea/history/fut_disagg_txt_2026.zip,2026-10-08
cftc_platinum_oi,2023-06-27,2023-06-30,68517.0,https://www.cftc.gov/files/dea/history/fut_disagg_txt_2026.zip,2026-10-08
cftc_platinum_oi,2023-07-03,2023-07-06,69383.0,https://www.cftc.gov/files/dea/history/fut_disagg_txt_2026.zip,2026-10-08
cftc_platinum_oi,2023-07-11,2023-07-14,71007.0,https://www.cftc.gov/files/dea/history/fut_disagg_txt_2026.zip,2026-10-08
cftc_platinum_oi,2023-07-18,2023-07-21,65834.0,https://www.cftc.gov/files/dea/history/fut_disagg_txt_2026.zip,2026-10-08
cftc_platinum_oi,2023-07-25,2023-07-28,64197.0,https://www.cftc.gov/files/dea/history/fut_disagg_txt_2026.zip,2026-10-08
cftc_platinum_oi,2023-08-01,2023-08-04,68875.0,https://www.cftc.gov/files/dea/history/fut_disagg_txt_2026.zip,2026-10-08
cftc_platinum_oi,2023-08-08,2023-08-11,79989.0,https://www.cftc.gov/files/dea/history/fut_disagg_txt_2026.zip,2026-10-08
cftc_platinum_oi,2023-08-15,2023-08-18,84557.0,https://www.cftc.gov/files/dea/history/fut_disagg_txt_2026.zip,2026-10-08
cftc_platinum_oi,2023-08-22,2023-08-25,82331.0,https://www.cftc.gov/files/dea/history/fut_disagg_txt_2026.zip,2026-10-08
cftc_platinum_oi,2023-08-29,2023-09-01,75619.0,https://www.cftc.gov/files/dea/history/fut_disagg_txt_2026.zip,2026-10-08
cftc_platinum_oi,2023-09-05,2023-09-08,68721.0,https://www.cftc.gov/files/dea/history/fut_disagg_txt_2026.zip,2026-10-08
cftc_platinum_oi,2023-09-12,2023-09-15,87021.0,https://www.cftc.gov/files/dea/history/fut_disagg_txt_2026.zip,2026-10-08
cftc_platinum_oi,2023-09-19,2023-09-22,82379.0,https://www.cftc.gov/files/dea/history/fut_disagg_txt_2026.zip,2026-10-08
cftc_platinum_oi,2023-09-26,2023-09-29,72957.0,https://www.cftc.gov/files/dea/history/fut_disagg_txt_2026.zip,2026-10-08
cftc_platinum_oi,2023-10-03,2023-10-06,81529.0,https://www.cftc.gov/files/dea/history/fut_disagg_txt_2026.zip,2026-10-08
cftc_platinum_oi,2023-10-10,2023-10-13,82751.0,https://www.cftc.gov/files/dea/history/fut_disagg_txt_2026.zip,2026-10-08
cftc_platinum_oi,2023-10-17,2023-10-20,84292.0,https://www.cftc.gov/files/dea/history/fut_disagg_txt_2026.zip,2026-10-08
cftc_platinum_oi,2023-10-24,2023-10-27,84610.0,https://www.cftc.gov/files/dea/history/fut_disagg_txt_2026.zip,2026-10-08
cftc_platinum_oi,2023-10-31,2023-11-03,74768.0,https://www.cftc.gov/files/dea/history/fut_disagg_txt_2026.zip,2026-10-08
cftc_platinum_oi,2023-11-07,2023-11-10,73613.0,https://www.cftc.gov/files/dea/history/fut_disagg_txt_2026.zip,2026-10-08
cftc_platinum_oi,2023-11-14,2023-11-17,85870.0,https://www.cftc.gov/files/dea/history/fut_disagg_txt_2026.zip,2026-10-08
cftc_platinum_oi,2023-11-21,2023-11-24,73431.0,https://www.cftc.gov/files/dea/history/fut_disagg_txt_2026.zip,2026-10-08
cftc_platinum_oi,2023-11-28,2023-12-01,70437.0,https://www.cftc.gov/files/dea/history/fut_disagg_txt_2026.zip,2026-10-08
cftc_platinum_oi,2023-12-05,2023-12-08,75508.0,https://www.cftc.gov/files/dea/history/fut_disagg_txt_2026.zip,2026-10-08
cftc_platinum_oi,2023-12-12,2023-12-15,74004.0,https://www.cftc.gov/files/dea/history/fut_disagg_txt_2026.zip,2026-10-08
cftc_platinum_oi,2023-12-19,2023-12-22,72263.0,https://www.cftc.gov/files/dea/history/fut_disagg_txt_2026.zip,2026-10-08
cftc_platinum_oi,2023-12-26,2023-12-29,70953.0,https://www.cftc.gov/files/dea/history/fut_disagg_txt_2026.zip,2026-10-08
cftc_platinum_oi,2024-01-02,2024-01-05,73883.0,https://www.cftc.gov/files/dea/history/fut_disagg_txt_2026.zip,2026-10-08
cftc_platinum_oi,2024-01-09,2024-01-12,71940.0,https://www.cftc.gov/files/dea/history/fut_disagg_txt_2026.zip,2026-10-08
cftc_platinum_oi,2024-01-16,2024-01-19,75103.0,https://www.cftc.gov/files/dea/history/fut_disagg_txt_2026.zip,2026-10-08
cftc_platinum_oi,2024-01-23,2024-01-26,79394.0,https://www.cftc.gov/files/dea/history/fut_disagg_txt_2026.zip,2026-10-08
cftc_platinum_oi,2024-01-30,2024-02-02,74321.0,https://www.cftc.gov/files/dea/history/fut_disagg_txt_2026.zip,2026-10-08
cftc_platinum_oi,2024-02-06,2024-02-09,77077.0,https://www.cftc.gov/files/dea/history/fut_disagg_txt_2026.zip,2026-10-08
cftc_platinum_oi,2024-02-13,2024-02-16,93019.0,https://www.cftc.gov/files/dea/history/fut_disagg_txt_2026.zip,2026-10-08
cftc_platinum_oi,2024-02-20,2024-02-23,87861.0,https://www.cftc.gov/files/dea/history/fut_disagg_txt_2026.zip,2026-10-08
cftc_platinum_oi,2024-02-27,2024-03-01,87889.0,https://www.cftc.gov/files/dea/history/fut_disagg_txt_2026.zip,2026-10-08
cftc_platinum_oi,2024-03-05,2024-03-08,96814.0,https://www.cftc.gov/files/dea/history/fut_disagg_txt_2026.zip,2026-10-08
cftc_platinum_oi,2024-03-12,2024-03-15,86082.0,https://www.cftc.gov/files/dea/history/fut_disagg_txt_2026.zip,2026-10-08
cftc_platinum_oi,2024-03-19,2024-03-22,86155.0,https://www.cftc.gov/files/dea/history/fut_disagg_txt_2026.zip,2026-10-08
cftc_platinum_oi,2024-03-26,2024-03-29,80677.0,https://www.cftc.gov/files/dea/history/fut_disagg_txt_2026.zip,2026-10-08
cftc_platinum_oi,2024-04-02,2024-04-05,80099.0,https://www.cftc.gov/files/dea/history/fut_disagg_txt_2026.zip,2026-10-08
cftc_platinum_oi,2024-04-09,2024-04-12,81425.0,https://www.cftc.gov/files/dea/history/fut_disagg_txt_2026.zip,2026-10-08
cftc_platinum_oi,2024-04-16,2024-04-19,81834.0,https://www.cftc.gov/files/dea/history/fut_disagg_txt_2026.zip,2026-10-08
cftc_platinum_oi,2024-04-23,2024-04-26,83696.0,https://www.cftc.gov/files/dea/history/fut_disagg_txt_2026.zip,2026-10-08
cftc_platinum_oi,2024-04-30,2024-05-03,80142.0,https://www.cftc.gov/files/dea/history/fut_disagg_txt_2026.zip,2026-10-08
cftc_platinum_oi,2024-05-07,2024-05-10,80677.0,https://www.cftc.gov/files/dea/history/fut_disagg_txt_2026.zip,2026-10-08
cftc_platinum_oi,2024-05-14,2024-05-17,87175.0,https://www.cftc.gov/files/dea/history/fut_disagg_txt_2026.zip,2026-10-08
cftc_platinum_oi,2024-05-21,2024-05-24,92741.0,https://www.cftc.gov/files/dea/history/fut_disagg_txt_2026.zip,2026-10-08
cftc_platinum_oi,2024-05-28,2024-05-31,93588.0,https://www.cftc.gov/files/dea/history/fut_disagg_txt_2026.zip,2026-10-08
cftc_platinum_oi,2024-06-04,2024-06-07,96267.0,https://www.cftc.gov/files/dea/history/fut_disagg_txt_2026.zip,2026-10-08
cftc_platinum_oi,2024-06-11,2024-06-14,89976.0,https://www.cftc.gov/files/dea/history/fut_disagg_txt_2026.zip,2026-10-08
cftc_platinum_oi,2024-06-18,2024-06-21,87632.0,https://www.cftc.gov/files/dea/history/fut_disagg_txt_2026.zip,2026-10-08
cftc_platinum_oi,2024-06-25,2024-06-28,76816.0,https://www.cftc.gov/files/dea/history/fut_disagg_txt_2026.zip,2026-10-08
cftc_platinum_oi,2024-07-02,2024-07-05,76572.0,https://www.cftc.gov/files/dea/history/fut_disagg_txt_2026.zip,2026-10-08
cftc_platinum_oi,2024-07-09,2024-07-12,81837.0,https://www.cftc.gov/files/dea/history/fut_disagg_txt_2026.zip,2026-10-08
cftc_platinum_oi,2024-07-16,2024-07-19,83416.0,https://www.cftc.gov/files/dea/history/fut_disagg_txt_2026.zip,2026-10-08
cftc_platinum_oi,2024-07-23,2024-07-26,80402.0,https://www.cftc.gov/files/dea/history/fut_disagg_txt_2026.zip,2026-10-08
cftc_platinum_oi,2024-07-30,2024-08-02,78760.0,https://www.cftc.gov/files/dea/history/fut_disagg_txt_2026.zip,2026-10-08
cftc_platinum_oi,2024-08-06,2024-08-09,81153.0,https://www.cftc.gov/files/dea/history/fut_disagg_txt_2026.zip,2026-10-08
cftc_platinum_oi,2024-08-13,2024-08-16,81605.0,https://www.cftc.gov/files/dea/history/fut_disagg_txt_2026.zip,2026-10-08
cftc_platinum_oi,2024-08-20,2024-08-23,81395.0,https://www.cftc.gov/files/dea/history/fut_disagg_txt_2026.zip,2026-10-08
cftc_platinum_oi,2024-08-27,2024-08-30,77082.0,https://www.cftc.gov/files/dea/history/fut_disagg_txt_2026.zip,2026-10-08
cftc_platinum_oi,2024-09-03,2024-09-06,87185.0,https://www.cftc.gov/files/dea/history/fut_disagg_txt_2026.zip,2026-10-08
cftc_platinum_oi,2024-09-10,2024-09-13,84729.0,https://www.cftc.gov/files/dea/history/fut_disagg_txt_2026.zip,2026-10-08
cftc_platinum_oi,2024-09-17,2024-09-20,79134.0,https://www.cftc.gov/files/dea/history/fut_disagg_txt_2026.zip,2026-10-08
cftc_platinum_oi,2024-09-24,2024-09-27,75168.0,https://www.cftc.gov/files/dea/history/fut_disagg_txt_2026.zip,2026-10-08
cftc_platinum_oi,2024-10-01,2024-10-04,72633.0,https://www.cftc.gov/files/dea/history/fut_disagg_txt_2026.zip,2026-10-08
cftc_platinum_oi,2024-10-08,2024-10-11,76979.0,https://www.cftc.gov/files/dea/history/fut_disagg_txt_2026.zip,2026-10-08
cftc_platinum_oi,2024-10-15,2024-10-18,72967.0,https://www.cftc.gov/files/dea/history/fut_disagg_txt_2026.zip,2026-10-08
cftc_platinum_oi,2024-10-22,2024-10-25,81497.0,https://www.cftc.gov/files/dea/history/fut_disagg_txt_2026.zip,2026-10-08
cftc_platinum_oi,2024-10-29,2024-11-01,86344.0,https://www.cftc.gov/files/dea/history/fut_disagg_txt_2026.zip,2026-10-08
cftc_platinum_oi,2024-11-05,2024-11-08,85562.0,https://www.cftc.gov/files/dea/history/fut_disagg_txt_2026.zip,2026-10-08
cftc_platinum_oi,2024-11-12,2024-11-15,88887.0,https://www.cftc.gov/files/dea/history/fut_disagg_txt_2026.zip,2026-10-08
cftc_platinum_oi,2024-11-19,2024-11-22,88953.0,https://www.cftc.gov/files/dea/history/fut_disagg_txt_2026.zip,2026-10-08
cftc_platinum_oi,2024-11-26,2024-11-29,92361.0,https://www.cftc.gov/files/dea/history/fut_disagg_txt_2026.zip,2026-10-08
cftc_platinum_oi,2024-12-03,2024-12-06,94662.0,https://www.cftc.gov/files/dea/history/fut_disagg_txt_2026.zip,2026-10-08
cftc_platinum_oi,2024-12-10,2024-12-13,97656.0,https://www.cftc.gov/files/dea/history/fut_disagg_txt_2026.zip,2026-10-08
cftc_platinum_oi,2024-12-17,2024-12-20,97942.0,https://www.cftc.gov/files/dea/history/fut_disagg_txt_2026.zip,2026-10-08
cftc_platinum_oi,2024-12-24,2024-12-27,91990.0,https://www.cftc.gov/files/dea/history/fut_disagg_txt_2026.zip,2026-10-08
cftc_platinum_oi,2024-12-31,2025-01-03,89197.0,https://www.cftc.gov/files/dea/history/fut_disagg_txt_2026.zip,2026-10-08
cftc_platinum_oi,2025-01-07,2025-01-10,84617.0,https://www.cftc.gov/files/dea/history/fut_disagg_txt_2026.zip,2026-10-08
cftc_platinum_oi,2025-01-14,2025-01-17,75049.0,https://www.cftc.gov/files/dea/history/fut_disagg_txt_2026.zip,2026-10-08
cftc_platinum_oi,2025-01-21,2025-01-24,75574.0,https://www.cftc.gov/files/dea/history/fut_disagg_txt_2026.zip,2026-10-08
cftc_platinum_oi,2025-01-28,2025-01-31,76105.0,https://www.cftc.gov/files/dea/history/fut_disagg_txt_2026.zip,2026-10-08
cftc_platinum_oi,2025-02-04,2025-02-07,73237.0,https://www.cftc.gov/files/dea/history/fut_disagg_txt_2026.zip,2026-10-08
cftc_platinum_oi,2025-02-11,2025-02-14,82571.0,https://www.cftc.gov/files/dea/history/fut_disagg_txt_2026.zip,2026-10-08
cftc_platinum_oi,2025-02-18,2025-02-21,88270.0,https://www.cftc.gov/files/dea/history/fut_disagg_txt_2026.zip,2026-10-08
cftc_platinum_oi,2025-02-25,2025-02-28,84790.0,https://www.cftc.gov/files/dea/history/fut_disagg_txt_2026.zip,2026-10-08
cftc_platinum_oi,2025-03-04,2025-03-07,79207.0,https://www.cftc.gov/files/dea/history/fut_disagg_txt_2026.zip,2026-10-08
cftc_platinum_oi,2025-03-11,2025-03-14,79390.0,https://www.cftc.gov/files/dea/history/fut_disagg_txt_2026.zip,2026-10-08
cftc_platinum_oi,2025-03-18,2025-03-21,80614.0,https://www.cftc.gov/files/dea/history/fut_disagg_txt_2026.zip,2026-10-08
cftc_platinum_oi,2025-03-25,2025-03-28,80688.0,https://www.cftc.gov/files/dea/history/fut_disagg_txt_2026.zip,2026-10-08
cftc_platinum_oi,2025-04-01,2025-04-04,78874.0,https://www.cftc.gov/files/dea/history/fut_disagg_txt_2026.zip,2026-10-08
cftc_platinum_oi,2025-04-08,2025-04-11,81948.0,https://www.cftc.gov/files/dea/history/fut_disagg_txt_2026.zip,2026-10-08
cftc_platinum_oi,2025-04-15,2025-04-18,76375.0,https://www.cftc.gov/files/dea/history/fut_disagg_txt_2026.zip,2026-10-08
cftc_platinum_oi,2025-04-22,2025-04-25,77885.0,https://www.cftc.gov/files/dea/history/fut_disagg_txt_2026.zip,2026-10-08
cftc_platinum_oi,2025-04-29,2025-05-02,76812.0,https://www.cftc.gov/files/dea/history/fut_disagg_txt_2026.zip,2026-10-08
cftc_platinum_oi,2025-05-06,2025-05-09,77994.0,https://www.cftc.gov/files/dea/history/fut_disagg_txt_2026.zip,2026-10-08
cftc_platinum_oi,2025-05-13,2025-05-16,75977.0,https://www.cftc.gov/files/dea/history/fut_disagg_txt_2026.zip,2026-10-08
cftc_platinum_oi,2025-05-20,2025-05-23,82058.0,https://www.cftc.gov/files/dea/history/fut_disagg_txt_2026.zip,2026-10-08
cftc_platinum_oi,2025-05-27,2025-05-30,91884.0,https://www.cftc.gov/files/dea/history/fut_disagg_txt_2026.zip,2026-10-08
cftc_platinum_oi,2025-06-03,2025-06-06,95262.0,https://www.cftc.gov/files/dea/history/fut_disagg_txt_2026.zip,2026-10-08
cftc_platinum_oi,2025-06-10,2025-06-13,99722.0,https://www.cftc.gov/files/dea/history/fut_disagg_txt_2026.zip,2026-10-08
cftc_platinum_oi,2025-06-17,2025-06-20,105866.0,https://www.cftc.gov/files/dea/history/fut_disagg_txt_2026.zip,2026-10-08
cftc_platinum_oi,2025-06-24,2025-06-27,100778.0,https://www.cftc.gov/files/dea/history/fut_disagg_txt_2026.zip,2026-10-08
cftc_platinum_oi,2025-07-01,2025-07-04,91281.0,https://www.cftc.gov/files/dea/history/fut_disagg_txt_2026.zip,2026-10-08
cftc_platinum_oi,2025-07-08,2025-07-11,91757.0,https://www.cftc.gov/files/dea/history/fut_disagg_txt_2026.zip,2026-10-08
cftc_platinum_oi,2025-07-15,2025-07-18,91718.0,https://www.cftc.gov/files/dea/history/fut_disagg_txt_2026.zip,2026-10-08
cftc_platinum_oi,2025-07-22,2025-07-25,90701.0,https://www.cftc.gov/files/dea/history/fut_disagg_txt_2026.zip,2026-10-08
cftc_platinum_oi,2025-07-29,2025-08-01,88178.0,https://www.cftc.gov/files/dea/history/fut_disagg_txt_2026.zip,2026-10-08
cftc_platinum_oi,2025-08-05,2025-08-08,80547.0,https://www.cftc.gov/files/dea/history/fut_disagg_txt_2026.zip,2026-10-08
cftc_platinum_oi,2025-08-12,2025-08-15,81726.0,https://www.cftc.gov/files/dea/history/fut_disagg_txt_2026.zip,2026-10-08
cftc_platinum_oi,2025-08-19,2025-08-22,86155.0,https://www.cftc.gov/files/dea/history/fut_disagg_txt_2026.zip,2026-10-08
cftc_platinum_oi,2025-08-26,2025-08-29,85575.0,https://www.cftc.gov/files/dea/history/fut_disagg_txt_2026.zip,2026-10-08
cftc_platinum_oi,2025-09-02,2025-09-05,88805.0,https://www.cftc.gov/files/dea/history/fut_disagg_txt_2026.zip,2026-10-08
cftc_platinum_oi,2025-09-09,2025-09-12,94804.0,https://www.cftc.gov/files/dea/history/fut_disagg_txt_2026.zip,2026-10-08
cftc_platinum_oi,2025-09-16,2025-09-19,100289.0,https://www.cftc.gov/files/dea/history/fut_disagg_txt_2026.zip,2026-10-08
cftc_platinum_oi,2025-09-23,2025-09-26,97978.0,https://www.cftc.gov/files/dea/history/fut_disagg_txt_2026.zip,2026-10-08
cftc_platinum_oi,2025-09-30,2025-10-03,91091.0,https://www.cftc.gov/files/dea/history/fut_disagg_txt_2026.zip,2026-10-08
cftc_platinum_oi,2025-10-07,2025-10-10,90867.0,https://www.cftc.gov/files/dea/history/fut_disagg_txt_2026.zip,2026-10-08
cftc_platinum_oi,2025-10-14,2025-10-17,88642.0,https://www.cftc.gov/files/dea/history/fut_disagg_txt_2026.zip,2026-10-08
cftc_platinum_oi,2025-10-21,2025-10-24,81364.0,https://www.cftc.gov/files/dea/history/fut_disagg_txt_2026.zip,2026-10-08
cftc_platinum_oi,2025-10-28,2025-10-31,78306.0,https://www.cftc.gov/files/dea/history/fut_disagg_txt_2026.zip,2026-10-08
cftc_platinum_oi,2025-11-04,2025-11-07,78849.0,https://www.cftc.gov/files/dea/history/fut_disagg_txt_2026.zip,2026-10-08
cftc_platinum_oi,2025-11-10,2025-11-13,80545.0,https://www.cftc.gov/files/dea/history/fut_disagg_txt_2026.zip,2026-10-08
cftc_platinum_oi,2025-11-18,2025-11-21,83408.0,https://www.cftc.gov/files/dea/history/fut_disagg_txt_2026.zip,2026-10-08
cftc_platinum_oi,2025-11-25,2025-11-28,83676.0,https://www.cftc.gov/files/dea/history/fut_disagg_txt_2026.zip,2026-10-08
cftc_platinum_oi,2025-12-02,2025-12-05,87659.0,https://www.cftc.gov/files/dea/history/fut_disagg_txt_2026.zip,2026-10-08
cftc_platinum_oi,2025-12-09,2025-12-12,90356.0,https://www.cftc.gov/files/dea/history/fut_disagg_txt_2026.zip,2026-10-08
cftc_platinum_oi,2025-12-16,2025-12-19,97095.0,https://www.cftc.gov/files/dea/history/fut_disagg_txt_2026.zip,2026-10-08
cftc_platinum_oi,2025-12-23,2025-12-26,90330.0,https://www.cftc.gov/files/dea/history/fut_disagg_txt_2026.zip,2026-10-08
cftc_platinum_oi,2025-12-30,2026-01-02,82836.0,https://www.cftc.gov/files/dea/history/fut_disagg_txt_2026.zip,2026-10-08
cftc_platinum_oi,2026-01-06,2026-01-09,79050.0,https://www.cftc.gov/files/dea/history/fut_disagg_txt_2026.zip,2026-10-08
cftc_platinum_oi,2026-01-13,2026-01-16,78337.0,https://www.cftc.gov/files/dea/history/fut_disagg_txt_2026.zip,2026-10-08
cftc_platinum_oi,2026-01-20,2026-01-23,79009.0,https://www.cftc.gov/files/dea/history/fut_disagg_txt_2026.zip,2026-10-08
cftc_platinum_oi,2026-01-27,2026-01-30,79441.0,https://www.cftc.gov/files/dea/history/fut_disagg_txt_2026.zip,2026-10-08
cftc_platinum_oi,2026-02-03,2026-02-06,73590.0,https://www.cftc.gov/files/dea/history/fut_disagg_txt_2026.zip,2026-10-08
cftc_platinum_oi,2026-02-10,2026-02-13,69061.0,https://www.cftc.gov/files/dea/history/fut_disagg_txt_2026.zip,2026-10-08
cftc_platinum_oi,2026-02-17,2026-02-20,69291.0,https://www.cftc.gov/files/dea/history/fut_disagg_txt_2026.zip,2026-10-08
cftc_platinum_oi,2026-02-24,2026-02-27,72351.0,https://www.cftc.gov/files/dea/history/fut_disagg_txt_2026.zip,2026-10-08
cftc_platinum_oi,2026-03-03,2026-03-06,70154.0,https://www.cftc.gov/files/dea/history/fut_disagg_txt_2026.zip,2026-10-08
cftc_platinum_oi,2026-03-10,2026-03-13,68758.0,https://www.cftc.gov/files/dea/history/fut_disagg_txt_2026.zip,2026-10-08
cftc_platinum_oi,2026-03-17,2026-03-20,67292.0,https://www.cftc.gov/files/dea/history/fut_disagg_txt_2026.zip,2026-10-08
cftc_platinum_oi,2026-03-24,2026-03-27,61473.0,https://www.cftc.gov/files/dea/history/fut_disagg_txt_2026.zip,2026-10-08
cftc_platinum_oi,2026-03-31,2026-04-03,60515.0,https://www.cftc.gov/files/dea/history/fut_disagg_txt_2026.zip,2026-10-08
cftc_platinum_oi,2026-04-07,2026-04-10,59884.0,https://www.cftc.gov/files/dea/history/fut_disagg_txt_2026.zip,2026-10-08
cftc_platinum_oi,2026-04-14,2026-04-17,62452.0,https://www.cftc.gov/files/dea/history/fut_disagg_txt_2026.zip,2026-10-08
cftc_platinum_oi,2026-04-21,2026-04-24,61997.0,https://www.cftc.gov/files/dea/history/fut_disagg_txt_2026.zip,2026-10-08
cftc_platinum_oi,2026-04-28,2026-05-01,61055.0,https://www.cftc.gov/files/dea/history/fut_disagg_txt_2026.zip,2026-10-08
cftc_platinum_oi,2026-05-05,2026-05-08,60646.0,https://www.cftc.gov/files/dea/history/fut_disagg_txt_2026.zip,2026-10-08
cftc_platinum_oi,2026-05-12,2026-05-15,63375.0,https://www.cftc.gov/files/dea/history/fut_disagg_txt_2026.zip,2026-10-08
cftc_platinum_oi,2026-05-19,2026-05-22,62782.0,https://www.cftc.gov/files/dea/history/fut_disagg_txt_2026.zip,2026-10-08
cftc_platinum_oi,2026-05-26,2026-05-29,62711.0,https://www.cftc.gov/files/dea/history/fut_disagg_txt_2026.zip,2026-10-08
cftc_platinum_oi,2026-06-02,2026-06-05,65697.0,https://www.cftc.gov/files/dea/history/fut_disagg_txt_2026.zip,2026-10-08
cftc_platinum_oi,2026-06-09,2026-06-12,62457.0,https://www.cftc.gov/files/dea/history/fut_disagg_txt_2026.zip,2026-10-08
cftc_platinum_oi,2026-06-16,2026-06-19,62420.0,https://www.cftc.gov/files/dea/history/fut_disagg_txt_2026.zip,2026-10-08
cftc_platinum_oi,2026-06-23,2026-06-26,57738.0,https://www.cftc.gov/files/dea/history/fut_disagg_txt_2026.zip,2026-10-08
cftc_platinum_oi,2026-06-30,2026-07-03,53719.0,https://www.cftc.gov/files/dea/history/fut_disagg_txt_2026.zip,2026-10-08
cftc_platinum_oi,2026-07-07,2026-07-10,53645.0,https://www.cftc.gov/files/dea/history/fut_disagg_txt_2026.zip,2026-10-08
cftc_platinum_oi,2026-07-14,2026-07-17,53837.0,https://www.cftc.gov/files/dea/history/fut_disagg_txt_2026.zip,2026-10-08
cftc_platinum_oi,2026-07-21,2026-07-24,53721.0,https://www.cftc.gov/files/dea/history/fut_disagg_txt_2026.zip,2026-10-08
cftc_platinum_oi,2026-07-28,2026-07-31,53658.0,https://www.cftc.gov/files/dea/history/fut_disagg_txt_2026.zip,2026-10-08
cftc_platinum_oi,2026-08-04,2026-08-07,55848.0,https://www.cftc.gov/files/dea/history/fut_disagg_txt_2026.zip,2026-10-08
cftc_platinum_oi,2026-08-11,2026-08-14,56771.0,https://www.cftc.gov/files/dea/history/fut_disagg_txt_2026.zip,2026-10-08
cftc_platinum_oi,2026-08-18,2026-08-21,60129.0,https://www.cftc.gov/files/dea/history/fut_disagg_txt_2026.zip,2026-10-08
cftc_platinum_oi,2026-08-25,2026-08-28,64648.0,https://www.cftc.gov/files/dea/history/fut_disagg_txt_2026.zip,2026-10-08
cftc_platinum_oi,2026-09-01,2026-09-04,68059.0,https://www.cftc.gov/files/dea/history/fut_disagg_txt_2026.zip,2026-10-08
cftc_platinum_oi,2026-09-08,2026-09-11,67810.0,https://www.cftc.gov/files/dea/history/fut_disagg_txt_2026.zip,2026-10-08
cftc_platinum_oi,2026-09-15,2026-09-18,65478.0,https://www.cftc.gov/files/dea/history/fut_disagg_txt_2026.zip,2026-10-08
cftc_platinum_oi,2026-09-22,2026-09-25,65373.0,https://www.cftc.gov/files/dea/history/fut_disagg_txt_2026.zip,2026-10-08
cftc_platinum_oi,2026-09-29,2026-10-02,64046.0,https://www.cftc.gov/files/dea/history/fut_disagg_txt_2026.zip,2026-10-08
