series_id,ref_date,available_date,value,source,fetched_at
cftc_silver_mm_net,2006-06-13,2006-06-16,16984.0,https://www.cftc.gov/files/dea/history/fut_disagg_txt_2026.zip,2026-10-08
cftc_silver_mm_net,2006-06-20,2006-06-23,14829.0,https://www.cftc.gov/files/dea/history/fut_disagg_txt_2026.zip,2026-10-08
cftc_silver_mm_net,2006-06-27,2006-06-30,13082.0,https://www.cftc.gov/files/dea/history/fut_disagg_txt_2026.zip,2026-10-08
cftc_silver_mm_net,2006-07-03,2006-07-06,17056.0,https://www.cftc.gov/files/dea/history/fut_disagg_txt_2026.zip,2026-10-08
cftc_silver_mm_net,2006-07-11,2006-07-14,18141.0,https://www.cftc.gov/files/dea/history/fut_disagg_txt_2026.zip,2026-10-08
cftc_silver_mm_net,2006-07-18,2006-07-21,16142.0,https://www.cftc.gov/files/dea/history/fut_disagg_txt_2026.zip,2026-10-08
cftc_silver_mm_net,2006-07-25,2006-07-28,16333.0,https://www.cftc.gov/files/dea/history/fut_disagg_txt_2026.zip,2026-10-08
cftc_silver_mm_net,2006-08-01,2006-08-04,19028.0,https://www.cftc.gov/files/dea/history/fut_disagg_txt_2026.zip,2026-10-08
cftc_silver_mm_net,2006-08-08,2006-08-11,23139.0,https://www.cftc.gov/files/dea/history/fut_disagg_txt_2026.zip,2026-10-08
cftc_silver_mm_net,2006-08-15,2006-08-18,23169.0,https://www.cftc.gov/files/dea/history/fut_disagg_txt_2026.zip,2026-10-08
cftc_silver_mm_net,2006-08-22,2006-08-25,24747.0,https://www.cftc.gov/files/dea/history/fut_disagg_txt_2026.zip,2026-10-08
cftc_silver_mm_net,2006-08-29,2006-09-01,23505.0,https://www.cftc.gov/files/dea/history/fut_disagg_txt_2026.zip,2026-10-08
cftc_silver_mm_net,2006-09-05,2006-09-08,24307.0,https://www.cftc.gov/files/dea/history/fut_disagg_txt_2026.zip,2026-10-08
cftc_silver_mm_net,2006-09-12,2006-09-15,16018.0,https://www.cftc.gov/files/dea/history/fut_disagg_txt_2026.zip,2026-10-08
cftc_silver_mm_net,2006-09-19,2006-09-22,10360.0,https://www.cftc.gov/files/dea/history/fut_disagg_txt_2026.zip,2026-10-08
cftc_silver_mm_net,2006-09-26,2006-09-29,11560.0,https://www.cftc.gov/files/dea/history/fut_disagg_txt_2026.zip,2026-10-08
cftc_silver_mm_net,2006-10-03,2006-10-06,11612.0,https://www.cftc.gov/files/dea/history/fut_disagg_txt_2026.zip,2026-10-08
cftc_silver_mm_net,2006-10-10,2006-10-13,11951.0,https://www.cftc.gov/files/dea/history/fut_disagg_txt_2026.zip,2026-10-08
cftc_silver_mm_net,2006-10-17,2006-10-20,15644.0,https://www.cftc.gov/files/dea/history/fut_disagg_txt_2026.zip,2026-10-08
cftc_silver_mm_net,2006-10-24,2006-10-27,16435.0,https://www.cftc.gov/files/dea/history/fut_disagg_txt_2026.zip,2026-10-08
cftc_silver_mm_net,2006-10-31,2006-11-03,20186.0,https://www.cftc.gov/files/dea/history/fut_disagg_txt_2026.zip,2026-10-08
cftc_silver_mm_net,2006-11-07,2006-11-10,22770.0,https://www.cftc.gov/files/dea/history/fut_disagg_txt_2026.zip,2026-10-08
cftc_silver_mm_net,2006-11-14,2006-11-17,27246.0,https://www.cftc.gov/files/dea/history/fut_disagg_txt_2026.zip,2026-10-08
cftc_silver_mm_net,2006-11-21,2006-11-24,28672.0,https://www.cftc.gov/files/dea/history/fut_disagg_txt_2026.zip,2026-10-08
cftc_silver_mm_net,2006-11-28,2006-12-01,30702.0,https://www.cftc.gov/files/dea/history/fut_disagg_txt_2026.zip,2026-10-08
cftc_silver_mm_net,2006-12-05,2006-12-08,34552.0,https://www.cftc.gov/files/dea/history/fut_disagg_txt_2026.zip,2026-10-08
cftc_silver_mm_net,2006-12-12,2006-12-15,36233.0,https://www.cftc.gov/files/dea/history/fut_disagg_txt_2026.zip,2026-10-08
cftc_silver_mm_net,2006-12-19,2006-12-22,23093.0,https://www.cftc.gov/files/dea/history/fut_disagg_txt_2026.zip,2026-10-08
cftc_silver_mm_net,2006-12-26,2006-12-29,21548.0,https://www.cftc.gov/files/dea/history/fut_disagg_txt_2026.zip,2026-10-08
cftc_silver_mm_net,2007-01-03,2007-01-06,20062.0,https://www.cftc.gov/files/dea/history/fut_disagg_txt_2026.zip,2026-10-08
cftc_silver_mm_net,2007-01-09,2007-01-12,22080.0,https://www.cftc.gov/files/dea/history/fut_disagg_txt_2026.zip,2026-10-08
cftc_silver_mm_net,2007-01-16,2007-01-19,22045.0,https://www.cftc.gov/files/dea/history/fut_disagg_txt_2026.zip,2026-10-08
cftc_silver_mm_net,2007-01-23,2007-01-26,24160.0,https://www.cftc.gov/files/dea/history/fut_disagg_txt_2026.zip,2026-10-08
cftc_silver_mm_net,2007-01-30,2007-02-02,27117.0,https://www.cftc.gov/files/dea/history/fut_disagg_txt_2026.zip,2026-10-08
cftc_silver_mm_net,2007-02-06,2007-02-09,29404.0,https://www.cftc.gov/files/dea/history/fut_disagg_txt_2026.zip,2026-10-08
cftc_silver_mm_net,2007-02-13,2007-02-16,32458.0,https://www.cftc.gov/files/dea/history/fut_disagg_txt_2026.zip,2026-10-08
cftc_silver_mm_net,2007-02-20,2007-02-23,34246.0,https://www.cftc.gov/files/dea/history/fut_disagg_txt_2026.zip,2026-10-08
cftc_silver_mm_net,2007-02-27,2007-03-02,43779.0,https://www.cftc.gov/files/dea/history/fut_disagg_txt_2026.zip,2026-10-08
cftc_silver_mm_net,2007-03-06,2007-03-09,22659.0,https://www.cftc.gov/files/dea/history/fut_disagg_txt_2026.zip,2026-10-08
cftc_silver_mm_net,2007-03-13,2007-03-16,17459.0,https://www.cftc.gov/files/dea/history/fut_disagg_txt_2026.zip,2026-10-08
cftc_silver_mm_net,2007-03-20,2007-03-23,16379.0,https://www.cftc.gov/files/dea/history/fut_disagg_txt_2026.zip,2026-10-08
cftc_silver_mm_net,2007-03-27,2007-03-30,16631.0,https://www.cftc.gov/files/dea/history/fut_disagg_txt_2026.zip,2026-10-08
cftc_silver_mm_net,2007-04-03,2007-04-06,16461.0,https://www.cftc.gov/files/dea/history/fut_disagg_txt_2026.zip,2026-10-08
cftc_silver_mm_net,2007-04-10,2007-04-13,18902.0,https://www.cftc.gov/files/dea/history/fut_disagg_txt_2026.zip,2026-10-08
cftc_silver_mm_net,2007-04-17,2007-04-20,22016.0,https://www.cftc.gov/files/dea/history/fut_disagg_txt_2026.zip,2026-10-08
cftc_silver_mm_net,2007-04-24,2007-04-27,22538.0,https://www.cftc.gov/files/dea/history/fut_disagg_txt_2026.zip,2026-10-08
cftc_silver_mm_net,2007-05-01,2007-05-04,17217.0,https://www.cftc.gov/files/dea/history/fut_disagg_txt_2026.zip,2026-10-08
cftc_silver_mm_net,2007-05-08,2007-05-11,14994.0,https://www.cftc.gov/files/dea/history/fut_disagg_txt_2026.zip,2026-10-08
cftc_silver_mm_net,2007-05-15,2007-05-18,14952.0,https://www.cftc.gov/files/dea/history/fut_disagg_txt_2026.zip,2026-10-08
cftc_silver_mm_net,2007-05-22,2007-05-25,10982.0,https://www.cftc.gov/files/dea/history/fut_disagg_txt_2026.zip,2026-10-08
cftc_silver_mm_net,2007-05-29,2007-06-01,12157.0,https://www.cftc.gov/files/dea/history/fut_disagg_txt_2026.zip,2026-10-08
cftc_silver_mm_net,2007-06-05,2007-06-08,18876.0,https://www.cftc.gov/files/dea/history/fut_disagg_txt_2026.zip,2026-10-08
cftc_silver_mm_net,2007-06-12,2007-06-15,16890.0,https://www.cftc.gov/files/dea/history/fut_disagg_txt_2026.zip,2026-10-08
cftc_silver_mm_net,2007-06-19,2007-06-22,18550.0,https://www.cftc.gov/files/dea/history/fut_disagg_txt_2026.zip,2026-10-08
cftc_silver_mm_net,2007-06-26,2007-06-29,13015.0,https://www.cftc.gov/files/dea/history/fut_disagg_txt_2026.zip,2026-10-08
cftc_silver_mm_net,2007-07-03,2007-07-06,10233.0,https://www.cftc.gov/files/dea/history/fut_disagg_txt_2026.zip,2026-10-08
cftc_silver_mm_net,2007-07-10,2007-07-13,11315.0,https://www.cftc.gov/files/dea/history/fut_disagg_txt_2026.zip,2026-10-08
cftc_silver_mm_net,2007-07-17,2007-07-20,13964.0,https://www.cftc.gov/files/dea/history/fut_disagg_txt_2026.zip,2026-10-08
cftc_silver_mm_net,2007-07-24,2007-07-27,19531.0,https://www.cftc.gov/files/dea/history/fut_disagg_txt_2026.zip,2026-10-08
cftc_silver_mm_net,2007-07-31,2007-08-03,14244.0,https://www.cftc.gov/files/dea/history/fut_disagg_txt_2026.zip,2026-10-08
cftc_silver_mm_net,2007-08-07,2007-08-10,16090.0,https://www.cftc.gov/files/dea/history/fut_disagg_txt_2026.zip,2026-10-08
cftc_silver_mm_net,2007-08-14,2007-08-17,11397.0,https://www.cftc.gov/files/dea/history/fut_disagg_txt_2026.zip,2026-10-08
cftc_silver_mm_net,2007-08-21,2007-08-24,5910.0,https://www.cftc.gov/files/dea/history/fut_disagg_txt_2026.zip,2026-10-08
cftc_silver_mm_net,2007-08-28,2007-08-31,642.0,https://www.cftc.gov/files/dea/history/fut_disagg_txt_2026.zip,2026-10-08
cftc_silver_mm_net,2007-09-04,2007-09-07,-92.0,https://www.cftc.gov/files/dea/history/fut_disagg_txt_2026.zip,2026-10-08
cftc_silver_mm_net,2007-09-11,2007-09-14,860.0,https://www.cftc.gov/files/dea/history/fut_disagg_txt_2026.zip,2026-10-08
cftc_silver_mm_net,2007-09-18,2007-09-21,4186.0,https://www.cftc.gov/files/dea/history/fut_disagg_txt_2026.zip,2026-10-08
cftc_silver_mm_net,2007-09-25,2007-09-28,14411.0,https://www.cftc.gov/files/dea/history/fut_disagg_txt_2026.zip,2026-10-08
cftc_silver_mm_net,2007-10-02,2007-10-05,16241.0,https://www.cftc.gov/files/dea/history/fut_disagg_txt_2026.zip,2026-10-08
cftc_silver_mm_net,2007-10-09,2007-10-12,18838.0,https://www.cftc.gov/files/dea/history/fut_disagg_txt_2026.zip,2026-10-08
cftc_silver_mm_net,2007-10-16,2007-10-19,18524.0,https://www.cftc.gov/files/dea/history/fut_disagg_txt_2026.zip,2026-10-08
cftc_silver_mm_net,2007-10-23,2007-10-26,19919.0,https://www.cftc.gov/files/dea/history/fut_disagg_txt_2026.zip,2026-10-08
cftc_silver_mm_net,2007-10-30,2007-11-02,22445.0,https://www.cftc.gov/files/dea/history/fut_disagg_txt_2026.zip,2026-10-08
cftc_silver_mm_net,2007-11-06,2007-11-09,24718.0,https://www.cftc.gov/files/dea/history/fut_disagg_txt_2026.zip,2026-10-08
cftc_silver_mm_net,2007-11-13,2007-11-16,23365.0,https://www.cftc.gov/files/dea/history/fut_disagg_txt_2026.zip,2026-10-08
cftc_silver_mm_net,2007-11-20,2007-11-23,20467.0,https://www.cftc.gov/files/dea/history/fut_disagg_txt_2026.zip,2026-10-08
cftc_silver_mm_net,2007-11-27,2007-11-30,17710.0,https://www.cftc.gov/files/dea/history/fut_disagg_txt_2026.zip,2026-10-08
cftc_silver_mm_net,2007-12-04,2007-12-07,16408.0,https://www.cftc.gov/files/dea/history/fut_disagg_txt_2026.zip,2026-10-08
cftc_silver_mm_net,2007-12-11,2007-12-14,18624.0,https://www.cftc.gov/files/dea/history/fut_disagg_txt_2026.zip,2026-10-08
cftc_silver_mm_net,2007-12-18,2007-12-21,13148.0,https://www.cftc.gov/files/dea/history/fut_disagg_txt_2026.zip,2026-10-08
cftc_silver_mm_net,2007-12-24,2007-12-27,18861.0,https://www.cftc.gov/files/dea/history/fut_disagg_txt_2026.zip,2026-10-08
cftc_silver_mm_net,2007-12-31,2008-01-03,22282.0,https://www.cftc.gov/files/dea/history/fut_disagg_txt_2026.zip,2026-10-08
cftc_silver_mm_net,2008-01-08,2008-01-11,29271.0,https://www.cftc.gov/files/dea/history/fut_disagg_txt_2026.zip,2026-10-08
cftc_silver_mm_net,2008-01-15,2008-01-18,31705.0,https://www.cftc.gov/files/dea/history/fut_disagg_txt_2026.zip,2026-10-08
cftc_silver_mm_net,2008-01-22,2008-01-25,36427.0,https://www.cftc.gov/files/dea/history/fut_disagg_txt_2026.zip,2026-10-08
cftc_silver_mm_net,2008-01-29,2008-02-01,37102.0,https://www.cftc.gov/files/dea/history/fut_disagg_txt_2026.zip,2026-10-08
cftc_silver_mm_net,2008-02-05,2008-02-08,39749.0,https://www.cftc.gov/files/dea/history/fut_disagg_txt_2026.zip,2026-10-08
cftc_silver_mm_net,2008-02-12,2008-02-15,43114.0,https://www.cftc.gov/files/dea/history/fut_disagg_txt_2026.zip,2026-10-08
cftc_silver_mm_net,2008-02-19,2008-02-22,42521.0,https://www.cftc.gov/files/dea/history/fut_disagg_txt_2026.zip,2026-10-08
cftc_silver_mm_net,2008-02-26,2008-02-29,43229.0,https://www.cftc.gov/files/dea/history/fut_disagg_txt_2026.zip,2026-10-08
cftc_silver_mm_net,2008-03-04,2008-03-07,38696.0,https://www.cftc.gov/files/dea/history/fut_disagg_txt_2026.zip,2026-10-08
cftc_silver_mm_net,2008-03-11,2008-03-14,35567.0,https://www.cftc.gov/files/dea/history/fut_disagg_txt_2026.zip,2026-10-08
cftc_silver_mm_net,2008-03-18,2008-03-21,36810.0,https://www.cftc.gov/files/dea/history/fut_disagg_txt_2026.zip,2026-10-08
cftc_silver_mm_net,2008-03-25,2008-03-28,25771.0,https://www.cftc.gov/files/dea/history/fut_disagg_txt_2026.zip,2026-10-08
cftc_silver_mm_net,2008-04-01,2008-04-04,25755.0,https://www.cftc.gov/files/dea/history/fut_disagg_txt_2026.zip,2026-10-08
cftc_silver_mm_net,2008-04-08,2008-04-11,24943.0,https://www.cftc.gov/files/dea/history/fut_disagg_txt_2026.zip,2026-10-08
cftc_silver_mm_net,2008-04-15,2008-04-18,25940.0,https://www.cftc.gov/files/dea/history/fut_disagg_txt_2026.zip,2026-10-08
cftc_silver_mm_net,2008-04-22,2008-04-25,27449.0,https://www.cftc.gov/files/dea/history/fut_disagg_txt_2026.zip,2026-10-08
cftc_silver_mm_net,2008-04-29,2008-05-02,25589.0,https://www.cftc.gov/files/dea/history/fut_disagg_txt_2026.zip,2026-10-08
cftc_silver_mm_net,2008-05-06,2008-05-09,24082.0,https://www.cftc.gov/files/dea/history/fut_disagg_txt_2026.zip,2026-10-08
cftc_silver_mm_net,2008-05-13,2008-05-16,22570.0,https://www.cftc.gov/files/dea/history/fut_disagg_txt_2026.zip,2026-10-08
cftc_silver_mm_net,2008-05-20,2008-05-23,26489.0,https://www.cftc.gov/files/dea/history/fut_disagg_txt_2026.zip,2026-10-08
cftc_silver_mm_net,2008-05-27,2008-05-30,26717.0,https://www.cftc.gov/files/dea/history/fut_disagg_txt_2026.zip,2026-10-08
cftc_silver_mm_net,2008-06-03,2008-06-06,23443.0,https://www.cftc.gov/files/dea/history/fut_disagg_txt_2026.zip,2026-10-08
cftc_silver_mm_net,2008-06-10,2008-06-13,22118.0,https://www.cftc.gov/files/dea/history/fut_disagg_txt_2026.zip,2026-10-08
cftc_silver_mm_net,2008-06-17,2008-06-20,22686.0,https://www.cftc.gov/files/dea/history/fut_disagg_txt_2026.zip,2026-10-08
cftc_silver_mm_net,2008-06-24,2008-06-27,20217.0,https://www.cftc.gov/files/dea/history/fut_disagg_txt_2026.zip,2026-10-08
cftc_silver_mm_net,2008-07-01,2008-07-04,28649.0,https://www.cftc.gov/files/dea/history/fut_disagg_txt_2026.zip,2026-10-08
cftc_silver_mm_net,2008-07-08,2008-07-11,31509.0,https://www.cftc.gov/files/dea/history/fut_disagg_txt_2026.zip,2026-10-08
cftc_silver_mm_net,2008-07-15,2008-07-18,31597.0,https://www.cftc.gov/files/dea/history/fut_disagg_txt_2026.zip,2026-10-08
cftc_silver_mm_net,2008-07-22,2008-07-25,28397.0,https://www.cftc.gov/files/dea/history/fut_disagg_txt_2026.zip,2026-10-08
cftc_silver_mm_net,2008-07-29,2008-08-01,21958.0,https://www.cftc.gov/files/dea/history/fut_disagg_txt_2026.zip,2026-10-08
cftc_silver_mm_net,2008-08-05,2008-08-08,18729.0,https://www.cftc.gov/files/dea/history/fut_disagg_txt_2026.zip,2026-10-08
cftc_silver_mm_net,2008-08-12,2008-08-15,16608.0,https://www.cftc.gov/files/dea/history/fut_disagg_txt_2026.zip,2026-10-08
cftc_silver_mm_net,2008-08-19,2008-08-22,13547.0,https://www.cftc.gov/files/dea/history/fut_disagg_txt_2026.zip,2026-10-08
cftc_silver_mm_net,2008-08-26,2008-08-29,12848.0,https://www.cftc.gov/files/dea/history/fut_disagg_txt_2026.zip,2026-10-08
cftc_silver_mm_net,2008-09-02,2008-09-05,12715.0,https://www.cftc.gov/files/dea/history/fut_disagg_txt_2026.zip,2026-10-08
cftc_silver_mm_net,2008-09-09,2008-09-12,10846.0,https://www.cftc.gov/files/dea/history/fut_disagg_txt_2026.zip,2026-10-08
cftc_silver_mm_net,2008-09-16,2008-09-19,7876.0,https://www.cftc.gov/files/dea/history/fut_disagg_txt_2026.zip,2026-10-08
cftc_silver_mm_net,2008-09-23,2008-09-26,4961.0,https://www.cftc.gov/files/dea/history/fut_disagg_txt_2026.zip,2026-10-08
cftc_silver_mm_net,2008-09-30,2008-10-03,4501.0,https://www.cftc.gov/files/dea/history/fut_disagg_txt_2026.zip,2026-10-08
cftc_silver_mm_net,2008-10-07,2008-10-10,3656.0,https://www.cftc.gov/files/dea/history/fut_disagg_txt_2026.zip,2026-10-08
cftc_silver_mm_net,2008-10-14,2008-10-17,3563.0,https://www.cftc.gov/files/dea/history/fut_disagg_txt_2026.zip,2026-10-08
cftc_silver_mm_net,2008-10-21,2008-10-24,2538.0,https://www.cftc.gov/files/dea/history/fut_disagg_txt_2026.zip,2026-10-08
cftc_silver_mm_net,2008-10-28,2008-10-31,3117.0,https://www.cftc.gov/files/dea/history/fut_disagg_txt_2026.zip,2026-10-08
cftc_silver_mm_net,2008-11-04,2008-11-07,6019.0,https://www.cftc.gov/files/dea/history/fut_disagg_txt_2026.zip,2026-10-08
cftc_silver_mm_net,2008-11-11,2008-11-14,7934.0,https://www.cftc.gov/files/dea/history/fut_disagg_txt_2026.zip,2026-10-08
cftc_silver_mm_net,2008-11-18,2008-11-21,7241.0,https://www.cftc.gov/files/dea/history/fut_disagg_txt_2026.zip,2026-10-08
cftc_silver_mm_net,2008-11-25,2008-11-28,6682.0,https://www.cftc.gov/files/dea/history/fut_disagg_txt_2026.zip,2026-10-08
cftc_silver_mm_net,2008-12-02,2008-12-05,7503.0,https://www.cftc.gov/files/dea/history/fut_disagg_txt_2026.zip,2026-10-08
cftc_silver_mm_net,2008-12-09,2008-12-12,9446.0,https://www.cftc.gov/files/dea/history/fut_disagg_txt_2026.zip,2026-10-08
cftc_silver_mm_net,2008-12-16,2008-12-19,11039.0,https://www.cftc.gov/files/dea/history/fut_disagg_txt_2026.zip,2026-10-08
cftc_silver_mm_net,2008-12-22,2008-12-25,11951.0,https://www.cftc.gov/files/dea/history/fut_disagg_txt_2026.zip,2026-10-08
cftc_silver_mm_net,2008-12-30,2009-01-02,10827.0,https://www.cftc.gov/files/dea/history/fut_disagg_txt_2026.zip,2026-10-08
cftc_silver_mm_net,2009-01-06,2009-01-09,11190.0,https://www.cftc.gov/files/dea/history/fut_disagg_txt_2026.zip,2026-10-08
cftc_silver_mm_net,2009-01-13,2009-01-16,9865.0,https://www.cftc.gov/files/dea/history/fut_disagg_txt_2026.zip,2026-10-08
cftc_silver_mm_net,2009-01-20,2009-01-23,10989.0,https://www.cftc.gov/files/dea/history/fut_disagg_txt_2026.zip,2026-10-08
cftc_silver_mm_net,2009-01-27,2009-01-30,14207.0,https://www.cftc.gov/files/dea/history/fut_disagg_txt_2026.zip,2026-10-08
cftc_silver_mm_net,2009-02-03,2009-02-06,14468.0,https://www.cftc.gov/files/dea/history/fut_disagg_txt_2026.zip,2026-10-08
cftc_silver_mm_net,2009-02-10,2009-02-13,17351.0,https://www.cftc.gov/files/dea/history/fut_disagg_txt_2026.zip,2026-10-08
cftc_silver_mm_net,2009-02-17,2009-02-20,17712.0,https://www.cftc.gov/files/dea/history/fut_disagg_txt_2026.zip,2026-10-08
cftc_silver_mm_net,2009-02-24,2009-02-27,17916.0,https://www.cftc.gov/files/dea/history/fut_disagg_txt_2026.zip,2026-10-08
cftc_silver_mm_net,2009-03-03,2009-03-06,17771.0,https://www.cftc.gov/files/dea/history/fut_disagg_txt_2026.zip,2026-10-08
cftc_silver_mm_net,2009-03-10,2009-03-13,17043.0,https://www.cftc.gov/files/dea/history/fut_disagg_txt_2026.zip,2026-10-08
cftc_silver_mm_net,2009-03-17,2009-03-20,15818.0,https://www.cftc.gov/files/dea/history/fut_disagg_txt_2026.zip,2026-10-08
cftc_silver_mm_net,2009-03-24,2009-03-27,13934.0,https://www.cftc.gov/files/dea/history/fut_disagg_txt_2026.zip,2026-10-08
cftc_silver_mm_net,2009-03-31,2009-04-03,11860.0,https://www.cftc.gov/files/dea/history/fut_disagg_txt_2026.zip,2026-10-08
cftc_silver_mm_net,2009-04-07,2009-04-10,8601.0,https://www.cftc.gov/files/dea/history/fut_disagg_txt_2026.zip,2026-10-08
cftc_silver_mm_net,2009-04-14,2009-04-17,8612.0,https://www.cftc.gov/files/dea/history/fut_disagg_txt_2026.zip,2026-10-08
cftc_silver_mm_net,2009-04-21,2009-04-24,5827.0,https://www.cftc.gov/files/dea/history/fut_disagg_txt_2026.zip,2026-10-08
cftc_silver_mm_net,2009-04-28,2009-05-01,8398.0,https://www.cftc.gov/files/dea/history/fut_disagg_txt_2026.zip,2026-10-08
cftc_silver_mm_net,2009-05-05,2009-05-08,12449.0,https://www.cftc.gov/files/dea/history/fut_disagg_txt_2026.zip,2026-10-08
cftc_silver_mm_net,2009-05-12,2009-05-15,16762.0,https://www.cftc.gov/files/dea/history/fut_disagg_txt_2026.zip,2026-10-08
cftc_silver_mm_net,2009-05-19,2009-05-22,21284.0,https://www.cftc.gov/files/dea/history/fut_disagg_txt_2026.zip,2026-10-08
cftc_silver_mm_net,2009-05-26,2009-05-29,21245.0,https://www.cftc.gov/files/dea/history/fut_disagg_txt_2026.zip,2026-10-08
cftc_silver_mm_net,2009-06-02,2009-06-05,22713.0,https://www.cftc.gov/files/dea/history/fut_disagg_txt_2026.zip,2026-10-08
cftc_silver_mm_net,2009-06-09,2009-06-12,22930.0,https://www.cftc.gov/files/dea/history/fut_disagg_txt_2026.zip,2026-10-08
cftc_silver_mm_net,2009-06-16,2009-06-19,20614.0,https://www.cftc.gov/files/dea/history/fut_disagg_txt_2026.zip,2026-10-08
cftc_silver_mm_net,2009-06-23,2009-06-26,17369.0,https://www.cftc.gov/files/dea/history/fut_disagg_txt_2026.zip,2026-10-08
cftc_silver_mm_net,2009-06-30,2009-07-03,14437.0,https://www.cftc.gov/files/dea/history/fut_disagg_txt_2026.zip,2026-10-08
cftc_silver_mm_net,2009-07-07,2009-07-10,12883.0,https://www.cftc.gov/files/dea/history/fut_disagg_txt_2026.zip,2026-10-08
cftc_silver_mm_net,2009-07-14,2009-07-17,10635.0,https://www.cftc.gov/files/dea/history/fut_disagg_txt_2026.zip,2026-10-08
cftc_silver_mm_net,2009-07-21,2009-07-24,8815.0,https://www.cftc.gov/files/dea/history/fut_disagg_txt_2026.zip,2026-10-08
cftc_silver_mm_net,2009-07-28,2009-07-31,11879.0,https://www.cftc.gov/files/dea/history/fut_disagg_txt_2026.zip,2026-10-08
cftc_silver_mm_net,2009-08-04,2009-08-07,15751.0,https://www.cftc.gov/files/dea/history/fut_disagg_txt_2026.zip,2026-10-08
cftc_silver_mm_net,2009-08-11,2009-08-14,21593.0,https://www.cftc.gov/files/dea/history/fut_disagg_txt_2026.zip,2026-10-08
cftc_silver_mm_net,2009-08-18,2009-08-21,20883.0,https://www.cftc.gov/files/dea/history/fut_disagg_txt_2026.zip,2026-10-08
cftc_silver_mm_net,2009-08-25,2009-08-28,21148.0,https://www.cftc.gov/files/dea/history/fut_disagg_txt_2026.zip,2026-10-08
cftc_silver_mm_net,2009-09-01,2009-09-04,28032.0,https://www.cftc.gov/files/dea/history/fut_disagg_txt_2026.zip,2026-10-08
cftc_silver_mm_net,2009-09-08,2009-09-11,32677.0,https://www.cftc.gov/files/dea/history/fut_disagg_txt_2026.zip,2026-10-08
cftc_silver_mm_net,2009-09-15,2009-09-18,39967.0,https://www.cftc.gov/files/dea/history/fut_disagg_txt_2026.zip,2026-10-08
cftc_silver_mm_net,2009-09-22,2009-09-25,40827.0,https://www.cftc.gov/files/dea/history/fut_disagg_txt_2026.zip,2026-10-08
cftc_silver_mm_net,2009-09-29,2009-10-02,39534.0,https://www.cftc.gov/files/dea/history/fut_disagg_txt_2026.zip,2026-10-08
cftc_silver_mm_net,2009-10-06,2009-10-09,38622.0,https://www.cftc.gov/files/dea/history/fut_disagg_txt_2026.zip,2026-10-08
cftc_silver_mm_net,2009-10-13,2009-10-16,38898.0,https://www.cftc.gov/files/dea/history/fut_disagg_txt_2026.zip,2026-10-08
cftc_silver_mm_net,2009-10-20,2009-10-23,38644.0,https://www.cftc.gov/files/dea/history/fut_disagg_txt_2026.zip,2026-10-08
cftc_silver_mm_net,2009-10-27,2009-10-30,34823.0,https://www.cftc.gov/files/dea/history/fut_disagg_txt_2026.zip,2026-10-08
cftc_silver_mm_net,2009-11-03,2009-11-06,30315.0,https://www.cftc.gov/files/dea/history/fut_disagg_txt_2026.zip,2026-10-08
cftc_silver_mm_net,2009-11-09,2009-11-12,28888.0,https://www.cftc.gov/files/dea/history/fut_disagg_txt_2026.zip,2026-10-08
cftc_silver_mm_net,2009-11-17,2009-11-20,33444.0,https://www.cftc.gov/files/dea/history/fut_disagg_txt_2026.zip,2026-10-08
cftc_silver_mm_net,2009-11-24,2009-11-27,34719.0,https://www.cftc.gov/files/dea/history/fut_disagg_txt_2026.zip,2026-10-08
cftc_silver_mm_net,2009-12-01,2009-12-04,34455.0,https://www.cftc.gov/files/dea/history/fut_disagg_txt_2026.zip,2026-10-08
cftc_silver_mm_net,2009-12-08,2009-12-11,32501.0,https://www.cftc.gov/files/dea/history/fut_disagg_txt_2026.zip,2026-10-08
cftc_silver_mm_net,2009-12-15,2009-12-18,26485.0,https://www.cftc.gov/files/dea/history/fut_disagg_txt_2026.zip,2026-10-08
cftc_silver_mm_net,2009-12-22,2009-12-25,26977.0,https://www.cftc.gov/files/dea/history/fut_disagg_txt_2026.zip,2026-10-08
cftc_silver_mm_net,2009-12-29,2010-01-01,25587.0,https://www.cftc.gov/files/dea/history/fut_disagg_txt_2026.zip,2026-10-08
cftc_silver_mm_net,2010-01-05,2010-01-08,26522.0,https://www.cftc.gov/files/dea/history/fut_disagg_txt_2026.zip,2026-10-08
cftc_silver_mm_net,2010-01-12,2010-01-15,34312.0,https://www.cftc.gov/files/dea/history/fut_disagg_txt_2026.zip,2026-10-08
cftc_silver_mm_net,2010-01-19,2010-01-22,36051.0,https://www.cftc.gov/files/dea/history/fut_disagg_txt_2026.zip,2026-10-08
cftc_silver_mm_net,2010-01-26,2010-01-29,24937.0,https://www.cftc.gov/files/dea/history/fut_disagg_txt_2026.zip,2026-10-08
cftc_silver_mm_net,2010-02-02,2010-02-05,17255.0,https://www.cftc.gov/files/dea/history/fut_disagg_txt_2026.zip,2026-10-08
cftc_silver_mm_net,2010-02-09,2010-02-12,11285.0,https://www.cftc.gov/files/dea/history/fut_disagg_txt_2026.zip,2026-10-08
cftc_silver_mm_net,2010-02-16,2010-02-19,12412.0,https://www.cftc.gov/files/dea/history/fut_disagg_txt_2026.zip,2026-10-08
cftc_silver_mm_net,2010-02-23,2010-02-26,12624.0,https://www.cftc.gov/files/dea/history/fut_disagg_txt_2026.zip,2026-10-08
cftc_silver_mm_net,2010-03-02,2010-03-05,17834.0,https://www.cftc.gov/files/dea/history/fut_disagg_txt_2026.zip,2026-10-08
cftc_silver_mm_net,2010-03-09,2010-03-12,23463.0,https://www.cftc.gov/files/dea/history/fut_disagg_txt_2026.zip,2026-10-08
cftc_silver_mm_net,2010-03-16,2010-03-19,25031.0,https://www.cftc.gov/files/dea/history/fut_disagg_txt_2026.zip,2026-10-08
cftc_silver_mm_net,2010-03-23,2010-03-26,23137.0,https://www.cftc.gov/files/dea/history/fut_disagg_txt_2026.zip,2026-10-08
cftc_silver_mm_net,2010-03-30,2010-04-02,24769.0,https://www.cftc.gov/files/dea/history/fut_disagg_txt_2026.zip,2026-10-08
cftc_silver_mm_net,2010-04-06,2010-04-09,30265.0,https://www.cftc.gov/files/dea/history/fut_disagg_txt_2026.zip,2026-10-08
cftc_silver_mm_net,2010-04-13,2010-04-16,32262.0,https://www.cftc.gov/files/dea/history/fut_disagg_txt_2026.zip,2026-10-08
cftc_silver_mm_net,2010-04-20,2010-04-23,30679.0,https://www.cftc.gov/files/dea/history/fut_disagg_txt_2026.zip,2026-10-08
cftc_silver_mm_net,2010-04-27,2010-04-30,32596.0,https://www.cftc.gov/files/dea/history/fut_disagg_txt_2026.zip,2026-10-08
cftc_silver_mm_net,2010-05-04,2010-05-07,30608.0,https://www.cftc.gov/files/dea/history/fut_disagg_txt_2026.zip,2026-10-08
cftc_silver_mm_net,2010-05-11,2010-05-14,33344.0,https://www.cftc.gov/files/dea/history/fut_disagg_txt_2026.zip,2026-10-08
cftc_silver_mm_net,2010-05-18,2010-05-21,38895.0,https://www.cftc.gov/files/dea/history/fut_disagg_txt_2026.zip,2026-10-08
cftc_silver_mm_net,2010-05-25,2010-05-28,28488.0,https://www.cftc.gov/files/dea/history/fut_disagg_txt_2026.zip,2026-10-08
cftc_silver_mm_net,2010-06-01,2010-06-04,29899.0,https://www.cftc.gov/files/dea/history/fut_disagg_txt_2026.zip,2026-10-08
cftc_silver_mm_net,2010-06-08,2010-06-11,28893.0,https://www.cftc.gov/files/dea/history/fut_disagg_txt_2026.zip,2026-10-08
cftc_silver_mm_net,2010-06-15,2010-06-18,31915.0,https://www.cftc.gov/files/dea/history/fut_disagg_txt_2026.zip,2026-10-08
cftc_silver_mm_net,2010-06-22,2010-06-25,35367.0,https://www.cftc.gov/files/dea/history/fut_disagg_txt_2026.zip,2026-10-08
cftc_silver_mm_net,2010-06-29,2010-07-02,34306.0,https://www.cftc.gov/files/dea/history/fut_disagg_txt_2026.zip,2026-10-08
cftc_silver_mm_net,2010-07-06,2010-07-09,25767.0,https://www.cftc.gov/files/dea/history/fut_disagg_txt_2026.zip,2026-10-08
cftc_silver_mm_net,2010-07-13,2010-07-16,25997.0,https://www.cftc.gov/files/dea/history/fut_disagg_txt_2026.zip,2026-10-08
cftc_silver_mm_net,2010-07-20,2010-07-23,22191.0,https://www.cftc.gov/files/dea/history/fut_disagg_txt_2026.zip,2026-10-08
cftc_silver_mm_net,2010-07-27,2010-07-30,21657.0,https://www.cftc.gov/files/dea/history/fut_disagg_txt_2026.zip,2026-10-08
cftc_silver_mm_net,2010-08-03,2010-08-06,28882.0,https://www.cftc.gov/files/dea/history/fut_disagg_txt_2026.zip,2026-10-08
cftc_silver_mm_net,2010-08-10,2010-08-13,28258.0,https://www.cftc.gov/files/dea/history/fut_disagg_txt_2026.zip,2026-10-08
cftc_silver_mm_net,2010-08-17,2010-08-20,28427.0,https://www.cftc.gov/files/dea/history/fut_disagg_txt_2026.zip,2026-10-08
cftc_silver_mm_net,2010-08-24,2010-08-27,27439.0,https://www.cftc.gov/files/dea/history/fut_disagg_txt_2026.zip,2026-10-08
cftc_silver_mm_net,2010-08-31,2010-09-03,39425.0,https://www.cftc.gov/files/dea/history/fut_disagg_txt_2026.zip,2026-10-08
cftc_silver_mm_net,2010-09-07,2010-09-10,44536.0,https://www.cftc.gov/files/dea/history/fut_disagg_txt_2026.zip,2026-10-08
cftc_silver_mm_net,2010-09-14,2010-09-17,45963.0,https://www.cftc.gov/files/dea/history/fut_disagg_txt_2026.zip,2026-10-08
cftc_silver_mm_net,2010-09-21,2010-09-24,46450.0,https://www.cftc.gov/files/dea/history/fut_disagg_txt_2026.zip,2026-10-08
cftc_silver_mm_net,2010-09-28,2010-10-01,48532.0,https://www.cftc.gov/files/dea/history/fut_disagg_txt_2026.zip,2026-10-08
cftc_silver_mm_net,2010-10-05,2010-10-08,47823.0,https://www.cftc.gov/files/dea/history/fut_disagg_txt_2026.zip,2026-10-08
cftc_silver_mm_net,2010-10-12,2010-10-15,41605.0,https://www.cftc.gov/files/dea/history/fut_disagg_txt_2026.zip,2026-10-08
cftc_silver_mm_net,2010-10-19,2010-10-22,37876.0,https://www.cftc.gov/files/dea/history/fut_disagg_txt_2026.zip,2026-10-08
cftc_silver_mm_net,2010-10-26,2010-10-29,36215.0,https://www.cftc.gov/files/dea/history/fut_disagg_txt_2026.zip,2026-10-08
cftc_silver_mm_net,2010-11-02,2010-11-05,34565.0,https://www.cftc.gov/files/dea/history/fut_disagg_txt_2026.zip,2026-10-08
cftc_silver_mm_net,2010-11-09,2010-11-12,26670.0,https://www.cftc.gov/files/dea/history/fut_disagg_txt_2026.zip,2026-10-08
cftc_silver_mm_net,2010-11-16,2010-11-19,21999.0,https://www.cftc.gov/files/dea/history/fut_disagg_txt_2026.zip,2026-10-08
cftc_silver_mm_net,2010-11-23,2010-11-26,23879.0,https://www.cftc.gov/files/dea/history/fut_disagg_txt_2026.zip,2026-10-08
cftc_silver_mm_net,2010-11-30,2010-12-03,27485.0,https://www.cftc.gov/files/dea/history/fut_disagg_txt_2026.zip,2026-10-08
cftc_silver_mm_net,2010-12-07,2010-12-10,26799.0,https://www.cftc.gov/files/dea/history/fut_disagg_txt_2026.zip,2026-10-08
cftc_silver_mm_net,2010-12-14,2010-12-17,24623.0,https://www.cftc.gov/files/dea/history/fut_disagg_txt_2026.zip,2026-10-08
cftc_silver_mm_net,2010-12-21,2010-12-24,24635.0,https://www.cftc.gov/files/dea/history/fut_disagg_txt_2026.zip,2026-10-08
cftc_silver_mm_net,2010-12-28,2010-12-31,27210.0,https://www.cftc.gov/files/dea/history/fut_disagg_txt_2026.zip,2026-10-08
cftc_silver_mm_net,2011-01-04,2011-01-07,23647.0,https://www.cftc.gov/files/dea/history/fut_disagg_txt_2026.zip,2026-10-08
cftc_silver_mm_net,2011-01-11,2011-01-14,23761.0,https://www.cftc.gov/files/dea/history/fut_disagg_txt_2026.zip,2026-10-08
cftc_silver_mm_net,2011-01-18,2011-01-21,21385.0,https://www.cftc.gov/files/dea/history/fut_disagg_txt_2026.zip,2026-10-08
cftc_silver_mm_net,2011-01-25,2011-01-28,19288.0,https://www.cftc.gov/files/dea/history/fut_disagg_txt_2026.zip,2026-10-08
cftc_silver_mm_net,2011-02-01,2011-02-04,24167.0,https://www.cftc.gov/files/dea/history/fut_disagg_txt_2026.zip,2026-10-08
cftc_silver_mm_net,2011-02-08,2011-02-11,29955.0,https://www.cftc.gov/files/dea/history/fut_disagg_txt_2026.zip,2026-10-08
cftc_silver_mm_net,2011-02-15,2011-02-18,34314.0,https://www.cftc.gov/files/dea/history/fut_disagg_txt_2026.zip,2026-10-08
cftc_silver_mm_net,2011-02-22,2011-02-25,33333.0,https://www.cftc.gov/files/dea/history/fut_disagg_txt_2026.zip,2026-10-08
cftc_silver_mm_net,2011-03-01,2011-03-04,32654.0,https://www.cftc.gov/files/dea/history/fut_disagg_txt_2026.zip,2026-10-08
cftc_silver_mm_net,2011-03-08,2011-03-11,32463.0,https://www.cftc.gov/files/dea/history/fut_disagg_txt_2026.zip,2026-10-08
cftc_silver_mm_net,2011-03-15,2011-03-18,30766.0,https://www.cftc.gov/files/dea/history/fut_disagg_txt_2026.zip,2026-10-08
cftc_silver_mm_net,2011-03-22,2011-03-25,31623.0,https://www.cftc.gov/files/dea/history/fut_disagg_txt_2026.zip,2026-10-08
cftc_silver_mm_net,2011-03-29,2011-04-01,31101.0,https://www.cftc.gov/files/dea/history/fut_disagg_txt_2026.zip,2026-10-08
cftc_silver_mm_net,2011-04-05,2011-04-08,30971.0,https://www.cftc.gov/files/dea/history/fut_disagg_txt_2026.zip,2026-10-08
cftc_silver_mm_net,2011-04-12,2011-04-15,27294.0,https://www.cftc.gov/files/dea/history/fut_disagg_txt_2026.zip,2026-10-08
cftc_silver_mm_net,2011-04-19,2011-04-22,26841.0,https://www.cftc.gov/files/dea/history/fut_disagg_txt_2026.zip,2026-10-08
cftc_silver_mm_net,2011-04-26,2011-04-29,23243.0,https://www.cftc.gov/files/dea/history/fut_disagg_txt_2026.zip,2026-10-08
cftc_silver_mm_net,2011-05-03,2011-05-06,23397.0,https://www.cftc.gov/files/dea/history/fut_disagg_txt_2026.zip,2026-10-08
cftc_silver_mm_net,2011-05-10,2011-05-13,17457.0,https://www.cftc.gov/files/dea/history/fut_disagg_txt_2026.zip,2026-10-08
cftc_silver_mm_net,2011-05-17,2011-05-20,15534.0,https://www.cftc.gov/files/dea/history/fut_disagg_txt_2026.zip,2026-10-08
cftc_silver_mm_net,2011-05-24,2011-05-27,13460.0,https://www.cftc.gov/files/dea/history/fut_disagg_txt_2026.zip,2026-10-08
cftc_silver_mm_net,2011-05-31,2011-06-03,14234.0,https://www.cftc.gov/files/dea/history/fut_disagg_txt_2026.zip,2026-10-08
cftc_silver_mm_net,2011-06-07,2011-06-10,15050.0,https://www.cftc.gov/files/dea/history/fut_disagg_txt_2026.zip,2026-10-08
cftc_silver_mm_net,2011-06-14,2011-06-17,14945.0,https://www.cftc.gov/files/dea/history/fut_disagg_txt_2026.zip,2026-10-08
cftc_silver_mm_net,2011-06-21,2011-06-24,18108.0,https://www.cftc.gov/files/dea/history/fut_disagg_txt_2026.zip,2026-10-08
cftc_silver_mm_net,2011-06-28,2011-07-01,13227.0,https://www.cftc.gov/files/dea/history/fut_disagg_txt_2026.zip,2026-10-08
cftc_silver_mm_net,2011-07-05,2011-07-08,16805.0,https://www.cftc.gov/files/dea/history/fut_disagg_txt_2026.zip,2026-10-08
cftc_silver_mm_net,2011-07-12,2011-07-15,18328.0,https://www.cftc.gov/files/dea/history/fut_disagg_txt_2026.zip,2026-10-08
cftc_silver_mm_net,2011-07-19,2011-07-22,21968.0,https://www.cftc.gov/files/dea/history/fut_disagg_txt_2026.zip,2026-10-08
cftc_silver_mm_net,2011-07-26,2011-07-29,24795.0,https://www.cftc.gov/files/dea/history/fut_disagg_txt_2026.zip,2026-10-08
cftc_silver_mm_net,2011-08-02,2011-08-05,25541.0,https://www.cftc.gov/files/dea/history/fut_disagg_txt_2026.zip,2026-10-08
cftc_silver_mm_net,2011-08-09,2011-08-12,19110.0,https://www.cftc.gov/files/dea/history/fut_disagg_txt_2026.zip,2026-10-08
cftc_silver_mm_net,2011-08-16,2011-08-19,20900.0,https://www.cftc.gov/files/dea/history/fut_disagg_txt_2026.zip,2026-10-08
cftc_silver_mm_net,2011-08-23,2011-08-26,26455.0,https://www.cftc.gov/files/dea/history/fut_disagg_txt_2026.zip,2026-10-08
cftc_silver_mm_net,2011-08-30,2011-09-02,24459.0,https://www.cftc.gov/files/dea/history/fut_disagg_txt_2026.zip,2026-10-08
cftc_silver_mm_net,2011-09-06,2011-09-09,26406.0,https://www.cftc.gov/files/dea/history/fut_disagg_txt_2026.zip,2026-10-08
cftc_silver_mm_net,2011-09-13,2011-09-16,24721.0,https://www.cftc.gov/files/dea/history/fut_disagg_txt_2026.zip,2026-10-08
cftc_silver_mm_net,2011-09-20,2011-09-23,21344.0,https://www.cftc.gov/files/dea/history/fut_disagg_txt_2026.zip,2026-10-08
cftc_silver_mm_net,2011-09-27,2011-09-30,14354.0,https://www.cftc.gov/files/dea/history/fut_disagg_txt_2026.zip,2026-10-08
cftc_silver_mm_net,2011-10-04,2011-10-07,10392.0,https://www.cftc.gov/files/dea/history/fut_disagg_txt_2026.zip,2026-10-08
cftc_silver_mm_net,2011-10-11,2011-10-14,10255.0,https://www.cftc.gov/files/dea/history/fut_disagg_txt_2026.zip,2026-10-08
cftc_silver_mm_net,2011-10-18,2011-10-21,9514.0,https://www.cftc.gov/files/dea/history/fut_disagg_txt_2026.zip,2026-10-08
cftc_silver_mm_net,2011-10-25,2011-10-28,10814.0,https://www.cftc.gov/files/dea/history/fut_disagg_txt_2026.zip,2026-10-08
cftc_silver_mm_net,2011-11-01,2011-11-04,11772.0,https://www.cftc.gov/files/dea/history/fut_disagg_txt_2026.zip,2026-10-08
cftc_silver_mm_net,2011-11-08,2011-11-11,12323.0,https://www.cftc.gov/files/dea/history/fut_disagg_txt_2026.zip,2026-10-08
cftc_silver_mm_net,2011-11-15,2011-11-18,13855.0,https://www.cftc.gov/files/dea/history/fut_disagg_txt_2026.zip,2026-10-08
cftc_silver_mm_net,2011-11-22,2011-11-25,11405.0,https://www.cftc.gov/files/dea/history/fut_disagg_txt_2026.zip,2026-10-08
cftc_silver_mm_net,2011-11-29,2011-12-02,11289.0,https://www.cftc.gov/files/dea/history/fut_disagg_txt_2026.zip,2026-10-08
cftc_silver_mm_net,2011-12-06,2011-12-09,11364.0,https://www.cftc.gov/files/dea/history/fut_disagg_txt_2026.zip,2026-10-08
cftc_silver_mm_net,2011-12-13,2011-12-16,10990.0,https://www.cftc.gov/files/dea/history/fut_disagg_txt_2026.zip,2026-10-08
cftc_silver_mm_net,2011-12-20,2011-12-23,5879.0,https://www.cftc.gov/files/dea/history/fut_disagg_txt_2026.zip,2026-10-08
cftc_silver_mm_net,2011-12-27,2011-12-30,4752.0,https://www.cftc.gov/files/dea/history/fut_disagg_txt_2026.zip,2026-10-08
cftc_silver_mm_net,2012-01-03,2012-01-06,8350.0,https://www.cftc.gov/files/dea/history/fut_disagg_txt_2026.zip,2026-10-08
cftc_silver_mm_net,2012-01-10,2012-01-13,10632.0,https://www.cftc.gov/files/dea/history/fut_disagg_txt_2026.zip,2026-10-08
cftc_silver_mm_net,2012-01-17,2012-01-20,12151.0,https://www.cftc.gov/files/dea/history/fut_disagg_txt_2026.zip,2026-10-08
cftc_silver_mm_net,2012-01-24,2012-01-27,14904.0,https://www.cftc.gov/files/dea/history/fut_disagg_txt_2026.zip,2026-10-08
cftc_silver_mm_net,2012-01-31,2012-02-03,17368.0,https://www.cftc.gov/files/dea/history/fut_disagg_txt_2026.zip,2026-10-08
cftc_silver_mm_net,2012-02-07,2012-02-10,22964.0,https://www.cftc.gov/files/dea/history/fut_disagg_txt_2026.zip,2026-10-08
cftc_silver_mm_net,2012-02-14,2012-02-17,23767.0,https://www.cftc.gov/files/dea/history/fut_disagg_txt_2026.zip,2026-10-08
cftc_silver_mm_net,2012-02-21,2012-02-24,25862.0,https://www.cftc.gov/files/dea/history/fut_disagg_txt_2026.zip,2026-10-08
cftc_silver_mm_net,2012-02-28,2012-03-02,29699.0,https://www.cftc.gov/files/dea/history/fut_disagg_txt_2026.zip,2026-10-08
cftc_silver_mm_net,2012-03-06,2012-03-09,21623.0,https://www.cftc.gov/files/dea/history/fut_disagg_txt_2026.zip,2026-10-08
cftc_silver_mm_net,2012-03-13,2012-03-16,20330.0,https://www.cftc.gov/files/dea/history/fut_disagg_txt_2026.zip,2026-10-08
cftc_silver_mm_net,2012-03-20,2012-03-23,18353.0,https://www.cftc.gov/files/dea/history/fut_disagg_txt_2026.zip,2026-10-08
cftc_silver_mm_net,2012-03-27,2012-03-30,15550.0,https://www.cftc.gov/files/dea/history/fut_disagg_txt_2026.zip,2026-10-08
cftc_silver_mm_net,2012-04-03,2012-04-06,17313.0,https://www.cftc.gov/files/dea/history/fut_disagg_txt_2026.zip,2026-10-08
cftc_silver_mm_net,2012-04-10,2012-04-13,13642.0,https://www.cftc.gov/files/dea/history/fut_disagg_txt_2026.zip,2026-10-08
cftc_silver_mm_net,2012-04-17,2012-04-20,12124.0,https://www.cftc.gov/files/dea/history/fut_disagg_txt_2026.zip,2026-10-08
cftc_silver_mm_net,2012-04-24,2012-04-27,9714.0,https://www.cftc.gov/files/dea/history/fut_disagg_txt_2026.zip,2026-10-08
cftc_silver_mm_net,2012-05-01,2012-05-04,9560.0,https://www.cftc.gov/files/dea/history/fut_disagg_txt_2026.zip,2026-10-08
cftc_silver_mm_net,2012-05-08,2012-05-11,5903.0,https://www.cftc.gov/files/dea/history/fut_disagg_txt_2026.zip,2026-10-08
cftc_silver_mm_net,2012-05-15,2012-05-18,5703.0,https://www.cftc.gov/files/dea/history/fut_disagg_txt_2026.zip,2026-10-08
cftc_silver_mm_net,2012-05-22,2012-05-25,4119.0,https://www.cftc.gov/files/dea/history/fut_disagg_txt_2026.zip,2026-10-08
cftc_silver_mm_net,2012-05-29,2012-06-01,3642.0,https://www.cftc.gov/files/dea/history/fut_disagg_txt_2026.zip,2026-10-08
cftc_silver_mm_net,2012-06-05,2012-06-08,4987.0,https://www.cftc.gov/files/dea/history/fut_disagg_txt_2026.zip,2026-10-08
cftc_silver_mm_net,2012-06-12,2012-06-15,5742.0,https://www.cftc.gov/files/dea/history/fut_disagg_txt_2026.zip,2026-10-08
cftc_silver_mm_net,2012-06-19,2012-06-22,6077.0,https://www.cftc.gov/files/dea/history/fut_disagg_txt_2026.zip,2026-10-08
cftc_silver_mm_net,2012-06-26,2012-06-29,2414.0,https://www.cftc.gov/files/dea/history/fut_disagg_txt_2026.zip,2026-10-08
cftc_silver_mm_net,2012-07-03,2012-07-06,6142.0,https://www.cftc.gov/files/dea/history/fut_disagg_txt_2026.zip,2026-10-08
cftc_silver_mm_net,2012-07-10,2012-07-13,5343.0,https://www.cftc.gov/files/dea/history/fut_disagg_txt_2026.zip,2026-10-08
cftc_silver_mm_net,2012-07-17,2012-07-20,4458.0,https://www.cftc.gov/files/dea/history/fut_disagg_txt_2026.zip,2026-10-08
cftc_silver_mm_net,2012-07-24,2012-07-27,3015.0,https://www.cftc.gov/files/dea/history/fut_disagg_txt_2026.zip,2026-10-08
cftc_silver_mm_net,2012-07-31,2012-08-03,7730.0,https://www.cftc.gov/files/dea/history/fut_disagg_txt_2026.zip,2026-10-08
cftc_silver_mm_net,2012-08-07,2012-08-10,9065.0,https://www.cftc.gov/files/dea/history/fut_disagg_txt_2026.zip,2026-10-08
cftc_silver_mm_net,2012-08-14,2012-08-17,10554.0,https://www.cftc.gov/files/dea/history/fut_disagg_txt_2026.zip,2026-10-08
cftc_silver_mm_net,2012-08-21,2012-08-24,16655.0,https://www.cftc.gov/files/dea/history/fut_disagg_txt_2026.zip,2026-10-08
cftc_silver_mm_net,2012-08-28,2012-08-31,24314.0,https://www.cftc.gov/files/dea/history/fut_disagg_txt_2026.zip,2026-10-08
cftc_silver_mm_net,2012-09-04,2012-09-07,26196.0,https://www.cftc.gov/files/dea/history/fut_disagg_txt_2026.zip,2026-10-08
cftc_silver_mm_net,2012-09-11,2012-09-14,26755.0,https://www.cftc.gov/files/dea/history/fut_disagg_txt_2026.zip,2026-10-08
cftc_silver_mm_net,2012-09-18,2012-09-21,27592.0,https://www.cftc.gov/files/dea/history/fut_disagg_txt_2026.zip,2026-10-08
cftc_silver_mm_net,2012-09-25,2012-09-28,31354.0,https://www.cftc.gov/files/dea/history/fut_disagg_txt_2026.zip,2026-10-08
cftc_silver_mm_net,2012-10-02,2012-10-05,34964.0,https://www.cftc.gov/files/dea/history/fut_disagg_txt_2026.zip,2026-10-08
cftc_silver_mm_net,2012-10-09,2012-10-12,36374.0,https://www.cftc.gov/files/dea/history/fut_disagg_txt_2026.zip,2026-10-08
cftc_silver_mm_net,2012-10-16,2012-10-19,34819.0,https://www.cftc.gov/files/dea/history/fut_disagg_txt_2026.zip,2026-10-08
cftc_silver_mm_net,2012-10-23,2012-10-26,31616.0,https://www.cftc.gov/files/dea/history/fut_disagg_txt_2026.zip,2026-10-08
cftc_silver_mm_net,2012-10-30,2012-11-02,29110.0,https://www.cftc.gov/files/dea/history/fut_disagg_txt_2026.zip,2026-10-08
cftc_silver_mm_net,2012-11-06,2012-11-09,26638.0,https://www.cftc.gov/files/dea/history/fut_disagg_txt_2026.zip,2026-10-08
cftc_silver_mm_net,2012-11-13,2012-11-16,27018.0,https://www.cftc.gov/files/dea/history/fut_disagg_txt_2026.zip,2026-10-08
cftc_silver_mm_net,2012-11-20,2012-11-23,32215.0,https://www.cftc.gov/files/dea/history/fut_disagg_txt_2026.zip,2026-10-08
cftc_silver_mm_net,2012-11-27,2012-11-30,36485.0,https://www.cftc.gov/files/dea/history/fut_disagg_txt_2026.zip,2026-10-08
cftc_silver_mm_net,2012-12-04,2012-12-07,36392.0,https://www.cftc.gov/files/dea/history/fut_disagg_txt_2026.zip,2026-10-08
cftc_silver_mm_net,2012-12-11,2012-12-14,33930.0,https://www.cftc.gov/files/dea/history/fut_disagg_txt_2026.zip,2026-10-08
cftc_silver_mm_net,2012-12-18,2012-12-21,29523.0,https://www.cftc.gov/files/dea/history/fut_disagg_txt_2026.zip,2026-10-08
cftc_silver_mm_net,2012-12-24,2012-12-27,23003.0,https://www.cftc.gov/files/dea/history/fut_disagg_txt_2026.zip,2026-10-08
cftc_silver_mm_net,2012-12-31,2013-01-03,22539.0,https://www.cftc.gov/files/dea/history/fut_disagg_txt_2026.zip,2026-10-08
cftc_silver_mm_net,2013-01-08,2013-01-11,20893.0,https://www.cftc.gov/files/dea/history/fut_disagg_txt_2026.zip,2026-10-08
cftc_silver_mm_net,2013-01-15,2013-01-18,22312.0,https://www.cftc.gov/files/dea/history/fut_disagg_txt_2026.zip,2026-10-08
cftc_silver_mm_net,2013-01-22,2013-01-25,26315.0,https://www.cftc.gov/files/dea/history/fut_disagg_txt_2026.zip,2026-10-08
cftc_silver_mm_net,2013-01-29,2013-02-01,29266.0,https://www.cftc.gov/files/dea/history/fut_disagg_txt_2026.zip,2026-10-08
cftc_silver_mm_net,2013-02-05,2013-02-08,30070.0,https://www.cftc.gov/files/dea/history/fut_disagg_txt_2026.zip,2026-10-08
cftc_silver_mm_net,2013-02-12,2013-02-15,26338.0,https://www.cftc.gov/files/dea/history/fut_disagg_txt_2026.zip,2026-10-08
cftc_silver_mm_net,2013-02-19,2013-02-22,17976.0,https://www.cftc.gov/files/dea/history/fut_disagg_txt_2026.zip,2026-10-08
cftc_silver_mm_net,2013-02-26,2013-03-01,12585.0,https://www.cftc.gov/files/dea/history/fut_disagg_txt_2026.zip,2026-10-08
cftc_silver_mm_net,2013-03-05,2013-03-08,7452.0,https://www.cftc.gov/files/dea/history/fut_disagg_txt_2026.zip,2026-10-08
cftc_silver_mm_net,2013-03-12,2013-03-15,6288.0,https://www.cftc.gov/files/dea/history/fut_disagg_txt_2026.zip,2026-10-08
cftc_silver_mm_net,2013-03-19,2013-03-22,4015.0,https://www.cftc.gov/files/dea/history/fut_disagg_txt_2026.zip,2026-10-08
cftc_silver_mm_net,2013-03-26,2013-03-29,1075.0,https://www.cftc.gov/files/dea/history/fut_disagg_txt_2026.zip,2026-10-08
cftc_silver_mm_net,2013-04-02,2013-04-05,-2497.0,https://www.cftc.gov/files/dea/history/fut_disagg_txt_2026.zip,2026-10-08
cftc_silver_mm_net,2013-04-09,2013-04-12,-609.0,https://www.cftc.gov/files/dea/history/fut_disagg_txt_2026.zip,2026-10-08
cftc_silver_mm_net,2013-04-16,2013-04-19,9449.0,https://www.cftc.gov/files/dea/history/fut_disagg_txt_2026.zip,2026-10-08
cftc_silver_mm_net,2013-04-23,2013-04-26,7648.0,https://www.cftc.gov/files/dea/history/fut_disagg_txt_2026.zip,2026-10-08
cftc_silver_mm_net,2013-04-30,2013-05-03,7178.0,https://www.cftc.gov/files/dea/history/fut_disagg_txt_2026.zip,2026-10-08
cftc_silver_mm_net,2013-05-07,2013-05-10,6603.0,https://www.cftc.gov/files/dea/history/fut_disagg_txt_2026.zip,2026-10-08
cftc_silver_mm_net,2013-05-14,2013-05-17,3695.0,https://www.cftc.gov/files/dea/history/fut_disagg_txt_2026.zip,2026-10-08
cftc_silver_mm_net,2013-05-21,2013-05-24,1981.0,https://www.cftc.gov/files/dea/history/fut_disagg_txt_2026.zip,2026-10-08
cftc_silver_mm_net,2013-05-28,2013-05-31,679.0,https://www.cftc.gov/files/dea/history/fut_disagg_txt_2026.zip,2026-10-08
cftc_silver_mm_net,2013-06-04,2013-06-07,1934.0,https://www.cftc.gov/files/dea/history/fut_disagg_txt_2026.zip,2026-10-08
cftc_silver_mm_net,2013-06-11,2013-06-14,-657.0,https://www.cftc.gov/files/dea/history/fut_disagg_txt_2026.zip,2026-10-08
cftc_silver_mm_net,2013-06-18,2013-06-21,-425.0,https://www.cftc.gov/files/dea/history/fut_disagg_txt_2026.zip,2026-10-08
cftc_silver_mm_net,2013-06-25,2013-06-28,178.0,https://www.cftc.gov/files/dea/history/fut_disagg_txt_2026.zip,2026-10-08
cftc_silver_mm_net,2013-07-02,2013-07-05,2950.0,https://www.cftc.gov/files/dea/history/fut_disagg_txt_2026.zip,2026-10-08
cftc_silver_mm_net,2013-07-09,2013-07-12,3935.0,https://www.cftc.gov/files/dea/history/fut_disagg_txt_2026.zip,2026-10-08
cftc_silver_mm_net,2013-07-16,2013-07-19,4447.0,https://www.cftc.gov/files/dea/history/fut_disagg_txt_2026.zip,2026-10-08
cftc_silver_mm_net,2013-07-23,2013-07-26,5816.0,https://www.cftc.gov/files/dea/history/fut_disagg_txt_2026.zip,2026-10-08
cftc_silver_mm_net,2013-07-30,2013-08-02,6500.0,https://www.cftc.gov/files/dea/history/fut_disagg_txt_2026.zip,2026-10-08
cftc_silver_mm_net,2013-08-06,2013-08-09,4195.0,https://www.cftc.gov/files/dea/history/fut_disagg_txt_2026.zip,2026-10-08
cftc_silver_mm_net,2013-08-13,2013-08-16,11462.0,https://www.cftc.gov/files/dea/history/fut_disagg_txt_2026.zip,2026-10-08
cftc_silver_mm_net,2013-08-20,2013-08-23,16168.0,https://www.cftc.gov/files/dea/history/fut_disagg_txt_2026.zip,2026-10-08
cftc_silver_mm_net,2013-08-27,2013-08-30,15016.0,https://www.cftc.gov/files/dea/history/fut_disagg_txt_2026.zip,2026-10-08
cftc_silver_mm_net,2013-09-03,2013-09-06,17647.0,https://www.cftc.gov/files/dea/history/fut_disagg_txt_2026.zip,2026-10-08
cftc_silver_mm_net,2013-09-10,2013-09-13,15096.0,https://www.cftc.gov/files/dea/history/fut_disagg_txt_2026.zip,2026-10-08
cftc_silver_mm_net,2013-09-17,2013-09-20,12054.0,https://www.cftc.gov/files/dea/history/fut_disagg_txt_2026.zip,2026-10-08
cftc_silver_mm_net,2013-09-24,2013-09-27,10539.0,https://www.cftc.gov/files/dea/history/fut_disagg_txt_2026.zip,2026-10-08
cftc_silver_mm_net,2013-10-01,2013-10-04,11837.0,https://www.cftc.gov/files/dea/history/fut_disagg_txt_2026.zip,2026-10-08
cftc_silver_mm_net,2013-10-08,2013-10-11,14265.0,https://www.cftc.gov/files/dea/history/fut_disagg_txt_2026.zip,2026-10-08
cftc_silver_mm_net,2013-10-15,2013-10-18,12853.0,https://www.cftc.gov/files/dea/history/fut_disagg_txt_2026.zip,2026-10-08
cftc_silver_mm_net,2013-10-22,2013-10-25,17665.0,https://www.cftc.gov/files/dea/history/fut_disagg_txt_2026.zip,2026-10-08
cftc_silver_mm_net,2013-10-29,2013-11-01,19340.0,https://www.cftc.gov/files/dea/history/fut_disagg_txt_2026.zip,2026-10-08
cftc_silver_mm_net,2013-11-05,2013-11-08,17880.0,https://www.cftc.gov/files/dea/history/fut_disagg_txt_2026.zip,2026-10-08
cftc_silver_mm_net,2013-11-12,2013-11-15,9759.0,https://www.cftc.gov/files/dea/history/fut_disagg_txt_2026.zip,2026-10-08
cftc_silver_mm_net,2013-11-19,2013-11-22,5250.0,https://www.cftc.gov/files/dea/history/fut_disagg_txt_2026.zip,2026-10-08
cftc_silver_mm_net,2013-11-26,2013-11-29,1829.0,https://www.cftc.gov/files/dea/history/fut_disagg_txt_2026.zip,2026-10-08
cftc_silver_mm_net,2013-12-03,2013-12-06,-3775.0,https://www.cftc.gov/files/dea/history/fut_disagg_txt_2026.zip,2026-10-08
cftc_silver_mm_net,2013-12-10,2013-12-13,1149.0,https://www.cftc.gov/files/dea/history/fut_disagg_txt_2026.zip,2026-10-08
cftc_silver_mm_net,2013-12-17,2013-12-20,3709.0,https://www.cftc.gov/files/dea/history/fut_disagg_txt_2026.zip,2026-10-08
cftc_silver_mm_net,2013-12-24,2013-12-27,3325.0,https://www.cftc.gov/files/dea/history/fut_disagg_txt_2026.zip,2026-10-08
cftc_silver_mm_net,2013-12-31,2014-01-03,7812.0,https://www.cftc.gov/files/dea/history/fut_disagg_txt_2026.zip,2026-10-08
cftc_silver_mm_net,2014-01-07,2014-01-10,9582.0,https://www.cftc.gov/files/dea/history/fut_disagg_txt_2026.zip,2026-10-08
cftc_silver_mm_net,2014-01-14,2014-01-17,11159.0,https://www.cftc.gov/files/dea/history/fut_disagg_txt_2026.zip,2026-10-08
cftc_silver_mm_net,2014-01-21,2014-01-24,9814.0,https://www.cftc.gov/files/dea/history/fut_disagg_txt_2026.zip,2026-10-08
cftc_silver_mm_net,2014-01-28,2014-01-31,3996.0,https://www.cftc.gov/files/dea/history/fut_disagg_txt_2026.zip,2026-10-08
cftc_silver_mm_net,2014-02-04,2014-02-07,2378.0,https://www.cftc.gov/files/dea/history/fut_disagg_txt_2026.zip,2026-10-08
cftc_silver_mm_net,2014-02-11,2014-02-14,9950.0,https://www.cftc.gov/files/dea/history/fut_disagg_txt_2026.zip,2026-10-08
cftc_silver_mm_net,2014-02-18,2014-02-21,20220.0,https://www.cftc.gov/files/dea/history/fut_disagg_txt_2026.zip,2026-10-08
cftc_silver_mm_net,2014-02-25,2014-02-28,26704.0,https://www.cftc.gov/files/dea/history/fut_disagg_txt_2026.zip,2026-10-08
cftc_silver_mm_net,2014-03-04,2014-03-07,25567.0,https://www.cftc.gov/files/dea/history/fut_disagg_txt_2026.zip,2026-10-08
cftc_silver_mm_net,2014-03-11,2014-03-14,23374.0,https://www.cftc.gov/files/dea/history/fut_disagg_txt_2026.zip,2026-10-08
cftc_silver_mm_net,2014-03-18,2014-03-21,20648.0,https://www.cftc.gov/files/dea/history/fut_disagg_txt_2026.zip,2026-10-08
cftc_silver_mm_net,2014-03-25,2014-03-28,12796.0,https://www.cftc.gov/files/dea/history/fut_disagg_txt_2026.zip,2026-10-08
cftc_silver_mm_net,2014-04-01,2014-04-04,8686.0,https://www.cftc.gov/files/dea/history/fut_disagg_txt_2026.zip,2026-10-08
cftc_silver_mm_net,2014-04-08,2014-04-11,8370.0,https://www.cftc.gov/files/dea/history/fut_disagg_txt_2026.zip,2026-10-08
cftc_silver_mm_net,2014-04-15,2014-04-18,5143.0,https://www.cftc.gov/files/dea/history/fut_disagg_txt_2026.zip,2026-10-08
cftc_silver_mm_net,2014-04-22,2014-04-25,6280.0,https://www.cftc.gov/files/dea/history/fut_disagg_txt_2026.zip,2026-10-08
cftc_silver_mm_net,2014-04-29,2014-05-02,4461.0,https://www.cftc.gov/files/dea/history/fut_disagg_txt_2026.zip,2026-10-08
cftc_silver_mm_net,2014-05-06,2014-05-09,3642.0,https://www.cftc.gov/files/dea/history/fut_disagg_txt_2026.zip,2026-10-08
cftc_silver_mm_net,2014-05-13,2014-05-16,4388.0,https://www.cftc.gov/files/dea/history/fut_disagg_txt_2026.zip,2026-10-08
cftc_silver_mm_net,2014-05-20,2014-05-23,837.0,https://www.cftc.gov/files/dea/history/fut_disagg_txt_2026.zip,2026-10-08
cftc_silver_mm_net,2014-05-27,2014-05-30,-4226.0,https://www.cftc.gov/files/dea/history/fut_disagg_txt_2026.zip,2026-10-08
cftc_silver_mm_net,2014-06-03,2014-06-06,-7638.0,https://www.cftc.gov/files/dea/history/fut_disagg_txt_2026.zip,2026-10-08
cftc_silver_mm_net,2014-06-10,2014-06-13,-3815.0,https://www.cftc.gov/files/dea/history/fut_disagg_txt_2026.zip,2026-10-08
cftc_silver_mm_net,2014-06-17,2014-06-20,6238.0,https://www.cftc.gov/files/dea/history/fut_disagg_txt_2026.zip,2026-10-08
cftc_silver_mm_net,2014-06-24,2014-06-27,24507.0,https://www.cftc.gov/files/dea/history/fut_disagg_txt_2026.zip,2026-10-08
cftc_silver_mm_net,2014-07-01,2014-07-04,36202.0,https://www.cftc.gov/files/dea/history/fut_disagg_txt_2026.zip,2026-10-08
cftc_silver_mm_net,2014-07-08,2014-07-11,43951.0,https://www.cftc.gov/files/dea/history/fut_disagg_txt_2026.zip,2026-10-08
cftc_silver_mm_net,2014-07-15,2014-07-18,45943.0,https://www.cftc.gov/files/dea/history/fut_disagg_txt_2026.zip,2026-10-08
cftc_silver_mm_net,2014-07-22,2014-07-25,45050.0,https://www.cftc.gov/files/dea/history/fut_disagg_txt_2026.zip,2026-10-08
cftc_silver_mm_net,2014-07-29,2014-08-01,40467.0,https://www.cftc.gov/files/dea/history/fut_disagg_txt_2026.zip,2026-10-08
cftc_silver_mm_net,2014-08-05,2014-08-08,28559.0,https://www.cftc.gov/files/dea/history/fut_disagg_txt_2026.zip,2026-10-08
cftc_silver_mm_net,2014-08-12,2014-08-15,22035.0,https://www.cftc.gov/files/dea/history/fut_disagg_txt_2026.zip,2026-10-08
cftc_silver_mm_net,2014-08-19,2014-08-22,16049.0,https://www.cftc.gov/files/dea/history/fut_disagg_txt_2026.zip,2026-10-08
cftc_silver_mm_net,2014-08-26,2014-08-29,14063.0,https://www.cftc.gov/files/dea/history/fut_disagg_txt_2026.zip,2026-10-08
cftc_silver_mm_net,2014-09-02,2014-09-05,7521.0,https://www.cftc.gov/files/dea/history/fut_disagg_txt_2026.zip,2026-10-08
cftc_silver_mm_net,2014-09-09,2014-09-12,4222.0,https://www.cftc.gov/files/dea/history/fut_disagg_txt_2026.zip,2026-10-08
cftc_silver_mm_net,2014-09-16,2014-09-19,-1703.0,https://www.cftc.gov/files/dea/history/fut_disagg_txt_2026.zip,2026-10-08
cftc_silver_mm_net,2014-09-23,2014-09-26,-1090.0,https://www.cftc.gov/files/dea/history/fut_disagg_txt_2026.zip,2026-10-08
cftc_silver_mm_net,2014-09-30,2014-10-03,-2556.0,https://www.cftc.gov/files/dea/history/fut_disagg_txt_2026.zip,2026-10-08
cftc_silver_mm_net,2014-10-07,2014-10-10,-2921.0,https://www.cftc.gov/files/dea/history/fut_disagg_txt_2026.zip,2026-10-08
cftc_silver_mm_net,2014-10-14,2014-10-17,-4719.0,https://www.cftc.gov/files/dea/history/fut_disagg_txt_2026.zip,2026-10-08
cftc_silver_mm_net,2014-10-21,2014-10-24,-4860.0,https://www.cftc.gov/files/dea/history/fut_disagg_txt_2026.zip,2026-10-08
cftc_silver_mm_net,2014-10-28,2014-10-31,-5677.0,https://www.cftc.gov/files/dea/history/fut_disagg_txt_2026.zip,2026-10-08
cftc_silver_mm_net,2014-11-04,2014-11-07,-1422.0,https://www.cftc.gov/files/dea/history/fut_disagg_txt_2026.zip,2026-10-08
cftc_silver_mm_net,2014-11-11,2014-11-14,2247.0,https://www.cftc.gov/files/dea/history/fut_disagg_txt_2026.zip,2026-10-08
cftc_silver_mm_net,2014-11-18,2014-11-21,4788.0,https://www.cftc.gov/files/dea/history/fut_disagg_txt_2026.zip,2026-10-08
cftc_silver_mm_net,2014-11-25,2014-11-28,9912.0,https://www.cftc.gov/files/dea/history/fut_disagg_txt_2026.zip,2026-10-08
cftc_silver_mm_net,2014-12-02,2014-12-05,15647.0,https://www.cftc.gov/files/dea/history/fut_disagg_txt_2026.zip,2026-10-08
cftc_silver_mm_net,2014-12-09,2014-12-12,21217.0,https://www.cftc.gov/files/dea/history/fut_disagg_txt_2026.zip,2026-10-08
cftc_silver_mm_net,2014-12-16,2014-12-19,16948.0,https://www.cftc.gov/files/dea/history/fut_disagg_txt_2026.zip,2026-10-08
cftc_silver_mm_net,2014-12-23,2014-12-26,17270.0,https://www.cftc.gov/files/dea/history/fut_disagg_txt_2026.zip,2026-10-08
cftc_silver_mm_net,2014-12-30,2015-01-02,19326.0,https://www.cftc.gov/files/dea/history/fut_disagg_txt_2026.zip,2026-10-08
cftc_silver_mm_net,2015-01-06,2015-01-09,21807.0,https://www.cftc.gov/files/dea/history/fut_disagg_txt_2026.zip,2026-10-08
cftc_silver_mm_net,2015-01-13,2015-01-16,28103.0,https://www.cftc.gov/files/dea/history/fut_disagg_txt_2026.zip,2026-10-08
cftc_silver_mm_net,2015-01-20,2015-01-23,35844.0,https://www.cftc.gov/files/dea/history/fut_disagg_txt_2026.zip,2026-10-08
cftc_silver_mm_net,2015-01-27,2015-01-30,41722.0,https://www.cftc.gov/files/dea/history/fut_disagg_txt_2026.zip,2026-10-08
cftc_silver_mm_net,2015-02-03,2015-02-06,38885.0,https://www.cftc.gov/files/dea/history/fut_disagg_txt_2026.zip,2026-10-08
cftc_silver_mm_net,2015-02-10,2015-02-13,37930.0,https://www.cftc.gov/files/dea/history/fut_disagg_txt_2026.zip,2026-10-08
cftc_silver_mm_net,2015-02-17,2015-02-20,32439.0,https://www.cftc.gov/files/dea/history/fut_disagg_txt_2026.zip,2026-10-08
cftc_silver_mm_net,2015-02-24,2015-02-27,29022.0,https://www.cftc.gov/files/dea/history/fut_disagg_txt_2026.zip,2026-10-08
cftc_silver_mm_net,2015-03-03,2015-03-06,20519.0,https://www.cftc.gov/files/dea/history/fut_disagg_txt_2026.zip,2026-10-08
cftc_silver_mm_net,2015-03-10,2015-03-13,15537.0,https://www.cftc.gov/files/dea/history/fut_disagg_txt_2026.zip,2026-10-08
cftc_silver_mm_net,2015-03-17,2015-03-20,11504.0,https://www.cftc.gov/files/dea/history/fut_disagg_txt_2026.zip,2026-10-08
cftc_silver_mm_net,2015-03-24,2015-03-27,19617.0,https://www.cftc.gov/files/dea/history/fut_disagg_txt_2026.zip,2026-10-08
cftc_silver_mm_net,2015-03-31,2015-04-03,31434.0,https://www.cftc.gov/files/dea/history/fut_disagg_txt_2026.zip,2026-10-08
cftc_silver_mm_net,2015-04-07,2015-04-10,30584.0,https://www.cftc.gov/files/dea/history/fut_disagg_txt_2026.zip,2026-10-08
cftc_silver_mm_net,2015-04-14,2015-04-17,21950.0,https://www.cftc.gov/files/dea/history/fut_disagg_txt_2026.zip,2026-10-08
cftc_silver_mm_net,2015-04-21,2015-04-24,10154.0,https://www.cftc.gov/files/dea/history/fut_disagg_txt_2026.zip,2026-10-08
cftc_silver_mm_net,2015-04-28,2015-05-01,6511.0,https://www.cftc.gov/files/dea/history/fut_disagg_txt_2026.zip,2026-10-08
cftc_silver_mm_net,2015-05-05,2015-05-08,12178.0,https://www.cftc.gov/files/dea/history/fut_disagg_txt_2026.zip,2026-10-08
cftc_silver_mm_net,2015-05-12,2015-05-15,14706.0,https://www.cftc.gov/files/dea/history/fut_disagg_txt_2026.zip,2026-10-08
cftc_silver_mm_net,2015-05-19,2015-05-22,42940.0,https://www.cftc.gov/files/dea/history/fut_disagg_txt_2026.zip,2026-10-08
cftc_silver_mm_net,2015-05-26,2015-05-29,42598.0,https://www.cftc.gov/files/dea/history/fut_disagg_txt_2026.zip,2026-10-08
cftc_silver_mm_net,2015-06-02,2015-06-05,36950.0,https://www.cftc.gov/files/dea/history/fut_disagg_txt_2026.zip,2026-10-08
cftc_silver_mm_net,2015-06-09,2015-06-12,8690.0,https://www.cftc.gov/files/dea/history/fut_disagg_txt_2026.zip,2026-10-08
cftc_silver_mm_net,2015-06-16,2015-06-19,741.0,https://www.cftc.gov/files/dea/history/fut_disagg_txt_2026.zip,2026-10-08
cftc_silver_mm_net,2015-06-23,2015-06-26,-7169.0,https://www.cftc.gov/files/dea/history/fut_disagg_txt_2026.zip,2026-10-08
cftc_silver_mm_net,2015-06-30,2015-07-03,-10621.0,https://www.cftc.gov/files/dea/history/fut_disagg_txt_2026.zip,2026-10-08
cftc_silver_mm_net,2015-07-07,2015-07-10,-12548.0,https://www.cftc.gov/files/dea/history/fut_disagg_txt_2026.zip,2026-10-08
cftc_silver_mm_net,2015-07-14,2015-07-17,-8998.0,https://www.cftc.gov/files/dea/history/fut_disagg_txt_2026.zip,2026-10-08
cftc_silver_mm_net,2015-07-21,2015-07-24,-14751.0,https://www.cftc.gov/files/dea/history/fut_disagg_txt_2026.zip,2026-10-08
cftc_silver_mm_net,2015-07-28,2015-07-31,-12995.0,https://www.cftc.gov/files/dea/history/fut_disagg_txt_2026.zip,2026-10-08
cftc_silver_mm_net,2015-08-04,2015-08-07,-11092.0,https://www.cftc.gov/files/dea/history/fut_disagg_txt_2026.zip,2026-10-08
cftc_silver_mm_net,2015-08-11,2015-08-14,-233.0,https://www.cftc.gov/files/dea/history/fut_disagg_txt_2026.zip,2026-10-08
cftc_silver_mm_net,2015-08-18,2015-08-21,-323.0,https://www.cftc.gov/files/dea/history/fut_disagg_txt_2026.zip,2026-10-08
cftc_silver_mm_net,2015-08-25,2015-08-28,-80.0,https://www.cftc.gov/files/dea/history/fut_disagg_txt_2026.zip,2026-10-08
cftc_silver_mm_net,2015-09-01,2015-09-04,4049.0,https://www.cftc.gov/files/dea/history/fut_disagg_txt_2026.zip,2026-10-08
cftc_silver_mm_net,2015-09-08,2015-09-11,7634.0,https://www.cftc.gov/files/dea/history/fut_disagg_txt_2026.zip,2026-10-08
cftc_silver_mm_net,2015-09-15,2015-09-18,2319.0,https://www.cftc.gov/files/dea/history/fut_disagg_txt_2026.zip,2026-10-08
cftc_silver_mm_net,2015-09-22,2015-09-25,15000.0,https://www.cftc.gov/files/dea/history/fut_disagg_txt_2026.zip,2026-10-08
cftc_silver_mm_net,2015-09-29,2015-10-02,9642.0,https://www.cftc.gov/files/dea/history/fut_disagg_txt_2026.zip,2026-10-08
cftc_silver_mm_net,2015-10-06,2015-10-09,28152.0,https://www.cftc.gov/files/dea/history/fut_disagg_txt_2026.zip,2026-10-08
cftc_silver_mm_net,2015-10-13,2015-10-16,41973.0,https://www.cftc.gov/files/dea/history/fut_disagg_txt_2026.zip,2026-10-08
cftc_silver_mm_net,2015-10-20,2015-10-23,47902.0,https://www.cftc.gov/files/dea/history/fut_disagg_txt_2026.zip,2026-10-08
cftc_silver_mm_net,2015-10-27,2015-10-30,53353.0,https://www.cftc.gov/files/dea/history/fut_disagg_txt_2026.zip,2026-10-08
cftc_silver_mm_net,2015-11-03,2015-11-06,48596.0,https://www.cftc.gov/files/dea/history/fut_disagg_txt_2026.zip,2026-10-08
cftc_silver_mm_net,2015-11-10,2015-11-13,26027.0,https://www.cftc.gov/files/dea/history/fut_disagg_txt_2026.zip,2026-10-08
cftc_silver_mm_net,2015-11-17,2015-11-20,12205.0,https://www.cftc.gov/files/dea/history/fut_disagg_txt_2026.zip,2026-10-08
cftc_silver_mm_net,2015-11-24,2015-11-27,9858.0,https://www.cftc.gov/files/dea/history/fut_disagg_txt_2026.zip,2026-10-08
cftc_silver_mm_net,2015-12-01,2015-12-04,11440.0,https://www.cftc.gov/files/dea/history/fut_disagg_txt_2026.zip,2026-10-08
cftc_silver_mm_net,2015-12-08,2015-12-11,9271.0,https://www.cftc.gov/files/dea/history/fut_disagg_txt_2026.zip,2026-10-08
cftc_silver_mm_net,2015-12-15,2015-12-18,2598.0,https://www.cftc.gov/files/dea/history/fut_disagg_txt_2026.zip,2026-10-08
cftc_silver_mm_net,2015-12-22,2015-12-25,10616.0,https://www.cftc.gov/files/dea/history/fut_disagg_txt_2026.zip,2026-10-08
cftc_silver_mm_net,2015-12-29,2016-01-01,7139.0,https://www.cftc.gov/files/dea/history/fut_disagg_txt_2026.zip,2026-10-08
cftc_silver_mm_net,2016-01-05,2016-01-08,7891.0,https://www.cftc.gov/files/dea/history/fut_disagg_txt_2026.zip,2026-10-08
cftc_silver_mm_net,2016-01-12,2016-01-15,8549.0,https://www.cftc.gov/files/dea/history/fut_disagg_txt_2026.zip,2026-10-08
cftc_silver_mm_net,2016-01-19,2016-01-22,16449.0,https://www.cftc.gov/files/dea/history/fut_disagg_txt_2026.zip,2026-10-08
cftc_silver_mm_net,2016-01-26,2016-01-29,25396.0,https://www.cftc.gov/files/dea/history/fut_disagg_txt_2026.zip,2026-10-08
cftc_silver_mm_net,2016-02-02,2016-02-05,25017.0,https://www.cftc.gov/files/dea/history/fut_disagg_txt_2026.zip,2026-10-08
cftc_silver_mm_net,2016-02-09,2016-02-12,39744.0,https://www.cftc.gov/files/dea/history/fut_disagg_txt_2026.zip,2026-10-08
cftc_silver_mm_net,2016-02-16,2016-02-19,47721.0,https://www.cftc.gov/files/dea/history/fut_disagg_txt_2026.zip,2026-10-08
cftc_silver_mm_net,2016-02-23,2016-02-26,51021.0,https://www.cftc.gov/files/dea/history/fut_disagg_txt_2026.zip,2026-10-08
cftc_silver_mm_net,2016-03-01,2016-03-04,46555.0,https://www.cftc.gov/files/dea/history/fut_disagg_txt_2026.zip,2026-10-08
cftc_silver_mm_net,2016-03-08,2016-03-11,49573.0,https://www.cftc.gov/files/dea/history/fut_disagg_txt_2026.zip,2026-10-08
cftc_silver_mm_net,2016-03-15,2016-03-18,50756.0,https://www.cftc.gov/files/dea/history/fut_disagg_txt_2026.zip,2026-10-08
cftc_silver_mm_net,2016-03-22,2016-03-25,54701.0,https://www.cftc.gov/files/dea/history/fut_disagg_txt_2026.zip,2026-10-08
cftc_silver_mm_net,2016-03-29,2016-04-01,44420.0,https://www.cftc.gov/files/dea/history/fut_disagg_txt_2026.zip,2026-10-08
cftc_silver_mm_net,2016-04-05,2016-04-08,43263.0,https://www.cftc.gov/files/dea/history/fut_disagg_txt_2026.zip,2026-10-08
cftc_silver_mm_net,2016-04-12,2016-04-15,56018.0,https://www.cftc.gov/files/dea/history/fut_disagg_txt_2026.zip,2026-10-08
cftc_silver_mm_net,2016-04-19,2016-04-22,67903.0,https://www.cftc.gov/files/dea/history/fut_disagg_txt_2026.zip,2026-10-08
cftc_silver_mm_net,2016-04-26,2016-04-29,71160.0,https://www.cftc.gov/files/dea/history/fut_disagg_txt_2026.zip,2026-10-08
cftc_silver_mm_net,2016-05-03,2016-05-06,68366.0,https://www.cftc.gov/files/dea/history/fut_disagg_txt_2026.zip,2026-10-08
cftc_silver_mm_net,2016-05-10,2016-05-13,72940.0,https://www.cftc.gov/files/dea/history/fut_disagg_txt_2026.zip,2026-10-08
cftc_silver_mm_net,2016-05-17,2016-05-20,68198.0,https://www.cftc.gov/files/dea/history/fut_disagg_txt_2026.zip,2026-10-08
cftc_silver_mm_net,2016-05-24,2016-05-27,57995.0,https://www.cftc.gov/files/dea/history/fut_disagg_txt_2026.zip,2026-10-08
cftc_silver_mm_net,2016-05-31,2016-06-03,53916.0,https://www.cftc.gov/files/dea/history/fut_disagg_txt_2026.zip,2026-10-08
cftc_silver_mm_net,2016-06-07,2016-06-10,49161.0,https://www.cftc.gov/files/dea/history/fut_disagg_txt_2026.zip,2026-10-08
cftc_silver_mm_net,2016-06-14,2016-06-17,61419.0,https://www.cftc.gov/files/dea/history/fut_disagg_txt_2026.zip,2026-10-08
cftc_silver_mm_net,2016-06-21,2016-06-24,75578.0,https://www.cftc.gov/files/dea/history/fut_disagg_txt_2026.zip,2026-10-08
cftc_silver_mm_net,2016-06-28,2016-07-01,77662.0,https://www.cftc.gov/files/dea/history/fut_disagg_txt_2026.zip,2026-10-08
cftc_silver_mm_net,2016-07-05,2016-07-08,80985.0,https://www.cftc.gov/files/dea/history/fut_disagg_txt_2026.zip,2026-10-08
cftc_silver_mm_net,2016-07-12,2016-07-15,85867.0,https://www.cftc.gov/files/dea/history/fut_disagg_txt_2026.zip,2026-10-08
cftc_silver_mm_net,2016-07-19,2016-07-22,91152.0,https://www.cftc.gov/files/dea/history/fut_disagg_txt_2026.zip,2026-10-08
cftc_silver_mm_net,2016-07-26,2016-07-29,95924.0,https://www.cftc.gov/files/dea/history/fut_disagg_txt_2026.zip,2026-10-08
cftc_silver_mm_net,2016-08-02,2016-08-05,89933.0,https://www.cftc.gov/files/dea/history/fut_disagg_txt_2026.zip,2026-10-08
cftc_silver_mm_net,2016-08-09,2016-08-12,86481.0,https://www.cftc.gov/files/dea/history/fut_disagg_txt_2026.zip,2026-10-08
cftc_silver_mm_net,2016-08-16,2016-08-19,81456.0,https://www.cftc.gov/files/dea/history/fut_disagg_txt_2026.zip,2026-10-08
cftc_silver_mm_net,2016-08-23,2016-08-26,76387.0,https://www.cftc.gov/files/dea/history/fut_disagg_txt_2026.zip,2026-10-08
cftc_silver_mm_net,2016-08-30,2016-09-02,72498.0,https://www.cftc.gov/files/dea/history/fut_disagg_txt_2026.zip,2026-10-08
cftc_silver_mm_net,2016-09-06,2016-09-09,79887.0,https://www.cftc.gov/files/dea/history/fut_disagg_txt_2026.zip,2026-10-08
cftc_silver_mm_net,2016-09-13,2016-09-16,70753.0,https://www.cftc.gov/files/dea/history/fut_disagg_txt_2026.zip,2026-10-08
cftc_silver_mm_net,2016-09-20,2016-09-23,71120.0,https://www.cftc.gov/files/dea/history/fut_disagg_txt_2026.zip,2026-10-08
cftc_silver_mm_net,2016-09-27,2016-09-30,76691.0,https://www.cftc.gov/files/dea/history/fut_disagg_txt_2026.zip,2026-10-08
cftc_silver_mm_net,2016-10-04,2016-10-07,64507.0,https://www.cftc.gov/files/dea/history/fut_disagg_txt_2026.zip,2026-10-08
cftc_silver_mm_net,2016-10-11,2016-10-14,45546.0,https://www.cftc.gov/files/dea/history/fut_disagg_txt_2026.zip,2026-10-08
cftc_silver_mm_net,2016-10-18,2016-10-21,41066.0,https://www.cftc.gov/files/dea/history/fut_disagg_txt_2026.zip,2026-10-08
cftc_silver_mm_net,2016-10-25,2016-10-28,38401.0,https://www.cftc.gov/files/dea/history/fut_disagg_txt_2026.zip,2026-10-08
cftc_silver_mm_net,2016-11-01,2016-11-04,47667.0,https://www.cftc.gov/files/dea/history/fut_disagg_txt_2026.zip,2026-10-08
cftc_silver_mm_net,2016-11-08,2016-11-11,56137.0,https://www.cftc.gov/files/dea/history/fut_disagg_txt_2026.zip,2026-10-08
cftc_silver_mm_net,2016-11-15,2016-11-18,47839.0,https://www.cftc.gov/files/dea/history/fut_disagg_txt_2026.zip,2026-10-08
cftc_silver_mm_net,2016-11-22,2016-11-25,42519.0,https://www.cftc.gov/files/dea/history/fut_disagg_txt_2026.zip,2026-10-08
cftc_silver_mm_net,2016-11-29,2016-12-02,42642.0,https://www.cftc.gov/files/dea/history/fut_disagg_txt_2026.zip,2026-10-08
cftc_silver_mm_net,2016-12-06,2016-12-09,40575.0,https://www.cftc.gov/files/dea/history/fut_disagg_txt_2026.zip,2026-10-08
cftc_silver_mm_net,2016-12-13,2016-12-16,45935.0,https://www.cftc.gov/files/dea/history/fut_disagg_txt_2026.zip,2026-10-08
cftc_silver_mm_net,2016-12-20,2016-12-23,43076.0,https://www.cftc.gov/files/dea/history/fut_disagg_txt_2026.zip,2026-10-08
cftc_silver_mm_net,2016-12-27,2016-12-30,39216.0,https://www.cftc.gov/files/dea/history/fut_disagg_txt_2026.zip,2026-10-08
cftc_silver_mm_net,2017-01-03,2017-01-06,42333.0,https://www.cftc.gov/files/dea/history/fut_disagg_txt_2026.zip,2026-10-08
cftc_silver_mm_net,2017-01-10,2017-01-13,46774.0,https://www.cftc.gov/files/dea/history/fut_disagg_txt_2026.zip,2026-10-08
cftc_silver_mm_net,2017-01-17,2017-01-20,51777.0,https://www.cftc.gov/files/dea/history/fut_disagg_txt_2026.zip,2026-10-08
cftc_silver_mm_net,2017-01-24,2017-01-27,56102.0,https://www.cftc.gov/files/dea/history/fut_disagg_txt_2026.zip,2026-10-08
cftc_silver_mm_net,2017-01-31,2017-02-03,63964.0,https://www.cftc.gov/files/dea/history/fut_disagg_txt_2026.zip,2026-10-08
cftc_silver_mm_net,2017-02-07,2017-02-10,65661.0,https://www.cftc.gov/files/dea/history/fut_disagg_txt_2026.zip,2026-10-08
cftc_silver_mm_net,2017-02-14,2017-02-17,72166.0,https://www.cftc.gov/files/dea/history/fut_disagg_txt_2026.zip,2026-10-08
cftc_silver_mm_net,2017-02-21,2017-02-24,77432.0,https://www.cftc.gov/files/dea/history/fut_disagg_txt_2026.zip,2026-10-08
cftc_silver_mm_net,2017-02-28,2017-03-03,84845.0,https://www.cftc.gov/files/dea/history/fut_disagg_txt_2026.zip,2026-10-08
cftc_silver_mm_net,2017-03-07,2017-03-10,83401.0,https://www.cftc.gov/files/dea/history/fut_disagg_txt_2026.zip,2026-10-08
cftc_silver_mm_net,2017-03-14,2017-03-17,67516.0,https://www.cftc.gov/files/dea/history/fut_disagg_txt_2026.zip,2026-10-08
cftc_silver_mm_net,2017-03-21,2017-03-24,64785.0,https://www.cftc.gov/files/dea/history/fut_disagg_txt_2026.zip,2026-10-08
cftc_silver_mm_net,2017-03-28,2017-03-31,81170.0,https://www.cftc.gov/files/dea/history/fut_disagg_txt_2026.zip,2026-10-08
cftc_silver_mm_net,2017-04-04,2017-04-07,93074.0,https://www.cftc.gov/files/dea/history/fut_disagg_txt_2026.zip,2026-10-08
cftc_silver_mm_net,2017-04-11,2017-04-14,98564.0,https://www.cftc.gov/files/dea/history/fut_disagg_txt_2026.zip,2026-10-08
cftc_silver_mm_net,2017-04-18,2017-04-21,96306.0,https://www.cftc.gov/files/dea/history/fut_disagg_txt_2026.zip,2026-10-08
cftc_silver_mm_net,2017-04-25,2017-04-28,80211.0,https://www.cftc.gov/files/dea/history/fut_disagg_txt_2026.zip,2026-10-08
cftc_silver_mm_net,2017-05-02,2017-05-05,54376.0,https://www.cftc.gov/files/dea/history/fut_disagg_txt_2026.zip,2026-10-08
cftc_silver_mm_net,2017-05-09,2017-05-12,33101.0,https://www.cftc.gov/files/dea/history/fut_disagg_txt_2026.zip,2026-10-08
cftc_silver_mm_net,2017-05-16,2017-05-19,17847.0,https://www.cftc.gov/files/dea/history/fut_disagg_txt_2026.zip,2026-10-08
cftc_silver_mm_net,2017-05-23,2017-05-26,29860.0,https://www.cftc.gov/files/dea/history/fut_disagg_txt_2026.zip,2026-10-08
cftc_silver_mm_net,2017-05-30,2017-06-02,42076.0,https://www.cftc.gov/files/dea/history/fut_disagg_txt_2026.zip,2026-10-08
cftc_silver_mm_net,2017-06-06,2017-06-09,50226.0,https://www.cftc.gov/files/dea/history/fut_disagg_txt_2026.zip,2026-10-08
cftc_silver_mm_net,2017-06-13,2017-06-16,43930.0,https://www.cftc.gov/files/dea/history/fut_disagg_txt_2026.zip,2026-10-08
cftc_silver_mm_net,2017-06-20,2017-06-23,26319.0,https://www.cftc.gov/files/dea/history/fut_disagg_txt_2026.zip,2026-10-08
cftc_silver_mm_net,2017-06-27,2017-06-30,11833.0,https://www.cftc.gov/files/dea/history/fut_disagg_txt_2026.zip,2026-10-08
cftc_silver_mm_net,2017-07-03,2017-07-06,1166.0,https://www.cftc.gov/files/dea/history/fut_disagg_txt_2026.zip,2026-10-08
cftc_silver_mm_net,2017-07-11,2017-07-14,-6361.0,https://www.cftc.gov/files/dea/history/fut_disagg_txt_2026.zip,2026-10-08
cftc_silver_mm_net,2017-07-18,2017-07-21,-7086.0,https://www.cftc.gov/files/dea/history/fut_disagg_txt_2026.zip,2026-10-08
cftc_silver_mm_net,2017-07-25,2017-07-28,8220.0,https://www.cftc.gov/files/dea/history/fut_disagg_txt_2026.zip,2026-10-08
cftc_silver_mm_net,2017-08-01,2017-08-04,23034.0,https://www.cftc.gov/files/dea/history/fut_disagg_txt_2026.zip,2026-10-08
cftc_silver_mm_net,2017-08-08,2017-08-11,27520.0,https://www.cftc.gov/files/dea/history/fut_disagg_txt_2026.zip,2026-10-08
cftc_silver_mm_net,2017-08-15,2017-08-18,36960.0,https://www.cftc.gov/files/dea/history/fut_disagg_txt_2026.zip,2026-10-08
cftc_silver_mm_net,2017-08-22,2017-08-25,44247.0,https://www.cftc.gov/files/dea/history/fut_disagg_txt_2026.zip,2026-10-08
cftc_silver_mm_net,2017-08-29,2017-09-01,52429.0,https://www.cftc.gov/files/dea/history/fut_disagg_txt_2026.zip,2026-10-08
cftc_silver_mm_net,2017-09-05,2017-09-08,62178.0,https://www.cftc.gov/files/dea/history/fut_disagg_txt_2026.zip,2026-10-08
cftc_silver_mm_net,2017-09-12,2017-09-15,76066.0,https://www.cftc.gov/files/dea/history/fut_disagg_txt_2026.zip,2026-10-08
cftc_silver_mm_net,2017-09-19,2017-09-22,67711.0,https://www.cftc.gov/files/dea/history/fut_disagg_txt_2026.zip,2026-10-08
cftc_silver_mm_net,2017-09-26,2017-09-29,57866.0,https://www.cftc.gov/files/dea/history/fut_disagg_txt_2026.zip,2026-10-08
cftc_silver_mm_net,2017-10-03,2017-10-06,55447.0,https://www.cftc.gov/files/dea/history/fut_disagg_txt_2026.zip,2026-10-08
cftc_silver_mm_net,2017-10-10,2017-10-13,56274.0,https://www.cftc.gov/files/dea/history/fut_disagg_txt_2026.zip,2026-10-08
cftc_silver_mm_net,2017-10-17,2017-10-20,63100.0,https://www.cftc.gov/files/dea/history/fut_disagg_txt_2026.zip,2026-10-08
cftc_silver_mm_net,2017-10-24,2017-10-27,64338.0,https://www.cftc.gov/files/dea/history/fut_disagg_txt_2026.zip,2026-10-08
cftc_silver_mm_net,2017-10-31,2017-11-03,57733.0,https://www.cftc.gov/files/dea/history/fut_disagg_txt_2026.zip,2026-10-08
cftc_silver_mm_net,2017-11-07,2017-11-10,65756.0,https://www.cftc.gov/files/dea/history/fut_disagg_txt_2026.zip,2026-10-08
cftc_silver_mm_net,2017-11-14,2017-11-17,68190.0,https://www.cftc.gov/files/dea/history/fut_disagg_txt_2026.zip,2026-10-08
cftc_silver_mm_net,2017-11-21,2017-11-24,64585.0,https://www.cftc.gov/files/dea/history/fut_disagg_txt_2026.zip,2026-10-08
cftc_silver_mm_net,2017-11-28,2017-12-01,56547.0,https://www.cftc.gov/files/dea/history/fut_disagg_txt_2026.zip,2026-10-08
cftc_silver_mm_net,2017-12-05,2017-12-08,21632.0,https://www.cftc.gov/files/dea/history/fut_disagg_txt_2026.zip,2026-10-08
cftc_silver_mm_net,2017-12-12,2017-12-15,-5649.0,https://www.cftc.gov/files/dea/history/fut_disagg_txt_2026.zip,2026-10-08
cftc_silver_mm_net,2017-12-19,2017-12-22,-14308.0,https://www.cftc.gov/files/dea/history/fut_disagg_txt_2026.zip,2026-10-08
cftc_silver_mm_net,2017-12-26,2017-12-29,-7187.0,https://www.cftc.gov/files/dea/history/fut_disagg_txt_2026.zip,2026-10-08
cftc_silver_mm_net,2018-01-02,2018-01-05,15803.0,https://www.cftc.gov/files/dea/history/fut_disagg_txt_2026.zip,2026-10-08
cftc_silver_mm_net,2018-01-09,2018-01-12,38102.0,https://www.cftc.gov/files/dea/history/fut_disagg_txt_2026.zip,2026-10-08
cftc_silver_mm_net,2018-01-16,2018-01-19,33434.0,https://www.cftc.gov/files/dea/history/fut_disagg_txt_2026.zip,2026-10-08
cftc_silver_mm_net,2018-01-23,2018-01-26,23597.0,https://www.cftc.gov/files/dea/history/fut_disagg_txt_2026.zip,2026-10-08
cftc_silver_mm_net,2018-01-30,2018-02-02,26427.0,https://www.cftc.gov/files/dea/history/fut_disagg_txt_2026.zip,2026-10-08
cftc_silver_mm_net,2018-02-06,2018-02-09,3018.0,https://www.cftc.gov/files/dea/history/fut_disagg_txt_2026.zip,2026-10-08
cftc_silver_mm_net,2018-02-13,2018-02-16,-8290.0,https://www.cftc.gov/files/dea/history/fut_disagg_txt_2026.zip,2026-10-08
cftc_silver_mm_net,2018-02-20,2018-02-23,-10522.0,https://www.cftc.gov/files/dea/history/fut_disagg_txt_2026.zip,2026-10-08
cftc_silver_mm_net,2018-02-27,2018-03-02,-16435.0,https://www.cftc.gov/files/dea/history/fut_disagg_txt_2026.zip,2026-10-08
cftc_silver_mm_net,2018-03-06,2018-03-09,-11078.0,https://www.cftc.gov/files/dea/history/fut_disagg_txt_2026.zip,2026-10-08
cftc_silver_mm_net,2018-03-13,2018-03-16,-16415.0,https://www.cftc.gov/files/dea/history/fut_disagg_txt_2026.zip,2026-10-08
cftc_silver_mm_net,2018-03-20,2018-03-23,-35833.0,https://www.cftc.gov/files/dea/history/fut_disagg_txt_2026.zip,2026-10-08
cftc_silver_mm_net,2018-03-27,2018-03-30,-34264.0,https://www.cftc.gov/files/dea/history/fut_disagg_txt_2026.zip,2026-10-08
cftc_silver_mm_net,2018-04-03,2018-04-06,-40338.0,https://www.cftc.gov/files/dea/history/fut_disagg_txt_2026.zip,2026-10-08
cftc_silver_mm_net,2018-04-10,2018-04-13,-37112.0,https://www.cftc.gov/files/dea/history/fut_disagg_txt_2026.zip,2026-10-08
cftc_silver_mm_net,2018-04-17,2018-04-20,-14757.0,https://www.cftc.gov/files/dea/history/fut_disagg_txt_2026.zip,2026-10-08
cftc_silver_mm_net,2018-04-24,2018-04-27,4200.0,https://www.cftc.gov/files/dea/history/fut_disagg_txt_2026.zip,2026-10-08
cftc_silver_mm_net,2018-05-01,2018-05-04,-23886.0,https://www.cftc.gov/files/dea/history/fut_disagg_txt_2026.zip,2026-10-08
cftc_silver_mm_net,2018-05-08,2018-05-11,-19483.0,https://www.cftc.gov/files/dea/history/fut_disagg_txt_2026.zip,2026-10-08
cftc_silver_mm_net,2018-05-15,2018-05-18,-16613.0,https://www.cftc.gov/files/dea/history/fut_disagg_txt_2026.zip,2026-10-08
cftc_silver_mm_net,2018-05-22,2018-05-25,-590.0,https://www.cftc.gov/files/dea/history/fut_disagg_txt_2026.zip,2026-10-08
cftc_silver_mm_net,2018-05-29,2018-06-01,791.0,https://www.cftc.gov/files/dea/history/fut_disagg_txt_2026.zip,2026-10-08
cftc_silver_mm_net,2018-06-05,2018-06-08,4619.0,https://www.cftc.gov/files/dea/history/fut_disagg_txt_2026.zip,2026-10-08
cftc_silver_mm_net,2018-06-12,2018-06-15,40744.0,https://www.cftc.gov/files/dea/history/fut_disagg_txt_2026.zip,2026-10-08
cftc_silver_mm_net,2018-06-19,2018-06-22,27736.0,https://www.cftc.gov/files/dea/history/fut_disagg_txt_2026.zip,2026-10-08
cftc_silver_mm_net,2018-06-26,2018-06-29,22061.0,https://www.cftc.gov/files/dea/history/fut_disagg_txt_2026.zip,2026-10-08
cftc_silver_mm_net,2018-07-03,2018-07-06,10021.0,https://www.cftc.gov/files/dea/history/fut_disagg_txt_2026.zip,2026-10-08
cftc_silver_mm_net,2018-07-10,2018-07-13,7827.0,https://www.cftc.gov/files/dea/history/fut_disagg_txt_2026.zip,2026-10-08
cftc_silver_mm_net,2018-07-17,2018-07-20,-8810.0,https://www.cftc.gov/files/dea/history/fut_disagg_txt_2026.zip,2026-10-08
cftc_silver_mm_net,2018-07-24,2018-07-27,-12634.0,https://www.cftc.gov/files/dea/history/fut_disagg_txt_2026.zip,2026-10-08
cftc_silver_mm_net,2018-07-31,2018-08-03,-7942.0,https://www.cftc.gov/files/dea/history/fut_disagg_txt_2026.zip,2026-10-08
cftc_silver_mm_net,2018-08-07,2018-08-10,-13978.0,https://www.cftc.gov/files/dea/history/fut_disagg_txt_2026.zip,2026-10-08
cftc_silver_mm_net,2018-08-14,2018-08-17,-22291.0,https://www.cftc.gov/files/dea/history/fut_disagg_txt_2026.zip,2026-10-08
cftc_silver_mm_net,2018-08-21,2018-08-24,-27717.0,https://www.cftc.gov/files/dea/history/fut_disagg_txt_2026.zip,2026-10-08
cftc_silver_mm_net,2018-08-28,2018-08-31,-35705.0,https://www.cftc.gov/files/dea/history/fut_disagg_txt_2026.zip,2026-10-08
cftc_silver_mm_net,2018-09-04,2018-09-07,-48923.0,https://www.cftc.gov/files/dea/history/fut_disagg_txt_2026.zip,2026-10-08
cftc_silver_mm_net,2018-09-11,2018-09-14,-48075.0,https://www.cftc.gov/files/dea/history/fut_disagg_txt_2026.zip,2026-10-08
cftc_silver_mm_net,2018-09-18,2018-09-21,-46751.0,https://www.cftc.gov/files/dea/history/fut_disagg_txt_2026.zip,2026-10-08
cftc_silver_mm_net,2018-09-25,2018-09-28,-42683.0,https://www.cftc.gov/files/dea/history/fut_disagg_txt_2026.zip,2026-10-08
cftc_silver_mm_net,2018-10-02,2018-10-05,-36070.0,https://www.cftc.gov/files/dea/history/fut_disagg_txt_2026.zip,2026-10-08
cftc_silver_mm_net,2018-10-09,2018-10-12,-41264.0,https://www.cftc.gov/files/dea/history/fut_disagg_txt_2026.zip,2026-10-08
cftc_silver_mm_net,2018-10-16,2018-10-19,-33399.0,https://www.cftc.gov/files/dea/history/fut_disagg_txt_2026.zip,2026-10-08
cftc_silver_mm_net,2018-10-23,2018-10-26,-21025.0,https://www.cftc.gov/files/dea/history/fut_disagg_txt_2026.zip,2026-10-08
cftc_silver_mm_net,2018-10-30,2018-11-02,-25176.0,https://www.cftc.gov/files/dea/history/fut_disagg_txt_2026.zip,2026-10-08
cftc_silver_mm_net,2018-11-06,2018-11-09,-20848.0,https://www.cftc.gov/files/dea/history/fut_disagg_txt_2026.zip,2026-10-08
cftc_silver_mm_net,2018-11-13,2018-11-16,-40833.0,https://www.cftc.gov/files/dea/history/fut_disagg_txt_2026.zip,2026-10-08
cftc_silver_mm_net,2018-11-20,2018-11-23,-32714.0,https://www.cftc.gov/files/dea/history/fut_disagg_txt_2026.zip,2026-10-08
cftc_silver_mm_net,2018-11-27,2018-11-30,-31638.0,https://www.cftc.gov/files/dea/history/fut_disagg_txt_2026.zip,2026-10-08
cftc_silver_mm_net,2018-12-04,2018-12-07,-22277.0,https://www.cftc.gov/files/dea/history/fut_disagg_txt_2026.zip,2026-10-08
cftc_silver_mm_net,2018-12-11,2018-12-14,-9154.0,https://www.cftc.gov/files/dea/history/fut_disagg_txt_2026.zip,2026-10-08
cftc_silver_mm_net,2018-12-18,2018-12-21,1789.0,https://www.cftc.gov/files/dea/history/fut_disagg_txt_2026.zip,2026-10-08
cftc_silver_mm_net,2018-12-24,2018-12-27,8812.0,https://www.cftc.gov/files/dea/history/fut_disagg_txt_2026.zip,2026-10-08
cftc_silver_mm_net,2018-12-31,2019-01-03,30046.0,https://www.cftc.gov/files/dea/history/fut_disagg_txt_2026.zip,2026-10-08
cftc_silver_mm_net,2019-01-08,2019-01-11,42711.0,https://www.cftc.gov/files/dea/history/fut_disagg_txt_2026.zip,2026-10-08
cftc_silver_mm_net,2019-01-15,2019-01-18,39231.0,https://www.cftc.gov/files/dea/history/fut_disagg_txt_2026.zip,2026-10-08
cftc_silver_mm_net,2019-01-22,2019-01-25,35173.0,https://www.cftc.gov/files/dea/history/fut_disagg_txt_2026.zip,2026-10-08
cftc_silver_mm_net,2019-01-29,2019-02-01,39919.0,https://www.cftc.gov/files/dea/history/fut_disagg_txt_2026.zip,2026-10-08
cftc_silver_mm_net,2019-02-05,2019-02-08,47729.0,https://www.cftc.gov/files/dea/history/fut_disagg_txt_2026.zip,2026-10-08
cftc_silver_mm_net,2019-02-12,2019-02-15,41901.0,https://www.cftc.gov/files/dea/history/fut_disagg_txt_2026.zip,2026-10-08
cftc_silver_mm_net,2019-02-19,2019-02-22,38800.0,https://www.cftc.gov/files/dea/history/fut_disagg_txt_2026.zip,2026-10-08
cftc_silver_mm_net,2019-02-26,2019-03-01,47762.0,https://www.cftc.gov/files/dea/history/fut_disagg_txt_2026.zip,2026-10-08
cftc_silver_mm_net,2019-03-05,2019-03-08,17856.0,https://www.cftc.gov/files/dea/history/fut_disagg_txt_2026.zip,2026-10-08
cftc_silver_mm_net,2019-03-12,2019-03-15,9487.0,https://www.cftc.gov/files/dea/history/fut_disagg_txt_2026.zip,2026-10-08
cftc_silver_mm_net,2019-03-19,2019-03-22,9716.0,https://www.cftc.gov/files/dea/history/fut_disagg_txt_2026.zip,2026-10-08
cftc_silver_mm_net,2019-03-26,2019-03-29,12306.0,https://www.cftc.gov/files/dea/history/fut_disagg_txt_2026.zip,2026-10-08
cftc_silver_mm_net,2019-04-02,2019-04-05,-1724.0,https://www.cftc.gov/files/dea/history/fut_disagg_txt_2026.zip,2026-10-08
cftc_silver_mm_net,2019-04-09,2019-04-12,-2532.0,https://www.cftc.gov/files/dea/history/fut_disagg_txt_2026.zip,2026-10-08
cftc_silver_mm_net,2019-04-16,2019-04-19,-10928.0,https://www.cftc.gov/files/dea/history/fut_disagg_txt_2026.zip,2026-10-08
cftc_silver_mm_net,2019-04-23,2019-04-26,-17539.0,https://www.cftc.gov/files/dea/history/fut_disagg_txt_2026.zip,2026-10-08
cftc_silver_mm_net,2019-04-30,2019-05-03,-13738.0,https://www.cftc.gov/files/dea/history/fut_disagg_txt_2026.zip,2026-10-08
cftc_silver_mm_net,2019-05-07,2019-05-10,-14139.0,https://www.cftc.gov/files/dea/history/fut_disagg_txt_2026.zip,2026-10-08
cftc_silver_mm_net,2019-05-14,2019-05-17,-14197.0,https://www.cftc.gov/files/dea/history/fut_disagg_txt_2026.zip,2026-10-08
cftc_silver_mm_net,2019-05-21,2019-05-24,-29431.0,https://www.cftc.gov/files/dea/history/fut_disagg_txt_2026.zip,2026-10-08
cftc_silver_mm_net,2019-05-28,2019-05-31,-38007.0,https://www.cftc.gov/files/dea/history/fut_disagg_txt_2026.zip,2026-10-08
cftc_silver_mm_net,2019-06-04,2019-06-07,-19536.0,https://www.cftc.gov/files/dea/history/fut_disagg_txt_2026.zip,2026-10-08
cftc_silver_mm_net,2019-06-11,2019-06-14,-8060.0,https://www.cftc.gov/files/dea/history/fut_disagg_txt_2026.zip,2026-10-08
cftc_silver_mm_net,2019-06-18,2019-06-21,4315.0,https://www.cftc.gov/files/dea/history/fut_disagg_txt_2026.zip,2026-10-08
cftc_silver_mm_net,2019-06-25,2019-06-28,23261.0,https://www.cftc.gov/files/dea/history/fut_disagg_txt_2026.zip,2026-10-08
cftc_silver_mm_net,2019-07-02,2019-07-05,21923.0,https://www.cftc.gov/files/dea/history/fut_disagg_txt_2026.zip,2026-10-08
cftc_silver_mm_net,2019-07-09,2019-07-12,15527.0,https://www.cftc.gov/files/dea/history/fut_disagg_txt_2026.zip,2026-10-08
cftc_silver_mm_net,2019-07-16,2019-07-19,27764.0,https://www.cftc.gov/files/dea/history/fut_disagg_txt_2026.zip,2026-10-08
cftc_silver_mm_net,2019-07-23,2019-07-26,51656.0,https://www.cftc.gov/files/dea/history/fut_disagg_txt_2026.zip,2026-10-08
cftc_silver_mm_net,2019-07-30,2019-08-02,62562.0,https://www.cftc.gov/files/dea/history/fut_disagg_txt_2026.zip,2026-10-08
cftc_silver_mm_net,2019-08-06,2019-08-09,46862.0,https://www.cftc.gov/files/dea/history/fut_disagg_txt_2026.zip,2026-10-08
cftc_silver_mm_net,2019-08-13,2019-08-16,33960.0,https://www.cftc.gov/files/dea/history/fut_disagg_txt_2026.zip,2026-10-08
cftc_silver_mm_net,2019-08-20,2019-08-23,43896.0,https://www.cftc.gov/files/dea/history/fut_disagg_txt_2026.zip,2026-10-08
cftc_silver_mm_net,2019-08-27,2019-08-30,55788.0,https://www.cftc.gov/files/dea/history/fut_disagg_txt_2026.zip,2026-10-08
cftc_silver_mm_net,2019-09-03,2019-09-06,60882.0,https://www.cftc.gov/files/dea/history/fut_disagg_txt_2026.zip,2026-10-08
cftc_silver_mm_net,2019-09-10,2019-09-13,59586.0,https://www.cftc.gov/files/dea/history/fut_disagg_txt_2026.zip,2026-10-08
cftc_silver_mm_net,2019-09-17,2019-09-20,52620.0,https://www.cftc.gov/files/dea/history/fut_disagg_txt_2026.zip,2026-10-08
cftc_silver_mm_net,2019-09-24,2019-09-27,48934.0,https://www.cftc.gov/files/dea/history/fut_disagg_txt_2026.zip,2026-10-08
cftc_silver_mm_net,2019-10-01,2019-10-04,44203.0,https://www.cftc.gov/files/dea/history/fut_disagg_txt_2026.zip,2026-10-08
cftc_silver_mm_net,2019-10-08,2019-10-11,46206.0,https://www.cftc.gov/files/dea/history/fut_disagg_txt_2026.zip,2026-10-08
cftc_silver_mm_net,2019-10-15,2019-10-18,40632.0,https://www.cftc.gov/files/dea/history/fut_disagg_txt_2026.zip,2026-10-08
cftc_silver_mm_net,2019-10-22,2019-10-25,43016.0,https://www.cftc.gov/files/dea/history/fut_disagg_txt_2026.zip,2026-10-08
cftc_silver_mm_net,2019-10-29,2019-11-01,47585.0,https://www.cftc.gov/files/dea/history/fut_disagg_txt_2026.zip,2026-10-08
cftc_silver_mm_net,2019-11-05,2019-11-08,41138.0,https://www.cftc.gov/files/dea/history/fut_disagg_txt_2026.zip,2026-10-08
cftc_silver_mm_net,2019-11-12,2019-11-15,31577.0,https://www.cftc.gov/files/dea/history/fut_disagg_txt_2026.zip,2026-10-08
cftc_silver_mm_net,2019-11-19,2019-11-22,39845.0,https://www.cftc.gov/files/dea/history/fut_disagg_txt_2026.zip,2026-10-08
cftc_silver_mm_net,2019-11-26,2019-11-29,48139.0,https://www.cftc.gov/files/dea/history/fut_disagg_txt_2026.zip,2026-10-08
cftc_silver_mm_net,2019-12-03,2019-12-06,44173.0,https://www.cftc.gov/files/dea/history/fut_disagg_txt_2026.zip,2026-10-08
cftc_silver_mm_net,2019-12-10,2019-12-13,29212.0,https://www.cftc.gov/files/dea/history/fut_disagg_txt_2026.zip,2026-10-08
cftc_silver_mm_net,2019-12-17,2019-12-20,35479.0,https://www.cftc.gov/files/dea/history/fut_disagg_txt_2026.zip,2026-10-08
cftc_silver_mm_net,2019-12-24,2019-12-27,52897.0,https://www.cftc.gov/files/dea/history/fut_disagg_txt_2026.zip,2026-10-08
cftc_silver_mm_net,2019-12-31,2020-01-03,58868.0,https://www.cftc.gov/files/dea/history/fut_disagg_txt_2026.zip,2026-10-08
cftc_silver_mm_net,2020-01-07,2020-01-10,57014.0,https://www.cftc.gov/files/dea/history/fut_disagg_txt_2026.zip,2026-10-08
cftc_silver_mm_net,2020-01-14,2020-01-17,57179.0,https://www.cftc.gov/files/dea/history/fut_disagg_txt_2026.zip,2026-10-08
cftc_silver_mm_net,2020-01-21,2020-01-24,56558.0,https://www.cftc.gov/files/dea/history/fut_disagg_txt_2026.zip,2026-10-08
cftc_silver_mm_net,2020-01-28,2020-01-31,47967.0,https://www.cftc.gov/files/dea/history/fut_disagg_txt_2026.zip,2026-10-08
cftc_silver_mm_net,2020-02-04,2020-02-07,55218.0,https://www.cftc.gov/files/dea/history/fut_disagg_txt_2026.zip,2026-10-08
cftc_silver_mm_net,2020-02-11,2020-02-14,54707.0,https://www.cftc.gov/files/dea/history/fut_disagg_txt_2026.zip,2026-10-08
cftc_silver_mm_net,2020-02-18,2020-02-21,65952.0,https://www.cftc.gov/files/dea/history/fut_disagg_txt_2026.zip,2026-10-08
cftc_silver_mm_net,2020-02-25,2020-02-28,61689.0,https://www.cftc.gov/files/dea/history/fut_disagg_txt_2026.zip,2026-10-08
cftc_silver_mm_net,2020-03-03,2020-03-06,28971.0,https://www.cftc.gov/files/dea/history/fut_disagg_txt_2026.zip,2026-10-08
cftc_silver_mm_net,2020-03-10,2020-03-13,26746.0,https://www.cftc.gov/files/dea/history/fut_disagg_txt_2026.zip,2026-10-08
cftc_silver_mm_net,2020-03-17,2020-03-20,21938.0,https://www.cftc.gov/files/dea/history/fut_disagg_txt_2026.zip,2026-10-08
cftc_silver_mm_net,2020-03-24,2020-03-27,14011.0,https://www.cftc.gov/files/dea/history/fut_disagg_txt_2026.zip,2026-10-08
cftc_silver_mm_net,2020-03-31,2020-04-03,17974.0,https://www.cftc.gov/files/dea/history/fut_disagg_txt_2026.zip,2026-10-08
cftc_silver_mm_net,2020-04-07,2020-04-10,16622.0,https://www.cftc.gov/files/dea/history/fut_disagg_txt_2026.zip,2026-10-08
cftc_silver_mm_net,2020-04-14,2020-04-17,15448.0,https://www.cftc.gov/files/dea/history/fut_disagg_txt_2026.zip,2026-10-08
cftc_silver_mm_net,2020-04-21,2020-04-24,13791.0,https://www.cftc.gov/files/dea/history/fut_disagg_txt_2026.zip,2026-10-08
cftc_silver_mm_net,2020-04-28,2020-05-01,14489.0,https://www.cftc.gov/files/dea/history/fut_disagg_txt_2026.zip,2026-10-08
cftc_silver_mm_net,2020-05-05,2020-05-08,10467.0,https://www.cftc.gov/files/dea/history/fut_disagg_txt_2026.zip,2026-10-08
cftc_silver_mm_net,2020-05-12,2020-05-15,13943.0,https://www.cftc.gov/files/dea/history/fut_disagg_txt_2026.zip,2026-10-08
cftc_silver_mm_net,2020-05-19,2020-05-22,21466.0,https://www.cftc.gov/files/dea/history/fut_disagg_txt_2026.zip,2026-10-08
cftc_silver_mm_net,2020-05-26,2020-05-29,26107.0,https://www.cftc.gov/files/dea/history/fut_disagg_txt_2026.zip,2026-10-08
cftc_silver_mm_net,2020-06-02,2020-06-05,26718.0,https://www.cftc.gov/files/dea/history/fut_disagg_txt_2026.zip,2026-10-08
cftc_silver_mm_net,2020-06-09,2020-06-12,23022.0,https://www.cftc.gov/files/dea/history/fut_disagg_txt_2026.zip,2026-10-08
cftc_silver_mm_net,2020-06-16,2020-06-19,27238.0,https://www.cftc.gov/files/dea/history/fut_disagg_txt_2026.zip,2026-10-08
cftc_silver_mm_net,2020-06-23,2020-06-26,28743.0,https://www.cftc.gov/files/dea/history/fut_disagg_txt_2026.zip,2026-10-08
cftc_silver_mm_net,2020-06-30,2020-07-03,35150.0,https://www.cftc.gov/files/dea/history/fut_disagg_txt_2026.zip,2026-10-08
cftc_silver_mm_net,2020-07-07,2020-07-10,36016.0,https://www.cftc.gov/files/dea/history/fut_disagg_txt_2026.zip,2026-10-08
cftc_silver_mm_net,2020-07-14,2020-07-17,42627.0,https://www.cftc.gov/files/dea/history/fut_disagg_txt_2026.zip,2026-10-08
cftc_silver_mm_net,2020-07-21,2020-07-24,48656.0,https://www.cftc.gov/files/dea/history/fut_disagg_txt_2026.zip,2026-10-08
cftc_silver_mm_net,2020-07-28,2020-07-31,32775.0,https://www.cftc.gov/files/dea/history/fut_disagg_txt_2026.zip,2026-10-08
cftc_silver_mm_net,2020-08-04,2020-08-07,32127.0,https://www.cftc.gov/files/dea/history/fut_disagg_txt_2026.zip,2026-10-08
cftc_silver_mm_net,2020-08-11,2020-08-14,23978.0,https://www.cftc.gov/files/dea/history/fut_disagg_txt_2026.zip,2026-10-08
cftc_silver_mm_net,2020-08-18,2020-08-21,32257.0,https://www.cftc.gov/files/dea/history/fut_disagg_txt_2026.zip,2026-10-08
cftc_silver_mm_net,2020-08-25,2020-08-28,38080.0,https://www.cftc.gov/files/dea/history/fut_disagg_txt_2026.zip,2026-10-08
cftc_silver_mm_net,2020-09-01,2020-09-04,37587.0,https://www.cftc.gov/files/dea/history/fut_disagg_txt_2026.zip,2026-10-08
cftc_silver_mm_net,2020-09-08,2020-09-11,35824.0,https://www.cftc.gov/files/dea/history/fut_disagg_txt_2026.zip,2026-10-08
cftc_silver_mm_net,2020-09-15,2020-09-18,39265.0,https://www.cftc.gov/files/dea/history/fut_disagg_txt_2026.zip,2026-10-08
cftc_silver_mm_net,2020-09-22,2020-09-25,36495.0,https://www.cftc.gov/files/dea/history/fut_disagg_txt_2026.zip,2026-10-08
cftc_silver_mm_net,2020-09-29,2020-10-02,35671.0,https://www.cftc.gov/files/dea/history/fut_disagg_txt_2026.zip,2026-10-08
cftc_silver_mm_net,2020-10-06,2020-10-09,35268.0,https://www.cftc.gov/files/dea/history/fut_disagg_txt_2026.zip,2026-10-08
cftc_silver_mm_net,2020-10-13,2020-10-16,34134.0,https://www.cftc.gov/files/dea/history/fut_disagg_txt_2026.zip,2026-10-08
cftc_silver_mm_net,2020-10-20,2020-10-23,39975.0,https://www.cftc.gov/files/dea/history/fut_disagg_txt_2026.zip,2026-10-08
cftc_silver_mm_net,2020-10-27,2020-10-30,41632.0,https://www.cftc.gov/files/dea/history/fut_disagg_txt_2026.zip,2026-10-08
cftc_silver_mm_net,2020-11-03,2020-11-06,40683.0,https://www.cftc.gov/files/dea/history/fut_disagg_txt_2026.zip,2026-10-08
cftc_silver_mm_net,2020-11-10,2020-11-13,40677.0,https://www.cftc.gov/files/dea/history/fut_disagg_txt_2026.zip,2026-10-08
cftc_silver_mm_net,2020-11-17,2020-11-20,43209.0,https://www.cftc.gov/files/dea/history/fut_disagg_txt_2026.zip,2026-10-08
cftc_silver_mm_net,2020-11-24,2020-11-27,41657.0,https://www.cftc.gov/files/dea/history/fut_disagg_txt_2026.zip,2026-10-08
cftc_silver_mm_net,2020-12-01,2020-12-04,42706.0,https://www.cftc.gov/files/dea/history/fut_disagg_txt_2026.zip,2026-10-08
cftc_silver_mm_net,2020-12-08,2020-12-11,42782.0,https://www.cftc.gov/files/dea/history/fut_disagg_txt_2026.zip,2026-10-08
cftc_silver_mm_net,2020-12-15,2020-12-18,43180.0,https://www.cftc.gov/files/dea/history/fut_disagg_txt_2026.zip,2026-10-08
cftc_silver_mm_net,2020-12-21,2020-12-24,47244.0,https://www.cftc.gov/files/dea/history/fut_disagg_txt_2026.zip,2026-10-08
cftc_silver_mm_net,2020-12-29,2021-01-01,46006.0,https://www.cftc.gov/files/dea/history/fut_disagg_txt_2026.zip,2026-10-08
cftc_silver_mm_net,2021-01-05,2021-01-08,45890.0,https://www.cftc.gov/files/dea/history/fut_disagg_txt_2026.zip,2026-10-08
cftc_silver_mm_net,2021-01-12,2021-01-15,41944.0,https://www.cftc.gov/files/dea/history/fut_disagg_txt_2026.zip,2026-10-08
cftc_silver_mm_net,2021-01-19,2021-01-22,40162.0,https://www.cftc.gov/files/dea/history/fut_disagg_txt_2026.zip,2026-10-08
cftc_silver_mm_net,2021-01-26,2021-01-29,42998.0,https://www.cftc.gov/files/dea/history/fut_disagg_txt_2026.zip,2026-10-08
cftc_silver_mm_net,2021-02-02,2021-02-05,38638.0,https://www.cftc.gov/files/dea/history/fut_disagg_txt_2026.zip,2026-10-08
cftc_silver_mm_net,2021-02-09,2021-02-12,37445.0,https://www.cftc.gov/files/dea/history/fut_disagg_txt_2026.zip,2026-10-08
cftc_silver_mm_net,2021-02-16,2021-02-19,38764.0,https://www.cftc.gov/files/dea/history/fut_disagg_txt_2026.zip,2026-10-08
cftc_silver_mm_net,2021-02-23,2021-02-26,37502.0,https://www.cftc.gov/files/dea/history/fut_disagg_txt_2026.zip,2026-10-08
cftc_silver_mm_net,2021-03-02,2021-03-05,29525.0,https://www.cftc.gov/files/dea/history/fut_disagg_txt_2026.zip,2026-10-08
cftc_silver_mm_net,2021-03-09,2021-03-12,26326.0,https://www.cftc.gov/files/dea/history/fut_disagg_txt_2026.zip,2026-10-08
cftc_silver_mm_net,2021-03-16,2021-03-19,24594.0,https://www.cftc.gov/files/dea/history/fut_disagg_txt_2026.zip,2026-10-08
cftc_silver_mm_net,2021-03-23,2021-03-26,21869.0,https://www.cftc.gov/files/dea/history/fut_disagg_txt_2026.zip,2026-10-08
cftc_silver_mm_net,2021-03-30,2021-04-02,20836.0,https://www.cftc.gov/files/dea/history/fut_disagg_txt_2026.zip,2026-10-08
cftc_silver_mm_net,2021-04-06,2021-04-09,24438.0,https://www.cftc.gov/files/dea/history/fut_disagg_txt_2026.zip,2026-10-08
cftc_silver_mm_net,2021-04-13,2021-04-16,28567.0,https://www.cftc.gov/files/dea/history/fut_disagg_txt_2026.zip,2026-10-08
cftc_silver_mm_net,2021-04-20,2021-04-23,33987.0,https://www.cftc.gov/files/dea/history/fut_disagg_txt_2026.zip,2026-10-08
cftc_silver_mm_net,2021-04-27,2021-04-30,36556.0,https://www.cftc.gov/files/dea/history/fut_disagg_txt_2026.zip,2026-10-08
cftc_silver_mm_net,2021-05-04,2021-05-07,42554.0,https://www.cftc.gov/files/dea/history/fut_disagg_txt_2026.zip,2026-10-08
cftc_silver_mm_net,2021-05-11,2021-05-14,46491.0,https://www.cftc.gov/files/dea/history/fut_disagg_txt_2026.zip,2026-10-08
cftc_silver_mm_net,2021-05-18,2021-05-21,45011.0,https://www.cftc.gov/files/dea/history/fut_disagg_txt_2026.zip,2026-10-08
cftc_silver_mm_net,2021-05-25,2021-05-28,43666.0,https://www.cftc.gov/files/dea/history/fut_disagg_txt_2026.zip,2026-10-08
cftc_silver_mm_net,2021-06-01,2021-06-04,40679.0,https://www.cftc.gov/files/dea/history/fut_disagg_txt_2026.zip,2026-10-08
cftc_silver_mm_net,2021-06-08,2021-06-11,42384.0,https://www.cftc.gov/files/dea/history/fut_disagg_txt_2026.zip,2026-10-08
cftc_silver_mm_net,2021-06-15,2021-06-18,44265.0,https://www.cftc.gov/files/dea/history/fut_disagg_txt_2026.zip,2026-10-08
cftc_silver_mm_net,2021-06-22,2021-06-25,29532.0,https://www.cftc.gov/files/dea/history/fut_disagg_txt_2026.zip,2026-10-08
cftc_silver_mm_net,2021-06-29,2021-07-02,32854.0,https://www.cftc.gov/files/dea/history/fut_disagg_txt_2026.zip,2026-10-08
cftc_silver_mm_net,2021-07-06,2021-07-09,34999.0,https://www.cftc.gov/files/dea/history/fut_disagg_txt_2026.zip,2026-10-08
cftc_silver_mm_net,2021-07-13,2021-07-16,34155.0,https://www.cftc.gov/files/dea/history/fut_disagg_txt_2026.zip,2026-10-08
cftc_silver_mm_net,2021-07-20,2021-07-23,26082.0,https://www.cftc.gov/files/dea/history/fut_disagg_txt_2026.zip,2026-10-08
cftc_silver_mm_net,2021-07-27,2021-07-30,20926.0,https://www.cftc.gov/files/dea/history/fut_disagg_txt_2026.zip,2026-10-08
cftc_silver_mm_net,2021-08-03,2021-08-06,25410.0,https://www.cftc.gov/files/dea/history/fut_disagg_txt_2026.zip,2026-10-08
cftc_silver_mm_net,2021-08-10,2021-08-13,11740.0,https://www.cftc.gov/files/dea/history/fut_disagg_txt_2026.zip,2026-10-08
cftc_silver_mm_net,2021-08-17,2021-08-20,9755.0,https://www.cftc.gov/files/dea/history/fut_disagg_txt_2026.zip,2026-10-08
cftc_silver_mm_net,2021-08-24,2021-08-27,10624.0,https://www.cftc.gov/files/dea/history/fut_disagg_txt_2026.zip,2026-10-08
cftc_silver_mm_net,2021-08-31,2021-09-03,12273.0,https://www.cftc.gov/files/dea/history/fut_disagg_txt_2026.zip,2026-10-08
cftc_silver_mm_net,2021-09-07,2021-09-10,17776.0,https://www.cftc.gov/files/dea/history/fut_disagg_txt_2026.zip,2026-10-08
cftc_silver_mm_net,2021-09-14,2021-09-17,14086.0,https://www.cftc.gov/files/dea/history/fut_disagg_txt_2026.zip,2026-10-08
cftc_silver_mm_net,2021-09-21,2021-09-24,1310.0,https://www.cftc.gov/files/dea/history/fut_disagg_txt_2026.zip,2026-10-08
cftc_silver_mm_net,2021-09-28,2021-10-01,3524.0,https://www.cftc.gov/files/dea/history/fut_disagg_txt_2026.zip,2026-10-08
cftc_silver_mm_net,2021-10-05,2021-10-08,4644.0,https://www.cftc.gov/files/dea/history/fut_disagg_txt_2026.zip,2026-10-08
cftc_silver_mm_net,2021-10-12,2021-10-15,5056.0,https://www.cftc.gov/files/dea/history/fut_disagg_txt_2026.zip,2026-10-08
cftc_silver_mm_net,2021-10-19,2021-10-22,19437.0,https://www.cftc.gov/files/dea/history/fut_disagg_txt_2026.zip,2026-10-08
cftc_silver_mm_net,2021-10-26,2021-10-29,29132.0,https://www.cftc.gov/files/dea/history/fut_disagg_txt_2026.zip,2026-10-08
cftc_silver_mm_net,2021-11-02,2021-11-05,23969.0,https://www.cftc.gov/files/dea/history/fut_disagg_txt_2026.zip,2026-10-08
cftc_silver_mm_net,2021-11-09,2021-11-12,27248.0,https://www.cftc.gov/files/dea/history/fut_disagg_txt_2026.zip,2026-10-08
cftc_silver_mm_net,2021-11-16,2021-11-19,35290.0,https://www.cftc.gov/files/dea/history/fut_disagg_txt_2026.zip,2026-10-08
cftc_silver_mm_net,2021-11-23,2021-11-26,29813.0,https://www.cftc.gov/files/dea/history/fut_disagg_txt_2026.zip,2026-10-08
cftc_silver_mm_net,2021-11-30,2021-12-03,27524.0,https://www.cftc.gov/files/dea/history/fut_disagg_txt_2026.zip,2026-10-08
cftc_silver_mm_net,2021-12-07,2021-12-10,17665.0,https://www.cftc.gov/files/dea/history/fut_disagg_txt_2026.zip,2026-10-08
cftc_silver_mm_net,2021-12-14,2021-12-17,9205.0,https://www.cftc.gov/files/dea/history/fut_disagg_txt_2026.zip,2026-10-08
cftc_silver_mm_net,2021-12-21,2021-12-24,10658.0,https://www.cftc.gov/files/dea/history/fut_disagg_txt_2026.zip,2026-10-08
cftc_silver_mm_net,2021-12-28,2021-12-31,17446.0,https://www.cftc.gov/files/dea/history/fut_disagg_txt_2026.zip,2026-10-08
cftc_silver_mm_net,2022-01-04,2022-01-07,21777.0,https://www.cftc.gov/files/dea/history/fut_disagg_txt_2026.zip,2026-10-08
cftc_silver_mm_net,2022-01-11,2022-01-14,17802.0,https://www.cftc.gov/files/dea/history/fut_disagg_txt_2026.zip,2026-10-08
cftc_silver_mm_net,2022-01-18,2022-01-21,23716.0,https://www.cftc.gov/files/dea/history/fut_disagg_txt_2026.zip,2026-10-08
cftc_silver_mm_net,2022-01-25,2022-01-28,27419.0,https://www.cftc.gov/files/dea/history/fut_disagg_txt_2026.zip,2026-10-08
cftc_silver_mm_net,2022-02-01,2022-02-04,11959.0,https://www.cftc.gov/files/dea/history/fut_disagg_txt_2026.zip,2026-10-08
cftc_silver_mm_net,2022-02-08,2022-02-11,10161.0,https://www.cftc.gov/files/dea/history/fut_disagg_txt_2026.zip,2026-10-08
cftc_silver_mm_net,2022-02-15,2022-02-18,17465.0,https://www.cftc.gov/files/dea/history/fut_disagg_txt_2026.zip,2026-10-08
cftc_silver_mm_net,2022-02-22,2022-02-25,25649.0,https://www.cftc.gov/files/dea/history/fut_disagg_txt_2026.zip,2026-10-08
cftc_silver_mm_net,2022-03-01,2022-03-04,42295.0,https://www.cftc.gov/files/dea/history/fut_disagg_txt_2026.zip,2026-10-08
cftc_silver_mm_net,2022-03-08,2022-03-11,48680.0,https://www.cftc.gov/files/dea/history/fut_disagg_txt_2026.zip,2026-10-08
cftc_silver_mm_net,2022-03-15,2022-03-18,48043.0,https://www.cftc.gov/files/dea/history/fut_disagg_txt_2026.zip,2026-10-08
cftc_silver_mm_net,2022-03-22,2022-03-25,43828.0,https://www.cftc.gov/files/dea/history/fut_disagg_txt_2026.zip,2026-10-08
cftc_silver_mm_net,2022-03-29,2022-04-01,42131.0,https://www.cftc.gov/files/dea/history/fut_disagg_txt_2026.zip,2026-10-08
cftc_silver_mm_net,2022-04-05,2022-04-08,38965.0,https://www.cftc.gov/files/dea/history/fut_disagg_txt_2026.zip,2026-10-08
cftc_silver_mm_net,2022-04-12,2022-04-15,42080.0,https://www.cftc.gov/files/dea/history/fut_disagg_txt_2026.zip,2026-10-08
cftc_silver_mm_net,2022-04-19,2022-04-22,40718.0,https://www.cftc.gov/files/dea/history/fut_disagg_txt_2026.zip,2026-10-08
cftc_silver_mm_net,2022-04-26,2022-04-29,26398.0,https://www.cftc.gov/files/dea/history/fut_disagg_txt_2026.zip,2026-10-08
cftc_silver_mm_net,2022-05-03,2022-05-06,15190.0,https://www.cftc.gov/files/dea/history/fut_disagg_txt_2026.zip,2026-10-08
cftc_silver_mm_net,2022-05-10,2022-05-13,1846.0,https://www.cftc.gov/files/dea/history/fut_disagg_txt_2026.zip,2026-10-08
cftc_silver_mm_net,2022-05-17,2022-05-20,327.0,https://www.cftc.gov/files/dea/history/fut_disagg_txt_2026.zip,2026-10-08
cftc_silver_mm_net,2022-05-24,2022-05-27,-859.0,https://www.cftc.gov/files/dea/history/fut_disagg_txt_2026.zip,2026-10-08
cftc_silver_mm_net,2022-05-31,2022-06-03,3051.0,https://www.cftc.gov/files/dea/history/fut_disagg_txt_2026.zip,2026-10-08
cftc_silver_mm_net,2022-06-07,2022-06-10,6832.0,https://www.cftc.gov/files/dea/history/fut_disagg_txt_2026.zip,2026-10-08
cftc_silver_mm_net,2022-06-14,2022-06-17,1609.0,https://www.cftc.gov/files/dea/history/fut_disagg_txt_2026.zip,2026-10-08
cftc_silver_mm_net,2022-06-21,2022-06-24,7230.0,https://www.cftc.gov/files/dea/history/fut_disagg_txt_2026.zip,2026-10-08
cftc_silver_mm_net,2022-06-28,2022-07-01,745.0,https://www.cftc.gov/files/dea/history/fut_disagg_txt_2026.zip,2026-10-08
cftc_silver_mm_net,2022-07-05,2022-07-08,-8745.0,https://www.cftc.gov/files/dea/history/fut_disagg_txt_2026.zip,2026-10-08
cftc_silver_mm_net,2022-07-12,2022-07-15,-10448.0,https://www.cftc.gov/files/dea/history/fut_disagg_txt_2026.zip,2026-10-08
cftc_silver_mm_net,2022-07-19,2022-07-22,-14041.0,https://www.cftc.gov/files/dea/history/fut_disagg_txt_2026.zip,2026-10-08
cftc_silver_mm_net,2022-07-26,2022-07-29,-17818.0,https://www.cftc.gov/files/dea/history/fut_disagg_txt_2026.zip,2026-10-08
cftc_silver_mm_net,2022-08-02,2022-08-05,-8856.0,https://www.cftc.gov/files/dea/history/fut_disagg_txt_2026.zip,2026-10-08
cftc_silver_mm_net,2022-08-09,2022-08-12,-6543.0,https://www.cftc.gov/files/dea/history/fut_disagg_txt_2026.zip,2026-10-08
cftc_silver_mm_net,2022-08-16,2022-08-19,-6091.0,https://www.cftc.gov/files/dea/history/fut_disagg_txt_2026.zip,2026-10-08
cftc_silver_mm_net,2022-08-23,2022-08-26,-15824.0,https://www.cftc.gov/files/dea/history/fut_disagg_txt_2026.zip,2026-10-08
cftc_silver_mm_net,2022-08-30,2022-09-02,-21031.0,https://www.cftc.gov/files/dea/history/fut_disagg_txt_2026.zip,2026-10-08
cftc_silver_mm_net,2022-09-06,2022-09-09,-24743.0,https://www.cftc.gov/files/dea/history/fut_disagg_txt_2026.zip,2026-10-08
cftc_silver_mm_net,2022-09-13,2022-09-16,-8285.0,https://www.cftc.gov/files/dea/history/fut_disagg_txt_2026.zip,2026-10-08
cftc_silver_mm_net,2022-09-20,2022-09-23,-8021.0,https://www.cftc.gov/files/dea/history/fut_disagg_txt_2026.zip,2026-10-08
cftc_silver_mm_net,2022-09-27,2022-09-30,-8093.0,https://www.cftc.gov/files/dea/history/fut_disagg_txt_2026.zip,2026-10-08
cftc_silver_mm_net,2022-10-04,2022-10-07,5637.0,https://www.cftc.gov/files/dea/history/fut_disagg_txt_2026.zip,2026-10-08
cftc_silver_mm_net,2022-10-11,2022-10-14,115.0,https://www.cftc.gov/files/dea/history/fut_disagg_txt_2026.zip,2026-10-08
cftc_silver_mm_net,2022-10-18,2022-10-21,-7712.0,https://www.cftc.gov/files/dea/history/fut_disagg_txt_2026.zip,2026-10-08
cftc_silver_mm_net,2022-10-25,2022-10-28,-7718.0,https://www.cftc.gov/files/dea/history/fut_disagg_txt_2026.zip,2026-10-08
cftc_silver_mm_net,2022-11-01,2022-11-04,-5435.0,https://www.cftc.gov/files/dea/history/fut_disagg_txt_2026.zip,2026-10-08
cftc_silver_mm_net,2022-11-08,2022-11-11,9392.0,https://www.cftc.gov/files/dea/history/fut_disagg_txt_2026.zip,2026-10-08
cftc_silver_mm_net,2022-11-15,2022-11-18,13109.0,https://www.cftc.gov/files/dea/history/fut_disagg_txt_2026.zip,2026-10-08
cftc_silver_mm_net,2022-11-22,2022-11-25,11699.0,https://www.cftc.gov/files/dea/history/fut_disagg_txt_2026.zip,2026-10-08
cftc_silver_mm_net,2022-11-29,2022-12-02,13593.0,https://www.cftc.gov/files/dea/history/fut_disagg_txt_2026.zip,2026-10-08
cftc_silver_mm_net,2022-12-06,2022-12-09,13338.0,https://www.cftc.gov/files/dea/history/fut_disagg_txt_2026.zip,2026-10-08
cftc_silver_mm_net,2022-12-13,2022-12-16,19698.0,https://www.cftc.gov/files/dea/history/fut_disagg_txt_2026.zip,2026-10-08
cftc_silver_mm_net,2022-12-20,2022-12-23,27931.0,https://www.cftc.gov/files/dea/history/fut_disagg_txt_2026.zip,2026-10-08
cftc_silver_mm_net,2022-12-27,2022-12-30,28816.0,https://www.cftc.gov/files/dea/history/fut_disagg_txt_2026.zip,2026-10-08
cftc_silver_mm_net,2023-01-03,2023-01-06,27777.0,https://www.cftc.gov/files/dea/history/fut_disagg_txt_2026.zip,2026-10-08
cftc_silver_mm_net,2023-01-10,2023-01-13,23234.0,https://www.cftc.gov/files/dea/history/fut_disagg_txt_2026.zip,2026-10-08
cftc_silver_mm_net,2023-01-17,2023-01-20,26468.0,https://www.cftc.gov/files/dea/history/fut_disagg_txt_2026.zip,2026-10-08
cftc_silver_mm_net,2023-01-24,2023-01-27,19821.0,https://www.cftc.gov/files/dea/history/fut_disagg_txt_2026.zip,2026-10-08
cftc_silver_mm_net,2023-01-31,2023-02-03,23787.0,https://www.cftc.gov/files/dea/history/fut_disagg_txt_2026.zip,2026-10-08
cftc_silver_mm_net,2023-02-07,2023-02-10,5817.0,https://www.cftc.gov/files/dea/history/fut_disagg_txt_2026.zip,2026-10-08
cftc_silver_mm_net,2023-02-14,2023-02-17,5318.0,https://www.cftc.gov/files/dea/history/fut_disagg_txt_2026.zip,2026-10-08
cftc_silver_mm_net,2023-02-21,2023-02-24,5083.0,https://www.cftc.gov/files/dea/history/fut_disagg_txt_2026.zip,2026-10-08
cftc_silver_mm_net,2023-02-28,2023-03-03,-7288.0,https://www.cftc.gov/files/dea/history/fut_disagg_txt_2026.zip,2026-10-08
cftc_silver_mm_net,2023-03-07,2023-03-10,-17402.0,https://www.cftc.gov/files/dea/history/fut_disagg_txt_2026.zip,2026-10-08
cftc_silver_mm_net,2023-03-14,2023-03-17,-4699.0,https://www.cftc.gov/files/dea/history/fut_disagg_txt_2026.zip,2026-10-08
cftc_silver_mm_net,2023-03-21,2023-03-24,-277.0,https://www.cftc.gov/files/dea/history/fut_disagg_txt_2026.zip,2026-10-08
cftc_silver_mm_net,2023-03-28,2023-03-31,10281.0,https://www.cftc.gov/files/dea/history/fut_disagg_txt_2026.zip,2026-10-08
cftc_silver_mm_net,2023-04-04,2023-04-07,18445.0,https://www.cftc.gov/files/dea/history/fut_disagg_txt_2026.zip,2026-10-08
cftc_silver_mm_net,2023-04-11,2023-04-14,17790.0,https://www.cftc.gov/files/dea/history/fut_disagg_txt_2026.zip,2026-10-08
cftc_silver_mm_net,2023-04-18,2023-04-21,19813.0,https://www.cftc.gov/files/dea/history/fut_disagg_txt_2026.zip,2026-10-08
cftc_silver_mm_net,2023-04-25,2023-04-28,24072.0,https://www.cftc.gov/files/dea/history/fut_disagg_txt_2026.zip,2026-10-08
cftc_silver_mm_net,2023-05-02,2023-05-05,25614.0,https://www.cftc.gov/files/dea/history/fut_disagg_txt_2026.zip,2026-10-08
cftc_silver_mm_net,2023-05-09,2023-05-12,25389.0,https://www.cftc.gov/files/dea/history/fut_disagg_txt_2026.zip,2026-10-08
cftc_silver_mm_net,2023-05-16,2023-05-19,12740.0,https://www.cftc.gov/files/dea/history/fut_disagg_txt_2026.zip,2026-10-08
cftc_silver_mm_net,2023-05-23,2023-05-26,12680.0,https://www.cftc.gov/files/dea/history/fut_disagg_txt_2026.zip,2026-10-08
cftc_silver_mm_net,2023-05-30,2023-06-02,9274.0,https://www.cftc.gov/files/dea/history/fut_disagg_txt_2026.zip,2026-10-08
cftc_silver_mm_net,2023-06-06,2023-06-09,9995.0,https://www.cftc.gov/files/dea/history/fut_disagg_txt_2026.zip,2026-10-08
cftc_silver_mm_net,2023-06-13,2023-06-16,12997.0,https://www.cftc.gov/files/dea/history/fut_disagg_txt_2026.zip,2026-10-08
cftc_silver_mm_net,2023-06-20,2023-06-23,10256.0,https://www.cftc.gov/files/dea/history/fut_disagg_txt_2026.zip,2026-10-08
cftc_silver_mm_net,2023-06-27,2023-06-30,10906.0,https://www.cftc.gov/files/dea/history/fut_disagg_txt_2026.zip,2026-10-08
cftc_silver_mm_net,2023-07-03,2023-07-06,9796.0,https://www.cftc.gov/files/dea/history/fut_disagg_txt_2026.zip,2026-10-08
cftc_silver_mm_net,2023-07-11,2023-07-14,5498.0,https://www.cftc.gov/files/dea/history/fut_disagg_txt_2026.zip,2026-10-08
cftc_silver_mm_net,2023-07-18,2023-07-21,29689.0,https://www.cftc.gov/files/dea/history/fut_disagg_txt_2026.zip,2026-10-08
cftc_silver_mm_net,2023-07-25,2023-07-28,19601.0,https://www.cftc.gov/files/dea/history/fut_disagg_txt_2026.zip,2026-10-08
cftc_silver_mm_net,2023-08-01,2023-08-04,12658.0,https://www.cftc.gov/files/dea/history/fut_disagg_txt_2026.zip,2026-10-08
cftc_silver_mm_net,2023-08-08,2023-08-11,-3781.0,https://www.cftc.gov/files/dea/history/fut_disagg_txt_2026.zip,2026-10-08
cftc_silver_mm_net,2023-08-15,2023-08-18,-6670.0,https://www.cftc.gov/files/dea/history/fut_disagg_txt_2026.zip,2026-10-08
cftc_silver_mm_net,2023-08-22,2023-08-25,1383.0,https://www.cftc.gov/files/dea/history/fut_disagg_txt_2026.zip,2026-10-08
cftc_silver_mm_net,2023-08-29,2023-09-01,16479.0,https://www.cftc.gov/files/dea/history/fut_disagg_txt_2026.zip,2026-10-08
cftc_silver_mm_net,2023-09-05,2023-09-08,13348.0,https://www.cftc.gov/files/dea/history/fut_disagg_txt_2026.zip,2026-10-08
cftc_silver_mm_net,2023-09-12,2023-09-15,568.0,https://www.cftc.gov/files/dea/history/fut_disagg_txt_2026.zip,2026-10-08
cftc_silver_mm_net,2023-09-19,2023-09-22,1354.0,https://www.cftc.gov/files/dea/history/fut_disagg_txt_2026.zip,2026-10-08
cftc_silver_mm_net,2023-09-26,2023-09-29,5267.0,https://www.cftc.gov/files/dea/history/fut_disagg_txt_2026.zip,2026-10-08
cftc_silver_mm_net,2023-10-03,2023-10-06,-2250.0,https://www.cftc.gov/files/dea/history/fut_disagg_txt_2026.zip,2026-10-08
cftc_silver_mm_net,2023-10-10,2023-10-13,-4947.0,https://www.cftc.gov/files/dea/history/fut_disagg_txt_2026.zip,2026-10-08
cftc_silver_mm_net,2023-10-17,2023-10-20,3326.0,https://www.cftc.gov/files/dea/history/fut_disagg_txt_2026.zip,2026-10-08
cftc_silver_mm_net,2023-10-24,2023-10-27,7244.0,https://www.cftc.gov/files/dea/history/fut_disagg_txt_2026.zip,2026-10-08
cftc_silver_mm_net,2023-10-31,2023-11-03,4635.0,https://www.cftc.gov/files/dea/history/fut_disagg_txt_2026.zip,2026-10-08
cftc_silver_mm_net,2023-11-07,2023-11-10,350.0,https://www.cftc.gov/files/dea/history/fut_disagg_txt_2026.zip,2026-10-08
cftc_silver_mm_net,2023-11-14,2023-11-17,6705.0,https://www.cftc.gov/files/dea/history/fut_disagg_txt_2026.zip,2026-10-08
cftc_silver_mm_net,2023-11-21,2023-11-24,11469.0,https://www.cftc.gov/files/dea/history/fut_disagg_txt_2026.zip,2026-10-08
cftc_silver_mm_net,2023-11-28,2023-12-01,23762.0,https://www.cftc.gov/files/dea/history/fut_disagg_txt_2026.zip,2026-10-08
cftc_silver_mm_net,2023-12-05,2023-12-08,21530.0,https://www.cftc.gov/files/dea/history/fut_disagg_txt_2026.zip,2026-10-08
cftc_silver_mm_net,2023-12-12,2023-12-15,8667.0,https://www.cftc.gov/files/dea/history/fut_disagg_txt_2026.zip,2026-10-08
cftc_silver_mm_net,2023-12-19,2023-12-22,14871.0,https://www.cftc.gov/files/dea/history/fut_disagg_txt_2026.zip,2026-10-08
cftc_silver_mm_net,2023-12-26,2023-12-29,16797.0,https://www.cftc.gov/files/dea/history/fut_disagg_txt_2026.zip,2026-10-08
cftc_silver_mm_net,2024-01-02,2024-01-05,16057.0,https://www.cftc.gov/files/dea/history/fut_disagg_txt_2026.zip,2026-10-08
cftc_silver_mm_net,2024-01-09,2024-01-12,8348.0,https://www.cftc.gov/files/dea/history/fut_disagg_txt_2026.zip,2026-10-08
cftc_silver_mm_net,2024-01-16,2024-01-19,6223.0,https://www.cftc.gov/files/dea/history/fut_disagg_txt_2026.zip,2026-10-08
cftc_silver_mm_net,2024-01-23,2024-01-26,-2654.0,https://www.cftc.gov/files/dea/history/fut_disagg_txt_2026.zip,2026-10-08
cftc_silver_mm_net,2024-01-30,2024-02-02,4331.0,https://www.cftc.gov/files/dea/history/fut_disagg_txt_2026.zip,2026-10-08
cftc_silver_mm_net,2024-02-06,2024-02-09,-4599.0,https://www.cftc.gov/files/dea/history/fut_disagg_txt_2026.zip,2026-10-08
cftc_silver_mm_net,2024-02-13,2024-02-16,-8983.0,https://www.cftc.gov/files/dea/history/fut_disagg_txt_2026.zip,2026-10-08
cftc_silver_mm_net,2024-02-20,2024-02-23,4925.0,https://www.cftc.gov/files/dea/history/fut_disagg_txt_2026.zip,2026-10-08
cftc_silver_mm_net,2024-02-27,2024-03-01,-4083.0,https://www.cftc.gov/files/dea/history/fut_disagg_txt_2026.zip,2026-10-08
cftc_silver_mm_net,2024-03-05,2024-03-08,14812.0,https://www.cftc.gov/files/dea/history/fut_disagg_txt_2026.zip,2026-10-08
cftc_silver_mm_net,2024-03-12,2024-03-15,25794.0,https://www.cftc.gov/files/dea/history/fut_disagg_txt_2026.zip,2026-10-08
cftc_silver_mm_net,2024-03-19,2024-03-22,37122.0,https://www.cftc.gov/files/dea/history/fut_disagg_txt_2026.zip,2026-10-08
cftc_silver_mm_net,2024-03-26,2024-03-29,29939.0,https://www.cftc.gov/files/dea/history/fut_disagg_txt_2026.zip,2026-10-08
cftc_silver_mm_net,2024-04-02,2024-04-05,33301.0,https://www.cftc.gov/files/dea/history/fut_disagg_txt_2026.zip,2026-10-08
cftc_silver_mm_net,2024-04-09,2024-04-12,36631.0,https://www.cftc.gov/files/dea/history/fut_disagg_txt_2026.zip,2026-10-08
cftc_silver_mm_net,2024-04-16,2024-04-19,40190.0,https://www.cftc.gov/files/dea/history/fut_disagg_txt_2026.zip,2026-10-08
cftc_silver_mm_net,2024-04-23,2024-04-26,39393.0,https://www.cftc.gov/files/dea/history/fut_disagg_txt_2026.zip,2026-10-08
cftc_silver_mm_net,2024-04-30,2024-05-03,33886.0,https://www.cftc.gov/files/dea/history/fut_disagg_txt_2026.zip,2026-10-08
cftc_silver_mm_net,2024-05-07,2024-05-10,34194.0,https://www.cftc.gov/files/dea/history/fut_disagg_txt_2026.zip,2026-10-08
cftc_silver_mm_net,2024-05-14,2024-05-17,39696.0,https://www.cftc.gov/files/dea/history/fut_disagg_txt_2026.zip,2026-10-08
cftc_silver_mm_net,2024-05-21,2024-05-24,36170.0,https://www.cftc.gov/files/dea/history/fut_disagg_txt_2026.zip,2026-10-08
cftc_silver_mm_net,2024-05-28,2024-05-31,37755.0,https://www.cftc.gov/files/dea/history/fut_disagg_txt_2026.zip,2026-10-08
cftc_silver_mm_net,2024-06-04,2024-06-07,34331.0,https://www.cftc.gov/files/dea/history/fut_disagg_txt_2026.zip,2026-10-08
cftc_silver_mm_net,2024-06-11,2024-06-14,28060.0,https://www.cftc.gov/files/dea/history/fut_disagg_txt_2026.zip,2026-10-08
cftc_silver_mm_net,2024-06-18,2024-06-21,31049.0,https://www.cftc.gov/files/dea/history/fut_disagg_txt_2026.zip,2026-10-08
cftc_silver_mm_net,2024-06-25,2024-06-28,32346.0,https://www.cftc.gov/files/dea/history/fut_disagg_txt_2026.zip,2026-10-08
cftc_silver_mm_net,2024-07-02,2024-07-05,31557.0,https://www.cftc.gov/files/dea/history/fut_disagg_txt_2026.zip,2026-10-08
cftc_silver_mm_net,2024-07-09,2024-07-12,37902.0,https://www.cftc.gov/files/dea/history/fut_disagg_txt_2026.zip,2026-10-08
cftc_silver_mm_net,2024-07-16,2024-07-19,36675.0,https://www.cftc.gov/files/dea/history/fut_disagg_txt_2026.zip,2026-10-08
cftc_silver_mm_net,2024-07-23,2024-07-26,25354.0,https://www.cftc.gov/files/dea/history/fut_disagg_txt_2026.zip,2026-10-08
cftc_silver_mm_net,2024-07-30,2024-08-02,24215.0,https://www.cftc.gov/files/dea/history/fut_disagg_txt_2026.zip,2026-10-08
cftc_silver_mm_net,2024-08-06,2024-08-09,24384.0,https://www.cftc.gov/files/dea/history/fut_disagg_txt_2026.zip,2026-10-08
cftc_silver_mm_net,2024-08-13,2024-08-16,23334.0,https://www.cftc.gov/files/dea/history/fut_disagg_txt_2026.zip,2026-10-08
cftc_silver_mm_net,2024-08-20,2024-08-23,29839.0,https://www.cftc.gov/files/dea/history/fut_disagg_txt_2026.zip,2026-10-08
cftc_silver_mm_net,2024-08-27,2024-08-30,33187.0,https://www.cftc.gov/files/dea/history/fut_disagg_txt_2026.zip,2026-10-08
cftc_silver_mm_net,2024-09-03,2024-09-06,25299.0,https://www.cftc.gov/files/dea/history/fut_disagg_txt_2026.zip,2026-10-08
cftc_silver_mm_net,2024-09-10,2024-09-13,25821.0,https://www.cftc.gov/files/dea/history/fut_disagg_txt_2026.zip,2026-10-08
cftc_silver_mm_net,2024-09-17,2024-09-20,39619.0,https://www.cftc.gov/files/dea/history/fut_disagg_txt_2026.zip,2026-10-08
cftc_silver_mm_net,2024-09-24,2024-09-27,43175.0,https://www.cftc.gov/files/dea/history/fut_disagg_txt_2026.zip,2026-10-08
cftc_silver_mm_net,2024-10-01,2024-10-04,37338.0,https://www.cftc.gov/files/dea/history/fut_disagg_txt_2026.zip,2026-10-08
cftc_silver_mm_net,2024-10-08,2024-10-11,34636.0,https://www.cftc.gov/files/dea/history/fut_disagg_txt_2026.zip,2026-10-08
cftc_silver_mm_net,2024-10-15,2024-10-18,34701.0,https://www.cftc.gov/files/dea/history/fut_disagg_txt_2026.zip,2026-10-08
cftc_silver_mm_net,2024-10-22,2024-10-25,45635.0,https://www.cftc.gov/files/dea/history/fut_disagg_txt_2026.zip,2026-10-08
cftc_silver_mm_net,2024-10-29,2024-11-01,39753.0,https://www.cftc.gov/files/dea/history/fut_disagg_txt_2026.zip,2026-10-08
cftc_silver_mm_net,2024-11-05,2024-11-08,32297.0,https://www.cftc.gov/files/dea/history/fut_disagg_txt_2026.zip,2026-10-08
cftc_silver_mm_net,2024-11-12,2024-11-15,24225.0,https://www.cftc.gov/files/dea/history/fut_disagg_txt_2026.zip,2026-10-08
cftc_silver_mm_net,2024-11-19,2024-11-22,25938.0,https://www.cftc.gov/files/dea/history/fut_disagg_txt_2026.zip,2026-10-08
cftc_silver_mm_net,2024-11-26,2024-11-29,23105.0,https://www.cftc.gov/files/dea/history/fut_disagg_txt_2026.zip,2026-10-08
cftc_silver_mm_net,2024-12-03,2024-12-06,24332.0,https://www.cftc.gov/files/dea/history/fut_disagg_txt_2026.zip,2026-10-08
cftc_silver_mm_net,2024-12-10,2024-12-13,29320.0,https://www.cftc.gov/files/dea/history/fut_disagg_txt_2026.zip,2026-10-08
cftc_silver_mm_net,2024-12-17,2024-12-20,21879.0,https://www.cftc.gov/files/dea/history/fut_disagg_txt_2026.zip,2026-10-08
cftc_silver_mm_net,2024-12-24,2024-12-27,20548.0,https://www.cftc.gov/files/dea/history/fut_disagg_txt_2026.zip,2026-10-08
cftc_silver_mm_net,2024-12-31,2025-01-03,17170.0,https://www.cftc.gov/files/dea/history/fut_disagg_txt_2026.zip,2026-10-08
cftc_silver_mm_net,2025-01-07,2025-01-10,25439.0,https://www.cftc.gov/files/dea/history/fut_disagg_txt_2026.zip,2026-10-08
cftc_silver_mm_net,2025-01-14,2025-01-17,29343.0,https://www.cftc.gov/files/dea/history/fut_disagg_txt_2026.zip,2026-10-08
cftc_silver_mm_net,2025-01-21,2025-01-24,29221.0,https://www.cftc.gov/files/dea/history/fut_disagg_txt_2026.zip,2026-10-08
cftc_silver_mm_net,2025-01-28,2025-01-31,25950.0,https://www.cftc.gov/files/dea/history/fut_disagg_txt_2026.zip,2026-10-08
cftc_silver_mm_net,2025-02-04,2025-02-07,36247.0,https://www.cftc.gov/files/dea/history/fut_disagg_txt_2026.zip,2026-10-08
cftc_silver_mm_net,2025-02-11,2025-02-14,34376.0,https://www.cftc.gov/files/dea/history/fut_disagg_txt_2026.zip,2026-10-08
cftc_silver_mm_net,2025-02-18,2025-02-21,38306.0,https://www.cftc.gov/files/dea/history/fut_disagg_txt_2026.zip,2026-10-08
cftc_silver_mm_net,2025-02-25,2025-02-28,32939.0,https://www.cftc.gov/files/dea/history/fut_disagg_txt_2026.zip,2026-10-08
cftc_silver_mm_net,2025-03-04,2025-03-07,34098.0,https://www.cftc.gov/files/dea/history/fut_disagg_txt_2026.zip,2026-10-08
cftc_silver_mm_net,2025-03-11,2025-03-14,41977.0,https://www.cftc.gov/files/dea/history/fut_disagg_txt_2026.zip,2026-10-08
cftc_silver_mm_net,2025-03-18,2025-03-21,49488.0,https://www.cftc.gov/files/dea/history/fut_disagg_txt_2026.zip,2026-10-08
cftc_silver_mm_net,2025-03-25,2025-03-28,45392.0,https://www.cftc.gov/files/dea/history/fut_disagg_txt_2026.zip,2026-10-08
cftc_silver_mm_net,2025-04-01,2025-04-04,41019.0,https://www.cftc.gov/files/dea/history/fut_disagg_txt_2026.zip,2026-10-08
cftc_silver_mm_net,2025-04-08,2025-04-11,22685.0,https://www.cftc.gov/files/dea/history/fut_disagg_txt_2026.zip,2026-10-08
cftc_silver_mm_net,2025-04-15,2025-04-18,23552.0,https://www.cftc.gov/files/dea/history/fut_disagg_txt_2026.zip,2026-10-08
cftc_silver_mm_net,2025-04-22,2025-04-25,25891.0,https://www.cftc.gov/files/dea/history/fut_disagg_txt_2026.zip,2026-10-08
cftc_silver_mm_net,2025-04-29,2025-05-02,30738.0,https://www.cftc.gov/files/dea/history/fut_disagg_txt_2026.zip,2026-10-08
cftc_silver_mm_net,2025-05-06,2025-05-09,29882.0,https://www.cftc.gov/files/dea/history/fut_disagg_txt_2026.zip,2026-10-08
cftc_silver_mm_net,2025-05-13,2025-05-16,28333.0,https://www.cftc.gov/files/dea/history/fut_disagg_txt_2026.zip,2026-10-08
cftc_silver_mm_net,2025-05-20,2025-05-23,30445.0,https://www.cftc.gov/files/dea/history/fut_disagg_txt_2026.zip,2026-10-08
cftc_silver_mm_net,2025-05-27,2025-05-30,33212.0,https://www.cftc.gov/files/dea/history/fut_disagg_txt_2026.zip,2026-10-08
cftc_silver_mm_net,2025-06-03,2025-06-06,44833.0,https://www.cftc.gov/files/dea/history/fut_disagg_txt_2026.zip,2026-10-08
cftc_silver_mm_net,2025-06-10,2025-06-13,47933.0,https://www.cftc.gov/files/dea/history/fut_disagg_txt_2026.zip,2026-10-08
cftc_silver_mm_net,2025-06-17,2025-06-20,48865.0,https://www.cftc.gov/files/dea/history/fut_disagg_txt_2026.zip,2026-10-08
cftc_silver_mm_net,2025-06-24,2025-06-27,45111.0,https://www.cftc.gov/files/dea/history/fut_disagg_txt_2026.zip,2026-10-08
cftc_silver_mm_net,2025-07-01,2025-07-04,44927.0,https://www.cftc.gov/files/dea/history/fut_disagg_txt_2026.zip,2026-10-08
cftc_silver_mm_net,2025-07-08,2025-07-11,42756.0,https://www.cftc.gov/files/dea/history/fut_disagg_txt_2026.zip,2026-10-08
cftc_silver_mm_net,2025-07-15,2025-07-18,43206.0,https://www.cftc.gov/files/dea/history/fut_disagg_txt_2026.zip,2026-10-08
cftc_silver_mm_net,2025-07-22,2025-07-25,44014.0,https://www.cftc.gov/files/dea/history/fut_disagg_txt_2026.zip,2026-10-08
cftc_silver_mm_net,2025-07-29,2025-08-01,43024.0,https://www.cftc.gov/files/dea/history/fut_disagg_txt_2026.zip,2026-10-08
cftc_silver_mm_net,2025-08-05,2025-08-08,29823.0,https://www.cftc.gov/files/dea/history/fut_disagg_txt_2026.zip,2026-10-08
cftc_silver_mm_net,2025-08-12,2025-08-15,27280.0,https://www.cftc.gov/files/dea/history/fut_disagg_txt_2026.zip,2026-10-08
cftc_silver_mm_net,2025-08-19,2025-08-22,28046.0,https://www.cftc.gov/files/dea/history/fut_disagg_txt_2026.zip,2026-10-08
cftc_silver_mm_net,2025-08-26,2025-08-29,32971.0,https://www.cftc.gov/files/dea/history/fut_disagg_txt_2026.zip,2026-10-08
cftc_silver_mm_net,2025-09-02,2025-09-05,38770.0,https://www.cftc.gov/files/dea/history/fut_disagg_txt_2026.zip,2026-10-08
cftc_silver_mm_net,2025-09-09,2025-09-12,35855.0,https://www.cftc.gov/files/dea/history/fut_disagg_txt_2026.zip,2026-10-08
cftc_silver_mm_net,2025-09-16,2025-09-19,35806.0,https://www.cftc.gov/files/dea/history/fut_disagg_txt_2026.zip,2026-10-08
cftc_silver_mm_net,2025-09-23,2025-09-26,37099.0,https://www.cftc.gov/files/dea/history/fut_disagg_txt_2026.zip,2026-10-08
cftc_silver_mm_net,2025-09-30,2025-10-03,34921.0,https://www.cftc.gov/files/dea/history/fut_disagg_txt_2026.zip,2026-10-08
cftc_silver_mm_net,2025-10-07,2025-10-10,27493.0,https://www.cftc.gov/files/dea/history/fut_disagg_txt_2026.zip,2026-10-08
cftc_silver_mm_net,2025-10-14,2025-10-17,23038.0,https://www.cftc.gov/files/dea/history/fut_disagg_txt_2026.zip,2026-10-08
cftc_silver_mm_net,2025-10-21,2025-10-24,17212.0,https://www.cftc.gov/files/dea/history/fut_disagg_txt_2026.zip,2026-10-08
cftc_silver_mm_net,2025-10-28,2025-10-31,21899.0,https://www.cftc.gov/files/dea/history/fut_disagg_txt_2026.zip,2026-10-08
cftc_silver_mm_net,2025-11-04,2025-11-07,19157.0,https://www.cftc.gov/files/dea/history/fut_disagg_txt_2026.zip,2026-10-08
cftc_silver_mm_net,2025-11-10,2025-11-13,22655.0,https://www.cftc.gov/files/dea/history/fut_disagg_txt_2026.zip,2026-10-08
cftc_silver_mm_net,2025-11-18,2025-11-21,20234.0,https://www.cftc.gov/files/dea/history/fut_disagg_txt_2026.zip,2026-10-08
cftc_silver_mm_net,2025-11-25,2025-11-28,19061.0,https://www.cftc.gov/files/dea/history/fut_disagg_txt_2026.zip,2026-10-08
cftc_silver_mm_net,2025-12-02,2025-12-05,18974.0,https://www.cftc.gov/files/dea/history/fut_disagg_txt_2026.zip,2026-10-08
cftc_silver_mm_net,2025-12-09,2025-12-12,25775.0,https://www.cftc.gov/files/dea/history/fut_disagg_txt_2026.zip,2026-10-08
cftc_silver_mm_net,2025-12-16,2025-12-19,21887.0,https://www.cftc.gov/files/dea/history/fut_disagg_txt_2026.zip,2026-10-08
cftc_silver_mm_net,2025-12-23,2025-12-26,21608.0,https://www.cftc.gov/files/dea/history/fut_disagg_txt_2026.zip,2026-10-08
cftc_silver_mm_net,2025-12-30,2026-01-02,14008.0,https://www.cftc.gov/files/dea/history/fut_disagg_txt_2026.zip,2026-10-08
cftc_silver_mm_net,2026-01-06,2026-01-09,15822.0,https://www.cftc.gov/files/dea/history/fut_disagg_txt_2026.zip,2026-10-08
cftc_silver_mm_net,2026-01-13,2026-01-16,13792.0,https://www.cftc.gov/files/dea/history/fut_disagg_txt_2026.zip,2026-10-08
cftc_silver_mm_net,2026-01-20,2026-01-23,9946.0,https://www.cftc.gov/files/dea/history/fut_disagg_txt_2026.zip,2026-10-08
cftc_silver_mm_net,2026-01-27,2026-01-30,7699.0,https://www.cftc.gov/files/dea/history/fut_disagg_txt_2026.zip,2026-10-08
cftc_silver_mm_net,2026-02-03,2026-02-06,4983.0,https://www.cftc.gov/files/dea/history/fut_disagg_txt_2026.zip,2026-10-08
cftc_silver_mm_net,2026-02-10,2026-02-13,4569.0,https://www.cftc.gov/files/dea/history/fut_disagg_txt_2026.zip,2026-10-08
cftc_silver_mm_net,2026-02-17,2026-02-20,5968.0,https://www.cftc.gov/files/dea/history/fut_disagg_txt_2026.zip,2026-10-08
cftc_silver_mm_net,2026-02-24,2026-02-27,8523.0,https://www.cftc.gov/files/dea/history/fut_disagg_txt_2026.zip,2026-10-08
cftc_silver_mm_net,2026-03-03,2026-03-06,7766.0,https://www.cftc.gov/files/dea/history/fut_disagg_txt_2026.zip,2026-10-08
cftc_silver_mm_net,2026-03-10,2026-03-13,10289.0,https://www.cftc.gov/files/dea/history/fut_disagg_txt_2026.zip,2026-10-08
cftc_silver_mm_net,2026-03-17,2026-03-20,9647.0,https://www.cftc.gov/files/dea/history/fut_disagg_txt_2026.zip,2026-10-08
cftc_silver_mm_net,2026-03-24,2026-03-27,11158.0,https://www.cftc.gov/files/dea/history/fut_disagg_txt_2026.zip,2026-10-08
cftc_silver_mm_net,2026-03-31,2026-04-03,11266.0,https://www.cftc.gov/files/dea/history/fut_disagg_txt_2026.zip,2026-10-08
cftc_silver_mm_net,2026-04-07,2026-04-10,10398.0,https://www.cftc.gov/files/dea/history/fut_disagg_txt_2026.zip,2026-10-08
cftc_silver_mm_net,2026-04-14,2026-04-17,11270.0,https://www.cftc.gov/files/dea/history/fut_disagg_txt_2026.zip,2026-10-08
cftc_silver_mm_net,2026-04-21,2026-04-24,8868.0,https://www.cftc.gov/files/dea/history/fut_disagg_txt_2026.zip,2026-10-08
cftc_silver_mm_net,2026-04-28,2026-05-01,10606.0,https://www.cftc.gov/files/dea/history/fut_disagg_txt_2026.zip,2026-10-08
cftc_silver_mm_net,2026-05-05,2026-05-08,10843.0,https://www.cftc.gov/files/dea/history/fut_disagg_txt_2026.zip,2026-10-08
cftc_silver_mm_net,2026-05-12,2026-05-15,15761.0,https://www.cftc.gov/files/dea/history/fut_disagg_txt_2026.zip,2026-10-08
cftc_silver_mm_net,2026-05-19,2026-05-22,11564.0,https://www.cftc.gov/files/dea/history/fut_disagg_txt_2026.zip,2026-10-08
cftc_silver_mm_net,2026-05-26,2026-05-29,10055.0,https://www.cftc.gov/files/dea/history/fut_disagg_txt_2026.zip,2026-10-08
cftc_silver_mm_net,2026-06-02,2026-06-05,10444.0,https://www.cftc.gov/files/dea/history/fut_disagg_txt_2026.zip,2026-10-08
cftc_silver_mm_net,2026-06-09,2026-06-12,10403.0,https://www.cftc.gov/files/dea/history/fut_disagg_txt_2026.zip,2026-10-08
cftc_silver_mm_net,2026-06-16,2026-06-19,12885.0,https://www.cftc.gov/files/dea/history/fut_disagg_txt_2026.zip,2026-10-08
cftc_silver_mm_net,2026-06-23,2026-06-26,11741.0,https://www.cftc.gov/files/dea/history/fut_disagg_txt_2026.zip,2026-10-08
cftc_silver_mm_net,2026-06-30,2026-07-03,13782.0,https://www.cftc.gov/files/dea/history/fut_disagg_txt_2026.zip,2026-10-08
cftc_silver_mm_net,2026-07-07,2026-07-10,13201.0,https://www.cftc.gov/files/dea/history/fut_disagg_txt_2026.zip,2026-10-08
cftc_silver_mm_net,2026-07-14,2026-07-17,11501.0,https://www.cftc.gov/files/dea/history/fut_disagg_txt_2026.zip,2026-10-08
cftc_silver_mm_net,2026-07-21,2026-07-24,11282.0,https://www.cftc.gov/files/dea/history/fut_disagg_txt_2026.zip,2026-10-08
cftc_silver_mm_net,2026-07-28,2026-07-31,9182.0,https://www.cftc.gov/files/dea/history/fut_disagg_txt_2026.zip,2026-10-08
cftc_silver_mm_net,2026-08-04,2026-08-07,11974.0,https://www.cftc.gov/files/dea/history/fut_disagg_txt_2026.zip,2026-10-08
cftc_silver_mm_net,2026-08-11,2026-08-14,11158.0,https://www.cftc.gov/files/dea/history/fut_disagg_txt_2026.zip,2026-10-08
cftc_silver_mm_net,2026-08-18,2026-08-21,11695.0,https://www.cftc.gov/files/dea/history/fut_disagg_txt_2026.zip,2026-10-08
cftc_silver_mm_net,2026-08-25,2026-08-28,14073.0,https://www.cftc.gov/files/dea/history/fut_disagg_txt_2026.zip,2026-10-08
cftc_silver_mm_net,2026-09-01,2026-09-04,12598.0,https://www.cftc.gov/files/dea/history/fut_disagg_txt_2026.zip,2026-10-08
cftc_silver_mm_net,2026-09-08,2026-09-11,14386.0,https://www.cftc.gov/files/dea/history/fut_disagg_txt_2026.zip,2026-10-08
cftc_silver_mm_net,2026-09-15,2026-09-18,13124.0,https://www.cftc.gov/files/dea/history/fut_disagg_txt_2026.zip,2026-10-08
cftc_silver_mm_net,2026-09-22,2026-09-25,13309.0,https://www.cftc.gov/files/dea/history/fut_disagg_txt_2026.zip,2026-10-08
cftc_silver_mm_net,2026-09-29,2026-10-02,7614.0,https://www.cftc.gov/files/dea/history/fut_disagg_txt_2026.zip,2026-10-08
