series_id,ref_date,available_date,value,source,fetched_at
cftc_copper_oi,2006-06-13,2006-06-16,78658.0,https://www.cftc.gov/files/dea/history/fut_disagg_txt_2026.zip,2026-10-08
cftc_copper_oi,2006-06-20,2006-06-23,76311.0,https://www.cftc.gov/files/dea/history/fut_disagg_txt_2026.zip,2026-10-08
cftc_copper_oi,2006-06-27,2006-06-30,73323.0,https://www.cftc.gov/files/dea/history/fut_disagg_txt_2026.zip,2026-10-08
cftc_copper_oi,2006-07-03,2006-07-06,72880.0,https://www.cftc.gov/files/dea/history/fut_disagg_txt_2026.zip,2026-10-08
cftc_copper_oi,2006-07-11,2006-07-14,74754.0,https://www.cftc.gov/files/dea/history/fut_disagg_txt_2026.zip,2026-10-08
cftc_copper_oi,2006-07-18,2006-07-21,76332.0,https://www.cftc.gov/files/dea/history/fut_disagg_txt_2026.zip,2026-10-08
cftc_copper_oi,2006-07-25,2006-07-28,73348.0,https://www.cftc.gov/files/dea/history/fut_disagg_txt_2026.zip,2026-10-08
cftc_copper_oi,2006-08-01,2006-08-04,71537.0,https://www.cftc.gov/files/dea/history/fut_disagg_txt_2026.zip,2026-10-08
cftc_copper_oi,2006-08-08,2006-08-11,72385.0,https://www.cftc.gov/files/dea/history/fut_disagg_txt_2026.zip,2026-10-08
cftc_copper_oi,2006-08-15,2006-08-18,74277.0,https://www.cftc.gov/files/dea/history/fut_disagg_txt_2026.zip,2026-10-08
cftc_copper_oi,2006-08-22,2006-08-25,72057.0,https://www.cftc.gov/files/dea/history/fut_disagg_txt_2026.zip,2026-10-08
cftc_copper_oi,2006-08-29,2006-09-01,69311.0,https://www.cftc.gov/files/dea/history/fut_disagg_txt_2026.zip,2026-10-08
cftc_copper_oi,2006-09-05,2006-09-08,69247.0,https://www.cftc.gov/files/dea/history/fut_disagg_txt_2026.zip,2026-10-08
cftc_copper_oi,2006-09-12,2006-09-15,68944.0,https://www.cftc.gov/files/dea/history/fut_disagg_txt_2026.zip,2026-10-08
cftc_copper_oi,2006-09-19,2006-09-22,68168.0,https://www.cftc.gov/files/dea/history/fut_disagg_txt_2026.zip,2026-10-08
cftc_copper_oi,2006-09-26,2006-09-29,67977.0,https://www.cftc.gov/files/dea/history/fut_disagg_txt_2026.zip,2026-10-08
cftc_copper_oi,2006-10-03,2006-10-06,69400.0,https://www.cftc.gov/files/dea/history/fut_disagg_txt_2026.zip,2026-10-08
cftc_copper_oi,2006-10-10,2006-10-13,69015.0,https://www.cftc.gov/files/dea/history/fut_disagg_txt_2026.zip,2026-10-08
cftc_copper_oi,2006-10-17,2006-10-20,72713.0,https://www.cftc.gov/files/dea/history/fut_disagg_txt_2026.zip,2026-10-08
cftc_copper_oi,2006-10-24,2006-10-27,75321.0,https://www.cftc.gov/files/dea/history/fut_disagg_txt_2026.zip,2026-10-08
cftc_copper_oi,2006-10-31,2006-11-03,74423.0,https://www.cftc.gov/files/dea/history/fut_disagg_txt_2026.zip,2026-10-08
cftc_copper_oi,2006-11-07,2006-11-10,72371.0,https://www.cftc.gov/files/dea/history/fut_disagg_txt_2026.zip,2026-10-08
cftc_copper_oi,2006-11-14,2006-11-17,73681.0,https://www.cftc.gov/files/dea/history/fut_disagg_txt_2026.zip,2026-10-08
cftc_copper_oi,2006-11-21,2006-11-24,73218.0,https://www.cftc.gov/files/dea/history/fut_disagg_txt_2026.zip,2026-10-08
cftc_copper_oi,2006-11-28,2006-12-01,70308.0,https://www.cftc.gov/files/dea/history/fut_disagg_txt_2026.zip,2026-10-08
cftc_copper_oi,2006-12-05,2006-12-08,68793.0,https://www.cftc.gov/files/dea/history/fut_disagg_txt_2026.zip,2026-10-08
cftc_copper_oi,2006-12-12,2006-12-15,67911.0,https://www.cftc.gov/files/dea/history/fut_disagg_txt_2026.zip,2026-10-08
cftc_copper_oi,2006-12-19,2006-12-22,68920.0,https://www.cftc.gov/files/dea/history/fut_disagg_txt_2026.zip,2026-10-08
cftc_copper_oi,2006-12-26,2006-12-29,67350.0,https://www.cftc.gov/files/dea/history/fut_disagg_txt_2026.zip,2026-10-08
cftc_copper_oi,2007-01-03,2007-01-06,70253.0,https://www.cftc.gov/files/dea/history/fut_disagg_txt_2026.zip,2026-10-08
cftc_copper_oi,2007-01-09,2007-01-12,69879.0,https://www.cftc.gov/files/dea/history/fut_disagg_txt_2026.zip,2026-10-08
cftc_copper_oi,2007-01-16,2007-01-19,68933.0,https://www.cftc.gov/files/dea/history/fut_disagg_txt_2026.zip,2026-10-08
cftc_copper_oi,2007-01-23,2007-01-26,70723.0,https://www.cftc.gov/files/dea/history/fut_disagg_txt_2026.zip,2026-10-08
cftc_copper_oi,2007-01-30,2007-02-02,71448.0,https://www.cftc.gov/files/dea/history/fut_disagg_txt_2026.zip,2026-10-08
cftc_copper_oi,2007-02-06,2007-02-09,72035.0,https://www.cftc.gov/files/dea/history/fut_disagg_txt_2026.zip,2026-10-08
cftc_copper_oi,2007-02-13,2007-02-16,70803.0,https://www.cftc.gov/files/dea/history/fut_disagg_txt_2026.zip,2026-10-08
cftc_copper_oi,2007-02-20,2007-02-23,71320.0,https://www.cftc.gov/files/dea/history/fut_disagg_txt_2026.zip,2026-10-08
cftc_copper_oi,2007-02-27,2007-03-02,65863.0,https://www.cftc.gov/files/dea/history/fut_disagg_txt_2026.zip,2026-10-08
cftc_copper_oi,2007-03-06,2007-03-09,65495.0,https://www.cftc.gov/files/dea/history/fut_disagg_txt_2026.zip,2026-10-08
cftc_copper_oi,2007-03-13,2007-03-16,65156.0,https://www.cftc.gov/files/dea/history/fut_disagg_txt_2026.zip,2026-10-08
cftc_copper_oi,2007-03-20,2007-03-23,71303.0,https://www.cftc.gov/files/dea/history/fut_disagg_txt_2026.zip,2026-10-08
cftc_copper_oi,2007-03-27,2007-03-30,74716.0,https://www.cftc.gov/files/dea/history/fut_disagg_txt_2026.zip,2026-10-08
cftc_copper_oi,2007-04-03,2007-04-06,77186.0,https://www.cftc.gov/files/dea/history/fut_disagg_txt_2026.zip,2026-10-08
cftc_copper_oi,2007-04-10,2007-04-13,80185.0,https://www.cftc.gov/files/dea/history/fut_disagg_txt_2026.zip,2026-10-08
cftc_copper_oi,2007-04-17,2007-04-20,80657.0,https://www.cftc.gov/files/dea/history/fut_disagg_txt_2026.zip,2026-10-08
cftc_copper_oi,2007-04-24,2007-04-27,80138.0,https://www.cftc.gov/files/dea/history/fut_disagg_txt_2026.zip,2026-10-08
cftc_copper_oi,2007-05-01,2007-05-04,81864.0,https://www.cftc.gov/files/dea/history/fut_disagg_txt_2026.zip,2026-10-08
cftc_copper_oi,2007-05-08,2007-05-11,81613.0,https://www.cftc.gov/files/dea/history/fut_disagg_txt_2026.zip,2026-10-08
cftc_copper_oi,2007-05-15,2007-05-18,81845.0,https://www.cftc.gov/files/dea/history/fut_disagg_txt_2026.zip,2026-10-08
cftc_copper_oi,2007-05-22,2007-05-25,80380.0,https://www.cftc.gov/files/dea/history/fut_disagg_txt_2026.zip,2026-10-08
cftc_copper_oi,2007-05-29,2007-06-01,79901.0,https://www.cftc.gov/files/dea/history/fut_disagg_txt_2026.zip,2026-10-08
cftc_copper_oi,2007-06-05,2007-06-08,81226.0,https://www.cftc.gov/files/dea/history/fut_disagg_txt_2026.zip,2026-10-08
cftc_copper_oi,2007-06-12,2007-06-15,76962.0,https://www.cftc.gov/files/dea/history/fut_disagg_txt_2026.zip,2026-10-08
cftc_copper_oi,2007-06-19,2007-06-22,78337.0,https://www.cftc.gov/files/dea/history/fut_disagg_txt_2026.zip,2026-10-08
cftc_copper_oi,2007-06-26,2007-06-29,79416.0,https://www.cftc.gov/files/dea/history/fut_disagg_txt_2026.zip,2026-10-08
cftc_copper_oi,2007-07-03,2007-07-06,81852.0,https://www.cftc.gov/files/dea/history/fut_disagg_txt_2026.zip,2026-10-08
cftc_copper_oi,2007-07-10,2007-07-13,87538.0,https://www.cftc.gov/files/dea/history/fut_disagg_txt_2026.zip,2026-10-08
cftc_copper_oi,2007-07-17,2007-07-20,89893.0,https://www.cftc.gov/files/dea/history/fut_disagg_txt_2026.zip,2026-10-08
cftc_copper_oi,2007-07-24,2007-07-27,94496.0,https://www.cftc.gov/files/dea/history/fut_disagg_txt_2026.zip,2026-10-08
cftc_copper_oi,2007-07-31,2007-08-03,89395.0,https://www.cftc.gov/files/dea/history/fut_disagg_txt_2026.zip,2026-10-08
cftc_copper_oi,2007-08-07,2007-08-10,84651.0,https://www.cftc.gov/files/dea/history/fut_disagg_txt_2026.zip,2026-10-08
cftc_copper_oi,2007-08-14,2007-08-17,76111.0,https://www.cftc.gov/files/dea/history/fut_disagg_txt_2026.zip,2026-10-08
cftc_copper_oi,2007-08-21,2007-08-24,76498.0,https://www.cftc.gov/files/dea/history/fut_disagg_txt_2026.zip,2026-10-08
cftc_copper_oi,2007-08-28,2007-08-31,73083.0,https://www.cftc.gov/files/dea/history/fut_disagg_txt_2026.zip,2026-10-08
cftc_copper_oi,2007-09-04,2007-09-07,69156.0,https://www.cftc.gov/files/dea/history/fut_disagg_txt_2026.zip,2026-10-08
cftc_copper_oi,2007-09-11,2007-09-14,68684.0,https://www.cftc.gov/files/dea/history/fut_disagg_txt_2026.zip,2026-10-08
cftc_copper_oi,2007-09-18,2007-09-21,71557.0,https://www.cftc.gov/files/dea/history/fut_disagg_txt_2026.zip,2026-10-08
cftc_copper_oi,2007-09-25,2007-09-28,77528.0,https://www.cftc.gov/files/dea/history/fut_disagg_txt_2026.zip,2026-10-08
cftc_copper_oi,2007-10-02,2007-10-05,83055.0,https://www.cftc.gov/files/dea/history/fut_disagg_txt_2026.zip,2026-10-08
cftc_copper_oi,2007-10-09,2007-10-12,86905.0,https://www.cftc.gov/files/dea/history/fut_disagg_txt_2026.zip,2026-10-08
cftc_copper_oi,2007-10-16,2007-10-19,90148.0,https://www.cftc.gov/files/dea/history/fut_disagg_txt_2026.zip,2026-10-08
cftc_copper_oi,2007-10-23,2007-10-26,86858.0,https://www.cftc.gov/files/dea/history/fut_disagg_txt_2026.zip,2026-10-08
cftc_copper_oi,2007-10-30,2007-11-02,86013.0,https://www.cftc.gov/files/dea/history/fut_disagg_txt_2026.zip,2026-10-08
cftc_copper_oi,2007-11-06,2007-11-09,83317.0,https://www.cftc.gov/files/dea/history/fut_disagg_txt_2026.zip,2026-10-08
cftc_copper_oi,2007-11-13,2007-11-16,78465.0,https://www.cftc.gov/files/dea/history/fut_disagg_txt_2026.zip,2026-10-08
cftc_copper_oi,2007-11-20,2007-11-23,77837.0,https://www.cftc.gov/files/dea/history/fut_disagg_txt_2026.zip,2026-10-08
cftc_copper_oi,2007-11-27,2007-11-30,73905.0,https://www.cftc.gov/files/dea/history/fut_disagg_txt_2026.zip,2026-10-08
cftc_copper_oi,2007-12-04,2007-12-07,70839.0,https://www.cftc.gov/files/dea/history/fut_disagg_txt_2026.zip,2026-10-08
cftc_copper_oi,2007-12-11,2007-12-14,70873.0,https://www.cftc.gov/files/dea/history/fut_disagg_txt_2026.zip,2026-10-08
cftc_copper_oi,2007-12-18,2007-12-21,73019.0,https://www.cftc.gov/files/dea/history/fut_disagg_txt_2026.zip,2026-10-08
cftc_copper_oi,2007-12-24,2007-12-27,71767.0,https://www.cftc.gov/files/dea/history/fut_disagg_txt_2026.zip,2026-10-08
cftc_copper_oi,2007-12-31,2008-01-03,72142.0,https://www.cftc.gov/files/dea/history/fut_disagg_txt_2026.zip,2026-10-08
cftc_copper_oi,2008-01-08,2008-01-11,75606.0,https://www.cftc.gov/files/dea/history/fut_disagg_txt_2026.zip,2026-10-08
cftc_copper_oi,2008-01-15,2008-01-18,83849.0,https://www.cftc.gov/files/dea/history/fut_disagg_txt_2026.zip,2026-10-08
cftc_copper_oi,2008-01-22,2008-01-25,86382.0,https://www.cftc.gov/files/dea/history/fut_disagg_txt_2026.zip,2026-10-08
cftc_copper_oi,2008-01-29,2008-02-01,89706.0,https://www.cftc.gov/files/dea/history/fut_disagg_txt_2026.zip,2026-10-08
cftc_copper_oi,2008-02-05,2008-02-08,90375.0,https://www.cftc.gov/files/dea/history/fut_disagg_txt_2026.zip,2026-10-08
cftc_copper_oi,2008-02-12,2008-02-15,88310.0,https://www.cftc.gov/files/dea/history/fut_disagg_txt_2026.zip,2026-10-08
cftc_copper_oi,2008-02-19,2008-02-22,93661.0,https://www.cftc.gov/files/dea/history/fut_disagg_txt_2026.zip,2026-10-08
cftc_copper_oi,2008-02-26,2008-02-29,101872.0,https://www.cftc.gov/files/dea/history/fut_disagg_txt_2026.zip,2026-10-08
cftc_copper_oi,2008-03-04,2008-03-07,101867.0,https://www.cftc.gov/files/dea/history/fut_disagg_txt_2026.zip,2026-10-08
cftc_copper_oi,2008-03-11,2008-03-14,103107.0,https://www.cftc.gov/files/dea/history/fut_disagg_txt_2026.zip,2026-10-08
cftc_copper_oi,2008-03-18,2008-03-21,101953.0,https://www.cftc.gov/files/dea/history/fut_disagg_txt_2026.zip,2026-10-08
cftc_copper_oi,2008-03-25,2008-03-28,97323.0,https://www.cftc.gov/files/dea/history/fut_disagg_txt_2026.zip,2026-10-08
cftc_copper_oi,2008-04-01,2008-04-04,101860.0,https://www.cftc.gov/files/dea/history/fut_disagg_txt_2026.zip,2026-10-08
cftc_copper_oi,2008-04-08,2008-04-11,102525.0,https://www.cftc.gov/files/dea/history/fut_disagg_txt_2026.zip,2026-10-08
cftc_copper_oi,2008-04-15,2008-04-18,105070.0,https://www.cftc.gov/files/dea/history/fut_disagg_txt_2026.zip,2026-10-08
cftc_copper_oi,2008-04-22,2008-04-25,107654.0,https://www.cftc.gov/files/dea/history/fut_disagg_txt_2026.zip,2026-10-08
cftc_copper_oi,2008-04-29,2008-05-02,104206.0,https://www.cftc.gov/files/dea/history/fut_disagg_txt_2026.zip,2026-10-08
cftc_copper_oi,2008-05-06,2008-05-09,99434.0,https://www.cftc.gov/files/dea/history/fut_disagg_txt_2026.zip,2026-10-08
cftc_copper_oi,2008-05-13,2008-05-16,97799.0,https://www.cftc.gov/files/dea/history/fut_disagg_txt_2026.zip,2026-10-08
cftc_copper_oi,2008-05-20,2008-05-23,101017.0,https://www.cftc.gov/files/dea/history/fut_disagg_txt_2026.zip,2026-10-08
cftc_copper_oi,2008-05-27,2008-05-30,98441.0,https://www.cftc.gov/files/dea/history/fut_disagg_txt_2026.zip,2026-10-08
cftc_copper_oi,2008-06-03,2008-06-06,97981.0,https://www.cftc.gov/files/dea/history/fut_disagg_txt_2026.zip,2026-10-08
cftc_copper_oi,2008-06-10,2008-06-13,96229.0,https://www.cftc.gov/files/dea/history/fut_disagg_txt_2026.zip,2026-10-08
cftc_copper_oi,2008-06-17,2008-06-20,102488.0,https://www.cftc.gov/files/dea/history/fut_disagg_txt_2026.zip,2026-10-08
cftc_copper_oi,2008-06-24,2008-06-27,109496.0,https://www.cftc.gov/files/dea/history/fut_disagg_txt_2026.zip,2026-10-08
cftc_copper_oi,2008-07-01,2008-07-04,111367.0,https://www.cftc.gov/files/dea/history/fut_disagg_txt_2026.zip,2026-10-08
cftc_copper_oi,2008-07-08,2008-07-11,110218.0,https://www.cftc.gov/files/dea/history/fut_disagg_txt_2026.zip,2026-10-08
cftc_copper_oi,2008-07-15,2008-07-18,105627.0,https://www.cftc.gov/files/dea/history/fut_disagg_txt_2026.zip,2026-10-08
cftc_copper_oi,2008-07-22,2008-07-25,110899.0,https://www.cftc.gov/files/dea/history/fut_disagg_txt_2026.zip,2026-10-08
cftc_copper_oi,2008-07-29,2008-08-01,108234.0,https://www.cftc.gov/files/dea/history/fut_disagg_txt_2026.zip,2026-10-08
cftc_copper_oi,2008-08-05,2008-08-08,110205.0,https://www.cftc.gov/files/dea/history/fut_disagg_txt_2026.zip,2026-10-08
cftc_copper_oi,2008-08-12,2008-08-15,100371.0,https://www.cftc.gov/files/dea/history/fut_disagg_txt_2026.zip,2026-10-08
cftc_copper_oi,2008-08-19,2008-08-22,94900.0,https://www.cftc.gov/files/dea/history/fut_disagg_txt_2026.zip,2026-10-08
cftc_copper_oi,2008-08-26,2008-08-29,87899.0,https://www.cftc.gov/files/dea/history/fut_disagg_txt_2026.zip,2026-10-08
cftc_copper_oi,2008-09-02,2008-09-05,77739.0,https://www.cftc.gov/files/dea/history/fut_disagg_txt_2026.zip,2026-10-08
cftc_copper_oi,2008-09-09,2008-09-12,76798.0,https://www.cftc.gov/files/dea/history/fut_disagg_txt_2026.zip,2026-10-08
cftc_copper_oi,2008-09-16,2008-09-19,76698.0,https://www.cftc.gov/files/dea/history/fut_disagg_txt_2026.zip,2026-10-08
cftc_copper_oi,2008-09-23,2008-09-26,74489.0,https://www.cftc.gov/files/dea/history/fut_disagg_txt_2026.zip,2026-10-08
cftc_copper_oi,2008-09-30,2008-10-03,78214.0,https://www.cftc.gov/files/dea/history/fut_disagg_txt_2026.zip,2026-10-08
cftc_copper_oi,2008-10-07,2008-10-10,80024.0,https://www.cftc.gov/files/dea/history/fut_disagg_txt_2026.zip,2026-10-08
cftc_copper_oi,2008-10-14,2008-10-17,80670.0,https://www.cftc.gov/files/dea/history/fut_disagg_txt_2026.zip,2026-10-08
cftc_copper_oi,2008-10-21,2008-10-24,83603.0,https://www.cftc.gov/files/dea/history/fut_disagg_txt_2026.zip,2026-10-08
cftc_copper_oi,2008-10-28,2008-10-31,79285.0,https://www.cftc.gov/files/dea/history/fut_disagg_txt_2026.zip,2026-10-08
cftc_copper_oi,2008-11-04,2008-11-07,77976.0,https://www.cftc.gov/files/dea/history/fut_disagg_txt_2026.zip,2026-10-08
cftc_copper_oi,2008-11-11,2008-11-14,77148.0,https://www.cftc.gov/files/dea/history/fut_disagg_txt_2026.zip,2026-10-08
cftc_copper_oi,2008-11-18,2008-11-21,80583.0,https://www.cftc.gov/files/dea/history/fut_disagg_txt_2026.zip,2026-10-08
cftc_copper_oi,2008-11-25,2008-11-28,72372.0,https://www.cftc.gov/files/dea/history/fut_disagg_txt_2026.zip,2026-10-08
cftc_copper_oi,2008-12-02,2008-12-05,70029.0,https://www.cftc.gov/files/dea/history/fut_disagg_txt_2026.zip,2026-10-08
cftc_copper_oi,2008-12-09,2008-12-12,69033.0,https://www.cftc.gov/files/dea/history/fut_disagg_txt_2026.zip,2026-10-08
cftc_copper_oi,2008-12-16,2008-12-19,71777.0,https://www.cftc.gov/files/dea/history/fut_disagg_txt_2026.zip,2026-10-08
cftc_copper_oi,2008-12-22,2008-12-25,74212.0,https://www.cftc.gov/files/dea/history/fut_disagg_txt_2026.zip,2026-10-08
cftc_copper_oi,2008-12-30,2009-01-02,74252.0,https://www.cftc.gov/files/dea/history/fut_disagg_txt_2026.zip,2026-10-08
cftc_copper_oi,2009-01-06,2009-01-09,76356.0,https://www.cftc.gov/files/dea/history/fut_disagg_txt_2026.zip,2026-10-08
cftc_copper_oi,2009-01-13,2009-01-16,81996.0,https://www.cftc.gov/files/dea/history/fut_disagg_txt_2026.zip,2026-10-08
cftc_copper_oi,2009-01-20,2009-01-23,83617.0,https://www.cftc.gov/files/dea/history/fut_disagg_txt_2026.zip,2026-10-08
cftc_copper_oi,2009-01-27,2009-01-30,84113.0,https://www.cftc.gov/files/dea/history/fut_disagg_txt_2026.zip,2026-10-08
cftc_copper_oi,2009-02-03,2009-02-06,87299.0,https://www.cftc.gov/files/dea/history/fut_disagg_txt_2026.zip,2026-10-08
cftc_copper_oi,2009-02-10,2009-02-13,83934.0,https://www.cftc.gov/files/dea/history/fut_disagg_txt_2026.zip,2026-10-08
cftc_copper_oi,2009-02-17,2009-02-20,89405.0,https://www.cftc.gov/files/dea/history/fut_disagg_txt_2026.zip,2026-10-08
cftc_copper_oi,2009-02-24,2009-02-27,84903.0,https://www.cftc.gov/files/dea/history/fut_disagg_txt_2026.zip,2026-10-08
cftc_copper_oi,2009-03-03,2009-03-06,80939.0,https://www.cftc.gov/files/dea/history/fut_disagg_txt_2026.zip,2026-10-08
cftc_copper_oi,2009-03-10,2009-03-13,86966.0,https://www.cftc.gov/files/dea/history/fut_disagg_txt_2026.zip,2026-10-08
cftc_copper_oi,2009-03-17,2009-03-20,92910.0,https://www.cftc.gov/files/dea/history/fut_disagg_txt_2026.zip,2026-10-08
cftc_copper_oi,2009-03-24,2009-03-27,95985.0,https://www.cftc.gov/files/dea/history/fut_disagg_txt_2026.zip,2026-10-08
cftc_copper_oi,2009-03-31,2009-04-03,96572.0,https://www.cftc.gov/files/dea/history/fut_disagg_txt_2026.zip,2026-10-08
cftc_copper_oi,2009-04-07,2009-04-10,102332.0,https://www.cftc.gov/files/dea/history/fut_disagg_txt_2026.zip,2026-10-08
cftc_copper_oi,2009-04-14,2009-04-17,106758.0,https://www.cftc.gov/files/dea/history/fut_disagg_txt_2026.zip,2026-10-08
cftc_copper_oi,2009-04-21,2009-04-24,103736.0,https://www.cftc.gov/files/dea/history/fut_disagg_txt_2026.zip,2026-10-08
cftc_copper_oi,2009-04-28,2009-05-01,106170.0,https://www.cftc.gov/files/dea/history/fut_disagg_txt_2026.zip,2026-10-08
cftc_copper_oi,2009-05-05,2009-05-08,104619.0,https://www.cftc.gov/files/dea/history/fut_disagg_txt_2026.zip,2026-10-08
cftc_copper_oi,2009-05-12,2009-05-15,108470.0,https://www.cftc.gov/files/dea/history/fut_disagg_txt_2026.zip,2026-10-08
cftc_copper_oi,2009-05-19,2009-05-22,105791.0,https://www.cftc.gov/files/dea/history/fut_disagg_txt_2026.zip,2026-10-08
cftc_copper_oi,2009-05-26,2009-05-29,107631.0,https://www.cftc.gov/files/dea/history/fut_disagg_txt_2026.zip,2026-10-08
cftc_copper_oi,2009-06-02,2009-06-05,111357.0,https://www.cftc.gov/files/dea/history/fut_disagg_txt_2026.zip,2026-10-08
cftc_copper_oi,2009-06-09,2009-06-12,109820.0,https://www.cftc.gov/files/dea/history/fut_disagg_txt_2026.zip,2026-10-08
cftc_copper_oi,2009-06-16,2009-06-19,115321.0,https://www.cftc.gov/files/dea/history/fut_disagg_txt_2026.zip,2026-10-08
cftc_copper_oi,2009-06-23,2009-06-26,109536.0,https://www.cftc.gov/files/dea/history/fut_disagg_txt_2026.zip,2026-10-08
cftc_copper_oi,2009-06-30,2009-07-03,104189.0,https://www.cftc.gov/files/dea/history/fut_disagg_txt_2026.zip,2026-10-08
cftc_copper_oi,2009-07-07,2009-07-10,102426.0,https://www.cftc.gov/files/dea/history/fut_disagg_txt_2026.zip,2026-10-08
cftc_copper_oi,2009-07-14,2009-07-17,106268.0,https://www.cftc.gov/files/dea/history/fut_disagg_txt_2026.zip,2026-10-08
cftc_copper_oi,2009-07-21,2009-07-24,115991.0,https://www.cftc.gov/files/dea/history/fut_disagg_txt_2026.zip,2026-10-08
cftc_copper_oi,2009-07-28,2009-07-31,120479.0,https://www.cftc.gov/files/dea/history/fut_disagg_txt_2026.zip,2026-10-08
cftc_copper_oi,2009-08-04,2009-08-07,121925.0,https://www.cftc.gov/files/dea/history/fut_disagg_txt_2026.zip,2026-10-08
cftc_copper_oi,2009-08-11,2009-08-14,117741.0,https://www.cftc.gov/files/dea/history/fut_disagg_txt_2026.zip,2026-10-08
cftc_copper_oi,2009-08-18,2009-08-21,116703.0,https://www.cftc.gov/files/dea/history/fut_disagg_txt_2026.zip,2026-10-08
cftc_copper_oi,2009-08-25,2009-08-28,118454.0,https://www.cftc.gov/files/dea/history/fut_disagg_txt_2026.zip,2026-10-08
cftc_copper_oi,2009-09-01,2009-09-04,119527.0,https://www.cftc.gov/files/dea/history/fut_disagg_txt_2026.zip,2026-10-08
cftc_copper_oi,2009-09-08,2009-09-11,118148.0,https://www.cftc.gov/files/dea/history/fut_disagg_txt_2026.zip,2026-10-08
cftc_copper_oi,2009-09-15,2009-09-18,117983.0,https://www.cftc.gov/files/dea/history/fut_disagg_txt_2026.zip,2026-10-08
cftc_copper_oi,2009-09-22,2009-09-25,117248.0,https://www.cftc.gov/files/dea/history/fut_disagg_txt_2026.zip,2026-10-08
cftc_copper_oi,2009-09-29,2009-10-02,113874.0,https://www.cftc.gov/files/dea/history/fut_disagg_txt_2026.zip,2026-10-08
cftc_copper_oi,2009-10-06,2009-10-09,119080.0,https://www.cftc.gov/files/dea/history/fut_disagg_txt_2026.zip,2026-10-08
cftc_copper_oi,2009-10-13,2009-10-16,121664.0,https://www.cftc.gov/files/dea/history/fut_disagg_txt_2026.zip,2026-10-08
cftc_copper_oi,2009-10-20,2009-10-23,133100.0,https://www.cftc.gov/files/dea/history/fut_disagg_txt_2026.zip,2026-10-08
cftc_copper_oi,2009-10-27,2009-10-30,138431.0,https://www.cftc.gov/files/dea/history/fut_disagg_txt_2026.zip,2026-10-08
cftc_copper_oi,2009-11-03,2009-11-06,140662.0,https://www.cftc.gov/files/dea/history/fut_disagg_txt_2026.zip,2026-10-08
cftc_copper_oi,2009-11-09,2009-11-12,143698.0,https://www.cftc.gov/files/dea/history/fut_disagg_txt_2026.zip,2026-10-08
cftc_copper_oi,2009-11-17,2009-11-20,151451.0,https://www.cftc.gov/files/dea/history/fut_disagg_txt_2026.zip,2026-10-08
cftc_copper_oi,2009-11-24,2009-11-27,152001.0,https://www.cftc.gov/files/dea/history/fut_disagg_txt_2026.zip,2026-10-08
cftc_copper_oi,2009-12-01,2009-12-04,148809.0,https://www.cftc.gov/files/dea/history/fut_disagg_txt_2026.zip,2026-10-08
cftc_copper_oi,2009-12-08,2009-12-11,147950.0,https://www.cftc.gov/files/dea/history/fut_disagg_txt_2026.zip,2026-10-08
cftc_copper_oi,2009-12-15,2009-12-18,147691.0,https://www.cftc.gov/files/dea/history/fut_disagg_txt_2026.zip,2026-10-08
cftc_copper_oi,2009-12-22,2009-12-25,145637.0,https://www.cftc.gov/files/dea/history/fut_disagg_txt_2026.zip,2026-10-08
cftc_copper_oi,2009-12-29,2010-01-01,154559.0,https://www.cftc.gov/files/dea/history/fut_disagg_txt_2026.zip,2026-10-08
cftc_copper_oi,2010-01-05,2010-01-08,158539.0,https://www.cftc.gov/files/dea/history/fut_disagg_txt_2026.zip,2026-10-08
cftc_copper_oi,2010-01-12,2010-01-15,151321.0,https://www.cftc.gov/files/dea/history/fut_disagg_txt_2026.zip,2026-10-08
cftc_copper_oi,2010-01-19,2010-01-22,143012.0,https://www.cftc.gov/files/dea/history/fut_disagg_txt_2026.zip,2026-10-08
cftc_copper_oi,2010-01-26,2010-01-29,140683.0,https://www.cftc.gov/files/dea/history/fut_disagg_txt_2026.zip,2026-10-08
cftc_copper_oi,2010-02-02,2010-02-05,132113.0,https://www.cftc.gov/files/dea/history/fut_disagg_txt_2026.zip,2026-10-08
cftc_copper_oi,2010-02-09,2010-02-12,124076.0,https://www.cftc.gov/files/dea/history/fut_disagg_txt_2026.zip,2026-10-08
cftc_copper_oi,2010-02-16,2010-02-19,126363.0,https://www.cftc.gov/files/dea/history/fut_disagg_txt_2026.zip,2026-10-08
cftc_copper_oi,2010-02-23,2010-02-26,126394.0,https://www.cftc.gov/files/dea/history/fut_disagg_txt_2026.zip,2026-10-08
cftc_copper_oi,2010-03-02,2010-03-05,125878.0,https://www.cftc.gov/files/dea/history/fut_disagg_txt_2026.zip,2026-10-08
cftc_copper_oi,2010-03-09,2010-03-12,127613.0,https://www.cftc.gov/files/dea/history/fut_disagg_txt_2026.zip,2026-10-08
cftc_copper_oi,2010-03-16,2010-03-19,130126.0,https://www.cftc.gov/files/dea/history/fut_disagg_txt_2026.zip,2026-10-08
cftc_copper_oi,2010-03-23,2010-03-26,132494.0,https://www.cftc.gov/files/dea/history/fut_disagg_txt_2026.zip,2026-10-08
cftc_copper_oi,2010-03-30,2010-04-02,141517.0,https://www.cftc.gov/files/dea/history/fut_disagg_txt_2026.zip,2026-10-08
cftc_copper_oi,2010-04-06,2010-04-09,151388.0,https://www.cftc.gov/files/dea/history/fut_disagg_txt_2026.zip,2026-10-08
cftc_copper_oi,2010-04-13,2010-04-16,150306.0,https://www.cftc.gov/files/dea/history/fut_disagg_txt_2026.zip,2026-10-08
cftc_copper_oi,2010-04-20,2010-04-23,153954.0,https://www.cftc.gov/files/dea/history/fut_disagg_txt_2026.zip,2026-10-08
cftc_copper_oi,2010-04-27,2010-04-30,151824.0,https://www.cftc.gov/files/dea/history/fut_disagg_txt_2026.zip,2026-10-08
cftc_copper_oi,2010-05-04,2010-05-07,142318.0,https://www.cftc.gov/files/dea/history/fut_disagg_txt_2026.zip,2026-10-08
cftc_copper_oi,2010-05-11,2010-05-14,130991.0,https://www.cftc.gov/files/dea/history/fut_disagg_txt_2026.zip,2026-10-08
cftc_copper_oi,2010-05-18,2010-05-21,128554.0,https://www.cftc.gov/files/dea/history/fut_disagg_txt_2026.zip,2026-10-08
cftc_copper_oi,2010-05-25,2010-05-28,128730.0,https://www.cftc.gov/files/dea/history/fut_disagg_txt_2026.zip,2026-10-08
cftc_copper_oi,2010-06-01,2010-06-04,127018.0,https://www.cftc.gov/files/dea/history/fut_disagg_txt_2026.zip,2026-10-08
cftc_copper_oi,2010-06-08,2010-06-11,131799.0,https://www.cftc.gov/files/dea/history/fut_disagg_txt_2026.zip,2026-10-08
cftc_copper_oi,2010-06-15,2010-06-18,137265.0,https://www.cftc.gov/files/dea/history/fut_disagg_txt_2026.zip,2026-10-08
cftc_copper_oi,2010-06-22,2010-06-25,139932.0,https://www.cftc.gov/files/dea/history/fut_disagg_txt_2026.zip,2026-10-08
cftc_copper_oi,2010-06-29,2010-07-02,130392.0,https://www.cftc.gov/files/dea/history/fut_disagg_txt_2026.zip,2026-10-08
cftc_copper_oi,2010-07-06,2010-07-09,127883.0,https://www.cftc.gov/files/dea/history/fut_disagg_txt_2026.zip,2026-10-08
cftc_copper_oi,2010-07-13,2010-07-16,129938.0,https://www.cftc.gov/files/dea/history/fut_disagg_txt_2026.zip,2026-10-08
cftc_copper_oi,2010-07-20,2010-07-23,132711.0,https://www.cftc.gov/files/dea/history/fut_disagg_txt_2026.zip,2026-10-08
cftc_copper_oi,2010-07-27,2010-07-30,136009.0,https://www.cftc.gov/files/dea/history/fut_disagg_txt_2026.zip,2026-10-08
cftc_copper_oi,2010-08-03,2010-08-06,141838.0,https://www.cftc.gov/files/dea/history/fut_disagg_txt_2026.zip,2026-10-08
cftc_copper_oi,2010-08-10,2010-08-13,139666.0,https://www.cftc.gov/files/dea/history/fut_disagg_txt_2026.zip,2026-10-08
cftc_copper_oi,2010-08-17,2010-08-20,140934.0,https://www.cftc.gov/files/dea/history/fut_disagg_txt_2026.zip,2026-10-08
cftc_copper_oi,2010-08-24,2010-08-27,139877.0,https://www.cftc.gov/files/dea/history/fut_disagg_txt_2026.zip,2026-10-08
cftc_copper_oi,2010-08-31,2010-09-03,134206.0,https://www.cftc.gov/files/dea/history/fut_disagg_txt_2026.zip,2026-10-08
cftc_copper_oi,2010-09-07,2010-09-10,137079.0,https://www.cftc.gov/files/dea/history/fut_disagg_txt_2026.zip,2026-10-08
cftc_copper_oi,2010-09-14,2010-09-17,141028.0,https://www.cftc.gov/files/dea/history/fut_disagg_txt_2026.zip,2026-10-08
cftc_copper_oi,2010-09-21,2010-09-24,142955.0,https://www.cftc.gov/files/dea/history/fut_disagg_txt_2026.zip,2026-10-08
cftc_copper_oi,2010-09-28,2010-10-01,147744.0,https://www.cftc.gov/files/dea/history/fut_disagg_txt_2026.zip,2026-10-08
cftc_copper_oi,2010-10-05,2010-10-08,153457.0,https://www.cftc.gov/files/dea/history/fut_disagg_txt_2026.zip,2026-10-08
cftc_copper_oi,2010-10-12,2010-10-15,158917.0,https://www.cftc.gov/files/dea/history/fut_disagg_txt_2026.zip,2026-10-08
cftc_copper_oi,2010-10-19,2010-10-22,162855.0,https://www.cftc.gov/files/dea/history/fut_disagg_txt_2026.zip,2026-10-08
cftc_copper_oi,2010-10-26,2010-10-29,167063.0,https://www.cftc.gov/files/dea/history/fut_disagg_txt_2026.zip,2026-10-08
cftc_copper_oi,2010-11-02,2010-11-05,163209.0,https://www.cftc.gov/files/dea/history/fut_disagg_txt_2026.zip,2026-10-08
cftc_copper_oi,2010-11-09,2010-11-12,164045.0,https://www.cftc.gov/files/dea/history/fut_disagg_txt_2026.zip,2026-10-08
cftc_copper_oi,2010-11-16,2010-11-19,152332.0,https://www.cftc.gov/files/dea/history/fut_disagg_txt_2026.zip,2026-10-08
cftc_copper_oi,2010-11-23,2010-11-26,146054.0,https://www.cftc.gov/files/dea/history/fut_disagg_txt_2026.zip,2026-10-08
cftc_copper_oi,2010-11-30,2010-12-03,148249.0,https://www.cftc.gov/files/dea/history/fut_disagg_txt_2026.zip,2026-10-08
cftc_copper_oi,2010-12-07,2010-12-10,157675.0,https://www.cftc.gov/files/dea/history/fut_disagg_txt_2026.zip,2026-10-08
cftc_copper_oi,2010-12-14,2010-12-17,163546.0,https://www.cftc.gov/files/dea/history/fut_disagg_txt_2026.zip,2026-10-08
cftc_copper_oi,2010-12-21,2010-12-24,166422.0,https://www.cftc.gov/files/dea/history/fut_disagg_txt_2026.zip,2026-10-08
cftc_copper_oi,2010-12-28,2010-12-31,167334.0,https://www.cftc.gov/files/dea/history/fut_disagg_txt_2026.zip,2026-10-08
cftc_copper_oi,2011-01-04,2011-01-07,166289.0,https://www.cftc.gov/files/dea/history/fut_disagg_txt_2026.zip,2026-10-08
cftc_copper_oi,2011-01-11,2011-01-14,165488.0,https://www.cftc.gov/files/dea/history/fut_disagg_txt_2026.zip,2026-10-08
cftc_copper_oi,2011-01-18,2011-01-21,165873.0,https://www.cftc.gov/files/dea/history/fut_disagg_txt_2026.zip,2026-10-08
cftc_copper_oi,2011-01-25,2011-01-28,155810.0,https://www.cftc.gov/files/dea/history/fut_disagg_txt_2026.zip,2026-10-08
cftc_copper_oi,2011-02-01,2011-02-04,160259.0,https://www.cftc.gov/files/dea/history/fut_disagg_txt_2026.zip,2026-10-08
cftc_copper_oi,2011-02-08,2011-02-11,162263.0,https://www.cftc.gov/files/dea/history/fut_disagg_txt_2026.zip,2026-10-08
cftc_copper_oi,2011-02-15,2011-02-18,159468.0,https://www.cftc.gov/files/dea/history/fut_disagg_txt_2026.zip,2026-10-08
cftc_copper_oi,2011-02-22,2011-02-25,151893.0,https://www.cftc.gov/files/dea/history/fut_disagg_txt_2026.zip,2026-10-08
cftc_copper_oi,2011-03-01,2011-03-04,147581.0,https://www.cftc.gov/files/dea/history/fut_disagg_txt_2026.zip,2026-10-08
cftc_copper_oi,2011-03-08,2011-03-11,141773.0,https://www.cftc.gov/files/dea/history/fut_disagg_txt_2026.zip,2026-10-08
cftc_copper_oi,2011-03-15,2011-03-18,134739.0,https://www.cftc.gov/files/dea/history/fut_disagg_txt_2026.zip,2026-10-08
cftc_copper_oi,2011-03-22,2011-03-25,133713.0,https://www.cftc.gov/files/dea/history/fut_disagg_txt_2026.zip,2026-10-08
cftc_copper_oi,2011-03-29,2011-04-01,135882.0,https://www.cftc.gov/files/dea/history/fut_disagg_txt_2026.zip,2026-10-08
cftc_copper_oi,2011-04-05,2011-04-08,134293.0,https://www.cftc.gov/files/dea/history/fut_disagg_txt_2026.zip,2026-10-08
cftc_copper_oi,2011-04-12,2011-04-15,142085.0,https://www.cftc.gov/files/dea/history/fut_disagg_txt_2026.zip,2026-10-08
cftc_copper_oi,2011-04-19,2011-04-22,132383.0,https://www.cftc.gov/files/dea/history/fut_disagg_txt_2026.zip,2026-10-08
cftc_copper_oi,2011-04-26,2011-04-29,130849.0,https://www.cftc.gov/files/dea/history/fut_disagg_txt_2026.zip,2026-10-08
cftc_copper_oi,2011-05-03,2011-05-06,125898.0,https://www.cftc.gov/files/dea/history/fut_disagg_txt_2026.zip,2026-10-08
cftc_copper_oi,2011-05-10,2011-05-13,120303.0,https://www.cftc.gov/files/dea/history/fut_disagg_txt_2026.zip,2026-10-08
cftc_copper_oi,2011-05-17,2011-05-20,119749.0,https://www.cftc.gov/files/dea/history/fut_disagg_txt_2026.zip,2026-10-08
cftc_copper_oi,2011-05-24,2011-05-27,120829.0,https://www.cftc.gov/files/dea/history/fut_disagg_txt_2026.zip,2026-10-08
cftc_copper_oi,2011-05-31,2011-06-03,123919.0,https://www.cftc.gov/files/dea/history/fut_disagg_txt_2026.zip,2026-10-08
cftc_copper_oi,2011-06-07,2011-06-10,122995.0,https://www.cftc.gov/files/dea/history/fut_disagg_txt_2026.zip,2026-10-08
cftc_copper_oi,2011-06-14,2011-06-17,132616.0,https://www.cftc.gov/files/dea/history/fut_disagg_txt_2026.zip,2026-10-08
cftc_copper_oi,2011-06-21,2011-06-24,133849.0,https://www.cftc.gov/files/dea/history/fut_disagg_txt_2026.zip,2026-10-08
cftc_copper_oi,2011-06-28,2011-07-01,124236.0,https://www.cftc.gov/files/dea/history/fut_disagg_txt_2026.zip,2026-10-08
cftc_copper_oi,2011-07-05,2011-07-08,138627.0,https://www.cftc.gov/files/dea/history/fut_disagg_txt_2026.zip,2026-10-08
cftc_copper_oi,2011-07-12,2011-07-15,146864.0,https://www.cftc.gov/files/dea/history/fut_disagg_txt_2026.zip,2026-10-08
cftc_copper_oi,2011-07-19,2011-07-22,152876.0,https://www.cftc.gov/files/dea/history/fut_disagg_txt_2026.zip,2026-10-08
cftc_copper_oi,2011-07-26,2011-07-29,156140.0,https://www.cftc.gov/files/dea/history/fut_disagg_txt_2026.zip,2026-10-08
cftc_copper_oi,2011-08-02,2011-08-05,156089.0,https://www.cftc.gov/files/dea/history/fut_disagg_txt_2026.zip,2026-10-08
cftc_copper_oi,2011-08-09,2011-08-12,128475.0,https://www.cftc.gov/files/dea/history/fut_disagg_txt_2026.zip,2026-10-08
cftc_copper_oi,2011-08-16,2011-08-19,125673.0,https://www.cftc.gov/files/dea/history/fut_disagg_txt_2026.zip,2026-10-08
cftc_copper_oi,2011-08-23,2011-08-26,126380.0,https://www.cftc.gov/files/dea/history/fut_disagg_txt_2026.zip,2026-10-08
cftc_copper_oi,2011-08-30,2011-09-02,115815.0,https://www.cftc.gov/files/dea/history/fut_disagg_txt_2026.zip,2026-10-08
cftc_copper_oi,2011-09-06,2011-09-09,115872.0,https://www.cftc.gov/files/dea/history/fut_disagg_txt_2026.zip,2026-10-08
cftc_copper_oi,2011-09-13,2011-09-16,118383.0,https://www.cftc.gov/files/dea/history/fut_disagg_txt_2026.zip,2026-10-08
cftc_copper_oi,2011-09-20,2011-09-23,125531.0,https://www.cftc.gov/files/dea/history/fut_disagg_txt_2026.zip,2026-10-08
cftc_copper_oi,2011-09-27,2011-09-30,119891.0,https://www.cftc.gov/files/dea/history/fut_disagg_txt_2026.zip,2026-10-08
cftc_copper_oi,2011-10-04,2011-10-07,121499.0,https://www.cftc.gov/files/dea/history/fut_disagg_txt_2026.zip,2026-10-08
cftc_copper_oi,2011-10-11,2011-10-14,122868.0,https://www.cftc.gov/files/dea/history/fut_disagg_txt_2026.zip,2026-10-08
cftc_copper_oi,2011-10-18,2011-10-21,129014.0,https://www.cftc.gov/files/dea/history/fut_disagg_txt_2026.zip,2026-10-08
cftc_copper_oi,2011-10-25,2011-10-28,129893.0,https://www.cftc.gov/files/dea/history/fut_disagg_txt_2026.zip,2026-10-08
cftc_copper_oi,2011-11-01,2011-11-04,126363.0,https://www.cftc.gov/files/dea/history/fut_disagg_txt_2026.zip,2026-10-08
cftc_copper_oi,2011-11-08,2011-11-11,123572.0,https://www.cftc.gov/files/dea/history/fut_disagg_txt_2026.zip,2026-10-08
cftc_copper_oi,2011-11-15,2011-11-18,129991.0,https://www.cftc.gov/files/dea/history/fut_disagg_txt_2026.zip,2026-10-08
cftc_copper_oi,2011-11-22,2011-11-25,124189.0,https://www.cftc.gov/files/dea/history/fut_disagg_txt_2026.zip,2026-10-08
cftc_copper_oi,2011-11-29,2011-12-02,112374.0,https://www.cftc.gov/files/dea/history/fut_disagg_txt_2026.zip,2026-10-08
cftc_copper_oi,2011-12-06,2011-12-09,113252.0,https://www.cftc.gov/files/dea/history/fut_disagg_txt_2026.zip,2026-10-08
cftc_copper_oi,2011-12-13,2011-12-16,115993.0,https://www.cftc.gov/files/dea/history/fut_disagg_txt_2026.zip,2026-10-08
cftc_copper_oi,2011-12-20,2011-12-23,116050.0,https://www.cftc.gov/files/dea/history/fut_disagg_txt_2026.zip,2026-10-08
cftc_copper_oi,2011-12-27,2011-12-30,117153.0,https://www.cftc.gov/files/dea/history/fut_disagg_txt_2026.zip,2026-10-08
cftc_copper_oi,2012-01-03,2012-01-06,120794.0,https://www.cftc.gov/files/dea/history/fut_disagg_txt_2026.zip,2026-10-08
cftc_copper_oi,2012-01-10,2012-01-13,126638.0,https://www.cftc.gov/files/dea/history/fut_disagg_txt_2026.zip,2026-10-08
cftc_copper_oi,2012-01-17,2012-01-20,132457.0,https://www.cftc.gov/files/dea/history/fut_disagg_txt_2026.zip,2026-10-08
cftc_copper_oi,2012-01-24,2012-01-27,142751.0,https://www.cftc.gov/files/dea/history/fut_disagg_txt_2026.zip,2026-10-08
cftc_copper_oi,2012-01-31,2012-02-03,151787.0,https://www.cftc.gov/files/dea/history/fut_disagg_txt_2026.zip,2026-10-08
cftc_copper_oi,2012-02-07,2012-02-10,160030.0,https://www.cftc.gov/files/dea/history/fut_disagg_txt_2026.zip,2026-10-08
cftc_copper_oi,2012-02-14,2012-02-17,164491.0,https://www.cftc.gov/files/dea/history/fut_disagg_txt_2026.zip,2026-10-08
cftc_copper_oi,2012-02-21,2012-02-24,162525.0,https://www.cftc.gov/files/dea/history/fut_disagg_txt_2026.zip,2026-10-08
cftc_copper_oi,2012-02-28,2012-03-02,153312.0,https://www.cftc.gov/files/dea/history/fut_disagg_txt_2026.zip,2026-10-08
cftc_copper_oi,2012-03-06,2012-03-09,152741.0,https://www.cftc.gov/files/dea/history/fut_disagg_txt_2026.zip,2026-10-08
cftc_copper_oi,2012-03-13,2012-03-16,150968.0,https://www.cftc.gov/files/dea/history/fut_disagg_txt_2026.zip,2026-10-08
cftc_copper_oi,2012-03-20,2012-03-23,154394.0,https://www.cftc.gov/files/dea/history/fut_disagg_txt_2026.zip,2026-10-08
cftc_copper_oi,2012-03-27,2012-03-30,152037.0,https://www.cftc.gov/files/dea/history/fut_disagg_txt_2026.zip,2026-10-08
cftc_copper_oi,2012-04-03,2012-04-06,156569.0,https://www.cftc.gov/files/dea/history/fut_disagg_txt_2026.zip,2026-10-08
cftc_copper_oi,2012-04-10,2012-04-13,148468.0,https://www.cftc.gov/files/dea/history/fut_disagg_txt_2026.zip,2026-10-08
cftc_copper_oi,2012-04-17,2012-04-20,159119.0,https://www.cftc.gov/files/dea/history/fut_disagg_txt_2026.zip,2026-10-08
cftc_copper_oi,2012-04-24,2012-04-27,159256.0,https://www.cftc.gov/files/dea/history/fut_disagg_txt_2026.zip,2026-10-08
cftc_copper_oi,2012-05-01,2012-05-04,144241.0,https://www.cftc.gov/files/dea/history/fut_disagg_txt_2026.zip,2026-10-08
cftc_copper_oi,2012-05-08,2012-05-11,144583.0,https://www.cftc.gov/files/dea/history/fut_disagg_txt_2026.zip,2026-10-08
cftc_copper_oi,2012-05-15,2012-05-18,147934.0,https://www.cftc.gov/files/dea/history/fut_disagg_txt_2026.zip,2026-10-08
cftc_copper_oi,2012-05-22,2012-05-25,150189.0,https://www.cftc.gov/files/dea/history/fut_disagg_txt_2026.zip,2026-10-08
cftc_copper_oi,2012-05-29,2012-06-01,148694.0,https://www.cftc.gov/files/dea/history/fut_disagg_txt_2026.zip,2026-10-08
cftc_copper_oi,2012-06-05,2012-06-08,156252.0,https://www.cftc.gov/files/dea/history/fut_disagg_txt_2026.zip,2026-10-08
cftc_copper_oi,2012-06-12,2012-06-15,152084.0,https://www.cftc.gov/files/dea/history/fut_disagg_txt_2026.zip,2026-10-08
cftc_copper_oi,2012-06-19,2012-06-22,144845.0,https://www.cftc.gov/files/dea/history/fut_disagg_txt_2026.zip,2026-10-08
cftc_copper_oi,2012-06-26,2012-06-29,146442.0,https://www.cftc.gov/files/dea/history/fut_disagg_txt_2026.zip,2026-10-08
cftc_copper_oi,2012-07-03,2012-07-06,135682.0,https://www.cftc.gov/files/dea/history/fut_disagg_txt_2026.zip,2026-10-08
cftc_copper_oi,2012-07-10,2012-07-13,134099.0,https://www.cftc.gov/files/dea/history/fut_disagg_txt_2026.zip,2026-10-08
cftc_copper_oi,2012-07-17,2012-07-20,138098.0,https://www.cftc.gov/files/dea/history/fut_disagg_txt_2026.zip,2026-10-08
cftc_copper_oi,2012-07-24,2012-07-27,142395.0,https://www.cftc.gov/files/dea/history/fut_disagg_txt_2026.zip,2026-10-08
cftc_copper_oi,2012-07-31,2012-08-03,142774.0,https://www.cftc.gov/files/dea/history/fut_disagg_txt_2026.zip,2026-10-08
cftc_copper_oi,2012-08-07,2012-08-10,145059.0,https://www.cftc.gov/files/dea/history/fut_disagg_txt_2026.zip,2026-10-08
cftc_copper_oi,2012-08-14,2012-08-17,156244.0,https://www.cftc.gov/files/dea/history/fut_disagg_txt_2026.zip,2026-10-08
cftc_copper_oi,2012-08-21,2012-08-24,149461.0,https://www.cftc.gov/files/dea/history/fut_disagg_txt_2026.zip,2026-10-08
cftc_copper_oi,2012-08-28,2012-08-31,145214.0,https://www.cftc.gov/files/dea/history/fut_disagg_txt_2026.zip,2026-10-08
cftc_copper_oi,2012-09-04,2012-09-07,136512.0,https://www.cftc.gov/files/dea/history/fut_disagg_txt_2026.zip,2026-10-08
cftc_copper_oi,2012-09-11,2012-09-14,147630.0,https://www.cftc.gov/files/dea/history/fut_disagg_txt_2026.zip,2026-10-08
cftc_copper_oi,2012-09-18,2012-09-21,149098.0,https://www.cftc.gov/files/dea/history/fut_disagg_txt_2026.zip,2026-10-08
cftc_copper_oi,2012-09-25,2012-09-28,152263.0,https://www.cftc.gov/files/dea/history/fut_disagg_txt_2026.zip,2026-10-08
cftc_copper_oi,2012-10-02,2012-10-05,152264.0,https://www.cftc.gov/files/dea/history/fut_disagg_txt_2026.zip,2026-10-08
cftc_copper_oi,2012-10-09,2012-10-12,152004.0,https://www.cftc.gov/files/dea/history/fut_disagg_txt_2026.zip,2026-10-08
cftc_copper_oi,2012-10-16,2012-10-19,150296.0,https://www.cftc.gov/files/dea/history/fut_disagg_txt_2026.zip,2026-10-08
cftc_copper_oi,2012-10-23,2012-10-26,153564.0,https://www.cftc.gov/files/dea/history/fut_disagg_txt_2026.zip,2026-10-08
cftc_copper_oi,2012-10-30,2012-11-02,156569.0,https://www.cftc.gov/files/dea/history/fut_disagg_txt_2026.zip,2026-10-08
cftc_copper_oi,2012-11-06,2012-11-09,155396.0,https://www.cftc.gov/files/dea/history/fut_disagg_txt_2026.zip,2026-10-08
cftc_copper_oi,2012-11-13,2012-11-16,151884.0,https://www.cftc.gov/files/dea/history/fut_disagg_txt_2026.zip,2026-10-08
cftc_copper_oi,2012-11-20,2012-11-23,147748.0,https://www.cftc.gov/files/dea/history/fut_disagg_txt_2026.zip,2026-10-08
cftc_copper_oi,2012-11-27,2012-11-30,145313.0,https://www.cftc.gov/files/dea/history/fut_disagg_txt_2026.zip,2026-10-08
cftc_copper_oi,2012-12-04,2012-12-07,143993.0,https://www.cftc.gov/files/dea/history/fut_disagg_txt_2026.zip,2026-10-08
cftc_copper_oi,2012-12-11,2012-12-14,151310.0,https://www.cftc.gov/files/dea/history/fut_disagg_txt_2026.zip,2026-10-08
cftc_copper_oi,2012-12-18,2012-12-21,153815.0,https://www.cftc.gov/files/dea/history/fut_disagg_txt_2026.zip,2026-10-08
cftc_copper_oi,2012-12-24,2012-12-27,148449.0,https://www.cftc.gov/files/dea/history/fut_disagg_txt_2026.zip,2026-10-08
cftc_copper_oi,2012-12-31,2013-01-03,146548.0,https://www.cftc.gov/files/dea/history/fut_disagg_txt_2026.zip,2026-10-08
cftc_copper_oi,2013-01-08,2013-01-11,156245.0,https://www.cftc.gov/files/dea/history/fut_disagg_txt_2026.zip,2026-10-08
cftc_copper_oi,2013-01-15,2013-01-18,155689.0,https://www.cftc.gov/files/dea/history/fut_disagg_txt_2026.zip,2026-10-08
cftc_copper_oi,2013-01-22,2013-01-25,161899.0,https://www.cftc.gov/files/dea/history/fut_disagg_txt_2026.zip,2026-10-08
cftc_copper_oi,2013-01-29,2013-02-01,168493.0,https://www.cftc.gov/files/dea/history/fut_disagg_txt_2026.zip,2026-10-08
cftc_copper_oi,2013-02-05,2013-02-08,183941.0,https://www.cftc.gov/files/dea/history/fut_disagg_txt_2026.zip,2026-10-08
cftc_copper_oi,2013-02-12,2013-02-15,174441.0,https://www.cftc.gov/files/dea/history/fut_disagg_txt_2026.zip,2026-10-08
cftc_copper_oi,2013-02-19,2013-02-22,178372.0,https://www.cftc.gov/files/dea/history/fut_disagg_txt_2026.zip,2026-10-08
cftc_copper_oi,2013-02-26,2013-03-01,161180.0,https://www.cftc.gov/files/dea/history/fut_disagg_txt_2026.zip,2026-10-08
cftc_copper_oi,2013-03-05,2013-03-08,159485.0,https://www.cftc.gov/files/dea/history/fut_disagg_txt_2026.zip,2026-10-08
cftc_copper_oi,2013-03-12,2013-03-15,158500.0,https://www.cftc.gov/files/dea/history/fut_disagg_txt_2026.zip,2026-10-08
cftc_copper_oi,2013-03-19,2013-03-22,168616.0,https://www.cftc.gov/files/dea/history/fut_disagg_txt_2026.zip,2026-10-08
cftc_copper_oi,2013-03-26,2013-03-29,172979.0,https://www.cftc.gov/files/dea/history/fut_disagg_txt_2026.zip,2026-10-08
cftc_copper_oi,2013-04-02,2013-04-05,179944.0,https://www.cftc.gov/files/dea/history/fut_disagg_txt_2026.zip,2026-10-08
cftc_copper_oi,2013-04-09,2013-04-12,182719.0,https://www.cftc.gov/files/dea/history/fut_disagg_txt_2026.zip,2026-10-08
cftc_copper_oi,2013-04-16,2013-04-19,187450.0,https://www.cftc.gov/files/dea/history/fut_disagg_txt_2026.zip,2026-10-08
cftc_copper_oi,2013-04-23,2013-04-26,172312.0,https://www.cftc.gov/files/dea/history/fut_disagg_txt_2026.zip,2026-10-08
cftc_copper_oi,2013-04-30,2013-05-03,166042.0,https://www.cftc.gov/files/dea/history/fut_disagg_txt_2026.zip,2026-10-08
cftc_copper_oi,2013-05-07,2013-05-10,158787.0,https://www.cftc.gov/files/dea/history/fut_disagg_txt_2026.zip,2026-10-08
cftc_copper_oi,2013-05-14,2013-05-17,159750.0,https://www.cftc.gov/files/dea/history/fut_disagg_txt_2026.zip,2026-10-08
cftc_copper_oi,2013-05-21,2013-05-24,162304.0,https://www.cftc.gov/files/dea/history/fut_disagg_txt_2026.zip,2026-10-08
cftc_copper_oi,2013-05-28,2013-05-31,165931.0,https://www.cftc.gov/files/dea/history/fut_disagg_txt_2026.zip,2026-10-08
cftc_copper_oi,2013-06-04,2013-06-07,168538.0,https://www.cftc.gov/files/dea/history/fut_disagg_txt_2026.zip,2026-10-08
cftc_copper_oi,2013-06-11,2013-06-14,181231.0,https://www.cftc.gov/files/dea/history/fut_disagg_txt_2026.zip,2026-10-08
cftc_copper_oi,2013-06-18,2013-06-21,194877.0,https://www.cftc.gov/files/dea/history/fut_disagg_txt_2026.zip,2026-10-08
cftc_copper_oi,2013-06-25,2013-06-28,178746.0,https://www.cftc.gov/files/dea/history/fut_disagg_txt_2026.zip,2026-10-08
cftc_copper_oi,2013-07-02,2013-07-05,170977.0,https://www.cftc.gov/files/dea/history/fut_disagg_txt_2026.zip,2026-10-08
cftc_copper_oi,2013-07-09,2013-07-12,169108.0,https://www.cftc.gov/files/dea/history/fut_disagg_txt_2026.zip,2026-10-08
cftc_copper_oi,2013-07-16,2013-07-19,163870.0,https://www.cftc.gov/files/dea/history/fut_disagg_txt_2026.zip,2026-10-08
cftc_copper_oi,2013-07-23,2013-07-26,161805.0,https://www.cftc.gov/files/dea/history/fut_disagg_txt_2026.zip,2026-10-08
cftc_copper_oi,2013-07-30,2013-08-02,166158.0,https://www.cftc.gov/files/dea/history/fut_disagg_txt_2026.zip,2026-10-08
cftc_copper_oi,2013-08-06,2013-08-09,163880.0,https://www.cftc.gov/files/dea/history/fut_disagg_txt_2026.zip,2026-10-08
cftc_copper_oi,2013-08-13,2013-08-16,161593.0,https://www.cftc.gov/files/dea/history/fut_disagg_txt_2026.zip,2026-10-08
cftc_copper_oi,2013-08-20,2013-08-23,160062.0,https://www.cftc.gov/files/dea/history/fut_disagg_txt_2026.zip,2026-10-08
cftc_copper_oi,2013-08-27,2013-08-30,156847.0,https://www.cftc.gov/files/dea/history/fut_disagg_txt_2026.zip,2026-10-08
cftc_copper_oi,2013-09-03,2013-09-06,149072.0,https://www.cftc.gov/files/dea/history/fut_disagg_txt_2026.zip,2026-10-08
cftc_copper_oi,2013-09-10,2013-09-13,149202.0,https://www.cftc.gov/files/dea/history/fut_disagg_txt_2026.zip,2026-10-08
cftc_copper_oi,2013-09-17,2013-09-20,149173.0,https://www.cftc.gov/files/dea/history/fut_disagg_txt_2026.zip,2026-10-08
cftc_copper_oi,2013-09-24,2013-09-27,147511.0,https://www.cftc.gov/files/dea/history/fut_disagg_txt_2026.zip,2026-10-08
cftc_copper_oi,2013-10-01,2013-10-04,148001.0,https://www.cftc.gov/files/dea/history/fut_disagg_txt_2026.zip,2026-10-08
cftc_copper_oi,2013-10-08,2013-10-11,147936.0,https://www.cftc.gov/files/dea/history/fut_disagg_txt_2026.zip,2026-10-08
cftc_copper_oi,2013-10-15,2013-10-18,149819.0,https://www.cftc.gov/files/dea/history/fut_disagg_txt_2026.zip,2026-10-08
cftc_copper_oi,2013-10-22,2013-10-25,154924.0,https://www.cftc.gov/files/dea/history/fut_disagg_txt_2026.zip,2026-10-08
cftc_copper_oi,2013-10-29,2013-11-01,154498.0,https://www.cftc.gov/files/dea/history/fut_disagg_txt_2026.zip,2026-10-08
cftc_copper_oi,2013-11-05,2013-11-08,148624.0,https://www.cftc.gov/files/dea/history/fut_disagg_txt_2026.zip,2026-10-08
cftc_copper_oi,2013-11-12,2013-11-15,163264.0,https://www.cftc.gov/files/dea/history/fut_disagg_txt_2026.zip,2026-10-08
cftc_copper_oi,2013-11-19,2013-11-22,173106.0,https://www.cftc.gov/files/dea/history/fut_disagg_txt_2026.zip,2026-10-08
cftc_copper_oi,2013-11-26,2013-11-29,158780.0,https://www.cftc.gov/files/dea/history/fut_disagg_txt_2026.zip,2026-10-08
cftc_copper_oi,2013-12-03,2013-12-06,160042.0,https://www.cftc.gov/files/dea/history/fut_disagg_txt_2026.zip,2026-10-08
cftc_copper_oi,2013-12-10,2013-12-13,159552.0,https://www.cftc.gov/files/dea/history/fut_disagg_txt_2026.zip,2026-10-08
cftc_copper_oi,2013-12-17,2013-12-20,159879.0,https://www.cftc.gov/files/dea/history/fut_disagg_txt_2026.zip,2026-10-08
cftc_copper_oi,2013-12-24,2013-12-27,164932.0,https://www.cftc.gov/files/dea/history/fut_disagg_txt_2026.zip,2026-10-08
cftc_copper_oi,2013-12-31,2014-01-03,167024.0,https://www.cftc.gov/files/dea/history/fut_disagg_txt_2026.zip,2026-10-08
cftc_copper_oi,2014-01-07,2014-01-10,169588.0,https://www.cftc.gov/files/dea/history/fut_disagg_txt_2026.zip,2026-10-08
cftc_copper_oi,2014-01-14,2014-01-17,163296.0,https://www.cftc.gov/files/dea/history/fut_disagg_txt_2026.zip,2026-10-08
cftc_copper_oi,2014-01-21,2014-01-24,160115.0,https://www.cftc.gov/files/dea/history/fut_disagg_txt_2026.zip,2026-10-08
cftc_copper_oi,2014-01-28,2014-01-31,152829.0,https://www.cftc.gov/files/dea/history/fut_disagg_txt_2026.zip,2026-10-08
cftc_copper_oi,2014-02-04,2014-02-07,151800.0,https://www.cftc.gov/files/dea/history/fut_disagg_txt_2026.zip,2026-10-08
cftc_copper_oi,2014-02-11,2014-02-14,164996.0,https://www.cftc.gov/files/dea/history/fut_disagg_txt_2026.zip,2026-10-08
cftc_copper_oi,2014-02-18,2014-02-21,162959.0,https://www.cftc.gov/files/dea/history/fut_disagg_txt_2026.zip,2026-10-08
cftc_copper_oi,2014-02-25,2014-02-28,146265.0,https://www.cftc.gov/files/dea/history/fut_disagg_txt_2026.zip,2026-10-08
cftc_copper_oi,2014-03-04,2014-03-07,145295.0,https://www.cftc.gov/files/dea/history/fut_disagg_txt_2026.zip,2026-10-08
cftc_copper_oi,2014-03-11,2014-03-14,155791.0,https://www.cftc.gov/files/dea/history/fut_disagg_txt_2026.zip,2026-10-08
cftc_copper_oi,2014-03-18,2014-03-21,159542.0,https://www.cftc.gov/files/dea/history/fut_disagg_txt_2026.zip,2026-10-08
cftc_copper_oi,2014-03-25,2014-03-28,154057.0,https://www.cftc.gov/files/dea/history/fut_disagg_txt_2026.zip,2026-10-08
cftc_copper_oi,2014-04-01,2014-04-04,153098.0,https://www.cftc.gov/files/dea/history/fut_disagg_txt_2026.zip,2026-10-08
cftc_copper_oi,2014-04-08,2014-04-11,153322.0,https://www.cftc.gov/files/dea/history/fut_disagg_txt_2026.zip,2026-10-08
cftc_copper_oi,2014-04-15,2014-04-18,164022.0,https://www.cftc.gov/files/dea/history/fut_disagg_txt_2026.zip,2026-10-08
cftc_copper_oi,2014-04-22,2014-04-25,152890.0,https://www.cftc.gov/files/dea/history/fut_disagg_txt_2026.zip,2026-10-08
cftc_copper_oi,2014-04-29,2014-05-02,138987.0,https://www.cftc.gov/files/dea/history/fut_disagg_txt_2026.zip,2026-10-08
cftc_copper_oi,2014-05-06,2014-05-09,142069.0,https://www.cftc.gov/files/dea/history/fut_disagg_txt_2026.zip,2026-10-08
cftc_copper_oi,2014-05-13,2014-05-16,151610.0,https://www.cftc.gov/files/dea/history/fut_disagg_txt_2026.zip,2026-10-08
cftc_copper_oi,2014-05-20,2014-05-23,150346.0,https://www.cftc.gov/files/dea/history/fut_disagg_txt_2026.zip,2026-10-08
cftc_copper_oi,2014-05-27,2014-05-30,153499.0,https://www.cftc.gov/files/dea/history/fut_disagg_txt_2026.zip,2026-10-08
cftc_copper_oi,2014-06-03,2014-06-06,151783.0,https://www.cftc.gov/files/dea/history/fut_disagg_txt_2026.zip,2026-10-08
cftc_copper_oi,2014-06-10,2014-06-13,147453.0,https://www.cftc.gov/files/dea/history/fut_disagg_txt_2026.zip,2026-10-08
cftc_copper_oi,2014-06-17,2014-06-20,151523.0,https://www.cftc.gov/files/dea/history/fut_disagg_txt_2026.zip,2026-10-08
cftc_copper_oi,2014-06-24,2014-06-27,142413.0,https://www.cftc.gov/files/dea/history/fut_disagg_txt_2026.zip,2026-10-08
cftc_copper_oi,2014-07-01,2014-07-04,146243.0,https://www.cftc.gov/files/dea/history/fut_disagg_txt_2026.zip,2026-10-08
cftc_copper_oi,2014-07-08,2014-07-11,161048.0,https://www.cftc.gov/files/dea/history/fut_disagg_txt_2026.zip,2026-10-08
cftc_copper_oi,2014-07-15,2014-07-18,179412.0,https://www.cftc.gov/files/dea/history/fut_disagg_txt_2026.zip,2026-10-08
cftc_copper_oi,2014-07-22,2014-07-25,180479.0,https://www.cftc.gov/files/dea/history/fut_disagg_txt_2026.zip,2026-10-08
cftc_copper_oi,2014-07-29,2014-08-01,175017.0,https://www.cftc.gov/files/dea/history/fut_disagg_txt_2026.zip,2026-10-08
cftc_copper_oi,2014-08-05,2014-08-08,171323.0,https://www.cftc.gov/files/dea/history/fut_disagg_txt_2026.zip,2026-10-08
cftc_copper_oi,2014-08-12,2014-08-15,153657.0,https://www.cftc.gov/files/dea/history/fut_disagg_txt_2026.zip,2026-10-08
cftc_copper_oi,2014-08-19,2014-08-22,152025.0,https://www.cftc.gov/files/dea/history/fut_disagg_txt_2026.zip,2026-10-08
cftc_copper_oi,2014-08-26,2014-08-29,146526.0,https://www.cftc.gov/files/dea/history/fut_disagg_txt_2026.zip,2026-10-08
cftc_copper_oi,2014-09-02,2014-09-05,136370.0,https://www.cftc.gov/files/dea/history/fut_disagg_txt_2026.zip,2026-10-08
cftc_copper_oi,2014-09-09,2014-09-12,144047.0,https://www.cftc.gov/files/dea/history/fut_disagg_txt_2026.zip,2026-10-08
cftc_copper_oi,2014-09-16,2014-09-19,143370.0,https://www.cftc.gov/files/dea/history/fut_disagg_txt_2026.zip,2026-10-08
cftc_copper_oi,2014-09-23,2014-09-26,152016.0,https://www.cftc.gov/files/dea/history/fut_disagg_txt_2026.zip,2026-10-08
cftc_copper_oi,2014-09-30,2014-10-03,160389.0,https://www.cftc.gov/files/dea/history/fut_disagg_txt_2026.zip,2026-10-08
cftc_copper_oi,2014-10-07,2014-10-10,167622.0,https://www.cftc.gov/files/dea/history/fut_disagg_txt_2026.zip,2026-10-08
cftc_copper_oi,2014-10-14,2014-10-17,167530.0,https://www.cftc.gov/files/dea/history/fut_disagg_txt_2026.zip,2026-10-08
cftc_copper_oi,2014-10-21,2014-10-24,175541.0,https://www.cftc.gov/files/dea/history/fut_disagg_txt_2026.zip,2026-10-08
cftc_copper_oi,2014-10-28,2014-10-31,169924.0,https://www.cftc.gov/files/dea/history/fut_disagg_txt_2026.zip,2026-10-08
cftc_copper_oi,2014-11-04,2014-11-07,164942.0,https://www.cftc.gov/files/dea/history/fut_disagg_txt_2026.zip,2026-10-08
cftc_copper_oi,2014-11-11,2014-11-14,170361.0,https://www.cftc.gov/files/dea/history/fut_disagg_txt_2026.zip,2026-10-08
cftc_copper_oi,2014-11-18,2014-11-21,176417.0,https://www.cftc.gov/files/dea/history/fut_disagg_txt_2026.zip,2026-10-08
cftc_copper_oi,2014-11-25,2014-11-28,160924.0,https://www.cftc.gov/files/dea/history/fut_disagg_txt_2026.zip,2026-10-08
cftc_copper_oi,2014-12-02,2014-12-05,159261.0,https://www.cftc.gov/files/dea/history/fut_disagg_txt_2026.zip,2026-10-08
cftc_copper_oi,2014-12-09,2014-12-12,152267.0,https://www.cftc.gov/files/dea/history/fut_disagg_txt_2026.zip,2026-10-08
cftc_copper_oi,2014-12-16,2014-12-19,152045.0,https://www.cftc.gov/files/dea/history/fut_disagg_txt_2026.zip,2026-10-08
cftc_copper_oi,2014-12-23,2014-12-26,152816.0,https://www.cftc.gov/files/dea/history/fut_disagg_txt_2026.zip,2026-10-08
cftc_copper_oi,2014-12-30,2015-01-02,159107.0,https://www.cftc.gov/files/dea/history/fut_disagg_txt_2026.zip,2026-10-08
cftc_copper_oi,2015-01-06,2015-01-09,170037.0,https://www.cftc.gov/files/dea/history/fut_disagg_txt_2026.zip,2026-10-08
cftc_copper_oi,2015-01-13,2015-01-16,179459.0,https://www.cftc.gov/files/dea/history/fut_disagg_txt_2026.zip,2026-10-08
cftc_copper_oi,2015-01-20,2015-01-23,172846.0,https://www.cftc.gov/files/dea/history/fut_disagg_txt_2026.zip,2026-10-08
cftc_copper_oi,2015-01-27,2015-01-30,179152.0,https://www.cftc.gov/files/dea/history/fut_disagg_txt_2026.zip,2026-10-08
cftc_copper_oi,2015-02-03,2015-02-06,180944.0,https://www.cftc.gov/files/dea/history/fut_disagg_txt_2026.zip,2026-10-08
cftc_copper_oi,2015-02-10,2015-02-13,185606.0,https://www.cftc.gov/files/dea/history/fut_disagg_txt_2026.zip,2026-10-08
cftc_copper_oi,2015-02-17,2015-02-20,185675.0,https://www.cftc.gov/files/dea/history/fut_disagg_txt_2026.zip,2026-10-08
cftc_copper_oi,2015-02-24,2015-02-27,171520.0,https://www.cftc.gov/files/dea/history/fut_disagg_txt_2026.zip,2026-10-08
cftc_copper_oi,2015-03-03,2015-03-06,163020.0,https://www.cftc.gov/files/dea/history/fut_disagg_txt_2026.zip,2026-10-08
cftc_copper_oi,2015-03-10,2015-03-13,164239.0,https://www.cftc.gov/files/dea/history/fut_disagg_txt_2026.zip,2026-10-08
cftc_copper_oi,2015-03-17,2015-03-20,164490.0,https://www.cftc.gov/files/dea/history/fut_disagg_txt_2026.zip,2026-10-08
cftc_copper_oi,2015-03-24,2015-03-27,165590.0,https://www.cftc.gov/files/dea/history/fut_disagg_txt_2026.zip,2026-10-08
cftc_copper_oi,2015-03-31,2015-04-03,170125.0,https://www.cftc.gov/files/dea/history/fut_disagg_txt_2026.zip,2026-10-08
cftc_copper_oi,2015-04-07,2015-04-10,171006.0,https://www.cftc.gov/files/dea/history/fut_disagg_txt_2026.zip,2026-10-08
cftc_copper_oi,2015-04-14,2015-04-17,165760.0,https://www.cftc.gov/files/dea/history/fut_disagg_txt_2026.zip,2026-10-08
cftc_copper_oi,2015-04-21,2015-04-24,157721.0,https://www.cftc.gov/files/dea/history/fut_disagg_txt_2026.zip,2026-10-08
cftc_copper_oi,2015-04-28,2015-05-01,154447.0,https://www.cftc.gov/files/dea/history/fut_disagg_txt_2026.zip,2026-10-08
cftc_copper_oi,2015-05-05,2015-05-08,166179.0,https://www.cftc.gov/files/dea/history/fut_disagg_txt_2026.zip,2026-10-08
cftc_copper_oi,2015-05-12,2015-05-15,178077.0,https://www.cftc.gov/files/dea/history/fut_disagg_txt_2026.zip,2026-10-08
cftc_copper_oi,2015-05-19,2015-05-22,179210.0,https://www.cftc.gov/files/dea/history/fut_disagg_txt_2026.zip,2026-10-08
cftc_copper_oi,2015-05-26,2015-05-29,172622.0,https://www.cftc.gov/files/dea/history/fut_disagg_txt_2026.zip,2026-10-08
cftc_copper_oi,2015-06-02,2015-06-05,160588.0,https://www.cftc.gov/files/dea/history/fut_disagg_txt_2026.zip,2026-10-08
cftc_copper_oi,2015-06-09,2015-06-12,171541.0,https://www.cftc.gov/files/dea/history/fut_disagg_txt_2026.zip,2026-10-08
cftc_copper_oi,2015-06-16,2015-06-19,181765.0,https://www.cftc.gov/files/dea/history/fut_disagg_txt_2026.zip,2026-10-08
cftc_copper_oi,2015-06-23,2015-06-26,184635.0,https://www.cftc.gov/files/dea/history/fut_disagg_txt_2026.zip,2026-10-08
cftc_copper_oi,2015-06-30,2015-07-03,166278.0,https://www.cftc.gov/files/dea/history/fut_disagg_txt_2026.zip,2026-10-08
cftc_copper_oi,2015-07-07,2015-07-10,167008.0,https://www.cftc.gov/files/dea/history/fut_disagg_txt_2026.zip,2026-10-08
cftc_copper_oi,2015-07-14,2015-07-17,161713.0,https://www.cftc.gov/files/dea/history/fut_disagg_txt_2026.zip,2026-10-08
cftc_copper_oi,2015-07-21,2015-07-24,165842.0,https://www.cftc.gov/files/dea/history/fut_disagg_txt_2026.zip,2026-10-08
cftc_copper_oi,2015-07-28,2015-07-31,163656.0,https://www.cftc.gov/files/dea/history/fut_disagg_txt_2026.zip,2026-10-08
cftc_copper_oi,2015-08-04,2015-08-07,181276.0,https://www.cftc.gov/files/dea/history/fut_disagg_txt_2026.zip,2026-10-08
cftc_copper_oi,2015-08-11,2015-08-14,195117.0,https://www.cftc.gov/files/dea/history/fut_disagg_txt_2026.zip,2026-10-08
cftc_copper_oi,2015-08-18,2015-08-21,191265.0,https://www.cftc.gov/files/dea/history/fut_disagg_txt_2026.zip,2026-10-08
cftc_copper_oi,2015-08-25,2015-08-28,166991.0,https://www.cftc.gov/files/dea/history/fut_disagg_txt_2026.zip,2026-10-08
cftc_copper_oi,2015-09-01,2015-09-04,158648.0,https://www.cftc.gov/files/dea/history/fut_disagg_txt_2026.zip,2026-10-08
cftc_copper_oi,2015-09-08,2015-09-11,159016.0,https://www.cftc.gov/files/dea/history/fut_disagg_txt_2026.zip,2026-10-08
cftc_copper_oi,2015-09-15,2015-09-18,154631.0,https://www.cftc.gov/files/dea/history/fut_disagg_txt_2026.zip,2026-10-08
cftc_copper_oi,2015-09-22,2015-09-25,152575.0,https://www.cftc.gov/files/dea/history/fut_disagg_txt_2026.zip,2026-10-08
cftc_copper_oi,2015-09-29,2015-10-02,151710.0,https://www.cftc.gov/files/dea/history/fut_disagg_txt_2026.zip,2026-10-08
cftc_copper_oi,2015-10-06,2015-10-09,153387.0,https://www.cftc.gov/files/dea/history/fut_disagg_txt_2026.zip,2026-10-08
cftc_copper_oi,2015-10-13,2015-10-16,156482.0,https://www.cftc.gov/files/dea/history/fut_disagg_txt_2026.zip,2026-10-08
cftc_copper_oi,2015-10-20,2015-10-23,162963.0,https://www.cftc.gov/files/dea/history/fut_disagg_txt_2026.zip,2026-10-08
cftc_copper_oi,2015-10-27,2015-10-30,165946.0,https://www.cftc.gov/files/dea/history/fut_disagg_txt_2026.zip,2026-10-08
cftc_copper_oi,2015-11-03,2015-11-06,165386.0,https://www.cftc.gov/files/dea/history/fut_disagg_txt_2026.zip,2026-10-08
cftc_copper_oi,2015-11-10,2015-11-13,173872.0,https://www.cftc.gov/files/dea/history/fut_disagg_txt_2026.zip,2026-10-08
cftc_copper_oi,2015-11-17,2015-11-20,193328.0,https://www.cftc.gov/files/dea/history/fut_disagg_txt_2026.zip,2026-10-08
cftc_copper_oi,2015-11-24,2015-11-27,186199.0,https://www.cftc.gov/files/dea/history/fut_disagg_txt_2026.zip,2026-10-08
cftc_copper_oi,2015-12-01,2015-12-04,180517.0,https://www.cftc.gov/files/dea/history/fut_disagg_txt_2026.zip,2026-10-08
cftc_copper_oi,2015-12-08,2015-12-11,179248.0,https://www.cftc.gov/files/dea/history/fut_disagg_txt_2026.zip,2026-10-08
cftc_copper_oi,2015-12-15,2015-12-18,178761.0,https://www.cftc.gov/files/dea/history/fut_disagg_txt_2026.zip,2026-10-08
cftc_copper_oi,2015-12-22,2015-12-25,170210.0,https://www.cftc.gov/files/dea/history/fut_disagg_txt_2026.zip,2026-10-08
cftc_copper_oi,2015-12-29,2016-01-01,167689.0,https://www.cftc.gov/files/dea/history/fut_disagg_txt_2026.zip,2026-10-08
cftc_copper_oi,2016-01-05,2016-01-08,171819.0,https://www.cftc.gov/files/dea/history/fut_disagg_txt_2026.zip,2026-10-08
cftc_copper_oi,2016-01-12,2016-01-15,193520.0,https://www.cftc.gov/files/dea/history/fut_disagg_txt_2026.zip,2026-10-08
cftc_copper_oi,2016-01-19,2016-01-22,199011.0,https://www.cftc.gov/files/dea/history/fut_disagg_txt_2026.zip,2026-10-08
cftc_copper_oi,2016-01-26,2016-01-29,202900.0,https://www.cftc.gov/files/dea/history/fut_disagg_txt_2026.zip,2026-10-08
cftc_copper_oi,2016-02-02,2016-02-05,201682.0,https://www.cftc.gov/files/dea/history/fut_disagg_txt_2026.zip,2026-10-08
cftc_copper_oi,2016-02-09,2016-02-12,189518.0,https://www.cftc.gov/files/dea/history/fut_disagg_txt_2026.zip,2026-10-08
cftc_copper_oi,2016-02-16,2016-02-19,191131.0,https://www.cftc.gov/files/dea/history/fut_disagg_txt_2026.zip,2026-10-08
cftc_copper_oi,2016-02-23,2016-02-26,173541.0,https://www.cftc.gov/files/dea/history/fut_disagg_txt_2026.zip,2026-10-08
cftc_copper_oi,2016-03-01,2016-03-04,160010.0,https://www.cftc.gov/files/dea/history/fut_disagg_txt_2026.zip,2026-10-08
cftc_copper_oi,2016-03-08,2016-03-11,165888.0,https://www.cftc.gov/files/dea/history/fut_disagg_txt_2026.zip,2026-10-08
cftc_copper_oi,2016-03-15,2016-03-18,175443.0,https://www.cftc.gov/files/dea/history/fut_disagg_txt_2026.zip,2026-10-08
cftc_copper_oi,2016-03-22,2016-03-25,178177.0,https://www.cftc.gov/files/dea/history/fut_disagg_txt_2026.zip,2026-10-08
cftc_copper_oi,2016-03-29,2016-04-01,186775.0,https://www.cftc.gov/files/dea/history/fut_disagg_txt_2026.zip,2026-10-08
cftc_copper_oi,2016-04-05,2016-04-08,192906.0,https://www.cftc.gov/files/dea/history/fut_disagg_txt_2026.zip,2026-10-08
cftc_copper_oi,2016-04-12,2016-04-15,201236.0,https://www.cftc.gov/files/dea/history/fut_disagg_txt_2026.zip,2026-10-08
cftc_copper_oi,2016-04-19,2016-04-22,201891.0,https://www.cftc.gov/files/dea/history/fut_disagg_txt_2026.zip,2026-10-08
cftc_copper_oi,2016-04-26,2016-04-29,172378.0,https://www.cftc.gov/files/dea/history/fut_disagg_txt_2026.zip,2026-10-08
cftc_copper_oi,2016-05-03,2016-05-06,176458.0,https://www.cftc.gov/files/dea/history/fut_disagg_txt_2026.zip,2026-10-08
cftc_copper_oi,2016-05-10,2016-05-13,184768.0,https://www.cftc.gov/files/dea/history/fut_disagg_txt_2026.zip,2026-10-08
cftc_copper_oi,2016-05-17,2016-05-20,203157.0,https://www.cftc.gov/files/dea/history/fut_disagg_txt_2026.zip,2026-10-08
cftc_copper_oi,2016-05-24,2016-05-27,210264.0,https://www.cftc.gov/files/dea/history/fut_disagg_txt_2026.zip,2026-10-08
cftc_copper_oi,2016-05-31,2016-06-03,217128.0,https://www.cftc.gov/files/dea/history/fut_disagg_txt_2026.zip,2026-10-08
cftc_copper_oi,2016-06-07,2016-06-10,227927.0,https://www.cftc.gov/files/dea/history/fut_disagg_txt_2026.zip,2026-10-08
cftc_copper_oi,2016-06-14,2016-06-17,239071.0,https://www.cftc.gov/files/dea/history/fut_disagg_txt_2026.zip,2026-10-08
cftc_copper_oi,2016-06-21,2016-06-24,215529.0,https://www.cftc.gov/files/dea/history/fut_disagg_txt_2026.zip,2026-10-08
cftc_copper_oi,2016-06-28,2016-07-01,167927.0,https://www.cftc.gov/files/dea/history/fut_disagg_txt_2026.zip,2026-10-08
cftc_copper_oi,2016-07-05,2016-07-08,164665.0,https://www.cftc.gov/files/dea/history/fut_disagg_txt_2026.zip,2026-10-08
cftc_copper_oi,2016-07-12,2016-07-15,166225.0,https://www.cftc.gov/files/dea/history/fut_disagg_txt_2026.zip,2026-10-08
cftc_copper_oi,2016-07-19,2016-07-22,178364.0,https://www.cftc.gov/files/dea/history/fut_disagg_txt_2026.zip,2026-10-08
cftc_copper_oi,2016-07-26,2016-07-29,187184.0,https://www.cftc.gov/files/dea/history/fut_disagg_txt_2026.zip,2026-10-08
cftc_copper_oi,2016-08-02,2016-08-05,188805.0,https://www.cftc.gov/files/dea/history/fut_disagg_txt_2026.zip,2026-10-08
cftc_copper_oi,2016-08-09,2016-08-12,188297.0,https://www.cftc.gov/files/dea/history/fut_disagg_txt_2026.zip,2026-10-08
cftc_copper_oi,2016-08-16,2016-08-19,180360.0,https://www.cftc.gov/files/dea/history/fut_disagg_txt_2026.zip,2026-10-08
cftc_copper_oi,2016-08-23,2016-08-26,192196.0,https://www.cftc.gov/files/dea/history/fut_disagg_txt_2026.zip,2026-10-08
cftc_copper_oi,2016-08-30,2016-09-02,187028.0,https://www.cftc.gov/files/dea/history/fut_disagg_txt_2026.zip,2026-10-08
cftc_copper_oi,2016-09-06,2016-09-09,203453.0,https://www.cftc.gov/files/dea/history/fut_disagg_txt_2026.zip,2026-10-08
cftc_copper_oi,2016-09-13,2016-09-16,203945.0,https://www.cftc.gov/files/dea/history/fut_disagg_txt_2026.zip,2026-10-08
cftc_copper_oi,2016-09-20,2016-09-23,190574.0,https://www.cftc.gov/files/dea/history/fut_disagg_txt_2026.zip,2026-10-08
cftc_copper_oi,2016-09-27,2016-09-30,179904.0,https://www.cftc.gov/files/dea/history/fut_disagg_txt_2026.zip,2026-10-08
cftc_copper_oi,2016-10-04,2016-10-07,181809.0,https://www.cftc.gov/files/dea/history/fut_disagg_txt_2026.zip,2026-10-08
cftc_copper_oi,2016-10-11,2016-10-14,185814.0,https://www.cftc.gov/files/dea/history/fut_disagg_txt_2026.zip,2026-10-08
cftc_copper_oi,2016-10-18,2016-10-21,207729.0,https://www.cftc.gov/files/dea/history/fut_disagg_txt_2026.zip,2026-10-08
cftc_copper_oi,2016-10-25,2016-10-28,213569.0,https://www.cftc.gov/files/dea/history/fut_disagg_txt_2026.zip,2026-10-08
cftc_copper_oi,2016-11-01,2016-11-04,203042.0,https://www.cftc.gov/files/dea/history/fut_disagg_txt_2026.zip,2026-10-08
cftc_copper_oi,2016-11-08,2016-11-11,233922.0,https://www.cftc.gov/files/dea/history/fut_disagg_txt_2026.zip,2026-10-08
cftc_copper_oi,2016-11-15,2016-11-18,238615.0,https://www.cftc.gov/files/dea/history/fut_disagg_txt_2026.zip,2026-10-08
cftc_copper_oi,2016-11-22,2016-11-25,236293.0,https://www.cftc.gov/files/dea/history/fut_disagg_txt_2026.zip,2026-10-08
cftc_copper_oi,2016-11-29,2016-12-02,230420.0,https://www.cftc.gov/files/dea/history/fut_disagg_txt_2026.zip,2026-10-08
cftc_copper_oi,2016-12-06,2016-12-09,236290.0,https://www.cftc.gov/files/dea/history/fut_disagg_txt_2026.zip,2026-10-08
cftc_copper_oi,2016-12-13,2016-12-16,236822.0,https://www.cftc.gov/files/dea/history/fut_disagg_txt_2026.zip,2026-10-08
cftc_copper_oi,2016-12-20,2016-12-23,233042.0,https://www.cftc.gov/files/dea/history/fut_disagg_txt_2026.zip,2026-10-08
cftc_copper_oi,2016-12-27,2016-12-30,227733.0,https://www.cftc.gov/files/dea/history/fut_disagg_txt_2026.zip,2026-10-08
cftc_copper_oi,2017-01-03,2017-01-06,223874.0,https://www.cftc.gov/files/dea/history/fut_disagg_txt_2026.zip,2026-10-08
cftc_copper_oi,2017-01-10,2017-01-13,236637.0,https://www.cftc.gov/files/dea/history/fut_disagg_txt_2026.zip,2026-10-08
cftc_copper_oi,2017-01-17,2017-01-20,251782.0,https://www.cftc.gov/files/dea/history/fut_disagg_txt_2026.zip,2026-10-08
cftc_copper_oi,2017-01-24,2017-01-27,270892.0,https://www.cftc.gov/files/dea/history/fut_disagg_txt_2026.zip,2026-10-08
cftc_copper_oi,2017-01-31,2017-02-03,291702.0,https://www.cftc.gov/files/dea/history/fut_disagg_txt_2026.zip,2026-10-08
cftc_copper_oi,2017-02-07,2017-02-10,291924.0,https://www.cftc.gov/files/dea/history/fut_disagg_txt_2026.zip,2026-10-08
cftc_copper_oi,2017-02-14,2017-02-17,296125.0,https://www.cftc.gov/files/dea/history/fut_disagg_txt_2026.zip,2026-10-08
cftc_copper_oi,2017-02-21,2017-02-24,283805.0,https://www.cftc.gov/files/dea/history/fut_disagg_txt_2026.zip,2026-10-08
cftc_copper_oi,2017-02-28,2017-03-03,267935.0,https://www.cftc.gov/files/dea/history/fut_disagg_txt_2026.zip,2026-10-08
cftc_copper_oi,2017-03-07,2017-03-10,267379.0,https://www.cftc.gov/files/dea/history/fut_disagg_txt_2026.zip,2026-10-08
cftc_copper_oi,2017-03-14,2017-03-17,260056.0,https://www.cftc.gov/files/dea/history/fut_disagg_txt_2026.zip,2026-10-08
cftc_copper_oi,2017-03-21,2017-03-24,269323.0,https://www.cftc.gov/files/dea/history/fut_disagg_txt_2026.zip,2026-10-08
cftc_copper_oi,2017-03-28,2017-03-31,273316.0,https://www.cftc.gov/files/dea/history/fut_disagg_txt_2026.zip,2026-10-08
cftc_copper_oi,2017-04-04,2017-04-07,277949.0,https://www.cftc.gov/files/dea/history/fut_disagg_txt_2026.zip,2026-10-08
cftc_copper_oi,2017-04-11,2017-04-14,284852.0,https://www.cftc.gov/files/dea/history/fut_disagg_txt_2026.zip,2026-10-08
cftc_copper_oi,2017-04-18,2017-04-21,275401.0,https://www.cftc.gov/files/dea/history/fut_disagg_txt_2026.zip,2026-10-08
cftc_copper_oi,2017-04-25,2017-04-28,260513.0,https://www.cftc.gov/files/dea/history/fut_disagg_txt_2026.zip,2026-10-08
cftc_copper_oi,2017-05-02,2017-05-05,248643.0,https://www.cftc.gov/files/dea/history/fut_disagg_txt_2026.zip,2026-10-08
cftc_copper_oi,2017-05-09,2017-05-12,243123.0,https://www.cftc.gov/files/dea/history/fut_disagg_txt_2026.zip,2026-10-08
cftc_copper_oi,2017-05-16,2017-05-19,250251.0,https://www.cftc.gov/files/dea/history/fut_disagg_txt_2026.zip,2026-10-08
cftc_copper_oi,2017-05-23,2017-05-26,256097.0,https://www.cftc.gov/files/dea/history/fut_disagg_txt_2026.zip,2026-10-08
cftc_copper_oi,2017-05-30,2017-06-02,249317.0,https://www.cftc.gov/files/dea/history/fut_disagg_txt_2026.zip,2026-10-08
cftc_copper_oi,2017-06-06,2017-06-09,253643.0,https://www.cftc.gov/files/dea/history/fut_disagg_txt_2026.zip,2026-10-08
cftc_copper_oi,2017-06-13,2017-06-16,260631.0,https://www.cftc.gov/files/dea/history/fut_disagg_txt_2026.zip,2026-10-08
cftc_copper_oi,2017-06-20,2017-06-23,271774.0,https://www.cftc.gov/files/dea/history/fut_disagg_txt_2026.zip,2026-10-08
cftc_copper_oi,2017-06-27,2017-06-30,253503.0,https://www.cftc.gov/files/dea/history/fut_disagg_txt_2026.zip,2026-10-08
cftc_copper_oi,2017-07-03,2017-07-06,267148.0,https://www.cftc.gov/files/dea/history/fut_disagg_txt_2026.zip,2026-10-08
cftc_copper_oi,2017-07-11,2017-07-14,264039.0,https://www.cftc.gov/files/dea/history/fut_disagg_txt_2026.zip,2026-10-08
cftc_copper_oi,2017-07-18,2017-07-21,276841.0,https://www.cftc.gov/files/dea/history/fut_disagg_txt_2026.zip,2026-10-08
cftc_copper_oi,2017-07-25,2017-07-28,298264.0,https://www.cftc.gov/files/dea/history/fut_disagg_txt_2026.zip,2026-10-08
cftc_copper_oi,2017-08-01,2017-08-04,321510.0,https://www.cftc.gov/files/dea/history/fut_disagg_txt_2026.zip,2026-10-08
cftc_copper_oi,2017-08-08,2017-08-11,328814.0,https://www.cftc.gov/files/dea/history/fut_disagg_txt_2026.zip,2026-10-08
cftc_copper_oi,2017-08-15,2017-08-18,333951.0,https://www.cftc.gov/files/dea/history/fut_disagg_txt_2026.zip,2026-10-08
cftc_copper_oi,2017-08-22,2017-08-25,329725.0,https://www.cftc.gov/files/dea/history/fut_disagg_txt_2026.zip,2026-10-08
cftc_copper_oi,2017-08-29,2017-09-01,329513.0,https://www.cftc.gov/files/dea/history/fut_disagg_txt_2026.zip,2026-10-08
cftc_copper_oi,2017-09-05,2017-09-08,330702.0,https://www.cftc.gov/files/dea/history/fut_disagg_txt_2026.zip,2026-10-08
cftc_copper_oi,2017-09-12,2017-09-15,316294.0,https://www.cftc.gov/files/dea/history/fut_disagg_txt_2026.zip,2026-10-08
cftc_copper_oi,2017-09-19,2017-09-22,289998.0,https://www.cftc.gov/files/dea/history/fut_disagg_txt_2026.zip,2026-10-08
cftc_copper_oi,2017-09-26,2017-09-29,275999.0,https://www.cftc.gov/files/dea/history/fut_disagg_txt_2026.zip,2026-10-08
cftc_copper_oi,2017-10-03,2017-10-06,273497.0,https://www.cftc.gov/files/dea/history/fut_disagg_txt_2026.zip,2026-10-08
cftc_copper_oi,2017-10-10,2017-10-13,289779.0,https://www.cftc.gov/files/dea/history/fut_disagg_txt_2026.zip,2026-10-08
cftc_copper_oi,2017-10-17,2017-10-20,306618.0,https://www.cftc.gov/files/dea/history/fut_disagg_txt_2026.zip,2026-10-08
cftc_copper_oi,2017-10-24,2017-10-27,308996.0,https://www.cftc.gov/files/dea/history/fut_disagg_txt_2026.zip,2026-10-08
cftc_copper_oi,2017-10-31,2017-11-03,299573.0,https://www.cftc.gov/files/dea/history/fut_disagg_txt_2026.zip,2026-10-08
cftc_copper_oi,2017-11-07,2017-11-10,299392.0,https://www.cftc.gov/files/dea/history/fut_disagg_txt_2026.zip,2026-10-08
cftc_copper_oi,2017-11-14,2017-11-17,283153.0,https://www.cftc.gov/files/dea/history/fut_disagg_txt_2026.zip,2026-10-08
cftc_copper_oi,2017-11-21,2017-11-24,277126.0,https://www.cftc.gov/files/dea/history/fut_disagg_txt_2026.zip,2026-10-08
cftc_copper_oi,2017-11-28,2017-12-01,273314.0,https://www.cftc.gov/files/dea/history/fut_disagg_txt_2026.zip,2026-10-08
cftc_copper_oi,2017-12-05,2017-12-08,258050.0,https://www.cftc.gov/files/dea/history/fut_disagg_txt_2026.zip,2026-10-08
cftc_copper_oi,2017-12-12,2017-12-15,235080.0,https://www.cftc.gov/files/dea/history/fut_disagg_txt_2026.zip,2026-10-08
cftc_copper_oi,2017-12-19,2017-12-22,249462.0,https://www.cftc.gov/files/dea/history/fut_disagg_txt_2026.zip,2026-10-08
cftc_copper_oi,2017-12-26,2017-12-29,268478.0,https://www.cftc.gov/files/dea/history/fut_disagg_txt_2026.zip,2026-10-08
cftc_copper_oi,2018-01-02,2018-01-05,288846.0,https://www.cftc.gov/files/dea/history/fut_disagg_txt_2026.zip,2026-10-08
cftc_copper_oi,2018-01-09,2018-01-12,292480.0,https://www.cftc.gov/files/dea/history/fut_disagg_txt_2026.zip,2026-10-08
cftc_copper_oi,2018-01-16,2018-01-19,288577.0,https://www.cftc.gov/files/dea/history/fut_disagg_txt_2026.zip,2026-10-08
cftc_copper_oi,2018-01-23,2018-01-26,284300.0,https://www.cftc.gov/files/dea/history/fut_disagg_txt_2026.zip,2026-10-08
cftc_copper_oi,2018-01-30,2018-02-02,287352.0,https://www.cftc.gov/files/dea/history/fut_disagg_txt_2026.zip,2026-10-08
cftc_copper_oi,2018-02-06,2018-02-09,285964.0,https://www.cftc.gov/files/dea/history/fut_disagg_txt_2026.zip,2026-10-08
cftc_copper_oi,2018-02-13,2018-02-16,255708.0,https://www.cftc.gov/files/dea/history/fut_disagg_txt_2026.zip,2026-10-08
cftc_copper_oi,2018-02-20,2018-02-23,256420.0,https://www.cftc.gov/files/dea/history/fut_disagg_txt_2026.zip,2026-10-08
cftc_copper_oi,2018-02-27,2018-03-02,264683.0,https://www.cftc.gov/files/dea/history/fut_disagg_txt_2026.zip,2026-10-08
cftc_copper_oi,2018-03-06,2018-03-09,260097.0,https://www.cftc.gov/files/dea/history/fut_disagg_txt_2026.zip,2026-10-08
cftc_copper_oi,2018-03-13,2018-03-16,273651.0,https://www.cftc.gov/files/dea/history/fut_disagg_txt_2026.zip,2026-10-08
cftc_copper_oi,2018-03-20,2018-03-23,283457.0,https://www.cftc.gov/files/dea/history/fut_disagg_txt_2026.zip,2026-10-08
cftc_copper_oi,2018-03-27,2018-03-30,293335.0,https://www.cftc.gov/files/dea/history/fut_disagg_txt_2026.zip,2026-10-08
cftc_copper_oi,2018-04-03,2018-04-06,289138.0,https://www.cftc.gov/files/dea/history/fut_disagg_txt_2026.zip,2026-10-08
cftc_copper_oi,2018-04-10,2018-04-13,255757.0,https://www.cftc.gov/files/dea/history/fut_disagg_txt_2026.zip,2026-10-08
cftc_copper_oi,2018-04-17,2018-04-20,240008.0,https://www.cftc.gov/files/dea/history/fut_disagg_txt_2026.zip,2026-10-08
cftc_copper_oi,2018-04-24,2018-04-27,240990.0,https://www.cftc.gov/files/dea/history/fut_disagg_txt_2026.zip,2026-10-08
cftc_copper_oi,2018-05-01,2018-05-04,243337.0,https://www.cftc.gov/files/dea/history/fut_disagg_txt_2026.zip,2026-10-08
cftc_copper_oi,2018-05-08,2018-05-11,253834.0,https://www.cftc.gov/files/dea/history/fut_disagg_txt_2026.zip,2026-10-08
cftc_copper_oi,2018-05-15,2018-05-18,258587.0,https://www.cftc.gov/files/dea/history/fut_disagg_txt_2026.zip,2026-10-08
cftc_copper_oi,2018-05-22,2018-05-25,260111.0,https://www.cftc.gov/files/dea/history/fut_disagg_txt_2026.zip,2026-10-08
cftc_copper_oi,2018-05-29,2018-06-01,266370.0,https://www.cftc.gov/files/dea/history/fut_disagg_txt_2026.zip,2026-10-08
cftc_copper_oi,2018-06-05,2018-06-08,264350.0,https://www.cftc.gov/files/dea/history/fut_disagg_txt_2026.zip,2026-10-08
cftc_copper_oi,2018-06-12,2018-06-15,285593.0,https://www.cftc.gov/files/dea/history/fut_disagg_txt_2026.zip,2026-10-08
cftc_copper_oi,2018-06-19,2018-06-22,268435.0,https://www.cftc.gov/files/dea/history/fut_disagg_txt_2026.zip,2026-10-08
cftc_copper_oi,2018-06-26,2018-06-29,268714.0,https://www.cftc.gov/files/dea/history/fut_disagg_txt_2026.zip,2026-10-08
cftc_copper_oi,2018-07-03,2018-07-06,261618.0,https://www.cftc.gov/files/dea/history/fut_disagg_txt_2026.zip,2026-10-08
cftc_copper_oi,2018-07-10,2018-07-13,280668.0,https://www.cftc.gov/files/dea/history/fut_disagg_txt_2026.zip,2026-10-08
cftc_copper_oi,2018-07-17,2018-07-20,303929.0,https://www.cftc.gov/files/dea/history/fut_disagg_txt_2026.zip,2026-10-08
cftc_copper_oi,2018-07-24,2018-07-27,315586.0,https://www.cftc.gov/files/dea/history/fut_disagg_txt_2026.zip,2026-10-08
cftc_copper_oi,2018-07-31,2018-08-03,300522.0,https://www.cftc.gov/files/dea/history/fut_disagg_txt_2026.zip,2026-10-08
cftc_copper_oi,2018-08-07,2018-08-10,289908.0,https://www.cftc.gov/files/dea/history/fut_disagg_txt_2026.zip,2026-10-08
cftc_copper_oi,2018-08-14,2018-08-17,286872.0,https://www.cftc.gov/files/dea/history/fut_disagg_txt_2026.zip,2026-10-08
cftc_copper_oi,2018-08-21,2018-08-24,265239.0,https://www.cftc.gov/files/dea/history/fut_disagg_txt_2026.zip,2026-10-08
cftc_copper_oi,2018-08-28,2018-08-31,235094.0,https://www.cftc.gov/files/dea/history/fut_disagg_txt_2026.zip,2026-10-08
cftc_copper_oi,2018-09-04,2018-09-07,238426.0,https://www.cftc.gov/files/dea/history/fut_disagg_txt_2026.zip,2026-10-08
cftc_copper_oi,2018-09-11,2018-09-14,230351.0,https://www.cftc.gov/files/dea/history/fut_disagg_txt_2026.zip,2026-10-08
cftc_copper_oi,2018-09-18,2018-09-21,235543.0,https://www.cftc.gov/files/dea/history/fut_disagg_txt_2026.zip,2026-10-08
cftc_copper_oi,2018-09-25,2018-09-28,237120.0,https://www.cftc.gov/files/dea/history/fut_disagg_txt_2026.zip,2026-10-08
cftc_copper_oi,2018-10-02,2018-10-05,234368.0,https://www.cftc.gov/files/dea/history/fut_disagg_txt_2026.zip,2026-10-08
cftc_copper_oi,2018-10-09,2018-10-12,235478.0,https://www.cftc.gov/files/dea/history/fut_disagg_txt_2026.zip,2026-10-08
cftc_copper_oi,2018-10-16,2018-10-19,237336.0,https://www.cftc.gov/files/dea/history/fut_disagg_txt_2026.zip,2026-10-08
cftc_copper_oi,2018-10-23,2018-10-26,246254.0,https://www.cftc.gov/files/dea/history/fut_disagg_txt_2026.zip,2026-10-08
cftc_copper_oi,2018-10-30,2018-11-02,256266.0,https://www.cftc.gov/files/dea/history/fut_disagg_txt_2026.zip,2026-10-08
cftc_copper_oi,2018-11-06,2018-11-09,247313.0,https://www.cftc.gov/files/dea/history/fut_disagg_txt_2026.zip,2026-10-08
cftc_copper_oi,2018-11-13,2018-11-16,241052.0,https://www.cftc.gov/files/dea/history/fut_disagg_txt_2026.zip,2026-10-08
cftc_copper_oi,2018-11-20,2018-11-23,229249.0,https://www.cftc.gov/files/dea/history/fut_disagg_txt_2026.zip,2026-10-08
cftc_copper_oi,2018-11-27,2018-11-30,220177.0,https://www.cftc.gov/files/dea/history/fut_disagg_txt_2026.zip,2026-10-08
cftc_copper_oi,2018-12-04,2018-12-07,216791.0,https://www.cftc.gov/files/dea/history/fut_disagg_txt_2026.zip,2026-10-08
cftc_copper_oi,2018-12-11,2018-12-14,208742.0,https://www.cftc.gov/files/dea/history/fut_disagg_txt_2026.zip,2026-10-08
cftc_copper_oi,2018-12-18,2018-12-21,214050.0,https://www.cftc.gov/files/dea/history/fut_disagg_txt_2026.zip,2026-10-08
cftc_copper_oi,2018-12-24,2018-12-27,218191.0,https://www.cftc.gov/files/dea/history/fut_disagg_txt_2026.zip,2026-10-08
cftc_copper_oi,2018-12-31,2019-01-03,224760.0,https://www.cftc.gov/files/dea/history/fut_disagg_txt_2026.zip,2026-10-08
cftc_copper_oi,2019-01-08,2019-01-11,242731.0,https://www.cftc.gov/files/dea/history/fut_disagg_txt_2026.zip,2026-10-08
cftc_copper_oi,2019-01-15,2019-01-18,271303.0,https://www.cftc.gov/files/dea/history/fut_disagg_txt_2026.zip,2026-10-08
cftc_copper_oi,2019-01-22,2019-01-25,271968.0,https://www.cftc.gov/files/dea/history/fut_disagg_txt_2026.zip,2026-10-08
cftc_copper_oi,2019-01-29,2019-02-01,265588.0,https://www.cftc.gov/files/dea/history/fut_disagg_txt_2026.zip,2026-10-08
cftc_copper_oi,2019-02-05,2019-02-08,245629.0,https://www.cftc.gov/files/dea/history/fut_disagg_txt_2026.zip,2026-10-08
cftc_copper_oi,2019-02-12,2019-02-15,245475.0,https://www.cftc.gov/files/dea/history/fut_disagg_txt_2026.zip,2026-10-08
cftc_copper_oi,2019-02-19,2019-02-22,253256.0,https://www.cftc.gov/files/dea/history/fut_disagg_txt_2026.zip,2026-10-08
cftc_copper_oi,2019-02-26,2019-03-01,256269.0,https://www.cftc.gov/files/dea/history/fut_disagg_txt_2026.zip,2026-10-08
cftc_copper_oi,2019-03-05,2019-03-08,255162.0,https://www.cftc.gov/files/dea/history/fut_disagg_txt_2026.zip,2026-10-08
cftc_copper_oi,2019-03-12,2019-03-15,258881.0,https://www.cftc.gov/files/dea/history/fut_disagg_txt_2026.zip,2026-10-08
cftc_copper_oi,2019-03-19,2019-03-22,253741.0,https://www.cftc.gov/files/dea/history/fut_disagg_txt_2026.zip,2026-10-08
cftc_copper_oi,2019-03-26,2019-03-29,251953.0,https://www.cftc.gov/files/dea/history/fut_disagg_txt_2026.zip,2026-10-08
cftc_copper_oi,2019-04-02,2019-04-05,250309.0,https://www.cftc.gov/files/dea/history/fut_disagg_txt_2026.zip,2026-10-08
cftc_copper_oi,2019-04-09,2019-04-12,246628.0,https://www.cftc.gov/files/dea/history/fut_disagg_txt_2026.zip,2026-10-08
cftc_copper_oi,2019-04-16,2019-04-19,257913.0,https://www.cftc.gov/files/dea/history/fut_disagg_txt_2026.zip,2026-10-08
cftc_copper_oi,2019-04-23,2019-04-26,256267.0,https://www.cftc.gov/files/dea/history/fut_disagg_txt_2026.zip,2026-10-08
cftc_copper_oi,2019-04-30,2019-05-03,249602.0,https://www.cftc.gov/files/dea/history/fut_disagg_txt_2026.zip,2026-10-08
cftc_copper_oi,2019-05-07,2019-05-10,245088.0,https://www.cftc.gov/files/dea/history/fut_disagg_txt_2026.zip,2026-10-08
cftc_copper_oi,2019-05-14,2019-05-17,256800.0,https://www.cftc.gov/files/dea/history/fut_disagg_txt_2026.zip,2026-10-08
cftc_copper_oi,2019-05-21,2019-05-24,261724.0,https://www.cftc.gov/files/dea/history/fut_disagg_txt_2026.zip,2026-10-08
cftc_copper_oi,2019-05-28,2019-05-31,272194.0,https://www.cftc.gov/files/dea/history/fut_disagg_txt_2026.zip,2026-10-08
cftc_copper_oi,2019-06-04,2019-06-07,281813.0,https://www.cftc.gov/files/dea/history/fut_disagg_txt_2026.zip,2026-10-08
cftc_copper_oi,2019-06-11,2019-06-14,284848.0,https://www.cftc.gov/files/dea/history/fut_disagg_txt_2026.zip,2026-10-08
cftc_copper_oi,2019-06-18,2019-06-21,280643.0,https://www.cftc.gov/files/dea/history/fut_disagg_txt_2026.zip,2026-10-08
cftc_copper_oi,2019-06-25,2019-06-28,244461.0,https://www.cftc.gov/files/dea/history/fut_disagg_txt_2026.zip,2026-10-08
cftc_copper_oi,2019-07-02,2019-07-05,254342.0,https://www.cftc.gov/files/dea/history/fut_disagg_txt_2026.zip,2026-10-08
cftc_copper_oi,2019-07-09,2019-07-12,265419.0,https://www.cftc.gov/files/dea/history/fut_disagg_txt_2026.zip,2026-10-08
cftc_copper_oi,2019-07-16,2019-07-19,266882.0,https://www.cftc.gov/files/dea/history/fut_disagg_txt_2026.zip,2026-10-08
cftc_copper_oi,2019-07-23,2019-07-26,264229.0,https://www.cftc.gov/files/dea/history/fut_disagg_txt_2026.zip,2026-10-08
cftc_copper_oi,2019-07-30,2019-08-02,268804.0,https://www.cftc.gov/files/dea/history/fut_disagg_txt_2026.zip,2026-10-08
cftc_copper_oi,2019-08-06,2019-08-09,303764.0,https://www.cftc.gov/files/dea/history/fut_disagg_txt_2026.zip,2026-10-08
cftc_copper_oi,2019-08-13,2019-08-16,295608.0,https://www.cftc.gov/files/dea/history/fut_disagg_txt_2026.zip,2026-10-08
cftc_copper_oi,2019-08-20,2019-08-23,281852.0,https://www.cftc.gov/files/dea/history/fut_disagg_txt_2026.zip,2026-10-08
cftc_copper_oi,2019-08-27,2019-08-30,262762.0,https://www.cftc.gov/files/dea/history/fut_disagg_txt_2026.zip,2026-10-08
cftc_copper_oi,2019-09-03,2019-09-06,260040.0,https://www.cftc.gov/files/dea/history/fut_disagg_txt_2026.zip,2026-10-08
cftc_copper_oi,2019-09-10,2019-09-13,241910.0,https://www.cftc.gov/files/dea/history/fut_disagg_txt_2026.zip,2026-10-08
cftc_copper_oi,2019-09-17,2019-09-20,234574.0,https://www.cftc.gov/files/dea/history/fut_disagg_txt_2026.zip,2026-10-08
cftc_copper_oi,2019-09-24,2019-09-27,230727.0,https://www.cftc.gov/files/dea/history/fut_disagg_txt_2026.zip,2026-10-08
cftc_copper_oi,2019-10-01,2019-10-04,242951.0,https://www.cftc.gov/files/dea/history/fut_disagg_txt_2026.zip,2026-10-08
cftc_copper_oi,2019-10-08,2019-10-11,256724.0,https://www.cftc.gov/files/dea/history/fut_disagg_txt_2026.zip,2026-10-08
cftc_copper_oi,2019-10-15,2019-10-18,257178.0,https://www.cftc.gov/files/dea/history/fut_disagg_txt_2026.zip,2026-10-08
cftc_copper_oi,2019-10-22,2019-10-25,251164.0,https://www.cftc.gov/files/dea/history/fut_disagg_txt_2026.zip,2026-10-08
cftc_copper_oi,2019-10-29,2019-11-01,246252.0,https://www.cftc.gov/files/dea/history/fut_disagg_txt_2026.zip,2026-10-08
cftc_copper_oi,2019-11-05,2019-11-08,239147.0,https://www.cftc.gov/files/dea/history/fut_disagg_txt_2026.zip,2026-10-08
cftc_copper_oi,2019-11-12,2019-11-15,239830.0,https://www.cftc.gov/files/dea/history/fut_disagg_txt_2026.zip,2026-10-08
cftc_copper_oi,2019-11-19,2019-11-22,228961.0,https://www.cftc.gov/files/dea/history/fut_disagg_txt_2026.zip,2026-10-08
cftc_copper_oi,2019-11-26,2019-11-29,212577.0,https://www.cftc.gov/files/dea/history/fut_disagg_txt_2026.zip,2026-10-08
cftc_copper_oi,2019-12-03,2019-12-06,215424.0,https://www.cftc.gov/files/dea/history/fut_disagg_txt_2026.zip,2026-10-08
cftc_copper_oi,2019-12-10,2019-12-13,226987.0,https://www.cftc.gov/files/dea/history/fut_disagg_txt_2026.zip,2026-10-08
cftc_copper_oi,2019-12-17,2019-12-20,259207.0,https://www.cftc.gov/files/dea/history/fut_disagg_txt_2026.zip,2026-10-08
cftc_copper_oi,2019-12-24,2019-12-27,263899.0,https://www.cftc.gov/files/dea/history/fut_disagg_txt_2026.zip,2026-10-08
cftc_copper_oi,2019-12-31,2020-01-03,266891.0,https://www.cftc.gov/files/dea/history/fut_disagg_txt_2026.zip,2026-10-08
cftc_copper_oi,2020-01-07,2020-01-10,270889.0,https://www.cftc.gov/files/dea/history/fut_disagg_txt_2026.zip,2026-10-08
cftc_copper_oi,2020-01-14,2020-01-17,281166.0,https://www.cftc.gov/files/dea/history/fut_disagg_txt_2026.zip,2026-10-08
cftc_copper_oi,2020-01-21,2020-01-24,282358.0,https://www.cftc.gov/files/dea/history/fut_disagg_txt_2026.zip,2026-10-08
cftc_copper_oi,2020-01-28,2020-01-31,248958.0,https://www.cftc.gov/files/dea/history/fut_disagg_txt_2026.zip,2026-10-08
cftc_copper_oi,2020-02-04,2020-02-07,264032.0,https://www.cftc.gov/files/dea/history/fut_disagg_txt_2026.zip,2026-10-08
cftc_copper_oi,2020-02-11,2020-02-14,269208.0,https://www.cftc.gov/files/dea/history/fut_disagg_txt_2026.zip,2026-10-08
cftc_copper_oi,2020-02-18,2020-02-21,275462.0,https://www.cftc.gov/files/dea/history/fut_disagg_txt_2026.zip,2026-10-08
cftc_copper_oi,2020-02-25,2020-02-28,260777.0,https://www.cftc.gov/files/dea/history/fut_disagg_txt_2026.zip,2026-10-08
cftc_copper_oi,2020-03-03,2020-03-06,242931.0,https://www.cftc.gov/files/dea/history/fut_disagg_txt_2026.zip,2026-10-08
cftc_copper_oi,2020-03-10,2020-03-13,227198.0,https://www.cftc.gov/files/dea/history/fut_disagg_txt_2026.zip,2026-10-08
cftc_copper_oi,2020-03-17,2020-03-20,215842.0,https://www.cftc.gov/files/dea/history/fut_disagg_txt_2026.zip,2026-10-08
cftc_copper_oi,2020-03-24,2020-03-27,183715.0,https://www.cftc.gov/files/dea/history/fut_disagg_txt_2026.zip,2026-10-08
cftc_copper_oi,2020-03-31,2020-04-03,182253.0,https://www.cftc.gov/files/dea/history/fut_disagg_txt_2026.zip,2026-10-08
cftc_copper_oi,2020-04-07,2020-04-10,185408.0,https://www.cftc.gov/files/dea/history/fut_disagg_txt_2026.zip,2026-10-08
cftc_copper_oi,2020-04-14,2020-04-17,194265.0,https://www.cftc.gov/files/dea/history/fut_disagg_txt_2026.zip,2026-10-08
cftc_copper_oi,2020-04-21,2020-04-24,181947.0,https://www.cftc.gov/files/dea/history/fut_disagg_txt_2026.zip,2026-10-08
cftc_copper_oi,2020-04-28,2020-05-01,167291.0,https://www.cftc.gov/files/dea/history/fut_disagg_txt_2026.zip,2026-10-08
cftc_copper_oi,2020-05-05,2020-05-08,162899.0,https://www.cftc.gov/files/dea/history/fut_disagg_txt_2026.zip,2026-10-08
cftc_copper_oi,2020-05-12,2020-05-15,168470.0,https://www.cftc.gov/files/dea/history/fut_disagg_txt_2026.zip,2026-10-08
cftc_copper_oi,2020-05-19,2020-05-22,171040.0,https://www.cftc.gov/files/dea/history/fut_disagg_txt_2026.zip,2026-10-08
cftc_copper_oi,2020-05-26,2020-05-29,175499.0,https://www.cftc.gov/files/dea/history/fut_disagg_txt_2026.zip,2026-10-08
cftc_copper_oi,2020-06-02,2020-06-05,182043.0,https://www.cftc.gov/files/dea/history/fut_disagg_txt_2026.zip,2026-10-08
cftc_copper_oi,2020-06-09,2020-06-12,181310.0,https://www.cftc.gov/files/dea/history/fut_disagg_txt_2026.zip,2026-10-08
cftc_copper_oi,2020-06-16,2020-06-19,180741.0,https://www.cftc.gov/files/dea/history/fut_disagg_txt_2026.zip,2026-10-08
cftc_copper_oi,2020-06-23,2020-06-26,190457.0,https://www.cftc.gov/files/dea/history/fut_disagg_txt_2026.zip,2026-10-08
cftc_copper_oi,2020-06-30,2020-07-03,193194.0,https://www.cftc.gov/files/dea/history/fut_disagg_txt_2026.zip,2026-10-08
cftc_copper_oi,2020-07-07,2020-07-10,206843.0,https://www.cftc.gov/files/dea/history/fut_disagg_txt_2026.zip,2026-10-08
cftc_copper_oi,2020-07-14,2020-07-17,221410.0,https://www.cftc.gov/files/dea/history/fut_disagg_txt_2026.zip,2026-10-08
cftc_copper_oi,2020-07-21,2020-07-24,227565.0,https://www.cftc.gov/files/dea/history/fut_disagg_txt_2026.zip,2026-10-08
cftc_copper_oi,2020-07-28,2020-07-31,234724.0,https://www.cftc.gov/files/dea/history/fut_disagg_txt_2026.zip,2026-10-08
cftc_copper_oi,2020-08-04,2020-08-07,232022.0,https://www.cftc.gov/files/dea/history/fut_disagg_txt_2026.zip,2026-10-08
cftc_copper_oi,2020-08-11,2020-08-14,227430.0,https://www.cftc.gov/files/dea/history/fut_disagg_txt_2026.zip,2026-10-08
cftc_copper_oi,2020-08-18,2020-08-21,232581.0,https://www.cftc.gov/files/dea/history/fut_disagg_txt_2026.zip,2026-10-08
cftc_copper_oi,2020-08-25,2020-08-28,227062.0,https://www.cftc.gov/files/dea/history/fut_disagg_txt_2026.zip,2026-10-08
cftc_copper_oi,2020-09-01,2020-09-04,233226.0,https://www.cftc.gov/files/dea/history/fut_disagg_txt_2026.zip,2026-10-08
cftc_copper_oi,2020-09-08,2020-09-11,236149.0,https://www.cftc.gov/files/dea/history/fut_disagg_txt_2026.zip,2026-10-08
cftc_copper_oi,2020-09-15,2020-09-18,244071.0,https://www.cftc.gov/files/dea/history/fut_disagg_txt_2026.zip,2026-10-08
cftc_copper_oi,2020-09-22,2020-09-25,252360.0,https://www.cftc.gov/files/dea/history/fut_disagg_txt_2026.zip,2026-10-08
cftc_copper_oi,2020-09-29,2020-10-02,236095.0,https://www.cftc.gov/files/dea/history/fut_disagg_txt_2026.zip,2026-10-08
cftc_copper_oi,2020-10-06,2020-10-09,228717.0,https://www.cftc.gov/files/dea/history/fut_disagg_txt_2026.zip,2026-10-08
cftc_copper_oi,2020-10-13,2020-10-16,237283.0,https://www.cftc.gov/files/dea/history/fut_disagg_txt_2026.zip,2026-10-08
cftc_copper_oi,2020-10-20,2020-10-23,249001.0,https://www.cftc.gov/files/dea/history/fut_disagg_txt_2026.zip,2026-10-08
cftc_copper_oi,2020-10-27,2020-10-30,241268.0,https://www.cftc.gov/files/dea/history/fut_disagg_txt_2026.zip,2026-10-08
cftc_copper_oi,2020-11-03,2020-11-06,233351.0,https://www.cftc.gov/files/dea/history/fut_disagg_txt_2026.zip,2026-10-08
cftc_copper_oi,2020-11-10,2020-11-13,228128.0,https://www.cftc.gov/files/dea/history/fut_disagg_txt_2026.zip,2026-10-08
cftc_copper_oi,2020-11-17,2020-11-20,228338.0,https://www.cftc.gov/files/dea/history/fut_disagg_txt_2026.zip,2026-10-08
cftc_copper_oi,2020-11-24,2020-11-27,236644.0,https://www.cftc.gov/files/dea/history/fut_disagg_txt_2026.zip,2026-10-08
cftc_copper_oi,2020-12-01,2020-12-04,240738.0,https://www.cftc.gov/files/dea/history/fut_disagg_txt_2026.zip,2026-10-08
cftc_copper_oi,2020-12-08,2020-12-11,242850.0,https://www.cftc.gov/files/dea/history/fut_disagg_txt_2026.zip,2026-10-08
cftc_copper_oi,2020-12-15,2020-12-18,244491.0,https://www.cftc.gov/files/dea/history/fut_disagg_txt_2026.zip,2026-10-08
cftc_copper_oi,2020-12-21,2020-12-24,248003.0,https://www.cftc.gov/files/dea/history/fut_disagg_txt_2026.zip,2026-10-08
cftc_copper_oi,2020-12-29,2021-01-01,247232.0,https://www.cftc.gov/files/dea/history/fut_disagg_txt_2026.zip,2026-10-08
cftc_copper_oi,2021-01-05,2021-01-08,256942.0,https://www.cftc.gov/files/dea/history/fut_disagg_txt_2026.zip,2026-10-08
cftc_copper_oi,2021-01-12,2021-01-15,251140.0,https://www.cftc.gov/files/dea/history/fut_disagg_txt_2026.zip,2026-10-08
cftc_copper_oi,2021-01-19,2021-01-22,254998.0,https://www.cftc.gov/files/dea/history/fut_disagg_txt_2026.zip,2026-10-08
cftc_copper_oi,2021-01-26,2021-01-29,256365.0,https://www.cftc.gov/files/dea/history/fut_disagg_txt_2026.zip,2026-10-08
cftc_copper_oi,2021-02-02,2021-02-05,257036.0,https://www.cftc.gov/files/dea/history/fut_disagg_txt_2026.zip,2026-10-08
cftc_copper_oi,2021-02-09,2021-02-12,264096.0,https://www.cftc.gov/files/dea/history/fut_disagg_txt_2026.zip,2026-10-08
cftc_copper_oi,2021-02-16,2021-02-19,272276.0,https://www.cftc.gov/files/dea/history/fut_disagg_txt_2026.zip,2026-10-08
cftc_copper_oi,2021-02-23,2021-02-26,268170.0,https://www.cftc.gov/files/dea/history/fut_disagg_txt_2026.zip,2026-10-08
cftc_copper_oi,2021-03-02,2021-03-05,251989.0,https://www.cftc.gov/files/dea/history/fut_disagg_txt_2026.zip,2026-10-08
cftc_copper_oi,2021-03-09,2021-03-12,239307.0,https://www.cftc.gov/files/dea/history/fut_disagg_txt_2026.zip,2026-10-08
cftc_copper_oi,2021-03-16,2021-03-19,239811.0,https://www.cftc.gov/files/dea/history/fut_disagg_txt_2026.zip,2026-10-08
cftc_copper_oi,2021-03-23,2021-03-26,238358.0,https://www.cftc.gov/files/dea/history/fut_disagg_txt_2026.zip,2026-10-08
cftc_copper_oi,2021-03-30,2021-04-02,229202.0,https://www.cftc.gov/files/dea/history/fut_disagg_txt_2026.zip,2026-10-08
cftc_copper_oi,2021-04-06,2021-04-09,243342.0,https://www.cftc.gov/files/dea/history/fut_disagg_txt_2026.zip,2026-10-08
cftc_copper_oi,2021-04-13,2021-04-16,236602.0,https://www.cftc.gov/files/dea/history/fut_disagg_txt_2026.zip,2026-10-08
cftc_copper_oi,2021-04-20,2021-04-23,248509.0,https://www.cftc.gov/files/dea/history/fut_disagg_txt_2026.zip,2026-10-08
cftc_copper_oi,2021-04-27,2021-04-30,254183.0,https://www.cftc.gov/files/dea/history/fut_disagg_txt_2026.zip,2026-10-08
cftc_copper_oi,2021-05-04,2021-05-07,259609.0,https://www.cftc.gov/files/dea/history/fut_disagg_txt_2026.zip,2026-10-08
cftc_copper_oi,2021-05-11,2021-05-14,258498.0,https://www.cftc.gov/files/dea/history/fut_disagg_txt_2026.zip,2026-10-08
cftc_copper_oi,2021-05-18,2021-05-21,241354.0,https://www.cftc.gov/files/dea/history/fut_disagg_txt_2026.zip,2026-10-08
cftc_copper_oi,2021-05-25,2021-05-28,230730.0,https://www.cftc.gov/files/dea/history/fut_disagg_txt_2026.zip,2026-10-08
cftc_copper_oi,2021-06-01,2021-06-04,232824.0,https://www.cftc.gov/files/dea/history/fut_disagg_txt_2026.zip,2026-10-08
cftc_copper_oi,2021-06-08,2021-06-11,234207.0,https://www.cftc.gov/files/dea/history/fut_disagg_txt_2026.zip,2026-10-08
cftc_copper_oi,2021-06-15,2021-06-18,229832.0,https://www.cftc.gov/files/dea/history/fut_disagg_txt_2026.zip,2026-10-08
cftc_copper_oi,2021-06-22,2021-06-25,206167.0,https://www.cftc.gov/files/dea/history/fut_disagg_txt_2026.zip,2026-10-08
cftc_copper_oi,2021-06-29,2021-07-02,197783.0,https://www.cftc.gov/files/dea/history/fut_disagg_txt_2026.zip,2026-10-08
cftc_copper_oi,2021-07-06,2021-07-09,202781.0,https://www.cftc.gov/files/dea/history/fut_disagg_txt_2026.zip,2026-10-08
cftc_copper_oi,2021-07-13,2021-07-16,199936.0,https://www.cftc.gov/files/dea/history/fut_disagg_txt_2026.zip,2026-10-08
cftc_copper_oi,2021-07-20,2021-07-23,197428.0,https://www.cftc.gov/files/dea/history/fut_disagg_txt_2026.zip,2026-10-08
cftc_copper_oi,2021-07-27,2021-07-30,208816.0,https://www.cftc.gov/files/dea/history/fut_disagg_txt_2026.zip,2026-10-08
cftc_copper_oi,2021-08-03,2021-08-06,211071.0,https://www.cftc.gov/files/dea/history/fut_disagg_txt_2026.zip,2026-10-08
cftc_copper_oi,2021-08-10,2021-08-13,199899.0,https://www.cftc.gov/files/dea/history/fut_disagg_txt_2026.zip,2026-10-08
cftc_copper_oi,2021-08-17,2021-08-20,208878.0,https://www.cftc.gov/files/dea/history/fut_disagg_txt_2026.zip,2026-10-08
cftc_copper_oi,2021-08-24,2021-08-27,192968.0,https://www.cftc.gov/files/dea/history/fut_disagg_txt_2026.zip,2026-10-08
cftc_copper_oi,2021-08-31,2021-09-03,190030.0,https://www.cftc.gov/files/dea/history/fut_disagg_txt_2026.zip,2026-10-08
cftc_copper_oi,2021-09-07,2021-09-10,190379.0,https://www.cftc.gov/files/dea/history/fut_disagg_txt_2026.zip,2026-10-08
cftc_copper_oi,2021-09-14,2021-09-17,192156.0,https://www.cftc.gov/files/dea/history/fut_disagg_txt_2026.zip,2026-10-08
cftc_copper_oi,2021-09-21,2021-09-24,190659.0,https://www.cftc.gov/files/dea/history/fut_disagg_txt_2026.zip,2026-10-08
cftc_copper_oi,2021-09-28,2021-10-01,184988.0,https://www.cftc.gov/files/dea/history/fut_disagg_txt_2026.zip,2026-10-08
cftc_copper_oi,2021-10-05,2021-10-08,185655.0,https://www.cftc.gov/files/dea/history/fut_disagg_txt_2026.zip,2026-10-08
cftc_copper_oi,2021-10-12,2021-10-15,194817.0,https://www.cftc.gov/files/dea/history/fut_disagg_txt_2026.zip,2026-10-08
cftc_copper_oi,2021-10-19,2021-10-22,225225.0,https://www.cftc.gov/files/dea/history/fut_disagg_txt_2026.zip,2026-10-08
cftc_copper_oi,2021-10-26,2021-10-29,222927.0,https://www.cftc.gov/files/dea/history/fut_disagg_txt_2026.zip,2026-10-08
cftc_copper_oi,2021-11-02,2021-11-05,217216.0,https://www.cftc.gov/files/dea/history/fut_disagg_txt_2026.zip,2026-10-08
cftc_copper_oi,2021-11-09,2021-11-12,213365.0,https://www.cftc.gov/files/dea/history/fut_disagg_txt_2026.zip,2026-10-08
cftc_copper_oi,2021-11-16,2021-11-19,208066.0,https://www.cftc.gov/files/dea/history/fut_disagg_txt_2026.zip,2026-10-08
cftc_copper_oi,2021-11-23,2021-11-26,190681.0,https://www.cftc.gov/files/dea/history/fut_disagg_txt_2026.zip,2026-10-08
cftc_copper_oi,2021-11-30,2021-12-03,184214.0,https://www.cftc.gov/files/dea/history/fut_disagg_txt_2026.zip,2026-10-08
cftc_copper_oi,2021-12-07,2021-12-10,173954.0,https://www.cftc.gov/files/dea/history/fut_disagg_txt_2026.zip,2026-10-08
cftc_copper_oi,2021-12-14,2021-12-17,171976.0,https://www.cftc.gov/files/dea/history/fut_disagg_txt_2026.zip,2026-10-08
cftc_copper_oi,2021-12-21,2021-12-24,170353.0,https://www.cftc.gov/files/dea/history/fut_disagg_txt_2026.zip,2026-10-08
cftc_copper_oi,2021-12-28,2021-12-31,180736.0,https://www.cftc.gov/files/dea/history/fut_disagg_txt_2026.zip,2026-10-08
cftc_copper_oi,2022-01-04,2022-01-07,185905.0,https://www.cftc.gov/files/dea/history/fut_disagg_txt_2026.zip,2026-10-08
cftc_copper_oi,2022-01-11,2022-01-14,189678.0,https://www.cftc.gov/files/dea/history/fut_disagg_txt_2026.zip,2026-10-08
cftc_copper_oi,2022-01-18,2022-01-21,203198.0,https://www.cftc.gov/files/dea/history/fut_disagg_txt_2026.zip,2026-10-08
cftc_copper_oi,2022-01-25,2022-01-28,205771.0,https://www.cftc.gov/files/dea/history/fut_disagg_txt_2026.zip,2026-10-08
cftc_copper_oi,2022-02-01,2022-02-04,198437.0,https://www.cftc.gov/files/dea/history/fut_disagg_txt_2026.zip,2026-10-08
cftc_copper_oi,2022-02-08,2022-02-11,201860.0,https://www.cftc.gov/files/dea/history/fut_disagg_txt_2026.zip,2026-10-08
cftc_copper_oi,2022-02-15,2022-02-18,210089.0,https://www.cftc.gov/files/dea/history/fut_disagg_txt_2026.zip,2026-10-08
cftc_copper_oi,2022-02-22,2022-02-25,204123.0,https://www.cftc.gov/files/dea/history/fut_disagg_txt_2026.zip,2026-10-08
cftc_copper_oi,2022-03-01,2022-03-04,195398.0,https://www.cftc.gov/files/dea/history/fut_disagg_txt_2026.zip,2026-10-08
cftc_copper_oi,2022-03-08,2022-03-11,198844.0,https://www.cftc.gov/files/dea/history/fut_disagg_txt_2026.zip,2026-10-08
cftc_copper_oi,2022-03-15,2022-03-18,183170.0,https://www.cftc.gov/files/dea/history/fut_disagg_txt_2026.zip,2026-10-08
cftc_copper_oi,2022-03-22,2022-03-25,197244.0,https://www.cftc.gov/files/dea/history/fut_disagg_txt_2026.zip,2026-10-08
cftc_copper_oi,2022-03-29,2022-04-01,203692.0,https://www.cftc.gov/files/dea/history/fut_disagg_txt_2026.zip,2026-10-08
cftc_copper_oi,2022-04-05,2022-04-08,216157.0,https://www.cftc.gov/files/dea/history/fut_disagg_txt_2026.zip,2026-10-08
cftc_copper_oi,2022-04-12,2022-04-15,204825.0,https://www.cftc.gov/files/dea/history/fut_disagg_txt_2026.zip,2026-10-08
cftc_copper_oi,2022-04-19,2022-04-22,203896.0,https://www.cftc.gov/files/dea/history/fut_disagg_txt_2026.zip,2026-10-08
cftc_copper_oi,2022-04-26,2022-04-29,193763.0,https://www.cftc.gov/files/dea/history/fut_disagg_txt_2026.zip,2026-10-08
cftc_copper_oi,2022-05-03,2022-05-06,185255.0,https://www.cftc.gov/files/dea/history/fut_disagg_txt_2026.zip,2026-10-08
cftc_copper_oi,2022-05-10,2022-05-13,184502.0,https://www.cftc.gov/files/dea/history/fut_disagg_txt_2026.zip,2026-10-08
cftc_copper_oi,2022-05-17,2022-05-20,189483.0,https://www.cftc.gov/files/dea/history/fut_disagg_txt_2026.zip,2026-10-08
cftc_copper_oi,2022-05-24,2022-05-27,186433.0,https://www.cftc.gov/files/dea/history/fut_disagg_txt_2026.zip,2026-10-08
cftc_copper_oi,2022-05-31,2022-06-03,189923.0,https://www.cftc.gov/files/dea/history/fut_disagg_txt_2026.zip,2026-10-08
cftc_copper_oi,2022-06-07,2022-06-10,194187.0,https://www.cftc.gov/files/dea/history/fut_disagg_txt_2026.zip,2026-10-08
cftc_copper_oi,2022-06-14,2022-06-17,187247.0,https://www.cftc.gov/files/dea/history/fut_disagg_txt_2026.zip,2026-10-08
cftc_copper_oi,2022-06-21,2022-06-24,187170.0,https://www.cftc.gov/files/dea/history/fut_disagg_txt_2026.zip,2026-10-08
cftc_copper_oi,2022-06-28,2022-07-01,182352.0,https://www.cftc.gov/files/dea/history/fut_disagg_txt_2026.zip,2026-10-08
cftc_copper_oi,2022-07-05,2022-07-08,183331.0,https://www.cftc.gov/files/dea/history/fut_disagg_txt_2026.zip,2026-10-08
cftc_copper_oi,2022-07-12,2022-07-15,172037.0,https://www.cftc.gov/files/dea/history/fut_disagg_txt_2026.zip,2026-10-08
cftc_copper_oi,2022-07-19,2022-07-22,174592.0,https://www.cftc.gov/files/dea/history/fut_disagg_txt_2026.zip,2026-10-08
cftc_copper_oi,2022-07-26,2022-07-29,183958.0,https://www.cftc.gov/files/dea/history/fut_disagg_txt_2026.zip,2026-10-08
cftc_copper_oi,2022-08-02,2022-08-05,184441.0,https://www.cftc.gov/files/dea/history/fut_disagg_txt_2026.zip,2026-10-08
cftc_copper_oi,2022-08-09,2022-08-12,187988.0,https://www.cftc.gov/files/dea/history/fut_disagg_txt_2026.zip,2026-10-08
cftc_copper_oi,2022-08-16,2022-08-19,183500.0,https://www.cftc.gov/files/dea/history/fut_disagg_txt_2026.zip,2026-10-08
cftc_copper_oi,2022-08-23,2022-08-26,173145.0,https://www.cftc.gov/files/dea/history/fut_disagg_txt_2026.zip,2026-10-08
cftc_copper_oi,2022-08-30,2022-09-02,158390.0,https://www.cftc.gov/files/dea/history/fut_disagg_txt_2026.zip,2026-10-08
cftc_copper_oi,2022-09-06,2022-09-09,160251.0,https://www.cftc.gov/files/dea/history/fut_disagg_txt_2026.zip,2026-10-08
cftc_copper_oi,2022-09-13,2022-09-16,157900.0,https://www.cftc.gov/files/dea/history/fut_disagg_txt_2026.zip,2026-10-08
cftc_copper_oi,2022-09-20,2022-09-23,163058.0,https://www.cftc.gov/files/dea/history/fut_disagg_txt_2026.zip,2026-10-08
cftc_copper_oi,2022-09-27,2022-09-30,173661.0,https://www.cftc.gov/files/dea/history/fut_disagg_txt_2026.zip,2026-10-08
cftc_copper_oi,2022-10-04,2022-10-07,166161.0,https://www.cftc.gov/files/dea/history/fut_disagg_txt_2026.zip,2026-10-08
cftc_copper_oi,2022-10-11,2022-10-14,167449.0,https://www.cftc.gov/files/dea/history/fut_disagg_txt_2026.zip,2026-10-08
cftc_copper_oi,2022-10-18,2022-10-21,178730.0,https://www.cftc.gov/files/dea/history/fut_disagg_txt_2026.zip,2026-10-08
cftc_copper_oi,2022-10-25,2022-10-28,179344.0,https://www.cftc.gov/files/dea/history/fut_disagg_txt_2026.zip,2026-10-08
cftc_copper_oi,2022-11-01,2022-11-04,179801.0,https://www.cftc.gov/files/dea/history/fut_disagg_txt_2026.zip,2026-10-08
cftc_copper_oi,2022-11-08,2022-11-11,169929.0,https://www.cftc.gov/files/dea/history/fut_disagg_txt_2026.zip,2026-10-08
cftc_copper_oi,2022-11-15,2022-11-18,168962.0,https://www.cftc.gov/files/dea/history/fut_disagg_txt_2026.zip,2026-10-08
cftc_copper_oi,2022-11-22,2022-11-25,155127.0,https://www.cftc.gov/files/dea/history/fut_disagg_txt_2026.zip,2026-10-08
cftc_copper_oi,2022-11-29,2022-12-02,146760.0,https://www.cftc.gov/files/dea/history/fut_disagg_txt_2026.zip,2026-10-08
cftc_copper_oi,2022-12-06,2022-12-09,158762.0,https://www.cftc.gov/files/dea/history/fut_disagg_txt_2026.zip,2026-10-08
cftc_copper_oi,2022-12-13,2022-12-16,162191.0,https://www.cftc.gov/files/dea/history/fut_disagg_txt_2026.zip,2026-10-08
cftc_copper_oi,2022-12-20,2022-12-23,156204.0,https://www.cftc.gov/files/dea/history/fut_disagg_txt_2026.zip,2026-10-08
cftc_copper_oi,2022-12-27,2022-12-30,160334.0,https://www.cftc.gov/files/dea/history/fut_disagg_txt_2026.zip,2026-10-08
cftc_copper_oi,2023-01-03,2023-01-06,164594.0,https://www.cftc.gov/files/dea/history/fut_disagg_txt_2026.zip,2026-10-08
cftc_copper_oi,2023-01-10,2023-01-13,186383.0,https://www.cftc.gov/files/dea/history/fut_disagg_txt_2026.zip,2026-10-08
cftc_copper_oi,2023-01-17,2023-01-20,201455.0,https://www.cftc.gov/files/dea/history/fut_disagg_txt_2026.zip,2026-10-08
cftc_copper_oi,2023-01-24,2023-01-27,213398.0,https://www.cftc.gov/files/dea/history/fut_disagg_txt_2026.zip,2026-10-08
cftc_copper_oi,2023-01-31,2023-02-03,224824.0,https://www.cftc.gov/files/dea/history/fut_disagg_txt_2026.zip,2026-10-08
cftc_copper_oi,2023-02-07,2023-02-10,222502.0,https://www.cftc.gov/files/dea/history/fut_disagg_txt_2026.zip,2026-10-08
cftc_copper_oi,2023-02-14,2023-02-17,218099.0,https://www.cftc.gov/files/dea/history/fut_disagg_txt_2026.zip,2026-10-08
cftc_copper_oi,2023-02-21,2023-02-24,219205.0,https://www.cftc.gov/files/dea/history/fut_disagg_txt_2026.zip,2026-10-08
cftc_copper_oi,2023-02-28,2023-03-03,196143.0,https://www.cftc.gov/files/dea/history/fut_disagg_txt_2026.zip,2026-10-08
cftc_copper_oi,2023-03-07,2023-03-10,210430.0,https://www.cftc.gov/files/dea/history/fut_disagg_txt_2026.zip,2026-10-08
cftc_copper_oi,2023-03-14,2023-03-17,205997.0,https://www.cftc.gov/files/dea/history/fut_disagg_txt_2026.zip,2026-10-08
cftc_copper_oi,2023-03-21,2023-03-24,201636.0,https://www.cftc.gov/files/dea/history/fut_disagg_txt_2026.zip,2026-10-08
cftc_copper_oi,2023-03-28,2023-03-31,211889.0,https://www.cftc.gov/files/dea/history/fut_disagg_txt_2026.zip,2026-10-08
cftc_copper_oi,2023-04-04,2023-04-07,218687.0,https://www.cftc.gov/files/dea/history/fut_disagg_txt_2026.zip,2026-10-08
cftc_copper_oi,2023-04-11,2023-04-14,209501.0,https://www.cftc.gov/files/dea/history/fut_disagg_txt_2026.zip,2026-10-08
cftc_copper_oi,2023-04-18,2023-04-21,206216.0,https://www.cftc.gov/files/dea/history/fut_disagg_txt_2026.zip,2026-10-08
cftc_copper_oi,2023-04-25,2023-04-28,202422.0,https://www.cftc.gov/files/dea/history/fut_disagg_txt_2026.zip,2026-10-08
cftc_copper_oi,2023-05-02,2023-05-05,195462.0,https://www.cftc.gov/files/dea/history/fut_disagg_txt_2026.zip,2026-10-08
cftc_copper_oi,2023-05-09,2023-05-12,194243.0,https://www.cftc.gov/files/dea/history/fut_disagg_txt_2026.zip,2026-10-08
cftc_copper_oi,2023-05-16,2023-05-19,210415.0,https://www.cftc.gov/files/dea/history/fut_disagg_txt_2026.zip,2026-10-08
cftc_copper_oi,2023-05-23,2023-05-26,215394.0,https://www.cftc.gov/files/dea/history/fut_disagg_txt_2026.zip,2026-10-08
cftc_copper_oi,2023-05-30,2023-06-02,223185.0,https://www.cftc.gov/files/dea/history/fut_disagg_txt_2026.zip,2026-10-08
cftc_copper_oi,2023-06-06,2023-06-09,229756.0,https://www.cftc.gov/files/dea/history/fut_disagg_txt_2026.zip,2026-10-08
cftc_copper_oi,2023-06-13,2023-06-16,211957.0,https://www.cftc.gov/files/dea/history/fut_disagg_txt_2026.zip,2026-10-08
cftc_copper_oi,2023-06-20,2023-06-23,204399.0,https://www.cftc.gov/files/dea/history/fut_disagg_txt_2026.zip,2026-10-08
cftc_copper_oi,2023-06-27,2023-06-30,194048.0,https://www.cftc.gov/files/dea/history/fut_disagg_txt_2026.zip,2026-10-08
cftc_copper_oi,2023-07-03,2023-07-06,187371.0,https://www.cftc.gov/files/dea/history/fut_disagg_txt_2026.zip,2026-10-08
cftc_copper_oi,2023-07-11,2023-07-14,197785.0,https://www.cftc.gov/files/dea/history/fut_disagg_txt_2026.zip,2026-10-08
cftc_copper_oi,2023-07-18,2023-07-21,216862.0,https://www.cftc.gov/files/dea/history/fut_disagg_txt_2026.zip,2026-10-08
cftc_copper_oi,2023-07-25,2023-07-28,234713.0,https://www.cftc.gov/files/dea/history/fut_disagg_txt_2026.zip,2026-10-08
cftc_copper_oi,2023-08-01,2023-08-04,236399.0,https://www.cftc.gov/files/dea/history/fut_disagg_txt_2026.zip,2026-10-08
cftc_copper_oi,2023-08-08,2023-08-11,228537.0,https://www.cftc.gov/files/dea/history/fut_disagg_txt_2026.zip,2026-10-08
cftc_copper_oi,2023-08-15,2023-08-18,224215.0,https://www.cftc.gov/files/dea/history/fut_disagg_txt_2026.zip,2026-10-08
cftc_copper_oi,2023-08-22,2023-08-25,211645.0,https://www.cftc.gov/files/dea/history/fut_disagg_txt_2026.zip,2026-10-08
cftc_copper_oi,2023-08-29,2023-09-01,190629.0,https://www.cftc.gov/files/dea/history/fut_disagg_txt_2026.zip,2026-10-08
cftc_copper_oi,2023-09-05,2023-09-08,193597.0,https://www.cftc.gov/files/dea/history/fut_disagg_txt_2026.zip,2026-10-08
cftc_copper_oi,2023-09-12,2023-09-15,196198.0,https://www.cftc.gov/files/dea/history/fut_disagg_txt_2026.zip,2026-10-08
cftc_copper_oi,2023-09-19,2023-09-22,201097.0,https://www.cftc.gov/files/dea/history/fut_disagg_txt_2026.zip,2026-10-08
cftc_copper_oi,2023-09-26,2023-09-29,216031.0,https://www.cftc.gov/files/dea/history/fut_disagg_txt_2026.zip,2026-10-08
cftc_copper_oi,2023-10-03,2023-10-06,208795.0,https://www.cftc.gov/files/dea/history/fut_disagg_txt_2026.zip,2026-10-08
cftc_copper_oi,2023-10-10,2023-10-13,201214.0,https://www.cftc.gov/files/dea/history/fut_disagg_txt_2026.zip,2026-10-08
cftc_copper_oi,2023-10-17,2023-10-20,220619.0,https://www.cftc.gov/files/dea/history/fut_disagg_txt_2026.zip,2026-10-08
cftc_copper_oi,2023-10-24,2023-10-27,224704.0,https://www.cftc.gov/files/dea/history/fut_disagg_txt_2026.zip,2026-10-08
cftc_copper_oi,2023-10-31,2023-11-03,222566.0,https://www.cftc.gov/files/dea/history/fut_disagg_txt_2026.zip,2026-10-08
cftc_copper_oi,2023-11-07,2023-11-10,213615.0,https://www.cftc.gov/files/dea/history/fut_disagg_txt_2026.zip,2026-10-08
cftc_copper_oi,2023-11-14,2023-11-17,206072.0,https://www.cftc.gov/files/dea/history/fut_disagg_txt_2026.zip,2026-10-08
cftc_copper_oi,2023-11-21,2023-11-24,187077.0,https://www.cftc.gov/files/dea/history/fut_disagg_txt_2026.zip,2026-10-08
cftc_copper_oi,2023-11-28,2023-12-01,173233.0,https://www.cftc.gov/files/dea/history/fut_disagg_txt_2026.zip,2026-10-08
cftc_copper_oi,2023-12-05,2023-12-08,176373.0,https://www.cftc.gov/files/dea/history/fut_disagg_txt_2026.zip,2026-10-08
cftc_copper_oi,2023-12-12,2023-12-15,176034.0,https://www.cftc.gov/files/dea/history/fut_disagg_txt_2026.zip,2026-10-08
cftc_copper_oi,2023-12-19,2023-12-22,189537.0,https://www.cftc.gov/files/dea/history/fut_disagg_txt_2026.zip,2026-10-08
cftc_copper_oi,2023-12-26,2023-12-29,189731.0,https://www.cftc.gov/files/dea/history/fut_disagg_txt_2026.zip,2026-10-08
cftc_copper_oi,2024-01-02,2024-01-05,190752.0,https://www.cftc.gov/files/dea/history/fut_disagg_txt_2026.zip,2026-10-08
cftc_copper_oi,2024-01-09,2024-01-12,206716.0,https://www.cftc.gov/files/dea/history/fut_disagg_txt_2026.zip,2026-10-08
cftc_copper_oi,2024-01-16,2024-01-19,219315.0,https://www.cftc.gov/files/dea/history/fut_disagg_txt_2026.zip,2026-10-08
cftc_copper_oi,2024-01-23,2024-01-26,233110.0,https://www.cftc.gov/files/dea/history/fut_disagg_txt_2026.zip,2026-10-08
cftc_copper_oi,2024-01-30,2024-02-02,229699.0,https://www.cftc.gov/files/dea/history/fut_disagg_txt_2026.zip,2026-10-08
cftc_copper_oi,2024-02-06,2024-02-09,245784.0,https://www.cftc.gov/files/dea/history/fut_disagg_txt_2026.zip,2026-10-08
cftc_copper_oi,2024-02-13,2024-02-16,257761.0,https://www.cftc.gov/files/dea/history/fut_disagg_txt_2026.zip,2026-10-08
cftc_copper_oi,2024-02-20,2024-02-23,229777.0,https://www.cftc.gov/files/dea/history/fut_disagg_txt_2026.zip,2026-10-08
cftc_copper_oi,2024-02-27,2024-03-01,189805.0,https://www.cftc.gov/files/dea/history/fut_disagg_txt_2026.zip,2026-10-08
cftc_copper_oi,2024-03-05,2024-03-08,198561.0,https://www.cftc.gov/files/dea/history/fut_disagg_txt_2026.zip,2026-10-08
cftc_copper_oi,2024-03-12,2024-03-15,219445.0,https://www.cftc.gov/files/dea/history/fut_disagg_txt_2026.zip,2026-10-08
cftc_copper_oi,2024-03-19,2024-03-22,269690.0,https://www.cftc.gov/files/dea/history/fut_disagg_txt_2026.zip,2026-10-08
cftc_copper_oi,2024-03-26,2024-03-29,280731.0,https://www.cftc.gov/files/dea/history/fut_disagg_txt_2026.zip,2026-10-08
cftc_copper_oi,2024-04-02,2024-04-05,293955.0,https://www.cftc.gov/files/dea/history/fut_disagg_txt_2026.zip,2026-10-08
cftc_copper_oi,2024-04-09,2024-04-12,301181.0,https://www.cftc.gov/files/dea/history/fut_disagg_txt_2026.zip,2026-10-08
cftc_copper_oi,2024-04-16,2024-04-19,299220.0,https://www.cftc.gov/files/dea/history/fut_disagg_txt_2026.zip,2026-10-08
cftc_copper_oi,2024-04-23,2024-04-26,308479.0,https://www.cftc.gov/files/dea/history/fut_disagg_txt_2026.zip,2026-10-08
cftc_copper_oi,2024-04-30,2024-05-03,293492.0,https://www.cftc.gov/files/dea/history/fut_disagg_txt_2026.zip,2026-10-08
cftc_copper_oi,2024-05-07,2024-05-10,300392.0,https://www.cftc.gov/files/dea/history/fut_disagg_txt_2026.zip,2026-10-08
cftc_copper_oi,2024-05-14,2024-05-17,316141.0,https://www.cftc.gov/files/dea/history/fut_disagg_txt_2026.zip,2026-10-08
cftc_copper_oi,2024-05-21,2024-05-24,303409.0,https://www.cftc.gov/files/dea/history/fut_disagg_txt_2026.zip,2026-10-08
cftc_copper_oi,2024-05-28,2024-05-31,298839.0,https://www.cftc.gov/files/dea/history/fut_disagg_txt_2026.zip,2026-10-08
cftc_copper_oi,2024-06-04,2024-06-07,283719.0,https://www.cftc.gov/files/dea/history/fut_disagg_txt_2026.zip,2026-10-08
cftc_copper_oi,2024-06-11,2024-06-14,270090.0,https://www.cftc.gov/files/dea/history/fut_disagg_txt_2026.zip,2026-10-08
cftc_copper_oi,2024-06-18,2024-06-21,265935.0,https://www.cftc.gov/files/dea/history/fut_disagg_txt_2026.zip,2026-10-08
cftc_copper_oi,2024-06-25,2024-06-28,255809.0,https://www.cftc.gov/files/dea/history/fut_disagg_txt_2026.zip,2026-10-08
cftc_copper_oi,2024-07-02,2024-07-05,256039.0,https://www.cftc.gov/files/dea/history/fut_disagg_txt_2026.zip,2026-10-08
cftc_copper_oi,2024-07-09,2024-07-12,263869.0,https://www.cftc.gov/files/dea/history/fut_disagg_txt_2026.zip,2026-10-08
cftc_copper_oi,2024-07-16,2024-07-19,270330.0,https://www.cftc.gov/files/dea/history/fut_disagg_txt_2026.zip,2026-10-08
cftc_copper_oi,2024-07-23,2024-07-26,254535.0,https://www.cftc.gov/files/dea/history/fut_disagg_txt_2026.zip,2026-10-08
cftc_copper_oi,2024-07-30,2024-08-02,260246.0,https://www.cftc.gov/files/dea/history/fut_disagg_txt_2026.zip,2026-10-08
cftc_copper_oi,2024-08-06,2024-08-09,249019.0,https://www.cftc.gov/files/dea/history/fut_disagg_txt_2026.zip,2026-10-08
cftc_copper_oi,2024-08-13,2024-08-16,229752.0,https://www.cftc.gov/files/dea/history/fut_disagg_txt_2026.zip,2026-10-08
cftc_copper_oi,2024-08-20,2024-08-23,228892.0,https://www.cftc.gov/files/dea/history/fut_disagg_txt_2026.zip,2026-10-08
cftc_copper_oi,2024-08-27,2024-08-30,214577.0,https://www.cftc.gov/files/dea/history/fut_disagg_txt_2026.zip,2026-10-08
cftc_copper_oi,2024-09-03,2024-09-06,201953.0,https://www.cftc.gov/files/dea/history/fut_disagg_txt_2026.zip,2026-10-08
cftc_copper_oi,2024-09-10,2024-09-13,203377.0,https://www.cftc.gov/files/dea/history/fut_disagg_txt_2026.zip,2026-10-08
cftc_copper_oi,2024-09-17,2024-09-20,204717.0,https://www.cftc.gov/files/dea/history/fut_disagg_txt_2026.zip,2026-10-08
cftc_copper_oi,2024-09-24,2024-09-27,226141.0,https://www.cftc.gov/files/dea/history/fut_disagg_txt_2026.zip,2026-10-08
cftc_copper_oi,2024-10-01,2024-10-04,240587.0,https://www.cftc.gov/files/dea/history/fut_disagg_txt_2026.zip,2026-10-08
cftc_copper_oi,2024-10-08,2024-10-11,241373.0,https://www.cftc.gov/files/dea/history/fut_disagg_txt_2026.zip,2026-10-08
cftc_copper_oi,2024-10-15,2024-10-18,242791.0,https://www.cftc.gov/files/dea/history/fut_disagg_txt_2026.zip,2026-10-08
cftc_copper_oi,2024-10-22,2024-10-25,242120.0,https://www.cftc.gov/files/dea/history/fut_disagg_txt_2026.zip,2026-10-08
cftc_copper_oi,2024-10-29,2024-11-01,247710.0,https://www.cftc.gov/files/dea/history/fut_disagg_txt_2026.zip,2026-10-08
cftc_copper_oi,2024-11-05,2024-11-08,251994.0,https://www.cftc.gov/files/dea/history/fut_disagg_txt_2026.zip,2026-10-08
cftc_copper_oi,2024-11-12,2024-11-15,232280.0,https://www.cftc.gov/files/dea/history/fut_disagg_txt_2026.zip,2026-10-08
cftc_copper_oi,2024-11-19,2024-11-22,223447.0,https://www.cftc.gov/files/dea/history/fut_disagg_txt_2026.zip,2026-10-08
cftc_copper_oi,2024-11-26,2024-11-29,203954.0,https://www.cftc.gov/files/dea/history/fut_disagg_txt_2026.zip,2026-10-08
cftc_copper_oi,2024-12-03,2024-12-06,213182.0,https://www.cftc.gov/files/dea/history/fut_disagg_txt_2026.zip,2026-10-08
cftc_copper_oi,2024-12-10,2024-12-13,208126.0,https://www.cftc.gov/files/dea/history/fut_disagg_txt_2026.zip,2026-10-08
cftc_copper_oi,2024-12-17,2024-12-20,207513.0,https://www.cftc.gov/files/dea/history/fut_disagg_txt_2026.zip,2026-10-08
cftc_copper_oi,2024-12-24,2024-12-27,213742.0,https://www.cftc.gov/files/dea/history/fut_disagg_txt_2026.zip,2026-10-08
cftc_copper_oi,2024-12-31,2025-01-03,219739.0,https://www.cftc.gov/files/dea/history/fut_disagg_txt_2026.zip,2026-10-08
cftc_copper_oi,2025-01-07,2025-01-10,218477.0,https://www.cftc.gov/files/dea/history/fut_disagg_txt_2026.zip,2026-10-08
cftc_copper_oi,2025-01-14,2025-01-17,209052.0,https://www.cftc.gov/files/dea/history/fut_disagg_txt_2026.zip,2026-10-08
cftc_copper_oi,2025-01-21,2025-01-24,217298.0,https://www.cftc.gov/files/dea/history/fut_disagg_txt_2026.zip,2026-10-08
cftc_copper_oi,2025-01-28,2025-01-31,234867.0,https://www.cftc.gov/files/dea/history/fut_disagg_txt_2026.zip,2026-10-08
cftc_copper_oi,2025-02-04,2025-02-07,235599.0,https://www.cftc.gov/files/dea/history/fut_disagg_txt_2026.zip,2026-10-08
cftc_copper_oi,2025-02-11,2025-02-14,243961.0,https://www.cftc.gov/files/dea/history/fut_disagg_txt_2026.zip,2026-10-08
cftc_copper_oi,2025-02-18,2025-02-21,238331.0,https://www.cftc.gov/files/dea/history/fut_disagg_txt_2026.zip,2026-10-08
cftc_copper_oi,2025-02-25,2025-02-28,222133.0,https://www.cftc.gov/files/dea/history/fut_disagg_txt_2026.zip,2026-10-08
cftc_copper_oi,2025-03-04,2025-03-07,218780.0,https://www.cftc.gov/files/dea/history/fut_disagg_txt_2026.zip,2026-10-08
cftc_copper_oi,2025-03-11,2025-03-14,227359.0,https://www.cftc.gov/files/dea/history/fut_disagg_txt_2026.zip,2026-10-08
cftc_copper_oi,2025-03-18,2025-03-21,237882.0,https://www.cftc.gov/files/dea/history/fut_disagg_txt_2026.zip,2026-10-08
cftc_copper_oi,2025-03-25,2025-03-28,251957.0,https://www.cftc.gov/files/dea/history/fut_disagg_txt_2026.zip,2026-10-08
cftc_copper_oi,2025-04-01,2025-04-04,245181.0,https://www.cftc.gov/files/dea/history/fut_disagg_txt_2026.zip,2026-10-08
cftc_copper_oi,2025-04-08,2025-04-11,220390.0,https://www.cftc.gov/files/dea/history/fut_disagg_txt_2026.zip,2026-10-08
cftc_copper_oi,2025-04-15,2025-04-18,202997.0,https://www.cftc.gov/files/dea/history/fut_disagg_txt_2026.zip,2026-10-08
cftc_copper_oi,2025-04-22,2025-04-25,196712.0,https://www.cftc.gov/files/dea/history/fut_disagg_txt_2026.zip,2026-10-08
cftc_copper_oi,2025-04-29,2025-05-02,191990.0,https://www.cftc.gov/files/dea/history/fut_disagg_txt_2026.zip,2026-10-08
cftc_copper_oi,2025-05-06,2025-05-09,192752.0,https://www.cftc.gov/files/dea/history/fut_disagg_txt_2026.zip,2026-10-08
cftc_copper_oi,2025-05-13,2025-05-16,195840.0,https://www.cftc.gov/files/dea/history/fut_disagg_txt_2026.zip,2026-10-08
cftc_copper_oi,2025-05-20,2025-05-23,205105.0,https://www.cftc.gov/files/dea/history/fut_disagg_txt_2026.zip,2026-10-08
cftc_copper_oi,2025-05-27,2025-05-30,208601.0,https://www.cftc.gov/files/dea/history/fut_disagg_txt_2026.zip,2026-10-08
cftc_copper_oi,2025-06-03,2025-06-06,211857.0,https://www.cftc.gov/files/dea/history/fut_disagg_txt_2026.zip,2026-10-08
cftc_copper_oi,2025-06-10,2025-06-13,207359.0,https://www.cftc.gov/files/dea/history/fut_disagg_txt_2026.zip,2026-10-08
cftc_copper_oi,2025-06-17,2025-06-20,202728.0,https://www.cftc.gov/files/dea/history/fut_disagg_txt_2026.zip,2026-10-08
cftc_copper_oi,2025-06-24,2025-06-27,203404.0,https://www.cftc.gov/files/dea/history/fut_disagg_txt_2026.zip,2026-10-08
cftc_copper_oi,2025-07-01,2025-07-04,212300.0,https://www.cftc.gov/files/dea/history/fut_disagg_txt_2026.zip,2026-10-08
cftc_copper_oi,2025-07-08,2025-07-11,230251.0,https://www.cftc.gov/files/dea/history/fut_disagg_txt_2026.zip,2026-10-08
cftc_copper_oi,2025-07-15,2025-07-18,224583.0,https://www.cftc.gov/files/dea/history/fut_disagg_txt_2026.zip,2026-10-08
cftc_copper_oi,2025-07-22,2025-07-25,228192.0,https://www.cftc.gov/files/dea/history/fut_disagg_txt_2026.zip,2026-10-08
cftc_copper_oi,2025-07-29,2025-08-01,228444.0,https://www.cftc.gov/files/dea/history/fut_disagg_txt_2026.zip,2026-10-08
cftc_copper_oi,2025-08-05,2025-08-08,197933.0,https://www.cftc.gov/files/dea/history/fut_disagg_txt_2026.zip,2026-10-08
cftc_copper_oi,2025-08-12,2025-08-15,193751.0,https://www.cftc.gov/files/dea/history/fut_disagg_txt_2026.zip,2026-10-08
cftc_copper_oi,2025-08-19,2025-08-22,195080.0,https://www.cftc.gov/files/dea/history/fut_disagg_txt_2026.zip,2026-10-08
cftc_copper_oi,2025-08-26,2025-08-29,190049.0,https://www.cftc.gov/files/dea/history/fut_disagg_txt_2026.zip,2026-10-08
cftc_copper_oi,2025-09-02,2025-09-05,195673.0,https://www.cftc.gov/files/dea/history/fut_disagg_txt_2026.zip,2026-10-08
cftc_copper_oi,2025-09-09,2025-09-12,208356.0,https://www.cftc.gov/files/dea/history/fut_disagg_txt_2026.zip,2026-10-08
cftc_copper_oi,2025-09-16,2025-09-19,221011.0,https://www.cftc.gov/files/dea/history/fut_disagg_txt_2026.zip,2026-10-08
cftc_copper_oi,2025-09-23,2025-09-26,227318.0,https://www.cftc.gov/files/dea/history/fut_disagg_txt_2026.zip,2026-10-08
cftc_copper_oi,2025-09-30,2025-10-03,230658.0,https://www.cftc.gov/files/dea/history/fut_disagg_txt_2026.zip,2026-10-08
cftc_copper_oi,2025-10-07,2025-10-10,250850.0,https://www.cftc.gov/files/dea/history/fut_disagg_txt_2026.zip,2026-10-08
cftc_copper_oi,2025-10-14,2025-10-17,252089.0,https://www.cftc.gov/files/dea/history/fut_disagg_txt_2026.zip,2026-10-08
cftc_copper_oi,2025-10-21,2025-10-24,258680.0,https://www.cftc.gov/files/dea/history/fut_disagg_txt_2026.zip,2026-10-08
cftc_copper_oi,2025-10-28,2025-10-31,272068.0,https://www.cftc.gov/files/dea/history/fut_disagg_txt_2026.zip,2026-10-08
cftc_copper_oi,2025-11-04,2025-11-07,269926.0,https://www.cftc.gov/files/dea/history/fut_disagg_txt_2026.zip,2026-10-08
cftc_copper_oi,2025-11-10,2025-11-13,265474.0,https://www.cftc.gov/files/dea/history/fut_disagg_txt_2026.zip,2026-10-08
cftc_copper_oi,2025-11-18,2025-11-21,251537.0,https://www.cftc.gov/files/dea/history/fut_disagg_txt_2026.zip,2026-10-08
cftc_copper_oi,2025-11-25,2025-11-28,233461.0,https://www.cftc.gov/files/dea/history/fut_disagg_txt_2026.zip,2026-10-08
cftc_copper_oi,2025-12-02,2025-12-05,242931.0,https://www.cftc.gov/files/dea/history/fut_disagg_txt_2026.zip,2026-10-08
cftc_copper_oi,2025-12-09,2025-12-12,250821.0,https://www.cftc.gov/files/dea/history/fut_disagg_txt_2026.zip,2026-10-08
cftc_copper_oi,2025-12-16,2025-12-19,256887.0,https://www.cftc.gov/files/dea/history/fut_disagg_txt_2026.zip,2026-10-08
cftc_copper_oi,2025-12-23,2025-12-26,267343.0,https://www.cftc.gov/files/dea/history/fut_disagg_txt_2026.zip,2026-10-08
cftc_copper_oi,2025-12-30,2026-01-02,260139.0,https://www.cftc.gov/files/dea/history/fut_disagg_txt_2026.zip,2026-10-08
cftc_copper_oi,2026-01-06,2026-01-09,267027.0,https://www.cftc.gov/files/dea/history/fut_disagg_txt_2026.zip,2026-10-08
cftc_copper_oi,2026-01-13,2026-01-16,269813.0,https://www.cftc.gov/files/dea/history/fut_disagg_txt_2026.zip,2026-10-08
cftc_copper_oi,2026-01-20,2026-01-23,278431.0,https://www.cftc.gov/files/dea/history/fut_disagg_txt_2026.zip,2026-10-08
cftc_copper_oi,2026-01-27,2026-01-30,278219.0,https://www.cftc.gov/files/dea/history/fut_disagg_txt_2026.zip,2026-10-08
cftc_copper_oi,2026-02-03,2026-02-06,278845.0,https://www.cftc.gov/files/dea/history/fut_disagg_txt_2026.zip,2026-10-08
cftc_copper_oi,2026-02-10,2026-02-13,270792.0,https://www.cftc.gov/files/dea/history/fut_disagg_txt_2026.zip,2026-10-08
cftc_copper_oi,2026-02-17,2026-02-20,272967.0,https://www.cftc.gov/files/dea/history/fut_disagg_txt_2026.zip,2026-10-08
cftc_copper_oi,2026-02-24,2026-02-27,261235.0,https://www.cftc.gov/files/dea/history/fut_disagg_txt_2026.zip,2026-10-08
cftc_copper_oi,2026-03-03,2026-03-06,244932.0,https://www.cftc.gov/files/dea/history/fut_disagg_txt_2026.zip,2026-10-08
cftc_copper_oi,2026-03-10,2026-03-13,235322.0,https://www.cftc.gov/files/dea/history/fut_disagg_txt_2026.zip,2026-10-08
cftc_copper_oi,2026-03-17,2026-03-20,231319.0,https://www.cftc.gov/files/dea/history/fut_disagg_txt_2026.zip,2026-10-08
cftc_copper_oi,2026-03-24,2026-03-27,221772.0,https://www.cftc.gov/files/dea/history/fut_disagg_txt_2026.zip,2026-10-08
cftc_copper_oi,2026-03-31,2026-04-03,220756.0,https://www.cftc.gov/files/dea/history/fut_disagg_txt_2026.zip,2026-10-08
cftc_copper_oi,2026-04-07,2026-04-10,224634.0,https://www.cftc.gov/files/dea/history/fut_disagg_txt_2026.zip,2026-10-08
cftc_copper_oi,2026-04-14,2026-04-17,245595.0,https://www.cftc.gov/files/dea/history/fut_disagg_txt_2026.zip,2026-10-08
cftc_copper_oi,2026-04-21,2026-04-24,250504.0,https://www.cftc.gov/files/dea/history/fut_disagg_txt_2026.zip,2026-10-08
cftc_copper_oi,2026-04-28,2026-05-01,230596.0,https://www.cftc.gov/files/dea/history/fut_disagg_txt_2026.zip,2026-10-08
cftc_copper_oi,2026-05-05,2026-05-08,232609.0,https://www.cftc.gov/files/dea/history/fut_disagg_txt_2026.zip,2026-10-08
cftc_copper_oi,2026-05-12,2026-05-15,259808.0,https://www.cftc.gov/files/dea/history/fut_disagg_txt_2026.zip,2026-10-08
cftc_copper_oi,2026-05-19,2026-05-22,257964.0,https://www.cftc.gov/files/dea/history/fut_disagg_txt_2026.zip,2026-10-08
cftc_copper_oi,2026-05-26,2026-05-29,266243.0,https://www.cftc.gov/files/dea/history/fut_disagg_txt_2026.zip,2026-10-08
cftc_copper_oi,2026-06-02,2026-06-05,276892.0,https://www.cftc.gov/files/dea/history/fut_disagg_txt_2026.zip,2026-10-08
cftc_copper_oi,2026-06-09,2026-06-12,274331.0,https://www.cftc.gov/files/dea/history/fut_disagg_txt_2026.zip,2026-10-08
cftc_copper_oi,2026-06-16,2026-06-19,270752.0,https://www.cftc.gov/files/dea/history/fut_disagg_txt_2026.zip,2026-10-08
cftc_copper_oi,2026-06-23,2026-06-26,268800.0,https://www.cftc.gov/files/dea/history/fut_disagg_txt_2026.zip,2026-10-08
cftc_copper_oi,2026-06-30,2026-07-03,254335.0,https://www.cftc.gov/files/dea/history/fut_disagg_txt_2026.zip,2026-10-08
cftc_copper_oi,2026-07-07,2026-07-10,250948.0,https://www.cftc.gov/files/dea/history/fut_disagg_txt_2026.zip,2026-10-08
cftc_copper_oi,2026-07-14,2026-07-17,259873.0,https://www.cftc.gov/files/dea/history/fut_disagg_txt_2026.zip,2026-10-08
cftc_copper_oi,2026-07-21,2026-07-24,270048.0,https://www.cftc.gov/files/dea/history/fut_disagg_txt_2026.zip,2026-10-08
cftc_copper_oi,2026-07-28,2026-07-31,274552.0,https://www.cftc.gov/files/dea/history/fut_disagg_txt_2026.zip,2026-10-08
cftc_copper_oi,2026-08-04,2026-08-07,289395.0,https://www.cftc.gov/files/dea/history/fut_disagg_txt_2026.zip,2026-10-08
cftc_copper_oi,2026-08-11,2026-08-14,297047.0,https://www.cftc.gov/files/dea/history/fut_disagg_txt_2026.zip,2026-10-08
cftc_copper_oi,2026-08-18,2026-08-21,281563.0,https://www.cftc.gov/files/dea/history/fut_disagg_txt_2026.zip,2026-10-08
cftc_copper_oi,2026-08-25,2026-08-28,283299.0,https://www.cftc.gov/files/dea/history/fut_disagg_txt_2026.zip,2026-10-08
cftc_copper_oi,2026-09-01,2026-09-04,282640.0,https://www.cftc.gov/files/dea/history/fut_disagg_txt_2026.zip,2026-10-08
cftc_copper_oi,2026-09-08,2026-09-11,297491.0,https://www.cftc.gov/files/dea/history/fut_disagg_txt_2026.zip,2026-10-08
cftc_copper_oi,2026-09-15,2026-09-18,289463.0,https://www.cftc.gov/files/dea/history/fut_disagg_txt_2026.zip,2026-10-08
cftc_copper_oi,2026-09-22,2026-09-25,301657.0,https://www.cftc.gov/files/dea/history/fut_disagg_txt_2026.zip,2026-10-08
cftc_copper_oi,2026-09-29,2026-10-02,301201.0,https://www.cftc.gov/files/dea/history/fut_disagg_txt_2026.zip,2026-10-08
cftc_copper_oi,2026-10-06,2026-10-09,304033.0,https://www.cftc.gov/files/dea/history/fut_disagg_txt_2026.zip,2026-10-09
