series_id,ref_date,available_date,value,source,fetched_at
cftc_gold_prod_net,2006-06-13,2006-06-16,-90442.0,https://www.cftc.gov/files/dea/history/fut_disagg_txt_2026.zip,2026-10-08
cftc_gold_prod_net,2006-06-20,2006-06-23,-83670.0,https://www.cftc.gov/files/dea/history/fut_disagg_txt_2026.zip,2026-10-08
cftc_gold_prod_net,2006-06-27,2006-06-30,-79394.0,https://www.cftc.gov/files/dea/history/fut_disagg_txt_2026.zip,2026-10-08
cftc_gold_prod_net,2006-07-03,2006-07-06,-79294.0,https://www.cftc.gov/files/dea/history/fut_disagg_txt_2026.zip,2026-10-08
cftc_gold_prod_net,2006-07-11,2006-07-14,-80518.0,https://www.cftc.gov/files/dea/history/fut_disagg_txt_2026.zip,2026-10-08
cftc_gold_prod_net,2006-07-18,2006-07-21,-85418.0,https://www.cftc.gov/files/dea/history/fut_disagg_txt_2026.zip,2026-10-08
cftc_gold_prod_net,2006-07-25,2006-07-28,-84073.0,https://www.cftc.gov/files/dea/history/fut_disagg_txt_2026.zip,2026-10-08
cftc_gold_prod_net,2006-08-01,2006-08-04,-94056.0,https://www.cftc.gov/files/dea/history/fut_disagg_txt_2026.zip,2026-10-08
cftc_gold_prod_net,2006-08-08,2006-08-11,-98754.0,https://www.cftc.gov/files/dea/history/fut_disagg_txt_2026.zip,2026-10-08
cftc_gold_prod_net,2006-08-15,2006-08-18,-95646.0,https://www.cftc.gov/files/dea/history/fut_disagg_txt_2026.zip,2026-10-08
cftc_gold_prod_net,2006-08-22,2006-08-25,-93649.0,https://www.cftc.gov/files/dea/history/fut_disagg_txt_2026.zip,2026-10-08
cftc_gold_prod_net,2006-08-29,2006-09-01,-89926.0,https://www.cftc.gov/files/dea/history/fut_disagg_txt_2026.zip,2026-10-08
cftc_gold_prod_net,2006-09-05,2006-09-08,-95212.0,https://www.cftc.gov/files/dea/history/fut_disagg_txt_2026.zip,2026-10-08
cftc_gold_prod_net,2006-09-12,2006-09-15,-84679.0,https://www.cftc.gov/files/dea/history/fut_disagg_txt_2026.zip,2026-10-08
cftc_gold_prod_net,2006-09-19,2006-09-22,-78818.0,https://www.cftc.gov/files/dea/history/fut_disagg_txt_2026.zip,2026-10-08
cftc_gold_prod_net,2006-09-26,2006-09-29,-73445.0,https://www.cftc.gov/files/dea/history/fut_disagg_txt_2026.zip,2026-10-08
cftc_gold_prod_net,2006-10-03,2006-10-06,-69430.0,https://www.cftc.gov/files/dea/history/fut_disagg_txt_2026.zip,2026-10-08
cftc_gold_prod_net,2006-10-10,2006-10-13,-66887.0,https://www.cftc.gov/files/dea/history/fut_disagg_txt_2026.zip,2026-10-08
cftc_gold_prod_net,2006-10-17,2006-10-20,-65659.0,https://www.cftc.gov/files/dea/history/fut_disagg_txt_2026.zip,2026-10-08
cftc_gold_prod_net,2006-10-24,2006-10-27,-61521.0,https://www.cftc.gov/files/dea/history/fut_disagg_txt_2026.zip,2026-10-08
cftc_gold_prod_net,2006-10-31,2006-11-03,-68217.0,https://www.cftc.gov/files/dea/history/fut_disagg_txt_2026.zip,2026-10-08
cftc_gold_prod_net,2006-11-07,2006-11-10,-82822.0,https://www.cftc.gov/files/dea/history/fut_disagg_txt_2026.zip,2026-10-08
cftc_gold_prod_net,2006-11-14,2006-11-17,-88506.0,https://www.cftc.gov/files/dea/history/fut_disagg_txt_2026.zip,2026-10-08
cftc_gold_prod_net,2006-11-21,2006-11-24,-87159.0,https://www.cftc.gov/files/dea/history/fut_disagg_txt_2026.zip,2026-10-08
cftc_gold_prod_net,2006-11-28,2006-12-01,-80010.0,https://www.cftc.gov/files/dea/history/fut_disagg_txt_2026.zip,2026-10-08
cftc_gold_prod_net,2006-12-05,2006-12-08,-82988.0,https://www.cftc.gov/files/dea/history/fut_disagg_txt_2026.zip,2026-10-08
cftc_gold_prod_net,2006-12-12,2006-12-15,-85827.0,https://www.cftc.gov/files/dea/history/fut_disagg_txt_2026.zip,2026-10-08
cftc_gold_prod_net,2006-12-19,2006-12-22,-79727.0,https://www.cftc.gov/files/dea/history/fut_disagg_txt_2026.zip,2026-10-08
cftc_gold_prod_net,2006-12-26,2006-12-29,-80879.0,https://www.cftc.gov/files/dea/history/fut_disagg_txt_2026.zip,2026-10-08
cftc_gold_prod_net,2007-01-03,2007-01-06,-85311.0,https://www.cftc.gov/files/dea/history/fut_disagg_txt_2026.zip,2026-10-08
cftc_gold_prod_net,2007-01-09,2007-01-12,-68722.0,https://www.cftc.gov/files/dea/history/fut_disagg_txt_2026.zip,2026-10-08
cftc_gold_prod_net,2007-01-16,2007-01-19,-68618.0,https://www.cftc.gov/files/dea/history/fut_disagg_txt_2026.zip,2026-10-08
cftc_gold_prod_net,2007-01-23,2007-01-26,-80929.0,https://www.cftc.gov/files/dea/history/fut_disagg_txt_2026.zip,2026-10-08
cftc_gold_prod_net,2007-01-30,2007-02-02,-89960.0,https://www.cftc.gov/files/dea/history/fut_disagg_txt_2026.zip,2026-10-08
cftc_gold_prod_net,2007-02-06,2007-02-09,-101432.0,https://www.cftc.gov/files/dea/history/fut_disagg_txt_2026.zip,2026-10-08
cftc_gold_prod_net,2007-02-13,2007-02-16,-110052.0,https://www.cftc.gov/files/dea/history/fut_disagg_txt_2026.zip,2026-10-08
cftc_gold_prod_net,2007-02-20,2007-02-23,-114658.0,https://www.cftc.gov/files/dea/history/fut_disagg_txt_2026.zip,2026-10-08
cftc_gold_prod_net,2007-02-27,2007-03-02,-123145.0,https://www.cftc.gov/files/dea/history/fut_disagg_txt_2026.zip,2026-10-08
cftc_gold_prod_net,2007-03-06,2007-03-09,-97534.0,https://www.cftc.gov/files/dea/history/fut_disagg_txt_2026.zip,2026-10-08
cftc_gold_prod_net,2007-03-13,2007-03-16,-94805.0,https://www.cftc.gov/files/dea/history/fut_disagg_txt_2026.zip,2026-10-08
cftc_gold_prod_net,2007-03-20,2007-03-23,-92007.0,https://www.cftc.gov/files/dea/history/fut_disagg_txt_2026.zip,2026-10-08
cftc_gold_prod_net,2007-03-27,2007-03-30,-89188.0,https://www.cftc.gov/files/dea/history/fut_disagg_txt_2026.zip,2026-10-08
cftc_gold_prod_net,2007-04-03,2007-04-06,-79034.0,https://www.cftc.gov/files/dea/history/fut_disagg_txt_2026.zip,2026-10-08
cftc_gold_prod_net,2007-04-10,2007-04-13,-98192.0,https://www.cftc.gov/files/dea/history/fut_disagg_txt_2026.zip,2026-10-08
cftc_gold_prod_net,2007-04-17,2007-04-20,-108859.0,https://www.cftc.gov/files/dea/history/fut_disagg_txt_2026.zip,2026-10-08
cftc_gold_prod_net,2007-04-24,2007-04-27,-113605.0,https://www.cftc.gov/files/dea/history/fut_disagg_txt_2026.zip,2026-10-08
cftc_gold_prod_net,2007-05-01,2007-05-04,-115409.0,https://www.cftc.gov/files/dea/history/fut_disagg_txt_2026.zip,2026-10-08
cftc_gold_prod_net,2007-05-08,2007-05-11,-115712.0,https://www.cftc.gov/files/dea/history/fut_disagg_txt_2026.zip,2026-10-08
cftc_gold_prod_net,2007-05-15,2007-05-18,-93321.0,https://www.cftc.gov/files/dea/history/fut_disagg_txt_2026.zip,2026-10-08
cftc_gold_prod_net,2007-05-22,2007-05-25,-81708.0,https://www.cftc.gov/files/dea/history/fut_disagg_txt_2026.zip,2026-10-08
cftc_gold_prod_net,2007-05-29,2007-06-01,-76721.0,https://www.cftc.gov/files/dea/history/fut_disagg_txt_2026.zip,2026-10-08
cftc_gold_prod_net,2007-06-05,2007-06-08,-86184.0,https://www.cftc.gov/files/dea/history/fut_disagg_txt_2026.zip,2026-10-08
cftc_gold_prod_net,2007-06-12,2007-06-15,-62525.0,https://www.cftc.gov/files/dea/history/fut_disagg_txt_2026.zip,2026-10-08
cftc_gold_prod_net,2007-06-19,2007-06-22,-62970.0,https://www.cftc.gov/files/dea/history/fut_disagg_txt_2026.zip,2026-10-08
cftc_gold_prod_net,2007-06-26,2007-06-29,-56203.0,https://www.cftc.gov/files/dea/history/fut_disagg_txt_2026.zip,2026-10-08
cftc_gold_prod_net,2007-07-03,2007-07-06,-63989.0,https://www.cftc.gov/files/dea/history/fut_disagg_txt_2026.zip,2026-10-08
cftc_gold_prod_net,2007-07-10,2007-07-13,-67523.0,https://www.cftc.gov/files/dea/history/fut_disagg_txt_2026.zip,2026-10-08
cftc_gold_prod_net,2007-07-17,2007-07-20,-73067.0,https://www.cftc.gov/files/dea/history/fut_disagg_txt_2026.zip,2026-10-08
cftc_gold_prod_net,2007-07-24,2007-07-27,-93237.0,https://www.cftc.gov/files/dea/history/fut_disagg_txt_2026.zip,2026-10-08
cftc_gold_prod_net,2007-07-31,2007-08-03,-71149.0,https://www.cftc.gov/files/dea/history/fut_disagg_txt_2026.zip,2026-10-08
cftc_gold_prod_net,2007-08-07,2007-08-10,-71572.0,https://www.cftc.gov/files/dea/history/fut_disagg_txt_2026.zip,2026-10-08
cftc_gold_prod_net,2007-08-14,2007-08-17,-74417.0,https://www.cftc.gov/files/dea/history/fut_disagg_txt_2026.zip,2026-10-08
cftc_gold_prod_net,2007-08-21,2007-08-24,-55280.0,https://www.cftc.gov/files/dea/history/fut_disagg_txt_2026.zip,2026-10-08
cftc_gold_prod_net,2007-08-28,2007-08-31,-64175.0,https://www.cftc.gov/files/dea/history/fut_disagg_txt_2026.zip,2026-10-08
cftc_gold_prod_net,2007-09-04,2007-09-07,-76460.0,https://www.cftc.gov/files/dea/history/fut_disagg_txt_2026.zip,2026-10-08
cftc_gold_prod_net,2007-09-11,2007-09-14,-101748.0,https://www.cftc.gov/files/dea/history/fut_disagg_txt_2026.zip,2026-10-08
cftc_gold_prod_net,2007-09-18,2007-09-21,-110824.0,https://www.cftc.gov/files/dea/history/fut_disagg_txt_2026.zip,2026-10-08
cftc_gold_prod_net,2007-09-25,2007-09-28,-133018.0,https://www.cftc.gov/files/dea/history/fut_disagg_txt_2026.zip,2026-10-08
cftc_gold_prod_net,2007-10-02,2007-10-05,-143077.0,https://www.cftc.gov/files/dea/history/fut_disagg_txt_2026.zip,2026-10-08
cftc_gold_prod_net,2007-10-09,2007-10-12,-157529.0,https://www.cftc.gov/files/dea/history/fut_disagg_txt_2026.zip,2026-10-08
cftc_gold_prod_net,2007-10-16,2007-10-19,-160245.0,https://www.cftc.gov/files/dea/history/fut_disagg_txt_2026.zip,2026-10-08
cftc_gold_prod_net,2007-10-23,2007-10-26,-151721.0,https://www.cftc.gov/files/dea/history/fut_disagg_txt_2026.zip,2026-10-08
cftc_gold_prod_net,2007-10-30,2007-11-02,-165478.0,https://www.cftc.gov/files/dea/history/fut_disagg_txt_2026.zip,2026-10-08
cftc_gold_prod_net,2007-11-06,2007-11-09,-173269.0,https://www.cftc.gov/files/dea/history/fut_disagg_txt_2026.zip,2026-10-08
cftc_gold_prod_net,2007-11-13,2007-11-16,-168748.0,https://www.cftc.gov/files/dea/history/fut_disagg_txt_2026.zip,2026-10-08
cftc_gold_prod_net,2007-11-20,2007-11-23,-163868.0,https://www.cftc.gov/files/dea/history/fut_disagg_txt_2026.zip,2026-10-08
cftc_gold_prod_net,2007-11-27,2007-11-30,-171202.0,https://www.cftc.gov/files/dea/history/fut_disagg_txt_2026.zip,2026-10-08
cftc_gold_prod_net,2007-12-04,2007-12-07,-166510.0,https://www.cftc.gov/files/dea/history/fut_disagg_txt_2026.zip,2026-10-08
cftc_gold_prod_net,2007-12-11,2007-12-14,-160590.0,https://www.cftc.gov/files/dea/history/fut_disagg_txt_2026.zip,2026-10-08
cftc_gold_prod_net,2007-12-18,2007-12-21,-161317.0,https://www.cftc.gov/files/dea/history/fut_disagg_txt_2026.zip,2026-10-08
cftc_gold_prod_net,2007-12-24,2007-12-27,-169672.0,https://www.cftc.gov/files/dea/history/fut_disagg_txt_2026.zip,2026-10-08
cftc_gold_prod_net,2007-12-31,2008-01-03,-174479.0,https://www.cftc.gov/files/dea/history/fut_disagg_txt_2026.zip,2026-10-08
cftc_gold_prod_net,2008-01-08,2008-01-11,-168089.0,https://www.cftc.gov/files/dea/history/fut_disagg_txt_2026.zip,2026-10-08
cftc_gold_prod_net,2008-01-15,2008-01-18,-172768.0,https://www.cftc.gov/files/dea/history/fut_disagg_txt_2026.zip,2026-10-08
cftc_gold_prod_net,2008-01-22,2008-01-25,-161388.0,https://www.cftc.gov/files/dea/history/fut_disagg_txt_2026.zip,2026-10-08
cftc_gold_prod_net,2008-01-29,2008-02-01,-168667.0,https://www.cftc.gov/files/dea/history/fut_disagg_txt_2026.zip,2026-10-08
cftc_gold_prod_net,2008-02-05,2008-02-08,-154453.0,https://www.cftc.gov/files/dea/history/fut_disagg_txt_2026.zip,2026-10-08
cftc_gold_prod_net,2008-02-12,2008-02-15,-153177.0,https://www.cftc.gov/files/dea/history/fut_disagg_txt_2026.zip,2026-10-08
cftc_gold_prod_net,2008-02-19,2008-02-22,-160663.0,https://www.cftc.gov/files/dea/history/fut_disagg_txt_2026.zip,2026-10-08
cftc_gold_prod_net,2008-02-26,2008-02-29,-159929.0,https://www.cftc.gov/files/dea/history/fut_disagg_txt_2026.zip,2026-10-08
cftc_gold_prod_net,2008-03-04,2008-03-07,-153111.0,https://www.cftc.gov/files/dea/history/fut_disagg_txt_2026.zip,2026-10-08
cftc_gold_prod_net,2008-03-11,2008-03-14,-159243.0,https://www.cftc.gov/files/dea/history/fut_disagg_txt_2026.zip,2026-10-08
cftc_gold_prod_net,2008-03-18,2008-03-21,-167270.0,https://www.cftc.gov/files/dea/history/fut_disagg_txt_2026.zip,2026-10-08
cftc_gold_prod_net,2008-03-25,2008-03-28,-133684.0,https://www.cftc.gov/files/dea/history/fut_disagg_txt_2026.zip,2026-10-08
cftc_gold_prod_net,2008-04-01,2008-04-04,-128136.0,https://www.cftc.gov/files/dea/history/fut_disagg_txt_2026.zip,2026-10-08
cftc_gold_prod_net,2008-04-08,2008-04-11,-130801.0,https://www.cftc.gov/files/dea/history/fut_disagg_txt_2026.zip,2026-10-08
cftc_gold_prod_net,2008-04-15,2008-04-18,-141632.0,https://www.cftc.gov/files/dea/history/fut_disagg_txt_2026.zip,2026-10-08
cftc_gold_prod_net,2008-04-22,2008-04-25,-140755.0,https://www.cftc.gov/files/dea/history/fut_disagg_txt_2026.zip,2026-10-08
cftc_gold_prod_net,2008-04-29,2008-05-02,-131951.0,https://www.cftc.gov/files/dea/history/fut_disagg_txt_2026.zip,2026-10-08
cftc_gold_prod_net,2008-05-06,2008-05-09,-129127.0,https://www.cftc.gov/files/dea/history/fut_disagg_txt_2026.zip,2026-10-08
cftc_gold_prod_net,2008-05-13,2008-05-16,-130328.0,https://www.cftc.gov/files/dea/history/fut_disagg_txt_2026.zip,2026-10-08
cftc_gold_prod_net,2008-05-20,2008-05-23,-151459.0,https://www.cftc.gov/files/dea/history/fut_disagg_txt_2026.zip,2026-10-08
cftc_gold_prod_net,2008-05-27,2008-05-30,-149369.0,https://www.cftc.gov/files/dea/history/fut_disagg_txt_2026.zip,2026-10-08
cftc_gold_prod_net,2008-06-03,2008-06-06,-140323.0,https://www.cftc.gov/files/dea/history/fut_disagg_txt_2026.zip,2026-10-08
cftc_gold_prod_net,2008-06-10,2008-06-13,-125868.0,https://www.cftc.gov/files/dea/history/fut_disagg_txt_2026.zip,2026-10-08
cftc_gold_prod_net,2008-06-17,2008-06-20,-120524.0,https://www.cftc.gov/files/dea/history/fut_disagg_txt_2026.zip,2026-10-08
cftc_gold_prod_net,2008-06-24,2008-06-27,-117085.0,https://www.cftc.gov/files/dea/history/fut_disagg_txt_2026.zip,2026-10-08
cftc_gold_prod_net,2008-07-01,2008-07-04,-135669.0,https://www.cftc.gov/files/dea/history/fut_disagg_txt_2026.zip,2026-10-08
cftc_gold_prod_net,2008-07-08,2008-07-11,-138460.0,https://www.cftc.gov/files/dea/history/fut_disagg_txt_2026.zip,2026-10-08
cftc_gold_prod_net,2008-07-15,2008-07-18,-158365.0,https://www.cftc.gov/files/dea/history/fut_disagg_txt_2026.zip,2026-10-08
cftc_gold_prod_net,2008-07-22,2008-07-25,-156814.0,https://www.cftc.gov/files/dea/history/fut_disagg_txt_2026.zip,2026-10-08
cftc_gold_prod_net,2008-07-29,2008-08-01,-135821.0,https://www.cftc.gov/files/dea/history/fut_disagg_txt_2026.zip,2026-10-08
cftc_gold_prod_net,2008-08-05,2008-08-08,-122069.0,https://www.cftc.gov/files/dea/history/fut_disagg_txt_2026.zip,2026-10-08
cftc_gold_prod_net,2008-08-12,2008-08-15,-79431.0,https://www.cftc.gov/files/dea/history/fut_disagg_txt_2026.zip,2026-10-08
cftc_gold_prod_net,2008-08-19,2008-08-22,-63156.0,https://www.cftc.gov/files/dea/history/fut_disagg_txt_2026.zip,2026-10-08
cftc_gold_prod_net,2008-08-26,2008-08-29,-51109.0,https://www.cftc.gov/files/dea/history/fut_disagg_txt_2026.zip,2026-10-08
cftc_gold_prod_net,2008-09-02,2008-09-05,-42990.0,https://www.cftc.gov/files/dea/history/fut_disagg_txt_2026.zip,2026-10-08
cftc_gold_prod_net,2008-09-09,2008-09-12,-37393.0,https://www.cftc.gov/files/dea/history/fut_disagg_txt_2026.zip,2026-10-08
cftc_gold_prod_net,2008-09-16,2008-09-19,-27386.0,https://www.cftc.gov/files/dea/history/fut_disagg_txt_2026.zip,2026-10-08
cftc_gold_prod_net,2008-09-23,2008-09-26,-66715.0,https://www.cftc.gov/files/dea/history/fut_disagg_txt_2026.zip,2026-10-08
cftc_gold_prod_net,2008-09-30,2008-10-03,-72881.0,https://www.cftc.gov/files/dea/history/fut_disagg_txt_2026.zip,2026-10-08
cftc_gold_prod_net,2008-10-07,2008-10-10,-70686.0,https://www.cftc.gov/files/dea/history/fut_disagg_txt_2026.zip,2026-10-08
cftc_gold_prod_net,2008-10-14,2008-10-17,-73860.0,https://www.cftc.gov/files/dea/history/fut_disagg_txt_2026.zip,2026-10-08
cftc_gold_prod_net,2008-10-21,2008-10-24,-66000.0,https://www.cftc.gov/files/dea/history/fut_disagg_txt_2026.zip,2026-10-08
cftc_gold_prod_net,2008-10-28,2008-10-31,-51104.0,https://www.cftc.gov/files/dea/history/fut_disagg_txt_2026.zip,2026-10-08
cftc_gold_prod_net,2008-11-04,2008-11-07,-44873.0,https://www.cftc.gov/files/dea/history/fut_disagg_txt_2026.zip,2026-10-08
cftc_gold_prod_net,2008-11-11,2008-11-14,-49231.0,https://www.cftc.gov/files/dea/history/fut_disagg_txt_2026.zip,2026-10-08
cftc_gold_prod_net,2008-11-18,2008-11-21,-53014.0,https://www.cftc.gov/files/dea/history/fut_disagg_txt_2026.zip,2026-10-08
cftc_gold_prod_net,2008-11-25,2008-11-28,-80101.0,https://www.cftc.gov/files/dea/history/fut_disagg_txt_2026.zip,2026-10-08
cftc_gold_prod_net,2008-12-02,2008-12-05,-83211.0,https://www.cftc.gov/files/dea/history/fut_disagg_txt_2026.zip,2026-10-08
cftc_gold_prod_net,2008-12-09,2008-12-12,-80669.0,https://www.cftc.gov/files/dea/history/fut_disagg_txt_2026.zip,2026-10-08
cftc_gold_prod_net,2008-12-16,2008-12-19,-97273.0,https://www.cftc.gov/files/dea/history/fut_disagg_txt_2026.zip,2026-10-08
cftc_gold_prod_net,2008-12-22,2008-12-25,-100119.0,https://www.cftc.gov/files/dea/history/fut_disagg_txt_2026.zip,2026-10-08
cftc_gold_prod_net,2008-12-30,2009-01-02,-109120.0,https://www.cftc.gov/files/dea/history/fut_disagg_txt_2026.zip,2026-10-08
cftc_gold_prod_net,2009-01-06,2009-01-09,-119211.0,https://www.cftc.gov/files/dea/history/fut_disagg_txt_2026.zip,2026-10-08
cftc_gold_prod_net,2009-01-13,2009-01-16,-117668.0,https://www.cftc.gov/files/dea/history/fut_disagg_txt_2026.zip,2026-10-08
cftc_gold_prod_net,2009-01-20,2009-01-23,-117198.0,https://www.cftc.gov/files/dea/history/fut_disagg_txt_2026.zip,2026-10-08
cftc_gold_prod_net,2009-01-27,2009-01-30,-135293.0,https://www.cftc.gov/files/dea/history/fut_disagg_txt_2026.zip,2026-10-08
cftc_gold_prod_net,2009-02-03,2009-02-06,-147242.0,https://www.cftc.gov/files/dea/history/fut_disagg_txt_2026.zip,2026-10-08
cftc_gold_prod_net,2009-02-10,2009-02-13,-156803.0,https://www.cftc.gov/files/dea/history/fut_disagg_txt_2026.zip,2026-10-08
cftc_gold_prod_net,2009-02-17,2009-02-20,-162300.0,https://www.cftc.gov/files/dea/history/fut_disagg_txt_2026.zip,2026-10-08
cftc_gold_prod_net,2009-02-24,2009-02-27,-162661.0,https://www.cftc.gov/files/dea/history/fut_disagg_txt_2026.zip,2026-10-08
cftc_gold_prod_net,2009-03-03,2009-03-06,-163657.0,https://www.cftc.gov/files/dea/history/fut_disagg_txt_2026.zip,2026-10-08
cftc_gold_prod_net,2009-03-10,2009-03-13,-155970.0,https://www.cftc.gov/files/dea/history/fut_disagg_txt_2026.zip,2026-10-08
cftc_gold_prod_net,2009-03-17,2009-03-20,-150560.0,https://www.cftc.gov/files/dea/history/fut_disagg_txt_2026.zip,2026-10-08
cftc_gold_prod_net,2009-03-24,2009-03-27,-150500.0,https://www.cftc.gov/files/dea/history/fut_disagg_txt_2026.zip,2026-10-08
cftc_gold_prod_net,2009-03-31,2009-04-03,-145846.0,https://www.cftc.gov/files/dea/history/fut_disagg_txt_2026.zip,2026-10-08
cftc_gold_prod_net,2009-04-07,2009-04-10,-121232.0,https://www.cftc.gov/files/dea/history/fut_disagg_txt_2026.zip,2026-10-08
cftc_gold_prod_net,2009-04-14,2009-04-17,-118311.0,https://www.cftc.gov/files/dea/history/fut_disagg_txt_2026.zip,2026-10-08
cftc_gold_prod_net,2009-04-21,2009-04-24,-115288.0,https://www.cftc.gov/files/dea/history/fut_disagg_txt_2026.zip,2026-10-08
cftc_gold_prod_net,2009-04-28,2009-05-01,-120452.0,https://www.cftc.gov/files/dea/history/fut_disagg_txt_2026.zip,2026-10-08
cftc_gold_prod_net,2009-05-05,2009-05-08,-125730.0,https://www.cftc.gov/files/dea/history/fut_disagg_txt_2026.zip,2026-10-08
cftc_gold_prod_net,2009-05-12,2009-05-15,-135382.0,https://www.cftc.gov/files/dea/history/fut_disagg_txt_2026.zip,2026-10-08
cftc_gold_prod_net,2009-05-19,2009-05-22,-145987.0,https://www.cftc.gov/files/dea/history/fut_disagg_txt_2026.zip,2026-10-08
cftc_gold_prod_net,2009-05-26,2009-05-29,-165629.0,https://www.cftc.gov/files/dea/history/fut_disagg_txt_2026.zip,2026-10-08
cftc_gold_prod_net,2009-06-02,2009-06-05,-179801.0,https://www.cftc.gov/files/dea/history/fut_disagg_txt_2026.zip,2026-10-08
cftc_gold_prod_net,2009-06-09,2009-06-12,-177684.0,https://www.cftc.gov/files/dea/history/fut_disagg_txt_2026.zip,2026-10-08
cftc_gold_prod_net,2009-06-16,2009-06-19,-167040.0,https://www.cftc.gov/files/dea/history/fut_disagg_txt_2026.zip,2026-10-08
cftc_gold_prod_net,2009-06-23,2009-06-26,-159639.0,https://www.cftc.gov/files/dea/history/fut_disagg_txt_2026.zip,2026-10-08
cftc_gold_prod_net,2009-06-30,2009-07-03,-163843.0,https://www.cftc.gov/files/dea/history/fut_disagg_txt_2026.zip,2026-10-08
cftc_gold_prod_net,2009-07-07,2009-07-10,-162154.0,https://www.cftc.gov/files/dea/history/fut_disagg_txt_2026.zip,2026-10-08
cftc_gold_prod_net,2009-07-14,2009-07-17,-150615.0,https://www.cftc.gov/files/dea/history/fut_disagg_txt_2026.zip,2026-10-08
cftc_gold_prod_net,2009-07-21,2009-07-24,-154769.0,https://www.cftc.gov/files/dea/history/fut_disagg_txt_2026.zip,2026-10-08
cftc_gold_prod_net,2009-07-28,2009-07-31,-154003.0,https://www.cftc.gov/files/dea/history/fut_disagg_txt_2026.zip,2026-10-08
cftc_gold_prod_net,2009-08-04,2009-08-07,-161337.0,https://www.cftc.gov/files/dea/history/fut_disagg_txt_2026.zip,2026-10-08
cftc_gold_prod_net,2009-08-11,2009-08-14,-160484.0,https://www.cftc.gov/files/dea/history/fut_disagg_txt_2026.zip,2026-10-08
cftc_gold_prod_net,2009-08-18,2009-08-21,-146672.0,https://www.cftc.gov/files/dea/history/fut_disagg_txt_2026.zip,2026-10-08
cftc_gold_prod_net,2009-08-25,2009-08-28,-152210.0,https://www.cftc.gov/files/dea/history/fut_disagg_txt_2026.zip,2026-10-08
cftc_gold_prod_net,2009-09-01,2009-09-04,-137413.0,https://www.cftc.gov/files/dea/history/fut_disagg_txt_2026.zip,2026-10-08
cftc_gold_prod_net,2009-09-08,2009-09-11,-189661.0,https://www.cftc.gov/files/dea/history/fut_disagg_txt_2026.zip,2026-10-08
cftc_gold_prod_net,2009-09-15,2009-09-18,-191911.0,https://www.cftc.gov/files/dea/history/fut_disagg_txt_2026.zip,2026-10-08
cftc_gold_prod_net,2009-09-22,2009-09-25,-188762.0,https://www.cftc.gov/files/dea/history/fut_disagg_txt_2026.zip,2026-10-08
cftc_gold_prod_net,2009-09-29,2009-10-02,-182947.0,https://www.cftc.gov/files/dea/history/fut_disagg_txt_2026.zip,2026-10-08
cftc_gold_prod_net,2009-10-06,2009-10-09,-188153.0,https://www.cftc.gov/files/dea/history/fut_disagg_txt_2026.zip,2026-10-08
cftc_gold_prod_net,2009-10-13,2009-10-16,-201275.0,https://www.cftc.gov/files/dea/history/fut_disagg_txt_2026.zip,2026-10-08
cftc_gold_prod_net,2009-10-20,2009-10-23,-200254.0,https://www.cftc.gov/files/dea/history/fut_disagg_txt_2026.zip,2026-10-08
cftc_gold_prod_net,2009-10-27,2009-10-30,-188999.0,https://www.cftc.gov/files/dea/history/fut_disagg_txt_2026.zip,2026-10-08
cftc_gold_prod_net,2009-11-03,2009-11-06,-192833.0,https://www.cftc.gov/files/dea/history/fut_disagg_txt_2026.zip,2026-10-08
cftc_gold_prod_net,2009-11-09,2009-11-12,-193138.0,https://www.cftc.gov/files/dea/history/fut_disagg_txt_2026.zip,2026-10-08
cftc_gold_prod_net,2009-11-17,2009-11-20,-194384.0,https://www.cftc.gov/files/dea/history/fut_disagg_txt_2026.zip,2026-10-08
cftc_gold_prod_net,2009-11-24,2009-11-27,-203078.0,https://www.cftc.gov/files/dea/history/fut_disagg_txt_2026.zip,2026-10-08
cftc_gold_prod_net,2009-12-01,2009-12-04,-190865.0,https://www.cftc.gov/files/dea/history/fut_disagg_txt_2026.zip,2026-10-08
cftc_gold_prod_net,2009-12-08,2009-12-11,-192297.0,https://www.cftc.gov/files/dea/history/fut_disagg_txt_2026.zip,2026-10-08
cftc_gold_prod_net,2009-12-15,2009-12-18,-195656.0,https://www.cftc.gov/files/dea/history/fut_disagg_txt_2026.zip,2026-10-08
cftc_gold_prod_net,2009-12-22,2009-12-25,-191434.0,https://www.cftc.gov/files/dea/history/fut_disagg_txt_2026.zip,2026-10-08
cftc_gold_prod_net,2009-12-29,2010-01-01,-185645.0,https://www.cftc.gov/files/dea/history/fut_disagg_txt_2026.zip,2026-10-08
cftc_gold_prod_net,2010-01-05,2010-01-08,-187022.0,https://www.cftc.gov/files/dea/history/fut_disagg_txt_2026.zip,2026-10-08
cftc_gold_prod_net,2010-01-12,2010-01-15,-196270.0,https://www.cftc.gov/files/dea/history/fut_disagg_txt_2026.zip,2026-10-08
cftc_gold_prod_net,2010-01-19,2010-01-22,-191071.0,https://www.cftc.gov/files/dea/history/fut_disagg_txt_2026.zip,2026-10-08
cftc_gold_prod_net,2010-01-26,2010-01-29,-173309.0,https://www.cftc.gov/files/dea/history/fut_disagg_txt_2026.zip,2026-10-08
cftc_gold_prod_net,2010-02-02,2010-02-05,-163285.0,https://www.cftc.gov/files/dea/history/fut_disagg_txt_2026.zip,2026-10-08
cftc_gold_prod_net,2010-02-09,2010-02-12,-146939.0,https://www.cftc.gov/files/dea/history/fut_disagg_txt_2026.zip,2026-10-08
cftc_gold_prod_net,2010-02-16,2010-02-19,-137702.0,https://www.cftc.gov/files/dea/history/fut_disagg_txt_2026.zip,2026-10-08
cftc_gold_prod_net,2010-02-23,2010-02-26,-155310.0,https://www.cftc.gov/files/dea/history/fut_disagg_txt_2026.zip,2026-10-08
cftc_gold_prod_net,2010-03-02,2010-03-05,-160869.0,https://www.cftc.gov/files/dea/history/fut_disagg_txt_2026.zip,2026-10-08
cftc_gold_prod_net,2010-03-09,2010-03-12,-159555.0,https://www.cftc.gov/files/dea/history/fut_disagg_txt_2026.zip,2026-10-08
cftc_gold_prod_net,2010-03-16,2010-03-19,-145726.0,https://www.cftc.gov/files/dea/history/fut_disagg_txt_2026.zip,2026-10-08
cftc_gold_prod_net,2010-03-23,2010-03-26,-133512.0,https://www.cftc.gov/files/dea/history/fut_disagg_txt_2026.zip,2026-10-08
cftc_gold_prod_net,2010-03-30,2010-04-02,-127640.0,https://www.cftc.gov/files/dea/history/fut_disagg_txt_2026.zip,2026-10-08
cftc_gold_prod_net,2010-04-06,2010-04-09,-153724.0,https://www.cftc.gov/files/dea/history/fut_disagg_txt_2026.zip,2026-10-08
cftc_gold_prod_net,2010-04-13,2010-04-16,-171956.0,https://www.cftc.gov/files/dea/history/fut_disagg_txt_2026.zip,2026-10-08
cftc_gold_prod_net,2010-04-20,2010-04-23,-174952.0,https://www.cftc.gov/files/dea/history/fut_disagg_txt_2026.zip,2026-10-08
cftc_gold_prod_net,2010-04-27,2010-04-30,-176666.0,https://www.cftc.gov/files/dea/history/fut_disagg_txt_2026.zip,2026-10-08
cftc_gold_prod_net,2010-05-04,2010-05-07,-187916.0,https://www.cftc.gov/files/dea/history/fut_disagg_txt_2026.zip,2026-10-08
cftc_gold_prod_net,2010-05-11,2010-05-14,-216753.0,https://www.cftc.gov/files/dea/history/fut_disagg_txt_2026.zip,2026-10-08
cftc_gold_prod_net,2010-05-18,2010-05-21,-219097.0,https://www.cftc.gov/files/dea/history/fut_disagg_txt_2026.zip,2026-10-08
cftc_gold_prod_net,2010-05-25,2010-05-28,-209176.0,https://www.cftc.gov/files/dea/history/fut_disagg_txt_2026.zip,2026-10-08
cftc_gold_prod_net,2010-06-01,2010-06-04,-210677.0,https://www.cftc.gov/files/dea/history/fut_disagg_txt_2026.zip,2026-10-08
cftc_gold_prod_net,2010-06-08,2010-06-11,-216371.0,https://www.cftc.gov/files/dea/history/fut_disagg_txt_2026.zip,2026-10-08
cftc_gold_prod_net,2010-06-15,2010-06-18,-220301.0,https://www.cftc.gov/files/dea/history/fut_disagg_txt_2026.zip,2026-10-08
cftc_gold_prod_net,2010-06-22,2010-06-25,-223009.0,https://www.cftc.gov/files/dea/history/fut_disagg_txt_2026.zip,2026-10-08
cftc_gold_prod_net,2010-06-29,2010-07-02,-208215.0,https://www.cftc.gov/files/dea/history/fut_disagg_txt_2026.zip,2026-10-08
cftc_gold_prod_net,2010-07-06,2010-07-09,-180241.0,https://www.cftc.gov/files/dea/history/fut_disagg_txt_2026.zip,2026-10-08
cftc_gold_prod_net,2010-07-13,2010-07-16,-180747.0,https://www.cftc.gov/files/dea/history/fut_disagg_txt_2026.zip,2026-10-08
cftc_gold_prod_net,2010-07-20,2010-07-23,-154632.0,https://www.cftc.gov/files/dea/history/fut_disagg_txt_2026.zip,2026-10-08
cftc_gold_prod_net,2010-07-27,2010-07-30,-166179.0,https://www.cftc.gov/files/dea/history/fut_disagg_txt_2026.zip,2026-10-08
cftc_gold_prod_net,2010-08-03,2010-08-06,-154427.0,https://www.cftc.gov/files/dea/history/fut_disagg_txt_2026.zip,2026-10-08
cftc_gold_prod_net,2010-08-10,2010-08-13,-157599.0,https://www.cftc.gov/files/dea/history/fut_disagg_txt_2026.zip,2026-10-08
cftc_gold_prod_net,2010-08-17,2010-08-20,-168154.0,https://www.cftc.gov/files/dea/history/fut_disagg_txt_2026.zip,2026-10-08
cftc_gold_prod_net,2010-08-24,2010-08-27,-176512.0,https://www.cftc.gov/files/dea/history/fut_disagg_txt_2026.zip,2026-10-08
cftc_gold_prod_net,2010-08-31,2010-09-03,-184884.0,https://www.cftc.gov/files/dea/history/fut_disagg_txt_2026.zip,2026-10-08
cftc_gold_prod_net,2010-09-07,2010-09-10,-187125.0,https://www.cftc.gov/files/dea/history/fut_disagg_txt_2026.zip,2026-10-08
cftc_gold_prod_net,2010-09-14,2010-09-17,-185655.0,https://www.cftc.gov/files/dea/history/fut_disagg_txt_2026.zip,2026-10-08
cftc_gold_prod_net,2010-09-21,2010-09-24,-184294.0,https://www.cftc.gov/files/dea/history/fut_disagg_txt_2026.zip,2026-10-08
cftc_gold_prod_net,2010-09-28,2010-10-01,-190184.0,https://www.cftc.gov/files/dea/history/fut_disagg_txt_2026.zip,2026-10-08
cftc_gold_prod_net,2010-10-05,2010-10-08,-189389.0,https://www.cftc.gov/files/dea/history/fut_disagg_txt_2026.zip,2026-10-08
cftc_gold_prod_net,2010-10-12,2010-10-15,-190513.0,https://www.cftc.gov/files/dea/history/fut_disagg_txt_2026.zip,2026-10-08
cftc_gold_prod_net,2010-10-19,2010-10-22,-190651.0,https://www.cftc.gov/files/dea/history/fut_disagg_txt_2026.zip,2026-10-08
cftc_gold_prod_net,2010-10-26,2010-10-29,-184645.0,https://www.cftc.gov/files/dea/history/fut_disagg_txt_2026.zip,2026-10-08
cftc_gold_prod_net,2010-11-02,2010-11-05,-184978.0,https://www.cftc.gov/files/dea/history/fut_disagg_txt_2026.zip,2026-10-08
cftc_gold_prod_net,2010-11-09,2010-11-12,-196222.0,https://www.cftc.gov/files/dea/history/fut_disagg_txt_2026.zip,2026-10-08
cftc_gold_prod_net,2010-11-16,2010-11-19,-169191.0,https://www.cftc.gov/files/dea/history/fut_disagg_txt_2026.zip,2026-10-08
cftc_gold_prod_net,2010-11-23,2010-11-26,-171428.0,https://www.cftc.gov/files/dea/history/fut_disagg_txt_2026.zip,2026-10-08
cftc_gold_prod_net,2010-11-30,2010-12-03,-167990.0,https://www.cftc.gov/files/dea/history/fut_disagg_txt_2026.zip,2026-10-08
cftc_gold_prod_net,2010-12-07,2010-12-10,-177800.0,https://www.cftc.gov/files/dea/history/fut_disagg_txt_2026.zip,2026-10-08
cftc_gold_prod_net,2010-12-14,2010-12-17,-166562.0,https://www.cftc.gov/files/dea/history/fut_disagg_txt_2026.zip,2026-10-08
cftc_gold_prod_net,2010-12-21,2010-12-24,-154825.0,https://www.cftc.gov/files/dea/history/fut_disagg_txt_2026.zip,2026-10-08
cftc_gold_prod_net,2010-12-28,2010-12-31,-157881.0,https://www.cftc.gov/files/dea/history/fut_disagg_txt_2026.zip,2026-10-08
cftc_gold_prod_net,2011-01-04,2011-01-07,-161114.0,https://www.cftc.gov/files/dea/history/fut_disagg_txt_2026.zip,2026-10-08
cftc_gold_prod_net,2011-01-11,2011-01-14,-149434.0,https://www.cftc.gov/files/dea/history/fut_disagg_txt_2026.zip,2026-10-08
cftc_gold_prod_net,2011-01-18,2011-01-21,-133261.0,https://www.cftc.gov/files/dea/history/fut_disagg_txt_2026.zip,2026-10-08
cftc_gold_prod_net,2011-01-25,2011-01-28,-127582.0,https://www.cftc.gov/files/dea/history/fut_disagg_txt_2026.zip,2026-10-08
cftc_gold_prod_net,2011-02-01,2011-02-04,-120988.0,https://www.cftc.gov/files/dea/history/fut_disagg_txt_2026.zip,2026-10-08
cftc_gold_prod_net,2011-02-08,2011-02-11,-123713.0,https://www.cftc.gov/files/dea/history/fut_disagg_txt_2026.zip,2026-10-08
cftc_gold_prod_net,2011-02-15,2011-02-18,-126257.0,https://www.cftc.gov/files/dea/history/fut_disagg_txt_2026.zip,2026-10-08
cftc_gold_prod_net,2011-02-22,2011-02-25,-134524.0,https://www.cftc.gov/files/dea/history/fut_disagg_txt_2026.zip,2026-10-08
cftc_gold_prod_net,2011-03-01,2011-03-04,-141706.0,https://www.cftc.gov/files/dea/history/fut_disagg_txt_2026.zip,2026-10-08
cftc_gold_prod_net,2011-03-08,2011-03-11,-146414.0,https://www.cftc.gov/files/dea/history/fut_disagg_txt_2026.zip,2026-10-08
cftc_gold_prod_net,2011-03-15,2011-03-18,-136626.0,https://www.cftc.gov/files/dea/history/fut_disagg_txt_2026.zip,2026-10-08
cftc_gold_prod_net,2011-03-22,2011-03-25,-141905.0,https://www.cftc.gov/files/dea/history/fut_disagg_txt_2026.zip,2026-10-08
cftc_gold_prod_net,2011-03-29,2011-04-01,-155012.0,https://www.cftc.gov/files/dea/history/fut_disagg_txt_2026.zip,2026-10-08
cftc_gold_prod_net,2011-04-05,2011-04-08,-158624.0,https://www.cftc.gov/files/dea/history/fut_disagg_txt_2026.zip,2026-10-08
cftc_gold_prod_net,2011-04-12,2011-04-15,-161810.0,https://www.cftc.gov/files/dea/history/fut_disagg_txt_2026.zip,2026-10-08
cftc_gold_prod_net,2011-04-19,2011-04-22,-172303.0,https://www.cftc.gov/files/dea/history/fut_disagg_txt_2026.zip,2026-10-08
cftc_gold_prod_net,2011-04-26,2011-04-29,-161039.0,https://www.cftc.gov/files/dea/history/fut_disagg_txt_2026.zip,2026-10-08
cftc_gold_prod_net,2011-05-03,2011-05-06,-162293.0,https://www.cftc.gov/files/dea/history/fut_disagg_txt_2026.zip,2026-10-08
cftc_gold_prod_net,2011-05-10,2011-05-13,-159893.0,https://www.cftc.gov/files/dea/history/fut_disagg_txt_2026.zip,2026-10-08
cftc_gold_prod_net,2011-05-17,2011-05-20,-152258.0,https://www.cftc.gov/files/dea/history/fut_disagg_txt_2026.zip,2026-10-08
cftc_gold_prod_net,2011-05-24,2011-05-27,-159787.0,https://www.cftc.gov/files/dea/history/fut_disagg_txt_2026.zip,2026-10-08
cftc_gold_prod_net,2011-05-31,2011-06-03,-172591.0,https://www.cftc.gov/files/dea/history/fut_disagg_txt_2026.zip,2026-10-08
cftc_gold_prod_net,2011-06-07,2011-06-10,-177734.0,https://www.cftc.gov/files/dea/history/fut_disagg_txt_2026.zip,2026-10-08
cftc_gold_prod_net,2011-06-14,2011-06-17,-171190.0,https://www.cftc.gov/files/dea/history/fut_disagg_txt_2026.zip,2026-10-08
cftc_gold_prod_net,2011-06-21,2011-06-24,-178987.0,https://www.cftc.gov/files/dea/history/fut_disagg_txt_2026.zip,2026-10-08
cftc_gold_prod_net,2011-06-28,2011-07-01,-152389.0,https://www.cftc.gov/files/dea/history/fut_disagg_txt_2026.zip,2026-10-08
cftc_gold_prod_net,2011-07-05,2011-07-08,-145623.0,https://www.cftc.gov/files/dea/history/fut_disagg_txt_2026.zip,2026-10-08
cftc_gold_prod_net,2011-07-12,2011-07-15,-170820.0,https://www.cftc.gov/files/dea/history/fut_disagg_txt_2026.zip,2026-10-08
cftc_gold_prod_net,2011-07-19,2011-07-22,-176579.0,https://www.cftc.gov/files/dea/history/fut_disagg_txt_2026.zip,2026-10-08
cftc_gold_prod_net,2011-07-26,2011-07-29,-200556.0,https://www.cftc.gov/files/dea/history/fut_disagg_txt_2026.zip,2026-10-08
cftc_gold_prod_net,2011-08-02,2011-08-05,-195940.0,https://www.cftc.gov/files/dea/history/fut_disagg_txt_2026.zip,2026-10-08
cftc_gold_prod_net,2011-08-09,2011-08-12,-185843.0,https://www.cftc.gov/files/dea/history/fut_disagg_txt_2026.zip,2026-10-08
cftc_gold_prod_net,2011-08-16,2011-08-19,-188822.0,https://www.cftc.gov/files/dea/history/fut_disagg_txt_2026.zip,2026-10-08
cftc_gold_prod_net,2011-08-23,2011-08-26,-187080.0,https://www.cftc.gov/files/dea/history/fut_disagg_txt_2026.zip,2026-10-08
cftc_gold_prod_net,2011-08-30,2011-09-02,-188612.0,https://www.cftc.gov/files/dea/history/fut_disagg_txt_2026.zip,2026-10-08
cftc_gold_prod_net,2011-09-06,2011-09-09,-200300.0,https://www.cftc.gov/files/dea/history/fut_disagg_txt_2026.zip,2026-10-08
cftc_gold_prod_net,2011-09-13,2011-09-16,-184614.0,https://www.cftc.gov/files/dea/history/fut_disagg_txt_2026.zip,2026-10-08
cftc_gold_prod_net,2011-09-20,2011-09-23,-181944.0,https://www.cftc.gov/files/dea/history/fut_disagg_txt_2026.zip,2026-10-08
cftc_gold_prod_net,2011-09-27,2011-09-30,-162413.0,https://www.cftc.gov/files/dea/history/fut_disagg_txt_2026.zip,2026-10-08
cftc_gold_prod_net,2011-10-04,2011-10-07,-166613.0,https://www.cftc.gov/files/dea/history/fut_disagg_txt_2026.zip,2026-10-08
cftc_gold_prod_net,2011-10-11,2011-10-14,-170732.0,https://www.cftc.gov/files/dea/history/fut_disagg_txt_2026.zip,2026-10-08
cftc_gold_prod_net,2011-10-18,2011-10-21,-167884.0,https://www.cftc.gov/files/dea/history/fut_disagg_txt_2026.zip,2026-10-08
cftc_gold_prod_net,2011-10-25,2011-10-28,-174837.0,https://www.cftc.gov/files/dea/history/fut_disagg_txt_2026.zip,2026-10-08
cftc_gold_prod_net,2011-11-01,2011-11-04,-180068.0,https://www.cftc.gov/files/dea/history/fut_disagg_txt_2026.zip,2026-10-08
cftc_gold_prod_net,2011-11-08,2011-11-11,-188493.0,https://www.cftc.gov/files/dea/history/fut_disagg_txt_2026.zip,2026-10-08
cftc_gold_prod_net,2011-11-15,2011-11-18,-188039.0,https://www.cftc.gov/files/dea/history/fut_disagg_txt_2026.zip,2026-10-08
cftc_gold_prod_net,2011-11-22,2011-11-25,-164533.0,https://www.cftc.gov/files/dea/history/fut_disagg_txt_2026.zip,2026-10-08
cftc_gold_prod_net,2011-11-29,2011-12-02,-167929.0,https://www.cftc.gov/files/dea/history/fut_disagg_txt_2026.zip,2026-10-08
cftc_gold_prod_net,2011-12-06,2011-12-09,-177680.0,https://www.cftc.gov/files/dea/history/fut_disagg_txt_2026.zip,2026-10-08
cftc_gold_prod_net,2011-12-13,2011-12-16,-171868.0,https://www.cftc.gov/files/dea/history/fut_disagg_txt_2026.zip,2026-10-08
cftc_gold_prod_net,2011-12-20,2011-12-23,-157367.0,https://www.cftc.gov/files/dea/history/fut_disagg_txt_2026.zip,2026-10-08
cftc_gold_prod_net,2011-12-27,2011-12-30,-155184.0,https://www.cftc.gov/files/dea/history/fut_disagg_txt_2026.zip,2026-10-08
cftc_gold_prod_net,2012-01-03,2012-01-06,-152364.0,https://www.cftc.gov/files/dea/history/fut_disagg_txt_2026.zip,2026-10-08
cftc_gold_prod_net,2012-01-10,2012-01-13,-150940.0,https://www.cftc.gov/files/dea/history/fut_disagg_txt_2026.zip,2026-10-08
cftc_gold_prod_net,2012-01-17,2012-01-20,-165909.0,https://www.cftc.gov/files/dea/history/fut_disagg_txt_2026.zip,2026-10-08
cftc_gold_prod_net,2012-01-24,2012-01-27,-171648.0,https://www.cftc.gov/files/dea/history/fut_disagg_txt_2026.zip,2026-10-08
cftc_gold_prod_net,2012-01-31,2012-02-03,-180498.0,https://www.cftc.gov/files/dea/history/fut_disagg_txt_2026.zip,2026-10-08
cftc_gold_prod_net,2012-02-07,2012-02-10,-189159.0,https://www.cftc.gov/files/dea/history/fut_disagg_txt_2026.zip,2026-10-08
cftc_gold_prod_net,2012-02-14,2012-02-17,-180798.0,https://www.cftc.gov/files/dea/history/fut_disagg_txt_2026.zip,2026-10-08
cftc_gold_prod_net,2012-02-21,2012-02-24,-193483.0,https://www.cftc.gov/files/dea/history/fut_disagg_txt_2026.zip,2026-10-08
cftc_gold_prod_net,2012-02-28,2012-03-02,-201781.0,https://www.cftc.gov/files/dea/history/fut_disagg_txt_2026.zip,2026-10-08
cftc_gold_prod_net,2012-03-06,2012-03-09,-169104.0,https://www.cftc.gov/files/dea/history/fut_disagg_txt_2026.zip,2026-10-08
cftc_gold_prod_net,2012-03-13,2012-03-16,-166601.0,https://www.cftc.gov/files/dea/history/fut_disagg_txt_2026.zip,2026-10-08
cftc_gold_prod_net,2012-03-20,2012-03-23,-151572.0,https://www.cftc.gov/files/dea/history/fut_disagg_txt_2026.zip,2026-10-08
cftc_gold_prod_net,2012-03-27,2012-03-30,-159083.0,https://www.cftc.gov/files/dea/history/fut_disagg_txt_2026.zip,2026-10-08
cftc_gold_prod_net,2012-04-03,2012-04-06,-150323.0,https://www.cftc.gov/files/dea/history/fut_disagg_txt_2026.zip,2026-10-08
cftc_gold_prod_net,2012-04-10,2012-04-13,-142529.0,https://www.cftc.gov/files/dea/history/fut_disagg_txt_2026.zip,2026-10-08
cftc_gold_prod_net,2012-04-17,2012-04-20,-149291.0,https://www.cftc.gov/files/dea/history/fut_disagg_txt_2026.zip,2026-10-08
cftc_gold_prod_net,2012-04-24,2012-04-27,-141001.0,https://www.cftc.gov/files/dea/history/fut_disagg_txt_2026.zip,2026-10-08
cftc_gold_prod_net,2012-05-01,2012-05-04,-149447.0,https://www.cftc.gov/files/dea/history/fut_disagg_txt_2026.zip,2026-10-08
cftc_gold_prod_net,2012-05-08,2012-05-11,-133697.0,https://www.cftc.gov/files/dea/history/fut_disagg_txt_2026.zip,2026-10-08
cftc_gold_prod_net,2012-05-15,2012-05-18,-130589.0,https://www.cftc.gov/files/dea/history/fut_disagg_txt_2026.zip,2026-10-08
cftc_gold_prod_net,2012-05-22,2012-05-25,-135680.0,https://www.cftc.gov/files/dea/history/fut_disagg_txt_2026.zip,2026-10-08
cftc_gold_prod_net,2012-05-29,2012-06-01,-127920.0,https://www.cftc.gov/files/dea/history/fut_disagg_txt_2026.zip,2026-10-08
cftc_gold_prod_net,2012-06-05,2012-06-08,-141838.0,https://www.cftc.gov/files/dea/history/fut_disagg_txt_2026.zip,2026-10-08
cftc_gold_prod_net,2012-06-12,2012-06-15,-139192.0,https://www.cftc.gov/files/dea/history/fut_disagg_txt_2026.zip,2026-10-08
cftc_gold_prod_net,2012-06-19,2012-06-22,-152466.0,https://www.cftc.gov/files/dea/history/fut_disagg_txt_2026.zip,2026-10-08
cftc_gold_prod_net,2012-06-26,2012-06-29,-143872.0,https://www.cftc.gov/files/dea/history/fut_disagg_txt_2026.zip,2026-10-08
cftc_gold_prod_net,2012-07-03,2012-07-06,-156121.0,https://www.cftc.gov/files/dea/history/fut_disagg_txt_2026.zip,2026-10-08
cftc_gold_prod_net,2012-07-10,2012-07-13,-153565.0,https://www.cftc.gov/files/dea/history/fut_disagg_txt_2026.zip,2026-10-08
cftc_gold_prod_net,2012-07-17,2012-07-20,-158201.0,https://www.cftc.gov/files/dea/history/fut_disagg_txt_2026.zip,2026-10-08
cftc_gold_prod_net,2012-07-24,2012-07-27,-137671.0,https://www.cftc.gov/files/dea/history/fut_disagg_txt_2026.zip,2026-10-08
cftc_gold_prod_net,2012-07-31,2012-08-03,-147746.0,https://www.cftc.gov/files/dea/history/fut_disagg_txt_2026.zip,2026-10-08
cftc_gold_prod_net,2012-08-07,2012-08-10,-134833.0,https://www.cftc.gov/files/dea/history/fut_disagg_txt_2026.zip,2026-10-08
cftc_gold_prod_net,2012-08-14,2012-08-17,-132368.0,https://www.cftc.gov/files/dea/history/fut_disagg_txt_2026.zip,2026-10-08
cftc_gold_prod_net,2012-08-21,2012-08-24,-143232.0,https://www.cftc.gov/files/dea/history/fut_disagg_txt_2026.zip,2026-10-08
cftc_gold_prod_net,2012-08-28,2012-08-31,-160369.0,https://www.cftc.gov/files/dea/history/fut_disagg_txt_2026.zip,2026-10-08
cftc_gold_prod_net,2012-09-04,2012-09-07,-178593.0,https://www.cftc.gov/files/dea/history/fut_disagg_txt_2026.zip,2026-10-08
cftc_gold_prod_net,2012-09-11,2012-09-14,-193466.0,https://www.cftc.gov/files/dea/history/fut_disagg_txt_2026.zip,2026-10-08
cftc_gold_prod_net,2012-09-18,2012-09-21,-191919.0,https://www.cftc.gov/files/dea/history/fut_disagg_txt_2026.zip,2026-10-08
cftc_gold_prod_net,2012-09-25,2012-09-28,-212572.0,https://www.cftc.gov/files/dea/history/fut_disagg_txt_2026.zip,2026-10-08
cftc_gold_prod_net,2012-10-02,2012-10-05,-216256.0,https://www.cftc.gov/files/dea/history/fut_disagg_txt_2026.zip,2026-10-08
cftc_gold_prod_net,2012-10-09,2012-10-12,-216654.0,https://www.cftc.gov/files/dea/history/fut_disagg_txt_2026.zip,2026-10-08
cftc_gold_prod_net,2012-10-16,2012-10-19,-199422.0,https://www.cftc.gov/files/dea/history/fut_disagg_txt_2026.zip,2026-10-08
cftc_gold_prod_net,2012-10-23,2012-10-26,-191094.0,https://www.cftc.gov/files/dea/history/fut_disagg_txt_2026.zip,2026-10-08
cftc_gold_prod_net,2012-10-30,2012-11-02,-184996.0,https://www.cftc.gov/files/dea/history/fut_disagg_txt_2026.zip,2026-10-08
cftc_gold_prod_net,2012-11-06,2012-11-09,-167549.0,https://www.cftc.gov/files/dea/history/fut_disagg_txt_2026.zip,2026-10-08
cftc_gold_prod_net,2012-11-13,2012-11-16,-182871.0,https://www.cftc.gov/files/dea/history/fut_disagg_txt_2026.zip,2026-10-08
cftc_gold_prod_net,2012-11-20,2012-11-23,-188809.0,https://www.cftc.gov/files/dea/history/fut_disagg_txt_2026.zip,2026-10-08
cftc_gold_prod_net,2012-11-27,2012-11-30,-197339.0,https://www.cftc.gov/files/dea/history/fut_disagg_txt_2026.zip,2026-10-08
cftc_gold_prod_net,2012-12-04,2012-12-07,-174931.0,https://www.cftc.gov/files/dea/history/fut_disagg_txt_2026.zip,2026-10-08
cftc_gold_prod_net,2012-12-11,2012-12-14,-162578.0,https://www.cftc.gov/files/dea/history/fut_disagg_txt_2026.zip,2026-10-08
cftc_gold_prod_net,2012-12-18,2012-12-21,-149772.0,https://www.cftc.gov/files/dea/history/fut_disagg_txt_2026.zip,2026-10-08
cftc_gold_prod_net,2012-12-24,2012-12-27,-137021.0,https://www.cftc.gov/files/dea/history/fut_disagg_txt_2026.zip,2026-10-08
cftc_gold_prod_net,2012-12-31,2013-01-03,-135502.0,https://www.cftc.gov/files/dea/history/fut_disagg_txt_2026.zip,2026-10-08
cftc_gold_prod_net,2013-01-08,2013-01-11,-135518.0,https://www.cftc.gov/files/dea/history/fut_disagg_txt_2026.zip,2026-10-08
cftc_gold_prod_net,2013-01-15,2013-01-18,-135341.0,https://www.cftc.gov/files/dea/history/fut_disagg_txt_2026.zip,2026-10-08
cftc_gold_prod_net,2013-01-22,2013-01-25,-140792.0,https://www.cftc.gov/files/dea/history/fut_disagg_txt_2026.zip,2026-10-08
cftc_gold_prod_net,2013-01-29,2013-02-01,-131283.0,https://www.cftc.gov/files/dea/history/fut_disagg_txt_2026.zip,2026-10-08
cftc_gold_prod_net,2013-02-05,2013-02-08,-134865.0,https://www.cftc.gov/files/dea/history/fut_disagg_txt_2026.zip,2026-10-08
cftc_gold_prod_net,2013-02-12,2013-02-15,-124842.0,https://www.cftc.gov/files/dea/history/fut_disagg_txt_2026.zip,2026-10-08
cftc_gold_prod_net,2013-02-19,2013-02-22,-104435.0,https://www.cftc.gov/files/dea/history/fut_disagg_txt_2026.zip,2026-10-08
cftc_gold_prod_net,2013-02-26,2013-03-01,-109139.0,https://www.cftc.gov/files/dea/history/fut_disagg_txt_2026.zip,2026-10-08
cftc_gold_prod_net,2013-03-05,2013-03-08,-99762.0,https://www.cftc.gov/files/dea/history/fut_disagg_txt_2026.zip,2026-10-08
cftc_gold_prod_net,2013-03-12,2013-03-15,-95242.0,https://www.cftc.gov/files/dea/history/fut_disagg_txt_2026.zip,2026-10-08
cftc_gold_prod_net,2013-03-19,2013-03-22,-99425.0,https://www.cftc.gov/files/dea/history/fut_disagg_txt_2026.zip,2026-10-08
cftc_gold_prod_net,2013-03-26,2013-03-29,-94986.0,https://www.cftc.gov/files/dea/history/fut_disagg_txt_2026.zip,2026-10-08
cftc_gold_prod_net,2013-04-02,2013-04-05,-82473.0,https://www.cftc.gov/files/dea/history/fut_disagg_txt_2026.zip,2026-10-08
cftc_gold_prod_net,2013-04-09,2013-04-12,-76562.0,https://www.cftc.gov/files/dea/history/fut_disagg_txt_2026.zip,2026-10-08
cftc_gold_prod_net,2013-04-16,2013-04-19,-73370.0,https://www.cftc.gov/files/dea/history/fut_disagg_txt_2026.zip,2026-10-08
cftc_gold_prod_net,2013-04-23,2013-04-26,-50062.0,https://www.cftc.gov/files/dea/history/fut_disagg_txt_2026.zip,2026-10-08
cftc_gold_prod_net,2013-04-30,2013-05-03,-42952.0,https://www.cftc.gov/files/dea/history/fut_disagg_txt_2026.zip,2026-10-08
cftc_gold_prod_net,2013-05-07,2013-05-10,-37463.0,https://www.cftc.gov/files/dea/history/fut_disagg_txt_2026.zip,2026-10-08
cftc_gold_prod_net,2013-05-14,2013-05-17,-27066.0,https://www.cftc.gov/files/dea/history/fut_disagg_txt_2026.zip,2026-10-08
cftc_gold_prod_net,2013-05-21,2013-05-24,-34334.0,https://www.cftc.gov/files/dea/history/fut_disagg_txt_2026.zip,2026-10-08
cftc_gold_prod_net,2013-05-28,2013-05-31,-37571.0,https://www.cftc.gov/files/dea/history/fut_disagg_txt_2026.zip,2026-10-08
cftc_gold_prod_net,2013-06-04,2013-06-07,-33130.0,https://www.cftc.gov/files/dea/history/fut_disagg_txt_2026.zip,2026-10-08
cftc_gold_prod_net,2013-06-11,2013-06-14,-29879.0,https://www.cftc.gov/files/dea/history/fut_disagg_txt_2026.zip,2026-10-08
cftc_gold_prod_net,2013-06-18,2013-06-21,-20340.0,https://www.cftc.gov/files/dea/history/fut_disagg_txt_2026.zip,2026-10-08
cftc_gold_prod_net,2013-06-25,2013-06-28,-19266.0,https://www.cftc.gov/files/dea/history/fut_disagg_txt_2026.zip,2026-10-08
cftc_gold_prod_net,2013-07-02,2013-07-05,-15190.0,https://www.cftc.gov/files/dea/history/fut_disagg_txt_2026.zip,2026-10-08
cftc_gold_prod_net,2013-07-09,2013-07-12,-15128.0,https://www.cftc.gov/files/dea/history/fut_disagg_txt_2026.zip,2026-10-08
cftc_gold_prod_net,2013-07-16,2013-07-19,-13894.0,https://www.cftc.gov/files/dea/history/fut_disagg_txt_2026.zip,2026-10-08
cftc_gold_prod_net,2013-07-23,2013-07-26,-14292.0,https://www.cftc.gov/files/dea/history/fut_disagg_txt_2026.zip,2026-10-08
cftc_gold_prod_net,2013-07-30,2013-08-02,-4414.0,https://www.cftc.gov/files/dea/history/fut_disagg_txt_2026.zip,2026-10-08
cftc_gold_prod_net,2013-08-06,2013-08-09,-4456.0,https://www.cftc.gov/files/dea/history/fut_disagg_txt_2026.zip,2026-10-08
cftc_gold_prod_net,2013-08-13,2013-08-16,-7294.0,https://www.cftc.gov/files/dea/history/fut_disagg_txt_2026.zip,2026-10-08
cftc_gold_prod_net,2013-08-20,2013-08-23,-12340.0,https://www.cftc.gov/files/dea/history/fut_disagg_txt_2026.zip,2026-10-08
cftc_gold_prod_net,2013-08-27,2013-08-30,-20530.0,https://www.cftc.gov/files/dea/history/fut_disagg_txt_2026.zip,2026-10-08
cftc_gold_prod_net,2013-09-03,2013-09-06,-24639.0,https://www.cftc.gov/files/dea/history/fut_disagg_txt_2026.zip,2026-10-08
cftc_gold_prod_net,2013-09-10,2013-09-13,-16868.0,https://www.cftc.gov/files/dea/history/fut_disagg_txt_2026.zip,2026-10-08
cftc_gold_prod_net,2013-09-17,2013-09-20,-10904.0,https://www.cftc.gov/files/dea/history/fut_disagg_txt_2026.zip,2026-10-08
cftc_gold_prod_net,2013-09-24,2013-09-27,-12891.0,https://www.cftc.gov/files/dea/history/fut_disagg_txt_2026.zip,2026-10-08
cftc_gold_prod_net,2013-10-01,2013-10-04,-9178.0,https://www.cftc.gov/files/dea/history/fut_disagg_txt_2026.zip,2026-10-08
cftc_gold_prod_net,2013-10-08,2013-10-11,-16861.0,https://www.cftc.gov/files/dea/history/fut_disagg_txt_2026.zip,2026-10-08
cftc_gold_prod_net,2013-10-15,2013-10-18,-11445.0,https://www.cftc.gov/files/dea/history/fut_disagg_txt_2026.zip,2026-10-08
cftc_gold_prod_net,2013-10-22,2013-10-25,-20634.0,https://www.cftc.gov/files/dea/history/fut_disagg_txt_2026.zip,2026-10-08
cftc_gold_prod_net,2013-10-29,2013-11-01,-26260.0,https://www.cftc.gov/files/dea/history/fut_disagg_txt_2026.zip,2026-10-08
cftc_gold_prod_net,2013-11-05,2013-11-08,-28836.0,https://www.cftc.gov/files/dea/history/fut_disagg_txt_2026.zip,2026-10-08
cftc_gold_prod_net,2013-11-12,2013-11-15,-20115.0,https://www.cftc.gov/files/dea/history/fut_disagg_txt_2026.zip,2026-10-08
cftc_gold_prod_net,2013-11-19,2013-11-22,-12412.0,https://www.cftc.gov/files/dea/history/fut_disagg_txt_2026.zip,2026-10-08
cftc_gold_prod_net,2013-11-26,2013-11-29,5910.0,https://www.cftc.gov/files/dea/history/fut_disagg_txt_2026.zip,2026-10-08
cftc_gold_prod_net,2013-12-03,2013-12-06,12295.0,https://www.cftc.gov/files/dea/history/fut_disagg_txt_2026.zip,2026-10-08
cftc_gold_prod_net,2013-12-10,2013-12-13,10264.0,https://www.cftc.gov/files/dea/history/fut_disagg_txt_2026.zip,2026-10-08
cftc_gold_prod_net,2013-12-17,2013-12-20,11101.0,https://www.cftc.gov/files/dea/history/fut_disagg_txt_2026.zip,2026-10-08
cftc_gold_prod_net,2013-12-24,2013-12-27,11955.0,https://www.cftc.gov/files/dea/history/fut_disagg_txt_2026.zip,2026-10-08
cftc_gold_prod_net,2013-12-31,2014-01-03,5557.0,https://www.cftc.gov/files/dea/history/fut_disagg_txt_2026.zip,2026-10-08
cftc_gold_prod_net,2014-01-07,2014-01-10,3110.0,https://www.cftc.gov/files/dea/history/fut_disagg_txt_2026.zip,2026-10-08
cftc_gold_prod_net,2014-01-14,2014-01-17,6127.0,https://www.cftc.gov/files/dea/history/fut_disagg_txt_2026.zip,2026-10-08
cftc_gold_prod_net,2014-01-21,2014-01-24,5577.0,https://www.cftc.gov/files/dea/history/fut_disagg_txt_2026.zip,2026-10-08
cftc_gold_prod_net,2014-01-28,2014-01-31,-12406.0,https://www.cftc.gov/files/dea/history/fut_disagg_txt_2026.zip,2026-10-08
cftc_gold_prod_net,2014-02-04,2014-02-07,-8430.0,https://www.cftc.gov/files/dea/history/fut_disagg_txt_2026.zip,2026-10-08
cftc_gold_prod_net,2014-02-11,2014-02-14,-8955.0,https://www.cftc.gov/files/dea/history/fut_disagg_txt_2026.zip,2026-10-08
cftc_gold_prod_net,2014-02-18,2014-02-21,-26473.0,https://www.cftc.gov/files/dea/history/fut_disagg_txt_2026.zip,2026-10-08
cftc_gold_prod_net,2014-02-25,2014-02-28,-36810.0,https://www.cftc.gov/files/dea/history/fut_disagg_txt_2026.zip,2026-10-08
cftc_gold_prod_net,2014-03-04,2014-03-07,-43372.0,https://www.cftc.gov/files/dea/history/fut_disagg_txt_2026.zip,2026-10-08
cftc_gold_prod_net,2014-03-11,2014-03-14,-45749.0,https://www.cftc.gov/files/dea/history/fut_disagg_txt_2026.zip,2026-10-08
cftc_gold_prod_net,2014-03-18,2014-03-21,-60312.0,https://www.cftc.gov/files/dea/history/fut_disagg_txt_2026.zip,2026-10-08
cftc_gold_prod_net,2014-03-25,2014-03-28,-28019.0,https://www.cftc.gov/files/dea/history/fut_disagg_txt_2026.zip,2026-10-08
cftc_gold_prod_net,2014-04-01,2014-04-04,-24733.0,https://www.cftc.gov/files/dea/history/fut_disagg_txt_2026.zip,2026-10-08
cftc_gold_prod_net,2014-04-08,2014-04-11,-23869.0,https://www.cftc.gov/files/dea/history/fut_disagg_txt_2026.zip,2026-10-08
cftc_gold_prod_net,2014-04-15,2014-04-18,-14585.0,https://www.cftc.gov/files/dea/history/fut_disagg_txt_2026.zip,2026-10-08
cftc_gold_prod_net,2014-04-22,2014-04-25,-15490.0,https://www.cftc.gov/files/dea/history/fut_disagg_txt_2026.zip,2026-10-08
cftc_gold_prod_net,2014-04-29,2014-05-02,-16684.0,https://www.cftc.gov/files/dea/history/fut_disagg_txt_2026.zip,2026-10-08
cftc_gold_prod_net,2014-05-06,2014-05-09,-18735.0,https://www.cftc.gov/files/dea/history/fut_disagg_txt_2026.zip,2026-10-08
cftc_gold_prod_net,2014-05-13,2014-05-16,-25915.0,https://www.cftc.gov/files/dea/history/fut_disagg_txt_2026.zip,2026-10-08
cftc_gold_prod_net,2014-05-20,2014-05-23,-26074.0,https://www.cftc.gov/files/dea/history/fut_disagg_txt_2026.zip,2026-10-08
cftc_gold_prod_net,2014-05-27,2014-05-30,-14897.0,https://www.cftc.gov/files/dea/history/fut_disagg_txt_2026.zip,2026-10-08
cftc_gold_prod_net,2014-06-03,2014-06-06,-14365.0,https://www.cftc.gov/files/dea/history/fut_disagg_txt_2026.zip,2026-10-08
cftc_gold_prod_net,2014-06-10,2014-06-13,-13864.0,https://www.cftc.gov/files/dea/history/fut_disagg_txt_2026.zip,2026-10-08
cftc_gold_prod_net,2014-06-17,2014-06-20,-17586.0,https://www.cftc.gov/files/dea/history/fut_disagg_txt_2026.zip,2026-10-08
cftc_gold_prod_net,2014-06-24,2014-06-27,-38143.0,https://www.cftc.gov/files/dea/history/fut_disagg_txt_2026.zip,2026-10-08
cftc_gold_prod_net,2014-07-01,2014-07-04,-52321.0,https://www.cftc.gov/files/dea/history/fut_disagg_txt_2026.zip,2026-10-08
cftc_gold_prod_net,2014-07-08,2014-07-11,-57735.0,https://www.cftc.gov/files/dea/history/fut_disagg_txt_2026.zip,2026-10-08
cftc_gold_prod_net,2014-07-15,2014-07-18,-55127.0,https://www.cftc.gov/files/dea/history/fut_disagg_txt_2026.zip,2026-10-08
cftc_gold_prod_net,2014-07-22,2014-07-25,-57317.0,https://www.cftc.gov/files/dea/history/fut_disagg_txt_2026.zip,2026-10-08
cftc_gold_prod_net,2014-07-29,2014-08-01,-55579.0,https://www.cftc.gov/files/dea/history/fut_disagg_txt_2026.zip,2026-10-08
cftc_gold_prod_net,2014-08-05,2014-08-08,-47534.0,https://www.cftc.gov/files/dea/history/fut_disagg_txt_2026.zip,2026-10-08
cftc_gold_prod_net,2014-08-12,2014-08-15,-55376.0,https://www.cftc.gov/files/dea/history/fut_disagg_txt_2026.zip,2026-10-08
cftc_gold_prod_net,2014-08-19,2014-08-22,-54103.0,https://www.cftc.gov/files/dea/history/fut_disagg_txt_2026.zip,2026-10-08
cftc_gold_prod_net,2014-08-26,2014-08-29,-42159.0,https://www.cftc.gov/files/dea/history/fut_disagg_txt_2026.zip,2026-10-08
cftc_gold_prod_net,2014-09-02,2014-09-05,-38411.0,https://www.cftc.gov/files/dea/history/fut_disagg_txt_2026.zip,2026-10-08
cftc_gold_prod_net,2014-09-09,2014-09-12,-38749.0,https://www.cftc.gov/files/dea/history/fut_disagg_txt_2026.zip,2026-10-08
cftc_gold_prod_net,2014-09-16,2014-09-19,-32983.0,https://www.cftc.gov/files/dea/history/fut_disagg_txt_2026.zip,2026-10-08
cftc_gold_prod_net,2014-09-23,2014-09-26,-30839.0,https://www.cftc.gov/files/dea/history/fut_disagg_txt_2026.zip,2026-10-08
cftc_gold_prod_net,2014-09-30,2014-10-03,-31803.0,https://www.cftc.gov/files/dea/history/fut_disagg_txt_2026.zip,2026-10-08
cftc_gold_prod_net,2014-10-07,2014-10-10,-30918.0,https://www.cftc.gov/files/dea/history/fut_disagg_txt_2026.zip,2026-10-08
cftc_gold_prod_net,2014-10-14,2014-10-17,-32459.0,https://www.cftc.gov/files/dea/history/fut_disagg_txt_2026.zip,2026-10-08
cftc_gold_prod_net,2014-10-21,2014-10-24,-44915.0,https://www.cftc.gov/files/dea/history/fut_disagg_txt_2026.zip,2026-10-08
cftc_gold_prod_net,2014-10-28,2014-10-31,-49815.0,https://www.cftc.gov/files/dea/history/fut_disagg_txt_2026.zip,2026-10-08
cftc_gold_prod_net,2014-11-04,2014-11-07,-37790.0,https://www.cftc.gov/files/dea/history/fut_disagg_txt_2026.zip,2026-10-08
cftc_gold_prod_net,2014-11-11,2014-11-14,-37863.0,https://www.cftc.gov/files/dea/history/fut_disagg_txt_2026.zip,2026-10-08
cftc_gold_prod_net,2014-11-18,2014-11-21,-40252.0,https://www.cftc.gov/files/dea/history/fut_disagg_txt_2026.zip,2026-10-08
cftc_gold_prod_net,2014-11-25,2014-11-28,-36762.0,https://www.cftc.gov/files/dea/history/fut_disagg_txt_2026.zip,2026-10-08
cftc_gold_prod_net,2014-12-02,2014-12-05,-45329.0,https://www.cftc.gov/files/dea/history/fut_disagg_txt_2026.zip,2026-10-08
cftc_gold_prod_net,2014-12-09,2014-12-12,-54975.0,https://www.cftc.gov/files/dea/history/fut_disagg_txt_2026.zip,2026-10-08
cftc_gold_prod_net,2014-12-16,2014-12-19,-59354.0,https://www.cftc.gov/files/dea/history/fut_disagg_txt_2026.zip,2026-10-08
cftc_gold_prod_net,2014-12-23,2014-12-26,-50623.0,https://www.cftc.gov/files/dea/history/fut_disagg_txt_2026.zip,2026-10-08
cftc_gold_prod_net,2014-12-30,2015-01-02,-54200.0,https://www.cftc.gov/files/dea/history/fut_disagg_txt_2026.zip,2026-10-08
cftc_gold_prod_net,2015-01-06,2015-01-09,-59351.0,https://www.cftc.gov/files/dea/history/fut_disagg_txt_2026.zip,2026-10-08
cftc_gold_prod_net,2015-01-13,2015-01-16,-64707.0,https://www.cftc.gov/files/dea/history/fut_disagg_txt_2026.zip,2026-10-08
cftc_gold_prod_net,2015-01-20,2015-01-23,-85642.0,https://www.cftc.gov/files/dea/history/fut_disagg_txt_2026.zip,2026-10-08
cftc_gold_prod_net,2015-01-27,2015-01-30,-96516.0,https://www.cftc.gov/files/dea/history/fut_disagg_txt_2026.zip,2026-10-08
cftc_gold_prod_net,2015-02-03,2015-02-06,-90586.0,https://www.cftc.gov/files/dea/history/fut_disagg_txt_2026.zip,2026-10-08
cftc_gold_prod_net,2015-02-10,2015-02-13,-78506.0,https://www.cftc.gov/files/dea/history/fut_disagg_txt_2026.zip,2026-10-08
cftc_gold_prod_net,2015-02-17,2015-02-20,-74145.0,https://www.cftc.gov/files/dea/history/fut_disagg_txt_2026.zip,2026-10-08
cftc_gold_prod_net,2015-02-24,2015-02-27,-71408.0,https://www.cftc.gov/files/dea/history/fut_disagg_txt_2026.zip,2026-10-08
cftc_gold_prod_net,2015-03-03,2015-03-06,-66321.0,https://www.cftc.gov/files/dea/history/fut_disagg_txt_2026.zip,2026-10-08
cftc_gold_prod_net,2015-03-10,2015-03-13,-51947.0,https://www.cftc.gov/files/dea/history/fut_disagg_txt_2026.zip,2026-10-08
cftc_gold_prod_net,2015-03-17,2015-03-20,-43308.0,https://www.cftc.gov/files/dea/history/fut_disagg_txt_2026.zip,2026-10-08
cftc_gold_prod_net,2015-03-24,2015-03-27,-45299.0,https://www.cftc.gov/files/dea/history/fut_disagg_txt_2026.zip,2026-10-08
cftc_gold_prod_net,2015-03-31,2015-04-03,-50328.0,https://www.cftc.gov/files/dea/history/fut_disagg_txt_2026.zip,2026-10-08
cftc_gold_prod_net,2015-04-07,2015-04-10,-60918.0,https://www.cftc.gov/files/dea/history/fut_disagg_txt_2026.zip,2026-10-08
cftc_gold_prod_net,2015-04-14,2015-04-17,-60304.0,https://www.cftc.gov/files/dea/history/fut_disagg_txt_2026.zip,2026-10-08
cftc_gold_prod_net,2015-04-21,2015-04-24,-53551.0,https://www.cftc.gov/files/dea/history/fut_disagg_txt_2026.zip,2026-10-08
cftc_gold_prod_net,2015-04-28,2015-05-01,-53715.0,https://www.cftc.gov/files/dea/history/fut_disagg_txt_2026.zip,2026-10-08
cftc_gold_prod_net,2015-05-05,2015-05-08,-40165.0,https://www.cftc.gov/files/dea/history/fut_disagg_txt_2026.zip,2026-10-08
cftc_gold_prod_net,2015-05-12,2015-05-15,-43323.0,https://www.cftc.gov/files/dea/history/fut_disagg_txt_2026.zip,2026-10-08
cftc_gold_prod_net,2015-05-19,2015-05-22,-76909.0,https://www.cftc.gov/files/dea/history/fut_disagg_txt_2026.zip,2026-10-08
cftc_gold_prod_net,2015-05-26,2015-05-29,-74433.0,https://www.cftc.gov/files/dea/history/fut_disagg_txt_2026.zip,2026-10-08
cftc_gold_prod_net,2015-06-02,2015-06-05,-73626.0,https://www.cftc.gov/files/dea/history/fut_disagg_txt_2026.zip,2026-10-08
cftc_gold_prod_net,2015-06-09,2015-06-12,-61303.0,https://www.cftc.gov/files/dea/history/fut_disagg_txt_2026.zip,2026-10-08
cftc_gold_prod_net,2015-06-16,2015-06-19,-59391.0,https://www.cftc.gov/files/dea/history/fut_disagg_txt_2026.zip,2026-10-08
cftc_gold_prod_net,2015-06-23,2015-06-26,-75535.0,https://www.cftc.gov/files/dea/history/fut_disagg_txt_2026.zip,2026-10-08
cftc_gold_prod_net,2015-06-30,2015-07-03,-65073.0,https://www.cftc.gov/files/dea/history/fut_disagg_txt_2026.zip,2026-10-08
cftc_gold_prod_net,2015-07-07,2015-07-10,-53411.0,https://www.cftc.gov/files/dea/history/fut_disagg_txt_2026.zip,2026-10-08
cftc_gold_prod_net,2015-07-14,2015-07-17,-52043.0,https://www.cftc.gov/files/dea/history/fut_disagg_txt_2026.zip,2026-10-08
cftc_gold_prod_net,2015-07-21,2015-07-24,-39803.0,https://www.cftc.gov/files/dea/history/fut_disagg_txt_2026.zip,2026-10-08
cftc_gold_prod_net,2015-07-28,2015-07-31,-36464.0,https://www.cftc.gov/files/dea/history/fut_disagg_txt_2026.zip,2026-10-08
cftc_gold_prod_net,2015-08-04,2015-08-07,-39403.0,https://www.cftc.gov/files/dea/history/fut_disagg_txt_2026.zip,2026-10-08
cftc_gold_prod_net,2015-08-11,2015-08-14,-43684.0,https://www.cftc.gov/files/dea/history/fut_disagg_txt_2026.zip,2026-10-08
cftc_gold_prod_net,2015-08-18,2015-08-21,-46079.0,https://www.cftc.gov/files/dea/history/fut_disagg_txt_2026.zip,2026-10-08
cftc_gold_prod_net,2015-08-25,2015-08-28,-65893.0,https://www.cftc.gov/files/dea/history/fut_disagg_txt_2026.zip,2026-10-08
cftc_gold_prod_net,2015-09-01,2015-09-04,-67285.0,https://www.cftc.gov/files/dea/history/fut_disagg_txt_2026.zip,2026-10-08
cftc_gold_prod_net,2015-09-08,2015-09-11,-57099.0,https://www.cftc.gov/files/dea/history/fut_disagg_txt_2026.zip,2026-10-08
cftc_gold_prod_net,2015-09-15,2015-09-18,-43302.0,https://www.cftc.gov/files/dea/history/fut_disagg_txt_2026.zip,2026-10-08
cftc_gold_prod_net,2015-09-22,2015-09-25,-55518.0,https://www.cftc.gov/files/dea/history/fut_disagg_txt_2026.zip,2026-10-08
cftc_gold_prod_net,2015-09-29,2015-10-02,-62090.0,https://www.cftc.gov/files/dea/history/fut_disagg_txt_2026.zip,2026-10-08
cftc_gold_prod_net,2015-10-06,2015-10-09,-66422.0,https://www.cftc.gov/files/dea/history/fut_disagg_txt_2026.zip,2026-10-08
cftc_gold_prod_net,2015-10-13,2015-10-16,-79515.0,https://www.cftc.gov/files/dea/history/fut_disagg_txt_2026.zip,2026-10-08
cftc_gold_prod_net,2015-10-20,2015-10-23,-101468.0,https://www.cftc.gov/files/dea/history/fut_disagg_txt_2026.zip,2026-10-08
cftc_gold_prod_net,2015-10-27,2015-10-30,-102946.0,https://www.cftc.gov/files/dea/history/fut_disagg_txt_2026.zip,2026-10-08
cftc_gold_prod_net,2015-11-03,2015-11-06,-89226.0,https://www.cftc.gov/files/dea/history/fut_disagg_txt_2026.zip,2026-10-08
cftc_gold_prod_net,2015-11-10,2015-11-13,-64880.0,https://www.cftc.gov/files/dea/history/fut_disagg_txt_2026.zip,2026-10-08
cftc_gold_prod_net,2015-11-17,2015-11-20,-49999.0,https://www.cftc.gov/files/dea/history/fut_disagg_txt_2026.zip,2026-10-08
cftc_gold_prod_net,2015-11-24,2015-11-27,-41478.0,https://www.cftc.gov/files/dea/history/fut_disagg_txt_2026.zip,2026-10-08
cftc_gold_prod_net,2015-12-01,2015-12-04,-32283.0,https://www.cftc.gov/files/dea/history/fut_disagg_txt_2026.zip,2026-10-08
cftc_gold_prod_net,2015-12-08,2015-12-11,-36561.0,https://www.cftc.gov/files/dea/history/fut_disagg_txt_2026.zip,2026-10-08
cftc_gold_prod_net,2015-12-15,2015-12-18,-40816.0,https://www.cftc.gov/files/dea/history/fut_disagg_txt_2026.zip,2026-10-08
cftc_gold_prod_net,2015-12-22,2015-12-25,-53944.0,https://www.cftc.gov/files/dea/history/fut_disagg_txt_2026.zip,2026-10-08
cftc_gold_prod_net,2015-12-29,2016-01-01,-43974.0,https://www.cftc.gov/files/dea/history/fut_disagg_txt_2026.zip,2026-10-08
cftc_gold_prod_net,2016-01-05,2016-01-08,-44852.0,https://www.cftc.gov/files/dea/history/fut_disagg_txt_2026.zip,2026-10-08
cftc_gold_prod_net,2016-01-12,2016-01-15,-51815.0,https://www.cftc.gov/files/dea/history/fut_disagg_txt_2026.zip,2026-10-08
cftc_gold_prod_net,2016-01-19,2016-01-22,-48962.0,https://www.cftc.gov/files/dea/history/fut_disagg_txt_2026.zip,2026-10-08
cftc_gold_prod_net,2016-01-26,2016-01-29,-52609.0,https://www.cftc.gov/files/dea/history/fut_disagg_txt_2026.zip,2026-10-08
cftc_gold_prod_net,2016-02-02,2016-02-05,-55990.0,https://www.cftc.gov/files/dea/history/fut_disagg_txt_2026.zip,2026-10-08
cftc_gold_prod_net,2016-02-09,2016-02-12,-67740.0,https://www.cftc.gov/files/dea/history/fut_disagg_txt_2026.zip,2026-10-08
cftc_gold_prod_net,2016-02-16,2016-02-19,-85775.0,https://www.cftc.gov/files/dea/history/fut_disagg_txt_2026.zip,2026-10-08
cftc_gold_prod_net,2016-02-23,2016-02-26,-103948.0,https://www.cftc.gov/files/dea/history/fut_disagg_txt_2026.zip,2026-10-08
cftc_gold_prod_net,2016-03-01,2016-03-04,-112667.0,https://www.cftc.gov/files/dea/history/fut_disagg_txt_2026.zip,2026-10-08
cftc_gold_prod_net,2016-03-08,2016-03-11,-125987.0,https://www.cftc.gov/files/dea/history/fut_disagg_txt_2026.zip,2026-10-08
cftc_gold_prod_net,2016-03-15,2016-03-18,-123949.0,https://www.cftc.gov/files/dea/history/fut_disagg_txt_2026.zip,2026-10-08
cftc_gold_prod_net,2016-03-22,2016-03-25,-130267.0,https://www.cftc.gov/files/dea/history/fut_disagg_txt_2026.zip,2026-10-08
cftc_gold_prod_net,2016-03-29,2016-04-01,-126495.0,https://www.cftc.gov/files/dea/history/fut_disagg_txt_2026.zip,2026-10-08
cftc_gold_prod_net,2016-04-05,2016-04-08,-129819.0,https://www.cftc.gov/files/dea/history/fut_disagg_txt_2026.zip,2026-10-08
cftc_gold_prod_net,2016-04-12,2016-04-15,-143193.0,https://www.cftc.gov/files/dea/history/fut_disagg_txt_2026.zip,2026-10-08
cftc_gold_prod_net,2016-04-19,2016-04-22,-146227.0,https://www.cftc.gov/files/dea/history/fut_disagg_txt_2026.zip,2026-10-08
cftc_gold_prod_net,2016-04-26,2016-04-29,-146615.0,https://www.cftc.gov/files/dea/history/fut_disagg_txt_2026.zip,2026-10-08
cftc_gold_prod_net,2016-05-03,2016-05-06,-169968.0,https://www.cftc.gov/files/dea/history/fut_disagg_txt_2026.zip,2026-10-08
cftc_gold_prod_net,2016-05-10,2016-05-13,-158100.0,https://www.cftc.gov/files/dea/history/fut_disagg_txt_2026.zip,2026-10-08
cftc_gold_prod_net,2016-05-17,2016-05-20,-149011.0,https://www.cftc.gov/files/dea/history/fut_disagg_txt_2026.zip,2026-10-08
cftc_gold_prod_net,2016-05-24,2016-05-27,-96878.0,https://www.cftc.gov/files/dea/history/fut_disagg_txt_2026.zip,2026-10-08
cftc_gold_prod_net,2016-05-31,2016-06-03,-94969.0,https://www.cftc.gov/files/dea/history/fut_disagg_txt_2026.zip,2026-10-08
cftc_gold_prod_net,2016-06-07,2016-06-10,-121427.0,https://www.cftc.gov/files/dea/history/fut_disagg_txt_2026.zip,2026-10-08
cftc_gold_prod_net,2016-06-14,2016-06-17,-150270.0,https://www.cftc.gov/files/dea/history/fut_disagg_txt_2026.zip,2026-10-08
cftc_gold_prod_net,2016-06-21,2016-06-24,-149127.0,https://www.cftc.gov/files/dea/history/fut_disagg_txt_2026.zip,2026-10-08
cftc_gold_prod_net,2016-06-28,2016-07-01,-149591.0,https://www.cftc.gov/files/dea/history/fut_disagg_txt_2026.zip,2026-10-08
cftc_gold_prod_net,2016-07-05,2016-07-08,-149108.0,https://www.cftc.gov/files/dea/history/fut_disagg_txt_2026.zip,2026-10-08
cftc_gold_prod_net,2016-07-12,2016-07-15,-141783.0,https://www.cftc.gov/files/dea/history/fut_disagg_txt_2026.zip,2026-10-08
cftc_gold_prod_net,2016-07-19,2016-07-22,-135903.0,https://www.cftc.gov/files/dea/history/fut_disagg_txt_2026.zip,2026-10-08
cftc_gold_prod_net,2016-07-26,2016-07-29,-135201.0,https://www.cftc.gov/files/dea/history/fut_disagg_txt_2026.zip,2026-10-08
cftc_gold_prod_net,2016-08-02,2016-08-05,-146874.0,https://www.cftc.gov/files/dea/history/fut_disagg_txt_2026.zip,2026-10-08
cftc_gold_prod_net,2016-08-09,2016-08-12,-136808.0,https://www.cftc.gov/files/dea/history/fut_disagg_txt_2026.zip,2026-10-08
cftc_gold_prod_net,2016-08-16,2016-08-19,-139208.0,https://www.cftc.gov/files/dea/history/fut_disagg_txt_2026.zip,2026-10-08
cftc_gold_prod_net,2016-08-23,2016-08-26,-139786.0,https://www.cftc.gov/files/dea/history/fut_disagg_txt_2026.zip,2026-10-08
cftc_gold_prod_net,2016-08-30,2016-09-02,-135742.0,https://www.cftc.gov/files/dea/history/fut_disagg_txt_2026.zip,2026-10-08
cftc_gold_prod_net,2016-09-06,2016-09-09,-153803.0,https://www.cftc.gov/files/dea/history/fut_disagg_txt_2026.zip,2026-10-08
cftc_gold_prod_net,2016-09-13,2016-09-16,-148834.0,https://www.cftc.gov/files/dea/history/fut_disagg_txt_2026.zip,2026-10-08
cftc_gold_prod_net,2016-09-20,2016-09-23,-138023.0,https://www.cftc.gov/files/dea/history/fut_disagg_txt_2026.zip,2026-10-08
cftc_gold_prod_net,2016-09-27,2016-09-30,-149332.0,https://www.cftc.gov/files/dea/history/fut_disagg_txt_2026.zip,2026-10-08
cftc_gold_prod_net,2016-10-04,2016-10-07,-127674.0,https://www.cftc.gov/files/dea/history/fut_disagg_txt_2026.zip,2026-10-08
cftc_gold_prod_net,2016-10-11,2016-10-14,-114573.0,https://www.cftc.gov/files/dea/history/fut_disagg_txt_2026.zip,2026-10-08
cftc_gold_prod_net,2016-10-18,2016-10-21,-106288.0,https://www.cftc.gov/files/dea/history/fut_disagg_txt_2026.zip,2026-10-08
cftc_gold_prod_net,2016-10-25,2016-10-28,-111535.0,https://www.cftc.gov/files/dea/history/fut_disagg_txt_2026.zip,2026-10-08
cftc_gold_prod_net,2016-11-01,2016-11-04,-125927.0,https://www.cftc.gov/files/dea/history/fut_disagg_txt_2026.zip,2026-10-08
cftc_gold_prod_net,2016-11-08,2016-11-11,-130498.0,https://www.cftc.gov/files/dea/history/fut_disagg_txt_2026.zip,2026-10-08
cftc_gold_prod_net,2016-11-15,2016-11-18,-106899.0,https://www.cftc.gov/files/dea/history/fut_disagg_txt_2026.zip,2026-10-08
cftc_gold_prod_net,2016-11-22,2016-11-25,-98195.0,https://www.cftc.gov/files/dea/history/fut_disagg_txt_2026.zip,2026-10-08
cftc_gold_prod_net,2016-11-29,2016-12-02,-90588.0,https://www.cftc.gov/files/dea/history/fut_disagg_txt_2026.zip,2026-10-08
cftc_gold_prod_net,2016-12-06,2016-12-09,-83428.0,https://www.cftc.gov/files/dea/history/fut_disagg_txt_2026.zip,2026-10-08
cftc_gold_prod_net,2016-12-13,2016-12-16,-81173.0,https://www.cftc.gov/files/dea/history/fut_disagg_txt_2026.zip,2026-10-08
cftc_gold_prod_net,2016-12-20,2016-12-23,-79344.0,https://www.cftc.gov/files/dea/history/fut_disagg_txt_2026.zip,2026-10-08
cftc_gold_prod_net,2016-12-27,2016-12-30,-74447.0,https://www.cftc.gov/files/dea/history/fut_disagg_txt_2026.zip,2026-10-08
cftc_gold_prod_net,2017-01-03,2017-01-06,-73229.0,https://www.cftc.gov/files/dea/history/fut_disagg_txt_2026.zip,2026-10-08
cftc_gold_prod_net,2017-01-10,2017-01-13,-72073.0,https://www.cftc.gov/files/dea/history/fut_disagg_txt_2026.zip,2026-10-08
cftc_gold_prod_net,2017-01-17,2017-01-20,-75599.0,https://www.cftc.gov/files/dea/history/fut_disagg_txt_2026.zip,2026-10-08
cftc_gold_prod_net,2017-01-24,2017-01-27,-85365.0,https://www.cftc.gov/files/dea/history/fut_disagg_txt_2026.zip,2026-10-08
cftc_gold_prod_net,2017-01-31,2017-02-03,-89822.0,https://www.cftc.gov/files/dea/history/fut_disagg_txt_2026.zip,2026-10-08
cftc_gold_prod_net,2017-02-07,2017-02-10,-93223.0,https://www.cftc.gov/files/dea/history/fut_disagg_txt_2026.zip,2026-10-08
cftc_gold_prod_net,2017-02-14,2017-02-17,-92430.0,https://www.cftc.gov/files/dea/history/fut_disagg_txt_2026.zip,2026-10-08
cftc_gold_prod_net,2017-02-21,2017-02-24,-95769.0,https://www.cftc.gov/files/dea/history/fut_disagg_txt_2026.zip,2026-10-08
cftc_gold_prod_net,2017-02-28,2017-03-03,-107349.0,https://www.cftc.gov/files/dea/history/fut_disagg_txt_2026.zip,2026-10-08
cftc_gold_prod_net,2017-03-07,2017-03-10,-97863.0,https://www.cftc.gov/files/dea/history/fut_disagg_txt_2026.zip,2026-10-08
cftc_gold_prod_net,2017-03-14,2017-03-17,-88390.0,https://www.cftc.gov/files/dea/history/fut_disagg_txt_2026.zip,2026-10-08
cftc_gold_prod_net,2017-03-21,2017-03-24,-98516.0,https://www.cftc.gov/files/dea/history/fut_disagg_txt_2026.zip,2026-10-08
cftc_gold_prod_net,2017-03-28,2017-03-31,-113646.0,https://www.cftc.gov/files/dea/history/fut_disagg_txt_2026.zip,2026-10-08
cftc_gold_prod_net,2017-04-04,2017-04-07,-122877.0,https://www.cftc.gov/files/dea/history/fut_disagg_txt_2026.zip,2026-10-08
cftc_gold_prod_net,2017-04-11,2017-04-14,-135644.0,https://www.cftc.gov/files/dea/history/fut_disagg_txt_2026.zip,2026-10-08
cftc_gold_prod_net,2017-04-18,2017-04-21,-149780.0,https://www.cftc.gov/files/dea/history/fut_disagg_txt_2026.zip,2026-10-08
cftc_gold_prod_net,2017-04-25,2017-04-28,-151674.0,https://www.cftc.gov/files/dea/history/fut_disagg_txt_2026.zip,2026-10-08
cftc_gold_prod_net,2017-05-02,2017-05-05,-153296.0,https://www.cftc.gov/files/dea/history/fut_disagg_txt_2026.zip,2026-10-08
cftc_gold_prod_net,2017-05-09,2017-05-12,-137986.0,https://www.cftc.gov/files/dea/history/fut_disagg_txt_2026.zip,2026-10-08
cftc_gold_prod_net,2017-05-16,2017-05-19,-128589.0,https://www.cftc.gov/files/dea/history/fut_disagg_txt_2026.zip,2026-10-08
cftc_gold_prod_net,2017-05-23,2017-05-26,-146835.0,https://www.cftc.gov/files/dea/history/fut_disagg_txt_2026.zip,2026-10-08
cftc_gold_prod_net,2017-05-30,2017-06-02,-156242.0,https://www.cftc.gov/files/dea/history/fut_disagg_txt_2026.zip,2026-10-08
cftc_gold_prod_net,2017-06-06,2017-06-09,-173956.0,https://www.cftc.gov/files/dea/history/fut_disagg_txt_2026.zip,2026-10-08
cftc_gold_prod_net,2017-06-13,2017-06-16,-166217.0,https://www.cftc.gov/files/dea/history/fut_disagg_txt_2026.zip,2026-10-08
cftc_gold_prod_net,2017-06-20,2017-06-23,-147934.0,https://www.cftc.gov/files/dea/history/fut_disagg_txt_2026.zip,2026-10-08
cftc_gold_prod_net,2017-06-27,2017-06-30,-139985.0,https://www.cftc.gov/files/dea/history/fut_disagg_txt_2026.zip,2026-10-08
cftc_gold_prod_net,2017-07-03,2017-07-06,-128289.0,https://www.cftc.gov/files/dea/history/fut_disagg_txt_2026.zip,2026-10-08
cftc_gold_prod_net,2017-07-11,2017-07-14,-117637.0,https://www.cftc.gov/files/dea/history/fut_disagg_txt_2026.zip,2026-10-08
cftc_gold_prod_net,2017-07-18,2017-07-21,-120798.0,https://www.cftc.gov/files/dea/history/fut_disagg_txt_2026.zip,2026-10-08
cftc_gold_prod_net,2017-07-25,2017-07-28,-137561.0,https://www.cftc.gov/files/dea/history/fut_disagg_txt_2026.zip,2026-10-08
cftc_gold_prod_net,2017-08-01,2017-08-04,-148536.0,https://www.cftc.gov/files/dea/history/fut_disagg_txt_2026.zip,2026-10-08
cftc_gold_prod_net,2017-08-08,2017-08-11,-149310.0,https://www.cftc.gov/files/dea/history/fut_disagg_txt_2026.zip,2026-10-08
cftc_gold_prod_net,2017-08-15,2017-08-18,-162781.0,https://www.cftc.gov/files/dea/history/fut_disagg_txt_2026.zip,2026-10-08
cftc_gold_prod_net,2017-08-22,2017-08-25,-179147.0,https://www.cftc.gov/files/dea/history/fut_disagg_txt_2026.zip,2026-10-08
cftc_gold_prod_net,2017-08-29,2017-09-01,-188601.0,https://www.cftc.gov/files/dea/history/fut_disagg_txt_2026.zip,2026-10-08
cftc_gold_prod_net,2017-09-05,2017-09-08,-193794.0,https://www.cftc.gov/files/dea/history/fut_disagg_txt_2026.zip,2026-10-08
cftc_gold_prod_net,2017-09-12,2017-09-15,-191655.0,https://www.cftc.gov/files/dea/history/fut_disagg_txt_2026.zip,2026-10-08
cftc_gold_prod_net,2017-09-19,2017-09-22,-189880.0,https://www.cftc.gov/files/dea/history/fut_disagg_txt_2026.zip,2026-10-08
cftc_gold_prod_net,2017-09-26,2017-09-29,-189822.0,https://www.cftc.gov/files/dea/history/fut_disagg_txt_2026.zip,2026-10-08
cftc_gold_prod_net,2017-10-03,2017-10-06,-185938.0,https://www.cftc.gov/files/dea/history/fut_disagg_txt_2026.zip,2026-10-08
cftc_gold_prod_net,2017-10-10,2017-10-13,-182752.0,https://www.cftc.gov/files/dea/history/fut_disagg_txt_2026.zip,2026-10-08
cftc_gold_prod_net,2017-10-17,2017-10-20,-187226.0,https://www.cftc.gov/files/dea/history/fut_disagg_txt_2026.zip,2026-10-08
cftc_gold_prod_net,2017-10-24,2017-10-27,-182663.0,https://www.cftc.gov/files/dea/history/fut_disagg_txt_2026.zip,2026-10-08
cftc_gold_prod_net,2017-10-31,2017-11-03,-183708.0,https://www.cftc.gov/files/dea/history/fut_disagg_txt_2026.zip,2026-10-08
cftc_gold_prod_net,2017-11-07,2017-11-10,-181074.0,https://www.cftc.gov/files/dea/history/fut_disagg_txt_2026.zip,2026-10-08
cftc_gold_prod_net,2017-11-14,2017-11-17,-184210.0,https://www.cftc.gov/files/dea/history/fut_disagg_txt_2026.zip,2026-10-08
cftc_gold_prod_net,2017-11-21,2017-11-24,-185382.0,https://www.cftc.gov/files/dea/history/fut_disagg_txt_2026.zip,2026-10-08
cftc_gold_prod_net,2017-11-28,2017-12-01,-184757.0,https://www.cftc.gov/files/dea/history/fut_disagg_txt_2026.zip,2026-10-08
cftc_gold_prod_net,2017-12-05,2017-12-08,-158420.0,https://www.cftc.gov/files/dea/history/fut_disagg_txt_2026.zip,2026-10-08
cftc_gold_prod_net,2017-12-12,2017-12-15,-131741.0,https://www.cftc.gov/files/dea/history/fut_disagg_txt_2026.zip,2026-10-08
cftc_gold_prod_net,2017-12-19,2017-12-22,-130860.0,https://www.cftc.gov/files/dea/history/fut_disagg_txt_2026.zip,2026-10-08
cftc_gold_prod_net,2017-12-26,2017-12-29,-141549.0,https://www.cftc.gov/files/dea/history/fut_disagg_txt_2026.zip,2026-10-08
cftc_gold_prod_net,2018-01-02,2018-01-05,-158219.0,https://www.cftc.gov/files/dea/history/fut_disagg_txt_2026.zip,2026-10-08
cftc_gold_prod_net,2018-01-09,2018-01-12,-177254.0,https://www.cftc.gov/files/dea/history/fut_disagg_txt_2026.zip,2026-10-08
cftc_gold_prod_net,2018-01-16,2018-01-19,-190018.0,https://www.cftc.gov/files/dea/history/fut_disagg_txt_2026.zip,2026-10-08
cftc_gold_prod_net,2018-01-23,2018-01-26,-193251.0,https://www.cftc.gov/files/dea/history/fut_disagg_txt_2026.zip,2026-10-08
cftc_gold_prod_net,2018-01-30,2018-02-02,-186935.0,https://www.cftc.gov/files/dea/history/fut_disagg_txt_2026.zip,2026-10-08
cftc_gold_prod_net,2018-02-06,2018-02-09,-175630.0,https://www.cftc.gov/files/dea/history/fut_disagg_txt_2026.zip,2026-10-08
cftc_gold_prod_net,2018-02-13,2018-02-16,-171400.0,https://www.cftc.gov/files/dea/history/fut_disagg_txt_2026.zip,2026-10-08
cftc_gold_prod_net,2018-02-20,2018-02-23,-176318.0,https://www.cftc.gov/files/dea/history/fut_disagg_txt_2026.zip,2026-10-08
cftc_gold_prod_net,2018-02-27,2018-03-02,-175225.0,https://www.cftc.gov/files/dea/history/fut_disagg_txt_2026.zip,2026-10-08
cftc_gold_prod_net,2018-03-06,2018-03-09,-173777.0,https://www.cftc.gov/files/dea/history/fut_disagg_txt_2026.zip,2026-10-08
cftc_gold_prod_net,2018-03-13,2018-03-16,-169723.0,https://www.cftc.gov/files/dea/history/fut_disagg_txt_2026.zip,2026-10-08
cftc_gold_prod_net,2018-03-20,2018-03-23,-156569.0,https://www.cftc.gov/files/dea/history/fut_disagg_txt_2026.zip,2026-10-08
cftc_gold_prod_net,2018-03-27,2018-03-30,-179016.0,https://www.cftc.gov/files/dea/history/fut_disagg_txt_2026.zip,2026-10-08
cftc_gold_prod_net,2018-04-03,2018-04-06,-166762.0,https://www.cftc.gov/files/dea/history/fut_disagg_txt_2026.zip,2026-10-08
cftc_gold_prod_net,2018-04-10,2018-04-13,-165095.0,https://www.cftc.gov/files/dea/history/fut_disagg_txt_2026.zip,2026-10-08
cftc_gold_prod_net,2018-04-17,2018-04-20,-173847.0,https://www.cftc.gov/files/dea/history/fut_disagg_txt_2026.zip,2026-10-08
cftc_gold_prod_net,2018-04-24,2018-04-27,-163463.0,https://www.cftc.gov/files/dea/history/fut_disagg_txt_2026.zip,2026-10-08
cftc_gold_prod_net,2018-05-01,2018-05-04,-148055.0,https://www.cftc.gov/files/dea/history/fut_disagg_txt_2026.zip,2026-10-08
cftc_gold_prod_net,2018-05-08,2018-05-11,-148233.0,https://www.cftc.gov/files/dea/history/fut_disagg_txt_2026.zip,2026-10-08
cftc_gold_prod_net,2018-05-15,2018-05-18,-139860.0,https://www.cftc.gov/files/dea/history/fut_disagg_txt_2026.zip,2026-10-08
cftc_gold_prod_net,2018-05-22,2018-05-25,-129304.0,https://www.cftc.gov/files/dea/history/fut_disagg_txt_2026.zip,2026-10-08
cftc_gold_prod_net,2018-05-29,2018-06-01,-137375.0,https://www.cftc.gov/files/dea/history/fut_disagg_txt_2026.zip,2026-10-08
cftc_gold_prod_net,2018-06-05,2018-06-08,-98124.0,https://www.cftc.gov/files/dea/history/fut_disagg_txt_2026.zip,2026-10-08
cftc_gold_prod_net,2018-06-12,2018-06-15,-95616.0,https://www.cftc.gov/files/dea/history/fut_disagg_txt_2026.zip,2026-10-08
cftc_gold_prod_net,2018-06-19,2018-06-22,-71190.0,https://www.cftc.gov/files/dea/history/fut_disagg_txt_2026.zip,2026-10-08
cftc_gold_prod_net,2018-06-26,2018-06-29,-71811.0,https://www.cftc.gov/files/dea/history/fut_disagg_txt_2026.zip,2026-10-08
cftc_gold_prod_net,2018-07-03,2018-07-06,-71244.0,https://www.cftc.gov/files/dea/history/fut_disagg_txt_2026.zip,2026-10-08
cftc_gold_prod_net,2018-07-10,2018-07-13,-69642.0,https://www.cftc.gov/files/dea/history/fut_disagg_txt_2026.zip,2026-10-08
cftc_gold_prod_net,2018-07-17,2018-07-20,-71994.0,https://www.cftc.gov/files/dea/history/fut_disagg_txt_2026.zip,2026-10-08
cftc_gold_prod_net,2018-07-24,2018-07-27,-57300.0,https://www.cftc.gov/files/dea/history/fut_disagg_txt_2026.zip,2026-10-08
cftc_gold_prod_net,2018-07-31,2018-08-03,-52764.0,https://www.cftc.gov/files/dea/history/fut_disagg_txt_2026.zip,2026-10-08
cftc_gold_prod_net,2018-08-07,2018-08-10,-47665.0,https://www.cftc.gov/files/dea/history/fut_disagg_txt_2026.zip,2026-10-08
cftc_gold_prod_net,2018-08-14,2018-08-17,-38609.0,https://www.cftc.gov/files/dea/history/fut_disagg_txt_2026.zip,2026-10-08
cftc_gold_prod_net,2018-08-21,2018-08-24,-37399.0,https://www.cftc.gov/files/dea/history/fut_disagg_txt_2026.zip,2026-10-08
cftc_gold_prod_net,2018-08-28,2018-08-31,-41192.0,https://www.cftc.gov/files/dea/history/fut_disagg_txt_2026.zip,2026-10-08
cftc_gold_prod_net,2018-09-04,2018-09-07,-38616.0,https://www.cftc.gov/files/dea/history/fut_disagg_txt_2026.zip,2026-10-08
cftc_gold_prod_net,2018-09-11,2018-09-14,-40357.0,https://www.cftc.gov/files/dea/history/fut_disagg_txt_2026.zip,2026-10-08
cftc_gold_prod_net,2018-09-18,2018-09-21,-38971.0,https://www.cftc.gov/files/dea/history/fut_disagg_txt_2026.zip,2026-10-08
cftc_gold_prod_net,2018-09-25,2018-09-28,-40525.0,https://www.cftc.gov/files/dea/history/fut_disagg_txt_2026.zip,2026-10-08
cftc_gold_prod_net,2018-10-02,2018-10-05,-38610.0,https://www.cftc.gov/files/dea/history/fut_disagg_txt_2026.zip,2026-10-08
cftc_gold_prod_net,2018-10-09,2018-10-12,-34133.0,https://www.cftc.gov/files/dea/history/fut_disagg_txt_2026.zip,2026-10-08
cftc_gold_prod_net,2018-10-16,2018-10-19,-61957.0,https://www.cftc.gov/files/dea/history/fut_disagg_txt_2026.zip,2026-10-08
cftc_gold_prod_net,2018-10-23,2018-10-26,-67924.0,https://www.cftc.gov/files/dea/history/fut_disagg_txt_2026.zip,2026-10-08
cftc_gold_prod_net,2018-10-30,2018-11-02,-61054.0,https://www.cftc.gov/files/dea/history/fut_disagg_txt_2026.zip,2026-10-08
cftc_gold_prod_net,2018-11-06,2018-11-09,-62311.0,https://www.cftc.gov/files/dea/history/fut_disagg_txt_2026.zip,2026-10-08
cftc_gold_prod_net,2018-11-13,2018-11-16,-41963.0,https://www.cftc.gov/files/dea/history/fut_disagg_txt_2026.zip,2026-10-08
cftc_gold_prod_net,2018-11-20,2018-11-23,-46110.0,https://www.cftc.gov/files/dea/history/fut_disagg_txt_2026.zip,2026-10-08
cftc_gold_prod_net,2018-11-27,2018-11-30,-41014.0,https://www.cftc.gov/files/dea/history/fut_disagg_txt_2026.zip,2026-10-08
cftc_gold_prod_net,2018-12-04,2018-12-07,-55547.0,https://www.cftc.gov/files/dea/history/fut_disagg_txt_2026.zip,2026-10-08
cftc_gold_prod_net,2018-12-11,2018-12-14,-64180.0,https://www.cftc.gov/files/dea/history/fut_disagg_txt_2026.zip,2026-10-08
cftc_gold_prod_net,2018-12-18,2018-12-21,-60438.0,https://www.cftc.gov/files/dea/history/fut_disagg_txt_2026.zip,2026-10-08
cftc_gold_prod_net,2018-12-24,2018-12-27,-65895.0,https://www.cftc.gov/files/dea/history/fut_disagg_txt_2026.zip,2026-10-08
cftc_gold_prod_net,2018-12-31,2019-01-03,-72897.0,https://www.cftc.gov/files/dea/history/fut_disagg_txt_2026.zip,2026-10-08
cftc_gold_prod_net,2019-01-08,2019-01-11,-62051.0,https://www.cftc.gov/files/dea/history/fut_disagg_txt_2026.zip,2026-10-08
cftc_gold_prod_net,2019-01-15,2019-01-18,-59951.0,https://www.cftc.gov/files/dea/history/fut_disagg_txt_2026.zip,2026-10-08
cftc_gold_prod_net,2019-01-22,2019-01-25,-60043.0,https://www.cftc.gov/files/dea/history/fut_disagg_txt_2026.zip,2026-10-08
cftc_gold_prod_net,2019-01-29,2019-02-01,-70658.0,https://www.cftc.gov/files/dea/history/fut_disagg_txt_2026.zip,2026-10-08
cftc_gold_prod_net,2019-02-05,2019-02-08,-73567.0,https://www.cftc.gov/files/dea/history/fut_disagg_txt_2026.zip,2026-10-08
cftc_gold_prod_net,2019-02-12,2019-02-15,-74167.0,https://www.cftc.gov/files/dea/history/fut_disagg_txt_2026.zip,2026-10-08
cftc_gold_prod_net,2019-02-19,2019-02-22,-88437.0,https://www.cftc.gov/files/dea/history/fut_disagg_txt_2026.zip,2026-10-08
cftc_gold_prod_net,2019-02-26,2019-03-01,-85749.0,https://www.cftc.gov/files/dea/history/fut_disagg_txt_2026.zip,2026-10-08
cftc_gold_prod_net,2019-03-05,2019-03-08,-72181.0,https://www.cftc.gov/files/dea/history/fut_disagg_txt_2026.zip,2026-10-08
cftc_gold_prod_net,2019-03-12,2019-03-15,-60321.0,https://www.cftc.gov/files/dea/history/fut_disagg_txt_2026.zip,2026-10-08
cftc_gold_prod_net,2019-03-19,2019-03-22,-63997.0,https://www.cftc.gov/files/dea/history/fut_disagg_txt_2026.zip,2026-10-08
cftc_gold_prod_net,2019-03-26,2019-03-29,-69349.0,https://www.cftc.gov/files/dea/history/fut_disagg_txt_2026.zip,2026-10-08
cftc_gold_prod_net,2019-04-02,2019-04-05,-58235.0,https://www.cftc.gov/files/dea/history/fut_disagg_txt_2026.zip,2026-10-08
cftc_gold_prod_net,2019-04-09,2019-04-12,-59597.0,https://www.cftc.gov/files/dea/history/fut_disagg_txt_2026.zip,2026-10-08
cftc_gold_prod_net,2019-04-16,2019-04-19,-43210.0,https://www.cftc.gov/files/dea/history/fut_disagg_txt_2026.zip,2026-10-08
cftc_gold_prod_net,2019-04-23,2019-04-26,-35983.0,https://www.cftc.gov/files/dea/history/fut_disagg_txt_2026.zip,2026-10-08
cftc_gold_prod_net,2019-04-30,2019-05-03,-50975.0,https://www.cftc.gov/files/dea/history/fut_disagg_txt_2026.zip,2026-10-08
cftc_gold_prod_net,2019-05-07,2019-05-10,-47952.0,https://www.cftc.gov/files/dea/history/fut_disagg_txt_2026.zip,2026-10-08
cftc_gold_prod_net,2019-05-14,2019-05-17,-64882.0,https://www.cftc.gov/files/dea/history/fut_disagg_txt_2026.zip,2026-10-08
cftc_gold_prod_net,2019-05-21,2019-05-24,-62732.0,https://www.cftc.gov/files/dea/history/fut_disagg_txt_2026.zip,2026-10-08
cftc_gold_prod_net,2019-05-28,2019-05-31,-62796.0,https://www.cftc.gov/files/dea/history/fut_disagg_txt_2026.zip,2026-10-08
cftc_gold_prod_net,2019-06-04,2019-06-07,-86770.0,https://www.cftc.gov/files/dea/history/fut_disagg_txt_2026.zip,2026-10-08
cftc_gold_prod_net,2019-06-11,2019-06-14,-92616.0,https://www.cftc.gov/files/dea/history/fut_disagg_txt_2026.zip,2026-10-08
cftc_gold_prod_net,2019-06-18,2019-06-21,-102252.0,https://www.cftc.gov/files/dea/history/fut_disagg_txt_2026.zip,2026-10-08
cftc_gold_prod_net,2019-06-25,2019-06-28,-127488.0,https://www.cftc.gov/files/dea/history/fut_disagg_txt_2026.zip,2026-10-08
cftc_gold_prod_net,2019-07-02,2019-07-05,-143506.0,https://www.cftc.gov/files/dea/history/fut_disagg_txt_2026.zip,2026-10-08
cftc_gold_prod_net,2019-07-09,2019-07-12,-149614.0,https://www.cftc.gov/files/dea/history/fut_disagg_txt_2026.zip,2026-10-08
cftc_gold_prod_net,2019-07-16,2019-07-19,-137000.0,https://www.cftc.gov/files/dea/history/fut_disagg_txt_2026.zip,2026-10-08
cftc_gold_prod_net,2019-07-23,2019-07-26,-140198.0,https://www.cftc.gov/files/dea/history/fut_disagg_txt_2026.zip,2026-10-08
cftc_gold_prod_net,2019-07-30,2019-08-02,-134591.0,https://www.cftc.gov/files/dea/history/fut_disagg_txt_2026.zip,2026-10-08
cftc_gold_prod_net,2019-08-06,2019-08-09,-139330.0,https://www.cftc.gov/files/dea/history/fut_disagg_txt_2026.zip,2026-10-08
cftc_gold_prod_net,2019-08-13,2019-08-16,-138856.0,https://www.cftc.gov/files/dea/history/fut_disagg_txt_2026.zip,2026-10-08
cftc_gold_prod_net,2019-08-20,2019-08-23,-145317.0,https://www.cftc.gov/files/dea/history/fut_disagg_txt_2026.zip,2026-10-08
cftc_gold_prod_net,2019-08-27,2019-08-30,-144334.0,https://www.cftc.gov/files/dea/history/fut_disagg_txt_2026.zip,2026-10-08
cftc_gold_prod_net,2019-09-03,2019-09-06,-154657.0,https://www.cftc.gov/files/dea/history/fut_disagg_txt_2026.zip,2026-10-08
cftc_gold_prod_net,2019-09-10,2019-09-13,-153828.0,https://www.cftc.gov/files/dea/history/fut_disagg_txt_2026.zip,2026-10-08
cftc_gold_prod_net,2019-09-17,2019-09-20,-159561.0,https://www.cftc.gov/files/dea/history/fut_disagg_txt_2026.zip,2026-10-08
cftc_gold_prod_net,2019-09-24,2019-09-27,-164408.0,https://www.cftc.gov/files/dea/history/fut_disagg_txt_2026.zip,2026-10-08
cftc_gold_prod_net,2019-10-01,2019-10-04,-150699.0,https://www.cftc.gov/files/dea/history/fut_disagg_txt_2026.zip,2026-10-08
cftc_gold_prod_net,2019-10-08,2019-10-11,-154242.0,https://www.cftc.gov/files/dea/history/fut_disagg_txt_2026.zip,2026-10-08
cftc_gold_prod_net,2019-10-15,2019-10-18,-145311.0,https://www.cftc.gov/files/dea/history/fut_disagg_txt_2026.zip,2026-10-08
cftc_gold_prod_net,2019-10-22,2019-10-25,-145266.0,https://www.cftc.gov/files/dea/history/fut_disagg_txt_2026.zip,2026-10-08
cftc_gold_prod_net,2019-10-29,2019-11-01,-139575.0,https://www.cftc.gov/files/dea/history/fut_disagg_txt_2026.zip,2026-10-08
cftc_gold_prod_net,2019-11-05,2019-11-08,-140140.0,https://www.cftc.gov/files/dea/history/fut_disagg_txt_2026.zip,2026-10-08
cftc_gold_prod_net,2019-11-12,2019-11-15,-122571.0,https://www.cftc.gov/files/dea/history/fut_disagg_txt_2026.zip,2026-10-08
cftc_gold_prod_net,2019-11-19,2019-11-22,-127238.0,https://www.cftc.gov/files/dea/history/fut_disagg_txt_2026.zip,2026-10-08
cftc_gold_prod_net,2019-11-26,2019-11-29,-120996.0,https://www.cftc.gov/files/dea/history/fut_disagg_txt_2026.zip,2026-10-08
cftc_gold_prod_net,2019-12-03,2019-12-06,-128811.0,https://www.cftc.gov/files/dea/history/fut_disagg_txt_2026.zip,2026-10-08
cftc_gold_prod_net,2019-12-10,2019-12-13,-122178.0,https://www.cftc.gov/files/dea/history/fut_disagg_txt_2026.zip,2026-10-08
cftc_gold_prod_net,2019-12-17,2019-12-20,-133343.0,https://www.cftc.gov/files/dea/history/fut_disagg_txt_2026.zip,2026-10-08
cftc_gold_prod_net,2019-12-24,2019-12-27,-137148.0,https://www.cftc.gov/files/dea/history/fut_disagg_txt_2026.zip,2026-10-08
cftc_gold_prod_net,2019-12-31,2020-01-03,-146107.0,https://www.cftc.gov/files/dea/history/fut_disagg_txt_2026.zip,2026-10-08
cftc_gold_prod_net,2020-01-07,2020-01-10,-143748.0,https://www.cftc.gov/files/dea/history/fut_disagg_txt_2026.zip,2026-10-08
cftc_gold_prod_net,2020-01-14,2020-01-17,-141140.0,https://www.cftc.gov/files/dea/history/fut_disagg_txt_2026.zip,2026-10-08
cftc_gold_prod_net,2020-01-21,2020-01-24,-142587.0,https://www.cftc.gov/files/dea/history/fut_disagg_txt_2026.zip,2026-10-08
cftc_gold_prod_net,2020-01-28,2020-01-31,-138963.0,https://www.cftc.gov/files/dea/history/fut_disagg_txt_2026.zip,2026-10-08
cftc_gold_prod_net,2020-02-04,2020-02-07,-138634.0,https://www.cftc.gov/files/dea/history/fut_disagg_txt_2026.zip,2026-10-08
cftc_gold_prod_net,2020-02-11,2020-02-14,-141753.0,https://www.cftc.gov/files/dea/history/fut_disagg_txt_2026.zip,2026-10-08
cftc_gold_prod_net,2020-02-18,2020-02-21,-159081.0,https://www.cftc.gov/files/dea/history/fut_disagg_txt_2026.zip,2026-10-08
cftc_gold_prod_net,2020-02-25,2020-02-28,-163655.0,https://www.cftc.gov/files/dea/history/fut_disagg_txt_2026.zip,2026-10-08
cftc_gold_prod_net,2020-03-03,2020-03-06,-160340.0,https://www.cftc.gov/files/dea/history/fut_disagg_txt_2026.zip,2026-10-08
cftc_gold_prod_net,2020-03-10,2020-03-13,-140795.0,https://www.cftc.gov/files/dea/history/fut_disagg_txt_2026.zip,2026-10-08
cftc_gold_prod_net,2020-03-17,2020-03-20,-133378.0,https://www.cftc.gov/files/dea/history/fut_disagg_txt_2026.zip,2026-10-08
cftc_gold_prod_net,2020-03-24,2020-03-27,-134782.0,https://www.cftc.gov/files/dea/history/fut_disagg_txt_2026.zip,2026-10-08
cftc_gold_prod_net,2020-03-31,2020-04-03,-112209.0,https://www.cftc.gov/files/dea/history/fut_disagg_txt_2026.zip,2026-10-08
cftc_gold_prod_net,2020-04-07,2020-04-10,-109933.0,https://www.cftc.gov/files/dea/history/fut_disagg_txt_2026.zip,2026-10-08
cftc_gold_prod_net,2020-04-14,2020-04-17,-108251.0,https://www.cftc.gov/files/dea/history/fut_disagg_txt_2026.zip,2026-10-08
cftc_gold_prod_net,2020-04-21,2020-04-24,-108453.0,https://www.cftc.gov/files/dea/history/fut_disagg_txt_2026.zip,2026-10-08
cftc_gold_prod_net,2020-04-28,2020-05-01,-112926.0,https://www.cftc.gov/files/dea/history/fut_disagg_txt_2026.zip,2026-10-08
cftc_gold_prod_net,2020-05-05,2020-05-08,-108594.0,https://www.cftc.gov/files/dea/history/fut_disagg_txt_2026.zip,2026-10-08
cftc_gold_prod_net,2020-05-12,2020-05-15,-105176.0,https://www.cftc.gov/files/dea/history/fut_disagg_txt_2026.zip,2026-10-08
cftc_gold_prod_net,2020-05-19,2020-05-22,-107310.0,https://www.cftc.gov/files/dea/history/fut_disagg_txt_2026.zip,2026-10-08
cftc_gold_prod_net,2020-05-26,2020-05-29,-88466.0,https://www.cftc.gov/files/dea/history/fut_disagg_txt_2026.zip,2026-10-08
cftc_gold_prod_net,2020-06-02,2020-06-05,-81863.0,https://www.cftc.gov/files/dea/history/fut_disagg_txt_2026.zip,2026-10-08
cftc_gold_prod_net,2020-06-09,2020-06-12,-82891.0,https://www.cftc.gov/files/dea/history/fut_disagg_txt_2026.zip,2026-10-08
cftc_gold_prod_net,2020-06-16,2020-06-19,-87577.0,https://www.cftc.gov/files/dea/history/fut_disagg_txt_2026.zip,2026-10-08
cftc_gold_prod_net,2020-06-23,2020-06-26,-94170.0,https://www.cftc.gov/files/dea/history/fut_disagg_txt_2026.zip,2026-10-08
cftc_gold_prod_net,2020-06-30,2020-07-03,-95423.0,https://www.cftc.gov/files/dea/history/fut_disagg_txt_2026.zip,2026-10-08
cftc_gold_prod_net,2020-07-07,2020-07-10,-92353.0,https://www.cftc.gov/files/dea/history/fut_disagg_txt_2026.zip,2026-10-08
cftc_gold_prod_net,2020-07-14,2020-07-17,-96252.0,https://www.cftc.gov/files/dea/history/fut_disagg_txt_2026.zip,2026-10-08
cftc_gold_prod_net,2020-07-21,2020-07-24,-100258.0,https://www.cftc.gov/files/dea/history/fut_disagg_txt_2026.zip,2026-10-08
cftc_gold_prod_net,2020-07-28,2020-07-31,-90475.0,https://www.cftc.gov/files/dea/history/fut_disagg_txt_2026.zip,2026-10-08
cftc_gold_prod_net,2020-08-04,2020-08-07,-97590.0,https://www.cftc.gov/files/dea/history/fut_disagg_txt_2026.zip,2026-10-08
cftc_gold_prod_net,2020-08-11,2020-08-14,-93647.0,https://www.cftc.gov/files/dea/history/fut_disagg_txt_2026.zip,2026-10-08
cftc_gold_prod_net,2020-08-18,2020-08-21,-90992.0,https://www.cftc.gov/files/dea/history/fut_disagg_txt_2026.zip,2026-10-08
cftc_gold_prod_net,2020-08-25,2020-08-28,-93059.0,https://www.cftc.gov/files/dea/history/fut_disagg_txt_2026.zip,2026-10-08
cftc_gold_prod_net,2020-09-01,2020-09-04,-97860.0,https://www.cftc.gov/files/dea/history/fut_disagg_txt_2026.zip,2026-10-08
cftc_gold_prod_net,2020-09-08,2020-09-11,-101177.0,https://www.cftc.gov/files/dea/history/fut_disagg_txt_2026.zip,2026-10-08
cftc_gold_prod_net,2020-09-15,2020-09-18,-101941.0,https://www.cftc.gov/files/dea/history/fut_disagg_txt_2026.zip,2026-10-08
cftc_gold_prod_net,2020-09-22,2020-09-25,-93037.0,https://www.cftc.gov/files/dea/history/fut_disagg_txt_2026.zip,2026-10-08
cftc_gold_prod_net,2020-09-29,2020-10-02,-96842.0,https://www.cftc.gov/files/dea/history/fut_disagg_txt_2026.zip,2026-10-08
cftc_gold_prod_net,2020-10-06,2020-10-09,-97386.0,https://www.cftc.gov/files/dea/history/fut_disagg_txt_2026.zip,2026-10-08
cftc_gold_prod_net,2020-10-13,2020-10-16,-100514.0,https://www.cftc.gov/files/dea/history/fut_disagg_txt_2026.zip,2026-10-08
cftc_gold_prod_net,2020-10-20,2020-10-23,-101608.0,https://www.cftc.gov/files/dea/history/fut_disagg_txt_2026.zip,2026-10-08
cftc_gold_prod_net,2020-10-27,2020-10-30,-94068.0,https://www.cftc.gov/files/dea/history/fut_disagg_txt_2026.zip,2026-10-08
cftc_gold_prod_net,2020-11-03,2020-11-06,-92638.0,https://www.cftc.gov/files/dea/history/fut_disagg_txt_2026.zip,2026-10-08
cftc_gold_prod_net,2020-11-10,2020-11-13,-92856.0,https://www.cftc.gov/files/dea/history/fut_disagg_txt_2026.zip,2026-10-08
cftc_gold_prod_net,2020-11-17,2020-11-20,-97499.0,https://www.cftc.gov/files/dea/history/fut_disagg_txt_2026.zip,2026-10-08
cftc_gold_prod_net,2020-11-24,2020-11-27,-95651.0,https://www.cftc.gov/files/dea/history/fut_disagg_txt_2026.zip,2026-10-08
cftc_gold_prod_net,2020-12-01,2020-12-04,-100925.0,https://www.cftc.gov/files/dea/history/fut_disagg_txt_2026.zip,2026-10-08
cftc_gold_prod_net,2020-12-08,2020-12-11,-102873.0,https://www.cftc.gov/files/dea/history/fut_disagg_txt_2026.zip,2026-10-08
cftc_gold_prod_net,2020-12-15,2020-12-18,-104102.0,https://www.cftc.gov/files/dea/history/fut_disagg_txt_2026.zip,2026-10-08
cftc_gold_prod_net,2020-12-21,2020-12-24,-107741.0,https://www.cftc.gov/files/dea/history/fut_disagg_txt_2026.zip,2026-10-08
cftc_gold_prod_net,2020-12-29,2021-01-01,-105484.0,https://www.cftc.gov/files/dea/history/fut_disagg_txt_2026.zip,2026-10-08
cftc_gold_prod_net,2021-01-05,2021-01-08,-105460.0,https://www.cftc.gov/files/dea/history/fut_disagg_txt_2026.zip,2026-10-08
cftc_gold_prod_net,2021-01-12,2021-01-15,-98734.0,https://www.cftc.gov/files/dea/history/fut_disagg_txt_2026.zip,2026-10-08
cftc_gold_prod_net,2021-01-19,2021-01-22,-100895.0,https://www.cftc.gov/files/dea/history/fut_disagg_txt_2026.zip,2026-10-08
cftc_gold_prod_net,2021-01-26,2021-01-29,-102735.0,https://www.cftc.gov/files/dea/history/fut_disagg_txt_2026.zip,2026-10-08
cftc_gold_prod_net,2021-02-02,2021-02-05,-104127.0,https://www.cftc.gov/files/dea/history/fut_disagg_txt_2026.zip,2026-10-08
cftc_gold_prod_net,2021-02-09,2021-02-12,-102996.0,https://www.cftc.gov/files/dea/history/fut_disagg_txt_2026.zip,2026-10-08
cftc_gold_prod_net,2021-02-16,2021-02-19,-99833.0,https://www.cftc.gov/files/dea/history/fut_disagg_txt_2026.zip,2026-10-08
cftc_gold_prod_net,2021-02-23,2021-02-26,-93070.0,https://www.cftc.gov/files/dea/history/fut_disagg_txt_2026.zip,2026-10-08
cftc_gold_prod_net,2021-03-02,2021-03-05,-86895.0,https://www.cftc.gov/files/dea/history/fut_disagg_txt_2026.zip,2026-10-08
cftc_gold_prod_net,2021-03-09,2021-03-12,-81679.0,https://www.cftc.gov/files/dea/history/fut_disagg_txt_2026.zip,2026-10-08
cftc_gold_prod_net,2021-03-16,2021-03-19,-79074.0,https://www.cftc.gov/files/dea/history/fut_disagg_txt_2026.zip,2026-10-08
cftc_gold_prod_net,2021-03-23,2021-03-26,-77573.0,https://www.cftc.gov/files/dea/history/fut_disagg_txt_2026.zip,2026-10-08
cftc_gold_prod_net,2021-03-30,2021-04-02,-72888.0,https://www.cftc.gov/files/dea/history/fut_disagg_txt_2026.zip,2026-10-08
cftc_gold_prod_net,2021-04-06,2021-04-09,-78611.0,https://www.cftc.gov/files/dea/history/fut_disagg_txt_2026.zip,2026-10-08
cftc_gold_prod_net,2021-04-13,2021-04-16,-75052.0,https://www.cftc.gov/files/dea/history/fut_disagg_txt_2026.zip,2026-10-08
cftc_gold_prod_net,2021-04-20,2021-04-23,-75765.0,https://www.cftc.gov/files/dea/history/fut_disagg_txt_2026.zip,2026-10-08
cftc_gold_prod_net,2021-04-27,2021-04-30,-71726.0,https://www.cftc.gov/files/dea/history/fut_disagg_txt_2026.zip,2026-10-08
cftc_gold_prod_net,2021-05-04,2021-05-07,-67243.0,https://www.cftc.gov/files/dea/history/fut_disagg_txt_2026.zip,2026-10-08
cftc_gold_prod_net,2021-05-11,2021-05-14,-70791.0,https://www.cftc.gov/files/dea/history/fut_disagg_txt_2026.zip,2026-10-08
cftc_gold_prod_net,2021-05-18,2021-05-21,-65164.0,https://www.cftc.gov/files/dea/history/fut_disagg_txt_2026.zip,2026-10-08
cftc_gold_prod_net,2021-05-25,2021-05-28,-78460.0,https://www.cftc.gov/files/dea/history/fut_disagg_txt_2026.zip,2026-10-08
cftc_gold_prod_net,2021-06-01,2021-06-04,-69803.0,https://www.cftc.gov/files/dea/history/fut_disagg_txt_2026.zip,2026-10-08
cftc_gold_prod_net,2021-06-08,2021-06-11,-65056.0,https://www.cftc.gov/files/dea/history/fut_disagg_txt_2026.zip,2026-10-08
cftc_gold_prod_net,2021-06-15,2021-06-18,-64141.0,https://www.cftc.gov/files/dea/history/fut_disagg_txt_2026.zip,2026-10-08
cftc_gold_prod_net,2021-06-22,2021-06-25,-56210.0,https://www.cftc.gov/files/dea/history/fut_disagg_txt_2026.zip,2026-10-08
cftc_gold_prod_net,2021-06-29,2021-07-02,-54455.0,https://www.cftc.gov/files/dea/history/fut_disagg_txt_2026.zip,2026-10-08
cftc_gold_prod_net,2021-07-06,2021-07-09,-60850.0,https://www.cftc.gov/files/dea/history/fut_disagg_txt_2026.zip,2026-10-08
cftc_gold_prod_net,2021-07-13,2021-07-16,-61169.0,https://www.cftc.gov/files/dea/history/fut_disagg_txt_2026.zip,2026-10-08
cftc_gold_prod_net,2021-07-20,2021-07-23,-63830.0,https://www.cftc.gov/files/dea/history/fut_disagg_txt_2026.zip,2026-10-08
cftc_gold_prod_net,2021-07-27,2021-07-30,-56286.0,https://www.cftc.gov/files/dea/history/fut_disagg_txt_2026.zip,2026-10-08
cftc_gold_prod_net,2021-08-03,2021-08-06,-56399.0,https://www.cftc.gov/files/dea/history/fut_disagg_txt_2026.zip,2026-10-08
cftc_gold_prod_net,2021-08-10,2021-08-13,-47631.0,https://www.cftc.gov/files/dea/history/fut_disagg_txt_2026.zip,2026-10-08
cftc_gold_prod_net,2021-08-17,2021-08-20,-51836.0,https://www.cftc.gov/files/dea/history/fut_disagg_txt_2026.zip,2026-10-08
cftc_gold_prod_net,2021-08-24,2021-08-27,-55166.0,https://www.cftc.gov/files/dea/history/fut_disagg_txt_2026.zip,2026-10-08
cftc_gold_prod_net,2021-08-31,2021-09-03,-52741.0,https://www.cftc.gov/files/dea/history/fut_disagg_txt_2026.zip,2026-10-08
cftc_gold_prod_net,2021-09-07,2021-09-10,-52575.0,https://www.cftc.gov/files/dea/history/fut_disagg_txt_2026.zip,2026-10-08
cftc_gold_prod_net,2021-09-14,2021-09-17,-54037.0,https://www.cftc.gov/files/dea/history/fut_disagg_txt_2026.zip,2026-10-08
cftc_gold_prod_net,2021-09-21,2021-09-24,-46813.0,https://www.cftc.gov/files/dea/history/fut_disagg_txt_2026.zip,2026-10-08
cftc_gold_prod_net,2021-09-28,2021-10-01,-41860.0,https://www.cftc.gov/files/dea/history/fut_disagg_txt_2026.zip,2026-10-08
cftc_gold_prod_net,2021-10-05,2021-10-08,-42808.0,https://www.cftc.gov/files/dea/history/fut_disagg_txt_2026.zip,2026-10-08
cftc_gold_prod_net,2021-10-12,2021-10-15,-47840.0,https://www.cftc.gov/files/dea/history/fut_disagg_txt_2026.zip,2026-10-08
cftc_gold_prod_net,2021-10-19,2021-10-22,-50652.0,https://www.cftc.gov/files/dea/history/fut_disagg_txt_2026.zip,2026-10-08
cftc_gold_prod_net,2021-10-26,2021-10-29,-51095.0,https://www.cftc.gov/files/dea/history/fut_disagg_txt_2026.zip,2026-10-08
cftc_gold_prod_net,2021-11-02,2021-11-05,-52321.0,https://www.cftc.gov/files/dea/history/fut_disagg_txt_2026.zip,2026-10-08
cftc_gold_prod_net,2021-11-09,2021-11-12,-58800.0,https://www.cftc.gov/files/dea/history/fut_disagg_txt_2026.zip,2026-10-08
cftc_gold_prod_net,2021-11-16,2021-11-19,-68194.0,https://www.cftc.gov/files/dea/history/fut_disagg_txt_2026.zip,2026-10-08
cftc_gold_prod_net,2021-11-23,2021-11-26,-68526.0,https://www.cftc.gov/files/dea/history/fut_disagg_txt_2026.zip,2026-10-08
cftc_gold_prod_net,2021-11-30,2021-12-03,-53823.0,https://www.cftc.gov/files/dea/history/fut_disagg_txt_2026.zip,2026-10-08
cftc_gold_prod_net,2021-12-07,2021-12-10,-54147.0,https://www.cftc.gov/files/dea/history/fut_disagg_txt_2026.zip,2026-10-08
cftc_gold_prod_net,2021-12-14,2021-12-17,-51523.0,https://www.cftc.gov/files/dea/history/fut_disagg_txt_2026.zip,2026-10-08
cftc_gold_prod_net,2021-12-21,2021-12-24,-55793.0,https://www.cftc.gov/files/dea/history/fut_disagg_txt_2026.zip,2026-10-08
cftc_gold_prod_net,2021-12-28,2021-12-31,-58153.0,https://www.cftc.gov/files/dea/history/fut_disagg_txt_2026.zip,2026-10-08
cftc_gold_prod_net,2022-01-04,2022-01-07,-53475.0,https://www.cftc.gov/files/dea/history/fut_disagg_txt_2026.zip,2026-10-08
cftc_gold_prod_net,2022-01-11,2022-01-14,-50706.0,https://www.cftc.gov/files/dea/history/fut_disagg_txt_2026.zip,2026-10-08
cftc_gold_prod_net,2022-01-18,2022-01-21,-50962.0,https://www.cftc.gov/files/dea/history/fut_disagg_txt_2026.zip,2026-10-08
cftc_gold_prod_net,2022-01-25,2022-01-28,-65770.0,https://www.cftc.gov/files/dea/history/fut_disagg_txt_2026.zip,2026-10-08
cftc_gold_prod_net,2022-02-01,2022-02-04,-52333.0,https://www.cftc.gov/files/dea/history/fut_disagg_txt_2026.zip,2026-10-08
cftc_gold_prod_net,2022-02-08,2022-02-11,-53491.0,https://www.cftc.gov/files/dea/history/fut_disagg_txt_2026.zip,2026-10-08
cftc_gold_prod_net,2022-02-15,2022-02-18,-63682.0,https://www.cftc.gov/files/dea/history/fut_disagg_txt_2026.zip,2026-10-08
cftc_gold_prod_net,2022-02-22,2022-02-25,-70911.0,https://www.cftc.gov/files/dea/history/fut_disagg_txt_2026.zip,2026-10-08
cftc_gold_prod_net,2022-03-01,2022-03-04,-75814.0,https://www.cftc.gov/files/dea/history/fut_disagg_txt_2026.zip,2026-10-08
cftc_gold_prod_net,2022-03-08,2022-03-11,-76077.0,https://www.cftc.gov/files/dea/history/fut_disagg_txt_2026.zip,2026-10-08
cftc_gold_prod_net,2022-03-15,2022-03-18,-67438.0,https://www.cftc.gov/files/dea/history/fut_disagg_txt_2026.zip,2026-10-08
cftc_gold_prod_net,2022-03-22,2022-03-25,-64913.0,https://www.cftc.gov/files/dea/history/fut_disagg_txt_2026.zip,2026-10-08
cftc_gold_prod_net,2022-03-29,2022-04-01,-51926.0,https://www.cftc.gov/files/dea/history/fut_disagg_txt_2026.zip,2026-10-08
cftc_gold_prod_net,2022-04-05,2022-04-08,-52344.0,https://www.cftc.gov/files/dea/history/fut_disagg_txt_2026.zip,2026-10-08
cftc_gold_prod_net,2022-04-12,2022-04-15,-51729.0,https://www.cftc.gov/files/dea/history/fut_disagg_txt_2026.zip,2026-10-08
cftc_gold_prod_net,2022-04-19,2022-04-22,-49949.0,https://www.cftc.gov/files/dea/history/fut_disagg_txt_2026.zip,2026-10-08
cftc_gold_prod_net,2022-04-26,2022-04-29,-44173.0,https://www.cftc.gov/files/dea/history/fut_disagg_txt_2026.zip,2026-10-08
cftc_gold_prod_net,2022-05-03,2022-05-06,-40181.0,https://www.cftc.gov/files/dea/history/fut_disagg_txt_2026.zip,2026-10-08
cftc_gold_prod_net,2022-05-10,2022-05-13,-42901.0,https://www.cftc.gov/files/dea/history/fut_disagg_txt_2026.zip,2026-10-08
cftc_gold_prod_net,2022-05-17,2022-05-20,-37557.0,https://www.cftc.gov/files/dea/history/fut_disagg_txt_2026.zip,2026-10-08
cftc_gold_prod_net,2022-05-24,2022-05-27,-42010.0,https://www.cftc.gov/files/dea/history/fut_disagg_txt_2026.zip,2026-10-08
cftc_gold_prod_net,2022-05-31,2022-06-03,-45299.0,https://www.cftc.gov/files/dea/history/fut_disagg_txt_2026.zip,2026-10-08
cftc_gold_prod_net,2022-06-07,2022-06-10,-44542.0,https://www.cftc.gov/files/dea/history/fut_disagg_txt_2026.zip,2026-10-08
cftc_gold_prod_net,2022-06-14,2022-06-17,-41055.0,https://www.cftc.gov/files/dea/history/fut_disagg_txt_2026.zip,2026-10-08
cftc_gold_prod_net,2022-06-21,2022-06-24,-44189.0,https://www.cftc.gov/files/dea/history/fut_disagg_txt_2026.zip,2026-10-08
cftc_gold_prod_net,2022-06-28,2022-07-01,-43787.0,https://www.cftc.gov/files/dea/history/fut_disagg_txt_2026.zip,2026-10-08
cftc_gold_prod_net,2022-07-05,2022-07-08,-38490.0,https://www.cftc.gov/files/dea/history/fut_disagg_txt_2026.zip,2026-10-08
cftc_gold_prod_net,2022-07-12,2022-07-15,-28069.0,https://www.cftc.gov/files/dea/history/fut_disagg_txt_2026.zip,2026-10-08
cftc_gold_prod_net,2022-07-19,2022-07-22,-25043.0,https://www.cftc.gov/files/dea/history/fut_disagg_txt_2026.zip,2026-10-08
cftc_gold_prod_net,2022-07-26,2022-07-29,-25165.0,https://www.cftc.gov/files/dea/history/fut_disagg_txt_2026.zip,2026-10-08
cftc_gold_prod_net,2022-08-02,2022-08-05,-30387.0,https://www.cftc.gov/files/dea/history/fut_disagg_txt_2026.zip,2026-10-08
cftc_gold_prod_net,2022-08-09,2022-08-12,-36461.0,https://www.cftc.gov/files/dea/history/fut_disagg_txt_2026.zip,2026-10-08
cftc_gold_prod_net,2022-08-16,2022-08-19,-34524.0,https://www.cftc.gov/files/dea/history/fut_disagg_txt_2026.zip,2026-10-08
cftc_gold_prod_net,2022-08-23,2022-08-26,-32187.0,https://www.cftc.gov/files/dea/history/fut_disagg_txt_2026.zip,2026-10-08
cftc_gold_prod_net,2022-08-30,2022-09-02,-31347.0,https://www.cftc.gov/files/dea/history/fut_disagg_txt_2026.zip,2026-10-08
cftc_gold_prod_net,2022-09-06,2022-09-09,-26060.0,https://www.cftc.gov/files/dea/history/fut_disagg_txt_2026.zip,2026-10-08
cftc_gold_prod_net,2022-09-13,2022-09-16,-27119.0,https://www.cftc.gov/files/dea/history/fut_disagg_txt_2026.zip,2026-10-08
cftc_gold_prod_net,2022-09-20,2022-09-23,-17664.0,https://www.cftc.gov/files/dea/history/fut_disagg_txt_2026.zip,2026-10-08
cftc_gold_prod_net,2022-09-27,2022-09-30,-12623.0,https://www.cftc.gov/files/dea/history/fut_disagg_txt_2026.zip,2026-10-08
cftc_gold_prod_net,2022-10-04,2022-10-07,-19152.0,https://www.cftc.gov/files/dea/history/fut_disagg_txt_2026.zip,2026-10-08
cftc_gold_prod_net,2022-10-11,2022-10-14,-22668.0,https://www.cftc.gov/files/dea/history/fut_disagg_txt_2026.zip,2026-10-08
cftc_gold_prod_net,2022-10-18,2022-10-21,-15565.0,https://www.cftc.gov/files/dea/history/fut_disagg_txt_2026.zip,2026-10-08
cftc_gold_prod_net,2022-10-25,2022-10-28,-10426.0,https://www.cftc.gov/files/dea/history/fut_disagg_txt_2026.zip,2026-10-08
cftc_gold_prod_net,2022-11-01,2022-11-04,-8773.0,https://www.cftc.gov/files/dea/history/fut_disagg_txt_2026.zip,2026-10-08
cftc_gold_prod_net,2022-11-08,2022-11-11,-18586.0,https://www.cftc.gov/files/dea/history/fut_disagg_txt_2026.zip,2026-10-08
cftc_gold_prod_net,2022-11-15,2022-11-18,-36982.0,https://www.cftc.gov/files/dea/history/fut_disagg_txt_2026.zip,2026-10-08
cftc_gold_prod_net,2022-11-22,2022-11-25,-40394.0,https://www.cftc.gov/files/dea/history/fut_disagg_txt_2026.zip,2026-10-08
cftc_gold_prod_net,2022-11-29,2022-12-02,-36626.0,https://www.cftc.gov/files/dea/history/fut_disagg_txt_2026.zip,2026-10-08
cftc_gold_prod_net,2022-12-06,2022-12-09,-37953.0,https://www.cftc.gov/files/dea/history/fut_disagg_txt_2026.zip,2026-10-08
cftc_gold_prod_net,2022-12-13,2022-12-16,-36843.0,https://www.cftc.gov/files/dea/history/fut_disagg_txt_2026.zip,2026-10-08
cftc_gold_prod_net,2022-12-20,2022-12-23,-37697.0,https://www.cftc.gov/files/dea/history/fut_disagg_txt_2026.zip,2026-10-08
cftc_gold_prod_net,2022-12-27,2022-12-30,-42392.0,https://www.cftc.gov/files/dea/history/fut_disagg_txt_2026.zip,2026-10-08
cftc_gold_prod_net,2023-01-03,2023-01-06,-43902.0,https://www.cftc.gov/files/dea/history/fut_disagg_txt_2026.zip,2026-10-08
cftc_gold_prod_net,2023-01-10,2023-01-13,-48703.0,https://www.cftc.gov/files/dea/history/fut_disagg_txt_2026.zip,2026-10-08
cftc_gold_prod_net,2023-01-17,2023-01-20,-43935.0,https://www.cftc.gov/files/dea/history/fut_disagg_txt_2026.zip,2026-10-08
cftc_gold_prod_net,2023-01-24,2023-01-27,-41609.0,https://www.cftc.gov/files/dea/history/fut_disagg_txt_2026.zip,2026-10-08
cftc_gold_prod_net,2023-01-31,2023-02-03,-36820.0,https://www.cftc.gov/files/dea/history/fut_disagg_txt_2026.zip,2026-10-08
cftc_gold_prod_net,2023-02-07,2023-02-10,-30982.0,https://www.cftc.gov/files/dea/history/fut_disagg_txt_2026.zip,2026-10-08
cftc_gold_prod_net,2023-02-14,2023-02-17,-29893.0,https://www.cftc.gov/files/dea/history/fut_disagg_txt_2026.zip,2026-10-08
cftc_gold_prod_net,2023-02-21,2023-02-24,-29783.0,https://www.cftc.gov/files/dea/history/fut_disagg_txt_2026.zip,2026-10-08
cftc_gold_prod_net,2023-02-28,2023-03-03,-29223.0,https://www.cftc.gov/files/dea/history/fut_disagg_txt_2026.zip,2026-10-08
cftc_gold_prod_net,2023-03-07,2023-03-10,-29599.0,https://www.cftc.gov/files/dea/history/fut_disagg_txt_2026.zip,2026-10-08
cftc_gold_prod_net,2023-03-14,2023-03-17,-36067.0,https://www.cftc.gov/files/dea/history/fut_disagg_txt_2026.zip,2026-10-08
cftc_gold_prod_net,2023-03-21,2023-03-24,-41286.0,https://www.cftc.gov/files/dea/history/fut_disagg_txt_2026.zip,2026-10-08
cftc_gold_prod_net,2023-03-28,2023-03-31,-44329.0,https://www.cftc.gov/files/dea/history/fut_disagg_txt_2026.zip,2026-10-08
cftc_gold_prod_net,2023-04-04,2023-04-07,-35939.0,https://www.cftc.gov/files/dea/history/fut_disagg_txt_2026.zip,2026-10-08
cftc_gold_prod_net,2023-04-11,2023-04-14,-34933.0,https://www.cftc.gov/files/dea/history/fut_disagg_txt_2026.zip,2026-10-08
cftc_gold_prod_net,2023-04-18,2023-04-21,-33944.0,https://www.cftc.gov/files/dea/history/fut_disagg_txt_2026.zip,2026-10-08
cftc_gold_prod_net,2023-04-25,2023-04-28,-35020.0,https://www.cftc.gov/files/dea/history/fut_disagg_txt_2026.zip,2026-10-08
cftc_gold_prod_net,2023-05-02,2023-05-05,-35531.0,https://www.cftc.gov/files/dea/history/fut_disagg_txt_2026.zip,2026-10-08
cftc_gold_prod_net,2023-05-09,2023-05-12,-36768.0,https://www.cftc.gov/files/dea/history/fut_disagg_txt_2026.zip,2026-10-08
cftc_gold_prod_net,2023-05-16,2023-05-19,-34214.0,https://www.cftc.gov/files/dea/history/fut_disagg_txt_2026.zip,2026-10-08
cftc_gold_prod_net,2023-05-23,2023-05-26,-26425.0,https://www.cftc.gov/files/dea/history/fut_disagg_txt_2026.zip,2026-10-08
cftc_gold_prod_net,2023-05-30,2023-06-02,-31372.0,https://www.cftc.gov/files/dea/history/fut_disagg_txt_2026.zip,2026-10-08
cftc_gold_prod_net,2023-06-06,2023-06-09,-29778.0,https://www.cftc.gov/files/dea/history/fut_disagg_txt_2026.zip,2026-10-08
cftc_gold_prod_net,2023-06-13,2023-06-16,-27159.0,https://www.cftc.gov/files/dea/history/fut_disagg_txt_2026.zip,2026-10-08
cftc_gold_prod_net,2023-06-20,2023-06-23,-26879.0,https://www.cftc.gov/files/dea/history/fut_disagg_txt_2026.zip,2026-10-08
cftc_gold_prod_net,2023-06-27,2023-06-30,-26233.0,https://www.cftc.gov/files/dea/history/fut_disagg_txt_2026.zip,2026-10-08
cftc_gold_prod_net,2023-07-03,2023-07-06,-27425.0,https://www.cftc.gov/files/dea/history/fut_disagg_txt_2026.zip,2026-10-08
cftc_gold_prod_net,2023-07-11,2023-07-14,-29074.0,https://www.cftc.gov/files/dea/history/fut_disagg_txt_2026.zip,2026-10-08
cftc_gold_prod_net,2023-07-18,2023-07-21,-39274.0,https://www.cftc.gov/files/dea/history/fut_disagg_txt_2026.zip,2026-10-08
cftc_gold_prod_net,2023-07-25,2023-07-28,-38944.0,https://www.cftc.gov/files/dea/history/fut_disagg_txt_2026.zip,2026-10-08
cftc_gold_prod_net,2023-08-01,2023-08-04,-30212.0,https://www.cftc.gov/files/dea/history/fut_disagg_txt_2026.zip,2026-10-08
cftc_gold_prod_net,2023-08-08,2023-08-11,-26450.0,https://www.cftc.gov/files/dea/history/fut_disagg_txt_2026.zip,2026-10-08
cftc_gold_prod_net,2023-08-15,2023-08-18,-21530.0,https://www.cftc.gov/files/dea/history/fut_disagg_txt_2026.zip,2026-10-08
cftc_gold_prod_net,2023-08-22,2023-08-25,-17602.0,https://www.cftc.gov/files/dea/history/fut_disagg_txt_2026.zip,2026-10-08
cftc_gold_prod_net,2023-08-29,2023-09-01,-20467.0,https://www.cftc.gov/files/dea/history/fut_disagg_txt_2026.zip,2026-10-08
cftc_gold_prod_net,2023-09-05,2023-09-08,-24374.0,https://www.cftc.gov/files/dea/history/fut_disagg_txt_2026.zip,2026-10-08
cftc_gold_prod_net,2023-09-12,2023-09-15,-22348.0,https://www.cftc.gov/files/dea/history/fut_disagg_txt_2026.zip,2026-10-08
cftc_gold_prod_net,2023-09-19,2023-09-22,-25288.0,https://www.cftc.gov/files/dea/history/fut_disagg_txt_2026.zip,2026-10-08
cftc_gold_prod_net,2023-09-26,2023-09-29,-26667.0,https://www.cftc.gov/files/dea/history/fut_disagg_txt_2026.zip,2026-10-08
cftc_gold_prod_net,2023-10-03,2023-10-06,-22196.0,https://www.cftc.gov/files/dea/history/fut_disagg_txt_2026.zip,2026-10-08
cftc_gold_prod_net,2023-10-10,2023-10-13,-18427.0,https://www.cftc.gov/files/dea/history/fut_disagg_txt_2026.zip,2026-10-08
cftc_gold_prod_net,2023-10-17,2023-10-20,-29966.0,https://www.cftc.gov/files/dea/history/fut_disagg_txt_2026.zip,2026-10-08
cftc_gold_prod_net,2023-10-24,2023-10-27,-40145.0,https://www.cftc.gov/files/dea/history/fut_disagg_txt_2026.zip,2026-10-08
cftc_gold_prod_net,2023-10-31,2023-11-03,-44185.0,https://www.cftc.gov/files/dea/history/fut_disagg_txt_2026.zip,2026-10-08
cftc_gold_prod_net,2023-11-07,2023-11-10,-44983.0,https://www.cftc.gov/files/dea/history/fut_disagg_txt_2026.zip,2026-10-08
cftc_gold_prod_net,2023-11-14,2023-11-17,-43065.0,https://www.cftc.gov/files/dea/history/fut_disagg_txt_2026.zip,2026-10-08
cftc_gold_prod_net,2023-11-21,2023-11-24,-45909.0,https://www.cftc.gov/files/dea/history/fut_disagg_txt_2026.zip,2026-10-08
cftc_gold_prod_net,2023-11-28,2023-12-01,-50608.0,https://www.cftc.gov/files/dea/history/fut_disagg_txt_2026.zip,2026-10-08
cftc_gold_prod_net,2023-12-05,2023-12-08,-49694.0,https://www.cftc.gov/files/dea/history/fut_disagg_txt_2026.zip,2026-10-08
cftc_gold_prod_net,2023-12-12,2023-12-15,-45115.0,https://www.cftc.gov/files/dea/history/fut_disagg_txt_2026.zip,2026-10-08
cftc_gold_prod_net,2023-12-19,2023-12-22,-48016.0,https://www.cftc.gov/files/dea/history/fut_disagg_txt_2026.zip,2026-10-08
cftc_gold_prod_net,2023-12-26,2023-12-29,-45013.0,https://www.cftc.gov/files/dea/history/fut_disagg_txt_2026.zip,2026-10-08
cftc_gold_prod_net,2024-01-02,2024-01-05,-41701.0,https://www.cftc.gov/files/dea/history/fut_disagg_txt_2026.zip,2026-10-08
cftc_gold_prod_net,2024-01-09,2024-01-12,-45001.0,https://www.cftc.gov/files/dea/history/fut_disagg_txt_2026.zip,2026-10-08
cftc_gold_prod_net,2024-01-16,2024-01-19,-40554.0,https://www.cftc.gov/files/dea/history/fut_disagg_txt_2026.zip,2026-10-08
cftc_gold_prod_net,2024-01-23,2024-01-26,-38949.0,https://www.cftc.gov/files/dea/history/fut_disagg_txt_2026.zip,2026-10-08
cftc_gold_prod_net,2024-01-30,2024-02-02,-34359.0,https://www.cftc.gov/files/dea/history/fut_disagg_txt_2026.zip,2026-10-08
cftc_gold_prod_net,2024-02-06,2024-02-09,-36618.0,https://www.cftc.gov/files/dea/history/fut_disagg_txt_2026.zip,2026-10-08
cftc_gold_prod_net,2024-02-13,2024-02-16,-32243.0,https://www.cftc.gov/files/dea/history/fut_disagg_txt_2026.zip,2026-10-08
cftc_gold_prod_net,2024-02-20,2024-02-23,-38451.0,https://www.cftc.gov/files/dea/history/fut_disagg_txt_2026.zip,2026-10-08
cftc_gold_prod_net,2024-02-27,2024-03-01,-39672.0,https://www.cftc.gov/files/dea/history/fut_disagg_txt_2026.zip,2026-10-08
cftc_gold_prod_net,2024-03-05,2024-03-08,-48887.0,https://www.cftc.gov/files/dea/history/fut_disagg_txt_2026.zip,2026-10-08
cftc_gold_prod_net,2024-03-12,2024-03-15,-48440.0,https://www.cftc.gov/files/dea/history/fut_disagg_txt_2026.zip,2026-10-08
cftc_gold_prod_net,2024-03-19,2024-03-22,-49210.0,https://www.cftc.gov/files/dea/history/fut_disagg_txt_2026.zip,2026-10-08
cftc_gold_prod_net,2024-03-26,2024-03-29,-47505.0,https://www.cftc.gov/files/dea/history/fut_disagg_txt_2026.zip,2026-10-08
cftc_gold_prod_net,2024-04-02,2024-04-05,-44887.0,https://www.cftc.gov/files/dea/history/fut_disagg_txt_2026.zip,2026-10-08
cftc_gold_prod_net,2024-04-09,2024-04-12,-42026.0,https://www.cftc.gov/files/dea/history/fut_disagg_txt_2026.zip,2026-10-08
cftc_gold_prod_net,2024-04-16,2024-04-19,-33903.0,https://www.cftc.gov/files/dea/history/fut_disagg_txt_2026.zip,2026-10-08
cftc_gold_prod_net,2024-04-23,2024-04-26,-32593.0,https://www.cftc.gov/files/dea/history/fut_disagg_txt_2026.zip,2026-10-08
cftc_gold_prod_net,2024-04-30,2024-05-03,-30727.0,https://www.cftc.gov/files/dea/history/fut_disagg_txt_2026.zip,2026-10-08
cftc_gold_prod_net,2024-05-07,2024-05-10,-32170.0,https://www.cftc.gov/files/dea/history/fut_disagg_txt_2026.zip,2026-10-08
cftc_gold_prod_net,2024-05-14,2024-05-17,-29559.0,https://www.cftc.gov/files/dea/history/fut_disagg_txt_2026.zip,2026-10-08
cftc_gold_prod_net,2024-05-21,2024-05-24,-36970.0,https://www.cftc.gov/files/dea/history/fut_disagg_txt_2026.zip,2026-10-08
cftc_gold_prod_net,2024-05-28,2024-05-31,-40644.0,https://www.cftc.gov/files/dea/history/fut_disagg_txt_2026.zip,2026-10-08
cftc_gold_prod_net,2024-06-04,2024-06-07,-39886.0,https://www.cftc.gov/files/dea/history/fut_disagg_txt_2026.zip,2026-10-08
cftc_gold_prod_net,2024-06-11,2024-06-14,-40807.0,https://www.cftc.gov/files/dea/history/fut_disagg_txt_2026.zip,2026-10-08
cftc_gold_prod_net,2024-06-18,2024-06-21,-42558.0,https://www.cftc.gov/files/dea/history/fut_disagg_txt_2026.zip,2026-10-08
cftc_gold_prod_net,2024-06-25,2024-06-28,-42603.0,https://www.cftc.gov/files/dea/history/fut_disagg_txt_2026.zip,2026-10-08
cftc_gold_prod_net,2024-07-02,2024-07-05,-44745.0,https://www.cftc.gov/files/dea/history/fut_disagg_txt_2026.zip,2026-10-08
cftc_gold_prod_net,2024-07-09,2024-07-12,-52391.0,https://www.cftc.gov/files/dea/history/fut_disagg_txt_2026.zip,2026-10-08
cftc_gold_prod_net,2024-07-16,2024-07-19,-60318.0,https://www.cftc.gov/files/dea/history/fut_disagg_txt_2026.zip,2026-10-08
cftc_gold_prod_net,2024-07-23,2024-07-26,-54215.0,https://www.cftc.gov/files/dea/history/fut_disagg_txt_2026.zip,2026-10-08
cftc_gold_prod_net,2024-07-30,2024-08-02,-44765.0,https://www.cftc.gov/files/dea/history/fut_disagg_txt_2026.zip,2026-10-08
cftc_gold_prod_net,2024-08-06,2024-08-09,-47145.0,https://www.cftc.gov/files/dea/history/fut_disagg_txt_2026.zip,2026-10-08
cftc_gold_prod_net,2024-08-13,2024-08-16,-52935.0,https://www.cftc.gov/files/dea/history/fut_disagg_txt_2026.zip,2026-10-08
cftc_gold_prod_net,2024-08-20,2024-08-23,-63995.0,https://www.cftc.gov/files/dea/history/fut_disagg_txt_2026.zip,2026-10-08
cftc_gold_prod_net,2024-08-27,2024-08-30,-68384.0,https://www.cftc.gov/files/dea/history/fut_disagg_txt_2026.zip,2026-10-08
cftc_gold_prod_net,2024-09-03,2024-09-06,-69629.0,https://www.cftc.gov/files/dea/history/fut_disagg_txt_2026.zip,2026-10-08
cftc_gold_prod_net,2024-09-10,2024-09-13,-75374.0,https://www.cftc.gov/files/dea/history/fut_disagg_txt_2026.zip,2026-10-08
cftc_gold_prod_net,2024-09-17,2024-09-20,-77587.0,https://www.cftc.gov/files/dea/history/fut_disagg_txt_2026.zip,2026-10-08
cftc_gold_prod_net,2024-09-24,2024-09-27,-80030.0,https://www.cftc.gov/files/dea/history/fut_disagg_txt_2026.zip,2026-10-08
cftc_gold_prod_net,2024-10-01,2024-10-04,-75226.0,https://www.cftc.gov/files/dea/history/fut_disagg_txt_2026.zip,2026-10-08
cftc_gold_prod_net,2024-10-08,2024-10-11,-71151.0,https://www.cftc.gov/files/dea/history/fut_disagg_txt_2026.zip,2026-10-08
cftc_gold_prod_net,2024-10-15,2024-10-18,-74698.0,https://www.cftc.gov/files/dea/history/fut_disagg_txt_2026.zip,2026-10-08
cftc_gold_prod_net,2024-10-22,2024-10-25,-82095.0,https://www.cftc.gov/files/dea/history/fut_disagg_txt_2026.zip,2026-10-08
cftc_gold_prod_net,2024-10-29,2024-11-01,-74620.0,https://www.cftc.gov/files/dea/history/fut_disagg_txt_2026.zip,2026-10-08
cftc_gold_prod_net,2024-11-05,2024-11-08,-69363.0,https://www.cftc.gov/files/dea/history/fut_disagg_txt_2026.zip,2026-10-08
cftc_gold_prod_net,2024-11-12,2024-11-15,-67456.0,https://www.cftc.gov/files/dea/history/fut_disagg_txt_2026.zip,2026-10-08
cftc_gold_prod_net,2024-11-19,2024-11-22,-70317.0,https://www.cftc.gov/files/dea/history/fut_disagg_txt_2026.zip,2026-10-08
cftc_gold_prod_net,2024-11-26,2024-11-29,-67080.0,https://www.cftc.gov/files/dea/history/fut_disagg_txt_2026.zip,2026-10-08
cftc_gold_prod_net,2024-12-03,2024-12-06,-62341.0,https://www.cftc.gov/files/dea/history/fut_disagg_txt_2026.zip,2026-10-08
cftc_gold_prod_net,2024-12-10,2024-12-13,-66445.0,https://www.cftc.gov/files/dea/history/fut_disagg_txt_2026.zip,2026-10-08
cftc_gold_prod_net,2024-12-17,2024-12-20,-72455.0,https://www.cftc.gov/files/dea/history/fut_disagg_txt_2026.zip,2026-10-08
cftc_gold_prod_net,2024-12-24,2024-12-27,-74789.0,https://www.cftc.gov/files/dea/history/fut_disagg_txt_2026.zip,2026-10-08
cftc_gold_prod_net,2024-12-31,2025-01-03,-73361.0,https://www.cftc.gov/files/dea/history/fut_disagg_txt_2026.zip,2026-10-08
cftc_gold_prod_net,2025-01-07,2025-01-10,-70967.0,https://www.cftc.gov/files/dea/history/fut_disagg_txt_2026.zip,2026-10-08
cftc_gold_prod_net,2025-01-14,2025-01-17,-73987.0,https://www.cftc.gov/files/dea/history/fut_disagg_txt_2026.zip,2026-10-08
cftc_gold_prod_net,2025-01-21,2025-01-24,-80606.0,https://www.cftc.gov/files/dea/history/fut_disagg_txt_2026.zip,2026-10-08
cftc_gold_prod_net,2025-01-28,2025-01-31,-80898.0,https://www.cftc.gov/files/dea/history/fut_disagg_txt_2026.zip,2026-10-08
cftc_gold_prod_net,2025-02-04,2025-02-07,-63444.0,https://www.cftc.gov/files/dea/history/fut_disagg_txt_2026.zip,2026-10-08
cftc_gold_prod_net,2025-02-11,2025-02-14,-60901.0,https://www.cftc.gov/files/dea/history/fut_disagg_txt_2026.zip,2026-10-08
cftc_gold_prod_net,2025-02-18,2025-02-21,-60419.0,https://www.cftc.gov/files/dea/history/fut_disagg_txt_2026.zip,2026-10-08
cftc_gold_prod_net,2025-02-25,2025-02-28,-60490.0,https://www.cftc.gov/files/dea/history/fut_disagg_txt_2026.zip,2026-10-08
cftc_gold_prod_net,2025-03-04,2025-03-07,-58579.0,https://www.cftc.gov/files/dea/history/fut_disagg_txt_2026.zip,2026-10-08
cftc_gold_prod_net,2025-03-11,2025-03-14,-57259.0,https://www.cftc.gov/files/dea/history/fut_disagg_txt_2026.zip,2026-10-08
cftc_gold_prod_net,2025-03-18,2025-03-21,-64380.0,https://www.cftc.gov/files/dea/history/fut_disagg_txt_2026.zip,2026-10-08
cftc_gold_prod_net,2025-03-25,2025-03-28,-62757.0,https://www.cftc.gov/files/dea/history/fut_disagg_txt_2026.zip,2026-10-08
cftc_gold_prod_net,2025-04-01,2025-04-04,-62315.0,https://www.cftc.gov/files/dea/history/fut_disagg_txt_2026.zip,2026-10-08
cftc_gold_prod_net,2025-04-08,2025-04-11,-52647.0,https://www.cftc.gov/files/dea/history/fut_disagg_txt_2026.zip,2026-10-08
cftc_gold_prod_net,2025-04-15,2025-04-18,-51605.0,https://www.cftc.gov/files/dea/history/fut_disagg_txt_2026.zip,2026-10-08
cftc_gold_prod_net,2025-04-22,2025-04-25,-45310.0,https://www.cftc.gov/files/dea/history/fut_disagg_txt_2026.zip,2026-10-08
cftc_gold_prod_net,2025-04-29,2025-05-02,-45074.0,https://www.cftc.gov/files/dea/history/fut_disagg_txt_2026.zip,2026-10-08
cftc_gold_prod_net,2025-05-06,2025-05-09,-45285.0,https://www.cftc.gov/files/dea/history/fut_disagg_txt_2026.zip,2026-10-08
cftc_gold_prod_net,2025-05-13,2025-05-16,-41533.0,https://www.cftc.gov/files/dea/history/fut_disagg_txt_2026.zip,2026-10-08
cftc_gold_prod_net,2025-05-20,2025-05-23,-38817.0,https://www.cftc.gov/files/dea/history/fut_disagg_txt_2026.zip,2026-10-08
cftc_gold_prod_net,2025-05-27,2025-05-30,-46192.0,https://www.cftc.gov/files/dea/history/fut_disagg_txt_2026.zip,2026-10-08
cftc_gold_prod_net,2025-06-03,2025-06-06,-48108.0,https://www.cftc.gov/files/dea/history/fut_disagg_txt_2026.zip,2026-10-08
cftc_gold_prod_net,2025-06-10,2025-06-13,-49365.0,https://www.cftc.gov/files/dea/history/fut_disagg_txt_2026.zip,2026-10-08
cftc_gold_prod_net,2025-06-17,2025-06-20,-52962.0,https://www.cftc.gov/files/dea/history/fut_disagg_txt_2026.zip,2026-10-08
cftc_gold_prod_net,2025-06-24,2025-06-27,-50415.0,https://www.cftc.gov/files/dea/history/fut_disagg_txt_2026.zip,2026-10-08
cftc_gold_prod_net,2025-07-01,2025-07-04,-49413.0,https://www.cftc.gov/files/dea/history/fut_disagg_txt_2026.zip,2026-10-08
cftc_gold_prod_net,2025-07-08,2025-07-11,-46812.0,https://www.cftc.gov/files/dea/history/fut_disagg_txt_2026.zip,2026-10-08
cftc_gold_prod_net,2025-07-15,2025-07-18,-46736.0,https://www.cftc.gov/files/dea/history/fut_disagg_txt_2026.zip,2026-10-08
cftc_gold_prod_net,2025-07-22,2025-07-25,-51362.0,https://www.cftc.gov/files/dea/history/fut_disagg_txt_2026.zip,2026-10-08
cftc_gold_prod_net,2025-07-29,2025-08-01,-48170.0,https://www.cftc.gov/files/dea/history/fut_disagg_txt_2026.zip,2026-10-08
cftc_gold_prod_net,2025-08-05,2025-08-08,-34017.0,https://www.cftc.gov/files/dea/history/fut_disagg_txt_2026.zip,2026-10-08
cftc_gold_prod_net,2025-08-12,2025-08-15,-39750.0,https://www.cftc.gov/files/dea/history/fut_disagg_txt_2026.zip,2026-10-08
cftc_gold_prod_net,2025-08-19,2025-08-22,-40005.0,https://www.cftc.gov/files/dea/history/fut_disagg_txt_2026.zip,2026-10-08
cftc_gold_prod_net,2025-08-26,2025-08-29,-42328.0,https://www.cftc.gov/files/dea/history/fut_disagg_txt_2026.zip,2026-10-08
cftc_gold_prod_net,2025-09-02,2025-09-05,-55302.0,https://www.cftc.gov/files/dea/history/fut_disagg_txt_2026.zip,2026-10-08
cftc_gold_prod_net,2025-09-09,2025-09-12,-62554.0,https://www.cftc.gov/files/dea/history/fut_disagg_txt_2026.zip,2026-10-08
cftc_gold_prod_net,2025-09-16,2025-09-19,-65384.0,https://www.cftc.gov/files/dea/history/fut_disagg_txt_2026.zip,2026-10-08
cftc_gold_prod_net,2025-09-23,2025-09-26,-67152.0,https://www.cftc.gov/files/dea/history/fut_disagg_txt_2026.zip,2026-10-08
cftc_gold_prod_net,2025-09-30,2025-10-03,-65397.0,https://www.cftc.gov/files/dea/history/fut_disagg_txt_2026.zip,2026-10-08
cftc_gold_prod_net,2025-10-07,2025-10-10,-65352.0,https://www.cftc.gov/files/dea/history/fut_disagg_txt_2026.zip,2026-10-08
cftc_gold_prod_net,2025-10-14,2025-10-17,-61457.0,https://www.cftc.gov/files/dea/history/fut_disagg_txt_2026.zip,2026-10-08
cftc_gold_prod_net,2025-10-21,2025-10-24,-57778.0,https://www.cftc.gov/files/dea/history/fut_disagg_txt_2026.zip,2026-10-08
cftc_gold_prod_net,2025-10-28,2025-10-31,-58194.0,https://www.cftc.gov/files/dea/history/fut_disagg_txt_2026.zip,2026-10-08
cftc_gold_prod_net,2025-11-04,2025-11-07,-59451.0,https://www.cftc.gov/files/dea/history/fut_disagg_txt_2026.zip,2026-10-08
cftc_gold_prod_net,2025-11-10,2025-11-13,-58746.0,https://www.cftc.gov/files/dea/history/fut_disagg_txt_2026.zip,2026-10-08
cftc_gold_prod_net,2025-11-18,2025-11-21,-58897.0,https://www.cftc.gov/files/dea/history/fut_disagg_txt_2026.zip,2026-10-08
cftc_gold_prod_net,2025-11-25,2025-11-28,-46692.0,https://www.cftc.gov/files/dea/history/fut_disagg_txt_2026.zip,2026-10-08
cftc_gold_prod_net,2025-12-02,2025-12-05,-48707.0,https://www.cftc.gov/files/dea/history/fut_disagg_txt_2026.zip,2026-10-08
cftc_gold_prod_net,2025-12-09,2025-12-12,-49393.0,https://www.cftc.gov/files/dea/history/fut_disagg_txt_2026.zip,2026-10-08
cftc_gold_prod_net,2025-12-16,2025-12-19,-44249.0,https://www.cftc.gov/files/dea/history/fut_disagg_txt_2026.zip,2026-10-08
cftc_gold_prod_net,2025-12-23,2025-12-26,-51284.0,https://www.cftc.gov/files/dea/history/fut_disagg_txt_2026.zip,2026-10-08
cftc_gold_prod_net,2025-12-30,2026-01-02,-54481.0,https://www.cftc.gov/files/dea/history/fut_disagg_txt_2026.zip,2026-10-08
cftc_gold_prod_net,2026-01-06,2026-01-09,-50542.0,https://www.cftc.gov/files/dea/history/fut_disagg_txt_2026.zip,2026-10-08
cftc_gold_prod_net,2026-01-13,2026-01-16,-51165.0,https://www.cftc.gov/files/dea/history/fut_disagg_txt_2026.zip,2026-10-08
cftc_gold_prod_net,2026-01-20,2026-01-23,-42289.0,https://www.cftc.gov/files/dea/history/fut_disagg_txt_2026.zip,2026-10-08
cftc_gold_prod_net,2026-01-27,2026-01-30,-40589.0,https://www.cftc.gov/files/dea/history/fut_disagg_txt_2026.zip,2026-10-08
cftc_gold_prod_net,2026-02-03,2026-02-06,-24634.0,https://www.cftc.gov/files/dea/history/fut_disagg_txt_2026.zip,2026-10-08
cftc_gold_prod_net,2026-02-10,2026-02-13,-18445.0,https://www.cftc.gov/files/dea/history/fut_disagg_txt_2026.zip,2026-10-08
cftc_gold_prod_net,2026-02-17,2026-02-20,-21398.0,https://www.cftc.gov/files/dea/history/fut_disagg_txt_2026.zip,2026-10-08
cftc_gold_prod_net,2026-02-24,2026-02-27,-19818.0,https://www.cftc.gov/files/dea/history/fut_disagg_txt_2026.zip,2026-10-08
cftc_gold_prod_net,2026-03-03,2026-03-06,-20791.0,https://www.cftc.gov/files/dea/history/fut_disagg_txt_2026.zip,2026-10-08
cftc_gold_prod_net,2026-03-10,2026-03-13,-19696.0,https://www.cftc.gov/files/dea/history/fut_disagg_txt_2026.zip,2026-10-08
cftc_gold_prod_net,2026-03-17,2026-03-20,-17834.0,https://www.cftc.gov/files/dea/history/fut_disagg_txt_2026.zip,2026-10-08
cftc_gold_prod_net,2026-03-24,2026-03-27,-22216.0,https://www.cftc.gov/files/dea/history/fut_disagg_txt_2026.zip,2026-10-08
cftc_gold_prod_net,2026-03-31,2026-04-03,-19910.0,https://www.cftc.gov/files/dea/history/fut_disagg_txt_2026.zip,2026-10-08
cftc_gold_prod_net,2026-04-07,2026-04-10,-19296.0,https://www.cftc.gov/files/dea/history/fut_disagg_txt_2026.zip,2026-10-08
cftc_gold_prod_net,2026-04-14,2026-04-17,-18530.0,https://www.cftc.gov/files/dea/history/fut_disagg_txt_2026.zip,2026-10-08
cftc_gold_prod_net,2026-04-21,2026-04-24,-20418.0,https://www.cftc.gov/files/dea/history/fut_disagg_txt_2026.zip,2026-10-08
cftc_gold_prod_net,2026-04-28,2026-05-01,-20192.0,https://www.cftc.gov/files/dea/history/fut_disagg_txt_2026.zip,2026-10-08
cftc_gold_prod_net,2026-05-05,2026-05-08,-19112.0,https://www.cftc.gov/files/dea/history/fut_disagg_txt_2026.zip,2026-10-08
cftc_gold_prod_net,2026-05-12,2026-05-15,-20202.0,https://www.cftc.gov/files/dea/history/fut_disagg_txt_2026.zip,2026-10-08
cftc_gold_prod_net,2026-05-19,2026-05-22,-17914.0,https://www.cftc.gov/files/dea/history/fut_disagg_txt_2026.zip,2026-10-08
cftc_gold_prod_net,2026-05-26,2026-05-29,-19510.0,https://www.cftc.gov/files/dea/history/fut_disagg_txt_2026.zip,2026-10-08
cftc_gold_prod_net,2026-06-02,2026-06-05,-20154.0,https://www.cftc.gov/files/dea/history/fut_disagg_txt_2026.zip,2026-10-08
cftc_gold_prod_net,2026-06-09,2026-06-12,-19300.0,https://www.cftc.gov/files/dea/history/fut_disagg_txt_2026.zip,2026-10-08
cftc_gold_prod_net,2026-06-16,2026-06-19,-17047.0,https://www.cftc.gov/files/dea/history/fut_disagg_txt_2026.zip,2026-10-08
cftc_gold_prod_net,2026-06-23,2026-06-26,-9336.0,https://www.cftc.gov/files/dea/history/fut_disagg_txt_2026.zip,2026-10-08
cftc_gold_prod_net,2026-06-30,2026-07-03,-17046.0,https://www.cftc.gov/files/dea/history/fut_disagg_txt_2026.zip,2026-10-08
cftc_gold_prod_net,2026-07-07,2026-07-10,-20986.0,https://www.cftc.gov/files/dea/history/fut_disagg_txt_2026.zip,2026-10-08
cftc_gold_prod_net,2026-07-14,2026-07-17,-19149.0,https://www.cftc.gov/files/dea/history/fut_disagg_txt_2026.zip,2026-10-08
cftc_gold_prod_net,2026-07-21,2026-07-24,-19321.0,https://www.cftc.gov/files/dea/history/fut_disagg_txt_2026.zip,2026-10-08
cftc_gold_prod_net,2026-07-28,2026-07-31,-20549.0,https://www.cftc.gov/files/dea/history/fut_disagg_txt_2026.zip,2026-10-08
cftc_gold_prod_net,2026-08-04,2026-08-07,-18856.0,https://www.cftc.gov/files/dea/history/fut_disagg_txt_2026.zip,2026-10-08
cftc_gold_prod_net,2026-08-11,2026-08-14,-27935.0,https://www.cftc.gov/files/dea/history/fut_disagg_txt_2026.zip,2026-10-08
cftc_gold_prod_net,2026-08-18,2026-08-21,-29761.0,https://www.cftc.gov/files/dea/history/fut_disagg_txt_2026.zip,2026-10-08
cftc_gold_prod_net,2026-08-25,2026-08-28,-34558.0,https://www.cftc.gov/files/dea/history/fut_disagg_txt_2026.zip,2026-10-08
cftc_gold_prod_net,2026-09-01,2026-09-04,-31289.0,https://www.cftc.gov/files/dea/history/fut_disagg_txt_2026.zip,2026-10-08
cftc_gold_prod_net,2026-09-08,2026-09-11,-30961.0,https://www.cftc.gov/files/dea/history/fut_disagg_txt_2026.zip,2026-10-08
cftc_gold_prod_net,2026-09-15,2026-09-18,-28061.0,https://www.cftc.gov/files/dea/history/fut_disagg_txt_2026.zip,2026-10-08
cftc_gold_prod_net,2026-09-22,2026-09-25,-26777.0,https://www.cftc.gov/files/dea/history/fut_disagg_txt_2026.zip,2026-10-08
cftc_gold_prod_net,2026-09-29,2026-10-02,-21263.0,https://www.cftc.gov/files/dea/history/fut_disagg_txt_2026.zip,2026-10-08
