series_id,ref_date,available_date,value,source,fetched_at
cftc_copper_mm_net,2006-06-13,2006-06-16,-540.0,https://www.cftc.gov/files/dea/history/fut_disagg_txt_2026.zip,2026-10-08
cftc_copper_mm_net,2006-06-20,2006-06-23,1033.0,https://www.cftc.gov/files/dea/history/fut_disagg_txt_2026.zip,2026-10-08
cftc_copper_mm_net,2006-06-27,2006-06-30,23.0,https://www.cftc.gov/files/dea/history/fut_disagg_txt_2026.zip,2026-10-08
cftc_copper_mm_net,2006-07-03,2006-07-06,1759.0,https://www.cftc.gov/files/dea/history/fut_disagg_txt_2026.zip,2026-10-08
cftc_copper_mm_net,2006-07-11,2006-07-14,2596.0,https://www.cftc.gov/files/dea/history/fut_disagg_txt_2026.zip,2026-10-08
cftc_copper_mm_net,2006-07-18,2006-07-21,2631.0,https://www.cftc.gov/files/dea/history/fut_disagg_txt_2026.zip,2026-10-08
cftc_copper_mm_net,2006-07-25,2006-07-28,224.0,https://www.cftc.gov/files/dea/history/fut_disagg_txt_2026.zip,2026-10-08
cftc_copper_mm_net,2006-08-01,2006-08-04,-121.0,https://www.cftc.gov/files/dea/history/fut_disagg_txt_2026.zip,2026-10-08
cftc_copper_mm_net,2006-08-08,2006-08-11,-494.0,https://www.cftc.gov/files/dea/history/fut_disagg_txt_2026.zip,2026-10-08
cftc_copper_mm_net,2006-08-15,2006-08-18,-1376.0,https://www.cftc.gov/files/dea/history/fut_disagg_txt_2026.zip,2026-10-08
cftc_copper_mm_net,2006-08-22,2006-08-25,-3097.0,https://www.cftc.gov/files/dea/history/fut_disagg_txt_2026.zip,2026-10-08
cftc_copper_mm_net,2006-08-29,2006-09-01,-4479.0,https://www.cftc.gov/files/dea/history/fut_disagg_txt_2026.zip,2026-10-08
cftc_copper_mm_net,2006-09-05,2006-09-08,-2547.0,https://www.cftc.gov/files/dea/history/fut_disagg_txt_2026.zip,2026-10-08
cftc_copper_mm_net,2006-09-12,2006-09-15,-2784.0,https://www.cftc.gov/files/dea/history/fut_disagg_txt_2026.zip,2026-10-08
cftc_copper_mm_net,2006-09-19,2006-09-22,-3488.0,https://www.cftc.gov/files/dea/history/fut_disagg_txt_2026.zip,2026-10-08
cftc_copper_mm_net,2006-09-26,2006-09-29,-2220.0,https://www.cftc.gov/files/dea/history/fut_disagg_txt_2026.zip,2026-10-08
cftc_copper_mm_net,2006-10-03,2006-10-06,-5211.0,https://www.cftc.gov/files/dea/history/fut_disagg_txt_2026.zip,2026-10-08
cftc_copper_mm_net,2006-10-10,2006-10-13,-5944.0,https://www.cftc.gov/files/dea/history/fut_disagg_txt_2026.zip,2026-10-08
cftc_copper_mm_net,2006-10-17,2006-10-20,-2108.0,https://www.cftc.gov/files/dea/history/fut_disagg_txt_2026.zip,2026-10-08
cftc_copper_mm_net,2006-10-24,2006-10-27,-1864.0,https://www.cftc.gov/files/dea/history/fut_disagg_txt_2026.zip,2026-10-08
cftc_copper_mm_net,2006-10-31,2006-11-03,-4339.0,https://www.cftc.gov/files/dea/history/fut_disagg_txt_2026.zip,2026-10-08
cftc_copper_mm_net,2006-11-07,2006-11-10,-5797.0,https://www.cftc.gov/files/dea/history/fut_disagg_txt_2026.zip,2026-10-08
cftc_copper_mm_net,2006-11-14,2006-11-17,-9647.0,https://www.cftc.gov/files/dea/history/fut_disagg_txt_2026.zip,2026-10-08
cftc_copper_mm_net,2006-11-21,2006-11-24,-10045.0,https://www.cftc.gov/files/dea/history/fut_disagg_txt_2026.zip,2026-10-08
cftc_copper_mm_net,2006-11-28,2006-12-01,-9963.0,https://www.cftc.gov/files/dea/history/fut_disagg_txt_2026.zip,2026-10-08
cftc_copper_mm_net,2006-12-05,2006-12-08,-8877.0,https://www.cftc.gov/files/dea/history/fut_disagg_txt_2026.zip,2026-10-08
cftc_copper_mm_net,2006-12-12,2006-12-15,-9298.0,https://www.cftc.gov/files/dea/history/fut_disagg_txt_2026.zip,2026-10-08
cftc_copper_mm_net,2006-12-19,2006-12-22,-11219.0,https://www.cftc.gov/files/dea/history/fut_disagg_txt_2026.zip,2026-10-08
cftc_copper_mm_net,2006-12-26,2006-12-29,-12792.0,https://www.cftc.gov/files/dea/history/fut_disagg_txt_2026.zip,2026-10-08
cftc_copper_mm_net,2007-01-03,2007-01-06,-12796.0,https://www.cftc.gov/files/dea/history/fut_disagg_txt_2026.zip,2026-10-08
cftc_copper_mm_net,2007-01-09,2007-01-12,-15393.0,https://www.cftc.gov/files/dea/history/fut_disagg_txt_2026.zip,2026-10-08
cftc_copper_mm_net,2007-01-16,2007-01-19,-15406.0,https://www.cftc.gov/files/dea/history/fut_disagg_txt_2026.zip,2026-10-08
cftc_copper_mm_net,2007-01-23,2007-01-26,-16271.0,https://www.cftc.gov/files/dea/history/fut_disagg_txt_2026.zip,2026-10-08
cftc_copper_mm_net,2007-01-30,2007-02-02,-16686.0,https://www.cftc.gov/files/dea/history/fut_disagg_txt_2026.zip,2026-10-08
cftc_copper_mm_net,2007-02-06,2007-02-09,-17426.0,https://www.cftc.gov/files/dea/history/fut_disagg_txt_2026.zip,2026-10-08
cftc_copper_mm_net,2007-02-13,2007-02-16,-15497.0,https://www.cftc.gov/files/dea/history/fut_disagg_txt_2026.zip,2026-10-08
cftc_copper_mm_net,2007-02-20,2007-02-23,-15522.0,https://www.cftc.gov/files/dea/history/fut_disagg_txt_2026.zip,2026-10-08
cftc_copper_mm_net,2007-02-27,2007-03-02,-12868.0,https://www.cftc.gov/files/dea/history/fut_disagg_txt_2026.zip,2026-10-08
cftc_copper_mm_net,2007-03-06,2007-03-09,-14047.0,https://www.cftc.gov/files/dea/history/fut_disagg_txt_2026.zip,2026-10-08
cftc_copper_mm_net,2007-03-13,2007-03-16,-11808.0,https://www.cftc.gov/files/dea/history/fut_disagg_txt_2026.zip,2026-10-08
cftc_copper_mm_net,2007-03-20,2007-03-23,-6936.0,https://www.cftc.gov/files/dea/history/fut_disagg_txt_2026.zip,2026-10-08
cftc_copper_mm_net,2007-03-27,2007-03-30,-7821.0,https://www.cftc.gov/files/dea/history/fut_disagg_txt_2026.zip,2026-10-08
cftc_copper_mm_net,2007-04-03,2007-04-06,-5336.0,https://www.cftc.gov/files/dea/history/fut_disagg_txt_2026.zip,2026-10-08
cftc_copper_mm_net,2007-04-10,2007-04-13,-4170.0,https://www.cftc.gov/files/dea/history/fut_disagg_txt_2026.zip,2026-10-08
cftc_copper_mm_net,2007-04-17,2007-04-20,-2707.0,https://www.cftc.gov/files/dea/history/fut_disagg_txt_2026.zip,2026-10-08
cftc_copper_mm_net,2007-04-24,2007-04-27,-2584.0,https://www.cftc.gov/files/dea/history/fut_disagg_txt_2026.zip,2026-10-08
cftc_copper_mm_net,2007-05-01,2007-05-04,-1403.0,https://www.cftc.gov/files/dea/history/fut_disagg_txt_2026.zip,2026-10-08
cftc_copper_mm_net,2007-05-08,2007-05-11,-1238.0,https://www.cftc.gov/files/dea/history/fut_disagg_txt_2026.zip,2026-10-08
cftc_copper_mm_net,2007-05-15,2007-05-18,-2799.0,https://www.cftc.gov/files/dea/history/fut_disagg_txt_2026.zip,2026-10-08
cftc_copper_mm_net,2007-05-22,2007-05-25,-5226.0,https://www.cftc.gov/files/dea/history/fut_disagg_txt_2026.zip,2026-10-08
cftc_copper_mm_net,2007-05-29,2007-06-01,-5368.0,https://www.cftc.gov/files/dea/history/fut_disagg_txt_2026.zip,2026-10-08
cftc_copper_mm_net,2007-06-05,2007-06-08,-3872.0,https://www.cftc.gov/files/dea/history/fut_disagg_txt_2026.zip,2026-10-08
cftc_copper_mm_net,2007-06-12,2007-06-15,-3241.0,https://www.cftc.gov/files/dea/history/fut_disagg_txt_2026.zip,2026-10-08
cftc_copper_mm_net,2007-06-19,2007-06-22,-2420.0,https://www.cftc.gov/files/dea/history/fut_disagg_txt_2026.zip,2026-10-08
cftc_copper_mm_net,2007-06-26,2007-06-29,-3854.0,https://www.cftc.gov/files/dea/history/fut_disagg_txt_2026.zip,2026-10-08
cftc_copper_mm_net,2007-07-03,2007-07-06,-1386.0,https://www.cftc.gov/files/dea/history/fut_disagg_txt_2026.zip,2026-10-08
cftc_copper_mm_net,2007-07-10,2007-07-13,2730.0,https://www.cftc.gov/files/dea/history/fut_disagg_txt_2026.zip,2026-10-08
cftc_copper_mm_net,2007-07-17,2007-07-20,2130.0,https://www.cftc.gov/files/dea/history/fut_disagg_txt_2026.zip,2026-10-08
cftc_copper_mm_net,2007-07-24,2007-07-27,3694.0,https://www.cftc.gov/files/dea/history/fut_disagg_txt_2026.zip,2026-10-08
cftc_copper_mm_net,2007-07-31,2007-08-03,2044.0,https://www.cftc.gov/files/dea/history/fut_disagg_txt_2026.zip,2026-10-08
cftc_copper_mm_net,2007-08-07,2007-08-10,944.0,https://www.cftc.gov/files/dea/history/fut_disagg_txt_2026.zip,2026-10-08
cftc_copper_mm_net,2007-08-14,2007-08-17,1897.0,https://www.cftc.gov/files/dea/history/fut_disagg_txt_2026.zip,2026-10-08
cftc_copper_mm_net,2007-08-21,2007-08-24,-1801.0,https://www.cftc.gov/files/dea/history/fut_disagg_txt_2026.zip,2026-10-08
cftc_copper_mm_net,2007-08-28,2007-08-31,-173.0,https://www.cftc.gov/files/dea/history/fut_disagg_txt_2026.zip,2026-10-08
cftc_copper_mm_net,2007-09-04,2007-09-07,1919.0,https://www.cftc.gov/files/dea/history/fut_disagg_txt_2026.zip,2026-10-08
cftc_copper_mm_net,2007-09-11,2007-09-14,3130.0,https://www.cftc.gov/files/dea/history/fut_disagg_txt_2026.zip,2026-10-08
cftc_copper_mm_net,2007-09-18,2007-09-21,5941.0,https://www.cftc.gov/files/dea/history/fut_disagg_txt_2026.zip,2026-10-08
cftc_copper_mm_net,2007-09-25,2007-09-28,8454.0,https://www.cftc.gov/files/dea/history/fut_disagg_txt_2026.zip,2026-10-08
cftc_copper_mm_net,2007-10-02,2007-10-05,10876.0,https://www.cftc.gov/files/dea/history/fut_disagg_txt_2026.zip,2026-10-08
cftc_copper_mm_net,2007-10-09,2007-10-12,12474.0,https://www.cftc.gov/files/dea/history/fut_disagg_txt_2026.zip,2026-10-08
cftc_copper_mm_net,2007-10-16,2007-10-19,10352.0,https://www.cftc.gov/files/dea/history/fut_disagg_txt_2026.zip,2026-10-08
cftc_copper_mm_net,2007-10-23,2007-10-26,6767.0,https://www.cftc.gov/files/dea/history/fut_disagg_txt_2026.zip,2026-10-08
cftc_copper_mm_net,2007-10-30,2007-11-02,4024.0,https://www.cftc.gov/files/dea/history/fut_disagg_txt_2026.zip,2026-10-08
cftc_copper_mm_net,2007-11-06,2007-11-09,1618.0,https://www.cftc.gov/files/dea/history/fut_disagg_txt_2026.zip,2026-10-08
cftc_copper_mm_net,2007-11-13,2007-11-16,-2362.0,https://www.cftc.gov/files/dea/history/fut_disagg_txt_2026.zip,2026-10-08
cftc_copper_mm_net,2007-11-20,2007-11-23,-4449.0,https://www.cftc.gov/files/dea/history/fut_disagg_txt_2026.zip,2026-10-08
cftc_copper_mm_net,2007-11-27,2007-11-30,-5714.0,https://www.cftc.gov/files/dea/history/fut_disagg_txt_2026.zip,2026-10-08
cftc_copper_mm_net,2007-12-04,2007-12-07,-4931.0,https://www.cftc.gov/files/dea/history/fut_disagg_txt_2026.zip,2026-10-08
cftc_copper_mm_net,2007-12-11,2007-12-14,-4993.0,https://www.cftc.gov/files/dea/history/fut_disagg_txt_2026.zip,2026-10-08
cftc_copper_mm_net,2007-12-18,2007-12-21,-5887.0,https://www.cftc.gov/files/dea/history/fut_disagg_txt_2026.zip,2026-10-08
cftc_copper_mm_net,2007-12-24,2007-12-27,-5095.0,https://www.cftc.gov/files/dea/history/fut_disagg_txt_2026.zip,2026-10-08
cftc_copper_mm_net,2007-12-31,2008-01-03,-4151.0,https://www.cftc.gov/files/dea/history/fut_disagg_txt_2026.zip,2026-10-08
cftc_copper_mm_net,2008-01-08,2008-01-11,-2339.0,https://www.cftc.gov/files/dea/history/fut_disagg_txt_2026.zip,2026-10-08
cftc_copper_mm_net,2008-01-15,2008-01-18,-3386.0,https://www.cftc.gov/files/dea/history/fut_disagg_txt_2026.zip,2026-10-08
cftc_copper_mm_net,2008-01-22,2008-01-25,-3066.0,https://www.cftc.gov/files/dea/history/fut_disagg_txt_2026.zip,2026-10-08
cftc_copper_mm_net,2008-01-29,2008-02-01,-3570.0,https://www.cftc.gov/files/dea/history/fut_disagg_txt_2026.zip,2026-10-08
cftc_copper_mm_net,2008-02-05,2008-02-08,-2946.0,https://www.cftc.gov/files/dea/history/fut_disagg_txt_2026.zip,2026-10-08
cftc_copper_mm_net,2008-02-12,2008-02-15,5715.0,https://www.cftc.gov/files/dea/history/fut_disagg_txt_2026.zip,2026-10-08
cftc_copper_mm_net,2008-02-19,2008-02-22,8540.0,https://www.cftc.gov/files/dea/history/fut_disagg_txt_2026.zip,2026-10-08
cftc_copper_mm_net,2008-02-26,2008-02-29,10466.0,https://www.cftc.gov/files/dea/history/fut_disagg_txt_2026.zip,2026-10-08
cftc_copper_mm_net,2008-03-04,2008-03-07,12188.0,https://www.cftc.gov/files/dea/history/fut_disagg_txt_2026.zip,2026-10-08
cftc_copper_mm_net,2008-03-11,2008-03-14,12915.0,https://www.cftc.gov/files/dea/history/fut_disagg_txt_2026.zip,2026-10-08
cftc_copper_mm_net,2008-03-18,2008-03-21,11519.0,https://www.cftc.gov/files/dea/history/fut_disagg_txt_2026.zip,2026-10-08
cftc_copper_mm_net,2008-03-25,2008-03-28,11693.0,https://www.cftc.gov/files/dea/history/fut_disagg_txt_2026.zip,2026-10-08
cftc_copper_mm_net,2008-04-01,2008-04-04,13935.0,https://www.cftc.gov/files/dea/history/fut_disagg_txt_2026.zip,2026-10-08
cftc_copper_mm_net,2008-04-08,2008-04-11,13618.0,https://www.cftc.gov/files/dea/history/fut_disagg_txt_2026.zip,2026-10-08
cftc_copper_mm_net,2008-04-15,2008-04-18,14040.0,https://www.cftc.gov/files/dea/history/fut_disagg_txt_2026.zip,2026-10-08
cftc_copper_mm_net,2008-04-22,2008-04-25,14342.0,https://www.cftc.gov/files/dea/history/fut_disagg_txt_2026.zip,2026-10-08
cftc_copper_mm_net,2008-04-29,2008-05-02,11992.0,https://www.cftc.gov/files/dea/history/fut_disagg_txt_2026.zip,2026-10-08
cftc_copper_mm_net,2008-05-06,2008-05-09,11245.0,https://www.cftc.gov/files/dea/history/fut_disagg_txt_2026.zip,2026-10-08
cftc_copper_mm_net,2008-05-13,2008-05-16,9745.0,https://www.cftc.gov/files/dea/history/fut_disagg_txt_2026.zip,2026-10-08
cftc_copper_mm_net,2008-05-20,2008-05-23,10314.0,https://www.cftc.gov/files/dea/history/fut_disagg_txt_2026.zip,2026-10-08
cftc_copper_mm_net,2008-05-27,2008-05-30,9905.0,https://www.cftc.gov/files/dea/history/fut_disagg_txt_2026.zip,2026-10-08
cftc_copper_mm_net,2008-06-03,2008-06-06,5368.0,https://www.cftc.gov/files/dea/history/fut_disagg_txt_2026.zip,2026-10-08
cftc_copper_mm_net,2008-06-10,2008-06-13,6724.0,https://www.cftc.gov/files/dea/history/fut_disagg_txt_2026.zip,2026-10-08
cftc_copper_mm_net,2008-06-17,2008-06-20,9639.0,https://www.cftc.gov/files/dea/history/fut_disagg_txt_2026.zip,2026-10-08
cftc_copper_mm_net,2008-06-24,2008-06-27,14475.0,https://www.cftc.gov/files/dea/history/fut_disagg_txt_2026.zip,2026-10-08
cftc_copper_mm_net,2008-07-01,2008-07-04,14941.0,https://www.cftc.gov/files/dea/history/fut_disagg_txt_2026.zip,2026-10-08
cftc_copper_mm_net,2008-07-08,2008-07-11,12533.0,https://www.cftc.gov/files/dea/history/fut_disagg_txt_2026.zip,2026-10-08
cftc_copper_mm_net,2008-07-15,2008-07-18,8253.0,https://www.cftc.gov/files/dea/history/fut_disagg_txt_2026.zip,2026-10-08
cftc_copper_mm_net,2008-07-22,2008-07-25,5439.0,https://www.cftc.gov/files/dea/history/fut_disagg_txt_2026.zip,2026-10-08
cftc_copper_mm_net,2008-07-29,2008-08-01,1515.0,https://www.cftc.gov/files/dea/history/fut_disagg_txt_2026.zip,2026-10-08
cftc_copper_mm_net,2008-08-05,2008-08-08,-1705.0,https://www.cftc.gov/files/dea/history/fut_disagg_txt_2026.zip,2026-10-08
cftc_copper_mm_net,2008-08-12,2008-08-15,-3423.0,https://www.cftc.gov/files/dea/history/fut_disagg_txt_2026.zip,2026-10-08
cftc_copper_mm_net,2008-08-19,2008-08-22,-8236.0,https://www.cftc.gov/files/dea/history/fut_disagg_txt_2026.zip,2026-10-08
cftc_copper_mm_net,2008-08-26,2008-08-29,-8783.0,https://www.cftc.gov/files/dea/history/fut_disagg_txt_2026.zip,2026-10-08
cftc_copper_mm_net,2008-09-02,2008-09-05,-10353.0,https://www.cftc.gov/files/dea/history/fut_disagg_txt_2026.zip,2026-10-08
cftc_copper_mm_net,2008-09-09,2008-09-12,-12355.0,https://www.cftc.gov/files/dea/history/fut_disagg_txt_2026.zip,2026-10-08
cftc_copper_mm_net,2008-09-16,2008-09-19,-13138.0,https://www.cftc.gov/files/dea/history/fut_disagg_txt_2026.zip,2026-10-08
cftc_copper_mm_net,2008-09-23,2008-09-26,-11614.0,https://www.cftc.gov/files/dea/history/fut_disagg_txt_2026.zip,2026-10-08
cftc_copper_mm_net,2008-09-30,2008-10-03,-14321.0,https://www.cftc.gov/files/dea/history/fut_disagg_txt_2026.zip,2026-10-08
cftc_copper_mm_net,2008-10-07,2008-10-10,-16935.0,https://www.cftc.gov/files/dea/history/fut_disagg_txt_2026.zip,2026-10-08
cftc_copper_mm_net,2008-10-14,2008-10-17,-15752.0,https://www.cftc.gov/files/dea/history/fut_disagg_txt_2026.zip,2026-10-08
cftc_copper_mm_net,2008-10-21,2008-10-24,-15916.0,https://www.cftc.gov/files/dea/history/fut_disagg_txt_2026.zip,2026-10-08
cftc_copper_mm_net,2008-10-28,2008-10-31,-12681.0,https://www.cftc.gov/files/dea/history/fut_disagg_txt_2026.zip,2026-10-08
cftc_copper_mm_net,2008-11-04,2008-11-07,-12456.0,https://www.cftc.gov/files/dea/history/fut_disagg_txt_2026.zip,2026-10-08
cftc_copper_mm_net,2008-11-11,2008-11-14,-13158.0,https://www.cftc.gov/files/dea/history/fut_disagg_txt_2026.zip,2026-10-08
cftc_copper_mm_net,2008-11-18,2008-11-21,-14003.0,https://www.cftc.gov/files/dea/history/fut_disagg_txt_2026.zip,2026-10-08
cftc_copper_mm_net,2008-11-25,2008-11-28,-13425.0,https://www.cftc.gov/files/dea/history/fut_disagg_txt_2026.zip,2026-10-08
cftc_copper_mm_net,2008-12-02,2008-12-05,-14936.0,https://www.cftc.gov/files/dea/history/fut_disagg_txt_2026.zip,2026-10-08
cftc_copper_mm_net,2008-12-09,2008-12-12,-15681.0,https://www.cftc.gov/files/dea/history/fut_disagg_txt_2026.zip,2026-10-08
cftc_copper_mm_net,2008-12-16,2008-12-19,-17449.0,https://www.cftc.gov/files/dea/history/fut_disagg_txt_2026.zip,2026-10-08
cftc_copper_mm_net,2008-12-22,2008-12-25,-17091.0,https://www.cftc.gov/files/dea/history/fut_disagg_txt_2026.zip,2026-10-08
cftc_copper_mm_net,2008-12-30,2009-01-02,-17334.0,https://www.cftc.gov/files/dea/history/fut_disagg_txt_2026.zip,2026-10-08
cftc_copper_mm_net,2009-01-06,2009-01-09,-16575.0,https://www.cftc.gov/files/dea/history/fut_disagg_txt_2026.zip,2026-10-08
cftc_copper_mm_net,2009-01-13,2009-01-16,-19217.0,https://www.cftc.gov/files/dea/history/fut_disagg_txt_2026.zip,2026-10-08
cftc_copper_mm_net,2009-01-20,2009-01-23,-20680.0,https://www.cftc.gov/files/dea/history/fut_disagg_txt_2026.zip,2026-10-08
cftc_copper_mm_net,2009-01-27,2009-01-30,-20317.0,https://www.cftc.gov/files/dea/history/fut_disagg_txt_2026.zip,2026-10-08
cftc_copper_mm_net,2009-02-03,2009-02-06,-20344.0,https://www.cftc.gov/files/dea/history/fut_disagg_txt_2026.zip,2026-10-08
cftc_copper_mm_net,2009-02-10,2009-02-13,-18501.0,https://www.cftc.gov/files/dea/history/fut_disagg_txt_2026.zip,2026-10-08
cftc_copper_mm_net,2009-02-17,2009-02-20,-21902.0,https://www.cftc.gov/files/dea/history/fut_disagg_txt_2026.zip,2026-10-08
cftc_copper_mm_net,2009-02-24,2009-02-27,-21635.0,https://www.cftc.gov/files/dea/history/fut_disagg_txt_2026.zip,2026-10-08
cftc_copper_mm_net,2009-03-03,2009-03-06,-19885.0,https://www.cftc.gov/files/dea/history/fut_disagg_txt_2026.zip,2026-10-08
cftc_copper_mm_net,2009-03-10,2009-03-13,-15973.0,https://www.cftc.gov/files/dea/history/fut_disagg_txt_2026.zip,2026-10-08
cftc_copper_mm_net,2009-03-17,2009-03-20,-13464.0,https://www.cftc.gov/files/dea/history/fut_disagg_txt_2026.zip,2026-10-08
cftc_copper_mm_net,2009-03-24,2009-03-27,-13774.0,https://www.cftc.gov/files/dea/history/fut_disagg_txt_2026.zip,2026-10-08
cftc_copper_mm_net,2009-03-31,2009-04-03,-13573.0,https://www.cftc.gov/files/dea/history/fut_disagg_txt_2026.zip,2026-10-08
cftc_copper_mm_net,2009-04-07,2009-04-10,-11618.0,https://www.cftc.gov/files/dea/history/fut_disagg_txt_2026.zip,2026-10-08
cftc_copper_mm_net,2009-04-14,2009-04-17,-12720.0,https://www.cftc.gov/files/dea/history/fut_disagg_txt_2026.zip,2026-10-08
cftc_copper_mm_net,2009-04-21,2009-04-24,-10568.0,https://www.cftc.gov/files/dea/history/fut_disagg_txt_2026.zip,2026-10-08
cftc_copper_mm_net,2009-04-28,2009-05-01,-9089.0,https://www.cftc.gov/files/dea/history/fut_disagg_txt_2026.zip,2026-10-08
cftc_copper_mm_net,2009-05-05,2009-05-08,-9623.0,https://www.cftc.gov/files/dea/history/fut_disagg_txt_2026.zip,2026-10-08
cftc_copper_mm_net,2009-05-12,2009-05-15,-9061.0,https://www.cftc.gov/files/dea/history/fut_disagg_txt_2026.zip,2026-10-08
cftc_copper_mm_net,2009-05-19,2009-05-22,-9950.0,https://www.cftc.gov/files/dea/history/fut_disagg_txt_2026.zip,2026-10-08
cftc_copper_mm_net,2009-05-26,2009-05-29,-9078.0,https://www.cftc.gov/files/dea/history/fut_disagg_txt_2026.zip,2026-10-08
cftc_copper_mm_net,2009-06-02,2009-06-05,-7679.0,https://www.cftc.gov/files/dea/history/fut_disagg_txt_2026.zip,2026-10-08
cftc_copper_mm_net,2009-06-09,2009-06-12,-7831.0,https://www.cftc.gov/files/dea/history/fut_disagg_txt_2026.zip,2026-10-08
cftc_copper_mm_net,2009-06-16,2009-06-19,-6708.0,https://www.cftc.gov/files/dea/history/fut_disagg_txt_2026.zip,2026-10-08
cftc_copper_mm_net,2009-06-23,2009-06-26,-11042.0,https://www.cftc.gov/files/dea/history/fut_disagg_txt_2026.zip,2026-10-08
cftc_copper_mm_net,2009-06-30,2009-07-03,-8033.0,https://www.cftc.gov/files/dea/history/fut_disagg_txt_2026.zip,2026-10-08
cftc_copper_mm_net,2009-07-07,2009-07-10,-8243.0,https://www.cftc.gov/files/dea/history/fut_disagg_txt_2026.zip,2026-10-08
cftc_copper_mm_net,2009-07-14,2009-07-17,-7705.0,https://www.cftc.gov/files/dea/history/fut_disagg_txt_2026.zip,2026-10-08
cftc_copper_mm_net,2009-07-21,2009-07-24,-1752.0,https://www.cftc.gov/files/dea/history/fut_disagg_txt_2026.zip,2026-10-08
cftc_copper_mm_net,2009-07-28,2009-07-31,-911.0,https://www.cftc.gov/files/dea/history/fut_disagg_txt_2026.zip,2026-10-08
cftc_copper_mm_net,2009-08-04,2009-08-07,2304.0,https://www.cftc.gov/files/dea/history/fut_disagg_txt_2026.zip,2026-10-08
cftc_copper_mm_net,2009-08-11,2009-08-14,2952.0,https://www.cftc.gov/files/dea/history/fut_disagg_txt_2026.zip,2026-10-08
cftc_copper_mm_net,2009-08-18,2009-08-21,2873.0,https://www.cftc.gov/files/dea/history/fut_disagg_txt_2026.zip,2026-10-08
cftc_copper_mm_net,2009-08-25,2009-08-28,3892.0,https://www.cftc.gov/files/dea/history/fut_disagg_txt_2026.zip,2026-10-08
cftc_copper_mm_net,2009-09-01,2009-09-04,902.0,https://www.cftc.gov/files/dea/history/fut_disagg_txt_2026.zip,2026-10-08
cftc_copper_mm_net,2009-09-08,2009-09-11,3469.0,https://www.cftc.gov/files/dea/history/fut_disagg_txt_2026.zip,2026-10-08
cftc_copper_mm_net,2009-09-15,2009-09-18,1068.0,https://www.cftc.gov/files/dea/history/fut_disagg_txt_2026.zip,2026-10-08
cftc_copper_mm_net,2009-09-22,2009-09-25,-247.0,https://www.cftc.gov/files/dea/history/fut_disagg_txt_2026.zip,2026-10-08
cftc_copper_mm_net,2009-09-29,2009-10-02,-3892.0,https://www.cftc.gov/files/dea/history/fut_disagg_txt_2026.zip,2026-10-08
cftc_copper_mm_net,2009-10-06,2009-10-09,-2482.0,https://www.cftc.gov/files/dea/history/fut_disagg_txt_2026.zip,2026-10-08
cftc_copper_mm_net,2009-10-13,2009-10-16,953.0,https://www.cftc.gov/files/dea/history/fut_disagg_txt_2026.zip,2026-10-08
cftc_copper_mm_net,2009-10-20,2009-10-23,5274.0,https://www.cftc.gov/files/dea/history/fut_disagg_txt_2026.zip,2026-10-08
cftc_copper_mm_net,2009-10-27,2009-10-30,13403.0,https://www.cftc.gov/files/dea/history/fut_disagg_txt_2026.zip,2026-10-08
cftc_copper_mm_net,2009-11-03,2009-11-06,12068.0,https://www.cftc.gov/files/dea/history/fut_disagg_txt_2026.zip,2026-10-08
cftc_copper_mm_net,2009-11-09,2009-11-12,9117.0,https://www.cftc.gov/files/dea/history/fut_disagg_txt_2026.zip,2026-10-08
cftc_copper_mm_net,2009-11-17,2009-11-20,11550.0,https://www.cftc.gov/files/dea/history/fut_disagg_txt_2026.zip,2026-10-08
cftc_copper_mm_net,2009-11-24,2009-11-27,12952.0,https://www.cftc.gov/files/dea/history/fut_disagg_txt_2026.zip,2026-10-08
cftc_copper_mm_net,2009-12-01,2009-12-04,12913.0,https://www.cftc.gov/files/dea/history/fut_disagg_txt_2026.zip,2026-10-08
cftc_copper_mm_net,2009-12-08,2009-12-11,14116.0,https://www.cftc.gov/files/dea/history/fut_disagg_txt_2026.zip,2026-10-08
cftc_copper_mm_net,2009-12-15,2009-12-18,10557.0,https://www.cftc.gov/files/dea/history/fut_disagg_txt_2026.zip,2026-10-08
cftc_copper_mm_net,2009-12-22,2009-12-25,7854.0,https://www.cftc.gov/files/dea/history/fut_disagg_txt_2026.zip,2026-10-08
cftc_copper_mm_net,2009-12-29,2010-01-01,16008.0,https://www.cftc.gov/files/dea/history/fut_disagg_txt_2026.zip,2026-10-08
cftc_copper_mm_net,2010-01-05,2010-01-08,17072.0,https://www.cftc.gov/files/dea/history/fut_disagg_txt_2026.zip,2026-10-08
cftc_copper_mm_net,2010-01-12,2010-01-15,23092.0,https://www.cftc.gov/files/dea/history/fut_disagg_txt_2026.zip,2026-10-08
cftc_copper_mm_net,2010-01-19,2010-01-22,28571.0,https://www.cftc.gov/files/dea/history/fut_disagg_txt_2026.zip,2026-10-08
cftc_copper_mm_net,2010-01-26,2010-01-29,30007.0,https://www.cftc.gov/files/dea/history/fut_disagg_txt_2026.zip,2026-10-08
cftc_copper_mm_net,2010-02-02,2010-02-05,16582.0,https://www.cftc.gov/files/dea/history/fut_disagg_txt_2026.zip,2026-10-08
cftc_copper_mm_net,2010-02-09,2010-02-12,12490.0,https://www.cftc.gov/files/dea/history/fut_disagg_txt_2026.zip,2026-10-08
cftc_copper_mm_net,2010-02-16,2010-02-19,13828.0,https://www.cftc.gov/files/dea/history/fut_disagg_txt_2026.zip,2026-10-08
cftc_copper_mm_net,2010-02-23,2010-02-26,18202.0,https://www.cftc.gov/files/dea/history/fut_disagg_txt_2026.zip,2026-10-08
cftc_copper_mm_net,2010-03-02,2010-03-05,19635.0,https://www.cftc.gov/files/dea/history/fut_disagg_txt_2026.zip,2026-10-08
cftc_copper_mm_net,2010-03-09,2010-03-12,22384.0,https://www.cftc.gov/files/dea/history/fut_disagg_txt_2026.zip,2026-10-08
cftc_copper_mm_net,2010-03-16,2010-03-19,22796.0,https://www.cftc.gov/files/dea/history/fut_disagg_txt_2026.zip,2026-10-08
cftc_copper_mm_net,2010-03-23,2010-03-26,22194.0,https://www.cftc.gov/files/dea/history/fut_disagg_txt_2026.zip,2026-10-08
cftc_copper_mm_net,2010-03-30,2010-04-02,28281.0,https://www.cftc.gov/files/dea/history/fut_disagg_txt_2026.zip,2026-10-08
cftc_copper_mm_net,2010-04-06,2010-04-09,29795.0,https://www.cftc.gov/files/dea/history/fut_disagg_txt_2026.zip,2026-10-08
cftc_copper_mm_net,2010-04-13,2010-04-16,29735.0,https://www.cftc.gov/files/dea/history/fut_disagg_txt_2026.zip,2026-10-08
cftc_copper_mm_net,2010-04-20,2010-04-23,25585.0,https://www.cftc.gov/files/dea/history/fut_disagg_txt_2026.zip,2026-10-08
cftc_copper_mm_net,2010-04-27,2010-04-30,22381.0,https://www.cftc.gov/files/dea/history/fut_disagg_txt_2026.zip,2026-10-08
cftc_copper_mm_net,2010-05-04,2010-05-07,15686.0,https://www.cftc.gov/files/dea/history/fut_disagg_txt_2026.zip,2026-10-08
cftc_copper_mm_net,2010-05-11,2010-05-14,14202.0,https://www.cftc.gov/files/dea/history/fut_disagg_txt_2026.zip,2026-10-08
cftc_copper_mm_net,2010-05-18,2010-05-21,12105.0,https://www.cftc.gov/files/dea/history/fut_disagg_txt_2026.zip,2026-10-08
cftc_copper_mm_net,2010-05-25,2010-05-28,8421.0,https://www.cftc.gov/files/dea/history/fut_disagg_txt_2026.zip,2026-10-08
cftc_copper_mm_net,2010-06-01,2010-06-04,8881.0,https://www.cftc.gov/files/dea/history/fut_disagg_txt_2026.zip,2026-10-08
cftc_copper_mm_net,2010-06-08,2010-06-11,2613.0,https://www.cftc.gov/files/dea/history/fut_disagg_txt_2026.zip,2026-10-08
cftc_copper_mm_net,2010-06-15,2010-06-18,2763.0,https://www.cftc.gov/files/dea/history/fut_disagg_txt_2026.zip,2026-10-08
cftc_copper_mm_net,2010-06-22,2010-06-25,2831.0,https://www.cftc.gov/files/dea/history/fut_disagg_txt_2026.zip,2026-10-08
cftc_copper_mm_net,2010-06-29,2010-07-02,5215.0,https://www.cftc.gov/files/dea/history/fut_disagg_txt_2026.zip,2026-10-08
cftc_copper_mm_net,2010-07-06,2010-07-09,4988.0,https://www.cftc.gov/files/dea/history/fut_disagg_txt_2026.zip,2026-10-08
cftc_copper_mm_net,2010-07-13,2010-07-16,7014.0,https://www.cftc.gov/files/dea/history/fut_disagg_txt_2026.zip,2026-10-08
cftc_copper_mm_net,2010-07-20,2010-07-23,6736.0,https://www.cftc.gov/files/dea/history/fut_disagg_txt_2026.zip,2026-10-08
cftc_copper_mm_net,2010-07-27,2010-07-30,14540.0,https://www.cftc.gov/files/dea/history/fut_disagg_txt_2026.zip,2026-10-08
cftc_copper_mm_net,2010-08-03,2010-08-06,17187.0,https://www.cftc.gov/files/dea/history/fut_disagg_txt_2026.zip,2026-10-08
cftc_copper_mm_net,2010-08-10,2010-08-13,20841.0,https://www.cftc.gov/files/dea/history/fut_disagg_txt_2026.zip,2026-10-08
cftc_copper_mm_net,2010-08-17,2010-08-20,19284.0,https://www.cftc.gov/files/dea/history/fut_disagg_txt_2026.zip,2026-10-08
cftc_copper_mm_net,2010-08-24,2010-08-27,14863.0,https://www.cftc.gov/files/dea/history/fut_disagg_txt_2026.zip,2026-10-08
cftc_copper_mm_net,2010-08-31,2010-09-03,19483.0,https://www.cftc.gov/files/dea/history/fut_disagg_txt_2026.zip,2026-10-08
cftc_copper_mm_net,2010-09-07,2010-09-10,23987.0,https://www.cftc.gov/files/dea/history/fut_disagg_txt_2026.zip,2026-10-08
cftc_copper_mm_net,2010-09-14,2010-09-17,23552.0,https://www.cftc.gov/files/dea/history/fut_disagg_txt_2026.zip,2026-10-08
cftc_copper_mm_net,2010-09-21,2010-09-24,24437.0,https://www.cftc.gov/files/dea/history/fut_disagg_txt_2026.zip,2026-10-08
cftc_copper_mm_net,2010-09-28,2010-10-01,29168.0,https://www.cftc.gov/files/dea/history/fut_disagg_txt_2026.zip,2026-10-08
cftc_copper_mm_net,2010-10-05,2010-10-08,31509.0,https://www.cftc.gov/files/dea/history/fut_disagg_txt_2026.zip,2026-10-08
cftc_copper_mm_net,2010-10-12,2010-10-15,32557.0,https://www.cftc.gov/files/dea/history/fut_disagg_txt_2026.zip,2026-10-08
cftc_copper_mm_net,2010-10-19,2010-10-22,32819.0,https://www.cftc.gov/files/dea/history/fut_disagg_txt_2026.zip,2026-10-08
cftc_copper_mm_net,2010-10-26,2010-10-29,32678.0,https://www.cftc.gov/files/dea/history/fut_disagg_txt_2026.zip,2026-10-08
cftc_copper_mm_net,2010-11-02,2010-11-05,31608.0,https://www.cftc.gov/files/dea/history/fut_disagg_txt_2026.zip,2026-10-08
cftc_copper_mm_net,2010-11-09,2010-11-12,35098.0,https://www.cftc.gov/files/dea/history/fut_disagg_txt_2026.zip,2026-10-08
cftc_copper_mm_net,2010-11-16,2010-11-19,30687.0,https://www.cftc.gov/files/dea/history/fut_disagg_txt_2026.zip,2026-10-08
cftc_copper_mm_net,2010-11-23,2010-11-26,26248.0,https://www.cftc.gov/files/dea/history/fut_disagg_txt_2026.zip,2026-10-08
cftc_copper_mm_net,2010-11-30,2010-12-03,27053.0,https://www.cftc.gov/files/dea/history/fut_disagg_txt_2026.zip,2026-10-08
cftc_copper_mm_net,2010-12-07,2010-12-10,32657.0,https://www.cftc.gov/files/dea/history/fut_disagg_txt_2026.zip,2026-10-08
cftc_copper_mm_net,2010-12-14,2010-12-17,36197.0,https://www.cftc.gov/files/dea/history/fut_disagg_txt_2026.zip,2026-10-08
cftc_copper_mm_net,2010-12-21,2010-12-24,38604.0,https://www.cftc.gov/files/dea/history/fut_disagg_txt_2026.zip,2026-10-08
cftc_copper_mm_net,2010-12-28,2010-12-31,39105.0,https://www.cftc.gov/files/dea/history/fut_disagg_txt_2026.zip,2026-10-08
cftc_copper_mm_net,2011-01-04,2011-01-07,37536.0,https://www.cftc.gov/files/dea/history/fut_disagg_txt_2026.zip,2026-10-08
cftc_copper_mm_net,2011-01-11,2011-01-14,36080.0,https://www.cftc.gov/files/dea/history/fut_disagg_txt_2026.zip,2026-10-08
cftc_copper_mm_net,2011-01-18,2011-01-21,36291.0,https://www.cftc.gov/files/dea/history/fut_disagg_txt_2026.zip,2026-10-08
cftc_copper_mm_net,2011-01-25,2011-01-28,28159.0,https://www.cftc.gov/files/dea/history/fut_disagg_txt_2026.zip,2026-10-08
cftc_copper_mm_net,2011-02-01,2011-02-04,32040.0,https://www.cftc.gov/files/dea/history/fut_disagg_txt_2026.zip,2026-10-08
cftc_copper_mm_net,2011-02-08,2011-02-11,36590.0,https://www.cftc.gov/files/dea/history/fut_disagg_txt_2026.zip,2026-10-08
cftc_copper_mm_net,2011-02-15,2011-02-18,33845.0,https://www.cftc.gov/files/dea/history/fut_disagg_txt_2026.zip,2026-10-08
cftc_copper_mm_net,2011-02-22,2011-02-25,24193.0,https://www.cftc.gov/files/dea/history/fut_disagg_txt_2026.zip,2026-10-08
cftc_copper_mm_net,2011-03-01,2011-03-04,25707.0,https://www.cftc.gov/files/dea/history/fut_disagg_txt_2026.zip,2026-10-08
cftc_copper_mm_net,2011-03-08,2011-03-11,22274.0,https://www.cftc.gov/files/dea/history/fut_disagg_txt_2026.zip,2026-10-08
cftc_copper_mm_net,2011-03-15,2011-03-18,23803.0,https://www.cftc.gov/files/dea/history/fut_disagg_txt_2026.zip,2026-10-08
cftc_copper_mm_net,2011-03-22,2011-03-25,19286.0,https://www.cftc.gov/files/dea/history/fut_disagg_txt_2026.zip,2026-10-08
cftc_copper_mm_net,2011-03-29,2011-04-01,25574.0,https://www.cftc.gov/files/dea/history/fut_disagg_txt_2026.zip,2026-10-08
cftc_copper_mm_net,2011-04-05,2011-04-08,20190.0,https://www.cftc.gov/files/dea/history/fut_disagg_txt_2026.zip,2026-10-08
cftc_copper_mm_net,2011-04-12,2011-04-15,28030.0,https://www.cftc.gov/files/dea/history/fut_disagg_txt_2026.zip,2026-10-08
cftc_copper_mm_net,2011-04-19,2011-04-22,17541.0,https://www.cftc.gov/files/dea/history/fut_disagg_txt_2026.zip,2026-10-08
cftc_copper_mm_net,2011-04-26,2011-04-29,17551.0,https://www.cftc.gov/files/dea/history/fut_disagg_txt_2026.zip,2026-10-08
cftc_copper_mm_net,2011-05-03,2011-05-06,14942.0,https://www.cftc.gov/files/dea/history/fut_disagg_txt_2026.zip,2026-10-08
cftc_copper_mm_net,2011-05-10,2011-05-13,6076.0,https://www.cftc.gov/files/dea/history/fut_disagg_txt_2026.zip,2026-10-08
cftc_copper_mm_net,2011-05-17,2011-05-20,3745.0,https://www.cftc.gov/files/dea/history/fut_disagg_txt_2026.zip,2026-10-08
cftc_copper_mm_net,2011-05-24,2011-05-27,2700.0,https://www.cftc.gov/files/dea/history/fut_disagg_txt_2026.zip,2026-10-08
cftc_copper_mm_net,2011-05-31,2011-06-03,7304.0,https://www.cftc.gov/files/dea/history/fut_disagg_txt_2026.zip,2026-10-08
cftc_copper_mm_net,2011-06-07,2011-06-10,8062.0,https://www.cftc.gov/files/dea/history/fut_disagg_txt_2026.zip,2026-10-08
cftc_copper_mm_net,2011-06-14,2011-06-17,8954.0,https://www.cftc.gov/files/dea/history/fut_disagg_txt_2026.zip,2026-10-08
cftc_copper_mm_net,2011-06-21,2011-06-24,7468.0,https://www.cftc.gov/files/dea/history/fut_disagg_txt_2026.zip,2026-10-08
cftc_copper_mm_net,2011-06-28,2011-07-01,8895.0,https://www.cftc.gov/files/dea/history/fut_disagg_txt_2026.zip,2026-10-08
cftc_copper_mm_net,2011-07-05,2011-07-08,21901.0,https://www.cftc.gov/files/dea/history/fut_disagg_txt_2026.zip,2026-10-08
cftc_copper_mm_net,2011-07-12,2011-07-15,27030.0,https://www.cftc.gov/files/dea/history/fut_disagg_txt_2026.zip,2026-10-08
cftc_copper_mm_net,2011-07-19,2011-07-22,27005.0,https://www.cftc.gov/files/dea/history/fut_disagg_txt_2026.zip,2026-10-08
cftc_copper_mm_net,2011-07-26,2011-07-29,29173.0,https://www.cftc.gov/files/dea/history/fut_disagg_txt_2026.zip,2026-10-08
cftc_copper_mm_net,2011-08-02,2011-08-05,27342.0,https://www.cftc.gov/files/dea/history/fut_disagg_txt_2026.zip,2026-10-08
cftc_copper_mm_net,2011-08-09,2011-08-12,10640.0,https://www.cftc.gov/files/dea/history/fut_disagg_txt_2026.zip,2026-10-08
cftc_copper_mm_net,2011-08-16,2011-08-19,2541.0,https://www.cftc.gov/files/dea/history/fut_disagg_txt_2026.zip,2026-10-08
cftc_copper_mm_net,2011-08-23,2011-08-26,-330.0,https://www.cftc.gov/files/dea/history/fut_disagg_txt_2026.zip,2026-10-08
cftc_copper_mm_net,2011-08-30,2011-09-02,-831.0,https://www.cftc.gov/files/dea/history/fut_disagg_txt_2026.zip,2026-10-08
cftc_copper_mm_net,2011-09-06,2011-09-09,3202.0,https://www.cftc.gov/files/dea/history/fut_disagg_txt_2026.zip,2026-10-08
cftc_copper_mm_net,2011-09-13,2011-09-16,300.0,https://www.cftc.gov/files/dea/history/fut_disagg_txt_2026.zip,2026-10-08
cftc_copper_mm_net,2011-09-20,2011-09-23,-6721.0,https://www.cftc.gov/files/dea/history/fut_disagg_txt_2026.zip,2026-10-08
cftc_copper_mm_net,2011-09-27,2011-09-30,-3546.0,https://www.cftc.gov/files/dea/history/fut_disagg_txt_2026.zip,2026-10-08
cftc_copper_mm_net,2011-10-04,2011-10-07,-5303.0,https://www.cftc.gov/files/dea/history/fut_disagg_txt_2026.zip,2026-10-08
cftc_copper_mm_net,2011-10-11,2011-10-14,-9512.0,https://www.cftc.gov/files/dea/history/fut_disagg_txt_2026.zip,2026-10-08
cftc_copper_mm_net,2011-10-18,2011-10-21,-8322.0,https://www.cftc.gov/files/dea/history/fut_disagg_txt_2026.zip,2026-10-08
cftc_copper_mm_net,2011-10-25,2011-10-28,-5049.0,https://www.cftc.gov/files/dea/history/fut_disagg_txt_2026.zip,2026-10-08
cftc_copper_mm_net,2011-11-01,2011-11-04,-942.0,https://www.cftc.gov/files/dea/history/fut_disagg_txt_2026.zip,2026-10-08
cftc_copper_mm_net,2011-11-08,2011-11-11,-1789.0,https://www.cftc.gov/files/dea/history/fut_disagg_txt_2026.zip,2026-10-08
cftc_copper_mm_net,2011-11-15,2011-11-18,-3521.0,https://www.cftc.gov/files/dea/history/fut_disagg_txt_2026.zip,2026-10-08
cftc_copper_mm_net,2011-11-22,2011-11-25,-7738.0,https://www.cftc.gov/files/dea/history/fut_disagg_txt_2026.zip,2026-10-08
cftc_copper_mm_net,2011-11-29,2011-12-02,-7028.0,https://www.cftc.gov/files/dea/history/fut_disagg_txt_2026.zip,2026-10-08
cftc_copper_mm_net,2011-12-06,2011-12-09,-2724.0,https://www.cftc.gov/files/dea/history/fut_disagg_txt_2026.zip,2026-10-08
cftc_copper_mm_net,2011-12-13,2011-12-16,-3401.0,https://www.cftc.gov/files/dea/history/fut_disagg_txt_2026.zip,2026-10-08
cftc_copper_mm_net,2011-12-20,2011-12-23,-5461.0,https://www.cftc.gov/files/dea/history/fut_disagg_txt_2026.zip,2026-10-08
cftc_copper_mm_net,2011-12-27,2011-12-30,-4024.0,https://www.cftc.gov/files/dea/history/fut_disagg_txt_2026.zip,2026-10-08
cftc_copper_mm_net,2012-01-03,2012-01-06,-2011.0,https://www.cftc.gov/files/dea/history/fut_disagg_txt_2026.zip,2026-10-08
cftc_copper_mm_net,2012-01-10,2012-01-13,-2465.0,https://www.cftc.gov/files/dea/history/fut_disagg_txt_2026.zip,2026-10-08
cftc_copper_mm_net,2012-01-17,2012-01-20,4775.0,https://www.cftc.gov/files/dea/history/fut_disagg_txt_2026.zip,2026-10-08
cftc_copper_mm_net,2012-01-24,2012-01-27,7261.0,https://www.cftc.gov/files/dea/history/fut_disagg_txt_2026.zip,2026-10-08
cftc_copper_mm_net,2012-01-31,2012-02-03,7695.0,https://www.cftc.gov/files/dea/history/fut_disagg_txt_2026.zip,2026-10-08
cftc_copper_mm_net,2012-02-07,2012-02-10,12298.0,https://www.cftc.gov/files/dea/history/fut_disagg_txt_2026.zip,2026-10-08
cftc_copper_mm_net,2012-02-14,2012-02-17,14748.0,https://www.cftc.gov/files/dea/history/fut_disagg_txt_2026.zip,2026-10-08
cftc_copper_mm_net,2012-02-21,2012-02-24,13260.0,https://www.cftc.gov/files/dea/history/fut_disagg_txt_2026.zip,2026-10-08
cftc_copper_mm_net,2012-02-28,2012-03-02,15542.0,https://www.cftc.gov/files/dea/history/fut_disagg_txt_2026.zip,2026-10-08
cftc_copper_mm_net,2012-03-06,2012-03-09,13545.0,https://www.cftc.gov/files/dea/history/fut_disagg_txt_2026.zip,2026-10-08
cftc_copper_mm_net,2012-03-13,2012-03-16,14183.0,https://www.cftc.gov/files/dea/history/fut_disagg_txt_2026.zip,2026-10-08
cftc_copper_mm_net,2012-03-20,2012-03-23,17060.0,https://www.cftc.gov/files/dea/history/fut_disagg_txt_2026.zip,2026-10-08
cftc_copper_mm_net,2012-03-27,2012-03-30,14883.0,https://www.cftc.gov/files/dea/history/fut_disagg_txt_2026.zip,2026-10-08
cftc_copper_mm_net,2012-04-03,2012-04-06,18642.0,https://www.cftc.gov/files/dea/history/fut_disagg_txt_2026.zip,2026-10-08
cftc_copper_mm_net,2012-04-10,2012-04-13,2955.0,https://www.cftc.gov/files/dea/history/fut_disagg_txt_2026.zip,2026-10-08
cftc_copper_mm_net,2012-04-17,2012-04-20,2203.0,https://www.cftc.gov/files/dea/history/fut_disagg_txt_2026.zip,2026-10-08
cftc_copper_mm_net,2012-04-24,2012-04-27,2190.0,https://www.cftc.gov/files/dea/history/fut_disagg_txt_2026.zip,2026-10-08
cftc_copper_mm_net,2012-05-01,2012-05-04,15565.0,https://www.cftc.gov/files/dea/history/fut_disagg_txt_2026.zip,2026-10-08
cftc_copper_mm_net,2012-05-08,2012-05-11,15456.0,https://www.cftc.gov/files/dea/history/fut_disagg_txt_2026.zip,2026-10-08
cftc_copper_mm_net,2012-05-15,2012-05-18,4833.0,https://www.cftc.gov/files/dea/history/fut_disagg_txt_2026.zip,2026-10-08
cftc_copper_mm_net,2012-05-22,2012-05-25,-2808.0,https://www.cftc.gov/files/dea/history/fut_disagg_txt_2026.zip,2026-10-08
cftc_copper_mm_net,2012-05-29,2012-06-01,-6757.0,https://www.cftc.gov/files/dea/history/fut_disagg_txt_2026.zip,2026-10-08
cftc_copper_mm_net,2012-06-05,2012-06-08,-13175.0,https://www.cftc.gov/files/dea/history/fut_disagg_txt_2026.zip,2026-10-08
cftc_copper_mm_net,2012-06-12,2012-06-15,-13339.0,https://www.cftc.gov/files/dea/history/fut_disagg_txt_2026.zip,2026-10-08
cftc_copper_mm_net,2012-06-19,2012-06-22,-11897.0,https://www.cftc.gov/files/dea/history/fut_disagg_txt_2026.zip,2026-10-08
cftc_copper_mm_net,2012-06-26,2012-06-29,-13769.0,https://www.cftc.gov/files/dea/history/fut_disagg_txt_2026.zip,2026-10-08
cftc_copper_mm_net,2012-07-03,2012-07-06,-1754.0,https://www.cftc.gov/files/dea/history/fut_disagg_txt_2026.zip,2026-10-08
cftc_copper_mm_net,2012-07-10,2012-07-13,-4814.0,https://www.cftc.gov/files/dea/history/fut_disagg_txt_2026.zip,2026-10-08
cftc_copper_mm_net,2012-07-17,2012-07-20,-1763.0,https://www.cftc.gov/files/dea/history/fut_disagg_txt_2026.zip,2026-10-08
cftc_copper_mm_net,2012-07-24,2012-07-27,-7636.0,https://www.cftc.gov/files/dea/history/fut_disagg_txt_2026.zip,2026-10-08
cftc_copper_mm_net,2012-07-31,2012-08-03,-6664.0,https://www.cftc.gov/files/dea/history/fut_disagg_txt_2026.zip,2026-10-08
cftc_copper_mm_net,2012-08-07,2012-08-10,-8201.0,https://www.cftc.gov/files/dea/history/fut_disagg_txt_2026.zip,2026-10-08
cftc_copper_mm_net,2012-08-14,2012-08-17,-10765.0,https://www.cftc.gov/files/dea/history/fut_disagg_txt_2026.zip,2026-10-08
cftc_copper_mm_net,2012-08-21,2012-08-24,-3221.0,https://www.cftc.gov/files/dea/history/fut_disagg_txt_2026.zip,2026-10-08
cftc_copper_mm_net,2012-08-28,2012-08-31,3257.0,https://www.cftc.gov/files/dea/history/fut_disagg_txt_2026.zip,2026-10-08
cftc_copper_mm_net,2012-09-04,2012-09-07,673.0,https://www.cftc.gov/files/dea/history/fut_disagg_txt_2026.zip,2026-10-08
cftc_copper_mm_net,2012-09-11,2012-09-14,17498.0,https://www.cftc.gov/files/dea/history/fut_disagg_txt_2026.zip,2026-10-08
cftc_copper_mm_net,2012-09-18,2012-09-21,17164.0,https://www.cftc.gov/files/dea/history/fut_disagg_txt_2026.zip,2026-10-08
cftc_copper_mm_net,2012-09-25,2012-09-28,20582.0,https://www.cftc.gov/files/dea/history/fut_disagg_txt_2026.zip,2026-10-08
cftc_copper_mm_net,2012-10-02,2012-10-05,24316.0,https://www.cftc.gov/files/dea/history/fut_disagg_txt_2026.zip,2026-10-08
cftc_copper_mm_net,2012-10-09,2012-10-12,23448.0,https://www.cftc.gov/files/dea/history/fut_disagg_txt_2026.zip,2026-10-08
cftc_copper_mm_net,2012-10-16,2012-10-19,23776.0,https://www.cftc.gov/files/dea/history/fut_disagg_txt_2026.zip,2026-10-08
cftc_copper_mm_net,2012-10-23,2012-10-26,18067.0,https://www.cftc.gov/files/dea/history/fut_disagg_txt_2026.zip,2026-10-08
cftc_copper_mm_net,2012-10-30,2012-11-02,6964.0,https://www.cftc.gov/files/dea/history/fut_disagg_txt_2026.zip,2026-10-08
cftc_copper_mm_net,2012-11-06,2012-11-09,2072.0,https://www.cftc.gov/files/dea/history/fut_disagg_txt_2026.zip,2026-10-08
cftc_copper_mm_net,2012-11-13,2012-11-16,-831.0,https://www.cftc.gov/files/dea/history/fut_disagg_txt_2026.zip,2026-10-08
cftc_copper_mm_net,2012-11-20,2012-11-23,-2652.0,https://www.cftc.gov/files/dea/history/fut_disagg_txt_2026.zip,2026-10-08
cftc_copper_mm_net,2012-11-27,2012-11-30,-1553.0,https://www.cftc.gov/files/dea/history/fut_disagg_txt_2026.zip,2026-10-08
cftc_copper_mm_net,2012-12-04,2012-12-07,13481.0,https://www.cftc.gov/files/dea/history/fut_disagg_txt_2026.zip,2026-10-08
cftc_copper_mm_net,2012-12-11,2012-12-14,22123.0,https://www.cftc.gov/files/dea/history/fut_disagg_txt_2026.zip,2026-10-08
cftc_copper_mm_net,2012-12-18,2012-12-21,24531.0,https://www.cftc.gov/files/dea/history/fut_disagg_txt_2026.zip,2026-10-08
cftc_copper_mm_net,2012-12-24,2012-12-27,14988.0,https://www.cftc.gov/files/dea/history/fut_disagg_txt_2026.zip,2026-10-08
cftc_copper_mm_net,2012-12-31,2013-01-03,15924.0,https://www.cftc.gov/files/dea/history/fut_disagg_txt_2026.zip,2026-10-08
cftc_copper_mm_net,2013-01-08,2013-01-11,20165.0,https://www.cftc.gov/files/dea/history/fut_disagg_txt_2026.zip,2026-10-08
cftc_copper_mm_net,2013-01-15,2013-01-18,16168.0,https://www.cftc.gov/files/dea/history/fut_disagg_txt_2026.zip,2026-10-08
cftc_copper_mm_net,2013-01-22,2013-01-25,16438.0,https://www.cftc.gov/files/dea/history/fut_disagg_txt_2026.zip,2026-10-08
cftc_copper_mm_net,2013-01-29,2013-02-01,14448.0,https://www.cftc.gov/files/dea/history/fut_disagg_txt_2026.zip,2026-10-08
cftc_copper_mm_net,2013-02-05,2013-02-08,22650.0,https://www.cftc.gov/files/dea/history/fut_disagg_txt_2026.zip,2026-10-08
cftc_copper_mm_net,2013-02-12,2013-02-15,23098.0,https://www.cftc.gov/files/dea/history/fut_disagg_txt_2026.zip,2026-10-08
cftc_copper_mm_net,2013-02-19,2013-02-22,11413.0,https://www.cftc.gov/files/dea/history/fut_disagg_txt_2026.zip,2026-10-08
cftc_copper_mm_net,2013-02-26,2013-03-01,-7165.0,https://www.cftc.gov/files/dea/history/fut_disagg_txt_2026.zip,2026-10-08
cftc_copper_mm_net,2013-03-05,2013-03-08,-16382.0,https://www.cftc.gov/files/dea/history/fut_disagg_txt_2026.zip,2026-10-08
cftc_copper_mm_net,2013-03-12,2013-03-15,-16763.0,https://www.cftc.gov/files/dea/history/fut_disagg_txt_2026.zip,2026-10-08
cftc_copper_mm_net,2013-03-19,2013-03-22,-25718.0,https://www.cftc.gov/files/dea/history/fut_disagg_txt_2026.zip,2026-10-08
cftc_copper_mm_net,2013-03-26,2013-03-29,-30036.0,https://www.cftc.gov/files/dea/history/fut_disagg_txt_2026.zip,2026-10-08
cftc_copper_mm_net,2013-04-02,2013-04-05,-39000.0,https://www.cftc.gov/files/dea/history/fut_disagg_txt_2026.zip,2026-10-08
cftc_copper_mm_net,2013-04-09,2013-04-12,-32942.0,https://www.cftc.gov/files/dea/history/fut_disagg_txt_2026.zip,2026-10-08
cftc_copper_mm_net,2013-04-16,2013-04-19,-27504.0,https://www.cftc.gov/files/dea/history/fut_disagg_txt_2026.zip,2026-10-08
cftc_copper_mm_net,2013-04-23,2013-04-26,-15791.0,https://www.cftc.gov/files/dea/history/fut_disagg_txt_2026.zip,2026-10-08
cftc_copper_mm_net,2013-04-30,2013-05-03,-23430.0,https://www.cftc.gov/files/dea/history/fut_disagg_txt_2026.zip,2026-10-08
cftc_copper_mm_net,2013-05-07,2013-05-10,-16796.0,https://www.cftc.gov/files/dea/history/fut_disagg_txt_2026.zip,2026-10-08
cftc_copper_mm_net,2013-05-14,2013-05-17,-13164.0,https://www.cftc.gov/files/dea/history/fut_disagg_txt_2026.zip,2026-10-08
cftc_copper_mm_net,2013-05-21,2013-05-24,-9089.0,https://www.cftc.gov/files/dea/history/fut_disagg_txt_2026.zip,2026-10-08
cftc_copper_mm_net,2013-05-28,2013-05-31,-8918.0,https://www.cftc.gov/files/dea/history/fut_disagg_txt_2026.zip,2026-10-08
cftc_copper_mm_net,2013-06-04,2013-06-07,-6656.0,https://www.cftc.gov/files/dea/history/fut_disagg_txt_2026.zip,2026-10-08
cftc_copper_mm_net,2013-06-11,2013-06-14,-18714.0,https://www.cftc.gov/files/dea/history/fut_disagg_txt_2026.zip,2026-10-08
cftc_copper_mm_net,2013-06-18,2013-06-21,-29009.0,https://www.cftc.gov/files/dea/history/fut_disagg_txt_2026.zip,2026-10-08
cftc_copper_mm_net,2013-06-25,2013-06-28,-32597.0,https://www.cftc.gov/files/dea/history/fut_disagg_txt_2026.zip,2026-10-08
cftc_copper_mm_net,2013-07-02,2013-07-05,-26963.0,https://www.cftc.gov/files/dea/history/fut_disagg_txt_2026.zip,2026-10-08
cftc_copper_mm_net,2013-07-09,2013-07-12,-26284.0,https://www.cftc.gov/files/dea/history/fut_disagg_txt_2026.zip,2026-10-08
cftc_copper_mm_net,2013-07-16,2013-07-19,-15652.0,https://www.cftc.gov/files/dea/history/fut_disagg_txt_2026.zip,2026-10-08
cftc_copper_mm_net,2013-07-23,2013-07-26,-12950.0,https://www.cftc.gov/files/dea/history/fut_disagg_txt_2026.zip,2026-10-08
cftc_copper_mm_net,2013-07-30,2013-08-02,-26923.0,https://www.cftc.gov/files/dea/history/fut_disagg_txt_2026.zip,2026-10-08
cftc_copper_mm_net,2013-08-06,2013-08-09,-14661.0,https://www.cftc.gov/files/dea/history/fut_disagg_txt_2026.zip,2026-10-08
cftc_copper_mm_net,2013-08-13,2013-08-16,6899.0,https://www.cftc.gov/files/dea/history/fut_disagg_txt_2026.zip,2026-10-08
cftc_copper_mm_net,2013-08-20,2013-08-23,14282.0,https://www.cftc.gov/files/dea/history/fut_disagg_txt_2026.zip,2026-10-08
cftc_copper_mm_net,2013-08-27,2013-08-30,13060.0,https://www.cftc.gov/files/dea/history/fut_disagg_txt_2026.zip,2026-10-08
cftc_copper_mm_net,2013-09-03,2013-09-06,8222.0,https://www.cftc.gov/files/dea/history/fut_disagg_txt_2026.zip,2026-10-08
cftc_copper_mm_net,2013-09-10,2013-09-13,2018.0,https://www.cftc.gov/files/dea/history/fut_disagg_txt_2026.zip,2026-10-08
cftc_copper_mm_net,2013-09-17,2013-09-20,-3802.0,https://www.cftc.gov/files/dea/history/fut_disagg_txt_2026.zip,2026-10-08
cftc_copper_mm_net,2013-09-24,2013-09-27,5276.0,https://www.cftc.gov/files/dea/history/fut_disagg_txt_2026.zip,2026-10-08
cftc_copper_mm_net,2013-10-01,2013-10-04,7829.0,https://www.cftc.gov/files/dea/history/fut_disagg_txt_2026.zip,2026-10-08
cftc_copper_mm_net,2013-10-08,2013-10-11,4413.0,https://www.cftc.gov/files/dea/history/fut_disagg_txt_2026.zip,2026-10-08
cftc_copper_mm_net,2013-10-15,2013-10-18,4082.0,https://www.cftc.gov/files/dea/history/fut_disagg_txt_2026.zip,2026-10-08
cftc_copper_mm_net,2013-10-22,2013-10-25,18531.0,https://www.cftc.gov/files/dea/history/fut_disagg_txt_2026.zip,2026-10-08
cftc_copper_mm_net,2013-10-29,2013-11-01,10290.0,https://www.cftc.gov/files/dea/history/fut_disagg_txt_2026.zip,2026-10-08
cftc_copper_mm_net,2013-11-05,2013-11-08,4930.0,https://www.cftc.gov/files/dea/history/fut_disagg_txt_2026.zip,2026-10-08
cftc_copper_mm_net,2013-11-12,2013-11-15,-8131.0,https://www.cftc.gov/files/dea/history/fut_disagg_txt_2026.zip,2026-10-08
cftc_copper_mm_net,2013-11-19,2013-11-22,-24058.0,https://www.cftc.gov/files/dea/history/fut_disagg_txt_2026.zip,2026-10-08
cftc_copper_mm_net,2013-11-26,2013-11-29,-19738.0,https://www.cftc.gov/files/dea/history/fut_disagg_txt_2026.zip,2026-10-08
cftc_copper_mm_net,2013-12-03,2013-12-06,-19316.0,https://www.cftc.gov/files/dea/history/fut_disagg_txt_2026.zip,2026-10-08
cftc_copper_mm_net,2013-12-10,2013-12-13,-1244.0,https://www.cftc.gov/files/dea/history/fut_disagg_txt_2026.zip,2026-10-08
cftc_copper_mm_net,2013-12-17,2013-12-20,20657.0,https://www.cftc.gov/files/dea/history/fut_disagg_txt_2026.zip,2026-10-08
cftc_copper_mm_net,2013-12-24,2013-12-27,29452.0,https://www.cftc.gov/files/dea/history/fut_disagg_txt_2026.zip,2026-10-08
cftc_copper_mm_net,2013-12-31,2014-01-03,35623.0,https://www.cftc.gov/files/dea/history/fut_disagg_txt_2026.zip,2026-10-08
cftc_copper_mm_net,2014-01-07,2014-01-10,35025.0,https://www.cftc.gov/files/dea/history/fut_disagg_txt_2026.zip,2026-10-08
cftc_copper_mm_net,2014-01-14,2014-01-17,25670.0,https://www.cftc.gov/files/dea/history/fut_disagg_txt_2026.zip,2026-10-08
cftc_copper_mm_net,2014-01-21,2014-01-24,30689.0,https://www.cftc.gov/files/dea/history/fut_disagg_txt_2026.zip,2026-10-08
cftc_copper_mm_net,2014-01-28,2014-01-31,11734.0,https://www.cftc.gov/files/dea/history/fut_disagg_txt_2026.zip,2026-10-08
cftc_copper_mm_net,2014-02-04,2014-02-07,-6822.0,https://www.cftc.gov/files/dea/history/fut_disagg_txt_2026.zip,2026-10-08
cftc_copper_mm_net,2014-02-11,2014-02-14,-15791.0,https://www.cftc.gov/files/dea/history/fut_disagg_txt_2026.zip,2026-10-08
cftc_copper_mm_net,2014-02-18,2014-02-21,-8905.0,https://www.cftc.gov/files/dea/history/fut_disagg_txt_2026.zip,2026-10-08
cftc_copper_mm_net,2014-02-25,2014-02-28,1518.0,https://www.cftc.gov/files/dea/history/fut_disagg_txt_2026.zip,2026-10-08
cftc_copper_mm_net,2014-03-04,2014-03-07,-2488.0,https://www.cftc.gov/files/dea/history/fut_disagg_txt_2026.zip,2026-10-08
cftc_copper_mm_net,2014-03-11,2014-03-14,-10361.0,https://www.cftc.gov/files/dea/history/fut_disagg_txt_2026.zip,2026-10-08
cftc_copper_mm_net,2014-03-18,2014-03-21,-21884.0,https://www.cftc.gov/files/dea/history/fut_disagg_txt_2026.zip,2026-10-08
cftc_copper_mm_net,2014-03-25,2014-03-28,-24970.0,https://www.cftc.gov/files/dea/history/fut_disagg_txt_2026.zip,2026-10-08
cftc_copper_mm_net,2014-04-01,2014-04-04,-19724.0,https://www.cftc.gov/files/dea/history/fut_disagg_txt_2026.zip,2026-10-08
cftc_copper_mm_net,2014-04-08,2014-04-11,-13375.0,https://www.cftc.gov/files/dea/history/fut_disagg_txt_2026.zip,2026-10-08
cftc_copper_mm_net,2014-04-15,2014-04-18,-14828.0,https://www.cftc.gov/files/dea/history/fut_disagg_txt_2026.zip,2026-10-08
cftc_copper_mm_net,2014-04-22,2014-04-25,-3457.0,https://www.cftc.gov/files/dea/history/fut_disagg_txt_2026.zip,2026-10-08
cftc_copper_mm_net,2014-04-29,2014-05-02,5010.0,https://www.cftc.gov/files/dea/history/fut_disagg_txt_2026.zip,2026-10-08
cftc_copper_mm_net,2014-05-06,2014-05-09,640.0,https://www.cftc.gov/files/dea/history/fut_disagg_txt_2026.zip,2026-10-08
cftc_copper_mm_net,2014-05-13,2014-05-16,13127.0,https://www.cftc.gov/files/dea/history/fut_disagg_txt_2026.zip,2026-10-08
cftc_copper_mm_net,2014-05-20,2014-05-23,18684.0,https://www.cftc.gov/files/dea/history/fut_disagg_txt_2026.zip,2026-10-08
cftc_copper_mm_net,2014-05-27,2014-05-30,21206.0,https://www.cftc.gov/files/dea/history/fut_disagg_txt_2026.zip,2026-10-08
cftc_copper_mm_net,2014-06-03,2014-06-06,16149.0,https://www.cftc.gov/files/dea/history/fut_disagg_txt_2026.zip,2026-10-08
cftc_copper_mm_net,2014-06-10,2014-06-13,5001.0,https://www.cftc.gov/files/dea/history/fut_disagg_txt_2026.zip,2026-10-08
cftc_copper_mm_net,2014-06-17,2014-06-20,-401.0,https://www.cftc.gov/files/dea/history/fut_disagg_txt_2026.zip,2026-10-08
cftc_copper_mm_net,2014-06-24,2014-06-27,14213.0,https://www.cftc.gov/files/dea/history/fut_disagg_txt_2026.zip,2026-10-08
cftc_copper_mm_net,2014-07-01,2014-07-04,24690.0,https://www.cftc.gov/files/dea/history/fut_disagg_txt_2026.zip,2026-10-08
cftc_copper_mm_net,2014-07-08,2014-07-11,38277.0,https://www.cftc.gov/files/dea/history/fut_disagg_txt_2026.zip,2026-10-08
cftc_copper_mm_net,2014-07-15,2014-07-18,48903.0,https://www.cftc.gov/files/dea/history/fut_disagg_txt_2026.zip,2026-10-08
cftc_copper_mm_net,2014-07-22,2014-07-25,44015.0,https://www.cftc.gov/files/dea/history/fut_disagg_txt_2026.zip,2026-10-08
cftc_copper_mm_net,2014-07-29,2014-08-01,38739.0,https://www.cftc.gov/files/dea/history/fut_disagg_txt_2026.zip,2026-10-08
cftc_copper_mm_net,2014-08-05,2014-08-08,34223.0,https://www.cftc.gov/files/dea/history/fut_disagg_txt_2026.zip,2026-10-08
cftc_copper_mm_net,2014-08-12,2014-08-15,19012.0,https://www.cftc.gov/files/dea/history/fut_disagg_txt_2026.zip,2026-10-08
cftc_copper_mm_net,2014-08-19,2014-08-22,8585.0,https://www.cftc.gov/files/dea/history/fut_disagg_txt_2026.zip,2026-10-08
cftc_copper_mm_net,2014-08-26,2014-08-29,17312.0,https://www.cftc.gov/files/dea/history/fut_disagg_txt_2026.zip,2026-10-08
cftc_copper_mm_net,2014-09-02,2014-09-05,6555.0,https://www.cftc.gov/files/dea/history/fut_disagg_txt_2026.zip,2026-10-08
cftc_copper_mm_net,2014-09-09,2014-09-12,-2164.0,https://www.cftc.gov/files/dea/history/fut_disagg_txt_2026.zip,2026-10-08
cftc_copper_mm_net,2014-09-16,2014-09-19,693.0,https://www.cftc.gov/files/dea/history/fut_disagg_txt_2026.zip,2026-10-08
cftc_copper_mm_net,2014-09-23,2014-09-26,-12426.0,https://www.cftc.gov/files/dea/history/fut_disagg_txt_2026.zip,2026-10-08
cftc_copper_mm_net,2014-09-30,2014-10-03,-21470.0,https://www.cftc.gov/files/dea/history/fut_disagg_txt_2026.zip,2026-10-08
cftc_copper_mm_net,2014-10-07,2014-10-10,-21304.0,https://www.cftc.gov/files/dea/history/fut_disagg_txt_2026.zip,2026-10-08
cftc_copper_mm_net,2014-10-14,2014-10-17,-11472.0,https://www.cftc.gov/files/dea/history/fut_disagg_txt_2026.zip,2026-10-08
cftc_copper_mm_net,2014-10-21,2014-10-24,-11995.0,https://www.cftc.gov/files/dea/history/fut_disagg_txt_2026.zip,2026-10-08
cftc_copper_mm_net,2014-10-28,2014-10-31,-1324.0,https://www.cftc.gov/files/dea/history/fut_disagg_txt_2026.zip,2026-10-08
cftc_copper_mm_net,2014-11-04,2014-11-07,-6016.0,https://www.cftc.gov/files/dea/history/fut_disagg_txt_2026.zip,2026-10-08
cftc_copper_mm_net,2014-11-11,2014-11-14,-1733.0,https://www.cftc.gov/files/dea/history/fut_disagg_txt_2026.zip,2026-10-08
cftc_copper_mm_net,2014-11-18,2014-11-21,-1338.0,https://www.cftc.gov/files/dea/history/fut_disagg_txt_2026.zip,2026-10-08
cftc_copper_mm_net,2014-11-25,2014-11-28,-1867.0,https://www.cftc.gov/files/dea/history/fut_disagg_txt_2026.zip,2026-10-08
cftc_copper_mm_net,2014-12-02,2014-12-05,-5976.0,https://www.cftc.gov/files/dea/history/fut_disagg_txt_2026.zip,2026-10-08
cftc_copper_mm_net,2014-12-09,2014-12-12,-5397.0,https://www.cftc.gov/files/dea/history/fut_disagg_txt_2026.zip,2026-10-08
cftc_copper_mm_net,2014-12-16,2014-12-19,-5000.0,https://www.cftc.gov/files/dea/history/fut_disagg_txt_2026.zip,2026-10-08
cftc_copper_mm_net,2014-12-23,2014-12-26,-4230.0,https://www.cftc.gov/files/dea/history/fut_disagg_txt_2026.zip,2026-10-08
cftc_copper_mm_net,2014-12-30,2015-01-02,-4508.0,https://www.cftc.gov/files/dea/history/fut_disagg_txt_2026.zip,2026-10-08
cftc_copper_mm_net,2015-01-06,2015-01-09,-10932.0,https://www.cftc.gov/files/dea/history/fut_disagg_txt_2026.zip,2026-10-08
cftc_copper_mm_net,2015-01-13,2015-01-16,-9931.0,https://www.cftc.gov/files/dea/history/fut_disagg_txt_2026.zip,2026-10-08
cftc_copper_mm_net,2015-01-20,2015-01-23,-8077.0,https://www.cftc.gov/files/dea/history/fut_disagg_txt_2026.zip,2026-10-08
cftc_copper_mm_net,2015-01-27,2015-01-30,-13021.0,https://www.cftc.gov/files/dea/history/fut_disagg_txt_2026.zip,2026-10-08
cftc_copper_mm_net,2015-02-03,2015-02-06,-10326.0,https://www.cftc.gov/files/dea/history/fut_disagg_txt_2026.zip,2026-10-08
cftc_copper_mm_net,2015-02-10,2015-02-13,-14094.0,https://www.cftc.gov/files/dea/history/fut_disagg_txt_2026.zip,2026-10-08
cftc_copper_mm_net,2015-02-17,2015-02-20,-9172.0,https://www.cftc.gov/files/dea/history/fut_disagg_txt_2026.zip,2026-10-08
cftc_copper_mm_net,2015-02-24,2015-02-27,-324.0,https://www.cftc.gov/files/dea/history/fut_disagg_txt_2026.zip,2026-10-08
cftc_copper_mm_net,2015-03-03,2015-03-06,1006.0,https://www.cftc.gov/files/dea/history/fut_disagg_txt_2026.zip,2026-10-08
cftc_copper_mm_net,2015-03-10,2015-03-13,2357.0,https://www.cftc.gov/files/dea/history/fut_disagg_txt_2026.zip,2026-10-08
cftc_copper_mm_net,2015-03-17,2015-03-20,3858.0,https://www.cftc.gov/files/dea/history/fut_disagg_txt_2026.zip,2026-10-08
cftc_copper_mm_net,2015-03-24,2015-03-27,14986.0,https://www.cftc.gov/files/dea/history/fut_disagg_txt_2026.zip,2026-10-08
cftc_copper_mm_net,2015-03-31,2015-04-03,17038.0,https://www.cftc.gov/files/dea/history/fut_disagg_txt_2026.zip,2026-10-08
cftc_copper_mm_net,2015-04-07,2015-04-10,15356.0,https://www.cftc.gov/files/dea/history/fut_disagg_txt_2026.zip,2026-10-08
cftc_copper_mm_net,2015-04-14,2015-04-17,14279.0,https://www.cftc.gov/files/dea/history/fut_disagg_txt_2026.zip,2026-10-08
cftc_copper_mm_net,2015-04-21,2015-04-24,13578.0,https://www.cftc.gov/files/dea/history/fut_disagg_txt_2026.zip,2026-10-08
cftc_copper_mm_net,2015-04-28,2015-05-01,13921.0,https://www.cftc.gov/files/dea/history/fut_disagg_txt_2026.zip,2026-10-08
cftc_copper_mm_net,2015-05-05,2015-05-08,31598.0,https://www.cftc.gov/files/dea/history/fut_disagg_txt_2026.zip,2026-10-08
cftc_copper_mm_net,2015-05-12,2015-05-15,39977.0,https://www.cftc.gov/files/dea/history/fut_disagg_txt_2026.zip,2026-10-08
cftc_copper_mm_net,2015-05-19,2015-05-22,38526.0,https://www.cftc.gov/files/dea/history/fut_disagg_txt_2026.zip,2026-10-08
cftc_copper_mm_net,2015-05-26,2015-05-29,28277.0,https://www.cftc.gov/files/dea/history/fut_disagg_txt_2026.zip,2026-10-08
cftc_copper_mm_net,2015-06-02,2015-06-05,4220.0,https://www.cftc.gov/files/dea/history/fut_disagg_txt_2026.zip,2026-10-08
cftc_copper_mm_net,2015-06-09,2015-06-12,-4135.0,https://www.cftc.gov/files/dea/history/fut_disagg_txt_2026.zip,2026-10-08
cftc_copper_mm_net,2015-06-16,2015-06-19,-6786.0,https://www.cftc.gov/files/dea/history/fut_disagg_txt_2026.zip,2026-10-08
cftc_copper_mm_net,2015-06-23,2015-06-26,-18484.0,https://www.cftc.gov/files/dea/history/fut_disagg_txt_2026.zip,2026-10-08
cftc_copper_mm_net,2015-06-30,2015-07-03,-21275.0,https://www.cftc.gov/files/dea/history/fut_disagg_txt_2026.zip,2026-10-08
cftc_copper_mm_net,2015-07-07,2015-07-10,-25009.0,https://www.cftc.gov/files/dea/history/fut_disagg_txt_2026.zip,2026-10-08
cftc_copper_mm_net,2015-07-14,2015-07-17,-21344.0,https://www.cftc.gov/files/dea/history/fut_disagg_txt_2026.zip,2026-10-08
cftc_copper_mm_net,2015-07-21,2015-07-24,-26182.0,https://www.cftc.gov/files/dea/history/fut_disagg_txt_2026.zip,2026-10-08
cftc_copper_mm_net,2015-07-28,2015-07-31,-25734.0,https://www.cftc.gov/files/dea/history/fut_disagg_txt_2026.zip,2026-10-08
cftc_copper_mm_net,2015-08-04,2015-08-07,-33535.0,https://www.cftc.gov/files/dea/history/fut_disagg_txt_2026.zip,2026-10-08
cftc_copper_mm_net,2015-08-11,2015-08-14,-32699.0,https://www.cftc.gov/files/dea/history/fut_disagg_txt_2026.zip,2026-10-08
cftc_copper_mm_net,2015-08-18,2015-08-21,-27514.0,https://www.cftc.gov/files/dea/history/fut_disagg_txt_2026.zip,2026-10-08
cftc_copper_mm_net,2015-08-25,2015-08-28,-18232.0,https://www.cftc.gov/files/dea/history/fut_disagg_txt_2026.zip,2026-10-08
cftc_copper_mm_net,2015-09-01,2015-09-04,-15757.0,https://www.cftc.gov/files/dea/history/fut_disagg_txt_2026.zip,2026-10-08
cftc_copper_mm_net,2015-09-08,2015-09-11,-4611.0,https://www.cftc.gov/files/dea/history/fut_disagg_txt_2026.zip,2026-10-08
cftc_copper_mm_net,2015-09-15,2015-09-18,1133.0,https://www.cftc.gov/files/dea/history/fut_disagg_txt_2026.zip,2026-10-08
cftc_copper_mm_net,2015-09-22,2015-09-25,-5068.0,https://www.cftc.gov/files/dea/history/fut_disagg_txt_2026.zip,2026-10-08
cftc_copper_mm_net,2015-09-29,2015-10-02,-8853.0,https://www.cftc.gov/files/dea/history/fut_disagg_txt_2026.zip,2026-10-08
cftc_copper_mm_net,2015-10-06,2015-10-09,-970.0,https://www.cftc.gov/files/dea/history/fut_disagg_txt_2026.zip,2026-10-08
cftc_copper_mm_net,2015-10-13,2015-10-16,7349.0,https://www.cftc.gov/files/dea/history/fut_disagg_txt_2026.zip,2026-10-08
cftc_copper_mm_net,2015-10-20,2015-10-23,7011.0,https://www.cftc.gov/files/dea/history/fut_disagg_txt_2026.zip,2026-10-08
cftc_copper_mm_net,2015-10-27,2015-10-30,8219.0,https://www.cftc.gov/files/dea/history/fut_disagg_txt_2026.zip,2026-10-08
cftc_copper_mm_net,2015-11-03,2015-11-06,-2861.0,https://www.cftc.gov/files/dea/history/fut_disagg_txt_2026.zip,2026-10-08
cftc_copper_mm_net,2015-11-10,2015-11-13,-19350.0,https://www.cftc.gov/files/dea/history/fut_disagg_txt_2026.zip,2026-10-08
cftc_copper_mm_net,2015-11-17,2015-11-20,-27914.0,https://www.cftc.gov/files/dea/history/fut_disagg_txt_2026.zip,2026-10-08
cftc_copper_mm_net,2015-11-24,2015-11-27,-30241.0,https://www.cftc.gov/files/dea/history/fut_disagg_txt_2026.zip,2026-10-08
cftc_copper_mm_net,2015-12-01,2015-12-04,-37180.0,https://www.cftc.gov/files/dea/history/fut_disagg_txt_2026.zip,2026-10-08
cftc_copper_mm_net,2015-12-08,2015-12-11,-35812.0,https://www.cftc.gov/files/dea/history/fut_disagg_txt_2026.zip,2026-10-08
cftc_copper_mm_net,2015-12-15,2015-12-18,-37222.0,https://www.cftc.gov/files/dea/history/fut_disagg_txt_2026.zip,2026-10-08
cftc_copper_mm_net,2015-12-22,2015-12-25,-28752.0,https://www.cftc.gov/files/dea/history/fut_disagg_txt_2026.zip,2026-10-08
cftc_copper_mm_net,2015-12-29,2016-01-01,-25964.0,https://www.cftc.gov/files/dea/history/fut_disagg_txt_2026.zip,2026-10-08
cftc_copper_mm_net,2016-01-05,2016-01-08,-28759.0,https://www.cftc.gov/files/dea/history/fut_disagg_txt_2026.zip,2026-10-08
cftc_copper_mm_net,2016-01-12,2016-01-15,-31724.0,https://www.cftc.gov/files/dea/history/fut_disagg_txt_2026.zip,2026-10-08
cftc_copper_mm_net,2016-01-19,2016-01-22,-33973.0,https://www.cftc.gov/files/dea/history/fut_disagg_txt_2026.zip,2026-10-08
cftc_copper_mm_net,2016-01-26,2016-01-29,-23908.0,https://www.cftc.gov/files/dea/history/fut_disagg_txt_2026.zip,2026-10-08
cftc_copper_mm_net,2016-02-02,2016-02-05,-19010.0,https://www.cftc.gov/files/dea/history/fut_disagg_txt_2026.zip,2026-10-08
cftc_copper_mm_net,2016-02-09,2016-02-12,-7111.0,https://www.cftc.gov/files/dea/history/fut_disagg_txt_2026.zip,2026-10-08
cftc_copper_mm_net,2016-02-16,2016-02-19,-7677.0,https://www.cftc.gov/files/dea/history/fut_disagg_txt_2026.zip,2026-10-08
cftc_copper_mm_net,2016-02-23,2016-02-26,-2066.0,https://www.cftc.gov/files/dea/history/fut_disagg_txt_2026.zip,2026-10-08
cftc_copper_mm_net,2016-03-01,2016-03-04,5957.0,https://www.cftc.gov/files/dea/history/fut_disagg_txt_2026.zip,2026-10-08
cftc_copper_mm_net,2016-03-08,2016-03-11,27831.0,https://www.cftc.gov/files/dea/history/fut_disagg_txt_2026.zip,2026-10-08
cftc_copper_mm_net,2016-03-15,2016-03-18,24044.0,https://www.cftc.gov/files/dea/history/fut_disagg_txt_2026.zip,2026-10-08
cftc_copper_mm_net,2016-03-22,2016-03-25,22975.0,https://www.cftc.gov/files/dea/history/fut_disagg_txt_2026.zip,2026-10-08
cftc_copper_mm_net,2016-03-29,2016-04-01,21073.0,https://www.cftc.gov/files/dea/history/fut_disagg_txt_2026.zip,2026-10-08
cftc_copper_mm_net,2016-04-05,2016-04-08,8479.0,https://www.cftc.gov/files/dea/history/fut_disagg_txt_2026.zip,2026-10-08
cftc_copper_mm_net,2016-04-12,2016-04-15,-9641.0,https://www.cftc.gov/files/dea/history/fut_disagg_txt_2026.zip,2026-10-08
cftc_copper_mm_net,2016-04-19,2016-04-22,-8130.0,https://www.cftc.gov/files/dea/history/fut_disagg_txt_2026.zip,2026-10-08
cftc_copper_mm_net,2016-04-26,2016-04-29,15813.0,https://www.cftc.gov/files/dea/history/fut_disagg_txt_2026.zip,2026-10-08
cftc_copper_mm_net,2016-05-03,2016-05-06,16689.0,https://www.cftc.gov/files/dea/history/fut_disagg_txt_2026.zip,2026-10-08
cftc_copper_mm_net,2016-05-10,2016-05-13,-6410.0,https://www.cftc.gov/files/dea/history/fut_disagg_txt_2026.zip,2026-10-08
cftc_copper_mm_net,2016-05-17,2016-05-20,-24385.0,https://www.cftc.gov/files/dea/history/fut_disagg_txt_2026.zip,2026-10-08
cftc_copper_mm_net,2016-05-24,2016-05-27,-33530.0,https://www.cftc.gov/files/dea/history/fut_disagg_txt_2026.zip,2026-10-08
cftc_copper_mm_net,2016-05-31,2016-06-03,-31359.0,https://www.cftc.gov/files/dea/history/fut_disagg_txt_2026.zip,2026-10-08
cftc_copper_mm_net,2016-06-07,2016-06-10,-37307.0,https://www.cftc.gov/files/dea/history/fut_disagg_txt_2026.zip,2026-10-08
cftc_copper_mm_net,2016-06-14,2016-06-17,-47345.0,https://www.cftc.gov/files/dea/history/fut_disagg_txt_2026.zip,2026-10-08
cftc_copper_mm_net,2016-06-21,2016-06-24,-28038.0,https://www.cftc.gov/files/dea/history/fut_disagg_txt_2026.zip,2026-10-08
cftc_copper_mm_net,2016-06-28,2016-07-01,-5939.0,https://www.cftc.gov/files/dea/history/fut_disagg_txt_2026.zip,2026-10-08
cftc_copper_mm_net,2016-07-05,2016-07-08,4261.0,https://www.cftc.gov/files/dea/history/fut_disagg_txt_2026.zip,2026-10-08
cftc_copper_mm_net,2016-07-12,2016-07-15,4781.0,https://www.cftc.gov/files/dea/history/fut_disagg_txt_2026.zip,2026-10-08
cftc_copper_mm_net,2016-07-19,2016-07-22,18271.0,https://www.cftc.gov/files/dea/history/fut_disagg_txt_2026.zip,2026-10-08
cftc_copper_mm_net,2016-07-26,2016-07-29,29205.0,https://www.cftc.gov/files/dea/history/fut_disagg_txt_2026.zip,2026-10-08
cftc_copper_mm_net,2016-08-02,2016-08-05,17888.0,https://www.cftc.gov/files/dea/history/fut_disagg_txt_2026.zip,2026-10-08
cftc_copper_mm_net,2016-08-09,2016-08-12,-856.0,https://www.cftc.gov/files/dea/history/fut_disagg_txt_2026.zip,2026-10-08
cftc_copper_mm_net,2016-08-16,2016-08-19,1720.0,https://www.cftc.gov/files/dea/history/fut_disagg_txt_2026.zip,2026-10-08
cftc_copper_mm_net,2016-08-23,2016-08-26,-6028.0,https://www.cftc.gov/files/dea/history/fut_disagg_txt_2026.zip,2026-10-08
cftc_copper_mm_net,2016-08-30,2016-09-02,-26851.0,https://www.cftc.gov/files/dea/history/fut_disagg_txt_2026.zip,2026-10-08
cftc_copper_mm_net,2016-09-06,2016-09-09,-41675.0,https://www.cftc.gov/files/dea/history/fut_disagg_txt_2026.zip,2026-10-08
cftc_copper_mm_net,2016-09-13,2016-09-16,-36578.0,https://www.cftc.gov/files/dea/history/fut_disagg_txt_2026.zip,2026-10-08
cftc_copper_mm_net,2016-09-20,2016-09-23,-19559.0,https://www.cftc.gov/files/dea/history/fut_disagg_txt_2026.zip,2026-10-08
cftc_copper_mm_net,2016-09-27,2016-09-30,2956.0,https://www.cftc.gov/files/dea/history/fut_disagg_txt_2026.zip,2026-10-08
cftc_copper_mm_net,2016-10-04,2016-10-07,7088.0,https://www.cftc.gov/files/dea/history/fut_disagg_txt_2026.zip,2026-10-08
cftc_copper_mm_net,2016-10-11,2016-10-14,12893.0,https://www.cftc.gov/files/dea/history/fut_disagg_txt_2026.zip,2026-10-08
cftc_copper_mm_net,2016-10-18,2016-10-21,-13897.0,https://www.cftc.gov/files/dea/history/fut_disagg_txt_2026.zip,2026-10-08
cftc_copper_mm_net,2016-10-25,2016-10-28,-16642.0,https://www.cftc.gov/files/dea/history/fut_disagg_txt_2026.zip,2026-10-08
cftc_copper_mm_net,2016-11-01,2016-11-04,23373.0,https://www.cftc.gov/files/dea/history/fut_disagg_txt_2026.zip,2026-10-08
cftc_copper_mm_net,2016-11-08,2016-11-11,59288.0,https://www.cftc.gov/files/dea/history/fut_disagg_txt_2026.zip,2026-10-08
cftc_copper_mm_net,2016-11-15,2016-11-18,70602.0,https://www.cftc.gov/files/dea/history/fut_disagg_txt_2026.zip,2026-10-08
cftc_copper_mm_net,2016-11-22,2016-11-25,76379.0,https://www.cftc.gov/files/dea/history/fut_disagg_txt_2026.zip,2026-10-08
cftc_copper_mm_net,2016-11-29,2016-12-02,80968.0,https://www.cftc.gov/files/dea/history/fut_disagg_txt_2026.zip,2026-10-08
cftc_copper_mm_net,2016-12-06,2016-12-09,82835.0,https://www.cftc.gov/files/dea/history/fut_disagg_txt_2026.zip,2026-10-08
cftc_copper_mm_net,2016-12-13,2016-12-16,87069.0,https://www.cftc.gov/files/dea/history/fut_disagg_txt_2026.zip,2026-10-08
cftc_copper_mm_net,2016-12-20,2016-12-23,79156.0,https://www.cftc.gov/files/dea/history/fut_disagg_txt_2026.zip,2026-10-08
cftc_copper_mm_net,2016-12-27,2016-12-30,72152.0,https://www.cftc.gov/files/dea/history/fut_disagg_txt_2026.zip,2026-10-08
cftc_copper_mm_net,2017-01-03,2017-01-06,70557.0,https://www.cftc.gov/files/dea/history/fut_disagg_txt_2026.zip,2026-10-08
cftc_copper_mm_net,2017-01-10,2017-01-13,73869.0,https://www.cftc.gov/files/dea/history/fut_disagg_txt_2026.zip,2026-10-08
cftc_copper_mm_net,2017-01-17,2017-01-20,75029.0,https://www.cftc.gov/files/dea/history/fut_disagg_txt_2026.zip,2026-10-08
cftc_copper_mm_net,2017-01-24,2017-01-27,91341.0,https://www.cftc.gov/files/dea/history/fut_disagg_txt_2026.zip,2026-10-08
cftc_copper_mm_net,2017-01-31,2017-02-03,101356.0,https://www.cftc.gov/files/dea/history/fut_disagg_txt_2026.zip,2026-10-08
cftc_copper_mm_net,2017-02-07,2017-02-10,85456.0,https://www.cftc.gov/files/dea/history/fut_disagg_txt_2026.zip,2026-10-08
cftc_copper_mm_net,2017-02-14,2017-02-17,88556.0,https://www.cftc.gov/files/dea/history/fut_disagg_txt_2026.zip,2026-10-08
cftc_copper_mm_net,2017-02-21,2017-02-24,78790.0,https://www.cftc.gov/files/dea/history/fut_disagg_txt_2026.zip,2026-10-08
cftc_copper_mm_net,2017-02-28,2017-03-03,70660.0,https://www.cftc.gov/files/dea/history/fut_disagg_txt_2026.zip,2026-10-08
cftc_copper_mm_net,2017-03-07,2017-03-10,57149.0,https://www.cftc.gov/files/dea/history/fut_disagg_txt_2026.zip,2026-10-08
cftc_copper_mm_net,2017-03-14,2017-03-17,52449.0,https://www.cftc.gov/files/dea/history/fut_disagg_txt_2026.zip,2026-10-08
cftc_copper_mm_net,2017-03-21,2017-03-24,54680.0,https://www.cftc.gov/files/dea/history/fut_disagg_txt_2026.zip,2026-10-08
cftc_copper_mm_net,2017-03-28,2017-03-31,60773.0,https://www.cftc.gov/files/dea/history/fut_disagg_txt_2026.zip,2026-10-08
cftc_copper_mm_net,2017-04-04,2017-04-07,54173.0,https://www.cftc.gov/files/dea/history/fut_disagg_txt_2026.zip,2026-10-08
cftc_copper_mm_net,2017-04-11,2017-04-14,55512.0,https://www.cftc.gov/files/dea/history/fut_disagg_txt_2026.zip,2026-10-08
cftc_copper_mm_net,2017-04-18,2017-04-21,39154.0,https://www.cftc.gov/files/dea/history/fut_disagg_txt_2026.zip,2026-10-08
cftc_copper_mm_net,2017-04-25,2017-04-28,39831.0,https://www.cftc.gov/files/dea/history/fut_disagg_txt_2026.zip,2026-10-08
cftc_copper_mm_net,2017-05-02,2017-05-05,51205.0,https://www.cftc.gov/files/dea/history/fut_disagg_txt_2026.zip,2026-10-08
cftc_copper_mm_net,2017-05-09,2017-05-12,29749.0,https://www.cftc.gov/files/dea/history/fut_disagg_txt_2026.zip,2026-10-08
cftc_copper_mm_net,2017-05-16,2017-05-19,37936.0,https://www.cftc.gov/files/dea/history/fut_disagg_txt_2026.zip,2026-10-08
cftc_copper_mm_net,2017-05-23,2017-05-26,50105.0,https://www.cftc.gov/files/dea/history/fut_disagg_txt_2026.zip,2026-10-08
cftc_copper_mm_net,2017-05-30,2017-06-02,49690.0,https://www.cftc.gov/files/dea/history/fut_disagg_txt_2026.zip,2026-10-08
cftc_copper_mm_net,2017-06-06,2017-06-09,51648.0,https://www.cftc.gov/files/dea/history/fut_disagg_txt_2026.zip,2026-10-08
cftc_copper_mm_net,2017-06-13,2017-06-16,62794.0,https://www.cftc.gov/files/dea/history/fut_disagg_txt_2026.zip,2026-10-08
cftc_copper_mm_net,2017-06-20,2017-06-23,49266.0,https://www.cftc.gov/files/dea/history/fut_disagg_txt_2026.zip,2026-10-08
cftc_copper_mm_net,2017-06-27,2017-06-30,58787.0,https://www.cftc.gov/files/dea/history/fut_disagg_txt_2026.zip,2026-10-08
cftc_copper_mm_net,2017-07-03,2017-07-06,69105.0,https://www.cftc.gov/files/dea/history/fut_disagg_txt_2026.zip,2026-10-08
cftc_copper_mm_net,2017-07-11,2017-07-14,66510.0,https://www.cftc.gov/files/dea/history/fut_disagg_txt_2026.zip,2026-10-08
cftc_copper_mm_net,2017-07-18,2017-07-21,74143.0,https://www.cftc.gov/files/dea/history/fut_disagg_txt_2026.zip,2026-10-08
cftc_copper_mm_net,2017-07-25,2017-07-28,85485.0,https://www.cftc.gov/files/dea/history/fut_disagg_txt_2026.zip,2026-10-08
cftc_copper_mm_net,2017-08-01,2017-08-04,104276.0,https://www.cftc.gov/files/dea/history/fut_disagg_txt_2026.zip,2026-10-08
cftc_copper_mm_net,2017-08-08,2017-08-11,112185.0,https://www.cftc.gov/files/dea/history/fut_disagg_txt_2026.zip,2026-10-08
cftc_copper_mm_net,2017-08-15,2017-08-18,120178.0,https://www.cftc.gov/files/dea/history/fut_disagg_txt_2026.zip,2026-10-08
cftc_copper_mm_net,2017-08-22,2017-08-25,122148.0,https://www.cftc.gov/files/dea/history/fut_disagg_txt_2026.zip,2026-10-08
cftc_copper_mm_net,2017-08-29,2017-09-01,124929.0,https://www.cftc.gov/files/dea/history/fut_disagg_txt_2026.zip,2026-10-08
cftc_copper_mm_net,2017-09-05,2017-09-08,125372.0,https://www.cftc.gov/files/dea/history/fut_disagg_txt_2026.zip,2026-10-08
cftc_copper_mm_net,2017-09-12,2017-09-15,121201.0,https://www.cftc.gov/files/dea/history/fut_disagg_txt_2026.zip,2026-10-08
cftc_copper_mm_net,2017-09-19,2017-09-22,99539.0,https://www.cftc.gov/files/dea/history/fut_disagg_txt_2026.zip,2026-10-08
cftc_copper_mm_net,2017-09-26,2017-09-29,90902.0,https://www.cftc.gov/files/dea/history/fut_disagg_txt_2026.zip,2026-10-08
cftc_copper_mm_net,2017-10-03,2017-10-06,90001.0,https://www.cftc.gov/files/dea/history/fut_disagg_txt_2026.zip,2026-10-08
cftc_copper_mm_net,2017-10-10,2017-10-13,94297.0,https://www.cftc.gov/files/dea/history/fut_disagg_txt_2026.zip,2026-10-08
cftc_copper_mm_net,2017-10-17,2017-10-20,107878.0,https://www.cftc.gov/files/dea/history/fut_disagg_txt_2026.zip,2026-10-08
cftc_copper_mm_net,2017-10-24,2017-10-27,108903.0,https://www.cftc.gov/files/dea/history/fut_disagg_txt_2026.zip,2026-10-08
cftc_copper_mm_net,2017-10-31,2017-11-03,105123.0,https://www.cftc.gov/files/dea/history/fut_disagg_txt_2026.zip,2026-10-08
cftc_copper_mm_net,2017-11-07,2017-11-10,85823.0,https://www.cftc.gov/files/dea/history/fut_disagg_txt_2026.zip,2026-10-08
cftc_copper_mm_net,2017-11-14,2017-11-17,79966.0,https://www.cftc.gov/files/dea/history/fut_disagg_txt_2026.zip,2026-10-08
cftc_copper_mm_net,2017-11-21,2017-11-24,81092.0,https://www.cftc.gov/files/dea/history/fut_disagg_txt_2026.zip,2026-10-08
cftc_copper_mm_net,2017-11-28,2017-12-01,81779.0,https://www.cftc.gov/files/dea/history/fut_disagg_txt_2026.zip,2026-10-08
cftc_copper_mm_net,2017-12-05,2017-12-08,54839.0,https://www.cftc.gov/files/dea/history/fut_disagg_txt_2026.zip,2026-10-08
cftc_copper_mm_net,2017-12-12,2017-12-15,48363.0,https://www.cftc.gov/files/dea/history/fut_disagg_txt_2026.zip,2026-10-08
cftc_copper_mm_net,2017-12-19,2017-12-22,77695.0,https://www.cftc.gov/files/dea/history/fut_disagg_txt_2026.zip,2026-10-08
cftc_copper_mm_net,2017-12-26,2017-12-29,99659.0,https://www.cftc.gov/files/dea/history/fut_disagg_txt_2026.zip,2026-10-08
cftc_copper_mm_net,2018-01-02,2018-01-05,113313.0,https://www.cftc.gov/files/dea/history/fut_disagg_txt_2026.zip,2026-10-08
cftc_copper_mm_net,2018-01-09,2018-01-12,106674.0,https://www.cftc.gov/files/dea/history/fut_disagg_txt_2026.zip,2026-10-08
cftc_copper_mm_net,2018-01-16,2018-01-19,93581.0,https://www.cftc.gov/files/dea/history/fut_disagg_txt_2026.zip,2026-10-08
cftc_copper_mm_net,2018-01-23,2018-01-26,61164.0,https://www.cftc.gov/files/dea/history/fut_disagg_txt_2026.zip,2026-10-08
cftc_copper_mm_net,2018-01-30,2018-02-02,55741.0,https://www.cftc.gov/files/dea/history/fut_disagg_txt_2026.zip,2026-10-08
cftc_copper_mm_net,2018-02-06,2018-02-09,53947.0,https://www.cftc.gov/files/dea/history/fut_disagg_txt_2026.zip,2026-10-08
cftc_copper_mm_net,2018-02-13,2018-02-16,36264.0,https://www.cftc.gov/files/dea/history/fut_disagg_txt_2026.zip,2026-10-08
cftc_copper_mm_net,2018-02-20,2018-02-23,47137.0,https://www.cftc.gov/files/dea/history/fut_disagg_txt_2026.zip,2026-10-08
cftc_copper_mm_net,2018-02-27,2018-03-02,41635.0,https://www.cftc.gov/files/dea/history/fut_disagg_txt_2026.zip,2026-10-08
cftc_copper_mm_net,2018-03-06,2018-03-09,28794.0,https://www.cftc.gov/files/dea/history/fut_disagg_txt_2026.zip,2026-10-08
cftc_copper_mm_net,2018-03-13,2018-03-16,27198.0,https://www.cftc.gov/files/dea/history/fut_disagg_txt_2026.zip,2026-10-08
cftc_copper_mm_net,2018-03-20,2018-03-23,18675.0,https://www.cftc.gov/files/dea/history/fut_disagg_txt_2026.zip,2026-10-08
cftc_copper_mm_net,2018-03-27,2018-03-30,2975.0,https://www.cftc.gov/files/dea/history/fut_disagg_txt_2026.zip,2026-10-08
cftc_copper_mm_net,2018-04-03,2018-04-06,3411.0,https://www.cftc.gov/files/dea/history/fut_disagg_txt_2026.zip,2026-10-08
cftc_copper_mm_net,2018-04-10,2018-04-13,14539.0,https://www.cftc.gov/files/dea/history/fut_disagg_txt_2026.zip,2026-10-08
cftc_copper_mm_net,2018-04-17,2018-04-20,22489.0,https://www.cftc.gov/files/dea/history/fut_disagg_txt_2026.zip,2026-10-08
cftc_copper_mm_net,2018-04-24,2018-04-27,38567.0,https://www.cftc.gov/files/dea/history/fut_disagg_txt_2026.zip,2026-10-08
cftc_copper_mm_net,2018-05-01,2018-05-04,27604.0,https://www.cftc.gov/files/dea/history/fut_disagg_txt_2026.zip,2026-10-08
cftc_copper_mm_net,2018-05-08,2018-05-11,21722.0,https://www.cftc.gov/files/dea/history/fut_disagg_txt_2026.zip,2026-10-08
cftc_copper_mm_net,2018-05-15,2018-05-18,25697.0,https://www.cftc.gov/files/dea/history/fut_disagg_txt_2026.zip,2026-10-08
cftc_copper_mm_net,2018-05-22,2018-05-25,35242.0,https://www.cftc.gov/files/dea/history/fut_disagg_txt_2026.zip,2026-10-08
cftc_copper_mm_net,2018-05-29,2018-06-01,30504.0,https://www.cftc.gov/files/dea/history/fut_disagg_txt_2026.zip,2026-10-08
cftc_copper_mm_net,2018-06-05,2018-06-08,50733.0,https://www.cftc.gov/files/dea/history/fut_disagg_txt_2026.zip,2026-10-08
cftc_copper_mm_net,2018-06-12,2018-06-15,80252.0,https://www.cftc.gov/files/dea/history/fut_disagg_txt_2026.zip,2026-10-08
cftc_copper_mm_net,2018-06-19,2018-06-22,52173.0,https://www.cftc.gov/files/dea/history/fut_disagg_txt_2026.zip,2026-10-08
cftc_copper_mm_net,2018-06-26,2018-06-29,22108.0,https://www.cftc.gov/files/dea/history/fut_disagg_txt_2026.zip,2026-10-08
cftc_copper_mm_net,2018-07-03,2018-07-06,6964.0,https://www.cftc.gov/files/dea/history/fut_disagg_txt_2026.zip,2026-10-08
cftc_copper_mm_net,2018-07-10,2018-07-13,-13575.0,https://www.cftc.gov/files/dea/history/fut_disagg_txt_2026.zip,2026-10-08
cftc_copper_mm_net,2018-07-17,2018-07-20,-24777.0,https://www.cftc.gov/files/dea/history/fut_disagg_txt_2026.zip,2026-10-08
cftc_copper_mm_net,2018-07-24,2018-07-27,-27108.0,https://www.cftc.gov/files/dea/history/fut_disagg_txt_2026.zip,2026-10-08
cftc_copper_mm_net,2018-07-31,2018-08-03,-23900.0,https://www.cftc.gov/files/dea/history/fut_disagg_txt_2026.zip,2026-10-08
cftc_copper_mm_net,2018-08-07,2018-08-10,-30836.0,https://www.cftc.gov/files/dea/history/fut_disagg_txt_2026.zip,2026-10-08
cftc_copper_mm_net,2018-08-14,2018-08-17,-30627.0,https://www.cftc.gov/files/dea/history/fut_disagg_txt_2026.zip,2026-10-08
cftc_copper_mm_net,2018-08-21,2018-08-24,-29160.0,https://www.cftc.gov/files/dea/history/fut_disagg_txt_2026.zip,2026-10-08
cftc_copper_mm_net,2018-08-28,2018-08-31,-21202.0,https://www.cftc.gov/files/dea/history/fut_disagg_txt_2026.zip,2026-10-08
cftc_copper_mm_net,2018-09-04,2018-09-07,-26228.0,https://www.cftc.gov/files/dea/history/fut_disagg_txt_2026.zip,2026-10-08
cftc_copper_mm_net,2018-09-11,2018-09-14,-25935.0,https://www.cftc.gov/files/dea/history/fut_disagg_txt_2026.zip,2026-10-08
cftc_copper_mm_net,2018-09-18,2018-09-21,-14266.0,https://www.cftc.gov/files/dea/history/fut_disagg_txt_2026.zip,2026-10-08
cftc_copper_mm_net,2018-09-25,2018-09-28,1356.0,https://www.cftc.gov/files/dea/history/fut_disagg_txt_2026.zip,2026-10-08
cftc_copper_mm_net,2018-10-02,2018-10-05,-116.0,https://www.cftc.gov/files/dea/history/fut_disagg_txt_2026.zip,2026-10-08
cftc_copper_mm_net,2018-10-09,2018-10-12,-7782.0,https://www.cftc.gov/files/dea/history/fut_disagg_txt_2026.zip,2026-10-08
cftc_copper_mm_net,2018-10-16,2018-10-19,-1933.0,https://www.cftc.gov/files/dea/history/fut_disagg_txt_2026.zip,2026-10-08
cftc_copper_mm_net,2018-10-23,2018-10-26,-4938.0,https://www.cftc.gov/files/dea/history/fut_disagg_txt_2026.zip,2026-10-08
cftc_copper_mm_net,2018-10-30,2018-11-02,-14762.0,https://www.cftc.gov/files/dea/history/fut_disagg_txt_2026.zip,2026-10-08
cftc_copper_mm_net,2018-11-06,2018-11-09,-2377.0,https://www.cftc.gov/files/dea/history/fut_disagg_txt_2026.zip,2026-10-08
cftc_copper_mm_net,2018-11-13,2018-11-16,-8026.0,https://www.cftc.gov/files/dea/history/fut_disagg_txt_2026.zip,2026-10-08
cftc_copper_mm_net,2018-11-20,2018-11-23,5461.0,https://www.cftc.gov/files/dea/history/fut_disagg_txt_2026.zip,2026-10-08
cftc_copper_mm_net,2018-11-27,2018-11-30,4255.0,https://www.cftc.gov/files/dea/history/fut_disagg_txt_2026.zip,2026-10-08
cftc_copper_mm_net,2018-12-04,2018-12-07,1104.0,https://www.cftc.gov/files/dea/history/fut_disagg_txt_2026.zip,2026-10-08
cftc_copper_mm_net,2018-12-11,2018-12-14,-785.0,https://www.cftc.gov/files/dea/history/fut_disagg_txt_2026.zip,2026-10-08
cftc_copper_mm_net,2018-12-18,2018-12-21,-16525.0,https://www.cftc.gov/files/dea/history/fut_disagg_txt_2026.zip,2026-10-08
cftc_copper_mm_net,2018-12-24,2018-12-27,-20764.0,https://www.cftc.gov/files/dea/history/fut_disagg_txt_2026.zip,2026-10-08
cftc_copper_mm_net,2018-12-31,2019-01-03,-24092.0,https://www.cftc.gov/files/dea/history/fut_disagg_txt_2026.zip,2026-10-08
cftc_copper_mm_net,2019-01-08,2019-01-11,-36338.0,https://www.cftc.gov/files/dea/history/fut_disagg_txt_2026.zip,2026-10-08
cftc_copper_mm_net,2019-01-15,2019-01-18,-45449.0,https://www.cftc.gov/files/dea/history/fut_disagg_txt_2026.zip,2026-10-08
cftc_copper_mm_net,2019-01-22,2019-01-25,-40482.0,https://www.cftc.gov/files/dea/history/fut_disagg_txt_2026.zip,2026-10-08
cftc_copper_mm_net,2019-01-29,2019-02-01,-40071.0,https://www.cftc.gov/files/dea/history/fut_disagg_txt_2026.zip,2026-10-08
cftc_copper_mm_net,2019-02-05,2019-02-08,-17331.0,https://www.cftc.gov/files/dea/history/fut_disagg_txt_2026.zip,2026-10-08
cftc_copper_mm_net,2019-02-12,2019-02-15,-5699.0,https://www.cftc.gov/files/dea/history/fut_disagg_txt_2026.zip,2026-10-08
cftc_copper_mm_net,2019-02-19,2019-02-22,-6617.0,https://www.cftc.gov/files/dea/history/fut_disagg_txt_2026.zip,2026-10-08
cftc_copper_mm_net,2019-02-26,2019-03-01,16570.0,https://www.cftc.gov/files/dea/history/fut_disagg_txt_2026.zip,2026-10-08
cftc_copper_mm_net,2019-03-05,2019-03-08,22723.0,https://www.cftc.gov/files/dea/history/fut_disagg_txt_2026.zip,2026-10-08
cftc_copper_mm_net,2019-03-12,2019-03-15,16436.0,https://www.cftc.gov/files/dea/history/fut_disagg_txt_2026.zip,2026-10-08
cftc_copper_mm_net,2019-03-19,2019-03-22,8149.0,https://www.cftc.gov/files/dea/history/fut_disagg_txt_2026.zip,2026-10-08
cftc_copper_mm_net,2019-03-26,2019-03-29,-8549.0,https://www.cftc.gov/files/dea/history/fut_disagg_txt_2026.zip,2026-10-08
cftc_copper_mm_net,2019-04-02,2019-04-05,-3444.0,https://www.cftc.gov/files/dea/history/fut_disagg_txt_2026.zip,2026-10-08
cftc_copper_mm_net,2019-04-09,2019-04-12,-1432.0,https://www.cftc.gov/files/dea/history/fut_disagg_txt_2026.zip,2026-10-08
cftc_copper_mm_net,2019-04-16,2019-04-19,1157.0,https://www.cftc.gov/files/dea/history/fut_disagg_txt_2026.zip,2026-10-08
cftc_copper_mm_net,2019-04-23,2019-04-26,-7125.0,https://www.cftc.gov/files/dea/history/fut_disagg_txt_2026.zip,2026-10-08
cftc_copper_mm_net,2019-04-30,2019-05-03,-10272.0,https://www.cftc.gov/files/dea/history/fut_disagg_txt_2026.zip,2026-10-08
cftc_copper_mm_net,2019-05-07,2019-05-10,-27156.0,https://www.cftc.gov/files/dea/history/fut_disagg_txt_2026.zip,2026-10-08
cftc_copper_mm_net,2019-05-14,2019-05-17,-35706.0,https://www.cftc.gov/files/dea/history/fut_disagg_txt_2026.zip,2026-10-08
cftc_copper_mm_net,2019-05-21,2019-05-24,-37345.0,https://www.cftc.gov/files/dea/history/fut_disagg_txt_2026.zip,2026-10-08
cftc_copper_mm_net,2019-05-28,2019-05-31,-40766.0,https://www.cftc.gov/files/dea/history/fut_disagg_txt_2026.zip,2026-10-08
cftc_copper_mm_net,2019-06-04,2019-06-07,-45769.0,https://www.cftc.gov/files/dea/history/fut_disagg_txt_2026.zip,2026-10-08
cftc_copper_mm_net,2019-06-11,2019-06-14,-52305.0,https://www.cftc.gov/files/dea/history/fut_disagg_txt_2026.zip,2026-10-08
cftc_copper_mm_net,2019-06-18,2019-06-21,-44976.0,https://www.cftc.gov/files/dea/history/fut_disagg_txt_2026.zip,2026-10-08
cftc_copper_mm_net,2019-06-25,2019-06-28,-36605.0,https://www.cftc.gov/files/dea/history/fut_disagg_txt_2026.zip,2026-10-08
cftc_copper_mm_net,2019-07-02,2019-07-05,-45978.0,https://www.cftc.gov/files/dea/history/fut_disagg_txt_2026.zip,2026-10-08
cftc_copper_mm_net,2019-07-09,2019-07-12,-56981.0,https://www.cftc.gov/files/dea/history/fut_disagg_txt_2026.zip,2026-10-08
cftc_copper_mm_net,2019-07-16,2019-07-19,-39138.0,https://www.cftc.gov/files/dea/history/fut_disagg_txt_2026.zip,2026-10-08
cftc_copper_mm_net,2019-07-23,2019-07-26,-32429.0,https://www.cftc.gov/files/dea/history/fut_disagg_txt_2026.zip,2026-10-08
cftc_copper_mm_net,2019-07-30,2019-08-02,-41795.0,https://www.cftc.gov/files/dea/history/fut_disagg_txt_2026.zip,2026-10-08
cftc_copper_mm_net,2019-08-06,2019-08-09,-75114.0,https://www.cftc.gov/files/dea/history/fut_disagg_txt_2026.zip,2026-10-08
cftc_copper_mm_net,2019-08-13,2019-08-16,-70012.0,https://www.cftc.gov/files/dea/history/fut_disagg_txt_2026.zip,2026-10-08
cftc_copper_mm_net,2019-08-20,2019-08-23,-63336.0,https://www.cftc.gov/files/dea/history/fut_disagg_txt_2026.zip,2026-10-08
cftc_copper_mm_net,2019-08-27,2019-08-30,-70521.0,https://www.cftc.gov/files/dea/history/fut_disagg_txt_2026.zip,2026-10-08
cftc_copper_mm_net,2019-09-03,2019-09-06,-70914.0,https://www.cftc.gov/files/dea/history/fut_disagg_txt_2026.zip,2026-10-08
cftc_copper_mm_net,2019-09-10,2019-09-13,-52090.0,https://www.cftc.gov/files/dea/history/fut_disagg_txt_2026.zip,2026-10-08
cftc_copper_mm_net,2019-09-17,2019-09-20,-49092.0,https://www.cftc.gov/files/dea/history/fut_disagg_txt_2026.zip,2026-10-08
cftc_copper_mm_net,2019-09-24,2019-09-27,-52586.0,https://www.cftc.gov/files/dea/history/fut_disagg_txt_2026.zip,2026-10-08
cftc_copper_mm_net,2019-10-01,2019-10-04,-62812.0,https://www.cftc.gov/files/dea/history/fut_disagg_txt_2026.zip,2026-10-08
cftc_copper_mm_net,2019-10-08,2019-10-11,-57800.0,https://www.cftc.gov/files/dea/history/fut_disagg_txt_2026.zip,2026-10-08
cftc_copper_mm_net,2019-10-15,2019-10-18,-53481.0,https://www.cftc.gov/files/dea/history/fut_disagg_txt_2026.zip,2026-10-08
cftc_copper_mm_net,2019-10-22,2019-10-25,-44892.0,https://www.cftc.gov/files/dea/history/fut_disagg_txt_2026.zip,2026-10-08
cftc_copper_mm_net,2019-10-29,2019-11-01,-21912.0,https://www.cftc.gov/files/dea/history/fut_disagg_txt_2026.zip,2026-10-08
cftc_copper_mm_net,2019-11-05,2019-11-08,-19468.0,https://www.cftc.gov/files/dea/history/fut_disagg_txt_2026.zip,2026-10-08
cftc_copper_mm_net,2019-11-12,2019-11-15,-23125.0,https://www.cftc.gov/files/dea/history/fut_disagg_txt_2026.zip,2026-10-08
cftc_copper_mm_net,2019-11-19,2019-11-22,-35155.0,https://www.cftc.gov/files/dea/history/fut_disagg_txt_2026.zip,2026-10-08
cftc_copper_mm_net,2019-11-26,2019-11-29,-37822.0,https://www.cftc.gov/files/dea/history/fut_disagg_txt_2026.zip,2026-10-08
cftc_copper_mm_net,2019-12-03,2019-12-06,-45573.0,https://www.cftc.gov/files/dea/history/fut_disagg_txt_2026.zip,2026-10-08
cftc_copper_mm_net,2019-12-10,2019-12-13,-14965.0,https://www.cftc.gov/files/dea/history/fut_disagg_txt_2026.zip,2026-10-08
cftc_copper_mm_net,2019-12-17,2019-12-20,5416.0,https://www.cftc.gov/files/dea/history/fut_disagg_txt_2026.zip,2026-10-08
cftc_copper_mm_net,2019-12-24,2019-12-27,8430.0,https://www.cftc.gov/files/dea/history/fut_disagg_txt_2026.zip,2026-10-08
cftc_copper_mm_net,2019-12-31,2020-01-03,9299.0,https://www.cftc.gov/files/dea/history/fut_disagg_txt_2026.zip,2026-10-08
cftc_copper_mm_net,2020-01-07,2020-01-10,-813.0,https://www.cftc.gov/files/dea/history/fut_disagg_txt_2026.zip,2026-10-08
cftc_copper_mm_net,2020-01-14,2020-01-17,5466.0,https://www.cftc.gov/files/dea/history/fut_disagg_txt_2026.zip,2026-10-08
cftc_copper_mm_net,2020-01-21,2020-01-24,6136.0,https://www.cftc.gov/files/dea/history/fut_disagg_txt_2026.zip,2026-10-08
cftc_copper_mm_net,2020-01-28,2020-01-31,-20786.0,https://www.cftc.gov/files/dea/history/fut_disagg_txt_2026.zip,2026-10-08
cftc_copper_mm_net,2020-02-04,2020-02-07,-47701.0,https://www.cftc.gov/files/dea/history/fut_disagg_txt_2026.zip,2026-10-08
cftc_copper_mm_net,2020-02-11,2020-02-14,-60066.0,https://www.cftc.gov/files/dea/history/fut_disagg_txt_2026.zip,2026-10-08
cftc_copper_mm_net,2020-02-18,2020-02-21,-56434.0,https://www.cftc.gov/files/dea/history/fut_disagg_txt_2026.zip,2026-10-08
cftc_copper_mm_net,2020-02-25,2020-02-28,-55147.0,https://www.cftc.gov/files/dea/history/fut_disagg_txt_2026.zip,2026-10-08
cftc_copper_mm_net,2020-03-03,2020-03-06,-43910.0,https://www.cftc.gov/files/dea/history/fut_disagg_txt_2026.zip,2026-10-08
cftc_copper_mm_net,2020-03-10,2020-03-13,-42791.0,https://www.cftc.gov/files/dea/history/fut_disagg_txt_2026.zip,2026-10-08
cftc_copper_mm_net,2020-03-17,2020-03-20,-42685.0,https://www.cftc.gov/files/dea/history/fut_disagg_txt_2026.zip,2026-10-08
cftc_copper_mm_net,2020-03-24,2020-03-27,-28394.0,https://www.cftc.gov/files/dea/history/fut_disagg_txt_2026.zip,2026-10-08
cftc_copper_mm_net,2020-03-31,2020-04-03,-25157.0,https://www.cftc.gov/files/dea/history/fut_disagg_txt_2026.zip,2026-10-08
cftc_copper_mm_net,2020-04-07,2020-04-10,-26265.0,https://www.cftc.gov/files/dea/history/fut_disagg_txt_2026.zip,2026-10-08
cftc_copper_mm_net,2020-04-14,2020-04-17,-26833.0,https://www.cftc.gov/files/dea/history/fut_disagg_txt_2026.zip,2026-10-08
cftc_copper_mm_net,2020-04-21,2020-04-24,-20953.0,https://www.cftc.gov/files/dea/history/fut_disagg_txt_2026.zip,2026-10-08
cftc_copper_mm_net,2020-04-28,2020-05-01,-15866.0,https://www.cftc.gov/files/dea/history/fut_disagg_txt_2026.zip,2026-10-08
cftc_copper_mm_net,2020-05-05,2020-05-08,-15670.0,https://www.cftc.gov/files/dea/history/fut_disagg_txt_2026.zip,2026-10-08
cftc_copper_mm_net,2020-05-12,2020-05-15,-12719.0,https://www.cftc.gov/files/dea/history/fut_disagg_txt_2026.zip,2026-10-08
cftc_copper_mm_net,2020-05-19,2020-05-22,-8980.0,https://www.cftc.gov/files/dea/history/fut_disagg_txt_2026.zip,2026-10-08
cftc_copper_mm_net,2020-05-26,2020-05-29,-5251.0,https://www.cftc.gov/files/dea/history/fut_disagg_txt_2026.zip,2026-10-08
cftc_copper_mm_net,2020-06-02,2020-06-05,2543.0,https://www.cftc.gov/files/dea/history/fut_disagg_txt_2026.zip,2026-10-08
cftc_copper_mm_net,2020-06-09,2020-06-12,15771.0,https://www.cftc.gov/files/dea/history/fut_disagg_txt_2026.zip,2026-10-08
cftc_copper_mm_net,2020-06-16,2020-06-19,10640.0,https://www.cftc.gov/files/dea/history/fut_disagg_txt_2026.zip,2026-10-08
cftc_copper_mm_net,2020-06-23,2020-06-26,20169.0,https://www.cftc.gov/files/dea/history/fut_disagg_txt_2026.zip,2026-10-08
cftc_copper_mm_net,2020-06-30,2020-07-03,28046.0,https://www.cftc.gov/files/dea/history/fut_disagg_txt_2026.zip,2026-10-08
cftc_copper_mm_net,2020-07-07,2020-07-10,31753.0,https://www.cftc.gov/files/dea/history/fut_disagg_txt_2026.zip,2026-10-08
cftc_copper_mm_net,2020-07-14,2020-07-17,41693.0,https://www.cftc.gov/files/dea/history/fut_disagg_txt_2026.zip,2026-10-08
cftc_copper_mm_net,2020-07-21,2020-07-24,54966.0,https://www.cftc.gov/files/dea/history/fut_disagg_txt_2026.zip,2026-10-08
cftc_copper_mm_net,2020-07-28,2020-07-31,59291.0,https://www.cftc.gov/files/dea/history/fut_disagg_txt_2026.zip,2026-10-08
cftc_copper_mm_net,2020-08-04,2020-08-07,53351.0,https://www.cftc.gov/files/dea/history/fut_disagg_txt_2026.zip,2026-10-08
cftc_copper_mm_net,2020-08-11,2020-08-14,46963.0,https://www.cftc.gov/files/dea/history/fut_disagg_txt_2026.zip,2026-10-08
cftc_copper_mm_net,2020-08-18,2020-08-21,60895.0,https://www.cftc.gov/files/dea/history/fut_disagg_txt_2026.zip,2026-10-08
cftc_copper_mm_net,2020-08-25,2020-08-28,62651.0,https://www.cftc.gov/files/dea/history/fut_disagg_txt_2026.zip,2026-10-08
cftc_copper_mm_net,2020-09-01,2020-09-04,69120.0,https://www.cftc.gov/files/dea/history/fut_disagg_txt_2026.zip,2026-10-08
cftc_copper_mm_net,2020-09-08,2020-09-11,69001.0,https://www.cftc.gov/files/dea/history/fut_disagg_txt_2026.zip,2026-10-08
cftc_copper_mm_net,2020-09-15,2020-09-18,76659.0,https://www.cftc.gov/files/dea/history/fut_disagg_txt_2026.zip,2026-10-08
cftc_copper_mm_net,2020-09-22,2020-09-25,87387.0,https://www.cftc.gov/files/dea/history/fut_disagg_txt_2026.zip,2026-10-08
cftc_copper_mm_net,2020-09-29,2020-10-02,76698.0,https://www.cftc.gov/files/dea/history/fut_disagg_txt_2026.zip,2026-10-08
cftc_copper_mm_net,2020-10-06,2020-10-09,69649.0,https://www.cftc.gov/files/dea/history/fut_disagg_txt_2026.zip,2026-10-08
cftc_copper_mm_net,2020-10-13,2020-10-16,80673.0,https://www.cftc.gov/files/dea/history/fut_disagg_txt_2026.zip,2026-10-08
cftc_copper_mm_net,2020-10-20,2020-10-23,92077.0,https://www.cftc.gov/files/dea/history/fut_disagg_txt_2026.zip,2026-10-08
cftc_copper_mm_net,2020-10-27,2020-10-30,87897.0,https://www.cftc.gov/files/dea/history/fut_disagg_txt_2026.zip,2026-10-08
cftc_copper_mm_net,2020-11-03,2020-11-06,79032.0,https://www.cftc.gov/files/dea/history/fut_disagg_txt_2026.zip,2026-10-08
cftc_copper_mm_net,2020-11-10,2020-11-13,79466.0,https://www.cftc.gov/files/dea/history/fut_disagg_txt_2026.zip,2026-10-08
cftc_copper_mm_net,2020-11-17,2020-11-20,78534.0,https://www.cftc.gov/files/dea/history/fut_disagg_txt_2026.zip,2026-10-08
cftc_copper_mm_net,2020-11-24,2020-11-27,79713.0,https://www.cftc.gov/files/dea/history/fut_disagg_txt_2026.zip,2026-10-08
cftc_copper_mm_net,2020-12-01,2020-12-04,85699.0,https://www.cftc.gov/files/dea/history/fut_disagg_txt_2026.zip,2026-10-08
cftc_copper_mm_net,2020-12-08,2020-12-11,90480.0,https://www.cftc.gov/files/dea/history/fut_disagg_txt_2026.zip,2026-10-08
cftc_copper_mm_net,2020-12-15,2020-12-18,87295.0,https://www.cftc.gov/files/dea/history/fut_disagg_txt_2026.zip,2026-10-08
cftc_copper_mm_net,2020-12-21,2020-12-24,85991.0,https://www.cftc.gov/files/dea/history/fut_disagg_txt_2026.zip,2026-10-08
cftc_copper_mm_net,2020-12-29,2021-01-01,81857.0,https://www.cftc.gov/files/dea/history/fut_disagg_txt_2026.zip,2026-10-08
cftc_copper_mm_net,2021-01-05,2021-01-08,80508.0,https://www.cftc.gov/files/dea/history/fut_disagg_txt_2026.zip,2026-10-08
cftc_copper_mm_net,2021-01-12,2021-01-15,75979.0,https://www.cftc.gov/files/dea/history/fut_disagg_txt_2026.zip,2026-10-08
cftc_copper_mm_net,2021-01-19,2021-01-22,77858.0,https://www.cftc.gov/files/dea/history/fut_disagg_txt_2026.zip,2026-10-08
cftc_copper_mm_net,2021-01-26,2021-01-29,78136.0,https://www.cftc.gov/files/dea/history/fut_disagg_txt_2026.zip,2026-10-08
cftc_copper_mm_net,2021-02-02,2021-02-05,77208.0,https://www.cftc.gov/files/dea/history/fut_disagg_txt_2026.zip,2026-10-08
cftc_copper_mm_net,2021-02-09,2021-02-12,86959.0,https://www.cftc.gov/files/dea/history/fut_disagg_txt_2026.zip,2026-10-08
cftc_copper_mm_net,2021-02-16,2021-02-19,86668.0,https://www.cftc.gov/files/dea/history/fut_disagg_txt_2026.zip,2026-10-08
cftc_copper_mm_net,2021-02-23,2021-02-26,70336.0,https://www.cftc.gov/files/dea/history/fut_disagg_txt_2026.zip,2026-10-08
cftc_copper_mm_net,2021-03-02,2021-03-05,65021.0,https://www.cftc.gov/files/dea/history/fut_disagg_txt_2026.zip,2026-10-08
cftc_copper_mm_net,2021-03-09,2021-03-12,50446.0,https://www.cftc.gov/files/dea/history/fut_disagg_txt_2026.zip,2026-10-08
cftc_copper_mm_net,2021-03-16,2021-03-19,43601.0,https://www.cftc.gov/files/dea/history/fut_disagg_txt_2026.zip,2026-10-08
cftc_copper_mm_net,2021-03-23,2021-03-26,44478.0,https://www.cftc.gov/files/dea/history/fut_disagg_txt_2026.zip,2026-10-08
cftc_copper_mm_net,2021-03-30,2021-04-02,42186.0,https://www.cftc.gov/files/dea/history/fut_disagg_txt_2026.zip,2026-10-08
cftc_copper_mm_net,2021-04-06,2021-04-09,46967.0,https://www.cftc.gov/files/dea/history/fut_disagg_txt_2026.zip,2026-10-08
cftc_copper_mm_net,2021-04-13,2021-04-16,37121.0,https://www.cftc.gov/files/dea/history/fut_disagg_txt_2026.zip,2026-10-08
cftc_copper_mm_net,2021-04-20,2021-04-23,43347.0,https://www.cftc.gov/files/dea/history/fut_disagg_txt_2026.zip,2026-10-08
cftc_copper_mm_net,2021-04-27,2021-04-30,54279.0,https://www.cftc.gov/files/dea/history/fut_disagg_txt_2026.zip,2026-10-08
cftc_copper_mm_net,2021-05-04,2021-05-07,65115.0,https://www.cftc.gov/files/dea/history/fut_disagg_txt_2026.zip,2026-10-08
cftc_copper_mm_net,2021-05-11,2021-05-14,60207.0,https://www.cftc.gov/files/dea/history/fut_disagg_txt_2026.zip,2026-10-08
cftc_copper_mm_net,2021-05-18,2021-05-21,50691.0,https://www.cftc.gov/files/dea/history/fut_disagg_txt_2026.zip,2026-10-08
cftc_copper_mm_net,2021-05-25,2021-05-28,33048.0,https://www.cftc.gov/files/dea/history/fut_disagg_txt_2026.zip,2026-10-08
cftc_copper_mm_net,2021-06-01,2021-06-04,26768.0,https://www.cftc.gov/files/dea/history/fut_disagg_txt_2026.zip,2026-10-08
cftc_copper_mm_net,2021-06-08,2021-06-11,23678.0,https://www.cftc.gov/files/dea/history/fut_disagg_txt_2026.zip,2026-10-08
cftc_copper_mm_net,2021-06-15,2021-06-18,19164.0,https://www.cftc.gov/files/dea/history/fut_disagg_txt_2026.zip,2026-10-08
cftc_copper_mm_net,2021-06-22,2021-06-25,17835.0,https://www.cftc.gov/files/dea/history/fut_disagg_txt_2026.zip,2026-10-08
cftc_copper_mm_net,2021-06-29,2021-07-02,26006.0,https://www.cftc.gov/files/dea/history/fut_disagg_txt_2026.zip,2026-10-08
cftc_copper_mm_net,2021-07-06,2021-07-09,30923.0,https://www.cftc.gov/files/dea/history/fut_disagg_txt_2026.zip,2026-10-08
cftc_copper_mm_net,2021-07-13,2021-07-16,29143.0,https://www.cftc.gov/files/dea/history/fut_disagg_txt_2026.zip,2026-10-08
cftc_copper_mm_net,2021-07-20,2021-07-23,27835.0,https://www.cftc.gov/files/dea/history/fut_disagg_txt_2026.zip,2026-10-08
cftc_copper_mm_net,2021-07-27,2021-07-30,45585.0,https://www.cftc.gov/files/dea/history/fut_disagg_txt_2026.zip,2026-10-08
cftc_copper_mm_net,2021-08-03,2021-08-06,38646.0,https://www.cftc.gov/files/dea/history/fut_disagg_txt_2026.zip,2026-10-08
cftc_copper_mm_net,2021-08-10,2021-08-13,31102.0,https://www.cftc.gov/files/dea/history/fut_disagg_txt_2026.zip,2026-10-08
cftc_copper_mm_net,2021-08-17,2021-08-20,18958.0,https://www.cftc.gov/files/dea/history/fut_disagg_txt_2026.zip,2026-10-08
cftc_copper_mm_net,2021-08-24,2021-08-27,12267.0,https://www.cftc.gov/files/dea/history/fut_disagg_txt_2026.zip,2026-10-08
cftc_copper_mm_net,2021-08-31,2021-09-03,30968.0,https://www.cftc.gov/files/dea/history/fut_disagg_txt_2026.zip,2026-10-08
cftc_copper_mm_net,2021-09-07,2021-09-10,30781.0,https://www.cftc.gov/files/dea/history/fut_disagg_txt_2026.zip,2026-10-08
cftc_copper_mm_net,2021-09-14,2021-09-17,35060.0,https://www.cftc.gov/files/dea/history/fut_disagg_txt_2026.zip,2026-10-08
cftc_copper_mm_net,2021-09-21,2021-09-24,22043.0,https://www.cftc.gov/files/dea/history/fut_disagg_txt_2026.zip,2026-10-08
cftc_copper_mm_net,2021-09-28,2021-10-01,28958.0,https://www.cftc.gov/files/dea/history/fut_disagg_txt_2026.zip,2026-10-08
cftc_copper_mm_net,2021-10-05,2021-10-08,25656.0,https://www.cftc.gov/files/dea/history/fut_disagg_txt_2026.zip,2026-10-08
cftc_copper_mm_net,2021-10-12,2021-10-15,34626.0,https://www.cftc.gov/files/dea/history/fut_disagg_txt_2026.zip,2026-10-08
cftc_copper_mm_net,2021-10-19,2021-10-22,53174.0,https://www.cftc.gov/files/dea/history/fut_disagg_txt_2026.zip,2026-10-08
cftc_copper_mm_net,2021-10-26,2021-10-29,47069.0,https://www.cftc.gov/files/dea/history/fut_disagg_txt_2026.zip,2026-10-08
cftc_copper_mm_net,2021-11-02,2021-11-05,34940.0,https://www.cftc.gov/files/dea/history/fut_disagg_txt_2026.zip,2026-10-08
cftc_copper_mm_net,2021-11-09,2021-11-12,23920.0,https://www.cftc.gov/files/dea/history/fut_disagg_txt_2026.zip,2026-10-08
cftc_copper_mm_net,2021-11-16,2021-11-19,24127.0,https://www.cftc.gov/files/dea/history/fut_disagg_txt_2026.zip,2026-10-08
cftc_copper_mm_net,2021-11-23,2021-11-26,19146.0,https://www.cftc.gov/files/dea/history/fut_disagg_txt_2026.zip,2026-10-08
cftc_copper_mm_net,2021-11-30,2021-12-03,13032.0,https://www.cftc.gov/files/dea/history/fut_disagg_txt_2026.zip,2026-10-08
cftc_copper_mm_net,2021-12-07,2021-12-10,13719.0,https://www.cftc.gov/files/dea/history/fut_disagg_txt_2026.zip,2026-10-08
cftc_copper_mm_net,2021-12-14,2021-12-17,11628.0,https://www.cftc.gov/files/dea/history/fut_disagg_txt_2026.zip,2026-10-08
cftc_copper_mm_net,2021-12-21,2021-12-24,10009.0,https://www.cftc.gov/files/dea/history/fut_disagg_txt_2026.zip,2026-10-08
cftc_copper_mm_net,2021-12-28,2021-12-31,20537.0,https://www.cftc.gov/files/dea/history/fut_disagg_txt_2026.zip,2026-10-08
cftc_copper_mm_net,2022-01-04,2022-01-07,26176.0,https://www.cftc.gov/files/dea/history/fut_disagg_txt_2026.zip,2026-10-08
cftc_copper_mm_net,2022-01-11,2022-01-14,22144.0,https://www.cftc.gov/files/dea/history/fut_disagg_txt_2026.zip,2026-10-08
cftc_copper_mm_net,2022-01-18,2022-01-21,27790.0,https://www.cftc.gov/files/dea/history/fut_disagg_txt_2026.zip,2026-10-08
cftc_copper_mm_net,2022-01-25,2022-01-28,28164.0,https://www.cftc.gov/files/dea/history/fut_disagg_txt_2026.zip,2026-10-08
cftc_copper_mm_net,2022-02-01,2022-02-04,18767.0,https://www.cftc.gov/files/dea/history/fut_disagg_txt_2026.zip,2026-10-08
cftc_copper_mm_net,2022-02-08,2022-02-11,24184.0,https://www.cftc.gov/files/dea/history/fut_disagg_txt_2026.zip,2026-10-08
cftc_copper_mm_net,2022-02-15,2022-02-18,35973.0,https://www.cftc.gov/files/dea/history/fut_disagg_txt_2026.zip,2026-10-08
cftc_copper_mm_net,2022-02-22,2022-02-25,32619.0,https://www.cftc.gov/files/dea/history/fut_disagg_txt_2026.zip,2026-10-08
cftc_copper_mm_net,2022-03-01,2022-03-04,30352.0,https://www.cftc.gov/files/dea/history/fut_disagg_txt_2026.zip,2026-10-08
cftc_copper_mm_net,2022-03-08,2022-03-11,41478.0,https://www.cftc.gov/files/dea/history/fut_disagg_txt_2026.zip,2026-10-08
cftc_copper_mm_net,2022-03-15,2022-03-18,28755.0,https://www.cftc.gov/files/dea/history/fut_disagg_txt_2026.zip,2026-10-08
cftc_copper_mm_net,2022-03-22,2022-03-25,35880.0,https://www.cftc.gov/files/dea/history/fut_disagg_txt_2026.zip,2026-10-08
cftc_copper_mm_net,2022-03-29,2022-04-01,40694.0,https://www.cftc.gov/files/dea/history/fut_disagg_txt_2026.zip,2026-10-08
cftc_copper_mm_net,2022-04-05,2022-04-08,40554.0,https://www.cftc.gov/files/dea/history/fut_disagg_txt_2026.zip,2026-10-08
cftc_copper_mm_net,2022-04-12,2022-04-15,27387.0,https://www.cftc.gov/files/dea/history/fut_disagg_txt_2026.zip,2026-10-08
cftc_copper_mm_net,2022-04-19,2022-04-22,24089.0,https://www.cftc.gov/files/dea/history/fut_disagg_txt_2026.zip,2026-10-08
cftc_copper_mm_net,2022-04-26,2022-04-29,1577.0,https://www.cftc.gov/files/dea/history/fut_disagg_txt_2026.zip,2026-10-08
cftc_copper_mm_net,2022-05-03,2022-05-06,-10074.0,https://www.cftc.gov/files/dea/history/fut_disagg_txt_2026.zip,2026-10-08
cftc_copper_mm_net,2022-05-10,2022-05-13,-18947.0,https://www.cftc.gov/files/dea/history/fut_disagg_txt_2026.zip,2026-10-08
cftc_copper_mm_net,2022-05-17,2022-05-20,-19419.0,https://www.cftc.gov/files/dea/history/fut_disagg_txt_2026.zip,2026-10-08
cftc_copper_mm_net,2022-05-24,2022-05-27,-13014.0,https://www.cftc.gov/files/dea/history/fut_disagg_txt_2026.zip,2026-10-08
cftc_copper_mm_net,2022-05-31,2022-06-03,-11672.0,https://www.cftc.gov/files/dea/history/fut_disagg_txt_2026.zip,2026-10-08
cftc_copper_mm_net,2022-06-07,2022-06-10,4116.0,https://www.cftc.gov/files/dea/history/fut_disagg_txt_2026.zip,2026-10-08
cftc_copper_mm_net,2022-06-14,2022-06-17,-8210.0,https://www.cftc.gov/files/dea/history/fut_disagg_txt_2026.zip,2026-10-08
cftc_copper_mm_net,2022-06-21,2022-06-24,-16383.0,https://www.cftc.gov/files/dea/history/fut_disagg_txt_2026.zip,2026-10-08
cftc_copper_mm_net,2022-06-28,2022-07-01,-25759.0,https://www.cftc.gov/files/dea/history/fut_disagg_txt_2026.zip,2026-10-08
cftc_copper_mm_net,2022-07-05,2022-07-08,-26727.0,https://www.cftc.gov/files/dea/history/fut_disagg_txt_2026.zip,2026-10-08
cftc_copper_mm_net,2022-07-12,2022-07-15,-18341.0,https://www.cftc.gov/files/dea/history/fut_disagg_txt_2026.zip,2026-10-08
cftc_copper_mm_net,2022-07-19,2022-07-22,-14536.0,https://www.cftc.gov/files/dea/history/fut_disagg_txt_2026.zip,2026-10-08
cftc_copper_mm_net,2022-07-26,2022-07-29,-20160.0,https://www.cftc.gov/files/dea/history/fut_disagg_txt_2026.zip,2026-10-08
cftc_copper_mm_net,2022-08-02,2022-08-05,-18166.0,https://www.cftc.gov/files/dea/history/fut_disagg_txt_2026.zip,2026-10-08
cftc_copper_mm_net,2022-08-09,2022-08-12,-19834.0,https://www.cftc.gov/files/dea/history/fut_disagg_txt_2026.zip,2026-10-08
cftc_copper_mm_net,2022-08-16,2022-08-19,-17173.0,https://www.cftc.gov/files/dea/history/fut_disagg_txt_2026.zip,2026-10-08
cftc_copper_mm_net,2022-08-23,2022-08-26,-5478.0,https://www.cftc.gov/files/dea/history/fut_disagg_txt_2026.zip,2026-10-08
cftc_copper_mm_net,2022-08-30,2022-09-02,-8667.0,https://www.cftc.gov/files/dea/history/fut_disagg_txt_2026.zip,2026-10-08
cftc_copper_mm_net,2022-09-06,2022-09-09,-11133.0,https://www.cftc.gov/files/dea/history/fut_disagg_txt_2026.zip,2026-10-08
cftc_copper_mm_net,2022-09-13,2022-09-16,-4869.0,https://www.cftc.gov/files/dea/history/fut_disagg_txt_2026.zip,2026-10-08
cftc_copper_mm_net,2022-09-20,2022-09-23,-4262.0,https://www.cftc.gov/files/dea/history/fut_disagg_txt_2026.zip,2026-10-08
cftc_copper_mm_net,2022-09-27,2022-09-30,-11196.0,https://www.cftc.gov/files/dea/history/fut_disagg_txt_2026.zip,2026-10-08
cftc_copper_mm_net,2022-10-04,2022-10-07,-2978.0,https://www.cftc.gov/files/dea/history/fut_disagg_txt_2026.zip,2026-10-08
cftc_copper_mm_net,2022-10-11,2022-10-14,-163.0,https://www.cftc.gov/files/dea/history/fut_disagg_txt_2026.zip,2026-10-08
cftc_copper_mm_net,2022-10-18,2022-10-21,-6238.0,https://www.cftc.gov/files/dea/history/fut_disagg_txt_2026.zip,2026-10-08
cftc_copper_mm_net,2022-10-25,2022-10-28,-3288.0,https://www.cftc.gov/files/dea/history/fut_disagg_txt_2026.zip,2026-10-08
cftc_copper_mm_net,2022-11-01,2022-11-04,5089.0,https://www.cftc.gov/files/dea/history/fut_disagg_txt_2026.zip,2026-10-08
cftc_copper_mm_net,2022-11-08,2022-11-11,15830.0,https://www.cftc.gov/files/dea/history/fut_disagg_txt_2026.zip,2026-10-08
cftc_copper_mm_net,2022-11-15,2022-11-18,25366.0,https://www.cftc.gov/files/dea/history/fut_disagg_txt_2026.zip,2026-10-08
cftc_copper_mm_net,2022-11-22,2022-11-25,13941.0,https://www.cftc.gov/files/dea/history/fut_disagg_txt_2026.zip,2026-10-08
cftc_copper_mm_net,2022-11-29,2022-12-02,12482.0,https://www.cftc.gov/files/dea/history/fut_disagg_txt_2026.zip,2026-10-08
cftc_copper_mm_net,2022-12-06,2022-12-09,15327.0,https://www.cftc.gov/files/dea/history/fut_disagg_txt_2026.zip,2026-10-08
cftc_copper_mm_net,2022-12-13,2022-12-16,15849.0,https://www.cftc.gov/files/dea/history/fut_disagg_txt_2026.zip,2026-10-08
cftc_copper_mm_net,2022-12-20,2022-12-23,14213.0,https://www.cftc.gov/files/dea/history/fut_disagg_txt_2026.zip,2026-10-08
cftc_copper_mm_net,2022-12-27,2022-12-30,14031.0,https://www.cftc.gov/files/dea/history/fut_disagg_txt_2026.zip,2026-10-08
cftc_copper_mm_net,2023-01-03,2023-01-06,7509.0,https://www.cftc.gov/files/dea/history/fut_disagg_txt_2026.zip,2026-10-08
cftc_copper_mm_net,2023-01-10,2023-01-13,26411.0,https://www.cftc.gov/files/dea/history/fut_disagg_txt_2026.zip,2026-10-08
cftc_copper_mm_net,2023-01-17,2023-01-20,32954.0,https://www.cftc.gov/files/dea/history/fut_disagg_txt_2026.zip,2026-10-08
cftc_copper_mm_net,2023-01-24,2023-01-27,39228.0,https://www.cftc.gov/files/dea/history/fut_disagg_txt_2026.zip,2026-10-08
cftc_copper_mm_net,2023-01-31,2023-02-03,37272.0,https://www.cftc.gov/files/dea/history/fut_disagg_txt_2026.zip,2026-10-08
cftc_copper_mm_net,2023-02-07,2023-02-10,17011.0,https://www.cftc.gov/files/dea/history/fut_disagg_txt_2026.zip,2026-10-08
cftc_copper_mm_net,2023-02-14,2023-02-17,7485.0,https://www.cftc.gov/files/dea/history/fut_disagg_txt_2026.zip,2026-10-08
cftc_copper_mm_net,2023-02-21,2023-02-24,18062.0,https://www.cftc.gov/files/dea/history/fut_disagg_txt_2026.zip,2026-10-08
cftc_copper_mm_net,2023-02-28,2023-03-03,2354.0,https://www.cftc.gov/files/dea/history/fut_disagg_txt_2026.zip,2026-10-08
cftc_copper_mm_net,2023-03-07,2023-03-10,-1480.0,https://www.cftc.gov/files/dea/history/fut_disagg_txt_2026.zip,2026-10-08
cftc_copper_mm_net,2023-03-14,2023-03-17,-9212.0,https://www.cftc.gov/files/dea/history/fut_disagg_txt_2026.zip,2026-10-08
cftc_copper_mm_net,2023-03-21,2023-03-24,-7433.0,https://www.cftc.gov/files/dea/history/fut_disagg_txt_2026.zip,2026-10-08
cftc_copper_mm_net,2023-03-28,2023-03-31,5284.0,https://www.cftc.gov/files/dea/history/fut_disagg_txt_2026.zip,2026-10-08
cftc_copper_mm_net,2023-04-04,2023-04-07,3536.0,https://www.cftc.gov/files/dea/history/fut_disagg_txt_2026.zip,2026-10-08
cftc_copper_mm_net,2023-04-11,2023-04-14,5160.0,https://www.cftc.gov/files/dea/history/fut_disagg_txt_2026.zip,2026-10-08
cftc_copper_mm_net,2023-04-18,2023-04-21,18099.0,https://www.cftc.gov/files/dea/history/fut_disagg_txt_2026.zip,2026-10-08
cftc_copper_mm_net,2023-04-25,2023-04-28,-11200.0,https://www.cftc.gov/files/dea/history/fut_disagg_txt_2026.zip,2026-10-08
cftc_copper_mm_net,2023-05-02,2023-05-05,-16386.0,https://www.cftc.gov/files/dea/history/fut_disagg_txt_2026.zip,2026-10-08
cftc_copper_mm_net,2023-05-09,2023-05-12,-16828.0,https://www.cftc.gov/files/dea/history/fut_disagg_txt_2026.zip,2026-10-08
cftc_copper_mm_net,2023-05-16,2023-05-19,-23995.0,https://www.cftc.gov/files/dea/history/fut_disagg_txt_2026.zip,2026-10-08
cftc_copper_mm_net,2023-05-23,2023-05-26,-17903.0,https://www.cftc.gov/files/dea/history/fut_disagg_txt_2026.zip,2026-10-08
cftc_copper_mm_net,2023-05-30,2023-06-02,-24249.0,https://www.cftc.gov/files/dea/history/fut_disagg_txt_2026.zip,2026-10-08
cftc_copper_mm_net,2023-06-06,2023-06-09,-12277.0,https://www.cftc.gov/files/dea/history/fut_disagg_txt_2026.zip,2026-10-08
cftc_copper_mm_net,2023-06-13,2023-06-16,5600.0,https://www.cftc.gov/files/dea/history/fut_disagg_txt_2026.zip,2026-10-08
cftc_copper_mm_net,2023-06-20,2023-06-23,21840.0,https://www.cftc.gov/files/dea/history/fut_disagg_txt_2026.zip,2026-10-08
cftc_copper_mm_net,2023-06-27,2023-06-30,20643.0,https://www.cftc.gov/files/dea/history/fut_disagg_txt_2026.zip,2026-10-08
cftc_copper_mm_net,2023-07-03,2023-07-06,8966.0,https://www.cftc.gov/files/dea/history/fut_disagg_txt_2026.zip,2026-10-08
cftc_copper_mm_net,2023-07-11,2023-07-14,3141.0,https://www.cftc.gov/files/dea/history/fut_disagg_txt_2026.zip,2026-10-08
cftc_copper_mm_net,2023-07-18,2023-07-21,9547.0,https://www.cftc.gov/files/dea/history/fut_disagg_txt_2026.zip,2026-10-08
cftc_copper_mm_net,2023-07-25,2023-07-28,11461.0,https://www.cftc.gov/files/dea/history/fut_disagg_txt_2026.zip,2026-10-08
cftc_copper_mm_net,2023-08-01,2023-08-04,19783.0,https://www.cftc.gov/files/dea/history/fut_disagg_txt_2026.zip,2026-10-08
cftc_copper_mm_net,2023-08-08,2023-08-11,-5179.0,https://www.cftc.gov/files/dea/history/fut_disagg_txt_2026.zip,2026-10-08
cftc_copper_mm_net,2023-08-15,2023-08-18,-19984.0,https://www.cftc.gov/files/dea/history/fut_disagg_txt_2026.zip,2026-10-08
cftc_copper_mm_net,2023-08-22,2023-08-25,-16770.0,https://www.cftc.gov/files/dea/history/fut_disagg_txt_2026.zip,2026-10-08
cftc_copper_mm_net,2023-08-29,2023-09-01,-6435.0,https://www.cftc.gov/files/dea/history/fut_disagg_txt_2026.zip,2026-10-08
cftc_copper_mm_net,2023-09-05,2023-09-08,3837.0,https://www.cftc.gov/files/dea/history/fut_disagg_txt_2026.zip,2026-10-08
cftc_copper_mm_net,2023-09-12,2023-09-15,-3779.0,https://www.cftc.gov/files/dea/history/fut_disagg_txt_2026.zip,2026-10-08
cftc_copper_mm_net,2023-09-19,2023-09-22,-6239.0,https://www.cftc.gov/files/dea/history/fut_disagg_txt_2026.zip,2026-10-08
cftc_copper_mm_net,2023-09-26,2023-09-29,-21377.0,https://www.cftc.gov/files/dea/history/fut_disagg_txt_2026.zip,2026-10-08
cftc_copper_mm_net,2023-10-03,2023-10-06,-13044.0,https://www.cftc.gov/files/dea/history/fut_disagg_txt_2026.zip,2026-10-08
cftc_copper_mm_net,2023-10-10,2023-10-13,-5156.0,https://www.cftc.gov/files/dea/history/fut_disagg_txt_2026.zip,2026-10-08
cftc_copper_mm_net,2023-10-17,2023-10-20,-21427.0,https://www.cftc.gov/files/dea/history/fut_disagg_txt_2026.zip,2026-10-08
cftc_copper_mm_net,2023-10-24,2023-10-27,-17704.0,https://www.cftc.gov/files/dea/history/fut_disagg_txt_2026.zip,2026-10-08
cftc_copper_mm_net,2023-10-31,2023-11-03,-14473.0,https://www.cftc.gov/files/dea/history/fut_disagg_txt_2026.zip,2026-10-08
cftc_copper_mm_net,2023-11-07,2023-11-10,-8719.0,https://www.cftc.gov/files/dea/history/fut_disagg_txt_2026.zip,2026-10-08
cftc_copper_mm_net,2023-11-14,2023-11-17,-12609.0,https://www.cftc.gov/files/dea/history/fut_disagg_txt_2026.zip,2026-10-08
cftc_copper_mm_net,2023-11-21,2023-11-24,10294.0,https://www.cftc.gov/files/dea/history/fut_disagg_txt_2026.zip,2026-10-08
cftc_copper_mm_net,2023-11-28,2023-12-01,6750.0,https://www.cftc.gov/files/dea/history/fut_disagg_txt_2026.zip,2026-10-08
cftc_copper_mm_net,2023-12-05,2023-12-08,7175.0,https://www.cftc.gov/files/dea/history/fut_disagg_txt_2026.zip,2026-10-08
cftc_copper_mm_net,2023-12-12,2023-12-15,6300.0,https://www.cftc.gov/files/dea/history/fut_disagg_txt_2026.zip,2026-10-08
cftc_copper_mm_net,2023-12-19,2023-12-22,15067.0,https://www.cftc.gov/files/dea/history/fut_disagg_txt_2026.zip,2026-10-08
cftc_copper_mm_net,2023-12-26,2023-12-29,14198.0,https://www.cftc.gov/files/dea/history/fut_disagg_txt_2026.zip,2026-10-08
cftc_copper_mm_net,2024-01-02,2024-01-05,8689.0,https://www.cftc.gov/files/dea/history/fut_disagg_txt_2026.zip,2026-10-08
cftc_copper_mm_net,2024-01-09,2024-01-12,-18172.0,https://www.cftc.gov/files/dea/history/fut_disagg_txt_2026.zip,2026-10-08
cftc_copper_mm_net,2024-01-16,2024-01-19,-27158.0,https://www.cftc.gov/files/dea/history/fut_disagg_txt_2026.zip,2026-10-08
cftc_copper_mm_net,2024-01-23,2024-01-26,-32707.0,https://www.cftc.gov/files/dea/history/fut_disagg_txt_2026.zip,2026-10-08
cftc_copper_mm_net,2024-01-30,2024-02-02,-4821.0,https://www.cftc.gov/files/dea/history/fut_disagg_txt_2026.zip,2026-10-08
cftc_copper_mm_net,2024-02-06,2024-02-09,-22117.0,https://www.cftc.gov/files/dea/history/fut_disagg_txt_2026.zip,2026-10-08
cftc_copper_mm_net,2024-02-13,2024-02-16,-43928.0,https://www.cftc.gov/files/dea/history/fut_disagg_txt_2026.zip,2026-10-08
cftc_copper_mm_net,2024-02-20,2024-02-23,-10953.0,https://www.cftc.gov/files/dea/history/fut_disagg_txt_2026.zip,2026-10-08
cftc_copper_mm_net,2024-02-27,2024-03-01,5046.0,https://www.cftc.gov/files/dea/history/fut_disagg_txt_2026.zip,2026-10-08
cftc_copper_mm_net,2024-03-05,2024-03-08,-8563.0,https://www.cftc.gov/files/dea/history/fut_disagg_txt_2026.zip,2026-10-08
cftc_copper_mm_net,2024-03-12,2024-03-15,5783.0,https://www.cftc.gov/files/dea/history/fut_disagg_txt_2026.zip,2026-10-08
cftc_copper_mm_net,2024-03-19,2024-03-22,31145.0,https://www.cftc.gov/files/dea/history/fut_disagg_txt_2026.zip,2026-10-08
cftc_copper_mm_net,2024-03-26,2024-03-29,15087.0,https://www.cftc.gov/files/dea/history/fut_disagg_txt_2026.zip,2026-10-08
cftc_copper_mm_net,2024-04-02,2024-04-05,10280.0,https://www.cftc.gov/files/dea/history/fut_disagg_txt_2026.zip,2026-10-08
cftc_copper_mm_net,2024-04-09,2024-04-12,43232.0,https://www.cftc.gov/files/dea/history/fut_disagg_txt_2026.zip,2026-10-08
cftc_copper_mm_net,2024-04-16,2024-04-19,47071.0,https://www.cftc.gov/files/dea/history/fut_disagg_txt_2026.zip,2026-10-08
cftc_copper_mm_net,2024-04-23,2024-04-26,62992.0,https://www.cftc.gov/files/dea/history/fut_disagg_txt_2026.zip,2026-10-08
cftc_copper_mm_net,2024-04-30,2024-05-03,59008.0,https://www.cftc.gov/files/dea/history/fut_disagg_txt_2026.zip,2026-10-08
cftc_copper_mm_net,2024-05-07,2024-05-10,61851.0,https://www.cftc.gov/files/dea/history/fut_disagg_txt_2026.zip,2026-10-08
cftc_copper_mm_net,2024-05-14,2024-05-17,69225.0,https://www.cftc.gov/files/dea/history/fut_disagg_txt_2026.zip,2026-10-08
cftc_copper_mm_net,2024-05-21,2024-05-24,75307.0,https://www.cftc.gov/files/dea/history/fut_disagg_txt_2026.zip,2026-10-08
cftc_copper_mm_net,2024-05-28,2024-05-31,62988.0,https://www.cftc.gov/files/dea/history/fut_disagg_txt_2026.zip,2026-10-08
cftc_copper_mm_net,2024-06-04,2024-06-07,55050.0,https://www.cftc.gov/files/dea/history/fut_disagg_txt_2026.zip,2026-10-08
cftc_copper_mm_net,2024-06-11,2024-06-14,53217.0,https://www.cftc.gov/files/dea/history/fut_disagg_txt_2026.zip,2026-10-08
cftc_copper_mm_net,2024-06-18,2024-06-21,45634.0,https://www.cftc.gov/files/dea/history/fut_disagg_txt_2026.zip,2026-10-08
cftc_copper_mm_net,2024-06-25,2024-06-28,39031.0,https://www.cftc.gov/files/dea/history/fut_disagg_txt_2026.zip,2026-10-08
cftc_copper_mm_net,2024-07-02,2024-07-05,33747.0,https://www.cftc.gov/files/dea/history/fut_disagg_txt_2026.zip,2026-10-08
cftc_copper_mm_net,2024-07-09,2024-07-12,43956.0,https://www.cftc.gov/files/dea/history/fut_disagg_txt_2026.zip,2026-10-08
cftc_copper_mm_net,2024-07-16,2024-07-19,42895.0,https://www.cftc.gov/files/dea/history/fut_disagg_txt_2026.zip,2026-10-08
cftc_copper_mm_net,2024-07-23,2024-07-26,21631.0,https://www.cftc.gov/files/dea/history/fut_disagg_txt_2026.zip,2026-10-08
cftc_copper_mm_net,2024-07-30,2024-08-02,10205.0,https://www.cftc.gov/files/dea/history/fut_disagg_txt_2026.zip,2026-10-08
cftc_copper_mm_net,2024-08-06,2024-08-09,6936.0,https://www.cftc.gov/files/dea/history/fut_disagg_txt_2026.zip,2026-10-08
cftc_copper_mm_net,2024-08-13,2024-08-16,7475.0,https://www.cftc.gov/files/dea/history/fut_disagg_txt_2026.zip,2026-10-08
cftc_copper_mm_net,2024-08-20,2024-08-23,13612.0,https://www.cftc.gov/files/dea/history/fut_disagg_txt_2026.zip,2026-10-08
cftc_copper_mm_net,2024-08-27,2024-08-30,16587.0,https://www.cftc.gov/files/dea/history/fut_disagg_txt_2026.zip,2026-10-08
cftc_copper_mm_net,2024-09-03,2024-09-06,12276.0,https://www.cftc.gov/files/dea/history/fut_disagg_txt_2026.zip,2026-10-08
cftc_copper_mm_net,2024-09-10,2024-09-13,15523.0,https://www.cftc.gov/files/dea/history/fut_disagg_txt_2026.zip,2026-10-08
cftc_copper_mm_net,2024-09-17,2024-09-20,19882.0,https://www.cftc.gov/files/dea/history/fut_disagg_txt_2026.zip,2026-10-08
cftc_copper_mm_net,2024-09-24,2024-09-27,32848.0,https://www.cftc.gov/files/dea/history/fut_disagg_txt_2026.zip,2026-10-08
cftc_copper_mm_net,2024-10-01,2024-10-04,38005.0,https://www.cftc.gov/files/dea/history/fut_disagg_txt_2026.zip,2026-10-08
cftc_copper_mm_net,2024-10-08,2024-10-11,35693.0,https://www.cftc.gov/files/dea/history/fut_disagg_txt_2026.zip,2026-10-08
cftc_copper_mm_net,2024-10-15,2024-10-18,26211.0,https://www.cftc.gov/files/dea/history/fut_disagg_txt_2026.zip,2026-10-08
cftc_copper_mm_net,2024-10-22,2024-10-25,23240.0,https://www.cftc.gov/files/dea/history/fut_disagg_txt_2026.zip,2026-10-08
cftc_copper_mm_net,2024-10-29,2024-11-01,17520.0,https://www.cftc.gov/files/dea/history/fut_disagg_txt_2026.zip,2026-10-08
cftc_copper_mm_net,2024-11-05,2024-11-08,18930.0,https://www.cftc.gov/files/dea/history/fut_disagg_txt_2026.zip,2026-10-08
cftc_copper_mm_net,2024-11-12,2024-11-15,9899.0,https://www.cftc.gov/files/dea/history/fut_disagg_txt_2026.zip,2026-10-08
cftc_copper_mm_net,2024-11-19,2024-11-22,9336.0,https://www.cftc.gov/files/dea/history/fut_disagg_txt_2026.zip,2026-10-08
cftc_copper_mm_net,2024-11-26,2024-11-29,9219.0,https://www.cftc.gov/files/dea/history/fut_disagg_txt_2026.zip,2026-10-08
cftc_copper_mm_net,2024-12-03,2024-12-06,11687.0,https://www.cftc.gov/files/dea/history/fut_disagg_txt_2026.zip,2026-10-08
cftc_copper_mm_net,2024-12-10,2024-12-13,13539.0,https://www.cftc.gov/files/dea/history/fut_disagg_txt_2026.zip,2026-10-08
cftc_copper_mm_net,2024-12-17,2024-12-20,6382.0,https://www.cftc.gov/files/dea/history/fut_disagg_txt_2026.zip,2026-10-08
cftc_copper_mm_net,2024-12-24,2024-12-27,1438.0,https://www.cftc.gov/files/dea/history/fut_disagg_txt_2026.zip,2026-10-08
cftc_copper_mm_net,2024-12-31,2025-01-03,-4319.0,https://www.cftc.gov/files/dea/history/fut_disagg_txt_2026.zip,2026-10-08
cftc_copper_mm_net,2025-01-07,2025-01-10,6182.0,https://www.cftc.gov/files/dea/history/fut_disagg_txt_2026.zip,2026-10-08
cftc_copper_mm_net,2025-01-14,2025-01-17,14565.0,https://www.cftc.gov/files/dea/history/fut_disagg_txt_2026.zip,2026-10-08
cftc_copper_mm_net,2025-01-21,2025-01-24,19314.0,https://www.cftc.gov/files/dea/history/fut_disagg_txt_2026.zip,2026-10-08
cftc_copper_mm_net,2025-01-28,2025-01-31,16542.0,https://www.cftc.gov/files/dea/history/fut_disagg_txt_2026.zip,2026-10-08
cftc_copper_mm_net,2025-02-04,2025-02-07,18464.0,https://www.cftc.gov/files/dea/history/fut_disagg_txt_2026.zip,2026-10-08
cftc_copper_mm_net,2025-02-11,2025-02-14,24433.0,https://www.cftc.gov/files/dea/history/fut_disagg_txt_2026.zip,2026-10-08
cftc_copper_mm_net,2025-02-18,2025-02-21,30046.0,https://www.cftc.gov/files/dea/history/fut_disagg_txt_2026.zip,2026-10-08
cftc_copper_mm_net,2025-02-25,2025-02-28,18657.0,https://www.cftc.gov/files/dea/history/fut_disagg_txt_2026.zip,2026-10-08
cftc_copper_mm_net,2025-03-04,2025-03-07,8902.0,https://www.cftc.gov/files/dea/history/fut_disagg_txt_2026.zip,2026-10-08
cftc_copper_mm_net,2025-03-11,2025-03-14,14216.0,https://www.cftc.gov/files/dea/history/fut_disagg_txt_2026.zip,2026-10-08
cftc_copper_mm_net,2025-03-18,2025-03-21,23952.0,https://www.cftc.gov/files/dea/history/fut_disagg_txt_2026.zip,2026-10-08
cftc_copper_mm_net,2025-03-25,2025-03-28,36696.0,https://www.cftc.gov/files/dea/history/fut_disagg_txt_2026.zip,2026-10-08
cftc_copper_mm_net,2025-04-01,2025-04-04,34432.0,https://www.cftc.gov/files/dea/history/fut_disagg_txt_2026.zip,2026-10-08
cftc_copper_mm_net,2025-04-08,2025-04-11,14166.0,https://www.cftc.gov/files/dea/history/fut_disagg_txt_2026.zip,2026-10-08
cftc_copper_mm_net,2025-04-15,2025-04-18,13370.0,https://www.cftc.gov/files/dea/history/fut_disagg_txt_2026.zip,2026-10-08
cftc_copper_mm_net,2025-04-22,2025-04-25,16155.0,https://www.cftc.gov/files/dea/history/fut_disagg_txt_2026.zip,2026-10-08
cftc_copper_mm_net,2025-04-29,2025-05-02,18926.0,https://www.cftc.gov/files/dea/history/fut_disagg_txt_2026.zip,2026-10-08
cftc_copper_mm_net,2025-05-06,2025-05-09,22085.0,https://www.cftc.gov/files/dea/history/fut_disagg_txt_2026.zip,2026-10-08
cftc_copper_mm_net,2025-05-13,2025-05-16,23792.0,https://www.cftc.gov/files/dea/history/fut_disagg_txt_2026.zip,2026-10-08
cftc_copper_mm_net,2025-05-20,2025-05-23,20882.0,https://www.cftc.gov/files/dea/history/fut_disagg_txt_2026.zip,2026-10-08
cftc_copper_mm_net,2025-05-27,2025-05-30,20837.0,https://www.cftc.gov/files/dea/history/fut_disagg_txt_2026.zip,2026-10-08
cftc_copper_mm_net,2025-06-03,2025-06-06,23165.0,https://www.cftc.gov/files/dea/history/fut_disagg_txt_2026.zip,2026-10-08
cftc_copper_mm_net,2025-06-10,2025-06-13,25612.0,https://www.cftc.gov/files/dea/history/fut_disagg_txt_2026.zip,2026-10-08
cftc_copper_mm_net,2025-06-17,2025-06-20,22648.0,https://www.cftc.gov/files/dea/history/fut_disagg_txt_2026.zip,2026-10-08
cftc_copper_mm_net,2025-06-24,2025-06-27,28249.0,https://www.cftc.gov/files/dea/history/fut_disagg_txt_2026.zip,2026-10-08
cftc_copper_mm_net,2025-07-01,2025-07-04,31790.0,https://www.cftc.gov/files/dea/history/fut_disagg_txt_2026.zip,2026-10-08
cftc_copper_mm_net,2025-07-08,2025-07-11,37638.0,https://www.cftc.gov/files/dea/history/fut_disagg_txt_2026.zip,2026-10-08
cftc_copper_mm_net,2025-07-15,2025-07-18,39303.0,https://www.cftc.gov/files/dea/history/fut_disagg_txt_2026.zip,2026-10-08
cftc_copper_mm_net,2025-07-22,2025-07-25,39279.0,https://www.cftc.gov/files/dea/history/fut_disagg_txt_2026.zip,2026-10-08
cftc_copper_mm_net,2025-07-29,2025-08-01,36660.0,https://www.cftc.gov/files/dea/history/fut_disagg_txt_2026.zip,2026-10-08
cftc_copper_mm_net,2025-08-05,2025-08-08,18249.0,https://www.cftc.gov/files/dea/history/fut_disagg_txt_2026.zip,2026-10-08
cftc_copper_mm_net,2025-08-12,2025-08-15,25168.0,https://www.cftc.gov/files/dea/history/fut_disagg_txt_2026.zip,2026-10-08
cftc_copper_mm_net,2025-08-19,2025-08-22,25609.0,https://www.cftc.gov/files/dea/history/fut_disagg_txt_2026.zip,2026-10-08
cftc_copper_mm_net,2025-08-26,2025-08-29,28754.0,https://www.cftc.gov/files/dea/history/fut_disagg_txt_2026.zip,2026-10-08
cftc_copper_mm_net,2025-09-02,2025-09-05,35556.0,https://www.cftc.gov/files/dea/history/fut_disagg_txt_2026.zip,2026-10-08
cftc_copper_mm_net,2025-09-09,2025-09-12,38375.0,https://www.cftc.gov/files/dea/history/fut_disagg_txt_2026.zip,2026-10-08
cftc_copper_mm_net,2025-09-16,2025-09-19,42097.0,https://www.cftc.gov/files/dea/history/fut_disagg_txt_2026.zip,2026-10-08
cftc_copper_mm_net,2025-09-23,2025-09-26,43389.0,https://www.cftc.gov/files/dea/history/fut_disagg_txt_2026.zip,2026-10-08
cftc_copper_mm_net,2025-09-30,2025-10-03,48425.0,https://www.cftc.gov/files/dea/history/fut_disagg_txt_2026.zip,2026-10-08
cftc_copper_mm_net,2025-10-07,2025-10-10,56449.0,https://www.cftc.gov/files/dea/history/fut_disagg_txt_2026.zip,2026-10-08
cftc_copper_mm_net,2025-10-14,2025-10-17,58384.0,https://www.cftc.gov/files/dea/history/fut_disagg_txt_2026.zip,2026-10-08
cftc_copper_mm_net,2025-10-21,2025-10-24,56676.0,https://www.cftc.gov/files/dea/history/fut_disagg_txt_2026.zip,2026-10-08
cftc_copper_mm_net,2025-10-28,2025-10-31,61994.0,https://www.cftc.gov/files/dea/history/fut_disagg_txt_2026.zip,2026-10-08
cftc_copper_mm_net,2025-11-04,2025-11-07,60729.0,https://www.cftc.gov/files/dea/history/fut_disagg_txt_2026.zip,2026-10-08
cftc_copper_mm_net,2025-11-10,2025-11-13,63284.0,https://www.cftc.gov/files/dea/history/fut_disagg_txt_2026.zip,2026-10-08
cftc_copper_mm_net,2025-11-18,2025-11-21,61603.0,https://www.cftc.gov/files/dea/history/fut_disagg_txt_2026.zip,2026-10-08
cftc_copper_mm_net,2025-11-25,2025-11-28,57547.0,https://www.cftc.gov/files/dea/history/fut_disagg_txt_2026.zip,2026-10-08
cftc_copper_mm_net,2025-12-02,2025-12-05,63459.0,https://www.cftc.gov/files/dea/history/fut_disagg_txt_2026.zip,2026-10-08
cftc_copper_mm_net,2025-12-09,2025-12-12,70484.0,https://www.cftc.gov/files/dea/history/fut_disagg_txt_2026.zip,2026-10-08
cftc_copper_mm_net,2025-12-16,2025-12-19,75134.0,https://www.cftc.gov/files/dea/history/fut_disagg_txt_2026.zip,2026-10-08
cftc_copper_mm_net,2025-12-23,2025-12-26,75619.0,https://www.cftc.gov/files/dea/history/fut_disagg_txt_2026.zip,2026-10-08
cftc_copper_mm_net,2025-12-30,2026-01-02,71019.0,https://www.cftc.gov/files/dea/history/fut_disagg_txt_2026.zip,2026-10-08
cftc_copper_mm_net,2026-01-06,2026-01-09,68242.0,https://www.cftc.gov/files/dea/history/fut_disagg_txt_2026.zip,2026-10-08
cftc_copper_mm_net,2026-01-13,2026-01-16,63391.0,https://www.cftc.gov/files/dea/history/fut_disagg_txt_2026.zip,2026-10-08
cftc_copper_mm_net,2026-01-20,2026-01-23,62806.0,https://www.cftc.gov/files/dea/history/fut_disagg_txt_2026.zip,2026-10-08
cftc_copper_mm_net,2026-01-27,2026-01-30,58018.0,https://www.cftc.gov/files/dea/history/fut_disagg_txt_2026.zip,2026-10-08
cftc_copper_mm_net,2026-02-03,2026-02-06,55923.0,https://www.cftc.gov/files/dea/history/fut_disagg_txt_2026.zip,2026-10-08
cftc_copper_mm_net,2026-02-10,2026-02-13,55564.0,https://www.cftc.gov/files/dea/history/fut_disagg_txt_2026.zip,2026-10-08
cftc_copper_mm_net,2026-02-17,2026-02-20,53774.0,https://www.cftc.gov/files/dea/history/fut_disagg_txt_2026.zip,2026-10-08
cftc_copper_mm_net,2026-02-24,2026-02-27,51027.0,https://www.cftc.gov/files/dea/history/fut_disagg_txt_2026.zip,2026-10-08
cftc_copper_mm_net,2026-03-03,2026-03-06,48494.0,https://www.cftc.gov/files/dea/history/fut_disagg_txt_2026.zip,2026-10-08
cftc_copper_mm_net,2026-03-10,2026-03-13,47676.0,https://www.cftc.gov/files/dea/history/fut_disagg_txt_2026.zip,2026-10-08
cftc_copper_mm_net,2026-03-17,2026-03-20,46558.0,https://www.cftc.gov/files/dea/history/fut_disagg_txt_2026.zip,2026-10-08
cftc_copper_mm_net,2026-03-24,2026-03-27,35284.0,https://www.cftc.gov/files/dea/history/fut_disagg_txt_2026.zip,2026-10-08
cftc_copper_mm_net,2026-03-31,2026-04-03,39172.0,https://www.cftc.gov/files/dea/history/fut_disagg_txt_2026.zip,2026-10-08
cftc_copper_mm_net,2026-04-07,2026-04-10,38393.0,https://www.cftc.gov/files/dea/history/fut_disagg_txt_2026.zip,2026-10-08
cftc_copper_mm_net,2026-04-14,2026-04-17,52333.0,https://www.cftc.gov/files/dea/history/fut_disagg_txt_2026.zip,2026-10-08
cftc_copper_mm_net,2026-04-21,2026-04-24,59585.0,https://www.cftc.gov/files/dea/history/fut_disagg_txt_2026.zip,2026-10-08
cftc_copper_mm_net,2026-04-28,2026-05-01,60937.0,https://www.cftc.gov/files/dea/history/fut_disagg_txt_2026.zip,2026-10-08
cftc_copper_mm_net,2026-05-05,2026-05-08,63473.0,https://www.cftc.gov/files/dea/history/fut_disagg_txt_2026.zip,2026-10-08
cftc_copper_mm_net,2026-05-12,2026-05-15,74488.0,https://www.cftc.gov/files/dea/history/fut_disagg_txt_2026.zip,2026-10-08
cftc_copper_mm_net,2026-05-19,2026-05-22,74188.0,https://www.cftc.gov/files/dea/history/fut_disagg_txt_2026.zip,2026-10-08
cftc_copper_mm_net,2026-05-26,2026-05-29,70500.0,https://www.cftc.gov/files/dea/history/fut_disagg_txt_2026.zip,2026-10-08
cftc_copper_mm_net,2026-06-02,2026-06-05,75747.0,https://www.cftc.gov/files/dea/history/fut_disagg_txt_2026.zip,2026-10-08
cftc_copper_mm_net,2026-06-09,2026-06-12,69204.0,https://www.cftc.gov/files/dea/history/fut_disagg_txt_2026.zip,2026-10-08
cftc_copper_mm_net,2026-06-16,2026-06-19,69008.0,https://www.cftc.gov/files/dea/history/fut_disagg_txt_2026.zip,2026-10-08
cftc_copper_mm_net,2026-06-23,2026-06-26,66547.0,https://www.cftc.gov/files/dea/history/fut_disagg_txt_2026.zip,2026-10-08
cftc_copper_mm_net,2026-06-30,2026-07-03,59703.0,https://www.cftc.gov/files/dea/history/fut_disagg_txt_2026.zip,2026-10-08
cftc_copper_mm_net,2026-07-07,2026-07-10,58784.0,https://www.cftc.gov/files/dea/history/fut_disagg_txt_2026.zip,2026-10-08
cftc_copper_mm_net,2026-07-14,2026-07-17,60185.0,https://www.cftc.gov/files/dea/history/fut_disagg_txt_2026.zip,2026-10-08
cftc_copper_mm_net,2026-07-21,2026-07-24,71515.0,https://www.cftc.gov/files/dea/history/fut_disagg_txt_2026.zip,2026-10-08
cftc_copper_mm_net,2026-07-28,2026-07-31,65008.0,https://www.cftc.gov/files/dea/history/fut_disagg_txt_2026.zip,2026-10-08
cftc_copper_mm_net,2026-08-04,2026-08-07,75758.0,https://www.cftc.gov/files/dea/history/fut_disagg_txt_2026.zip,2026-10-08
cftc_copper_mm_net,2026-08-11,2026-08-14,79027.0,https://www.cftc.gov/files/dea/history/fut_disagg_txt_2026.zip,2026-10-08
cftc_copper_mm_net,2026-08-18,2026-08-21,78648.0,https://www.cftc.gov/files/dea/history/fut_disagg_txt_2026.zip,2026-10-08
cftc_copper_mm_net,2026-08-25,2026-08-28,76271.0,https://www.cftc.gov/files/dea/history/fut_disagg_txt_2026.zip,2026-10-08
cftc_copper_mm_net,2026-09-01,2026-09-04,72882.0,https://www.cftc.gov/files/dea/history/fut_disagg_txt_2026.zip,2026-10-08
cftc_copper_mm_net,2026-09-08,2026-09-11,82154.0,https://www.cftc.gov/files/dea/history/fut_disagg_txt_2026.zip,2026-10-08
cftc_copper_mm_net,2026-09-15,2026-09-18,65106.0,https://www.cftc.gov/files/dea/history/fut_disagg_txt_2026.zip,2026-10-08
cftc_copper_mm_net,2026-09-22,2026-09-25,82522.0,https://www.cftc.gov/files/dea/history/fut_disagg_txt_2026.zip,2026-10-08
cftc_copper_mm_net,2026-09-29,2026-10-02,78058.0,https://www.cftc.gov/files/dea/history/fut_disagg_txt_2026.zip,2026-10-08
