series_id,ref_date,available_date,value,source,fetched_at
cftc_gold_mm_net,2006-06-13,2006-06-16,69880.0,https://www.cftc.gov/files/dea/history/fut_disagg_txt_2026.zip,2026-10-08
cftc_gold_mm_net,2006-06-20,2006-06-23,61116.0,https://www.cftc.gov/files/dea/history/fut_disagg_txt_2026.zip,2026-10-08
cftc_gold_mm_net,2006-06-27,2006-06-30,57215.0,https://www.cftc.gov/files/dea/history/fut_disagg_txt_2026.zip,2026-10-08
cftc_gold_mm_net,2006-07-03,2006-07-06,59326.0,https://www.cftc.gov/files/dea/history/fut_disagg_txt_2026.zip,2026-10-08
cftc_gold_mm_net,2006-07-11,2006-07-14,71884.0,https://www.cftc.gov/files/dea/history/fut_disagg_txt_2026.zip,2026-10-08
cftc_gold_mm_net,2006-07-18,2006-07-21,79271.0,https://www.cftc.gov/files/dea/history/fut_disagg_txt_2026.zip,2026-10-08
cftc_gold_mm_net,2006-07-25,2006-07-28,72907.0,https://www.cftc.gov/files/dea/history/fut_disagg_txt_2026.zip,2026-10-08
cftc_gold_mm_net,2006-08-01,2006-08-04,70609.0,https://www.cftc.gov/files/dea/history/fut_disagg_txt_2026.zip,2026-10-08
cftc_gold_mm_net,2006-08-08,2006-08-11,74318.0,https://www.cftc.gov/files/dea/history/fut_disagg_txt_2026.zip,2026-10-08
cftc_gold_mm_net,2006-08-15,2006-08-18,67890.0,https://www.cftc.gov/files/dea/history/fut_disagg_txt_2026.zip,2026-10-08
cftc_gold_mm_net,2006-08-22,2006-08-25,60305.0,https://www.cftc.gov/files/dea/history/fut_disagg_txt_2026.zip,2026-10-08
cftc_gold_mm_net,2006-08-29,2006-09-01,49529.0,https://www.cftc.gov/files/dea/history/fut_disagg_txt_2026.zip,2026-10-08
cftc_gold_mm_net,2006-09-05,2006-09-08,58222.0,https://www.cftc.gov/files/dea/history/fut_disagg_txt_2026.zip,2026-10-08
cftc_gold_mm_net,2006-09-12,2006-09-15,45940.0,https://www.cftc.gov/files/dea/history/fut_disagg_txt_2026.zip,2026-10-08
cftc_gold_mm_net,2006-09-19,2006-09-22,41593.0,https://www.cftc.gov/files/dea/history/fut_disagg_txt_2026.zip,2026-10-08
cftc_gold_mm_net,2006-09-26,2006-09-29,35324.0,https://www.cftc.gov/files/dea/history/fut_disagg_txt_2026.zip,2026-10-08
cftc_gold_mm_net,2006-10-03,2006-10-06,32453.0,https://www.cftc.gov/files/dea/history/fut_disagg_txt_2026.zip,2026-10-08
cftc_gold_mm_net,2006-10-10,2006-10-13,23064.0,https://www.cftc.gov/files/dea/history/fut_disagg_txt_2026.zip,2026-10-08
cftc_gold_mm_net,2006-10-17,2006-10-20,21829.0,https://www.cftc.gov/files/dea/history/fut_disagg_txt_2026.zip,2026-10-08
cftc_gold_mm_net,2006-10-24,2006-10-27,10179.0,https://www.cftc.gov/files/dea/history/fut_disagg_txt_2026.zip,2026-10-08
cftc_gold_mm_net,2006-10-31,2006-11-03,20892.0,https://www.cftc.gov/files/dea/history/fut_disagg_txt_2026.zip,2026-10-08
cftc_gold_mm_net,2006-11-07,2006-11-10,43530.0,https://www.cftc.gov/files/dea/history/fut_disagg_txt_2026.zip,2026-10-08
cftc_gold_mm_net,2006-11-14,2006-11-17,49754.0,https://www.cftc.gov/files/dea/history/fut_disagg_txt_2026.zip,2026-10-08
cftc_gold_mm_net,2006-11-21,2006-11-24,48450.0,https://www.cftc.gov/files/dea/history/fut_disagg_txt_2026.zip,2026-10-08
cftc_gold_mm_net,2006-11-28,2006-12-01,44595.0,https://www.cftc.gov/files/dea/history/fut_disagg_txt_2026.zip,2026-10-08
cftc_gold_mm_net,2006-12-05,2006-12-08,52047.0,https://www.cftc.gov/files/dea/history/fut_disagg_txt_2026.zip,2026-10-08
cftc_gold_mm_net,2006-12-12,2006-12-15,50086.0,https://www.cftc.gov/files/dea/history/fut_disagg_txt_2026.zip,2026-10-08
cftc_gold_mm_net,2006-12-19,2006-12-22,38961.0,https://www.cftc.gov/files/dea/history/fut_disagg_txt_2026.zip,2026-10-08
cftc_gold_mm_net,2006-12-26,2006-12-29,38119.0,https://www.cftc.gov/files/dea/history/fut_disagg_txt_2026.zip,2026-10-08
cftc_gold_mm_net,2007-01-03,2007-01-06,46792.0,https://www.cftc.gov/files/dea/history/fut_disagg_txt_2026.zip,2026-10-08
cftc_gold_mm_net,2007-01-09,2007-01-12,25996.0,https://www.cftc.gov/files/dea/history/fut_disagg_txt_2026.zip,2026-10-08
cftc_gold_mm_net,2007-01-16,2007-01-19,35059.0,https://www.cftc.gov/files/dea/history/fut_disagg_txt_2026.zip,2026-10-08
cftc_gold_mm_net,2007-01-23,2007-01-26,57938.0,https://www.cftc.gov/files/dea/history/fut_disagg_txt_2026.zip,2026-10-08
cftc_gold_mm_net,2007-01-30,2007-02-02,69986.0,https://www.cftc.gov/files/dea/history/fut_disagg_txt_2026.zip,2026-10-08
cftc_gold_mm_net,2007-02-06,2007-02-09,81462.0,https://www.cftc.gov/files/dea/history/fut_disagg_txt_2026.zip,2026-10-08
cftc_gold_mm_net,2007-02-13,2007-02-16,97057.0,https://www.cftc.gov/files/dea/history/fut_disagg_txt_2026.zip,2026-10-08
cftc_gold_mm_net,2007-02-20,2007-02-23,95802.0,https://www.cftc.gov/files/dea/history/fut_disagg_txt_2026.zip,2026-10-08
cftc_gold_mm_net,2007-02-27,2007-03-02,112237.0,https://www.cftc.gov/files/dea/history/fut_disagg_txt_2026.zip,2026-10-08
cftc_gold_mm_net,2007-03-06,2007-03-09,68881.0,https://www.cftc.gov/files/dea/history/fut_disagg_txt_2026.zip,2026-10-08
cftc_gold_mm_net,2007-03-13,2007-03-16,68266.0,https://www.cftc.gov/files/dea/history/fut_disagg_txt_2026.zip,2026-10-08
cftc_gold_mm_net,2007-03-20,2007-03-23,67101.0,https://www.cftc.gov/files/dea/history/fut_disagg_txt_2026.zip,2026-10-08
cftc_gold_mm_net,2007-03-27,2007-03-30,68924.0,https://www.cftc.gov/files/dea/history/fut_disagg_txt_2026.zip,2026-10-08
cftc_gold_mm_net,2007-04-03,2007-04-06,68819.0,https://www.cftc.gov/files/dea/history/fut_disagg_txt_2026.zip,2026-10-08
cftc_gold_mm_net,2007-04-10,2007-04-13,83735.0,https://www.cftc.gov/files/dea/history/fut_disagg_txt_2026.zip,2026-10-08
cftc_gold_mm_net,2007-04-17,2007-04-20,106640.0,https://www.cftc.gov/files/dea/history/fut_disagg_txt_2026.zip,2026-10-08
cftc_gold_mm_net,2007-04-24,2007-04-27,104570.0,https://www.cftc.gov/files/dea/history/fut_disagg_txt_2026.zip,2026-10-08
cftc_gold_mm_net,2007-05-01,2007-05-04,104135.0,https://www.cftc.gov/files/dea/history/fut_disagg_txt_2026.zip,2026-10-08
cftc_gold_mm_net,2007-05-08,2007-05-11,114336.0,https://www.cftc.gov/files/dea/history/fut_disagg_txt_2026.zip,2026-10-08
cftc_gold_mm_net,2007-05-15,2007-05-18,87411.0,https://www.cftc.gov/files/dea/history/fut_disagg_txt_2026.zip,2026-10-08
cftc_gold_mm_net,2007-05-22,2007-05-25,66248.0,https://www.cftc.gov/files/dea/history/fut_disagg_txt_2026.zip,2026-10-08
cftc_gold_mm_net,2007-05-29,2007-06-01,63717.0,https://www.cftc.gov/files/dea/history/fut_disagg_txt_2026.zip,2026-10-08
cftc_gold_mm_net,2007-06-05,2007-06-08,77018.0,https://www.cftc.gov/files/dea/history/fut_disagg_txt_2026.zip,2026-10-08
cftc_gold_mm_net,2007-06-12,2007-06-15,43374.0,https://www.cftc.gov/files/dea/history/fut_disagg_txt_2026.zip,2026-10-08
cftc_gold_mm_net,2007-06-19,2007-06-22,49976.0,https://www.cftc.gov/files/dea/history/fut_disagg_txt_2026.zip,2026-10-08
cftc_gold_mm_net,2007-06-26,2007-06-29,26494.0,https://www.cftc.gov/files/dea/history/fut_disagg_txt_2026.zip,2026-10-08
cftc_gold_mm_net,2007-07-03,2007-07-06,34865.0,https://www.cftc.gov/files/dea/history/fut_disagg_txt_2026.zip,2026-10-08
cftc_gold_mm_net,2007-07-10,2007-07-13,38799.0,https://www.cftc.gov/files/dea/history/fut_disagg_txt_2026.zip,2026-10-08
cftc_gold_mm_net,2007-07-17,2007-07-20,45038.0,https://www.cftc.gov/files/dea/history/fut_disagg_txt_2026.zip,2026-10-08
cftc_gold_mm_net,2007-07-24,2007-07-27,95715.0,https://www.cftc.gov/files/dea/history/fut_disagg_txt_2026.zip,2026-10-08
cftc_gold_mm_net,2007-07-31,2007-08-03,55093.0,https://www.cftc.gov/files/dea/history/fut_disagg_txt_2026.zip,2026-10-08
cftc_gold_mm_net,2007-08-07,2007-08-10,63541.0,https://www.cftc.gov/files/dea/history/fut_disagg_txt_2026.zip,2026-10-08
cftc_gold_mm_net,2007-08-14,2007-08-17,65878.0,https://www.cftc.gov/files/dea/history/fut_disagg_txt_2026.zip,2026-10-08
cftc_gold_mm_net,2007-08-21,2007-08-24,42992.0,https://www.cftc.gov/files/dea/history/fut_disagg_txt_2026.zip,2026-10-08
cftc_gold_mm_net,2007-08-28,2007-08-31,50003.0,https://www.cftc.gov/files/dea/history/fut_disagg_txt_2026.zip,2026-10-08
cftc_gold_mm_net,2007-09-04,2007-09-07,73766.0,https://www.cftc.gov/files/dea/history/fut_disagg_txt_2026.zip,2026-10-08
cftc_gold_mm_net,2007-09-11,2007-09-14,100515.0,https://www.cftc.gov/files/dea/history/fut_disagg_txt_2026.zip,2026-10-08
cftc_gold_mm_net,2007-09-18,2007-09-21,117078.0,https://www.cftc.gov/files/dea/history/fut_disagg_txt_2026.zip,2026-10-08
cftc_gold_mm_net,2007-09-25,2007-09-28,144041.0,https://www.cftc.gov/files/dea/history/fut_disagg_txt_2026.zip,2026-10-08
cftc_gold_mm_net,2007-10-02,2007-10-05,151940.0,https://www.cftc.gov/files/dea/history/fut_disagg_txt_2026.zip,2026-10-08
cftc_gold_mm_net,2007-10-09,2007-10-12,168347.0,https://www.cftc.gov/files/dea/history/fut_disagg_txt_2026.zip,2026-10-08
cftc_gold_mm_net,2007-10-16,2007-10-19,182278.0,https://www.cftc.gov/files/dea/history/fut_disagg_txt_2026.zip,2026-10-08
cftc_gold_mm_net,2007-10-23,2007-10-26,173060.0,https://www.cftc.gov/files/dea/history/fut_disagg_txt_2026.zip,2026-10-08
cftc_gold_mm_net,2007-10-30,2007-11-02,185896.0,https://www.cftc.gov/files/dea/history/fut_disagg_txt_2026.zip,2026-10-08
cftc_gold_mm_net,2007-11-06,2007-11-09,186415.0,https://www.cftc.gov/files/dea/history/fut_disagg_txt_2026.zip,2026-10-08
cftc_gold_mm_net,2007-11-13,2007-11-16,174937.0,https://www.cftc.gov/files/dea/history/fut_disagg_txt_2026.zip,2026-10-08
cftc_gold_mm_net,2007-11-20,2007-11-23,160846.0,https://www.cftc.gov/files/dea/history/fut_disagg_txt_2026.zip,2026-10-08
cftc_gold_mm_net,2007-11-27,2007-11-30,151855.0,https://www.cftc.gov/files/dea/history/fut_disagg_txt_2026.zip,2026-10-08
cftc_gold_mm_net,2007-12-04,2007-12-07,143921.0,https://www.cftc.gov/files/dea/history/fut_disagg_txt_2026.zip,2026-10-08
cftc_gold_mm_net,2007-12-11,2007-12-14,149356.0,https://www.cftc.gov/files/dea/history/fut_disagg_txt_2026.zip,2026-10-08
cftc_gold_mm_net,2007-12-18,2007-12-21,146238.0,https://www.cftc.gov/files/dea/history/fut_disagg_txt_2026.zip,2026-10-08
cftc_gold_mm_net,2007-12-24,2007-12-27,156135.0,https://www.cftc.gov/files/dea/history/fut_disagg_txt_2026.zip,2026-10-08
cftc_gold_mm_net,2007-12-31,2008-01-03,171253.0,https://www.cftc.gov/files/dea/history/fut_disagg_txt_2026.zip,2026-10-08
cftc_gold_mm_net,2008-01-08,2008-01-11,180769.0,https://www.cftc.gov/files/dea/history/fut_disagg_txt_2026.zip,2026-10-08
cftc_gold_mm_net,2008-01-15,2008-01-18,185884.0,https://www.cftc.gov/files/dea/history/fut_disagg_txt_2026.zip,2026-10-08
cftc_gold_mm_net,2008-01-22,2008-01-25,183421.0,https://www.cftc.gov/files/dea/history/fut_disagg_txt_2026.zip,2026-10-08
cftc_gold_mm_net,2008-01-29,2008-02-01,181724.0,https://www.cftc.gov/files/dea/history/fut_disagg_txt_2026.zip,2026-10-08
cftc_gold_mm_net,2008-02-05,2008-02-08,181687.0,https://www.cftc.gov/files/dea/history/fut_disagg_txt_2026.zip,2026-10-08
cftc_gold_mm_net,2008-02-12,2008-02-15,178076.0,https://www.cftc.gov/files/dea/history/fut_disagg_txt_2026.zip,2026-10-08
cftc_gold_mm_net,2008-02-19,2008-02-22,187734.0,https://www.cftc.gov/files/dea/history/fut_disagg_txt_2026.zip,2026-10-08
cftc_gold_mm_net,2008-02-26,2008-02-29,186305.0,https://www.cftc.gov/files/dea/history/fut_disagg_txt_2026.zip,2026-10-08
cftc_gold_mm_net,2008-03-04,2008-03-07,175727.0,https://www.cftc.gov/files/dea/history/fut_disagg_txt_2026.zip,2026-10-08
cftc_gold_mm_net,2008-03-11,2008-03-14,175715.0,https://www.cftc.gov/files/dea/history/fut_disagg_txt_2026.zip,2026-10-08
cftc_gold_mm_net,2008-03-18,2008-03-21,168565.0,https://www.cftc.gov/files/dea/history/fut_disagg_txt_2026.zip,2026-10-08
cftc_gold_mm_net,2008-03-25,2008-03-28,155158.0,https://www.cftc.gov/files/dea/history/fut_disagg_txt_2026.zip,2026-10-08
cftc_gold_mm_net,2008-04-01,2008-04-04,135351.0,https://www.cftc.gov/files/dea/history/fut_disagg_txt_2026.zip,2026-10-08
cftc_gold_mm_net,2008-04-08,2008-04-11,136130.0,https://www.cftc.gov/files/dea/history/fut_disagg_txt_2026.zip,2026-10-08
cftc_gold_mm_net,2008-04-15,2008-04-18,142779.0,https://www.cftc.gov/files/dea/history/fut_disagg_txt_2026.zip,2026-10-08
cftc_gold_mm_net,2008-04-22,2008-04-25,143092.0,https://www.cftc.gov/files/dea/history/fut_disagg_txt_2026.zip,2026-10-08
cftc_gold_mm_net,2008-04-29,2008-05-02,132367.0,https://www.cftc.gov/files/dea/history/fut_disagg_txt_2026.zip,2026-10-08
cftc_gold_mm_net,2008-05-06,2008-05-09,124327.0,https://www.cftc.gov/files/dea/history/fut_disagg_txt_2026.zip,2026-10-08
cftc_gold_mm_net,2008-05-13,2008-05-16,118591.0,https://www.cftc.gov/files/dea/history/fut_disagg_txt_2026.zip,2026-10-08
cftc_gold_mm_net,2008-05-20,2008-05-23,147271.0,https://www.cftc.gov/files/dea/history/fut_disagg_txt_2026.zip,2026-10-08
cftc_gold_mm_net,2008-05-27,2008-05-30,145672.0,https://www.cftc.gov/files/dea/history/fut_disagg_txt_2026.zip,2026-10-08
cftc_gold_mm_net,2008-06-03,2008-06-06,133657.0,https://www.cftc.gov/files/dea/history/fut_disagg_txt_2026.zip,2026-10-08
cftc_gold_mm_net,2008-06-10,2008-06-13,114884.0,https://www.cftc.gov/files/dea/history/fut_disagg_txt_2026.zip,2026-10-08
cftc_gold_mm_net,2008-06-17,2008-06-20,117184.0,https://www.cftc.gov/files/dea/history/fut_disagg_txt_2026.zip,2026-10-08
cftc_gold_mm_net,2008-06-24,2008-06-27,120264.0,https://www.cftc.gov/files/dea/history/fut_disagg_txt_2026.zip,2026-10-08
cftc_gold_mm_net,2008-07-01,2008-07-04,156631.0,https://www.cftc.gov/files/dea/history/fut_disagg_txt_2026.zip,2026-10-08
cftc_gold_mm_net,2008-07-08,2008-07-11,157103.0,https://www.cftc.gov/files/dea/history/fut_disagg_txt_2026.zip,2026-10-08
cftc_gold_mm_net,2008-07-15,2008-07-18,168906.0,https://www.cftc.gov/files/dea/history/fut_disagg_txt_2026.zip,2026-10-08
cftc_gold_mm_net,2008-07-22,2008-07-25,163002.0,https://www.cftc.gov/files/dea/history/fut_disagg_txt_2026.zip,2026-10-08
cftc_gold_mm_net,2008-07-29,2008-08-01,143243.0,https://www.cftc.gov/files/dea/history/fut_disagg_txt_2026.zip,2026-10-08
cftc_gold_mm_net,2008-08-05,2008-08-08,128826.0,https://www.cftc.gov/files/dea/history/fut_disagg_txt_2026.zip,2026-10-08
cftc_gold_mm_net,2008-08-12,2008-08-15,89669.0,https://www.cftc.gov/files/dea/history/fut_disagg_txt_2026.zip,2026-10-08
cftc_gold_mm_net,2008-08-19,2008-08-22,73917.0,https://www.cftc.gov/files/dea/history/fut_disagg_txt_2026.zip,2026-10-08
cftc_gold_mm_net,2008-08-26,2008-08-29,67221.0,https://www.cftc.gov/files/dea/history/fut_disagg_txt_2026.zip,2026-10-08
cftc_gold_mm_net,2008-09-02,2008-09-05,53691.0,https://www.cftc.gov/files/dea/history/fut_disagg_txt_2026.zip,2026-10-08
cftc_gold_mm_net,2008-09-09,2008-09-12,44367.0,https://www.cftc.gov/files/dea/history/fut_disagg_txt_2026.zip,2026-10-08
cftc_gold_mm_net,2008-09-16,2008-09-19,46192.0,https://www.cftc.gov/files/dea/history/fut_disagg_txt_2026.zip,2026-10-08
cftc_gold_mm_net,2008-09-23,2008-09-26,73065.0,https://www.cftc.gov/files/dea/history/fut_disagg_txt_2026.zip,2026-10-08
cftc_gold_mm_net,2008-09-30,2008-10-03,75124.0,https://www.cftc.gov/files/dea/history/fut_disagg_txt_2026.zip,2026-10-08
cftc_gold_mm_net,2008-10-07,2008-10-10,70025.0,https://www.cftc.gov/files/dea/history/fut_disagg_txt_2026.zip,2026-10-08
cftc_gold_mm_net,2008-10-14,2008-10-17,69787.0,https://www.cftc.gov/files/dea/history/fut_disagg_txt_2026.zip,2026-10-08
cftc_gold_mm_net,2008-10-21,2008-10-24,55642.0,https://www.cftc.gov/files/dea/history/fut_disagg_txt_2026.zip,2026-10-08
cftc_gold_mm_net,2008-10-28,2008-10-31,46166.0,https://www.cftc.gov/files/dea/history/fut_disagg_txt_2026.zip,2026-10-08
cftc_gold_mm_net,2008-11-04,2008-11-07,46217.0,https://www.cftc.gov/files/dea/history/fut_disagg_txt_2026.zip,2026-10-08
cftc_gold_mm_net,2008-11-11,2008-11-14,36872.0,https://www.cftc.gov/files/dea/history/fut_disagg_txt_2026.zip,2026-10-08
cftc_gold_mm_net,2008-11-18,2008-11-21,39210.0,https://www.cftc.gov/files/dea/history/fut_disagg_txt_2026.zip,2026-10-08
cftc_gold_mm_net,2008-11-25,2008-11-28,57739.0,https://www.cftc.gov/files/dea/history/fut_disagg_txt_2026.zip,2026-10-08
cftc_gold_mm_net,2008-12-02,2008-12-05,60752.0,https://www.cftc.gov/files/dea/history/fut_disagg_txt_2026.zip,2026-10-08
cftc_gold_mm_net,2008-12-09,2008-12-12,57835.0,https://www.cftc.gov/files/dea/history/fut_disagg_txt_2026.zip,2026-10-08
cftc_gold_mm_net,2008-12-16,2008-12-19,73332.0,https://www.cftc.gov/files/dea/history/fut_disagg_txt_2026.zip,2026-10-08
cftc_gold_mm_net,2008-12-22,2008-12-25,87803.0,https://www.cftc.gov/files/dea/history/fut_disagg_txt_2026.zip,2026-10-08
cftc_gold_mm_net,2008-12-30,2009-01-02,91887.0,https://www.cftc.gov/files/dea/history/fut_disagg_txt_2026.zip,2026-10-08
cftc_gold_mm_net,2009-01-06,2009-01-09,98490.0,https://www.cftc.gov/files/dea/history/fut_disagg_txt_2026.zip,2026-10-08
cftc_gold_mm_net,2009-01-13,2009-01-16,90020.0,https://www.cftc.gov/files/dea/history/fut_disagg_txt_2026.zip,2026-10-08
cftc_gold_mm_net,2009-01-20,2009-01-23,92322.0,https://www.cftc.gov/files/dea/history/fut_disagg_txt_2026.zip,2026-10-08
cftc_gold_mm_net,2009-01-27,2009-01-30,105565.0,https://www.cftc.gov/files/dea/history/fut_disagg_txt_2026.zip,2026-10-08
cftc_gold_mm_net,2009-02-03,2009-02-06,117284.0,https://www.cftc.gov/files/dea/history/fut_disagg_txt_2026.zip,2026-10-08
cftc_gold_mm_net,2009-02-10,2009-02-13,122660.0,https://www.cftc.gov/files/dea/history/fut_disagg_txt_2026.zip,2026-10-08
cftc_gold_mm_net,2009-02-17,2009-02-20,123167.0,https://www.cftc.gov/files/dea/history/fut_disagg_txt_2026.zip,2026-10-08
cftc_gold_mm_net,2009-02-24,2009-02-27,130593.0,https://www.cftc.gov/files/dea/history/fut_disagg_txt_2026.zip,2026-10-08
cftc_gold_mm_net,2009-03-03,2009-03-06,134892.0,https://www.cftc.gov/files/dea/history/fut_disagg_txt_2026.zip,2026-10-08
cftc_gold_mm_net,2009-03-10,2009-03-13,128772.0,https://www.cftc.gov/files/dea/history/fut_disagg_txt_2026.zip,2026-10-08
cftc_gold_mm_net,2009-03-17,2009-03-20,127980.0,https://www.cftc.gov/files/dea/history/fut_disagg_txt_2026.zip,2026-10-08
cftc_gold_mm_net,2009-03-24,2009-03-27,125670.0,https://www.cftc.gov/files/dea/history/fut_disagg_txt_2026.zip,2026-10-08
cftc_gold_mm_net,2009-03-31,2009-04-03,130485.0,https://www.cftc.gov/files/dea/history/fut_disagg_txt_2026.zip,2026-10-08
cftc_gold_mm_net,2009-04-07,2009-04-10,111157.0,https://www.cftc.gov/files/dea/history/fut_disagg_txt_2026.zip,2026-10-08
cftc_gold_mm_net,2009-04-14,2009-04-17,112024.0,https://www.cftc.gov/files/dea/history/fut_disagg_txt_2026.zip,2026-10-08
cftc_gold_mm_net,2009-04-21,2009-04-24,111314.0,https://www.cftc.gov/files/dea/history/fut_disagg_txt_2026.zip,2026-10-08
cftc_gold_mm_net,2009-04-28,2009-05-01,108282.0,https://www.cftc.gov/files/dea/history/fut_disagg_txt_2026.zip,2026-10-08
cftc_gold_mm_net,2009-05-05,2009-05-08,114627.0,https://www.cftc.gov/files/dea/history/fut_disagg_txt_2026.zip,2026-10-08
cftc_gold_mm_net,2009-05-12,2009-05-15,124161.0,https://www.cftc.gov/files/dea/history/fut_disagg_txt_2026.zip,2026-10-08
cftc_gold_mm_net,2009-05-19,2009-05-22,127459.0,https://www.cftc.gov/files/dea/history/fut_disagg_txt_2026.zip,2026-10-08
cftc_gold_mm_net,2009-05-26,2009-05-29,142898.0,https://www.cftc.gov/files/dea/history/fut_disagg_txt_2026.zip,2026-10-08
cftc_gold_mm_net,2009-06-02,2009-06-05,153154.0,https://www.cftc.gov/files/dea/history/fut_disagg_txt_2026.zip,2026-10-08
cftc_gold_mm_net,2009-06-09,2009-06-12,160637.0,https://www.cftc.gov/files/dea/history/fut_disagg_txt_2026.zip,2026-10-08
cftc_gold_mm_net,2009-06-16,2009-06-19,146830.0,https://www.cftc.gov/files/dea/history/fut_disagg_txt_2026.zip,2026-10-08
cftc_gold_mm_net,2009-06-23,2009-06-26,139212.0,https://www.cftc.gov/files/dea/history/fut_disagg_txt_2026.zip,2026-10-08
cftc_gold_mm_net,2009-06-30,2009-07-03,137487.0,https://www.cftc.gov/files/dea/history/fut_disagg_txt_2026.zip,2026-10-08
cftc_gold_mm_net,2009-07-07,2009-07-10,138763.0,https://www.cftc.gov/files/dea/history/fut_disagg_txt_2026.zip,2026-10-08
cftc_gold_mm_net,2009-07-14,2009-07-17,132172.0,https://www.cftc.gov/files/dea/history/fut_disagg_txt_2026.zip,2026-10-08
cftc_gold_mm_net,2009-07-21,2009-07-24,150335.0,https://www.cftc.gov/files/dea/history/fut_disagg_txt_2026.zip,2026-10-08
cftc_gold_mm_net,2009-07-28,2009-07-31,147338.0,https://www.cftc.gov/files/dea/history/fut_disagg_txt_2026.zip,2026-10-08
cftc_gold_mm_net,2009-08-04,2009-08-07,167686.0,https://www.cftc.gov/files/dea/history/fut_disagg_txt_2026.zip,2026-10-08
cftc_gold_mm_net,2009-08-11,2009-08-14,159935.0,https://www.cftc.gov/files/dea/history/fut_disagg_txt_2026.zip,2026-10-08
cftc_gold_mm_net,2009-08-18,2009-08-21,141486.0,https://www.cftc.gov/files/dea/history/fut_disagg_txt_2026.zip,2026-10-08
cftc_gold_mm_net,2009-08-25,2009-08-28,149596.0,https://www.cftc.gov/files/dea/history/fut_disagg_txt_2026.zip,2026-10-08
cftc_gold_mm_net,2009-09-01,2009-09-04,150038.0,https://www.cftc.gov/files/dea/history/fut_disagg_txt_2026.zip,2026-10-08
cftc_gold_mm_net,2009-09-08,2009-09-11,187549.0,https://www.cftc.gov/files/dea/history/fut_disagg_txt_2026.zip,2026-10-08
cftc_gold_mm_net,2009-09-15,2009-09-18,201860.0,https://www.cftc.gov/files/dea/history/fut_disagg_txt_2026.zip,2026-10-08
cftc_gold_mm_net,2009-09-22,2009-09-25,203066.0,https://www.cftc.gov/files/dea/history/fut_disagg_txt_2026.zip,2026-10-08
cftc_gold_mm_net,2009-09-29,2009-10-02,194449.0,https://www.cftc.gov/files/dea/history/fut_disagg_txt_2026.zip,2026-10-08
cftc_gold_mm_net,2009-10-06,2009-10-09,209375.0,https://www.cftc.gov/files/dea/history/fut_disagg_txt_2026.zip,2026-10-08
cftc_gold_mm_net,2009-10-13,2009-10-16,226854.0,https://www.cftc.gov/files/dea/history/fut_disagg_txt_2026.zip,2026-10-08
cftc_gold_mm_net,2009-10-20,2009-10-23,227275.0,https://www.cftc.gov/files/dea/history/fut_disagg_txt_2026.zip,2026-10-08
cftc_gold_mm_net,2009-10-27,2009-10-30,210371.0,https://www.cftc.gov/files/dea/history/fut_disagg_txt_2026.zip,2026-10-08
cftc_gold_mm_net,2009-11-03,2009-11-06,218221.0,https://www.cftc.gov/files/dea/history/fut_disagg_txt_2026.zip,2026-10-08
cftc_gold_mm_net,2009-11-09,2009-11-12,214965.0,https://www.cftc.gov/files/dea/history/fut_disagg_txt_2026.zip,2026-10-08
cftc_gold_mm_net,2009-11-17,2009-11-20,214236.0,https://www.cftc.gov/files/dea/history/fut_disagg_txt_2026.zip,2026-10-08
cftc_gold_mm_net,2009-11-24,2009-11-27,221777.0,https://www.cftc.gov/files/dea/history/fut_disagg_txt_2026.zip,2026-10-08
cftc_gold_mm_net,2009-12-01,2009-12-04,217156.0,https://www.cftc.gov/files/dea/history/fut_disagg_txt_2026.zip,2026-10-08
cftc_gold_mm_net,2009-12-08,2009-12-11,207811.0,https://www.cftc.gov/files/dea/history/fut_disagg_txt_2026.zip,2026-10-08
cftc_gold_mm_net,2009-12-15,2009-12-18,208088.0,https://www.cftc.gov/files/dea/history/fut_disagg_txt_2026.zip,2026-10-08
cftc_gold_mm_net,2009-12-22,2009-12-25,202183.0,https://www.cftc.gov/files/dea/history/fut_disagg_txt_2026.zip,2026-10-08
cftc_gold_mm_net,2009-12-29,2010-01-01,195825.0,https://www.cftc.gov/files/dea/history/fut_disagg_txt_2026.zip,2026-10-08
cftc_gold_mm_net,2010-01-05,2010-01-08,191599.0,https://www.cftc.gov/files/dea/history/fut_disagg_txt_2026.zip,2026-10-08
cftc_gold_mm_net,2010-01-12,2010-01-15,191043.0,https://www.cftc.gov/files/dea/history/fut_disagg_txt_2026.zip,2026-10-08
cftc_gold_mm_net,2010-01-19,2010-01-22,192625.0,https://www.cftc.gov/files/dea/history/fut_disagg_txt_2026.zip,2026-10-08
cftc_gold_mm_net,2010-01-26,2010-01-29,174367.0,https://www.cftc.gov/files/dea/history/fut_disagg_txt_2026.zip,2026-10-08
cftc_gold_mm_net,2010-02-02,2010-02-05,178601.0,https://www.cftc.gov/files/dea/history/fut_disagg_txt_2026.zip,2026-10-08
cftc_gold_mm_net,2010-02-09,2010-02-12,152728.0,https://www.cftc.gov/files/dea/history/fut_disagg_txt_2026.zip,2026-10-08
cftc_gold_mm_net,2010-02-16,2010-02-19,157154.0,https://www.cftc.gov/files/dea/history/fut_disagg_txt_2026.zip,2026-10-08
cftc_gold_mm_net,2010-02-23,2010-02-26,164656.0,https://www.cftc.gov/files/dea/history/fut_disagg_txt_2026.zip,2026-10-08
cftc_gold_mm_net,2010-03-02,2010-03-05,176671.0,https://www.cftc.gov/files/dea/history/fut_disagg_txt_2026.zip,2026-10-08
cftc_gold_mm_net,2010-03-09,2010-03-12,174408.0,https://www.cftc.gov/files/dea/history/fut_disagg_txt_2026.zip,2026-10-08
cftc_gold_mm_net,2010-03-16,2010-03-19,170277.0,https://www.cftc.gov/files/dea/history/fut_disagg_txt_2026.zip,2026-10-08
cftc_gold_mm_net,2010-03-23,2010-03-26,153692.0,https://www.cftc.gov/files/dea/history/fut_disagg_txt_2026.zip,2026-10-08
cftc_gold_mm_net,2010-03-30,2010-04-02,147220.0,https://www.cftc.gov/files/dea/history/fut_disagg_txt_2026.zip,2026-10-08
cftc_gold_mm_net,2010-04-06,2010-04-09,175135.0,https://www.cftc.gov/files/dea/history/fut_disagg_txt_2026.zip,2026-10-08
cftc_gold_mm_net,2010-04-13,2010-04-16,196695.0,https://www.cftc.gov/files/dea/history/fut_disagg_txt_2026.zip,2026-10-08
cftc_gold_mm_net,2010-04-20,2010-04-23,192240.0,https://www.cftc.gov/files/dea/history/fut_disagg_txt_2026.zip,2026-10-08
cftc_gold_mm_net,2010-04-27,2010-04-30,205443.0,https://www.cftc.gov/files/dea/history/fut_disagg_txt_2026.zip,2026-10-08
cftc_gold_mm_net,2010-05-04,2010-05-07,207788.0,https://www.cftc.gov/files/dea/history/fut_disagg_txt_2026.zip,2026-10-08
cftc_gold_mm_net,2010-05-11,2010-05-14,217530.0,https://www.cftc.gov/files/dea/history/fut_disagg_txt_2026.zip,2026-10-08
cftc_gold_mm_net,2010-05-18,2010-05-21,219795.0,https://www.cftc.gov/files/dea/history/fut_disagg_txt_2026.zip,2026-10-08
cftc_gold_mm_net,2010-05-25,2010-05-28,205216.0,https://www.cftc.gov/files/dea/history/fut_disagg_txt_2026.zip,2026-10-08
cftc_gold_mm_net,2010-06-01,2010-06-04,206258.0,https://www.cftc.gov/files/dea/history/fut_disagg_txt_2026.zip,2026-10-08
cftc_gold_mm_net,2010-06-08,2010-06-11,210016.0,https://www.cftc.gov/files/dea/history/fut_disagg_txt_2026.zip,2026-10-08
cftc_gold_mm_net,2010-06-15,2010-06-18,211490.0,https://www.cftc.gov/files/dea/history/fut_disagg_txt_2026.zip,2026-10-08
cftc_gold_mm_net,2010-06-22,2010-06-25,218865.0,https://www.cftc.gov/files/dea/history/fut_disagg_txt_2026.zip,2026-10-08
cftc_gold_mm_net,2010-06-29,2010-07-02,214462.0,https://www.cftc.gov/files/dea/history/fut_disagg_txt_2026.zip,2026-10-08
cftc_gold_mm_net,2010-07-06,2010-07-09,181733.0,https://www.cftc.gov/files/dea/history/fut_disagg_txt_2026.zip,2026-10-08
cftc_gold_mm_net,2010-07-13,2010-07-16,180754.0,https://www.cftc.gov/files/dea/history/fut_disagg_txt_2026.zip,2026-10-08
cftc_gold_mm_net,2010-07-20,2010-07-23,148371.0,https://www.cftc.gov/files/dea/history/fut_disagg_txt_2026.zip,2026-10-08
cftc_gold_mm_net,2010-07-27,2010-07-30,152892.0,https://www.cftc.gov/files/dea/history/fut_disagg_txt_2026.zip,2026-10-08
cftc_gold_mm_net,2010-08-03,2010-08-06,156365.0,https://www.cftc.gov/files/dea/history/fut_disagg_txt_2026.zip,2026-10-08
cftc_gold_mm_net,2010-08-10,2010-08-13,158593.0,https://www.cftc.gov/files/dea/history/fut_disagg_txt_2026.zip,2026-10-08
cftc_gold_mm_net,2010-08-17,2010-08-20,177219.0,https://www.cftc.gov/files/dea/history/fut_disagg_txt_2026.zip,2026-10-08
cftc_gold_mm_net,2010-08-24,2010-08-27,196084.0,https://www.cftc.gov/files/dea/history/fut_disagg_txt_2026.zip,2026-10-08
cftc_gold_mm_net,2010-08-31,2010-09-03,209200.0,https://www.cftc.gov/files/dea/history/fut_disagg_txt_2026.zip,2026-10-08
cftc_gold_mm_net,2010-09-07,2010-09-10,211027.0,https://www.cftc.gov/files/dea/history/fut_disagg_txt_2026.zip,2026-10-08
cftc_gold_mm_net,2010-09-14,2010-09-17,218250.0,https://www.cftc.gov/files/dea/history/fut_disagg_txt_2026.zip,2026-10-08
cftc_gold_mm_net,2010-09-21,2010-09-24,213799.0,https://www.cftc.gov/files/dea/history/fut_disagg_txt_2026.zip,2026-10-08
cftc_gold_mm_net,2010-09-28,2010-10-01,224408.0,https://www.cftc.gov/files/dea/history/fut_disagg_txt_2026.zip,2026-10-08
cftc_gold_mm_net,2010-10-05,2010-10-08,218716.0,https://www.cftc.gov/files/dea/history/fut_disagg_txt_2026.zip,2026-10-08
cftc_gold_mm_net,2010-10-12,2010-10-15,223959.0,https://www.cftc.gov/files/dea/history/fut_disagg_txt_2026.zip,2026-10-08
cftc_gold_mm_net,2010-10-19,2010-10-22,208747.0,https://www.cftc.gov/files/dea/history/fut_disagg_txt_2026.zip,2026-10-08
cftc_gold_mm_net,2010-10-26,2010-10-29,198037.0,https://www.cftc.gov/files/dea/history/fut_disagg_txt_2026.zip,2026-10-08
cftc_gold_mm_net,2010-11-02,2010-11-05,195594.0,https://www.cftc.gov/files/dea/history/fut_disagg_txt_2026.zip,2026-10-08
cftc_gold_mm_net,2010-11-09,2010-11-12,188674.0,https://www.cftc.gov/files/dea/history/fut_disagg_txt_2026.zip,2026-10-08
cftc_gold_mm_net,2010-11-16,2010-11-19,166602.0,https://www.cftc.gov/files/dea/history/fut_disagg_txt_2026.zip,2026-10-08
cftc_gold_mm_net,2010-11-23,2010-11-26,170006.0,https://www.cftc.gov/files/dea/history/fut_disagg_txt_2026.zip,2026-10-08
cftc_gold_mm_net,2010-11-30,2010-12-03,175374.0,https://www.cftc.gov/files/dea/history/fut_disagg_txt_2026.zip,2026-10-08
cftc_gold_mm_net,2010-12-07,2010-12-10,179757.0,https://www.cftc.gov/files/dea/history/fut_disagg_txt_2026.zip,2026-10-08
cftc_gold_mm_net,2010-12-14,2010-12-17,168625.0,https://www.cftc.gov/files/dea/history/fut_disagg_txt_2026.zip,2026-10-08
cftc_gold_mm_net,2010-12-21,2010-12-24,157650.0,https://www.cftc.gov/files/dea/history/fut_disagg_txt_2026.zip,2026-10-08
cftc_gold_mm_net,2010-12-28,2010-12-31,167914.0,https://www.cftc.gov/files/dea/history/fut_disagg_txt_2026.zip,2026-10-08
cftc_gold_mm_net,2011-01-04,2011-01-07,156135.0,https://www.cftc.gov/files/dea/history/fut_disagg_txt_2026.zip,2026-10-08
cftc_gold_mm_net,2011-01-11,2011-01-14,139556.0,https://www.cftc.gov/files/dea/history/fut_disagg_txt_2026.zip,2026-10-08
cftc_gold_mm_net,2011-01-18,2011-01-21,133240.0,https://www.cftc.gov/files/dea/history/fut_disagg_txt_2026.zip,2026-10-08
cftc_gold_mm_net,2011-01-25,2011-01-28,138217.0,https://www.cftc.gov/files/dea/history/fut_disagg_txt_2026.zip,2026-10-08
cftc_gold_mm_net,2011-02-01,2011-02-04,123733.0,https://www.cftc.gov/files/dea/history/fut_disagg_txt_2026.zip,2026-10-08
cftc_gold_mm_net,2011-02-08,2011-02-11,141509.0,https://www.cftc.gov/files/dea/history/fut_disagg_txt_2026.zip,2026-10-08
cftc_gold_mm_net,2011-02-15,2011-02-18,154234.0,https://www.cftc.gov/files/dea/history/fut_disagg_txt_2026.zip,2026-10-08
cftc_gold_mm_net,2011-02-22,2011-02-25,168449.0,https://www.cftc.gov/files/dea/history/fut_disagg_txt_2026.zip,2026-10-08
cftc_gold_mm_net,2011-03-01,2011-03-04,188816.0,https://www.cftc.gov/files/dea/history/fut_disagg_txt_2026.zip,2026-10-08
cftc_gold_mm_net,2011-03-08,2011-03-11,188620.0,https://www.cftc.gov/files/dea/history/fut_disagg_txt_2026.zip,2026-10-08
cftc_gold_mm_net,2011-03-15,2011-03-18,176238.0,https://www.cftc.gov/files/dea/history/fut_disagg_txt_2026.zip,2026-10-08
cftc_gold_mm_net,2011-03-22,2011-03-25,178875.0,https://www.cftc.gov/files/dea/history/fut_disagg_txt_2026.zip,2026-10-08
cftc_gold_mm_net,2011-03-29,2011-04-01,191417.0,https://www.cftc.gov/files/dea/history/fut_disagg_txt_2026.zip,2026-10-08
cftc_gold_mm_net,2011-04-05,2011-04-08,206694.0,https://www.cftc.gov/files/dea/history/fut_disagg_txt_2026.zip,2026-10-08
cftc_gold_mm_net,2011-04-12,2011-04-15,201904.0,https://www.cftc.gov/files/dea/history/fut_disagg_txt_2026.zip,2026-10-08
cftc_gold_mm_net,2011-04-19,2011-04-22,211737.0,https://www.cftc.gov/files/dea/history/fut_disagg_txt_2026.zip,2026-10-08
cftc_gold_mm_net,2011-04-26,2011-04-29,202417.0,https://www.cftc.gov/files/dea/history/fut_disagg_txt_2026.zip,2026-10-08
cftc_gold_mm_net,2011-05-03,2011-05-06,192878.0,https://www.cftc.gov/files/dea/history/fut_disagg_txt_2026.zip,2026-10-08
cftc_gold_mm_net,2011-05-10,2011-05-13,180974.0,https://www.cftc.gov/files/dea/history/fut_disagg_txt_2026.zip,2026-10-08
cftc_gold_mm_net,2011-05-17,2011-05-20,173788.0,https://www.cftc.gov/files/dea/history/fut_disagg_txt_2026.zip,2026-10-08
cftc_gold_mm_net,2011-05-24,2011-05-27,176892.0,https://www.cftc.gov/files/dea/history/fut_disagg_txt_2026.zip,2026-10-08
cftc_gold_mm_net,2011-05-31,2011-06-03,187315.0,https://www.cftc.gov/files/dea/history/fut_disagg_txt_2026.zip,2026-10-08
cftc_gold_mm_net,2011-06-07,2011-06-10,195870.0,https://www.cftc.gov/files/dea/history/fut_disagg_txt_2026.zip,2026-10-08
cftc_gold_mm_net,2011-06-14,2011-06-17,187786.0,https://www.cftc.gov/files/dea/history/fut_disagg_txt_2026.zip,2026-10-08
cftc_gold_mm_net,2011-06-21,2011-06-24,206259.0,https://www.cftc.gov/files/dea/history/fut_disagg_txt_2026.zip,2026-10-08
cftc_gold_mm_net,2011-06-28,2011-07-01,169571.0,https://www.cftc.gov/files/dea/history/fut_disagg_txt_2026.zip,2026-10-08
cftc_gold_mm_net,2011-07-05,2011-07-08,165423.0,https://www.cftc.gov/files/dea/history/fut_disagg_txt_2026.zip,2026-10-08
cftc_gold_mm_net,2011-07-12,2011-07-15,199105.0,https://www.cftc.gov/files/dea/history/fut_disagg_txt_2026.zip,2026-10-08
cftc_gold_mm_net,2011-07-19,2011-07-22,210289.0,https://www.cftc.gov/files/dea/history/fut_disagg_txt_2026.zip,2026-10-08
cftc_gold_mm_net,2011-07-26,2011-07-29,213501.0,https://www.cftc.gov/files/dea/history/fut_disagg_txt_2026.zip,2026-10-08
cftc_gold_mm_net,2011-08-02,2011-08-05,228824.0,https://www.cftc.gov/files/dea/history/fut_disagg_txt_2026.zip,2026-10-08
cftc_gold_mm_net,2011-08-09,2011-08-12,191410.0,https://www.cftc.gov/files/dea/history/fut_disagg_txt_2026.zip,2026-10-08
cftc_gold_mm_net,2011-08-16,2011-08-19,199875.0,https://www.cftc.gov/files/dea/history/fut_disagg_txt_2026.zip,2026-10-08
cftc_gold_mm_net,2011-08-23,2011-08-26,192322.0,https://www.cftc.gov/files/dea/history/fut_disagg_txt_2026.zip,2026-10-08
cftc_gold_mm_net,2011-08-30,2011-09-02,183072.0,https://www.cftc.gov/files/dea/history/fut_disagg_txt_2026.zip,2026-10-08
cftc_gold_mm_net,2011-09-06,2011-09-09,188195.0,https://www.cftc.gov/files/dea/history/fut_disagg_txt_2026.zip,2026-10-08
cftc_gold_mm_net,2011-09-13,2011-09-16,176269.0,https://www.cftc.gov/files/dea/history/fut_disagg_txt_2026.zip,2026-10-08
cftc_gold_mm_net,2011-09-20,2011-09-23,151425.0,https://www.cftc.gov/files/dea/history/fut_disagg_txt_2026.zip,2026-10-08
cftc_gold_mm_net,2011-09-27,2011-09-30,122475.0,https://www.cftc.gov/files/dea/history/fut_disagg_txt_2026.zip,2026-10-08
cftc_gold_mm_net,2011-10-04,2011-10-07,120689.0,https://www.cftc.gov/files/dea/history/fut_disagg_txt_2026.zip,2026-10-08
cftc_gold_mm_net,2011-10-11,2011-10-14,122021.0,https://www.cftc.gov/files/dea/history/fut_disagg_txt_2026.zip,2026-10-08
cftc_gold_mm_net,2011-10-18,2011-10-21,117899.0,https://www.cftc.gov/files/dea/history/fut_disagg_txt_2026.zip,2026-10-08
cftc_gold_mm_net,2011-10-25,2011-10-28,126570.0,https://www.cftc.gov/files/dea/history/fut_disagg_txt_2026.zip,2026-10-08
cftc_gold_mm_net,2011-11-01,2011-11-04,133011.0,https://www.cftc.gov/files/dea/history/fut_disagg_txt_2026.zip,2026-10-08
cftc_gold_mm_net,2011-11-08,2011-11-11,146055.0,https://www.cftc.gov/files/dea/history/fut_disagg_txt_2026.zip,2026-10-08
cftc_gold_mm_net,2011-11-15,2011-11-18,150910.0,https://www.cftc.gov/files/dea/history/fut_disagg_txt_2026.zip,2026-10-08
cftc_gold_mm_net,2011-11-22,2011-11-25,137682.0,https://www.cftc.gov/files/dea/history/fut_disagg_txt_2026.zip,2026-10-08
cftc_gold_mm_net,2011-11-29,2011-12-02,133794.0,https://www.cftc.gov/files/dea/history/fut_disagg_txt_2026.zip,2026-10-08
cftc_gold_mm_net,2011-12-06,2011-12-09,137692.0,https://www.cftc.gov/files/dea/history/fut_disagg_txt_2026.zip,2026-10-08
cftc_gold_mm_net,2011-12-13,2011-12-16,127137.0,https://www.cftc.gov/files/dea/history/fut_disagg_txt_2026.zip,2026-10-08
cftc_gold_mm_net,2011-12-20,2011-12-23,111470.0,https://www.cftc.gov/files/dea/history/fut_disagg_txt_2026.zip,2026-10-08
cftc_gold_mm_net,2011-12-27,2011-12-30,106043.0,https://www.cftc.gov/files/dea/history/fut_disagg_txt_2026.zip,2026-10-08
cftc_gold_mm_net,2012-01-03,2012-01-06,104562.0,https://www.cftc.gov/files/dea/history/fut_disagg_txt_2026.zip,2026-10-08
cftc_gold_mm_net,2012-01-10,2012-01-13,103980.0,https://www.cftc.gov/files/dea/history/fut_disagg_txt_2026.zip,2026-10-08
cftc_gold_mm_net,2012-01-17,2012-01-20,108655.0,https://www.cftc.gov/files/dea/history/fut_disagg_txt_2026.zip,2026-10-08
cftc_gold_mm_net,2012-01-24,2012-01-27,117156.0,https://www.cftc.gov/files/dea/history/fut_disagg_txt_2026.zip,2026-10-08
cftc_gold_mm_net,2012-01-31,2012-02-03,143948.0,https://www.cftc.gov/files/dea/history/fut_disagg_txt_2026.zip,2026-10-08
cftc_gold_mm_net,2012-02-07,2012-02-10,155609.0,https://www.cftc.gov/files/dea/history/fut_disagg_txt_2026.zip,2026-10-08
cftc_gold_mm_net,2012-02-14,2012-02-17,148989.0,https://www.cftc.gov/files/dea/history/fut_disagg_txt_2026.zip,2026-10-08
cftc_gold_mm_net,2012-02-21,2012-02-24,160294.0,https://www.cftc.gov/files/dea/history/fut_disagg_txt_2026.zip,2026-10-08
cftc_gold_mm_net,2012-02-28,2012-03-02,177143.0,https://www.cftc.gov/files/dea/history/fut_disagg_txt_2026.zip,2026-10-08
cftc_gold_mm_net,2012-03-06,2012-03-09,141841.0,https://www.cftc.gov/files/dea/history/fut_disagg_txt_2026.zip,2026-10-08
cftc_gold_mm_net,2012-03-13,2012-03-16,133618.0,https://www.cftc.gov/files/dea/history/fut_disagg_txt_2026.zip,2026-10-08
cftc_gold_mm_net,2012-03-20,2012-03-23,113098.0,https://www.cftc.gov/files/dea/history/fut_disagg_txt_2026.zip,2026-10-08
cftc_gold_mm_net,2012-03-27,2012-03-30,124083.0,https://www.cftc.gov/files/dea/history/fut_disagg_txt_2026.zip,2026-10-08
cftc_gold_mm_net,2012-04-03,2012-04-06,113040.0,https://www.cftc.gov/files/dea/history/fut_disagg_txt_2026.zip,2026-10-08
cftc_gold_mm_net,2012-04-10,2012-04-13,104230.0,https://www.cftc.gov/files/dea/history/fut_disagg_txt_2026.zip,2026-10-08
cftc_gold_mm_net,2012-04-17,2012-04-20,107576.0,https://www.cftc.gov/files/dea/history/fut_disagg_txt_2026.zip,2026-10-08
cftc_gold_mm_net,2012-04-24,2012-04-27,103350.0,https://www.cftc.gov/files/dea/history/fut_disagg_txt_2026.zip,2026-10-08
cftc_gold_mm_net,2012-05-01,2012-05-04,110056.0,https://www.cftc.gov/files/dea/history/fut_disagg_txt_2026.zip,2026-10-08
cftc_gold_mm_net,2012-05-08,2012-05-11,90372.0,https://www.cftc.gov/files/dea/history/fut_disagg_txt_2026.zip,2026-10-08
cftc_gold_mm_net,2012-05-15,2012-05-18,80098.0,https://www.cftc.gov/files/dea/history/fut_disagg_txt_2026.zip,2026-10-08
cftc_gold_mm_net,2012-05-22,2012-05-25,74645.0,https://www.cftc.gov/files/dea/history/fut_disagg_txt_2026.zip,2026-10-08
cftc_gold_mm_net,2012-05-29,2012-06-01,72526.0,https://www.cftc.gov/files/dea/history/fut_disagg_txt_2026.zip,2026-10-08
cftc_gold_mm_net,2012-06-05,2012-06-08,88590.0,https://www.cftc.gov/files/dea/history/fut_disagg_txt_2026.zip,2026-10-08
cftc_gold_mm_net,2012-06-12,2012-06-15,87873.0,https://www.cftc.gov/files/dea/history/fut_disagg_txt_2026.zip,2026-10-08
cftc_gold_mm_net,2012-06-19,2012-06-22,93151.0,https://www.cftc.gov/files/dea/history/fut_disagg_txt_2026.zip,2026-10-08
cftc_gold_mm_net,2012-06-26,2012-06-29,77495.0,https://www.cftc.gov/files/dea/history/fut_disagg_txt_2026.zip,2026-10-08
cftc_gold_mm_net,2012-07-03,2012-07-06,96219.0,https://www.cftc.gov/files/dea/history/fut_disagg_txt_2026.zip,2026-10-08
cftc_gold_mm_net,2012-07-10,2012-07-13,80287.0,https://www.cftc.gov/files/dea/history/fut_disagg_txt_2026.zip,2026-10-08
cftc_gold_mm_net,2012-07-17,2012-07-20,81356.0,https://www.cftc.gov/files/dea/history/fut_disagg_txt_2026.zip,2026-10-08
cftc_gold_mm_net,2012-07-24,2012-07-27,59809.0,https://www.cftc.gov/files/dea/history/fut_disagg_txt_2026.zip,2026-10-08
cftc_gold_mm_net,2012-07-31,2012-08-03,80857.0,https://www.cftc.gov/files/dea/history/fut_disagg_txt_2026.zip,2026-10-08
cftc_gold_mm_net,2012-08-07,2012-08-10,69710.0,https://www.cftc.gov/files/dea/history/fut_disagg_txt_2026.zip,2026-10-08
cftc_gold_mm_net,2012-08-14,2012-08-17,66656.0,https://www.cftc.gov/files/dea/history/fut_disagg_txt_2026.zip,2026-10-08
cftc_gold_mm_net,2012-08-21,2012-08-24,91585.0,https://www.cftc.gov/files/dea/history/fut_disagg_txt_2026.zip,2026-10-08
cftc_gold_mm_net,2012-08-28,2012-08-31,113166.0,https://www.cftc.gov/files/dea/history/fut_disagg_txt_2026.zip,2026-10-08
cftc_gold_mm_net,2012-09-04,2012-09-07,122927.0,https://www.cftc.gov/files/dea/history/fut_disagg_txt_2026.zip,2026-10-08
cftc_gold_mm_net,2012-09-11,2012-09-14,137613.0,https://www.cftc.gov/files/dea/history/fut_disagg_txt_2026.zip,2026-10-08
cftc_gold_mm_net,2012-09-18,2012-09-21,144302.0,https://www.cftc.gov/files/dea/history/fut_disagg_txt_2026.zip,2026-10-08
cftc_gold_mm_net,2012-09-25,2012-09-28,158228.0,https://www.cftc.gov/files/dea/history/fut_disagg_txt_2026.zip,2026-10-08
cftc_gold_mm_net,2012-10-02,2012-10-05,162990.0,https://www.cftc.gov/files/dea/history/fut_disagg_txt_2026.zip,2026-10-08
cftc_gold_mm_net,2012-10-09,2012-10-12,167473.0,https://www.cftc.gov/files/dea/history/fut_disagg_txt_2026.zip,2026-10-08
cftc_gold_mm_net,2012-10-16,2012-10-19,158584.0,https://www.cftc.gov/files/dea/history/fut_disagg_txt_2026.zip,2026-10-08
cftc_gold_mm_net,2012-10-23,2012-10-26,146636.0,https://www.cftc.gov/files/dea/history/fut_disagg_txt_2026.zip,2026-10-08
cftc_gold_mm_net,2012-10-30,2012-11-02,135428.0,https://www.cftc.gov/files/dea/history/fut_disagg_txt_2026.zip,2026-10-08
cftc_gold_mm_net,2012-11-06,2012-11-09,115169.0,https://www.cftc.gov/files/dea/history/fut_disagg_txt_2026.zip,2026-10-08
cftc_gold_mm_net,2012-11-13,2012-11-16,124930.0,https://www.cftc.gov/files/dea/history/fut_disagg_txt_2026.zip,2026-10-08
cftc_gold_mm_net,2012-11-20,2012-11-23,135939.0,https://www.cftc.gov/files/dea/history/fut_disagg_txt_2026.zip,2026-10-08
cftc_gold_mm_net,2012-11-27,2012-11-30,152307.0,https://www.cftc.gov/files/dea/history/fut_disagg_txt_2026.zip,2026-10-08
cftc_gold_mm_net,2012-12-04,2012-12-07,118745.0,https://www.cftc.gov/files/dea/history/fut_disagg_txt_2026.zip,2026-10-08
cftc_gold_mm_net,2012-12-11,2012-12-14,119655.0,https://www.cftc.gov/files/dea/history/fut_disagg_txt_2026.zip,2026-10-08
cftc_gold_mm_net,2012-12-18,2012-12-21,108031.0,https://www.cftc.gov/files/dea/history/fut_disagg_txt_2026.zip,2026-10-08
cftc_gold_mm_net,2012-12-24,2012-12-27,98894.0,https://www.cftc.gov/files/dea/history/fut_disagg_txt_2026.zip,2026-10-08
cftc_gold_mm_net,2012-12-31,2013-01-03,97119.0,https://www.cftc.gov/files/dea/history/fut_disagg_txt_2026.zip,2026-10-08
cftc_gold_mm_net,2013-01-08,2013-01-11,87349.0,https://www.cftc.gov/files/dea/history/fut_disagg_txt_2026.zip,2026-10-08
cftc_gold_mm_net,2013-01-15,2013-01-18,91104.0,https://www.cftc.gov/files/dea/history/fut_disagg_txt_2026.zip,2026-10-08
cftc_gold_mm_net,2013-01-22,2013-01-25,97897.0,https://www.cftc.gov/files/dea/history/fut_disagg_txt_2026.zip,2026-10-08
cftc_gold_mm_net,2013-01-29,2013-02-01,76501.0,https://www.cftc.gov/files/dea/history/fut_disagg_txt_2026.zip,2026-10-08
cftc_gold_mm_net,2013-02-05,2013-02-08,78548.0,https://www.cftc.gov/files/dea/history/fut_disagg_txt_2026.zip,2026-10-08
cftc_gold_mm_net,2013-02-12,2013-02-15,66582.0,https://www.cftc.gov/files/dea/history/fut_disagg_txt_2026.zip,2026-10-08
cftc_gold_mm_net,2013-02-19,2013-02-22,42810.0,https://www.cftc.gov/files/dea/history/fut_disagg_txt_2026.zip,2026-10-08
cftc_gold_mm_net,2013-02-26,2013-03-01,50853.0,https://www.cftc.gov/files/dea/history/fut_disagg_txt_2026.zip,2026-10-08
cftc_gold_mm_net,2013-03-05,2013-03-08,41170.0,https://www.cftc.gov/files/dea/history/fut_disagg_txt_2026.zip,2026-10-08
cftc_gold_mm_net,2013-03-12,2013-03-15,44324.0,https://www.cftc.gov/files/dea/history/fut_disagg_txt_2026.zip,2026-10-08
cftc_gold_mm_net,2013-03-19,2013-03-22,64779.0,https://www.cftc.gov/files/dea/history/fut_disagg_txt_2026.zip,2026-10-08
cftc_gold_mm_net,2013-03-26,2013-03-29,55935.0,https://www.cftc.gov/files/dea/history/fut_disagg_txt_2026.zip,2026-10-08
cftc_gold_mm_net,2013-04-02,2013-04-05,44196.0,https://www.cftc.gov/files/dea/history/fut_disagg_txt_2026.zip,2026-10-08
cftc_gold_mm_net,2013-04-09,2013-04-12,49987.0,https://www.cftc.gov/files/dea/history/fut_disagg_txt_2026.zip,2026-10-08
cftc_gold_mm_net,2013-04-16,2013-04-19,68662.0,https://www.cftc.gov/files/dea/history/fut_disagg_txt_2026.zip,2026-10-08
cftc_gold_mm_net,2013-04-23,2013-04-26,52919.0,https://www.cftc.gov/files/dea/history/fut_disagg_txt_2026.zip,2026-10-08
cftc_gold_mm_net,2013-04-30,2013-05-03,51591.0,https://www.cftc.gov/files/dea/history/fut_disagg_txt_2026.zip,2026-10-08
cftc_gold_mm_net,2013-05-07,2013-05-10,48533.0,https://www.cftc.gov/files/dea/history/fut_disagg_txt_2026.zip,2026-10-08
cftc_gold_mm_net,2013-05-14,2013-05-17,39384.0,https://www.cftc.gov/files/dea/history/fut_disagg_txt_2026.zip,2026-10-08
cftc_gold_mm_net,2013-05-21,2013-05-24,36358.0,https://www.cftc.gov/files/dea/history/fut_disagg_txt_2026.zip,2026-10-08
cftc_gold_mm_net,2013-05-28,2013-05-31,47037.0,https://www.cftc.gov/files/dea/history/fut_disagg_txt_2026.zip,2026-10-08
cftc_gold_mm_net,2013-06-04,2013-06-07,53588.0,https://www.cftc.gov/files/dea/history/fut_disagg_txt_2026.zip,2026-10-08
cftc_gold_mm_net,2013-06-11,2013-06-14,55318.0,https://www.cftc.gov/files/dea/history/fut_disagg_txt_2026.zip,2026-10-08
cftc_gold_mm_net,2013-06-18,2013-06-21,39253.0,https://www.cftc.gov/files/dea/history/fut_disagg_txt_2026.zip,2026-10-08
cftc_gold_mm_net,2013-06-25,2013-06-28,30289.0,https://www.cftc.gov/files/dea/history/fut_disagg_txt_2026.zip,2026-10-08
cftc_gold_mm_net,2013-07-02,2013-07-05,21384.0,https://www.cftc.gov/files/dea/history/fut_disagg_txt_2026.zip,2026-10-08
cftc_gold_mm_net,2013-07-09,2013-07-12,23882.0,https://www.cftc.gov/files/dea/history/fut_disagg_txt_2026.zip,2026-10-08
cftc_gold_mm_net,2013-07-16,2013-07-19,41841.0,https://www.cftc.gov/files/dea/history/fut_disagg_txt_2026.zip,2026-10-08
cftc_gold_mm_net,2013-07-23,2013-07-26,55354.0,https://www.cftc.gov/files/dea/history/fut_disagg_txt_2026.zip,2026-10-08
cftc_gold_mm_net,2013-07-30,2013-08-02,52029.0,https://www.cftc.gov/files/dea/history/fut_disagg_txt_2026.zip,2026-10-08
cftc_gold_mm_net,2013-08-06,2013-08-09,34744.0,https://www.cftc.gov/files/dea/history/fut_disagg_txt_2026.zip,2026-10-08
cftc_gold_mm_net,2013-08-13,2013-08-16,37988.0,https://www.cftc.gov/files/dea/history/fut_disagg_txt_2026.zip,2026-10-08
cftc_gold_mm_net,2013-08-20,2013-08-23,48416.0,https://www.cftc.gov/files/dea/history/fut_disagg_txt_2026.zip,2026-10-08
cftc_gold_mm_net,2013-08-27,2013-08-30,70389.0,https://www.cftc.gov/files/dea/history/fut_disagg_txt_2026.zip,2026-10-08
cftc_gold_mm_net,2013-09-03,2013-09-06,75400.0,https://www.cftc.gov/files/dea/history/fut_disagg_txt_2026.zip,2026-10-08
cftc_gold_mm_net,2013-09-10,2013-09-13,64780.0,https://www.cftc.gov/files/dea/history/fut_disagg_txt_2026.zip,2026-10-08
cftc_gold_mm_net,2013-09-17,2013-09-20,54780.0,https://www.cftc.gov/files/dea/history/fut_disagg_txt_2026.zip,2026-10-08
cftc_gold_mm_net,2013-09-24,2013-09-27,64012.0,https://www.cftc.gov/files/dea/history/fut_disagg_txt_2026.zip,2026-10-08
cftc_gold_mm_net,2013-10-01,2013-10-04,61383.0,https://www.cftc.gov/files/dea/history/fut_disagg_txt_2026.zip,2026-10-08
cftc_gold_mm_net,2013-10-08,2013-10-11,71556.0,https://www.cftc.gov/files/dea/history/fut_disagg_txt_2026.zip,2026-10-08
cftc_gold_mm_net,2013-10-15,2013-10-18,52790.0,https://www.cftc.gov/files/dea/history/fut_disagg_txt_2026.zip,2026-10-08
cftc_gold_mm_net,2013-10-22,2013-10-25,66598.0,https://www.cftc.gov/files/dea/history/fut_disagg_txt_2026.zip,2026-10-08
cftc_gold_mm_net,2013-10-29,2013-11-01,88403.0,https://www.cftc.gov/files/dea/history/fut_disagg_txt_2026.zip,2026-10-08
cftc_gold_mm_net,2013-11-05,2013-11-08,78084.0,https://www.cftc.gov/files/dea/history/fut_disagg_txt_2026.zip,2026-10-08
cftc_gold_mm_net,2013-11-12,2013-11-15,46107.0,https://www.cftc.gov/files/dea/history/fut_disagg_txt_2026.zip,2026-10-08
cftc_gold_mm_net,2013-11-19,2013-11-22,34531.0,https://www.cftc.gov/files/dea/history/fut_disagg_txt_2026.zip,2026-10-08
cftc_gold_mm_net,2013-11-26,2013-11-29,15961.0,https://www.cftc.gov/files/dea/history/fut_disagg_txt_2026.zip,2026-10-08
cftc_gold_mm_net,2013-12-03,2013-12-06,9941.0,https://www.cftc.gov/files/dea/history/fut_disagg_txt_2026.zip,2026-10-08
cftc_gold_mm_net,2013-12-10,2013-12-13,15803.0,https://www.cftc.gov/files/dea/history/fut_disagg_txt_2026.zip,2026-10-08
cftc_gold_mm_net,2013-12-17,2013-12-20,13762.0,https://www.cftc.gov/files/dea/history/fut_disagg_txt_2026.zip,2026-10-08
cftc_gold_mm_net,2013-12-24,2013-12-27,11193.0,https://www.cftc.gov/files/dea/history/fut_disagg_txt_2026.zip,2026-10-08
cftc_gold_mm_net,2013-12-31,2014-01-03,17725.0,https://www.cftc.gov/files/dea/history/fut_disagg_txt_2026.zip,2026-10-08
cftc_gold_mm_net,2014-01-07,2014-01-10,24238.0,https://www.cftc.gov/files/dea/history/fut_disagg_txt_2026.zip,2026-10-08
cftc_gold_mm_net,2014-01-14,2014-01-17,28270.0,https://www.cftc.gov/files/dea/history/fut_disagg_txt_2026.zip,2026-10-08
cftc_gold_mm_net,2014-01-21,2014-01-24,30217.0,https://www.cftc.gov/files/dea/history/fut_disagg_txt_2026.zip,2026-10-08
cftc_gold_mm_net,2014-01-28,2014-01-31,47238.0,https://www.cftc.gov/files/dea/history/fut_disagg_txt_2026.zip,2026-10-08
cftc_gold_mm_net,2014-02-04,2014-02-07,43652.0,https://www.cftc.gov/files/dea/history/fut_disagg_txt_2026.zip,2026-10-08
cftc_gold_mm_net,2014-02-11,2014-02-14,52086.0,https://www.cftc.gov/files/dea/history/fut_disagg_txt_2026.zip,2026-10-08
cftc_gold_mm_net,2014-02-18,2014-02-21,68770.0,https://www.cftc.gov/files/dea/history/fut_disagg_txt_2026.zip,2026-10-08
cftc_gold_mm_net,2014-02-25,2014-02-28,96256.0,https://www.cftc.gov/files/dea/history/fut_disagg_txt_2026.zip,2026-10-08
cftc_gold_mm_net,2014-03-04,2014-03-07,101167.0,https://www.cftc.gov/files/dea/history/fut_disagg_txt_2026.zip,2026-10-08
cftc_gold_mm_net,2014-03-11,2014-03-14,106031.0,https://www.cftc.gov/files/dea/history/fut_disagg_txt_2026.zip,2026-10-08
cftc_gold_mm_net,2014-03-18,2014-03-21,121063.0,https://www.cftc.gov/files/dea/history/fut_disagg_txt_2026.zip,2026-10-08
cftc_gold_mm_net,2014-03-25,2014-03-28,107013.0,https://www.cftc.gov/files/dea/history/fut_disagg_txt_2026.zip,2026-10-08
cftc_gold_mm_net,2014-04-01,2014-04-04,91453.0,https://www.cftc.gov/files/dea/history/fut_disagg_txt_2026.zip,2026-10-08
cftc_gold_mm_net,2014-04-08,2014-04-11,81527.0,https://www.cftc.gov/files/dea/history/fut_disagg_txt_2026.zip,2026-10-08
cftc_gold_mm_net,2014-04-15,2014-04-18,72990.0,https://www.cftc.gov/files/dea/history/fut_disagg_txt_2026.zip,2026-10-08
cftc_gold_mm_net,2014-04-22,2014-04-25,77106.0,https://www.cftc.gov/files/dea/history/fut_disagg_txt_2026.zip,2026-10-08
cftc_gold_mm_net,2014-04-29,2014-05-02,77407.0,https://www.cftc.gov/files/dea/history/fut_disagg_txt_2026.zip,2026-10-08
cftc_gold_mm_net,2014-05-06,2014-05-09,90639.0,https://www.cftc.gov/files/dea/history/fut_disagg_txt_2026.zip,2026-10-08
cftc_gold_mm_net,2014-05-13,2014-05-16,82454.0,https://www.cftc.gov/files/dea/history/fut_disagg_txt_2026.zip,2026-10-08
cftc_gold_mm_net,2014-05-20,2014-05-23,81153.0,https://www.cftc.gov/files/dea/history/fut_disagg_txt_2026.zip,2026-10-08
cftc_gold_mm_net,2014-05-27,2014-05-30,57569.0,https://www.cftc.gov/files/dea/history/fut_disagg_txt_2026.zip,2026-10-08
cftc_gold_mm_net,2014-06-03,2014-06-06,38182.0,https://www.cftc.gov/files/dea/history/fut_disagg_txt_2026.zip,2026-10-08
cftc_gold_mm_net,2014-06-10,2014-06-13,38054.0,https://www.cftc.gov/files/dea/history/fut_disagg_txt_2026.zip,2026-10-08
cftc_gold_mm_net,2014-06-17,2014-06-20,53559.0,https://www.cftc.gov/files/dea/history/fut_disagg_txt_2026.zip,2026-10-08
cftc_gold_mm_net,2014-06-24,2014-06-27,99930.0,https://www.cftc.gov/files/dea/history/fut_disagg_txt_2026.zip,2026-10-08
cftc_gold_mm_net,2014-07-01,2014-07-04,125954.0,https://www.cftc.gov/files/dea/history/fut_disagg_txt_2026.zip,2026-10-08
cftc_gold_mm_net,2014-07-08,2014-07-11,133776.0,https://www.cftc.gov/files/dea/history/fut_disagg_txt_2026.zip,2026-10-08
cftc_gold_mm_net,2014-07-15,2014-07-18,122087.0,https://www.cftc.gov/files/dea/history/fut_disagg_txt_2026.zip,2026-10-08
cftc_gold_mm_net,2014-07-22,2014-07-25,125726.0,https://www.cftc.gov/files/dea/history/fut_disagg_txt_2026.zip,2026-10-08
cftc_gold_mm_net,2014-07-29,2014-08-01,108630.0,https://www.cftc.gov/files/dea/history/fut_disagg_txt_2026.zip,2026-10-08
cftc_gold_mm_net,2014-08-05,2014-08-08,90679.0,https://www.cftc.gov/files/dea/history/fut_disagg_txt_2026.zip,2026-10-08
cftc_gold_mm_net,2014-08-12,2014-08-15,116427.0,https://www.cftc.gov/files/dea/history/fut_disagg_txt_2026.zip,2026-10-08
cftc_gold_mm_net,2014-08-19,2014-08-22,103205.0,https://www.cftc.gov/files/dea/history/fut_disagg_txt_2026.zip,2026-10-08
cftc_gold_mm_net,2014-08-26,2014-08-29,81182.0,https://www.cftc.gov/files/dea/history/fut_disagg_txt_2026.zip,2026-10-08
cftc_gold_mm_net,2014-09-02,2014-09-05,62918.0,https://www.cftc.gov/files/dea/history/fut_disagg_txt_2026.zip,2026-10-08
cftc_gold_mm_net,2014-09-09,2014-09-12,60207.0,https://www.cftc.gov/files/dea/history/fut_disagg_txt_2026.zip,2026-10-08
cftc_gold_mm_net,2014-09-16,2014-09-19,40295.0,https://www.cftc.gov/files/dea/history/fut_disagg_txt_2026.zip,2026-10-08
cftc_gold_mm_net,2014-09-23,2014-09-26,30130.0,https://www.cftc.gov/files/dea/history/fut_disagg_txt_2026.zip,2026-10-08
cftc_gold_mm_net,2014-09-30,2014-10-03,30923.0,https://www.cftc.gov/files/dea/history/fut_disagg_txt_2026.zip,2026-10-08
cftc_gold_mm_net,2014-10-07,2014-10-10,29863.0,https://www.cftc.gov/files/dea/history/fut_disagg_txt_2026.zip,2026-10-08
cftc_gold_mm_net,2014-10-14,2014-10-17,42196.0,https://www.cftc.gov/files/dea/history/fut_disagg_txt_2026.zip,2026-10-08
cftc_gold_mm_net,2014-10-21,2014-10-24,62488.0,https://www.cftc.gov/files/dea/history/fut_disagg_txt_2026.zip,2026-10-08
cftc_gold_mm_net,2014-10-28,2014-10-31,60067.0,https://www.cftc.gov/files/dea/history/fut_disagg_txt_2026.zip,2026-10-08
cftc_gold_mm_net,2014-11-04,2014-11-07,38805.0,https://www.cftc.gov/files/dea/history/fut_disagg_txt_2026.zip,2026-10-08
cftc_gold_mm_net,2014-11-11,2014-11-14,30615.0,https://www.cftc.gov/files/dea/history/fut_disagg_txt_2026.zip,2026-10-08
cftc_gold_mm_net,2014-11-18,2014-11-21,48400.0,https://www.cftc.gov/files/dea/history/fut_disagg_txt_2026.zip,2026-10-08
cftc_gold_mm_net,2014-11-25,2014-11-28,54450.0,https://www.cftc.gov/files/dea/history/fut_disagg_txt_2026.zip,2026-10-08
cftc_gold_mm_net,2014-12-02,2014-12-05,68634.0,https://www.cftc.gov/files/dea/history/fut_disagg_txt_2026.zip,2026-10-08
cftc_gold_mm_net,2014-12-09,2014-12-12,90663.0,https://www.cftc.gov/files/dea/history/fut_disagg_txt_2026.zip,2026-10-08
cftc_gold_mm_net,2014-12-16,2014-12-19,91825.0,https://www.cftc.gov/files/dea/history/fut_disagg_txt_2026.zip,2026-10-08
cftc_gold_mm_net,2014-12-23,2014-12-26,82197.0,https://www.cftc.gov/files/dea/history/fut_disagg_txt_2026.zip,2026-10-08
cftc_gold_mm_net,2014-12-30,2015-01-02,87050.0,https://www.cftc.gov/files/dea/history/fut_disagg_txt_2026.zip,2026-10-08
cftc_gold_mm_net,2015-01-06,2015-01-09,94196.0,https://www.cftc.gov/files/dea/history/fut_disagg_txt_2026.zip,2026-10-08
cftc_gold_mm_net,2015-01-13,2015-01-16,101941.0,https://www.cftc.gov/files/dea/history/fut_disagg_txt_2026.zip,2026-10-08
cftc_gold_mm_net,2015-01-20,2015-01-23,129341.0,https://www.cftc.gov/files/dea/history/fut_disagg_txt_2026.zip,2026-10-08
cftc_gold_mm_net,2015-01-27,2015-01-30,153237.0,https://www.cftc.gov/files/dea/history/fut_disagg_txt_2026.zip,2026-10-08
cftc_gold_mm_net,2015-02-03,2015-02-06,148326.0,https://www.cftc.gov/files/dea/history/fut_disagg_txt_2026.zip,2026-10-08
cftc_gold_mm_net,2015-02-10,2015-02-13,119537.0,https://www.cftc.gov/files/dea/history/fut_disagg_txt_2026.zip,2026-10-08
cftc_gold_mm_net,2015-02-17,2015-02-20,95692.0,https://www.cftc.gov/files/dea/history/fut_disagg_txt_2026.zip,2026-10-08
cftc_gold_mm_net,2015-02-24,2015-02-27,89487.0,https://www.cftc.gov/files/dea/history/fut_disagg_txt_2026.zip,2026-10-08
cftc_gold_mm_net,2015-03-03,2015-03-06,72959.0,https://www.cftc.gov/files/dea/history/fut_disagg_txt_2026.zip,2026-10-08
cftc_gold_mm_net,2015-03-10,2015-03-13,48673.0,https://www.cftc.gov/files/dea/history/fut_disagg_txt_2026.zip,2026-10-08
cftc_gold_mm_net,2015-03-17,2015-03-20,19224.0,https://www.cftc.gov/files/dea/history/fut_disagg_txt_2026.zip,2026-10-08
cftc_gold_mm_net,2015-03-24,2015-03-27,11435.0,https://www.cftc.gov/files/dea/history/fut_disagg_txt_2026.zip,2026-10-08
cftc_gold_mm_net,2015-03-31,2015-04-03,36056.0,https://www.cftc.gov/files/dea/history/fut_disagg_txt_2026.zip,2026-10-08
cftc_gold_mm_net,2015-04-07,2015-04-10,55675.0,https://www.cftc.gov/files/dea/history/fut_disagg_txt_2026.zip,2026-10-08
cftc_gold_mm_net,2015-04-14,2015-04-17,48049.0,https://www.cftc.gov/files/dea/history/fut_disagg_txt_2026.zip,2026-10-08
cftc_gold_mm_net,2015-04-21,2015-04-24,48125.0,https://www.cftc.gov/files/dea/history/fut_disagg_txt_2026.zip,2026-10-08
cftc_gold_mm_net,2015-04-28,2015-05-01,50583.0,https://www.cftc.gov/files/dea/history/fut_disagg_txt_2026.zip,2026-10-08
cftc_gold_mm_net,2015-05-05,2015-05-08,22857.0,https://www.cftc.gov/files/dea/history/fut_disagg_txt_2026.zip,2026-10-08
cftc_gold_mm_net,2015-05-12,2015-05-15,27719.0,https://www.cftc.gov/files/dea/history/fut_disagg_txt_2026.zip,2026-10-08
cftc_gold_mm_net,2015-05-19,2015-05-22,78617.0,https://www.cftc.gov/files/dea/history/fut_disagg_txt_2026.zip,2026-10-08
cftc_gold_mm_net,2015-05-26,2015-05-29,66244.0,https://www.cftc.gov/files/dea/history/fut_disagg_txt_2026.zip,2026-10-08
cftc_gold_mm_net,2015-06-02,2015-06-05,61747.0,https://www.cftc.gov/files/dea/history/fut_disagg_txt_2026.zip,2026-10-08
cftc_gold_mm_net,2015-06-09,2015-06-12,37639.0,https://www.cftc.gov/files/dea/history/fut_disagg_txt_2026.zip,2026-10-08
cftc_gold_mm_net,2015-06-16,2015-06-19,34998.0,https://www.cftc.gov/files/dea/history/fut_disagg_txt_2026.zip,2026-10-08
cftc_gold_mm_net,2015-06-23,2015-06-26,39916.0,https://www.cftc.gov/files/dea/history/fut_disagg_txt_2026.zip,2026-10-08
cftc_gold_mm_net,2015-06-30,2015-07-03,15623.0,https://www.cftc.gov/files/dea/history/fut_disagg_txt_2026.zip,2026-10-08
cftc_gold_mm_net,2015-07-07,2015-07-10,2099.0,https://www.cftc.gov/files/dea/history/fut_disagg_txt_2026.zip,2026-10-08
cftc_gold_mm_net,2015-07-14,2015-07-17,-1123.0,https://www.cftc.gov/files/dea/history/fut_disagg_txt_2026.zip,2026-10-08
cftc_gold_mm_net,2015-07-21,2015-07-24,-13556.0,https://www.cftc.gov/files/dea/history/fut_disagg_txt_2026.zip,2026-10-08
cftc_gold_mm_net,2015-07-28,2015-07-31,-14633.0,https://www.cftc.gov/files/dea/history/fut_disagg_txt_2026.zip,2026-10-08
cftc_gold_mm_net,2015-08-04,2015-08-07,-11287.0,https://www.cftc.gov/files/dea/history/fut_disagg_txt_2026.zip,2026-10-08
cftc_gold_mm_net,2015-08-11,2015-08-14,-5430.0,https://www.cftc.gov/files/dea/history/fut_disagg_txt_2026.zip,2026-10-08
cftc_gold_mm_net,2015-08-18,2015-08-21,7917.0,https://www.cftc.gov/files/dea/history/fut_disagg_txt_2026.zip,2026-10-08
cftc_gold_mm_net,2015-08-25,2015-08-28,40614.0,https://www.cftc.gov/files/dea/history/fut_disagg_txt_2026.zip,2026-10-08
cftc_gold_mm_net,2015-09-01,2015-09-04,40597.0,https://www.cftc.gov/files/dea/history/fut_disagg_txt_2026.zip,2026-10-08
cftc_gold_mm_net,2015-09-08,2015-09-11,26825.0,https://www.cftc.gov/files/dea/history/fut_disagg_txt_2026.zip,2026-10-08
cftc_gold_mm_net,2015-09-15,2015-09-18,8807.0,https://www.cftc.gov/files/dea/history/fut_disagg_txt_2026.zip,2026-10-08
cftc_gold_mm_net,2015-09-22,2015-09-25,20829.0,https://www.cftc.gov/files/dea/history/fut_disagg_txt_2026.zip,2026-10-08
cftc_gold_mm_net,2015-09-29,2015-10-02,40564.0,https://www.cftc.gov/files/dea/history/fut_disagg_txt_2026.zip,2026-10-08
cftc_gold_mm_net,2015-10-06,2015-10-09,45838.0,https://www.cftc.gov/files/dea/history/fut_disagg_txt_2026.zip,2026-10-08
cftc_gold_mm_net,2015-10-13,2015-10-16,77213.0,https://www.cftc.gov/files/dea/history/fut_disagg_txt_2026.zip,2026-10-08
cftc_gold_mm_net,2015-10-20,2015-10-23,116344.0,https://www.cftc.gov/files/dea/history/fut_disagg_txt_2026.zip,2026-10-08
cftc_gold_mm_net,2015-10-27,2015-10-30,114092.0,https://www.cftc.gov/files/dea/history/fut_disagg_txt_2026.zip,2026-10-08
cftc_gold_mm_net,2015-11-03,2015-11-06,67207.0,https://www.cftc.gov/files/dea/history/fut_disagg_txt_2026.zip,2026-10-08
cftc_gold_mm_net,2015-11-10,2015-11-13,16869.0,https://www.cftc.gov/files/dea/history/fut_disagg_txt_2026.zip,2026-10-08
cftc_gold_mm_net,2015-11-17,2015-11-20,-13923.0,https://www.cftc.gov/files/dea/history/fut_disagg_txt_2026.zip,2026-10-08
cftc_gold_mm_net,2015-11-24,2015-11-27,-16664.0,https://www.cftc.gov/files/dea/history/fut_disagg_txt_2026.zip,2026-10-08
cftc_gold_mm_net,2015-12-01,2015-12-04,-20566.0,https://www.cftc.gov/files/dea/history/fut_disagg_txt_2026.zip,2026-10-08
cftc_gold_mm_net,2015-12-08,2015-12-11,-17422.0,https://www.cftc.gov/files/dea/history/fut_disagg_txt_2026.zip,2026-10-08
cftc_gold_mm_net,2015-12-15,2015-12-18,-27219.0,https://www.cftc.gov/files/dea/history/fut_disagg_txt_2026.zip,2026-10-08
cftc_gold_mm_net,2015-12-22,2015-12-25,-20062.0,https://www.cftc.gov/files/dea/history/fut_disagg_txt_2026.zip,2026-10-08
cftc_gold_mm_net,2015-12-29,2016-01-01,-27201.0,https://www.cftc.gov/files/dea/history/fut_disagg_txt_2026.zip,2026-10-08
cftc_gold_mm_net,2016-01-05,2016-01-08,-15927.0,https://www.cftc.gov/files/dea/history/fut_disagg_txt_2026.zip,2026-10-08
cftc_gold_mm_net,2016-01-12,2016-01-15,92.0,https://www.cftc.gov/files/dea/history/fut_disagg_txt_2026.zip,2026-10-08
cftc_gold_mm_net,2016-01-19,2016-01-22,439.0,https://www.cftc.gov/files/dea/history/fut_disagg_txt_2026.zip,2026-10-08
cftc_gold_mm_net,2016-01-26,2016-01-29,16803.0,https://www.cftc.gov/files/dea/history/fut_disagg_txt_2026.zip,2026-10-08
cftc_gold_mm_net,2016-02-02,2016-02-05,29036.0,https://www.cftc.gov/files/dea/history/fut_disagg_txt_2026.zip,2026-10-08
cftc_gold_mm_net,2016-02-09,2016-02-12,60636.0,https://www.cftc.gov/files/dea/history/fut_disagg_txt_2026.zip,2026-10-08
cftc_gold_mm_net,2016-02-16,2016-02-19,81013.0,https://www.cftc.gov/files/dea/history/fut_disagg_txt_2026.zip,2026-10-08
cftc_gold_mm_net,2016-02-23,2016-02-26,109097.0,https://www.cftc.gov/files/dea/history/fut_disagg_txt_2026.zip,2026-10-08
cftc_gold_mm_net,2016-03-01,2016-03-04,104370.0,https://www.cftc.gov/files/dea/history/fut_disagg_txt_2026.zip,2026-10-08
cftc_gold_mm_net,2016-03-08,2016-03-11,127427.0,https://www.cftc.gov/files/dea/history/fut_disagg_txt_2026.zip,2026-10-08
cftc_gold_mm_net,2016-03-15,2016-03-18,129777.0,https://www.cftc.gov/files/dea/history/fut_disagg_txt_2026.zip,2026-10-08
cftc_gold_mm_net,2016-03-22,2016-03-25,144899.0,https://www.cftc.gov/files/dea/history/fut_disagg_txt_2026.zip,2026-10-08
cftc_gold_mm_net,2016-03-29,2016-04-01,154205.0,https://www.cftc.gov/files/dea/history/fut_disagg_txt_2026.zip,2026-10-08
cftc_gold_mm_net,2016-04-05,2016-04-08,152758.0,https://www.cftc.gov/files/dea/history/fut_disagg_txt_2026.zip,2026-10-08
cftc_gold_mm_net,2016-04-12,2016-04-15,170634.0,https://www.cftc.gov/files/dea/history/fut_disagg_txt_2026.zip,2026-10-08
cftc_gold_mm_net,2016-04-19,2016-04-22,174107.0,https://www.cftc.gov/files/dea/history/fut_disagg_txt_2026.zip,2026-10-08
cftc_gold_mm_net,2016-04-26,2016-04-29,172050.0,https://www.cftc.gov/files/dea/history/fut_disagg_txt_2026.zip,2026-10-08
cftc_gold_mm_net,2016-05-03,2016-05-06,218895.0,https://www.cftc.gov/files/dea/history/fut_disagg_txt_2026.zip,2026-10-08
cftc_gold_mm_net,2016-05-10,2016-05-13,211191.0,https://www.cftc.gov/files/dea/history/fut_disagg_txt_2026.zip,2026-10-08
cftc_gold_mm_net,2016-05-17,2016-05-20,212441.0,https://www.cftc.gov/files/dea/history/fut_disagg_txt_2026.zip,2026-10-08
cftc_gold_mm_net,2016-05-24,2016-05-27,156461.0,https://www.cftc.gov/files/dea/history/fut_disagg_txt_2026.zip,2026-10-08
cftc_gold_mm_net,2016-05-31,2016-06-03,148611.0,https://www.cftc.gov/files/dea/history/fut_disagg_txt_2026.zip,2026-10-08
cftc_gold_mm_net,2016-06-07,2016-06-10,177366.0,https://www.cftc.gov/files/dea/history/fut_disagg_txt_2026.zip,2026-10-08
cftc_gold_mm_net,2016-06-14,2016-06-17,229240.0,https://www.cftc.gov/files/dea/history/fut_disagg_txt_2026.zip,2026-10-08
cftc_gold_mm_net,2016-06-21,2016-06-24,250408.0,https://www.cftc.gov/files/dea/history/fut_disagg_txt_2026.zip,2026-10-08
cftc_gold_mm_net,2016-06-28,2016-07-01,261050.0,https://www.cftc.gov/files/dea/history/fut_disagg_txt_2026.zip,2026-10-08
cftc_gold_mm_net,2016-07-05,2016-07-08,273076.0,https://www.cftc.gov/files/dea/history/fut_disagg_txt_2026.zip,2026-10-08
cftc_gold_mm_net,2016-07-12,2016-07-15,259129.0,https://www.cftc.gov/files/dea/history/fut_disagg_txt_2026.zip,2026-10-08
cftc_gold_mm_net,2016-07-19,2016-07-22,252397.0,https://www.cftc.gov/files/dea/history/fut_disagg_txt_2026.zip,2026-10-08
cftc_gold_mm_net,2016-07-26,2016-07-29,247421.0,https://www.cftc.gov/files/dea/history/fut_disagg_txt_2026.zip,2026-10-08
cftc_gold_mm_net,2016-08-02,2016-08-05,254729.0,https://www.cftc.gov/files/dea/history/fut_disagg_txt_2026.zip,2026-10-08
cftc_gold_mm_net,2016-08-09,2016-08-12,245252.0,https://www.cftc.gov/files/dea/history/fut_disagg_txt_2026.zip,2026-10-08
cftc_gold_mm_net,2016-08-16,2016-08-19,242727.0,https://www.cftc.gov/files/dea/history/fut_disagg_txt_2026.zip,2026-10-08
cftc_gold_mm_net,2016-08-23,2016-08-26,253684.0,https://www.cftc.gov/files/dea/history/fut_disagg_txt_2026.zip,2026-10-08
cftc_gold_mm_net,2016-08-30,2016-09-02,231594.0,https://www.cftc.gov/files/dea/history/fut_disagg_txt_2026.zip,2026-10-08
cftc_gold_mm_net,2016-09-06,2016-09-09,269535.0,https://www.cftc.gov/files/dea/history/fut_disagg_txt_2026.zip,2026-10-08
cftc_gold_mm_net,2016-09-13,2016-09-16,242977.0,https://www.cftc.gov/files/dea/history/fut_disagg_txt_2026.zip,2026-10-08
cftc_gold_mm_net,2016-09-20,2016-09-23,213147.0,https://www.cftc.gov/files/dea/history/fut_disagg_txt_2026.zip,2026-10-08
cftc_gold_mm_net,2016-09-27,2016-09-30,255177.0,https://www.cftc.gov/files/dea/history/fut_disagg_txt_2026.zip,2026-10-08
cftc_gold_mm_net,2016-10-04,2016-10-07,200116.0,https://www.cftc.gov/files/dea/history/fut_disagg_txt_2026.zip,2026-10-08
cftc_gold_mm_net,2016-10-11,2016-10-14,148793.0,https://www.cftc.gov/files/dea/history/fut_disagg_txt_2026.zip,2026-10-08
cftc_gold_mm_net,2016-10-18,2016-10-21,130954.0,https://www.cftc.gov/files/dea/history/fut_disagg_txt_2026.zip,2026-10-08
cftc_gold_mm_net,2016-10-25,2016-10-28,143910.0,https://www.cftc.gov/files/dea/history/fut_disagg_txt_2026.zip,2026-10-08
cftc_gold_mm_net,2016-11-01,2016-11-04,166267.0,https://www.cftc.gov/files/dea/history/fut_disagg_txt_2026.zip,2026-10-08
cftc_gold_mm_net,2016-11-08,2016-11-11,173637.0,https://www.cftc.gov/files/dea/history/fut_disagg_txt_2026.zip,2026-10-08
cftc_gold_mm_net,2016-11-15,2016-11-18,134680.0,https://www.cftc.gov/files/dea/history/fut_disagg_txt_2026.zip,2026-10-08
cftc_gold_mm_net,2016-11-22,2016-11-25,124389.0,https://www.cftc.gov/files/dea/history/fut_disagg_txt_2026.zip,2026-10-08
cftc_gold_mm_net,2016-11-29,2016-12-02,106941.0,https://www.cftc.gov/files/dea/history/fut_disagg_txt_2026.zip,2026-10-08
cftc_gold_mm_net,2016-12-06,2016-12-09,82318.0,https://www.cftc.gov/files/dea/history/fut_disagg_txt_2026.zip,2026-10-08
cftc_gold_mm_net,2016-12-13,2016-12-16,68718.0,https://www.cftc.gov/files/dea/history/fut_disagg_txt_2026.zip,2026-10-08
cftc_gold_mm_net,2016-12-20,2016-12-23,53805.0,https://www.cftc.gov/files/dea/history/fut_disagg_txt_2026.zip,2026-10-08
cftc_gold_mm_net,2016-12-27,2016-12-30,43366.0,https://www.cftc.gov/files/dea/history/fut_disagg_txt_2026.zip,2026-10-08
cftc_gold_mm_net,2017-01-03,2017-01-06,36557.0,https://www.cftc.gov/files/dea/history/fut_disagg_txt_2026.zip,2026-10-08
cftc_gold_mm_net,2017-01-10,2017-01-13,55679.0,https://www.cftc.gov/files/dea/history/fut_disagg_txt_2026.zip,2026-10-08
cftc_gold_mm_net,2017-01-17,2017-01-20,58635.0,https://www.cftc.gov/files/dea/history/fut_disagg_txt_2026.zip,2026-10-08
cftc_gold_mm_net,2017-01-24,2017-01-27,59754.0,https://www.cftc.gov/files/dea/history/fut_disagg_txt_2026.zip,2026-10-08
cftc_gold_mm_net,2017-01-31,2017-02-03,69837.0,https://www.cftc.gov/files/dea/history/fut_disagg_txt_2026.zip,2026-10-08
cftc_gold_mm_net,2017-02-07,2017-02-10,70149.0,https://www.cftc.gov/files/dea/history/fut_disagg_txt_2026.zip,2026-10-08
cftc_gold_mm_net,2017-02-14,2017-02-17,63625.0,https://www.cftc.gov/files/dea/history/fut_disagg_txt_2026.zip,2026-10-08
cftc_gold_mm_net,2017-02-21,2017-02-24,78042.0,https://www.cftc.gov/files/dea/history/fut_disagg_txt_2026.zip,2026-10-08
cftc_gold_mm_net,2017-02-28,2017-03-03,114246.0,https://www.cftc.gov/files/dea/history/fut_disagg_txt_2026.zip,2026-10-08
cftc_gold_mm_net,2017-03-07,2017-03-10,90247.0,https://www.cftc.gov/files/dea/history/fut_disagg_txt_2026.zip,2026-10-08
cftc_gold_mm_net,2017-03-14,2017-03-17,46374.0,https://www.cftc.gov/files/dea/history/fut_disagg_txt_2026.zip,2026-10-08
cftc_gold_mm_net,2017-03-21,2017-03-24,56195.0,https://www.cftc.gov/files/dea/history/fut_disagg_txt_2026.zip,2026-10-08
cftc_gold_mm_net,2017-03-28,2017-03-31,91043.0,https://www.cftc.gov/files/dea/history/fut_disagg_txt_2026.zip,2026-10-08
cftc_gold_mm_net,2017-04-04,2017-04-07,109126.0,https://www.cftc.gov/files/dea/history/fut_disagg_txt_2026.zip,2026-10-08
cftc_gold_mm_net,2017-04-11,2017-04-14,133011.0,https://www.cftc.gov/files/dea/history/fut_disagg_txt_2026.zip,2026-10-08
cftc_gold_mm_net,2017-04-18,2017-04-21,151236.0,https://www.cftc.gov/files/dea/history/fut_disagg_txt_2026.zip,2026-10-08
cftc_gold_mm_net,2017-04-25,2017-04-28,160380.0,https://www.cftc.gov/files/dea/history/fut_disagg_txt_2026.zip,2026-10-08
cftc_gold_mm_net,2017-05-02,2017-05-05,143611.0,https://www.cftc.gov/files/dea/history/fut_disagg_txt_2026.zip,2026-10-08
cftc_gold_mm_net,2017-05-09,2017-05-12,95962.0,https://www.cftc.gov/files/dea/history/fut_disagg_txt_2026.zip,2026-10-08
cftc_gold_mm_net,2017-05-16,2017-05-19,65868.0,https://www.cftc.gov/files/dea/history/fut_disagg_txt_2026.zip,2026-10-08
cftc_gold_mm_net,2017-05-23,2017-05-26,111048.0,https://www.cftc.gov/files/dea/history/fut_disagg_txt_2026.zip,2026-10-08
cftc_gold_mm_net,2017-05-30,2017-06-02,124133.0,https://www.cftc.gov/files/dea/history/fut_disagg_txt_2026.zip,2026-10-08
cftc_gold_mm_net,2017-06-06,2017-06-09,166049.0,https://www.cftc.gov/files/dea/history/fut_disagg_txt_2026.zip,2026-10-08
cftc_gold_mm_net,2017-06-13,2017-06-16,147496.0,https://www.cftc.gov/files/dea/history/fut_disagg_txt_2026.zip,2026-10-08
cftc_gold_mm_net,2017-06-20,2017-06-23,99376.0,https://www.cftc.gov/files/dea/history/fut_disagg_txt_2026.zip,2026-10-08
cftc_gold_mm_net,2017-06-27,2017-06-30,72655.0,https://www.cftc.gov/files/dea/history/fut_disagg_txt_2026.zip,2026-10-08
cftc_gold_mm_net,2017-07-03,2017-07-06,33689.0,https://www.cftc.gov/files/dea/history/fut_disagg_txt_2026.zip,2026-10-08
cftc_gold_mm_net,2017-07-11,2017-07-14,23222.0,https://www.cftc.gov/files/dea/history/fut_disagg_txt_2026.zip,2026-10-08
cftc_gold_mm_net,2017-07-18,2017-07-21,28913.0,https://www.cftc.gov/files/dea/history/fut_disagg_txt_2026.zip,2026-10-08
cftc_gold_mm_net,2017-07-25,2017-07-28,73624.0,https://www.cftc.gov/files/dea/history/fut_disagg_txt_2026.zip,2026-10-08
cftc_gold_mm_net,2017-08-01,2017-08-04,118458.0,https://www.cftc.gov/files/dea/history/fut_disagg_txt_2026.zip,2026-10-08
cftc_gold_mm_net,2017-08-08,2017-08-11,135985.0,https://www.cftc.gov/files/dea/history/fut_disagg_txt_2026.zip,2026-10-08
cftc_gold_mm_net,2017-08-15,2017-08-18,176556.0,https://www.cftc.gov/files/dea/history/fut_disagg_txt_2026.zip,2026-10-08
cftc_gold_mm_net,2017-08-22,2017-08-25,194079.0,https://www.cftc.gov/files/dea/history/fut_disagg_txt_2026.zip,2026-10-08
cftc_gold_mm_net,2017-08-29,2017-09-01,221126.0,https://www.cftc.gov/files/dea/history/fut_disagg_txt_2026.zip,2026-10-08
cftc_gold_mm_net,2017-09-05,2017-09-08,237188.0,https://www.cftc.gov/files/dea/history/fut_disagg_txt_2026.zip,2026-10-08
cftc_gold_mm_net,2017-09-12,2017-09-15,253517.0,https://www.cftc.gov/files/dea/history/fut_disagg_txt_2026.zip,2026-10-08
cftc_gold_mm_net,2017-09-19,2017-09-22,233382.0,https://www.cftc.gov/files/dea/history/fut_disagg_txt_2026.zip,2026-10-08
cftc_gold_mm_net,2017-09-26,2017-09-29,195976.0,https://www.cftc.gov/files/dea/history/fut_disagg_txt_2026.zip,2026-10-08
cftc_gold_mm_net,2017-10-03,2017-10-06,179444.0,https://www.cftc.gov/files/dea/history/fut_disagg_txt_2026.zip,2026-10-08
cftc_gold_mm_net,2017-10-10,2017-10-13,171330.0,https://www.cftc.gov/files/dea/history/fut_disagg_txt_2026.zip,2026-10-08
cftc_gold_mm_net,2017-10-17,2017-10-20,169515.0,https://www.cftc.gov/files/dea/history/fut_disagg_txt_2026.zip,2026-10-08
cftc_gold_mm_net,2017-10-24,2017-10-27,168368.0,https://www.cftc.gov/files/dea/history/fut_disagg_txt_2026.zip,2026-10-08
cftc_gold_mm_net,2017-10-31,2017-11-03,165965.0,https://www.cftc.gov/files/dea/history/fut_disagg_txt_2026.zip,2026-10-08
cftc_gold_mm_net,2017-11-07,2017-11-10,170712.0,https://www.cftc.gov/files/dea/history/fut_disagg_txt_2026.zip,2026-10-08
cftc_gold_mm_net,2017-11-14,2017-11-17,176098.0,https://www.cftc.gov/files/dea/history/fut_disagg_txt_2026.zip,2026-10-08
cftc_gold_mm_net,2017-11-21,2017-11-24,173155.0,https://www.cftc.gov/files/dea/history/fut_disagg_txt_2026.zip,2026-10-08
cftc_gold_mm_net,2017-11-28,2017-12-01,198540.0,https://www.cftc.gov/files/dea/history/fut_disagg_txt_2026.zip,2026-10-08
cftc_gold_mm_net,2017-12-05,2017-12-08,134510.0,https://www.cftc.gov/files/dea/history/fut_disagg_txt_2026.zip,2026-10-08
cftc_gold_mm_net,2017-12-12,2017-12-15,76226.0,https://www.cftc.gov/files/dea/history/fut_disagg_txt_2026.zip,2026-10-08
cftc_gold_mm_net,2017-12-19,2017-12-22,81245.0,https://www.cftc.gov/files/dea/history/fut_disagg_txt_2026.zip,2026-10-08
cftc_gold_mm_net,2017-12-26,2017-12-29,107758.0,https://www.cftc.gov/files/dea/history/fut_disagg_txt_2026.zip,2026-10-08
cftc_gold_mm_net,2018-01-02,2018-01-05,148174.0,https://www.cftc.gov/files/dea/history/fut_disagg_txt_2026.zip,2026-10-08
cftc_gold_mm_net,2018-01-09,2018-01-12,196050.0,https://www.cftc.gov/files/dea/history/fut_disagg_txt_2026.zip,2026-10-08
cftc_gold_mm_net,2018-01-16,2018-01-19,201532.0,https://www.cftc.gov/files/dea/history/fut_disagg_txt_2026.zip,2026-10-08
cftc_gold_mm_net,2018-01-23,2018-01-26,209536.0,https://www.cftc.gov/files/dea/history/fut_disagg_txt_2026.zip,2026-10-08
cftc_gold_mm_net,2018-01-30,2018-02-02,207562.0,https://www.cftc.gov/files/dea/history/fut_disagg_txt_2026.zip,2026-10-08
cftc_gold_mm_net,2018-02-06,2018-02-09,182929.0,https://www.cftc.gov/files/dea/history/fut_disagg_txt_2026.zip,2026-10-08
cftc_gold_mm_net,2018-02-13,2018-02-16,169757.0,https://www.cftc.gov/files/dea/history/fut_disagg_txt_2026.zip,2026-10-08
cftc_gold_mm_net,2018-02-20,2018-02-23,175455.0,https://www.cftc.gov/files/dea/history/fut_disagg_txt_2026.zip,2026-10-08
cftc_gold_mm_net,2018-02-27,2018-03-02,150019.0,https://www.cftc.gov/files/dea/history/fut_disagg_txt_2026.zip,2026-10-08
cftc_gold_mm_net,2018-03-06,2018-03-09,150706.0,https://www.cftc.gov/files/dea/history/fut_disagg_txt_2026.zip,2026-10-08
cftc_gold_mm_net,2018-03-13,2018-03-16,135865.0,https://www.cftc.gov/files/dea/history/fut_disagg_txt_2026.zip,2026-10-08
cftc_gold_mm_net,2018-03-20,2018-03-23,111807.0,https://www.cftc.gov/files/dea/history/fut_disagg_txt_2026.zip,2026-10-08
cftc_gold_mm_net,2018-03-27,2018-03-30,162163.0,https://www.cftc.gov/files/dea/history/fut_disagg_txt_2026.zip,2026-10-08
cftc_gold_mm_net,2018-04-03,2018-04-06,126642.0,https://www.cftc.gov/files/dea/history/fut_disagg_txt_2026.zip,2026-10-08
cftc_gold_mm_net,2018-04-10,2018-04-13,125562.0,https://www.cftc.gov/files/dea/history/fut_disagg_txt_2026.zip,2026-10-08
cftc_gold_mm_net,2018-04-17,2018-04-20,132638.0,https://www.cftc.gov/files/dea/history/fut_disagg_txt_2026.zip,2026-10-08
cftc_gold_mm_net,2018-04-24,2018-04-27,99661.0,https://www.cftc.gov/files/dea/history/fut_disagg_txt_2026.zip,2026-10-08
cftc_gold_mm_net,2018-05-01,2018-05-04,39317.0,https://www.cftc.gov/files/dea/history/fut_disagg_txt_2026.zip,2026-10-08
cftc_gold_mm_net,2018-05-08,2018-05-11,41639.0,https://www.cftc.gov/files/dea/history/fut_disagg_txt_2026.zip,2026-10-08
cftc_gold_mm_net,2018-05-15,2018-05-18,18998.0,https://www.cftc.gov/files/dea/history/fut_disagg_txt_2026.zip,2026-10-08
cftc_gold_mm_net,2018-05-22,2018-05-25,16531.0,https://www.cftc.gov/files/dea/history/fut_disagg_txt_2026.zip,2026-10-08
cftc_gold_mm_net,2018-05-29,2018-06-01,54001.0,https://www.cftc.gov/files/dea/history/fut_disagg_txt_2026.zip,2026-10-08
cftc_gold_mm_net,2018-06-05,2018-06-08,50880.0,https://www.cftc.gov/files/dea/history/fut_disagg_txt_2026.zip,2026-10-08
cftc_gold_mm_net,2018-06-12,2018-06-15,55504.0,https://www.cftc.gov/files/dea/history/fut_disagg_txt_2026.zip,2026-10-08
cftc_gold_mm_net,2018-06-19,2018-06-22,10528.0,https://www.cftc.gov/files/dea/history/fut_disagg_txt_2026.zip,2026-10-08
cftc_gold_mm_net,2018-06-26,2018-06-29,-24.0,https://www.cftc.gov/files/dea/history/fut_disagg_txt_2026.zip,2026-10-08
cftc_gold_mm_net,2018-07-03,2018-07-06,-1254.0,https://www.cftc.gov/files/dea/history/fut_disagg_txt_2026.zip,2026-10-08
cftc_gold_mm_net,2018-07-10,2018-07-13,-2527.0,https://www.cftc.gov/files/dea/history/fut_disagg_txt_2026.zip,2026-10-08
cftc_gold_mm_net,2018-07-17,2018-07-20,-26449.0,https://www.cftc.gov/files/dea/history/fut_disagg_txt_2026.zip,2026-10-08
cftc_gold_mm_net,2018-07-24,2018-07-27,-36422.0,https://www.cftc.gov/files/dea/history/fut_disagg_txt_2026.zip,2026-10-08
cftc_gold_mm_net,2018-07-31,2018-08-03,-42528.0,https://www.cftc.gov/files/dea/history/fut_disagg_txt_2026.zip,2026-10-08
cftc_gold_mm_net,2018-08-07,2018-08-10,-66116.0,https://www.cftc.gov/files/dea/history/fut_disagg_txt_2026.zip,2026-10-08
cftc_gold_mm_net,2018-08-14,2018-08-17,-83324.0,https://www.cftc.gov/files/dea/history/fut_disagg_txt_2026.zip,2026-10-08
cftc_gold_mm_net,2018-08-21,2018-08-24,-90028.0,https://www.cftc.gov/files/dea/history/fut_disagg_txt_2026.zip,2026-10-08
cftc_gold_mm_net,2018-08-28,2018-08-31,-75772.0,https://www.cftc.gov/files/dea/history/fut_disagg_txt_2026.zip,2026-10-08
cftc_gold_mm_net,2018-09-04,2018-09-07,-82722.0,https://www.cftc.gov/files/dea/history/fut_disagg_txt_2026.zip,2026-10-08
cftc_gold_mm_net,2018-09-11,2018-09-14,-75219.0,https://www.cftc.gov/files/dea/history/fut_disagg_txt_2026.zip,2026-10-08
cftc_gold_mm_net,2018-09-18,2018-09-21,-82463.0,https://www.cftc.gov/files/dea/history/fut_disagg_txt_2026.zip,2026-10-08
cftc_gold_mm_net,2018-09-25,2018-09-28,-83677.0,https://www.cftc.gov/files/dea/history/fut_disagg_txt_2026.zip,2026-10-08
cftc_gold_mm_net,2018-10-02,2018-10-05,-79603.0,https://www.cftc.gov/files/dea/history/fut_disagg_txt_2026.zip,2026-10-08
cftc_gold_mm_net,2018-10-09,2018-10-12,-109454.0,https://www.cftc.gov/files/dea/history/fut_disagg_txt_2026.zip,2026-10-08
cftc_gold_mm_net,2018-10-16,2018-10-19,-49382.0,https://www.cftc.gov/files/dea/history/fut_disagg_txt_2026.zip,2026-10-08
cftc_gold_mm_net,2018-10-23,2018-10-26,-38116.0,https://www.cftc.gov/files/dea/history/fut_disagg_txt_2026.zip,2026-10-08
cftc_gold_mm_net,2018-10-30,2018-11-02,-55523.0,https://www.cftc.gov/files/dea/history/fut_disagg_txt_2026.zip,2026-10-08
cftc_gold_mm_net,2018-11-06,2018-11-09,-47446.0,https://www.cftc.gov/files/dea/history/fut_disagg_txt_2026.zip,2026-10-08
cftc_gold_mm_net,2018-11-13,2018-11-16,-79194.0,https://www.cftc.gov/files/dea/history/fut_disagg_txt_2026.zip,2026-10-08
cftc_gold_mm_net,2018-11-20,2018-11-23,-51851.0,https://www.cftc.gov/files/dea/history/fut_disagg_txt_2026.zip,2026-10-08
cftc_gold_mm_net,2018-11-27,2018-11-30,-58390.0,https://www.cftc.gov/files/dea/history/fut_disagg_txt_2026.zip,2026-10-08
cftc_gold_mm_net,2018-12-04,2018-12-07,-9787.0,https://www.cftc.gov/files/dea/history/fut_disagg_txt_2026.zip,2026-10-08
cftc_gold_mm_net,2018-12-11,2018-12-14,-66.0,https://www.cftc.gov/files/dea/history/fut_disagg_txt_2026.zip,2026-10-08
cftc_gold_mm_net,2018-12-18,2018-12-21,11198.0,https://www.cftc.gov/files/dea/history/fut_disagg_txt_2026.zip,2026-10-08
cftc_gold_mm_net,2018-12-24,2018-12-27,41968.0,https://www.cftc.gov/files/dea/history/fut_disagg_txt_2026.zip,2026-10-08
cftc_gold_mm_net,2018-12-31,2019-01-03,50184.0,https://www.cftc.gov/files/dea/history/fut_disagg_txt_2026.zip,2026-10-08
cftc_gold_mm_net,2019-01-08,2019-01-11,32471.0,https://www.cftc.gov/files/dea/history/fut_disagg_txt_2026.zip,2026-10-08
cftc_gold_mm_net,2019-01-15,2019-01-18,24935.0,https://www.cftc.gov/files/dea/history/fut_disagg_txt_2026.zip,2026-10-08
cftc_gold_mm_net,2019-01-22,2019-01-25,16210.0,https://www.cftc.gov/files/dea/history/fut_disagg_txt_2026.zip,2026-10-08
cftc_gold_mm_net,2019-01-29,2019-02-01,32397.0,https://www.cftc.gov/files/dea/history/fut_disagg_txt_2026.zip,2026-10-08
cftc_gold_mm_net,2019-02-05,2019-02-08,44875.0,https://www.cftc.gov/files/dea/history/fut_disagg_txt_2026.zip,2026-10-08
cftc_gold_mm_net,2019-02-12,2019-02-15,42619.0,https://www.cftc.gov/files/dea/history/fut_disagg_txt_2026.zip,2026-10-08
cftc_gold_mm_net,2019-02-19,2019-02-22,82377.0,https://www.cftc.gov/files/dea/history/fut_disagg_txt_2026.zip,2026-10-08
cftc_gold_mm_net,2019-02-26,2019-03-01,78559.0,https://www.cftc.gov/files/dea/history/fut_disagg_txt_2026.zip,2026-10-08
cftc_gold_mm_net,2019-03-05,2019-03-08,31247.0,https://www.cftc.gov/files/dea/history/fut_disagg_txt_2026.zip,2026-10-08
cftc_gold_mm_net,2019-03-12,2019-03-15,17407.0,https://www.cftc.gov/files/dea/history/fut_disagg_txt_2026.zip,2026-10-08
cftc_gold_mm_net,2019-03-19,2019-03-22,30475.0,https://www.cftc.gov/files/dea/history/fut_disagg_txt_2026.zip,2026-10-08
cftc_gold_mm_net,2019-03-26,2019-03-29,57987.0,https://www.cftc.gov/files/dea/history/fut_disagg_txt_2026.zip,2026-10-08
cftc_gold_mm_net,2019-04-02,2019-04-05,24618.0,https://www.cftc.gov/files/dea/history/fut_disagg_txt_2026.zip,2026-10-08
cftc_gold_mm_net,2019-04-09,2019-04-12,37037.0,https://www.cftc.gov/files/dea/history/fut_disagg_txt_2026.zip,2026-10-08
cftc_gold_mm_net,2019-04-16,2019-04-19,-15387.0,https://www.cftc.gov/files/dea/history/fut_disagg_txt_2026.zip,2026-10-08
cftc_gold_mm_net,2019-04-23,2019-04-26,-33829.0,https://www.cftc.gov/files/dea/history/fut_disagg_txt_2026.zip,2026-10-08
cftc_gold_mm_net,2019-04-30,2019-05-03,76.0,https://www.cftc.gov/files/dea/history/fut_disagg_txt_2026.zip,2026-10-08
cftc_gold_mm_net,2019-05-07,2019-05-10,9547.0,https://www.cftc.gov/files/dea/history/fut_disagg_txt_2026.zip,2026-10-08
cftc_gold_mm_net,2019-05-14,2019-05-17,52546.0,https://www.cftc.gov/files/dea/history/fut_disagg_txt_2026.zip,2026-10-08
cftc_gold_mm_net,2019-05-21,2019-05-24,15937.0,https://www.cftc.gov/files/dea/history/fut_disagg_txt_2026.zip,2026-10-08
cftc_gold_mm_net,2019-05-28,2019-05-31,26274.0,https://www.cftc.gov/files/dea/history/fut_disagg_txt_2026.zip,2026-10-08
cftc_gold_mm_net,2019-06-04,2019-06-07,96182.0,https://www.cftc.gov/files/dea/history/fut_disagg_txt_2026.zip,2026-10-08
cftc_gold_mm_net,2019-06-11,2019-06-14,129160.0,https://www.cftc.gov/files/dea/history/fut_disagg_txt_2026.zip,2026-10-08
cftc_gold_mm_net,2019-06-18,2019-06-21,150516.0,https://www.cftc.gov/files/dea/history/fut_disagg_txt_2026.zip,2026-10-08
cftc_gold_mm_net,2019-06-25,2019-06-28,177741.0,https://www.cftc.gov/files/dea/history/fut_disagg_txt_2026.zip,2026-10-08
cftc_gold_mm_net,2019-07-02,2019-07-05,194087.0,https://www.cftc.gov/files/dea/history/fut_disagg_txt_2026.zip,2026-10-08
cftc_gold_mm_net,2019-07-09,2019-07-12,182611.0,https://www.cftc.gov/files/dea/history/fut_disagg_txt_2026.zip,2026-10-08
cftc_gold_mm_net,2019-07-16,2019-07-19,180059.0,https://www.cftc.gov/files/dea/history/fut_disagg_txt_2026.zip,2026-10-08
cftc_gold_mm_net,2019-07-23,2019-07-26,178173.0,https://www.cftc.gov/files/dea/history/fut_disagg_txt_2026.zip,2026-10-08
cftc_gold_mm_net,2019-07-30,2019-08-02,185713.0,https://www.cftc.gov/files/dea/history/fut_disagg_txt_2026.zip,2026-10-08
cftc_gold_mm_net,2019-08-06,2019-08-09,226833.0,https://www.cftc.gov/files/dea/history/fut_disagg_txt_2026.zip,2026-10-08
cftc_gold_mm_net,2019-08-13,2019-08-16,223611.0,https://www.cftc.gov/files/dea/history/fut_disagg_txt_2026.zip,2026-10-08
cftc_gold_mm_net,2019-08-20,2019-08-23,229846.0,https://www.cftc.gov/files/dea/history/fut_disagg_txt_2026.zip,2026-10-08
cftc_gold_mm_net,2019-08-27,2019-08-30,226716.0,https://www.cftc.gov/files/dea/history/fut_disagg_txt_2026.zip,2026-10-08
cftc_gold_mm_net,2019-09-03,2019-09-06,231626.0,https://www.cftc.gov/files/dea/history/fut_disagg_txt_2026.zip,2026-10-08
cftc_gold_mm_net,2019-09-10,2019-09-13,206181.0,https://www.cftc.gov/files/dea/history/fut_disagg_txt_2026.zip,2026-10-08
cftc_gold_mm_net,2019-09-17,2019-09-20,213856.0,https://www.cftc.gov/files/dea/history/fut_disagg_txt_2026.zip,2026-10-08
cftc_gold_mm_net,2019-09-24,2019-09-27,237871.0,https://www.cftc.gov/files/dea/history/fut_disagg_txt_2026.zip,2026-10-08
cftc_gold_mm_net,2019-10-01,2019-10-04,190811.0,https://www.cftc.gov/files/dea/history/fut_disagg_txt_2026.zip,2026-10-08
cftc_gold_mm_net,2019-10-08,2019-10-11,200501.0,https://www.cftc.gov/files/dea/history/fut_disagg_txt_2026.zip,2026-10-08
cftc_gold_mm_net,2019-10-15,2019-10-18,175787.0,https://www.cftc.gov/files/dea/history/fut_disagg_txt_2026.zip,2026-10-08
cftc_gold_mm_net,2019-10-22,2019-10-25,184438.0,https://www.cftc.gov/files/dea/history/fut_disagg_txt_2026.zip,2026-10-08
cftc_gold_mm_net,2019-10-29,2019-11-01,198558.0,https://www.cftc.gov/files/dea/history/fut_disagg_txt_2026.zip,2026-10-08
cftc_gold_mm_net,2019-11-05,2019-11-08,197247.0,https://www.cftc.gov/files/dea/history/fut_disagg_txt_2026.zip,2026-10-08
cftc_gold_mm_net,2019-11-12,2019-11-15,175441.0,https://www.cftc.gov/files/dea/history/fut_disagg_txt_2026.zip,2026-10-08
cftc_gold_mm_net,2019-11-19,2019-11-22,195199.0,https://www.cftc.gov/files/dea/history/fut_disagg_txt_2026.zip,2026-10-08
cftc_gold_mm_net,2019-11-26,2019-11-29,194287.0,https://www.cftc.gov/files/dea/history/fut_disagg_txt_2026.zip,2026-10-08
cftc_gold_mm_net,2019-12-03,2019-12-06,207962.0,https://www.cftc.gov/files/dea/history/fut_disagg_txt_2026.zip,2026-10-08
cftc_gold_mm_net,2019-12-10,2019-12-13,183648.0,https://www.cftc.gov/files/dea/history/fut_disagg_txt_2026.zip,2026-10-08
cftc_gold_mm_net,2019-12-17,2019-12-20,201721.0,https://www.cftc.gov/files/dea/history/fut_disagg_txt_2026.zip,2026-10-08
cftc_gold_mm_net,2019-12-24,2019-12-27,218846.0,https://www.cftc.gov/files/dea/history/fut_disagg_txt_2026.zip,2026-10-08
cftc_gold_mm_net,2019-12-31,2020-01-03,232732.0,https://www.cftc.gov/files/dea/history/fut_disagg_txt_2026.zip,2026-10-08
cftc_gold_mm_net,2020-01-07,2020-01-10,229757.0,https://www.cftc.gov/files/dea/history/fut_disagg_txt_2026.zip,2026-10-08
cftc_gold_mm_net,2020-01-14,2020-01-17,230459.0,https://www.cftc.gov/files/dea/history/fut_disagg_txt_2026.zip,2026-10-08
cftc_gold_mm_net,2020-01-21,2020-01-24,223832.0,https://www.cftc.gov/files/dea/history/fut_disagg_txt_2026.zip,2026-10-08
cftc_gold_mm_net,2020-01-28,2020-01-31,219938.0,https://www.cftc.gov/files/dea/history/fut_disagg_txt_2026.zip,2026-10-08
cftc_gold_mm_net,2020-02-04,2020-02-07,181610.0,https://www.cftc.gov/files/dea/history/fut_disagg_txt_2026.zip,2026-10-08
cftc_gold_mm_net,2020-02-11,2020-02-14,195671.0,https://www.cftc.gov/files/dea/history/fut_disagg_txt_2026.zip,2026-10-08
cftc_gold_mm_net,2020-02-18,2020-02-21,238546.0,https://www.cftc.gov/files/dea/history/fut_disagg_txt_2026.zip,2026-10-08
cftc_gold_mm_net,2020-02-25,2020-02-28,230846.0,https://www.cftc.gov/files/dea/history/fut_disagg_txt_2026.zip,2026-10-08
cftc_gold_mm_net,2020-03-03,2020-03-06,215361.0,https://www.cftc.gov/files/dea/history/fut_disagg_txt_2026.zip,2026-10-08
cftc_gold_mm_net,2020-03-10,2020-03-13,210185.0,https://www.cftc.gov/files/dea/history/fut_disagg_txt_2026.zip,2026-10-08
cftc_gold_mm_net,2020-03-17,2020-03-20,154079.0,https://www.cftc.gov/files/dea/history/fut_disagg_txt_2026.zip,2026-10-08
cftc_gold_mm_net,2020-03-24,2020-03-27,157409.0,https://www.cftc.gov/files/dea/history/fut_disagg_txt_2026.zip,2026-10-08
cftc_gold_mm_net,2020-03-31,2020-04-03,152598.0,https://www.cftc.gov/files/dea/history/fut_disagg_txt_2026.zip,2026-10-08
cftc_gold_mm_net,2020-04-07,2020-04-10,152482.0,https://www.cftc.gov/files/dea/history/fut_disagg_txt_2026.zip,2026-10-08
cftc_gold_mm_net,2020-04-14,2020-04-17,155244.0,https://www.cftc.gov/files/dea/history/fut_disagg_txt_2026.zip,2026-10-08
cftc_gold_mm_net,2020-04-21,2020-04-24,146271.0,https://www.cftc.gov/files/dea/history/fut_disagg_txt_2026.zip,2026-10-08
cftc_gold_mm_net,2020-04-28,2020-05-01,146406.0,https://www.cftc.gov/files/dea/history/fut_disagg_txt_2026.zip,2026-10-08
cftc_gold_mm_net,2020-05-05,2020-05-08,133241.0,https://www.cftc.gov/files/dea/history/fut_disagg_txt_2026.zip,2026-10-08
cftc_gold_mm_net,2020-05-12,2020-05-15,122217.0,https://www.cftc.gov/files/dea/history/fut_disagg_txt_2026.zip,2026-10-08
cftc_gold_mm_net,2020-05-19,2020-05-22,127064.0,https://www.cftc.gov/files/dea/history/fut_disagg_txt_2026.zip,2026-10-08
cftc_gold_mm_net,2020-05-26,2020-05-29,113081.0,https://www.cftc.gov/files/dea/history/fut_disagg_txt_2026.zip,2026-10-08
cftc_gold_mm_net,2020-06-02,2020-06-05,100355.0,https://www.cftc.gov/files/dea/history/fut_disagg_txt_2026.zip,2026-10-08
cftc_gold_mm_net,2020-06-09,2020-06-12,91177.0,https://www.cftc.gov/files/dea/history/fut_disagg_txt_2026.zip,2026-10-08
cftc_gold_mm_net,2020-06-16,2020-06-19,104688.0,https://www.cftc.gov/files/dea/history/fut_disagg_txt_2026.zip,2026-10-08
cftc_gold_mm_net,2020-06-23,2020-06-26,129515.0,https://www.cftc.gov/files/dea/history/fut_disagg_txt_2026.zip,2026-10-08
cftc_gold_mm_net,2020-06-30,2020-07-03,138555.0,https://www.cftc.gov/files/dea/history/fut_disagg_txt_2026.zip,2026-10-08
cftc_gold_mm_net,2020-07-07,2020-07-10,139343.0,https://www.cftc.gov/files/dea/history/fut_disagg_txt_2026.zip,2026-10-08
cftc_gold_mm_net,2020-07-14,2020-07-17,134973.0,https://www.cftc.gov/files/dea/history/fut_disagg_txt_2026.zip,2026-10-08
cftc_gold_mm_net,2020-07-21,2020-07-24,140269.0,https://www.cftc.gov/files/dea/history/fut_disagg_txt_2026.zip,2026-10-08
cftc_gold_mm_net,2020-07-28,2020-07-31,117136.0,https://www.cftc.gov/files/dea/history/fut_disagg_txt_2026.zip,2026-10-08
cftc_gold_mm_net,2020-08-04,2020-08-07,113472.0,https://www.cftc.gov/files/dea/history/fut_disagg_txt_2026.zip,2026-10-08
cftc_gold_mm_net,2020-08-11,2020-08-14,97692.0,https://www.cftc.gov/files/dea/history/fut_disagg_txt_2026.zip,2026-10-08
cftc_gold_mm_net,2020-08-18,2020-08-21,95438.0,https://www.cftc.gov/files/dea/history/fut_disagg_txt_2026.zip,2026-10-08
cftc_gold_mm_net,2020-08-25,2020-08-28,86849.0,https://www.cftc.gov/files/dea/history/fut_disagg_txt_2026.zip,2026-10-08
cftc_gold_mm_net,2020-09-01,2020-09-04,97742.0,https://www.cftc.gov/files/dea/history/fut_disagg_txt_2026.zip,2026-10-08
cftc_gold_mm_net,2020-09-08,2020-09-11,104292.0,https://www.cftc.gov/files/dea/history/fut_disagg_txt_2026.zip,2026-10-08
cftc_gold_mm_net,2020-09-15,2020-09-18,111098.0,https://www.cftc.gov/files/dea/history/fut_disagg_txt_2026.zip,2026-10-08
cftc_gold_mm_net,2020-09-22,2020-09-25,81448.0,https://www.cftc.gov/files/dea/history/fut_disagg_txt_2026.zip,2026-10-08
cftc_gold_mm_net,2020-09-29,2020-10-02,94372.0,https://www.cftc.gov/files/dea/history/fut_disagg_txt_2026.zip,2026-10-08
cftc_gold_mm_net,2020-10-06,2020-10-09,94612.0,https://www.cftc.gov/files/dea/history/fut_disagg_txt_2026.zip,2026-10-08
cftc_gold_mm_net,2020-10-13,2020-10-16,81781.0,https://www.cftc.gov/files/dea/history/fut_disagg_txt_2026.zip,2026-10-08
cftc_gold_mm_net,2020-10-20,2020-10-23,90565.0,https://www.cftc.gov/files/dea/history/fut_disagg_txt_2026.zip,2026-10-08
cftc_gold_mm_net,2020-10-27,2020-10-30,101875.0,https://www.cftc.gov/files/dea/history/fut_disagg_txt_2026.zip,2026-10-08
cftc_gold_mm_net,2020-11-03,2020-11-06,90695.0,https://www.cftc.gov/files/dea/history/fut_disagg_txt_2026.zip,2026-10-08
cftc_gold_mm_net,2020-11-10,2020-11-13,79783.0,https://www.cftc.gov/files/dea/history/fut_disagg_txt_2026.zip,2026-10-08
cftc_gold_mm_net,2020-11-17,2020-11-20,90447.0,https://www.cftc.gov/files/dea/history/fut_disagg_txt_2026.zip,2026-10-08
cftc_gold_mm_net,2020-11-24,2020-11-27,85348.0,https://www.cftc.gov/files/dea/history/fut_disagg_txt_2026.zip,2026-10-08
cftc_gold_mm_net,2020-12-01,2020-12-04,85543.0,https://www.cftc.gov/files/dea/history/fut_disagg_txt_2026.zip,2026-10-08
cftc_gold_mm_net,2020-12-08,2020-12-11,98811.0,https://www.cftc.gov/files/dea/history/fut_disagg_txt_2026.zip,2026-10-08
cftc_gold_mm_net,2020-12-15,2020-12-18,101879.0,https://www.cftc.gov/files/dea/history/fut_disagg_txt_2026.zip,2026-10-08
cftc_gold_mm_net,2020-12-21,2020-12-24,108124.0,https://www.cftc.gov/files/dea/history/fut_disagg_txt_2026.zip,2026-10-08
cftc_gold_mm_net,2020-12-29,2021-01-01,108995.0,https://www.cftc.gov/files/dea/history/fut_disagg_txt_2026.zip,2026-10-08
cftc_gold_mm_net,2021-01-05,2021-01-08,116569.0,https://www.cftc.gov/files/dea/history/fut_disagg_txt_2026.zip,2026-10-08
cftc_gold_mm_net,2021-01-12,2021-01-15,78234.0,https://www.cftc.gov/files/dea/history/fut_disagg_txt_2026.zip,2026-10-08
cftc_gold_mm_net,2021-01-19,2021-01-22,78071.0,https://www.cftc.gov/files/dea/history/fut_disagg_txt_2026.zip,2026-10-08
cftc_gold_mm_net,2021-01-26,2021-01-29,96399.0,https://www.cftc.gov/files/dea/history/fut_disagg_txt_2026.zip,2026-10-08
cftc_gold_mm_net,2021-02-02,2021-02-05,87778.0,https://www.cftc.gov/files/dea/history/fut_disagg_txt_2026.zip,2026-10-08
cftc_gold_mm_net,2021-02-09,2021-02-12,87640.0,https://www.cftc.gov/files/dea/history/fut_disagg_txt_2026.zip,2026-10-08
cftc_gold_mm_net,2021-02-16,2021-02-19,67956.0,https://www.cftc.gov/files/dea/history/fut_disagg_txt_2026.zip,2026-10-08
cftc_gold_mm_net,2021-02-23,2021-02-26,69123.0,https://www.cftc.gov/files/dea/history/fut_disagg_txt_2026.zip,2026-10-08
cftc_gold_mm_net,2021-03-02,2021-03-05,45960.0,https://www.cftc.gov/files/dea/history/fut_disagg_txt_2026.zip,2026-10-08
cftc_gold_mm_net,2021-03-09,2021-03-12,29430.0,https://www.cftc.gov/files/dea/history/fut_disagg_txt_2026.zip,2026-10-08
cftc_gold_mm_net,2021-03-16,2021-03-19,41121.0,https://www.cftc.gov/files/dea/history/fut_disagg_txt_2026.zip,2026-10-08
cftc_gold_mm_net,2021-03-23,2021-03-26,43521.0,https://www.cftc.gov/files/dea/history/fut_disagg_txt_2026.zip,2026-10-08
cftc_gold_mm_net,2021-03-30,2021-04-02,43073.0,https://www.cftc.gov/files/dea/history/fut_disagg_txt_2026.zip,2026-10-08
cftc_gold_mm_net,2021-04-06,2021-04-09,66472.0,https://www.cftc.gov/files/dea/history/fut_disagg_txt_2026.zip,2026-10-08
cftc_gold_mm_net,2021-04-13,2021-04-16,53807.0,https://www.cftc.gov/files/dea/history/fut_disagg_txt_2026.zip,2026-10-08
cftc_gold_mm_net,2021-04-20,2021-04-23,56424.0,https://www.cftc.gov/files/dea/history/fut_disagg_txt_2026.zip,2026-10-08
cftc_gold_mm_net,2021-04-27,2021-04-30,50651.0,https://www.cftc.gov/files/dea/history/fut_disagg_txt_2026.zip,2026-10-08
cftc_gold_mm_net,2021-05-04,2021-05-07,53625.0,https://www.cftc.gov/files/dea/history/fut_disagg_txt_2026.zip,2026-10-08
cftc_gold_mm_net,2021-05-11,2021-05-14,81615.0,https://www.cftc.gov/files/dea/history/fut_disagg_txt_2026.zip,2026-10-08
cftc_gold_mm_net,2021-05-18,2021-05-21,91990.0,https://www.cftc.gov/files/dea/history/fut_disagg_txt_2026.zip,2026-10-08
cftc_gold_mm_net,2021-05-25,2021-05-28,107255.0,https://www.cftc.gov/files/dea/history/fut_disagg_txt_2026.zip,2026-10-08
cftc_gold_mm_net,2021-06-01,2021-06-04,109973.0,https://www.cftc.gov/files/dea/history/fut_disagg_txt_2026.zip,2026-10-08
cftc_gold_mm_net,2021-06-08,2021-06-11,107664.0,https://www.cftc.gov/files/dea/history/fut_disagg_txt_2026.zip,2026-10-08
cftc_gold_mm_net,2021-06-15,2021-06-18,96792.0,https://www.cftc.gov/files/dea/history/fut_disagg_txt_2026.zip,2026-10-08
cftc_gold_mm_net,2021-06-22,2021-06-25,62536.0,https://www.cftc.gov/files/dea/history/fut_disagg_txt_2026.zip,2026-10-08
cftc_gold_mm_net,2021-06-29,2021-07-02,61382.0,https://www.cftc.gov/files/dea/history/fut_disagg_txt_2026.zip,2026-10-08
cftc_gold_mm_net,2021-07-06,2021-07-09,77960.0,https://www.cftc.gov/files/dea/history/fut_disagg_txt_2026.zip,2026-10-08
cftc_gold_mm_net,2021-07-13,2021-07-16,86291.0,https://www.cftc.gov/files/dea/history/fut_disagg_txt_2026.zip,2026-10-08
cftc_gold_mm_net,2021-07-20,2021-07-23,90428.0,https://www.cftc.gov/files/dea/history/fut_disagg_txt_2026.zip,2026-10-08
cftc_gold_mm_net,2021-07-27,2021-07-30,90230.0,https://www.cftc.gov/files/dea/history/fut_disagg_txt_2026.zip,2026-10-08
cftc_gold_mm_net,2021-08-03,2021-08-06,89873.0,https://www.cftc.gov/files/dea/history/fut_disagg_txt_2026.zip,2026-10-08
cftc_gold_mm_net,2021-08-10,2021-08-13,35403.0,https://www.cftc.gov/files/dea/history/fut_disagg_txt_2026.zip,2026-10-08
cftc_gold_mm_net,2021-08-17,2021-08-20,59078.0,https://www.cftc.gov/files/dea/history/fut_disagg_txt_2026.zip,2026-10-08
cftc_gold_mm_net,2021-08-24,2021-08-27,75444.0,https://www.cftc.gov/files/dea/history/fut_disagg_txt_2026.zip,2026-10-08
cftc_gold_mm_net,2021-08-31,2021-09-03,81677.0,https://www.cftc.gov/files/dea/history/fut_disagg_txt_2026.zip,2026-10-08
cftc_gold_mm_net,2021-09-07,2021-09-10,67595.0,https://www.cftc.gov/files/dea/history/fut_disagg_txt_2026.zip,2026-10-08
cftc_gold_mm_net,2021-09-14,2021-09-17,71222.0,https://www.cftc.gov/files/dea/history/fut_disagg_txt_2026.zip,2026-10-08
cftc_gold_mm_net,2021-09-21,2021-09-24,46844.0,https://www.cftc.gov/files/dea/history/fut_disagg_txt_2026.zip,2026-10-08
cftc_gold_mm_net,2021-09-28,2021-10-01,30861.0,https://www.cftc.gov/files/dea/history/fut_disagg_txt_2026.zip,2026-10-08
cftc_gold_mm_net,2021-10-05,2021-10-08,54166.0,https://www.cftc.gov/files/dea/history/fut_disagg_txt_2026.zip,2026-10-08
cftc_gold_mm_net,2021-10-12,2021-10-15,58519.0,https://www.cftc.gov/files/dea/history/fut_disagg_txt_2026.zip,2026-10-08
cftc_gold_mm_net,2021-10-19,2021-10-22,57799.0,https://www.cftc.gov/files/dea/history/fut_disagg_txt_2026.zip,2026-10-08
cftc_gold_mm_net,2021-10-26,2021-10-29,86362.0,https://www.cftc.gov/files/dea/history/fut_disagg_txt_2026.zip,2026-10-08
cftc_gold_mm_net,2021-11-02,2021-11-05,85239.0,https://www.cftc.gov/files/dea/history/fut_disagg_txt_2026.zip,2026-10-08
cftc_gold_mm_net,2021-11-09,2021-11-12,125610.0,https://www.cftc.gov/files/dea/history/fut_disagg_txt_2026.zip,2026-10-08
cftc_gold_mm_net,2021-11-16,2021-11-19,142385.0,https://www.cftc.gov/files/dea/history/fut_disagg_txt_2026.zip,2026-10-08
cftc_gold_mm_net,2021-11-23,2021-11-26,105339.0,https://www.cftc.gov/files/dea/history/fut_disagg_txt_2026.zip,2026-10-08
cftc_gold_mm_net,2021-11-30,2021-12-03,92085.0,https://www.cftc.gov/files/dea/history/fut_disagg_txt_2026.zip,2026-10-08
cftc_gold_mm_net,2021-12-07,2021-12-10,80741.0,https://www.cftc.gov/files/dea/history/fut_disagg_txt_2026.zip,2026-10-08
cftc_gold_mm_net,2021-12-14,2021-12-17,63417.0,https://www.cftc.gov/files/dea/history/fut_disagg_txt_2026.zip,2026-10-08
cftc_gold_mm_net,2021-12-21,2021-12-24,71748.0,https://www.cftc.gov/files/dea/history/fut_disagg_txt_2026.zip,2026-10-08
cftc_gold_mm_net,2021-12-28,2021-12-31,83663.0,https://www.cftc.gov/files/dea/history/fut_disagg_txt_2026.zip,2026-10-08
cftc_gold_mm_net,2022-01-04,2022-01-07,79508.0,https://www.cftc.gov/files/dea/history/fut_disagg_txt_2026.zip,2026-10-08
cftc_gold_mm_net,2022-01-11,2022-01-14,74310.0,https://www.cftc.gov/files/dea/history/fut_disagg_txt_2026.zip,2026-10-08
cftc_gold_mm_net,2022-01-18,2022-01-21,71793.0,https://www.cftc.gov/files/dea/history/fut_disagg_txt_2026.zip,2026-10-08
cftc_gold_mm_net,2022-01-25,2022-01-28,101375.0,https://www.cftc.gov/files/dea/history/fut_disagg_txt_2026.zip,2026-10-08
cftc_gold_mm_net,2022-02-01,2022-02-04,49914.0,https://www.cftc.gov/files/dea/history/fut_disagg_txt_2026.zip,2026-10-08
cftc_gold_mm_net,2022-02-08,2022-02-11,69467.0,https://www.cftc.gov/files/dea/history/fut_disagg_txt_2026.zip,2026-10-08
cftc_gold_mm_net,2022-02-15,2022-02-18,107706.0,https://www.cftc.gov/files/dea/history/fut_disagg_txt_2026.zip,2026-10-08
cftc_gold_mm_net,2022-02-22,2022-02-25,138976.0,https://www.cftc.gov/files/dea/history/fut_disagg_txt_2026.zip,2026-10-08
cftc_gold_mm_net,2022-03-01,2022-03-04,148621.0,https://www.cftc.gov/files/dea/history/fut_disagg_txt_2026.zip,2026-10-08
cftc_gold_mm_net,2022-03-08,2022-03-11,142973.0,https://www.cftc.gov/files/dea/history/fut_disagg_txt_2026.zip,2026-10-08
cftc_gold_mm_net,2022-03-15,2022-03-18,126537.0,https://www.cftc.gov/files/dea/history/fut_disagg_txt_2026.zip,2026-10-08
cftc_gold_mm_net,2022-03-22,2022-03-25,115132.0,https://www.cftc.gov/files/dea/history/fut_disagg_txt_2026.zip,2026-10-08
cftc_gold_mm_net,2022-03-29,2022-04-01,108302.0,https://www.cftc.gov/files/dea/history/fut_disagg_txt_2026.zip,2026-10-08
cftc_gold_mm_net,2022-04-05,2022-04-08,101627.0,https://www.cftc.gov/files/dea/history/fut_disagg_txt_2026.zip,2026-10-08
cftc_gold_mm_net,2022-04-12,2022-04-15,117025.0,https://www.cftc.gov/files/dea/history/fut_disagg_txt_2026.zip,2026-10-08
cftc_gold_mm_net,2022-04-19,2022-04-22,101266.0,https://www.cftc.gov/files/dea/history/fut_disagg_txt_2026.zip,2026-10-08
cftc_gold_mm_net,2022-04-26,2022-04-29,81117.0,https://www.cftc.gov/files/dea/history/fut_disagg_txt_2026.zip,2026-10-08
cftc_gold_mm_net,2022-05-03,2022-05-06,67847.0,https://www.cftc.gov/files/dea/history/fut_disagg_txt_2026.zip,2026-10-08
cftc_gold_mm_net,2022-05-10,2022-05-13,61992.0,https://www.cftc.gov/files/dea/history/fut_disagg_txt_2026.zip,2026-10-08
cftc_gold_mm_net,2022-05-17,2022-05-20,43360.0,https://www.cftc.gov/files/dea/history/fut_disagg_txt_2026.zip,2026-10-08
cftc_gold_mm_net,2022-05-24,2022-05-27,61057.0,https://www.cftc.gov/files/dea/history/fut_disagg_txt_2026.zip,2026-10-08
cftc_gold_mm_net,2022-05-31,2022-06-03,50793.0,https://www.cftc.gov/files/dea/history/fut_disagg_txt_2026.zip,2026-10-08
cftc_gold_mm_net,2022-06-07,2022-06-10,57531.0,https://www.cftc.gov/files/dea/history/fut_disagg_txt_2026.zip,2026-10-08
cftc_gold_mm_net,2022-06-14,2022-06-17,36905.0,https://www.cftc.gov/files/dea/history/fut_disagg_txt_2026.zip,2026-10-08
cftc_gold_mm_net,2022-06-21,2022-06-24,49803.0,https://www.cftc.gov/files/dea/history/fut_disagg_txt_2026.zip,2026-10-08
cftc_gold_mm_net,2022-06-28,2022-07-01,36102.0,https://www.cftc.gov/files/dea/history/fut_disagg_txt_2026.zip,2026-10-08
cftc_gold_mm_net,2022-07-05,2022-07-08,17034.0,https://www.cftc.gov/files/dea/history/fut_disagg_txt_2026.zip,2026-10-08
cftc_gold_mm_net,2022-07-12,2022-07-15,-6133.0,https://www.cftc.gov/files/dea/history/fut_disagg_txt_2026.zip,2026-10-08
cftc_gold_mm_net,2022-07-19,2022-07-22,-18738.0,https://www.cftc.gov/files/dea/history/fut_disagg_txt_2026.zip,2026-10-08
cftc_gold_mm_net,2022-07-26,2022-07-29,-19093.0,https://www.cftc.gov/files/dea/history/fut_disagg_txt_2026.zip,2026-10-08
cftc_gold_mm_net,2022-08-02,2022-08-05,15855.0,https://www.cftc.gov/files/dea/history/fut_disagg_txt_2026.zip,2026-10-08
cftc_gold_mm_net,2022-08-09,2022-08-12,40734.0,https://www.cftc.gov/files/dea/history/fut_disagg_txt_2026.zip,2026-10-08
cftc_gold_mm_net,2022-08-16,2022-08-19,36373.0,https://www.cftc.gov/files/dea/history/fut_disagg_txt_2026.zip,2026-10-08
cftc_gold_mm_net,2022-08-23,2022-08-26,22111.0,https://www.cftc.gov/files/dea/history/fut_disagg_txt_2026.zip,2026-10-08
cftc_gold_mm_net,2022-08-30,2022-09-02,11788.0,https://www.cftc.gov/files/dea/history/fut_disagg_txt_2026.zip,2026-10-08
cftc_gold_mm_net,2022-09-06,2022-09-09,-6962.0,https://www.cftc.gov/files/dea/history/fut_disagg_txt_2026.zip,2026-10-08
cftc_gold_mm_net,2022-09-13,2022-09-16,-18337.0,https://www.cftc.gov/files/dea/history/fut_disagg_txt_2026.zip,2026-10-08
cftc_gold_mm_net,2022-09-20,2022-09-23,-36695.0,https://www.cftc.gov/files/dea/history/fut_disagg_txt_2026.zip,2026-10-08
cftc_gold_mm_net,2022-09-27,2022-09-30,-43094.0,https://www.cftc.gov/files/dea/history/fut_disagg_txt_2026.zip,2026-10-08
cftc_gold_mm_net,2022-10-04,2022-10-07,-6875.0,https://www.cftc.gov/files/dea/history/fut_disagg_txt_2026.zip,2026-10-08
cftc_gold_mm_net,2022-10-11,2022-10-14,-5580.0,https://www.cftc.gov/files/dea/history/fut_disagg_txt_2026.zip,2026-10-08
cftc_gold_mm_net,2022-10-18,2022-10-21,-25698.0,https://www.cftc.gov/files/dea/history/fut_disagg_txt_2026.zip,2026-10-08
cftc_gold_mm_net,2022-10-25,2022-10-28,-38788.0,https://www.cftc.gov/files/dea/history/fut_disagg_txt_2026.zip,2026-10-08
cftc_gold_mm_net,2022-11-01,2022-11-04,-41401.0,https://www.cftc.gov/files/dea/history/fut_disagg_txt_2026.zip,2026-10-08
cftc_gold_mm_net,2022-11-08,2022-11-11,-16346.0,https://www.cftc.gov/files/dea/history/fut_disagg_txt_2026.zip,2026-10-08
cftc_gold_mm_net,2022-11-15,2022-11-18,25457.0,https://www.cftc.gov/files/dea/history/fut_disagg_txt_2026.zip,2026-10-08
cftc_gold_mm_net,2022-11-22,2022-11-25,19431.0,https://www.cftc.gov/files/dea/history/fut_disagg_txt_2026.zip,2026-10-08
cftc_gold_mm_net,2022-11-29,2022-12-02,14720.0,https://www.cftc.gov/files/dea/history/fut_disagg_txt_2026.zip,2026-10-08
cftc_gold_mm_net,2022-12-06,2022-12-09,23487.0,https://www.cftc.gov/files/dea/history/fut_disagg_txt_2026.zip,2026-10-08
cftc_gold_mm_net,2022-12-13,2022-12-16,37449.0,https://www.cftc.gov/files/dea/history/fut_disagg_txt_2026.zip,2026-10-08
cftc_gold_mm_net,2022-12-20,2022-12-23,39095.0,https://www.cftc.gov/files/dea/history/fut_disagg_txt_2026.zip,2026-10-08
cftc_gold_mm_net,2022-12-27,2022-12-30,50877.0,https://www.cftc.gov/files/dea/history/fut_disagg_txt_2026.zip,2026-10-08
cftc_gold_mm_net,2023-01-03,2023-01-06,54581.0,https://www.cftc.gov/files/dea/history/fut_disagg_txt_2026.zip,2026-10-08
cftc_gold_mm_net,2023-01-10,2023-01-13,61809.0,https://www.cftc.gov/files/dea/history/fut_disagg_txt_2026.zip,2026-10-08
cftc_gold_mm_net,2023-01-17,2023-01-20,69377.0,https://www.cftc.gov/files/dea/history/fut_disagg_txt_2026.zip,2026-10-08
cftc_gold_mm_net,2023-01-24,2023-01-27,79879.0,https://www.cftc.gov/files/dea/history/fut_disagg_txt_2026.zip,2026-10-08
cftc_gold_mm_net,2023-01-31,2023-02-03,84447.0,https://www.cftc.gov/files/dea/history/fut_disagg_txt_2026.zip,2026-10-08
cftc_gold_mm_net,2023-02-07,2023-02-10,59576.0,https://www.cftc.gov/files/dea/history/fut_disagg_txt_2026.zip,2026-10-08
cftc_gold_mm_net,2023-02-14,2023-02-17,41173.0,https://www.cftc.gov/files/dea/history/fut_disagg_txt_2026.zip,2026-10-08
cftc_gold_mm_net,2023-02-21,2023-02-24,36706.0,https://www.cftc.gov/files/dea/history/fut_disagg_txt_2026.zip,2026-10-08
cftc_gold_mm_net,2023-02-28,2023-03-03,26575.0,https://www.cftc.gov/files/dea/history/fut_disagg_txt_2026.zip,2026-10-08
cftc_gold_mm_net,2023-03-07,2023-03-10,14399.0,https://www.cftc.gov/files/dea/history/fut_disagg_txt_2026.zip,2026-10-08
cftc_gold_mm_net,2023-03-14,2023-03-17,59721.0,https://www.cftc.gov/files/dea/history/fut_disagg_txt_2026.zip,2026-10-08
cftc_gold_mm_net,2023-03-21,2023-03-24,81229.0,https://www.cftc.gov/files/dea/history/fut_disagg_txt_2026.zip,2026-10-08
cftc_gold_mm_net,2023-03-28,2023-03-31,99160.0,https://www.cftc.gov/files/dea/history/fut_disagg_txt_2026.zip,2026-10-08
cftc_gold_mm_net,2023-04-04,2023-04-07,110131.0,https://www.cftc.gov/files/dea/history/fut_disagg_txt_2026.zip,2026-10-08
cftc_gold_mm_net,2023-04-11,2023-04-14,104606.0,https://www.cftc.gov/files/dea/history/fut_disagg_txt_2026.zip,2026-10-08
cftc_gold_mm_net,2023-04-18,2023-04-21,102696.0,https://www.cftc.gov/files/dea/history/fut_disagg_txt_2026.zip,2026-10-08
cftc_gold_mm_net,2023-04-25,2023-04-28,102803.0,https://www.cftc.gov/files/dea/history/fut_disagg_txt_2026.zip,2026-10-08
cftc_gold_mm_net,2023-05-02,2023-05-05,113790.0,https://www.cftc.gov/files/dea/history/fut_disagg_txt_2026.zip,2026-10-08
cftc_gold_mm_net,2023-05-09,2023-05-12,110986.0,https://www.cftc.gov/files/dea/history/fut_disagg_txt_2026.zip,2026-10-08
cftc_gold_mm_net,2023-05-16,2023-05-19,103983.0,https://www.cftc.gov/files/dea/history/fut_disagg_txt_2026.zip,2026-10-08
cftc_gold_mm_net,2023-05-23,2023-05-26,93139.0,https://www.cftc.gov/files/dea/history/fut_disagg_txt_2026.zip,2026-10-08
cftc_gold_mm_net,2023-05-30,2023-06-02,86703.0,https://www.cftc.gov/files/dea/history/fut_disagg_txt_2026.zip,2026-10-08
cftc_gold_mm_net,2023-06-06,2023-06-09,93428.0,https://www.cftc.gov/files/dea/history/fut_disagg_txt_2026.zip,2026-10-08
cftc_gold_mm_net,2023-06-13,2023-06-16,74643.0,https://www.cftc.gov/files/dea/history/fut_disagg_txt_2026.zip,2026-10-08
cftc_gold_mm_net,2023-06-20,2023-06-23,76039.0,https://www.cftc.gov/files/dea/history/fut_disagg_txt_2026.zip,2026-10-08
cftc_gold_mm_net,2023-06-27,2023-06-30,69675.0,https://www.cftc.gov/files/dea/history/fut_disagg_txt_2026.zip,2026-10-08
cftc_gold_mm_net,2023-07-03,2023-07-06,83148.0,https://www.cftc.gov/files/dea/history/fut_disagg_txt_2026.zip,2026-10-08
cftc_gold_mm_net,2023-07-11,2023-07-14,82443.0,https://www.cftc.gov/files/dea/history/fut_disagg_txt_2026.zip,2026-10-08
cftc_gold_mm_net,2023-07-18,2023-07-21,115318.0,https://www.cftc.gov/files/dea/history/fut_disagg_txt_2026.zip,2026-10-08
cftc_gold_mm_net,2023-07-25,2023-07-28,95287.0,https://www.cftc.gov/files/dea/history/fut_disagg_txt_2026.zip,2026-10-08
cftc_gold_mm_net,2023-08-01,2023-08-04,80009.0,https://www.cftc.gov/files/dea/history/fut_disagg_txt_2026.zip,2026-10-08
cftc_gold_mm_net,2023-08-08,2023-08-11,58606.0,https://www.cftc.gov/files/dea/history/fut_disagg_txt_2026.zip,2026-10-08
cftc_gold_mm_net,2023-08-15,2023-08-18,29536.0,https://www.cftc.gov/files/dea/history/fut_disagg_txt_2026.zip,2026-10-08
cftc_gold_mm_net,2023-08-22,2023-08-25,9109.0,https://www.cftc.gov/files/dea/history/fut_disagg_txt_2026.zip,2026-10-08
cftc_gold_mm_net,2023-08-29,2023-09-01,39242.0,https://www.cftc.gov/files/dea/history/fut_disagg_txt_2026.zip,2026-10-08
cftc_gold_mm_net,2023-09-05,2023-09-08,50365.0,https://www.cftc.gov/files/dea/history/fut_disagg_txt_2026.zip,2026-10-08
cftc_gold_mm_net,2023-09-12,2023-09-15,34571.0,https://www.cftc.gov/files/dea/history/fut_disagg_txt_2026.zip,2026-10-08
cftc_gold_mm_net,2023-09-19,2023-09-22,47390.0,https://www.cftc.gov/files/dea/history/fut_disagg_txt_2026.zip,2026-10-08
cftc_gold_mm_net,2023-09-26,2023-09-29,23438.0,https://www.cftc.gov/files/dea/history/fut_disagg_txt_2026.zip,2026-10-08
cftc_gold_mm_net,2023-10-03,2023-10-06,-7561.0,https://www.cftc.gov/files/dea/history/fut_disagg_txt_2026.zip,2026-10-08
cftc_gold_mm_net,2023-10-10,2023-10-13,-26767.0,https://www.cftc.gov/files/dea/history/fut_disagg_txt_2026.zip,2026-10-08
cftc_gold_mm_net,2023-10-17,2023-10-20,15103.0,https://www.cftc.gov/files/dea/history/fut_disagg_txt_2026.zip,2026-10-08
cftc_gold_mm_net,2023-10-24,2023-10-27,55748.0,https://www.cftc.gov/files/dea/history/fut_disagg_txt_2026.zip,2026-10-08
cftc_gold_mm_net,2023-10-31,2023-11-03,74840.0,https://www.cftc.gov/files/dea/history/fut_disagg_txt_2026.zip,2026-10-08
cftc_gold_mm_net,2023-11-07,2023-11-10,78235.0,https://www.cftc.gov/files/dea/history/fut_disagg_txt_2026.zip,2026-10-08
cftc_gold_mm_net,2023-11-14,2023-11-17,64315.0,https://www.cftc.gov/files/dea/history/fut_disagg_txt_2026.zip,2026-10-08
cftc_gold_mm_net,2023-11-21,2023-11-24,79135.0,https://www.cftc.gov/files/dea/history/fut_disagg_txt_2026.zip,2026-10-08
cftc_gold_mm_net,2023-11-28,2023-12-01,114893.0,https://www.cftc.gov/files/dea/history/fut_disagg_txt_2026.zip,2026-10-08
cftc_gold_mm_net,2023-12-05,2023-12-08,109387.0,https://www.cftc.gov/files/dea/history/fut_disagg_txt_2026.zip,2026-10-08
cftc_gold_mm_net,2023-12-12,2023-12-15,95528.0,https://www.cftc.gov/files/dea/history/fut_disagg_txt_2026.zip,2026-10-08
cftc_gold_mm_net,2023-12-19,2023-12-22,108276.0,https://www.cftc.gov/files/dea/history/fut_disagg_txt_2026.zip,2026-10-08
cftc_gold_mm_net,2023-12-26,2023-12-29,106454.0,https://www.cftc.gov/files/dea/history/fut_disagg_txt_2026.zip,2026-10-08
cftc_gold_mm_net,2024-01-02,2024-01-05,109149.0,https://www.cftc.gov/files/dea/history/fut_disagg_txt_2026.zip,2026-10-08
cftc_gold_mm_net,2024-01-09,2024-01-12,88459.0,https://www.cftc.gov/files/dea/history/fut_disagg_txt_2026.zip,2026-10-08
cftc_gold_mm_net,2024-01-16,2024-01-19,83229.0,https://www.cftc.gov/files/dea/history/fut_disagg_txt_2026.zip,2026-10-08
cftc_gold_mm_net,2024-01-23,2024-01-26,61033.0,https://www.cftc.gov/files/dea/history/fut_disagg_txt_2026.zip,2026-10-08
cftc_gold_mm_net,2024-01-30,2024-02-02,56024.0,https://www.cftc.gov/files/dea/history/fut_disagg_txt_2026.zip,2026-10-08
cftc_gold_mm_net,2024-02-06,2024-02-09,68069.0,https://www.cftc.gov/files/dea/history/fut_disagg_txt_2026.zip,2026-10-08
cftc_gold_mm_net,2024-02-13,2024-02-16,34176.0,https://www.cftc.gov/files/dea/history/fut_disagg_txt_2026.zip,2026-10-08
cftc_gold_mm_net,2024-02-20,2024-02-23,49923.0,https://www.cftc.gov/files/dea/history/fut_disagg_txt_2026.zip,2026-10-08
cftc_gold_mm_net,2024-02-27,2024-03-01,56153.0,https://www.cftc.gov/files/dea/history/fut_disagg_txt_2026.zip,2026-10-08
cftc_gold_mm_net,2024-03-05,2024-03-08,109763.0,https://www.cftc.gov/files/dea/history/fut_disagg_txt_2026.zip,2026-10-08
cftc_gold_mm_net,2024-03-12,2024-03-15,141083.0,https://www.cftc.gov/files/dea/history/fut_disagg_txt_2026.zip,2026-10-08
cftc_gold_mm_net,2024-03-19,2024-03-22,142896.0,https://www.cftc.gov/files/dea/history/fut_disagg_txt_2026.zip,2026-10-08
cftc_gold_mm_net,2024-03-26,2024-03-29,135795.0,https://www.cftc.gov/files/dea/history/fut_disagg_txt_2026.zip,2026-10-08
cftc_gold_mm_net,2024-04-02,2024-04-05,147080.0,https://www.cftc.gov/files/dea/history/fut_disagg_txt_2026.zip,2026-10-08
cftc_gold_mm_net,2024-04-09,2024-04-12,141732.0,https://www.cftc.gov/files/dea/history/fut_disagg_txt_2026.zip,2026-10-08
cftc_gold_mm_net,2024-04-16,2024-04-19,134736.0,https://www.cftc.gov/files/dea/history/fut_disagg_txt_2026.zip,2026-10-08
cftc_gold_mm_net,2024-04-23,2024-04-26,142139.0,https://www.cftc.gov/files/dea/history/fut_disagg_txt_2026.zip,2026-10-08
cftc_gold_mm_net,2024-04-30,2024-05-03,135027.0,https://www.cftc.gov/files/dea/history/fut_disagg_txt_2026.zip,2026-10-08
cftc_gold_mm_net,2024-05-07,2024-05-10,126099.0,https://www.cftc.gov/files/dea/history/fut_disagg_txt_2026.zip,2026-10-08
cftc_gold_mm_net,2024-05-14,2024-05-17,130435.0,https://www.cftc.gov/files/dea/history/fut_disagg_txt_2026.zip,2026-10-08
cftc_gold_mm_net,2024-05-21,2024-05-24,148523.0,https://www.cftc.gov/files/dea/history/fut_disagg_txt_2026.zip,2026-10-08
cftc_gold_mm_net,2024-05-28,2024-05-31,148828.0,https://www.cftc.gov/files/dea/history/fut_disagg_txt_2026.zip,2026-10-08
cftc_gold_mm_net,2024-06-04,2024-06-07,152299.0,https://www.cftc.gov/files/dea/history/fut_disagg_txt_2026.zip,2026-10-08
cftc_gold_mm_net,2024-06-11,2024-06-14,152965.0,https://www.cftc.gov/files/dea/history/fut_disagg_txt_2026.zip,2026-10-08
cftc_gold_mm_net,2024-06-18,2024-06-21,160621.0,https://www.cftc.gov/files/dea/history/fut_disagg_txt_2026.zip,2026-10-08
cftc_gold_mm_net,2024-06-25,2024-06-28,158202.0,https://www.cftc.gov/files/dea/history/fut_disagg_txt_2026.zip,2026-10-08
cftc_gold_mm_net,2024-07-02,2024-07-05,150815.0,https://www.cftc.gov/files/dea/history/fut_disagg_txt_2026.zip,2026-10-08
cftc_gold_mm_net,2024-07-09,2024-07-12,157467.0,https://www.cftc.gov/files/dea/history/fut_disagg_txt_2026.zip,2026-10-08
cftc_gold_mm_net,2024-07-16,2024-07-19,184532.0,https://www.cftc.gov/files/dea/history/fut_disagg_txt_2026.zip,2026-10-08
cftc_gold_mm_net,2024-07-23,2024-07-26,162860.0,https://www.cftc.gov/files/dea/history/fut_disagg_txt_2026.zip,2026-10-08
cftc_gold_mm_net,2024-07-30,2024-08-02,152364.0,https://www.cftc.gov/files/dea/history/fut_disagg_txt_2026.zip,2026-10-08
cftc_gold_mm_net,2024-08-06,2024-08-09,150786.0,https://www.cftc.gov/files/dea/history/fut_disagg_txt_2026.zip,2026-10-08
cftc_gold_mm_net,2024-08-13,2024-08-16,177915.0,https://www.cftc.gov/files/dea/history/fut_disagg_txt_2026.zip,2026-10-08
cftc_gold_mm_net,2024-08-20,2024-08-23,193305.0,https://www.cftc.gov/files/dea/history/fut_disagg_txt_2026.zip,2026-10-08
cftc_gold_mm_net,2024-08-27,2024-08-30,200291.0,https://www.cftc.gov/files/dea/history/fut_disagg_txt_2026.zip,2026-10-08
cftc_gold_mm_net,2024-09-03,2024-09-06,192090.0,https://www.cftc.gov/files/dea/history/fut_disagg_txt_2026.zip,2026-10-08
cftc_gold_mm_net,2024-09-10,2024-09-13,190455.0,https://www.cftc.gov/files/dea/history/fut_disagg_txt_2026.zip,2026-10-08
cftc_gold_mm_net,2024-09-17,2024-09-20,216355.0,https://www.cftc.gov/files/dea/history/fut_disagg_txt_2026.zip,2026-10-08
cftc_gold_mm_net,2024-09-24,2024-09-27,219029.0,https://www.cftc.gov/files/dea/history/fut_disagg_txt_2026.zip,2026-10-08
cftc_gold_mm_net,2024-10-01,2024-10-04,214462.0,https://www.cftc.gov/files/dea/history/fut_disagg_txt_2026.zip,2026-10-08
cftc_gold_mm_net,2024-10-08,2024-10-11,194059.0,https://www.cftc.gov/files/dea/history/fut_disagg_txt_2026.zip,2026-10-08
cftc_gold_mm_net,2024-10-15,2024-10-18,199421.0,https://www.cftc.gov/files/dea/history/fut_disagg_txt_2026.zip,2026-10-08
cftc_gold_mm_net,2024-10-22,2024-10-25,205160.0,https://www.cftc.gov/files/dea/history/fut_disagg_txt_2026.zip,2026-10-08
cftc_gold_mm_net,2024-10-29,2024-11-01,195173.0,https://www.cftc.gov/files/dea/history/fut_disagg_txt_2026.zip,2026-10-08
cftc_gold_mm_net,2024-11-05,2024-11-08,183003.0,https://www.cftc.gov/files/dea/history/fut_disagg_txt_2026.zip,2026-10-08
cftc_gold_mm_net,2024-11-12,2024-11-15,165296.0,https://www.cftc.gov/files/dea/history/fut_disagg_txt_2026.zip,2026-10-08
cftc_gold_mm_net,2024-11-19,2024-11-22,155174.0,https://www.cftc.gov/files/dea/history/fut_disagg_txt_2026.zip,2026-10-08
cftc_gold_mm_net,2024-11-26,2024-11-29,179290.0,https://www.cftc.gov/files/dea/history/fut_disagg_txt_2026.zip,2026-10-08
cftc_gold_mm_net,2024-12-03,2024-12-06,180735.0,https://www.cftc.gov/files/dea/history/fut_disagg_txt_2026.zip,2026-10-08
cftc_gold_mm_net,2024-12-10,2024-12-13,196078.0,https://www.cftc.gov/files/dea/history/fut_disagg_txt_2026.zip,2026-10-08
cftc_gold_mm_net,2024-12-17,2024-12-20,183502.0,https://www.cftc.gov/files/dea/history/fut_disagg_txt_2026.zip,2026-10-08
cftc_gold_mm_net,2024-12-24,2024-12-27,165497.0,https://www.cftc.gov/files/dea/history/fut_disagg_txt_2026.zip,2026-10-08
cftc_gold_mm_net,2024-12-31,2025-01-03,166169.0,https://www.cftc.gov/files/dea/history/fut_disagg_txt_2026.zip,2026-10-08
cftc_gold_mm_net,2025-01-07,2025-01-10,177641.0,https://www.cftc.gov/files/dea/history/fut_disagg_txt_2026.zip,2026-10-08
cftc_gold_mm_net,2025-01-14,2025-01-17,195622.0,https://www.cftc.gov/files/dea/history/fut_disagg_txt_2026.zip,2026-10-08
cftc_gold_mm_net,2025-01-21,2025-01-24,215869.0,https://www.cftc.gov/files/dea/history/fut_disagg_txt_2026.zip,2026-10-08
cftc_gold_mm_net,2025-01-28,2025-01-31,210540.0,https://www.cftc.gov/files/dea/history/fut_disagg_txt_2026.zip,2026-10-08
cftc_gold_mm_net,2025-02-04,2025-02-07,209533.0,https://www.cftc.gov/files/dea/history/fut_disagg_txt_2026.zip,2026-10-08
cftc_gold_mm_net,2025-02-11,2025-02-14,194803.0,https://www.cftc.gov/files/dea/history/fut_disagg_txt_2026.zip,2026-10-08
cftc_gold_mm_net,2025-02-18,2025-02-21,185329.0,https://www.cftc.gov/files/dea/history/fut_disagg_txt_2026.zip,2026-10-08
cftc_gold_mm_net,2025-02-25,2025-02-28,179812.0,https://www.cftc.gov/files/dea/history/fut_disagg_txt_2026.zip,2026-10-08
cftc_gold_mm_net,2025-03-04,2025-03-07,166658.0,https://www.cftc.gov/files/dea/history/fut_disagg_txt_2026.zip,2026-10-08
cftc_gold_mm_net,2025-03-11,2025-03-14,167576.0,https://www.cftc.gov/files/dea/history/fut_disagg_txt_2026.zip,2026-10-08
cftc_gold_mm_net,2025-03-18,2025-03-21,183834.0,https://www.cftc.gov/files/dea/history/fut_disagg_txt_2026.zip,2026-10-08
cftc_gold_mm_net,2025-03-25,2025-03-28,174732.0,https://www.cftc.gov/files/dea/history/fut_disagg_txt_2026.zip,2026-10-08
cftc_gold_mm_net,2025-04-01,2025-04-04,141999.0,https://www.cftc.gov/files/dea/history/fut_disagg_txt_2026.zip,2026-10-08
cftc_gold_mm_net,2025-04-08,2025-04-11,130986.0,https://www.cftc.gov/files/dea/history/fut_disagg_txt_2026.zip,2026-10-08
cftc_gold_mm_net,2025-04-15,2025-04-18,124854.0,https://www.cftc.gov/files/dea/history/fut_disagg_txt_2026.zip,2026-10-08
cftc_gold_mm_net,2025-04-22,2025-04-25,120902.0,https://www.cftc.gov/files/dea/history/fut_disagg_txt_2026.zip,2026-10-08
cftc_gold_mm_net,2025-04-29,2025-05-02,105895.0,https://www.cftc.gov/files/dea/history/fut_disagg_txt_2026.zip,2026-10-08
cftc_gold_mm_net,2025-05-06,2025-05-09,102091.0,https://www.cftc.gov/files/dea/history/fut_disagg_txt_2026.zip,2026-10-08
cftc_gold_mm_net,2025-05-13,2025-05-16,101227.0,https://www.cftc.gov/files/dea/history/fut_disagg_txt_2026.zip,2026-10-08
cftc_gold_mm_net,2025-05-20,2025-05-23,107629.0,https://www.cftc.gov/files/dea/history/fut_disagg_txt_2026.zip,2026-10-08
cftc_gold_mm_net,2025-05-27,2025-05-30,110816.0,https://www.cftc.gov/files/dea/history/fut_disagg_txt_2026.zip,2026-10-08
cftc_gold_mm_net,2025-06-03,2025-06-06,123582.0,https://www.cftc.gov/files/dea/history/fut_disagg_txt_2026.zip,2026-10-08
cftc_gold_mm_net,2025-06-10,2025-06-13,124091.0,https://www.cftc.gov/files/dea/history/fut_disagg_txt_2026.zip,2026-10-08
cftc_gold_mm_net,2025-06-17,2025-06-20,130511.0,https://www.cftc.gov/files/dea/history/fut_disagg_txt_2026.zip,2026-10-08
cftc_gold_mm_net,2025-06-24,2025-06-27,125128.0,https://www.cftc.gov/files/dea/history/fut_disagg_txt_2026.zip,2026-10-08
cftc_gold_mm_net,2025-07-01,2025-07-04,130360.0,https://www.cftc.gov/files/dea/history/fut_disagg_txt_2026.zip,2026-10-08
cftc_gold_mm_net,2025-07-08,2025-07-11,128942.0,https://www.cftc.gov/files/dea/history/fut_disagg_txt_2026.zip,2026-10-08
cftc_gold_mm_net,2025-07-15,2025-07-18,136727.0,https://www.cftc.gov/files/dea/history/fut_disagg_txt_2026.zip,2026-10-08
cftc_gold_mm_net,2025-07-22,2025-07-25,159934.0,https://www.cftc.gov/files/dea/history/fut_disagg_txt_2026.zip,2026-10-08
cftc_gold_mm_net,2025-07-29,2025-08-01,134256.0,https://www.cftc.gov/files/dea/history/fut_disagg_txt_2026.zip,2026-10-08
cftc_gold_mm_net,2025-08-05,2025-08-08,153987.0,https://www.cftc.gov/files/dea/history/fut_disagg_txt_2026.zip,2026-10-08
cftc_gold_mm_net,2025-08-12,2025-08-15,148287.0,https://www.cftc.gov/files/dea/history/fut_disagg_txt_2026.zip,2026-10-08
cftc_gold_mm_net,2025-08-19,2025-08-22,137385.0,https://www.cftc.gov/files/dea/history/fut_disagg_txt_2026.zip,2026-10-08
cftc_gold_mm_net,2025-08-26,2025-08-29,141917.0,https://www.cftc.gov/files/dea/history/fut_disagg_txt_2026.zip,2026-10-08
cftc_gold_mm_net,2025-09-02,2025-09-05,161502.0,https://www.cftc.gov/files/dea/history/fut_disagg_txt_2026.zip,2026-10-08
cftc_gold_mm_net,2025-09-09,2025-09-12,163519.0,https://www.cftc.gov/files/dea/history/fut_disagg_txt_2026.zip,2026-10-08
cftc_gold_mm_net,2025-09-16,2025-09-19,158971.0,https://www.cftc.gov/files/dea/history/fut_disagg_txt_2026.zip,2026-10-08
cftc_gold_mm_net,2025-09-23,2025-09-26,160549.0,https://www.cftc.gov/files/dea/history/fut_disagg_txt_2026.zip,2026-10-08
cftc_gold_mm_net,2025-09-30,2025-10-03,145227.0,https://www.cftc.gov/files/dea/history/fut_disagg_txt_2026.zip,2026-10-08
cftc_gold_mm_net,2025-10-07,2025-10-10,129759.0,https://www.cftc.gov/files/dea/history/fut_disagg_txt_2026.zip,2026-10-08
cftc_gold_mm_net,2025-10-14,2025-10-17,108310.0,https://www.cftc.gov/files/dea/history/fut_disagg_txt_2026.zip,2026-10-08
cftc_gold_mm_net,2025-10-21,2025-10-24,92227.0,https://www.cftc.gov/files/dea/history/fut_disagg_txt_2026.zip,2026-10-08
cftc_gold_mm_net,2025-10-28,2025-10-31,104159.0,https://www.cftc.gov/files/dea/history/fut_disagg_txt_2026.zip,2026-10-08
cftc_gold_mm_net,2025-11-04,2025-11-07,100545.0,https://www.cftc.gov/files/dea/history/fut_disagg_txt_2026.zip,2026-10-08
cftc_gold_mm_net,2025-11-10,2025-11-13,104087.0,https://www.cftc.gov/files/dea/history/fut_disagg_txt_2026.zip,2026-10-08
cftc_gold_mm_net,2025-11-18,2025-11-21,98205.0,https://www.cftc.gov/files/dea/history/fut_disagg_txt_2026.zip,2026-10-08
cftc_gold_mm_net,2025-11-25,2025-11-28,109309.0,https://www.cftc.gov/files/dea/history/fut_disagg_txt_2026.zip,2026-10-08
cftc_gold_mm_net,2025-12-02,2025-12-05,120324.0,https://www.cftc.gov/files/dea/history/fut_disagg_txt_2026.zip,2026-10-08
cftc_gold_mm_net,2025-12-09,2025-12-12,123548.0,https://www.cftc.gov/files/dea/history/fut_disagg_txt_2026.zip,2026-10-08
cftc_gold_mm_net,2025-12-16,2025-12-19,132596.0,https://www.cftc.gov/files/dea/history/fut_disagg_txt_2026.zip,2026-10-08
cftc_gold_mm_net,2025-12-23,2025-12-26,136270.0,https://www.cftc.gov/files/dea/history/fut_disagg_txt_2026.zip,2026-10-08
cftc_gold_mm_net,2025-12-30,2026-01-02,126040.0,https://www.cftc.gov/files/dea/history/fut_disagg_txt_2026.zip,2026-10-08
cftc_gold_mm_net,2026-01-06,2026-01-09,123213.0,https://www.cftc.gov/files/dea/history/fut_disagg_txt_2026.zip,2026-10-08
cftc_gold_mm_net,2026-01-13,2026-01-16,134745.0,https://www.cftc.gov/files/dea/history/fut_disagg_txt_2026.zip,2026-10-08
cftc_gold_mm_net,2026-01-20,2026-01-23,137444.0,https://www.cftc.gov/files/dea/history/fut_disagg_txt_2026.zip,2026-10-08
cftc_gold_mm_net,2026-01-27,2026-01-30,118159.0,https://www.cftc.gov/files/dea/history/fut_disagg_txt_2026.zip,2026-10-08
cftc_gold_mm_net,2026-02-03,2026-02-06,92072.0,https://www.cftc.gov/files/dea/history/fut_disagg_txt_2026.zip,2026-10-08
cftc_gold_mm_net,2026-02-10,2026-02-13,92022.0,https://www.cftc.gov/files/dea/history/fut_disagg_txt_2026.zip,2026-10-08
cftc_gold_mm_net,2026-02-17,2026-02-20,95893.0,https://www.cftc.gov/files/dea/history/fut_disagg_txt_2026.zip,2026-10-08
cftc_gold_mm_net,2026-02-24,2026-02-27,95974.0,https://www.cftc.gov/files/dea/history/fut_disagg_txt_2026.zip,2026-10-08
cftc_gold_mm_net,2026-03-03,2026-03-06,97917.0,https://www.cftc.gov/files/dea/history/fut_disagg_txt_2026.zip,2026-10-08
cftc_gold_mm_net,2026-03-10,2026-03-13,98399.0,https://www.cftc.gov/files/dea/history/fut_disagg_txt_2026.zip,2026-10-08
cftc_gold_mm_net,2026-03-17,2026-03-20,102043.0,https://www.cftc.gov/files/dea/history/fut_disagg_txt_2026.zip,2026-10-08
cftc_gold_mm_net,2026-03-24,2026-03-27,91621.0,https://www.cftc.gov/files/dea/history/fut_disagg_txt_2026.zip,2026-10-08
cftc_gold_mm_net,2026-03-31,2026-04-03,92814.0,https://www.cftc.gov/files/dea/history/fut_disagg_txt_2026.zip,2026-10-08
cftc_gold_mm_net,2026-04-07,2026-04-10,90032.0,https://www.cftc.gov/files/dea/history/fut_disagg_txt_2026.zip,2026-10-08
cftc_gold_mm_net,2026-04-14,2026-04-17,95141.0,https://www.cftc.gov/files/dea/history/fut_disagg_txt_2026.zip,2026-10-08
cftc_gold_mm_net,2026-04-21,2026-04-24,92976.0,https://www.cftc.gov/files/dea/history/fut_disagg_txt_2026.zip,2026-10-08
cftc_gold_mm_net,2026-04-28,2026-05-01,89752.0,https://www.cftc.gov/files/dea/history/fut_disagg_txt_2026.zip,2026-10-08
cftc_gold_mm_net,2026-05-05,2026-05-08,94254.0,https://www.cftc.gov/files/dea/history/fut_disagg_txt_2026.zip,2026-10-08
cftc_gold_mm_net,2026-05-12,2026-05-15,98015.0,https://www.cftc.gov/files/dea/history/fut_disagg_txt_2026.zip,2026-10-08
cftc_gold_mm_net,2026-05-19,2026-05-22,93540.0,https://www.cftc.gov/files/dea/history/fut_disagg_txt_2026.zip,2026-10-08
cftc_gold_mm_net,2026-05-26,2026-05-29,97446.0,https://www.cftc.gov/files/dea/history/fut_disagg_txt_2026.zip,2026-10-08
cftc_gold_mm_net,2026-06-02,2026-06-05,112179.0,https://www.cftc.gov/files/dea/history/fut_disagg_txt_2026.zip,2026-10-08
cftc_gold_mm_net,2026-06-09,2026-06-12,105863.0,https://www.cftc.gov/files/dea/history/fut_disagg_txt_2026.zip,2026-10-08
cftc_gold_mm_net,2026-06-16,2026-06-19,113721.0,https://www.cftc.gov/files/dea/history/fut_disagg_txt_2026.zip,2026-10-08
cftc_gold_mm_net,2026-06-23,2026-06-26,115395.0,https://www.cftc.gov/files/dea/history/fut_disagg_txt_2026.zip,2026-10-08
cftc_gold_mm_net,2026-06-30,2026-07-03,120091.0,https://www.cftc.gov/files/dea/history/fut_disagg_txt_2026.zip,2026-10-08
cftc_gold_mm_net,2026-07-07,2026-07-10,116161.0,https://www.cftc.gov/files/dea/history/fut_disagg_txt_2026.zip,2026-10-08
cftc_gold_mm_net,2026-07-14,2026-07-17,120779.0,https://www.cftc.gov/files/dea/history/fut_disagg_txt_2026.zip,2026-10-08
cftc_gold_mm_net,2026-07-21,2026-07-24,124831.0,https://www.cftc.gov/files/dea/history/fut_disagg_txt_2026.zip,2026-10-08
cftc_gold_mm_net,2026-07-28,2026-07-31,119795.0,https://www.cftc.gov/files/dea/history/fut_disagg_txt_2026.zip,2026-10-08
cftc_gold_mm_net,2026-08-04,2026-08-07,130766.0,https://www.cftc.gov/files/dea/history/fut_disagg_txt_2026.zip,2026-10-08
cftc_gold_mm_net,2026-08-11,2026-08-14,137662.0,https://www.cftc.gov/files/dea/history/fut_disagg_txt_2026.zip,2026-10-08
cftc_gold_mm_net,2026-08-18,2026-08-21,141648.0,https://www.cftc.gov/files/dea/history/fut_disagg_txt_2026.zip,2026-10-08
cftc_gold_mm_net,2026-08-25,2026-08-28,144747.0,https://www.cftc.gov/files/dea/history/fut_disagg_txt_2026.zip,2026-10-08
cftc_gold_mm_net,2026-09-01,2026-09-04,136771.0,https://www.cftc.gov/files/dea/history/fut_disagg_txt_2026.zip,2026-10-08
cftc_gold_mm_net,2026-09-08,2026-09-11,134972.0,https://www.cftc.gov/files/dea/history/fut_disagg_txt_2026.zip,2026-10-08
cftc_gold_mm_net,2026-09-15,2026-09-18,133116.0,https://www.cftc.gov/files/dea/history/fut_disagg_txt_2026.zip,2026-10-08
cftc_gold_mm_net,2026-09-22,2026-09-25,127389.0,https://www.cftc.gov/files/dea/history/fut_disagg_txt_2026.zip,2026-10-08
cftc_gold_mm_net,2026-09-29,2026-10-02,120318.0,https://www.cftc.gov/files/dea/history/fut_disagg_txt_2026.zip,2026-10-08
cftc_gold_mm_net,2026-10-06,2026-10-09,110987.0,https://www.cftc.gov/files/dea/history/fut_disagg_txt_2026.zip,2026-10-09
