series_id,ref_date,available_date,value,source,fetched_at
cftc_copper_mm_long,2006-06-13,2006-06-16,6211.0,https://www.cftc.gov/files/dea/history/fut_disagg_txt_2026.zip,2026-10-08
cftc_copper_mm_long,2006-06-20,2006-06-23,6238.0,https://www.cftc.gov/files/dea/history/fut_disagg_txt_2026.zip,2026-10-08
cftc_copper_mm_long,2006-06-27,2006-06-30,5942.0,https://www.cftc.gov/files/dea/history/fut_disagg_txt_2026.zip,2026-10-08
cftc_copper_mm_long,2006-07-03,2006-07-06,6543.0,https://www.cftc.gov/files/dea/history/fut_disagg_txt_2026.zip,2026-10-08
cftc_copper_mm_long,2006-07-11,2006-07-14,8601.0,https://www.cftc.gov/files/dea/history/fut_disagg_txt_2026.zip,2026-10-08
cftc_copper_mm_long,2006-07-18,2006-07-21,8819.0,https://www.cftc.gov/files/dea/history/fut_disagg_txt_2026.zip,2026-10-08
cftc_copper_mm_long,2006-07-25,2006-07-28,6411.0,https://www.cftc.gov/files/dea/history/fut_disagg_txt_2026.zip,2026-10-08
cftc_copper_mm_long,2006-08-01,2006-08-04,6393.0,https://www.cftc.gov/files/dea/history/fut_disagg_txt_2026.zip,2026-10-08
cftc_copper_mm_long,2006-08-08,2006-08-11,7014.0,https://www.cftc.gov/files/dea/history/fut_disagg_txt_2026.zip,2026-10-08
cftc_copper_mm_long,2006-08-15,2006-08-18,6975.0,https://www.cftc.gov/files/dea/history/fut_disagg_txt_2026.zip,2026-10-08
cftc_copper_mm_long,2006-08-22,2006-08-25,5889.0,https://www.cftc.gov/files/dea/history/fut_disagg_txt_2026.zip,2026-10-08
cftc_copper_mm_long,2006-08-29,2006-09-01,5979.0,https://www.cftc.gov/files/dea/history/fut_disagg_txt_2026.zip,2026-10-08
cftc_copper_mm_long,2006-09-05,2006-09-08,7300.0,https://www.cftc.gov/files/dea/history/fut_disagg_txt_2026.zip,2026-10-08
cftc_copper_mm_long,2006-09-12,2006-09-15,5629.0,https://www.cftc.gov/files/dea/history/fut_disagg_txt_2026.zip,2026-10-08
cftc_copper_mm_long,2006-09-19,2006-09-22,6850.0,https://www.cftc.gov/files/dea/history/fut_disagg_txt_2026.zip,2026-10-08
cftc_copper_mm_long,2006-09-26,2006-09-29,8477.0,https://www.cftc.gov/files/dea/history/fut_disagg_txt_2026.zip,2026-10-08
cftc_copper_mm_long,2006-10-03,2006-10-06,8469.0,https://www.cftc.gov/files/dea/history/fut_disagg_txt_2026.zip,2026-10-08
cftc_copper_mm_long,2006-10-10,2006-10-13,8637.0,https://www.cftc.gov/files/dea/history/fut_disagg_txt_2026.zip,2026-10-08
cftc_copper_mm_long,2006-10-17,2006-10-20,10766.0,https://www.cftc.gov/files/dea/history/fut_disagg_txt_2026.zip,2026-10-08
cftc_copper_mm_long,2006-10-24,2006-10-27,10098.0,https://www.cftc.gov/files/dea/history/fut_disagg_txt_2026.zip,2026-10-08
cftc_copper_mm_long,2006-10-31,2006-11-03,9502.0,https://www.cftc.gov/files/dea/history/fut_disagg_txt_2026.zip,2026-10-08
cftc_copper_mm_long,2006-11-07,2006-11-10,9627.0,https://www.cftc.gov/files/dea/history/fut_disagg_txt_2026.zip,2026-10-08
cftc_copper_mm_long,2006-11-14,2006-11-17,7783.0,https://www.cftc.gov/files/dea/history/fut_disagg_txt_2026.zip,2026-10-08
cftc_copper_mm_long,2006-11-21,2006-11-24,7383.0,https://www.cftc.gov/files/dea/history/fut_disagg_txt_2026.zip,2026-10-08
cftc_copper_mm_long,2006-11-28,2006-12-01,7789.0,https://www.cftc.gov/files/dea/history/fut_disagg_txt_2026.zip,2026-10-08
cftc_copper_mm_long,2006-12-05,2006-12-08,7779.0,https://www.cftc.gov/files/dea/history/fut_disagg_txt_2026.zip,2026-10-08
cftc_copper_mm_long,2006-12-12,2006-12-15,7531.0,https://www.cftc.gov/files/dea/history/fut_disagg_txt_2026.zip,2026-10-08
cftc_copper_mm_long,2006-12-19,2006-12-22,6108.0,https://www.cftc.gov/files/dea/history/fut_disagg_txt_2026.zip,2026-10-08
cftc_copper_mm_long,2006-12-26,2006-12-29,4598.0,https://www.cftc.gov/files/dea/history/fut_disagg_txt_2026.zip,2026-10-08
cftc_copper_mm_long,2007-01-03,2007-01-06,3709.0,https://www.cftc.gov/files/dea/history/fut_disagg_txt_2026.zip,2026-10-08
cftc_copper_mm_long,2007-01-09,2007-01-12,3174.0,https://www.cftc.gov/files/dea/history/fut_disagg_txt_2026.zip,2026-10-08
cftc_copper_mm_long,2007-01-16,2007-01-19,3230.0,https://www.cftc.gov/files/dea/history/fut_disagg_txt_2026.zip,2026-10-08
cftc_copper_mm_long,2007-01-23,2007-01-26,2917.0,https://www.cftc.gov/files/dea/history/fut_disagg_txt_2026.zip,2026-10-08
cftc_copper_mm_long,2007-01-30,2007-02-02,3038.0,https://www.cftc.gov/files/dea/history/fut_disagg_txt_2026.zip,2026-10-08
cftc_copper_mm_long,2007-02-06,2007-02-09,2606.0,https://www.cftc.gov/files/dea/history/fut_disagg_txt_2026.zip,2026-10-08
cftc_copper_mm_long,2007-02-13,2007-02-16,3340.0,https://www.cftc.gov/files/dea/history/fut_disagg_txt_2026.zip,2026-10-08
cftc_copper_mm_long,2007-02-20,2007-02-23,3127.0,https://www.cftc.gov/files/dea/history/fut_disagg_txt_2026.zip,2026-10-08
cftc_copper_mm_long,2007-02-27,2007-03-02,3445.0,https://www.cftc.gov/files/dea/history/fut_disagg_txt_2026.zip,2026-10-08
cftc_copper_mm_long,2007-03-06,2007-03-09,2872.0,https://www.cftc.gov/files/dea/history/fut_disagg_txt_2026.zip,2026-10-08
cftc_copper_mm_long,2007-03-13,2007-03-16,2669.0,https://www.cftc.gov/files/dea/history/fut_disagg_txt_2026.zip,2026-10-08
cftc_copper_mm_long,2007-03-20,2007-03-23,5760.0,https://www.cftc.gov/files/dea/history/fut_disagg_txt_2026.zip,2026-10-08
cftc_copper_mm_long,2007-03-27,2007-03-30,6827.0,https://www.cftc.gov/files/dea/history/fut_disagg_txt_2026.zip,2026-10-08
cftc_copper_mm_long,2007-04-03,2007-04-06,8449.0,https://www.cftc.gov/files/dea/history/fut_disagg_txt_2026.zip,2026-10-08
cftc_copper_mm_long,2007-04-10,2007-04-13,10827.0,https://www.cftc.gov/files/dea/history/fut_disagg_txt_2026.zip,2026-10-08
cftc_copper_mm_long,2007-04-17,2007-04-20,12459.0,https://www.cftc.gov/files/dea/history/fut_disagg_txt_2026.zip,2026-10-08
cftc_copper_mm_long,2007-04-24,2007-04-27,12224.0,https://www.cftc.gov/files/dea/history/fut_disagg_txt_2026.zip,2026-10-08
cftc_copper_mm_long,2007-05-01,2007-05-04,14084.0,https://www.cftc.gov/files/dea/history/fut_disagg_txt_2026.zip,2026-10-08
cftc_copper_mm_long,2007-05-08,2007-05-11,14867.0,https://www.cftc.gov/files/dea/history/fut_disagg_txt_2026.zip,2026-10-08
cftc_copper_mm_long,2007-05-15,2007-05-18,14245.0,https://www.cftc.gov/files/dea/history/fut_disagg_txt_2026.zip,2026-10-08
cftc_copper_mm_long,2007-05-22,2007-05-25,11627.0,https://www.cftc.gov/files/dea/history/fut_disagg_txt_2026.zip,2026-10-08
cftc_copper_mm_long,2007-05-29,2007-06-01,11230.0,https://www.cftc.gov/files/dea/history/fut_disagg_txt_2026.zip,2026-10-08
cftc_copper_mm_long,2007-06-05,2007-06-08,11877.0,https://www.cftc.gov/files/dea/history/fut_disagg_txt_2026.zip,2026-10-08
cftc_copper_mm_long,2007-06-12,2007-06-15,12529.0,https://www.cftc.gov/files/dea/history/fut_disagg_txt_2026.zip,2026-10-08
cftc_copper_mm_long,2007-06-19,2007-06-22,13265.0,https://www.cftc.gov/files/dea/history/fut_disagg_txt_2026.zip,2026-10-08
cftc_copper_mm_long,2007-06-26,2007-06-29,12538.0,https://www.cftc.gov/files/dea/history/fut_disagg_txt_2026.zip,2026-10-08
cftc_copper_mm_long,2007-07-03,2007-07-06,15221.0,https://www.cftc.gov/files/dea/history/fut_disagg_txt_2026.zip,2026-10-08
cftc_copper_mm_long,2007-07-10,2007-07-13,19403.0,https://www.cftc.gov/files/dea/history/fut_disagg_txt_2026.zip,2026-10-08
cftc_copper_mm_long,2007-07-17,2007-07-20,18702.0,https://www.cftc.gov/files/dea/history/fut_disagg_txt_2026.zip,2026-10-08
cftc_copper_mm_long,2007-07-24,2007-07-27,20502.0,https://www.cftc.gov/files/dea/history/fut_disagg_txt_2026.zip,2026-10-08
cftc_copper_mm_long,2007-07-31,2007-08-03,18274.0,https://www.cftc.gov/files/dea/history/fut_disagg_txt_2026.zip,2026-10-08
cftc_copper_mm_long,2007-08-07,2007-08-10,16233.0,https://www.cftc.gov/files/dea/history/fut_disagg_txt_2026.zip,2026-10-08
cftc_copper_mm_long,2007-08-14,2007-08-17,13706.0,https://www.cftc.gov/files/dea/history/fut_disagg_txt_2026.zip,2026-10-08
cftc_copper_mm_long,2007-08-21,2007-08-24,10950.0,https://www.cftc.gov/files/dea/history/fut_disagg_txt_2026.zip,2026-10-08
cftc_copper_mm_long,2007-08-28,2007-08-31,10035.0,https://www.cftc.gov/files/dea/history/fut_disagg_txt_2026.zip,2026-10-08
cftc_copper_mm_long,2007-09-04,2007-09-07,10250.0,https://www.cftc.gov/files/dea/history/fut_disagg_txt_2026.zip,2026-10-08
cftc_copper_mm_long,2007-09-11,2007-09-14,10991.0,https://www.cftc.gov/files/dea/history/fut_disagg_txt_2026.zip,2026-10-08
cftc_copper_mm_long,2007-09-18,2007-09-21,13153.0,https://www.cftc.gov/files/dea/history/fut_disagg_txt_2026.zip,2026-10-08
cftc_copper_mm_long,2007-09-25,2007-09-28,16479.0,https://www.cftc.gov/files/dea/history/fut_disagg_txt_2026.zip,2026-10-08
cftc_copper_mm_long,2007-10-02,2007-10-05,19777.0,https://www.cftc.gov/files/dea/history/fut_disagg_txt_2026.zip,2026-10-08
cftc_copper_mm_long,2007-10-09,2007-10-12,21878.0,https://www.cftc.gov/files/dea/history/fut_disagg_txt_2026.zip,2026-10-08
cftc_copper_mm_long,2007-10-16,2007-10-19,21407.0,https://www.cftc.gov/files/dea/history/fut_disagg_txt_2026.zip,2026-10-08
cftc_copper_mm_long,2007-10-23,2007-10-26,17603.0,https://www.cftc.gov/files/dea/history/fut_disagg_txt_2026.zip,2026-10-08
cftc_copper_mm_long,2007-10-30,2007-11-02,15056.0,https://www.cftc.gov/files/dea/history/fut_disagg_txt_2026.zip,2026-10-08
cftc_copper_mm_long,2007-11-06,2007-11-09,12577.0,https://www.cftc.gov/files/dea/history/fut_disagg_txt_2026.zip,2026-10-08
cftc_copper_mm_long,2007-11-13,2007-11-16,9455.0,https://www.cftc.gov/files/dea/history/fut_disagg_txt_2026.zip,2026-10-08
cftc_copper_mm_long,2007-11-20,2007-11-23,7339.0,https://www.cftc.gov/files/dea/history/fut_disagg_txt_2026.zip,2026-10-08
cftc_copper_mm_long,2007-11-27,2007-11-30,5592.0,https://www.cftc.gov/files/dea/history/fut_disagg_txt_2026.zip,2026-10-08
cftc_copper_mm_long,2007-12-04,2007-12-07,5507.0,https://www.cftc.gov/files/dea/history/fut_disagg_txt_2026.zip,2026-10-08
cftc_copper_mm_long,2007-12-11,2007-12-14,5272.0,https://www.cftc.gov/files/dea/history/fut_disagg_txt_2026.zip,2026-10-08
cftc_copper_mm_long,2007-12-18,2007-12-21,4963.0,https://www.cftc.gov/files/dea/history/fut_disagg_txt_2026.zip,2026-10-08
cftc_copper_mm_long,2007-12-24,2007-12-27,5161.0,https://www.cftc.gov/files/dea/history/fut_disagg_txt_2026.zip,2026-10-08
cftc_copper_mm_long,2007-12-31,2008-01-03,5432.0,https://www.cftc.gov/files/dea/history/fut_disagg_txt_2026.zip,2026-10-08
cftc_copper_mm_long,2008-01-08,2008-01-11,6367.0,https://www.cftc.gov/files/dea/history/fut_disagg_txt_2026.zip,2026-10-08
cftc_copper_mm_long,2008-01-15,2008-01-18,8327.0,https://www.cftc.gov/files/dea/history/fut_disagg_txt_2026.zip,2026-10-08
cftc_copper_mm_long,2008-01-22,2008-01-25,9230.0,https://www.cftc.gov/files/dea/history/fut_disagg_txt_2026.zip,2026-10-08
cftc_copper_mm_long,2008-01-29,2008-02-01,8598.0,https://www.cftc.gov/files/dea/history/fut_disagg_txt_2026.zip,2026-10-08
cftc_copper_mm_long,2008-02-05,2008-02-08,9698.0,https://www.cftc.gov/files/dea/history/fut_disagg_txt_2026.zip,2026-10-08
cftc_copper_mm_long,2008-02-12,2008-02-15,16552.0,https://www.cftc.gov/files/dea/history/fut_disagg_txt_2026.zip,2026-10-08
cftc_copper_mm_long,2008-02-19,2008-02-22,19228.0,https://www.cftc.gov/files/dea/history/fut_disagg_txt_2026.zip,2026-10-08
cftc_copper_mm_long,2008-02-26,2008-02-29,22373.0,https://www.cftc.gov/files/dea/history/fut_disagg_txt_2026.zip,2026-10-08
cftc_copper_mm_long,2008-03-04,2008-03-07,24503.0,https://www.cftc.gov/files/dea/history/fut_disagg_txt_2026.zip,2026-10-08
cftc_copper_mm_long,2008-03-11,2008-03-14,25514.0,https://www.cftc.gov/files/dea/history/fut_disagg_txt_2026.zip,2026-10-08
cftc_copper_mm_long,2008-03-18,2008-03-21,23682.0,https://www.cftc.gov/files/dea/history/fut_disagg_txt_2026.zip,2026-10-08
cftc_copper_mm_long,2008-03-25,2008-03-28,20107.0,https://www.cftc.gov/files/dea/history/fut_disagg_txt_2026.zip,2026-10-08
cftc_copper_mm_long,2008-04-01,2008-04-04,22847.0,https://www.cftc.gov/files/dea/history/fut_disagg_txt_2026.zip,2026-10-08
cftc_copper_mm_long,2008-04-08,2008-04-11,25173.0,https://www.cftc.gov/files/dea/history/fut_disagg_txt_2026.zip,2026-10-08
cftc_copper_mm_long,2008-04-15,2008-04-18,27505.0,https://www.cftc.gov/files/dea/history/fut_disagg_txt_2026.zip,2026-10-08
cftc_copper_mm_long,2008-04-22,2008-04-25,28071.0,https://www.cftc.gov/files/dea/history/fut_disagg_txt_2026.zip,2026-10-08
cftc_copper_mm_long,2008-04-29,2008-05-02,26289.0,https://www.cftc.gov/files/dea/history/fut_disagg_txt_2026.zip,2026-10-08
cftc_copper_mm_long,2008-05-06,2008-05-09,24783.0,https://www.cftc.gov/files/dea/history/fut_disagg_txt_2026.zip,2026-10-08
cftc_copper_mm_long,2008-05-13,2008-05-16,22140.0,https://www.cftc.gov/files/dea/history/fut_disagg_txt_2026.zip,2026-10-08
cftc_copper_mm_long,2008-05-20,2008-05-23,22062.0,https://www.cftc.gov/files/dea/history/fut_disagg_txt_2026.zip,2026-10-08
cftc_copper_mm_long,2008-05-27,2008-05-30,20469.0,https://www.cftc.gov/files/dea/history/fut_disagg_txt_2026.zip,2026-10-08
cftc_copper_mm_long,2008-06-03,2008-06-06,18475.0,https://www.cftc.gov/files/dea/history/fut_disagg_txt_2026.zip,2026-10-08
cftc_copper_mm_long,2008-06-10,2008-06-13,18069.0,https://www.cftc.gov/files/dea/history/fut_disagg_txt_2026.zip,2026-10-08
cftc_copper_mm_long,2008-06-17,2008-06-20,20450.0,https://www.cftc.gov/files/dea/history/fut_disagg_txt_2026.zip,2026-10-08
cftc_copper_mm_long,2008-06-24,2008-06-27,22982.0,https://www.cftc.gov/files/dea/history/fut_disagg_txt_2026.zip,2026-10-08
cftc_copper_mm_long,2008-07-01,2008-07-04,23753.0,https://www.cftc.gov/files/dea/history/fut_disagg_txt_2026.zip,2026-10-08
cftc_copper_mm_long,2008-07-08,2008-07-11,22703.0,https://www.cftc.gov/files/dea/history/fut_disagg_txt_2026.zip,2026-10-08
cftc_copper_mm_long,2008-07-15,2008-07-18,18678.0,https://www.cftc.gov/files/dea/history/fut_disagg_txt_2026.zip,2026-10-08
cftc_copper_mm_long,2008-07-22,2008-07-25,18104.0,https://www.cftc.gov/files/dea/history/fut_disagg_txt_2026.zip,2026-10-08
cftc_copper_mm_long,2008-07-29,2008-08-01,15600.0,https://www.cftc.gov/files/dea/history/fut_disagg_txt_2026.zip,2026-10-08
cftc_copper_mm_long,2008-08-05,2008-08-08,12701.0,https://www.cftc.gov/files/dea/history/fut_disagg_txt_2026.zip,2026-10-08
cftc_copper_mm_long,2008-08-12,2008-08-15,9786.0,https://www.cftc.gov/files/dea/history/fut_disagg_txt_2026.zip,2026-10-08
cftc_copper_mm_long,2008-08-19,2008-08-22,6894.0,https://www.cftc.gov/files/dea/history/fut_disagg_txt_2026.zip,2026-10-08
cftc_copper_mm_long,2008-08-26,2008-08-29,5732.0,https://www.cftc.gov/files/dea/history/fut_disagg_txt_2026.zip,2026-10-08
cftc_copper_mm_long,2008-09-02,2008-09-05,4778.0,https://www.cftc.gov/files/dea/history/fut_disagg_txt_2026.zip,2026-10-08
cftc_copper_mm_long,2008-09-09,2008-09-12,4420.0,https://www.cftc.gov/files/dea/history/fut_disagg_txt_2026.zip,2026-10-08
cftc_copper_mm_long,2008-09-16,2008-09-19,3720.0,https://www.cftc.gov/files/dea/history/fut_disagg_txt_2026.zip,2026-10-08
cftc_copper_mm_long,2008-09-23,2008-09-26,3649.0,https://www.cftc.gov/files/dea/history/fut_disagg_txt_2026.zip,2026-10-08
cftc_copper_mm_long,2008-09-30,2008-10-03,3994.0,https://www.cftc.gov/files/dea/history/fut_disagg_txt_2026.zip,2026-10-08
cftc_copper_mm_long,2008-10-07,2008-10-10,3268.0,https://www.cftc.gov/files/dea/history/fut_disagg_txt_2026.zip,2026-10-08
cftc_copper_mm_long,2008-10-14,2008-10-17,3948.0,https://www.cftc.gov/files/dea/history/fut_disagg_txt_2026.zip,2026-10-08
cftc_copper_mm_long,2008-10-21,2008-10-24,3628.0,https://www.cftc.gov/files/dea/history/fut_disagg_txt_2026.zip,2026-10-08
cftc_copper_mm_long,2008-10-28,2008-10-31,4616.0,https://www.cftc.gov/files/dea/history/fut_disagg_txt_2026.zip,2026-10-08
cftc_copper_mm_long,2008-11-04,2008-11-07,4443.0,https://www.cftc.gov/files/dea/history/fut_disagg_txt_2026.zip,2026-10-08
cftc_copper_mm_long,2008-11-11,2008-11-14,3713.0,https://www.cftc.gov/files/dea/history/fut_disagg_txt_2026.zip,2026-10-08
cftc_copper_mm_long,2008-11-18,2008-11-21,5381.0,https://www.cftc.gov/files/dea/history/fut_disagg_txt_2026.zip,2026-10-08
cftc_copper_mm_long,2008-11-25,2008-11-28,5791.0,https://www.cftc.gov/files/dea/history/fut_disagg_txt_2026.zip,2026-10-08
cftc_copper_mm_long,2008-12-02,2008-12-05,6338.0,https://www.cftc.gov/files/dea/history/fut_disagg_txt_2026.zip,2026-10-08
cftc_copper_mm_long,2008-12-09,2008-12-12,5127.0,https://www.cftc.gov/files/dea/history/fut_disagg_txt_2026.zip,2026-10-08
cftc_copper_mm_long,2008-12-16,2008-12-19,5640.0,https://www.cftc.gov/files/dea/history/fut_disagg_txt_2026.zip,2026-10-08
cftc_copper_mm_long,2008-12-22,2008-12-25,6568.0,https://www.cftc.gov/files/dea/history/fut_disagg_txt_2026.zip,2026-10-08
cftc_copper_mm_long,2008-12-30,2009-01-02,6809.0,https://www.cftc.gov/files/dea/history/fut_disagg_txt_2026.zip,2026-10-08
cftc_copper_mm_long,2009-01-06,2009-01-09,7181.0,https://www.cftc.gov/files/dea/history/fut_disagg_txt_2026.zip,2026-10-08
cftc_copper_mm_long,2009-01-13,2009-01-16,5402.0,https://www.cftc.gov/files/dea/history/fut_disagg_txt_2026.zip,2026-10-08
cftc_copper_mm_long,2009-01-20,2009-01-23,4757.0,https://www.cftc.gov/files/dea/history/fut_disagg_txt_2026.zip,2026-10-08
cftc_copper_mm_long,2009-01-27,2009-01-30,4460.0,https://www.cftc.gov/files/dea/history/fut_disagg_txt_2026.zip,2026-10-08
cftc_copper_mm_long,2009-02-03,2009-02-06,4888.0,https://www.cftc.gov/files/dea/history/fut_disagg_txt_2026.zip,2026-10-08
cftc_copper_mm_long,2009-02-10,2009-02-13,6383.0,https://www.cftc.gov/files/dea/history/fut_disagg_txt_2026.zip,2026-10-08
cftc_copper_mm_long,2009-02-17,2009-02-20,4518.0,https://www.cftc.gov/files/dea/history/fut_disagg_txt_2026.zip,2026-10-08
cftc_copper_mm_long,2009-02-24,2009-02-27,4889.0,https://www.cftc.gov/files/dea/history/fut_disagg_txt_2026.zip,2026-10-08
cftc_copper_mm_long,2009-03-03,2009-03-06,4151.0,https://www.cftc.gov/files/dea/history/fut_disagg_txt_2026.zip,2026-10-08
cftc_copper_mm_long,2009-03-10,2009-03-13,8907.0,https://www.cftc.gov/files/dea/history/fut_disagg_txt_2026.zip,2026-10-08
cftc_copper_mm_long,2009-03-17,2009-03-20,10260.0,https://www.cftc.gov/files/dea/history/fut_disagg_txt_2026.zip,2026-10-08
cftc_copper_mm_long,2009-03-24,2009-03-27,10537.0,https://www.cftc.gov/files/dea/history/fut_disagg_txt_2026.zip,2026-10-08
cftc_copper_mm_long,2009-03-31,2009-04-03,10427.0,https://www.cftc.gov/files/dea/history/fut_disagg_txt_2026.zip,2026-10-08
cftc_copper_mm_long,2009-04-07,2009-04-10,13329.0,https://www.cftc.gov/files/dea/history/fut_disagg_txt_2026.zip,2026-10-08
cftc_copper_mm_long,2009-04-14,2009-04-17,12643.0,https://www.cftc.gov/files/dea/history/fut_disagg_txt_2026.zip,2026-10-08
cftc_copper_mm_long,2009-04-21,2009-04-24,13754.0,https://www.cftc.gov/files/dea/history/fut_disagg_txt_2026.zip,2026-10-08
cftc_copper_mm_long,2009-04-28,2009-05-01,15335.0,https://www.cftc.gov/files/dea/history/fut_disagg_txt_2026.zip,2026-10-08
cftc_copper_mm_long,2009-05-05,2009-05-08,14307.0,https://www.cftc.gov/files/dea/history/fut_disagg_txt_2026.zip,2026-10-08
cftc_copper_mm_long,2009-05-12,2009-05-15,13710.0,https://www.cftc.gov/files/dea/history/fut_disagg_txt_2026.zip,2026-10-08
cftc_copper_mm_long,2009-05-19,2009-05-22,13162.0,https://www.cftc.gov/files/dea/history/fut_disagg_txt_2026.zip,2026-10-08
cftc_copper_mm_long,2009-05-26,2009-05-29,13722.0,https://www.cftc.gov/files/dea/history/fut_disagg_txt_2026.zip,2026-10-08
cftc_copper_mm_long,2009-06-02,2009-06-05,15209.0,https://www.cftc.gov/files/dea/history/fut_disagg_txt_2026.zip,2026-10-08
cftc_copper_mm_long,2009-06-09,2009-06-12,13675.0,https://www.cftc.gov/files/dea/history/fut_disagg_txt_2026.zip,2026-10-08
cftc_copper_mm_long,2009-06-16,2009-06-19,15278.0,https://www.cftc.gov/files/dea/history/fut_disagg_txt_2026.zip,2026-10-08
cftc_copper_mm_long,2009-06-23,2009-06-26,12102.0,https://www.cftc.gov/files/dea/history/fut_disagg_txt_2026.zip,2026-10-08
cftc_copper_mm_long,2009-06-30,2009-07-03,11787.0,https://www.cftc.gov/files/dea/history/fut_disagg_txt_2026.zip,2026-10-08
cftc_copper_mm_long,2009-07-07,2009-07-10,11513.0,https://www.cftc.gov/files/dea/history/fut_disagg_txt_2026.zip,2026-10-08
cftc_copper_mm_long,2009-07-14,2009-07-17,11479.0,https://www.cftc.gov/files/dea/history/fut_disagg_txt_2026.zip,2026-10-08
cftc_copper_mm_long,2009-07-21,2009-07-24,17089.0,https://www.cftc.gov/files/dea/history/fut_disagg_txt_2026.zip,2026-10-08
cftc_copper_mm_long,2009-07-28,2009-07-31,19135.0,https://www.cftc.gov/files/dea/history/fut_disagg_txt_2026.zip,2026-10-08
cftc_copper_mm_long,2009-08-04,2009-08-07,21592.0,https://www.cftc.gov/files/dea/history/fut_disagg_txt_2026.zip,2026-10-08
cftc_copper_mm_long,2009-08-11,2009-08-14,22007.0,https://www.cftc.gov/files/dea/history/fut_disagg_txt_2026.zip,2026-10-08
cftc_copper_mm_long,2009-08-18,2009-08-21,22514.0,https://www.cftc.gov/files/dea/history/fut_disagg_txt_2026.zip,2026-10-08
cftc_copper_mm_long,2009-08-25,2009-08-28,24068.0,https://www.cftc.gov/files/dea/history/fut_disagg_txt_2026.zip,2026-10-08
cftc_copper_mm_long,2009-09-01,2009-09-04,22643.0,https://www.cftc.gov/files/dea/history/fut_disagg_txt_2026.zip,2026-10-08
cftc_copper_mm_long,2009-09-08,2009-09-11,23106.0,https://www.cftc.gov/files/dea/history/fut_disagg_txt_2026.zip,2026-10-08
cftc_copper_mm_long,2009-09-15,2009-09-18,21040.0,https://www.cftc.gov/files/dea/history/fut_disagg_txt_2026.zip,2026-10-08
cftc_copper_mm_long,2009-09-22,2009-09-25,19009.0,https://www.cftc.gov/files/dea/history/fut_disagg_txt_2026.zip,2026-10-08
cftc_copper_mm_long,2009-09-29,2009-10-02,16298.0,https://www.cftc.gov/files/dea/history/fut_disagg_txt_2026.zip,2026-10-08
cftc_copper_mm_long,2009-10-06,2009-10-09,18466.0,https://www.cftc.gov/files/dea/history/fut_disagg_txt_2026.zip,2026-10-08
cftc_copper_mm_long,2009-10-13,2009-10-16,19813.0,https://www.cftc.gov/files/dea/history/fut_disagg_txt_2026.zip,2026-10-08
cftc_copper_mm_long,2009-10-20,2009-10-23,27199.0,https://www.cftc.gov/files/dea/history/fut_disagg_txt_2026.zip,2026-10-08
cftc_copper_mm_long,2009-10-27,2009-10-30,31745.0,https://www.cftc.gov/files/dea/history/fut_disagg_txt_2026.zip,2026-10-08
cftc_copper_mm_long,2009-11-03,2009-11-06,32606.0,https://www.cftc.gov/files/dea/history/fut_disagg_txt_2026.zip,2026-10-08
cftc_copper_mm_long,2009-11-09,2009-11-12,32605.0,https://www.cftc.gov/files/dea/history/fut_disagg_txt_2026.zip,2026-10-08
cftc_copper_mm_long,2009-11-17,2009-11-20,38864.0,https://www.cftc.gov/files/dea/history/fut_disagg_txt_2026.zip,2026-10-08
cftc_copper_mm_long,2009-11-24,2009-11-27,40408.0,https://www.cftc.gov/files/dea/history/fut_disagg_txt_2026.zip,2026-10-08
cftc_copper_mm_long,2009-12-01,2009-12-04,40865.0,https://www.cftc.gov/files/dea/history/fut_disagg_txt_2026.zip,2026-10-08
cftc_copper_mm_long,2009-12-08,2009-12-11,42485.0,https://www.cftc.gov/files/dea/history/fut_disagg_txt_2026.zip,2026-10-08
cftc_copper_mm_long,2009-12-15,2009-12-18,39995.0,https://www.cftc.gov/files/dea/history/fut_disagg_txt_2026.zip,2026-10-08
cftc_copper_mm_long,2009-12-22,2009-12-25,37265.0,https://www.cftc.gov/files/dea/history/fut_disagg_txt_2026.zip,2026-10-08
cftc_copper_mm_long,2009-12-29,2010-01-01,44847.0,https://www.cftc.gov/files/dea/history/fut_disagg_txt_2026.zip,2026-10-08
cftc_copper_mm_long,2010-01-05,2010-01-08,45703.0,https://www.cftc.gov/files/dea/history/fut_disagg_txt_2026.zip,2026-10-08
cftc_copper_mm_long,2010-01-12,2010-01-15,46290.0,https://www.cftc.gov/files/dea/history/fut_disagg_txt_2026.zip,2026-10-08
cftc_copper_mm_long,2010-01-19,2010-01-22,45009.0,https://www.cftc.gov/files/dea/history/fut_disagg_txt_2026.zip,2026-10-08
cftc_copper_mm_long,2010-01-26,2010-01-29,43187.0,https://www.cftc.gov/files/dea/history/fut_disagg_txt_2026.zip,2026-10-08
cftc_copper_mm_long,2010-02-02,2010-02-05,33044.0,https://www.cftc.gov/files/dea/history/fut_disagg_txt_2026.zip,2026-10-08
cftc_copper_mm_long,2010-02-09,2010-02-12,29581.0,https://www.cftc.gov/files/dea/history/fut_disagg_txt_2026.zip,2026-10-08
cftc_copper_mm_long,2010-02-16,2010-02-19,30696.0,https://www.cftc.gov/files/dea/history/fut_disagg_txt_2026.zip,2026-10-08
cftc_copper_mm_long,2010-02-23,2010-02-26,32754.0,https://www.cftc.gov/files/dea/history/fut_disagg_txt_2026.zip,2026-10-08
cftc_copper_mm_long,2010-03-02,2010-03-05,33356.0,https://www.cftc.gov/files/dea/history/fut_disagg_txt_2026.zip,2026-10-08
cftc_copper_mm_long,2010-03-09,2010-03-12,36197.0,https://www.cftc.gov/files/dea/history/fut_disagg_txt_2026.zip,2026-10-08
cftc_copper_mm_long,2010-03-16,2010-03-19,36898.0,https://www.cftc.gov/files/dea/history/fut_disagg_txt_2026.zip,2026-10-08
cftc_copper_mm_long,2010-03-23,2010-03-26,36665.0,https://www.cftc.gov/files/dea/history/fut_disagg_txt_2026.zip,2026-10-08
cftc_copper_mm_long,2010-03-30,2010-04-02,41665.0,https://www.cftc.gov/files/dea/history/fut_disagg_txt_2026.zip,2026-10-08
cftc_copper_mm_long,2010-04-06,2010-04-09,44918.0,https://www.cftc.gov/files/dea/history/fut_disagg_txt_2026.zip,2026-10-08
cftc_copper_mm_long,2010-04-13,2010-04-16,47900.0,https://www.cftc.gov/files/dea/history/fut_disagg_txt_2026.zip,2026-10-08
cftc_copper_mm_long,2010-04-20,2010-04-23,44612.0,https://www.cftc.gov/files/dea/history/fut_disagg_txt_2026.zip,2026-10-08
cftc_copper_mm_long,2010-04-27,2010-04-30,41393.0,https://www.cftc.gov/files/dea/history/fut_disagg_txt_2026.zip,2026-10-08
cftc_copper_mm_long,2010-05-04,2010-05-07,36192.0,https://www.cftc.gov/files/dea/history/fut_disagg_txt_2026.zip,2026-10-08
cftc_copper_mm_long,2010-05-11,2010-05-14,30620.0,https://www.cftc.gov/files/dea/history/fut_disagg_txt_2026.zip,2026-10-08
cftc_copper_mm_long,2010-05-18,2010-05-21,29369.0,https://www.cftc.gov/files/dea/history/fut_disagg_txt_2026.zip,2026-10-08
cftc_copper_mm_long,2010-05-25,2010-05-28,26699.0,https://www.cftc.gov/files/dea/history/fut_disagg_txt_2026.zip,2026-10-08
cftc_copper_mm_long,2010-06-01,2010-06-04,27075.0,https://www.cftc.gov/files/dea/history/fut_disagg_txt_2026.zip,2026-10-08
cftc_copper_mm_long,2010-06-08,2010-06-11,26353.0,https://www.cftc.gov/files/dea/history/fut_disagg_txt_2026.zip,2026-10-08
cftc_copper_mm_long,2010-06-15,2010-06-18,26181.0,https://www.cftc.gov/files/dea/history/fut_disagg_txt_2026.zip,2026-10-08
cftc_copper_mm_long,2010-06-22,2010-06-25,26258.0,https://www.cftc.gov/files/dea/history/fut_disagg_txt_2026.zip,2026-10-08
cftc_copper_mm_long,2010-06-29,2010-07-02,25870.0,https://www.cftc.gov/files/dea/history/fut_disagg_txt_2026.zip,2026-10-08
cftc_copper_mm_long,2010-07-06,2010-07-09,25998.0,https://www.cftc.gov/files/dea/history/fut_disagg_txt_2026.zip,2026-10-08
cftc_copper_mm_long,2010-07-13,2010-07-16,26262.0,https://www.cftc.gov/files/dea/history/fut_disagg_txt_2026.zip,2026-10-08
cftc_copper_mm_long,2010-07-20,2010-07-23,26893.0,https://www.cftc.gov/files/dea/history/fut_disagg_txt_2026.zip,2026-10-08
cftc_copper_mm_long,2010-07-27,2010-07-30,29773.0,https://www.cftc.gov/files/dea/history/fut_disagg_txt_2026.zip,2026-10-08
cftc_copper_mm_long,2010-08-03,2010-08-06,32336.0,https://www.cftc.gov/files/dea/history/fut_disagg_txt_2026.zip,2026-10-08
cftc_copper_mm_long,2010-08-10,2010-08-13,34757.0,https://www.cftc.gov/files/dea/history/fut_disagg_txt_2026.zip,2026-10-08
cftc_copper_mm_long,2010-08-17,2010-08-20,35782.0,https://www.cftc.gov/files/dea/history/fut_disagg_txt_2026.zip,2026-10-08
cftc_copper_mm_long,2010-08-24,2010-08-27,31565.0,https://www.cftc.gov/files/dea/history/fut_disagg_txt_2026.zip,2026-10-08
cftc_copper_mm_long,2010-08-31,2010-09-03,34577.0,https://www.cftc.gov/files/dea/history/fut_disagg_txt_2026.zip,2026-10-08
cftc_copper_mm_long,2010-09-07,2010-09-10,37055.0,https://www.cftc.gov/files/dea/history/fut_disagg_txt_2026.zip,2026-10-08
cftc_copper_mm_long,2010-09-14,2010-09-17,37292.0,https://www.cftc.gov/files/dea/history/fut_disagg_txt_2026.zip,2026-10-08
cftc_copper_mm_long,2010-09-21,2010-09-24,38554.0,https://www.cftc.gov/files/dea/history/fut_disagg_txt_2026.zip,2026-10-08
cftc_copper_mm_long,2010-09-28,2010-10-01,42777.0,https://www.cftc.gov/files/dea/history/fut_disagg_txt_2026.zip,2026-10-08
cftc_copper_mm_long,2010-10-05,2010-10-08,45546.0,https://www.cftc.gov/files/dea/history/fut_disagg_txt_2026.zip,2026-10-08
cftc_copper_mm_long,2010-10-12,2010-10-15,47223.0,https://www.cftc.gov/files/dea/history/fut_disagg_txt_2026.zip,2026-10-08
cftc_copper_mm_long,2010-10-19,2010-10-22,47549.0,https://www.cftc.gov/files/dea/history/fut_disagg_txt_2026.zip,2026-10-08
cftc_copper_mm_long,2010-10-26,2010-10-29,47373.0,https://www.cftc.gov/files/dea/history/fut_disagg_txt_2026.zip,2026-10-08
cftc_copper_mm_long,2010-11-02,2010-11-05,45388.0,https://www.cftc.gov/files/dea/history/fut_disagg_txt_2026.zip,2026-10-08
cftc_copper_mm_long,2010-11-09,2010-11-12,47578.0,https://www.cftc.gov/files/dea/history/fut_disagg_txt_2026.zip,2026-10-08
cftc_copper_mm_long,2010-11-16,2010-11-19,42984.0,https://www.cftc.gov/files/dea/history/fut_disagg_txt_2026.zip,2026-10-08
cftc_copper_mm_long,2010-11-23,2010-11-26,39563.0,https://www.cftc.gov/files/dea/history/fut_disagg_txt_2026.zip,2026-10-08
cftc_copper_mm_long,2010-11-30,2010-12-03,40880.0,https://www.cftc.gov/files/dea/history/fut_disagg_txt_2026.zip,2026-10-08
cftc_copper_mm_long,2010-12-07,2010-12-10,45906.0,https://www.cftc.gov/files/dea/history/fut_disagg_txt_2026.zip,2026-10-08
cftc_copper_mm_long,2010-12-14,2010-12-17,49597.0,https://www.cftc.gov/files/dea/history/fut_disagg_txt_2026.zip,2026-10-08
cftc_copper_mm_long,2010-12-21,2010-12-24,51615.0,https://www.cftc.gov/files/dea/history/fut_disagg_txt_2026.zip,2026-10-08
cftc_copper_mm_long,2010-12-28,2010-12-31,53134.0,https://www.cftc.gov/files/dea/history/fut_disagg_txt_2026.zip,2026-10-08
cftc_copper_mm_long,2011-01-04,2011-01-07,52984.0,https://www.cftc.gov/files/dea/history/fut_disagg_txt_2026.zip,2026-10-08
cftc_copper_mm_long,2011-01-11,2011-01-14,53059.0,https://www.cftc.gov/files/dea/history/fut_disagg_txt_2026.zip,2026-10-08
cftc_copper_mm_long,2011-01-18,2011-01-21,54289.0,https://www.cftc.gov/files/dea/history/fut_disagg_txt_2026.zip,2026-10-08
cftc_copper_mm_long,2011-01-25,2011-01-28,45774.0,https://www.cftc.gov/files/dea/history/fut_disagg_txt_2026.zip,2026-10-08
cftc_copper_mm_long,2011-02-01,2011-02-04,49583.0,https://www.cftc.gov/files/dea/history/fut_disagg_txt_2026.zip,2026-10-08
cftc_copper_mm_long,2011-02-08,2011-02-11,54743.0,https://www.cftc.gov/files/dea/history/fut_disagg_txt_2026.zip,2026-10-08
cftc_copper_mm_long,2011-02-15,2011-02-18,50917.0,https://www.cftc.gov/files/dea/history/fut_disagg_txt_2026.zip,2026-10-08
cftc_copper_mm_long,2011-02-22,2011-02-25,44905.0,https://www.cftc.gov/files/dea/history/fut_disagg_txt_2026.zip,2026-10-08
cftc_copper_mm_long,2011-03-01,2011-03-04,42879.0,https://www.cftc.gov/files/dea/history/fut_disagg_txt_2026.zip,2026-10-08
cftc_copper_mm_long,2011-03-08,2011-03-11,40875.0,https://www.cftc.gov/files/dea/history/fut_disagg_txt_2026.zip,2026-10-08
cftc_copper_mm_long,2011-03-15,2011-03-18,38541.0,https://www.cftc.gov/files/dea/history/fut_disagg_txt_2026.zip,2026-10-08
cftc_copper_mm_long,2011-03-22,2011-03-25,36716.0,https://www.cftc.gov/files/dea/history/fut_disagg_txt_2026.zip,2026-10-08
cftc_copper_mm_long,2011-03-29,2011-04-01,40475.0,https://www.cftc.gov/files/dea/history/fut_disagg_txt_2026.zip,2026-10-08
cftc_copper_mm_long,2011-04-05,2011-04-08,37825.0,https://www.cftc.gov/files/dea/history/fut_disagg_txt_2026.zip,2026-10-08
cftc_copper_mm_long,2011-04-12,2011-04-15,43729.0,https://www.cftc.gov/files/dea/history/fut_disagg_txt_2026.zip,2026-10-08
cftc_copper_mm_long,2011-04-19,2011-04-22,32507.0,https://www.cftc.gov/files/dea/history/fut_disagg_txt_2026.zip,2026-10-08
cftc_copper_mm_long,2011-04-26,2011-04-29,32025.0,https://www.cftc.gov/files/dea/history/fut_disagg_txt_2026.zip,2026-10-08
cftc_copper_mm_long,2011-05-03,2011-05-06,30572.0,https://www.cftc.gov/files/dea/history/fut_disagg_txt_2026.zip,2026-10-08
cftc_copper_mm_long,2011-05-10,2011-05-13,24325.0,https://www.cftc.gov/files/dea/history/fut_disagg_txt_2026.zip,2026-10-08
cftc_copper_mm_long,2011-05-17,2011-05-20,21163.0,https://www.cftc.gov/files/dea/history/fut_disagg_txt_2026.zip,2026-10-08
cftc_copper_mm_long,2011-05-24,2011-05-27,20377.0,https://www.cftc.gov/files/dea/history/fut_disagg_txt_2026.zip,2026-10-08
cftc_copper_mm_long,2011-05-31,2011-06-03,21672.0,https://www.cftc.gov/files/dea/history/fut_disagg_txt_2026.zip,2026-10-08
cftc_copper_mm_long,2011-06-07,2011-06-10,22152.0,https://www.cftc.gov/files/dea/history/fut_disagg_txt_2026.zip,2026-10-08
cftc_copper_mm_long,2011-06-14,2011-06-17,23245.0,https://www.cftc.gov/files/dea/history/fut_disagg_txt_2026.zip,2026-10-08
cftc_copper_mm_long,2011-06-21,2011-06-24,21939.0,https://www.cftc.gov/files/dea/history/fut_disagg_txt_2026.zip,2026-10-08
cftc_copper_mm_long,2011-06-28,2011-07-01,22588.0,https://www.cftc.gov/files/dea/history/fut_disagg_txt_2026.zip,2026-10-08
cftc_copper_mm_long,2011-07-05,2011-07-08,34019.0,https://www.cftc.gov/files/dea/history/fut_disagg_txt_2026.zip,2026-10-08
cftc_copper_mm_long,2011-07-12,2011-07-15,41293.0,https://www.cftc.gov/files/dea/history/fut_disagg_txt_2026.zip,2026-10-08
cftc_copper_mm_long,2011-07-19,2011-07-22,43163.0,https://www.cftc.gov/files/dea/history/fut_disagg_txt_2026.zip,2026-10-08
cftc_copper_mm_long,2011-07-26,2011-07-29,45067.0,https://www.cftc.gov/files/dea/history/fut_disagg_txt_2026.zip,2026-10-08
cftc_copper_mm_long,2011-08-02,2011-08-05,44102.0,https://www.cftc.gov/files/dea/history/fut_disagg_txt_2026.zip,2026-10-08
cftc_copper_mm_long,2011-08-09,2011-08-12,28024.0,https://www.cftc.gov/files/dea/history/fut_disagg_txt_2026.zip,2026-10-08
cftc_copper_mm_long,2011-08-16,2011-08-19,20555.0,https://www.cftc.gov/files/dea/history/fut_disagg_txt_2026.zip,2026-10-08
cftc_copper_mm_long,2011-08-23,2011-08-26,20433.0,https://www.cftc.gov/files/dea/history/fut_disagg_txt_2026.zip,2026-10-08
cftc_copper_mm_long,2011-08-30,2011-09-02,21119.0,https://www.cftc.gov/files/dea/history/fut_disagg_txt_2026.zip,2026-10-08
cftc_copper_mm_long,2011-09-06,2011-09-09,23600.0,https://www.cftc.gov/files/dea/history/fut_disagg_txt_2026.zip,2026-10-08
cftc_copper_mm_long,2011-09-13,2011-09-16,23006.0,https://www.cftc.gov/files/dea/history/fut_disagg_txt_2026.zip,2026-10-08
cftc_copper_mm_long,2011-09-20,2011-09-23,22534.0,https://www.cftc.gov/files/dea/history/fut_disagg_txt_2026.zip,2026-10-08
cftc_copper_mm_long,2011-09-27,2011-09-30,22311.0,https://www.cftc.gov/files/dea/history/fut_disagg_txt_2026.zip,2026-10-08
cftc_copper_mm_long,2011-10-04,2011-10-07,19926.0,https://www.cftc.gov/files/dea/history/fut_disagg_txt_2026.zip,2026-10-08
cftc_copper_mm_long,2011-10-11,2011-10-14,19392.0,https://www.cftc.gov/files/dea/history/fut_disagg_txt_2026.zip,2026-10-08
cftc_copper_mm_long,2011-10-18,2011-10-21,19730.0,https://www.cftc.gov/files/dea/history/fut_disagg_txt_2026.zip,2026-10-08
cftc_copper_mm_long,2011-10-25,2011-10-28,19892.0,https://www.cftc.gov/files/dea/history/fut_disagg_txt_2026.zip,2026-10-08
cftc_copper_mm_long,2011-11-01,2011-11-04,19877.0,https://www.cftc.gov/files/dea/history/fut_disagg_txt_2026.zip,2026-10-08
cftc_copper_mm_long,2011-11-08,2011-11-11,18611.0,https://www.cftc.gov/files/dea/history/fut_disagg_txt_2026.zip,2026-10-08
cftc_copper_mm_long,2011-11-15,2011-11-18,18588.0,https://www.cftc.gov/files/dea/history/fut_disagg_txt_2026.zip,2026-10-08
cftc_copper_mm_long,2011-11-22,2011-11-25,16951.0,https://www.cftc.gov/files/dea/history/fut_disagg_txt_2026.zip,2026-10-08
cftc_copper_mm_long,2011-11-29,2011-12-02,17318.0,https://www.cftc.gov/files/dea/history/fut_disagg_txt_2026.zip,2026-10-08
cftc_copper_mm_long,2011-12-06,2011-12-09,19784.0,https://www.cftc.gov/files/dea/history/fut_disagg_txt_2026.zip,2026-10-08
cftc_copper_mm_long,2011-12-13,2011-12-16,20483.0,https://www.cftc.gov/files/dea/history/fut_disagg_txt_2026.zip,2026-10-08
cftc_copper_mm_long,2011-12-20,2011-12-23,21312.0,https://www.cftc.gov/files/dea/history/fut_disagg_txt_2026.zip,2026-10-08
cftc_copper_mm_long,2011-12-27,2011-12-30,21990.0,https://www.cftc.gov/files/dea/history/fut_disagg_txt_2026.zip,2026-10-08
cftc_copper_mm_long,2012-01-03,2012-01-06,22625.0,https://www.cftc.gov/files/dea/history/fut_disagg_txt_2026.zip,2026-10-08
cftc_copper_mm_long,2012-01-10,2012-01-13,23792.0,https://www.cftc.gov/files/dea/history/fut_disagg_txt_2026.zip,2026-10-08
cftc_copper_mm_long,2012-01-17,2012-01-20,26589.0,https://www.cftc.gov/files/dea/history/fut_disagg_txt_2026.zip,2026-10-08
cftc_copper_mm_long,2012-01-24,2012-01-27,29021.0,https://www.cftc.gov/files/dea/history/fut_disagg_txt_2026.zip,2026-10-08
cftc_copper_mm_long,2012-01-31,2012-02-03,30968.0,https://www.cftc.gov/files/dea/history/fut_disagg_txt_2026.zip,2026-10-08
cftc_copper_mm_long,2012-02-07,2012-02-10,33747.0,https://www.cftc.gov/files/dea/history/fut_disagg_txt_2026.zip,2026-10-08
cftc_copper_mm_long,2012-02-14,2012-02-17,35559.0,https://www.cftc.gov/files/dea/history/fut_disagg_txt_2026.zip,2026-10-08
cftc_copper_mm_long,2012-02-21,2012-02-24,35154.0,https://www.cftc.gov/files/dea/history/fut_disagg_txt_2026.zip,2026-10-08
cftc_copper_mm_long,2012-02-28,2012-03-02,36758.0,https://www.cftc.gov/files/dea/history/fut_disagg_txt_2026.zip,2026-10-08
cftc_copper_mm_long,2012-03-06,2012-03-09,36249.0,https://www.cftc.gov/files/dea/history/fut_disagg_txt_2026.zip,2026-10-08
cftc_copper_mm_long,2012-03-13,2012-03-16,36765.0,https://www.cftc.gov/files/dea/history/fut_disagg_txt_2026.zip,2026-10-08
cftc_copper_mm_long,2012-03-20,2012-03-23,41482.0,https://www.cftc.gov/files/dea/history/fut_disagg_txt_2026.zip,2026-10-08
cftc_copper_mm_long,2012-03-27,2012-03-30,37884.0,https://www.cftc.gov/files/dea/history/fut_disagg_txt_2026.zip,2026-10-08
cftc_copper_mm_long,2012-04-03,2012-04-06,40451.0,https://www.cftc.gov/files/dea/history/fut_disagg_txt_2026.zip,2026-10-08
cftc_copper_mm_long,2012-04-10,2012-04-13,31944.0,https://www.cftc.gov/files/dea/history/fut_disagg_txt_2026.zip,2026-10-08
cftc_copper_mm_long,2012-04-17,2012-04-20,32425.0,https://www.cftc.gov/files/dea/history/fut_disagg_txt_2026.zip,2026-10-08
cftc_copper_mm_long,2012-04-24,2012-04-27,30516.0,https://www.cftc.gov/files/dea/history/fut_disagg_txt_2026.zip,2026-10-08
cftc_copper_mm_long,2012-05-01,2012-05-04,34702.0,https://www.cftc.gov/files/dea/history/fut_disagg_txt_2026.zip,2026-10-08
cftc_copper_mm_long,2012-05-08,2012-05-11,36648.0,https://www.cftc.gov/files/dea/history/fut_disagg_txt_2026.zip,2026-10-08
cftc_copper_mm_long,2012-05-15,2012-05-18,33163.0,https://www.cftc.gov/files/dea/history/fut_disagg_txt_2026.zip,2026-10-08
cftc_copper_mm_long,2012-05-22,2012-05-25,31600.0,https://www.cftc.gov/files/dea/history/fut_disagg_txt_2026.zip,2026-10-08
cftc_copper_mm_long,2012-05-29,2012-06-01,30938.0,https://www.cftc.gov/files/dea/history/fut_disagg_txt_2026.zip,2026-10-08
cftc_copper_mm_long,2012-06-05,2012-06-08,28758.0,https://www.cftc.gov/files/dea/history/fut_disagg_txt_2026.zip,2026-10-08
cftc_copper_mm_long,2012-06-12,2012-06-15,28590.0,https://www.cftc.gov/files/dea/history/fut_disagg_txt_2026.zip,2026-10-08
cftc_copper_mm_long,2012-06-19,2012-06-22,28881.0,https://www.cftc.gov/files/dea/history/fut_disagg_txt_2026.zip,2026-10-08
cftc_copper_mm_long,2012-06-26,2012-06-29,27883.0,https://www.cftc.gov/files/dea/history/fut_disagg_txt_2026.zip,2026-10-08
cftc_copper_mm_long,2012-07-03,2012-07-06,31702.0,https://www.cftc.gov/files/dea/history/fut_disagg_txt_2026.zip,2026-10-08
cftc_copper_mm_long,2012-07-10,2012-07-13,31663.0,https://www.cftc.gov/files/dea/history/fut_disagg_txt_2026.zip,2026-10-08
cftc_copper_mm_long,2012-07-17,2012-07-20,32459.0,https://www.cftc.gov/files/dea/history/fut_disagg_txt_2026.zip,2026-10-08
cftc_copper_mm_long,2012-07-24,2012-07-27,32010.0,https://www.cftc.gov/files/dea/history/fut_disagg_txt_2026.zip,2026-10-08
cftc_copper_mm_long,2012-07-31,2012-08-03,30835.0,https://www.cftc.gov/files/dea/history/fut_disagg_txt_2026.zip,2026-10-08
cftc_copper_mm_long,2012-08-07,2012-08-10,31819.0,https://www.cftc.gov/files/dea/history/fut_disagg_txt_2026.zip,2026-10-08
cftc_copper_mm_long,2012-08-14,2012-08-17,29190.0,https://www.cftc.gov/files/dea/history/fut_disagg_txt_2026.zip,2026-10-08
cftc_copper_mm_long,2012-08-21,2012-08-24,32237.0,https://www.cftc.gov/files/dea/history/fut_disagg_txt_2026.zip,2026-10-08
cftc_copper_mm_long,2012-08-28,2012-08-31,33200.0,https://www.cftc.gov/files/dea/history/fut_disagg_txt_2026.zip,2026-10-08
cftc_copper_mm_long,2012-09-04,2012-09-07,30512.0,https://www.cftc.gov/files/dea/history/fut_disagg_txt_2026.zip,2026-10-08
cftc_copper_mm_long,2012-09-11,2012-09-14,41429.0,https://www.cftc.gov/files/dea/history/fut_disagg_txt_2026.zip,2026-10-08
cftc_copper_mm_long,2012-09-18,2012-09-21,42111.0,https://www.cftc.gov/files/dea/history/fut_disagg_txt_2026.zip,2026-10-08
cftc_copper_mm_long,2012-09-25,2012-09-28,46597.0,https://www.cftc.gov/files/dea/history/fut_disagg_txt_2026.zip,2026-10-08
cftc_copper_mm_long,2012-10-02,2012-10-05,47502.0,https://www.cftc.gov/files/dea/history/fut_disagg_txt_2026.zip,2026-10-08
cftc_copper_mm_long,2012-10-09,2012-10-12,45002.0,https://www.cftc.gov/files/dea/history/fut_disagg_txt_2026.zip,2026-10-08
cftc_copper_mm_long,2012-10-16,2012-10-19,43632.0,https://www.cftc.gov/files/dea/history/fut_disagg_txt_2026.zip,2026-10-08
cftc_copper_mm_long,2012-10-23,2012-10-26,39694.0,https://www.cftc.gov/files/dea/history/fut_disagg_txt_2026.zip,2026-10-08
cftc_copper_mm_long,2012-10-30,2012-11-02,35512.0,https://www.cftc.gov/files/dea/history/fut_disagg_txt_2026.zip,2026-10-08
cftc_copper_mm_long,2012-11-06,2012-11-09,32746.0,https://www.cftc.gov/files/dea/history/fut_disagg_txt_2026.zip,2026-10-08
cftc_copper_mm_long,2012-11-13,2012-11-16,30809.0,https://www.cftc.gov/files/dea/history/fut_disagg_txt_2026.zip,2026-10-08
cftc_copper_mm_long,2012-11-20,2012-11-23,29778.0,https://www.cftc.gov/files/dea/history/fut_disagg_txt_2026.zip,2026-10-08
cftc_copper_mm_long,2012-11-27,2012-11-30,29202.0,https://www.cftc.gov/files/dea/history/fut_disagg_txt_2026.zip,2026-10-08
cftc_copper_mm_long,2012-12-04,2012-12-07,33312.0,https://www.cftc.gov/files/dea/history/fut_disagg_txt_2026.zip,2026-10-08
cftc_copper_mm_long,2012-12-11,2012-12-14,39284.0,https://www.cftc.gov/files/dea/history/fut_disagg_txt_2026.zip,2026-10-08
cftc_copper_mm_long,2012-12-18,2012-12-21,42233.0,https://www.cftc.gov/files/dea/history/fut_disagg_txt_2026.zip,2026-10-08
cftc_copper_mm_long,2012-12-24,2012-12-27,35797.0,https://www.cftc.gov/files/dea/history/fut_disagg_txt_2026.zip,2026-10-08
cftc_copper_mm_long,2012-12-31,2013-01-03,34694.0,https://www.cftc.gov/files/dea/history/fut_disagg_txt_2026.zip,2026-10-08
cftc_copper_mm_long,2013-01-08,2013-01-11,36715.0,https://www.cftc.gov/files/dea/history/fut_disagg_txt_2026.zip,2026-10-08
cftc_copper_mm_long,2013-01-15,2013-01-18,35789.0,https://www.cftc.gov/files/dea/history/fut_disagg_txt_2026.zip,2026-10-08
cftc_copper_mm_long,2013-01-22,2013-01-25,35415.0,https://www.cftc.gov/files/dea/history/fut_disagg_txt_2026.zip,2026-10-08
cftc_copper_mm_long,2013-01-29,2013-02-01,35221.0,https://www.cftc.gov/files/dea/history/fut_disagg_txt_2026.zip,2026-10-08
cftc_copper_mm_long,2013-02-05,2013-02-08,44912.0,https://www.cftc.gov/files/dea/history/fut_disagg_txt_2026.zip,2026-10-08
cftc_copper_mm_long,2013-02-12,2013-02-15,44964.0,https://www.cftc.gov/files/dea/history/fut_disagg_txt_2026.zip,2026-10-08
cftc_copper_mm_long,2013-02-19,2013-02-22,38179.0,https://www.cftc.gov/files/dea/history/fut_disagg_txt_2026.zip,2026-10-08
cftc_copper_mm_long,2013-02-26,2013-03-01,25839.0,https://www.cftc.gov/files/dea/history/fut_disagg_txt_2026.zip,2026-10-08
cftc_copper_mm_long,2013-03-05,2013-03-08,24581.0,https://www.cftc.gov/files/dea/history/fut_disagg_txt_2026.zip,2026-10-08
cftc_copper_mm_long,2013-03-12,2013-03-15,24540.0,https://www.cftc.gov/files/dea/history/fut_disagg_txt_2026.zip,2026-10-08
cftc_copper_mm_long,2013-03-19,2013-03-22,22064.0,https://www.cftc.gov/files/dea/history/fut_disagg_txt_2026.zip,2026-10-08
cftc_copper_mm_long,2013-03-26,2013-03-29,22684.0,https://www.cftc.gov/files/dea/history/fut_disagg_txt_2026.zip,2026-10-08
cftc_copper_mm_long,2013-04-02,2013-04-05,21302.0,https://www.cftc.gov/files/dea/history/fut_disagg_txt_2026.zip,2026-10-08
cftc_copper_mm_long,2013-04-09,2013-04-12,24749.0,https://www.cftc.gov/files/dea/history/fut_disagg_txt_2026.zip,2026-10-08
cftc_copper_mm_long,2013-04-16,2013-04-19,26087.0,https://www.cftc.gov/files/dea/history/fut_disagg_txt_2026.zip,2026-10-08
cftc_copper_mm_long,2013-04-23,2013-04-26,30284.0,https://www.cftc.gov/files/dea/history/fut_disagg_txt_2026.zip,2026-10-08
cftc_copper_mm_long,2013-04-30,2013-05-03,27703.0,https://www.cftc.gov/files/dea/history/fut_disagg_txt_2026.zip,2026-10-08
cftc_copper_mm_long,2013-05-07,2013-05-10,26935.0,https://www.cftc.gov/files/dea/history/fut_disagg_txt_2026.zip,2026-10-08
cftc_copper_mm_long,2013-05-14,2013-05-17,27503.0,https://www.cftc.gov/files/dea/history/fut_disagg_txt_2026.zip,2026-10-08
cftc_copper_mm_long,2013-05-21,2013-05-24,27848.0,https://www.cftc.gov/files/dea/history/fut_disagg_txt_2026.zip,2026-10-08
cftc_copper_mm_long,2013-05-28,2013-05-31,27120.0,https://www.cftc.gov/files/dea/history/fut_disagg_txt_2026.zip,2026-10-08
cftc_copper_mm_long,2013-06-04,2013-06-07,28533.0,https://www.cftc.gov/files/dea/history/fut_disagg_txt_2026.zip,2026-10-08
cftc_copper_mm_long,2013-06-11,2013-06-14,25973.0,https://www.cftc.gov/files/dea/history/fut_disagg_txt_2026.zip,2026-10-08
cftc_copper_mm_long,2013-06-18,2013-06-21,26887.0,https://www.cftc.gov/files/dea/history/fut_disagg_txt_2026.zip,2026-10-08
cftc_copper_mm_long,2013-06-25,2013-06-28,27037.0,https://www.cftc.gov/files/dea/history/fut_disagg_txt_2026.zip,2026-10-08
cftc_copper_mm_long,2013-07-02,2013-07-05,29465.0,https://www.cftc.gov/files/dea/history/fut_disagg_txt_2026.zip,2026-10-08
cftc_copper_mm_long,2013-07-09,2013-07-12,28384.0,https://www.cftc.gov/files/dea/history/fut_disagg_txt_2026.zip,2026-10-08
cftc_copper_mm_long,2013-07-16,2013-07-19,28748.0,https://www.cftc.gov/files/dea/history/fut_disagg_txt_2026.zip,2026-10-08
cftc_copper_mm_long,2013-07-23,2013-07-26,29208.0,https://www.cftc.gov/files/dea/history/fut_disagg_txt_2026.zip,2026-10-08
cftc_copper_mm_long,2013-07-30,2013-08-02,25653.0,https://www.cftc.gov/files/dea/history/fut_disagg_txt_2026.zip,2026-10-08
cftc_copper_mm_long,2013-08-06,2013-08-09,26753.0,https://www.cftc.gov/files/dea/history/fut_disagg_txt_2026.zip,2026-10-08
cftc_copper_mm_long,2013-08-13,2013-08-16,30434.0,https://www.cftc.gov/files/dea/history/fut_disagg_txt_2026.zip,2026-10-08
cftc_copper_mm_long,2013-08-20,2013-08-23,36260.0,https://www.cftc.gov/files/dea/history/fut_disagg_txt_2026.zip,2026-10-08
cftc_copper_mm_long,2013-08-27,2013-08-30,34638.0,https://www.cftc.gov/files/dea/history/fut_disagg_txt_2026.zip,2026-10-08
cftc_copper_mm_long,2013-09-03,2013-09-06,32446.0,https://www.cftc.gov/files/dea/history/fut_disagg_txt_2026.zip,2026-10-08
cftc_copper_mm_long,2013-09-10,2013-09-13,29114.0,https://www.cftc.gov/files/dea/history/fut_disagg_txt_2026.zip,2026-10-08
cftc_copper_mm_long,2013-09-17,2013-09-20,27078.0,https://www.cftc.gov/files/dea/history/fut_disagg_txt_2026.zip,2026-10-08
cftc_copper_mm_long,2013-09-24,2013-09-27,29218.0,https://www.cftc.gov/files/dea/history/fut_disagg_txt_2026.zip,2026-10-08
cftc_copper_mm_long,2013-10-01,2013-10-04,30036.0,https://www.cftc.gov/files/dea/history/fut_disagg_txt_2026.zip,2026-10-08
cftc_copper_mm_long,2013-10-08,2013-10-11,27721.0,https://www.cftc.gov/files/dea/history/fut_disagg_txt_2026.zip,2026-10-08
cftc_copper_mm_long,2013-10-15,2013-10-18,28591.0,https://www.cftc.gov/files/dea/history/fut_disagg_txt_2026.zip,2026-10-08
cftc_copper_mm_long,2013-10-22,2013-10-25,35451.0,https://www.cftc.gov/files/dea/history/fut_disagg_txt_2026.zip,2026-10-08
cftc_copper_mm_long,2013-10-29,2013-11-01,30992.0,https://www.cftc.gov/files/dea/history/fut_disagg_txt_2026.zip,2026-10-08
cftc_copper_mm_long,2013-11-05,2013-11-08,28774.0,https://www.cftc.gov/files/dea/history/fut_disagg_txt_2026.zip,2026-10-08
cftc_copper_mm_long,2013-11-12,2013-11-15,28395.0,https://www.cftc.gov/files/dea/history/fut_disagg_txt_2026.zip,2026-10-08
cftc_copper_mm_long,2013-11-19,2013-11-22,27744.0,https://www.cftc.gov/files/dea/history/fut_disagg_txt_2026.zip,2026-10-08
cftc_copper_mm_long,2013-11-26,2013-11-29,29315.0,https://www.cftc.gov/files/dea/history/fut_disagg_txt_2026.zip,2026-10-08
cftc_copper_mm_long,2013-12-03,2013-12-06,30360.0,https://www.cftc.gov/files/dea/history/fut_disagg_txt_2026.zip,2026-10-08
cftc_copper_mm_long,2013-12-10,2013-12-13,34596.0,https://www.cftc.gov/files/dea/history/fut_disagg_txt_2026.zip,2026-10-08
cftc_copper_mm_long,2013-12-17,2013-12-20,43742.0,https://www.cftc.gov/files/dea/history/fut_disagg_txt_2026.zip,2026-10-08
cftc_copper_mm_long,2013-12-24,2013-12-27,50492.0,https://www.cftc.gov/files/dea/history/fut_disagg_txt_2026.zip,2026-10-08
cftc_copper_mm_long,2013-12-31,2014-01-03,55831.0,https://www.cftc.gov/files/dea/history/fut_disagg_txt_2026.zip,2026-10-08
cftc_copper_mm_long,2014-01-07,2014-01-10,55828.0,https://www.cftc.gov/files/dea/history/fut_disagg_txt_2026.zip,2026-10-08
cftc_copper_mm_long,2014-01-14,2014-01-17,47778.0,https://www.cftc.gov/files/dea/history/fut_disagg_txt_2026.zip,2026-10-08
cftc_copper_mm_long,2014-01-21,2014-01-24,51056.0,https://www.cftc.gov/files/dea/history/fut_disagg_txt_2026.zip,2026-10-08
cftc_copper_mm_long,2014-01-28,2014-01-31,41471.0,https://www.cftc.gov/files/dea/history/fut_disagg_txt_2026.zip,2026-10-08
cftc_copper_mm_long,2014-02-04,2014-02-07,33477.0,https://www.cftc.gov/files/dea/history/fut_disagg_txt_2026.zip,2026-10-08
cftc_copper_mm_long,2014-02-11,2014-02-14,31535.0,https://www.cftc.gov/files/dea/history/fut_disagg_txt_2026.zip,2026-10-08
cftc_copper_mm_long,2014-02-18,2014-02-21,32313.0,https://www.cftc.gov/files/dea/history/fut_disagg_txt_2026.zip,2026-10-08
cftc_copper_mm_long,2014-02-25,2014-02-28,34461.0,https://www.cftc.gov/files/dea/history/fut_disagg_txt_2026.zip,2026-10-08
cftc_copper_mm_long,2014-03-04,2014-03-07,35504.0,https://www.cftc.gov/files/dea/history/fut_disagg_txt_2026.zip,2026-10-08
cftc_copper_mm_long,2014-03-11,2014-03-14,32249.0,https://www.cftc.gov/files/dea/history/fut_disagg_txt_2026.zip,2026-10-08
cftc_copper_mm_long,2014-03-18,2014-03-21,29156.0,https://www.cftc.gov/files/dea/history/fut_disagg_txt_2026.zip,2026-10-08
cftc_copper_mm_long,2014-03-25,2014-03-28,28600.0,https://www.cftc.gov/files/dea/history/fut_disagg_txt_2026.zip,2026-10-08
cftc_copper_mm_long,2014-04-01,2014-04-04,28894.0,https://www.cftc.gov/files/dea/history/fut_disagg_txt_2026.zip,2026-10-08
cftc_copper_mm_long,2014-04-08,2014-04-11,29092.0,https://www.cftc.gov/files/dea/history/fut_disagg_txt_2026.zip,2026-10-08
cftc_copper_mm_long,2014-04-15,2014-04-18,28940.0,https://www.cftc.gov/files/dea/history/fut_disagg_txt_2026.zip,2026-10-08
cftc_copper_mm_long,2014-04-22,2014-04-25,31896.0,https://www.cftc.gov/files/dea/history/fut_disagg_txt_2026.zip,2026-10-08
cftc_copper_mm_long,2014-04-29,2014-05-02,33870.0,https://www.cftc.gov/files/dea/history/fut_disagg_txt_2026.zip,2026-10-08
cftc_copper_mm_long,2014-05-06,2014-05-09,32328.0,https://www.cftc.gov/files/dea/history/fut_disagg_txt_2026.zip,2026-10-08
cftc_copper_mm_long,2014-05-13,2014-05-16,40720.0,https://www.cftc.gov/files/dea/history/fut_disagg_txt_2026.zip,2026-10-08
cftc_copper_mm_long,2014-05-20,2014-05-23,41903.0,https://www.cftc.gov/files/dea/history/fut_disagg_txt_2026.zip,2026-10-08
cftc_copper_mm_long,2014-05-27,2014-05-30,42800.0,https://www.cftc.gov/files/dea/history/fut_disagg_txt_2026.zip,2026-10-08
cftc_copper_mm_long,2014-06-03,2014-06-06,38036.0,https://www.cftc.gov/files/dea/history/fut_disagg_txt_2026.zip,2026-10-08
cftc_copper_mm_long,2014-06-10,2014-06-13,30795.0,https://www.cftc.gov/files/dea/history/fut_disagg_txt_2026.zip,2026-10-08
cftc_copper_mm_long,2014-06-17,2014-06-20,28750.0,https://www.cftc.gov/files/dea/history/fut_disagg_txt_2026.zip,2026-10-08
cftc_copper_mm_long,2014-06-24,2014-06-27,34514.0,https://www.cftc.gov/files/dea/history/fut_disagg_txt_2026.zip,2026-10-08
cftc_copper_mm_long,2014-07-01,2014-07-04,44419.0,https://www.cftc.gov/files/dea/history/fut_disagg_txt_2026.zip,2026-10-08
cftc_copper_mm_long,2014-07-08,2014-07-11,56092.0,https://www.cftc.gov/files/dea/history/fut_disagg_txt_2026.zip,2026-10-08
cftc_copper_mm_long,2014-07-15,2014-07-18,66443.0,https://www.cftc.gov/files/dea/history/fut_disagg_txt_2026.zip,2026-10-08
cftc_copper_mm_long,2014-07-22,2014-07-25,62523.0,https://www.cftc.gov/files/dea/history/fut_disagg_txt_2026.zip,2026-10-08
cftc_copper_mm_long,2014-07-29,2014-08-01,56748.0,https://www.cftc.gov/files/dea/history/fut_disagg_txt_2026.zip,2026-10-08
cftc_copper_mm_long,2014-08-05,2014-08-08,54131.0,https://www.cftc.gov/files/dea/history/fut_disagg_txt_2026.zip,2026-10-08
cftc_copper_mm_long,2014-08-12,2014-08-15,39744.0,https://www.cftc.gov/files/dea/history/fut_disagg_txt_2026.zip,2026-10-08
cftc_copper_mm_long,2014-08-19,2014-08-22,33090.0,https://www.cftc.gov/files/dea/history/fut_disagg_txt_2026.zip,2026-10-08
cftc_copper_mm_long,2014-08-26,2014-08-29,36633.0,https://www.cftc.gov/files/dea/history/fut_disagg_txt_2026.zip,2026-10-08
cftc_copper_mm_long,2014-09-02,2014-09-05,30584.0,https://www.cftc.gov/files/dea/history/fut_disagg_txt_2026.zip,2026-10-08
cftc_copper_mm_long,2014-09-09,2014-09-12,30719.0,https://www.cftc.gov/files/dea/history/fut_disagg_txt_2026.zip,2026-10-08
cftc_copper_mm_long,2014-09-16,2014-09-19,34162.0,https://www.cftc.gov/files/dea/history/fut_disagg_txt_2026.zip,2026-10-08
cftc_copper_mm_long,2014-09-23,2014-09-26,31928.0,https://www.cftc.gov/files/dea/history/fut_disagg_txt_2026.zip,2026-10-08
cftc_copper_mm_long,2014-09-30,2014-10-03,32208.0,https://www.cftc.gov/files/dea/history/fut_disagg_txt_2026.zip,2026-10-08
cftc_copper_mm_long,2014-10-07,2014-10-10,33480.0,https://www.cftc.gov/files/dea/history/fut_disagg_txt_2026.zip,2026-10-08
cftc_copper_mm_long,2014-10-14,2014-10-17,37055.0,https://www.cftc.gov/files/dea/history/fut_disagg_txt_2026.zip,2026-10-08
cftc_copper_mm_long,2014-10-21,2014-10-24,35376.0,https://www.cftc.gov/files/dea/history/fut_disagg_txt_2026.zip,2026-10-08
cftc_copper_mm_long,2014-10-28,2014-10-31,38389.0,https://www.cftc.gov/files/dea/history/fut_disagg_txt_2026.zip,2026-10-08
cftc_copper_mm_long,2014-11-04,2014-11-07,32801.0,https://www.cftc.gov/files/dea/history/fut_disagg_txt_2026.zip,2026-10-08
cftc_copper_mm_long,2014-11-11,2014-11-14,33215.0,https://www.cftc.gov/files/dea/history/fut_disagg_txt_2026.zip,2026-10-08
cftc_copper_mm_long,2014-11-18,2014-11-21,35758.0,https://www.cftc.gov/files/dea/history/fut_disagg_txt_2026.zip,2026-10-08
cftc_copper_mm_long,2014-11-25,2014-11-28,39395.0,https://www.cftc.gov/files/dea/history/fut_disagg_txt_2026.zip,2026-10-08
cftc_copper_mm_long,2014-12-02,2014-12-05,35992.0,https://www.cftc.gov/files/dea/history/fut_disagg_txt_2026.zip,2026-10-08
cftc_copper_mm_long,2014-12-09,2014-12-12,36364.0,https://www.cftc.gov/files/dea/history/fut_disagg_txt_2026.zip,2026-10-08
cftc_copper_mm_long,2014-12-16,2014-12-19,35384.0,https://www.cftc.gov/files/dea/history/fut_disagg_txt_2026.zip,2026-10-08
cftc_copper_mm_long,2014-12-23,2014-12-26,35155.0,https://www.cftc.gov/files/dea/history/fut_disagg_txt_2026.zip,2026-10-08
cftc_copper_mm_long,2014-12-30,2015-01-02,34871.0,https://www.cftc.gov/files/dea/history/fut_disagg_txt_2026.zip,2026-10-08
cftc_copper_mm_long,2015-01-06,2015-01-09,34032.0,https://www.cftc.gov/files/dea/history/fut_disagg_txt_2026.zip,2026-10-08
cftc_copper_mm_long,2015-01-13,2015-01-16,38275.0,https://www.cftc.gov/files/dea/history/fut_disagg_txt_2026.zip,2026-10-08
cftc_copper_mm_long,2015-01-20,2015-01-23,35731.0,https://www.cftc.gov/files/dea/history/fut_disagg_txt_2026.zip,2026-10-08
cftc_copper_mm_long,2015-01-27,2015-01-30,35675.0,https://www.cftc.gov/files/dea/history/fut_disagg_txt_2026.zip,2026-10-08
cftc_copper_mm_long,2015-02-03,2015-02-06,37593.0,https://www.cftc.gov/files/dea/history/fut_disagg_txt_2026.zip,2026-10-08
cftc_copper_mm_long,2015-02-10,2015-02-13,36383.0,https://www.cftc.gov/files/dea/history/fut_disagg_txt_2026.zip,2026-10-08
cftc_copper_mm_long,2015-02-17,2015-02-20,36309.0,https://www.cftc.gov/files/dea/history/fut_disagg_txt_2026.zip,2026-10-08
cftc_copper_mm_long,2015-02-24,2015-02-27,39964.0,https://www.cftc.gov/files/dea/history/fut_disagg_txt_2026.zip,2026-10-08
cftc_copper_mm_long,2015-03-03,2015-03-06,40181.0,https://www.cftc.gov/files/dea/history/fut_disagg_txt_2026.zip,2026-10-08
cftc_copper_mm_long,2015-03-10,2015-03-13,41275.0,https://www.cftc.gov/files/dea/history/fut_disagg_txt_2026.zip,2026-10-08
cftc_copper_mm_long,2015-03-17,2015-03-20,40981.0,https://www.cftc.gov/files/dea/history/fut_disagg_txt_2026.zip,2026-10-08
cftc_copper_mm_long,2015-03-24,2015-03-27,43482.0,https://www.cftc.gov/files/dea/history/fut_disagg_txt_2026.zip,2026-10-08
cftc_copper_mm_long,2015-03-31,2015-04-03,45870.0,https://www.cftc.gov/files/dea/history/fut_disagg_txt_2026.zip,2026-10-08
cftc_copper_mm_long,2015-04-07,2015-04-10,44883.0,https://www.cftc.gov/files/dea/history/fut_disagg_txt_2026.zip,2026-10-08
cftc_copper_mm_long,2015-04-14,2015-04-17,42063.0,https://www.cftc.gov/files/dea/history/fut_disagg_txt_2026.zip,2026-10-08
cftc_copper_mm_long,2015-04-21,2015-04-24,38320.0,https://www.cftc.gov/files/dea/history/fut_disagg_txt_2026.zip,2026-10-08
cftc_copper_mm_long,2015-04-28,2015-05-01,37369.0,https://www.cftc.gov/files/dea/history/fut_disagg_txt_2026.zip,2026-10-08
cftc_copper_mm_long,2015-05-05,2015-05-08,49484.0,https://www.cftc.gov/files/dea/history/fut_disagg_txt_2026.zip,2026-10-08
cftc_copper_mm_long,2015-05-12,2015-05-15,58412.0,https://www.cftc.gov/files/dea/history/fut_disagg_txt_2026.zip,2026-10-08
cftc_copper_mm_long,2015-05-19,2015-05-22,59058.0,https://www.cftc.gov/files/dea/history/fut_disagg_txt_2026.zip,2026-10-08
cftc_copper_mm_long,2015-05-26,2015-05-29,51953.0,https://www.cftc.gov/files/dea/history/fut_disagg_txt_2026.zip,2026-10-08
cftc_copper_mm_long,2015-06-02,2015-06-05,35472.0,https://www.cftc.gov/files/dea/history/fut_disagg_txt_2026.zip,2026-10-08
cftc_copper_mm_long,2015-06-09,2015-06-12,33595.0,https://www.cftc.gov/files/dea/history/fut_disagg_txt_2026.zip,2026-10-08
cftc_copper_mm_long,2015-06-16,2015-06-19,36278.0,https://www.cftc.gov/files/dea/history/fut_disagg_txt_2026.zip,2026-10-08
cftc_copper_mm_long,2015-06-23,2015-06-26,34130.0,https://www.cftc.gov/files/dea/history/fut_disagg_txt_2026.zip,2026-10-08
cftc_copper_mm_long,2015-06-30,2015-07-03,35476.0,https://www.cftc.gov/files/dea/history/fut_disagg_txt_2026.zip,2026-10-08
cftc_copper_mm_long,2015-07-07,2015-07-10,34057.0,https://www.cftc.gov/files/dea/history/fut_disagg_txt_2026.zip,2026-10-08
cftc_copper_mm_long,2015-07-14,2015-07-17,32666.0,https://www.cftc.gov/files/dea/history/fut_disagg_txt_2026.zip,2026-10-08
cftc_copper_mm_long,2015-07-21,2015-07-24,32628.0,https://www.cftc.gov/files/dea/history/fut_disagg_txt_2026.zip,2026-10-08
cftc_copper_mm_long,2015-07-28,2015-07-31,32972.0,https://www.cftc.gov/files/dea/history/fut_disagg_txt_2026.zip,2026-10-08
cftc_copper_mm_long,2015-08-04,2015-08-07,33385.0,https://www.cftc.gov/files/dea/history/fut_disagg_txt_2026.zip,2026-10-08
cftc_copper_mm_long,2015-08-11,2015-08-14,34267.0,https://www.cftc.gov/files/dea/history/fut_disagg_txt_2026.zip,2026-10-08
cftc_copper_mm_long,2015-08-18,2015-08-21,34655.0,https://www.cftc.gov/files/dea/history/fut_disagg_txt_2026.zip,2026-10-08
cftc_copper_mm_long,2015-08-25,2015-08-28,34548.0,https://www.cftc.gov/files/dea/history/fut_disagg_txt_2026.zip,2026-10-08
cftc_copper_mm_long,2015-09-01,2015-09-04,34564.0,https://www.cftc.gov/files/dea/history/fut_disagg_txt_2026.zip,2026-10-08
cftc_copper_mm_long,2015-09-08,2015-09-11,38573.0,https://www.cftc.gov/files/dea/history/fut_disagg_txt_2026.zip,2026-10-08
cftc_copper_mm_long,2015-09-15,2015-09-18,36890.0,https://www.cftc.gov/files/dea/history/fut_disagg_txt_2026.zip,2026-10-08
cftc_copper_mm_long,2015-09-22,2015-09-25,33365.0,https://www.cftc.gov/files/dea/history/fut_disagg_txt_2026.zip,2026-10-08
cftc_copper_mm_long,2015-09-29,2015-10-02,32052.0,https://www.cftc.gov/files/dea/history/fut_disagg_txt_2026.zip,2026-10-08
cftc_copper_mm_long,2015-10-06,2015-10-09,34763.0,https://www.cftc.gov/files/dea/history/fut_disagg_txt_2026.zip,2026-10-08
cftc_copper_mm_long,2015-10-13,2015-10-16,36957.0,https://www.cftc.gov/files/dea/history/fut_disagg_txt_2026.zip,2026-10-08
cftc_copper_mm_long,2015-10-20,2015-10-23,35883.0,https://www.cftc.gov/files/dea/history/fut_disagg_txt_2026.zip,2026-10-08
cftc_copper_mm_long,2015-10-27,2015-10-30,36805.0,https://www.cftc.gov/files/dea/history/fut_disagg_txt_2026.zip,2026-10-08
cftc_copper_mm_long,2015-11-03,2015-11-06,32466.0,https://www.cftc.gov/files/dea/history/fut_disagg_txt_2026.zip,2026-10-08
cftc_copper_mm_long,2015-11-10,2015-11-13,29676.0,https://www.cftc.gov/files/dea/history/fut_disagg_txt_2026.zip,2026-10-08
cftc_copper_mm_long,2015-11-17,2015-11-20,28890.0,https://www.cftc.gov/files/dea/history/fut_disagg_txt_2026.zip,2026-10-08
cftc_copper_mm_long,2015-11-24,2015-11-27,30056.0,https://www.cftc.gov/files/dea/history/fut_disagg_txt_2026.zip,2026-10-08
cftc_copper_mm_long,2015-12-01,2015-12-04,29883.0,https://www.cftc.gov/files/dea/history/fut_disagg_txt_2026.zip,2026-10-08
cftc_copper_mm_long,2015-12-08,2015-12-11,30038.0,https://www.cftc.gov/files/dea/history/fut_disagg_txt_2026.zip,2026-10-08
cftc_copper_mm_long,2015-12-15,2015-12-18,30012.0,https://www.cftc.gov/files/dea/history/fut_disagg_txt_2026.zip,2026-10-08
cftc_copper_mm_long,2015-12-22,2015-12-25,29459.0,https://www.cftc.gov/files/dea/history/fut_disagg_txt_2026.zip,2026-10-08
cftc_copper_mm_long,2015-12-29,2016-01-01,28222.0,https://www.cftc.gov/files/dea/history/fut_disagg_txt_2026.zip,2026-10-08
cftc_copper_mm_long,2016-01-05,2016-01-08,26775.0,https://www.cftc.gov/files/dea/history/fut_disagg_txt_2026.zip,2026-10-08
cftc_copper_mm_long,2016-01-12,2016-01-15,29055.0,https://www.cftc.gov/files/dea/history/fut_disagg_txt_2026.zip,2026-10-08
cftc_copper_mm_long,2016-01-19,2016-01-22,29784.0,https://www.cftc.gov/files/dea/history/fut_disagg_txt_2026.zip,2026-10-08
cftc_copper_mm_long,2016-01-26,2016-01-29,32609.0,https://www.cftc.gov/files/dea/history/fut_disagg_txt_2026.zip,2026-10-08
cftc_copper_mm_long,2016-02-02,2016-02-05,30981.0,https://www.cftc.gov/files/dea/history/fut_disagg_txt_2026.zip,2026-10-08
cftc_copper_mm_long,2016-02-09,2016-02-12,36582.0,https://www.cftc.gov/files/dea/history/fut_disagg_txt_2026.zip,2026-10-08
cftc_copper_mm_long,2016-02-16,2016-02-19,33244.0,https://www.cftc.gov/files/dea/history/fut_disagg_txt_2026.zip,2026-10-08
cftc_copper_mm_long,2016-02-23,2016-02-26,30808.0,https://www.cftc.gov/files/dea/history/fut_disagg_txt_2026.zip,2026-10-08
cftc_copper_mm_long,2016-03-01,2016-03-04,36254.0,https://www.cftc.gov/files/dea/history/fut_disagg_txt_2026.zip,2026-10-08
cftc_copper_mm_long,2016-03-08,2016-03-11,47964.0,https://www.cftc.gov/files/dea/history/fut_disagg_txt_2026.zip,2026-10-08
cftc_copper_mm_long,2016-03-15,2016-03-18,43814.0,https://www.cftc.gov/files/dea/history/fut_disagg_txt_2026.zip,2026-10-08
cftc_copper_mm_long,2016-03-22,2016-03-25,42807.0,https://www.cftc.gov/files/dea/history/fut_disagg_txt_2026.zip,2026-10-08
cftc_copper_mm_long,2016-03-29,2016-04-01,43527.0,https://www.cftc.gov/files/dea/history/fut_disagg_txt_2026.zip,2026-10-08
cftc_copper_mm_long,2016-04-05,2016-04-08,38199.0,https://www.cftc.gov/files/dea/history/fut_disagg_txt_2026.zip,2026-10-08
cftc_copper_mm_long,2016-04-12,2016-04-15,34360.0,https://www.cftc.gov/files/dea/history/fut_disagg_txt_2026.zip,2026-10-08
cftc_copper_mm_long,2016-04-19,2016-04-22,37254.0,https://www.cftc.gov/files/dea/history/fut_disagg_txt_2026.zip,2026-10-08
cftc_copper_mm_long,2016-04-26,2016-04-29,43389.0,https://www.cftc.gov/files/dea/history/fut_disagg_txt_2026.zip,2026-10-08
cftc_copper_mm_long,2016-05-03,2016-05-06,44230.0,https://www.cftc.gov/files/dea/history/fut_disagg_txt_2026.zip,2026-10-08
cftc_copper_mm_long,2016-05-10,2016-05-13,38221.0,https://www.cftc.gov/files/dea/history/fut_disagg_txt_2026.zip,2026-10-08
cftc_copper_mm_long,2016-05-17,2016-05-20,38937.0,https://www.cftc.gov/files/dea/history/fut_disagg_txt_2026.zip,2026-10-08
cftc_copper_mm_long,2016-05-24,2016-05-27,32598.0,https://www.cftc.gov/files/dea/history/fut_disagg_txt_2026.zip,2026-10-08
cftc_copper_mm_long,2016-05-31,2016-06-03,31668.0,https://www.cftc.gov/files/dea/history/fut_disagg_txt_2026.zip,2026-10-08
cftc_copper_mm_long,2016-06-07,2016-06-10,33397.0,https://www.cftc.gov/files/dea/history/fut_disagg_txt_2026.zip,2026-10-08
cftc_copper_mm_long,2016-06-14,2016-06-17,31338.0,https://www.cftc.gov/files/dea/history/fut_disagg_txt_2026.zip,2026-10-08
cftc_copper_mm_long,2016-06-21,2016-06-24,32112.0,https://www.cftc.gov/files/dea/history/fut_disagg_txt_2026.zip,2026-10-08
cftc_copper_mm_long,2016-06-28,2016-07-01,31985.0,https://www.cftc.gov/files/dea/history/fut_disagg_txt_2026.zip,2026-10-08
cftc_copper_mm_long,2016-07-05,2016-07-08,33063.0,https://www.cftc.gov/files/dea/history/fut_disagg_txt_2026.zip,2026-10-08
cftc_copper_mm_long,2016-07-12,2016-07-15,36601.0,https://www.cftc.gov/files/dea/history/fut_disagg_txt_2026.zip,2026-10-08
cftc_copper_mm_long,2016-07-19,2016-07-22,41760.0,https://www.cftc.gov/files/dea/history/fut_disagg_txt_2026.zip,2026-10-08
cftc_copper_mm_long,2016-07-26,2016-07-29,47795.0,https://www.cftc.gov/files/dea/history/fut_disagg_txt_2026.zip,2026-10-08
cftc_copper_mm_long,2016-08-02,2016-08-05,43247.0,https://www.cftc.gov/files/dea/history/fut_disagg_txt_2026.zip,2026-10-08
cftc_copper_mm_long,2016-08-09,2016-08-12,38984.0,https://www.cftc.gov/files/dea/history/fut_disagg_txt_2026.zip,2026-10-08
cftc_copper_mm_long,2016-08-16,2016-08-19,37872.0,https://www.cftc.gov/files/dea/history/fut_disagg_txt_2026.zip,2026-10-08
cftc_copper_mm_long,2016-08-23,2016-08-26,43094.0,https://www.cftc.gov/files/dea/history/fut_disagg_txt_2026.zip,2026-10-08
cftc_copper_mm_long,2016-08-30,2016-09-02,39812.0,https://www.cftc.gov/files/dea/history/fut_disagg_txt_2026.zip,2026-10-08
cftc_copper_mm_long,2016-09-06,2016-09-09,44089.0,https://www.cftc.gov/files/dea/history/fut_disagg_txt_2026.zip,2026-10-08
cftc_copper_mm_long,2016-09-13,2016-09-16,48595.0,https://www.cftc.gov/files/dea/history/fut_disagg_txt_2026.zip,2026-10-08
cftc_copper_mm_long,2016-09-20,2016-09-23,49634.0,https://www.cftc.gov/files/dea/history/fut_disagg_txt_2026.zip,2026-10-08
cftc_copper_mm_long,2016-09-27,2016-09-30,53244.0,https://www.cftc.gov/files/dea/history/fut_disagg_txt_2026.zip,2026-10-08
cftc_copper_mm_long,2016-10-04,2016-10-07,56286.0,https://www.cftc.gov/files/dea/history/fut_disagg_txt_2026.zip,2026-10-08
cftc_copper_mm_long,2016-10-11,2016-10-14,57782.0,https://www.cftc.gov/files/dea/history/fut_disagg_txt_2026.zip,2026-10-08
cftc_copper_mm_long,2016-10-18,2016-10-21,54708.0,https://www.cftc.gov/files/dea/history/fut_disagg_txt_2026.zip,2026-10-08
cftc_copper_mm_long,2016-10-25,2016-10-28,56342.0,https://www.cftc.gov/files/dea/history/fut_disagg_txt_2026.zip,2026-10-08
cftc_copper_mm_long,2016-11-01,2016-11-04,67830.0,https://www.cftc.gov/files/dea/history/fut_disagg_txt_2026.zip,2026-10-08
cftc_copper_mm_long,2016-11-08,2016-11-11,92038.0,https://www.cftc.gov/files/dea/history/fut_disagg_txt_2026.zip,2026-10-08
cftc_copper_mm_long,2016-11-15,2016-11-18,96999.0,https://www.cftc.gov/files/dea/history/fut_disagg_txt_2026.zip,2026-10-08
cftc_copper_mm_long,2016-11-22,2016-11-25,100460.0,https://www.cftc.gov/files/dea/history/fut_disagg_txt_2026.zip,2026-10-08
cftc_copper_mm_long,2016-11-29,2016-12-02,104367.0,https://www.cftc.gov/files/dea/history/fut_disagg_txt_2026.zip,2026-10-08
cftc_copper_mm_long,2016-12-06,2016-12-09,104205.0,https://www.cftc.gov/files/dea/history/fut_disagg_txt_2026.zip,2026-10-08
cftc_copper_mm_long,2016-12-13,2016-12-16,108085.0,https://www.cftc.gov/files/dea/history/fut_disagg_txt_2026.zip,2026-10-08
cftc_copper_mm_long,2016-12-20,2016-12-23,102422.0,https://www.cftc.gov/files/dea/history/fut_disagg_txt_2026.zip,2026-10-08
cftc_copper_mm_long,2016-12-27,2016-12-30,96708.0,https://www.cftc.gov/files/dea/history/fut_disagg_txt_2026.zip,2026-10-08
cftc_copper_mm_long,2017-01-03,2017-01-06,94060.0,https://www.cftc.gov/files/dea/history/fut_disagg_txt_2026.zip,2026-10-08
cftc_copper_mm_long,2017-01-10,2017-01-13,99498.0,https://www.cftc.gov/files/dea/history/fut_disagg_txt_2026.zip,2026-10-08
cftc_copper_mm_long,2017-01-17,2017-01-20,100373.0,https://www.cftc.gov/files/dea/history/fut_disagg_txt_2026.zip,2026-10-08
cftc_copper_mm_long,2017-01-24,2017-01-27,114368.0,https://www.cftc.gov/files/dea/history/fut_disagg_txt_2026.zip,2026-10-08
cftc_copper_mm_long,2017-01-31,2017-02-03,119847.0,https://www.cftc.gov/files/dea/history/fut_disagg_txt_2026.zip,2026-10-08
cftc_copper_mm_long,2017-02-07,2017-02-10,115642.0,https://www.cftc.gov/files/dea/history/fut_disagg_txt_2026.zip,2026-10-08
cftc_copper_mm_long,2017-02-14,2017-02-17,115276.0,https://www.cftc.gov/files/dea/history/fut_disagg_txt_2026.zip,2026-10-08
cftc_copper_mm_long,2017-02-21,2017-02-24,111170.0,https://www.cftc.gov/files/dea/history/fut_disagg_txt_2026.zip,2026-10-08
cftc_copper_mm_long,2017-02-28,2017-03-03,103982.0,https://www.cftc.gov/files/dea/history/fut_disagg_txt_2026.zip,2026-10-08
cftc_copper_mm_long,2017-03-07,2017-03-10,96996.0,https://www.cftc.gov/files/dea/history/fut_disagg_txt_2026.zip,2026-10-08
cftc_copper_mm_long,2017-03-14,2017-03-17,92121.0,https://www.cftc.gov/files/dea/history/fut_disagg_txt_2026.zip,2026-10-08
cftc_copper_mm_long,2017-03-21,2017-03-24,93986.0,https://www.cftc.gov/files/dea/history/fut_disagg_txt_2026.zip,2026-10-08
cftc_copper_mm_long,2017-03-28,2017-03-31,97852.0,https://www.cftc.gov/files/dea/history/fut_disagg_txt_2026.zip,2026-10-08
cftc_copper_mm_long,2017-04-04,2017-04-07,95241.0,https://www.cftc.gov/files/dea/history/fut_disagg_txt_2026.zip,2026-10-08
cftc_copper_mm_long,2017-04-11,2017-04-14,95281.0,https://www.cftc.gov/files/dea/history/fut_disagg_txt_2026.zip,2026-10-08
cftc_copper_mm_long,2017-04-18,2017-04-21,82628.0,https://www.cftc.gov/files/dea/history/fut_disagg_txt_2026.zip,2026-10-08
cftc_copper_mm_long,2017-04-25,2017-04-28,82858.0,https://www.cftc.gov/files/dea/history/fut_disagg_txt_2026.zip,2026-10-08
cftc_copper_mm_long,2017-05-02,2017-05-05,87737.0,https://www.cftc.gov/files/dea/history/fut_disagg_txt_2026.zip,2026-10-08
cftc_copper_mm_long,2017-05-09,2017-05-12,76791.0,https://www.cftc.gov/files/dea/history/fut_disagg_txt_2026.zip,2026-10-08
cftc_copper_mm_long,2017-05-16,2017-05-19,78234.0,https://www.cftc.gov/files/dea/history/fut_disagg_txt_2026.zip,2026-10-08
cftc_copper_mm_long,2017-05-23,2017-05-26,81185.0,https://www.cftc.gov/files/dea/history/fut_disagg_txt_2026.zip,2026-10-08
cftc_copper_mm_long,2017-05-30,2017-06-02,80753.0,https://www.cftc.gov/files/dea/history/fut_disagg_txt_2026.zip,2026-10-08
cftc_copper_mm_long,2017-06-06,2017-06-09,83406.0,https://www.cftc.gov/files/dea/history/fut_disagg_txt_2026.zip,2026-10-08
cftc_copper_mm_long,2017-06-13,2017-06-16,94527.0,https://www.cftc.gov/files/dea/history/fut_disagg_txt_2026.zip,2026-10-08
cftc_copper_mm_long,2017-06-20,2017-06-23,88766.0,https://www.cftc.gov/files/dea/history/fut_disagg_txt_2026.zip,2026-10-08
cftc_copper_mm_long,2017-06-27,2017-06-30,95490.0,https://www.cftc.gov/files/dea/history/fut_disagg_txt_2026.zip,2026-10-08
cftc_copper_mm_long,2017-07-03,2017-07-06,105600.0,https://www.cftc.gov/files/dea/history/fut_disagg_txt_2026.zip,2026-10-08
cftc_copper_mm_long,2017-07-11,2017-07-14,101332.0,https://www.cftc.gov/files/dea/history/fut_disagg_txt_2026.zip,2026-10-08
cftc_copper_mm_long,2017-07-18,2017-07-21,108220.0,https://www.cftc.gov/files/dea/history/fut_disagg_txt_2026.zip,2026-10-08
cftc_copper_mm_long,2017-07-25,2017-07-28,121087.0,https://www.cftc.gov/files/dea/history/fut_disagg_txt_2026.zip,2026-10-08
cftc_copper_mm_long,2017-08-01,2017-08-04,137984.0,https://www.cftc.gov/files/dea/history/fut_disagg_txt_2026.zip,2026-10-08
cftc_copper_mm_long,2017-08-08,2017-08-11,142664.0,https://www.cftc.gov/files/dea/history/fut_disagg_txt_2026.zip,2026-10-08
cftc_copper_mm_long,2017-08-15,2017-08-18,149511.0,https://www.cftc.gov/files/dea/history/fut_disagg_txt_2026.zip,2026-10-08
cftc_copper_mm_long,2017-08-22,2017-08-25,149468.0,https://www.cftc.gov/files/dea/history/fut_disagg_txt_2026.zip,2026-10-08
cftc_copper_mm_long,2017-08-29,2017-09-01,151400.0,https://www.cftc.gov/files/dea/history/fut_disagg_txt_2026.zip,2026-10-08
cftc_copper_mm_long,2017-09-05,2017-09-08,153948.0,https://www.cftc.gov/files/dea/history/fut_disagg_txt_2026.zip,2026-10-08
cftc_copper_mm_long,2017-09-12,2017-09-15,149254.0,https://www.cftc.gov/files/dea/history/fut_disagg_txt_2026.zip,2026-10-08
cftc_copper_mm_long,2017-09-19,2017-09-22,130648.0,https://www.cftc.gov/files/dea/history/fut_disagg_txt_2026.zip,2026-10-08
cftc_copper_mm_long,2017-09-26,2017-09-29,122832.0,https://www.cftc.gov/files/dea/history/fut_disagg_txt_2026.zip,2026-10-08
cftc_copper_mm_long,2017-10-03,2017-10-06,122798.0,https://www.cftc.gov/files/dea/history/fut_disagg_txt_2026.zip,2026-10-08
cftc_copper_mm_long,2017-10-10,2017-10-13,127076.0,https://www.cftc.gov/files/dea/history/fut_disagg_txt_2026.zip,2026-10-08
cftc_copper_mm_long,2017-10-17,2017-10-20,135105.0,https://www.cftc.gov/files/dea/history/fut_disagg_txt_2026.zip,2026-10-08
cftc_copper_mm_long,2017-10-24,2017-10-27,133729.0,https://www.cftc.gov/files/dea/history/fut_disagg_txt_2026.zip,2026-10-08
cftc_copper_mm_long,2017-10-31,2017-11-03,131251.0,https://www.cftc.gov/files/dea/history/fut_disagg_txt_2026.zip,2026-10-08
cftc_copper_mm_long,2017-11-07,2017-11-10,120485.0,https://www.cftc.gov/files/dea/history/fut_disagg_txt_2026.zip,2026-10-08
cftc_copper_mm_long,2017-11-14,2017-11-17,113512.0,https://www.cftc.gov/files/dea/history/fut_disagg_txt_2026.zip,2026-10-08
cftc_copper_mm_long,2017-11-21,2017-11-24,112142.0,https://www.cftc.gov/files/dea/history/fut_disagg_txt_2026.zip,2026-10-08
cftc_copper_mm_long,2017-11-28,2017-12-01,114592.0,https://www.cftc.gov/files/dea/history/fut_disagg_txt_2026.zip,2026-10-08
cftc_copper_mm_long,2017-12-05,2017-12-08,97473.0,https://www.cftc.gov/files/dea/history/fut_disagg_txt_2026.zip,2026-10-08
cftc_copper_mm_long,2017-12-12,2017-12-15,84661.0,https://www.cftc.gov/files/dea/history/fut_disagg_txt_2026.zip,2026-10-08
cftc_copper_mm_long,2017-12-19,2017-12-22,105212.0,https://www.cftc.gov/files/dea/history/fut_disagg_txt_2026.zip,2026-10-08
cftc_copper_mm_long,2017-12-26,2017-12-29,122402.0,https://www.cftc.gov/files/dea/history/fut_disagg_txt_2026.zip,2026-10-08
cftc_copper_mm_long,2018-01-02,2018-01-05,134568.0,https://www.cftc.gov/files/dea/history/fut_disagg_txt_2026.zip,2026-10-08
cftc_copper_mm_long,2018-01-09,2018-01-12,132201.0,https://www.cftc.gov/files/dea/history/fut_disagg_txt_2026.zip,2026-10-08
cftc_copper_mm_long,2018-01-16,2018-01-19,121314.0,https://www.cftc.gov/files/dea/history/fut_disagg_txt_2026.zip,2026-10-08
cftc_copper_mm_long,2018-01-23,2018-01-26,106267.0,https://www.cftc.gov/files/dea/history/fut_disagg_txt_2026.zip,2026-10-08
cftc_copper_mm_long,2018-01-30,2018-02-02,98880.0,https://www.cftc.gov/files/dea/history/fut_disagg_txt_2026.zip,2026-10-08
cftc_copper_mm_long,2018-02-06,2018-02-09,95918.0,https://www.cftc.gov/files/dea/history/fut_disagg_txt_2026.zip,2026-10-08
cftc_copper_mm_long,2018-02-13,2018-02-16,78838.0,https://www.cftc.gov/files/dea/history/fut_disagg_txt_2026.zip,2026-10-08
cftc_copper_mm_long,2018-02-20,2018-02-23,82560.0,https://www.cftc.gov/files/dea/history/fut_disagg_txt_2026.zip,2026-10-08
cftc_copper_mm_long,2018-02-27,2018-03-02,85727.0,https://www.cftc.gov/files/dea/history/fut_disagg_txt_2026.zip,2026-10-08
cftc_copper_mm_long,2018-03-06,2018-03-09,80676.0,https://www.cftc.gov/files/dea/history/fut_disagg_txt_2026.zip,2026-10-08
cftc_copper_mm_long,2018-03-13,2018-03-16,77498.0,https://www.cftc.gov/files/dea/history/fut_disagg_txt_2026.zip,2026-10-08
cftc_copper_mm_long,2018-03-20,2018-03-23,74209.0,https://www.cftc.gov/files/dea/history/fut_disagg_txt_2026.zip,2026-10-08
cftc_copper_mm_long,2018-03-27,2018-03-30,68597.0,https://www.cftc.gov/files/dea/history/fut_disagg_txt_2026.zip,2026-10-08
cftc_copper_mm_long,2018-04-03,2018-04-06,67103.0,https://www.cftc.gov/files/dea/history/fut_disagg_txt_2026.zip,2026-10-08
cftc_copper_mm_long,2018-04-10,2018-04-13,66948.0,https://www.cftc.gov/files/dea/history/fut_disagg_txt_2026.zip,2026-10-08
cftc_copper_mm_long,2018-04-17,2018-04-20,69791.0,https://www.cftc.gov/files/dea/history/fut_disagg_txt_2026.zip,2026-10-08
cftc_copper_mm_long,2018-04-24,2018-04-27,77571.0,https://www.cftc.gov/files/dea/history/fut_disagg_txt_2026.zip,2026-10-08
cftc_copper_mm_long,2018-05-01,2018-05-04,81039.0,https://www.cftc.gov/files/dea/history/fut_disagg_txt_2026.zip,2026-10-08
cftc_copper_mm_long,2018-05-08,2018-05-11,76939.0,https://www.cftc.gov/files/dea/history/fut_disagg_txt_2026.zip,2026-10-08
cftc_copper_mm_long,2018-05-15,2018-05-18,78877.0,https://www.cftc.gov/files/dea/history/fut_disagg_txt_2026.zip,2026-10-08
cftc_copper_mm_long,2018-05-22,2018-05-25,84536.0,https://www.cftc.gov/files/dea/history/fut_disagg_txt_2026.zip,2026-10-08
cftc_copper_mm_long,2018-05-29,2018-06-01,81234.0,https://www.cftc.gov/files/dea/history/fut_disagg_txt_2026.zip,2026-10-08
cftc_copper_mm_long,2018-06-05,2018-06-08,91820.0,https://www.cftc.gov/files/dea/history/fut_disagg_txt_2026.zip,2026-10-08
cftc_copper_mm_long,2018-06-12,2018-06-15,110989.0,https://www.cftc.gov/files/dea/history/fut_disagg_txt_2026.zip,2026-10-08
cftc_copper_mm_long,2018-06-19,2018-06-22,93840.0,https://www.cftc.gov/files/dea/history/fut_disagg_txt_2026.zip,2026-10-08
cftc_copper_mm_long,2018-06-26,2018-06-29,72532.0,https://www.cftc.gov/files/dea/history/fut_disagg_txt_2026.zip,2026-10-08
cftc_copper_mm_long,2018-07-03,2018-07-06,64868.0,https://www.cftc.gov/files/dea/history/fut_disagg_txt_2026.zip,2026-10-08
cftc_copper_mm_long,2018-07-10,2018-07-13,58358.0,https://www.cftc.gov/files/dea/history/fut_disagg_txt_2026.zip,2026-10-08
cftc_copper_mm_long,2018-07-17,2018-07-20,57663.0,https://www.cftc.gov/files/dea/history/fut_disagg_txt_2026.zip,2026-10-08
cftc_copper_mm_long,2018-07-24,2018-07-27,61559.0,https://www.cftc.gov/files/dea/history/fut_disagg_txt_2026.zip,2026-10-08
cftc_copper_mm_long,2018-07-31,2018-08-03,59084.0,https://www.cftc.gov/files/dea/history/fut_disagg_txt_2026.zip,2026-10-08
cftc_copper_mm_long,2018-08-07,2018-08-10,53226.0,https://www.cftc.gov/files/dea/history/fut_disagg_txt_2026.zip,2026-10-08
cftc_copper_mm_long,2018-08-14,2018-08-17,51074.0,https://www.cftc.gov/files/dea/history/fut_disagg_txt_2026.zip,2026-10-08
cftc_copper_mm_long,2018-08-21,2018-08-24,47516.0,https://www.cftc.gov/files/dea/history/fut_disagg_txt_2026.zip,2026-10-08
cftc_copper_mm_long,2018-08-28,2018-08-31,47062.0,https://www.cftc.gov/files/dea/history/fut_disagg_txt_2026.zip,2026-10-08
cftc_copper_mm_long,2018-09-04,2018-09-07,40714.0,https://www.cftc.gov/files/dea/history/fut_disagg_txt_2026.zip,2026-10-08
cftc_copper_mm_long,2018-09-11,2018-09-14,39051.0,https://www.cftc.gov/files/dea/history/fut_disagg_txt_2026.zip,2026-10-08
cftc_copper_mm_long,2018-09-18,2018-09-21,45097.0,https://www.cftc.gov/files/dea/history/fut_disagg_txt_2026.zip,2026-10-08
cftc_copper_mm_long,2018-09-25,2018-09-28,50305.0,https://www.cftc.gov/files/dea/history/fut_disagg_txt_2026.zip,2026-10-08
cftc_copper_mm_long,2018-10-02,2018-10-05,49592.0,https://www.cftc.gov/files/dea/history/fut_disagg_txt_2026.zip,2026-10-08
cftc_copper_mm_long,2018-10-09,2018-10-12,42072.0,https://www.cftc.gov/files/dea/history/fut_disagg_txt_2026.zip,2026-10-08
cftc_copper_mm_long,2018-10-16,2018-10-19,44387.0,https://www.cftc.gov/files/dea/history/fut_disagg_txt_2026.zip,2026-10-08
cftc_copper_mm_long,2018-10-23,2018-10-26,40671.0,https://www.cftc.gov/files/dea/history/fut_disagg_txt_2026.zip,2026-10-08
cftc_copper_mm_long,2018-10-30,2018-11-02,41453.0,https://www.cftc.gov/files/dea/history/fut_disagg_txt_2026.zip,2026-10-08
cftc_copper_mm_long,2018-11-06,2018-11-09,50232.0,https://www.cftc.gov/files/dea/history/fut_disagg_txt_2026.zip,2026-10-08
cftc_copper_mm_long,2018-11-13,2018-11-16,48487.0,https://www.cftc.gov/files/dea/history/fut_disagg_txt_2026.zip,2026-10-08
cftc_copper_mm_long,2018-11-20,2018-11-23,56907.0,https://www.cftc.gov/files/dea/history/fut_disagg_txt_2026.zip,2026-10-08
cftc_copper_mm_long,2018-11-27,2018-11-30,53595.0,https://www.cftc.gov/files/dea/history/fut_disagg_txt_2026.zip,2026-10-08
cftc_copper_mm_long,2018-12-04,2018-12-07,49320.0,https://www.cftc.gov/files/dea/history/fut_disagg_txt_2026.zip,2026-10-08
cftc_copper_mm_long,2018-12-11,2018-12-14,48805.0,https://www.cftc.gov/files/dea/history/fut_disagg_txt_2026.zip,2026-10-08
cftc_copper_mm_long,2018-12-18,2018-12-21,47388.0,https://www.cftc.gov/files/dea/history/fut_disagg_txt_2026.zip,2026-10-08
cftc_copper_mm_long,2018-12-24,2018-12-27,45493.0,https://www.cftc.gov/files/dea/history/fut_disagg_txt_2026.zip,2026-10-08
cftc_copper_mm_long,2018-12-31,2019-01-03,44509.0,https://www.cftc.gov/files/dea/history/fut_disagg_txt_2026.zip,2026-10-08
cftc_copper_mm_long,2019-01-08,2019-01-11,41520.0,https://www.cftc.gov/files/dea/history/fut_disagg_txt_2026.zip,2026-10-08
cftc_copper_mm_long,2019-01-15,2019-01-18,42824.0,https://www.cftc.gov/files/dea/history/fut_disagg_txt_2026.zip,2026-10-08
cftc_copper_mm_long,2019-01-22,2019-01-25,45207.0,https://www.cftc.gov/files/dea/history/fut_disagg_txt_2026.zip,2026-10-08
cftc_copper_mm_long,2019-01-29,2019-02-01,46428.0,https://www.cftc.gov/files/dea/history/fut_disagg_txt_2026.zip,2026-10-08
cftc_copper_mm_long,2019-02-05,2019-02-08,52847.0,https://www.cftc.gov/files/dea/history/fut_disagg_txt_2026.zip,2026-10-08
cftc_copper_mm_long,2019-02-12,2019-02-15,58955.0,https://www.cftc.gov/files/dea/history/fut_disagg_txt_2026.zip,2026-10-08
cftc_copper_mm_long,2019-02-19,2019-02-22,60587.0,https://www.cftc.gov/files/dea/history/fut_disagg_txt_2026.zip,2026-10-08
cftc_copper_mm_long,2019-02-26,2019-03-01,73543.0,https://www.cftc.gov/files/dea/history/fut_disagg_txt_2026.zip,2026-10-08
cftc_copper_mm_long,2019-03-05,2019-03-08,71727.0,https://www.cftc.gov/files/dea/history/fut_disagg_txt_2026.zip,2026-10-08
cftc_copper_mm_long,2019-03-12,2019-03-15,66229.0,https://www.cftc.gov/files/dea/history/fut_disagg_txt_2026.zip,2026-10-08
cftc_copper_mm_long,2019-03-19,2019-03-22,60175.0,https://www.cftc.gov/files/dea/history/fut_disagg_txt_2026.zip,2026-10-08
cftc_copper_mm_long,2019-03-26,2019-03-29,52958.0,https://www.cftc.gov/files/dea/history/fut_disagg_txt_2026.zip,2026-10-08
cftc_copper_mm_long,2019-04-02,2019-04-05,58636.0,https://www.cftc.gov/files/dea/history/fut_disagg_txt_2026.zip,2026-10-08
cftc_copper_mm_long,2019-04-09,2019-04-12,61485.0,https://www.cftc.gov/files/dea/history/fut_disagg_txt_2026.zip,2026-10-08
cftc_copper_mm_long,2019-04-16,2019-04-19,64478.0,https://www.cftc.gov/files/dea/history/fut_disagg_txt_2026.zip,2026-10-08
cftc_copper_mm_long,2019-04-23,2019-04-26,60986.0,https://www.cftc.gov/files/dea/history/fut_disagg_txt_2026.zip,2026-10-08
cftc_copper_mm_long,2019-04-30,2019-05-03,58366.0,https://www.cftc.gov/files/dea/history/fut_disagg_txt_2026.zip,2026-10-08
cftc_copper_mm_long,2019-05-07,2019-05-10,51007.0,https://www.cftc.gov/files/dea/history/fut_disagg_txt_2026.zip,2026-10-08
cftc_copper_mm_long,2019-05-14,2019-05-17,47453.0,https://www.cftc.gov/files/dea/history/fut_disagg_txt_2026.zip,2026-10-08
cftc_copper_mm_long,2019-05-21,2019-05-24,46881.0,https://www.cftc.gov/files/dea/history/fut_disagg_txt_2026.zip,2026-10-08
cftc_copper_mm_long,2019-05-28,2019-05-31,47010.0,https://www.cftc.gov/files/dea/history/fut_disagg_txt_2026.zip,2026-10-08
cftc_copper_mm_long,2019-06-04,2019-06-07,45877.0,https://www.cftc.gov/files/dea/history/fut_disagg_txt_2026.zip,2026-10-08
cftc_copper_mm_long,2019-06-11,2019-06-14,49352.0,https://www.cftc.gov/files/dea/history/fut_disagg_txt_2026.zip,2026-10-08
cftc_copper_mm_long,2019-06-18,2019-06-21,52848.0,https://www.cftc.gov/files/dea/history/fut_disagg_txt_2026.zip,2026-10-08
cftc_copper_mm_long,2019-06-25,2019-06-28,47883.0,https://www.cftc.gov/files/dea/history/fut_disagg_txt_2026.zip,2026-10-08
cftc_copper_mm_long,2019-07-02,2019-07-05,44261.0,https://www.cftc.gov/files/dea/history/fut_disagg_txt_2026.zip,2026-10-08
cftc_copper_mm_long,2019-07-09,2019-07-12,43097.0,https://www.cftc.gov/files/dea/history/fut_disagg_txt_2026.zip,2026-10-08
cftc_copper_mm_long,2019-07-16,2019-07-19,46448.0,https://www.cftc.gov/files/dea/history/fut_disagg_txt_2026.zip,2026-10-08
cftc_copper_mm_long,2019-07-23,2019-07-26,46890.0,https://www.cftc.gov/files/dea/history/fut_disagg_txt_2026.zip,2026-10-08
cftc_copper_mm_long,2019-07-30,2019-08-02,45098.0,https://www.cftc.gov/files/dea/history/fut_disagg_txt_2026.zip,2026-10-08
cftc_copper_mm_long,2019-08-06,2019-08-09,43405.0,https://www.cftc.gov/files/dea/history/fut_disagg_txt_2026.zip,2026-10-08
cftc_copper_mm_long,2019-08-13,2019-08-16,42413.0,https://www.cftc.gov/files/dea/history/fut_disagg_txt_2026.zip,2026-10-08
cftc_copper_mm_long,2019-08-20,2019-08-23,42418.0,https://www.cftc.gov/files/dea/history/fut_disagg_txt_2026.zip,2026-10-08
cftc_copper_mm_long,2019-08-27,2019-08-30,42571.0,https://www.cftc.gov/files/dea/history/fut_disagg_txt_2026.zip,2026-10-08
cftc_copper_mm_long,2019-09-03,2019-09-06,46518.0,https://www.cftc.gov/files/dea/history/fut_disagg_txt_2026.zip,2026-10-08
cftc_copper_mm_long,2019-09-10,2019-09-13,50008.0,https://www.cftc.gov/files/dea/history/fut_disagg_txt_2026.zip,2026-10-08
cftc_copper_mm_long,2019-09-17,2019-09-20,45591.0,https://www.cftc.gov/files/dea/history/fut_disagg_txt_2026.zip,2026-10-08
cftc_copper_mm_long,2019-09-24,2019-09-27,42901.0,https://www.cftc.gov/files/dea/history/fut_disagg_txt_2026.zip,2026-10-08
cftc_copper_mm_long,2019-10-01,2019-10-04,39766.0,https://www.cftc.gov/files/dea/history/fut_disagg_txt_2026.zip,2026-10-08
cftc_copper_mm_long,2019-10-08,2019-10-11,41844.0,https://www.cftc.gov/files/dea/history/fut_disagg_txt_2026.zip,2026-10-08
cftc_copper_mm_long,2019-10-15,2019-10-18,40112.0,https://www.cftc.gov/files/dea/history/fut_disagg_txt_2026.zip,2026-10-08
cftc_copper_mm_long,2019-10-22,2019-10-25,43533.0,https://www.cftc.gov/files/dea/history/fut_disagg_txt_2026.zip,2026-10-08
cftc_copper_mm_long,2019-10-29,2019-11-01,54393.0,https://www.cftc.gov/files/dea/history/fut_disagg_txt_2026.zip,2026-10-08
cftc_copper_mm_long,2019-11-05,2019-11-08,60186.0,https://www.cftc.gov/files/dea/history/fut_disagg_txt_2026.zip,2026-10-08
cftc_copper_mm_long,2019-11-12,2019-11-15,52875.0,https://www.cftc.gov/files/dea/history/fut_disagg_txt_2026.zip,2026-10-08
cftc_copper_mm_long,2019-11-19,2019-11-22,42859.0,https://www.cftc.gov/files/dea/history/fut_disagg_txt_2026.zip,2026-10-08
cftc_copper_mm_long,2019-11-26,2019-11-29,42124.0,https://www.cftc.gov/files/dea/history/fut_disagg_txt_2026.zip,2026-10-08
cftc_copper_mm_long,2019-12-03,2019-12-06,40492.0,https://www.cftc.gov/files/dea/history/fut_disagg_txt_2026.zip,2026-10-08
cftc_copper_mm_long,2019-12-10,2019-12-13,58382.0,https://www.cftc.gov/files/dea/history/fut_disagg_txt_2026.zip,2026-10-08
cftc_copper_mm_long,2019-12-17,2019-12-20,73878.0,https://www.cftc.gov/files/dea/history/fut_disagg_txt_2026.zip,2026-10-08
cftc_copper_mm_long,2019-12-24,2019-12-27,77161.0,https://www.cftc.gov/files/dea/history/fut_disagg_txt_2026.zip,2026-10-08
cftc_copper_mm_long,2019-12-31,2020-01-03,77362.0,https://www.cftc.gov/files/dea/history/fut_disagg_txt_2026.zip,2026-10-08
cftc_copper_mm_long,2020-01-07,2020-01-10,71974.0,https://www.cftc.gov/files/dea/history/fut_disagg_txt_2026.zip,2026-10-08
cftc_copper_mm_long,2020-01-14,2020-01-17,80053.0,https://www.cftc.gov/files/dea/history/fut_disagg_txt_2026.zip,2026-10-08
cftc_copper_mm_long,2020-01-21,2020-01-24,77873.0,https://www.cftc.gov/files/dea/history/fut_disagg_txt_2026.zip,2026-10-08
cftc_copper_mm_long,2020-01-28,2020-01-31,51636.0,https://www.cftc.gov/files/dea/history/fut_disagg_txt_2026.zip,2026-10-08
cftc_copper_mm_long,2020-02-04,2020-02-07,43657.0,https://www.cftc.gov/files/dea/history/fut_disagg_txt_2026.zip,2026-10-08
cftc_copper_mm_long,2020-02-11,2020-02-14,40875.0,https://www.cftc.gov/files/dea/history/fut_disagg_txt_2026.zip,2026-10-08
cftc_copper_mm_long,2020-02-18,2020-02-21,43333.0,https://www.cftc.gov/files/dea/history/fut_disagg_txt_2026.zip,2026-10-08
cftc_copper_mm_long,2020-02-25,2020-02-28,44041.0,https://www.cftc.gov/files/dea/history/fut_disagg_txt_2026.zip,2026-10-08
cftc_copper_mm_long,2020-03-03,2020-03-06,45943.0,https://www.cftc.gov/files/dea/history/fut_disagg_txt_2026.zip,2026-10-08
cftc_copper_mm_long,2020-03-10,2020-03-13,40785.0,https://www.cftc.gov/files/dea/history/fut_disagg_txt_2026.zip,2026-10-08
cftc_copper_mm_long,2020-03-17,2020-03-20,35505.0,https://www.cftc.gov/files/dea/history/fut_disagg_txt_2026.zip,2026-10-08
cftc_copper_mm_long,2020-03-24,2020-03-27,30831.0,https://www.cftc.gov/files/dea/history/fut_disagg_txt_2026.zip,2026-10-08
cftc_copper_mm_long,2020-03-31,2020-04-03,28573.0,https://www.cftc.gov/files/dea/history/fut_disagg_txt_2026.zip,2026-10-08
cftc_copper_mm_long,2020-04-07,2020-04-10,28424.0,https://www.cftc.gov/files/dea/history/fut_disagg_txt_2026.zip,2026-10-08
cftc_copper_mm_long,2020-04-14,2020-04-17,27134.0,https://www.cftc.gov/files/dea/history/fut_disagg_txt_2026.zip,2026-10-08
cftc_copper_mm_long,2020-04-21,2020-04-24,31513.0,https://www.cftc.gov/files/dea/history/fut_disagg_txt_2026.zip,2026-10-08
cftc_copper_mm_long,2020-04-28,2020-05-01,32349.0,https://www.cftc.gov/files/dea/history/fut_disagg_txt_2026.zip,2026-10-08
cftc_copper_mm_long,2020-05-05,2020-05-08,31446.0,https://www.cftc.gov/files/dea/history/fut_disagg_txt_2026.zip,2026-10-08
cftc_copper_mm_long,2020-05-12,2020-05-15,32014.0,https://www.cftc.gov/files/dea/history/fut_disagg_txt_2026.zip,2026-10-08
cftc_copper_mm_long,2020-05-19,2020-05-22,36510.0,https://www.cftc.gov/files/dea/history/fut_disagg_txt_2026.zip,2026-10-08
cftc_copper_mm_long,2020-05-26,2020-05-29,35916.0,https://www.cftc.gov/files/dea/history/fut_disagg_txt_2026.zip,2026-10-08
cftc_copper_mm_long,2020-06-02,2020-06-05,41023.0,https://www.cftc.gov/files/dea/history/fut_disagg_txt_2026.zip,2026-10-08
cftc_copper_mm_long,2020-06-09,2020-06-12,45195.0,https://www.cftc.gov/files/dea/history/fut_disagg_txt_2026.zip,2026-10-08
cftc_copper_mm_long,2020-06-16,2020-06-19,41433.0,https://www.cftc.gov/files/dea/history/fut_disagg_txt_2026.zip,2026-10-08
cftc_copper_mm_long,2020-06-23,2020-06-26,48488.0,https://www.cftc.gov/files/dea/history/fut_disagg_txt_2026.zip,2026-10-08
cftc_copper_mm_long,2020-06-30,2020-07-03,53204.0,https://www.cftc.gov/files/dea/history/fut_disagg_txt_2026.zip,2026-10-08
cftc_copper_mm_long,2020-07-07,2020-07-10,59856.0,https://www.cftc.gov/files/dea/history/fut_disagg_txt_2026.zip,2026-10-08
cftc_copper_mm_long,2020-07-14,2020-07-17,69219.0,https://www.cftc.gov/files/dea/history/fut_disagg_txt_2026.zip,2026-10-08
cftc_copper_mm_long,2020-07-21,2020-07-24,79104.0,https://www.cftc.gov/files/dea/history/fut_disagg_txt_2026.zip,2026-10-08
cftc_copper_mm_long,2020-07-28,2020-07-31,82180.0,https://www.cftc.gov/files/dea/history/fut_disagg_txt_2026.zip,2026-10-08
cftc_copper_mm_long,2020-08-04,2020-08-07,78487.0,https://www.cftc.gov/files/dea/history/fut_disagg_txt_2026.zip,2026-10-08
cftc_copper_mm_long,2020-08-11,2020-08-14,73864.0,https://www.cftc.gov/files/dea/history/fut_disagg_txt_2026.zip,2026-10-08
cftc_copper_mm_long,2020-08-18,2020-08-21,84229.0,https://www.cftc.gov/files/dea/history/fut_disagg_txt_2026.zip,2026-10-08
cftc_copper_mm_long,2020-08-25,2020-08-28,83949.0,https://www.cftc.gov/files/dea/history/fut_disagg_txt_2026.zip,2026-10-08
cftc_copper_mm_long,2020-09-01,2020-09-04,89377.0,https://www.cftc.gov/files/dea/history/fut_disagg_txt_2026.zip,2026-10-08
cftc_copper_mm_long,2020-09-08,2020-09-11,89799.0,https://www.cftc.gov/files/dea/history/fut_disagg_txt_2026.zip,2026-10-08
cftc_copper_mm_long,2020-09-15,2020-09-18,96924.0,https://www.cftc.gov/files/dea/history/fut_disagg_txt_2026.zip,2026-10-08
cftc_copper_mm_long,2020-09-22,2020-09-25,109711.0,https://www.cftc.gov/files/dea/history/fut_disagg_txt_2026.zip,2026-10-08
cftc_copper_mm_long,2020-09-29,2020-10-02,102331.0,https://www.cftc.gov/files/dea/history/fut_disagg_txt_2026.zip,2026-10-08
cftc_copper_mm_long,2020-10-06,2020-10-09,93562.0,https://www.cftc.gov/files/dea/history/fut_disagg_txt_2026.zip,2026-10-08
cftc_copper_mm_long,2020-10-13,2020-10-16,106727.0,https://www.cftc.gov/files/dea/history/fut_disagg_txt_2026.zip,2026-10-08
cftc_copper_mm_long,2020-10-20,2020-10-23,118089.0,https://www.cftc.gov/files/dea/history/fut_disagg_txt_2026.zip,2026-10-08
cftc_copper_mm_long,2020-10-27,2020-10-30,113073.0,https://www.cftc.gov/files/dea/history/fut_disagg_txt_2026.zip,2026-10-08
cftc_copper_mm_long,2020-11-03,2020-11-06,102633.0,https://www.cftc.gov/files/dea/history/fut_disagg_txt_2026.zip,2026-10-08
cftc_copper_mm_long,2020-11-10,2020-11-13,106905.0,https://www.cftc.gov/files/dea/history/fut_disagg_txt_2026.zip,2026-10-08
cftc_copper_mm_long,2020-11-17,2020-11-20,107083.0,https://www.cftc.gov/files/dea/history/fut_disagg_txt_2026.zip,2026-10-08
cftc_copper_mm_long,2020-11-24,2020-11-27,109070.0,https://www.cftc.gov/files/dea/history/fut_disagg_txt_2026.zip,2026-10-08
cftc_copper_mm_long,2020-12-01,2020-12-04,112119.0,https://www.cftc.gov/files/dea/history/fut_disagg_txt_2026.zip,2026-10-08
cftc_copper_mm_long,2020-12-08,2020-12-11,116946.0,https://www.cftc.gov/files/dea/history/fut_disagg_txt_2026.zip,2026-10-08
cftc_copper_mm_long,2020-12-15,2020-12-18,114609.0,https://www.cftc.gov/files/dea/history/fut_disagg_txt_2026.zip,2026-10-08
cftc_copper_mm_long,2020-12-21,2020-12-24,114267.0,https://www.cftc.gov/files/dea/history/fut_disagg_txt_2026.zip,2026-10-08
cftc_copper_mm_long,2020-12-29,2021-01-01,111062.0,https://www.cftc.gov/files/dea/history/fut_disagg_txt_2026.zip,2026-10-08
cftc_copper_mm_long,2021-01-05,2021-01-08,112975.0,https://www.cftc.gov/files/dea/history/fut_disagg_txt_2026.zip,2026-10-08
cftc_copper_mm_long,2021-01-12,2021-01-15,108709.0,https://www.cftc.gov/files/dea/history/fut_disagg_txt_2026.zip,2026-10-08
cftc_copper_mm_long,2021-01-19,2021-01-22,109901.0,https://www.cftc.gov/files/dea/history/fut_disagg_txt_2026.zip,2026-10-08
cftc_copper_mm_long,2021-01-26,2021-01-29,108279.0,https://www.cftc.gov/files/dea/history/fut_disagg_txt_2026.zip,2026-10-08
cftc_copper_mm_long,2021-02-02,2021-02-05,108418.0,https://www.cftc.gov/files/dea/history/fut_disagg_txt_2026.zip,2026-10-08
cftc_copper_mm_long,2021-02-09,2021-02-12,117403.0,https://www.cftc.gov/files/dea/history/fut_disagg_txt_2026.zip,2026-10-08
cftc_copper_mm_long,2021-02-16,2021-02-19,117810.0,https://www.cftc.gov/files/dea/history/fut_disagg_txt_2026.zip,2026-10-08
cftc_copper_mm_long,2021-02-23,2021-02-26,100788.0,https://www.cftc.gov/files/dea/history/fut_disagg_txt_2026.zip,2026-10-08
cftc_copper_mm_long,2021-03-02,2021-03-05,96521.0,https://www.cftc.gov/files/dea/history/fut_disagg_txt_2026.zip,2026-10-08
cftc_copper_mm_long,2021-03-09,2021-03-12,82479.0,https://www.cftc.gov/files/dea/history/fut_disagg_txt_2026.zip,2026-10-08
cftc_copper_mm_long,2021-03-16,2021-03-19,77633.0,https://www.cftc.gov/files/dea/history/fut_disagg_txt_2026.zip,2026-10-08
cftc_copper_mm_long,2021-03-23,2021-03-26,78836.0,https://www.cftc.gov/files/dea/history/fut_disagg_txt_2026.zip,2026-10-08
cftc_copper_mm_long,2021-03-30,2021-04-02,76425.0,https://www.cftc.gov/files/dea/history/fut_disagg_txt_2026.zip,2026-10-08
cftc_copper_mm_long,2021-04-06,2021-04-09,81806.0,https://www.cftc.gov/files/dea/history/fut_disagg_txt_2026.zip,2026-10-08
cftc_copper_mm_long,2021-04-13,2021-04-16,75197.0,https://www.cftc.gov/files/dea/history/fut_disagg_txt_2026.zip,2026-10-08
cftc_copper_mm_long,2021-04-20,2021-04-23,81205.0,https://www.cftc.gov/files/dea/history/fut_disagg_txt_2026.zip,2026-10-08
cftc_copper_mm_long,2021-04-27,2021-04-30,90484.0,https://www.cftc.gov/files/dea/history/fut_disagg_txt_2026.zip,2026-10-08
cftc_copper_mm_long,2021-05-04,2021-05-07,100251.0,https://www.cftc.gov/files/dea/history/fut_disagg_txt_2026.zip,2026-10-08
cftc_copper_mm_long,2021-05-11,2021-05-14,95238.0,https://www.cftc.gov/files/dea/history/fut_disagg_txt_2026.zip,2026-10-08
cftc_copper_mm_long,2021-05-18,2021-05-21,85005.0,https://www.cftc.gov/files/dea/history/fut_disagg_txt_2026.zip,2026-10-08
cftc_copper_mm_long,2021-05-25,2021-05-28,70997.0,https://www.cftc.gov/files/dea/history/fut_disagg_txt_2026.zip,2026-10-08
cftc_copper_mm_long,2021-06-01,2021-06-04,67542.0,https://www.cftc.gov/files/dea/history/fut_disagg_txt_2026.zip,2026-10-08
cftc_copper_mm_long,2021-06-08,2021-06-11,66095.0,https://www.cftc.gov/files/dea/history/fut_disagg_txt_2026.zip,2026-10-08
cftc_copper_mm_long,2021-06-15,2021-06-18,64592.0,https://www.cftc.gov/files/dea/history/fut_disagg_txt_2026.zip,2026-10-08
cftc_copper_mm_long,2021-06-22,2021-06-25,57273.0,https://www.cftc.gov/files/dea/history/fut_disagg_txt_2026.zip,2026-10-08
cftc_copper_mm_long,2021-06-29,2021-07-02,58756.0,https://www.cftc.gov/files/dea/history/fut_disagg_txt_2026.zip,2026-10-08
cftc_copper_mm_long,2021-07-06,2021-07-09,58722.0,https://www.cftc.gov/files/dea/history/fut_disagg_txt_2026.zip,2026-10-08
cftc_copper_mm_long,2021-07-13,2021-07-16,57039.0,https://www.cftc.gov/files/dea/history/fut_disagg_txt_2026.zip,2026-10-08
cftc_copper_mm_long,2021-07-20,2021-07-23,56075.0,https://www.cftc.gov/files/dea/history/fut_disagg_txt_2026.zip,2026-10-08
cftc_copper_mm_long,2021-07-27,2021-07-30,67753.0,https://www.cftc.gov/files/dea/history/fut_disagg_txt_2026.zip,2026-10-08
cftc_copper_mm_long,2021-08-03,2021-08-06,65290.0,https://www.cftc.gov/files/dea/history/fut_disagg_txt_2026.zip,2026-10-08
cftc_copper_mm_long,2021-08-10,2021-08-13,62475.0,https://www.cftc.gov/files/dea/history/fut_disagg_txt_2026.zip,2026-10-08
cftc_copper_mm_long,2021-08-17,2021-08-20,57717.0,https://www.cftc.gov/files/dea/history/fut_disagg_txt_2026.zip,2026-10-08
cftc_copper_mm_long,2021-08-24,2021-08-27,50793.0,https://www.cftc.gov/files/dea/history/fut_disagg_txt_2026.zip,2026-10-08
cftc_copper_mm_long,2021-08-31,2021-09-03,58189.0,https://www.cftc.gov/files/dea/history/fut_disagg_txt_2026.zip,2026-10-08
cftc_copper_mm_long,2021-09-07,2021-09-10,57092.0,https://www.cftc.gov/files/dea/history/fut_disagg_txt_2026.zip,2026-10-08
cftc_copper_mm_long,2021-09-14,2021-09-17,59963.0,https://www.cftc.gov/files/dea/history/fut_disagg_txt_2026.zip,2026-10-08
cftc_copper_mm_long,2021-09-21,2021-09-24,54897.0,https://www.cftc.gov/files/dea/history/fut_disagg_txt_2026.zip,2026-10-08
cftc_copper_mm_long,2021-09-28,2021-10-01,59298.0,https://www.cftc.gov/files/dea/history/fut_disagg_txt_2026.zip,2026-10-08
cftc_copper_mm_long,2021-10-05,2021-10-08,57585.0,https://www.cftc.gov/files/dea/history/fut_disagg_txt_2026.zip,2026-10-08
cftc_copper_mm_long,2021-10-12,2021-10-15,65593.0,https://www.cftc.gov/files/dea/history/fut_disagg_txt_2026.zip,2026-10-08
cftc_copper_mm_long,2021-10-19,2021-10-22,81574.0,https://www.cftc.gov/files/dea/history/fut_disagg_txt_2026.zip,2026-10-08
cftc_copper_mm_long,2021-10-26,2021-10-29,76431.0,https://www.cftc.gov/files/dea/history/fut_disagg_txt_2026.zip,2026-10-08
cftc_copper_mm_long,2021-11-02,2021-11-05,67154.0,https://www.cftc.gov/files/dea/history/fut_disagg_txt_2026.zip,2026-10-08
cftc_copper_mm_long,2021-11-09,2021-11-12,60874.0,https://www.cftc.gov/files/dea/history/fut_disagg_txt_2026.zip,2026-10-08
cftc_copper_mm_long,2021-11-16,2021-11-19,62719.0,https://www.cftc.gov/files/dea/history/fut_disagg_txt_2026.zip,2026-10-08
cftc_copper_mm_long,2021-11-23,2021-11-26,56321.0,https://www.cftc.gov/files/dea/history/fut_disagg_txt_2026.zip,2026-10-08
cftc_copper_mm_long,2021-11-30,2021-12-03,52438.0,https://www.cftc.gov/files/dea/history/fut_disagg_txt_2026.zip,2026-10-08
cftc_copper_mm_long,2021-12-07,2021-12-10,49830.0,https://www.cftc.gov/files/dea/history/fut_disagg_txt_2026.zip,2026-10-08
cftc_copper_mm_long,2021-12-14,2021-12-17,48494.0,https://www.cftc.gov/files/dea/history/fut_disagg_txt_2026.zip,2026-10-08
cftc_copper_mm_long,2021-12-21,2021-12-24,47565.0,https://www.cftc.gov/files/dea/history/fut_disagg_txt_2026.zip,2026-10-08
cftc_copper_mm_long,2021-12-28,2021-12-31,56670.0,https://www.cftc.gov/files/dea/history/fut_disagg_txt_2026.zip,2026-10-08
cftc_copper_mm_long,2022-01-04,2022-01-07,60718.0,https://www.cftc.gov/files/dea/history/fut_disagg_txt_2026.zip,2026-10-08
cftc_copper_mm_long,2022-01-11,2022-01-14,59108.0,https://www.cftc.gov/files/dea/history/fut_disagg_txt_2026.zip,2026-10-08
cftc_copper_mm_long,2022-01-18,2022-01-21,61814.0,https://www.cftc.gov/files/dea/history/fut_disagg_txt_2026.zip,2026-10-08
cftc_copper_mm_long,2022-01-25,2022-01-28,60854.0,https://www.cftc.gov/files/dea/history/fut_disagg_txt_2026.zip,2026-10-08
cftc_copper_mm_long,2022-02-01,2022-02-04,52531.0,https://www.cftc.gov/files/dea/history/fut_disagg_txt_2026.zip,2026-10-08
cftc_copper_mm_long,2022-02-08,2022-02-11,56784.0,https://www.cftc.gov/files/dea/history/fut_disagg_txt_2026.zip,2026-10-08
cftc_copper_mm_long,2022-02-15,2022-02-18,66718.0,https://www.cftc.gov/files/dea/history/fut_disagg_txt_2026.zip,2026-10-08
cftc_copper_mm_long,2022-02-22,2022-02-25,65026.0,https://www.cftc.gov/files/dea/history/fut_disagg_txt_2026.zip,2026-10-08
cftc_copper_mm_long,2022-03-01,2022-03-04,62039.0,https://www.cftc.gov/files/dea/history/fut_disagg_txt_2026.zip,2026-10-08
cftc_copper_mm_long,2022-03-08,2022-03-11,71536.0,https://www.cftc.gov/files/dea/history/fut_disagg_txt_2026.zip,2026-10-08
cftc_copper_mm_long,2022-03-15,2022-03-18,60685.0,https://www.cftc.gov/files/dea/history/fut_disagg_txt_2026.zip,2026-10-08
cftc_copper_mm_long,2022-03-22,2022-03-25,66249.0,https://www.cftc.gov/files/dea/history/fut_disagg_txt_2026.zip,2026-10-08
cftc_copper_mm_long,2022-03-29,2022-04-01,70677.0,https://www.cftc.gov/files/dea/history/fut_disagg_txt_2026.zip,2026-10-08
cftc_copper_mm_long,2022-04-05,2022-04-08,75427.0,https://www.cftc.gov/files/dea/history/fut_disagg_txt_2026.zip,2026-10-08
cftc_copper_mm_long,2022-04-12,2022-04-15,68628.0,https://www.cftc.gov/files/dea/history/fut_disagg_txt_2026.zip,2026-10-08
cftc_copper_mm_long,2022-04-19,2022-04-22,69111.0,https://www.cftc.gov/files/dea/history/fut_disagg_txt_2026.zip,2026-10-08
cftc_copper_mm_long,2022-04-26,2022-04-29,58010.0,https://www.cftc.gov/files/dea/history/fut_disagg_txt_2026.zip,2026-10-08
cftc_copper_mm_long,2022-05-03,2022-05-06,53686.0,https://www.cftc.gov/files/dea/history/fut_disagg_txt_2026.zip,2026-10-08
cftc_copper_mm_long,2022-05-10,2022-05-13,45247.0,https://www.cftc.gov/files/dea/history/fut_disagg_txt_2026.zip,2026-10-08
cftc_copper_mm_long,2022-05-17,2022-05-20,40694.0,https://www.cftc.gov/files/dea/history/fut_disagg_txt_2026.zip,2026-10-08
cftc_copper_mm_long,2022-05-24,2022-05-27,41616.0,https://www.cftc.gov/files/dea/history/fut_disagg_txt_2026.zip,2026-10-08
cftc_copper_mm_long,2022-05-31,2022-06-03,40043.0,https://www.cftc.gov/files/dea/history/fut_disagg_txt_2026.zip,2026-10-08
cftc_copper_mm_long,2022-06-07,2022-06-10,44270.0,https://www.cftc.gov/files/dea/history/fut_disagg_txt_2026.zip,2026-10-08
cftc_copper_mm_long,2022-06-14,2022-06-17,36554.0,https://www.cftc.gov/files/dea/history/fut_disagg_txt_2026.zip,2026-10-08
cftc_copper_mm_long,2022-06-21,2022-06-24,33733.0,https://www.cftc.gov/files/dea/history/fut_disagg_txt_2026.zip,2026-10-08
cftc_copper_mm_long,2022-06-28,2022-07-01,33068.0,https://www.cftc.gov/files/dea/history/fut_disagg_txt_2026.zip,2026-10-08
cftc_copper_mm_long,2022-07-05,2022-07-08,38877.0,https://www.cftc.gov/files/dea/history/fut_disagg_txt_2026.zip,2026-10-08
cftc_copper_mm_long,2022-07-12,2022-07-15,39968.0,https://www.cftc.gov/files/dea/history/fut_disagg_txt_2026.zip,2026-10-08
cftc_copper_mm_long,2022-07-19,2022-07-22,38869.0,https://www.cftc.gov/files/dea/history/fut_disagg_txt_2026.zip,2026-10-08
cftc_copper_mm_long,2022-07-26,2022-07-29,38995.0,https://www.cftc.gov/files/dea/history/fut_disagg_txt_2026.zip,2026-10-08
cftc_copper_mm_long,2022-08-02,2022-08-05,38295.0,https://www.cftc.gov/files/dea/history/fut_disagg_txt_2026.zip,2026-10-08
cftc_copper_mm_long,2022-08-09,2022-08-12,37345.0,https://www.cftc.gov/files/dea/history/fut_disagg_txt_2026.zip,2026-10-08
cftc_copper_mm_long,2022-08-16,2022-08-19,36227.0,https://www.cftc.gov/files/dea/history/fut_disagg_txt_2026.zip,2026-10-08
cftc_copper_mm_long,2022-08-23,2022-08-26,40743.0,https://www.cftc.gov/files/dea/history/fut_disagg_txt_2026.zip,2026-10-08
cftc_copper_mm_long,2022-08-30,2022-09-02,37617.0,https://www.cftc.gov/files/dea/history/fut_disagg_txt_2026.zip,2026-10-08
cftc_copper_mm_long,2022-09-06,2022-09-09,36543.0,https://www.cftc.gov/files/dea/history/fut_disagg_txt_2026.zip,2026-10-08
cftc_copper_mm_long,2022-09-13,2022-09-16,35360.0,https://www.cftc.gov/files/dea/history/fut_disagg_txt_2026.zip,2026-10-08
cftc_copper_mm_long,2022-09-20,2022-09-23,36819.0,https://www.cftc.gov/files/dea/history/fut_disagg_txt_2026.zip,2026-10-08
cftc_copper_mm_long,2022-09-27,2022-09-30,40474.0,https://www.cftc.gov/files/dea/history/fut_disagg_txt_2026.zip,2026-10-08
cftc_copper_mm_long,2022-10-04,2022-10-07,41079.0,https://www.cftc.gov/files/dea/history/fut_disagg_txt_2026.zip,2026-10-08
cftc_copper_mm_long,2022-10-11,2022-10-14,41002.0,https://www.cftc.gov/files/dea/history/fut_disagg_txt_2026.zip,2026-10-08
cftc_copper_mm_long,2022-10-18,2022-10-21,38297.0,https://www.cftc.gov/files/dea/history/fut_disagg_txt_2026.zip,2026-10-08
cftc_copper_mm_long,2022-10-25,2022-10-28,38663.0,https://www.cftc.gov/files/dea/history/fut_disagg_txt_2026.zip,2026-10-08
cftc_copper_mm_long,2022-11-01,2022-11-04,39527.0,https://www.cftc.gov/files/dea/history/fut_disagg_txt_2026.zip,2026-10-08
cftc_copper_mm_long,2022-11-08,2022-11-11,44528.0,https://www.cftc.gov/files/dea/history/fut_disagg_txt_2026.zip,2026-10-08
cftc_copper_mm_long,2022-11-15,2022-11-18,51616.0,https://www.cftc.gov/files/dea/history/fut_disagg_txt_2026.zip,2026-10-08
cftc_copper_mm_long,2022-11-22,2022-11-25,42940.0,https://www.cftc.gov/files/dea/history/fut_disagg_txt_2026.zip,2026-10-08
cftc_copper_mm_long,2022-11-29,2022-12-02,41677.0,https://www.cftc.gov/files/dea/history/fut_disagg_txt_2026.zip,2026-10-08
cftc_copper_mm_long,2022-12-06,2022-12-09,45689.0,https://www.cftc.gov/files/dea/history/fut_disagg_txt_2026.zip,2026-10-08
cftc_copper_mm_long,2022-12-13,2022-12-16,47367.0,https://www.cftc.gov/files/dea/history/fut_disagg_txt_2026.zip,2026-10-08
cftc_copper_mm_long,2022-12-20,2022-12-23,45967.0,https://www.cftc.gov/files/dea/history/fut_disagg_txt_2026.zip,2026-10-08
cftc_copper_mm_long,2022-12-27,2022-12-30,48395.0,https://www.cftc.gov/files/dea/history/fut_disagg_txt_2026.zip,2026-10-08
cftc_copper_mm_long,2023-01-03,2023-01-06,47697.0,https://www.cftc.gov/files/dea/history/fut_disagg_txt_2026.zip,2026-10-08
cftc_copper_mm_long,2023-01-10,2023-01-13,63033.0,https://www.cftc.gov/files/dea/history/fut_disagg_txt_2026.zip,2026-10-08
cftc_copper_mm_long,2023-01-17,2023-01-20,72421.0,https://www.cftc.gov/files/dea/history/fut_disagg_txt_2026.zip,2026-10-08
cftc_copper_mm_long,2023-01-24,2023-01-27,76224.0,https://www.cftc.gov/files/dea/history/fut_disagg_txt_2026.zip,2026-10-08
cftc_copper_mm_long,2023-01-31,2023-02-03,74348.0,https://www.cftc.gov/files/dea/history/fut_disagg_txt_2026.zip,2026-10-08
cftc_copper_mm_long,2023-02-07,2023-02-10,64746.0,https://www.cftc.gov/files/dea/history/fut_disagg_txt_2026.zip,2026-10-08
cftc_copper_mm_long,2023-02-14,2023-02-17,55616.0,https://www.cftc.gov/files/dea/history/fut_disagg_txt_2026.zip,2026-10-08
cftc_copper_mm_long,2023-02-21,2023-02-24,61717.0,https://www.cftc.gov/files/dea/history/fut_disagg_txt_2026.zip,2026-10-08
cftc_copper_mm_long,2023-02-28,2023-03-03,48670.0,https://www.cftc.gov/files/dea/history/fut_disagg_txt_2026.zip,2026-10-08
cftc_copper_mm_long,2023-03-07,2023-03-10,50235.0,https://www.cftc.gov/files/dea/history/fut_disagg_txt_2026.zip,2026-10-08
cftc_copper_mm_long,2023-03-14,2023-03-17,40927.0,https://www.cftc.gov/files/dea/history/fut_disagg_txt_2026.zip,2026-10-08
cftc_copper_mm_long,2023-03-21,2023-03-24,36310.0,https://www.cftc.gov/files/dea/history/fut_disagg_txt_2026.zip,2026-10-08
cftc_copper_mm_long,2023-03-28,2023-03-31,42299.0,https://www.cftc.gov/files/dea/history/fut_disagg_txt_2026.zip,2026-10-08
cftc_copper_mm_long,2023-04-04,2023-04-07,45053.0,https://www.cftc.gov/files/dea/history/fut_disagg_txt_2026.zip,2026-10-08
cftc_copper_mm_long,2023-04-11,2023-04-14,43196.0,https://www.cftc.gov/files/dea/history/fut_disagg_txt_2026.zip,2026-10-08
cftc_copper_mm_long,2023-04-18,2023-04-21,52984.0,https://www.cftc.gov/files/dea/history/fut_disagg_txt_2026.zip,2026-10-08
cftc_copper_mm_long,2023-04-25,2023-04-28,43654.0,https://www.cftc.gov/files/dea/history/fut_disagg_txt_2026.zip,2026-10-08
cftc_copper_mm_long,2023-05-02,2023-05-05,40842.0,https://www.cftc.gov/files/dea/history/fut_disagg_txt_2026.zip,2026-10-08
cftc_copper_mm_long,2023-05-09,2023-05-12,41474.0,https://www.cftc.gov/files/dea/history/fut_disagg_txt_2026.zip,2026-10-08
cftc_copper_mm_long,2023-05-16,2023-05-19,44065.0,https://www.cftc.gov/files/dea/history/fut_disagg_txt_2026.zip,2026-10-08
cftc_copper_mm_long,2023-05-23,2023-05-26,46068.0,https://www.cftc.gov/files/dea/history/fut_disagg_txt_2026.zip,2026-10-08
cftc_copper_mm_long,2023-05-30,2023-06-02,39652.0,https://www.cftc.gov/files/dea/history/fut_disagg_txt_2026.zip,2026-10-08
cftc_copper_mm_long,2023-06-06,2023-06-09,42970.0,https://www.cftc.gov/files/dea/history/fut_disagg_txt_2026.zip,2026-10-08
cftc_copper_mm_long,2023-06-13,2023-06-16,48623.0,https://www.cftc.gov/files/dea/history/fut_disagg_txt_2026.zip,2026-10-08
cftc_copper_mm_long,2023-06-20,2023-06-23,52726.0,https://www.cftc.gov/files/dea/history/fut_disagg_txt_2026.zip,2026-10-08
cftc_copper_mm_long,2023-06-27,2023-06-30,53620.0,https://www.cftc.gov/files/dea/history/fut_disagg_txt_2026.zip,2026-10-08
cftc_copper_mm_long,2023-07-03,2023-07-06,48806.0,https://www.cftc.gov/files/dea/history/fut_disagg_txt_2026.zip,2026-10-08
cftc_copper_mm_long,2023-07-11,2023-07-14,47048.0,https://www.cftc.gov/files/dea/history/fut_disagg_txt_2026.zip,2026-10-08
cftc_copper_mm_long,2023-07-18,2023-07-21,54064.0,https://www.cftc.gov/files/dea/history/fut_disagg_txt_2026.zip,2026-10-08
cftc_copper_mm_long,2023-07-25,2023-07-28,58122.0,https://www.cftc.gov/files/dea/history/fut_disagg_txt_2026.zip,2026-10-08
cftc_copper_mm_long,2023-08-01,2023-08-04,62016.0,https://www.cftc.gov/files/dea/history/fut_disagg_txt_2026.zip,2026-10-08
cftc_copper_mm_long,2023-08-08,2023-08-11,52777.0,https://www.cftc.gov/files/dea/history/fut_disagg_txt_2026.zip,2026-10-08
cftc_copper_mm_long,2023-08-15,2023-08-18,50097.0,https://www.cftc.gov/files/dea/history/fut_disagg_txt_2026.zip,2026-10-08
cftc_copper_mm_long,2023-08-22,2023-08-25,48066.0,https://www.cftc.gov/files/dea/history/fut_disagg_txt_2026.zip,2026-10-08
cftc_copper_mm_long,2023-08-29,2023-09-01,49375.0,https://www.cftc.gov/files/dea/history/fut_disagg_txt_2026.zip,2026-10-08
cftc_copper_mm_long,2023-09-05,2023-09-08,52778.0,https://www.cftc.gov/files/dea/history/fut_disagg_txt_2026.zip,2026-10-08
cftc_copper_mm_long,2023-09-12,2023-09-15,54069.0,https://www.cftc.gov/files/dea/history/fut_disagg_txt_2026.zip,2026-10-08
cftc_copper_mm_long,2023-09-19,2023-09-22,54927.0,https://www.cftc.gov/files/dea/history/fut_disagg_txt_2026.zip,2026-10-08
cftc_copper_mm_long,2023-09-26,2023-09-29,55921.0,https://www.cftc.gov/files/dea/history/fut_disagg_txt_2026.zip,2026-10-08
cftc_copper_mm_long,2023-10-03,2023-10-06,54763.0,https://www.cftc.gov/files/dea/history/fut_disagg_txt_2026.zip,2026-10-08
cftc_copper_mm_long,2023-10-10,2023-10-13,54354.0,https://www.cftc.gov/files/dea/history/fut_disagg_txt_2026.zip,2026-10-08
cftc_copper_mm_long,2023-10-17,2023-10-20,55559.0,https://www.cftc.gov/files/dea/history/fut_disagg_txt_2026.zip,2026-10-08
cftc_copper_mm_long,2023-10-24,2023-10-27,56538.0,https://www.cftc.gov/files/dea/history/fut_disagg_txt_2026.zip,2026-10-08
cftc_copper_mm_long,2023-10-31,2023-11-03,53397.0,https://www.cftc.gov/files/dea/history/fut_disagg_txt_2026.zip,2026-10-08
cftc_copper_mm_long,2023-11-07,2023-11-10,50797.0,https://www.cftc.gov/files/dea/history/fut_disagg_txt_2026.zip,2026-10-08
cftc_copper_mm_long,2023-11-14,2023-11-17,47682.0,https://www.cftc.gov/files/dea/history/fut_disagg_txt_2026.zip,2026-10-08
cftc_copper_mm_long,2023-11-21,2023-11-24,53756.0,https://www.cftc.gov/files/dea/history/fut_disagg_txt_2026.zip,2026-10-08
cftc_copper_mm_long,2023-11-28,2023-12-01,51983.0,https://www.cftc.gov/files/dea/history/fut_disagg_txt_2026.zip,2026-10-08
cftc_copper_mm_long,2023-12-05,2023-12-08,50634.0,https://www.cftc.gov/files/dea/history/fut_disagg_txt_2026.zip,2026-10-08
cftc_copper_mm_long,2023-12-12,2023-12-15,53187.0,https://www.cftc.gov/files/dea/history/fut_disagg_txt_2026.zip,2026-10-08
cftc_copper_mm_long,2023-12-19,2023-12-22,60873.0,https://www.cftc.gov/files/dea/history/fut_disagg_txt_2026.zip,2026-10-08
cftc_copper_mm_long,2023-12-26,2023-12-29,59378.0,https://www.cftc.gov/files/dea/history/fut_disagg_txt_2026.zip,2026-10-08
cftc_copper_mm_long,2024-01-02,2024-01-05,54649.0,https://www.cftc.gov/files/dea/history/fut_disagg_txt_2026.zip,2026-10-08
cftc_copper_mm_long,2024-01-09,2024-01-12,44702.0,https://www.cftc.gov/files/dea/history/fut_disagg_txt_2026.zip,2026-10-08
cftc_copper_mm_long,2024-01-16,2024-01-19,43330.0,https://www.cftc.gov/files/dea/history/fut_disagg_txt_2026.zip,2026-10-08
cftc_copper_mm_long,2024-01-23,2024-01-26,46280.0,https://www.cftc.gov/files/dea/history/fut_disagg_txt_2026.zip,2026-10-08
cftc_copper_mm_long,2024-01-30,2024-02-02,54098.0,https://www.cftc.gov/files/dea/history/fut_disagg_txt_2026.zip,2026-10-08
cftc_copper_mm_long,2024-02-06,2024-02-09,50487.0,https://www.cftc.gov/files/dea/history/fut_disagg_txt_2026.zip,2026-10-08
cftc_copper_mm_long,2024-02-13,2024-02-16,52279.0,https://www.cftc.gov/files/dea/history/fut_disagg_txt_2026.zip,2026-10-08
cftc_copper_mm_long,2024-02-20,2024-02-23,63104.0,https://www.cftc.gov/files/dea/history/fut_disagg_txt_2026.zip,2026-10-08
cftc_copper_mm_long,2024-02-27,2024-03-01,54512.0,https://www.cftc.gov/files/dea/history/fut_disagg_txt_2026.zip,2026-10-08
cftc_copper_mm_long,2024-03-05,2024-03-08,51724.0,https://www.cftc.gov/files/dea/history/fut_disagg_txt_2026.zip,2026-10-08
cftc_copper_mm_long,2024-03-12,2024-03-15,66445.0,https://www.cftc.gov/files/dea/history/fut_disagg_txt_2026.zip,2026-10-08
cftc_copper_mm_long,2024-03-19,2024-03-22,90239.0,https://www.cftc.gov/files/dea/history/fut_disagg_txt_2026.zip,2026-10-08
cftc_copper_mm_long,2024-03-26,2024-03-29,87053.0,https://www.cftc.gov/files/dea/history/fut_disagg_txt_2026.zip,2026-10-08
cftc_copper_mm_long,2024-04-02,2024-04-05,92986.0,https://www.cftc.gov/files/dea/history/fut_disagg_txt_2026.zip,2026-10-08
cftc_copper_mm_long,2024-04-09,2024-04-12,109654.0,https://www.cftc.gov/files/dea/history/fut_disagg_txt_2026.zip,2026-10-08
cftc_copper_mm_long,2024-04-16,2024-04-19,106799.0,https://www.cftc.gov/files/dea/history/fut_disagg_txt_2026.zip,2026-10-08
cftc_copper_mm_long,2024-04-23,2024-04-26,113712.0,https://www.cftc.gov/files/dea/history/fut_disagg_txt_2026.zip,2026-10-08
cftc_copper_mm_long,2024-04-30,2024-05-03,117712.0,https://www.cftc.gov/files/dea/history/fut_disagg_txt_2026.zip,2026-10-08
cftc_copper_mm_long,2024-05-07,2024-05-10,124099.0,https://www.cftc.gov/files/dea/history/fut_disagg_txt_2026.zip,2026-10-08
cftc_copper_mm_long,2024-05-14,2024-05-17,133711.0,https://www.cftc.gov/files/dea/history/fut_disagg_txt_2026.zip,2026-10-08
cftc_copper_mm_long,2024-05-21,2024-05-24,133449.0,https://www.cftc.gov/files/dea/history/fut_disagg_txt_2026.zip,2026-10-08
cftc_copper_mm_long,2024-05-28,2024-05-31,122862.0,https://www.cftc.gov/files/dea/history/fut_disagg_txt_2026.zip,2026-10-08
cftc_copper_mm_long,2024-06-04,2024-06-07,111635.0,https://www.cftc.gov/files/dea/history/fut_disagg_txt_2026.zip,2026-10-08
cftc_copper_mm_long,2024-06-11,2024-06-14,108350.0,https://www.cftc.gov/files/dea/history/fut_disagg_txt_2026.zip,2026-10-08
cftc_copper_mm_long,2024-06-18,2024-06-21,104248.0,https://www.cftc.gov/files/dea/history/fut_disagg_txt_2026.zip,2026-10-08
cftc_copper_mm_long,2024-06-25,2024-06-28,103661.0,https://www.cftc.gov/files/dea/history/fut_disagg_txt_2026.zip,2026-10-08
cftc_copper_mm_long,2024-07-02,2024-07-05,101147.0,https://www.cftc.gov/files/dea/history/fut_disagg_txt_2026.zip,2026-10-08
cftc_copper_mm_long,2024-07-09,2024-07-12,107438.0,https://www.cftc.gov/files/dea/history/fut_disagg_txt_2026.zip,2026-10-08
cftc_copper_mm_long,2024-07-16,2024-07-19,103818.0,https://www.cftc.gov/files/dea/history/fut_disagg_txt_2026.zip,2026-10-08
cftc_copper_mm_long,2024-07-23,2024-07-26,80593.0,https://www.cftc.gov/files/dea/history/fut_disagg_txt_2026.zip,2026-10-08
cftc_copper_mm_long,2024-07-30,2024-08-02,70537.0,https://www.cftc.gov/files/dea/history/fut_disagg_txt_2026.zip,2026-10-08
cftc_copper_mm_long,2024-08-06,2024-08-09,57101.0,https://www.cftc.gov/files/dea/history/fut_disagg_txt_2026.zip,2026-10-08
cftc_copper_mm_long,2024-08-13,2024-08-16,55476.0,https://www.cftc.gov/files/dea/history/fut_disagg_txt_2026.zip,2026-10-08
cftc_copper_mm_long,2024-08-20,2024-08-23,64256.0,https://www.cftc.gov/files/dea/history/fut_disagg_txt_2026.zip,2026-10-08
cftc_copper_mm_long,2024-08-27,2024-08-30,64926.0,https://www.cftc.gov/files/dea/history/fut_disagg_txt_2026.zip,2026-10-08
cftc_copper_mm_long,2024-09-03,2024-09-06,54645.0,https://www.cftc.gov/files/dea/history/fut_disagg_txt_2026.zip,2026-10-08
cftc_copper_mm_long,2024-09-10,2024-09-13,54703.0,https://www.cftc.gov/files/dea/history/fut_disagg_txt_2026.zip,2026-10-08
cftc_copper_mm_long,2024-09-17,2024-09-20,58880.0,https://www.cftc.gov/files/dea/history/fut_disagg_txt_2026.zip,2026-10-08
cftc_copper_mm_long,2024-09-24,2024-09-27,72976.0,https://www.cftc.gov/files/dea/history/fut_disagg_txt_2026.zip,2026-10-08
cftc_copper_mm_long,2024-10-01,2024-10-04,82808.0,https://www.cftc.gov/files/dea/history/fut_disagg_txt_2026.zip,2026-10-08
cftc_copper_mm_long,2024-10-08,2024-10-11,80838.0,https://www.cftc.gov/files/dea/history/fut_disagg_txt_2026.zip,2026-10-08
cftc_copper_mm_long,2024-10-15,2024-10-18,72366.0,https://www.cftc.gov/files/dea/history/fut_disagg_txt_2026.zip,2026-10-08
cftc_copper_mm_long,2024-10-22,2024-10-25,72314.0,https://www.cftc.gov/files/dea/history/fut_disagg_txt_2026.zip,2026-10-08
cftc_copper_mm_long,2024-10-29,2024-11-01,71951.0,https://www.cftc.gov/files/dea/history/fut_disagg_txt_2026.zip,2026-10-08
cftc_copper_mm_long,2024-11-05,2024-11-08,77733.0,https://www.cftc.gov/files/dea/history/fut_disagg_txt_2026.zip,2026-10-08
cftc_copper_mm_long,2024-11-12,2024-11-15,65147.0,https://www.cftc.gov/files/dea/history/fut_disagg_txt_2026.zip,2026-10-08
cftc_copper_mm_long,2024-11-19,2024-11-22,62704.0,https://www.cftc.gov/files/dea/history/fut_disagg_txt_2026.zip,2026-10-08
cftc_copper_mm_long,2024-11-26,2024-11-29,64992.0,https://www.cftc.gov/files/dea/history/fut_disagg_txt_2026.zip,2026-10-08
cftc_copper_mm_long,2024-12-03,2024-12-06,68231.0,https://www.cftc.gov/files/dea/history/fut_disagg_txt_2026.zip,2026-10-08
cftc_copper_mm_long,2024-12-10,2024-12-13,67251.0,https://www.cftc.gov/files/dea/history/fut_disagg_txt_2026.zip,2026-10-08
cftc_copper_mm_long,2024-12-17,2024-12-20,64176.0,https://www.cftc.gov/files/dea/history/fut_disagg_txt_2026.zip,2026-10-08
cftc_copper_mm_long,2024-12-24,2024-12-27,64644.0,https://www.cftc.gov/files/dea/history/fut_disagg_txt_2026.zip,2026-10-08
cftc_copper_mm_long,2024-12-31,2025-01-03,65055.0,https://www.cftc.gov/files/dea/history/fut_disagg_txt_2026.zip,2026-10-08
cftc_copper_mm_long,2025-01-07,2025-01-10,69434.0,https://www.cftc.gov/files/dea/history/fut_disagg_txt_2026.zip,2026-10-08
cftc_copper_mm_long,2025-01-14,2025-01-17,66275.0,https://www.cftc.gov/files/dea/history/fut_disagg_txt_2026.zip,2026-10-08
cftc_copper_mm_long,2025-01-21,2025-01-24,69678.0,https://www.cftc.gov/files/dea/history/fut_disagg_txt_2026.zip,2026-10-08
cftc_copper_mm_long,2025-01-28,2025-01-31,67992.0,https://www.cftc.gov/files/dea/history/fut_disagg_txt_2026.zip,2026-10-08
cftc_copper_mm_long,2025-02-04,2025-02-07,72058.0,https://www.cftc.gov/files/dea/history/fut_disagg_txt_2026.zip,2026-10-08
cftc_copper_mm_long,2025-02-11,2025-02-14,79403.0,https://www.cftc.gov/files/dea/history/fut_disagg_txt_2026.zip,2026-10-08
cftc_copper_mm_long,2025-02-18,2025-02-21,80431.0,https://www.cftc.gov/files/dea/history/fut_disagg_txt_2026.zip,2026-10-08
cftc_copper_mm_long,2025-02-25,2025-02-28,70584.0,https://www.cftc.gov/files/dea/history/fut_disagg_txt_2026.zip,2026-10-08
cftc_copper_mm_long,2025-03-04,2025-03-07,64740.0,https://www.cftc.gov/files/dea/history/fut_disagg_txt_2026.zip,2026-10-08
cftc_copper_mm_long,2025-03-11,2025-03-14,69303.0,https://www.cftc.gov/files/dea/history/fut_disagg_txt_2026.zip,2026-10-08
cftc_copper_mm_long,2025-03-18,2025-03-21,75519.0,https://www.cftc.gov/files/dea/history/fut_disagg_txt_2026.zip,2026-10-08
cftc_copper_mm_long,2025-03-25,2025-03-28,80018.0,https://www.cftc.gov/files/dea/history/fut_disagg_txt_2026.zip,2026-10-08
cftc_copper_mm_long,2025-04-01,2025-04-04,71844.0,https://www.cftc.gov/files/dea/history/fut_disagg_txt_2026.zip,2026-10-08
cftc_copper_mm_long,2025-04-08,2025-04-11,51157.0,https://www.cftc.gov/files/dea/history/fut_disagg_txt_2026.zip,2026-10-08
cftc_copper_mm_long,2025-04-15,2025-04-18,49786.0,https://www.cftc.gov/files/dea/history/fut_disagg_txt_2026.zip,2026-10-08
cftc_copper_mm_long,2025-04-22,2025-04-25,51603.0,https://www.cftc.gov/files/dea/history/fut_disagg_txt_2026.zip,2026-10-08
cftc_copper_mm_long,2025-04-29,2025-05-02,50998.0,https://www.cftc.gov/files/dea/history/fut_disagg_txt_2026.zip,2026-10-08
cftc_copper_mm_long,2025-05-06,2025-05-09,50933.0,https://www.cftc.gov/files/dea/history/fut_disagg_txt_2026.zip,2026-10-08
cftc_copper_mm_long,2025-05-13,2025-05-16,52763.0,https://www.cftc.gov/files/dea/history/fut_disagg_txt_2026.zip,2026-10-08
cftc_copper_mm_long,2025-05-20,2025-05-23,49457.0,https://www.cftc.gov/files/dea/history/fut_disagg_txt_2026.zip,2026-10-08
cftc_copper_mm_long,2025-05-27,2025-05-30,49269.0,https://www.cftc.gov/files/dea/history/fut_disagg_txt_2026.zip,2026-10-08
cftc_copper_mm_long,2025-06-03,2025-06-06,51871.0,https://www.cftc.gov/files/dea/history/fut_disagg_txt_2026.zip,2026-10-08
cftc_copper_mm_long,2025-06-10,2025-06-13,51676.0,https://www.cftc.gov/files/dea/history/fut_disagg_txt_2026.zip,2026-10-08
cftc_copper_mm_long,2025-06-17,2025-06-20,47266.0,https://www.cftc.gov/files/dea/history/fut_disagg_txt_2026.zip,2026-10-08
cftc_copper_mm_long,2025-06-24,2025-06-27,51287.0,https://www.cftc.gov/files/dea/history/fut_disagg_txt_2026.zip,2026-10-08
cftc_copper_mm_long,2025-07-01,2025-07-04,55031.0,https://www.cftc.gov/files/dea/history/fut_disagg_txt_2026.zip,2026-10-08
cftc_copper_mm_long,2025-07-08,2025-07-11,61597.0,https://www.cftc.gov/files/dea/history/fut_disagg_txt_2026.zip,2026-10-08
cftc_copper_mm_long,2025-07-15,2025-07-18,57319.0,https://www.cftc.gov/files/dea/history/fut_disagg_txt_2026.zip,2026-10-08
cftc_copper_mm_long,2025-07-22,2025-07-25,58908.0,https://www.cftc.gov/files/dea/history/fut_disagg_txt_2026.zip,2026-10-08
cftc_copper_mm_long,2025-07-29,2025-08-01,56672.0,https://www.cftc.gov/files/dea/history/fut_disagg_txt_2026.zip,2026-10-08
cftc_copper_mm_long,2025-08-05,2025-08-08,36243.0,https://www.cftc.gov/files/dea/history/fut_disagg_txt_2026.zip,2026-10-08
cftc_copper_mm_long,2025-08-12,2025-08-15,39848.0,https://www.cftc.gov/files/dea/history/fut_disagg_txt_2026.zip,2026-10-08
cftc_copper_mm_long,2025-08-19,2025-08-22,39892.0,https://www.cftc.gov/files/dea/history/fut_disagg_txt_2026.zip,2026-10-08
cftc_copper_mm_long,2025-08-26,2025-08-29,41477.0,https://www.cftc.gov/files/dea/history/fut_disagg_txt_2026.zip,2026-10-08
cftc_copper_mm_long,2025-09-02,2025-09-05,46867.0,https://www.cftc.gov/files/dea/history/fut_disagg_txt_2026.zip,2026-10-08
cftc_copper_mm_long,2025-09-09,2025-09-12,50155.0,https://www.cftc.gov/files/dea/history/fut_disagg_txt_2026.zip,2026-10-08
cftc_copper_mm_long,2025-09-16,2025-09-19,54943.0,https://www.cftc.gov/files/dea/history/fut_disagg_txt_2026.zip,2026-10-08
cftc_copper_mm_long,2025-09-23,2025-09-26,57496.0,https://www.cftc.gov/files/dea/history/fut_disagg_txt_2026.zip,2026-10-08
cftc_copper_mm_long,2025-09-30,2025-10-03,61600.0,https://www.cftc.gov/files/dea/history/fut_disagg_txt_2026.zip,2026-10-08
cftc_copper_mm_long,2025-10-07,2025-10-10,70900.0,https://www.cftc.gov/files/dea/history/fut_disagg_txt_2026.zip,2026-10-08
cftc_copper_mm_long,2025-10-14,2025-10-17,70624.0,https://www.cftc.gov/files/dea/history/fut_disagg_txt_2026.zip,2026-10-08
cftc_copper_mm_long,2025-10-21,2025-10-24,67744.0,https://www.cftc.gov/files/dea/history/fut_disagg_txt_2026.zip,2026-10-08
cftc_copper_mm_long,2025-10-28,2025-10-31,73107.0,https://www.cftc.gov/files/dea/history/fut_disagg_txt_2026.zip,2026-10-08
cftc_copper_mm_long,2025-11-04,2025-11-07,72025.0,https://www.cftc.gov/files/dea/history/fut_disagg_txt_2026.zip,2026-10-08
cftc_copper_mm_long,2025-11-10,2025-11-13,73999.0,https://www.cftc.gov/files/dea/history/fut_disagg_txt_2026.zip,2026-10-08
cftc_copper_mm_long,2025-11-18,2025-11-21,73031.0,https://www.cftc.gov/files/dea/history/fut_disagg_txt_2026.zip,2026-10-08
cftc_copper_mm_long,2025-11-25,2025-11-28,69881.0,https://www.cftc.gov/files/dea/history/fut_disagg_txt_2026.zip,2026-10-08
cftc_copper_mm_long,2025-12-02,2025-12-05,73563.0,https://www.cftc.gov/files/dea/history/fut_disagg_txt_2026.zip,2026-10-08
cftc_copper_mm_long,2025-12-09,2025-12-12,80015.0,https://www.cftc.gov/files/dea/history/fut_disagg_txt_2026.zip,2026-10-08
cftc_copper_mm_long,2025-12-16,2025-12-19,82317.0,https://www.cftc.gov/files/dea/history/fut_disagg_txt_2026.zip,2026-10-08
cftc_copper_mm_long,2025-12-23,2025-12-26,82198.0,https://www.cftc.gov/files/dea/history/fut_disagg_txt_2026.zip,2026-10-08
cftc_copper_mm_long,2025-12-30,2026-01-02,78320.0,https://www.cftc.gov/files/dea/history/fut_disagg_txt_2026.zip,2026-10-08
cftc_copper_mm_long,2026-01-06,2026-01-09,75248.0,https://www.cftc.gov/files/dea/history/fut_disagg_txt_2026.zip,2026-10-08
cftc_copper_mm_long,2026-01-13,2026-01-16,71782.0,https://www.cftc.gov/files/dea/history/fut_disagg_txt_2026.zip,2026-10-08
cftc_copper_mm_long,2026-01-20,2026-01-23,72742.0,https://www.cftc.gov/files/dea/history/fut_disagg_txt_2026.zip,2026-10-08
cftc_copper_mm_long,2026-01-27,2026-01-30,73564.0,https://www.cftc.gov/files/dea/history/fut_disagg_txt_2026.zip,2026-10-08
cftc_copper_mm_long,2026-02-03,2026-02-06,69843.0,https://www.cftc.gov/files/dea/history/fut_disagg_txt_2026.zip,2026-10-08
cftc_copper_mm_long,2026-02-10,2026-02-13,69055.0,https://www.cftc.gov/files/dea/history/fut_disagg_txt_2026.zip,2026-10-08
cftc_copper_mm_long,2026-02-17,2026-02-20,65393.0,https://www.cftc.gov/files/dea/history/fut_disagg_txt_2026.zip,2026-10-08
cftc_copper_mm_long,2026-02-24,2026-02-27,64368.0,https://www.cftc.gov/files/dea/history/fut_disagg_txt_2026.zip,2026-10-08
cftc_copper_mm_long,2026-03-03,2026-03-06,64521.0,https://www.cftc.gov/files/dea/history/fut_disagg_txt_2026.zip,2026-10-08
cftc_copper_mm_long,2026-03-10,2026-03-13,63412.0,https://www.cftc.gov/files/dea/history/fut_disagg_txt_2026.zip,2026-10-08
cftc_copper_mm_long,2026-03-17,2026-03-20,61888.0,https://www.cftc.gov/files/dea/history/fut_disagg_txt_2026.zip,2026-10-08
cftc_copper_mm_long,2026-03-24,2026-03-27,51383.0,https://www.cftc.gov/files/dea/history/fut_disagg_txt_2026.zip,2026-10-08
cftc_copper_mm_long,2026-03-31,2026-04-03,54575.0,https://www.cftc.gov/files/dea/history/fut_disagg_txt_2026.zip,2026-10-08
cftc_copper_mm_long,2026-04-07,2026-04-10,56213.0,https://www.cftc.gov/files/dea/history/fut_disagg_txt_2026.zip,2026-10-08
cftc_copper_mm_long,2026-04-14,2026-04-17,68479.0,https://www.cftc.gov/files/dea/history/fut_disagg_txt_2026.zip,2026-10-08
cftc_copper_mm_long,2026-04-21,2026-04-24,74755.0,https://www.cftc.gov/files/dea/history/fut_disagg_txt_2026.zip,2026-10-08
cftc_copper_mm_long,2026-04-28,2026-05-01,76037.0,https://www.cftc.gov/files/dea/history/fut_disagg_txt_2026.zip,2026-10-08
cftc_copper_mm_long,2026-05-05,2026-05-08,80400.0,https://www.cftc.gov/files/dea/history/fut_disagg_txt_2026.zip,2026-10-08
cftc_copper_mm_long,2026-05-12,2026-05-15,88517.0,https://www.cftc.gov/files/dea/history/fut_disagg_txt_2026.zip,2026-10-08
cftc_copper_mm_long,2026-05-19,2026-05-22,87457.0,https://www.cftc.gov/files/dea/history/fut_disagg_txt_2026.zip,2026-10-08
cftc_copper_mm_long,2026-05-26,2026-05-29,85600.0,https://www.cftc.gov/files/dea/history/fut_disagg_txt_2026.zip,2026-10-08
cftc_copper_mm_long,2026-06-02,2026-06-05,91214.0,https://www.cftc.gov/files/dea/history/fut_disagg_txt_2026.zip,2026-10-08
cftc_copper_mm_long,2026-06-09,2026-06-12,87096.0,https://www.cftc.gov/files/dea/history/fut_disagg_txt_2026.zip,2026-10-08
cftc_copper_mm_long,2026-06-16,2026-06-19,84705.0,https://www.cftc.gov/files/dea/history/fut_disagg_txt_2026.zip,2026-10-08
cftc_copper_mm_long,2026-06-23,2026-06-26,82442.0,https://www.cftc.gov/files/dea/history/fut_disagg_txt_2026.zip,2026-10-08
cftc_copper_mm_long,2026-06-30,2026-07-03,75881.0,https://www.cftc.gov/files/dea/history/fut_disagg_txt_2026.zip,2026-10-08
cftc_copper_mm_long,2026-07-07,2026-07-10,74757.0,https://www.cftc.gov/files/dea/history/fut_disagg_txt_2026.zip,2026-10-08
cftc_copper_mm_long,2026-07-14,2026-07-17,77338.0,https://www.cftc.gov/files/dea/history/fut_disagg_txt_2026.zip,2026-10-08
cftc_copper_mm_long,2026-07-21,2026-07-24,88235.0,https://www.cftc.gov/files/dea/history/fut_disagg_txt_2026.zip,2026-10-08
cftc_copper_mm_long,2026-07-28,2026-07-31,82988.0,https://www.cftc.gov/files/dea/history/fut_disagg_txt_2026.zip,2026-10-08
cftc_copper_mm_long,2026-08-04,2026-08-07,93173.0,https://www.cftc.gov/files/dea/history/fut_disagg_txt_2026.zip,2026-10-08
cftc_copper_mm_long,2026-08-11,2026-08-14,93911.0,https://www.cftc.gov/files/dea/history/fut_disagg_txt_2026.zip,2026-10-08
cftc_copper_mm_long,2026-08-18,2026-08-21,92097.0,https://www.cftc.gov/files/dea/history/fut_disagg_txt_2026.zip,2026-10-08
cftc_copper_mm_long,2026-08-25,2026-08-28,92107.0,https://www.cftc.gov/files/dea/history/fut_disagg_txt_2026.zip,2026-10-08
cftc_copper_mm_long,2026-09-01,2026-09-04,91430.0,https://www.cftc.gov/files/dea/history/fut_disagg_txt_2026.zip,2026-10-08
cftc_copper_mm_long,2026-09-08,2026-09-11,98007.0,https://www.cftc.gov/files/dea/history/fut_disagg_txt_2026.zip,2026-10-08
cftc_copper_mm_long,2026-09-15,2026-09-18,83704.0,https://www.cftc.gov/files/dea/history/fut_disagg_txt_2026.zip,2026-10-08
cftc_copper_mm_long,2026-09-22,2026-09-25,96421.0,https://www.cftc.gov/files/dea/history/fut_disagg_txt_2026.zip,2026-10-08
cftc_copper_mm_long,2026-09-29,2026-10-02,92094.0,https://www.cftc.gov/files/dea/history/fut_disagg_txt_2026.zip,2026-10-08
cftc_copper_mm_long,2026-10-06,2026-10-09,76836.0,https://www.cftc.gov/files/dea/history/fut_disagg_txt_2026.zip,2026-10-09
