series_id,ref_date,available_date,value,source,fetched_at
ch_10y_yield,1955-01-01,1955-03-07,2.7,https://fred.stlouisfed.org/graph/fredgraph.csv?id=IRLTLT01CHM156N,2026-10-09
ch_10y_yield,1955-02-01,1955-04-04,2.75,https://fred.stlouisfed.org/graph/fredgraph.csv?id=IRLTLT01CHM156N,2026-10-09
ch_10y_yield,1955-03-01,1955-05-05,2.84,https://fred.stlouisfed.org/graph/fredgraph.csv?id=IRLTLT01CHM156N,2026-10-09
ch_10y_yield,1955-04-01,1955-06-04,2.85,https://fred.stlouisfed.org/graph/fredgraph.csv?id=IRLTLT01CHM156N,2026-10-09
ch_10y_yield,1955-05-01,1955-07-05,2.99,https://fred.stlouisfed.org/graph/fredgraph.csv?id=IRLTLT01CHM156N,2026-10-09
ch_10y_yield,1955-06-01,1955-08-04,3.06,https://fred.stlouisfed.org/graph/fredgraph.csv?id=IRLTLT01CHM156N,2026-10-09
ch_10y_yield,1955-07-01,1955-09-04,3.04,https://fred.stlouisfed.org/graph/fredgraph.csv?id=IRLTLT01CHM156N,2026-10-09
ch_10y_yield,1955-08-01,1955-10-05,3.08,https://fred.stlouisfed.org/graph/fredgraph.csv?id=IRLTLT01CHM156N,2026-10-09
ch_10y_yield,1955-09-01,1955-11-04,3.2,https://fred.stlouisfed.org/graph/fredgraph.csv?id=IRLTLT01CHM156N,2026-10-09
ch_10y_yield,1955-10-01,1955-12-05,3.17,https://fred.stlouisfed.org/graph/fredgraph.csv?id=IRLTLT01CHM156N,2026-10-09
ch_10y_yield,1955-11-01,1956-01-04,3.07,https://fred.stlouisfed.org/graph/fredgraph.csv?id=IRLTLT01CHM156N,2026-10-09
ch_10y_yield,1955-12-01,1956-02-04,3.04,https://fred.stlouisfed.org/graph/fredgraph.csv?id=IRLTLT01CHM156N,2026-10-09
ch_10y_yield,1956-01-01,1956-03-06,2.94,https://fred.stlouisfed.org/graph/fredgraph.csv?id=IRLTLT01CHM156N,2026-10-09
ch_10y_yield,1956-02-01,1956-04-04,2.91,https://fred.stlouisfed.org/graph/fredgraph.csv?id=IRLTLT01CHM156N,2026-10-09
ch_10y_yield,1956-03-01,1956-05-05,2.97,https://fred.stlouisfed.org/graph/fredgraph.csv?id=IRLTLT01CHM156N,2026-10-09
ch_10y_yield,1956-04-01,1956-06-04,3.06,https://fred.stlouisfed.org/graph/fredgraph.csv?id=IRLTLT01CHM156N,2026-10-09
ch_10y_yield,1956-05-01,1956-07-05,3.14,https://fred.stlouisfed.org/graph/fredgraph.csv?id=IRLTLT01CHM156N,2026-10-09
ch_10y_yield,1956-06-01,1956-08-04,3.18,https://fred.stlouisfed.org/graph/fredgraph.csv?id=IRLTLT01CHM156N,2026-10-09
ch_10y_yield,1956-07-01,1956-09-04,3.18,https://fred.stlouisfed.org/graph/fredgraph.csv?id=IRLTLT01CHM156N,2026-10-09
ch_10y_yield,1956-08-01,1956-10-05,3.24,https://fred.stlouisfed.org/graph/fredgraph.csv?id=IRLTLT01CHM156N,2026-10-09
ch_10y_yield,1956-09-01,1956-11-04,3.21,https://fred.stlouisfed.org/graph/fredgraph.csv?id=IRLTLT01CHM156N,2026-10-09
ch_10y_yield,1956-10-01,1956-12-05,3.22,https://fred.stlouisfed.org/graph/fredgraph.csv?id=IRLTLT01CHM156N,2026-10-09
ch_10y_yield,1956-11-01,1957-01-04,3.23,https://fred.stlouisfed.org/graph/fredgraph.csv?id=IRLTLT01CHM156N,2026-10-09
ch_10y_yield,1956-12-01,1957-02-04,3.22,https://fred.stlouisfed.org/graph/fredgraph.csv?id=IRLTLT01CHM156N,2026-10-09
ch_10y_yield,1957-01-01,1957-03-07,3.22,https://fred.stlouisfed.org/graph/fredgraph.csv?id=IRLTLT01CHM156N,2026-10-09
ch_10y_yield,1957-02-01,1957-04-04,3.16,https://fred.stlouisfed.org/graph/fredgraph.csv?id=IRLTLT01CHM156N,2026-10-09
ch_10y_yield,1957-03-01,1957-05-05,3.59,https://fred.stlouisfed.org/graph/fredgraph.csv?id=IRLTLT01CHM156N,2026-10-09
ch_10y_yield,1957-04-01,1957-06-04,3.55,https://fred.stlouisfed.org/graph/fredgraph.csv?id=IRLTLT01CHM156N,2026-10-09
ch_10y_yield,1957-05-01,1957-07-05,3.8,https://fred.stlouisfed.org/graph/fredgraph.csv?id=IRLTLT01CHM156N,2026-10-09
ch_10y_yield,1957-06-01,1957-08-04,3.77,https://fred.stlouisfed.org/graph/fredgraph.csv?id=IRLTLT01CHM156N,2026-10-09
ch_10y_yield,1957-07-01,1957-09-04,3.79,https://fred.stlouisfed.org/graph/fredgraph.csv?id=IRLTLT01CHM156N,2026-10-09
ch_10y_yield,1957-08-01,1957-10-05,3.87,https://fred.stlouisfed.org/graph/fredgraph.csv?id=IRLTLT01CHM156N,2026-10-09
ch_10y_yield,1957-09-01,1957-11-04,3.93,https://fred.stlouisfed.org/graph/fredgraph.csv?id=IRLTLT01CHM156N,2026-10-09
ch_10y_yield,1957-10-01,1957-12-05,3.92,https://fred.stlouisfed.org/graph/fredgraph.csv?id=IRLTLT01CHM156N,2026-10-09
ch_10y_yield,1957-11-01,1958-01-04,3.8,https://fred.stlouisfed.org/graph/fredgraph.csv?id=IRLTLT01CHM156N,2026-10-09
ch_10y_yield,1957-12-01,1958-02-04,3.61,https://fred.stlouisfed.org/graph/fredgraph.csv?id=IRLTLT01CHM156N,2026-10-09
ch_10y_yield,1958-01-01,1958-03-07,3.49,https://fred.stlouisfed.org/graph/fredgraph.csv?id=IRLTLT01CHM156N,2026-10-09
ch_10y_yield,1958-02-01,1958-04-04,3.41,https://fred.stlouisfed.org/graph/fredgraph.csv?id=IRLTLT01CHM156N,2026-10-09
ch_10y_yield,1958-03-01,1958-05-05,3.34,https://fred.stlouisfed.org/graph/fredgraph.csv?id=IRLTLT01CHM156N,2026-10-09
ch_10y_yield,1958-04-01,1958-06-04,3.24,https://fred.stlouisfed.org/graph/fredgraph.csv?id=IRLTLT01CHM156N,2026-10-09
ch_10y_yield,1958-05-01,1958-07-05,3.2,https://fred.stlouisfed.org/graph/fredgraph.csv?id=IRLTLT01CHM156N,2026-10-09
ch_10y_yield,1958-06-01,1958-08-04,3.03,https://fred.stlouisfed.org/graph/fredgraph.csv?id=IRLTLT01CHM156N,2026-10-09
ch_10y_yield,1958-07-01,1958-09-04,3.04,https://fred.stlouisfed.org/graph/fredgraph.csv?id=IRLTLT01CHM156N,2026-10-09
ch_10y_yield,1958-08-01,1958-10-05,3.04,https://fred.stlouisfed.org/graph/fredgraph.csv?id=IRLTLT01CHM156N,2026-10-09
ch_10y_yield,1958-09-01,1958-11-04,3.02,https://fred.stlouisfed.org/graph/fredgraph.csv?id=IRLTLT01CHM156N,2026-10-09
ch_10y_yield,1958-10-01,1958-12-05,3.0,https://fred.stlouisfed.org/graph/fredgraph.csv?id=IRLTLT01CHM156N,2026-10-09
ch_10y_yield,1958-11-01,1959-01-04,3.03,https://fred.stlouisfed.org/graph/fredgraph.csv?id=IRLTLT01CHM156N,2026-10-09
ch_10y_yield,1958-12-01,1959-02-04,3.0,https://fred.stlouisfed.org/graph/fredgraph.csv?id=IRLTLT01CHM156N,2026-10-09
ch_10y_yield,1959-01-01,1959-03-07,2.98,https://fred.stlouisfed.org/graph/fredgraph.csv?id=IRLTLT01CHM156N,2026-10-09
ch_10y_yield,1959-02-01,1959-04-04,2.91,https://fred.stlouisfed.org/graph/fredgraph.csv?id=IRLTLT01CHM156N,2026-10-09
ch_10y_yield,1959-03-01,1959-05-05,2.85,https://fred.stlouisfed.org/graph/fredgraph.csv?id=IRLTLT01CHM156N,2026-10-09
ch_10y_yield,1959-04-01,1959-06-04,2.83,https://fred.stlouisfed.org/graph/fredgraph.csv?id=IRLTLT01CHM156N,2026-10-09
ch_10y_yield,1959-05-01,1959-07-05,3.14,https://fred.stlouisfed.org/graph/fredgraph.csv?id=IRLTLT01CHM156N,2026-10-09
ch_10y_yield,1959-06-01,1959-08-04,3.22,https://fred.stlouisfed.org/graph/fredgraph.csv?id=IRLTLT01CHM156N,2026-10-09
ch_10y_yield,1959-07-01,1959-09-04,3.14,https://fred.stlouisfed.org/graph/fredgraph.csv?id=IRLTLT01CHM156N,2026-10-09
ch_10y_yield,1959-08-01,1959-10-05,3.06,https://fred.stlouisfed.org/graph/fredgraph.csv?id=IRLTLT01CHM156N,2026-10-09
ch_10y_yield,1959-09-01,1959-11-04,3.16,https://fred.stlouisfed.org/graph/fredgraph.csv?id=IRLTLT01CHM156N,2026-10-09
ch_10y_yield,1959-10-01,1959-12-05,3.17,https://fred.stlouisfed.org/graph/fredgraph.csv?id=IRLTLT01CHM156N,2026-10-09
ch_10y_yield,1959-11-01,1960-01-04,3.17,https://fred.stlouisfed.org/graph/fredgraph.csv?id=IRLTLT01CHM156N,2026-10-09
ch_10y_yield,1959-12-01,1960-02-04,3.29,https://fred.stlouisfed.org/graph/fredgraph.csv?id=IRLTLT01CHM156N,2026-10-09
ch_10y_yield,1960-01-01,1960-03-06,3.32,https://fred.stlouisfed.org/graph/fredgraph.csv?id=IRLTLT01CHM156N,2026-10-09
ch_10y_yield,1960-02-01,1960-04-04,3.3,https://fred.stlouisfed.org/graph/fredgraph.csv?id=IRLTLT01CHM156N,2026-10-09
ch_10y_yield,1960-03-01,1960-05-05,3.22,https://fred.stlouisfed.org/graph/fredgraph.csv?id=IRLTLT01CHM156N,2026-10-09
ch_10y_yield,1960-04-01,1960-06-04,3.13,https://fred.stlouisfed.org/graph/fredgraph.csv?id=IRLTLT01CHM156N,2026-10-09
ch_10y_yield,1960-05-01,1960-07-05,3.07,https://fred.stlouisfed.org/graph/fredgraph.csv?id=IRLTLT01CHM156N,2026-10-09
ch_10y_yield,1960-06-01,1960-08-04,3.04,https://fred.stlouisfed.org/graph/fredgraph.csv?id=IRLTLT01CHM156N,2026-10-09
ch_10y_yield,1960-07-01,1960-09-04,2.97,https://fred.stlouisfed.org/graph/fredgraph.csv?id=IRLTLT01CHM156N,2026-10-09
ch_10y_yield,1960-08-01,1960-10-05,2.94,https://fred.stlouisfed.org/graph/fredgraph.csv?id=IRLTLT01CHM156N,2026-10-09
ch_10y_yield,1960-09-01,1960-11-04,3.01,https://fred.stlouisfed.org/graph/fredgraph.csv?id=IRLTLT01CHM156N,2026-10-09
ch_10y_yield,1960-10-01,1960-12-05,3.05,https://fred.stlouisfed.org/graph/fredgraph.csv?id=IRLTLT01CHM156N,2026-10-09
ch_10y_yield,1960-11-01,1961-01-04,3.04,https://fred.stlouisfed.org/graph/fredgraph.csv?id=IRLTLT01CHM156N,2026-10-09
ch_10y_yield,1960-12-01,1961-02-04,3.02,https://fred.stlouisfed.org/graph/fredgraph.csv?id=IRLTLT01CHM156N,2026-10-09
ch_10y_yield,1961-01-01,1961-03-07,2.96,https://fred.stlouisfed.org/graph/fredgraph.csv?id=IRLTLT01CHM156N,2026-10-09
ch_10y_yield,1961-02-01,1961-04-04,2.86,https://fred.stlouisfed.org/graph/fredgraph.csv?id=IRLTLT01CHM156N,2026-10-09
ch_10y_yield,1961-03-01,1961-05-05,2.84,https://fred.stlouisfed.org/graph/fredgraph.csv?id=IRLTLT01CHM156N,2026-10-09
ch_10y_yield,1961-04-01,1961-06-04,2.82,https://fred.stlouisfed.org/graph/fredgraph.csv?id=IRLTLT01CHM156N,2026-10-09
ch_10y_yield,1961-05-01,1961-07-05,2.86,https://fred.stlouisfed.org/graph/fredgraph.csv?id=IRLTLT01CHM156N,2026-10-09
ch_10y_yield,1961-06-01,1961-08-04,2.97,https://fred.stlouisfed.org/graph/fredgraph.csv?id=IRLTLT01CHM156N,2026-10-09
ch_10y_yield,1961-07-01,1961-09-04,3.13,https://fred.stlouisfed.org/graph/fredgraph.csv?id=IRLTLT01CHM156N,2026-10-09
ch_10y_yield,1961-08-01,1961-10-05,3.1,https://fred.stlouisfed.org/graph/fredgraph.csv?id=IRLTLT01CHM156N,2026-10-09
ch_10y_yield,1961-09-01,1961-11-04,2.97,https://fred.stlouisfed.org/graph/fredgraph.csv?id=IRLTLT01CHM156N,2026-10-09
ch_10y_yield,1961-10-01,1961-12-05,2.97,https://fred.stlouisfed.org/graph/fredgraph.csv?id=IRLTLT01CHM156N,2026-10-09
ch_10y_yield,1961-11-01,1962-01-04,3.01,https://fred.stlouisfed.org/graph/fredgraph.csv?id=IRLTLT01CHM156N,2026-10-09
ch_10y_yield,1961-12-01,1962-02-04,2.98,https://fred.stlouisfed.org/graph/fredgraph.csv?id=IRLTLT01CHM156N,2026-10-09
ch_10y_yield,1962-01-01,1962-03-07,2.96,https://fred.stlouisfed.org/graph/fredgraph.csv?id=IRLTLT01CHM156N,2026-10-09
ch_10y_yield,1962-02-01,1962-04-04,2.99,https://fred.stlouisfed.org/graph/fredgraph.csv?id=IRLTLT01CHM156N,2026-10-09
ch_10y_yield,1962-03-01,1962-05-05,3.1,https://fred.stlouisfed.org/graph/fredgraph.csv?id=IRLTLT01CHM156N,2026-10-09
ch_10y_yield,1962-04-01,1962-06-04,3.25,https://fred.stlouisfed.org/graph/fredgraph.csv?id=IRLTLT01CHM156N,2026-10-09
ch_10y_yield,1962-05-01,1962-07-05,3.14,https://fred.stlouisfed.org/graph/fredgraph.csv?id=IRLTLT01CHM156N,2026-10-09
ch_10y_yield,1962-06-01,1962-08-04,3.26,https://fred.stlouisfed.org/graph/fredgraph.csv?id=IRLTLT01CHM156N,2026-10-09
ch_10y_yield,1962-07-01,1962-09-04,3.19,https://fred.stlouisfed.org/graph/fredgraph.csv?id=IRLTLT01CHM156N,2026-10-09
ch_10y_yield,1962-08-01,1962-10-05,3.14,https://fred.stlouisfed.org/graph/fredgraph.csv?id=IRLTLT01CHM156N,2026-10-09
ch_10y_yield,1962-09-01,1962-11-04,3.11,https://fred.stlouisfed.org/graph/fredgraph.csv?id=IRLTLT01CHM156N,2026-10-09
ch_10y_yield,1962-10-01,1962-12-05,3.12,https://fred.stlouisfed.org/graph/fredgraph.csv?id=IRLTLT01CHM156N,2026-10-09
ch_10y_yield,1962-11-01,1963-01-04,3.11,https://fred.stlouisfed.org/graph/fredgraph.csv?id=IRLTLT01CHM156N,2026-10-09
ch_10y_yield,1962-12-01,1963-02-04,3.12,https://fred.stlouisfed.org/graph/fredgraph.csv?id=IRLTLT01CHM156N,2026-10-09
ch_10y_yield,1963-01-01,1963-03-07,3.14,https://fred.stlouisfed.org/graph/fredgraph.csv?id=IRLTLT01CHM156N,2026-10-09
ch_10y_yield,1963-02-01,1963-04-04,3.13,https://fred.stlouisfed.org/graph/fredgraph.csv?id=IRLTLT01CHM156N,2026-10-09
ch_10y_yield,1963-03-01,1963-05-05,3.1,https://fred.stlouisfed.org/graph/fredgraph.csv?id=IRLTLT01CHM156N,2026-10-09
ch_10y_yield,1963-04-01,1963-06-04,3.1,https://fred.stlouisfed.org/graph/fredgraph.csv?id=IRLTLT01CHM156N,2026-10-09
ch_10y_yield,1963-05-01,1963-07-05,3.14,https://fred.stlouisfed.org/graph/fredgraph.csv?id=IRLTLT01CHM156N,2026-10-09
ch_10y_yield,1963-06-01,1963-08-04,3.15,https://fred.stlouisfed.org/graph/fredgraph.csv?id=IRLTLT01CHM156N,2026-10-09
ch_10y_yield,1963-07-01,1963-09-04,3.22,https://fred.stlouisfed.org/graph/fredgraph.csv?id=IRLTLT01CHM156N,2026-10-09
ch_10y_yield,1963-08-01,1963-10-05,3.25,https://fred.stlouisfed.org/graph/fredgraph.csv?id=IRLTLT01CHM156N,2026-10-09
ch_10y_yield,1963-09-01,1963-11-04,3.33,https://fred.stlouisfed.org/graph/fredgraph.csv?id=IRLTLT01CHM156N,2026-10-09
ch_10y_yield,1963-10-01,1963-12-05,3.44,https://fred.stlouisfed.org/graph/fredgraph.csv?id=IRLTLT01CHM156N,2026-10-09
ch_10y_yield,1963-11-01,1964-01-04,3.42,https://fred.stlouisfed.org/graph/fredgraph.csv?id=IRLTLT01CHM156N,2026-10-09
ch_10y_yield,1963-12-01,1964-02-04,3.54,https://fred.stlouisfed.org/graph/fredgraph.csv?id=IRLTLT01CHM156N,2026-10-09
ch_10y_yield,1964-01-01,1964-03-06,3.64,https://fred.stlouisfed.org/graph/fredgraph.csv?id=IRLTLT01CHM156N,2026-10-09
ch_10y_yield,1964-02-01,1964-04-04,3.8,https://fred.stlouisfed.org/graph/fredgraph.csv?id=IRLTLT01CHM156N,2026-10-09
ch_10y_yield,1964-03-01,1964-05-05,3.89,https://fred.stlouisfed.org/graph/fredgraph.csv?id=IRLTLT01CHM156N,2026-10-09
ch_10y_yield,1964-04-01,1964-06-04,3.88,https://fred.stlouisfed.org/graph/fredgraph.csv?id=IRLTLT01CHM156N,2026-10-09
ch_10y_yield,1964-05-01,1964-07-05,4.02,https://fred.stlouisfed.org/graph/fredgraph.csv?id=IRLTLT01CHM156N,2026-10-09
ch_10y_yield,1964-06-01,1964-08-04,4.05,https://fred.stlouisfed.org/graph/fredgraph.csv?id=IRLTLT01CHM156N,2026-10-09
ch_10y_yield,1964-07-01,1964-09-04,4.04,https://fred.stlouisfed.org/graph/fredgraph.csv?id=IRLTLT01CHM156N,2026-10-09
ch_10y_yield,1964-08-01,1964-10-05,4.05,https://fred.stlouisfed.org/graph/fredgraph.csv?id=IRLTLT01CHM156N,2026-10-09
ch_10y_yield,1964-09-01,1964-11-04,4.05,https://fred.stlouisfed.org/graph/fredgraph.csv?id=IRLTLT01CHM156N,2026-10-09
ch_10y_yield,1964-10-01,1964-12-05,4.08,https://fred.stlouisfed.org/graph/fredgraph.csv?id=IRLTLT01CHM156N,2026-10-09
ch_10y_yield,1964-11-01,1965-01-04,4.08,https://fred.stlouisfed.org/graph/fredgraph.csv?id=IRLTLT01CHM156N,2026-10-09
ch_10y_yield,1964-12-01,1965-02-04,4.07,https://fred.stlouisfed.org/graph/fredgraph.csv?id=IRLTLT01CHM156N,2026-10-09
ch_10y_yield,1965-01-01,1965-03-07,4.04,https://fred.stlouisfed.org/graph/fredgraph.csv?id=IRLTLT01CHM156N,2026-10-09
ch_10y_yield,1965-02-01,1965-04-04,3.94,https://fred.stlouisfed.org/graph/fredgraph.csv?id=IRLTLT01CHM156N,2026-10-09
ch_10y_yield,1965-03-01,1965-05-05,3.91,https://fred.stlouisfed.org/graph/fredgraph.csv?id=IRLTLT01CHM156N,2026-10-09
ch_10y_yield,1965-04-01,1965-06-04,3.92,https://fred.stlouisfed.org/graph/fredgraph.csv?id=IRLTLT01CHM156N,2026-10-09
ch_10y_yield,1965-05-01,1965-07-05,3.92,https://fred.stlouisfed.org/graph/fredgraph.csv?id=IRLTLT01CHM156N,2026-10-09
ch_10y_yield,1965-06-01,1965-08-04,3.92,https://fred.stlouisfed.org/graph/fredgraph.csv?id=IRLTLT01CHM156N,2026-10-09
ch_10y_yield,1965-07-01,1965-09-04,3.92,https://fred.stlouisfed.org/graph/fredgraph.csv?id=IRLTLT01CHM156N,2026-10-09
ch_10y_yield,1965-08-01,1965-10-05,3.92,https://fred.stlouisfed.org/graph/fredgraph.csv?id=IRLTLT01CHM156N,2026-10-09
ch_10y_yield,1965-09-01,1965-11-04,3.94,https://fred.stlouisfed.org/graph/fredgraph.csv?id=IRLTLT01CHM156N,2026-10-09
ch_10y_yield,1965-10-01,1965-12-05,3.96,https://fred.stlouisfed.org/graph/fredgraph.csv?id=IRLTLT01CHM156N,2026-10-09
ch_10y_yield,1965-11-01,1966-01-04,3.98,https://fred.stlouisfed.org/graph/fredgraph.csv?id=IRLTLT01CHM156N,2026-10-09
ch_10y_yield,1965-12-01,1966-02-04,3.98,https://fred.stlouisfed.org/graph/fredgraph.csv?id=IRLTLT01CHM156N,2026-10-09
ch_10y_yield,1966-01-01,1966-03-07,3.98,https://fred.stlouisfed.org/graph/fredgraph.csv?id=IRLTLT01CHM156N,2026-10-09
ch_10y_yield,1966-02-01,1966-04-04,3.98,https://fred.stlouisfed.org/graph/fredgraph.csv?id=IRLTLT01CHM156N,2026-10-09
ch_10y_yield,1966-03-01,1966-05-05,3.98,https://fred.stlouisfed.org/graph/fredgraph.csv?id=IRLTLT01CHM156N,2026-10-09
ch_10y_yield,1966-04-01,1966-06-04,4.01,https://fred.stlouisfed.org/graph/fredgraph.csv?id=IRLTLT01CHM156N,2026-10-09
ch_10y_yield,1966-05-01,1966-07-05,4.02,https://fred.stlouisfed.org/graph/fredgraph.csv?id=IRLTLT01CHM156N,2026-10-09
ch_10y_yield,1966-06-01,1966-08-04,4.04,https://fred.stlouisfed.org/graph/fredgraph.csv?id=IRLTLT01CHM156N,2026-10-09
ch_10y_yield,1966-07-01,1966-09-04,4.16,https://fred.stlouisfed.org/graph/fredgraph.csv?id=IRLTLT01CHM156N,2026-10-09
ch_10y_yield,1966-08-01,1966-10-05,4.24,https://fred.stlouisfed.org/graph/fredgraph.csv?id=IRLTLT01CHM156N,2026-10-09
ch_10y_yield,1966-09-01,1966-11-04,4.27,https://fred.stlouisfed.org/graph/fredgraph.csv?id=IRLTLT01CHM156N,2026-10-09
ch_10y_yield,1966-10-01,1966-12-05,4.36,https://fred.stlouisfed.org/graph/fredgraph.csv?id=IRLTLT01CHM156N,2026-10-09
ch_10y_yield,1966-11-01,1967-01-04,4.4,https://fred.stlouisfed.org/graph/fredgraph.csv?id=IRLTLT01CHM156N,2026-10-09
ch_10y_yield,1966-12-01,1967-02-04,4.53,https://fred.stlouisfed.org/graph/fredgraph.csv?id=IRLTLT01CHM156N,2026-10-09
ch_10y_yield,1967-01-01,1967-03-07,4.74,https://fred.stlouisfed.org/graph/fredgraph.csv?id=IRLTLT01CHM156N,2026-10-09
ch_10y_yield,1967-02-01,1967-04-04,4.74,https://fred.stlouisfed.org/graph/fredgraph.csv?id=IRLTLT01CHM156N,2026-10-09
ch_10y_yield,1967-03-01,1967-05-05,4.72,https://fred.stlouisfed.org/graph/fredgraph.csv?id=IRLTLT01CHM156N,2026-10-09
ch_10y_yield,1967-04-01,1967-06-04,4.69,https://fred.stlouisfed.org/graph/fredgraph.csv?id=IRLTLT01CHM156N,2026-10-09
ch_10y_yield,1967-05-01,1967-07-05,4.68,https://fred.stlouisfed.org/graph/fredgraph.csv?id=IRLTLT01CHM156N,2026-10-09
ch_10y_yield,1967-06-01,1967-08-04,4.75,https://fred.stlouisfed.org/graph/fredgraph.csv?id=IRLTLT01CHM156N,2026-10-09
ch_10y_yield,1967-07-01,1967-09-04,4.6,https://fred.stlouisfed.org/graph/fredgraph.csv?id=IRLTLT01CHM156N,2026-10-09
ch_10y_yield,1967-08-01,1967-10-05,4.48,https://fred.stlouisfed.org/graph/fredgraph.csv?id=IRLTLT01CHM156N,2026-10-09
ch_10y_yield,1967-09-01,1967-11-04,4.32,https://fred.stlouisfed.org/graph/fredgraph.csv?id=IRLTLT01CHM156N,2026-10-09
ch_10y_yield,1967-10-01,1967-12-05,4.45,https://fred.stlouisfed.org/graph/fredgraph.csv?id=IRLTLT01CHM156N,2026-10-09
ch_10y_yield,1967-11-01,1968-01-04,4.52,https://fred.stlouisfed.org/graph/fredgraph.csv?id=IRLTLT01CHM156N,2026-10-09
ch_10y_yield,1967-12-01,1968-02-04,4.55,https://fred.stlouisfed.org/graph/fredgraph.csv?id=IRLTLT01CHM156N,2026-10-09
ch_10y_yield,1968-01-01,1968-03-06,4.59,https://fred.stlouisfed.org/graph/fredgraph.csv?id=IRLTLT01CHM156N,2026-10-09
ch_10y_yield,1968-02-01,1968-04-04,4.39,https://fred.stlouisfed.org/graph/fredgraph.csv?id=IRLTLT01CHM156N,2026-10-09
ch_10y_yield,1968-03-01,1968-05-05,4.35,https://fred.stlouisfed.org/graph/fredgraph.csv?id=IRLTLT01CHM156N,2026-10-09
ch_10y_yield,1968-04-01,1968-06-04,4.37,https://fred.stlouisfed.org/graph/fredgraph.csv?id=IRLTLT01CHM156N,2026-10-09
ch_10y_yield,1968-05-01,1968-07-05,4.35,https://fred.stlouisfed.org/graph/fredgraph.csv?id=IRLTLT01CHM156N,2026-10-09
ch_10y_yield,1968-06-01,1968-08-04,4.34,https://fred.stlouisfed.org/graph/fredgraph.csv?id=IRLTLT01CHM156N,2026-10-09
ch_10y_yield,1968-07-01,1968-09-04,4.35,https://fred.stlouisfed.org/graph/fredgraph.csv?id=IRLTLT01CHM156N,2026-10-09
ch_10y_yield,1968-08-01,1968-10-05,4.35,https://fred.stlouisfed.org/graph/fredgraph.csv?id=IRLTLT01CHM156N,2026-10-09
ch_10y_yield,1968-09-01,1968-11-04,4.34,https://fred.stlouisfed.org/graph/fredgraph.csv?id=IRLTLT01CHM156N,2026-10-09
ch_10y_yield,1968-10-01,1968-12-05,4.38,https://fred.stlouisfed.org/graph/fredgraph.csv?id=IRLTLT01CHM156N,2026-10-09
ch_10y_yield,1968-11-01,1969-01-04,4.33,https://fred.stlouisfed.org/graph/fredgraph.csv?id=IRLTLT01CHM156N,2026-10-09
ch_10y_yield,1968-12-01,1969-02-04,4.33,https://fred.stlouisfed.org/graph/fredgraph.csv?id=IRLTLT01CHM156N,2026-10-09
ch_10y_yield,1969-01-01,1969-03-07,4.38,https://fred.stlouisfed.org/graph/fredgraph.csv?id=IRLTLT01CHM156N,2026-10-09
ch_10y_yield,1969-02-01,1969-04-04,4.4,https://fred.stlouisfed.org/graph/fredgraph.csv?id=IRLTLT01CHM156N,2026-10-09
ch_10y_yield,1969-03-01,1969-05-05,4.6,https://fred.stlouisfed.org/graph/fredgraph.csv?id=IRLTLT01CHM156N,2026-10-09
ch_10y_yield,1969-04-01,1969-06-04,4.67,https://fred.stlouisfed.org/graph/fredgraph.csv?id=IRLTLT01CHM156N,2026-10-09
ch_10y_yield,1969-05-01,1969-07-05,4.58,https://fred.stlouisfed.org/graph/fredgraph.csv?id=IRLTLT01CHM156N,2026-10-09
ch_10y_yield,1969-06-01,1969-08-04,4.69,https://fred.stlouisfed.org/graph/fredgraph.csv?id=IRLTLT01CHM156N,2026-10-09
ch_10y_yield,1969-07-01,1969-09-04,5.0,https://fred.stlouisfed.org/graph/fredgraph.csv?id=IRLTLT01CHM156N,2026-10-09
ch_10y_yield,1969-08-01,1969-10-05,5.2,https://fred.stlouisfed.org/graph/fredgraph.csv?id=IRLTLT01CHM156N,2026-10-09
ch_10y_yield,1969-09-01,1969-11-04,5.37,https://fred.stlouisfed.org/graph/fredgraph.csv?id=IRLTLT01CHM156N,2026-10-09
ch_10y_yield,1969-10-01,1969-12-05,5.23,https://fred.stlouisfed.org/graph/fredgraph.csv?id=IRLTLT01CHM156N,2026-10-09
ch_10y_yield,1969-11-01,1970-01-04,5.34,https://fred.stlouisfed.org/graph/fredgraph.csv?id=IRLTLT01CHM156N,2026-10-09
ch_10y_yield,1969-12-01,1970-02-04,5.34,https://fred.stlouisfed.org/graph/fredgraph.csv?id=IRLTLT01CHM156N,2026-10-09
ch_10y_yield,1970-01-01,1970-03-07,5.33,https://fred.stlouisfed.org/graph/fredgraph.csv?id=IRLTLT01CHM156N,2026-10-09
ch_10y_yield,1970-02-01,1970-04-04,5.55,https://fred.stlouisfed.org/graph/fredgraph.csv?id=IRLTLT01CHM156N,2026-10-09
ch_10y_yield,1970-03-01,1970-05-05,5.66,https://fred.stlouisfed.org/graph/fredgraph.csv?id=IRLTLT01CHM156N,2026-10-09
ch_10y_yield,1970-04-01,1970-06-04,5.88,https://fred.stlouisfed.org/graph/fredgraph.csv?id=IRLTLT01CHM156N,2026-10-09
ch_10y_yield,1970-05-01,1970-07-05,5.86,https://fred.stlouisfed.org/graph/fredgraph.csv?id=IRLTLT01CHM156N,2026-10-09
ch_10y_yield,1970-06-01,1970-08-04,5.87,https://fred.stlouisfed.org/graph/fredgraph.csv?id=IRLTLT01CHM156N,2026-10-09
ch_10y_yield,1970-07-01,1970-09-04,5.81,https://fred.stlouisfed.org/graph/fredgraph.csv?id=IRLTLT01CHM156N,2026-10-09
ch_10y_yield,1970-08-01,1970-10-05,5.76,https://fred.stlouisfed.org/graph/fredgraph.csv?id=IRLTLT01CHM156N,2026-10-09
ch_10y_yield,1970-09-01,1970-11-04,5.74,https://fred.stlouisfed.org/graph/fredgraph.csv?id=IRLTLT01CHM156N,2026-10-09
ch_10y_yield,1970-10-01,1970-12-05,5.75,https://fred.stlouisfed.org/graph/fredgraph.csv?id=IRLTLT01CHM156N,2026-10-09
ch_10y_yield,1970-11-01,1971-01-04,5.68,https://fred.stlouisfed.org/graph/fredgraph.csv?id=IRLTLT01CHM156N,2026-10-09
ch_10y_yield,1970-12-01,1971-02-04,5.7,https://fred.stlouisfed.org/graph/fredgraph.csv?id=IRLTLT01CHM156N,2026-10-09
ch_10y_yield,1971-01-01,1971-03-07,5.58,https://fred.stlouisfed.org/graph/fredgraph.csv?id=IRLTLT01CHM156N,2026-10-09
ch_10y_yield,1971-02-01,1971-04-04,5.52,https://fred.stlouisfed.org/graph/fredgraph.csv?id=IRLTLT01CHM156N,2026-10-09
ch_10y_yield,1971-03-01,1971-05-05,5.44,https://fred.stlouisfed.org/graph/fredgraph.csv?id=IRLTLT01CHM156N,2026-10-09
ch_10y_yield,1971-04-01,1971-06-04,5.27,https://fred.stlouisfed.org/graph/fredgraph.csv?id=IRLTLT01CHM156N,2026-10-09
ch_10y_yield,1971-05-01,1971-07-05,5.32,https://fred.stlouisfed.org/graph/fredgraph.csv?id=IRLTLT01CHM156N,2026-10-09
ch_10y_yield,1971-06-01,1971-08-04,5.38,https://fred.stlouisfed.org/graph/fredgraph.csv?id=IRLTLT01CHM156N,2026-10-09
ch_10y_yield,1971-07-01,1971-09-04,5.45,https://fred.stlouisfed.org/graph/fredgraph.csv?id=IRLTLT01CHM156N,2026-10-09
ch_10y_yield,1971-08-01,1971-10-05,5.31,https://fred.stlouisfed.org/graph/fredgraph.csv?id=IRLTLT01CHM156N,2026-10-09
ch_10y_yield,1971-09-01,1971-11-04,5.1,https://fred.stlouisfed.org/graph/fredgraph.csv?id=IRLTLT01CHM156N,2026-10-09
ch_10y_yield,1971-10-01,1971-12-05,4.97,https://fred.stlouisfed.org/graph/fredgraph.csv?id=IRLTLT01CHM156N,2026-10-09
ch_10y_yield,1971-11-01,1972-01-04,4.86,https://fred.stlouisfed.org/graph/fredgraph.csv?id=IRLTLT01CHM156N,2026-10-09
ch_10y_yield,1971-12-01,1972-02-04,4.99,https://fred.stlouisfed.org/graph/fredgraph.csv?id=IRLTLT01CHM156N,2026-10-09
ch_10y_yield,1972-01-01,1972-03-06,4.76,https://fred.stlouisfed.org/graph/fredgraph.csv?id=IRLTLT01CHM156N,2026-10-09
ch_10y_yield,1972-02-01,1972-04-04,4.6,https://fred.stlouisfed.org/graph/fredgraph.csv?id=IRLTLT01CHM156N,2026-10-09
ch_10y_yield,1972-03-01,1972-05-05,4.77,https://fred.stlouisfed.org/graph/fredgraph.csv?id=IRLTLT01CHM156N,2026-10-09
ch_10y_yield,1972-04-01,1972-06-04,4.94,https://fred.stlouisfed.org/graph/fredgraph.csv?id=IRLTLT01CHM156N,2026-10-09
ch_10y_yield,1972-05-01,1972-07-05,4.93,https://fred.stlouisfed.org/graph/fredgraph.csv?id=IRLTLT01CHM156N,2026-10-09
ch_10y_yield,1972-06-01,1972-08-04,5.06,https://fred.stlouisfed.org/graph/fredgraph.csv?id=IRLTLT01CHM156N,2026-10-09
ch_10y_yield,1972-07-01,1972-09-04,4.95,https://fred.stlouisfed.org/graph/fredgraph.csv?id=IRLTLT01CHM156N,2026-10-09
ch_10y_yield,1972-08-01,1972-10-05,4.93,https://fred.stlouisfed.org/graph/fredgraph.csv?id=IRLTLT01CHM156N,2026-10-09
ch_10y_yield,1972-09-01,1972-11-04,4.98,https://fred.stlouisfed.org/graph/fredgraph.csv?id=IRLTLT01CHM156N,2026-10-09
ch_10y_yield,1972-10-01,1972-12-05,5.08,https://fred.stlouisfed.org/graph/fredgraph.csv?id=IRLTLT01CHM156N,2026-10-09
ch_10y_yield,1972-11-01,1973-01-04,5.29,https://fred.stlouisfed.org/graph/fredgraph.csv?id=IRLTLT01CHM156N,2026-10-09
ch_10y_yield,1972-12-01,1973-02-04,5.27,https://fred.stlouisfed.org/graph/fredgraph.csv?id=IRLTLT01CHM156N,2026-10-09
ch_10y_yield,1973-01-01,1973-03-07,5.36,https://fred.stlouisfed.org/graph/fredgraph.csv?id=IRLTLT01CHM156N,2026-10-09
ch_10y_yield,1973-02-01,1973-04-04,5.32,https://fred.stlouisfed.org/graph/fredgraph.csv?id=IRLTLT01CHM156N,2026-10-09
ch_10y_yield,1973-03-01,1973-05-05,5.29,https://fred.stlouisfed.org/graph/fredgraph.csv?id=IRLTLT01CHM156N,2026-10-09
ch_10y_yield,1973-04-01,1973-06-04,5.42,https://fred.stlouisfed.org/graph/fredgraph.csv?id=IRLTLT01CHM156N,2026-10-09
ch_10y_yield,1973-05-01,1973-07-05,5.37,https://fred.stlouisfed.org/graph/fredgraph.csv?id=IRLTLT01CHM156N,2026-10-09
ch_10y_yield,1973-06-01,1973-08-04,5.36,https://fred.stlouisfed.org/graph/fredgraph.csv?id=IRLTLT01CHM156N,2026-10-09
ch_10y_yield,1973-07-01,1973-09-04,5.36,https://fred.stlouisfed.org/graph/fredgraph.csv?id=IRLTLT01CHM156N,2026-10-09
ch_10y_yield,1973-08-01,1973-10-05,5.65,https://fred.stlouisfed.org/graph/fredgraph.csv?id=IRLTLT01CHM156N,2026-10-09
ch_10y_yield,1973-09-01,1973-11-04,5.79,https://fred.stlouisfed.org/graph/fredgraph.csv?id=IRLTLT01CHM156N,2026-10-09
ch_10y_yield,1973-10-01,1973-12-05,5.77,https://fred.stlouisfed.org/graph/fredgraph.csv?id=IRLTLT01CHM156N,2026-10-09
ch_10y_yield,1973-11-01,1974-01-04,6.13,https://fred.stlouisfed.org/graph/fredgraph.csv?id=IRLTLT01CHM156N,2026-10-09
ch_10y_yield,1973-12-01,1974-02-04,6.31,https://fred.stlouisfed.org/graph/fredgraph.csv?id=IRLTLT01CHM156N,2026-10-09
ch_10y_yield,1974-01-01,1974-03-07,6.38,https://fred.stlouisfed.org/graph/fredgraph.csv?id=IRLTLT01CHM156N,2026-10-09
ch_10y_yield,1974-02-01,1974-04-04,6.59,https://fred.stlouisfed.org/graph/fredgraph.csv?id=IRLTLT01CHM156N,2026-10-09
ch_10y_yield,1974-03-01,1974-05-05,7.09,https://fred.stlouisfed.org/graph/fredgraph.csv?id=IRLTLT01CHM156N,2026-10-09
ch_10y_yield,1974-04-01,1974-06-04,7.23,https://fred.stlouisfed.org/graph/fredgraph.csv?id=IRLTLT01CHM156N,2026-10-09
ch_10y_yield,1974-05-01,1974-07-05,7.3,https://fred.stlouisfed.org/graph/fredgraph.csv?id=IRLTLT01CHM156N,2026-10-09
ch_10y_yield,1974-06-01,1974-08-04,7.28,https://fred.stlouisfed.org/graph/fredgraph.csv?id=IRLTLT01CHM156N,2026-10-09
ch_10y_yield,1974-07-01,1974-09-04,7.23,https://fred.stlouisfed.org/graph/fredgraph.csv?id=IRLTLT01CHM156N,2026-10-09
ch_10y_yield,1974-08-01,1974-10-05,7.36,https://fred.stlouisfed.org/graph/fredgraph.csv?id=IRLTLT01CHM156N,2026-10-09
ch_10y_yield,1974-09-01,1974-11-04,7.41,https://fred.stlouisfed.org/graph/fredgraph.csv?id=IRLTLT01CHM156N,2026-10-09
ch_10y_yield,1974-10-01,1974-12-05,7.32,https://fred.stlouisfed.org/graph/fredgraph.csv?id=IRLTLT01CHM156N,2026-10-09
ch_10y_yield,1974-11-01,1975-01-04,7.19,https://fred.stlouisfed.org/graph/fredgraph.csv?id=IRLTLT01CHM156N,2026-10-09
ch_10y_yield,1974-12-01,1975-02-04,7.17,https://fred.stlouisfed.org/graph/fredgraph.csv?id=IRLTLT01CHM156N,2026-10-09
ch_10y_yield,1975-01-01,1975-03-07,6.83,https://fred.stlouisfed.org/graph/fredgraph.csv?id=IRLTLT01CHM156N,2026-10-09
ch_10y_yield,1975-02-01,1975-04-04,6.66,https://fred.stlouisfed.org/graph/fredgraph.csv?id=IRLTLT01CHM156N,2026-10-09
ch_10y_yield,1975-03-01,1975-05-05,6.79,https://fred.stlouisfed.org/graph/fredgraph.csv?id=IRLTLT01CHM156N,2026-10-09
ch_10y_yield,1975-04-01,1975-06-04,6.87,https://fred.stlouisfed.org/graph/fredgraph.csv?id=IRLTLT01CHM156N,2026-10-09
ch_10y_yield,1975-05-01,1975-07-05,6.76,https://fred.stlouisfed.org/graph/fredgraph.csv?id=IRLTLT01CHM156N,2026-10-09
ch_10y_yield,1975-06-01,1975-08-04,6.51,https://fred.stlouisfed.org/graph/fredgraph.csv?id=IRLTLT01CHM156N,2026-10-09
ch_10y_yield,1975-07-01,1975-09-04,6.45,https://fred.stlouisfed.org/graph/fredgraph.csv?id=IRLTLT01CHM156N,2026-10-09
ch_10y_yield,1975-08-01,1975-10-05,6.18,https://fred.stlouisfed.org/graph/fredgraph.csv?id=IRLTLT01CHM156N,2026-10-09
ch_10y_yield,1975-09-01,1975-11-04,6.21,https://fred.stlouisfed.org/graph/fredgraph.csv?id=IRLTLT01CHM156N,2026-10-09
ch_10y_yield,1975-10-01,1975-12-05,6.08,https://fred.stlouisfed.org/graph/fredgraph.csv?id=IRLTLT01CHM156N,2026-10-09
ch_10y_yield,1975-11-01,1976-01-04,5.96,https://fred.stlouisfed.org/graph/fredgraph.csv?id=IRLTLT01CHM156N,2026-10-09
ch_10y_yield,1975-12-01,1976-02-04,5.93,https://fred.stlouisfed.org/graph/fredgraph.csv?id=IRLTLT01CHM156N,2026-10-09
ch_10y_yield,1976-01-01,1976-03-06,5.4,https://fred.stlouisfed.org/graph/fredgraph.csv?id=IRLTLT01CHM156N,2026-10-09
ch_10y_yield,1976-02-01,1976-04-04,5.29,https://fred.stlouisfed.org/graph/fredgraph.csv?id=IRLTLT01CHM156N,2026-10-09
ch_10y_yield,1976-03-01,1976-05-05,5.14,https://fred.stlouisfed.org/graph/fredgraph.csv?id=IRLTLT01CHM156N,2026-10-09
ch_10y_yield,1976-04-01,1976-06-04,5.19,https://fred.stlouisfed.org/graph/fredgraph.csv?id=IRLTLT01CHM156N,2026-10-09
ch_10y_yield,1976-05-01,1976-07-05,5.21,https://fred.stlouisfed.org/graph/fredgraph.csv?id=IRLTLT01CHM156N,2026-10-09
ch_10y_yield,1976-06-01,1976-08-04,5.12,https://fred.stlouisfed.org/graph/fredgraph.csv?id=IRLTLT01CHM156N,2026-10-09
ch_10y_yield,1976-07-01,1976-09-04,5.09,https://fred.stlouisfed.org/graph/fredgraph.csv?id=IRLTLT01CHM156N,2026-10-09
ch_10y_yield,1976-08-01,1976-10-05,4.99,https://fred.stlouisfed.org/graph/fredgraph.csv?id=IRLTLT01CHM156N,2026-10-09
ch_10y_yield,1976-09-01,1976-11-04,4.89,https://fred.stlouisfed.org/graph/fredgraph.csv?id=IRLTLT01CHM156N,2026-10-09
ch_10y_yield,1976-10-01,1976-12-05,4.6,https://fred.stlouisfed.org/graph/fredgraph.csv?id=IRLTLT01CHM156N,2026-10-09
ch_10y_yield,1976-11-01,1977-01-04,4.41,https://fred.stlouisfed.org/graph/fredgraph.csv?id=IRLTLT01CHM156N,2026-10-09
ch_10y_yield,1976-12-01,1977-02-04,4.46,https://fred.stlouisfed.org/graph/fredgraph.csv?id=IRLTLT01CHM156N,2026-10-09
ch_10y_yield,1977-01-01,1977-03-07,4.05,https://fred.stlouisfed.org/graph/fredgraph.csv?id=IRLTLT01CHM156N,2026-10-09
ch_10y_yield,1977-02-01,1977-04-04,3.97,https://fred.stlouisfed.org/graph/fredgraph.csv?id=IRLTLT01CHM156N,2026-10-09
ch_10y_yield,1977-03-01,1977-05-05,3.95,https://fred.stlouisfed.org/graph/fredgraph.csv?id=IRLTLT01CHM156N,2026-10-09
ch_10y_yield,1977-04-01,1977-06-04,3.93,https://fred.stlouisfed.org/graph/fredgraph.csv?id=IRLTLT01CHM156N,2026-10-09
ch_10y_yield,1977-05-01,1977-07-05,4.44,https://fred.stlouisfed.org/graph/fredgraph.csv?id=IRLTLT01CHM156N,2026-10-09
ch_10y_yield,1977-06-01,1977-08-04,4.49,https://fred.stlouisfed.org/graph/fredgraph.csv?id=IRLTLT01CHM156N,2026-10-09
ch_10y_yield,1977-07-01,1977-09-04,4.22,https://fred.stlouisfed.org/graph/fredgraph.csv?id=IRLTLT01CHM156N,2026-10-09
ch_10y_yield,1977-08-01,1977-10-05,4.08,https://fred.stlouisfed.org/graph/fredgraph.csv?id=IRLTLT01CHM156N,2026-10-09
ch_10y_yield,1977-09-01,1977-11-04,3.94,https://fred.stlouisfed.org/graph/fredgraph.csv?id=IRLTLT01CHM156N,2026-10-09
ch_10y_yield,1977-10-01,1977-12-05,3.85,https://fred.stlouisfed.org/graph/fredgraph.csv?id=IRLTLT01CHM156N,2026-10-09
ch_10y_yield,1977-11-01,1978-01-04,3.84,https://fred.stlouisfed.org/graph/fredgraph.csv?id=IRLTLT01CHM156N,2026-10-09
ch_10y_yield,1977-12-01,1978-02-04,3.78,https://fred.stlouisfed.org/graph/fredgraph.csv?id=IRLTLT01CHM156N,2026-10-09
ch_10y_yield,1978-01-01,1978-03-07,3.65,https://fred.stlouisfed.org/graph/fredgraph.csv?id=IRLTLT01CHM156N,2026-10-09
ch_10y_yield,1978-02-01,1978-04-04,3.45,https://fred.stlouisfed.org/graph/fredgraph.csv?id=IRLTLT01CHM156N,2026-10-09
ch_10y_yield,1978-03-01,1978-05-05,3.49,https://fred.stlouisfed.org/graph/fredgraph.csv?id=IRLTLT01CHM156N,2026-10-09
ch_10y_yield,1978-04-01,1978-06-04,3.4,https://fred.stlouisfed.org/graph/fredgraph.csv?id=IRLTLT01CHM156N,2026-10-09
ch_10y_yield,1978-05-01,1978-07-05,3.48,https://fred.stlouisfed.org/graph/fredgraph.csv?id=IRLTLT01CHM156N,2026-10-09
ch_10y_yield,1978-06-01,1978-08-04,3.39,https://fred.stlouisfed.org/graph/fredgraph.csv?id=IRLTLT01CHM156N,2026-10-09
ch_10y_yield,1978-07-01,1978-09-04,3.37,https://fred.stlouisfed.org/graph/fredgraph.csv?id=IRLTLT01CHM156N,2026-10-09
ch_10y_yield,1978-08-01,1978-10-05,3.31,https://fred.stlouisfed.org/graph/fredgraph.csv?id=IRLTLT01CHM156N,2026-10-09
ch_10y_yield,1978-09-01,1978-11-04,3.25,https://fred.stlouisfed.org/graph/fredgraph.csv?id=IRLTLT01CHM156N,2026-10-09
ch_10y_yield,1978-10-01,1978-12-05,3.07,https://fred.stlouisfed.org/graph/fredgraph.csv?id=IRLTLT01CHM156N,2026-10-09
ch_10y_yield,1978-11-01,1979-01-04,3.03,https://fred.stlouisfed.org/graph/fredgraph.csv?id=IRLTLT01CHM156N,2026-10-09
ch_10y_yield,1978-12-01,1979-02-04,3.03,https://fred.stlouisfed.org/graph/fredgraph.csv?id=IRLTLT01CHM156N,2026-10-09
ch_10y_yield,1979-01-01,1979-03-07,3.11,https://fred.stlouisfed.org/graph/fredgraph.csv?id=IRLTLT01CHM156N,2026-10-09
ch_10y_yield,1979-02-01,1979-04-04,3.08,https://fred.stlouisfed.org/graph/fredgraph.csv?id=IRLTLT01CHM156N,2026-10-09
ch_10y_yield,1979-03-01,1979-05-05,3.22,https://fred.stlouisfed.org/graph/fredgraph.csv?id=IRLTLT01CHM156N,2026-10-09
ch_10y_yield,1979-04-01,1979-06-04,3.21,https://fred.stlouisfed.org/graph/fredgraph.csv?id=IRLTLT01CHM156N,2026-10-09
ch_10y_yield,1979-05-01,1979-07-05,3.18,https://fred.stlouisfed.org/graph/fredgraph.csv?id=IRLTLT01CHM156N,2026-10-09
ch_10y_yield,1979-06-01,1979-08-04,3.45,https://fred.stlouisfed.org/graph/fredgraph.csv?id=IRLTLT01CHM156N,2026-10-09
ch_10y_yield,1979-07-01,1979-09-04,3.49,https://fred.stlouisfed.org/graph/fredgraph.csv?id=IRLTLT01CHM156N,2026-10-09
ch_10y_yield,1979-08-01,1979-10-05,3.51,https://fred.stlouisfed.org/graph/fredgraph.csv?id=IRLTLT01CHM156N,2026-10-09
ch_10y_yield,1979-09-01,1979-11-04,3.5,https://fred.stlouisfed.org/graph/fredgraph.csv?id=IRLTLT01CHM156N,2026-10-09
ch_10y_yield,1979-10-01,1979-12-05,3.6,https://fred.stlouisfed.org/graph/fredgraph.csv?id=IRLTLT01CHM156N,2026-10-09
ch_10y_yield,1979-11-01,1980-01-04,4.04,https://fred.stlouisfed.org/graph/fredgraph.csv?id=IRLTLT01CHM156N,2026-10-09
ch_10y_yield,1979-12-01,1980-02-04,4.04,https://fred.stlouisfed.org/graph/fredgraph.csv?id=IRLTLT01CHM156N,2026-10-09
ch_10y_yield,1980-01-01,1980-03-06,4.48,https://fred.stlouisfed.org/graph/fredgraph.csv?id=IRLTLT01CHM156N,2026-10-09
ch_10y_yield,1980-02-01,1980-04-04,4.72,https://fred.stlouisfed.org/graph/fredgraph.csv?id=IRLTLT01CHM156N,2026-10-09
ch_10y_yield,1980-03-01,1980-05-05,5.1,https://fred.stlouisfed.org/graph/fredgraph.csv?id=IRLTLT01CHM156N,2026-10-09
ch_10y_yield,1980-04-01,1980-06-04,4.97,https://fred.stlouisfed.org/graph/fredgraph.csv?id=IRLTLT01CHM156N,2026-10-09
ch_10y_yield,1980-05-01,1980-07-05,4.82,https://fred.stlouisfed.org/graph/fredgraph.csv?id=IRLTLT01CHM156N,2026-10-09
ch_10y_yield,1980-06-01,1980-08-04,4.72,https://fred.stlouisfed.org/graph/fredgraph.csv?id=IRLTLT01CHM156N,2026-10-09
ch_10y_yield,1980-07-01,1980-09-04,4.6,https://fred.stlouisfed.org/graph/fredgraph.csv?id=IRLTLT01CHM156N,2026-10-09
ch_10y_yield,1980-08-01,1980-10-05,4.87,https://fred.stlouisfed.org/graph/fredgraph.csv?id=IRLTLT01CHM156N,2026-10-09
ch_10y_yield,1980-09-01,1980-11-04,4.87,https://fred.stlouisfed.org/graph/fredgraph.csv?id=IRLTLT01CHM156N,2026-10-09
ch_10y_yield,1980-10-01,1980-12-05,4.69,https://fred.stlouisfed.org/graph/fredgraph.csv?id=IRLTLT01CHM156N,2026-10-09
ch_10y_yield,1980-11-01,1981-01-04,4.68,https://fred.stlouisfed.org/graph/fredgraph.csv?id=IRLTLT01CHM156N,2026-10-09
ch_10y_yield,1980-12-01,1981-02-04,4.63,https://fred.stlouisfed.org/graph/fredgraph.csv?id=IRLTLT01CHM156N,2026-10-09
ch_10y_yield,1981-01-01,1981-03-07,4.79,https://fred.stlouisfed.org/graph/fredgraph.csv?id=IRLTLT01CHM156N,2026-10-09
ch_10y_yield,1981-02-01,1981-04-04,5.2,https://fred.stlouisfed.org/graph/fredgraph.csv?id=IRLTLT01CHM156N,2026-10-09
ch_10y_yield,1981-03-01,1981-05-05,5.47,https://fred.stlouisfed.org/graph/fredgraph.csv?id=IRLTLT01CHM156N,2026-10-09
ch_10y_yield,1981-04-01,1981-06-04,5.48,https://fred.stlouisfed.org/graph/fredgraph.csv?id=IRLTLT01CHM156N,2026-10-09
ch_10y_yield,1981-05-01,1981-07-05,5.85,https://fred.stlouisfed.org/graph/fredgraph.csv?id=IRLTLT01CHM156N,2026-10-09
ch_10y_yield,1981-06-01,1981-08-04,5.62,https://fred.stlouisfed.org/graph/fredgraph.csv?id=IRLTLT01CHM156N,2026-10-09
ch_10y_yield,1981-07-01,1981-09-04,5.51,https://fred.stlouisfed.org/graph/fredgraph.csv?id=IRLTLT01CHM156N,2026-10-09
ch_10y_yield,1981-08-01,1981-10-05,5.84,https://fred.stlouisfed.org/graph/fredgraph.csv?id=IRLTLT01CHM156N,2026-10-09
ch_10y_yield,1981-09-01,1981-11-04,6.13,https://fred.stlouisfed.org/graph/fredgraph.csv?id=IRLTLT01CHM156N,2026-10-09
ch_10y_yield,1981-10-01,1981-12-05,5.99,https://fred.stlouisfed.org/graph/fredgraph.csv?id=IRLTLT01CHM156N,2026-10-09
ch_10y_yield,1981-11-01,1982-01-04,5.57,https://fred.stlouisfed.org/graph/fredgraph.csv?id=IRLTLT01CHM156N,2026-10-09
ch_10y_yield,1981-12-01,1982-02-04,5.39,https://fred.stlouisfed.org/graph/fredgraph.csv?id=IRLTLT01CHM156N,2026-10-09
ch_10y_yield,1982-01-01,1982-03-07,5.35,https://fred.stlouisfed.org/graph/fredgraph.csv?id=IRLTLT01CHM156N,2026-10-09
ch_10y_yield,1982-02-01,1982-04-04,5.49,https://fred.stlouisfed.org/graph/fredgraph.csv?id=IRLTLT01CHM156N,2026-10-09
ch_10y_yield,1982-03-01,1982-05-05,4.96,https://fred.stlouisfed.org/graph/fredgraph.csv?id=IRLTLT01CHM156N,2026-10-09
ch_10y_yield,1982-04-01,1982-06-04,4.84,https://fred.stlouisfed.org/graph/fredgraph.csv?id=IRLTLT01CHM156N,2026-10-09
ch_10y_yield,1982-05-01,1982-07-05,4.77,https://fred.stlouisfed.org/graph/fredgraph.csv?id=IRLTLT01CHM156N,2026-10-09
ch_10y_yield,1982-06-01,1982-08-04,5.05,https://fred.stlouisfed.org/graph/fredgraph.csv?id=IRLTLT01CHM156N,2026-10-09
ch_10y_yield,1982-07-01,1982-09-04,4.73,https://fred.stlouisfed.org/graph/fredgraph.csv?id=IRLTLT01CHM156N,2026-10-09
ch_10y_yield,1982-08-01,1982-10-05,4.35,https://fred.stlouisfed.org/graph/fredgraph.csv?id=IRLTLT01CHM156N,2026-10-09
ch_10y_yield,1982-09-01,1982-11-04,4.08,https://fred.stlouisfed.org/graph/fredgraph.csv?id=IRLTLT01CHM156N,2026-10-09
ch_10y_yield,1982-10-01,1982-12-05,3.9,https://fred.stlouisfed.org/graph/fredgraph.csv?id=IRLTLT01CHM156N,2026-10-09
ch_10y_yield,1982-11-01,1983-01-04,3.87,https://fred.stlouisfed.org/graph/fredgraph.csv?id=IRLTLT01CHM156N,2026-10-09
ch_10y_yield,1982-12-01,1983-02-04,3.79,https://fred.stlouisfed.org/graph/fredgraph.csv?id=IRLTLT01CHM156N,2026-10-09
ch_10y_yield,1983-01-01,1983-03-07,3.86,https://fred.stlouisfed.org/graph/fredgraph.csv?id=IRLTLT01CHM156N,2026-10-09
ch_10y_yield,1983-02-01,1983-04-04,3.86,https://fred.stlouisfed.org/graph/fredgraph.csv?id=IRLTLT01CHM156N,2026-10-09
ch_10y_yield,1983-03-01,1983-05-05,4.14,https://fred.stlouisfed.org/graph/fredgraph.csv?id=IRLTLT01CHM156N,2026-10-09
ch_10y_yield,1983-04-01,1983-06-04,4.06,https://fred.stlouisfed.org/graph/fredgraph.csv?id=IRLTLT01CHM156N,2026-10-09
ch_10y_yield,1983-05-01,1983-07-05,4.18,https://fred.stlouisfed.org/graph/fredgraph.csv?id=IRLTLT01CHM156N,2026-10-09
ch_10y_yield,1983-06-01,1983-08-04,4.28,https://fred.stlouisfed.org/graph/fredgraph.csv?id=IRLTLT01CHM156N,2026-10-09
ch_10y_yield,1983-07-01,1983-09-04,4.2,https://fred.stlouisfed.org/graph/fredgraph.csv?id=IRLTLT01CHM156N,2026-10-09
ch_10y_yield,1983-08-01,1983-10-05,4.45,https://fred.stlouisfed.org/graph/fredgraph.csv?id=IRLTLT01CHM156N,2026-10-09
ch_10y_yield,1983-09-01,1983-11-04,4.39,https://fred.stlouisfed.org/graph/fredgraph.csv?id=IRLTLT01CHM156N,2026-10-09
ch_10y_yield,1983-10-01,1983-12-05,4.26,https://fred.stlouisfed.org/graph/fredgraph.csv?id=IRLTLT01CHM156N,2026-10-09
ch_10y_yield,1983-11-01,1984-01-04,4.25,https://fred.stlouisfed.org/graph/fredgraph.csv?id=IRLTLT01CHM156N,2026-10-09
ch_10y_yield,1983-12-01,1984-02-04,4.16,https://fred.stlouisfed.org/graph/fredgraph.csv?id=IRLTLT01CHM156N,2026-10-09
ch_10y_yield,1984-01-01,1984-03-06,4.31,https://fred.stlouisfed.org/graph/fredgraph.csv?id=IRLTLT01CHM156N,2026-10-09
ch_10y_yield,1984-02-01,1984-04-04,4.39,https://fred.stlouisfed.org/graph/fredgraph.csv?id=IRLTLT01CHM156N,2026-10-09
ch_10y_yield,1984-03-01,1984-05-05,4.377,https://fred.stlouisfed.org/graph/fredgraph.csv?id=IRLTLT01CHM156N,2026-10-09
ch_10y_yield,1984-04-01,1984-06-04,4.471,https://fred.stlouisfed.org/graph/fredgraph.csv?id=IRLTLT01CHM156N,2026-10-09
ch_10y_yield,1984-05-01,1984-07-05,4.635,https://fred.stlouisfed.org/graph/fredgraph.csv?id=IRLTLT01CHM156N,2026-10-09
ch_10y_yield,1984-06-01,1984-08-04,4.529,https://fred.stlouisfed.org/graph/fredgraph.csv?id=IRLTLT01CHM156N,2026-10-09
ch_10y_yield,1984-07-01,1984-09-04,4.66,https://fred.stlouisfed.org/graph/fredgraph.csv?id=IRLTLT01CHM156N,2026-10-09
ch_10y_yield,1984-08-01,1984-10-05,4.618,https://fred.stlouisfed.org/graph/fredgraph.csv?id=IRLTLT01CHM156N,2026-10-09
ch_10y_yield,1984-09-01,1984-11-04,4.68,https://fred.stlouisfed.org/graph/fredgraph.csv?id=IRLTLT01CHM156N,2026-10-09
ch_10y_yield,1984-10-01,1984-12-05,4.74,https://fred.stlouisfed.org/graph/fredgraph.csv?id=IRLTLT01CHM156N,2026-10-09
ch_10y_yield,1984-11-01,1985-01-04,4.622,https://fred.stlouisfed.org/graph/fredgraph.csv?id=IRLTLT01CHM156N,2026-10-09
ch_10y_yield,1984-12-01,1985-02-04,4.603,https://fred.stlouisfed.org/graph/fredgraph.csv?id=IRLTLT01CHM156N,2026-10-09
ch_10y_yield,1985-01-01,1985-03-07,4.706,https://fred.stlouisfed.org/graph/fredgraph.csv?id=IRLTLT01CHM156N,2026-10-09
ch_10y_yield,1985-02-01,1985-04-04,4.93,https://fred.stlouisfed.org/graph/fredgraph.csv?id=IRLTLT01CHM156N,2026-10-09
ch_10y_yield,1985-03-01,1985-05-05,4.866,https://fred.stlouisfed.org/graph/fredgraph.csv?id=IRLTLT01CHM156N,2026-10-09
ch_10y_yield,1985-04-01,1985-06-04,4.761,https://fred.stlouisfed.org/graph/fredgraph.csv?id=IRLTLT01CHM156N,2026-10-09
ch_10y_yield,1985-05-01,1985-07-05,4.737,https://fred.stlouisfed.org/graph/fredgraph.csv?id=IRLTLT01CHM156N,2026-10-09
ch_10y_yield,1985-06-01,1985-08-04,4.776,https://fred.stlouisfed.org/graph/fredgraph.csv?id=IRLTLT01CHM156N,2026-10-09
ch_10y_yield,1985-07-01,1985-09-04,4.779,https://fred.stlouisfed.org/graph/fredgraph.csv?id=IRLTLT01CHM156N,2026-10-09
ch_10y_yield,1985-08-01,1985-10-05,4.686,https://fred.stlouisfed.org/graph/fredgraph.csv?id=IRLTLT01CHM156N,2026-10-09
ch_10y_yield,1985-09-01,1985-11-04,4.65,https://fred.stlouisfed.org/graph/fredgraph.csv?id=IRLTLT01CHM156N,2026-10-09
ch_10y_yield,1985-10-01,1985-12-05,4.575,https://fred.stlouisfed.org/graph/fredgraph.csv?id=IRLTLT01CHM156N,2026-10-09
ch_10y_yield,1985-11-01,1986-01-04,4.514,https://fred.stlouisfed.org/graph/fredgraph.csv?id=IRLTLT01CHM156N,2026-10-09
ch_10y_yield,1985-12-01,1986-02-04,4.421,https://fred.stlouisfed.org/graph/fredgraph.csv?id=IRLTLT01CHM156N,2026-10-09
ch_10y_yield,1986-01-01,1986-03-07,4.414,https://fred.stlouisfed.org/graph/fredgraph.csv?id=IRLTLT01CHM156N,2026-10-09
ch_10y_yield,1986-02-01,1986-04-04,4.258,https://fred.stlouisfed.org/graph/fredgraph.csv?id=IRLTLT01CHM156N,2026-10-09
ch_10y_yield,1986-03-01,1986-05-05,4.173,https://fred.stlouisfed.org/graph/fredgraph.csv?id=IRLTLT01CHM156N,2026-10-09
ch_10y_yield,1986-04-01,1986-06-04,4.261,https://fred.stlouisfed.org/graph/fredgraph.csv?id=IRLTLT01CHM156N,2026-10-09
ch_10y_yield,1986-05-01,1986-07-05,4.396,https://fred.stlouisfed.org/graph/fredgraph.csv?id=IRLTLT01CHM156N,2026-10-09
ch_10y_yield,1986-06-01,1986-08-04,4.426,https://fred.stlouisfed.org/graph/fredgraph.csv?id=IRLTLT01CHM156N,2026-10-09
ch_10y_yield,1986-07-01,1986-09-04,4.317,https://fred.stlouisfed.org/graph/fredgraph.csv?id=IRLTLT01CHM156N,2026-10-09
ch_10y_yield,1986-08-01,1986-10-05,4.117,https://fred.stlouisfed.org/graph/fredgraph.csv?id=IRLTLT01CHM156N,2026-10-09
ch_10y_yield,1986-09-01,1986-11-04,4.18,https://fred.stlouisfed.org/graph/fredgraph.csv?id=IRLTLT01CHM156N,2026-10-09
ch_10y_yield,1986-10-01,1986-12-05,4.078,https://fred.stlouisfed.org/graph/fredgraph.csv?id=IRLTLT01CHM156N,2026-10-09
ch_10y_yield,1986-11-01,1987-01-04,4.088,https://fred.stlouisfed.org/graph/fredgraph.csv?id=IRLTLT01CHM156N,2026-10-09
ch_10y_yield,1986-12-01,1987-02-04,4.051,https://fred.stlouisfed.org/graph/fredgraph.csv?id=IRLTLT01CHM156N,2026-10-09
ch_10y_yield,1987-01-01,1987-03-07,3.93,https://fred.stlouisfed.org/graph/fredgraph.csv?id=IRLTLT01CHM156N,2026-10-09
ch_10y_yield,1987-02-01,1987-04-04,4.006,https://fred.stlouisfed.org/graph/fredgraph.csv?id=IRLTLT01CHM156N,2026-10-09
ch_10y_yield,1987-03-01,1987-05-05,4.037,https://fred.stlouisfed.org/graph/fredgraph.csv?id=IRLTLT01CHM156N,2026-10-09
ch_10y_yield,1987-04-01,1987-06-04,4.035,https://fred.stlouisfed.org/graph/fredgraph.csv?id=IRLTLT01CHM156N,2026-10-09
ch_10y_yield,1987-05-01,1987-07-05,4.069,https://fred.stlouisfed.org/graph/fredgraph.csv?id=IRLTLT01CHM156N,2026-10-09
ch_10y_yield,1987-06-01,1987-08-04,4.015,https://fred.stlouisfed.org/graph/fredgraph.csv?id=IRLTLT01CHM156N,2026-10-09
ch_10y_yield,1987-07-01,1987-09-04,3.981,https://fred.stlouisfed.org/graph/fredgraph.csv?id=IRLTLT01CHM156N,2026-10-09
ch_10y_yield,1987-08-01,1987-10-05,4.059,https://fred.stlouisfed.org/graph/fredgraph.csv?id=IRLTLT01CHM156N,2026-10-09
ch_10y_yield,1987-09-01,1987-11-04,4.328,https://fred.stlouisfed.org/graph/fredgraph.csv?id=IRLTLT01CHM156N,2026-10-09
ch_10y_yield,1987-10-01,1987-12-05,4.121,https://fred.stlouisfed.org/graph/fredgraph.csv?id=IRLTLT01CHM156N,2026-10-09
ch_10y_yield,1987-11-01,1988-01-04,3.86,https://fred.stlouisfed.org/graph/fredgraph.csv?id=IRLTLT01CHM156N,2026-10-09
ch_10y_yield,1987-12-01,1988-02-04,3.952,https://fred.stlouisfed.org/graph/fredgraph.csv?id=IRLTLT01CHM156N,2026-10-09
ch_10y_yield,1988-01-01,1988-03-06,4.092,https://fred.stlouisfed.org/graph/fredgraph.csv?id=IRLTLT01CHM156N,2026-10-09
ch_10y_yield,1988-02-01,1988-04-04,4.098,https://fred.stlouisfed.org/graph/fredgraph.csv?id=IRLTLT01CHM156N,2026-10-09
ch_10y_yield,1988-03-01,1988-05-05,3.998,https://fred.stlouisfed.org/graph/fredgraph.csv?id=IRLTLT01CHM156N,2026-10-09
ch_10y_yield,1988-04-01,1988-06-04,3.965,https://fred.stlouisfed.org/graph/fredgraph.csv?id=IRLTLT01CHM156N,2026-10-09
ch_10y_yield,1988-05-01,1988-07-05,4.127,https://fred.stlouisfed.org/graph/fredgraph.csv?id=IRLTLT01CHM156N,2026-10-09
ch_10y_yield,1988-06-01,1988-08-04,4.155,https://fred.stlouisfed.org/graph/fredgraph.csv?id=IRLTLT01CHM156N,2026-10-09
ch_10y_yield,1988-07-01,1988-09-04,4.222,https://fred.stlouisfed.org/graph/fredgraph.csv?id=IRLTLT01CHM156N,2026-10-09
ch_10y_yield,1988-08-01,1988-10-05,4.292,https://fred.stlouisfed.org/graph/fredgraph.csv?id=IRLTLT01CHM156N,2026-10-09
ch_10y_yield,1988-09-01,1988-11-04,4.257,https://fred.stlouisfed.org/graph/fredgraph.csv?id=IRLTLT01CHM156N,2026-10-09
ch_10y_yield,1988-10-01,1988-12-05,4.014,https://fred.stlouisfed.org/graph/fredgraph.csv?id=IRLTLT01CHM156N,2026-10-09
ch_10y_yield,1988-11-01,1989-01-04,4.042,https://fred.stlouisfed.org/graph/fredgraph.csv?id=IRLTLT01CHM156N,2026-10-09
ch_10y_yield,1988-12-01,1989-02-04,4.107,https://fred.stlouisfed.org/graph/fredgraph.csv?id=IRLTLT01CHM156N,2026-10-09
ch_10y_yield,1989-01-01,1989-03-07,4.517,https://fred.stlouisfed.org/graph/fredgraph.csv?id=IRLTLT01CHM156N,2026-10-09
ch_10y_yield,1989-02-01,1989-04-04,4.719,https://fred.stlouisfed.org/graph/fredgraph.csv?id=IRLTLT01CHM156N,2026-10-09
ch_10y_yield,1989-03-01,1989-05-05,4.798,https://fred.stlouisfed.org/graph/fredgraph.csv?id=IRLTLT01CHM156N,2026-10-09
ch_10y_yield,1989-04-01,1989-06-04,5.054,https://fred.stlouisfed.org/graph/fredgraph.csv?id=IRLTLT01CHM156N,2026-10-09
ch_10y_yield,1989-05-01,1989-07-05,5.242,https://fred.stlouisfed.org/graph/fredgraph.csv?id=IRLTLT01CHM156N,2026-10-09
ch_10y_yield,1989-06-01,1989-08-04,5.105,https://fred.stlouisfed.org/graph/fredgraph.csv?id=IRLTLT01CHM156N,2026-10-09
ch_10y_yield,1989-07-01,1989-09-04,5.173,https://fred.stlouisfed.org/graph/fredgraph.csv?id=IRLTLT01CHM156N,2026-10-09
ch_10y_yield,1989-08-01,1989-10-05,5.195,https://fred.stlouisfed.org/graph/fredgraph.csv?id=IRLTLT01CHM156N,2026-10-09
ch_10y_yield,1989-09-01,1989-11-04,5.311,https://fred.stlouisfed.org/graph/fredgraph.csv?id=IRLTLT01CHM156N,2026-10-09
ch_10y_yield,1989-10-01,1989-12-05,5.31,https://fred.stlouisfed.org/graph/fredgraph.csv?id=IRLTLT01CHM156N,2026-10-09
ch_10y_yield,1989-11-01,1990-01-04,5.437,https://fred.stlouisfed.org/graph/fredgraph.csv?id=IRLTLT01CHM156N,2026-10-09
ch_10y_yield,1989-12-01,1990-02-04,5.618,https://fred.stlouisfed.org/graph/fredgraph.csv?id=IRLTLT01CHM156N,2026-10-09
ch_10y_yield,1990-01-01,1990-03-07,6.04,https://fred.stlouisfed.org/graph/fredgraph.csv?id=IRLTLT01CHM156N,2026-10-09
ch_10y_yield,1990-02-01,1990-04-04,6.292,https://fred.stlouisfed.org/graph/fredgraph.csv?id=IRLTLT01CHM156N,2026-10-09
ch_10y_yield,1990-03-01,1990-05-05,6.475,https://fred.stlouisfed.org/graph/fredgraph.csv?id=IRLTLT01CHM156N,2026-10-09
ch_10y_yield,1990-04-01,1990-06-04,6.629,https://fred.stlouisfed.org/graph/fredgraph.csv?id=IRLTLT01CHM156N,2026-10-09
ch_10y_yield,1990-05-01,1990-07-05,6.3,https://fred.stlouisfed.org/graph/fredgraph.csv?id=IRLTLT01CHM156N,2026-10-09
ch_10y_yield,1990-06-01,1990-08-04,6.147,https://fred.stlouisfed.org/graph/fredgraph.csv?id=IRLTLT01CHM156N,2026-10-09
ch_10y_yield,1990-07-01,1990-09-04,6.078,https://fred.stlouisfed.org/graph/fredgraph.csv?id=IRLTLT01CHM156N,2026-10-09
ch_10y_yield,1990-08-01,1990-10-05,6.484,https://fred.stlouisfed.org/graph/fredgraph.csv?id=IRLTLT01CHM156N,2026-10-09
ch_10y_yield,1990-09-01,1990-11-04,6.509,https://fred.stlouisfed.org/graph/fredgraph.csv?id=IRLTLT01CHM156N,2026-10-09
ch_10y_yield,1990-10-01,1990-12-05,6.491,https://fred.stlouisfed.org/graph/fredgraph.csv?id=IRLTLT01CHM156N,2026-10-09
ch_10y_yield,1990-11-01,1991-01-04,6.563,https://fred.stlouisfed.org/graph/fredgraph.csv?id=IRLTLT01CHM156N,2026-10-09
ch_10y_yield,1990-12-01,1991-02-04,6.601,https://fred.stlouisfed.org/graph/fredgraph.csv?id=IRLTLT01CHM156N,2026-10-09
ch_10y_yield,1991-01-01,1991-03-07,6.415,https://fred.stlouisfed.org/graph/fredgraph.csv?id=IRLTLT01CHM156N,2026-10-09
ch_10y_yield,1991-02-01,1991-04-04,6.221,https://fred.stlouisfed.org/graph/fredgraph.csv?id=IRLTLT01CHM156N,2026-10-09
ch_10y_yield,1991-03-01,1991-05-05,6.155,https://fred.stlouisfed.org/graph/fredgraph.csv?id=IRLTLT01CHM156N,2026-10-09
ch_10y_yield,1991-04-01,1991-06-04,6.016,https://fred.stlouisfed.org/graph/fredgraph.csv?id=IRLTLT01CHM156N,2026-10-09
ch_10y_yield,1991-05-01,1991-07-05,5.813,https://fred.stlouisfed.org/graph/fredgraph.csv?id=IRLTLT01CHM156N,2026-10-09
ch_10y_yield,1991-06-01,1991-08-04,5.971,https://fred.stlouisfed.org/graph/fredgraph.csv?id=IRLTLT01CHM156N,2026-10-09
ch_10y_yield,1991-07-01,1991-09-04,5.996,https://fred.stlouisfed.org/graph/fredgraph.csv?id=IRLTLT01CHM156N,2026-10-09
ch_10y_yield,1991-08-01,1991-10-05,6.107,https://fred.stlouisfed.org/graph/fredgraph.csv?id=IRLTLT01CHM156N,2026-10-09
ch_10y_yield,1991-09-01,1991-11-04,6.198,https://fred.stlouisfed.org/graph/fredgraph.csv?id=IRLTLT01CHM156N,2026-10-09
ch_10y_yield,1991-10-01,1991-12-05,6.698,https://fred.stlouisfed.org/graph/fredgraph.csv?id=IRLTLT01CHM156N,2026-10-09
ch_10y_yield,1991-11-01,1992-01-04,6.637,https://fred.stlouisfed.org/graph/fredgraph.csv?id=IRLTLT01CHM156N,2026-10-09
ch_10y_yield,1991-12-01,1992-02-04,6.37,https://fred.stlouisfed.org/graph/fredgraph.csv?id=IRLTLT01CHM156N,2026-10-09
ch_10y_yield,1992-01-01,1992-03-06,6.175,https://fred.stlouisfed.org/graph/fredgraph.csv?id=IRLTLT01CHM156N,2026-10-09
ch_10y_yield,1992-02-01,1992-04-04,6.132,https://fred.stlouisfed.org/graph/fredgraph.csv?id=IRLTLT01CHM156N,2026-10-09
ch_10y_yield,1992-03-01,1992-05-05,6.676,https://fred.stlouisfed.org/graph/fredgraph.csv?id=IRLTLT01CHM156N,2026-10-09
ch_10y_yield,1992-04-01,1992-06-04,6.545,https://fred.stlouisfed.org/graph/fredgraph.csv?id=IRLTLT01CHM156N,2026-10-09
ch_10y_yield,1992-05-01,1992-07-05,6.861,https://fred.stlouisfed.org/graph/fredgraph.csv?id=IRLTLT01CHM156N,2026-10-09
ch_10y_yield,1992-06-01,1992-08-04,6.924,https://fred.stlouisfed.org/graph/fredgraph.csv?id=IRLTLT01CHM156N,2026-10-09
ch_10y_yield,1992-07-01,1992-09-04,6.867,https://fred.stlouisfed.org/graph/fredgraph.csv?id=IRLTLT01CHM156N,2026-10-09
ch_10y_yield,1992-08-01,1992-10-05,6.854,https://fred.stlouisfed.org/graph/fredgraph.csv?id=IRLTLT01CHM156N,2026-10-09
ch_10y_yield,1992-09-01,1992-11-04,6.292,https://fred.stlouisfed.org/graph/fredgraph.csv?id=IRLTLT01CHM156N,2026-10-09
ch_10y_yield,1992-10-01,1992-12-05,6.092,https://fred.stlouisfed.org/graph/fredgraph.csv?id=IRLTLT01CHM156N,2026-10-09
ch_10y_yield,1992-11-01,1993-01-04,6.063,https://fred.stlouisfed.org/graph/fredgraph.csv?id=IRLTLT01CHM156N,2026-10-09
ch_10y_yield,1992-12-01,1993-02-04,5.68,https://fred.stlouisfed.org/graph/fredgraph.csv?id=IRLTLT01CHM156N,2026-10-09
ch_10y_yield,1993-01-01,1993-03-07,5.539,https://fred.stlouisfed.org/graph/fredgraph.csv?id=IRLTLT01CHM156N,2026-10-09
ch_10y_yield,1993-02-01,1993-04-04,4.907,https://fred.stlouisfed.org/graph/fredgraph.csv?id=IRLTLT01CHM156N,2026-10-09
ch_10y_yield,1993-03-01,1993-05-05,4.688,https://fred.stlouisfed.org/graph/fredgraph.csv?id=IRLTLT01CHM156N,2026-10-09
ch_10y_yield,1993-04-01,1993-06-04,4.845,https://fred.stlouisfed.org/graph/fredgraph.csv?id=IRLTLT01CHM156N,2026-10-09
ch_10y_yield,1993-05-01,1993-07-05,4.846,https://fred.stlouisfed.org/graph/fredgraph.csv?id=IRLTLT01CHM156N,2026-10-09
ch_10y_yield,1993-06-01,1993-08-04,4.566,https://fred.stlouisfed.org/graph/fredgraph.csv?id=IRLTLT01CHM156N,2026-10-09
ch_10y_yield,1993-07-01,1993-09-04,4.546,https://fred.stlouisfed.org/graph/fredgraph.csv?id=IRLTLT01CHM156N,2026-10-09
ch_10y_yield,1993-08-01,1993-10-05,4.479,https://fred.stlouisfed.org/graph/fredgraph.csv?id=IRLTLT01CHM156N,2026-10-09
ch_10y_yield,1993-09-01,1993-11-04,4.455,https://fred.stlouisfed.org/graph/fredgraph.csv?id=IRLTLT01CHM156N,2026-10-09
ch_10y_yield,1993-10-01,1993-12-05,4.208,https://fred.stlouisfed.org/graph/fredgraph.csv?id=IRLTLT01CHM156N,2026-10-09
ch_10y_yield,1993-11-01,1994-01-04,4.247,https://fred.stlouisfed.org/graph/fredgraph.csv?id=IRLTLT01CHM156N,2026-10-09
ch_10y_yield,1993-12-01,1994-02-04,4.136,https://fred.stlouisfed.org/graph/fredgraph.csv?id=IRLTLT01CHM156N,2026-10-09
ch_10y_yield,1994-01-01,1994-03-07,4.206,https://fred.stlouisfed.org/graph/fredgraph.csv?id=IRLTLT01CHM156N,2026-10-09
ch_10y_yield,1994-02-01,1994-04-04,4.465,https://fred.stlouisfed.org/graph/fredgraph.csv?id=IRLTLT01CHM156N,2026-10-09
ch_10y_yield,1994-03-01,1994-05-05,4.634,https://fred.stlouisfed.org/graph/fredgraph.csv?id=IRLTLT01CHM156N,2026-10-09
ch_10y_yield,1994-04-01,1994-06-04,5.062,https://fred.stlouisfed.org/graph/fredgraph.csv?id=IRLTLT01CHM156N,2026-10-09
ch_10y_yield,1994-05-01,1994-07-05,5.046,https://fred.stlouisfed.org/graph/fredgraph.csv?id=IRLTLT01CHM156N,2026-10-09
ch_10y_yield,1994-06-01,1994-08-04,5.334,https://fred.stlouisfed.org/graph/fredgraph.csv?id=IRLTLT01CHM156N,2026-10-09
ch_10y_yield,1994-07-01,1994-09-04,5.273,https://fred.stlouisfed.org/graph/fredgraph.csv?id=IRLTLT01CHM156N,2026-10-09
ch_10y_yield,1994-08-01,1994-10-05,5.492,https://fred.stlouisfed.org/graph/fredgraph.csv?id=IRLTLT01CHM156N,2026-10-09
ch_10y_yield,1994-09-01,1994-11-04,5.636,https://fred.stlouisfed.org/graph/fredgraph.csv?id=IRLTLT01CHM156N,2026-10-09
ch_10y_yield,1994-10-01,1994-12-05,5.594,https://fred.stlouisfed.org/graph/fredgraph.csv?id=IRLTLT01CHM156N,2026-10-09
ch_10y_yield,1994-11-01,1995-01-04,5.368,https://fred.stlouisfed.org/graph/fredgraph.csv?id=IRLTLT01CHM156N,2026-10-09
ch_10y_yield,1994-12-01,1995-02-04,5.304,https://fred.stlouisfed.org/graph/fredgraph.csv?id=IRLTLT01CHM156N,2026-10-09
ch_10y_yield,1995-01-01,1995-03-07,5.322,https://fred.stlouisfed.org/graph/fredgraph.csv?id=IRLTLT01CHM156N,2026-10-09
ch_10y_yield,1995-02-01,1995-04-04,5.325,https://fred.stlouisfed.org/graph/fredgraph.csv?id=IRLTLT01CHM156N,2026-10-09
ch_10y_yield,1995-03-01,1995-05-05,5.179,https://fred.stlouisfed.org/graph/fredgraph.csv?id=IRLTLT01CHM156N,2026-10-09
ch_10y_yield,1995-04-01,1995-06-04,5.033,https://fred.stlouisfed.org/graph/fredgraph.csv?id=IRLTLT01CHM156N,2026-10-09
ch_10y_yield,1995-05-01,1995-07-05,4.873,https://fred.stlouisfed.org/graph/fredgraph.csv?id=IRLTLT01CHM156N,2026-10-09
ch_10y_yield,1995-06-01,1995-08-04,4.936,https://fred.stlouisfed.org/graph/fredgraph.csv?id=IRLTLT01CHM156N,2026-10-09
ch_10y_yield,1995-07-01,1995-09-04,4.859,https://fred.stlouisfed.org/graph/fredgraph.csv?id=IRLTLT01CHM156N,2026-10-09
ch_10y_yield,1995-08-01,1995-10-05,4.73,https://fred.stlouisfed.org/graph/fredgraph.csv?id=IRLTLT01CHM156N,2026-10-09
ch_10y_yield,1995-09-01,1995-11-04,4.555,https://fred.stlouisfed.org/graph/fredgraph.csv?id=IRLTLT01CHM156N,2026-10-09
ch_10y_yield,1995-10-01,1995-12-05,4.38,https://fred.stlouisfed.org/graph/fredgraph.csv?id=IRLTLT01CHM156N,2026-10-09
ch_10y_yield,1995-11-01,1996-01-04,4.057,https://fred.stlouisfed.org/graph/fredgraph.csv?id=IRLTLT01CHM156N,2026-10-09
ch_10y_yield,1995-12-01,1996-02-04,4.09,https://fred.stlouisfed.org/graph/fredgraph.csv?id=IRLTLT01CHM156N,2026-10-09
ch_10y_yield,1996-01-01,1996-03-06,4.437,https://fred.stlouisfed.org/graph/fredgraph.csv?id=IRLTLT01CHM156N,2026-10-09
ch_10y_yield,1996-02-01,1996-04-04,4.358,https://fred.stlouisfed.org/graph/fredgraph.csv?id=IRLTLT01CHM156N,2026-10-09
ch_10y_yield,1996-03-01,1996-05-05,4.406,https://fred.stlouisfed.org/graph/fredgraph.csv?id=IRLTLT01CHM156N,2026-10-09
ch_10y_yield,1996-04-01,1996-06-04,4.329,https://fred.stlouisfed.org/graph/fredgraph.csv?id=IRLTLT01CHM156N,2026-10-09
ch_10y_yield,1996-05-01,1996-07-05,4.682,https://fred.stlouisfed.org/graph/fredgraph.csv?id=IRLTLT01CHM156N,2026-10-09
ch_10y_yield,1996-06-01,1996-08-04,4.627,https://fred.stlouisfed.org/graph/fredgraph.csv?id=IRLTLT01CHM156N,2026-10-09
ch_10y_yield,1996-07-01,1996-09-04,4.561,https://fred.stlouisfed.org/graph/fredgraph.csv?id=IRLTLT01CHM156N,2026-10-09
ch_10y_yield,1996-08-01,1996-10-05,4.467,https://fred.stlouisfed.org/graph/fredgraph.csv?id=IRLTLT01CHM156N,2026-10-09
ch_10y_yield,1996-09-01,1996-11-04,4.256,https://fred.stlouisfed.org/graph/fredgraph.csv?id=IRLTLT01CHM156N,2026-10-09
ch_10y_yield,1996-10-01,1996-12-05,4.166,https://fred.stlouisfed.org/graph/fredgraph.csv?id=IRLTLT01CHM156N,2026-10-09
ch_10y_yield,1996-11-01,1997-01-04,4.191,https://fred.stlouisfed.org/graph/fredgraph.csv?id=IRLTLT01CHM156N,2026-10-09
ch_10y_yield,1996-12-01,1997-02-04,4.125,https://fred.stlouisfed.org/graph/fredgraph.csv?id=IRLTLT01CHM156N,2026-10-09
ch_10y_yield,1997-01-01,1997-03-07,3.959,https://fred.stlouisfed.org/graph/fredgraph.csv?id=IRLTLT01CHM156N,2026-10-09
ch_10y_yield,1997-02-01,1997-04-04,3.517,https://fred.stlouisfed.org/graph/fredgraph.csv?id=IRLTLT01CHM156N,2026-10-09
ch_10y_yield,1997-03-01,1997-05-05,3.853,https://fred.stlouisfed.org/graph/fredgraph.csv?id=IRLTLT01CHM156N,2026-10-09
ch_10y_yield,1997-04-01,1997-06-04,3.769,https://fred.stlouisfed.org/graph/fredgraph.csv?id=IRLTLT01CHM156N,2026-10-09
ch_10y_yield,1997-05-01,1997-07-05,3.586,https://fred.stlouisfed.org/graph/fredgraph.csv?id=IRLTLT01CHM156N,2026-10-09
ch_10y_yield,1997-06-01,1997-08-04,3.522,https://fred.stlouisfed.org/graph/fredgraph.csv?id=IRLTLT01CHM156N,2026-10-09
ch_10y_yield,1997-07-01,1997-09-04,3.585,https://fred.stlouisfed.org/graph/fredgraph.csv?id=IRLTLT01CHM156N,2026-10-09
ch_10y_yield,1997-08-01,1997-10-05,3.692,https://fred.stlouisfed.org/graph/fredgraph.csv?id=IRLTLT01CHM156N,2026-10-09
ch_10y_yield,1997-09-01,1997-11-04,3.704,https://fred.stlouisfed.org/graph/fredgraph.csv?id=IRLTLT01CHM156N,2026-10-09
ch_10y_yield,1997-10-01,1997-12-05,3.719,https://fred.stlouisfed.org/graph/fredgraph.csv?id=IRLTLT01CHM156N,2026-10-09
ch_10y_yield,1997-11-01,1998-01-04,3.692,https://fred.stlouisfed.org/graph/fredgraph.csv?id=IRLTLT01CHM156N,2026-10-09
ch_10y_yield,1997-12-01,1998-02-04,3.445,https://fred.stlouisfed.org/graph/fredgraph.csv?id=IRLTLT01CHM156N,2026-10-09
ch_10y_yield,1998-01-01,1998-03-07,3.084,https://fred.stlouisfed.org/graph/fredgraph.csv?id=IRLTLT01CHM156N,2026-10-09
ch_10y_yield,1998-02-01,1998-04-04,2.964,https://fred.stlouisfed.org/graph/fredgraph.csv?id=IRLTLT01CHM156N,2026-10-09
ch_10y_yield,1998-03-01,1998-05-05,3.109,https://fred.stlouisfed.org/graph/fredgraph.csv?id=IRLTLT01CHM156N,2026-10-09
ch_10y_yield,1998-04-01,1998-06-04,3.344,https://fred.stlouisfed.org/graph/fredgraph.csv?id=IRLTLT01CHM156N,2026-10-09
ch_10y_yield,1998-05-01,1998-07-05,3.179,https://fred.stlouisfed.org/graph/fredgraph.csv?id=IRLTLT01CHM156N,2026-10-09
ch_10y_yield,1998-06-01,1998-08-04,3.308,https://fred.stlouisfed.org/graph/fredgraph.csv?id=IRLTLT01CHM156N,2026-10-09
ch_10y_yield,1998-07-01,1998-09-04,3.19,https://fred.stlouisfed.org/graph/fredgraph.csv?id=IRLTLT01CHM156N,2026-10-09
ch_10y_yield,1998-08-01,1998-10-05,2.988,https://fred.stlouisfed.org/graph/fredgraph.csv?id=IRLTLT01CHM156N,2026-10-09
ch_10y_yield,1998-09-01,1998-11-04,3.086,https://fred.stlouisfed.org/graph/fredgraph.csv?id=IRLTLT01CHM156N,2026-10-09
ch_10y_yield,1998-10-01,1998-12-05,2.914,https://fred.stlouisfed.org/graph/fredgraph.csv?id=IRLTLT01CHM156N,2026-10-09
ch_10y_yield,1998-11-01,1999-01-04,2.659,https://fred.stlouisfed.org/graph/fredgraph.csv?id=IRLTLT01CHM156N,2026-10-09
ch_10y_yield,1998-12-01,1999-02-04,2.71,https://fred.stlouisfed.org/graph/fredgraph.csv?id=IRLTLT01CHM156N,2026-10-09
ch_10y_yield,1999-01-01,1999-03-07,2.555,https://fred.stlouisfed.org/graph/fredgraph.csv?id=IRLTLT01CHM156N,2026-10-09
ch_10y_yield,1999-02-01,1999-04-04,2.55,https://fred.stlouisfed.org/graph/fredgraph.csv?id=IRLTLT01CHM156N,2026-10-09
ch_10y_yield,1999-03-01,1999-05-05,2.604,https://fred.stlouisfed.org/graph/fredgraph.csv?id=IRLTLT01CHM156N,2026-10-09
ch_10y_yield,1999-04-01,1999-06-04,2.534,https://fred.stlouisfed.org/graph/fredgraph.csv?id=IRLTLT01CHM156N,2026-10-09
ch_10y_yield,1999-05-01,1999-07-05,2.72,https://fred.stlouisfed.org/graph/fredgraph.csv?id=IRLTLT01CHM156N,2026-10-09
ch_10y_yield,1999-06-01,1999-08-04,2.937,https://fred.stlouisfed.org/graph/fredgraph.csv?id=IRLTLT01CHM156N,2026-10-09
ch_10y_yield,1999-07-01,1999-09-04,3.044,https://fred.stlouisfed.org/graph/fredgraph.csv?id=IRLTLT01CHM156N,2026-10-09
ch_10y_yield,1999-08-01,1999-10-05,3.169,https://fred.stlouisfed.org/graph/fredgraph.csv?id=IRLTLT01CHM156N,2026-10-09
ch_10y_yield,1999-09-01,1999-11-04,3.427,https://fred.stlouisfed.org/graph/fredgraph.csv?id=IRLTLT01CHM156N,2026-10-09
ch_10y_yield,1999-10-01,1999-12-05,3.625,https://fred.stlouisfed.org/graph/fredgraph.csv?id=IRLTLT01CHM156N,2026-10-09
ch_10y_yield,1999-11-01,2000-01-04,3.69,https://fred.stlouisfed.org/graph/fredgraph.csv?id=IRLTLT01CHM156N,2026-10-09
ch_10y_yield,1999-12-01,2000-02-04,3.617,https://fred.stlouisfed.org/graph/fredgraph.csv?id=IRLTLT01CHM156N,2026-10-09
ch_10y_yield,2000-01-01,2000-03-06,3.784,https://fred.stlouisfed.org/graph/fredgraph.csv?id=IRLTLT01CHM156N,2026-10-09
ch_10y_yield,2000-02-01,2000-04-04,3.868,https://fred.stlouisfed.org/graph/fredgraph.csv?id=IRLTLT01CHM156N,2026-10-09
ch_10y_yield,2000-03-01,2000-05-05,4.155,https://fred.stlouisfed.org/graph/fredgraph.csv?id=IRLTLT01CHM156N,2026-10-09
ch_10y_yield,2000-04-01,2000-06-04,4.076,https://fred.stlouisfed.org/graph/fredgraph.csv?id=IRLTLT01CHM156N,2026-10-09
ch_10y_yield,2000-05-01,2000-07-05,4.19,https://fred.stlouisfed.org/graph/fredgraph.csv?id=IRLTLT01CHM156N,2026-10-09
ch_10y_yield,2000-06-01,2000-08-04,4.008,https://fred.stlouisfed.org/graph/fredgraph.csv?id=IRLTLT01CHM156N,2026-10-09
ch_10y_yield,2000-07-01,2000-09-04,3.976,https://fred.stlouisfed.org/graph/fredgraph.csv?id=IRLTLT01CHM156N,2026-10-09
ch_10y_yield,2000-08-01,2000-10-05,3.84,https://fred.stlouisfed.org/graph/fredgraph.csv?id=IRLTLT01CHM156N,2026-10-09
ch_10y_yield,2000-09-01,2000-11-04,3.954,https://fred.stlouisfed.org/graph/fredgraph.csv?id=IRLTLT01CHM156N,2026-10-09
ch_10y_yield,2000-10-01,2000-12-05,3.927,https://fred.stlouisfed.org/graph/fredgraph.csv?id=IRLTLT01CHM156N,2026-10-09
ch_10y_yield,2000-11-01,2001-01-04,3.771,https://fred.stlouisfed.org/graph/fredgraph.csv?id=IRLTLT01CHM156N,2026-10-09
ch_10y_yield,2000-12-01,2001-02-04,3.552,https://fred.stlouisfed.org/graph/fredgraph.csv?id=IRLTLT01CHM156N,2026-10-09
ch_10y_yield,2001-01-01,2001-03-07,3.497,https://fred.stlouisfed.org/graph/fredgraph.csv?id=IRLTLT01CHM156N,2026-10-09
ch_10y_yield,2001-02-01,2001-04-04,3.492,https://fred.stlouisfed.org/graph/fredgraph.csv?id=IRLTLT01CHM156N,2026-10-09
ch_10y_yield,2001-03-01,2001-05-05,3.327,https://fred.stlouisfed.org/graph/fredgraph.csv?id=IRLTLT01CHM156N,2026-10-09
ch_10y_yield,2001-04-01,2001-06-04,3.529,https://fred.stlouisfed.org/graph/fredgraph.csv?id=IRLTLT01CHM156N,2026-10-09
ch_10y_yield,2001-05-01,2001-07-05,3.556,https://fred.stlouisfed.org/graph/fredgraph.csv?id=IRLTLT01CHM156N,2026-10-09
ch_10y_yield,2001-06-01,2001-08-04,3.383,https://fred.stlouisfed.org/graph/fredgraph.csv?id=IRLTLT01CHM156N,2026-10-09
ch_10y_yield,2001-07-01,2001-09-04,3.357,https://fred.stlouisfed.org/graph/fredgraph.csv?id=IRLTLT01CHM156N,2026-10-09
ch_10y_yield,2001-08-01,2001-10-05,3.317,https://fred.stlouisfed.org/graph/fredgraph.csv?id=IRLTLT01CHM156N,2026-10-09
ch_10y_yield,2001-09-01,2001-11-04,3.302,https://fred.stlouisfed.org/graph/fredgraph.csv?id=IRLTLT01CHM156N,2026-10-09
ch_10y_yield,2001-10-01,2001-12-05,3.005,https://fred.stlouisfed.org/graph/fredgraph.csv?id=IRLTLT01CHM156N,2026-10-09
ch_10y_yield,2001-11-01,2002-01-04,3.261,https://fred.stlouisfed.org/graph/fredgraph.csv?id=IRLTLT01CHM156N,2026-10-09
ch_10y_yield,2001-12-01,2002-02-04,3.555,https://fred.stlouisfed.org/graph/fredgraph.csv?id=IRLTLT01CHM156N,2026-10-09
ch_10y_yield,2002-01-01,2002-03-07,3.59,https://fred.stlouisfed.org/graph/fredgraph.csv?id=IRLTLT01CHM156N,2026-10-09
ch_10y_yield,2002-02-01,2002-04-04,3.61,https://fred.stlouisfed.org/graph/fredgraph.csv?id=IRLTLT01CHM156N,2026-10-09
ch_10y_yield,2002-03-01,2002-05-05,3.636,https://fred.stlouisfed.org/graph/fredgraph.csv?id=IRLTLT01CHM156N,2026-10-09
ch_10y_yield,2002-04-01,2002-06-04,3.528,https://fred.stlouisfed.org/graph/fredgraph.csv?id=IRLTLT01CHM156N,2026-10-09
ch_10y_yield,2002-05-01,2002-07-05,3.465,https://fred.stlouisfed.org/graph/fredgraph.csv?id=IRLTLT01CHM156N,2026-10-09
ch_10y_yield,2002-06-01,2002-08-04,3.299,https://fred.stlouisfed.org/graph/fredgraph.csv?id=IRLTLT01CHM156N,2026-10-09
ch_10y_yield,2002-07-01,2002-09-04,3.248,https://fred.stlouisfed.org/graph/fredgraph.csv?id=IRLTLT01CHM156N,2026-10-09
ch_10y_yield,2002-08-01,2002-10-05,3.192,https://fred.stlouisfed.org/graph/fredgraph.csv?id=IRLTLT01CHM156N,2026-10-09
ch_10y_yield,2002-09-01,2002-11-04,2.761,https://fred.stlouisfed.org/graph/fredgraph.csv?id=IRLTLT01CHM156N,2026-10-09
ch_10y_yield,2002-10-01,2002-12-05,2.863,https://fred.stlouisfed.org/graph/fredgraph.csv?id=IRLTLT01CHM156N,2026-10-09
ch_10y_yield,2002-11-01,2003-01-04,2.799,https://fred.stlouisfed.org/graph/fredgraph.csv?id=IRLTLT01CHM156N,2026-10-09
ch_10y_yield,2002-12-01,2003-02-04,2.396,https://fred.stlouisfed.org/graph/fredgraph.csv?id=IRLTLT01CHM156N,2026-10-09
ch_10y_yield,2003-01-01,2003-03-07,2.396,https://fred.stlouisfed.org/graph/fredgraph.csv?id=IRLTLT01CHM156N,2026-10-09
ch_10y_yield,2003-02-01,2003-04-04,2.375,https://fred.stlouisfed.org/graph/fredgraph.csv?id=IRLTLT01CHM156N,2026-10-09
ch_10y_yield,2003-03-01,2003-05-05,2.537,https://fred.stlouisfed.org/graph/fredgraph.csv?id=IRLTLT01CHM156N,2026-10-09
ch_10y_yield,2003-04-01,2003-06-04,2.659,https://fred.stlouisfed.org/graph/fredgraph.csv?id=IRLTLT01CHM156N,2026-10-09
ch_10y_yield,2003-05-01,2003-07-05,2.358,https://fred.stlouisfed.org/graph/fredgraph.csv?id=IRLTLT01CHM156N,2026-10-09
ch_10y_yield,2003-06-01,2003-08-04,2.607,https://fred.stlouisfed.org/graph/fredgraph.csv?id=IRLTLT01CHM156N,2026-10-09
ch_10y_yield,2003-07-01,2003-09-04,2.666,https://fred.stlouisfed.org/graph/fredgraph.csv?id=IRLTLT01CHM156N,2026-10-09
ch_10y_yield,2003-08-01,2003-10-05,2.875,https://fred.stlouisfed.org/graph/fredgraph.csv?id=IRLTLT01CHM156N,2026-10-09
ch_10y_yield,2003-09-01,2003-11-04,2.777,https://fred.stlouisfed.org/graph/fredgraph.csv?id=IRLTLT01CHM156N,2026-10-09
ch_10y_yield,2003-10-01,2003-12-05,2.882,https://fred.stlouisfed.org/graph/fredgraph.csv?id=IRLTLT01CHM156N,2026-10-09
ch_10y_yield,2003-11-01,2004-01-04,2.993,https://fred.stlouisfed.org/graph/fredgraph.csv?id=IRLTLT01CHM156N,2026-10-09
ch_10y_yield,2003-12-01,2004-02-04,2.78,https://fred.stlouisfed.org/graph/fredgraph.csv?id=IRLTLT01CHM156N,2026-10-09
ch_10y_yield,2004-01-01,2004-03-06,2.852,https://fred.stlouisfed.org/graph/fredgraph.csv?id=IRLTLT01CHM156N,2026-10-09
ch_10y_yield,2004-02-01,2004-04-04,2.681,https://fred.stlouisfed.org/graph/fredgraph.csv?id=IRLTLT01CHM156N,2026-10-09
ch_10y_yield,2004-03-01,2004-05-05,2.632,https://fred.stlouisfed.org/graph/fredgraph.csv?id=IRLTLT01CHM156N,2026-10-09
ch_10y_yield,2004-04-01,2004-06-04,2.809,https://fred.stlouisfed.org/graph/fredgraph.csv?id=IRLTLT01CHM156N,2026-10-09
ch_10y_yield,2004-05-01,2004-07-05,2.888,https://fred.stlouisfed.org/graph/fredgraph.csv?id=IRLTLT01CHM156N,2026-10-09
ch_10y_yield,2004-06-01,2004-08-04,3.04,https://fred.stlouisfed.org/graph/fredgraph.csv?id=IRLTLT01CHM156N,2026-10-09
ch_10y_yield,2004-07-01,2004-09-04,2.957,https://fred.stlouisfed.org/graph/fredgraph.csv?id=IRLTLT01CHM156N,2026-10-09
ch_10y_yield,2004-08-01,2004-10-05,2.825,https://fred.stlouisfed.org/graph/fredgraph.csv?id=IRLTLT01CHM156N,2026-10-09
ch_10y_yield,2004-09-01,2004-11-04,2.75,https://fred.stlouisfed.org/graph/fredgraph.csv?id=IRLTLT01CHM156N,2026-10-09
ch_10y_yield,2004-10-01,2004-12-05,2.623,https://fred.stlouisfed.org/graph/fredgraph.csv?id=IRLTLT01CHM156N,2026-10-09
ch_10y_yield,2004-11-01,2005-01-04,2.443,https://fred.stlouisfed.org/graph/fredgraph.csv?id=IRLTLT01CHM156N,2026-10-09
ch_10y_yield,2004-12-01,2005-02-04,2.382,https://fred.stlouisfed.org/graph/fredgraph.csv?id=IRLTLT01CHM156N,2026-10-09
ch_10y_yield,2005-01-01,2005-03-07,2.249,https://fred.stlouisfed.org/graph/fredgraph.csv?id=IRLTLT01CHM156N,2026-10-09
ch_10y_yield,2005-02-01,2005-04-04,2.381,https://fred.stlouisfed.org/graph/fredgraph.csv?id=IRLTLT01CHM156N,2026-10-09
ch_10y_yield,2005-03-01,2005-05-05,2.355,https://fred.stlouisfed.org/graph/fredgraph.csv?id=IRLTLT01CHM156N,2026-10-09
ch_10y_yield,2005-04-01,2005-06-04,2.074,https://fred.stlouisfed.org/graph/fredgraph.csv?id=IRLTLT01CHM156N,2026-10-09
ch_10y_yield,2005-05-01,2005-07-05,2.014,https://fred.stlouisfed.org/graph/fredgraph.csv?id=IRLTLT01CHM156N,2026-10-09
ch_10y_yield,2005-06-01,2005-08-04,1.999,https://fred.stlouisfed.org/graph/fredgraph.csv?id=IRLTLT01CHM156N,2026-10-09
ch_10y_yield,2005-07-01,2005-09-04,1.955,https://fred.stlouisfed.org/graph/fredgraph.csv?id=IRLTLT01CHM156N,2026-10-09
ch_10y_yield,2005-08-01,2005-10-05,1.928,https://fred.stlouisfed.org/graph/fredgraph.csv?id=IRLTLT01CHM156N,2026-10-09
ch_10y_yield,2005-09-01,2005-11-04,1.95,https://fred.stlouisfed.org/graph/fredgraph.csv?id=IRLTLT01CHM156N,2026-10-09
ch_10y_yield,2005-10-01,2005-12-05,2.097,https://fred.stlouisfed.org/graph/fredgraph.csv?id=IRLTLT01CHM156N,2026-10-09
ch_10y_yield,2005-11-01,2006-01-04,2.184,https://fred.stlouisfed.org/graph/fredgraph.csv?id=IRLTLT01CHM156N,2026-10-09
ch_10y_yield,2005-12-01,2006-02-04,1.96,https://fred.stlouisfed.org/graph/fredgraph.csv?id=IRLTLT01CHM156N,2026-10-09
ch_10y_yield,2006-01-01,2006-03-07,2.153,https://fred.stlouisfed.org/graph/fredgraph.csv?id=IRLTLT01CHM156N,2026-10-09
ch_10y_yield,2006-02-01,2006-04-04,2.252,https://fred.stlouisfed.org/graph/fredgraph.csv?id=IRLTLT01CHM156N,2026-10-09
ch_10y_yield,2006-03-01,2006-05-05,2.517,https://fred.stlouisfed.org/graph/fredgraph.csv?id=IRLTLT01CHM156N,2026-10-09
ch_10y_yield,2006-04-01,2006-06-04,2.752,https://fred.stlouisfed.org/graph/fredgraph.csv?id=IRLTLT01CHM156N,2026-10-09
ch_10y_yield,2006-05-01,2006-07-05,2.7,https://fred.stlouisfed.org/graph/fredgraph.csv?id=IRLTLT01CHM156N,2026-10-09
ch_10y_yield,2006-06-01,2006-08-04,2.848,https://fred.stlouisfed.org/graph/fredgraph.csv?id=IRLTLT01CHM156N,2026-10-09
ch_10y_yield,2006-07-01,2006-09-04,2.742,https://fred.stlouisfed.org/graph/fredgraph.csv?id=IRLTLT01CHM156N,2026-10-09
ch_10y_yield,2006-08-01,2006-10-05,2.547,https://fred.stlouisfed.org/graph/fredgraph.csv?id=IRLTLT01CHM156N,2026-10-09
ch_10y_yield,2006-09-01,2006-11-04,2.369,https://fred.stlouisfed.org/graph/fredgraph.csv?id=IRLTLT01CHM156N,2026-10-09
ch_10y_yield,2006-10-01,2006-12-05,2.495,https://fred.stlouisfed.org/graph/fredgraph.csv?id=IRLTLT01CHM156N,2026-10-09
ch_10y_yield,2006-11-01,2007-01-04,2.341,https://fred.stlouisfed.org/graph/fredgraph.csv?id=IRLTLT01CHM156N,2026-10-09
ch_10y_yield,2006-12-01,2007-02-04,2.489,https://fred.stlouisfed.org/graph/fredgraph.csv?id=IRLTLT01CHM156N,2026-10-09
ch_10y_yield,2007-01-01,2007-03-07,2.619,https://fred.stlouisfed.org/graph/fredgraph.csv?id=IRLTLT01CHM156N,2026-10-09
ch_10y_yield,2007-02-01,2007-04-04,2.556,https://fred.stlouisfed.org/graph/fredgraph.csv?id=IRLTLT01CHM156N,2026-10-09
ch_10y_yield,2007-03-01,2007-05-05,2.702,https://fred.stlouisfed.org/graph/fredgraph.csv?id=IRLTLT01CHM156N,2026-10-09
ch_10y_yield,2007-04-01,2007-06-04,2.801,https://fred.stlouisfed.org/graph/fredgraph.csv?id=IRLTLT01CHM156N,2026-10-09
ch_10y_yield,2007-05-01,2007-07-05,3.032,https://fred.stlouisfed.org/graph/fredgraph.csv?id=IRLTLT01CHM156N,2026-10-09
ch_10y_yield,2007-06-01,2007-08-04,3.194,https://fred.stlouisfed.org/graph/fredgraph.csv?id=IRLTLT01CHM156N,2026-10-09
ch_10y_yield,2007-07-01,2007-09-04,3.108,https://fred.stlouisfed.org/graph/fredgraph.csv?id=IRLTLT01CHM156N,2026-10-09
ch_10y_yield,2007-08-01,2007-10-05,3.049,https://fred.stlouisfed.org/graph/fredgraph.csv?id=IRLTLT01CHM156N,2026-10-09
ch_10y_yield,2007-09-01,2007-11-04,3.056,https://fred.stlouisfed.org/graph/fredgraph.csv?id=IRLTLT01CHM156N,2026-10-09
ch_10y_yield,2007-10-01,2007-12-05,2.987,https://fred.stlouisfed.org/graph/fredgraph.csv?id=IRLTLT01CHM156N,2026-10-09
ch_10y_yield,2007-11-01,2008-01-04,2.906,https://fred.stlouisfed.org/graph/fredgraph.csv?id=IRLTLT01CHM156N,2026-10-09
ch_10y_yield,2007-12-01,2008-02-04,3.111,https://fred.stlouisfed.org/graph/fredgraph.csv?id=IRLTLT01CHM156N,2026-10-09
ch_10y_yield,2008-01-01,2008-03-06,2.939,https://fred.stlouisfed.org/graph/fredgraph.csv?id=IRLTLT01CHM156N,2026-10-09
ch_10y_yield,2008-02-01,2008-04-04,3.059,https://fred.stlouisfed.org/graph/fredgraph.csv?id=IRLTLT01CHM156N,2026-10-09
ch_10y_yield,2008-03-01,2008-05-05,3.033,https://fred.stlouisfed.org/graph/fredgraph.csv?id=IRLTLT01CHM156N,2026-10-09
ch_10y_yield,2008-04-01,2008-06-04,3.242,https://fred.stlouisfed.org/graph/fredgraph.csv?id=IRLTLT01CHM156N,2026-10-09
ch_10y_yield,2008-05-01,2008-07-05,3.284,https://fred.stlouisfed.org/graph/fredgraph.csv?id=IRLTLT01CHM156N,2026-10-09
ch_10y_yield,2008-06-01,2008-08-04,3.29,https://fred.stlouisfed.org/graph/fredgraph.csv?id=IRLTLT01CHM156N,2026-10-09
ch_10y_yield,2008-07-01,2008-09-04,3.166,https://fred.stlouisfed.org/graph/fredgraph.csv?id=IRLTLT01CHM156N,2026-10-09
ch_10y_yield,2008-08-01,2008-10-05,2.942,https://fred.stlouisfed.org/graph/fredgraph.csv?id=IRLTLT01CHM156N,2026-10-09
ch_10y_yield,2008-09-01,2008-11-04,2.669,https://fred.stlouisfed.org/graph/fredgraph.csv?id=IRLTLT01CHM156N,2026-10-09
ch_10y_yield,2008-10-01,2008-12-05,2.764,https://fred.stlouisfed.org/graph/fredgraph.csv?id=IRLTLT01CHM156N,2026-10-09
ch_10y_yield,2008-11-01,2009-01-04,2.226,https://fred.stlouisfed.org/graph/fredgraph.csv?id=IRLTLT01CHM156N,2026-10-09
ch_10y_yield,2008-12-01,2009-02-04,2.148,https://fred.stlouisfed.org/graph/fredgraph.csv?id=IRLTLT01CHM156N,2026-10-09
ch_10y_yield,2009-01-01,2009-03-07,2.221,https://fred.stlouisfed.org/graph/fredgraph.csv?id=IRLTLT01CHM156N,2026-10-09
ch_10y_yield,2009-02-01,2009-04-04,2.174,https://fred.stlouisfed.org/graph/fredgraph.csv?id=IRLTLT01CHM156N,2026-10-09
ch_10y_yield,2009-03-01,2009-05-05,2.175,https://fred.stlouisfed.org/graph/fredgraph.csv?id=IRLTLT01CHM156N,2026-10-09
ch_10y_yield,2009-04-01,2009-06-04,2.196,https://fred.stlouisfed.org/graph/fredgraph.csv?id=IRLTLT01CHM156N,2026-10-09
ch_10y_yield,2009-05-01,2009-07-05,2.536,https://fred.stlouisfed.org/graph/fredgraph.csv?id=IRLTLT01CHM156N,2026-10-09
ch_10y_yield,2009-06-01,2009-08-04,2.478,https://fred.stlouisfed.org/graph/fredgraph.csv?id=IRLTLT01CHM156N,2026-10-09
ch_10y_yield,2009-07-01,2009-09-04,2.192,https://fred.stlouisfed.org/graph/fredgraph.csv?id=IRLTLT01CHM156N,2026-10-09
ch_10y_yield,2009-08-01,2009-10-05,2.124,https://fred.stlouisfed.org/graph/fredgraph.csv?id=IRLTLT01CHM156N,2026-10-09
ch_10y_yield,2009-09-01,2009-11-04,2.155,https://fred.stlouisfed.org/graph/fredgraph.csv?id=IRLTLT01CHM156N,2026-10-09
ch_10y_yield,2009-10-01,2009-12-05,2.207,https://fred.stlouisfed.org/graph/fredgraph.csv?id=IRLTLT01CHM156N,2026-10-09
ch_10y_yield,2009-11-01,2010-01-04,2.002,https://fred.stlouisfed.org/graph/fredgraph.csv?id=IRLTLT01CHM156N,2026-10-09
ch_10y_yield,2009-12-01,2010-02-04,1.972,https://fred.stlouisfed.org/graph/fredgraph.csv?id=IRLTLT01CHM156N,2026-10-09
ch_10y_yield,2010-01-01,2010-03-07,2.01,https://fred.stlouisfed.org/graph/fredgraph.csv?id=IRLTLT01CHM156N,2026-10-09
ch_10y_yield,2010-02-01,2010-04-04,1.931,https://fred.stlouisfed.org/graph/fredgraph.csv?id=IRLTLT01CHM156N,2026-10-09
ch_10y_yield,2010-03-01,2010-05-05,1.941,https://fred.stlouisfed.org/graph/fredgraph.csv?id=IRLTLT01CHM156N,2026-10-09
ch_10y_yield,2010-04-01,2010-06-04,1.865,https://fred.stlouisfed.org/graph/fredgraph.csv?id=IRLTLT01CHM156N,2026-10-09
ch_10y_yield,2010-05-01,2010-07-05,1.573,https://fred.stlouisfed.org/graph/fredgraph.csv?id=IRLTLT01CHM156N,2026-10-09
ch_10y_yield,2010-06-01,2010-08-04,1.509,https://fred.stlouisfed.org/graph/fredgraph.csv?id=IRLTLT01CHM156N,2026-10-09
ch_10y_yield,2010-07-01,2010-09-04,1.5,https://fred.stlouisfed.org/graph/fredgraph.csv?id=IRLTLT01CHM156N,2026-10-09
ch_10y_yield,2010-08-01,2010-10-05,1.192,https://fred.stlouisfed.org/graph/fredgraph.csv?id=IRLTLT01CHM156N,2026-10-09
ch_10y_yield,2010-09-01,2010-11-04,1.372,https://fred.stlouisfed.org/graph/fredgraph.csv?id=IRLTLT01CHM156N,2026-10-09
ch_10y_yield,2010-10-01,2010-12-05,1.458,https://fred.stlouisfed.org/graph/fredgraph.csv?id=IRLTLT01CHM156N,2026-10-09
ch_10y_yield,2010-11-01,2011-01-04,1.558,https://fred.stlouisfed.org/graph/fredgraph.csv?id=IRLTLT01CHM156N,2026-10-09
ch_10y_yield,2010-12-01,2011-02-04,1.674,https://fred.stlouisfed.org/graph/fredgraph.csv?id=IRLTLT01CHM156N,2026-10-09
ch_10y_yield,2011-01-01,2011-03-07,1.818,https://fred.stlouisfed.org/graph/fredgraph.csv?id=IRLTLT01CHM156N,2026-10-09
ch_10y_yield,2011-02-01,2011-04-04,1.897,https://fred.stlouisfed.org/graph/fredgraph.csv?id=IRLTLT01CHM156N,2026-10-09
ch_10y_yield,2011-03-01,2011-05-05,1.931,https://fred.stlouisfed.org/graph/fredgraph.csv?id=IRLTLT01CHM156N,2026-10-09
ch_10y_yield,2011-04-01,2011-06-04,2.083,https://fred.stlouisfed.org/graph/fredgraph.csv?id=IRLTLT01CHM156N,2026-10-09
ch_10y_yield,2011-05-01,2011-07-05,1.849,https://fred.stlouisfed.org/graph/fredgraph.csv?id=IRLTLT01CHM156N,2026-10-09
ch_10y_yield,2011-06-01,2011-08-04,1.739,https://fred.stlouisfed.org/graph/fredgraph.csv?id=IRLTLT01CHM156N,2026-10-09
ch_10y_yield,2011-07-01,2011-09-04,1.436,https://fred.stlouisfed.org/graph/fredgraph.csv?id=IRLTLT01CHM156N,2026-10-09
ch_10y_yield,2011-08-01,2011-10-05,1.133,https://fred.stlouisfed.org/graph/fredgraph.csv?id=IRLTLT01CHM156N,2026-10-09
ch_10y_yield,2011-09-01,2011-11-04,1.003,https://fred.stlouisfed.org/graph/fredgraph.csv?id=IRLTLT01CHM156N,2026-10-09
ch_10y_yield,2011-10-01,2011-12-05,1.082,https://fred.stlouisfed.org/graph/fredgraph.csv?id=IRLTLT01CHM156N,2026-10-09
ch_10y_yield,2011-11-01,2012-01-04,0.945,https://fred.stlouisfed.org/graph/fredgraph.csv?id=IRLTLT01CHM156N,2026-10-09
ch_10y_yield,2011-12-01,2012-02-04,0.74,https://fred.stlouisfed.org/graph/fredgraph.csv?id=IRLTLT01CHM156N,2026-10-09
ch_10y_yield,2012-01-01,2012-03-06,0.735,https://fred.stlouisfed.org/graph/fredgraph.csv?id=IRLTLT01CHM156N,2026-10-09
ch_10y_yield,2012-02-01,2012-04-04,0.72,https://fred.stlouisfed.org/graph/fredgraph.csv?id=IRLTLT01CHM156N,2026-10-09
ch_10y_yield,2012-03-01,2012-05-05,0.854,https://fred.stlouisfed.org/graph/fredgraph.csv?id=IRLTLT01CHM156N,2026-10-09
ch_10y_yield,2012-04-01,2012-06-04,0.735,https://fred.stlouisfed.org/graph/fredgraph.csv?id=IRLTLT01CHM156N,2026-10-09
ch_10y_yield,2012-05-01,2012-07-05,0.61,https://fred.stlouisfed.org/graph/fredgraph.csv?id=IRLTLT01CHM156N,2026-10-09
ch_10y_yield,2012-06-01,2012-08-04,0.678,https://fred.stlouisfed.org/graph/fredgraph.csv?id=IRLTLT01CHM156N,2026-10-09
ch_10y_yield,2012-07-01,2012-09-04,0.561,https://fred.stlouisfed.org/graph/fredgraph.csv?id=IRLTLT01CHM156N,2026-10-09
ch_10y_yield,2012-08-01,2012-10-05,0.569,https://fred.stlouisfed.org/graph/fredgraph.csv?id=IRLTLT01CHM156N,2026-10-09
ch_10y_yield,2012-09-01,2012-11-04,0.599,https://fred.stlouisfed.org/graph/fredgraph.csv?id=IRLTLT01CHM156N,2026-10-09
ch_10y_yield,2012-10-01,2012-12-05,0.597,https://fred.stlouisfed.org/graph/fredgraph.csv?id=IRLTLT01CHM156N,2026-10-09
ch_10y_yield,2012-11-01,2013-01-04,0.53,https://fred.stlouisfed.org/graph/fredgraph.csv?id=IRLTLT01CHM156N,2026-10-09
ch_10y_yield,2012-12-01,2013-02-04,0.557,https://fred.stlouisfed.org/graph/fredgraph.csv?id=IRLTLT01CHM156N,2026-10-09
ch_10y_yield,2013-01-01,2013-03-07,0.789,https://fred.stlouisfed.org/graph/fredgraph.csv?id=IRLTLT01CHM156N,2026-10-09
ch_10y_yield,2013-02-01,2013-04-04,0.721,https://fred.stlouisfed.org/graph/fredgraph.csv?id=IRLTLT01CHM156N,2026-10-09
ch_10y_yield,2013-03-01,2013-05-05,0.747,https://fred.stlouisfed.org/graph/fredgraph.csv?id=IRLTLT01CHM156N,2026-10-09
ch_10y_yield,2013-04-01,2013-06-04,0.612,https://fred.stlouisfed.org/graph/fredgraph.csv?id=IRLTLT01CHM156N,2026-10-09
ch_10y_yield,2013-05-01,2013-07-05,0.76,https://fred.stlouisfed.org/graph/fredgraph.csv?id=IRLTLT01CHM156N,2026-10-09
ch_10y_yield,2013-06-01,2013-08-04,1.06,https://fred.stlouisfed.org/graph/fredgraph.csv?id=IRLTLT01CHM156N,2026-10-09
ch_10y_yield,2013-07-01,2013-09-04,1.097,https://fred.stlouisfed.org/graph/fredgraph.csv?id=IRLTLT01CHM156N,2026-10-09
ch_10y_yield,2013-08-01,2013-10-05,1.142,https://fred.stlouisfed.org/graph/fredgraph.csv?id=IRLTLT01CHM156N,2026-10-09
ch_10y_yield,2013-09-01,2013-11-04,1.11,https://fred.stlouisfed.org/graph/fredgraph.csv?id=IRLTLT01CHM156N,2026-10-09
ch_10y_yield,2013-10-01,2013-12-05,1.07,https://fred.stlouisfed.org/graph/fredgraph.csv?id=IRLTLT01CHM156N,2026-10-09
ch_10y_yield,2013-11-01,2014-01-04,1.031,https://fred.stlouisfed.org/graph/fredgraph.csv?id=IRLTLT01CHM156N,2026-10-09
ch_10y_yield,2013-12-01,2014-02-04,1.253,https://fred.stlouisfed.org/graph/fredgraph.csv?id=IRLTLT01CHM156N,2026-10-09
ch_10y_yield,2014-01-01,2014-03-07,0.983,https://fred.stlouisfed.org/graph/fredgraph.csv?id=IRLTLT01CHM156N,2026-10-09
ch_10y_yield,2014-02-01,2014-04-04,0.951,https://fred.stlouisfed.org/graph/fredgraph.csv?id=IRLTLT01CHM156N,2026-10-09
ch_10y_yield,2014-03-01,2014-05-05,0.955,https://fred.stlouisfed.org/graph/fredgraph.csv?id=IRLTLT01CHM156N,2026-10-09
ch_10y_yield,2014-04-01,2014-06-04,0.86,https://fred.stlouisfed.org/graph/fredgraph.csv?id=IRLTLT01CHM156N,2026-10-09
ch_10y_yield,2014-05-01,2014-07-05,0.77,https://fred.stlouisfed.org/graph/fredgraph.csv?id=IRLTLT01CHM156N,2026-10-09
ch_10y_yield,2014-06-01,2014-08-04,0.714,https://fred.stlouisfed.org/graph/fredgraph.csv?id=IRLTLT01CHM156N,2026-10-09
ch_10y_yield,2014-07-01,2014-09-04,0.616,https://fred.stlouisfed.org/graph/fredgraph.csv?id=IRLTLT01CHM156N,2026-10-09
ch_10y_yield,2014-08-01,2014-10-05,0.529,https://fred.stlouisfed.org/graph/fredgraph.csv?id=IRLTLT01CHM156N,2026-10-09
ch_10y_yield,2014-09-01,2014-11-04,0.589,https://fred.stlouisfed.org/graph/fredgraph.csv?id=IRLTLT01CHM156N,2026-10-09
ch_10y_yield,2014-10-01,2014-12-05,0.558,https://fred.stlouisfed.org/graph/fredgraph.csv?id=IRLTLT01CHM156N,2026-10-09
ch_10y_yield,2014-11-01,2015-01-04,0.413,https://fred.stlouisfed.org/graph/fredgraph.csv?id=IRLTLT01CHM156N,2026-10-09
ch_10y_yield,2014-12-01,2015-02-04,0.375,https://fred.stlouisfed.org/graph/fredgraph.csv?id=IRLTLT01CHM156N,2026-10-09
ch_10y_yield,2015-01-01,2015-03-07,-0.067,https://fred.stlouisfed.org/graph/fredgraph.csv?id=IRLTLT01CHM156N,2026-10-09
ch_10y_yield,2015-02-01,2015-04-04,0.015,https://fred.stlouisfed.org/graph/fredgraph.csv?id=IRLTLT01CHM156N,2026-10-09
ch_10y_yield,2015-03-01,2015-05-05,-0.001,https://fred.stlouisfed.org/graph/fredgraph.csv?id=IRLTLT01CHM156N,2026-10-09
ch_10y_yield,2015-04-01,2015-06-04,0.04,https://fred.stlouisfed.org/graph/fredgraph.csv?id=IRLTLT01CHM156N,2026-10-09
ch_10y_yield,2015-05-01,2015-07-05,-0.031,https://fred.stlouisfed.org/graph/fredgraph.csv?id=IRLTLT01CHM156N,2026-10-09
ch_10y_yield,2015-06-01,2015-08-04,0.101,https://fred.stlouisfed.org/graph/fredgraph.csv?id=IRLTLT01CHM156N,2026-10-09
ch_10y_yield,2015-07-01,2015-09-04,-0.035,https://fred.stlouisfed.org/graph/fredgraph.csv?id=IRLTLT01CHM156N,2026-10-09
ch_10y_yield,2015-08-01,2015-10-05,-0.124,https://fred.stlouisfed.org/graph/fredgraph.csv?id=IRLTLT01CHM156N,2026-10-09
ch_10y_yield,2015-09-01,2015-11-04,-0.1,https://fred.stlouisfed.org/graph/fredgraph.csv?id=IRLTLT01CHM156N,2026-10-09
ch_10y_yield,2015-10-01,2015-12-05,-0.272,https://fred.stlouisfed.org/graph/fredgraph.csv?id=IRLTLT01CHM156N,2026-10-09
ch_10y_yield,2015-11-01,2016-01-04,-0.311,https://fred.stlouisfed.org/graph/fredgraph.csv?id=IRLTLT01CHM156N,2026-10-09
ch_10y_yield,2015-12-01,2016-02-04,-0.039,https://fred.stlouisfed.org/graph/fredgraph.csv?id=IRLTLT01CHM156N,2026-10-09
ch_10y_yield,2016-01-01,2016-03-06,-0.299,https://fred.stlouisfed.org/graph/fredgraph.csv?id=IRLTLT01CHM156N,2026-10-09
ch_10y_yield,2016-02-01,2016-04-04,-0.453,https://fred.stlouisfed.org/graph/fredgraph.csv?id=IRLTLT01CHM156N,2026-10-09
ch_10y_yield,2016-03-01,2016-05-05,-0.387,https://fred.stlouisfed.org/graph/fredgraph.csv?id=IRLTLT01CHM156N,2026-10-09
ch_10y_yield,2016-04-01,2016-06-04,-0.245,https://fred.stlouisfed.org/graph/fredgraph.csv?id=IRLTLT01CHM156N,2026-10-09
ch_10y_yield,2016-05-01,2016-07-05,-0.298,https://fred.stlouisfed.org/graph/fredgraph.csv?id=IRLTLT01CHM156N,2026-10-09
ch_10y_yield,2016-06-01,2016-08-04,-0.508,https://fred.stlouisfed.org/graph/fredgraph.csv?id=IRLTLT01CHM156N,2026-10-09
ch_10y_yield,2016-07-01,2016-09-04,-0.543,https://fred.stlouisfed.org/graph/fredgraph.csv?id=IRLTLT01CHM156N,2026-10-09
ch_10y_yield,2016-08-01,2016-10-05,-0.462,https://fred.stlouisfed.org/graph/fredgraph.csv?id=IRLTLT01CHM156N,2026-10-09
ch_10y_yield,2016-09-01,2016-11-04,-0.522,https://fred.stlouisfed.org/graph/fredgraph.csv?id=IRLTLT01CHM156N,2026-10-09
ch_10y_yield,2016-10-01,2016-12-05,-0.362,https://fred.stlouisfed.org/graph/fredgraph.csv?id=IRLTLT01CHM156N,2026-10-09
ch_10y_yield,2016-11-01,2017-01-04,-0.13,https://fred.stlouisfed.org/graph/fredgraph.csv?id=IRLTLT01CHM156N,2026-10-09
ch_10y_yield,2016-12-01,2017-02-04,-0.135,https://fred.stlouisfed.org/graph/fredgraph.csv?id=IRLTLT01CHM156N,2026-10-09
ch_10y_yield,2017-01-01,2017-03-07,-0.072,https://fred.stlouisfed.org/graph/fredgraph.csv?id=IRLTLT01CHM156N,2026-10-09
ch_10y_yield,2017-02-01,2017-04-04,-0.213,https://fred.stlouisfed.org/graph/fredgraph.csv?id=IRLTLT01CHM156N,2026-10-09
ch_10y_yield,2017-03-01,2017-05-05,-0.1,https://fred.stlouisfed.org/graph/fredgraph.csv?id=IRLTLT01CHM156N,2026-10-09
ch_10y_yield,2017-04-01,2017-06-04,-0.096,https://fred.stlouisfed.org/graph/fredgraph.csv?id=IRLTLT01CHM156N,2026-10-09
ch_10y_yield,2017-05-01,2017-07-05,-0.145,https://fred.stlouisfed.org/graph/fredgraph.csv?id=IRLTLT01CHM156N,2026-10-09
ch_10y_yield,2017-06-01,2017-08-04,-0.025,https://fred.stlouisfed.org/graph/fredgraph.csv?id=IRLTLT01CHM156N,2026-10-09
ch_10y_yield,2017-07-01,2017-09-04,0.06,https://fred.stlouisfed.org/graph/fredgraph.csv?id=IRLTLT01CHM156N,2026-10-09
ch_10y_yield,2017-08-01,2017-10-05,-0.114,https://fred.stlouisfed.org/graph/fredgraph.csv?id=IRLTLT01CHM156N,2026-10-09
ch_10y_yield,2017-09-01,2017-11-04,0.017,https://fred.stlouisfed.org/graph/fredgraph.csv?id=IRLTLT01CHM156N,2026-10-09
ch_10y_yield,2017-10-01,2017-12-05,-0.029,https://fred.stlouisfed.org/graph/fredgraph.csv?id=IRLTLT01CHM156N,2026-10-09
ch_10y_yield,2017-11-01,2018-01-04,-0.053,https://fred.stlouisfed.org/graph/fredgraph.csv?id=IRLTLT01CHM156N,2026-10-09
ch_10y_yield,2017-12-01,2018-02-04,-0.095,https://fred.stlouisfed.org/graph/fredgraph.csv?id=IRLTLT01CHM156N,2026-10-09
ch_10y_yield,2018-01-01,2018-03-07,0.103,https://fred.stlouisfed.org/graph/fredgraph.csv?id=IRLTLT01CHM156N,2026-10-09
ch_10y_yield,2018-02-01,2018-04-04,0.116,https://fred.stlouisfed.org/graph/fredgraph.csv?id=IRLTLT01CHM156N,2026-10-09
ch_10y_yield,2018-03-01,2018-05-05,0.054,https://fred.stlouisfed.org/graph/fredgraph.csv?id=IRLTLT01CHM156N,2026-10-09
ch_10y_yield,2018-04-01,2018-06-04,0.12,https://fred.stlouisfed.org/graph/fredgraph.csv?id=IRLTLT01CHM156N,2026-10-09
ch_10y_yield,2018-05-01,2018-07-05,-0.008,https://fred.stlouisfed.org/graph/fredgraph.csv?id=IRLTLT01CHM156N,2026-10-09
ch_10y_yield,2018-06-01,2018-08-04,-0.012,https://fred.stlouisfed.org/graph/fredgraph.csv?id=IRLTLT01CHM156N,2026-10-09
ch_10y_yield,2018-07-01,2018-09-04,0.042,https://fred.stlouisfed.org/graph/fredgraph.csv?id=IRLTLT01CHM156N,2026-10-09
ch_10y_yield,2018-08-01,2018-10-05,-0.032,https://fred.stlouisfed.org/graph/fredgraph.csv?id=IRLTLT01CHM156N,2026-10-09
ch_10y_yield,2018-09-01,2018-11-04,0.113,https://fred.stlouisfed.org/graph/fredgraph.csv?id=IRLTLT01CHM156N,2026-10-09
ch_10y_yield,2018-10-01,2018-12-05,0.071,https://fred.stlouisfed.org/graph/fredgraph.csv?id=IRLTLT01CHM156N,2026-10-09
ch_10y_yield,2018-11-01,2019-01-04,-0.015,https://fred.stlouisfed.org/graph/fredgraph.csv?id=IRLTLT01CHM156N,2026-10-09
ch_10y_yield,2018-12-01,2019-02-04,-0.154,https://fred.stlouisfed.org/graph/fredgraph.csv?id=IRLTLT01CHM156N,2026-10-09
ch_10y_yield,2019-01-01,2019-03-07,-0.21,https://fred.stlouisfed.org/graph/fredgraph.csv?id=IRLTLT01CHM156N,2026-10-09
ch_10y_yield,2019-02-01,2019-04-04,-0.236,https://fred.stlouisfed.org/graph/fredgraph.csv?id=IRLTLT01CHM156N,2026-10-09
ch_10y_yield,2019-03-01,2019-05-05,-0.352,https://fred.stlouisfed.org/graph/fredgraph.csv?id=IRLTLT01CHM156N,2026-10-09
ch_10y_yield,2019-04-01,2019-06-04,-0.267,https://fred.stlouisfed.org/graph/fredgraph.csv?id=IRLTLT01CHM156N,2026-10-09
ch_10y_yield,2019-05-01,2019-07-05,-0.445,https://fred.stlouisfed.org/graph/fredgraph.csv?id=IRLTLT01CHM156N,2026-10-09
ch_10y_yield,2019-06-01,2019-08-04,-0.482,https://fred.stlouisfed.org/graph/fredgraph.csv?id=IRLTLT01CHM156N,2026-10-09
ch_10y_yield,2019-07-01,2019-09-04,-0.654,https://fred.stlouisfed.org/graph/fredgraph.csv?id=IRLTLT01CHM156N,2026-10-09
ch_10y_yield,2019-08-01,2019-10-05,-0.975,https://fred.stlouisfed.org/graph/fredgraph.csv?id=IRLTLT01CHM156N,2026-10-09
ch_10y_yield,2019-09-01,2019-11-04,-0.7,https://fred.stlouisfed.org/graph/fredgraph.csv?id=IRLTLT01CHM156N,2026-10-09
ch_10y_yield,2019-10-01,2019-12-05,-0.511,https://fred.stlouisfed.org/graph/fredgraph.csv?id=IRLTLT01CHM156N,2026-10-09
ch_10y_yield,2019-11-01,2020-01-04,-0.58,https://fred.stlouisfed.org/graph/fredgraph.csv?id=IRLTLT01CHM156N,2026-10-09
ch_10y_yield,2019-12-01,2020-02-04,-0.456,https://fred.stlouisfed.org/graph/fredgraph.csv?id=IRLTLT01CHM156N,2026-10-09
ch_10y_yield,2020-01-01,2020-03-06,-0.698,https://fred.stlouisfed.org/graph/fredgraph.csv?id=IRLTLT01CHM156N,2026-10-09
ch_10y_yield,2020-02-01,2020-04-04,-0.832,https://fred.stlouisfed.org/graph/fredgraph.csv?id=IRLTLT01CHM156N,2026-10-09
ch_10y_yield,2020-03-01,2020-05-05,-0.368,https://fred.stlouisfed.org/graph/fredgraph.csv?id=IRLTLT01CHM156N,2026-10-09
ch_10y_yield,2020-04-01,2020-06-04,-0.487,https://fred.stlouisfed.org/graph/fredgraph.csv?id=IRLTLT01CHM156N,2026-10-09
ch_10y_yield,2020-05-01,2020-07-05,-0.471,https://fred.stlouisfed.org/graph/fredgraph.csv?id=IRLTLT01CHM156N,2026-10-09
ch_10y_yield,2020-06-01,2020-08-04,-0.439,https://fred.stlouisfed.org/graph/fredgraph.csv?id=IRLTLT01CHM156N,2026-10-09
ch_10y_yield,2020-07-01,2020-09-04,-0.529,https://fred.stlouisfed.org/graph/fredgraph.csv?id=IRLTLT01CHM156N,2026-10-09
ch_10y_yield,2020-08-01,2020-10-05,-0.41,https://fred.stlouisfed.org/graph/fredgraph.csv?id=IRLTLT01CHM156N,2026-10-09
ch_10y_yield,2020-09-01,2020-11-04,-0.5,https://fred.stlouisfed.org/graph/fredgraph.csv?id=IRLTLT01CHM156N,2026-10-09
ch_10y_yield,2020-10-01,2020-12-05,-0.518,https://fred.stlouisfed.org/graph/fredgraph.csv?id=IRLTLT01CHM156N,2026-10-09
ch_10y_yield,2020-11-01,2021-01-04,-0.509,https://fred.stlouisfed.org/graph/fredgraph.csv?id=IRLTLT01CHM156N,2026-10-09
ch_10y_yield,2020-12-01,2021-02-04,-0.525,https://fred.stlouisfed.org/graph/fredgraph.csv?id=IRLTLT01CHM156N,2026-10-09
ch_10y_yield,2021-01-01,2021-03-07,-0.454,https://fred.stlouisfed.org/graph/fredgraph.csv?id=IRLTLT01CHM156N,2026-10-09
ch_10y_yield,2021-02-01,2021-04-04,-0.229,https://fred.stlouisfed.org/graph/fredgraph.csv?id=IRLTLT01CHM156N,2026-10-09
ch_10y_yield,2021-03-01,2021-05-05,-0.267,https://fred.stlouisfed.org/graph/fredgraph.csv?id=IRLTLT01CHM156N,2026-10-09
ch_10y_yield,2021-04-01,2021-06-04,-0.21,https://fred.stlouisfed.org/graph/fredgraph.csv?id=IRLTLT01CHM156N,2026-10-09
ch_10y_yield,2021-05-01,2021-07-05,-0.134,https://fred.stlouisfed.org/graph/fredgraph.csv?id=IRLTLT01CHM156N,2026-10-09
ch_10y_yield,2021-06-01,2021-08-04,-0.2,https://fred.stlouisfed.org/graph/fredgraph.csv?id=IRLTLT01CHM156N,2026-10-09
ch_10y_yield,2021-07-01,2021-09-04,-0.373,https://fred.stlouisfed.org/graph/fredgraph.csv?id=IRLTLT01CHM156N,2026-10-09
ch_10y_yield,2021-08-01,2021-10-05,-0.347,https://fred.stlouisfed.org/graph/fredgraph.csv?id=IRLTLT01CHM156N,2026-10-09
ch_10y_yield,2021-09-01,2021-11-04,-0.166,https://fred.stlouisfed.org/graph/fredgraph.csv?id=IRLTLT01CHM156N,2026-10-09
ch_10y_yield,2021-10-01,2021-12-05,-0.046,https://fred.stlouisfed.org/graph/fredgraph.csv?id=IRLTLT01CHM156N,2026-10-09
ch_10y_yield,2021-11-01,2022-01-04,-0.234,https://fred.stlouisfed.org/graph/fredgraph.csv?id=IRLTLT01CHM156N,2026-10-09
ch_10y_yield,2021-12-01,2022-02-04,-0.127,https://fred.stlouisfed.org/graph/fredgraph.csv?id=IRLTLT01CHM156N,2026-10-09
ch_10y_yield,2022-01-01,2022-03-07,0.045,https://fred.stlouisfed.org/graph/fredgraph.csv?id=IRLTLT01CHM156N,2026-10-09
ch_10y_yield,2022-02-01,2022-04-04,0.263,https://fred.stlouisfed.org/graph/fredgraph.csv?id=IRLTLT01CHM156N,2026-10-09
ch_10y_yield,2022-03-01,2022-05-05,0.677,https://fred.stlouisfed.org/graph/fredgraph.csv?id=IRLTLT01CHM156N,2026-10-09
ch_10y_yield,2022-04-01,2022-06-04,0.824,https://fred.stlouisfed.org/graph/fredgraph.csv?id=IRLTLT01CHM156N,2026-10-09
ch_10y_yield,2022-05-01,2022-07-05,0.779,https://fred.stlouisfed.org/graph/fredgraph.csv?id=IRLTLT01CHM156N,2026-10-09
ch_10y_yield,2022-06-01,2022-08-04,1.149,https://fred.stlouisfed.org/graph/fredgraph.csv?id=IRLTLT01CHM156N,2026-10-09
ch_10y_yield,2022-07-01,2022-09-04,0.52,https://fred.stlouisfed.org/graph/fredgraph.csv?id=IRLTLT01CHM156N,2026-10-09
ch_10y_yield,2022-08-01,2022-10-05,0.786,https://fred.stlouisfed.org/graph/fredgraph.csv?id=IRLTLT01CHM156N,2026-10-09
ch_10y_yield,2022-09-01,2022-11-04,1.163,https://fred.stlouisfed.org/graph/fredgraph.csv?id=IRLTLT01CHM156N,2026-10-09
ch_10y_yield,2022-10-01,2022-12-05,1.12,https://fred.stlouisfed.org/graph/fredgraph.csv?id=IRLTLT01CHM156N,2026-10-09
ch_10y_yield,2022-11-01,2023-01-04,1.055,https://fred.stlouisfed.org/graph/fredgraph.csv?id=IRLTLT01CHM156N,2026-10-09
ch_10y_yield,2022-12-01,2023-02-04,1.565,https://fred.stlouisfed.org/graph/fredgraph.csv?id=IRLTLT01CHM156N,2026-10-09
ch_10y_yield,2023-01-01,2023-03-07,1.257,https://fred.stlouisfed.org/graph/fredgraph.csv?id=IRLTLT01CHM156N,2026-10-09
ch_10y_yield,2023-02-01,2023-04-04,1.446,https://fred.stlouisfed.org/graph/fredgraph.csv?id=IRLTLT01CHM156N,2026-10-09
ch_10y_yield,2023-03-01,2023-05-05,1.227,https://fred.stlouisfed.org/graph/fredgraph.csv?id=IRLTLT01CHM156N,2026-10-09
ch_10y_yield,2023-04-01,2023-06-04,1.08,https://fred.stlouisfed.org/graph/fredgraph.csv?id=IRLTLT01CHM156N,2026-10-09
ch_10y_yield,2023-05-01,2023-07-05,0.848,https://fred.stlouisfed.org/graph/fredgraph.csv?id=IRLTLT01CHM156N,2026-10-09
ch_10y_yield,2023-06-01,2023-08-04,0.966,https://fred.stlouisfed.org/graph/fredgraph.csv?id=IRLTLT01CHM156N,2026-10-09
ch_10y_yield,2023-07-01,2023-09-04,0.979,https://fred.stlouisfed.org/graph/fredgraph.csv?id=IRLTLT01CHM156N,2026-10-09
ch_10y_yield,2023-08-01,2023-10-05,0.952,https://fred.stlouisfed.org/graph/fredgraph.csv?id=IRLTLT01CHM156N,2026-10-09
ch_10y_yield,2023-09-01,2023-11-04,1.087,https://fred.stlouisfed.org/graph/fredgraph.csv?id=IRLTLT01CHM156N,2026-10-09
ch_10y_yield,2023-10-01,2023-12-05,1.046,https://fred.stlouisfed.org/graph/fredgraph.csv?id=IRLTLT01CHM156N,2026-10-09
ch_10y_yield,2023-11-01,2024-01-04,0.822,https://fred.stlouisfed.org/graph/fredgraph.csv?id=IRLTLT01CHM156N,2026-10-09
ch_10y_yield,2023-12-01,2024-02-04,0.656,https://fred.stlouisfed.org/graph/fredgraph.csv?id=IRLTLT01CHM156N,2026-10-09
ch_10y_yield,2024-01-01,2024-03-06,0.83,https://fred.stlouisfed.org/graph/fredgraph.csv?id=IRLTLT01CHM156N,2026-10-09
ch_10y_yield,2024-02-01,2024-04-04,0.828,https://fred.stlouisfed.org/graph/fredgraph.csv?id=IRLTLT01CHM156N,2026-10-09
ch_10y_yield,2024-03-01,2024-05-05,0.639,https://fred.stlouisfed.org/graph/fredgraph.csv?id=IRLTLT01CHM156N,2026-10-09
ch_10y_yield,2024-04-01,2024-06-04,0.693,https://fred.stlouisfed.org/graph/fredgraph.csv?id=IRLTLT01CHM156N,2026-10-09
ch_10y_yield,2024-05-01,2024-07-05,0.915,https://fred.stlouisfed.org/graph/fredgraph.csv?id=IRLTLT01CHM156N,2026-10-09
ch_10y_yield,2024-06-01,2024-08-04,0.559,https://fred.stlouisfed.org/graph/fredgraph.csv?id=IRLTLT01CHM156N,2026-10-09
ch_10y_yield,2024-07-01,2024-09-04,0.45,https://fred.stlouisfed.org/graph/fredgraph.csv?id=IRLTLT01CHM156N,2026-10-09
ch_10y_yield,2024-08-01,2024-10-05,0.451,https://fred.stlouisfed.org/graph/fredgraph.csv?id=IRLTLT01CHM156N,2026-10-09
ch_10y_yield,2024-09-01,2024-11-04,0.41,https://fred.stlouisfed.org/graph/fredgraph.csv?id=IRLTLT01CHM156N,2026-10-09
ch_10y_yield,2024-10-01,2024-12-05,0.451,https://fred.stlouisfed.org/graph/fredgraph.csv?id=IRLTLT01CHM156N,2026-10-09
ch_10y_yield,2024-11-01,2025-01-04,0.289,https://fred.stlouisfed.org/graph/fredgraph.csv?id=IRLTLT01CHM156N,2026-10-09
ch_10y_yield,2024-12-01,2025-02-04,0.317,https://fred.stlouisfed.org/graph/fredgraph.csv?id=IRLTLT01CHM156N,2026-10-09
ch_10y_yield,2025-01-01,2025-03-07,0.383,https://fred.stlouisfed.org/graph/fredgraph.csv?id=IRLTLT01CHM156N,2026-10-09
ch_10y_yield,2025-02-01,2025-04-04,0.396,https://fred.stlouisfed.org/graph/fredgraph.csv?id=IRLTLT01CHM156N,2026-10-09
ch_10y_yield,2025-03-01,2025-05-05,0.514,https://fred.stlouisfed.org/graph/fredgraph.csv?id=IRLTLT01CHM156N,2026-10-09
ch_10y_yield,2025-04-01,2025-06-04,0.326,https://fred.stlouisfed.org/graph/fredgraph.csv?id=IRLTLT01CHM156N,2026-10-09
ch_10y_yield,2025-05-01,2025-07-05,0.259,https://fred.stlouisfed.org/graph/fredgraph.csv?id=IRLTLT01CHM156N,2026-10-09
ch_10y_yield,2025-06-01,2025-08-04,0.41,https://fred.stlouisfed.org/graph/fredgraph.csv?id=IRLTLT01CHM156N,2026-10-09
ch_10y_yield,2025-07-01,2025-09-04,0.378,https://fred.stlouisfed.org/graph/fredgraph.csv?id=IRLTLT01CHM156N,2026-10-09
ch_10y_yield,2025-08-01,2025-10-05,0.32,https://fred.stlouisfed.org/graph/fredgraph.csv?id=IRLTLT01CHM156N,2026-10-09
ch_10y_yield,2025-09-01,2025-11-04,0.2,https://fred.stlouisfed.org/graph/fredgraph.csv?id=IRLTLT01CHM156N,2026-10-09
ch_10y_yield,2025-10-01,2025-12-05,0.18,https://fred.stlouisfed.org/graph/fredgraph.csv?id=IRLTLT01CHM156N,2026-10-09
ch_10y_yield,2025-11-01,2026-01-04,0.19,https://fred.stlouisfed.org/graph/fredgraph.csv?id=IRLTLT01CHM156N,2026-10-09
ch_10y_yield,2025-12-01,2026-02-04,0.33,https://fred.stlouisfed.org/graph/fredgraph.csv?id=IRLTLT01CHM156N,2026-10-09
ch_10y_yield,2026-01-01,2026-03-07,0.27,https://fred.stlouisfed.org/graph/fredgraph.csv?id=IRLTLT01CHM156N,2026-10-09
ch_10y_yield,2026-02-01,2026-04-04,0.25,https://fred.stlouisfed.org/graph/fredgraph.csv?id=IRLTLT01CHM156N,2026-10-09
ch_10y_yield,2026-03-01,2026-05-05,0.4,https://fred.stlouisfed.org/graph/fredgraph.csv?id=IRLTLT01CHM156N,2026-10-09
ch_10y_yield,2026-04-01,2026-06-04,0.45,https://fred.stlouisfed.org/graph/fredgraph.csv?id=IRLTLT01CHM156N,2026-10-09
ch_10y_yield,2026-05-01,2026-07-05,0.44,https://fred.stlouisfed.org/graph/fredgraph.csv?id=IRLTLT01CHM156N,2026-10-09
ch_10y_yield,2026-06-01,2026-08-04,0.31,https://fred.stlouisfed.org/graph/fredgraph.csv?id=IRLTLT01CHM156N,2026-10-09
ch_10y_yield,2026-07-01,2026-09-04,0.48,https://fred.stlouisfed.org/graph/fredgraph.csv?id=IRLTLT01CHM156N,2026-10-09
ch_10y_yield,2026-08-01,2026-10-05,0.47,https://fred.stlouisfed.org/graph/fredgraph.csv?id=IRLTLT01CHM156N,2026-10-09
