series_id,ref_date,available_date,value,source,fetched_at
ch_cpi_yoy,1956-01-01,1956-03-11,0.1143946999999999,https://fred.stlouisfed.org/graph/fredgraph.csv?id=CPALTT01CHM659N,2026-10-09
ch_cpi_yoy,1956-02-01,1956-04-09,0.6964108,https://fred.stlouisfed.org/graph/fredgraph.csv?id=CPALTT01CHM659N,2026-10-09
ch_cpi_yoy,1956-03-01,1956-05-10,1.107152,https://fred.stlouisfed.org/graph/fredgraph.csv?id=CPALTT01CHM659N,2026-10-09
ch_cpi_yoy,1956-04-01,1956-06-09,0.8729277,https://fred.stlouisfed.org/graph/fredgraph.csv?id=CPALTT01CHM659N,2026-10-09
ch_cpi_yoy,1956-05-01,1956-07-10,1.5681040000000002,https://fred.stlouisfed.org/graph/fredgraph.csv?id=CPALTT01CHM659N,2026-10-09
ch_cpi_yoy,1956-06-01,1956-08-09,1.7970240000000002,https://fred.stlouisfed.org/graph/fredgraph.csv?id=CPALTT01CHM659N,2026-10-09
ch_cpi_yoy,1956-07-01,1956-09-09,1.857007,https://fred.stlouisfed.org/graph/fredgraph.csv?id=CPALTT01CHM659N,2026-10-09
ch_cpi_yoy,1956-08-01,1956-10-10,1.966826,https://fred.stlouisfed.org/graph/fredgraph.csv?id=CPALTT01CHM659N,2026-10-09
ch_cpi_yoy,1956-09-01,1956-11-09,1.967263,https://fred.stlouisfed.org/graph/fredgraph.csv?id=CPALTT01CHM659N,2026-10-09
ch_cpi_yoy,1956-10-01,1956-12-10,1.903173,https://fred.stlouisfed.org/graph/fredgraph.csv?id=CPALTT01CHM659N,2026-10-09
ch_cpi_yoy,1956-11-01,1957-01-09,2.075207,https://fred.stlouisfed.org/graph/fredgraph.csv?id=CPALTT01CHM659N,2026-10-09
ch_cpi_yoy,1956-12-01,1957-02-09,2.188814,https://fred.stlouisfed.org/graph/fredgraph.csv?id=CPALTT01CHM659N,2026-10-09
ch_cpi_yoy,1957-01-01,1957-03-12,2.609027,https://fred.stlouisfed.org/graph/fredgraph.csv?id=CPALTT01CHM659N,2026-10-09
ch_cpi_yoy,1957-02-01,1957-04-09,2.196383,https://fred.stlouisfed.org/graph/fredgraph.csv?id=CPALTT01CHM659N,2026-10-09
ch_cpi_yoy,1957-03-01,1957-05-10,1.614125,https://fred.stlouisfed.org/graph/fredgraph.csv?id=CPALTT01CHM659N,2026-10-09
ch_cpi_yoy,1957-04-01,1957-06-09,2.13307,https://fred.stlouisfed.org/graph/fredgraph.csv?id=CPALTT01CHM659N,2026-10-09
ch_cpi_yoy,1957-05-01,1957-07-10,1.7129330000000005,https://fred.stlouisfed.org/graph/fredgraph.csv?id=CPALTT01CHM659N,2026-10-09
ch_cpi_yoy,1957-06-01,1957-08-09,1.540422,https://fred.stlouisfed.org/graph/fredgraph.csv?id=CPALTT01CHM659N,2026-10-09
ch_cpi_yoy,1957-07-01,1957-09-09,1.650943,https://fred.stlouisfed.org/graph/fredgraph.csv?id=CPALTT01CHM659N,2026-10-09
ch_cpi_yoy,1957-08-01,1957-10-10,1.872925,https://fred.stlouisfed.org/graph/fredgraph.csv?id=CPALTT01CHM659N,2026-10-09
ch_cpi_yoy,1957-09-01,1957-11-09,1.925584,https://fred.stlouisfed.org/graph/fredgraph.csv?id=CPALTT01CHM659N,2026-10-09
ch_cpi_yoy,1957-10-01,1957-12-10,2.150378,https://fred.stlouisfed.org/graph/fredgraph.csv?id=CPALTT01CHM659N,2026-10-09
ch_cpi_yoy,1957-11-01,1958-01-09,2.144315,https://fred.stlouisfed.org/graph/fredgraph.csv?id=CPALTT01CHM659N,2026-10-09
ch_cpi_yoy,1957-12-01,1958-02-09,2.030758,https://fred.stlouisfed.org/graph/fredgraph.csv?id=CPALTT01CHM659N,2026-10-09
ch_cpi_yoy,1958-01-01,1958-03-12,1.919079,https://fred.stlouisfed.org/graph/fredgraph.csv?id=CPALTT01CHM659N,2026-10-09
ch_cpi_yoy,1958-02-01,1958-04-09,2.093404,https://fred.stlouisfed.org/graph/fredgraph.csv?id=CPALTT01CHM659N,2026-10-09
ch_cpi_yoy,1958-03-01,1958-05-10,2.382728,https://fred.stlouisfed.org/graph/fredgraph.csv?id=CPALTT01CHM659N,2026-10-09
ch_cpi_yoy,1958-04-01,1958-06-09,2.151696,https://fred.stlouisfed.org/graph/fredgraph.csv?id=CPALTT01CHM659N,2026-10-09
ch_cpi_yoy,1958-05-01,1958-07-10,2.396868,https://fred.stlouisfed.org/graph/fredgraph.csv?id=CPALTT01CHM659N,2026-10-09
ch_cpi_yoy,1958-06-01,1958-08-09,2.413997,https://fred.stlouisfed.org/graph/fredgraph.csv?id=CPALTT01CHM659N,2026-10-09
ch_cpi_yoy,1958-07-01,1958-09-09,2.183921,https://fred.stlouisfed.org/graph/fredgraph.csv?id=CPALTT01CHM659N,2026-10-09
ch_cpi_yoy,1958-08-01,1958-10-10,1.728621,https://fred.stlouisfed.org/graph/fredgraph.csv?id=CPALTT01CHM659N,2026-10-09
ch_cpi_yoy,1958-09-01,1958-11-09,1.6663009999999998,https://fred.stlouisfed.org/graph/fredgraph.csv?id=CPALTT01CHM659N,2026-10-09
ch_cpi_yoy,1958-10-01,1958-12-10,1.27472,https://fred.stlouisfed.org/graph/fredgraph.csv?id=CPALTT01CHM659N,2026-10-09
ch_cpi_yoy,1958-11-01,1959-01-09,1.049649,https://fred.stlouisfed.org/graph/fredgraph.csv?id=CPALTT01CHM659N,2026-10-09
ch_cpi_yoy,1958-12-01,1959-02-09,0.8862091999999999,https://fred.stlouisfed.org/graph/fredgraph.csv?id=CPALTT01CHM659N,2026-10-09
ch_cpi_yoy,1959-01-01,1959-03-12,0.5535929,https://fred.stlouisfed.org/graph/fredgraph.csv?id=CPALTT01CHM659N,2026-10-09
ch_cpi_yoy,1959-02-01,1959-04-09,0.2185235,https://fred.stlouisfed.org/graph/fredgraph.csv?id=CPALTT01CHM659N,2026-10-09
ch_cpi_yoy,1959-03-01,1959-05-10,0.05463088,https://fred.stlouisfed.org/graph/fredgraph.csv?id=CPALTT01CHM659N,2026-10-09
ch_cpi_yoy,1959-04-01,1959-06-09,-0.44383,https://fred.stlouisfed.org/graph/fredgraph.csv?id=CPALTT01CHM659N,2026-10-09
ch_cpi_yoy,1959-05-01,1959-07-10,-1.190219,https://fred.stlouisfed.org/graph/fredgraph.csv?id=CPALTT01CHM659N,2026-10-09
ch_cpi_yoy,1959-06-01,1959-08-09,-1.369567,https://fred.stlouisfed.org/graph/fredgraph.csv?id=CPALTT01CHM659N,2026-10-09
ch_cpi_yoy,1959-07-01,1959-09-09,-1.369567,https://fred.stlouisfed.org/graph/fredgraph.csv?id=CPALTT01CHM659N,2026-10-09
ch_cpi_yoy,1959-08-01,1959-10-10,-1.152032,https://fred.stlouisfed.org/graph/fredgraph.csv?id=CPALTT01CHM659N,2026-10-09
ch_cpi_yoy,1959-09-01,1959-11-09,-0.9812379,https://fred.stlouisfed.org/graph/fredgraph.csv?id=CPALTT01CHM659N,2026-10-09
ch_cpi_yoy,1959-10-01,1959-12-10,-0.7659942,https://fred.stlouisfed.org/graph/fredgraph.csv?id=CPALTT01CHM659N,2026-10-09
ch_cpi_yoy,1959-11-01,1960-01-09,-0.711667,https://fred.stlouisfed.org/graph/fredgraph.csv?id=CPALTT01CHM659N,2026-10-09
ch_cpi_yoy,1959-12-01,1960-02-09,-0.6048169,https://fred.stlouisfed.org/graph/fredgraph.csv?id=CPALTT01CHM659N,2026-10-09
ch_cpi_yoy,1960-01-01,1960-03-11,-0.2752725,https://fred.stlouisfed.org/graph/fredgraph.csv?id=CPALTT01CHM659N,2026-10-09
ch_cpi_yoy,1960-02-01,1960-04-09,0.5560199,https://fred.stlouisfed.org/graph/fredgraph.csv?id=CPALTT01CHM659N,2026-10-09
ch_cpi_yoy,1960-03-01,1960-05-10,0.7207338000000001,https://fred.stlouisfed.org/graph/fredgraph.csv?id=CPALTT01CHM659N,2026-10-09
ch_cpi_yoy,1960-04-01,1960-06-09,1.278959,https://fred.stlouisfed.org/graph/fredgraph.csv?id=CPALTT01CHM659N,2026-10-09
ch_cpi_yoy,1960-05-01,1960-07-10,1.609724,https://fred.stlouisfed.org/graph/fredgraph.csv?id=CPALTT01CHM659N,2026-10-09
ch_cpi_yoy,1960-06-01,1960-08-09,1.834393,https://fred.stlouisfed.org/graph/fredgraph.csv?id=CPALTT01CHM659N,2026-10-09
ch_cpi_yoy,1960-07-01,1960-09-09,2.11211,https://fred.stlouisfed.org/graph/fredgraph.csv?id=CPALTT01CHM659N,2026-10-09
ch_cpi_yoy,1960-08-01,1960-10-10,1.995848,https://fred.stlouisfed.org/graph/fredgraph.csv?id=CPALTT01CHM659N,2026-10-09
ch_cpi_yoy,1960-09-01,1960-11-09,1.931105,https://fred.stlouisfed.org/graph/fredgraph.csv?id=CPALTT01CHM659N,2026-10-09
ch_cpi_yoy,1960-10-01,1960-12-10,1.927955,https://fred.stlouisfed.org/graph/fredgraph.csv?id=CPALTT01CHM659N,2026-10-09
ch_cpi_yoy,1960-11-01,1961-01-09,1.81726,https://fred.stlouisfed.org/graph/fredgraph.csv?id=CPALTT01CHM659N,2026-10-09
ch_cpi_yoy,1960-12-01,1961-02-09,1.763918,https://fred.stlouisfed.org/graph/fredgraph.csv?id=CPALTT01CHM659N,2026-10-09
ch_cpi_yoy,1961-01-01,1961-03-12,1.768787,https://fred.stlouisfed.org/graph/fredgraph.csv?id=CPALTT01CHM659N,2026-10-09
ch_cpi_yoy,1961-02-01,1961-04-09,1.319118,https://fred.stlouisfed.org/graph/fredgraph.csv?id=CPALTT01CHM659N,2026-10-09
ch_cpi_yoy,1961-03-01,1961-05-10,1.319118,https://fred.stlouisfed.org/graph/fredgraph.csv?id=CPALTT01CHM659N,2026-10-09
ch_cpi_yoy,1961-04-01,1961-06-09,1.15096,https://fred.stlouisfed.org/graph/fredgraph.csv?id=CPALTT01CHM659N,2026-10-09
ch_cpi_yoy,1961-05-01,1961-07-10,1.476452,https://fred.stlouisfed.org/graph/fredgraph.csv?id=CPALTT01CHM659N,2026-10-09
ch_cpi_yoy,1961-06-01,1961-08-09,1.528635,https://fred.stlouisfed.org/graph/fredgraph.csv?id=CPALTT01CHM659N,2026-10-09
ch_cpi_yoy,1961-07-01,1961-09-09,1.470799,https://fred.stlouisfed.org/graph/fredgraph.csv?id=CPALTT01CHM659N,2026-10-09
ch_cpi_yoy,1961-08-01,1961-10-10,1.7354040000000002,https://fred.stlouisfed.org/graph/fredgraph.csv?id=CPALTT01CHM659N,2026-10-09
ch_cpi_yoy,1961-09-01,1961-11-09,1.623874,https://fred.stlouisfed.org/graph/fredgraph.csv?id=CPALTT01CHM659N,2026-10-09
ch_cpi_yoy,1961-10-01,1961-12-10,1.895044,https://fred.stlouisfed.org/graph/fredgraph.csv?id=CPALTT01CHM659N,2026-10-09
ch_cpi_yoy,1961-11-01,1962-01-09,3.299438,https://fred.stlouisfed.org/graph/fredgraph.csv?id=CPALTT01CHM659N,2026-10-09
ch_cpi_yoy,1961-12-01,1962-02-09,3.520074,https://fred.stlouisfed.org/graph/fredgraph.csv?id=CPALTT01CHM659N,2026-10-09
ch_cpi_yoy,1962-01-01,1962-03-12,3.907923,https://fred.stlouisfed.org/graph/fredgraph.csv?id=CPALTT01CHM659N,2026-10-09
ch_cpi_yoy,1962-02-01,1962-04-09,4.126983999999999,https://fred.stlouisfed.org/graph/fredgraph.csv?id=CPALTT01CHM659N,2026-10-09
ch_cpi_yoy,1962-03-01,1962-05-10,4.287498,https://fred.stlouisfed.org/graph/fredgraph.csv?id=CPALTT01CHM659N,2026-10-09
ch_cpi_yoy,1962-04-01,1962-06-09,4.776173,https://fred.stlouisfed.org/graph/fredgraph.csv?id=CPALTT01CHM659N,2026-10-09
ch_cpi_yoy,1962-05-01,1962-07-10,4.79326,https://fred.stlouisfed.org/graph/fredgraph.csv?id=CPALTT01CHM659N,2026-10-09
ch_cpi_yoy,1962-06-01,1962-08-09,4.891497,https://fred.stlouisfed.org/graph/fredgraph.csv?id=CPALTT01CHM659N,2026-10-09
ch_cpi_yoy,1962-07-01,1962-09-09,4.986775,https://fred.stlouisfed.org/graph/fredgraph.csv?id=CPALTT01CHM659N,2026-10-09
ch_cpi_yoy,1962-08-01,1962-10-10,4.913833,https://fred.stlouisfed.org/graph/fredgraph.csv?id=CPALTT01CHM659N,2026-10-09
ch_cpi_yoy,1962-09-01,1962-11-09,4.68865,https://fred.stlouisfed.org/graph/fredgraph.csv?id=CPALTT01CHM659N,2026-10-09
ch_cpi_yoy,1962-10-01,1962-12-10,4.089466000000001,https://fred.stlouisfed.org/graph/fredgraph.csv?id=CPALTT01CHM659N,2026-10-09
ch_cpi_yoy,1962-11-01,1963-01-09,3.142424,https://fred.stlouisfed.org/graph/fredgraph.csv?id=CPALTT01CHM659N,2026-10-09
ch_cpi_yoy,1962-12-01,1963-02-09,3.242221,https://fred.stlouisfed.org/graph/fredgraph.csv?id=CPALTT01CHM659N,2026-10-09
ch_cpi_yoy,1963-01-01,1963-03-12,3.451829,https://fred.stlouisfed.org/graph/fredgraph.csv?id=CPALTT01CHM659N,2026-10-09
ch_cpi_yoy,1963-02-01,1963-04-09,3.802412,https://fred.stlouisfed.org/graph/fredgraph.csv?id=CPALTT01CHM659N,2026-10-09
ch_cpi_yoy,1963-03-01,1963-05-10,3.642645,https://fred.stlouisfed.org/graph/fredgraph.csv?id=CPALTT01CHM659N,2026-10-09
ch_cpi_yoy,1963-04-01,1963-06-09,3.315858,https://fred.stlouisfed.org/graph/fredgraph.csv?id=CPALTT01CHM659N,2026-10-09
ch_cpi_yoy,1963-05-01,1963-07-10,3.134923,https://fred.stlouisfed.org/graph/fredgraph.csv?id=CPALTT01CHM659N,2026-10-09
ch_cpi_yoy,1963-06-01,1963-08-09,3.126895,https://fred.stlouisfed.org/graph/fredgraph.csv?id=CPALTT01CHM659N,2026-10-09
ch_cpi_yoy,1963-07-01,1963-09-09,3.0165610000000003,https://fred.stlouisfed.org/graph/fredgraph.csv?id=CPALTT01CHM659N,2026-10-09
ch_cpi_yoy,1963-08-01,1963-10-10,2.900539,https://fred.stlouisfed.org/graph/fredgraph.csv?id=CPALTT01CHM659N,2026-10-09
ch_cpi_yoy,1963-09-01,1963-11-09,3.260251,https://fred.stlouisfed.org/graph/fredgraph.csv?id=CPALTT01CHM659N,2026-10-09
ch_cpi_yoy,1963-10-01,1963-12-10,3.821528,https://fred.stlouisfed.org/graph/fredgraph.csv?id=CPALTT01CHM659N,2026-10-09
ch_cpi_yoy,1963-11-01,1964-01-09,3.961024,https://fred.stlouisfed.org/graph/fredgraph.csv?id=CPALTT01CHM659N,2026-10-09
ch_cpi_yoy,1963-12-01,1964-02-09,3.84974,https://fred.stlouisfed.org/graph/fredgraph.csv?id=CPALTT01CHM659N,2026-10-09
ch_cpi_yoy,1964-01-01,1964-03-11,3.632138,https://fred.stlouisfed.org/graph/fredgraph.csv?id=CPALTT01CHM659N,2026-10-09
ch_cpi_yoy,1964-02-01,1964-04-09,3.161508,https://fred.stlouisfed.org/graph/fredgraph.csv?id=CPALTT01CHM659N,2026-10-09
ch_cpi_yoy,1964-03-01,1964-05-10,3.211009,https://fred.stlouisfed.org/graph/fredgraph.csv?id=CPALTT01CHM659N,2026-10-09
ch_cpi_yoy,1964-04-01,1964-06-09,3.706999,https://fred.stlouisfed.org/graph/fredgraph.csv?id=CPALTT01CHM659N,2026-10-09
ch_cpi_yoy,1964-05-01,1964-07-10,3.635768,https://fred.stlouisfed.org/graph/fredgraph.csv?id=CPALTT01CHM659N,2026-10-09
ch_cpi_yoy,1964-06-01,1964-08-09,3.231393,https://fred.stlouisfed.org/graph/fredgraph.csv?id=CPALTT01CHM659N,2026-10-09
ch_cpi_yoy,1964-07-01,1964-09-09,3.074967,https://fred.stlouisfed.org/graph/fredgraph.csv?id=CPALTT01CHM659N,2026-10-09
ch_cpi_yoy,1964-08-01,1964-10-10,3.017101,https://fred.stlouisfed.org/graph/fredgraph.csv?id=CPALTT01CHM659N,2026-10-09
ch_cpi_yoy,1964-09-01,1964-11-09,2.910953,https://fred.stlouisfed.org/graph/fredgraph.csv?id=CPALTT01CHM659N,2026-10-09
ch_cpi_yoy,1964-10-01,1964-12-10,2.799393,https://fred.stlouisfed.org/graph/fredgraph.csv?id=CPALTT01CHM659N,2026-10-09
ch_cpi_yoy,1964-11-01,1965-01-09,2.29505,https://fred.stlouisfed.org/graph/fredgraph.csv?id=CPALTT01CHM659N,2026-10-09
ch_cpi_yoy,1964-12-01,1965-02-09,2.340944,https://fred.stlouisfed.org/graph/fredgraph.csv?id=CPALTT01CHM659N,2026-10-09
ch_cpi_yoy,1965-01-01,1965-03-12,2.338694,https://fred.stlouisfed.org/graph/fredgraph.csv?id=CPALTT01CHM659N,2026-10-09
ch_cpi_yoy,1965-02-01,1965-04-09,2.53039,https://fred.stlouisfed.org/graph/fredgraph.csv?id=CPALTT01CHM659N,2026-10-09
ch_cpi_yoy,1965-03-01,1965-05-10,2.5323740000000003,https://fred.stlouisfed.org/graph/fredgraph.csv?id=CPALTT01CHM659N,2026-10-09
ch_cpi_yoy,1965-04-01,1965-06-09,2.224129,https://fred.stlouisfed.org/graph/fredgraph.csv?id=CPALTT01CHM659N,2026-10-09
ch_cpi_yoy,1965-05-01,1965-07-10,2.790771,https://fred.stlouisfed.org/graph/fredgraph.csv?id=CPALTT01CHM659N,2026-10-09
ch_cpi_yoy,1965-06-01,1965-08-09,3.320146,https://fred.stlouisfed.org/graph/fredgraph.csv?id=CPALTT01CHM659N,2026-10-09
ch_cpi_yoy,1965-07-01,1965-09-09,3.559,https://fred.stlouisfed.org/graph/fredgraph.csv?id=CPALTT01CHM659N,2026-10-09
ch_cpi_yoy,1965-08-01,1965-10-10,3.888153,https://fred.stlouisfed.org/graph/fredgraph.csv?id=CPALTT01CHM659N,2026-10-09
ch_cpi_yoy,1965-09-01,1965-11-09,3.975179,https://fred.stlouisfed.org/graph/fredgraph.csv?id=CPALTT01CHM659N,2026-10-09
ch_cpi_yoy,1965-10-01,1965-12-10,4.014071,https://fred.stlouisfed.org/graph/fredgraph.csv?id=CPALTT01CHM659N,2026-10-09
ch_cpi_yoy,1965-11-01,1966-01-09,4.819731,https://fred.stlouisfed.org/graph/fredgraph.csv?id=CPALTT01CHM659N,2026-10-09
ch_cpi_yoy,1965-12-01,1966-02-09,4.910071,https://fred.stlouisfed.org/graph/fredgraph.csv?id=CPALTT01CHM659N,2026-10-09
ch_cpi_yoy,1966-01-01,1966-03-12,5.381292,https://fred.stlouisfed.org/graph/fredgraph.csv?id=CPALTT01CHM659N,2026-10-09
ch_cpi_yoy,1966-02-01,1966-04-09,5.313407,https://fred.stlouisfed.org/graph/fredgraph.csv?id=CPALTT01CHM659N,2026-10-09
ch_cpi_yoy,1966-03-01,1966-05-10,5.407428,https://fred.stlouisfed.org/graph/fredgraph.csv?id=CPALTT01CHM659N,2026-10-09
ch_cpi_yoy,1966-04-01,1966-06-09,5.200012,https://fred.stlouisfed.org/graph/fredgraph.csv?id=CPALTT01CHM659N,2026-10-09
ch_cpi_yoy,1966-05-01,1966-07-10,5.374658,https://fred.stlouisfed.org/graph/fredgraph.csv?id=CPALTT01CHM659N,2026-10-09
ch_cpi_yoy,1966-06-01,1966-08-09,4.849283,https://fred.stlouisfed.org/graph/fredgraph.csv?id=CPALTT01CHM659N,2026-10-09
ch_cpi_yoy,1966-07-01,1966-09-09,4.557813,https://fred.stlouisfed.org/graph/fredgraph.csv?id=CPALTT01CHM659N,2026-10-09
ch_cpi_yoy,1966-08-01,1966-10-10,4.29856,https://fred.stlouisfed.org/graph/fredgraph.csv?id=CPALTT01CHM659N,2026-10-09
ch_cpi_yoy,1966-09-01,1966-11-09,4.101912,https://fred.stlouisfed.org/graph/fredgraph.csv?id=CPALTT01CHM659N,2026-10-09
ch_cpi_yoy,1966-10-01,1966-12-10,3.995048,https://fred.stlouisfed.org/graph/fredgraph.csv?id=CPALTT01CHM659N,2026-10-09
ch_cpi_yoy,1966-11-01,1967-01-09,4.3257,https://fred.stlouisfed.org/graph/fredgraph.csv?id=CPALTT01CHM659N,2026-10-09
ch_cpi_yoy,1966-12-01,1967-02-09,4.587676999999999,https://fred.stlouisfed.org/graph/fredgraph.csv?id=CPALTT01CHM659N,2026-10-09
ch_cpi_yoy,1967-01-01,1967-03-12,4.340076,https://fred.stlouisfed.org/graph/fredgraph.csv?id=CPALTT01CHM659N,2026-10-09
ch_cpi_yoy,1967-02-01,1967-04-09,3.83362,https://fred.stlouisfed.org/graph/fredgraph.csv?id=CPALTT01CHM659N,2026-10-09
ch_cpi_yoy,1967-03-01,1967-05-10,3.68924,https://fred.stlouisfed.org/graph/fredgraph.csv?id=CPALTT01CHM659N,2026-10-09
ch_cpi_yoy,1967-04-01,1967-06-09,3.640017,https://fred.stlouisfed.org/graph/fredgraph.csv?id=CPALTT01CHM659N,2026-10-09
ch_cpi_yoy,1967-05-01,1967-07-10,3.466488,https://fred.stlouisfed.org/graph/fredgraph.csv?id=CPALTT01CHM659N,2026-10-09
ch_cpi_yoy,1967-06-01,1967-08-09,4.306541,https://fred.stlouisfed.org/graph/fredgraph.csv?id=CPALTT01CHM659N,2026-10-09
ch_cpi_yoy,1967-07-01,1967-09-09,4.674672,https://fred.stlouisfed.org/graph/fredgraph.csv?id=CPALTT01CHM659N,2026-10-09
ch_cpi_yoy,1967-08-01,1967-10-10,4.753444,https://fred.stlouisfed.org/graph/fredgraph.csv?id=CPALTT01CHM659N,2026-10-09
ch_cpi_yoy,1967-09-01,1967-11-09,4.260396,https://fred.stlouisfed.org/graph/fredgraph.csv?id=CPALTT01CHM659N,2026-10-09
ch_cpi_yoy,1967-10-01,1967-12-10,3.928685,https://fred.stlouisfed.org/graph/fredgraph.csv?id=CPALTT01CHM659N,2026-10-09
ch_cpi_yoy,1967-11-01,1968-01-09,3.6901,https://fred.stlouisfed.org/graph/fredgraph.csv?id=CPALTT01CHM659N,2026-10-09
ch_cpi_yoy,1967-12-01,1968-02-09,3.489733,https://fred.stlouisfed.org/graph/fredgraph.csv?id=CPALTT01CHM659N,2026-10-09
ch_cpi_yoy,1968-01-01,1968-03-11,3.370914,https://fred.stlouisfed.org/graph/fredgraph.csv?id=CPALTT01CHM659N,2026-10-09
ch_cpi_yoy,1968-02-01,1968-04-09,3.791943,https://fred.stlouisfed.org/graph/fredgraph.csv?id=CPALTT01CHM659N,2026-10-09
ch_cpi_yoy,1968-03-01,1968-05-10,3.398197,https://fred.stlouisfed.org/graph/fredgraph.csv?id=CPALTT01CHM659N,2026-10-09
ch_cpi_yoy,1968-04-01,1968-06-09,3.2128400000000004,https://fred.stlouisfed.org/graph/fredgraph.csv?id=CPALTT01CHM659N,2026-10-09
ch_cpi_yoy,1968-05-01,1968-07-10,2.394315,https://fred.stlouisfed.org/graph/fredgraph.csv?id=CPALTT01CHM659N,2026-10-09
ch_cpi_yoy,1968-06-01,1968-08-09,1.795468,https://fred.stlouisfed.org/graph/fredgraph.csv?id=CPALTT01CHM659N,2026-10-09
ch_cpi_yoy,1968-07-01,1968-09-09,1.342563,https://fred.stlouisfed.org/graph/fredgraph.csv?id=CPALTT01CHM659N,2026-10-09
ch_cpi_yoy,1968-08-01,1968-10-10,1.2400950000000002,https://fred.stlouisfed.org/graph/fredgraph.csv?id=CPALTT01CHM659N,2026-10-09
ch_cpi_yoy,1968-09-01,1968-11-09,1.7249560000000002,https://fred.stlouisfed.org/graph/fredgraph.csv?id=CPALTT01CHM659N,2026-10-09
ch_cpi_yoy,1968-10-01,1968-12-10,2.2071970000000003,https://fred.stlouisfed.org/graph/fredgraph.csv?id=CPALTT01CHM659N,2026-10-09
ch_cpi_yoy,1968-11-01,1969-01-09,2.186186,https://fred.stlouisfed.org/graph/fredgraph.csv?id=CPALTT01CHM659N,2026-10-09
ch_cpi_yoy,1968-12-01,1969-02-09,2.179972,https://fred.stlouisfed.org/graph/fredgraph.csv?id=CPALTT01CHM659N,2026-10-09
ch_cpi_yoy,1969-01-01,1969-03-12,2.269472,https://fred.stlouisfed.org/graph/fredgraph.csv?id=CPALTT01CHM659N,2026-10-09
ch_cpi_yoy,1969-02-01,1969-04-09,2.265167,https://fred.stlouisfed.org/graph/fredgraph.csv?id=CPALTT01CHM659N,2026-10-09
ch_cpi_yoy,1969-03-01,1969-05-10,2.464196,https://fred.stlouisfed.org/graph/fredgraph.csv?id=CPALTT01CHM659N,2026-10-09
ch_cpi_yoy,1969-04-01,1969-06-09,2.372601,https://fred.stlouisfed.org/graph/fredgraph.csv?id=CPALTT01CHM659N,2026-10-09
ch_cpi_yoy,1969-05-01,1969-07-10,2.553156,https://fred.stlouisfed.org/graph/fredgraph.csv?id=CPALTT01CHM659N,2026-10-09
ch_cpi_yoy,1969-06-01,1969-08-09,2.930494,https://fred.stlouisfed.org/graph/fredgraph.csv?id=CPALTT01CHM659N,2026-10-09
ch_cpi_yoy,1969-07-01,1969-09-09,3.026881,https://fred.stlouisfed.org/graph/fredgraph.csv?id=CPALTT01CHM659N,2026-10-09
ch_cpi_yoy,1969-08-01,1969-10-10,2.54868,https://fred.stlouisfed.org/graph/fredgraph.csv?id=CPALTT01CHM659N,2026-10-09
ch_cpi_yoy,1969-09-01,1969-11-09,2.543559,https://fred.stlouisfed.org/graph/fredgraph.csv?id=CPALTT01CHM659N,2026-10-09
ch_cpi_yoy,1969-10-01,1969-12-10,2.3481490000000003,https://fred.stlouisfed.org/graph/fredgraph.csv?id=CPALTT01CHM659N,2026-10-09
ch_cpi_yoy,1969-11-01,1970-01-09,2.234198,https://fred.stlouisfed.org/graph/fredgraph.csv?id=CPALTT01CHM659N,2026-10-09
ch_cpi_yoy,1969-12-01,1970-02-09,2.319803,https://fred.stlouisfed.org/graph/fredgraph.csv?id=CPALTT01CHM659N,2026-10-09
ch_cpi_yoy,1970-01-01,1970-03-12,2.313369,https://fred.stlouisfed.org/graph/fredgraph.csv?id=CPALTT01CHM659N,2026-10-09
ch_cpi_yoy,1970-02-01,1970-04-09,2.123599,https://fred.stlouisfed.org/graph/fredgraph.csv?id=CPALTT01CHM659N,2026-10-09
ch_cpi_yoy,1970-03-01,1970-05-10,2.499192,https://fred.stlouisfed.org/graph/fredgraph.csv?id=CPALTT01CHM659N,2026-10-09
ch_cpi_yoy,1970-04-01,1970-06-09,2.592813,https://fred.stlouisfed.org/graph/fredgraph.csv?id=CPALTT01CHM659N,2026-10-09
ch_cpi_yoy,1970-05-01,1970-07-10,3.136834,https://fred.stlouisfed.org/graph/fredgraph.csv?id=CPALTT01CHM659N,2026-10-09
ch_cpi_yoy,1970-06-01,1970-08-09,3.12241,https://fred.stlouisfed.org/graph/fredgraph.csv?id=CPALTT01CHM659N,2026-10-09
ch_cpi_yoy,1970-07-01,1970-09-09,3.39776,https://fred.stlouisfed.org/graph/fredgraph.csv?id=CPALTT01CHM659N,2026-10-09
ch_cpi_yoy,1970-08-01,1970-10-10,3.952971,https://fred.stlouisfed.org/graph/fredgraph.csv?id=CPALTT01CHM659N,2026-10-09
ch_cpi_yoy,1970-09-01,1970-11-09,4.506047,https://fred.stlouisfed.org/graph/fredgraph.csv?id=CPALTT01CHM659N,2026-10-09
ch_cpi_yoy,1970-10-01,1970-12-10,4.863652,https://fred.stlouisfed.org/graph/fredgraph.csv?id=CPALTT01CHM659N,2026-10-09
ch_cpi_yoy,1970-11-01,1971-01-09,5.366745,https://fred.stlouisfed.org/graph/fredgraph.csv?id=CPALTT01CHM659N,2026-10-09
ch_cpi_yoy,1970-12-01,1971-02-09,5.439717,https://fred.stlouisfed.org/graph/fredgraph.csv?id=CPALTT01CHM659N,2026-10-09
ch_cpi_yoy,1971-01-01,1971-03-12,5.788213,https://fred.stlouisfed.org/graph/fredgraph.csv?id=CPALTT01CHM659N,2026-10-09
ch_cpi_yoy,1971-02-01,1971-04-09,6.240952,https://fred.stlouisfed.org/graph/fredgraph.csv?id=CPALTT01CHM659N,2026-10-09
ch_cpi_yoy,1971-03-01,1971-05-10,6.678928,https://fred.stlouisfed.org/graph/fredgraph.csv?id=CPALTT01CHM659N,2026-10-09
ch_cpi_yoy,1971-04-01,1971-06-09,6.866535000000001,https://fred.stlouisfed.org/graph/fredgraph.csv?id=CPALTT01CHM659N,2026-10-09
ch_cpi_yoy,1971-05-01,1971-07-10,6.976017,https://fred.stlouisfed.org/graph/fredgraph.csv?id=CPALTT01CHM659N,2026-10-09
ch_cpi_yoy,1971-06-01,1971-08-09,6.587167999999999,https://fred.stlouisfed.org/graph/fredgraph.csv?id=CPALTT01CHM659N,2026-10-09
ch_cpi_yoy,1971-07-01,1971-09-09,6.7506070000000005,https://fred.stlouisfed.org/graph/fredgraph.csv?id=CPALTT01CHM659N,2026-10-09
ch_cpi_yoy,1971-08-01,1971-10-10,6.549015,https://fred.stlouisfed.org/graph/fredgraph.csv?id=CPALTT01CHM659N,2026-10-09
ch_cpi_yoy,1971-09-01,1971-11-09,6.682712,https://fred.stlouisfed.org/graph/fredgraph.csv?id=CPALTT01CHM659N,2026-10-09
ch_cpi_yoy,1971-10-01,1971-12-10,6.561050999999999,https://fred.stlouisfed.org/graph/fredgraph.csv?id=CPALTT01CHM659N,2026-10-09
ch_cpi_yoy,1971-11-01,1972-01-09,6.564095,https://fred.stlouisfed.org/graph/fredgraph.csv?id=CPALTT01CHM659N,2026-10-09
ch_cpi_yoy,1971-12-01,1972-02-09,6.620941999999999,https://fred.stlouisfed.org/graph/fredgraph.csv?id=CPALTT01CHM659N,2026-10-09
ch_cpi_yoy,1972-01-01,1972-03-11,6.663349,https://fred.stlouisfed.org/graph/fredgraph.csv?id=CPALTT01CHM659N,2026-10-09
ch_cpi_yoy,1972-02-01,1972-04-09,6.721669,https://fred.stlouisfed.org/graph/fredgraph.csv?id=CPALTT01CHM659N,2026-10-09
ch_cpi_yoy,1972-03-01,1972-05-10,6.342052,https://fred.stlouisfed.org/graph/fredgraph.csv?id=CPALTT01CHM659N,2026-10-09
ch_cpi_yoy,1972-04-01,1972-06-09,6.339207,https://fred.stlouisfed.org/graph/fredgraph.csv?id=CPALTT01CHM659N,2026-10-09
ch_cpi_yoy,1972-05-01,1972-07-10,6.272819999999999,https://fred.stlouisfed.org/graph/fredgraph.csv?id=CPALTT01CHM659N,2026-10-09
ch_cpi_yoy,1972-06-01,1972-08-09,6.771087,https://fred.stlouisfed.org/graph/fredgraph.csv?id=CPALTT01CHM659N,2026-10-09
ch_cpi_yoy,1972-07-01,1972-09-09,6.406065,https://fred.stlouisfed.org/graph/fredgraph.csv?id=CPALTT01CHM659N,2026-10-09
ch_cpi_yoy,1972-08-01,1972-10-10,6.644583,https://fred.stlouisfed.org/graph/fredgraph.csv?id=CPALTT01CHM659N,2026-10-09
ch_cpi_yoy,1972-09-01,1972-11-09,6.760908000000001,https://fred.stlouisfed.org/graph/fredgraph.csv?id=CPALTT01CHM659N,2026-10-09
ch_cpi_yoy,1972-10-01,1972-12-10,7.306755,https://fred.stlouisfed.org/graph/fredgraph.csv?id=CPALTT01CHM659N,2026-10-09
ch_cpi_yoy,1972-11-01,1973-01-09,6.806171000000001,https://fred.stlouisfed.org/graph/fredgraph.csv?id=CPALTT01CHM659N,2026-10-09
ch_cpi_yoy,1972-12-01,1973-02-09,6.855426,https://fred.stlouisfed.org/graph/fredgraph.csv?id=CPALTT01CHM659N,2026-10-09
ch_cpi_yoy,1973-01-01,1973-03-12,7.373799000000001,https://fred.stlouisfed.org/graph/fredgraph.csv?id=CPALTT01CHM659N,2026-10-09
ch_cpi_yoy,1973-02-01,1973-04-09,7.57516,https://fred.stlouisfed.org/graph/fredgraph.csv?id=CPALTT01CHM659N,2026-10-09
ch_cpi_yoy,1973-03-01,1973-05-10,8.194177999999999,https://fred.stlouisfed.org/graph/fredgraph.csv?id=CPALTT01CHM659N,2026-10-09
ch_cpi_yoy,1973-04-01,1973-06-09,8.347219,https://fred.stlouisfed.org/graph/fredgraph.csv?id=CPALTT01CHM659N,2026-10-09
ch_cpi_yoy,1973-05-01,1973-07-10,8.023546000000001,https://fred.stlouisfed.org/graph/fredgraph.csv?id=CPALTT01CHM659N,2026-10-09
ch_cpi_yoy,1973-06-01,1973-08-09,8.211845,https://fred.stlouisfed.org/graph/fredgraph.csv?id=CPALTT01CHM659N,2026-10-09
ch_cpi_yoy,1973-07-01,1973-09-09,8.287431,https://fred.stlouisfed.org/graph/fredgraph.csv?id=CPALTT01CHM659N,2026-10-09
ch_cpi_yoy,1973-08-01,1973-10-10,8.257567,https://fred.stlouisfed.org/graph/fredgraph.csv?id=CPALTT01CHM659N,2026-10-09
ch_cpi_yoy,1973-09-01,1973-11-09,8.261583,https://fred.stlouisfed.org/graph/fredgraph.csv?id=CPALTT01CHM659N,2026-10-09
ch_cpi_yoy,1973-10-01,1973-12-10,9.48658,https://fred.stlouisfed.org/graph/fredgraph.csv?id=CPALTT01CHM659N,2026-10-09
ch_cpi_yoy,1973-11-01,1974-01-09,10.84973,https://fred.stlouisfed.org/graph/fredgraph.csv?id=CPALTT01CHM659N,2026-10-09
ch_cpi_yoy,1973-12-01,1974-02-09,11.9238,https://fred.stlouisfed.org/graph/fredgraph.csv?id=CPALTT01CHM659N,2026-10-09
ch_cpi_yoy,1974-01-01,1974-03-12,11.56662,https://fred.stlouisfed.org/graph/fredgraph.csv?id=CPALTT01CHM659N,2026-10-09
ch_cpi_yoy,1974-02-01,1974-04-09,10.00906,https://fred.stlouisfed.org/graph/fredgraph.csv?id=CPALTT01CHM659N,2026-10-09
ch_cpi_yoy,1974-03-01,1974-05-10,9.63288,https://fred.stlouisfed.org/graph/fredgraph.csv?id=CPALTT01CHM659N,2026-10-09
ch_cpi_yoy,1974-04-01,1974-06-09,8.729362,https://fred.stlouisfed.org/graph/fredgraph.csv?id=CPALTT01CHM659N,2026-10-09
ch_cpi_yoy,1974-05-01,1974-07-10,9.834188,https://fred.stlouisfed.org/graph/fredgraph.csv?id=CPALTT01CHM659N,2026-10-09
ch_cpi_yoy,1974-06-01,1974-08-09,9.62004,https://fred.stlouisfed.org/graph/fredgraph.csv?id=CPALTT01CHM659N,2026-10-09
ch_cpi_yoy,1974-07-01,1974-09-09,9.820284,https://fred.stlouisfed.org/graph/fredgraph.csv?id=CPALTT01CHM659N,2026-10-09
ch_cpi_yoy,1974-08-01,1974-10-10,10.50328,https://fred.stlouisfed.org/graph/fredgraph.csv?id=CPALTT01CHM659N,2026-10-09
ch_cpi_yoy,1974-09-01,1974-11-09,11.34183,https://fred.stlouisfed.org/graph/fredgraph.csv?id=CPALTT01CHM659N,2026-10-09
ch_cpi_yoy,1974-10-01,1974-12-10,9.785572,https://fred.stlouisfed.org/graph/fredgraph.csv?id=CPALTT01CHM659N,2026-10-09
ch_cpi_yoy,1974-11-01,1975-01-09,9.034572,https://fred.stlouisfed.org/graph/fredgraph.csv?id=CPALTT01CHM659N,2026-10-09
ch_cpi_yoy,1974-12-01,1975-02-09,7.551874000000001,https://fred.stlouisfed.org/graph/fredgraph.csv?id=CPALTT01CHM659N,2026-10-09
ch_cpi_yoy,1975-01-01,1975-03-12,7.290713,https://fred.stlouisfed.org/graph/fredgraph.csv?id=CPALTT01CHM659N,2026-10-09
ch_cpi_yoy,1975-02-01,1975-04-09,8.421610000000001,https://fred.stlouisfed.org/graph/fredgraph.csv?id=CPALTT01CHM659N,2026-10-09
ch_cpi_yoy,1975-03-01,1975-05-10,8.319828,https://fred.stlouisfed.org/graph/fredgraph.csv?id=CPALTT01CHM659N,2026-10-09
ch_cpi_yoy,1975-04-01,1975-06-09,9.246454,https://fred.stlouisfed.org/graph/fredgraph.csv?id=CPALTT01CHM659N,2026-10-09
ch_cpi_yoy,1975-05-01,1975-07-10,8.156371,https://fred.stlouisfed.org/graph/fredgraph.csv?id=CPALTT01CHM659N,2026-10-09
ch_cpi_yoy,1975-06-01,1975-08-09,7.980797,https://fred.stlouisfed.org/graph/fredgraph.csv?id=CPALTT01CHM659N,2026-10-09
ch_cpi_yoy,1975-07-01,1975-09-09,7.428178,https://fred.stlouisfed.org/graph/fredgraph.csv?id=CPALTT01CHM659N,2026-10-09
ch_cpi_yoy,1975-08-01,1975-10-10,6.705584,https://fred.stlouisfed.org/graph/fredgraph.csv?id=CPALTT01CHM659N,2026-10-09
ch_cpi_yoy,1975-09-01,1975-11-09,5.380455,https://fred.stlouisfed.org/graph/fredgraph.csv?id=CPALTT01CHM659N,2026-10-09
ch_cpi_yoy,1975-10-01,1975-12-10,4.838411,https://fred.stlouisfed.org/graph/fredgraph.csv?id=CPALTT01CHM659N,2026-10-09
ch_cpi_yoy,1975-11-01,1976-01-09,3.704381,https://fred.stlouisfed.org/graph/fredgraph.csv?id=CPALTT01CHM659N,2026-10-09
ch_cpi_yoy,1975-12-01,1976-02-09,3.447835,https://fred.stlouisfed.org/graph/fredgraph.csv?id=CPALTT01CHM659N,2026-10-09
ch_cpi_yoy,1976-01-01,1976-03-11,3.430314,https://fred.stlouisfed.org/graph/fredgraph.csv?id=CPALTT01CHM659N,2026-10-09
ch_cpi_yoy,1976-02-01,1976-04-09,3.045107,https://fred.stlouisfed.org/graph/fredgraph.csv?id=CPALTT01CHM659N,2026-10-09
ch_cpi_yoy,1976-03-01,1976-05-10,2.474944,https://fred.stlouisfed.org/graph/fredgraph.csv?id=CPALTT01CHM659N,2026-10-09
ch_cpi_yoy,1976-04-01,1976-06-09,2.222502,https://fred.stlouisfed.org/graph/fredgraph.csv?id=CPALTT01CHM659N,2026-10-09
ch_cpi_yoy,1976-05-01,1976-07-10,1.286925,https://fred.stlouisfed.org/graph/fredgraph.csv?id=CPALTT01CHM659N,2026-10-09
ch_cpi_yoy,1976-06-01,1976-08-09,1.099038,https://fred.stlouisfed.org/graph/fredgraph.csv?id=CPALTT01CHM659N,2026-10-09
ch_cpi_yoy,1976-07-01,1976-09-09,1.468073,https://fred.stlouisfed.org/graph/fredgraph.csv?id=CPALTT01CHM659N,2026-10-09
ch_cpi_yoy,1976-08-01,1976-10-10,1.5239790000000002,https://fred.stlouisfed.org/graph/fredgraph.csv?id=CPALTT01CHM659N,2026-10-09
ch_cpi_yoy,1976-09-01,1976-11-09,0.9131935,https://fred.stlouisfed.org/graph/fredgraph.csv?id=CPALTT01CHM659N,2026-10-09
ch_cpi_yoy,1976-10-01,1976-12-10,1.030491,https://fred.stlouisfed.org/graph/fredgraph.csv?id=CPALTT01CHM659N,2026-10-09
ch_cpi_yoy,1976-11-01,1977-01-09,0.907553,https://fred.stlouisfed.org/graph/fredgraph.csv?id=CPALTT01CHM659N,2026-10-09
ch_cpi_yoy,1976-12-01,1977-02-09,1.273885,https://fred.stlouisfed.org/graph/fredgraph.csv?id=CPALTT01CHM659N,2026-10-09
ch_cpi_yoy,1977-01-01,1977-03-12,0.9019601,https://fred.stlouisfed.org/graph/fredgraph.csv?id=CPALTT01CHM659N,2026-10-09
ch_cpi_yoy,1977-02-01,1977-04-09,1.027181,https://fred.stlouisfed.org/graph/fredgraph.csv?id=CPALTT01CHM659N,2026-10-09
ch_cpi_yoy,1977-03-01,1977-05-10,1.027283,https://fred.stlouisfed.org/graph/fredgraph.csv?id=CPALTT01CHM659N,2026-10-09
ch_cpi_yoy,1977-04-01,1977-06-09,1.146898,https://fred.stlouisfed.org/graph/fredgraph.csv?id=CPALTT01CHM659N,2026-10-09
ch_cpi_yoy,1977-05-01,1977-07-10,1.270574,https://fred.stlouisfed.org/graph/fredgraph.csv?id=CPALTT01CHM659N,2026-10-09
ch_cpi_yoy,1977-06-01,1977-08-09,1.7520099999999998,https://fred.stlouisfed.org/graph/fredgraph.csv?id=CPALTT01CHM659N,2026-10-09
ch_cpi_yoy,1977-07-01,1977-09-09,1.629442,https://fred.stlouisfed.org/graph/fredgraph.csv?id=CPALTT01CHM659N,2026-10-09
ch_cpi_yoy,1977-08-01,1977-10-10,1.263165,https://fred.stlouisfed.org/graph/fredgraph.csv?id=CPALTT01CHM659N,2026-10-09
ch_cpi_yoy,1977-09-01,1977-11-09,1.56609,https://fred.stlouisfed.org/graph/fredgraph.csv?id=CPALTT01CHM659N,2026-10-09
ch_cpi_yoy,1977-10-01,1977-12-10,1.525596,https://fred.stlouisfed.org/graph/fredgraph.csv?id=CPALTT01CHM659N,2026-10-09
ch_cpi_yoy,1977-11-01,1978-01-09,1.241683,https://fred.stlouisfed.org/graph/fredgraph.csv?id=CPALTT01CHM659N,2026-10-09
ch_cpi_yoy,1977-12-01,1978-02-09,1.200369,https://fred.stlouisfed.org/graph/fredgraph.csv?id=CPALTT01CHM659N,2026-10-09
ch_cpi_yoy,1978-01-01,1978-03-12,1.020852,https://fred.stlouisfed.org/graph/fredgraph.csv?id=CPALTT01CHM659N,2026-10-09
ch_cpi_yoy,1978-02-01,1978-04-09,1.056711,https://fred.stlouisfed.org/graph/fredgraph.csv?id=CPALTT01CHM659N,2026-10-09
ch_cpi_yoy,1978-03-01,1978-05-10,1.340693,https://fred.stlouisfed.org/graph/fredgraph.csv?id=CPALTT01CHM659N,2026-10-09
ch_cpi_yoy,1978-04-01,1978-06-09,1.422584,https://fred.stlouisfed.org/graph/fredgraph.csv?id=CPALTT01CHM659N,2026-10-09
ch_cpi_yoy,1978-05-01,1978-07-10,1.583518,https://fred.stlouisfed.org/graph/fredgraph.csv?id=CPALTT01CHM659N,2026-10-09
ch_cpi_yoy,1978-06-01,1978-08-09,1.120235,https://fred.stlouisfed.org/graph/fredgraph.csv?id=CPALTT01CHM659N,2026-10-09
ch_cpi_yoy,1978-07-01,1978-09-09,1.059088,https://fred.stlouisfed.org/graph/fredgraph.csv?id=CPALTT01CHM659N,2026-10-09
ch_cpi_yoy,1978-08-01,1978-10-10,1.159295,https://fred.stlouisfed.org/graph/fredgraph.csv?id=CPALTT01CHM659N,2026-10-09
ch_cpi_yoy,1978-09-01,1978-11-09,0.7994611999999999,https://fred.stlouisfed.org/graph/fredgraph.csv?id=CPALTT01CHM659N,2026-10-09
ch_cpi_yoy,1978-10-01,1978-12-10,0.3997932,https://fred.stlouisfed.org/graph/fredgraph.csv?id=CPALTT01CHM659N,2026-10-09
ch_cpi_yoy,1978-11-01,1979-01-09,0.6986131,https://fred.stlouisfed.org/graph/fredgraph.csv?id=CPALTT01CHM659N,2026-10-09
ch_cpi_yoy,1978-12-01,1979-02-09,0.697218,https://fred.stlouisfed.org/graph/fredgraph.csv?id=CPALTT01CHM659N,2026-10-09
ch_cpi_yoy,1979-01-01,1979-03-12,1.096612,https://fred.stlouisfed.org/graph/fredgraph.csv?id=CPALTT01CHM659N,2026-10-09
ch_cpi_yoy,1979-02-01,1979-04-09,2.093043,https://fred.stlouisfed.org/graph/fredgraph.csv?id=CPALTT01CHM659N,2026-10-09
ch_cpi_yoy,1979-03-01,1979-05-10,2.487844,https://fred.stlouisfed.org/graph/fredgraph.csv?id=CPALTT01CHM659N,2026-10-09
ch_cpi_yoy,1979-04-01,1979-06-09,2.582349,https://fred.stlouisfed.org/graph/fredgraph.csv?id=CPALTT01CHM659N,2026-10-09
ch_cpi_yoy,1979-05-01,1979-07-10,2.877846,https://fred.stlouisfed.org/graph/fredgraph.csv?id=CPALTT01CHM659N,2026-10-09
ch_cpi_yoy,1979-06-01,1979-08-09,4.058605,https://fred.stlouisfed.org/graph/fredgraph.csv?id=CPALTT01CHM659N,2026-10-09
ch_cpi_yoy,1979-07-01,1979-09-09,4.356077,https://fred.stlouisfed.org/graph/fredgraph.csv?id=CPALTT01CHM659N,2026-10-09
ch_cpi_yoy,1979-08-01,1979-10-10,4.054584999999999,https://fred.stlouisfed.org/graph/fredgraph.csv?id=CPALTT01CHM659N,2026-10-09
ch_cpi_yoy,1979-09-01,1979-11-09,4.861504,https://fred.stlouisfed.org/graph/fredgraph.csv?id=CPALTT01CHM659N,2026-10-09
ch_cpi_yoy,1979-10-01,1979-12-10,4.968934,https://fred.stlouisfed.org/graph/fredgraph.csv?id=CPALTT01CHM659N,2026-10-09
ch_cpi_yoy,1979-11-01,1980-01-09,5.159566000000001,https://fred.stlouisfed.org/graph/fredgraph.csv?id=CPALTT01CHM659N,2026-10-09
ch_cpi_yoy,1979-12-01,1980-02-09,5.147624,https://fred.stlouisfed.org/graph/fredgraph.csv?id=CPALTT01CHM659N,2026-10-09
ch_cpi_yoy,1980-01-01,1980-03-11,5.028523000000001,https://fred.stlouisfed.org/graph/fredgraph.csv?id=CPALTT01CHM659N,2026-10-09
ch_cpi_yoy,1980-02-01,1980-04-09,4.096897,https://fred.stlouisfed.org/graph/fredgraph.csv?id=CPALTT01CHM659N,2026-10-09
ch_cpi_yoy,1980-03-01,1980-05-10,3.88426,https://fred.stlouisfed.org/graph/fredgraph.csv?id=CPALTT01CHM659N,2026-10-09
ch_cpi_yoy,1980-04-01,1980-06-09,4.066862,https://fred.stlouisfed.org/graph/fredgraph.csv?id=CPALTT01CHM659N,2026-10-09
ch_cpi_yoy,1980-05-01,1980-07-10,4.339211,https://fred.stlouisfed.org/graph/fredgraph.csv?id=CPALTT01CHM659N,2026-10-09
ch_cpi_yoy,1980-06-01,1980-08-09,3.236565,https://fred.stlouisfed.org/graph/fredgraph.csv?id=CPALTT01CHM659N,2026-10-09
ch_cpi_yoy,1980-07-01,1980-09-09,3.322357,https://fred.stlouisfed.org/graph/fredgraph.csv?id=CPALTT01CHM659N,2026-10-09
ch_cpi_yoy,1980-08-01,1980-10-10,4.183833,https://fred.stlouisfed.org/graph/fredgraph.csv?id=CPALTT01CHM659N,2026-10-09
ch_cpi_yoy,1980-09-01,1980-11-09,3.78502,https://fred.stlouisfed.org/graph/fredgraph.csv?id=CPALTT01CHM659N,2026-10-09
ch_cpi_yoy,1980-10-01,1980-12-10,3.693772,https://fred.stlouisfed.org/graph/fredgraph.csv?id=CPALTT01CHM659N,2026-10-09
ch_cpi_yoy,1980-11-01,1981-01-09,4.24506,https://fred.stlouisfed.org/graph/fredgraph.csv?id=CPALTT01CHM659N,2026-10-09
ch_cpi_yoy,1980-12-01,1981-02-09,4.425727999999999,https://fred.stlouisfed.org/graph/fredgraph.csv?id=CPALTT01CHM659N,2026-10-09
ch_cpi_yoy,1981-01-01,1981-03-12,5.1655370000000005,https://fred.stlouisfed.org/graph/fredgraph.csv?id=CPALTT01CHM659N,2026-10-09
ch_cpi_yoy,1981-02-01,1981-04-09,5.998964,https://fred.stlouisfed.org/graph/fredgraph.csv?id=CPALTT01CHM659N,2026-10-09
ch_cpi_yoy,1981-03-01,1981-05-10,6.354893,https://fred.stlouisfed.org/graph/fredgraph.csv?id=CPALTT01CHM659N,2026-10-09
ch_cpi_yoy,1981-04-01,1981-06-09,5.674773,https://fred.stlouisfed.org/graph/fredgraph.csv?id=CPALTT01CHM659N,2026-10-09
ch_cpi_yoy,1981-05-01,1981-07-10,5.915771,https://fred.stlouisfed.org/graph/fredgraph.csv?id=CPALTT01CHM659N,2026-10-09
ch_cpi_yoy,1981-06-01,1981-08-09,6.359311,https://fred.stlouisfed.org/graph/fredgraph.csv?id=CPALTT01CHM659N,2026-10-09
ch_cpi_yoy,1981-07-01,1981-09-09,6.518258,https://fred.stlouisfed.org/graph/fredgraph.csv?id=CPALTT01CHM659N,2026-10-09
ch_cpi_yoy,1981-08-01,1981-10-10,7.481803,https://fred.stlouisfed.org/graph/fredgraph.csv?id=CPALTT01CHM659N,2026-10-09
ch_cpi_yoy,1981-09-01,1981-11-09,7.474972999999999,https://fred.stlouisfed.org/graph/fredgraph.csv?id=CPALTT01CHM659N,2026-10-09
ch_cpi_yoy,1981-10-01,1981-12-10,7.305727,https://fred.stlouisfed.org/graph/fredgraph.csv?id=CPALTT01CHM659N,2026-10-09
ch_cpi_yoy,1981-11-01,1982-01-09,6.967732000000001,https://fred.stlouisfed.org/graph/fredgraph.csv?id=CPALTT01CHM659N,2026-10-09
ch_cpi_yoy,1981-12-01,1982-02-09,6.583003999999999,https://fred.stlouisfed.org/graph/fredgraph.csv?id=CPALTT01CHM659N,2026-10-09
ch_cpi_yoy,1982-01-01,1982-03-12,6.071164,https://fred.stlouisfed.org/graph/fredgraph.csv?id=CPALTT01CHM659N,2026-10-09
ch_cpi_yoy,1982-02-01,1982-04-09,5.216714,https://fred.stlouisfed.org/graph/fredgraph.csv?id=CPALTT01CHM659N,2026-10-09
ch_cpi_yoy,1982-03-01,1982-05-10,4.744637,https://fred.stlouisfed.org/graph/fredgraph.csv?id=CPALTT01CHM659N,2026-10-09
ch_cpi_yoy,1982-04-01,1982-06-09,5.544830999999999,https://fred.stlouisfed.org/graph/fredgraph.csv?id=CPALTT01CHM659N,2026-10-09
ch_cpi_yoy,1982-05-01,1982-07-10,5.933403,https://fred.stlouisfed.org/graph/fredgraph.csv?id=CPALTT01CHM659N,2026-10-09
ch_cpi_yoy,1982-06-01,1982-08-09,6.152648999999999,https://fred.stlouisfed.org/graph/fredgraph.csv?id=CPALTT01CHM659N,2026-10-09
ch_cpi_yoy,1982-07-01,1982-09-09,6.034534,https://fred.stlouisfed.org/graph/fredgraph.csv?id=CPALTT01CHM659N,2026-10-09
ch_cpi_yoy,1982-08-01,1982-10-10,5.1771400000000005,https://fred.stlouisfed.org/graph/fredgraph.csv?id=CPALTT01CHM659N,2026-10-09
ch_cpi_yoy,1982-09-01,1982-11-09,5.5125150000000005,https://fred.stlouisfed.org/graph/fredgraph.csv?id=CPALTT01CHM659N,2026-10-09
ch_cpi_yoy,1982-10-01,1982-12-10,6.127937,https://fred.stlouisfed.org/graph/fredgraph.csv?id=CPALTT01CHM659N,2026-10-09
ch_cpi_yoy,1982-11-01,1983-01-09,5.838957,https://fred.stlouisfed.org/graph/fredgraph.csv?id=CPALTT01CHM659N,2026-10-09
ch_cpi_yoy,1982-12-01,1983-02-09,5.499606,https://fred.stlouisfed.org/graph/fredgraph.csv?id=CPALTT01CHM659N,2026-10-09
ch_cpi_yoy,1983-01-01,1983-03-12,4.80919,https://fred.stlouisfed.org/graph/fredgraph.csv?id=CPALTT01CHM659N,2026-10-09
ch_cpi_yoy,1983-02-01,1983-04-09,4.777389,https://fred.stlouisfed.org/graph/fredgraph.csv?id=CPALTT01CHM659N,2026-10-09
ch_cpi_yoy,1983-03-01,1983-05-10,4.802444,https://fred.stlouisfed.org/graph/fredgraph.csv?id=CPALTT01CHM659N,2026-10-09
ch_cpi_yoy,1983-04-01,1983-06-09,4.515361,https://fred.stlouisfed.org/graph/fredgraph.csv?id=CPALTT01CHM659N,2026-10-09
ch_cpi_yoy,1983-05-01,1983-07-10,3.3120540000000003,https://fred.stlouisfed.org/graph/fredgraph.csv?id=CPALTT01CHM659N,2026-10-09
ch_cpi_yoy,1983-06-01,1983-08-09,2.807477,https://fred.stlouisfed.org/graph/fredgraph.csv?id=CPALTT01CHM659N,2026-10-09
ch_cpi_yoy,1983-07-01,1983-09-09,2.190858,https://fred.stlouisfed.org/graph/fredgraph.csv?id=CPALTT01CHM659N,2026-10-09
ch_cpi_yoy,1983-08-01,1983-10-10,1.7220380000000002,https://fred.stlouisfed.org/graph/fredgraph.csv?id=CPALTT01CHM659N,2026-10-09
ch_cpi_yoy,1983-09-01,1983-11-09,1.438394,https://fred.stlouisfed.org/graph/fredgraph.csv?id=CPALTT01CHM659N,2026-10-09
ch_cpi_yoy,1983-10-01,1983-12-10,1.436323,https://fred.stlouisfed.org/graph/fredgraph.csv?id=CPALTT01CHM659N,2026-10-09
ch_cpi_yoy,1983-11-01,1984-01-09,1.7521790000000002,https://fred.stlouisfed.org/graph/fredgraph.csv?id=CPALTT01CHM659N,2026-10-09
ch_cpi_yoy,1983-12-01,1984-02-09,2.136384,https://fred.stlouisfed.org/graph/fredgraph.csv?id=CPALTT01CHM659N,2026-10-09
ch_cpi_yoy,1984-01-01,1984-03-11,2.656626,https://fred.stlouisfed.org/graph/fredgraph.csv?id=CPALTT01CHM659N,2026-10-09
ch_cpi_yoy,1984-02-01,1984-04-09,2.88504,https://fred.stlouisfed.org/graph/fredgraph.csv?id=CPALTT01CHM659N,2026-10-09
ch_cpi_yoy,1984-03-01,1984-05-10,3.356865,https://fred.stlouisfed.org/graph/fredgraph.csv?id=CPALTT01CHM659N,2026-10-09
ch_cpi_yoy,1984-04-01,1984-06-09,3.186431,https://fred.stlouisfed.org/graph/fredgraph.csv?id=CPALTT01CHM659N,2026-10-09
ch_cpi_yoy,1984-05-01,1984-07-10,2.88383,https://fred.stlouisfed.org/graph/fredgraph.csv?id=CPALTT01CHM659N,2026-10-09
ch_cpi_yoy,1984-06-01,1984-08-09,2.79026,https://fred.stlouisfed.org/graph/fredgraph.csv?id=CPALTT01CHM659N,2026-10-09
ch_cpi_yoy,1984-07-01,1984-09-09,2.808724,https://fred.stlouisfed.org/graph/fredgraph.csv?id=CPALTT01CHM659N,2026-10-09
ch_cpi_yoy,1984-08-01,1984-10-10,2.896431,https://fred.stlouisfed.org/graph/fredgraph.csv?id=CPALTT01CHM659N,2026-10-09
ch_cpi_yoy,1984-09-01,1984-11-09,2.706169,https://fred.stlouisfed.org/graph/fredgraph.csv?id=CPALTT01CHM659N,2026-10-09
ch_cpi_yoy,1984-10-01,1984-12-10,3.108773,https://fred.stlouisfed.org/graph/fredgraph.csv?id=CPALTT01CHM659N,2026-10-09
ch_cpi_yoy,1984-11-01,1985-01-09,2.994428,https://fred.stlouisfed.org/graph/fredgraph.csv?id=CPALTT01CHM659N,2026-10-09
ch_cpi_yoy,1984-12-01,1985-02-09,2.903923,https://fred.stlouisfed.org/graph/fredgraph.csv?id=CPALTT01CHM659N,2026-10-09
ch_cpi_yoy,1985-01-01,1985-03-12,3.537992,https://fred.stlouisfed.org/graph/fredgraph.csv?id=CPALTT01CHM659N,2026-10-09
ch_cpi_yoy,1985-02-01,1985-04-09,4.007142,https://fred.stlouisfed.org/graph/fredgraph.csv?id=CPALTT01CHM659N,2026-10-09
ch_cpi_yoy,1985-03-01,1985-05-10,3.909957,https://fred.stlouisfed.org/graph/fredgraph.csv?id=CPALTT01CHM659N,2026-10-09
ch_cpi_yoy,1985-04-01,1985-06-09,3.630729,https://fred.stlouisfed.org/graph/fredgraph.csv?id=CPALTT01CHM659N,2026-10-09
ch_cpi_yoy,1985-05-01,1985-07-10,3.774398,https://fred.stlouisfed.org/graph/fredgraph.csv?id=CPALTT01CHM659N,2026-10-09
ch_cpi_yoy,1985-06-01,1985-08-09,3.390445,https://fred.stlouisfed.org/graph/fredgraph.csv?id=CPALTT01CHM659N,2026-10-09
ch_cpi_yoy,1985-07-01,1985-09-09,3.352523,https://fred.stlouisfed.org/graph/fredgraph.csv?id=CPALTT01CHM659N,2026-10-09
ch_cpi_yoy,1985-08-01,1985-10-10,2.9649240000000003,https://fred.stlouisfed.org/graph/fredgraph.csv?id=CPALTT01CHM659N,2026-10-09
ch_cpi_yoy,1985-09-01,1985-11-09,3.345445,https://fred.stlouisfed.org/graph/fredgraph.csv?id=CPALTT01CHM659N,2026-10-09
ch_cpi_yoy,1985-10-01,1985-12-10,2.951565,https://fred.stlouisfed.org/graph/fredgraph.csv?id=CPALTT01CHM659N,2026-10-09
ch_cpi_yoy,1985-11-01,1986-01-09,3.141168,https://fred.stlouisfed.org/graph/fredgraph.csv?id=CPALTT01CHM659N,2026-10-09
ch_cpi_yoy,1985-12-01,1986-02-09,3.238134,https://fred.stlouisfed.org/graph/fredgraph.csv?id=CPALTT01CHM659N,2026-10-09
ch_cpi_yoy,1986-01-01,1986-03-12,2.195151,https://fred.stlouisfed.org/graph/fredgraph.csv?id=CPALTT01CHM659N,2026-10-09
ch_cpi_yoy,1986-02-01,1986-04-09,1.34325,https://fred.stlouisfed.org/graph/fredgraph.csv?id=CPALTT01CHM659N,2026-10-09
ch_cpi_yoy,1986-03-01,1986-05-10,0.9069525,https://fred.stlouisfed.org/graph/fredgraph.csv?id=CPALTT01CHM659N,2026-10-09
ch_cpi_yoy,1986-04-01,1986-06-09,0.9748441,https://fred.stlouisfed.org/graph/fredgraph.csv?id=CPALTT01CHM659N,2026-10-09
ch_cpi_yoy,1986-05-01,1986-07-10,0.7370508000000001,https://fred.stlouisfed.org/graph/fredgraph.csv?id=CPALTT01CHM659N,2026-10-09
ch_cpi_yoy,1986-06-01,1986-08-09,0.7665753000000001,https://fred.stlouisfed.org/graph/fredgraph.csv?id=CPALTT01CHM659N,2026-10-09
ch_cpi_yoy,1986-07-01,1986-09-09,0.5052071,https://fred.stlouisfed.org/graph/fredgraph.csv?id=CPALTT01CHM659N,2026-10-09
ch_cpi_yoy,1986-08-01,1986-10-10,0.7206989,https://fred.stlouisfed.org/graph/fredgraph.csv?id=CPALTT01CHM659N,2026-10-09
ch_cpi_yoy,1986-09-01,1986-11-09,0.5857359999999999,https://fred.stlouisfed.org/graph/fredgraph.csv?id=CPALTT01CHM659N,2026-10-09
ch_cpi_yoy,1986-10-01,1986-12-10,0.3605519,https://fred.stlouisfed.org/graph/fredgraph.csv?id=CPALTT01CHM659N,2026-10-09
ch_cpi_yoy,1986-11-01,1987-01-09,-0.09766835,https://fred.stlouisfed.org/graph/fredgraph.csv?id=CPALTT01CHM659N,2026-10-09
ch_cpi_yoy,1986-12-01,1987-02-09,0.04006299,https://fred.stlouisfed.org/graph/fredgraph.csv?id=CPALTT01CHM659N,2026-10-09
ch_cpi_yoy,1987-01-01,1987-03-12,0.6616850999999999,https://fred.stlouisfed.org/graph/fredgraph.csv?id=CPALTT01CHM659N,2026-10-09
ch_cpi_yoy,1987-02-01,1987-04-09,0.9819843,https://fred.stlouisfed.org/graph/fredgraph.csv?id=CPALTT01CHM659N,2026-10-09
ch_cpi_yoy,1987-03-01,1987-05-10,0.9985381,https://fred.stlouisfed.org/graph/fredgraph.csv?id=CPALTT01CHM659N,2026-10-09
ch_cpi_yoy,1987-04-01,1987-06-09,1.180022,https://fred.stlouisfed.org/graph/fredgraph.csv?id=CPALTT01CHM659N,2026-10-09
ch_cpi_yoy,1987-05-01,1987-07-10,0.92703,https://fred.stlouisfed.org/graph/fredgraph.csv?id=CPALTT01CHM659N,2026-10-09
ch_cpi_yoy,1987-06-01,1987-08-09,1.269514,https://fred.stlouisfed.org/graph/fredgraph.csv?id=CPALTT01CHM659N,2026-10-09
ch_cpi_yoy,1987-07-01,1987-09-09,1.776298,https://fred.stlouisfed.org/graph/fredgraph.csv?id=CPALTT01CHM659N,2026-10-09
ch_cpi_yoy,1987-08-01,1987-10-10,1.975435,https://fred.stlouisfed.org/graph/fredgraph.csv?id=CPALTT01CHM659N,2026-10-09
ch_cpi_yoy,1987-09-01,1987-11-09,1.55633,https://fred.stlouisfed.org/graph/fredgraph.csv?id=CPALTT01CHM659N,2026-10-09
ch_cpi_yoy,1987-10-01,1987-12-10,1.979275,https://fred.stlouisfed.org/graph/fredgraph.csv?id=CPALTT01CHM659N,2026-10-09
ch_cpi_yoy,1987-11-01,1988-01-09,2.097691,https://fred.stlouisfed.org/graph/fredgraph.csv?id=CPALTT01CHM659N,2026-10-09
ch_cpi_yoy,1987-12-01,1988-02-09,1.887012,https://fred.stlouisfed.org/graph/fredgraph.csv?id=CPALTT01CHM659N,2026-10-09
ch_cpi_yoy,1988-01-01,1988-03-11,1.559507,https://fred.stlouisfed.org/graph/fredgraph.csv?id=CPALTT01CHM659N,2026-10-09
ch_cpi_yoy,1988-02-01,1988-04-09,1.757053,https://fred.stlouisfed.org/graph/fredgraph.csv?id=CPALTT01CHM659N,2026-10-09
ch_cpi_yoy,1988-03-01,1988-05-10,1.850325,https://fred.stlouisfed.org/graph/fredgraph.csv?id=CPALTT01CHM659N,2026-10-09
ch_cpi_yoy,1988-04-01,1988-06-09,1.917561,https://fred.stlouisfed.org/graph/fredgraph.csv?id=CPALTT01CHM659N,2026-10-09
ch_cpi_yoy,1988-05-01,1988-07-10,2.236492,https://fred.stlouisfed.org/graph/fredgraph.csv?id=CPALTT01CHM659N,2026-10-09
ch_cpi_yoy,1988-06-01,1988-08-09,2.0697520000000003,https://fred.stlouisfed.org/graph/fredgraph.csv?id=CPALTT01CHM659N,2026-10-09
ch_cpi_yoy,1988-07-01,1988-09-09,1.810946,https://fred.stlouisfed.org/graph/fredgraph.csv?id=CPALTT01CHM659N,2026-10-09
ch_cpi_yoy,1988-08-01,1988-10-10,1.770443,https://fred.stlouisfed.org/graph/fredgraph.csv?id=CPALTT01CHM659N,2026-10-09
ch_cpi_yoy,1988-09-01,1988-11-09,2.03932,https://fred.stlouisfed.org/graph/fredgraph.csv?id=CPALTT01CHM659N,2026-10-09
ch_cpi_yoy,1988-10-01,1988-12-10,1.7536740000000002,https://fred.stlouisfed.org/graph/fredgraph.csv?id=CPALTT01CHM659N,2026-10-09
ch_cpi_yoy,1988-11-01,1989-01-09,1.757179,https://fred.stlouisfed.org/graph/fredgraph.csv?id=CPALTT01CHM659N,2026-10-09
ch_cpi_yoy,1988-12-01,1989-02-09,1.948683,https://fred.stlouisfed.org/graph/fredgraph.csv?id=CPALTT01CHM659N,2026-10-09
ch_cpi_yoy,1989-01-01,1989-03-12,2.246528,https://fred.stlouisfed.org/graph/fredgraph.csv?id=CPALTT01CHM659N,2026-10-09
ch_cpi_yoy,1989-02-01,1989-04-09,2.260859,https://fred.stlouisfed.org/graph/fredgraph.csv?id=CPALTT01CHM659N,2026-10-09
ch_cpi_yoy,1989-03-01,1989-05-10,2.298807,https://fred.stlouisfed.org/graph/fredgraph.csv?id=CPALTT01CHM659N,2026-10-09
ch_cpi_yoy,1989-04-01,1989-06-09,2.641253,https://fred.stlouisfed.org/graph/fredgraph.csv?id=CPALTT01CHM659N,2026-10-09
ch_cpi_yoy,1989-05-01,1989-07-10,2.962215,https://fred.stlouisfed.org/graph/fredgraph.csv?id=CPALTT01CHM659N,2026-10-09
ch_cpi_yoy,1989-06-01,1989-08-09,2.977832,https://fred.stlouisfed.org/graph/fredgraph.csv?id=CPALTT01CHM659N,2026-10-09
ch_cpi_yoy,1989-07-01,1989-09-09,2.984635,https://fred.stlouisfed.org/graph/fredgraph.csv?id=CPALTT01CHM659N,2026-10-09
ch_cpi_yoy,1989-08-01,1989-10-10,2.967337,https://fred.stlouisfed.org/graph/fredgraph.csv?id=CPALTT01CHM659N,2026-10-09
ch_cpi_yoy,1989-09-01,1989-11-09,3.38845,https://fred.stlouisfed.org/graph/fredgraph.csv?id=CPALTT01CHM659N,2026-10-09
ch_cpi_yoy,1989-10-01,1989-12-10,3.631425,https://fred.stlouisfed.org/graph/fredgraph.csv?id=CPALTT01CHM659N,2026-10-09
ch_cpi_yoy,1989-11-01,1990-01-09,4.444266000000001,https://fred.stlouisfed.org/graph/fredgraph.csv?id=CPALTT01CHM659N,2026-10-09
ch_cpi_yoy,1989-12-01,1990-02-09,5.021829,https://fred.stlouisfed.org/graph/fredgraph.csv?id=CPALTT01CHM659N,2026-10-09
ch_cpi_yoy,1990-01-01,1990-03-12,5.064026999999999,https://fred.stlouisfed.org/graph/fredgraph.csv?id=CPALTT01CHM659N,2026-10-09
ch_cpi_yoy,1990-02-01,1990-04-09,4.877629,https://fred.stlouisfed.org/graph/fredgraph.csv?id=CPALTT01CHM659N,2026-10-09
ch_cpi_yoy,1990-03-01,1990-05-10,4.956707,https://fred.stlouisfed.org/graph/fredgraph.csv?id=CPALTT01CHM659N,2026-10-09
ch_cpi_yoy,1990-04-01,1990-06-09,4.622032,https://fred.stlouisfed.org/graph/fredgraph.csv?id=CPALTT01CHM659N,2026-10-09
ch_cpi_yoy,1990-05-01,1990-07-10,5.058153,https://fred.stlouisfed.org/graph/fredgraph.csv?id=CPALTT01CHM659N,2026-10-09
ch_cpi_yoy,1990-06-01,1990-08-09,5.025224,https://fred.stlouisfed.org/graph/fredgraph.csv?id=CPALTT01CHM659N,2026-10-09
ch_cpi_yoy,1990-07-01,1990-09-09,5.309947,https://fred.stlouisfed.org/graph/fredgraph.csv?id=CPALTT01CHM659N,2026-10-09
ch_cpi_yoy,1990-08-01,1990-10-10,6.083499,https://fred.stlouisfed.org/graph/fredgraph.csv?id=CPALTT01CHM659N,2026-10-09
ch_cpi_yoy,1990-09-01,1990-11-09,6.125983,https://fred.stlouisfed.org/graph/fredgraph.csv?id=CPALTT01CHM659N,2026-10-09
ch_cpi_yoy,1990-10-01,1990-12-10,6.35202,https://fred.stlouisfed.org/graph/fredgraph.csv?id=CPALTT01CHM659N,2026-10-09
ch_cpi_yoy,1990-11-01,1991-01-09,6.055761,https://fred.stlouisfed.org/graph/fredgraph.csv?id=CPALTT01CHM659N,2026-10-09
ch_cpi_yoy,1990-12-01,1991-02-09,5.276155999999999,https://fred.stlouisfed.org/graph/fredgraph.csv?id=CPALTT01CHM659N,2026-10-09
ch_cpi_yoy,1991-01-01,1991-03-12,5.509379,https://fred.stlouisfed.org/graph/fredgraph.csv?id=CPALTT01CHM659N,2026-10-09
ch_cpi_yoy,1991-02-01,1991-04-09,6.213697,https://fred.stlouisfed.org/graph/fredgraph.csv?id=CPALTT01CHM659N,2026-10-09
ch_cpi_yoy,1991-03-01,1991-05-10,5.865704,https://fred.stlouisfed.org/graph/fredgraph.csv?id=CPALTT01CHM659N,2026-10-09
ch_cpi_yoy,1991-04-01,1991-06-09,5.901939,https://fred.stlouisfed.org/graph/fredgraph.csv?id=CPALTT01CHM659N,2026-10-09
ch_cpi_yoy,1991-05-01,1991-07-10,6.278975,https://fred.stlouisfed.org/graph/fredgraph.csv?id=CPALTT01CHM659N,2026-10-09
ch_cpi_yoy,1991-06-01,1991-08-09,6.566878,https://fred.stlouisfed.org/graph/fredgraph.csv?id=CPALTT01CHM659N,2026-10-09
ch_cpi_yoy,1991-07-01,1991-09-09,6.551368,https://fred.stlouisfed.org/graph/fredgraph.csv?id=CPALTT01CHM659N,2026-10-09
ch_cpi_yoy,1991-08-01,1991-10-10,5.972789,https://fred.stlouisfed.org/graph/fredgraph.csv?id=CPALTT01CHM659N,2026-10-09
ch_cpi_yoy,1991-09-01,1991-11-09,5.675987,https://fred.stlouisfed.org/graph/fredgraph.csv?id=CPALTT01CHM659N,2026-10-09
ch_cpi_yoy,1991-10-01,1991-12-10,5.129123,https://fred.stlouisfed.org/graph/fredgraph.csv?id=CPALTT01CHM659N,2026-10-09
ch_cpi_yoy,1991-11-01,1992-01-09,5.471603,https://fred.stlouisfed.org/graph/fredgraph.csv?id=CPALTT01CHM659N,2026-10-09
ch_cpi_yoy,1991-12-01,1992-02-09,5.226786,https://fred.stlouisfed.org/graph/fredgraph.csv?id=CPALTT01CHM659N,2026-10-09
ch_cpi_yoy,1992-01-01,1992-03-11,4.870766000000001,https://fred.stlouisfed.org/graph/fredgraph.csv?id=CPALTT01CHM659N,2026-10-09
ch_cpi_yoy,1992-02-01,1992-04-09,4.579715,https://fred.stlouisfed.org/graph/fredgraph.csv?id=CPALTT01CHM659N,2026-10-09
ch_cpi_yoy,1992-03-01,1992-05-10,4.868894999999999,https://fred.stlouisfed.org/graph/fredgraph.csv?id=CPALTT01CHM659N,2026-10-09
ch_cpi_yoy,1992-04-01,1992-06-09,4.784561,https://fred.stlouisfed.org/graph/fredgraph.csv?id=CPALTT01CHM659N,2026-10-09
ch_cpi_yoy,1992-05-01,1992-07-10,4.181433999999999,https://fred.stlouisfed.org/graph/fredgraph.csv?id=CPALTT01CHM659N,2026-10-09
ch_cpi_yoy,1992-06-01,1992-08-09,4.167521,https://fred.stlouisfed.org/graph/fredgraph.csv?id=CPALTT01CHM659N,2026-10-09
ch_cpi_yoy,1992-07-01,1992-09-09,3.81815,https://fred.stlouisfed.org/graph/fredgraph.csv?id=CPALTT01CHM659N,2026-10-09
ch_cpi_yoy,1992-08-01,1992-10-10,3.550962,https://fred.stlouisfed.org/graph/fredgraph.csv?id=CPALTT01CHM659N,2026-10-09
ch_cpi_yoy,1992-09-01,1992-11-09,3.472495,https://fred.stlouisfed.org/graph/fredgraph.csv?id=CPALTT01CHM659N,2026-10-09
ch_cpi_yoy,1992-10-01,1992-12-10,3.531232,https://fred.stlouisfed.org/graph/fredgraph.csv?id=CPALTT01CHM659N,2026-10-09
ch_cpi_yoy,1992-11-01,1993-01-09,3.286388,https://fred.stlouisfed.org/graph/fredgraph.csv?id=CPALTT01CHM659N,2026-10-09
ch_cpi_yoy,1992-12-01,1993-02-09,3.420859,https://fred.stlouisfed.org/graph/fredgraph.csv?id=CPALTT01CHM659N,2026-10-09
ch_cpi_yoy,1993-01-01,1993-03-12,3.464695,https://fred.stlouisfed.org/graph/fredgraph.csv?id=CPALTT01CHM659N,2026-10-09
ch_cpi_yoy,1993-02-01,1993-04-09,3.390838,https://fred.stlouisfed.org/graph/fredgraph.csv?id=CPALTT01CHM659N,2026-10-09
ch_cpi_yoy,1993-03-01,1993-05-10,3.638633,https://fred.stlouisfed.org/graph/fredgraph.csv?id=CPALTT01CHM659N,2026-10-09
ch_cpi_yoy,1993-04-01,1993-06-09,3.788026,https://fred.stlouisfed.org/graph/fredgraph.csv?id=CPALTT01CHM659N,2026-10-09
ch_cpi_yoy,1993-05-01,1993-07-10,3.575994,https://fred.stlouisfed.org/graph/fredgraph.csv?id=CPALTT01CHM659N,2026-10-09
ch_cpi_yoy,1993-06-01,1993-08-09,3.13974,https://fred.stlouisfed.org/graph/fredgraph.csv?id=CPALTT01CHM659N,2026-10-09
ch_cpi_yoy,1993-07-01,1993-09-09,3.386893,https://fred.stlouisfed.org/graph/fredgraph.csv?id=CPALTT01CHM659N,2026-10-09
ch_cpi_yoy,1993-08-01,1993-10-10,3.625601,https://fred.stlouisfed.org/graph/fredgraph.csv?id=CPALTT01CHM659N,2026-10-09
ch_cpi_yoy,1993-09-01,1993-11-09,3.440103,https://fred.stlouisfed.org/graph/fredgraph.csv?id=CPALTT01CHM659N,2026-10-09
ch_cpi_yoy,1993-10-01,1993-12-10,3.367075,https://fred.stlouisfed.org/graph/fredgraph.csv?id=CPALTT01CHM659N,2026-10-09
ch_cpi_yoy,1993-11-01,1994-01-09,2.24428,https://fred.stlouisfed.org/graph/fredgraph.csv?id=CPALTT01CHM659N,2026-10-09
ch_cpi_yoy,1993-12-01,1994-02-09,2.482295,https://fred.stlouisfed.org/graph/fredgraph.csv?id=CPALTT01CHM659N,2026-10-09
ch_cpi_yoy,1994-01-01,1994-03-12,2.078619,https://fred.stlouisfed.org/graph/fredgraph.csv?id=CPALTT01CHM659N,2026-10-09
ch_cpi_yoy,1994-02-01,1994-04-09,1.839371,https://fred.stlouisfed.org/graph/fredgraph.csv?id=CPALTT01CHM659N,2026-10-09
ch_cpi_yoy,1994-03-01,1994-05-10,1.301558,https://fred.stlouisfed.org/graph/fredgraph.csv?id=CPALTT01CHM659N,2026-10-09
ch_cpi_yoy,1994-04-01,1994-06-09,1.047345,https://fred.stlouisfed.org/graph/fredgraph.csv?id=CPALTT01CHM659N,2026-10-09
ch_cpi_yoy,1994-05-01,1994-07-10,0.3612012,https://fred.stlouisfed.org/graph/fredgraph.csv?id=CPALTT01CHM659N,2026-10-09
ch_cpi_yoy,1994-06-01,1994-08-09,0.5449094,https://fred.stlouisfed.org/graph/fredgraph.csv?id=CPALTT01CHM659N,2026-10-09
ch_cpi_yoy,1994-07-01,1994-09-09,0.589923,https://fred.stlouisfed.org/graph/fredgraph.csv?id=CPALTT01CHM659N,2026-10-09
ch_cpi_yoy,1994-08-01,1994-10-10,0.4894749,https://fred.stlouisfed.org/graph/fredgraph.csv?id=CPALTT01CHM659N,2026-10-09
ch_cpi_yoy,1994-09-01,1994-11-09,0.5918264,https://fred.stlouisfed.org/graph/fredgraph.csv?id=CPALTT01CHM659N,2026-10-09
ch_cpi_yoy,1994-10-01,1994-12-10,0.4341603,https://fred.stlouisfed.org/graph/fredgraph.csv?id=CPALTT01CHM659N,2026-10-09
ch_cpi_yoy,1994-11-01,1995-01-09,0.5624718000000001,https://fred.stlouisfed.org/graph/fredgraph.csv?id=CPALTT01CHM659N,2026-10-09
ch_cpi_yoy,1994-12-01,1995-02-09,0.420105,https://fred.stlouisfed.org/graph/fredgraph.csv?id=CPALTT01CHM659N,2026-10-09
ch_cpi_yoy,1995-01-01,1995-03-12,1.01491,https://fred.stlouisfed.org/graph/fredgraph.csv?id=CPALTT01CHM659N,2026-10-09
ch_cpi_yoy,1995-02-01,1995-04-09,1.503372,https://fred.stlouisfed.org/graph/fredgraph.csv?id=CPALTT01CHM659N,2026-10-09
ch_cpi_yoy,1995-03-01,1995-05-10,1.564083,https://fred.stlouisfed.org/graph/fredgraph.csv?id=CPALTT01CHM659N,2026-10-09
ch_cpi_yoy,1995-04-01,1995-06-09,1.596503,https://fred.stlouisfed.org/graph/fredgraph.csv?id=CPALTT01CHM659N,2026-10-09
ch_cpi_yoy,1995-05-01,1995-07-10,2.038493,https://fred.stlouisfed.org/graph/fredgraph.csv?id=CPALTT01CHM659N,2026-10-09
ch_cpi_yoy,1995-06-01,1995-08-09,2.080262,https://fred.stlouisfed.org/graph/fredgraph.csv?id=CPALTT01CHM659N,2026-10-09
ch_cpi_yoy,1995-07-01,1995-09-09,2.029052,https://fred.stlouisfed.org/graph/fredgraph.csv?id=CPALTT01CHM659N,2026-10-09
ch_cpi_yoy,1995-08-01,1995-10-10,1.951983,https://fred.stlouisfed.org/graph/fredgraph.csv?id=CPALTT01CHM659N,2026-10-09
ch_cpi_yoy,1995-09-01,1995-11-09,1.998019,https://fred.stlouisfed.org/graph/fredgraph.csv?id=CPALTT01CHM659N,2026-10-09
ch_cpi_yoy,1995-10-01,1995-12-10,1.971367,https://fred.stlouisfed.org/graph/fredgraph.csv?id=CPALTT01CHM659N,2026-10-09
ch_cpi_yoy,1995-11-01,1996-01-09,1.902681,https://fred.stlouisfed.org/graph/fredgraph.csv?id=CPALTT01CHM659N,2026-10-09
ch_cpi_yoy,1995-12-01,1996-02-09,1.948061,https://fred.stlouisfed.org/graph/fredgraph.csv?id=CPALTT01CHM659N,2026-10-09
ch_cpi_yoy,1996-01-01,1996-03-11,1.518367,https://fred.stlouisfed.org/graph/fredgraph.csv?id=CPALTT01CHM659N,2026-10-09
ch_cpi_yoy,1996-02-01,1996-04-09,0.7824496,https://fred.stlouisfed.org/graph/fredgraph.csv?id=CPALTT01CHM659N,2026-10-09
ch_cpi_yoy,1996-03-01,1996-05-10,0.898452,https://fred.stlouisfed.org/graph/fredgraph.csv?id=CPALTT01CHM659N,2026-10-09
ch_cpi_yoy,1996-04-01,1996-06-09,0.911383,https://fred.stlouisfed.org/graph/fredgraph.csv?id=CPALTT01CHM659N,2026-10-09
ch_cpi_yoy,1996-05-01,1996-07-10,0.7326228,https://fred.stlouisfed.org/graph/fredgraph.csv?id=CPALTT01CHM659N,2026-10-09
ch_cpi_yoy,1996-06-01,1996-08-09,0.7292806,https://fred.stlouisfed.org/graph/fredgraph.csv?id=CPALTT01CHM659N,2026-10-09
ch_cpi_yoy,1996-07-01,1996-09-09,0.6562943,https://fred.stlouisfed.org/graph/fredgraph.csv?id=CPALTT01CHM659N,2026-10-09
ch_cpi_yoy,1996-08-01,1996-10-10,0.5978441,https://fred.stlouisfed.org/graph/fredgraph.csv?id=CPALTT01CHM659N,2026-10-09
ch_cpi_yoy,1996-09-01,1996-11-09,0.5703881,https://fred.stlouisfed.org/graph/fredgraph.csv?id=CPALTT01CHM659N,2026-10-09
ch_cpi_yoy,1996-10-01,1996-12-10,0.8400824,https://fred.stlouisfed.org/graph/fredgraph.csv?id=CPALTT01CHM659N,2026-10-09
ch_cpi_yoy,1996-11-01,1997-01-09,0.7296213,https://fred.stlouisfed.org/graph/fredgraph.csv?id=CPALTT01CHM659N,2026-10-09
ch_cpi_yoy,1996-12-01,1997-02-09,0.7813932,https://fred.stlouisfed.org/graph/fredgraph.csv?id=CPALTT01CHM659N,2026-10-09
ch_cpi_yoy,1997-01-01,1997-03-12,0.8301089,https://fred.stlouisfed.org/graph/fredgraph.csv?id=CPALTT01CHM659N,2026-10-09
ch_cpi_yoy,1997-02-01,1997-04-09,0.8453663,https://fred.stlouisfed.org/graph/fredgraph.csv?id=CPALTT01CHM659N,2026-10-09
ch_cpi_yoy,1997-03-01,1997-05-10,0.5228148,https://fred.stlouisfed.org/graph/fredgraph.csv?id=CPALTT01CHM659N,2026-10-09
ch_cpi_yoy,1997-04-01,1997-06-09,0.5221984000000001,https://fred.stlouisfed.org/graph/fredgraph.csv?id=CPALTT01CHM659N,2026-10-09
ch_cpi_yoy,1997-05-01,1997-07-10,0.5766786,https://fred.stlouisfed.org/graph/fredgraph.csv?id=CPALTT01CHM659N,2026-10-09
ch_cpi_yoy,1997-06-01,1997-08-09,0.4816729999999999,https://fred.stlouisfed.org/graph/fredgraph.csv?id=CPALTT01CHM659N,2026-10-09
ch_cpi_yoy,1997-07-01,1997-09-09,0.512985,https://fred.stlouisfed.org/graph/fredgraph.csv?id=CPALTT01CHM659N,2026-10-09
ch_cpi_yoy,1997-08-01,1997-10-10,0.4745945,https://fred.stlouisfed.org/graph/fredgraph.csv?id=CPALTT01CHM659N,2026-10-09
ch_cpi_yoy,1997-09-01,1997-11-09,0.4141189,https://fred.stlouisfed.org/graph/fredgraph.csv?id=CPALTT01CHM659N,2026-10-09
ch_cpi_yoy,1997-10-01,1997-12-10,0.2617697,https://fred.stlouisfed.org/graph/fredgraph.csv?id=CPALTT01CHM659N,2026-10-09
ch_cpi_yoy,1997-11-01,1998-01-09,0.4168684,https://fred.stlouisfed.org/graph/fredgraph.csv?id=CPALTT01CHM659N,2026-10-09
ch_cpi_yoy,1997-12-01,1998-02-09,0.386345,https://fred.stlouisfed.org/graph/fredgraph.csv?id=CPALTT01CHM659N,2026-10-09
ch_cpi_yoy,1998-01-01,1998-03-12,0.0153759999999999,https://fred.stlouisfed.org/graph/fredgraph.csv?id=CPALTT01CHM659N,2026-10-09
ch_cpi_yoy,1998-02-01,1998-04-09,-0.0370570999999999,https://fred.stlouisfed.org/graph/fredgraph.csv?id=CPALTT01CHM659N,2026-10-09
ch_cpi_yoy,1998-03-01,1998-05-10,0.03304809,https://fred.stlouisfed.org/graph/fredgraph.csv?id=CPALTT01CHM659N,2026-10-09
ch_cpi_yoy,1998-04-01,1998-06-09,-0.02259587,https://fred.stlouisfed.org/graph/fredgraph.csv?id=CPALTT01CHM659N,2026-10-09
ch_cpi_yoy,1998-05-01,1998-07-10,0.08241329,https://fred.stlouisfed.org/graph/fredgraph.csv?id=CPALTT01CHM659N,2026-10-09
ch_cpi_yoy,1998-06-01,1998-08-09,0.1009072,https://fred.stlouisfed.org/graph/fredgraph.csv?id=CPALTT01CHM659N,2026-10-09
ch_cpi_yoy,1998-07-01,1998-09-09,0.07515752,https://fred.stlouisfed.org/graph/fredgraph.csv?id=CPALTT01CHM659N,2026-10-09
ch_cpi_yoy,1998-08-01,1998-10-10,0.1395537999999999,https://fred.stlouisfed.org/graph/fredgraph.csv?id=CPALTT01CHM659N,2026-10-09
ch_cpi_yoy,1998-09-01,1998-11-09,0.06170793,https://fred.stlouisfed.org/graph/fredgraph.csv?id=CPALTT01CHM659N,2026-10-09
ch_cpi_yoy,1998-10-01,1998-12-10,0.03425523,https://fred.stlouisfed.org/graph/fredgraph.csv?id=CPALTT01CHM659N,2026-10-09
ch_cpi_yoy,1998-11-01,1999-01-09,-0.09851287,https://fred.stlouisfed.org/graph/fredgraph.csv?id=CPALTT01CHM659N,2026-10-09
ch_cpi_yoy,1998-12-01,1999-02-09,-0.1684989,https://fred.stlouisfed.org/graph/fredgraph.csv?id=CPALTT01CHM659N,2026-10-09
ch_cpi_yoy,1999-01-01,1999-03-12,0.07291495,https://fred.stlouisfed.org/graph/fredgraph.csv?id=CPALTT01CHM659N,2026-10-09
ch_cpi_yoy,1999-02-01,1999-04-09,0.2880118,https://fred.stlouisfed.org/graph/fredgraph.csv?id=CPALTT01CHM659N,2026-10-09
ch_cpi_yoy,1999-03-01,1999-05-10,0.4670205,https://fred.stlouisfed.org/graph/fredgraph.csv?id=CPALTT01CHM659N,2026-10-09
ch_cpi_yoy,1999-04-01,1999-06-09,0.5937694,https://fred.stlouisfed.org/graph/fredgraph.csv?id=CPALTT01CHM659N,2026-10-09
ch_cpi_yoy,1999-05-01,1999-07-10,0.5757583000000001,https://fred.stlouisfed.org/graph/fredgraph.csv?id=CPALTT01CHM659N,2026-10-09
ch_cpi_yoy,1999-06-01,1999-08-09,0.574086,https://fred.stlouisfed.org/graph/fredgraph.csv?id=CPALTT01CHM659N,2026-10-09
ch_cpi_yoy,1999-07-01,1999-09-09,0.734957,https://fred.stlouisfed.org/graph/fredgraph.csv?id=CPALTT01CHM659N,2026-10-09
ch_cpi_yoy,1999-08-01,1999-10-10,0.9460205,https://fred.stlouisfed.org/graph/fredgraph.csv?id=CPALTT01CHM659N,2026-10-09
ch_cpi_yoy,1999-09-01,1999-11-09,1.217376,https://fred.stlouisfed.org/graph/fredgraph.csv?id=CPALTT01CHM659N,2026-10-09
ch_cpi_yoy,1999-10-01,1999-12-10,1.236607,https://fred.stlouisfed.org/graph/fredgraph.csv?id=CPALTT01CHM659N,2026-10-09
ch_cpi_yoy,1999-11-01,2000-01-09,1.3043559999999998,https://fred.stlouisfed.org/graph/fredgraph.csv?id=CPALTT01CHM659N,2026-10-09
ch_cpi_yoy,1999-12-01,2000-02-09,1.668041,https://fred.stlouisfed.org/graph/fredgraph.csv?id=CPALTT01CHM659N,2026-10-09
ch_cpi_yoy,2000-01-01,2000-03-11,1.585403,https://fred.stlouisfed.org/graph/fredgraph.csv?id=CPALTT01CHM659N,2026-10-09
ch_cpi_yoy,2000-02-01,2000-04-09,1.623698,https://fred.stlouisfed.org/graph/fredgraph.csv?id=CPALTT01CHM659N,2026-10-09
ch_cpi_yoy,2000-03-01,2000-05-10,1.48293,https://fred.stlouisfed.org/graph/fredgraph.csv?id=CPALTT01CHM659N,2026-10-09
ch_cpi_yoy,2000-04-01,2000-06-09,1.402478,https://fred.stlouisfed.org/graph/fredgraph.csv?id=CPALTT01CHM659N,2026-10-09
ch_cpi_yoy,2000-05-01,2000-07-10,1.580529,https://fred.stlouisfed.org/graph/fredgraph.csv?id=CPALTT01CHM659N,2026-10-09
ch_cpi_yoy,2000-06-01,2000-08-09,1.839189,https://fred.stlouisfed.org/graph/fredgraph.csv?id=CPALTT01CHM659N,2026-10-09
ch_cpi_yoy,2000-07-01,2000-09-09,1.888825,https://fred.stlouisfed.org/graph/fredgraph.csv?id=CPALTT01CHM659N,2026-10-09
ch_cpi_yoy,2000-08-01,2000-10-10,1.124738,https://fred.stlouisfed.org/graph/fredgraph.csv?id=CPALTT01CHM659N,2026-10-09
ch_cpi_yoy,2000-09-01,2000-11-09,1.439942,https://fred.stlouisfed.org/graph/fredgraph.csv?id=CPALTT01CHM659N,2026-10-09
ch_cpi_yoy,2000-10-01,2000-12-10,1.332193,https://fred.stlouisfed.org/graph/fredgraph.csv?id=CPALTT01CHM659N,2026-10-09
ch_cpi_yoy,2000-11-01,2001-01-09,1.912515,https://fred.stlouisfed.org/graph/fredgraph.csv?id=CPALTT01CHM659N,2026-10-09
ch_cpi_yoy,2000-12-01,2001-02-09,1.49337,https://fred.stlouisfed.org/graph/fredgraph.csv?id=CPALTT01CHM659N,2026-10-09
ch_cpi_yoy,2001-01-01,2001-03-12,1.295473,https://fred.stlouisfed.org/graph/fredgraph.csv?id=CPALTT01CHM659N,2026-10-09
ch_cpi_yoy,2001-02-01,2001-04-09,0.7797761999999999,https://fred.stlouisfed.org/graph/fredgraph.csv?id=CPALTT01CHM659N,2026-10-09
ch_cpi_yoy,2001-03-01,2001-05-10,0.9758601999999998,https://fred.stlouisfed.org/graph/fredgraph.csv?id=CPALTT01CHM659N,2026-10-09
ch_cpi_yoy,2001-04-01,2001-06-09,1.166568,https://fred.stlouisfed.org/graph/fredgraph.csv?id=CPALTT01CHM659N,2026-10-09
ch_cpi_yoy,2001-05-01,2001-07-10,1.76567,https://fred.stlouisfed.org/graph/fredgraph.csv?id=CPALTT01CHM659N,2026-10-09
ch_cpi_yoy,2001-06-01,2001-08-09,1.580401,https://fred.stlouisfed.org/graph/fredgraph.csv?id=CPALTT01CHM659N,2026-10-09
ch_cpi_yoy,2001-07-01,2001-09-09,1.351576,https://fred.stlouisfed.org/graph/fredgraph.csv?id=CPALTT01CHM659N,2026-10-09
ch_cpi_yoy,2001-08-01,2001-10-10,1.05079,https://fred.stlouisfed.org/graph/fredgraph.csv?id=CPALTT01CHM659N,2026-10-09
ch_cpi_yoy,2001-09-01,2001-11-09,0.6750170999999999,https://fred.stlouisfed.org/graph/fredgraph.csv?id=CPALTT01CHM659N,2026-10-09
ch_cpi_yoy,2001-10-01,2001-12-10,0.6302711999999999,https://fred.stlouisfed.org/graph/fredgraph.csv?id=CPALTT01CHM659N,2026-10-09
ch_cpi_yoy,2001-11-01,2002-01-09,0.2869667999999999,https://fred.stlouisfed.org/graph/fredgraph.csv?id=CPALTT01CHM659N,2026-10-09
ch_cpi_yoy,2001-12-01,2002-02-09,0.3252247,https://fred.stlouisfed.org/graph/fredgraph.csv?id=CPALTT01CHM659N,2026-10-09
ch_cpi_yoy,2002-01-01,2002-03-12,0.5214581,https://fred.stlouisfed.org/graph/fredgraph.csv?id=CPALTT01CHM659N,2026-10-09
ch_cpi_yoy,2002-02-01,2002-04-09,0.6544671999999999,https://fred.stlouisfed.org/graph/fredgraph.csv?id=CPALTT01CHM659N,2026-10-09
ch_cpi_yoy,2002-03-01,2002-05-10,0.5094942,https://fred.stlouisfed.org/graph/fredgraph.csv?id=CPALTT01CHM659N,2026-10-09
ch_cpi_yoy,2002-04-01,2002-06-09,1.097193,https://fred.stlouisfed.org/graph/fredgraph.csv?id=CPALTT01CHM659N,2026-10-09
ch_cpi_yoy,2002-05-01,2002-07-10,0.6479944999999999,https://fred.stlouisfed.org/graph/fredgraph.csv?id=CPALTT01CHM659N,2026-10-09
ch_cpi_yoy,2002-06-01,2002-08-09,0.3259175,https://fred.stlouisfed.org/graph/fredgraph.csv?id=CPALTT01CHM659N,2026-10-09
ch_cpi_yoy,2002-07-01,2002-09-09,-0.05158317,https://fred.stlouisfed.org/graph/fredgraph.csv?id=CPALTT01CHM659N,2026-10-09
ch_cpi_yoy,2002-08-01,2002-10-10,0.472578,https://fred.stlouisfed.org/graph/fredgraph.csv?id=CPALTT01CHM659N,2026-10-09
ch_cpi_yoy,2002-09-01,2002-11-09,0.4968174,https://fred.stlouisfed.org/graph/fredgraph.csv?id=CPALTT01CHM659N,2026-10-09
ch_cpi_yoy,2002-10-01,2002-12-10,1.237231,https://fred.stlouisfed.org/graph/fredgraph.csv?id=CPALTT01CHM659N,2026-10-09
ch_cpi_yoy,2002-11-01,2003-01-09,0.9154538,https://fred.stlouisfed.org/graph/fredgraph.csv?id=CPALTT01CHM659N,2026-10-09
ch_cpi_yoy,2002-12-01,2003-02-09,0.8908315,https://fred.stlouisfed.org/graph/fredgraph.csv?id=CPALTT01CHM659N,2026-10-09
ch_cpi_yoy,2003-01-01,2003-03-12,0.8466601999999999,https://fred.stlouisfed.org/graph/fredgraph.csv?id=CPALTT01CHM659N,2026-10-09
ch_cpi_yoy,2003-02-01,2003-04-09,0.9490609,https://fred.stlouisfed.org/graph/fredgraph.csv?id=CPALTT01CHM659N,2026-10-09
ch_cpi_yoy,2003-03-01,2003-05-10,1.339036,https://fred.stlouisfed.org/graph/fredgraph.csv?id=CPALTT01CHM659N,2026-10-09
ch_cpi_yoy,2003-04-01,2003-06-09,0.6718884,https://fred.stlouisfed.org/graph/fredgraph.csv?id=CPALTT01CHM659N,2026-10-09
ch_cpi_yoy,2003-05-01,2003-07-10,0.4141560999999999,https://fred.stlouisfed.org/graph/fredgraph.csv?id=CPALTT01CHM659N,2026-10-09
ch_cpi_yoy,2003-06-01,2003-08-09,0.5479887,https://fred.stlouisfed.org/graph/fredgraph.csv?id=CPALTT01CHM659N,2026-10-09
ch_cpi_yoy,2003-07-01,2003-09-09,0.2704225999999999,https://fred.stlouisfed.org/graph/fredgraph.csv?id=CPALTT01CHM659N,2026-10-09
ch_cpi_yoy,2003-08-01,2003-10-10,0.5372164,https://fred.stlouisfed.org/graph/fredgraph.csv?id=CPALTT01CHM659N,2026-10-09
ch_cpi_yoy,2003-09-01,2003-11-09,0.5304876999999999,https://fred.stlouisfed.org/graph/fredgraph.csv?id=CPALTT01CHM659N,2026-10-09
ch_cpi_yoy,2003-10-01,2003-12-10,0.4536837999999999,https://fred.stlouisfed.org/graph/fredgraph.csv?id=CPALTT01CHM659N,2026-10-09
ch_cpi_yoy,2003-11-01,2004-01-09,0.5125993,https://fred.stlouisfed.org/graph/fredgraph.csv?id=CPALTT01CHM659N,2026-10-09
ch_cpi_yoy,2003-12-01,2004-02-09,0.5937673000000001,https://fred.stlouisfed.org/graph/fredgraph.csv?id=CPALTT01CHM659N,2026-10-09
ch_cpi_yoy,2004-01-01,2004-03-11,0.1725178999999999,https://fred.stlouisfed.org/graph/fredgraph.csv?id=CPALTT01CHM659N,2026-10-09
ch_cpi_yoy,2004-02-01,2004-04-09,0.09069299,https://fred.stlouisfed.org/graph/fredgraph.csv?id=CPALTT01CHM659N,2026-10-09
ch_cpi_yoy,2004-03-01,2004-05-10,-0.09702823,https://fred.stlouisfed.org/graph/fredgraph.csv?id=CPALTT01CHM659N,2026-10-09
ch_cpi_yoy,2004-04-01,2004-06-09,0.5458111,https://fred.stlouisfed.org/graph/fredgraph.csv?id=CPALTT01CHM659N,2026-10-09
ch_cpi_yoy,2004-05-01,2004-07-10,0.9399879,https://fred.stlouisfed.org/graph/fredgraph.csv?id=CPALTT01CHM659N,2026-10-09
ch_cpi_yoy,2004-06-01,2004-08-09,1.112081,https://fred.stlouisfed.org/graph/fredgraph.csv?id=CPALTT01CHM659N,2026-10-09
ch_cpi_yoy,2004-07-01,2004-09-09,0.862449,https://fred.stlouisfed.org/graph/fredgraph.csv?id=CPALTT01CHM659N,2026-10-09
ch_cpi_yoy,2004-08-01,2004-10-10,1.001135,https://fred.stlouisfed.org/graph/fredgraph.csv?id=CPALTT01CHM659N,2026-10-09
ch_cpi_yoy,2004-09-01,2004-11-09,0.8607773000000001,https://fred.stlouisfed.org/graph/fredgraph.csv?id=CPALTT01CHM659N,2026-10-09
ch_cpi_yoy,2004-10-01,2004-12-10,1.292596,https://fred.stlouisfed.org/graph/fredgraph.csv?id=CPALTT01CHM659N,2026-10-09
ch_cpi_yoy,2004-11-01,2005-01-09,1.517499,https://fred.stlouisfed.org/graph/fredgraph.csv?id=CPALTT01CHM659N,2026-10-09
ch_cpi_yoy,2004-12-01,2005-02-09,1.331858,https://fred.stlouisfed.org/graph/fredgraph.csv?id=CPALTT01CHM659N,2026-10-09
ch_cpi_yoy,2005-01-01,2005-03-12,1.20481,https://fred.stlouisfed.org/graph/fredgraph.csv?id=CPALTT01CHM659N,2026-10-09
ch_cpi_yoy,2005-02-01,2005-04-09,1.410295,https://fred.stlouisfed.org/graph/fredgraph.csv?id=CPALTT01CHM659N,2026-10-09
ch_cpi_yoy,2005-03-01,2005-05-10,1.441121,https://fred.stlouisfed.org/graph/fredgraph.csv?id=CPALTT01CHM659N,2026-10-09
ch_cpi_yoy,2005-04-01,2005-06-09,1.41608,https://fred.stlouisfed.org/graph/fredgraph.csv?id=CPALTT01CHM659N,2026-10-09
ch_cpi_yoy,2005-05-01,2005-07-10,1.081741,https://fred.stlouisfed.org/graph/fredgraph.csv?id=CPALTT01CHM659N,2026-10-09
ch_cpi_yoy,2005-06-01,2005-08-09,0.680874,https://fred.stlouisfed.org/graph/fredgraph.csv?id=CPALTT01CHM659N,2026-10-09
ch_cpi_yoy,2005-07-01,2005-09-09,1.189073,https://fred.stlouisfed.org/graph/fredgraph.csv?id=CPALTT01CHM659N,2026-10-09
ch_cpi_yoy,2005-08-01,2005-10-10,0.960686,https://fred.stlouisfed.org/graph/fredgraph.csv?id=CPALTT01CHM659N,2026-10-09
ch_cpi_yoy,2005-09-01,2005-11-09,1.396618,https://fred.stlouisfed.org/graph/fredgraph.csv?id=CPALTT01CHM659N,2026-10-09
ch_cpi_yoy,2005-10-01,2005-12-10,1.33328,https://fred.stlouisfed.org/graph/fredgraph.csv?id=CPALTT01CHM659N,2026-10-09
ch_cpi_yoy,2005-11-01,2006-01-09,0.9515178,https://fred.stlouisfed.org/graph/fredgraph.csv?id=CPALTT01CHM659N,2026-10-09
ch_cpi_yoy,2005-12-01,2006-02-09,1.006369,https://fred.stlouisfed.org/graph/fredgraph.csv?id=CPALTT01CHM659N,2026-10-09
ch_cpi_yoy,2006-01-01,2006-03-12,1.29091,https://fred.stlouisfed.org/graph/fredgraph.csv?id=CPALTT01CHM659N,2026-10-09
ch_cpi_yoy,2006-02-01,2006-04-09,1.383642,https://fred.stlouisfed.org/graph/fredgraph.csv?id=CPALTT01CHM659N,2026-10-09
ch_cpi_yoy,2006-03-01,2006-05-10,1.028795,https://fred.stlouisfed.org/graph/fredgraph.csv?id=CPALTT01CHM659N,2026-10-09
ch_cpi_yoy,2006-04-01,2006-06-09,1.059165,https://fred.stlouisfed.org/graph/fredgraph.csv?id=CPALTT01CHM659N,2026-10-09
ch_cpi_yoy,2006-05-01,2006-07-10,1.361907,https://fred.stlouisfed.org/graph/fredgraph.csv?id=CPALTT01CHM659N,2026-10-09
ch_cpi_yoy,2006-06-01,2006-08-09,1.5621,https://fred.stlouisfed.org/graph/fredgraph.csv?id=CPALTT01CHM659N,2026-10-09
ch_cpi_yoy,2006-07-01,2006-09-09,1.424671,https://fred.stlouisfed.org/graph/fredgraph.csv?id=CPALTT01CHM659N,2026-10-09
ch_cpi_yoy,2006-08-01,2006-10-10,1.452135,https://fred.stlouisfed.org/graph/fredgraph.csv?id=CPALTT01CHM659N,2026-10-09
ch_cpi_yoy,2006-09-01,2006-11-09,0.7939003000000001,https://fred.stlouisfed.org/graph/fredgraph.csv?id=CPALTT01CHM659N,2026-10-09
ch_cpi_yoy,2006-10-01,2006-12-10,0.2586047999999999,https://fred.stlouisfed.org/graph/fredgraph.csv?id=CPALTT01CHM659N,2026-10-09
ch_cpi_yoy,2006-11-01,2007-01-09,0.4977289000000001,https://fred.stlouisfed.org/graph/fredgraph.csv?id=CPALTT01CHM659N,2026-10-09
ch_cpi_yoy,2006-12-01,2007-02-09,0.6209756999999999,https://fred.stlouisfed.org/graph/fredgraph.csv?id=CPALTT01CHM659N,2026-10-09
ch_cpi_yoy,2007-01-01,2007-03-12,0.1020304,https://fred.stlouisfed.org/graph/fredgraph.csv?id=CPALTT01CHM659N,2026-10-09
ch_cpi_yoy,2007-02-01,2007-04-09,-0.01143766,https://fred.stlouisfed.org/graph/fredgraph.csv?id=CPALTT01CHM659N,2026-10-09
ch_cpi_yoy,2007-03-01,2007-05-10,0.1728719,https://fred.stlouisfed.org/graph/fredgraph.csv?id=CPALTT01CHM659N,2026-10-09
ch_cpi_yoy,2007-04-01,2007-06-09,0.4539349,https://fred.stlouisfed.org/graph/fredgraph.csv?id=CPALTT01CHM659N,2026-10-09
ch_cpi_yoy,2007-05-01,2007-07-10,0.4879317,https://fred.stlouisfed.org/graph/fredgraph.csv?id=CPALTT01CHM659N,2026-10-09
ch_cpi_yoy,2007-06-01,2007-08-09,0.6308541999999999,https://fred.stlouisfed.org/graph/fredgraph.csv?id=CPALTT01CHM659N,2026-10-09
ch_cpi_yoy,2007-07-01,2007-09-09,0.7203642,https://fred.stlouisfed.org/graph/fredgraph.csv?id=CPALTT01CHM659N,2026-10-09
ch_cpi_yoy,2007-08-01,2007-10-10,0.4358537,https://fred.stlouisfed.org/graph/fredgraph.csv?id=CPALTT01CHM659N,2026-10-09
ch_cpi_yoy,2007-09-01,2007-11-09,0.7471791999999999,https://fred.stlouisfed.org/graph/fredgraph.csv?id=CPALTT01CHM659N,2026-10-09
ch_cpi_yoy,2007-10-01,2007-12-10,1.264393,https://fred.stlouisfed.org/graph/fredgraph.csv?id=CPALTT01CHM659N,2026-10-09
ch_cpi_yoy,2007-11-01,2008-01-09,1.7700630000000002,https://fred.stlouisfed.org/graph/fredgraph.csv?id=CPALTT01CHM659N,2026-10-09
ch_cpi_yoy,2007-12-01,2008-02-09,2.004065,https://fred.stlouisfed.org/graph/fredgraph.csv?id=CPALTT01CHM659N,2026-10-09
ch_cpi_yoy,2008-01-01,2008-03-11,2.426277,https://fred.stlouisfed.org/graph/fredgraph.csv?id=CPALTT01CHM659N,2026-10-09
ch_cpi_yoy,2008-02-01,2008-04-09,2.364599,https://fred.stlouisfed.org/graph/fredgraph.csv?id=CPALTT01CHM659N,2026-10-09
ch_cpi_yoy,2008-03-01,2008-05-10,2.630854,https://fred.stlouisfed.org/graph/fredgraph.csv?id=CPALTT01CHM659N,2026-10-09
ch_cpi_yoy,2008-04-01,2008-06-09,2.2839400000000003,https://fred.stlouisfed.org/graph/fredgraph.csv?id=CPALTT01CHM659N,2026-10-09
ch_cpi_yoy,2008-05-01,2008-07-10,2.855486,https://fred.stlouisfed.org/graph/fredgraph.csv?id=CPALTT01CHM659N,2026-10-09
ch_cpi_yoy,2008-06-01,2008-08-09,2.911753,https://fred.stlouisfed.org/graph/fredgraph.csv?id=CPALTT01CHM659N,2026-10-09
ch_cpi_yoy,2008-07-01,2008-09-09,3.074805,https://fred.stlouisfed.org/graph/fredgraph.csv?id=CPALTT01CHM659N,2026-10-09
ch_cpi_yoy,2008-08-01,2008-10-10,2.921371,https://fred.stlouisfed.org/graph/fredgraph.csv?id=CPALTT01CHM659N,2026-10-09
ch_cpi_yoy,2008-09-01,2008-11-09,2.927193,https://fred.stlouisfed.org/graph/fredgraph.csv?id=CPALTT01CHM659N,2026-10-09
ch_cpi_yoy,2008-10-01,2008-12-10,2.598034,https://fred.stlouisfed.org/graph/fredgraph.csv?id=CPALTT01CHM659N,2026-10-09
ch_cpi_yoy,2008-11-01,2009-01-09,1.45226,https://fred.stlouisfed.org/graph/fredgraph.csv?id=CPALTT01CHM659N,2026-10-09
ch_cpi_yoy,2008-12-01,2009-02-09,0.7009566999999999,https://fred.stlouisfed.org/graph/fredgraph.csv?id=CPALTT01CHM659N,2026-10-09
ch_cpi_yoy,2009-01-01,2009-03-12,0.1391768,https://fred.stlouisfed.org/graph/fredgraph.csv?id=CPALTT01CHM659N,2026-10-09
ch_cpi_yoy,2009-02-01,2009-04-09,0.2374630999999999,https://fred.stlouisfed.org/graph/fredgraph.csv?id=CPALTT01CHM659N,2026-10-09
ch_cpi_yoy,2009-03-01,2009-05-10,-0.4242028,https://fred.stlouisfed.org/graph/fredgraph.csv?id=CPALTT01CHM659N,2026-10-09
ch_cpi_yoy,2009-04-01,2009-06-09,-0.3337622,https://fred.stlouisfed.org/graph/fredgraph.csv?id=CPALTT01CHM659N,2026-10-09
ch_cpi_yoy,2009-05-01,2009-07-10,-0.9611959,https://fred.stlouisfed.org/graph/fredgraph.csv?id=CPALTT01CHM659N,2026-10-09
ch_cpi_yoy,2009-06-01,2009-08-09,-0.9510706,https://fred.stlouisfed.org/graph/fredgraph.csv?id=CPALTT01CHM659N,2026-10-09
ch_cpi_yoy,2009-07-01,2009-09-09,-1.177726,https://fred.stlouisfed.org/graph/fredgraph.csv?id=CPALTT01CHM659N,2026-10-09
ch_cpi_yoy,2009-08-01,2009-10-10,-0.8099313,https://fred.stlouisfed.org/graph/fredgraph.csv?id=CPALTT01CHM659N,2026-10-09
ch_cpi_yoy,2009-09-01,2009-11-09,-0.9225546,https://fred.stlouisfed.org/graph/fredgraph.csv?id=CPALTT01CHM659N,2026-10-09
ch_cpi_yoy,2009-10-01,2009-12-10,-0.8336844999999999,https://fred.stlouisfed.org/graph/fredgraph.csv?id=CPALTT01CHM659N,2026-10-09
ch_cpi_yoy,2009-11-01,2010-01-09,0.0239202,https://fred.stlouisfed.org/graph/fredgraph.csv?id=CPALTT01CHM659N,2026-10-09
ch_cpi_yoy,2009-12-01,2010-02-09,0.2826455,https://fred.stlouisfed.org/graph/fredgraph.csv?id=CPALTT01CHM659N,2026-10-09
ch_cpi_yoy,2010-01-01,2010-03-12,1.023668,https://fred.stlouisfed.org/graph/fredgraph.csv?id=CPALTT01CHM659N,2026-10-09
ch_cpi_yoy,2010-02-01,2010-04-09,0.932771,https://fred.stlouisfed.org/graph/fredgraph.csv?id=CPALTT01CHM659N,2026-10-09
ch_cpi_yoy,2010-03-01,2010-05-10,1.399761,https://fred.stlouisfed.org/graph/fredgraph.csv?id=CPALTT01CHM659N,2026-10-09
ch_cpi_yoy,2010-04-01,2010-06-09,1.372681,https://fred.stlouisfed.org/graph/fredgraph.csv?id=CPALTT01CHM659N,2026-10-09
ch_cpi_yoy,2010-05-01,2010-07-10,1.1068129999999998,https://fred.stlouisfed.org/graph/fredgraph.csv?id=CPALTT01CHM659N,2026-10-09
ch_cpi_yoy,2010-06-01,2010-08-09,0.4862672999999999,https://fred.stlouisfed.org/graph/fredgraph.csv?id=CPALTT01CHM659N,2026-10-09
ch_cpi_yoy,2010-07-01,2010-09-09,0.4185069,https://fred.stlouisfed.org/graph/fredgraph.csv?id=CPALTT01CHM659N,2026-10-09
ch_cpi_yoy,2010-08-01,2010-10-10,0.2934442,https://fred.stlouisfed.org/graph/fredgraph.csv?id=CPALTT01CHM659N,2026-10-09
ch_cpi_yoy,2010-09-01,2010-11-09,0.2830641,https://fred.stlouisfed.org/graph/fredgraph.csv?id=CPALTT01CHM659N,2026-10-09
ch_cpi_yoy,2010-10-01,2010-12-10,0.193953,https://fred.stlouisfed.org/graph/fredgraph.csv?id=CPALTT01CHM659N,2026-10-09
ch_cpi_yoy,2010-11-01,2011-01-09,0.2410146,https://fred.stlouisfed.org/graph/fredgraph.csv?id=CPALTT01CHM659N,2026-10-09
ch_cpi_yoy,2010-12-01,2011-02-09,0.5196002000000001,https://fred.stlouisfed.org/graph/fredgraph.csv?id=CPALTT01CHM659N,2026-10-09
ch_cpi_yoy,2011-01-01,2011-03-12,0.2785081,https://fred.stlouisfed.org/graph/fredgraph.csv?id=CPALTT01CHM659N,2026-10-09
ch_cpi_yoy,2011-02-01,2011-04-09,0.5101517,https://fred.stlouisfed.org/graph/fredgraph.csv?id=CPALTT01CHM659N,2026-10-09
ch_cpi_yoy,2011-03-01,2011-05-10,1.004233,https://fred.stlouisfed.org/graph/fredgraph.csv?id=CPALTT01CHM659N,2026-10-09
ch_cpi_yoy,2011-04-01,2011-06-09,0.2588665,https://fred.stlouisfed.org/graph/fredgraph.csv?id=CPALTT01CHM659N,2026-10-09
ch_cpi_yoy,2011-05-01,2011-07-10,0.3690044,https://fred.stlouisfed.org/graph/fredgraph.csv?id=CPALTT01CHM659N,2026-10-09
ch_cpi_yoy,2011-06-01,2011-08-09,0.5643210999999999,https://fred.stlouisfed.org/graph/fredgraph.csv?id=CPALTT01CHM659N,2026-10-09
ch_cpi_yoy,2011-07-01,2011-09-09,0.4720475,https://fred.stlouisfed.org/graph/fredgraph.csv?id=CPALTT01CHM659N,2026-10-09
ch_cpi_yoy,2011-08-01,2011-10-10,0.1922875,https://fred.stlouisfed.org/graph/fredgraph.csv?id=CPALTT01CHM659N,2026-10-09
ch_cpi_yoy,2011-09-01,2011-11-09,0.4857769,https://fred.stlouisfed.org/graph/fredgraph.csv?id=CPALTT01CHM659N,2026-10-09
ch_cpi_yoy,2011-10-01,2011-12-10,-0.1124856,https://fred.stlouisfed.org/graph/fredgraph.csv?id=CPALTT01CHM659N,2026-10-09
ch_cpi_yoy,2011-11-01,2012-01-09,-0.525737,https://fred.stlouisfed.org/graph/fredgraph.csv?id=CPALTT01CHM659N,2026-10-09
ch_cpi_yoy,2011-12-01,2012-02-09,-0.7146706,https://fred.stlouisfed.org/graph/fredgraph.csv?id=CPALTT01CHM659N,2026-10-09
ch_cpi_yoy,2012-01-01,2012-03-11,-0.7894753000000001,https://fred.stlouisfed.org/graph/fredgraph.csv?id=CPALTT01CHM659N,2026-10-09
ch_cpi_yoy,2012-02-01,2012-04-09,-0.8835491,https://fred.stlouisfed.org/graph/fredgraph.csv?id=CPALTT01CHM659N,2026-10-09
ch_cpi_yoy,2012-03-01,2012-05-10,-0.9542716,https://fred.stlouisfed.org/graph/fredgraph.csv?id=CPALTT01CHM659N,2026-10-09
ch_cpi_yoy,2012-04-01,2012-06-09,-0.9895484,https://fred.stlouisfed.org/graph/fredgraph.csv?id=CPALTT01CHM659N,2026-10-09
ch_cpi_yoy,2012-05-01,2012-07-10,-1.013637,https://fred.stlouisfed.org/graph/fredgraph.csv?id=CPALTT01CHM659N,2026-10-09
ch_cpi_yoy,2012-06-01,2012-08-09,-1.053775,https://fred.stlouisfed.org/graph/fredgraph.csv?id=CPALTT01CHM659N,2026-10-09
ch_cpi_yoy,2012-07-01,2012-09-09,-0.7141451,https://fred.stlouisfed.org/graph/fredgraph.csv?id=CPALTT01CHM659N,2026-10-09
ch_cpi_yoy,2012-08-01,2012-10-10,-0.4530422,https://fred.stlouisfed.org/graph/fredgraph.csv?id=CPALTT01CHM659N,2026-10-09
ch_cpi_yoy,2012-09-01,2012-11-09,-0.4114558,https://fred.stlouisfed.org/graph/fredgraph.csv?id=CPALTT01CHM659N,2026-10-09
ch_cpi_yoy,2012-10-01,2012-12-10,-0.2221703,https://fred.stlouisfed.org/graph/fredgraph.csv?id=CPALTT01CHM659N,2026-10-09
ch_cpi_yoy,2012-11-01,2013-01-09,-0.3753399,https://fred.stlouisfed.org/graph/fredgraph.csv?id=CPALTT01CHM659N,2026-10-09
ch_cpi_yoy,2012-12-01,2013-02-09,-0.4344391999999999,https://fred.stlouisfed.org/graph/fredgraph.csv?id=CPALTT01CHM659N,2026-10-09
ch_cpi_yoy,2013-01-01,2013-03-12,-0.2697197,https://fred.stlouisfed.org/graph/fredgraph.csv?id=CPALTT01CHM659N,2026-10-09
ch_cpi_yoy,2013-02-01,2013-04-09,-0.2560929999999999,https://fred.stlouisfed.org/graph/fredgraph.csv?id=CPALTT01CHM659N,2026-10-09
ch_cpi_yoy,2013-03-01,2013-05-10,-0.5936138000000001,https://fred.stlouisfed.org/graph/fredgraph.csv?id=CPALTT01CHM659N,2026-10-09
ch_cpi_yoy,2013-04-01,2013-06-09,-0.6343876,https://fred.stlouisfed.org/graph/fredgraph.csv?id=CPALTT01CHM659N,2026-10-09
ch_cpi_yoy,2013-05-01,2013-07-10,-0.5073840000000001,https://fred.stlouisfed.org/graph/fredgraph.csv?id=CPALTT01CHM659N,2026-10-09
ch_cpi_yoy,2013-06-01,2013-08-09,-0.1278708,https://fred.stlouisfed.org/graph/fredgraph.csv?id=CPALTT01CHM659N,2026-10-09
ch_cpi_yoy,2013-07-01,2013-09-09,-0.002776002,https://fred.stlouisfed.org/graph/fredgraph.csv?id=CPALTT01CHM659N,2026-10-09
ch_cpi_yoy,2013-08-01,2013-10-10,-0.04462776,https://fred.stlouisfed.org/graph/fredgraph.csv?id=CPALTT01CHM659N,2026-10-09
ch_cpi_yoy,2013-09-01,2013-11-09,-0.05536425,https://fred.stlouisfed.org/graph/fredgraph.csv?id=CPALTT01CHM659N,2026-10-09
ch_cpi_yoy,2013-10-01,2013-12-10,-0.2552502,https://fred.stlouisfed.org/graph/fredgraph.csv?id=CPALTT01CHM659N,2026-10-09
ch_cpi_yoy,2013-11-01,2014-01-09,0.0797494,https://fred.stlouisfed.org/graph/fredgraph.csv?id=CPALTT01CHM659N,2026-10-09
ch_cpi_yoy,2013-12-01,2014-02-09,0.06711316,https://fred.stlouisfed.org/graph/fredgraph.csv?id=CPALTT01CHM659N,2026-10-09
ch_cpi_yoy,2014-01-01,2014-03-12,0.05444818,https://fred.stlouisfed.org/graph/fredgraph.csv?id=CPALTT01CHM659N,2026-10-09
ch_cpi_yoy,2014-02-01,2014-04-09,-0.1411284,https://fred.stlouisfed.org/graph/fredgraph.csv?id=CPALTT01CHM659N,2026-10-09
ch_cpi_yoy,2014-03-01,2014-05-10,0.0027728759999999,https://fred.stlouisfed.org/graph/fredgraph.csv?id=CPALTT01CHM659N,2026-10-09
ch_cpi_yoy,2014-04-01,2014-06-09,0.03801521,https://fred.stlouisfed.org/graph/fredgraph.csv?id=CPALTT01CHM659N,2026-10-09
ch_cpi_yoy,2014-05-01,2014-07-10,0.2208195,https://fred.stlouisfed.org/graph/fredgraph.csv?id=CPALTT01CHM659N,2026-10-09
ch_cpi_yoy,2014-06-01,2014-08-09,0.04959362,https://fred.stlouisfed.org/graph/fredgraph.csv?id=CPALTT01CHM659N,2026-10-09
ch_cpi_yoy,2014-07-01,2014-09-09,0.0319249,https://fred.stlouisfed.org/graph/fredgraph.csv?id=CPALTT01CHM659N,2026-10-09
ch_cpi_yoy,2014-08-01,2014-10-10,0.07173394,https://fred.stlouisfed.org/graph/fredgraph.csv?id=CPALTT01CHM659N,2026-10-09
ch_cpi_yoy,2014-09-01,2014-11-09,-0.08764268,https://fred.stlouisfed.org/graph/fredgraph.csv?id=CPALTT01CHM659N,2026-10-09
ch_cpi_yoy,2014-10-01,2014-12-10,-0.01267142,https://fred.stlouisfed.org/graph/fredgraph.csv?id=CPALTT01CHM659N,2026-10-09
ch_cpi_yoy,2014-11-01,2015-01-09,-0.05860127,https://fred.stlouisfed.org/graph/fredgraph.csv?id=CPALTT01CHM659N,2026-10-09
ch_cpi_yoy,2014-12-01,2015-02-09,-0.3283958,https://fred.stlouisfed.org/graph/fredgraph.csv?id=CPALTT01CHM659N,2026-10-09
ch_cpi_yoy,2015-01-01,2015-03-12,-0.4852901,https://fred.stlouisfed.org/graph/fredgraph.csv?id=CPALTT01CHM659N,2026-10-09
ch_cpi_yoy,2015-02-01,2015-04-09,-0.8396186999999999,https://fred.stlouisfed.org/graph/fredgraph.csv?id=CPALTT01CHM659N,2026-10-09
ch_cpi_yoy,2015-03-01,2015-05-10,-0.8746200000000001,https://fred.stlouisfed.org/graph/fredgraph.csv?id=CPALTT01CHM659N,2026-10-09
ch_cpi_yoy,2015-04-01,2015-06-09,-1.122606,https://fred.stlouisfed.org/graph/fredgraph.csv?id=CPALTT01CHM659N,2026-10-09
ch_cpi_yoy,2015-05-01,2015-07-10,-1.181885,https://fred.stlouisfed.org/graph/fredgraph.csv?id=CPALTT01CHM659N,2026-10-09
ch_cpi_yoy,2015-06-01,2015-08-09,-1.037296,https://fred.stlouisfed.org/graph/fredgraph.csv?id=CPALTT01CHM659N,2026-10-09
ch_cpi_yoy,2015-07-01,2015-09-09,-1.275994,https://fred.stlouisfed.org/graph/fredgraph.csv?id=CPALTT01CHM659N,2026-10-09
ch_cpi_yoy,2015-08-01,2015-10-10,-1.402519,https://fred.stlouisfed.org/graph/fredgraph.csv?id=CPALTT01CHM659N,2026-10-09
ch_cpi_yoy,2015-09-01,2015-11-09,-1.44361,https://fred.stlouisfed.org/graph/fredgraph.csv?id=CPALTT01CHM659N,2026-10-09
ch_cpi_yoy,2015-10-01,2015-12-10,-1.359875,https://fred.stlouisfed.org/graph/fredgraph.csv?id=CPALTT01CHM659N,2026-10-09
ch_cpi_yoy,2015-11-01,2016-01-09,-1.392497,https://fred.stlouisfed.org/graph/fredgraph.csv?id=CPALTT01CHM659N,2026-10-09
ch_cpi_yoy,2015-12-01,2016-02-09,-1.308355,https://fred.stlouisfed.org/graph/fredgraph.csv?id=CPALTT01CHM659N,2026-10-09
ch_cpi_yoy,2016-01-01,2016-03-11,-1.266628,https://fred.stlouisfed.org/graph/fredgraph.csv?id=CPALTT01CHM659N,2026-10-09
ch_cpi_yoy,2016-02-01,2016-04-09,-0.8284864,https://fred.stlouisfed.org/graph/fredgraph.csv?id=CPALTT01CHM659N,2026-10-09
ch_cpi_yoy,2016-03-01,2016-05-10,-0.8607582,https://fred.stlouisfed.org/graph/fredgraph.csv?id=CPALTT01CHM659N,2026-10-09
ch_cpi_yoy,2016-04-01,2016-06-09,-0.351995,https://fred.stlouisfed.org/graph/fredgraph.csv?id=CPALTT01CHM659N,2026-10-09
ch_cpi_yoy,2016-05-01,2016-07-10,-0.4399454,https://fred.stlouisfed.org/graph/fredgraph.csv?id=CPALTT01CHM659N,2026-10-09
ch_cpi_yoy,2016-06-01,2016-08-09,-0.3740680999999999,https://fred.stlouisfed.org/graph/fredgraph.csv?id=CPALTT01CHM659N,2026-10-09
ch_cpi_yoy,2016-07-01,2016-09-09,-0.2028983999999999,https://fred.stlouisfed.org/graph/fredgraph.csv?id=CPALTT01CHM659N,2026-10-09
ch_cpi_yoy,2016-08-01,2016-10-10,-0.1430916,https://fred.stlouisfed.org/graph/fredgraph.csv?id=CPALTT01CHM659N,2026-10-09
ch_cpi_yoy,2016-09-01,2016-11-09,-0.1815248,https://fred.stlouisfed.org/graph/fredgraph.csv?id=CPALTT01CHM659N,2026-10-09
ch_cpi_yoy,2016-10-01,2016-12-10,-0.2127907,https://fred.stlouisfed.org/graph/fredgraph.csv?id=CPALTT01CHM659N,2026-10-09
ch_cpi_yoy,2016-11-01,2017-01-09,-0.3381996,https://fred.stlouisfed.org/graph/fredgraph.csv?id=CPALTT01CHM659N,2026-10-09
ch_cpi_yoy,2016-12-01,2017-02-09,-0.006757602,https://fred.stlouisfed.org/graph/fredgraph.csv?id=CPALTT01CHM659N,2026-10-09
ch_cpi_yoy,2017-01-01,2017-03-12,0.3489182,https://fred.stlouisfed.org/graph/fredgraph.csv?id=CPALTT01CHM659N,2026-10-09
ch_cpi_yoy,2017-02-01,2017-04-09,0.6460109,https://fred.stlouisfed.org/graph/fredgraph.csv?id=CPALTT01CHM659N,2026-10-09
ch_cpi_yoy,2017-03-01,2017-05-10,0.5678371,https://fred.stlouisfed.org/graph/fredgraph.csv?id=CPALTT01CHM659N,2026-10-09
ch_cpi_yoy,2017-04-01,2017-06-09,0.4378066,https://fred.stlouisfed.org/graph/fredgraph.csv?id=CPALTT01CHM659N,2026-10-09
ch_cpi_yoy,2017-05-01,2017-07-10,0.4793989,https://fred.stlouisfed.org/graph/fredgraph.csv?id=CPALTT01CHM659N,2026-10-09
ch_cpi_yoy,2017-06-01,2017-08-09,0.1972007,https://fred.stlouisfed.org/graph/fredgraph.csv?id=CPALTT01CHM659N,2026-10-09
ch_cpi_yoy,2017-07-01,2017-09-09,0.3292611,https://fred.stlouisfed.org/graph/fredgraph.csv?id=CPALTT01CHM659N,2026-10-09
ch_cpi_yoy,2017-08-01,2017-10-10,0.4627181999999999,https://fred.stlouisfed.org/graph/fredgraph.csv?id=CPALTT01CHM659N,2026-10-09
ch_cpi_yoy,2017-09-01,2017-11-09,0.6520411,https://fred.stlouisfed.org/graph/fredgraph.csv?id=CPALTT01CHM659N,2026-10-09
ch_cpi_yoy,2017-10-01,2017-12-10,0.6609573000000001,https://fred.stlouisfed.org/graph/fredgraph.csv?id=CPALTT01CHM659N,2026-10-09
ch_cpi_yoy,2017-11-01,2018-01-09,0.7870397,https://fred.stlouisfed.org/graph/fredgraph.csv?id=CPALTT01CHM659N,2026-10-09
ch_cpi_yoy,2017-12-01,2018-02-09,0.8387053,https://fred.stlouisfed.org/graph/fredgraph.csv?id=CPALTT01CHM659N,2026-10-09
ch_cpi_yoy,2018-01-01,2018-03-12,0.7402101,https://fred.stlouisfed.org/graph/fredgraph.csv?id=CPALTT01CHM659N,2026-10-09
ch_cpi_yoy,2018-02-01,2018-04-09,0.6281071999999999,https://fred.stlouisfed.org/graph/fredgraph.csv?id=CPALTT01CHM659N,2026-10-09
ch_cpi_yoy,2018-03-01,2018-05-10,0.7953932,https://fred.stlouisfed.org/graph/fredgraph.csv?id=CPALTT01CHM659N,2026-10-09
ch_cpi_yoy,2018-04-01,2018-06-09,0.8031968,https://fred.stlouisfed.org/graph/fredgraph.csv?id=CPALTT01CHM659N,2026-10-09
ch_cpi_yoy,2018-05-01,2018-07-10,0.9992394,https://fred.stlouisfed.org/graph/fredgraph.csv?id=CPALTT01CHM659N,2026-10-09
ch_cpi_yoy,2018-06-01,2018-08-09,1.146591,https://fred.stlouisfed.org/graph/fredgraph.csv?id=CPALTT01CHM659N,2026-10-09
ch_cpi_yoy,2018-07-01,2018-09-09,1.230301,https://fred.stlouisfed.org/graph/fredgraph.csv?id=CPALTT01CHM659N,2026-10-09
ch_cpi_yoy,2018-08-01,2018-10-10,1.181087,https://fred.stlouisfed.org/graph/fredgraph.csv?id=CPALTT01CHM659N,2026-10-09
ch_cpi_yoy,2018-09-01,2018-11-09,0.9894733,https://fred.stlouisfed.org/graph/fredgraph.csv?id=CPALTT01CHM659N,2026-10-09
ch_cpi_yoy,2018-10-01,2018-12-10,1.106587,https://fred.stlouisfed.org/graph/fredgraph.csv?id=CPALTT01CHM659N,2026-10-09
ch_cpi_yoy,2018-11-01,2019-01-09,0.9219926,https://fred.stlouisfed.org/graph/fredgraph.csv?id=CPALTT01CHM659N,2026-10-09
ch_cpi_yoy,2018-12-01,2019-02-09,0.6914908000000001,https://fred.stlouisfed.org/graph/fredgraph.csv?id=CPALTT01CHM659N,2026-10-09
ch_cpi_yoy,2019-01-01,2019-03-12,0.5600928000000001,https://fred.stlouisfed.org/graph/fredgraph.csv?id=CPALTT01CHM659N,2026-10-09
ch_cpi_yoy,2019-02-01,2019-04-09,0.5785826,https://fred.stlouisfed.org/graph/fredgraph.csv?id=CPALTT01CHM659N,2026-10-09
ch_cpi_yoy,2019-03-01,2019-05-10,0.7290729,https://fred.stlouisfed.org/graph/fredgraph.csv?id=CPALTT01CHM659N,2026-10-09
ch_cpi_yoy,2019-04-01,2019-06-09,0.7080104,https://fred.stlouisfed.org/graph/fredgraph.csv?id=CPALTT01CHM659N,2026-10-09
ch_cpi_yoy,2019-05-01,2019-07-10,0.6342693,https://fred.stlouisfed.org/graph/fredgraph.csv?id=CPALTT01CHM659N,2026-10-09
ch_cpi_yoy,2019-06-01,2019-08-09,0.600248,https://fred.stlouisfed.org/graph/fredgraph.csv?id=CPALTT01CHM659N,2026-10-09
ch_cpi_yoy,2019-07-01,2019-09-09,0.3118107,https://fred.stlouisfed.org/graph/fredgraph.csv?id=CPALTT01CHM659N,2026-10-09
ch_cpi_yoy,2019-08-01,2019-10-10,0.3179044,https://fred.stlouisfed.org/graph/fredgraph.csv?id=CPALTT01CHM659N,2026-10-09
ch_cpi_yoy,2019-09-01,2019-11-09,0.1483132999999999,https://fred.stlouisfed.org/graph/fredgraph.csv?id=CPALTT01CHM659N,2026-10-09
ch_cpi_yoy,2019-10-01,2019-12-10,-0.253111,https://fred.stlouisfed.org/graph/fredgraph.csv?id=CPALTT01CHM659N,2026-10-09
ch_cpi_yoy,2019-11-01,2020-01-09,-0.1311894,https://fred.stlouisfed.org/graph/fredgraph.csv?id=CPALTT01CHM659N,2026-10-09
ch_cpi_yoy,2019-12-01,2020-02-09,0.1557662,https://fred.stlouisfed.org/graph/fredgraph.csv?id=CPALTT01CHM659N,2026-10-09
ch_cpi_yoy,2020-01-01,2020-03-11,0.2022912,https://fred.stlouisfed.org/graph/fredgraph.csv?id=CPALTT01CHM659N,2026-10-09
ch_cpi_yoy,2020-02-01,2020-04-09,-0.06220843,https://fred.stlouisfed.org/graph/fredgraph.csv?id=CPALTT01CHM659N,2026-10-09
ch_cpi_yoy,2020-03-01,2020-05-10,-0.5151643,https://fred.stlouisfed.org/graph/fredgraph.csv?id=CPALTT01CHM659N,2026-10-09
ch_cpi_yoy,2020-04-01,2020-06-09,-1.062972,https://fred.stlouisfed.org/graph/fredgraph.csv?id=CPALTT01CHM659N,2026-10-09
ch_cpi_yoy,2020-05-01,2020-07-10,-1.324572,https://fred.stlouisfed.org/graph/fredgraph.csv?id=CPALTT01CHM659N,2026-10-09
ch_cpi_yoy,2020-06-01,2020-08-09,-1.274768,https://fred.stlouisfed.org/graph/fredgraph.csv?id=CPALTT01CHM659N,2026-10-09
ch_cpi_yoy,2020-07-01,2020-09-09,-0.9198853,https://fred.stlouisfed.org/graph/fredgraph.csv?id=CPALTT01CHM659N,2026-10-09
ch_cpi_yoy,2020-08-01,2020-10-10,-0.8661587,https://fred.stlouisfed.org/graph/fredgraph.csv?id=CPALTT01CHM659N,2026-10-09
ch_cpi_yoy,2020-09-01,2020-11-09,-0.7998837,https://fred.stlouisfed.org/graph/fredgraph.csv?id=CPALTT01CHM659N,2026-10-09
ch_cpi_yoy,2020-10-01,2020-12-10,-0.5703256,https://fred.stlouisfed.org/graph/fredgraph.csv?id=CPALTT01CHM659N,2026-10-09
ch_cpi_yoy,2020-11-01,2021-01-09,-0.6847875,https://fred.stlouisfed.org/graph/fredgraph.csv?id=CPALTT01CHM659N,2026-10-09
ch_cpi_yoy,2020-12-01,2021-02-09,-0.8138226,https://fred.stlouisfed.org/graph/fredgraph.csv?id=CPALTT01CHM659N,2026-10-09
ch_cpi_yoy,2021-01-01,2021-03-12,-0.5443183000000001,https://fred.stlouisfed.org/graph/fredgraph.csv?id=CPALTT01CHM659N,2026-10-09
ch_cpi_yoy,2021-02-01,2021-04-09,-0.5040331,https://fred.stlouisfed.org/graph/fredgraph.csv?id=CPALTT01CHM659N,2026-10-09
ch_cpi_yoy,2021-03-01,2021-05-10,-0.2452262,https://fred.stlouisfed.org/graph/fredgraph.csv?id=CPALTT01CHM659N,2026-10-09
ch_cpi_yoy,2021-04-01,2021-06-09,0.3278632999999999,https://fred.stlouisfed.org/graph/fredgraph.csv?id=CPALTT01CHM659N,2026-10-09
ch_cpi_yoy,2021-05-01,2021-07-10,0.5509537,https://fred.stlouisfed.org/graph/fredgraph.csv?id=CPALTT01CHM659N,2026-10-09
ch_cpi_yoy,2021-06-01,2021-08-09,0.6044704000000001,https://fred.stlouisfed.org/graph/fredgraph.csv?id=CPALTT01CHM659N,2026-10-09
ch_cpi_yoy,2021-07-01,2021-09-09,0.6787791999999999,https://fred.stlouisfed.org/graph/fredgraph.csv?id=CPALTT01CHM659N,2026-10-09
ch_cpi_yoy,2021-08-01,2021-10-10,0.8815960999999999,https://fred.stlouisfed.org/graph/fredgraph.csv?id=CPALTT01CHM659N,2026-10-09
ch_cpi_yoy,2021-09-01,2021-11-09,0.9423667,https://fred.stlouisfed.org/graph/fredgraph.csv?id=CPALTT01CHM659N,2026-10-09
ch_cpi_yoy,2021-10-01,2021-12-10,1.241863,https://fred.stlouisfed.org/graph/fredgraph.csv?id=CPALTT01CHM659N,2026-10-09
ch_cpi_yoy,2021-11-01,2022-01-09,1.532864,https://fred.stlouisfed.org/graph/fredgraph.csv?id=CPALTT01CHM659N,2026-10-09
ch_cpi_yoy,2021-12-01,2022-02-09,1.5311,https://fred.stlouisfed.org/graph/fredgraph.csv?id=CPALTT01CHM659N,2026-10-09
ch_cpi_yoy,2022-01-01,2022-03-12,1.648788,https://fred.stlouisfed.org/graph/fredgraph.csv?id=CPALTT01CHM659N,2026-10-09
ch_cpi_yoy,2022-02-01,2022-04-09,2.150872,https://fred.stlouisfed.org/graph/fredgraph.csv?id=CPALTT01CHM659N,2026-10-09
ch_cpi_yoy,2022-03-01,2022-05-10,2.386192,https://fred.stlouisfed.org/graph/fredgraph.csv?id=CPALTT01CHM659N,2026-10-09
ch_cpi_yoy,2022-04-01,2022-06-09,2.548044,https://fred.stlouisfed.org/graph/fredgraph.csv?id=CPALTT01CHM659N,2026-10-09
ch_cpi_yoy,2022-05-01,2022-07-10,2.942478,https://fred.stlouisfed.org/graph/fredgraph.csv?id=CPALTT01CHM659N,2026-10-09
ch_cpi_yoy,2022-06-01,2022-08-09,3.384971,https://fred.stlouisfed.org/graph/fredgraph.csv?id=CPALTT01CHM659N,2026-10-09
ch_cpi_yoy,2022-07-01,2022-09-09,3.433475,https://fred.stlouisfed.org/graph/fredgraph.csv?id=CPALTT01CHM659N,2026-10-09
ch_cpi_yoy,2022-08-01,2022-10-10,3.45212,https://fred.stlouisfed.org/graph/fredgraph.csv?id=CPALTT01CHM659N,2026-10-09
ch_cpi_yoy,2022-09-01,2022-11-09,3.252485,https://fred.stlouisfed.org/graph/fredgraph.csv?id=CPALTT01CHM659N,2026-10-09
ch_cpi_yoy,2022-10-01,2022-12-10,2.996002,https://fred.stlouisfed.org/graph/fredgraph.csv?id=CPALTT01CHM659N,2026-10-09
ch_cpi_yoy,2022-11-01,2023-01-09,2.960212,https://fred.stlouisfed.org/graph/fredgraph.csv?id=CPALTT01CHM659N,2026-10-09
ch_cpi_yoy,2022-12-01,2023-02-09,2.840312,https://fred.stlouisfed.org/graph/fredgraph.csv?id=CPALTT01CHM659N,2026-10-09
ch_cpi_yoy,2023-01-01,2023-03-12,3.2825330000000004,https://fred.stlouisfed.org/graph/fredgraph.csv?id=CPALTT01CHM659N,2026-10-09
ch_cpi_yoy,2023-02-01,2023-04-09,3.371806,https://fred.stlouisfed.org/graph/fredgraph.csv?id=CPALTT01CHM659N,2026-10-09
ch_cpi_yoy,2023-03-01,2023-05-10,2.945302,https://fred.stlouisfed.org/graph/fredgraph.csv?id=CPALTT01CHM659N,2026-10-09
ch_cpi_yoy,2023-04-01,2023-06-09,2.565343,https://fred.stlouisfed.org/graph/fredgraph.csv?id=CPALTT01CHM659N,2026-10-09
ch_cpi_yoy,2023-05-01,2023-07-10,2.158705,https://fred.stlouisfed.org/graph/fredgraph.csv?id=CPALTT01CHM659N,2026-10-09
ch_cpi_yoy,2023-06-01,2023-08-09,1.710877,https://fred.stlouisfed.org/graph/fredgraph.csv?id=CPALTT01CHM659N,2026-10-09
ch_cpi_yoy,2023-07-01,2023-09-09,1.605105,https://fred.stlouisfed.org/graph/fredgraph.csv?id=CPALTT01CHM659N,2026-10-09
ch_cpi_yoy,2023-08-01,2023-10-10,1.5543049999999998,https://fred.stlouisfed.org/graph/fredgraph.csv?id=CPALTT01CHM659N,2026-10-09
ch_cpi_yoy,2023-09-01,2023-11-09,1.654665,https://fred.stlouisfed.org/graph/fredgraph.csv?id=CPALTT01CHM659N,2026-10-09
ch_cpi_yoy,2023-10-01,2023-12-10,1.693438,https://fred.stlouisfed.org/graph/fredgraph.csv?id=CPALTT01CHM659N,2026-10-09
ch_cpi_yoy,2023-11-01,2024-01-09,1.443668,https://fred.stlouisfed.org/graph/fredgraph.csv?id=CPALTT01CHM659N,2026-10-09
ch_cpi_yoy,2023-12-01,2024-02-09,1.714889,https://fred.stlouisfed.org/graph/fredgraph.csv?id=CPALTT01CHM659N,2026-10-09
ch_cpi_yoy,2024-01-01,2024-03-11,1.278613,https://fred.stlouisfed.org/graph/fredgraph.csv?id=CPALTT01CHM659N,2026-10-09
ch_cpi_yoy,2024-02-01,2024-04-09,1.168413,https://fred.stlouisfed.org/graph/fredgraph.csv?id=CPALTT01CHM659N,2026-10-09
ch_cpi_yoy,2024-03-01,2024-05-10,1.044914,https://fred.stlouisfed.org/graph/fredgraph.csv?id=CPALTT01CHM659N,2026-10-09
ch_cpi_yoy,2024-04-01,2024-06-09,1.367822,https://fred.stlouisfed.org/graph/fredgraph.csv?id=CPALTT01CHM659N,2026-10-09
ch_cpi_yoy,2024-05-01,2024-07-10,1.390092,https://fred.stlouisfed.org/graph/fredgraph.csv?id=CPALTT01CHM659N,2026-10-09
ch_cpi_yoy,2024-06-01,2024-08-09,1.328071,https://fred.stlouisfed.org/graph/fredgraph.csv?id=CPALTT01CHM659N,2026-10-09
ch_cpi_yoy,2024-07-01,2024-09-09,1.290586,https://fred.stlouisfed.org/graph/fredgraph.csv?id=CPALTT01CHM659N,2026-10-09
ch_cpi_yoy,2024-08-01,2024-10-10,1.060383,https://fred.stlouisfed.org/graph/fredgraph.csv?id=CPALTT01CHM659N,2026-10-09
ch_cpi_yoy,2024-09-01,2024-11-09,0.8429778,https://fred.stlouisfed.org/graph/fredgraph.csv?id=CPALTT01CHM659N,2026-10-09
ch_cpi_yoy,2024-10-01,2024-12-10,0.6229607,https://fred.stlouisfed.org/graph/fredgraph.csv?id=CPALTT01CHM659N,2026-10-09
ch_cpi_yoy,2024-11-01,2025-01-09,0.7307315,https://fred.stlouisfed.org/graph/fredgraph.csv?id=CPALTT01CHM659N,2026-10-09
ch_cpi_yoy,2024-12-01,2025-02-09,0.6264271,https://fred.stlouisfed.org/graph/fredgraph.csv?id=CPALTT01CHM659N,2026-10-09
ch_cpi_yoy,2025-01-01,2025-03-12,0.4015543,https://fred.stlouisfed.org/graph/fredgraph.csv?id=CPALTT01CHM659N,2026-10-09
ch_cpi_yoy,2025-02-01,2025-04-09,0.3247596,https://fred.stlouisfed.org/graph/fredgraph.csv?id=CPALTT01CHM659N,2026-10-09
ch_cpi_yoy,2025-03-01,2025-05-10,0.3423062,https://fred.stlouisfed.org/graph/fredgraph.csv?id=CPALTT01CHM659N,2026-10-09
ch_cpi_yoy,2025-04-01,2025-06-09,0.03425305,https://fred.stlouisfed.org/graph/fredgraph.csv?id=CPALTT01CHM659N,2026-10-09
