series_id,ref_date,available_date,value,source,fetched_at
dollar_broad,2006-01-02,2006-01-09,101.4155,https://fred.stlouisfed.org/graph/fredgraph.csv?id=DTWEXBGS,2026-10-08
dollar_broad,2006-01-03,2006-01-10,100.7558,https://fred.stlouisfed.org/graph/fredgraph.csv?id=DTWEXBGS,2026-10-08
dollar_broad,2006-01-04,2006-01-11,100.2288,https://fred.stlouisfed.org/graph/fredgraph.csv?id=DTWEXBGS,2026-10-08
dollar_broad,2006-01-05,2006-01-12,100.2992,https://fred.stlouisfed.org/graph/fredgraph.csv?id=DTWEXBGS,2026-10-08
dollar_broad,2006-01-06,2006-01-13,100.0241,https://fred.stlouisfed.org/graph/fredgraph.csv?id=DTWEXBGS,2026-10-08
dollar_broad,2006-01-09,2006-01-16,100.1794,https://fred.stlouisfed.org/graph/fredgraph.csv?id=DTWEXBGS,2026-10-08
dollar_broad,2006-01-10,2006-01-17,100.1436,https://fred.stlouisfed.org/graph/fredgraph.csv?id=DTWEXBGS,2026-10-08
dollar_broad,2006-01-11,2006-01-18,99.871,https://fred.stlouisfed.org/graph/fredgraph.csv?id=DTWEXBGS,2026-10-08
dollar_broad,2006-01-12,2006-01-19,100.0643,https://fred.stlouisfed.org/graph/fredgraph.csv?id=DTWEXBGS,2026-10-08
dollar_broad,2006-01-13,2006-01-20,99.9675,https://fred.stlouisfed.org/graph/fredgraph.csv?id=DTWEXBGS,2026-10-08
dollar_broad,2006-01-16,2006-01-23,99.9715,https://fred.stlouisfed.org/graph/fredgraph.csv?id=DTWEXBGS,2026-10-08
dollar_broad,2006-01-17,2006-01-24,100.2447,https://fred.stlouisfed.org/graph/fredgraph.csv?id=DTWEXBGS,2026-10-08
dollar_broad,2006-01-18,2006-01-25,100.4085,https://fred.stlouisfed.org/graph/fredgraph.csv?id=DTWEXBGS,2026-10-08
dollar_broad,2006-01-19,2006-01-26,100.1862,https://fred.stlouisfed.org/graph/fredgraph.csv?id=DTWEXBGS,2026-10-08
dollar_broad,2006-01-20,2006-01-27,99.9017,https://fred.stlouisfed.org/graph/fredgraph.csv?id=DTWEXBGS,2026-10-08
dollar_broad,2006-01-23,2006-01-30,99.3783,https://fred.stlouisfed.org/graph/fredgraph.csv?id=DTWEXBGS,2026-10-08
dollar_broad,2006-01-24,2006-01-31,99.3434,https://fred.stlouisfed.org/graph/fredgraph.csv?id=DTWEXBGS,2026-10-08
dollar_broad,2006-01-25,2006-02-01,99.348,https://fred.stlouisfed.org/graph/fredgraph.csv?id=DTWEXBGS,2026-10-08
dollar_broad,2006-01-26,2006-02-02,99.4798,https://fred.stlouisfed.org/graph/fredgraph.csv?id=DTWEXBGS,2026-10-08
dollar_broad,2006-01-27,2006-02-03,99.6433,https://fred.stlouisfed.org/graph/fredgraph.csv?id=DTWEXBGS,2026-10-08
dollar_broad,2006-01-30,2006-02-06,99.7144,https://fred.stlouisfed.org/graph/fredgraph.csv?id=DTWEXBGS,2026-10-08
dollar_broad,2006-01-31,2006-02-07,99.4311,https://fred.stlouisfed.org/graph/fredgraph.csv?id=DTWEXBGS,2026-10-08
dollar_broad,2006-02-01,2006-02-08,99.6132,https://fred.stlouisfed.org/graph/fredgraph.csv?id=DTWEXBGS,2026-10-08
dollar_broad,2006-02-02,2006-02-09,99.7916,https://fred.stlouisfed.org/graph/fredgraph.csv?id=DTWEXBGS,2026-10-08
dollar_broad,2006-02-03,2006-02-10,100.118,https://fred.stlouisfed.org/graph/fredgraph.csv?id=DTWEXBGS,2026-10-08
dollar_broad,2006-02-06,2006-02-13,100.1372,https://fred.stlouisfed.org/graph/fredgraph.csv?id=DTWEXBGS,2026-10-08
dollar_broad,2006-02-07,2006-02-14,100.1759,https://fred.stlouisfed.org/graph/fredgraph.csv?id=DTWEXBGS,2026-10-08
dollar_broad,2006-02-08,2006-02-15,100.4879,https://fred.stlouisfed.org/graph/fredgraph.csv?id=DTWEXBGS,2026-10-08
dollar_broad,2006-02-09,2006-02-16,100.2117,https://fred.stlouisfed.org/graph/fredgraph.csv?id=DTWEXBGS,2026-10-08
dollar_broad,2006-02-10,2006-02-17,100.322,https://fred.stlouisfed.org/graph/fredgraph.csv?id=DTWEXBGS,2026-10-08
dollar_broad,2006-02-13,2006-02-20,100.3955,https://fred.stlouisfed.org/graph/fredgraph.csv?id=DTWEXBGS,2026-10-08
dollar_broad,2006-02-14,2006-02-21,100.3987,https://fred.stlouisfed.org/graph/fredgraph.csv?id=DTWEXBGS,2026-10-08
dollar_broad,2006-02-15,2006-02-22,100.4489,https://fred.stlouisfed.org/graph/fredgraph.csv?id=DTWEXBGS,2026-10-08
dollar_broad,2006-02-16,2006-02-23,100.5183,https://fred.stlouisfed.org/graph/fredgraph.csv?id=DTWEXBGS,2026-10-08
dollar_broad,2006-02-17,2006-02-24,100.3404,https://fred.stlouisfed.org/graph/fredgraph.csv?id=DTWEXBGS,2026-10-08
dollar_broad,2006-02-20,2006-02-27,100.3447,https://fred.stlouisfed.org/graph/fredgraph.csv?id=DTWEXBGS,2026-10-08
dollar_broad,2006-02-21,2006-02-28,100.2346,https://fred.stlouisfed.org/graph/fredgraph.csv?id=DTWEXBGS,2026-10-08
dollar_broad,2006-02-22,2006-03-01,100.3879,https://fred.stlouisfed.org/graph/fredgraph.csv?id=DTWEXBGS,2026-10-08
dollar_broad,2006-02-23,2006-03-02,100.1956,https://fred.stlouisfed.org/graph/fredgraph.csv?id=DTWEXBGS,2026-10-08
dollar_broad,2006-02-24,2006-03-03,100.2594,https://fred.stlouisfed.org/graph/fredgraph.csv?id=DTWEXBGS,2026-10-08
dollar_broad,2006-02-27,2006-03-06,100.0724,https://fred.stlouisfed.org/graph/fredgraph.csv?id=DTWEXBGS,2026-10-08
dollar_broad,2006-02-28,2006-03-07,99.7695,https://fred.stlouisfed.org/graph/fredgraph.csv?id=DTWEXBGS,2026-10-08
dollar_broad,2006-03-01,2006-03-08,99.8355,https://fred.stlouisfed.org/graph/fredgraph.csv?id=DTWEXBGS,2026-10-08
dollar_broad,2006-03-02,2006-03-09,99.5969,https://fred.stlouisfed.org/graph/fredgraph.csv?id=DTWEXBGS,2026-10-08
dollar_broad,2006-03-03,2006-03-10,99.7024,https://fred.stlouisfed.org/graph/fredgraph.csv?id=DTWEXBGS,2026-10-08
dollar_broad,2006-03-06,2006-03-13,99.9834,https://fred.stlouisfed.org/graph/fredgraph.csv?id=DTWEXBGS,2026-10-08
dollar_broad,2006-03-07,2006-03-14,100.564,https://fred.stlouisfed.org/graph/fredgraph.csv?id=DTWEXBGS,2026-10-08
dollar_broad,2006-03-08,2006-03-15,100.8565,https://fred.stlouisfed.org/graph/fredgraph.csv?id=DTWEXBGS,2026-10-08
dollar_broad,2006-03-09,2006-03-16,100.7718,https://fred.stlouisfed.org/graph/fredgraph.csv?id=DTWEXBGS,2026-10-08
dollar_broad,2006-03-10,2006-03-17,100.9566,https://fred.stlouisfed.org/graph/fredgraph.csv?id=DTWEXBGS,2026-10-08
dollar_broad,2006-03-13,2006-03-20,100.8563,https://fred.stlouisfed.org/graph/fredgraph.csv?id=DTWEXBGS,2026-10-08
dollar_broad,2006-03-14,2006-03-21,100.312,https://fred.stlouisfed.org/graph/fredgraph.csv?id=DTWEXBGS,2026-10-08
dollar_broad,2006-03-15,2006-03-22,100.2121,https://fred.stlouisfed.org/graph/fredgraph.csv?id=DTWEXBGS,2026-10-08
dollar_broad,2006-03-16,2006-03-23,99.9049,https://fred.stlouisfed.org/graph/fredgraph.csv?id=DTWEXBGS,2026-10-08
dollar_broad,2006-03-17,2006-03-24,99.8614,https://fred.stlouisfed.org/graph/fredgraph.csv?id=DTWEXBGS,2026-10-08
dollar_broad,2006-03-20,2006-03-27,100.0491,https://fred.stlouisfed.org/graph/fredgraph.csv?id=DTWEXBGS,2026-10-08
dollar_broad,2006-03-21,2006-03-28,100.4716,https://fred.stlouisfed.org/graph/fredgraph.csv?id=DTWEXBGS,2026-10-08
dollar_broad,2006-03-22,2006-03-29,100.496,https://fred.stlouisfed.org/graph/fredgraph.csv?id=DTWEXBGS,2026-10-08
dollar_broad,2006-03-23,2006-03-30,100.8256,https://fred.stlouisfed.org/graph/fredgraph.csv?id=DTWEXBGS,2026-10-08
dollar_broad,2006-03-24,2006-03-31,100.7773,https://fred.stlouisfed.org/graph/fredgraph.csv?id=DTWEXBGS,2026-10-08
dollar_broad,2006-03-27,2006-04-03,100.8359,https://fred.stlouisfed.org/graph/fredgraph.csv?id=DTWEXBGS,2026-10-08
dollar_broad,2006-03-28,2006-04-04,100.7995,https://fred.stlouisfed.org/graph/fredgraph.csv?id=DTWEXBGS,2026-10-08
dollar_broad,2006-03-29,2006-04-05,101.0474,https://fred.stlouisfed.org/graph/fredgraph.csv?id=DTWEXBGS,2026-10-08
dollar_broad,2006-03-30,2006-04-06,100.5698,https://fred.stlouisfed.org/graph/fredgraph.csv?id=DTWEXBGS,2026-10-08
dollar_broad,2006-03-31,2006-04-07,100.56,https://fred.stlouisfed.org/graph/fredgraph.csv?id=DTWEXBGS,2026-10-08
dollar_broad,2006-04-03,2006-04-10,100.6204,https://fred.stlouisfed.org/graph/fredgraph.csv?id=DTWEXBGS,2026-10-08
dollar_broad,2006-04-04,2006-04-11,100.1319,https://fred.stlouisfed.org/graph/fredgraph.csv?id=DTWEXBGS,2026-10-08
dollar_broad,2006-04-05,2006-04-12,100.0792,https://fred.stlouisfed.org/graph/fredgraph.csv?id=DTWEXBGS,2026-10-08
dollar_broad,2006-04-06,2006-04-13,100.1578,https://fred.stlouisfed.org/graph/fredgraph.csv?id=DTWEXBGS,2026-10-08
dollar_broad,2006-04-07,2006-04-14,100.4187,https://fred.stlouisfed.org/graph/fredgraph.csv?id=DTWEXBGS,2026-10-08
dollar_broad,2006-04-10,2006-04-17,100.4091,https://fred.stlouisfed.org/graph/fredgraph.csv?id=DTWEXBGS,2026-10-08
dollar_broad,2006-04-11,2006-04-18,100.2903,https://fred.stlouisfed.org/graph/fredgraph.csv?id=DTWEXBGS,2026-10-08
dollar_broad,2006-04-12,2006-04-19,100.3589,https://fred.stlouisfed.org/graph/fredgraph.csv?id=DTWEXBGS,2026-10-08
dollar_broad,2006-04-13,2006-04-20,100.4759,https://fred.stlouisfed.org/graph/fredgraph.csv?id=DTWEXBGS,2026-10-08
dollar_broad,2006-04-14,2006-04-21,100.4697,https://fred.stlouisfed.org/graph/fredgraph.csv?id=DTWEXBGS,2026-10-08
dollar_broad,2006-04-17,2006-04-24,99.8719,https://fred.stlouisfed.org/graph/fredgraph.csv?id=DTWEXBGS,2026-10-08
dollar_broad,2006-04-18,2006-04-25,99.6747,https://fred.stlouisfed.org/graph/fredgraph.csv?id=DTWEXBGS,2026-10-08
dollar_broad,2006-04-19,2006-04-26,99.3467,https://fred.stlouisfed.org/graph/fredgraph.csv?id=DTWEXBGS,2026-10-08
dollar_broad,2006-04-20,2006-04-27,99.4974,https://fred.stlouisfed.org/graph/fredgraph.csv?id=DTWEXBGS,2026-10-08
dollar_broad,2006-04-21,2006-04-28,99.4345,https://fred.stlouisfed.org/graph/fredgraph.csv?id=DTWEXBGS,2026-10-08
dollar_broad,2006-04-24,2006-05-01,99.117,https://fred.stlouisfed.org/graph/fredgraph.csv?id=DTWEXBGS,2026-10-08
dollar_broad,2006-04-25,2006-05-02,98.9687,https://fred.stlouisfed.org/graph/fredgraph.csv?id=DTWEXBGS,2026-10-08
dollar_broad,2006-04-26,2006-05-03,98.8907,https://fred.stlouisfed.org/graph/fredgraph.csv?id=DTWEXBGS,2026-10-08
dollar_broad,2006-04-27,2006-05-04,98.5149,https://fred.stlouisfed.org/graph/fredgraph.csv?id=DTWEXBGS,2026-10-08
dollar_broad,2006-04-28,2006-05-05,98.1412,https://fred.stlouisfed.org/graph/fredgraph.csv?id=DTWEXBGS,2026-10-08
dollar_broad,2006-05-01,2006-05-08,97.9085,https://fred.stlouisfed.org/graph/fredgraph.csv?id=DTWEXBGS,2026-10-08
dollar_broad,2006-05-02,2006-05-09,97.6571,https://fred.stlouisfed.org/graph/fredgraph.csv?id=DTWEXBGS,2026-10-08
dollar_broad,2006-05-03,2006-05-10,97.5572,https://fred.stlouisfed.org/graph/fredgraph.csv?id=DTWEXBGS,2026-10-08
dollar_broad,2006-05-04,2006-05-11,97.4878,https://fred.stlouisfed.org/graph/fredgraph.csv?id=DTWEXBGS,2026-10-08
dollar_broad,2006-05-05,2006-05-12,97.2585,https://fred.stlouisfed.org/graph/fredgraph.csv?id=DTWEXBGS,2026-10-08
dollar_broad,2006-05-08,2006-05-15,97.1945,https://fred.stlouisfed.org/graph/fredgraph.csv?id=DTWEXBGS,2026-10-08
dollar_broad,2006-05-09,2006-05-16,96.9578,https://fred.stlouisfed.org/graph/fredgraph.csv?id=DTWEXBGS,2026-10-08
dollar_broad,2006-05-10,2006-05-17,96.6391,https://fred.stlouisfed.org/graph/fredgraph.csv?id=DTWEXBGS,2026-10-08
dollar_broad,2006-05-11,2006-05-18,96.5383,https://fred.stlouisfed.org/graph/fredgraph.csv?id=DTWEXBGS,2026-10-08
dollar_broad,2006-05-12,2006-05-19,96.8788,https://fred.stlouisfed.org/graph/fredgraph.csv?id=DTWEXBGS,2026-10-08
dollar_broad,2006-05-15,2006-05-22,97.3588,https://fred.stlouisfed.org/graph/fredgraph.csv?id=DTWEXBGS,2026-10-08
dollar_broad,2006-05-16,2006-05-23,97.1959,https://fred.stlouisfed.org/graph/fredgraph.csv?id=DTWEXBGS,2026-10-08
dollar_broad,2006-05-17,2006-05-24,97.4725,https://fred.stlouisfed.org/graph/fredgraph.csv?id=DTWEXBGS,2026-10-08
dollar_broad,2006-05-18,2006-05-25,97.7033,https://fred.stlouisfed.org/graph/fredgraph.csv?id=DTWEXBGS,2026-10-08
dollar_broad,2006-05-19,2006-05-26,97.933,https://fred.stlouisfed.org/graph/fredgraph.csv?id=DTWEXBGS,2026-10-08
dollar_broad,2006-05-22,2006-05-29,97.9377,https://fred.stlouisfed.org/graph/fredgraph.csv?id=DTWEXBGS,2026-10-08
dollar_broad,2006-05-23,2006-05-30,97.7045,https://fred.stlouisfed.org/graph/fredgraph.csv?id=DTWEXBGS,2026-10-08
dollar_broad,2006-05-24,2006-05-31,98.3936,https://fred.stlouisfed.org/graph/fredgraph.csv?id=DTWEXBGS,2026-10-08
dollar_broad,2006-05-25,2006-06-01,97.8423,https://fred.stlouisfed.org/graph/fredgraph.csv?id=DTWEXBGS,2026-10-08
dollar_broad,2006-05-26,2006-06-02,97.8995,https://fred.stlouisfed.org/graph/fredgraph.csv?id=DTWEXBGS,2026-10-08
dollar_broad,2006-05-29,2006-06-05,97.8936,https://fred.stlouisfed.org/graph/fredgraph.csv?id=DTWEXBGS,2026-10-08
dollar_broad,2006-05-30,2006-06-06,97.588,https://fred.stlouisfed.org/graph/fredgraph.csv?id=DTWEXBGS,2026-10-08
dollar_broad,2006-05-31,2006-06-07,97.7705,https://fred.stlouisfed.org/graph/fredgraph.csv?id=DTWEXBGS,2026-10-08
dollar_broad,2006-06-01,2006-06-08,97.7726,https://fred.stlouisfed.org/graph/fredgraph.csv?id=DTWEXBGS,2026-10-08
dollar_broad,2006-06-02,2006-06-09,97.5544,https://fred.stlouisfed.org/graph/fredgraph.csv?id=DTWEXBGS,2026-10-08
dollar_broad,2006-06-05,2006-06-12,97.3681,https://fred.stlouisfed.org/graph/fredgraph.csv?id=DTWEXBGS,2026-10-08
dollar_broad,2006-06-06,2006-06-13,98.1449,https://fred.stlouisfed.org/graph/fredgraph.csv?id=DTWEXBGS,2026-10-08
dollar_broad,2006-06-07,2006-06-14,98.1641,https://fred.stlouisfed.org/graph/fredgraph.csv?id=DTWEXBGS,2026-10-08
dollar_broad,2006-06-08,2006-06-15,98.9313,https://fred.stlouisfed.org/graph/fredgraph.csv?id=DTWEXBGS,2026-10-08
dollar_broad,2006-06-09,2006-06-16,98.5471,https://fred.stlouisfed.org/graph/fredgraph.csv?id=DTWEXBGS,2026-10-08
dollar_broad,2006-06-12,2006-06-19,98.5494,https://fred.stlouisfed.org/graph/fredgraph.csv?id=DTWEXBGS,2026-10-08
dollar_broad,2006-06-13,2006-06-20,98.9201,https://fred.stlouisfed.org/graph/fredgraph.csv?id=DTWEXBGS,2026-10-08
dollar_broad,2006-06-14,2006-06-21,98.8338,https://fred.stlouisfed.org/graph/fredgraph.csv?id=DTWEXBGS,2026-10-08
dollar_broad,2006-06-15,2006-06-22,98.8846,https://fred.stlouisfed.org/graph/fredgraph.csv?id=DTWEXBGS,2026-10-08
dollar_broad,2006-06-16,2006-06-23,98.9127,https://fred.stlouisfed.org/graph/fredgraph.csv?id=DTWEXBGS,2026-10-08
dollar_broad,2006-06-19,2006-06-26,99.145,https://fred.stlouisfed.org/graph/fredgraph.csv?id=DTWEXBGS,2026-10-08
dollar_broad,2006-06-20,2006-06-27,99.0117,https://fred.stlouisfed.org/graph/fredgraph.csv?id=DTWEXBGS,2026-10-08
dollar_broad,2006-06-21,2006-06-28,98.5544,https://fred.stlouisfed.org/graph/fredgraph.csv?id=DTWEXBGS,2026-10-08
dollar_broad,2006-06-22,2006-06-29,99.0856,https://fred.stlouisfed.org/graph/fredgraph.csv?id=DTWEXBGS,2026-10-08
dollar_broad,2006-06-23,2006-06-30,99.4216,https://fred.stlouisfed.org/graph/fredgraph.csv?id=DTWEXBGS,2026-10-08
dollar_broad,2006-06-26,2006-07-03,99.3634,https://fred.stlouisfed.org/graph/fredgraph.csv?id=DTWEXBGS,2026-10-08
dollar_broad,2006-06-27,2006-07-04,99.219,https://fred.stlouisfed.org/graph/fredgraph.csv?id=DTWEXBGS,2026-10-08
dollar_broad,2006-06-28,2006-07-05,99.392,https://fred.stlouisfed.org/graph/fredgraph.csv?id=DTWEXBGS,2026-10-08
dollar_broad,2006-06-29,2006-07-06,99.2158,https://fred.stlouisfed.org/graph/fredgraph.csv?id=DTWEXBGS,2026-10-08
dollar_broad,2006-06-30,2006-07-07,98.2483,https://fred.stlouisfed.org/graph/fredgraph.csv?id=DTWEXBGS,2026-10-08
dollar_broad,2006-07-03,2006-07-10,98.0371,https://fred.stlouisfed.org/graph/fredgraph.csv?id=DTWEXBGS,2026-10-08
dollar_broad,2006-07-04,2006-07-11,98.0221,https://fred.stlouisfed.org/graph/fredgraph.csv?id=DTWEXBGS,2026-10-08
dollar_broad,2006-07-05,2006-07-12,98.308,https://fred.stlouisfed.org/graph/fredgraph.csv?id=DTWEXBGS,2026-10-08
dollar_broad,2006-07-06,2006-07-13,98.138,https://fred.stlouisfed.org/graph/fredgraph.csv?id=DTWEXBGS,2026-10-08
dollar_broad,2006-07-07,2006-07-14,97.7508,https://fred.stlouisfed.org/graph/fredgraph.csv?id=DTWEXBGS,2026-10-08
dollar_broad,2006-07-10,2006-07-17,97.9813,https://fred.stlouisfed.org/graph/fredgraph.csv?id=DTWEXBGS,2026-10-08
dollar_broad,2006-07-11,2006-07-18,98.2132,https://fred.stlouisfed.org/graph/fredgraph.csv?id=DTWEXBGS,2026-10-08
dollar_broad,2006-07-12,2006-07-19,98.5202,https://fred.stlouisfed.org/graph/fredgraph.csv?id=DTWEXBGS,2026-10-08
dollar_broad,2006-07-13,2006-07-20,98.5583,https://fred.stlouisfed.org/graph/fredgraph.csv?id=DTWEXBGS,2026-10-08
dollar_broad,2006-07-14,2006-07-21,98.6814,https://fred.stlouisfed.org/graph/fredgraph.csv?id=DTWEXBGS,2026-10-08
dollar_broad,2006-07-17,2006-07-24,99.0767,https://fred.stlouisfed.org/graph/fredgraph.csv?id=DTWEXBGS,2026-10-08
dollar_broad,2006-07-18,2006-07-25,99.1341,https://fred.stlouisfed.org/graph/fredgraph.csv?id=DTWEXBGS,2026-10-08
dollar_broad,2006-07-19,2006-07-26,98.9262,https://fred.stlouisfed.org/graph/fredgraph.csv?id=DTWEXBGS,2026-10-08
dollar_broad,2006-07-20,2006-07-27,98.6014,https://fred.stlouisfed.org/graph/fredgraph.csv?id=DTWEXBGS,2026-10-08
dollar_broad,2006-07-21,2006-07-28,98.5221,https://fred.stlouisfed.org/graph/fredgraph.csv?id=DTWEXBGS,2026-10-08
dollar_broad,2006-07-24,2006-07-31,98.7795,https://fred.stlouisfed.org/graph/fredgraph.csv?id=DTWEXBGS,2026-10-08
dollar_broad,2006-07-25,2006-08-01,98.9388,https://fred.stlouisfed.org/graph/fredgraph.csv?id=DTWEXBGS,2026-10-08
dollar_broad,2006-07-26,2006-08-02,98.742,https://fred.stlouisfed.org/graph/fredgraph.csv?id=DTWEXBGS,2026-10-08
dollar_broad,2006-07-27,2006-08-03,98.2283,https://fred.stlouisfed.org/graph/fredgraph.csv?id=DTWEXBGS,2026-10-08
dollar_broad,2006-07-28,2006-08-04,98.0539,https://fred.stlouisfed.org/graph/fredgraph.csv?id=DTWEXBGS,2026-10-08
dollar_broad,2006-07-31,2006-08-07,97.9996,https://fred.stlouisfed.org/graph/fredgraph.csv?id=DTWEXBGS,2026-10-08
dollar_broad,2006-08-01,2006-08-08,98.1715,https://fred.stlouisfed.org/graph/fredgraph.csv?id=DTWEXBGS,2026-10-08
dollar_broad,2006-08-02,2006-08-09,97.9432,https://fred.stlouisfed.org/graph/fredgraph.csv?id=DTWEXBGS,2026-10-08
dollar_broad,2006-08-03,2006-08-10,98.0694,https://fred.stlouisfed.org/graph/fredgraph.csv?id=DTWEXBGS,2026-10-08
dollar_broad,2006-08-04,2006-08-11,97.6005,https://fred.stlouisfed.org/graph/fredgraph.csv?id=DTWEXBGS,2026-10-08
dollar_broad,2006-08-07,2006-08-14,97.5088,https://fred.stlouisfed.org/graph/fredgraph.csv?id=DTWEXBGS,2026-10-08
dollar_broad,2006-08-08,2006-08-15,97.6524,https://fred.stlouisfed.org/graph/fredgraph.csv?id=DTWEXBGS,2026-10-08
dollar_broad,2006-08-09,2006-08-16,97.4402,https://fred.stlouisfed.org/graph/fredgraph.csv?id=DTWEXBGS,2026-10-08
dollar_broad,2006-08-10,2006-08-17,97.8887,https://fred.stlouisfed.org/graph/fredgraph.csv?id=DTWEXBGS,2026-10-08
dollar_broad,2006-08-11,2006-08-18,97.7863,https://fred.stlouisfed.org/graph/fredgraph.csv?id=DTWEXBGS,2026-10-08
dollar_broad,2006-08-14,2006-08-21,97.9677,https://fred.stlouisfed.org/graph/fredgraph.csv?id=DTWEXBGS,2026-10-08
dollar_broad,2006-08-15,2006-08-22,97.8043,https://fred.stlouisfed.org/graph/fredgraph.csv?id=DTWEXBGS,2026-10-08
dollar_broad,2006-08-16,2006-08-23,97.3894,https://fred.stlouisfed.org/graph/fredgraph.csv?id=DTWEXBGS,2026-10-08
dollar_broad,2006-08-17,2006-08-24,97.3486,https://fred.stlouisfed.org/graph/fredgraph.csv?id=DTWEXBGS,2026-10-08
dollar_broad,2006-08-18,2006-08-25,97.7577,https://fred.stlouisfed.org/graph/fredgraph.csv?id=DTWEXBGS,2026-10-08
dollar_broad,2006-08-21,2006-08-28,97.3856,https://fred.stlouisfed.org/graph/fredgraph.csv?id=DTWEXBGS,2026-10-08
dollar_broad,2006-08-22,2006-08-29,97.6079,https://fred.stlouisfed.org/graph/fredgraph.csv?id=DTWEXBGS,2026-10-08
dollar_broad,2006-08-23,2006-08-30,97.5731,https://fred.stlouisfed.org/graph/fredgraph.csv?id=DTWEXBGS,2026-10-08
dollar_broad,2006-08-24,2006-08-31,97.7939,https://fred.stlouisfed.org/graph/fredgraph.csv?id=DTWEXBGS,2026-10-08
dollar_broad,2006-08-25,2006-09-01,97.8827,https://fred.stlouisfed.org/graph/fredgraph.csv?id=DTWEXBGS,2026-10-08
dollar_broad,2006-08-28,2006-09-04,97.8467,https://fred.stlouisfed.org/graph/fredgraph.csv?id=DTWEXBGS,2026-10-08
dollar_broad,2006-08-29,2006-09-05,97.7748,https://fred.stlouisfed.org/graph/fredgraph.csv?id=DTWEXBGS,2026-10-08
dollar_broad,2006-08-30,2006-09-06,97.5792,https://fred.stlouisfed.org/graph/fredgraph.csv?id=DTWEXBGS,2026-10-08
dollar_broad,2006-08-31,2006-09-07,97.644,https://fred.stlouisfed.org/graph/fredgraph.csv?id=DTWEXBGS,2026-10-08
dollar_broad,2006-09-01,2006-09-08,97.5084,https://fred.stlouisfed.org/graph/fredgraph.csv?id=DTWEXBGS,2026-10-08
dollar_broad,2006-09-04,2006-09-11,97.4981,https://fred.stlouisfed.org/graph/fredgraph.csv?id=DTWEXBGS,2026-10-08
dollar_broad,2006-09-05,2006-09-12,97.4392,https://fred.stlouisfed.org/graph/fredgraph.csv?id=DTWEXBGS,2026-10-08
dollar_broad,2006-09-06,2006-09-13,97.6087,https://fred.stlouisfed.org/graph/fredgraph.csv?id=DTWEXBGS,2026-10-08
dollar_broad,2006-09-07,2006-09-14,97.8108,https://fred.stlouisfed.org/graph/fredgraph.csv?id=DTWEXBGS,2026-10-08
dollar_broad,2006-09-08,2006-09-15,98.2119,https://fred.stlouisfed.org/graph/fredgraph.csv?id=DTWEXBGS,2026-10-08
dollar_broad,2006-09-11,2006-09-18,98.3845,https://fred.stlouisfed.org/graph/fredgraph.csv?id=DTWEXBGS,2026-10-08
dollar_broad,2006-09-12,2006-09-19,98.2781,https://fred.stlouisfed.org/graph/fredgraph.csv?id=DTWEXBGS,2026-10-08
dollar_broad,2006-09-13,2006-09-20,98.1775,https://fred.stlouisfed.org/graph/fredgraph.csv?id=DTWEXBGS,2026-10-08
dollar_broad,2006-09-14,2006-09-21,98.0088,https://fred.stlouisfed.org/graph/fredgraph.csv?id=DTWEXBGS,2026-10-08
dollar_broad,2006-09-15,2006-09-22,98.2104,https://fred.stlouisfed.org/graph/fredgraph.csv?id=DTWEXBGS,2026-10-08
dollar_broad,2006-09-18,2006-09-25,98.1332,https://fred.stlouisfed.org/graph/fredgraph.csv?id=DTWEXBGS,2026-10-08
dollar_broad,2006-09-19,2006-09-26,98.1703,https://fred.stlouisfed.org/graph/fredgraph.csv?id=DTWEXBGS,2026-10-08
dollar_broad,2006-09-20,2006-09-27,98.1556,https://fred.stlouisfed.org/graph/fredgraph.csv?id=DTWEXBGS,2026-10-08
dollar_broad,2006-09-21,2006-09-28,97.9458,https://fred.stlouisfed.org/graph/fredgraph.csv?id=DTWEXBGS,2026-10-08
dollar_broad,2006-09-22,2006-09-29,97.8667,https://fred.stlouisfed.org/graph/fredgraph.csv?id=DTWEXBGS,2026-10-08
dollar_broad,2006-09-25,2006-10-02,97.9909,https://fred.stlouisfed.org/graph/fredgraph.csv?id=DTWEXBGS,2026-10-08
dollar_broad,2006-09-26,2006-10-03,98.0555,https://fred.stlouisfed.org/graph/fredgraph.csv?id=DTWEXBGS,2026-10-08
dollar_broad,2006-09-27,2006-10-04,98.0107,https://fred.stlouisfed.org/graph/fredgraph.csv?id=DTWEXBGS,2026-10-08
dollar_broad,2006-09-28,2006-10-05,98.0381,https://fred.stlouisfed.org/graph/fredgraph.csv?id=DTWEXBGS,2026-10-08
dollar_broad,2006-09-29,2006-10-06,98.1054,https://fred.stlouisfed.org/graph/fredgraph.csv?id=DTWEXBGS,2026-10-08
dollar_broad,2006-10-02,2006-10-09,97.9247,https://fred.stlouisfed.org/graph/fredgraph.csv?id=DTWEXBGS,2026-10-08
dollar_broad,2006-10-03,2006-10-10,98.1267,https://fred.stlouisfed.org/graph/fredgraph.csv?id=DTWEXBGS,2026-10-08
dollar_broad,2006-10-04,2006-10-11,98.3682,https://fred.stlouisfed.org/graph/fredgraph.csv?id=DTWEXBGS,2026-10-08
dollar_broad,2006-10-05,2006-10-12,98.2776,https://fred.stlouisfed.org/graph/fredgraph.csv?id=DTWEXBGS,2026-10-08
dollar_broad,2006-10-06,2006-10-13,98.5619,https://fred.stlouisfed.org/graph/fredgraph.csv?id=DTWEXBGS,2026-10-08
dollar_broad,2006-10-09,2006-10-16,98.5702,https://fred.stlouisfed.org/graph/fredgraph.csv?id=DTWEXBGS,2026-10-08
dollar_broad,2006-10-10,2006-10-17,98.9125,https://fred.stlouisfed.org/graph/fredgraph.csv?id=DTWEXBGS,2026-10-08
dollar_broad,2006-10-11,2006-10-18,98.9146,https://fred.stlouisfed.org/graph/fredgraph.csv?id=DTWEXBGS,2026-10-08
dollar_broad,2006-10-12,2006-10-19,98.831,https://fred.stlouisfed.org/graph/fredgraph.csv?id=DTWEXBGS,2026-10-08
dollar_broad,2006-10-13,2006-10-20,98.8002,https://fred.stlouisfed.org/graph/fredgraph.csv?id=DTWEXBGS,2026-10-08
dollar_broad,2006-10-16,2006-10-23,98.71,https://fred.stlouisfed.org/graph/fredgraph.csv?id=DTWEXBGS,2026-10-08
dollar_broad,2006-10-17,2006-10-24,98.5354,https://fred.stlouisfed.org/graph/fredgraph.csv?id=DTWEXBGS,2026-10-08
dollar_broad,2006-10-18,2006-10-25,98.6164,https://fred.stlouisfed.org/graph/fredgraph.csv?id=DTWEXBGS,2026-10-08
dollar_broad,2006-10-19,2006-10-26,98.2897,https://fred.stlouisfed.org/graph/fredgraph.csv?id=DTWEXBGS,2026-10-08
dollar_broad,2006-10-20,2006-10-27,98.1629,https://fred.stlouisfed.org/graph/fredgraph.csv?id=DTWEXBGS,2026-10-08
dollar_broad,2006-10-23,2006-10-30,98.4483,https://fred.stlouisfed.org/graph/fredgraph.csv?id=DTWEXBGS,2026-10-08
dollar_broad,2006-10-24,2006-10-31,98.349,https://fred.stlouisfed.org/graph/fredgraph.csv?id=DTWEXBGS,2026-10-08
dollar_broad,2006-10-25,2006-11-01,98.2057,https://fred.stlouisfed.org/graph/fredgraph.csv?id=DTWEXBGS,2026-10-08
dollar_broad,2006-10-26,2006-11-02,97.8907,https://fred.stlouisfed.org/graph/fredgraph.csv?id=DTWEXBGS,2026-10-08
dollar_broad,2006-10-27,2006-11-03,97.4914,https://fred.stlouisfed.org/graph/fredgraph.csv?id=DTWEXBGS,2026-10-08
dollar_broad,2006-10-30,2006-11-06,97.5672,https://fred.stlouisfed.org/graph/fredgraph.csv?id=DTWEXBGS,2026-10-08
dollar_broad,2006-10-31,2006-11-07,97.3901,https://fred.stlouisfed.org/graph/fredgraph.csv?id=DTWEXBGS,2026-10-08
dollar_broad,2006-11-01,2006-11-08,97.4949,https://fred.stlouisfed.org/graph/fredgraph.csv?id=DTWEXBGS,2026-10-08
dollar_broad,2006-11-02,2006-11-09,97.6556,https://fred.stlouisfed.org/graph/fredgraph.csv?id=DTWEXBGS,2026-10-08
dollar_broad,2006-11-03,2006-11-10,97.7209,https://fred.stlouisfed.org/graph/fredgraph.csv?id=DTWEXBGS,2026-10-08
dollar_broad,2006-11-06,2006-11-13,97.806,https://fred.stlouisfed.org/graph/fredgraph.csv?id=DTWEXBGS,2026-10-08
dollar_broad,2006-11-07,2006-11-14,97.4453,https://fred.stlouisfed.org/graph/fredgraph.csv?id=DTWEXBGS,2026-10-08
dollar_broad,2006-11-08,2006-11-15,97.58,https://fred.stlouisfed.org/graph/fredgraph.csv?id=DTWEXBGS,2026-10-08
dollar_broad,2006-11-09,2006-11-16,97.5041,https://fred.stlouisfed.org/graph/fredgraph.csv?id=DTWEXBGS,2026-10-08
dollar_broad,2006-11-10,2006-11-17,97.4638,https://fred.stlouisfed.org/graph/fredgraph.csv?id=DTWEXBGS,2026-10-08
dollar_broad,2006-11-13,2006-11-20,97.7904,https://fred.stlouisfed.org/graph/fredgraph.csv?id=DTWEXBGS,2026-10-08
dollar_broad,2006-11-14,2006-11-21,97.7475,https://fred.stlouisfed.org/graph/fredgraph.csv?id=DTWEXBGS,2026-10-08
dollar_broad,2006-11-15,2006-11-22,97.8359,https://fred.stlouisfed.org/graph/fredgraph.csv?id=DTWEXBGS,2026-10-08
dollar_broad,2006-11-16,2006-11-23,97.8098,https://fred.stlouisfed.org/graph/fredgraph.csv?id=DTWEXBGS,2026-10-08
dollar_broad,2006-11-17,2006-11-24,97.9855,https://fred.stlouisfed.org/graph/fredgraph.csv?id=DTWEXBGS,2026-10-08
dollar_broad,2006-11-20,2006-11-27,98.0254,https://fred.stlouisfed.org/graph/fredgraph.csv?id=DTWEXBGS,2026-10-08
dollar_broad,2006-11-21,2006-11-28,98.0215,https://fred.stlouisfed.org/graph/fredgraph.csv?id=DTWEXBGS,2026-10-08
dollar_broad,2006-11-22,2006-11-29,97.5315,https://fred.stlouisfed.org/graph/fredgraph.csv?id=DTWEXBGS,2026-10-08
dollar_broad,2006-11-23,2006-11-30,97.5314,https://fred.stlouisfed.org/graph/fredgraph.csv?id=DTWEXBGS,2026-10-08
dollar_broad,2006-11-24,2006-12-01,97.0657,https://fred.stlouisfed.org/graph/fredgraph.csv?id=DTWEXBGS,2026-10-08
dollar_broad,2006-11-27,2006-12-04,96.9986,https://fred.stlouisfed.org/graph/fredgraph.csv?id=DTWEXBGS,2026-10-08
dollar_broad,2006-11-28,2006-12-05,96.8428,https://fred.stlouisfed.org/graph/fredgraph.csv?id=DTWEXBGS,2026-10-08
dollar_broad,2006-11-29,2006-12-06,96.8577,https://fred.stlouisfed.org/graph/fredgraph.csv?id=DTWEXBGS,2026-10-08
dollar_broad,2006-11-30,2006-12-07,96.5779,https://fred.stlouisfed.org/graph/fredgraph.csv?id=DTWEXBGS,2026-10-08
dollar_broad,2006-12-01,2006-12-08,96.4585,https://fred.stlouisfed.org/graph/fredgraph.csv?id=DTWEXBGS,2026-10-08
dollar_broad,2006-12-04,2006-12-11,96.4319,https://fred.stlouisfed.org/graph/fredgraph.csv?id=DTWEXBGS,2026-10-08
dollar_broad,2006-12-05,2006-12-12,96.2082,https://fred.stlouisfed.org/graph/fredgraph.csv?id=DTWEXBGS,2026-10-08
dollar_broad,2006-12-06,2006-12-13,96.2839,https://fred.stlouisfed.org/graph/fredgraph.csv?id=DTWEXBGS,2026-10-08
dollar_broad,2006-12-07,2006-12-14,96.3207,https://fred.stlouisfed.org/graph/fredgraph.csv?id=DTWEXBGS,2026-10-08
dollar_broad,2006-12-08,2006-12-15,96.6123,https://fred.stlouisfed.org/graph/fredgraph.csv?id=DTWEXBGS,2026-10-08
dollar_broad,2006-12-11,2006-12-18,96.6646,https://fred.stlouisfed.org/graph/fredgraph.csv?id=DTWEXBGS,2026-10-08
dollar_broad,2006-12-12,2006-12-19,96.7119,https://fred.stlouisfed.org/graph/fredgraph.csv?id=DTWEXBGS,2026-10-08
dollar_broad,2006-12-13,2006-12-20,96.7296,https://fred.stlouisfed.org/graph/fredgraph.csv?id=DTWEXBGS,2026-10-08
dollar_broad,2006-12-14,2006-12-21,96.7946,https://fred.stlouisfed.org/graph/fredgraph.csv?id=DTWEXBGS,2026-10-08
dollar_broad,2006-12-15,2006-12-22,96.9857,https://fred.stlouisfed.org/graph/fredgraph.csv?id=DTWEXBGS,2026-10-08
dollar_broad,2006-12-18,2006-12-25,97.1559,https://fred.stlouisfed.org/graph/fredgraph.csv?id=DTWEXBGS,2026-10-08
dollar_broad,2006-12-19,2006-12-26,96.9313,https://fred.stlouisfed.org/graph/fredgraph.csv?id=DTWEXBGS,2026-10-08
dollar_broad,2006-12-20,2006-12-27,96.7762,https://fred.stlouisfed.org/graph/fredgraph.csv?id=DTWEXBGS,2026-10-08
dollar_broad,2006-12-21,2006-12-28,96.9148,https://fred.stlouisfed.org/graph/fredgraph.csv?id=DTWEXBGS,2026-10-08
dollar_broad,2006-12-22,2006-12-29,97.1113,https://fred.stlouisfed.org/graph/fredgraph.csv?id=DTWEXBGS,2026-10-08
dollar_broad,2006-12-25,2007-01-01,97.1221,https://fred.stlouisfed.org/graph/fredgraph.csv?id=DTWEXBGS,2026-10-08
dollar_broad,2006-12-26,2007-01-02,97.1786,https://fred.stlouisfed.org/graph/fredgraph.csv?id=DTWEXBGS,2026-10-08
dollar_broad,2006-12-27,2007-01-03,97.2076,https://fred.stlouisfed.org/graph/fredgraph.csv?id=DTWEXBGS,2026-10-08
dollar_broad,2006-12-28,2007-01-04,97.0656,https://fred.stlouisfed.org/graph/fredgraph.csv?id=DTWEXBGS,2026-10-08
dollar_broad,2006-12-29,2007-01-05,97.0312,https://fred.stlouisfed.org/graph/fredgraph.csv?id=DTWEXBGS,2026-10-08
dollar_broad,2007-01-01,2007-01-08,97.0323,https://fred.stlouisfed.org/graph/fredgraph.csv?id=DTWEXBGS,2026-10-08
dollar_broad,2007-01-03,2007-01-10,97.1281,https://fred.stlouisfed.org/graph/fredgraph.csv?id=DTWEXBGS,2026-10-08
dollar_broad,2007-01-04,2007-01-11,97.5251,https://fred.stlouisfed.org/graph/fredgraph.csv?id=DTWEXBGS,2026-10-08
dollar_broad,2007-01-05,2007-01-12,97.7801,https://fred.stlouisfed.org/graph/fredgraph.csv?id=DTWEXBGS,2026-10-08
dollar_broad,2007-01-08,2007-01-15,97.788,https://fred.stlouisfed.org/graph/fredgraph.csv?id=DTWEXBGS,2026-10-08
dollar_broad,2007-01-09,2007-01-16,97.9642,https://fred.stlouisfed.org/graph/fredgraph.csv?id=DTWEXBGS,2026-10-08
dollar_broad,2007-01-10,2007-01-17,98.0943,https://fred.stlouisfed.org/graph/fredgraph.csv?id=DTWEXBGS,2026-10-08
dollar_broad,2007-01-11,2007-01-18,98.0845,https://fred.stlouisfed.org/graph/fredgraph.csv?id=DTWEXBGS,2026-10-08
dollar_broad,2007-01-12,2007-01-19,97.921,https://fred.stlouisfed.org/graph/fredgraph.csv?id=DTWEXBGS,2026-10-08
dollar_broad,2007-01-15,2007-01-22,97.9201,https://fred.stlouisfed.org/graph/fredgraph.csv?id=DTWEXBGS,2026-10-08
dollar_broad,2007-01-16,2007-01-23,97.9816,https://fred.stlouisfed.org/graph/fredgraph.csv?id=DTWEXBGS,2026-10-08
dollar_broad,2007-01-17,2007-01-24,97.7509,https://fred.stlouisfed.org/graph/fredgraph.csv?id=DTWEXBGS,2026-10-08
dollar_broad,2007-01-18,2007-01-25,97.8286,https://fred.stlouisfed.org/graph/fredgraph.csv?id=DTWEXBGS,2026-10-08
dollar_broad,2007-01-19,2007-01-26,97.6868,https://fred.stlouisfed.org/graph/fredgraph.csv?id=DTWEXBGS,2026-10-08
dollar_broad,2007-01-22,2007-01-29,97.827,https://fred.stlouisfed.org/graph/fredgraph.csv?id=DTWEXBGS,2026-10-08
dollar_broad,2007-01-23,2007-01-30,97.8117,https://fred.stlouisfed.org/graph/fredgraph.csv?id=DTWEXBGS,2026-10-08
dollar_broad,2007-01-24,2007-01-31,97.908,https://fred.stlouisfed.org/graph/fredgraph.csv?id=DTWEXBGS,2026-10-08
dollar_broad,2007-01-25,2007-02-01,97.8396,https://fred.stlouisfed.org/graph/fredgraph.csv?id=DTWEXBGS,2026-10-08
dollar_broad,2007-01-26,2007-02-02,98.1491,https://fred.stlouisfed.org/graph/fredgraph.csv?id=DTWEXBGS,2026-10-08
dollar_broad,2007-01-29,2007-02-05,98.2066,https://fred.stlouisfed.org/graph/fredgraph.csv?id=DTWEXBGS,2026-10-08
dollar_broad,2007-01-30,2007-02-06,98.1515,https://fred.stlouisfed.org/graph/fredgraph.csv?id=DTWEXBGS,2026-10-08
dollar_broad,2007-01-31,2007-02-07,97.964,https://fred.stlouisfed.org/graph/fredgraph.csv?id=DTWEXBGS,2026-10-08
dollar_broad,2007-02-01,2007-02-08,97.7101,https://fred.stlouisfed.org/graph/fredgraph.csv?id=DTWEXBGS,2026-10-08
dollar_broad,2007-02-02,2007-02-09,97.9743,https://fred.stlouisfed.org/graph/fredgraph.csv?id=DTWEXBGS,2026-10-08
dollar_broad,2007-02-05,2007-02-12,97.87,https://fred.stlouisfed.org/graph/fredgraph.csv?id=DTWEXBGS,2026-10-08
dollar_broad,2007-02-06,2007-02-13,97.7357,https://fred.stlouisfed.org/graph/fredgraph.csv?id=DTWEXBGS,2026-10-08
dollar_broad,2007-02-07,2007-02-14,97.7239,https://fred.stlouisfed.org/graph/fredgraph.csv?id=DTWEXBGS,2026-10-08
dollar_broad,2007-02-08,2007-02-15,97.8169,https://fred.stlouisfed.org/graph/fredgraph.csv?id=DTWEXBGS,2026-10-08
dollar_broad,2007-02-09,2007-02-16,97.7076,https://fred.stlouisfed.org/graph/fredgraph.csv?id=DTWEXBGS,2026-10-08
dollar_broad,2007-02-12,2007-02-19,97.9409,https://fred.stlouisfed.org/graph/fredgraph.csv?id=DTWEXBGS,2026-10-08
dollar_broad,2007-02-13,2007-02-20,97.7063,https://fred.stlouisfed.org/graph/fredgraph.csv?id=DTWEXBGS,2026-10-08
dollar_broad,2007-02-14,2007-02-21,97.2779,https://fred.stlouisfed.org/graph/fredgraph.csv?id=DTWEXBGS,2026-10-08
dollar_broad,2007-02-15,2007-02-22,97.1588,https://fred.stlouisfed.org/graph/fredgraph.csv?id=DTWEXBGS,2026-10-08
dollar_broad,2007-02-16,2007-02-23,97.164,https://fred.stlouisfed.org/graph/fredgraph.csv?id=DTWEXBGS,2026-10-08
dollar_broad,2007-02-19,2007-02-26,97.1545,https://fred.stlouisfed.org/graph/fredgraph.csv?id=DTWEXBGS,2026-10-08
dollar_broad,2007-02-20,2007-02-27,97.321,https://fred.stlouisfed.org/graph/fredgraph.csv?id=DTWEXBGS,2026-10-08
dollar_broad,2007-02-21,2007-02-28,97.27,https://fred.stlouisfed.org/graph/fredgraph.csv?id=DTWEXBGS,2026-10-08
dollar_broad,2007-02-22,2007-03-01,97.266,https://fred.stlouisfed.org/graph/fredgraph.csv?id=DTWEXBGS,2026-10-08
dollar_broad,2007-02-23,2007-03-02,97.1756,https://fred.stlouisfed.org/graph/fredgraph.csv?id=DTWEXBGS,2026-10-08
dollar_broad,2007-02-26,2007-03-05,97.2281,https://fred.stlouisfed.org/graph/fredgraph.csv?id=DTWEXBGS,2026-10-08
dollar_broad,2007-02-27,2007-03-06,97.0883,https://fred.stlouisfed.org/graph/fredgraph.csv?id=DTWEXBGS,2026-10-08
dollar_broad,2007-02-28,2007-03-07,97.2386,https://fred.stlouisfed.org/graph/fredgraph.csv?id=DTWEXBGS,2026-10-08
dollar_broad,2007-03-01,2007-03-08,97.3358,https://fred.stlouisfed.org/graph/fredgraph.csv?id=DTWEXBGS,2026-10-08
dollar_broad,2007-03-02,2007-03-09,97.3691,https://fred.stlouisfed.org/graph/fredgraph.csv?id=DTWEXBGS,2026-10-08
dollar_broad,2007-03-05,2007-03-12,97.6716,https://fred.stlouisfed.org/graph/fredgraph.csv?id=DTWEXBGS,2026-10-08
dollar_broad,2007-03-06,2007-03-13,97.5123,https://fred.stlouisfed.org/graph/fredgraph.csv?id=DTWEXBGS,2026-10-08
dollar_broad,2007-03-07,2007-03-14,97.4558,https://fred.stlouisfed.org/graph/fredgraph.csv?id=DTWEXBGS,2026-10-08
dollar_broad,2007-03-08,2007-03-15,97.5731,https://fred.stlouisfed.org/graph/fredgraph.csv?id=DTWEXBGS,2026-10-08
dollar_broad,2007-03-09,2007-03-16,97.4559,https://fred.stlouisfed.org/graph/fredgraph.csv?id=DTWEXBGS,2026-10-08
dollar_broad,2007-03-12,2007-03-19,97.3013,https://fred.stlouisfed.org/graph/fredgraph.csv?id=DTWEXBGS,2026-10-08
dollar_broad,2007-03-13,2007-03-20,97.2203,https://fred.stlouisfed.org/graph/fredgraph.csv?id=DTWEXBGS,2026-10-08
dollar_broad,2007-03-14,2007-03-21,97.2759,https://fred.stlouisfed.org/graph/fredgraph.csv?id=DTWEXBGS,2026-10-08
dollar_broad,2007-03-15,2007-03-22,97.2476,https://fred.stlouisfed.org/graph/fredgraph.csv?id=DTWEXBGS,2026-10-08
dollar_broad,2007-03-16,2007-03-23,97.0407,https://fred.stlouisfed.org/graph/fredgraph.csv?id=DTWEXBGS,2026-10-08
dollar_broad,2007-03-19,2007-03-26,97.1062,https://fred.stlouisfed.org/graph/fredgraph.csv?id=DTWEXBGS,2026-10-08
dollar_broad,2007-03-20,2007-03-27,96.7985,https://fred.stlouisfed.org/graph/fredgraph.csv?id=DTWEXBGS,2026-10-08
dollar_broad,2007-03-21,2007-03-28,96.6195,https://fred.stlouisfed.org/graph/fredgraph.csv?id=DTWEXBGS,2026-10-08
dollar_broad,2007-03-22,2007-03-29,96.3893,https://fred.stlouisfed.org/graph/fredgraph.csv?id=DTWEXBGS,2026-10-08
dollar_broad,2007-03-23,2007-03-30,96.5662,https://fred.stlouisfed.org/graph/fredgraph.csv?id=DTWEXBGS,2026-10-08
dollar_broad,2007-03-26,2007-04-02,96.5493,https://fred.stlouisfed.org/graph/fredgraph.csv?id=DTWEXBGS,2026-10-08
dollar_broad,2007-03-27,2007-04-03,96.4558,https://fred.stlouisfed.org/graph/fredgraph.csv?id=DTWEXBGS,2026-10-08
dollar_broad,2007-03-28,2007-04-04,96.4894,https://fred.stlouisfed.org/graph/fredgraph.csv?id=DTWEXBGS,2026-10-08
dollar_broad,2007-03-29,2007-04-05,96.5067,https://fred.stlouisfed.org/graph/fredgraph.csv?id=DTWEXBGS,2026-10-08
dollar_broad,2007-03-30,2007-04-06,96.3183,https://fred.stlouisfed.org/graph/fredgraph.csv?id=DTWEXBGS,2026-10-08
dollar_broad,2007-04-02,2007-04-09,96.3175,https://fred.stlouisfed.org/graph/fredgraph.csv?id=DTWEXBGS,2026-10-08
dollar_broad,2007-04-03,2007-04-10,96.3774,https://fred.stlouisfed.org/graph/fredgraph.csv?id=DTWEXBGS,2026-10-08
dollar_broad,2007-04-04,2007-04-11,96.3646,https://fred.stlouisfed.org/graph/fredgraph.csv?id=DTWEXBGS,2026-10-08
dollar_broad,2007-04-05,2007-04-12,96.1188,https://fred.stlouisfed.org/graph/fredgraph.csv?id=DTWEXBGS,2026-10-08
dollar_broad,2007-04-06,2007-04-13,96.2526,https://fred.stlouisfed.org/graph/fredgraph.csv?id=DTWEXBGS,2026-10-08
dollar_broad,2007-04-09,2007-04-16,96.293,https://fred.stlouisfed.org/graph/fredgraph.csv?id=DTWEXBGS,2026-10-08
dollar_broad,2007-04-10,2007-04-17,96.1179,https://fred.stlouisfed.org/graph/fredgraph.csv?id=DTWEXBGS,2026-10-08
dollar_broad,2007-04-11,2007-04-18,96.0293,https://fred.stlouisfed.org/graph/fredgraph.csv?id=DTWEXBGS,2026-10-08
dollar_broad,2007-04-12,2007-04-19,95.7999,https://fred.stlouisfed.org/graph/fredgraph.csv?id=DTWEXBGS,2026-10-08
dollar_broad,2007-04-13,2007-04-20,95.711,https://fred.stlouisfed.org/graph/fredgraph.csv?id=DTWEXBGS,2026-10-08
dollar_broad,2007-04-16,2007-04-23,95.5538,https://fred.stlouisfed.org/graph/fredgraph.csv?id=DTWEXBGS,2026-10-08
dollar_broad,2007-04-17,2007-04-24,95.3832,https://fred.stlouisfed.org/graph/fredgraph.csv?id=DTWEXBGS,2026-10-08
dollar_broad,2007-04-18,2007-04-25,95.3109,https://fred.stlouisfed.org/graph/fredgraph.csv?id=DTWEXBGS,2026-10-08
dollar_broad,2007-04-19,2007-04-26,95.2712,https://fred.stlouisfed.org/graph/fredgraph.csv?id=DTWEXBGS,2026-10-08
dollar_broad,2007-04-20,2007-04-27,95.1692,https://fred.stlouisfed.org/graph/fredgraph.csv?id=DTWEXBGS,2026-10-08
dollar_broad,2007-04-23,2007-04-30,95.1833,https://fred.stlouisfed.org/graph/fredgraph.csv?id=DTWEXBGS,2026-10-08
dollar_broad,2007-04-24,2007-05-01,95.1608,https://fred.stlouisfed.org/graph/fredgraph.csv?id=DTWEXBGS,2026-10-08
dollar_broad,2007-04-25,2007-05-02,94.8497,https://fred.stlouisfed.org/graph/fredgraph.csv?id=DTWEXBGS,2026-10-08
dollar_broad,2007-04-26,2007-05-03,95.1653,https://fred.stlouisfed.org/graph/fredgraph.csv?id=DTWEXBGS,2026-10-08
dollar_broad,2007-04-27,2007-05-04,95.0103,https://fred.stlouisfed.org/graph/fredgraph.csv?id=DTWEXBGS,2026-10-08
dollar_broad,2007-04-30,2007-05-07,94.8365,https://fred.stlouisfed.org/graph/fredgraph.csv?id=DTWEXBGS,2026-10-08
dollar_broad,2007-05-01,2007-05-08,95.0037,https://fred.stlouisfed.org/graph/fredgraph.csv?id=DTWEXBGS,2026-10-08
dollar_broad,2007-05-02,2007-05-09,95.0352,https://fred.stlouisfed.org/graph/fredgraph.csv?id=DTWEXBGS,2026-10-08
dollar_broad,2007-05-03,2007-05-10,95.0167,https://fred.stlouisfed.org/graph/fredgraph.csv?id=DTWEXBGS,2026-10-08
dollar_broad,2007-05-04,2007-05-11,94.9118,https://fred.stlouisfed.org/graph/fredgraph.csv?id=DTWEXBGS,2026-10-08
dollar_broad,2007-05-07,2007-05-14,94.6914,https://fred.stlouisfed.org/graph/fredgraph.csv?id=DTWEXBGS,2026-10-08
dollar_broad,2007-05-08,2007-05-15,94.8648,https://fred.stlouisfed.org/graph/fredgraph.csv?id=DTWEXBGS,2026-10-08
dollar_broad,2007-05-09,2007-05-16,94.7933,https://fred.stlouisfed.org/graph/fredgraph.csv?id=DTWEXBGS,2026-10-08
dollar_broad,2007-05-10,2007-05-17,94.9506,https://fred.stlouisfed.org/graph/fredgraph.csv?id=DTWEXBGS,2026-10-08
dollar_broad,2007-05-11,2007-05-18,95.0035,https://fred.stlouisfed.org/graph/fredgraph.csv?id=DTWEXBGS,2026-10-08
dollar_broad,2007-05-14,2007-05-21,94.8267,https://fred.stlouisfed.org/graph/fredgraph.csv?id=DTWEXBGS,2026-10-08
dollar_broad,2007-05-15,2007-05-22,94.5574,https://fred.stlouisfed.org/graph/fredgraph.csv?id=DTWEXBGS,2026-10-08
dollar_broad,2007-05-16,2007-05-23,94.8143,https://fred.stlouisfed.org/graph/fredgraph.csv?id=DTWEXBGS,2026-10-08
dollar_broad,2007-05-17,2007-05-24,94.8339,https://fred.stlouisfed.org/graph/fredgraph.csv?id=DTWEXBGS,2026-10-08
dollar_broad,2007-05-18,2007-05-25,94.6573,https://fred.stlouisfed.org/graph/fredgraph.csv?id=DTWEXBGS,2026-10-08
dollar_broad,2007-05-21,2007-05-28,94.7026,https://fred.stlouisfed.org/graph/fredgraph.csv?id=DTWEXBGS,2026-10-08
dollar_broad,2007-05-22,2007-05-29,94.5753,https://fred.stlouisfed.org/graph/fredgraph.csv?id=DTWEXBGS,2026-10-08
dollar_broad,2007-05-23,2007-05-30,94.4557,https://fred.stlouisfed.org/graph/fredgraph.csv?id=DTWEXBGS,2026-10-08
dollar_broad,2007-05-24,2007-05-31,94.7025,https://fred.stlouisfed.org/graph/fredgraph.csv?id=DTWEXBGS,2026-10-08
dollar_broad,2007-05-25,2007-06-01,94.5022,https://fred.stlouisfed.org/graph/fredgraph.csv?id=DTWEXBGS,2026-10-08
dollar_broad,2007-05-28,2007-06-04,94.4959,https://fred.stlouisfed.org/graph/fredgraph.csv?id=DTWEXBGS,2026-10-08
dollar_broad,2007-05-29,2007-06-05,94.3533,https://fred.stlouisfed.org/graph/fredgraph.csv?id=DTWEXBGS,2026-10-08
dollar_broad,2007-05-30,2007-06-06,94.549,https://fred.stlouisfed.org/graph/fredgraph.csv?id=DTWEXBGS,2026-10-08
dollar_broad,2007-05-31,2007-06-07,94.3215,https://fred.stlouisfed.org/graph/fredgraph.csv?id=DTWEXBGS,2026-10-08
dollar_broad,2007-06-01,2007-06-08,94.132,https://fred.stlouisfed.org/graph/fredgraph.csv?id=DTWEXBGS,2026-10-08
dollar_broad,2007-06-04,2007-06-11,93.9969,https://fred.stlouisfed.org/graph/fredgraph.csv?id=DTWEXBGS,2026-10-08
dollar_broad,2007-06-05,2007-06-12,93.9986,https://fred.stlouisfed.org/graph/fredgraph.csv?id=DTWEXBGS,2026-10-08
dollar_broad,2007-06-06,2007-06-13,94.1217,https://fred.stlouisfed.org/graph/fredgraph.csv?id=DTWEXBGS,2026-10-08
dollar_broad,2007-06-07,2007-06-14,94.3537,https://fred.stlouisfed.org/graph/fredgraph.csv?id=DTWEXBGS,2026-10-08
dollar_broad,2007-06-08,2007-06-15,94.7599,https://fred.stlouisfed.org/graph/fredgraph.csv?id=DTWEXBGS,2026-10-08
dollar_broad,2007-06-11,2007-06-18,94.6576,https://fred.stlouisfed.org/graph/fredgraph.csv?id=DTWEXBGS,2026-10-08
dollar_broad,2007-06-12,2007-06-19,94.6991,https://fred.stlouisfed.org/graph/fredgraph.csv?id=DTWEXBGS,2026-10-08
dollar_broad,2007-06-13,2007-06-20,94.9011,https://fred.stlouisfed.org/graph/fredgraph.csv?id=DTWEXBGS,2026-10-08
dollar_broad,2007-06-14,2007-06-21,94.9029,https://fred.stlouisfed.org/graph/fredgraph.csv?id=DTWEXBGS,2026-10-08
dollar_broad,2007-06-15,2007-06-22,94.6228,https://fred.stlouisfed.org/graph/fredgraph.csv?id=DTWEXBGS,2026-10-08
dollar_broad,2007-06-18,2007-06-25,94.5475,https://fred.stlouisfed.org/graph/fredgraph.csv?id=DTWEXBGS,2026-10-08
dollar_broad,2007-06-19,2007-06-26,94.3227,https://fred.stlouisfed.org/graph/fredgraph.csv?id=DTWEXBGS,2026-10-08
dollar_broad,2007-06-20,2007-06-27,94.3618,https://fred.stlouisfed.org/graph/fredgraph.csv?id=DTWEXBGS,2026-10-08
dollar_broad,2007-06-21,2007-06-28,94.6073,https://fred.stlouisfed.org/graph/fredgraph.csv?id=DTWEXBGS,2026-10-08
dollar_broad,2007-06-22,2007-06-29,94.4371,https://fred.stlouisfed.org/graph/fredgraph.csv?id=DTWEXBGS,2026-10-08
dollar_broad,2007-06-25,2007-07-02,94.5105,https://fred.stlouisfed.org/graph/fredgraph.csv?id=DTWEXBGS,2026-10-08
dollar_broad,2007-06-26,2007-07-03,94.4678,https://fred.stlouisfed.org/graph/fredgraph.csv?id=DTWEXBGS,2026-10-08
dollar_broad,2007-06-27,2007-07-04,94.5633,https://fred.stlouisfed.org/graph/fredgraph.csv?id=DTWEXBGS,2026-10-08
dollar_broad,2007-06-28,2007-07-05,94.2395,https://fred.stlouisfed.org/graph/fredgraph.csv?id=DTWEXBGS,2026-10-08
dollar_broad,2007-06-29,2007-07-06,94.1393,https://fred.stlouisfed.org/graph/fredgraph.csv?id=DTWEXBGS,2026-10-08
dollar_broad,2007-07-02,2007-07-09,93.634,https://fred.stlouisfed.org/graph/fredgraph.csv?id=DTWEXBGS,2026-10-08
dollar_broad,2007-07-03,2007-07-10,93.697,https://fred.stlouisfed.org/graph/fredgraph.csv?id=DTWEXBGS,2026-10-08
dollar_broad,2007-07-04,2007-07-11,93.6965,https://fred.stlouisfed.org/graph/fredgraph.csv?id=DTWEXBGS,2026-10-08
dollar_broad,2007-07-05,2007-07-12,93.7653,https://fred.stlouisfed.org/graph/fredgraph.csv?id=DTWEXBGS,2026-10-08
dollar_broad,2007-07-06,2007-07-13,93.5759,https://fred.stlouisfed.org/graph/fredgraph.csv?id=DTWEXBGS,2026-10-08
dollar_broad,2007-07-09,2007-07-16,93.5519,https://fred.stlouisfed.org/graph/fredgraph.csv?id=DTWEXBGS,2026-10-08
dollar_broad,2007-07-10,2007-07-17,93.3339,https://fred.stlouisfed.org/graph/fredgraph.csv?id=DTWEXBGS,2026-10-08
dollar_broad,2007-07-11,2007-07-18,93.3089,https://fred.stlouisfed.org/graph/fredgraph.csv?id=DTWEXBGS,2026-10-08
dollar_broad,2007-07-12,2007-07-19,93.1198,https://fred.stlouisfed.org/graph/fredgraph.csv?id=DTWEXBGS,2026-10-08
dollar_broad,2007-07-13,2007-07-20,93.0133,https://fred.stlouisfed.org/graph/fredgraph.csv?id=DTWEXBGS,2026-10-08
dollar_broad,2007-07-16,2007-07-23,92.9094,https://fred.stlouisfed.org/graph/fredgraph.csv?id=DTWEXBGS,2026-10-08
dollar_broad,2007-07-17,2007-07-24,92.9095,https://fred.stlouisfed.org/graph/fredgraph.csv?id=DTWEXBGS,2026-10-08
dollar_broad,2007-07-18,2007-07-25,92.7959,https://fred.stlouisfed.org/graph/fredgraph.csv?id=DTWEXBGS,2026-10-08
dollar_broad,2007-07-19,2007-07-26,92.7332,https://fred.stlouisfed.org/graph/fredgraph.csv?id=DTWEXBGS,2026-10-08
dollar_broad,2007-07-20,2007-07-27,92.7179,https://fred.stlouisfed.org/graph/fredgraph.csv?id=DTWEXBGS,2026-10-08
dollar_broad,2007-07-23,2007-07-30,92.6585,https://fred.stlouisfed.org/graph/fredgraph.csv?id=DTWEXBGS,2026-10-08
dollar_broad,2007-07-24,2007-07-31,92.505,https://fred.stlouisfed.org/graph/fredgraph.csv?id=DTWEXBGS,2026-10-08
dollar_broad,2007-07-25,2007-08-01,92.9189,https://fred.stlouisfed.org/graph/fredgraph.csv?id=DTWEXBGS,2026-10-08
dollar_broad,2007-07-26,2007-08-02,93.1186,https://fred.stlouisfed.org/graph/fredgraph.csv?id=DTWEXBGS,2026-10-08
dollar_broad,2007-07-27,2007-08-03,93.5485,https://fred.stlouisfed.org/graph/fredgraph.csv?id=DTWEXBGS,2026-10-08
dollar_broad,2007-07-30,2007-08-06,93.5918,https://fred.stlouisfed.org/graph/fredgraph.csv?id=DTWEXBGS,2026-10-08
dollar_broad,2007-07-31,2007-08-07,93.4264,https://fred.stlouisfed.org/graph/fredgraph.csv?id=DTWEXBGS,2026-10-08
dollar_broad,2007-08-01,2007-08-08,93.4011,https://fred.stlouisfed.org/graph/fredgraph.csv?id=DTWEXBGS,2026-10-08
dollar_broad,2007-08-02,2007-08-09,93.3038,https://fred.stlouisfed.org/graph/fredgraph.csv?id=DTWEXBGS,2026-10-08
dollar_broad,2007-08-03,2007-08-10,93.1039,https://fred.stlouisfed.org/graph/fredgraph.csv?id=DTWEXBGS,2026-10-08
dollar_broad,2007-08-06,2007-08-13,93.1112,https://fred.stlouisfed.org/graph/fredgraph.csv?id=DTWEXBGS,2026-10-08
dollar_broad,2007-08-07,2007-08-14,93.3171,https://fred.stlouisfed.org/graph/fredgraph.csv?id=DTWEXBGS,2026-10-08
dollar_broad,2007-08-08,2007-08-15,93.0989,https://fred.stlouisfed.org/graph/fredgraph.csv?id=DTWEXBGS,2026-10-08
dollar_broad,2007-08-09,2007-08-16,93.441,https://fred.stlouisfed.org/graph/fredgraph.csv?id=DTWEXBGS,2026-10-08
dollar_broad,2007-08-10,2007-08-17,93.5214,https://fred.stlouisfed.org/graph/fredgraph.csv?id=DTWEXBGS,2026-10-08
dollar_broad,2007-08-13,2007-08-20,93.6032,https://fred.stlouisfed.org/graph/fredgraph.csv?id=DTWEXBGS,2026-10-08
dollar_broad,2007-08-14,2007-08-21,94.0416,https://fred.stlouisfed.org/graph/fredgraph.csv?id=DTWEXBGS,2026-10-08
dollar_broad,2007-08-15,2007-08-22,94.5014,https://fred.stlouisfed.org/graph/fredgraph.csv?id=DTWEXBGS,2026-10-08
dollar_broad,2007-08-16,2007-08-23,94.9055,https://fred.stlouisfed.org/graph/fredgraph.csv?id=DTWEXBGS,2026-10-08
dollar_broad,2007-08-17,2007-08-24,94.319,https://fred.stlouisfed.org/graph/fredgraph.csv?id=DTWEXBGS,2026-10-08
dollar_broad,2007-08-20,2007-08-27,94.2138,https://fred.stlouisfed.org/graph/fredgraph.csv?id=DTWEXBGS,2026-10-08
dollar_broad,2007-08-21,2007-08-28,94.2676,https://fred.stlouisfed.org/graph/fredgraph.csv?id=DTWEXBGS,2026-10-08
dollar_broad,2007-08-22,2007-08-29,94.0998,https://fred.stlouisfed.org/graph/fredgraph.csv?id=DTWEXBGS,2026-10-08
dollar_broad,2007-08-23,2007-08-30,93.9827,https://fred.stlouisfed.org/graph/fredgraph.csv?id=DTWEXBGS,2026-10-08
dollar_broad,2007-08-24,2007-08-31,93.6863,https://fred.stlouisfed.org/graph/fredgraph.csv?id=DTWEXBGS,2026-10-08
dollar_broad,2007-08-27,2007-09-03,93.6109,https://fred.stlouisfed.org/graph/fredgraph.csv?id=DTWEXBGS,2026-10-08
dollar_broad,2007-08-28,2007-09-04,93.8394,https://fred.stlouisfed.org/graph/fredgraph.csv?id=DTWEXBGS,2026-10-08
dollar_broad,2007-08-29,2007-09-05,93.7174,https://fred.stlouisfed.org/graph/fredgraph.csv?id=DTWEXBGS,2026-10-08
dollar_broad,2007-08-30,2007-09-06,93.7324,https://fred.stlouisfed.org/graph/fredgraph.csv?id=DTWEXBGS,2026-10-08
dollar_broad,2007-08-31,2007-09-07,93.6674,https://fred.stlouisfed.org/graph/fredgraph.csv?id=DTWEXBGS,2026-10-08
dollar_broad,2007-09-03,2007-09-10,93.6691,https://fred.stlouisfed.org/graph/fredgraph.csv?id=DTWEXBGS,2026-10-08
dollar_broad,2007-09-04,2007-09-11,93.6433,https://fred.stlouisfed.org/graph/fredgraph.csv?id=DTWEXBGS,2026-10-08
dollar_broad,2007-09-05,2007-09-12,93.5453,https://fred.stlouisfed.org/graph/fredgraph.csv?id=DTWEXBGS,2026-10-08
dollar_broad,2007-09-06,2007-09-13,93.4468,https://fred.stlouisfed.org/graph/fredgraph.csv?id=DTWEXBGS,2026-10-08
dollar_broad,2007-09-07,2007-09-14,93.2939,https://fred.stlouisfed.org/graph/fredgraph.csv?id=DTWEXBGS,2026-10-08
dollar_broad,2007-09-10,2007-09-17,93.2349,https://fred.stlouisfed.org/graph/fredgraph.csv?id=DTWEXBGS,2026-10-08
dollar_broad,2007-09-11,2007-09-18,92.9244,https://fred.stlouisfed.org/graph/fredgraph.csv?id=DTWEXBGS,2026-10-08
dollar_broad,2007-09-12,2007-09-19,92.6386,https://fred.stlouisfed.org/graph/fredgraph.csv?id=DTWEXBGS,2026-10-08
dollar_broad,2007-09-13,2007-09-20,92.6172,https://fred.stlouisfed.org/graph/fredgraph.csv?id=DTWEXBGS,2026-10-08
dollar_broad,2007-09-14,2007-09-21,92.7083,https://fred.stlouisfed.org/graph/fredgraph.csv?id=DTWEXBGS,2026-10-08
dollar_broad,2007-09-17,2007-09-24,92.823,https://fred.stlouisfed.org/graph/fredgraph.csv?id=DTWEXBGS,2026-10-08
dollar_broad,2007-09-18,2007-09-25,92.6584,https://fred.stlouisfed.org/graph/fredgraph.csv?id=DTWEXBGS,2026-10-08
dollar_broad,2007-09-19,2007-09-26,92.1534,https://fred.stlouisfed.org/graph/fredgraph.csv?id=DTWEXBGS,2026-10-08
dollar_broad,2007-09-20,2007-09-27,91.4212,https://fred.stlouisfed.org/graph/fredgraph.csv?id=DTWEXBGS,2026-10-08
dollar_broad,2007-09-21,2007-09-28,91.4854,https://fred.stlouisfed.org/graph/fredgraph.csv?id=DTWEXBGS,2026-10-08
dollar_broad,2007-09-24,2007-10-01,91.4017,https://fred.stlouisfed.org/graph/fredgraph.csv?id=DTWEXBGS,2026-10-08
dollar_broad,2007-09-25,2007-10-02,91.3392,https://fred.stlouisfed.org/graph/fredgraph.csv?id=DTWEXBGS,2026-10-08
dollar_broad,2007-09-26,2007-10-03,91.4335,https://fred.stlouisfed.org/graph/fredgraph.csv?id=DTWEXBGS,2026-10-08
dollar_broad,2007-09-27,2007-10-04,91.3497,https://fred.stlouisfed.org/graph/fredgraph.csv?id=DTWEXBGS,2026-10-08
dollar_broad,2007-09-28,2007-10-05,90.9446,https://fred.stlouisfed.org/graph/fredgraph.csv?id=DTWEXBGS,2026-10-08
dollar_broad,2007-10-01,2007-10-08,90.8801,https://fred.stlouisfed.org/graph/fredgraph.csv?id=DTWEXBGS,2026-10-08
dollar_broad,2007-10-02,2007-10-09,91.12,https://fred.stlouisfed.org/graph/fredgraph.csv?id=DTWEXBGS,2026-10-08
dollar_broad,2007-10-03,2007-10-10,91.1038,https://fred.stlouisfed.org/graph/fredgraph.csv?id=DTWEXBGS,2026-10-08
dollar_broad,2007-10-04,2007-10-11,91.1632,https://fred.stlouisfed.org/graph/fredgraph.csv?id=DTWEXBGS,2026-10-08
dollar_broad,2007-10-05,2007-10-12,90.7393,https://fred.stlouisfed.org/graph/fredgraph.csv?id=DTWEXBGS,2026-10-08
dollar_broad,2007-10-08,2007-10-15,90.748,https://fred.stlouisfed.org/graph/fredgraph.csv?id=DTWEXBGS,2026-10-08
dollar_broad,2007-10-09,2007-10-16,90.8609,https://fred.stlouisfed.org/graph/fredgraph.csv?id=DTWEXBGS,2026-10-08
dollar_broad,2007-10-10,2007-10-17,90.7154,https://fred.stlouisfed.org/graph/fredgraph.csv?id=DTWEXBGS,2026-10-08
dollar_broad,2007-10-11,2007-10-18,90.4901,https://fred.stlouisfed.org/graph/fredgraph.csv?id=DTWEXBGS,2026-10-08
dollar_broad,2007-10-12,2007-10-19,90.5945,https://fred.stlouisfed.org/graph/fredgraph.csv?id=DTWEXBGS,2026-10-08
dollar_broad,2007-10-15,2007-10-22,90.5387,https://fred.stlouisfed.org/graph/fredgraph.csv?id=DTWEXBGS,2026-10-08
dollar_broad,2007-10-16,2007-10-23,90.7123,https://fred.stlouisfed.org/graph/fredgraph.csv?id=DTWEXBGS,2026-10-08
dollar_broad,2007-10-17,2007-10-24,90.515,https://fred.stlouisfed.org/graph/fredgraph.csv?id=DTWEXBGS,2026-10-08
dollar_broad,2007-10-18,2007-10-25,90.3084,https://fred.stlouisfed.org/graph/fredgraph.csv?id=DTWEXBGS,2026-10-08
dollar_broad,2007-10-19,2007-10-26,90.1014,https://fred.stlouisfed.org/graph/fredgraph.csv?id=DTWEXBGS,2026-10-08
dollar_broad,2007-10-22,2007-10-29,90.6777,https://fred.stlouisfed.org/graph/fredgraph.csv?id=DTWEXBGS,2026-10-08
dollar_broad,2007-10-23,2007-10-30,90.1899,https://fred.stlouisfed.org/graph/fredgraph.csv?id=DTWEXBGS,2026-10-08
dollar_broad,2007-10-24,2007-10-31,90.2262,https://fred.stlouisfed.org/graph/fredgraph.csv?id=DTWEXBGS,2026-10-08
dollar_broad,2007-10-25,2007-11-01,89.9925,https://fred.stlouisfed.org/graph/fredgraph.csv?id=DTWEXBGS,2026-10-08
dollar_broad,2007-10-26,2007-11-02,89.6508,https://fred.stlouisfed.org/graph/fredgraph.csv?id=DTWEXBGS,2026-10-08
dollar_broad,2007-10-29,2007-11-05,89.4118,https://fred.stlouisfed.org/graph/fredgraph.csv?id=DTWEXBGS,2026-10-08
dollar_broad,2007-10-30,2007-11-06,89.3252,https://fred.stlouisfed.org/graph/fredgraph.csv?id=DTWEXBGS,2026-10-08
dollar_broad,2007-10-31,2007-11-07,89.1389,https://fred.stlouisfed.org/graph/fredgraph.csv?id=DTWEXBGS,2026-10-08
dollar_broad,2007-11-01,2007-11-08,89.1628,https://fred.stlouisfed.org/graph/fredgraph.csv?id=DTWEXBGS,2026-10-08
dollar_broad,2007-11-02,2007-11-09,88.8924,https://fred.stlouisfed.org/graph/fredgraph.csv?id=DTWEXBGS,2026-10-08
dollar_broad,2007-11-05,2007-11-12,88.8851,https://fred.stlouisfed.org/graph/fredgraph.csv?id=DTWEXBGS,2026-10-08
dollar_broad,2007-11-06,2007-11-13,88.4938,https://fred.stlouisfed.org/graph/fredgraph.csv?id=DTWEXBGS,2026-10-08
dollar_broad,2007-11-07,2007-11-14,88.0631,https://fred.stlouisfed.org/graph/fredgraph.csv?id=DTWEXBGS,2026-10-08
dollar_broad,2007-11-08,2007-11-15,88.2631,https://fred.stlouisfed.org/graph/fredgraph.csv?id=DTWEXBGS,2026-10-08
dollar_broad,2007-11-09,2007-11-16,88.4615,https://fred.stlouisfed.org/graph/fredgraph.csv?id=DTWEXBGS,2026-10-08
dollar_broad,2007-11-12,2007-11-19,88.465,https://fred.stlouisfed.org/graph/fredgraph.csv?id=DTWEXBGS,2026-10-08
dollar_broad,2007-11-13,2007-11-20,89.1016,https://fred.stlouisfed.org/graph/fredgraph.csv?id=DTWEXBGS,2026-10-08
dollar_broad,2007-11-14,2007-11-21,88.9671,https://fred.stlouisfed.org/graph/fredgraph.csv?id=DTWEXBGS,2026-10-08
dollar_broad,2007-11-15,2007-11-22,89.4413,https://fred.stlouisfed.org/graph/fredgraph.csv?id=DTWEXBGS,2026-10-08
dollar_broad,2007-11-16,2007-11-23,89.3182,https://fred.stlouisfed.org/graph/fredgraph.csv?id=DTWEXBGS,2026-10-08
dollar_broad,2007-11-19,2007-11-26,89.5262,https://fred.stlouisfed.org/graph/fredgraph.csv?id=DTWEXBGS,2026-10-08
dollar_broad,2007-11-20,2007-11-27,89.2622,https://fred.stlouisfed.org/graph/fredgraph.csv?id=DTWEXBGS,2026-10-08
dollar_broad,2007-11-21,2007-11-28,89.3352,https://fred.stlouisfed.org/graph/fredgraph.csv?id=DTWEXBGS,2026-10-08
dollar_broad,2007-11-22,2007-11-29,89.3269,https://fred.stlouisfed.org/graph/fredgraph.csv?id=DTWEXBGS,2026-10-08
dollar_broad,2007-11-23,2007-11-30,89.2384,https://fred.stlouisfed.org/graph/fredgraph.csv?id=DTWEXBGS,2026-10-08
dollar_broad,2007-11-26,2007-12-03,89.145,https://fred.stlouisfed.org/graph/fredgraph.csv?id=DTWEXBGS,2026-10-08
dollar_broad,2007-11-27,2007-12-04,89.4082,https://fred.stlouisfed.org/graph/fredgraph.csv?id=DTWEXBGS,2026-10-08
dollar_broad,2007-11-28,2007-12-05,89.4195,https://fred.stlouisfed.org/graph/fredgraph.csv?id=DTWEXBGS,2026-10-08
dollar_broad,2007-11-29,2007-12-06,89.3681,https://fred.stlouisfed.org/graph/fredgraph.csv?id=DTWEXBGS,2026-10-08
dollar_broad,2007-11-30,2007-12-07,89.6212,https://fred.stlouisfed.org/graph/fredgraph.csv?id=DTWEXBGS,2026-10-08
dollar_broad,2007-12-03,2007-12-10,89.6403,https://fred.stlouisfed.org/graph/fredgraph.csv?id=DTWEXBGS,2026-10-08
dollar_broad,2007-12-04,2007-12-11,89.6672,https://fred.stlouisfed.org/graph/fredgraph.csv?id=DTWEXBGS,2026-10-08
dollar_broad,2007-12-05,2007-12-12,89.8751,https://fred.stlouisfed.org/graph/fredgraph.csv?id=DTWEXBGS,2026-10-08
dollar_broad,2007-12-06,2007-12-13,89.9268,https://fred.stlouisfed.org/graph/fredgraph.csv?id=DTWEXBGS,2026-10-08
dollar_broad,2007-12-07,2007-12-14,89.74,https://fred.stlouisfed.org/graph/fredgraph.csv?id=DTWEXBGS,2026-10-08
dollar_broad,2007-12-10,2007-12-17,89.6811,https://fred.stlouisfed.org/graph/fredgraph.csv?id=DTWEXBGS,2026-10-08
dollar_broad,2007-12-11,2007-12-18,89.7176,https://fred.stlouisfed.org/graph/fredgraph.csv?id=DTWEXBGS,2026-10-08
dollar_broad,2007-12-12,2007-12-19,89.7349,https://fred.stlouisfed.org/graph/fredgraph.csv?id=DTWEXBGS,2026-10-08
dollar_broad,2007-12-13,2007-12-20,90.1374,https://fred.stlouisfed.org/graph/fredgraph.csv?id=DTWEXBGS,2026-10-08
dollar_broad,2007-12-14,2007-12-21,90.4345,https://fred.stlouisfed.org/graph/fredgraph.csv?id=DTWEXBGS,2026-10-08
dollar_broad,2007-12-17,2007-12-24,90.5363,https://fred.stlouisfed.org/graph/fredgraph.csv?id=DTWEXBGS,2026-10-08
dollar_broad,2007-12-18,2007-12-25,90.5602,https://fred.stlouisfed.org/graph/fredgraph.csv?id=DTWEXBGS,2026-10-08
dollar_broad,2007-12-19,2007-12-26,90.6147,https://fred.stlouisfed.org/graph/fredgraph.csv?id=DTWEXBGS,2026-10-08
dollar_broad,2007-12-20,2007-12-27,90.4695,https://fred.stlouisfed.org/graph/fredgraph.csv?id=DTWEXBGS,2026-10-08
dollar_broad,2007-12-21,2007-12-28,90.3672,https://fred.stlouisfed.org/graph/fredgraph.csv?id=DTWEXBGS,2026-10-08
dollar_broad,2007-12-24,2007-12-31,90.1788,https://fred.stlouisfed.org/graph/fredgraph.csv?id=DTWEXBGS,2026-10-08
dollar_broad,2007-12-25,2008-01-01,90.1786,https://fred.stlouisfed.org/graph/fredgraph.csv?id=DTWEXBGS,2026-10-08
dollar_broad,2007-12-26,2008-01-02,89.9226,https://fred.stlouisfed.org/graph/fredgraph.csv?id=DTWEXBGS,2026-10-08
dollar_broad,2007-12-27,2008-01-03,89.684,https://fred.stlouisfed.org/graph/fredgraph.csv?id=DTWEXBGS,2026-10-08
dollar_broad,2007-12-28,2008-01-04,89.4069,https://fred.stlouisfed.org/graph/fredgraph.csv?id=DTWEXBGS,2026-10-08
dollar_broad,2007-12-31,2008-01-07,89.6304,https://fred.stlouisfed.org/graph/fredgraph.csv?id=DTWEXBGS,2026-10-08
dollar_broad,2008-01-01,2008-01-08,89.6297,https://fred.stlouisfed.org/graph/fredgraph.csv?id=DTWEXBGS,2026-10-08
dollar_broad,2008-01-02,2008-01-09,89.3514,https://fred.stlouisfed.org/graph/fredgraph.csv?id=DTWEXBGS,2026-10-08
dollar_broad,2008-01-03,2008-01-10,89.231,https://fred.stlouisfed.org/graph/fredgraph.csv?id=DTWEXBGS,2026-10-08
dollar_broad,2008-01-04,2008-01-11,89.2467,https://fred.stlouisfed.org/graph/fredgraph.csv?id=DTWEXBGS,2026-10-08
dollar_broad,2008-01-07,2008-01-14,89.5718,https://fred.stlouisfed.org/graph/fredgraph.csv?id=DTWEXBGS,2026-10-08
dollar_broad,2008-01-08,2008-01-15,89.3398,https://fred.stlouisfed.org/graph/fredgraph.csv?id=DTWEXBGS,2026-10-08
dollar_broad,2008-01-09,2008-01-16,89.6807,https://fred.stlouisfed.org/graph/fredgraph.csv?id=DTWEXBGS,2026-10-08
dollar_broad,2008-01-10,2008-01-17,89.6226,https://fred.stlouisfed.org/graph/fredgraph.csv?id=DTWEXBGS,2026-10-08
dollar_broad,2008-01-11,2008-01-18,89.5215,https://fred.stlouisfed.org/graph/fredgraph.csv?id=DTWEXBGS,2026-10-08
dollar_broad,2008-01-14,2008-01-21,89.2749,https://fred.stlouisfed.org/graph/fredgraph.csv?id=DTWEXBGS,2026-10-08
dollar_broad,2008-01-15,2008-01-22,89.1555,https://fred.stlouisfed.org/graph/fredgraph.csv?id=DTWEXBGS,2026-10-08
dollar_broad,2008-01-16,2008-01-23,89.6701,https://fred.stlouisfed.org/graph/fredgraph.csv?id=DTWEXBGS,2026-10-08
dollar_broad,2008-01-17,2008-01-24,89.6484,https://fred.stlouisfed.org/graph/fredgraph.csv?id=DTWEXBGS,2026-10-08
dollar_broad,2008-01-18,2008-01-25,89.8993,https://fred.stlouisfed.org/graph/fredgraph.csv?id=DTWEXBGS,2026-10-08
dollar_broad,2008-01-21,2008-01-28,89.9265,https://fred.stlouisfed.org/graph/fredgraph.csv?id=DTWEXBGS,2026-10-08
dollar_broad,2008-01-22,2008-01-29,89.84,https://fred.stlouisfed.org/graph/fredgraph.csv?id=DTWEXBGS,2026-10-08
dollar_broad,2008-01-23,2008-01-30,89.9138,https://fred.stlouisfed.org/graph/fredgraph.csv?id=DTWEXBGS,2026-10-08
dollar_broad,2008-01-24,2008-01-31,89.203,https://fred.stlouisfed.org/graph/fredgraph.csv?id=DTWEXBGS,2026-10-08
dollar_broad,2008-01-25,2008-02-01,89.2184,https://fred.stlouisfed.org/graph/fredgraph.csv?id=DTWEXBGS,2026-10-08
dollar_broad,2008-01-28,2008-02-04,88.9555,https://fred.stlouisfed.org/graph/fredgraph.csv?id=DTWEXBGS,2026-10-08
dollar_broad,2008-01-29,2008-02-05,88.8342,https://fred.stlouisfed.org/graph/fredgraph.csv?id=DTWEXBGS,2026-10-08
dollar_broad,2008-01-30,2008-02-06,88.7442,https://fred.stlouisfed.org/graph/fredgraph.csv?id=DTWEXBGS,2026-10-08
dollar_broad,2008-01-31,2008-02-07,88.6547,https://fred.stlouisfed.org/graph/fredgraph.csv?id=DTWEXBGS,2026-10-08
dollar_broad,2008-02-01,2008-02-08,88.4824,https://fred.stlouisfed.org/graph/fredgraph.csv?id=DTWEXBGS,2026-10-08
dollar_broad,2008-02-04,2008-02-11,88.4788,https://fred.stlouisfed.org/graph/fredgraph.csv?id=DTWEXBGS,2026-10-08
dollar_broad,2008-02-05,2008-02-12,89.076,https://fred.stlouisfed.org/graph/fredgraph.csv?id=DTWEXBGS,2026-10-08
dollar_broad,2008-02-06,2008-02-13,88.9987,https://fred.stlouisfed.org/graph/fredgraph.csv?id=DTWEXBGS,2026-10-08
dollar_broad,2008-02-07,2008-02-14,89.4221,https://fred.stlouisfed.org/graph/fredgraph.csv?id=DTWEXBGS,2026-10-08
dollar_broad,2008-02-08,2008-02-15,89.2226,https://fred.stlouisfed.org/graph/fredgraph.csv?id=DTWEXBGS,2026-10-08
dollar_broad,2008-02-11,2008-02-18,89.2149,https://fred.stlouisfed.org/graph/fredgraph.csv?id=DTWEXBGS,2026-10-08
dollar_broad,2008-02-12,2008-02-19,88.9539,https://fred.stlouisfed.org/graph/fredgraph.csv?id=DTWEXBGS,2026-10-08
dollar_broad,2008-02-13,2008-02-20,89.1382,https://fred.stlouisfed.org/graph/fredgraph.csv?id=DTWEXBGS,2026-10-08
dollar_broad,2008-02-14,2008-02-21,88.9055,https://fred.stlouisfed.org/graph/fredgraph.csv?id=DTWEXBGS,2026-10-08
dollar_broad,2008-02-15,2008-02-22,88.9006,https://fred.stlouisfed.org/graph/fredgraph.csv?id=DTWEXBGS,2026-10-08
dollar_broad,2008-02-18,2008-02-25,88.9004,https://fred.stlouisfed.org/graph/fredgraph.csv?id=DTWEXBGS,2026-10-08
dollar_broad,2008-02-19,2008-02-26,88.9626,https://fred.stlouisfed.org/graph/fredgraph.csv?id=DTWEXBGS,2026-10-08
dollar_broad,2008-02-20,2008-02-27,89.2572,https://fred.stlouisfed.org/graph/fredgraph.csv?id=DTWEXBGS,2026-10-08
dollar_broad,2008-02-21,2008-02-28,88.716,https://fred.stlouisfed.org/graph/fredgraph.csv?id=DTWEXBGS,2026-10-08
dollar_broad,2008-02-22,2008-02-29,88.7082,https://fred.stlouisfed.org/graph/fredgraph.csv?id=DTWEXBGS,2026-10-08
dollar_broad,2008-02-25,2008-03-03,88.5373,https://fred.stlouisfed.org/graph/fredgraph.csv?id=DTWEXBGS,2026-10-08
dollar_broad,2008-02-26,2008-03-04,88.0998,https://fred.stlouisfed.org/graph/fredgraph.csv?id=DTWEXBGS,2026-10-08
dollar_broad,2008-02-27,2008-03-05,87.3353,https://fred.stlouisfed.org/graph/fredgraph.csv?id=DTWEXBGS,2026-10-08
dollar_broad,2008-02-28,2008-03-06,87.0363,https://fred.stlouisfed.org/graph/fredgraph.csv?id=DTWEXBGS,2026-10-08
dollar_broad,2008-02-29,2008-03-07,87.1654,https://fred.stlouisfed.org/graph/fredgraph.csv?id=DTWEXBGS,2026-10-08
dollar_broad,2008-03-03,2008-03-10,87.2381,https://fred.stlouisfed.org/graph/fredgraph.csv?id=DTWEXBGS,2026-10-08
dollar_broad,2008-03-04,2008-03-11,87.3039,https://fred.stlouisfed.org/graph/fredgraph.csv?id=DTWEXBGS,2026-10-08
dollar_broad,2008-03-05,2008-03-12,87.1347,https://fred.stlouisfed.org/graph/fredgraph.csv?id=DTWEXBGS,2026-10-08
dollar_broad,2008-03-06,2008-03-13,86.9105,https://fred.stlouisfed.org/graph/fredgraph.csv?id=DTWEXBGS,2026-10-08
dollar_broad,2008-03-07,2008-03-14,87.1258,https://fred.stlouisfed.org/graph/fredgraph.csv?id=DTWEXBGS,2026-10-08
dollar_broad,2008-03-10,2008-03-17,87.1452,https://fred.stlouisfed.org/graph/fredgraph.csv?id=DTWEXBGS,2026-10-08
dollar_broad,2008-03-11,2008-03-18,87.1763,https://fred.stlouisfed.org/graph/fredgraph.csv?id=DTWEXBGS,2026-10-08
dollar_broad,2008-03-12,2008-03-19,86.728,https://fred.stlouisfed.org/graph/fredgraph.csv?id=DTWEXBGS,2026-10-08
dollar_broad,2008-03-13,2008-03-20,86.3891,https://fred.stlouisfed.org/graph/fredgraph.csv?id=DTWEXBGS,2026-10-08
dollar_broad,2008-03-14,2008-03-21,86.4301,https://fred.stlouisfed.org/graph/fredgraph.csv?id=DTWEXBGS,2026-10-08
dollar_broad,2008-03-17,2008-03-24,86.3417,https://fred.stlouisfed.org/graph/fredgraph.csv?id=DTWEXBGS,2026-10-08
dollar_broad,2008-03-18,2008-03-25,86.1191,https://fred.stlouisfed.org/graph/fredgraph.csv?id=DTWEXBGS,2026-10-08
dollar_broad,2008-03-19,2008-03-26,86.5755,https://fred.stlouisfed.org/graph/fredgraph.csv?id=DTWEXBGS,2026-10-08
dollar_broad,2008-03-20,2008-03-27,87.3293,https://fred.stlouisfed.org/graph/fredgraph.csv?id=DTWEXBGS,2026-10-08
dollar_broad,2008-03-21,2008-03-28,87.2111,https://fred.stlouisfed.org/graph/fredgraph.csv?id=DTWEXBGS,2026-10-08
dollar_broad,2008-03-24,2008-03-31,87.3103,https://fred.stlouisfed.org/graph/fredgraph.csv?id=DTWEXBGS,2026-10-08
dollar_broad,2008-03-25,2008-04-01,86.8339,https://fred.stlouisfed.org/graph/fredgraph.csv?id=DTWEXBGS,2026-10-08
dollar_broad,2008-03-26,2008-04-02,86.5513,https://fred.stlouisfed.org/graph/fredgraph.csv?id=DTWEXBGS,2026-10-08
dollar_broad,2008-03-27,2008-04-03,86.4583,https://fred.stlouisfed.org/graph/fredgraph.csv?id=DTWEXBGS,2026-10-08
dollar_broad,2008-03-28,2008-04-04,86.6369,https://fred.stlouisfed.org/graph/fredgraph.csv?id=DTWEXBGS,2026-10-08
dollar_broad,2008-03-31,2008-04-07,86.6881,https://fred.stlouisfed.org/graph/fredgraph.csv?id=DTWEXBGS,2026-10-08
dollar_broad,2008-04-01,2008-04-08,87.0276,https://fred.stlouisfed.org/graph/fredgraph.csv?id=DTWEXBGS,2026-10-08
dollar_broad,2008-04-02,2008-04-09,86.8886,https://fred.stlouisfed.org/graph/fredgraph.csv?id=DTWEXBGS,2026-10-08
dollar_broad,2008-04-03,2008-04-10,86.6424,https://fred.stlouisfed.org/graph/fredgraph.csv?id=DTWEXBGS,2026-10-08
dollar_broad,2008-04-04,2008-04-11,86.5108,https://fred.stlouisfed.org/graph/fredgraph.csv?id=DTWEXBGS,2026-10-08
dollar_broad,2008-04-07,2008-04-14,86.603,https://fred.stlouisfed.org/graph/fredgraph.csv?id=DTWEXBGS,2026-10-08
dollar_broad,2008-04-08,2008-04-15,86.7369,https://fred.stlouisfed.org/graph/fredgraph.csv?id=DTWEXBGS,2026-10-08
dollar_broad,2008-04-09,2008-04-16,86.5764,https://fred.stlouisfed.org/graph/fredgraph.csv?id=DTWEXBGS,2026-10-08
dollar_broad,2008-04-10,2008-04-17,86.5131,https://fred.stlouisfed.org/graph/fredgraph.csv?id=DTWEXBGS,2026-10-08
dollar_broad,2008-04-11,2008-04-18,86.5029,https://fred.stlouisfed.org/graph/fredgraph.csv?id=DTWEXBGS,2026-10-08
dollar_broad,2008-04-14,2008-04-21,86.3492,https://fred.stlouisfed.org/graph/fredgraph.csv?id=DTWEXBGS,2026-10-08
dollar_broad,2008-04-15,2008-04-22,86.4705,https://fred.stlouisfed.org/graph/fredgraph.csv?id=DTWEXBGS,2026-10-08
dollar_broad,2008-04-16,2008-04-23,85.9037,https://fred.stlouisfed.org/graph/fredgraph.csv?id=DTWEXBGS,2026-10-08
dollar_broad,2008-04-17,2008-04-24,86.1077,https://fred.stlouisfed.org/graph/fredgraph.csv?id=DTWEXBGS,2026-10-08
dollar_broad,2008-04-18,2008-04-25,86.5277,https://fred.stlouisfed.org/graph/fredgraph.csv?id=DTWEXBGS,2026-10-08
dollar_broad,2008-04-21,2008-04-28,86.2979,https://fred.stlouisfed.org/graph/fredgraph.csv?id=DTWEXBGS,2026-10-08
dollar_broad,2008-04-22,2008-04-29,85.927,https://fred.stlouisfed.org/graph/fredgraph.csv?id=DTWEXBGS,2026-10-08
dollar_broad,2008-04-23,2008-04-30,86.3841,https://fred.stlouisfed.org/graph/fredgraph.csv?id=DTWEXBGS,2026-10-08
dollar_broad,2008-04-24,2008-05-01,86.7154,https://fred.stlouisfed.org/graph/fredgraph.csv?id=DTWEXBGS,2026-10-08
dollar_broad,2008-04-25,2008-05-02,86.8337,https://fred.stlouisfed.org/graph/fredgraph.csv?id=DTWEXBGS,2026-10-08
dollar_broad,2008-04-28,2008-05-05,86.7635,https://fred.stlouisfed.org/graph/fredgraph.csv?id=DTWEXBGS,2026-10-08
dollar_broad,2008-04-29,2008-05-06,86.873,https://fred.stlouisfed.org/graph/fredgraph.csv?id=DTWEXBGS,2026-10-08
dollar_broad,2008-04-30,2008-05-07,86.8907,https://fred.stlouisfed.org/graph/fredgraph.csv?id=DTWEXBGS,2026-10-08
dollar_broad,2008-05-01,2008-05-08,87.1347,https://fred.stlouisfed.org/graph/fredgraph.csv?id=DTWEXBGS,2026-10-08
dollar_broad,2008-05-02,2008-05-09,87.2311,https://fred.stlouisfed.org/graph/fredgraph.csv?id=DTWEXBGS,2026-10-08
dollar_broad,2008-05-05,2008-05-12,87.0636,https://fred.stlouisfed.org/graph/fredgraph.csv?id=DTWEXBGS,2026-10-08
dollar_broad,2008-05-06,2008-05-13,86.847,https://fred.stlouisfed.org/graph/fredgraph.csv?id=DTWEXBGS,2026-10-08
dollar_broad,2008-05-07,2008-05-14,87.3421,https://fred.stlouisfed.org/graph/fredgraph.csv?id=DTWEXBGS,2026-10-08
dollar_broad,2008-05-08,2008-05-15,87.4575,https://fred.stlouisfed.org/graph/fredgraph.csv?id=DTWEXBGS,2026-10-08
dollar_broad,2008-05-09,2008-05-16,87.2528,https://fred.stlouisfed.org/graph/fredgraph.csv?id=DTWEXBGS,2026-10-08
dollar_broad,2008-05-12,2008-05-19,87.0403,https://fred.stlouisfed.org/graph/fredgraph.csv?id=DTWEXBGS,2026-10-08
dollar_broad,2008-05-13,2008-05-20,87.1332,https://fred.stlouisfed.org/graph/fredgraph.csv?id=DTWEXBGS,2026-10-08
dollar_broad,2008-05-14,2008-05-21,87.3659,https://fred.stlouisfed.org/graph/fredgraph.csv?id=DTWEXBGS,2026-10-08
dollar_broad,2008-05-15,2008-05-22,87.1823,https://fred.stlouisfed.org/graph/fredgraph.csv?id=DTWEXBGS,2026-10-08
dollar_broad,2008-05-16,2008-05-23,86.7855,https://fred.stlouisfed.org/graph/fredgraph.csv?id=DTWEXBGS,2026-10-08
dollar_broad,2008-05-19,2008-05-26,86.8225,https://fred.stlouisfed.org/graph/fredgraph.csv?id=DTWEXBGS,2026-10-08
dollar_broad,2008-05-20,2008-05-27,86.5627,https://fred.stlouisfed.org/graph/fredgraph.csv?id=DTWEXBGS,2026-10-08
dollar_broad,2008-05-21,2008-05-28,86.1595,https://fred.stlouisfed.org/graph/fredgraph.csv?id=DTWEXBGS,2026-10-08
dollar_broad,2008-05-22,2008-05-29,86.3223,https://fred.stlouisfed.org/graph/fredgraph.csv?id=DTWEXBGS,2026-10-08
dollar_broad,2008-05-23,2008-05-30,86.1922,https://fred.stlouisfed.org/graph/fredgraph.csv?id=DTWEXBGS,2026-10-08
dollar_broad,2008-05-26,2008-06-02,86.19,https://fred.stlouisfed.org/graph/fredgraph.csv?id=DTWEXBGS,2026-10-08
dollar_broad,2008-05-27,2008-06-03,86.4459,https://fred.stlouisfed.org/graph/fredgraph.csv?id=DTWEXBGS,2026-10-08
dollar_broad,2008-05-28,2008-06-04,86.4951,https://fred.stlouisfed.org/graph/fredgraph.csv?id=DTWEXBGS,2026-10-08
dollar_broad,2008-05-29,2008-06-05,86.5616,https://fred.stlouisfed.org/graph/fredgraph.csv?id=DTWEXBGS,2026-10-08
dollar_broad,2008-05-30,2008-06-06,86.5504,https://fred.stlouisfed.org/graph/fredgraph.csv?id=DTWEXBGS,2026-10-08
dollar_broad,2008-06-02,2008-06-09,86.6321,https://fred.stlouisfed.org/graph/fredgraph.csv?id=DTWEXBGS,2026-10-08
dollar_broad,2008-06-03,2008-06-10,86.8359,https://fred.stlouisfed.org/graph/fredgraph.csv?id=DTWEXBGS,2026-10-08
dollar_broad,2008-06-04,2008-06-11,87.0999,https://fred.stlouisfed.org/graph/fredgraph.csv?id=DTWEXBGS,2026-10-08
dollar_broad,2008-06-05,2008-06-12,87.0968,https://fred.stlouisfed.org/graph/fredgraph.csv?id=DTWEXBGS,2026-10-08
dollar_broad,2008-06-06,2008-06-13,86.8028,https://fred.stlouisfed.org/graph/fredgraph.csv?id=DTWEXBGS,2026-10-08
dollar_broad,2008-06-09,2008-06-16,86.9096,https://fred.stlouisfed.org/graph/fredgraph.csv?id=DTWEXBGS,2026-10-08
dollar_broad,2008-06-10,2008-06-17,87.4705,https://fred.stlouisfed.org/graph/fredgraph.csv?id=DTWEXBGS,2026-10-08
dollar_broad,2008-06-11,2008-06-18,87.2059,https://fred.stlouisfed.org/graph/fredgraph.csv?id=DTWEXBGS,2026-10-08
dollar_broad,2008-06-12,2008-06-19,87.6187,https://fred.stlouisfed.org/graph/fredgraph.csv?id=DTWEXBGS,2026-10-08
dollar_broad,2008-06-13,2008-06-20,87.7622,https://fred.stlouisfed.org/graph/fredgraph.csv?id=DTWEXBGS,2026-10-08
dollar_broad,2008-06-16,2008-06-23,87.3911,https://fred.stlouisfed.org/graph/fredgraph.csv?id=DTWEXBGS,2026-10-08
dollar_broad,2008-06-17,2008-06-24,87.2103,https://fred.stlouisfed.org/graph/fredgraph.csv?id=DTWEXBGS,2026-10-08
dollar_broad,2008-06-18,2008-06-25,87.1872,https://fred.stlouisfed.org/graph/fredgraph.csv?id=DTWEXBGS,2026-10-08
dollar_broad,2008-06-19,2008-06-26,87.0815,https://fred.stlouisfed.org/graph/fredgraph.csv?id=DTWEXBGS,2026-10-08
dollar_broad,2008-06-20,2008-06-27,86.9036,https://fred.stlouisfed.org/graph/fredgraph.csv?id=DTWEXBGS,2026-10-08
dollar_broad,2008-06-23,2008-06-30,87.2163,https://fred.stlouisfed.org/graph/fredgraph.csv?id=DTWEXBGS,2026-10-08
dollar_broad,2008-06-24,2008-07-01,86.9666,https://fred.stlouisfed.org/graph/fredgraph.csv?id=DTWEXBGS,2026-10-08
dollar_broad,2008-06-25,2008-07-02,87.0535,https://fred.stlouisfed.org/graph/fredgraph.csv?id=DTWEXBGS,2026-10-08
dollar_broad,2008-06-26,2008-07-03,86.6793,https://fred.stlouisfed.org/graph/fredgraph.csv?id=DTWEXBGS,2026-10-08
dollar_broad,2008-06-27,2008-07-04,86.643,https://fred.stlouisfed.org/graph/fredgraph.csv?id=DTWEXBGS,2026-10-08
dollar_broad,2008-06-30,2008-07-07,86.7621,https://fred.stlouisfed.org/graph/fredgraph.csv?id=DTWEXBGS,2026-10-08
dollar_broad,2008-07-01,2008-07-08,86.8447,https://fred.stlouisfed.org/graph/fredgraph.csv?id=DTWEXBGS,2026-10-08
dollar_broad,2008-07-02,2008-07-09,86.4782,https://fred.stlouisfed.org/graph/fredgraph.csv?id=DTWEXBGS,2026-10-08
dollar_broad,2008-07-03,2008-07-10,86.8843,https://fred.stlouisfed.org/graph/fredgraph.csv?id=DTWEXBGS,2026-10-08
dollar_broad,2008-07-04,2008-07-11,86.8781,https://fred.stlouisfed.org/graph/fredgraph.csv?id=DTWEXBGS,2026-10-08
dollar_broad,2008-07-07,2008-07-14,86.9617,https://fred.stlouisfed.org/graph/fredgraph.csv?id=DTWEXBGS,2026-10-08
dollar_broad,2008-07-08,2008-07-15,86.9778,https://fred.stlouisfed.org/graph/fredgraph.csv?id=DTWEXBGS,2026-10-08
dollar_broad,2008-07-09,2008-07-16,86.5335,https://fred.stlouisfed.org/graph/fredgraph.csv?id=DTWEXBGS,2026-10-08
dollar_broad,2008-07-10,2008-07-17,86.5122,https://fred.stlouisfed.org/graph/fredgraph.csv?id=DTWEXBGS,2026-10-08
dollar_broad,2008-07-11,2008-07-18,86.221,https://fred.stlouisfed.org/graph/fredgraph.csv?id=DTWEXBGS,2026-10-08
dollar_broad,2008-07-14,2008-07-21,86.1079,https://fred.stlouisfed.org/graph/fredgraph.csv?id=DTWEXBGS,2026-10-08
dollar_broad,2008-07-15,2008-07-22,85.8731,https://fred.stlouisfed.org/graph/fredgraph.csv?id=DTWEXBGS,2026-10-08
dollar_broad,2008-07-16,2008-07-23,85.9285,https://fred.stlouisfed.org/graph/fredgraph.csv?id=DTWEXBGS,2026-10-08
dollar_broad,2008-07-17,2008-07-24,85.9387,https://fred.stlouisfed.org/graph/fredgraph.csv?id=DTWEXBGS,2026-10-08
dollar_broad,2008-07-18,2008-07-25,86.0735,https://fred.stlouisfed.org/graph/fredgraph.csv?id=DTWEXBGS,2026-10-08
dollar_broad,2008-07-21,2008-07-28,86.0151,https://fred.stlouisfed.org/graph/fredgraph.csv?id=DTWEXBGS,2026-10-08
dollar_broad,2008-07-22,2008-07-29,86.1909,https://fred.stlouisfed.org/graph/fredgraph.csv?id=DTWEXBGS,2026-10-08
dollar_broad,2008-07-23,2008-07-30,86.2664,https://fred.stlouisfed.org/graph/fredgraph.csv?id=DTWEXBGS,2026-10-08
dollar_broad,2008-07-24,2008-07-31,86.4017,https://fred.stlouisfed.org/graph/fredgraph.csv?id=DTWEXBGS,2026-10-08
dollar_broad,2008-07-25,2008-08-01,86.3916,https://fred.stlouisfed.org/graph/fredgraph.csv?id=DTWEXBGS,2026-10-08
dollar_broad,2008-07-28,2008-08-04,86.4666,https://fred.stlouisfed.org/graph/fredgraph.csv?id=DTWEXBGS,2026-10-08
dollar_broad,2008-07-29,2008-08-05,86.8175,https://fred.stlouisfed.org/graph/fredgraph.csv?id=DTWEXBGS,2026-10-08
dollar_broad,2008-07-30,2008-08-06,86.8167,https://fred.stlouisfed.org/graph/fredgraph.csv?id=DTWEXBGS,2026-10-08
dollar_broad,2008-07-31,2008-08-07,86.8567,https://fred.stlouisfed.org/graph/fredgraph.csv?id=DTWEXBGS,2026-10-08
dollar_broad,2008-08-01,2008-08-08,86.8257,https://fred.stlouisfed.org/graph/fredgraph.csv?id=DTWEXBGS,2026-10-08
dollar_broad,2008-08-04,2008-08-11,87.0611,https://fred.stlouisfed.org/graph/fredgraph.csv?id=DTWEXBGS,2026-10-08
dollar_broad,2008-08-05,2008-08-12,87.3281,https://fred.stlouisfed.org/graph/fredgraph.csv?id=DTWEXBGS,2026-10-08
dollar_broad,2008-08-06,2008-08-13,87.6004,https://fred.stlouisfed.org/graph/fredgraph.csv?id=DTWEXBGS,2026-10-08
dollar_broad,2008-08-07,2008-08-14,87.8732,https://fred.stlouisfed.org/graph/fredgraph.csv?id=DTWEXBGS,2026-10-08
dollar_broad,2008-08-08,2008-08-15,88.8939,https://fred.stlouisfed.org/graph/fredgraph.csv?id=DTWEXBGS,2026-10-08
dollar_broad,2008-08-11,2008-08-18,89.035,https://fred.stlouisfed.org/graph/fredgraph.csv?id=DTWEXBGS,2026-10-08
dollar_broad,2008-08-12,2008-08-19,89.1916,https://fred.stlouisfed.org/graph/fredgraph.csv?id=DTWEXBGS,2026-10-08
dollar_broad,2008-08-13,2008-08-20,89.3211,https://fred.stlouisfed.org/graph/fredgraph.csv?id=DTWEXBGS,2026-10-08
dollar_broad,2008-08-14,2008-08-21,89.3675,https://fred.stlouisfed.org/graph/fredgraph.csv?id=DTWEXBGS,2026-10-08
dollar_broad,2008-08-15,2008-08-22,89.7244,https://fred.stlouisfed.org/graph/fredgraph.csv?id=DTWEXBGS,2026-10-08
dollar_broad,2008-08-18,2008-08-25,89.5966,https://fred.stlouisfed.org/graph/fredgraph.csv?id=DTWEXBGS,2026-10-08
dollar_broad,2008-08-19,2008-08-26,89.6465,https://fred.stlouisfed.org/graph/fredgraph.csv?id=DTWEXBGS,2026-10-08
dollar_broad,2008-08-20,2008-08-27,89.6977,https://fred.stlouisfed.org/graph/fredgraph.csv?id=DTWEXBGS,2026-10-08
dollar_broad,2008-08-21,2008-08-28,88.9128,https://fred.stlouisfed.org/graph/fredgraph.csv?id=DTWEXBGS,2026-10-08
dollar_broad,2008-08-22,2008-08-29,89.2381,https://fred.stlouisfed.org/graph/fredgraph.csv?id=DTWEXBGS,2026-10-08
dollar_broad,2008-08-25,2008-09-01,89.3094,https://fred.stlouisfed.org/graph/fredgraph.csv?id=DTWEXBGS,2026-10-08
dollar_broad,2008-08-26,2008-09-02,89.7007,https://fred.stlouisfed.org/graph/fredgraph.csv?id=DTWEXBGS,2026-10-08
dollar_broad,2008-08-27,2008-09-03,89.6419,https://fred.stlouisfed.org/graph/fredgraph.csv?id=DTWEXBGS,2026-10-08
dollar_broad,2008-08-28,2008-09-04,89.8225,https://fred.stlouisfed.org/graph/fredgraph.csv?id=DTWEXBGS,2026-10-08
dollar_broad,2008-08-29,2008-09-05,90.0567,https://fred.stlouisfed.org/graph/fredgraph.csv?id=DTWEXBGS,2026-10-08
dollar_broad,2008-09-01,2008-09-08,90.08,https://fred.stlouisfed.org/graph/fredgraph.csv?id=DTWEXBGS,2026-10-08
dollar_broad,2008-09-02,2008-09-09,90.8438,https://fred.stlouisfed.org/graph/fredgraph.csv?id=DTWEXBGS,2026-10-08
dollar_broad,2008-09-03,2008-09-10,90.8286,https://fred.stlouisfed.org/graph/fredgraph.csv?id=DTWEXBGS,2026-10-08
dollar_broad,2008-09-04,2008-09-11,91.1621,https://fred.stlouisfed.org/graph/fredgraph.csv?id=DTWEXBGS,2026-10-08
dollar_broad,2008-09-05,2008-09-12,91.341,https://fred.stlouisfed.org/graph/fredgraph.csv?id=DTWEXBGS,2026-10-08
dollar_broad,2008-09-08,2008-09-15,91.663,https://fred.stlouisfed.org/graph/fredgraph.csv?id=DTWEXBGS,2026-10-08
dollar_broad,2008-09-09,2008-09-16,91.5779,https://fred.stlouisfed.org/graph/fredgraph.csv?id=DTWEXBGS,2026-10-08
dollar_broad,2008-09-10,2008-09-17,92.1283,https://fred.stlouisfed.org/graph/fredgraph.csv?id=DTWEXBGS,2026-10-08
dollar_broad,2008-09-11,2008-09-18,92.4901,https://fred.stlouisfed.org/graph/fredgraph.csv?id=DTWEXBGS,2026-10-08
dollar_broad,2008-09-12,2008-09-19,91.4706,https://fred.stlouisfed.org/graph/fredgraph.csv?id=DTWEXBGS,2026-10-08
dollar_broad,2008-09-15,2008-09-22,91.757,https://fred.stlouisfed.org/graph/fredgraph.csv?id=DTWEXBGS,2026-10-08
dollar_broad,2008-09-16,2008-09-23,92.0594,https://fred.stlouisfed.org/graph/fredgraph.csv?id=DTWEXBGS,2026-10-08
dollar_broad,2008-09-17,2008-09-24,92.0982,https://fred.stlouisfed.org/graph/fredgraph.csv?id=DTWEXBGS,2026-10-08
dollar_broad,2008-09-18,2008-09-25,91.7111,https://fred.stlouisfed.org/graph/fredgraph.csv?id=DTWEXBGS,2026-10-08
dollar_broad,2008-09-19,2008-09-26,91.0014,https://fred.stlouisfed.org/graph/fredgraph.csv?id=DTWEXBGS,2026-10-08
dollar_broad,2008-09-22,2008-09-29,90.1119,https://fred.stlouisfed.org/graph/fredgraph.csv?id=DTWEXBGS,2026-10-08
dollar_broad,2008-09-23,2008-09-30,90.1221,https://fred.stlouisfed.org/graph/fredgraph.csv?id=DTWEXBGS,2026-10-08
dollar_broad,2008-09-24,2008-10-01,90.4602,https://fred.stlouisfed.org/graph/fredgraph.csv?id=DTWEXBGS,2026-10-08
dollar_broad,2008-09-25,2008-10-02,90.4651,https://fred.stlouisfed.org/graph/fredgraph.csv?id=DTWEXBGS,2026-10-08
dollar_broad,2008-09-26,2008-10-03,90.6872,https://fred.stlouisfed.org/graph/fredgraph.csv?id=DTWEXBGS,2026-10-08
dollar_broad,2008-09-29,2008-10-06,91.3961,https://fred.stlouisfed.org/graph/fredgraph.csv?id=DTWEXBGS,2026-10-08
dollar_broad,2008-09-30,2008-10-07,92.3773,https://fred.stlouisfed.org/graph/fredgraph.csv?id=DTWEXBGS,2026-10-08
dollar_broad,2008-10-01,2008-10-08,92.511,https://fred.stlouisfed.org/graph/fredgraph.csv?id=DTWEXBGS,2026-10-08
dollar_broad,2008-10-02,2008-10-09,93.3792,https://fred.stlouisfed.org/graph/fredgraph.csv?id=DTWEXBGS,2026-10-08
dollar_broad,2008-10-03,2008-10-10,93.5414,https://fred.stlouisfed.org/graph/fredgraph.csv?id=DTWEXBGS,2026-10-08
dollar_broad,2008-10-06,2008-10-13,95.1629,https://fred.stlouisfed.org/graph/fredgraph.csv?id=DTWEXBGS,2026-10-08
dollar_broad,2008-10-07,2008-10-14,95.4889,https://fred.stlouisfed.org/graph/fredgraph.csv?id=DTWEXBGS,2026-10-08
dollar_broad,2008-10-08,2008-10-15,96.9684,https://fred.stlouisfed.org/graph/fredgraph.csv?id=DTWEXBGS,2026-10-08
dollar_broad,2008-10-09,2008-10-16,96.5143,https://fred.stlouisfed.org/graph/fredgraph.csv?id=DTWEXBGS,2026-10-08
dollar_broad,2008-10-10,2008-10-17,97.999,https://fred.stlouisfed.org/graph/fredgraph.csv?id=DTWEXBGS,2026-10-08
dollar_broad,2008-10-13,2008-10-20,97.9686,https://fred.stlouisfed.org/graph/fredgraph.csv?id=DTWEXBGS,2026-10-08
dollar_broad,2008-10-14,2008-10-21,96.2544,https://fred.stlouisfed.org/graph/fredgraph.csv?id=DTWEXBGS,2026-10-08
dollar_broad,2008-10-15,2008-10-22,97.2045,https://fred.stlouisfed.org/graph/fredgraph.csv?id=DTWEXBGS,2026-10-08
dollar_broad,2008-10-16,2008-10-23,98.368,https://fred.stlouisfed.org/graph/fredgraph.csv?id=DTWEXBGS,2026-10-08
dollar_broad,2008-10-17,2008-10-24,97.7255,https://fred.stlouisfed.org/graph/fredgraph.csv?id=DTWEXBGS,2026-10-08
dollar_broad,2008-10-20,2008-10-27,98.1605,https://fred.stlouisfed.org/graph/fredgraph.csv?id=DTWEXBGS,2026-10-08
dollar_broad,2008-10-21,2008-10-28,99.4242,https://fred.stlouisfed.org/graph/fredgraph.csv?id=DTWEXBGS,2026-10-08
dollar_broad,2008-10-22,2008-10-29,101.2131,https://fred.stlouisfed.org/graph/fredgraph.csv?id=DTWEXBGS,2026-10-08
dollar_broad,2008-10-23,2008-10-30,101.1071,https://fred.stlouisfed.org/graph/fredgraph.csv?id=DTWEXBGS,2026-10-08
dollar_broad,2008-10-24,2008-10-31,101.8442,https://fred.stlouisfed.org/graph/fredgraph.csv?id=DTWEXBGS,2026-10-08
dollar_broad,2008-10-27,2008-11-03,102.3415,https://fred.stlouisfed.org/graph/fredgraph.csv?id=DTWEXBGS,2026-10-08
dollar_broad,2008-10-28,2008-11-04,102.4236,https://fred.stlouisfed.org/graph/fredgraph.csv?id=DTWEXBGS,2026-10-08
dollar_broad,2008-10-29,2008-11-05,100.0967,https://fred.stlouisfed.org/graph/fredgraph.csv?id=DTWEXBGS,2026-10-08
dollar_broad,2008-10-30,2008-11-06,99.4568,https://fred.stlouisfed.org/graph/fredgraph.csv?id=DTWEXBGS,2026-10-08
dollar_broad,2008-10-31,2008-11-07,99.7662,https://fred.stlouisfed.org/graph/fredgraph.csv?id=DTWEXBGS,2026-10-08
dollar_broad,2008-11-03,2008-11-10,99.4345,https://fred.stlouisfed.org/graph/fredgraph.csv?id=DTWEXBGS,2026-10-08
dollar_broad,2008-11-04,2008-11-11,97.9957,https://fred.stlouisfed.org/graph/fredgraph.csv?id=DTWEXBGS,2026-10-08
dollar_broad,2008-11-05,2008-11-12,98.0953,https://fred.stlouisfed.org/graph/fredgraph.csv?id=DTWEXBGS,2026-10-08
dollar_broad,2008-11-06,2008-11-13,99.5364,https://fred.stlouisfed.org/graph/fredgraph.csv?id=DTWEXBGS,2026-10-08
dollar_broad,2008-11-07,2008-11-14,99.3944,https://fred.stlouisfed.org/graph/fredgraph.csv?id=DTWEXBGS,2026-10-08
dollar_broad,2008-11-10,2008-11-17,99.5897,https://fred.stlouisfed.org/graph/fredgraph.csv?id=DTWEXBGS,2026-10-08
dollar_broad,2008-11-11,2008-11-18,99.6041,https://fred.stlouisfed.org/graph/fredgraph.csv?id=DTWEXBGS,2026-10-08
dollar_broad,2008-11-12,2008-11-19,101.1947,https://fred.stlouisfed.org/graph/fredgraph.csv?id=DTWEXBGS,2026-10-08
dollar_broad,2008-11-13,2008-11-20,101.774,https://fred.stlouisfed.org/graph/fredgraph.csv?id=DTWEXBGS,2026-10-08
dollar_broad,2008-11-14,2008-11-21,100.9705,https://fred.stlouisfed.org/graph/fredgraph.csv?id=DTWEXBGS,2026-10-08
dollar_broad,2008-11-17,2008-11-24,101.1029,https://fred.stlouisfed.org/graph/fredgraph.csv?id=DTWEXBGS,2026-10-08
dollar_broad,2008-11-18,2008-11-25,101.3965,https://fred.stlouisfed.org/graph/fredgraph.csv?id=DTWEXBGS,2026-10-08
dollar_broad,2008-11-19,2008-11-26,101.8804,https://fred.stlouisfed.org/graph/fredgraph.csv?id=DTWEXBGS,2026-10-08
dollar_broad,2008-11-20,2008-11-27,103.2737,https://fred.stlouisfed.org/graph/fredgraph.csv?id=DTWEXBGS,2026-10-08
dollar_broad,2008-11-21,2008-11-28,103.6289,https://fred.stlouisfed.org/graph/fredgraph.csv?id=DTWEXBGS,2026-10-08
dollar_broad,2008-11-24,2008-12-01,101.502,https://fred.stlouisfed.org/graph/fredgraph.csv?id=DTWEXBGS,2026-10-08
dollar_broad,2008-11-25,2008-12-02,100.7997,https://fred.stlouisfed.org/graph/fredgraph.csv?id=DTWEXBGS,2026-10-08
dollar_broad,2008-11-26,2008-12-03,101.2566,https://fred.stlouisfed.org/graph/fredgraph.csv?id=DTWEXBGS,2026-10-08
dollar_broad,2008-11-27,2008-12-04,101.2564,https://fred.stlouisfed.org/graph/fredgraph.csv?id=DTWEXBGS,2026-10-08
dollar_broad,2008-11-28,2008-12-05,101.6468,https://fred.stlouisfed.org/graph/fredgraph.csv?id=DTWEXBGS,2026-10-08
dollar_broad,2008-12-01,2008-12-08,102.1744,https://fred.stlouisfed.org/graph/fredgraph.csv?id=DTWEXBGS,2026-10-08
dollar_broad,2008-12-02,2008-12-09,101.9891,https://fred.stlouisfed.org/graph/fredgraph.csv?id=DTWEXBGS,2026-10-08
dollar_broad,2008-12-03,2008-12-10,102.4251,https://fred.stlouisfed.org/graph/fredgraph.csv?id=DTWEXBGS,2026-10-08
dollar_broad,2008-12-04,2008-12-11,102.0715,https://fred.stlouisfed.org/graph/fredgraph.csv?id=DTWEXBGS,2026-10-08
dollar_broad,2008-12-05,2008-12-12,103.4902,https://fred.stlouisfed.org/graph/fredgraph.csv?id=DTWEXBGS,2026-10-08
dollar_broad,2008-12-08,2008-12-15,101.7227,https://fred.stlouisfed.org/graph/fredgraph.csv?id=DTWEXBGS,2026-10-08
dollar_broad,2008-12-09,2008-12-16,101.7346,https://fred.stlouisfed.org/graph/fredgraph.csv?id=DTWEXBGS,2026-10-08
dollar_broad,2008-12-10,2008-12-17,101.2913,https://fred.stlouisfed.org/graph/fredgraph.csv?id=DTWEXBGS,2026-10-08
dollar_broad,2008-12-11,2008-12-18,99.5101,https://fred.stlouisfed.org/graph/fredgraph.csv?id=DTWEXBGS,2026-10-08
dollar_broad,2008-12-12,2008-12-19,100.319,https://fred.stlouisfed.org/graph/fredgraph.csv?id=DTWEXBGS,2026-10-08
dollar_broad,2008-12-15,2008-12-22,99.1001,https://fred.stlouisfed.org/graph/fredgraph.csv?id=DTWEXBGS,2026-10-08
dollar_broad,2008-12-16,2008-12-23,98.4771,https://fred.stlouisfed.org/graph/fredgraph.csv?id=DTWEXBGS,2026-10-08
dollar_broad,2008-12-17,2008-12-24,96.8227,https://fred.stlouisfed.org/graph/fredgraph.csv?id=DTWEXBGS,2026-10-08
dollar_broad,2008-12-18,2008-12-25,96.8447,https://fred.stlouisfed.org/graph/fredgraph.csv?id=DTWEXBGS,2026-10-08
dollar_broad,2008-12-19,2008-12-26,98.1278,https://fred.stlouisfed.org/graph/fredgraph.csv?id=DTWEXBGS,2026-10-08
dollar_broad,2008-12-22,2008-12-29,98.1643,https://fred.stlouisfed.org/graph/fredgraph.csv?id=DTWEXBGS,2026-10-08
dollar_broad,2008-12-23,2008-12-30,98.2698,https://fred.stlouisfed.org/graph/fredgraph.csv?id=DTWEXBGS,2026-10-08
dollar_broad,2008-12-24,2008-12-31,98.2249,https://fred.stlouisfed.org/graph/fredgraph.csv?id=DTWEXBGS,2026-10-08
dollar_broad,2008-12-25,2009-01-01,98.2419,https://fred.stlouisfed.org/graph/fredgraph.csv?id=DTWEXBGS,2026-10-08
dollar_broad,2008-12-26,2009-01-02,98.2594,https://fred.stlouisfed.org/graph/fredgraph.csv?id=DTWEXBGS,2026-10-08
dollar_broad,2008-12-29,2009-01-05,97.9359,https://fred.stlouisfed.org/graph/fredgraph.csv?id=DTWEXBGS,2026-10-08
dollar_broad,2008-12-30,2009-01-06,98.3833,https://fred.stlouisfed.org/graph/fredgraph.csv?id=DTWEXBGS,2026-10-08
dollar_broad,2008-12-31,2009-01-07,98.6518,https://fred.stlouisfed.org/graph/fredgraph.csv?id=DTWEXBGS,2026-10-08
dollar_broad,2009-01-02,2009-01-09,98.6008,https://fred.stlouisfed.org/graph/fredgraph.csv?id=DTWEXBGS,2026-10-08
dollar_broad,2009-01-05,2009-01-12,98.9195,https://fred.stlouisfed.org/graph/fredgraph.csv?id=DTWEXBGS,2026-10-08
dollar_broad,2009-01-06,2009-01-13,98.7871,https://fred.stlouisfed.org/graph/fredgraph.csv?id=DTWEXBGS,2026-10-08
dollar_broad,2009-01-07,2009-01-14,98.089,https://fred.stlouisfed.org/graph/fredgraph.csv?id=DTWEXBGS,2026-10-08
dollar_broad,2009-01-08,2009-01-15,98.3223,https://fred.stlouisfed.org/graph/fredgraph.csv?id=DTWEXBGS,2026-10-08
dollar_broad,2009-01-09,2009-01-16,98.8752,https://fred.stlouisfed.org/graph/fredgraph.csv?id=DTWEXBGS,2026-10-08
dollar_broad,2009-01-12,2009-01-19,99.6022,https://fred.stlouisfed.org/graph/fredgraph.csv?id=DTWEXBGS,2026-10-08
dollar_broad,2009-01-13,2009-01-20,100.3597,https://fred.stlouisfed.org/graph/fredgraph.csv?id=DTWEXBGS,2026-10-08
dollar_broad,2009-01-14,2009-01-21,100.7546,https://fred.stlouisfed.org/graph/fredgraph.csv?id=DTWEXBGS,2026-10-08
dollar_broad,2009-01-15,2009-01-22,101.4653,https://fred.stlouisfed.org/graph/fredgraph.csv?id=DTWEXBGS,2026-10-08
dollar_broad,2009-01-16,2009-01-23,100.711,https://fred.stlouisfed.org/graph/fredgraph.csv?id=DTWEXBGS,2026-10-08
dollar_broad,2009-01-21,2009-01-28,102.1007,https://fred.stlouisfed.org/graph/fredgraph.csv?id=DTWEXBGS,2026-10-08
dollar_broad,2009-01-22,2009-01-29,101.8432,https://fred.stlouisfed.org/graph/fredgraph.csv?id=DTWEXBGS,2026-10-08
dollar_broad,2009-01-23,2009-01-30,102.1096,https://fred.stlouisfed.org/graph/fredgraph.csv?id=DTWEXBGS,2026-10-08
dollar_broad,2009-01-26,2009-02-02,100.9764,https://fred.stlouisfed.org/graph/fredgraph.csv?id=DTWEXBGS,2026-10-08
dollar_broad,2009-01-27,2009-02-03,101.1702,https://fred.stlouisfed.org/graph/fredgraph.csv?id=DTWEXBGS,2026-10-08
dollar_broad,2009-01-28,2009-02-04,100.5461,https://fred.stlouisfed.org/graph/fredgraph.csv?id=DTWEXBGS,2026-10-08
dollar_broad,2009-01-29,2009-02-05,101.3398,https://fred.stlouisfed.org/graph/fredgraph.csv?id=DTWEXBGS,2026-10-08
dollar_broad,2009-01-30,2009-02-06,102.1169,https://fred.stlouisfed.org/graph/fredgraph.csv?id=DTWEXBGS,2026-10-08
dollar_broad,2009-02-02,2009-02-09,102.5067,https://fred.stlouisfed.org/graph/fredgraph.csv?id=DTWEXBGS,2026-10-08
dollar_broad,2009-02-03,2009-02-10,101.8506,https://fred.stlouisfed.org/graph/fredgraph.csv?id=DTWEXBGS,2026-10-08
dollar_broad,2009-02-04,2009-02-11,101.9056,https://fred.stlouisfed.org/graph/fredgraph.csv?id=DTWEXBGS,2026-10-08
dollar_broad,2009-02-05,2009-02-12,101.9517,https://fred.stlouisfed.org/graph/fredgraph.csv?id=DTWEXBGS,2026-10-08
dollar_broad,2009-02-06,2009-02-13,101.7455,https://fred.stlouisfed.org/graph/fredgraph.csv?id=DTWEXBGS,2026-10-08
dollar_broad,2009-02-09,2009-02-16,100.9637,https://fred.stlouisfed.org/graph/fredgraph.csv?id=DTWEXBGS,2026-10-08
dollar_broad,2009-02-10,2009-02-17,101.7094,https://fred.stlouisfed.org/graph/fredgraph.csv?id=DTWEXBGS,2026-10-08
dollar_broad,2009-02-11,2009-02-18,102.24,https://fred.stlouisfed.org/graph/fredgraph.csv?id=DTWEXBGS,2026-10-08
dollar_broad,2009-02-12,2009-02-19,102.598,https://fred.stlouisfed.org/graph/fredgraph.csv?id=DTWEXBGS,2026-10-08
dollar_broad,2009-02-13,2009-02-20,102.2958,https://fred.stlouisfed.org/graph/fredgraph.csv?id=DTWEXBGS,2026-10-08
dollar_broad,2009-02-17,2009-02-24,103.7625,https://fred.stlouisfed.org/graph/fredgraph.csv?id=DTWEXBGS,2026-10-08
dollar_broad,2009-02-18,2009-02-25,104.0385,https://fred.stlouisfed.org/graph/fredgraph.csv?id=DTWEXBGS,2026-10-08
dollar_broad,2009-02-19,2009-02-26,103.7656,https://fred.stlouisfed.org/graph/fredgraph.csv?id=DTWEXBGS,2026-10-08
dollar_broad,2009-02-20,2009-02-27,104.0244,https://fred.stlouisfed.org/graph/fredgraph.csv?id=DTWEXBGS,2026-10-08
dollar_broad,2009-02-23,2009-03-02,103.7416,https://fred.stlouisfed.org/graph/fredgraph.csv?id=DTWEXBGS,2026-10-08
dollar_broad,2009-02-24,2009-03-03,103.9829,https://fred.stlouisfed.org/graph/fredgraph.csv?id=DTWEXBGS,2026-10-08
dollar_broad,2009-02-25,2009-03-04,104.3086,https://fred.stlouisfed.org/graph/fredgraph.csv?id=DTWEXBGS,2026-10-08
dollar_broad,2009-02-26,2009-03-05,104.1813,https://fred.stlouisfed.org/graph/fredgraph.csv?id=DTWEXBGS,2026-10-08
dollar_broad,2009-02-27,2009-03-06,104.9284,https://fred.stlouisfed.org/graph/fredgraph.csv?id=DTWEXBGS,2026-10-08
dollar_broad,2009-03-02,2009-03-09,105.9617,https://fred.stlouisfed.org/graph/fredgraph.csv?id=DTWEXBGS,2026-10-08
dollar_broad,2009-03-03,2009-03-10,106.0249,https://fred.stlouisfed.org/graph/fredgraph.csv?id=DTWEXBGS,2026-10-08
dollar_broad,2009-03-04,2009-03-11,105.4558,https://fred.stlouisfed.org/graph/fredgraph.csv?id=DTWEXBGS,2026-10-08
dollar_broad,2009-03-05,2009-03-12,105.8064,https://fred.stlouisfed.org/graph/fredgraph.csv?id=DTWEXBGS,2026-10-08
dollar_broad,2009-03-06,2009-03-13,105.3937,https://fred.stlouisfed.org/graph/fredgraph.csv?id=DTWEXBGS,2026-10-08
dollar_broad,2009-03-09,2009-03-16,106.0182,https://fred.stlouisfed.org/graph/fredgraph.csv?id=DTWEXBGS,2026-10-08
dollar_broad,2009-03-10,2009-03-17,105.1153,https://fred.stlouisfed.org/graph/fredgraph.csv?id=DTWEXBGS,2026-10-08
dollar_broad,2009-03-11,2009-03-18,104.8499,https://fred.stlouisfed.org/graph/fredgraph.csv?id=DTWEXBGS,2026-10-08
dollar_broad,2009-03-12,2009-03-19,104.89,https://fred.stlouisfed.org/graph/fredgraph.csv?id=DTWEXBGS,2026-10-08
dollar_broad,2009-03-13,2009-03-20,104.1106,https://fred.stlouisfed.org/graph/fredgraph.csv?id=DTWEXBGS,2026-10-08
dollar_broad,2009-03-16,2009-03-23,103.2005,https://fred.stlouisfed.org/graph/fredgraph.csv?id=DTWEXBGS,2026-10-08
dollar_broad,2009-03-17,2009-03-24,103.2305,https://fred.stlouisfed.org/graph/fredgraph.csv?id=DTWEXBGS,2026-10-08
dollar_broad,2009-03-18,2009-03-25,103.0005,https://fred.stlouisfed.org/graph/fredgraph.csv?id=DTWEXBGS,2026-10-08
dollar_broad,2009-03-19,2009-03-26,100.3951,https://fred.stlouisfed.org/graph/fredgraph.csv?id=DTWEXBGS,2026-10-08
dollar_broad,2009-03-20,2009-03-27,101.0581,https://fred.stlouisfed.org/graph/fredgraph.csv?id=DTWEXBGS,2026-10-08
dollar_broad,2009-03-23,2009-03-30,101.103,https://fred.stlouisfed.org/graph/fredgraph.csv?id=DTWEXBGS,2026-10-08
dollar_broad,2009-03-24,2009-03-31,101.0319,https://fred.stlouisfed.org/graph/fredgraph.csv?id=DTWEXBGS,2026-10-08
dollar_broad,2009-03-25,2009-04-01,100.9674,https://fred.stlouisfed.org/graph/fredgraph.csv?id=DTWEXBGS,2026-10-08
dollar_broad,2009-03-26,2009-04-02,101.097,https://fred.stlouisfed.org/graph/fredgraph.csv?id=DTWEXBGS,2026-10-08
dollar_broad,2009-03-27,2009-04-03,101.8388,https://fred.stlouisfed.org/graph/fredgraph.csv?id=DTWEXBGS,2026-10-08
dollar_broad,2009-03-30,2009-04-06,102.749,https://fred.stlouisfed.org/graph/fredgraph.csv?id=DTWEXBGS,2026-10-08
dollar_broad,2009-03-31,2009-04-07,102.3761,https://fred.stlouisfed.org/graph/fredgraph.csv?id=DTWEXBGS,2026-10-08
dollar_broad,2009-04-01,2009-04-08,102.1252,https://fred.stlouisfed.org/graph/fredgraph.csv?id=DTWEXBGS,2026-10-08
dollar_broad,2009-04-02,2009-04-09,100.8733,https://fred.stlouisfed.org/graph/fredgraph.csv?id=DTWEXBGS,2026-10-08
dollar_broad,2009-04-03,2009-04-10,100.6429,https://fred.stlouisfed.org/graph/fredgraph.csv?id=DTWEXBGS,2026-10-08
dollar_broad,2009-04-06,2009-04-13,100.9428,https://fred.stlouisfed.org/graph/fredgraph.csv?id=DTWEXBGS,2026-10-08
dollar_broad,2009-04-07,2009-04-14,100.9808,https://fred.stlouisfed.org/graph/fredgraph.csv?id=DTWEXBGS,2026-10-08
dollar_broad,2009-04-08,2009-04-15,100.8948,https://fred.stlouisfed.org/graph/fredgraph.csv?id=DTWEXBGS,2026-10-08
dollar_broad,2009-04-09,2009-04-16,100.7988,https://fred.stlouisfed.org/graph/fredgraph.csv?id=DTWEXBGS,2026-10-08
dollar_broad,2009-04-10,2009-04-17,100.7597,https://fred.stlouisfed.org/graph/fredgraph.csv?id=DTWEXBGS,2026-10-08
dollar_broad,2009-04-13,2009-04-20,100.1369,https://fred.stlouisfed.org/graph/fredgraph.csv?id=DTWEXBGS,2026-10-08
dollar_broad,2009-04-14,2009-04-21,99.9097,https://fred.stlouisfed.org/graph/fredgraph.csv?id=DTWEXBGS,2026-10-08
dollar_broad,2009-04-15,2009-04-22,100.1497,https://fred.stlouisfed.org/graph/fredgraph.csv?id=DTWEXBGS,2026-10-08
dollar_broad,2009-04-16,2009-04-23,100.0517,https://fred.stlouisfed.org/graph/fredgraph.csv?id=DTWEXBGS,2026-10-08
dollar_broad,2009-04-17,2009-04-24,100.5719,https://fred.stlouisfed.org/graph/fredgraph.csv?id=DTWEXBGS,2026-10-08
dollar_broad,2009-04-20,2009-04-27,101.448,https://fred.stlouisfed.org/graph/fredgraph.csv?id=DTWEXBGS,2026-10-08
dollar_broad,2009-04-21,2009-04-28,101.1794,https://fred.stlouisfed.org/graph/fredgraph.csv?id=DTWEXBGS,2026-10-08
dollar_broad,2009-04-22,2009-04-29,101.1142,https://fred.stlouisfed.org/graph/fredgraph.csv?id=DTWEXBGS,2026-10-08
dollar_broad,2009-04-23,2009-04-30,101.0065,https://fred.stlouisfed.org/graph/fredgraph.csv?id=DTWEXBGS,2026-10-08
dollar_broad,2009-04-24,2009-05-01,100.0244,https://fred.stlouisfed.org/graph/fredgraph.csv?id=DTWEXBGS,2026-10-08
dollar_broad,2009-04-27,2009-05-04,100.7258,https://fred.stlouisfed.org/graph/fredgraph.csv?id=DTWEXBGS,2026-10-08
dollar_broad,2009-04-28,2009-05-05,101.3145,https://fred.stlouisfed.org/graph/fredgraph.csv?id=DTWEXBGS,2026-10-08
dollar_broad,2009-04-29,2009-05-06,100.0009,https://fred.stlouisfed.org/graph/fredgraph.csv?id=DTWEXBGS,2026-10-08
dollar_broad,2009-04-30,2009-05-07,100.1042,https://fred.stlouisfed.org/graph/fredgraph.csv?id=DTWEXBGS,2026-10-08
dollar_broad,2009-05-01,2009-05-08,100.0057,https://fred.stlouisfed.org/graph/fredgraph.csv?id=DTWEXBGS,2026-10-08
dollar_broad,2009-05-04,2009-05-11,99.134,https://fred.stlouisfed.org/graph/fredgraph.csv?id=DTWEXBGS,2026-10-08
dollar_broad,2009-05-05,2009-05-12,98.8529,https://fred.stlouisfed.org/graph/fredgraph.csv?id=DTWEXBGS,2026-10-08
dollar_broad,2009-05-06,2009-05-13,98.9044,https://fred.stlouisfed.org/graph/fredgraph.csv?id=DTWEXBGS,2026-10-08
dollar_broad,2009-05-07,2009-05-14,98.552,https://fred.stlouisfed.org/graph/fredgraph.csv?id=DTWEXBGS,2026-10-08
dollar_broad,2009-05-08,2009-05-15,98.1269,https://fred.stlouisfed.org/graph/fredgraph.csv?id=DTWEXBGS,2026-10-08
dollar_broad,2009-05-11,2009-05-18,97.747,https://fred.stlouisfed.org/graph/fredgraph.csv?id=DTWEXBGS,2026-10-08
dollar_broad,2009-05-12,2009-05-19,97.8269,https://fred.stlouisfed.org/graph/fredgraph.csv?id=DTWEXBGS,2026-10-08
dollar_broad,2009-05-13,2009-05-20,98.0276,https://fred.stlouisfed.org/graph/fredgraph.csv?id=DTWEXBGS,2026-10-08
dollar_broad,2009-05-14,2009-05-21,98.1271,https://fred.stlouisfed.org/graph/fredgraph.csv?id=DTWEXBGS,2026-10-08
dollar_broad,2009-05-15,2009-05-22,98.1063,https://fred.stlouisfed.org/graph/fredgraph.csv?id=DTWEXBGS,2026-10-08
dollar_broad,2009-05-18,2009-05-25,97.9412,https://fred.stlouisfed.org/graph/fredgraph.csv?id=DTWEXBGS,2026-10-08
dollar_broad,2009-05-19,2009-05-26,97.2827,https://fred.stlouisfed.org/graph/fredgraph.csv?id=DTWEXBGS,2026-10-08
dollar_broad,2009-05-20,2009-05-27,96.5707,https://fred.stlouisfed.org/graph/fredgraph.csv?id=DTWEXBGS,2026-10-08
dollar_broad,2009-05-21,2009-05-28,96.6039,https://fred.stlouisfed.org/graph/fredgraph.csv?id=DTWEXBGS,2026-10-08
dollar_broad,2009-05-22,2009-05-29,95.8788,https://fred.stlouisfed.org/graph/fredgraph.csv?id=DTWEXBGS,2026-10-08
dollar_broad,2009-05-26,2009-06-02,95.988,https://fred.stlouisfed.org/graph/fredgraph.csv?id=DTWEXBGS,2026-10-08
dollar_broad,2009-05-27,2009-06-03,95.9622,https://fred.stlouisfed.org/graph/fredgraph.csv?id=DTWEXBGS,2026-10-08
dollar_broad,2009-05-28,2009-06-04,96.1313,https://fred.stlouisfed.org/graph/fredgraph.csv?id=DTWEXBGS,2026-10-08
dollar_broad,2009-05-29,2009-06-05,95.268,https://fred.stlouisfed.org/graph/fredgraph.csv?id=DTWEXBGS,2026-10-08
dollar_broad,2009-06-01,2009-06-08,94.8107,https://fred.stlouisfed.org/graph/fredgraph.csv?id=DTWEXBGS,2026-10-08
dollar_broad,2009-06-02,2009-06-09,94.6556,https://fred.stlouisfed.org/graph/fredgraph.csv?id=DTWEXBGS,2026-10-08
dollar_broad,2009-06-03,2009-06-10,95.0751,https://fred.stlouisfed.org/graph/fredgraph.csv?id=DTWEXBGS,2026-10-08
dollar_broad,2009-06-04,2009-06-11,95.2922,https://fred.stlouisfed.org/graph/fredgraph.csv?id=DTWEXBGS,2026-10-08
dollar_broad,2009-06-05,2009-06-12,96.0412,https://fred.stlouisfed.org/graph/fredgraph.csv?id=DTWEXBGS,2026-10-08
dollar_broad,2009-06-08,2009-06-15,96.6548,https://fred.stlouisfed.org/graph/fredgraph.csv?id=DTWEXBGS,2026-10-08
dollar_broad,2009-06-09,2009-06-16,95.9537,https://fred.stlouisfed.org/graph/fredgraph.csv?id=DTWEXBGS,2026-10-08
dollar_broad,2009-06-10,2009-06-17,96.1277,https://fred.stlouisfed.org/graph/fredgraph.csv?id=DTWEXBGS,2026-10-08
dollar_broad,2009-06-11,2009-06-18,95.4993,https://fred.stlouisfed.org/graph/fredgraph.csv?id=DTWEXBGS,2026-10-08
dollar_broad,2009-06-12,2009-06-19,95.836,https://fred.stlouisfed.org/graph/fredgraph.csv?id=DTWEXBGS,2026-10-08
dollar_broad,2009-06-15,2009-06-22,96.7519,https://fred.stlouisfed.org/graph/fredgraph.csv?id=DTWEXBGS,2026-10-08
dollar_broad,2009-06-16,2009-06-23,96.2616,https://fred.stlouisfed.org/graph/fredgraph.csv?id=DTWEXBGS,2026-10-08
dollar_broad,2009-06-17,2009-06-24,96.64,https://fred.stlouisfed.org/graph/fredgraph.csv?id=DTWEXBGS,2026-10-08
dollar_broad,2009-06-18,2009-06-25,96.1482,https://fred.stlouisfed.org/graph/fredgraph.csv?id=DTWEXBGS,2026-10-08
dollar_broad,2009-06-19,2009-06-26,96.0325,https://fred.stlouisfed.org/graph/fredgraph.csv?id=DTWEXBGS,2026-10-08
dollar_broad,2009-06-22,2009-06-29,96.8818,https://fred.stlouisfed.org/graph/fredgraph.csv?id=DTWEXBGS,2026-10-08
dollar_broad,2009-06-23,2009-06-30,96.5196,https://fred.stlouisfed.org/graph/fredgraph.csv?id=DTWEXBGS,2026-10-08
dollar_broad,2009-06-24,2009-07-01,96.2369,https://fred.stlouisfed.org/graph/fredgraph.csv?id=DTWEXBGS,2026-10-08
dollar_broad,2009-06-25,2009-07-02,96.7072,https://fred.stlouisfed.org/graph/fredgraph.csv?id=DTWEXBGS,2026-10-08
dollar_broad,2009-06-26,2009-07-03,96.1935,https://fred.stlouisfed.org/graph/fredgraph.csv?id=DTWEXBGS,2026-10-08
dollar_broad,2009-06-29,2009-07-06,96.242,https://fred.stlouisfed.org/graph/fredgraph.csv?id=DTWEXBGS,2026-10-08
dollar_broad,2009-06-30,2009-07-07,96.3761,https://fred.stlouisfed.org/graph/fredgraph.csv?id=DTWEXBGS,2026-10-08
dollar_broad,2009-07-01,2009-07-08,95.6581,https://fred.stlouisfed.org/graph/fredgraph.csv?id=DTWEXBGS,2026-10-08
dollar_broad,2009-07-02,2009-07-09,96.3216,https://fred.stlouisfed.org/graph/fredgraph.csv?id=DTWEXBGS,2026-10-08
dollar_broad,2009-07-06,2009-07-13,96.6174,https://fred.stlouisfed.org/graph/fredgraph.csv?id=DTWEXBGS,2026-10-08
dollar_broad,2009-07-07,2009-07-14,96.6321,https://fred.stlouisfed.org/graph/fredgraph.csv?id=DTWEXBGS,2026-10-08
dollar_broad,2009-07-08,2009-07-15,97.0204,https://fred.stlouisfed.org/graph/fredgraph.csv?id=DTWEXBGS,2026-10-08
dollar_broad,2009-07-09,2009-07-16,96.6219,https://fred.stlouisfed.org/graph/fredgraph.csv?id=DTWEXBGS,2026-10-08
dollar_broad,2009-07-10,2009-07-17,97.0819,https://fred.stlouisfed.org/graph/fredgraph.csv?id=DTWEXBGS,2026-10-08
dollar_broad,2009-07-13,2009-07-20,96.9995,https://fred.stlouisfed.org/graph/fredgraph.csv?id=DTWEXBGS,2026-10-08
dollar_broad,2009-07-14,2009-07-21,96.6599,https://fred.stlouisfed.org/graph/fredgraph.csv?id=DTWEXBGS,2026-10-08
dollar_broad,2009-07-15,2009-07-22,95.8004,https://fred.stlouisfed.org/graph/fredgraph.csv?id=DTWEXBGS,2026-10-08
dollar_broad,2009-07-16,2009-07-23,95.7241,https://fred.stlouisfed.org/graph/fredgraph.csv?id=DTWEXBGS,2026-10-08
dollar_broad,2009-07-17,2009-07-24,95.6036,https://fred.stlouisfed.org/graph/fredgraph.csv?id=DTWEXBGS,2026-10-08
dollar_broad,2009-07-20,2009-07-27,95.0903,https://fred.stlouisfed.org/graph/fredgraph.csv?id=DTWEXBGS,2026-10-08
dollar_broad,2009-07-21,2009-07-28,95.0564,https://fred.stlouisfed.org/graph/fredgraph.csv?id=DTWEXBGS,2026-10-08
dollar_broad,2009-07-22,2009-07-29,94.8659,https://fred.stlouisfed.org/graph/fredgraph.csv?id=DTWEXBGS,2026-10-08
dollar_broad,2009-07-23,2009-07-30,94.532,https://fred.stlouisfed.org/graph/fredgraph.csv?id=DTWEXBGS,2026-10-08
dollar_broad,2009-07-24,2009-07-31,94.7046,https://fred.stlouisfed.org/graph/fredgraph.csv?id=DTWEXBGS,2026-10-08
dollar_broad,2009-07-27,2009-08-03,94.6659,https://fred.stlouisfed.org/graph/fredgraph.csv?id=DTWEXBGS,2026-10-08
dollar_broad,2009-07-28,2009-08-04,94.5592,https://fred.stlouisfed.org/graph/fredgraph.csv?id=DTWEXBGS,2026-10-08
dollar_broad,2009-07-29,2009-08-05,95.1678,https://fred.stlouisfed.org/graph/fredgraph.csv?id=DTWEXBGS,2026-10-08
dollar_broad,2009-07-30,2009-08-06,94.8967,https://fred.stlouisfed.org/graph/fredgraph.csv?id=DTWEXBGS,2026-10-08
dollar_broad,2009-07-31,2009-08-07,94.2526,https://fred.stlouisfed.org/graph/fredgraph.csv?id=DTWEXBGS,2026-10-08
dollar_broad,2009-08-03,2009-08-10,93.6331,https://fred.stlouisfed.org/graph/fredgraph.csv?id=DTWEXBGS,2026-10-08
dollar_broad,2009-08-04,2009-08-11,93.7281,https://fred.stlouisfed.org/graph/fredgraph.csv?id=DTWEXBGS,2026-10-08
dollar_broad,2009-08-05,2009-08-12,93.7848,https://fred.stlouisfed.org/graph/fredgraph.csv?id=DTWEXBGS,2026-10-08
dollar_broad,2009-08-06,2009-08-13,93.9358,https://fred.stlouisfed.org/graph/fredgraph.csv?id=DTWEXBGS,2026-10-08
dollar_broad,2009-08-07,2009-08-14,94.4692,https://fred.stlouisfed.org/graph/fredgraph.csv?id=DTWEXBGS,2026-10-08
dollar_broad,2009-08-10,2009-08-17,94.6087,https://fred.stlouisfed.org/graph/fredgraph.csv?id=DTWEXBGS,2026-10-08
dollar_broad,2009-08-11,2009-08-18,94.8678,https://fred.stlouisfed.org/graph/fredgraph.csv?id=DTWEXBGS,2026-10-08
dollar_broad,2009-08-12,2009-08-19,94.5394,https://fred.stlouisfed.org/graph/fredgraph.csv?id=DTWEXBGS,2026-10-08
dollar_broad,2009-08-13,2009-08-20,94.2392,https://fred.stlouisfed.org/graph/fredgraph.csv?id=DTWEXBGS,2026-10-08
dollar_broad,2009-08-14,2009-08-21,94.475,https://fred.stlouisfed.org/graph/fredgraph.csv?id=DTWEXBGS,2026-10-08
dollar_broad,2009-08-17,2009-08-24,95.1024,https://fred.stlouisfed.org/graph/fredgraph.csv?id=DTWEXBGS,2026-10-08
dollar_broad,2009-08-18,2009-08-25,95.1118,https://fred.stlouisfed.org/graph/fredgraph.csv?id=DTWEXBGS,2026-10-08
dollar_broad,2009-08-19,2009-08-26,94.4084,https://fred.stlouisfed.org/graph/fredgraph.csv?id=DTWEXBGS,2026-10-08
dollar_broad,2009-08-20,2009-08-27,94.3492,https://fred.stlouisfed.org/graph/fredgraph.csv?id=DTWEXBGS,2026-10-08
dollar_broad,2009-08-21,2009-08-28,94.0103,https://fred.stlouisfed.org/graph/fredgraph.csv?id=DTWEXBGS,2026-10-08
dollar_broad,2009-08-24,2009-08-31,93.9345,https://fred.stlouisfed.org/graph/fredgraph.csv?id=DTWEXBGS,2026-10-08
dollar_broad,2009-08-25,2009-09-01,93.9066,https://fred.stlouisfed.org/graph/fredgraph.csv?id=DTWEXBGS,2026-10-08
dollar_broad,2009-08-26,2009-09-02,94.8662,https://fred.stlouisfed.org/graph/fredgraph.csv?id=DTWEXBGS,2026-10-08
dollar_broad,2009-08-27,2009-09-03,94.7943,https://fred.stlouisfed.org/graph/fredgraph.csv?id=DTWEXBGS,2026-10-08
dollar_broad,2009-08-28,2009-09-04,94.4489,https://fred.stlouisfed.org/graph/fredgraph.csv?id=DTWEXBGS,2026-10-08
dollar_broad,2009-08-31,2009-09-07,94.6202,https://fred.stlouisfed.org/graph/fredgraph.csv?id=DTWEXBGS,2026-10-08
dollar_broad,2009-09-01,2009-09-08,95.2201,https://fred.stlouisfed.org/graph/fredgraph.csv?id=DTWEXBGS,2026-10-08
dollar_broad,2009-09-02,2009-09-09,95.1575,https://fred.stlouisfed.org/graph/fredgraph.csv?id=DTWEXBGS,2026-10-08
dollar_broad,2009-09-03,2009-09-10,94.959,https://fred.stlouisfed.org/graph/fredgraph.csv?id=DTWEXBGS,2026-10-08
dollar_broad,2009-09-04,2009-09-11,94.5811,https://fred.stlouisfed.org/graph/fredgraph.csv?id=DTWEXBGS,2026-10-08
dollar_broad,2009-09-08,2009-09-15,93.7323,https://fred.stlouisfed.org/graph/fredgraph.csv?id=DTWEXBGS,2026-10-08
dollar_broad,2009-09-09,2009-09-16,93.6915,https://fred.stlouisfed.org/graph/fredgraph.csv?id=DTWEXBGS,2026-10-08
dollar_broad,2009-09-10,2009-09-17,93.6947,https://fred.stlouisfed.org/graph/fredgraph.csv?id=DTWEXBGS,2026-10-08
dollar_broad,2009-09-11,2009-09-18,93.3225,https://fred.stlouisfed.org/graph/fredgraph.csv?id=DTWEXBGS,2026-10-08
dollar_broad,2009-09-14,2009-09-21,93.6196,https://fred.stlouisfed.org/graph/fredgraph.csv?id=DTWEXBGS,2026-10-08
dollar_broad,2009-09-15,2009-09-22,93.4427,https://fred.stlouisfed.org/graph/fredgraph.csv?id=DTWEXBGS,2026-10-08
dollar_broad,2009-09-16,2009-09-23,92.9072,https://fred.stlouisfed.org/graph/fredgraph.csv?id=DTWEXBGS,2026-10-08
dollar_broad,2009-09-17,2009-09-24,92.8287,https://fred.stlouisfed.org/graph/fredgraph.csv?id=DTWEXBGS,2026-10-08
dollar_broad,2009-09-18,2009-09-25,93.1233,https://fred.stlouisfed.org/graph/fredgraph.csv?id=DTWEXBGS,2026-10-08
dollar_broad,2009-09-21,2009-09-28,93.3547,https://fred.stlouisfed.org/graph/fredgraph.csv?id=DTWEXBGS,2026-10-08
dollar_broad,2009-09-22,2009-09-29,92.8664,https://fred.stlouisfed.org/graph/fredgraph.csv?id=DTWEXBGS,2026-10-08
dollar_broad,2009-09-23,2009-09-30,92.979,https://fred.stlouisfed.org/graph/fredgraph.csv?id=DTWEXBGS,2026-10-08
dollar_broad,2009-09-24,2009-10-01,93.4708,https://fred.stlouisfed.org/graph/fredgraph.csv?id=DTWEXBGS,2026-10-08
dollar_broad,2009-09-25,2009-10-02,93.5535,https://fred.stlouisfed.org/graph/fredgraph.csv?id=DTWEXBGS,2026-10-08
dollar_broad,2009-09-28,2009-10-05,93.4669,https://fred.stlouisfed.org/graph/fredgraph.csv?id=DTWEXBGS,2026-10-08
dollar_broad,2009-09-29,2009-10-06,93.7776,https://fred.stlouisfed.org/graph/fredgraph.csv?id=DTWEXBGS,2026-10-08
dollar_broad,2009-09-30,2009-10-07,93.1907,https://fred.stlouisfed.org/graph/fredgraph.csv?id=DTWEXBGS,2026-10-08
dollar_broad,2009-10-01,2009-10-08,93.5995,https://fred.stlouisfed.org/graph/fredgraph.csv?id=DTWEXBGS,2026-10-08
dollar_broad,2009-10-02,2009-10-09,93.6756,https://fred.stlouisfed.org/graph/fredgraph.csv?id=DTWEXBGS,2026-10-08
dollar_broad,2009-10-05,2009-10-12,93.3356,https://fred.stlouisfed.org/graph/fredgraph.csv?id=DTWEXBGS,2026-10-08
dollar_broad,2009-10-06,2009-10-13,92.619,https://fred.stlouisfed.org/graph/fredgraph.csv?id=DTWEXBGS,2026-10-08
dollar_broad,2009-10-07,2009-10-14,92.794,https://fred.stlouisfed.org/graph/fredgraph.csv?id=DTWEXBGS,2026-10-08
dollar_broad,2009-10-08,2009-10-15,92.2074,https://fred.stlouisfed.org/graph/fredgraph.csv?id=DTWEXBGS,2026-10-08
dollar_broad,2009-10-09,2009-10-16,92.2984,https://fred.stlouisfed.org/graph/fredgraph.csv?id=DTWEXBGS,2026-10-08
dollar_broad,2009-10-13,2009-10-20,91.8273,https://fred.stlouisfed.org/graph/fredgraph.csv?id=DTWEXBGS,2026-10-08
dollar_broad,2009-10-14,2009-10-21,91.5047,https://fred.stlouisfed.org/graph/fredgraph.csv?id=DTWEXBGS,2026-10-08
dollar_broad,2009-10-15,2009-10-22,91.4367,https://fred.stlouisfed.org/graph/fredgraph.csv?id=DTWEXBGS,2026-10-08
dollar_broad,2009-10-16,2009-10-23,91.6541,https://fred.stlouisfed.org/graph/fredgraph.csv?id=DTWEXBGS,2026-10-08
dollar_broad,2009-10-19,2009-10-26,91.4406,https://fred.stlouisfed.org/graph/fredgraph.csv?id=DTWEXBGS,2026-10-08
dollar_broad,2009-10-20,2009-10-27,91.801,https://fred.stlouisfed.org/graph/fredgraph.csv?id=DTWEXBGS,2026-10-08
dollar_broad,2009-10-21,2009-10-28,91.3805,https://fred.stlouisfed.org/graph/fredgraph.csv?id=DTWEXBGS,2026-10-08
dollar_broad,2009-10-22,2009-10-29,91.6075,https://fred.stlouisfed.org/graph/fredgraph.csv?id=DTWEXBGS,2026-10-08
dollar_broad,2009-10-23,2009-10-30,91.7331,https://fred.stlouisfed.org/graph/fredgraph.csv?id=DTWEXBGS,2026-10-08
dollar_broad,2009-10-26,2009-11-02,92.0998,https://fred.stlouisfed.org/graph/fredgraph.csv?id=DTWEXBGS,2026-10-08
dollar_broad,2009-10-27,2009-11-03,92.5335,https://fred.stlouisfed.org/graph/fredgraph.csv?id=DTWEXBGS,2026-10-08
dollar_broad,2009-10-28,2009-11-04,92.8152,https://fred.stlouisfed.org/graph/fredgraph.csv?id=DTWEXBGS,2026-10-08
dollar_broad,2009-10-29,2009-11-05,92.4708,https://fred.stlouisfed.org/graph/fredgraph.csv?id=DTWEXBGS,2026-10-08
dollar_broad,2009-10-30,2009-11-06,92.6207,https://fred.stlouisfed.org/graph/fredgraph.csv?id=DTWEXBGS,2026-10-08
dollar_broad,2009-11-02,2009-11-09,92.4501,https://fred.stlouisfed.org/graph/fredgraph.csv?id=DTWEXBGS,2026-10-08
dollar_broad,2009-11-03,2009-11-10,92.9037,https://fred.stlouisfed.org/graph/fredgraph.csv?id=DTWEXBGS,2026-10-08
dollar_broad,2009-11-04,2009-11-11,92.3725,https://fred.stlouisfed.org/graph/fredgraph.csv?id=DTWEXBGS,2026-10-08
dollar_broad,2009-11-05,2009-11-12,92.3437,https://fred.stlouisfed.org/graph/fredgraph.csv?id=DTWEXBGS,2026-10-08
dollar_broad,2009-11-06,2009-11-13,92.3848,https://fred.stlouisfed.org/graph/fredgraph.csv?id=DTWEXBGS,2026-10-08
dollar_broad,2009-11-09,2009-11-16,91.6861,https://fred.stlouisfed.org/graph/fredgraph.csv?id=DTWEXBGS,2026-10-08
dollar_broad,2009-11-10,2009-11-17,91.6659,https://fred.stlouisfed.org/graph/fredgraph.csv?id=DTWEXBGS,2026-10-08
dollar_broad,2009-11-12,2009-11-19,91.9461,https://fred.stlouisfed.org/graph/fredgraph.csv?id=DTWEXBGS,2026-10-08
dollar_broad,2009-11-13,2009-11-20,91.5754,https://fred.stlouisfed.org/graph/fredgraph.csv?id=DTWEXBGS,2026-10-08
dollar_broad,2009-11-16,2009-11-23,91.194,https://fred.stlouisfed.org/graph/fredgraph.csv?id=DTWEXBGS,2026-10-08
dollar_broad,2009-11-17,2009-11-24,91.7419,https://fred.stlouisfed.org/graph/fredgraph.csv?id=DTWEXBGS,2026-10-08
dollar_broad,2009-11-18,2009-11-25,91.249,https://fred.stlouisfed.org/graph/fredgraph.csv?id=DTWEXBGS,2026-10-08
dollar_broad,2009-11-19,2009-11-26,91.7827,https://fred.stlouisfed.org/graph/fredgraph.csv?id=DTWEXBGS,2026-10-08
dollar_broad,2009-11-20,2009-11-27,91.9906,https://fred.stlouisfed.org/graph/fredgraph.csv?id=DTWEXBGS,2026-10-08
dollar_broad,2009-11-23,2009-11-30,91.4864,https://fred.stlouisfed.org/graph/fredgraph.csv?id=DTWEXBGS,2026-10-08
dollar_broad,2009-11-24,2009-12-01,91.5539,https://fred.stlouisfed.org/graph/fredgraph.csv?id=DTWEXBGS,2026-10-08
dollar_broad,2009-11-25,2009-12-02,90.9669,https://fred.stlouisfed.org/graph/fredgraph.csv?id=DTWEXBGS,2026-10-08
dollar_broad,2009-11-27,2009-12-04,91.5272,https://fred.stlouisfed.org/graph/fredgraph.csv?id=DTWEXBGS,2026-10-08
dollar_broad,2009-11-30,2009-12-07,91.3717,https://fred.stlouisfed.org/graph/fredgraph.csv?id=DTWEXBGS,2026-10-08
dollar_broad,2009-12-01,2009-12-08,90.8323,https://fred.stlouisfed.org/graph/fredgraph.csv?id=DTWEXBGS,2026-10-08
dollar_broad,2009-12-02,2009-12-09,90.8906,https://fred.stlouisfed.org/graph/fredgraph.csv?id=DTWEXBGS,2026-10-08
dollar_broad,2009-12-03,2009-12-10,90.9152,https://fred.stlouisfed.org/graph/fredgraph.csv?id=DTWEXBGS,2026-10-08
dollar_broad,2009-12-04,2009-12-11,91.3806,https://fred.stlouisfed.org/graph/fredgraph.csv?id=DTWEXBGS,2026-10-08
dollar_broad,2009-12-07,2009-12-14,91.5414,https://fred.stlouisfed.org/graph/fredgraph.csv?id=DTWEXBGS,2026-10-08
dollar_broad,2009-12-08,2009-12-15,91.9513,https://fred.stlouisfed.org/graph/fredgraph.csv?id=DTWEXBGS,2026-10-08
dollar_broad,2009-12-09,2009-12-16,92.014,https://fred.stlouisfed.org/graph/fredgraph.csv?id=DTWEXBGS,2026-10-08
dollar_broad,2009-12-10,2009-12-17,92.0073,https://fred.stlouisfed.org/graph/fredgraph.csv?id=DTWEXBGS,2026-10-08
dollar_broad,2009-12-11,2009-12-18,92.2946,https://fred.stlouisfed.org/graph/fredgraph.csv?id=DTWEXBGS,2026-10-08
dollar_broad,2009-12-14,2009-12-21,92.0305,https://fred.stlouisfed.org/graph/fredgraph.csv?id=DTWEXBGS,2026-10-08
dollar_broad,2009-12-15,2009-12-22,92.3635,https://fred.stlouisfed.org/graph/fredgraph.csv?id=DTWEXBGS,2026-10-08
dollar_broad,2009-12-16,2009-12-23,92.1496,https://fred.stlouisfed.org/graph/fredgraph.csv?id=DTWEXBGS,2026-10-08
dollar_broad,2009-12-17,2009-12-24,93.225,https://fred.stlouisfed.org/graph/fredgraph.csv?id=DTWEXBGS,2026-10-08
dollar_broad,2009-12-18,2009-12-25,93.1632,https://fred.stlouisfed.org/graph/fredgraph.csv?id=DTWEXBGS,2026-10-08
dollar_broad,2009-12-22,2009-12-29,93.2903,https://fred.stlouisfed.org/graph/fredgraph.csv?id=DTWEXBGS,2026-10-08
dollar_broad,2009-12-23,2009-12-30,92.9295,https://fred.stlouisfed.org/graph/fredgraph.csv?id=DTWEXBGS,2026-10-08
dollar_broad,2009-12-24,2009-12-31,92.8694,https://fred.stlouisfed.org/graph/fredgraph.csv?id=DTWEXBGS,2026-10-08
dollar_broad,2009-12-28,2010-01-04,92.6993,https://fred.stlouisfed.org/graph/fredgraph.csv?id=DTWEXBGS,2026-10-08
dollar_broad,2009-12-29,2010-01-05,92.8838,https://fred.stlouisfed.org/graph/fredgraph.csv?id=DTWEXBGS,2026-10-08
dollar_broad,2009-12-30,2010-01-06,93.0872,https://fred.stlouisfed.org/graph/fredgraph.csv?id=DTWEXBGS,2026-10-08
dollar_broad,2009-12-31,2010-01-07,92.9124,https://fred.stlouisfed.org/graph/fredgraph.csv?id=DTWEXBGS,2026-10-08
dollar_broad,2010-01-04,2010-01-11,92.3566,https://fred.stlouisfed.org/graph/fredgraph.csv?id=DTWEXBGS,2026-10-08
dollar_broad,2010-01-05,2010-01-12,92.2236,https://fred.stlouisfed.org/graph/fredgraph.csv?id=DTWEXBGS,2026-10-08
dollar_broad,2010-01-06,2010-01-13,92.0941,https://fred.stlouisfed.org/graph/fredgraph.csv?id=DTWEXBGS,2026-10-08
dollar_broad,2010-01-07,2010-01-14,92.3684,https://fred.stlouisfed.org/graph/fredgraph.csv?id=DTWEXBGS,2026-10-08
dollar_broad,2010-01-08,2010-01-15,92.1485,https://fred.stlouisfed.org/graph/fredgraph.csv?id=DTWEXBGS,2026-10-08
dollar_broad,2010-01-11,2010-01-18,91.5997,https://fred.stlouisfed.org/graph/fredgraph.csv?id=DTWEXBGS,2026-10-08
dollar_broad,2010-01-12,2010-01-19,91.7005,https://fred.stlouisfed.org/graph/fredgraph.csv?id=DTWEXBGS,2026-10-08
dollar_broad,2010-01-13,2010-01-20,91.7272,https://fred.stlouisfed.org/graph/fredgraph.csv?id=DTWEXBGS,2026-10-08
dollar_broad,2010-01-14,2010-01-21,91.5864,https://fred.stlouisfed.org/graph/fredgraph.csv?id=DTWEXBGS,2026-10-08
dollar_broad,2010-01-15,2010-01-22,91.7668,https://fred.stlouisfed.org/graph/fredgraph.csv?id=DTWEXBGS,2026-10-08
dollar_broad,2010-01-19,2010-01-26,91.9611,https://fred.stlouisfed.org/graph/fredgraph.csv?id=DTWEXBGS,2026-10-08
dollar_broad,2010-01-20,2010-01-27,92.6766,https://fred.stlouisfed.org/graph/fredgraph.csv?id=DTWEXBGS,2026-10-08
dollar_broad,2010-01-21,2010-01-28,92.6627,https://fred.stlouisfed.org/graph/fredgraph.csv?id=DTWEXBGS,2026-10-08
dollar_broad,2010-01-22,2010-01-29,92.943,https://fred.stlouisfed.org/graph/fredgraph.csv?id=DTWEXBGS,2026-10-08
dollar_broad,2010-01-25,2010-02-01,92.9099,https://fred.stlouisfed.org/graph/fredgraph.csv?id=DTWEXBGS,2026-10-08
dollar_broad,2010-01-26,2010-02-02,93.3298,https://fred.stlouisfed.org/graph/fredgraph.csv?id=DTWEXBGS,2026-10-08
dollar_broad,2010-01-27,2010-02-03,93.2835,https://fred.stlouisfed.org/graph/fredgraph.csv?id=DTWEXBGS,2026-10-08
dollar_broad,2010-01-28,2010-02-04,93.2635,https://fred.stlouisfed.org/graph/fredgraph.csv?id=DTWEXBGS,2026-10-08
dollar_broad,2010-01-29,2010-02-05,93.7638,https://fred.stlouisfed.org/graph/fredgraph.csv?id=DTWEXBGS,2026-10-08
dollar_broad,2010-02-01,2010-02-08,93.7321,https://fred.stlouisfed.org/graph/fredgraph.csv?id=DTWEXBGS,2026-10-08
dollar_broad,2010-02-02,2010-02-09,93.4136,https://fred.stlouisfed.org/graph/fredgraph.csv?id=DTWEXBGS,2026-10-08
dollar_broad,2010-02-03,2010-02-10,93.6268,https://fred.stlouisfed.org/graph/fredgraph.csv?id=DTWEXBGS,2026-10-08
dollar_broad,2010-02-04,2010-02-11,94.1401,https://fred.stlouisfed.org/graph/fredgraph.csv?id=DTWEXBGS,2026-10-08
dollar_broad,2010-02-05,2010-02-12,94.6218,https://fred.stlouisfed.org/graph/fredgraph.csv?id=DTWEXBGS,2026-10-08
dollar_broad,2010-02-12,2010-02-19,93.9976,https://fred.stlouisfed.org/graph/fredgraph.csv?id=DTWEXBGS,2026-10-08
dollar_broad,2010-02-16,2010-02-23,93.482,https://fred.stlouisfed.org/graph/fredgraph.csv?id=DTWEXBGS,2026-10-08
dollar_broad,2010-02-17,2010-02-24,93.7171,https://fred.stlouisfed.org/graph/fredgraph.csv?id=DTWEXBGS,2026-10-08
dollar_broad,2010-02-18,2010-02-25,93.8752,https://fred.stlouisfed.org/graph/fredgraph.csv?id=DTWEXBGS,2026-10-08
dollar_broad,2010-02-19,2010-02-26,93.9569,https://fred.stlouisfed.org/graph/fredgraph.csv?id=DTWEXBGS,2026-10-08
dollar_broad,2010-02-22,2010-03-01,93.7402,https://fred.stlouisfed.org/graph/fredgraph.csv?id=DTWEXBGS,2026-10-08
dollar_broad,2010-02-23,2010-03-02,93.9794,https://fred.stlouisfed.org/graph/fredgraph.csv?id=DTWEXBGS,2026-10-08
dollar_broad,2010-02-24,2010-03-03,93.9775,https://fred.stlouisfed.org/graph/fredgraph.csv?id=DTWEXBGS,2026-10-08
dollar_broad,2010-02-25,2010-03-04,94.3797,https://fred.stlouisfed.org/graph/fredgraph.csv?id=DTWEXBGS,2026-10-08
dollar_broad,2010-02-26,2010-03-05,93.6602,https://fred.stlouisfed.org/graph/fredgraph.csv?id=DTWEXBGS,2026-10-08
dollar_broad,2010-03-01,2010-03-08,93.7979,https://fred.stlouisfed.org/graph/fredgraph.csv?id=DTWEXBGS,2026-10-08
dollar_broad,2010-03-02,2010-03-09,93.488,https://fred.stlouisfed.org/graph/fredgraph.csv?id=DTWEXBGS,2026-10-08
dollar_broad,2010-03-03,2010-03-10,92.9861,https://fred.stlouisfed.org/graph/fredgraph.csv?id=DTWEXBGS,2026-10-08
dollar_broad,2010-03-04,2010-03-11,93.4079,https://fred.stlouisfed.org/graph/fredgraph.csv?id=DTWEXBGS,2026-10-08
dollar_broad,2010-03-05,2010-03-12,93.2623,https://fred.stlouisfed.org/graph/fredgraph.csv?id=DTWEXBGS,2026-10-08
dollar_broad,2010-03-08,2010-03-15,93.2446,https://fred.stlouisfed.org/graph/fredgraph.csv?id=DTWEXBGS,2026-10-08
dollar_broad,2010-03-09,2010-03-16,93.1941,https://fred.stlouisfed.org/graph/fredgraph.csv?id=DTWEXBGS,2026-10-08
dollar_broad,2010-03-10,2010-03-17,93.0426,https://fred.stlouisfed.org/graph/fredgraph.csv?id=DTWEXBGS,2026-10-08
dollar_broad,2010-03-11,2010-03-18,93.0533,https://fred.stlouisfed.org/graph/fredgraph.csv?id=DTWEXBGS,2026-10-08
dollar_broad,2010-03-12,2010-03-19,92.6616,https://fred.stlouisfed.org/graph/fredgraph.csv?id=DTWEXBGS,2026-10-08
dollar_broad,2010-03-15,2010-03-22,92.9642,https://fred.stlouisfed.org/graph/fredgraph.csv?id=DTWEXBGS,2026-10-08
dollar_broad,2010-03-16,2010-03-23,92.595,https://fred.stlouisfed.org/graph/fredgraph.csv?id=DTWEXBGS,2026-10-08
dollar_broad,2010-03-17,2010-03-24,92.4446,https://fred.stlouisfed.org/graph/fredgraph.csv?id=DTWEXBGS,2026-10-08
dollar_broad,2010-03-18,2010-03-25,92.7451,https://fred.stlouisfed.org/graph/fredgraph.csv?id=DTWEXBGS,2026-10-08
dollar_broad,2010-03-19,2010-03-26,93.0407,https://fred.stlouisfed.org/graph/fredgraph.csv?id=DTWEXBGS,2026-10-08
dollar_broad,2010-03-22,2010-03-29,93.1333,https://fred.stlouisfed.org/graph/fredgraph.csv?id=DTWEXBGS,2026-10-08
dollar_broad,2010-03-23,2010-03-30,93.006,https://fred.stlouisfed.org/graph/fredgraph.csv?id=DTWEXBGS,2026-10-08
dollar_broad,2010-03-24,2010-03-31,93.6468,https://fred.stlouisfed.org/graph/fredgraph.csv?id=DTWEXBGS,2026-10-08
dollar_broad,2010-03-25,2010-04-01,93.5885,https://fred.stlouisfed.org/graph/fredgraph.csv?id=DTWEXBGS,2026-10-08
dollar_broad,2010-03-26,2010-04-02,93.6873,https://fred.stlouisfed.org/graph/fredgraph.csv?id=DTWEXBGS,2026-10-08
dollar_broad,2010-03-29,2010-04-05,93.2959,https://fred.stlouisfed.org/graph/fredgraph.csv?id=DTWEXBGS,2026-10-08
dollar_broad,2010-03-30,2010-04-06,93.2627,https://fred.stlouisfed.org/graph/fredgraph.csv?id=DTWEXBGS,2026-10-08
dollar_broad,2010-03-31,2010-04-07,92.8987,https://fred.stlouisfed.org/graph/fredgraph.csv?id=DTWEXBGS,2026-10-08
dollar_broad,2010-04-01,2010-04-08,92.6661,https://fred.stlouisfed.org/graph/fredgraph.csv?id=DTWEXBGS,2026-10-08
dollar_broad,2010-04-02,2010-04-09,92.9057,https://fred.stlouisfed.org/graph/fredgraph.csv?id=DTWEXBGS,2026-10-08
dollar_broad,2010-04-05,2010-04-12,92.6644,https://fred.stlouisfed.org/graph/fredgraph.csv?id=DTWEXBGS,2026-10-08
dollar_broad,2010-04-06,2010-04-13,92.7373,https://fred.stlouisfed.org/graph/fredgraph.csv?id=DTWEXBGS,2026-10-08
dollar_broad,2010-04-07,2010-04-14,92.7452,https://fred.stlouisfed.org/graph/fredgraph.csv?id=DTWEXBGS,2026-10-08
dollar_broad,2010-04-08,2010-04-15,92.7211,https://fred.stlouisfed.org/graph/fredgraph.csv?id=DTWEXBGS,2026-10-08
dollar_broad,2010-04-09,2010-04-16,92.4772,https://fred.stlouisfed.org/graph/fredgraph.csv?id=DTWEXBGS,2026-10-08
dollar_broad,2010-04-12,2010-04-19,92.243,https://fred.stlouisfed.org/graph/fredgraph.csv?id=DTWEXBGS,2026-10-08
dollar_broad,2010-04-13,2010-04-20,92.2689,https://fred.stlouisfed.org/graph/fredgraph.csv?id=DTWEXBGS,2026-10-08
dollar_broad,2010-04-14,2010-04-21,91.9297,https://fred.stlouisfed.org/graph/fredgraph.csv?id=DTWEXBGS,2026-10-08
dollar_broad,2010-04-15,2010-04-22,92.2029,https://fred.stlouisfed.org/graph/fredgraph.csv?id=DTWEXBGS,2026-10-08
dollar_broad,2010-04-16,2010-04-23,92.5253,https://fred.stlouisfed.org/graph/fredgraph.csv?id=DTWEXBGS,2026-10-08
dollar_broad,2010-04-19,2010-04-26,92.8577,https://fred.stlouisfed.org/graph/fredgraph.csv?id=DTWEXBGS,2026-10-08
dollar_broad,2010-04-20,2010-04-27,92.4338,https://fred.stlouisfed.org/graph/fredgraph.csv?id=DTWEXBGS,2026-10-08
dollar_broad,2010-04-21,2010-04-28,92.4482,https://fred.stlouisfed.org/graph/fredgraph.csv?id=DTWEXBGS,2026-10-08
dollar_broad,2010-04-22,2010-04-29,92.7277,https://fred.stlouisfed.org/graph/fredgraph.csv?id=DTWEXBGS,2026-10-08
dollar_broad,2010-04-23,2010-04-30,92.6622,https://fred.stlouisfed.org/graph/fredgraph.csv?id=DTWEXBGS,2026-10-08
dollar_broad,2010-04-26,2010-05-03,92.5187,https://fred.stlouisfed.org/graph/fredgraph.csv?id=DTWEXBGS,2026-10-08
dollar_broad,2010-04-27,2010-05-04,93.0956,https://fred.stlouisfed.org/graph/fredgraph.csv?id=DTWEXBGS,2026-10-08
dollar_broad,2010-04-28,2010-05-05,93.4856,https://fred.stlouisfed.org/graph/fredgraph.csv?id=DTWEXBGS,2026-10-08
dollar_broad,2010-04-29,2010-05-06,92.9013,https://fred.stlouisfed.org/graph/fredgraph.csv?id=DTWEXBGS,2026-10-08
dollar_broad,2010-04-30,2010-05-07,92.8423,https://fred.stlouisfed.org/graph/fredgraph.csv?id=DTWEXBGS,2026-10-08
dollar_broad,2010-05-03,2010-05-10,93.235,https://fred.stlouisfed.org/graph/fredgraph.csv?id=DTWEXBGS,2026-10-08
dollar_broad,2010-05-04,2010-05-11,93.8137,https://fred.stlouisfed.org/graph/fredgraph.csv?id=DTWEXBGS,2026-10-08
dollar_broad,2010-05-05,2010-05-12,94.3968,https://fred.stlouisfed.org/graph/fredgraph.csv?id=DTWEXBGS,2026-10-08
dollar_broad,2010-05-06,2010-05-13,95.3032,https://fred.stlouisfed.org/graph/fredgraph.csv?id=DTWEXBGS,2026-10-08
dollar_broad,2010-05-07,2010-05-14,95.2952,https://fred.stlouisfed.org/graph/fredgraph.csv?id=DTWEXBGS,2026-10-08
dollar_broad,2010-05-10,2010-05-17,94.3096,https://fred.stlouisfed.org/graph/fredgraph.csv?id=DTWEXBGS,2026-10-08
dollar_broad,2010-05-11,2010-05-18,94.4305,https://fred.stlouisfed.org/graph/fredgraph.csv?id=DTWEXBGS,2026-10-08
dollar_broad,2010-05-12,2010-05-19,94.5515,https://fred.stlouisfed.org/graph/fredgraph.csv?id=DTWEXBGS,2026-10-08
dollar_broad,2010-05-13,2010-05-20,94.5071,https://fred.stlouisfed.org/graph/fredgraph.csv?id=DTWEXBGS,2026-10-08
dollar_broad,2010-05-14,2010-05-21,95.3746,https://fred.stlouisfed.org/graph/fredgraph.csv?id=DTWEXBGS,2026-10-08
dollar_broad,2010-05-17,2010-05-24,95.9795,https://fred.stlouisfed.org/graph/fredgraph.csv?id=DTWEXBGS,2026-10-08
dollar_broad,2010-05-18,2010-05-25,95.6212,https://fred.stlouisfed.org/graph/fredgraph.csv?id=DTWEXBGS,2026-10-08
dollar_broad,2010-05-19,2010-05-26,96.5083,https://fred.stlouisfed.org/graph/fredgraph.csv?id=DTWEXBGS,2026-10-08
dollar_broad,2010-05-20,2010-05-27,96.9483,https://fred.stlouisfed.org/graph/fredgraph.csv?id=DTWEXBGS,2026-10-08
dollar_broad,2010-05-21,2010-05-28,96.2911,https://fred.stlouisfed.org/graph/fredgraph.csv?id=DTWEXBGS,2026-10-08
dollar_broad,2010-05-24,2010-05-31,96.6433,https://fred.stlouisfed.org/graph/fredgraph.csv?id=DTWEXBGS,2026-10-08
dollar_broad,2010-05-25,2010-06-01,97.5487,https://fred.stlouisfed.org/graph/fredgraph.csv?id=DTWEXBGS,2026-10-08
dollar_broad,2010-05-26,2010-06-02,97.1879,https://fred.stlouisfed.org/graph/fredgraph.csv?id=DTWEXBGS,2026-10-08
dollar_broad,2010-05-27,2010-06-03,96.3611,https://fred.stlouisfed.org/graph/fredgraph.csv?id=DTWEXBGS,2026-10-08
dollar_broad,2010-05-28,2010-06-04,96.3062,https://fred.stlouisfed.org/graph/fredgraph.csv?id=DTWEXBGS,2026-10-08
dollar_broad,2010-06-01,2010-06-08,96.6123,https://fred.stlouisfed.org/graph/fredgraph.csv?id=DTWEXBGS,2026-10-08
dollar_broad,2010-06-02,2010-06-09,96.615,https://fred.stlouisfed.org/graph/fredgraph.csv?id=DTWEXBGS,2026-10-08
dollar_broad,2010-06-03,2010-06-10,96.461,https://fred.stlouisfed.org/graph/fredgraph.csv?id=DTWEXBGS,2026-10-08
dollar_broad,2010-06-04,2010-06-11,97.1688,https://fred.stlouisfed.org/graph/fredgraph.csv?id=DTWEXBGS,2026-10-08
dollar_broad,2010-06-07,2010-06-14,97.503,https://fred.stlouisfed.org/graph/fredgraph.csv?id=DTWEXBGS,2026-10-08
dollar_broad,2010-06-08,2010-06-15,97.3425,https://fred.stlouisfed.org/graph/fredgraph.csv?id=DTWEXBGS,2026-10-08
dollar_broad,2010-06-09,2010-06-16,96.8938,https://fred.stlouisfed.org/graph/fredgraph.csv?id=DTWEXBGS,2026-10-08
dollar_broad,2010-06-10,2010-06-17,96.4877,https://fred.stlouisfed.org/graph/fredgraph.csv?id=DTWEXBGS,2026-10-08
dollar_broad,2010-06-11,2010-06-18,96.5616,https://fred.stlouisfed.org/graph/fredgraph.csv?id=DTWEXBGS,2026-10-08
dollar_broad,2010-06-14,2010-06-21,95.8082,https://fred.stlouisfed.org/graph/fredgraph.csv?id=DTWEXBGS,2026-10-08
dollar_broad,2010-06-15,2010-06-22,95.7049,https://fred.stlouisfed.org/graph/fredgraph.csv?id=DTWEXBGS,2026-10-08
dollar_broad,2010-06-16,2010-06-23,95.5668,https://fred.stlouisfed.org/graph/fredgraph.csv?id=DTWEXBGS,2026-10-08
dollar_broad,2010-06-17,2010-06-24,95.4973,https://fred.stlouisfed.org/graph/fredgraph.csv?id=DTWEXBGS,2026-10-08
dollar_broad,2010-06-18,2010-06-25,95.2981,https://fred.stlouisfed.org/graph/fredgraph.csv?id=DTWEXBGS,2026-10-08
dollar_broad,2010-06-21,2010-06-28,94.8505,https://fred.stlouisfed.org/graph/fredgraph.csv?id=DTWEXBGS,2026-10-08
dollar_broad,2010-06-22,2010-06-29,95.1165,https://fred.stlouisfed.org/graph/fredgraph.csv?id=DTWEXBGS,2026-10-08
dollar_broad,2010-06-23,2010-06-30,95.4853,https://fred.stlouisfed.org/graph/fredgraph.csv?id=DTWEXBGS,2026-10-08
dollar_broad,2010-06-24,2010-07-01,95.6194,https://fred.stlouisfed.org/graph/fredgraph.csv?id=DTWEXBGS,2026-10-08
dollar_broad,2010-06-25,2010-07-02,95.4582,https://fred.stlouisfed.org/graph/fredgraph.csv?id=DTWEXBGS,2026-10-08
dollar_broad,2010-06-28,2010-07-05,95.2696,https://fred.stlouisfed.org/graph/fredgraph.csv?id=DTWEXBGS,2026-10-08
dollar_broad,2010-06-29,2010-07-06,96.0199,https://fred.stlouisfed.org/graph/fredgraph.csv?id=DTWEXBGS,2026-10-08
dollar_broad,2010-06-30,2010-07-07,95.9934,https://fred.stlouisfed.org/graph/fredgraph.csv?id=DTWEXBGS,2026-10-08
dollar_broad,2010-07-01,2010-07-08,95.8018,https://fred.stlouisfed.org/graph/fredgraph.csv?id=DTWEXBGS,2026-10-08
dollar_broad,2010-07-02,2010-07-09,95.6345,https://fred.stlouisfed.org/graph/fredgraph.csv?id=DTWEXBGS,2026-10-08
dollar_broad,2010-07-06,2010-07-13,95.1069,https://fred.stlouisfed.org/graph/fredgraph.csv?id=DTWEXBGS,2026-10-08
dollar_broad,2010-07-07,2010-07-14,95.1795,https://fred.stlouisfed.org/graph/fredgraph.csv?id=DTWEXBGS,2026-10-08
dollar_broad,2010-07-08,2010-07-15,94.7734,https://fred.stlouisfed.org/graph/fredgraph.csv?id=DTWEXBGS,2026-10-08
dollar_broad,2010-07-09,2010-07-16,94.683,https://fred.stlouisfed.org/graph/fredgraph.csv?id=DTWEXBGS,2026-10-08
dollar_broad,2010-07-12,2010-07-19,94.9598,https://fred.stlouisfed.org/graph/fredgraph.csv?id=DTWEXBGS,2026-10-08
dollar_broad,2010-07-13,2010-07-20,94.3856,https://fred.stlouisfed.org/graph/fredgraph.csv?id=DTWEXBGS,2026-10-08
dollar_broad,2010-07-14,2010-07-21,94.3247,https://fred.stlouisfed.org/graph/fredgraph.csv?id=DTWEXBGS,2026-10-08
dollar_broad,2010-07-15,2010-07-22,94.1988,https://fred.stlouisfed.org/graph/fredgraph.csv?id=DTWEXBGS,2026-10-08
dollar_broad,2010-07-16,2010-07-23,94.5061,https://fred.stlouisfed.org/graph/fredgraph.csv?id=DTWEXBGS,2026-10-08
dollar_broad,2010-07-19,2010-07-26,94.602,https://fred.stlouisfed.org/graph/fredgraph.csv?id=DTWEXBGS,2026-10-08
dollar_broad,2010-07-20,2010-07-27,94.542,https://fred.stlouisfed.org/graph/fredgraph.csv?id=DTWEXBGS,2026-10-08
dollar_broad,2010-07-21,2010-07-28,94.4496,https://fred.stlouisfed.org/graph/fredgraph.csv?id=DTWEXBGS,2026-10-08
dollar_broad,2010-07-22,2010-07-29,94.1135,https://fred.stlouisfed.org/graph/fredgraph.csv?id=DTWEXBGS,2026-10-08
dollar_broad,2010-07-23,2010-07-30,94.1431,https://fred.stlouisfed.org/graph/fredgraph.csv?id=DTWEXBGS,2026-10-08
dollar_broad,2010-07-26,2010-08-02,93.7556,https://fred.stlouisfed.org/graph/fredgraph.csv?id=DTWEXBGS,2026-10-08
dollar_broad,2010-07-27,2010-08-03,93.7583,https://fred.stlouisfed.org/graph/fredgraph.csv?id=DTWEXBGS,2026-10-08
dollar_broad,2010-07-28,2010-08-04,93.7506,https://fred.stlouisfed.org/graph/fredgraph.csv?id=DTWEXBGS,2026-10-08
dollar_broad,2010-07-29,2010-08-05,93.6004,https://fred.stlouisfed.org/graph/fredgraph.csv?id=DTWEXBGS,2026-10-08
dollar_broad,2010-07-30,2010-08-06,93.2793,https://fred.stlouisfed.org/graph/fredgraph.csv?id=DTWEXBGS,2026-10-08
dollar_broad,2010-08-02,2010-08-09,92.7916,https://fred.stlouisfed.org/graph/fredgraph.csv?id=DTWEXBGS,2026-10-08
dollar_broad,2010-08-03,2010-08-10,92.6258,https://fred.stlouisfed.org/graph/fredgraph.csv?id=DTWEXBGS,2026-10-08
dollar_broad,2010-08-04,2010-08-11,92.731,https://fred.stlouisfed.org/graph/fredgraph.csv?id=DTWEXBGS,2026-10-08
dollar_broad,2010-08-05,2010-08-12,92.6401,https://fred.stlouisfed.org/graph/fredgraph.csv?id=DTWEXBGS,2026-10-08
dollar_broad,2010-08-06,2010-08-13,92.5915,https://fred.stlouisfed.org/graph/fredgraph.csv?id=DTWEXBGS,2026-10-08
dollar_broad,2010-08-09,2010-08-16,92.6726,https://fred.stlouisfed.org/graph/fredgraph.csv?id=DTWEXBGS,2026-10-08
dollar_broad,2010-08-10,2010-08-17,93.2197,https://fred.stlouisfed.org/graph/fredgraph.csv?id=DTWEXBGS,2026-10-08
dollar_broad,2010-08-11,2010-08-18,93.7778,https://fred.stlouisfed.org/graph/fredgraph.csv?id=DTWEXBGS,2026-10-08
dollar_broad,2010-08-12,2010-08-19,93.8905,https://fred.stlouisfed.org/graph/fredgraph.csv?id=DTWEXBGS,2026-10-08
dollar_broad,2010-08-13,2010-08-20,94.0457,https://fred.stlouisfed.org/graph/fredgraph.csv?id=DTWEXBGS,2026-10-08
dollar_broad,2010-08-16,2010-08-23,93.7902,https://fred.stlouisfed.org/graph/fredgraph.csv?id=DTWEXBGS,2026-10-08
dollar_broad,2010-08-17,2010-08-24,93.4239,https://fred.stlouisfed.org/graph/fredgraph.csv?id=DTWEXBGS,2026-10-08
dollar_broad,2010-08-18,2010-08-25,93.3719,https://fred.stlouisfed.org/graph/fredgraph.csv?id=DTWEXBGS,2026-10-08
dollar_broad,2010-08-19,2010-08-26,93.7141,https://fred.stlouisfed.org/graph/fredgraph.csv?id=DTWEXBGS,2026-10-08
dollar_broad,2010-08-20,2010-08-27,94.2087,https://fred.stlouisfed.org/graph/fredgraph.csv?id=DTWEXBGS,2026-10-08
dollar_broad,2010-08-23,2010-08-30,94.3295,https://fred.stlouisfed.org/graph/fredgraph.csv?id=DTWEXBGS,2026-10-08
dollar_broad,2010-08-24,2010-08-31,94.4362,https://fred.stlouisfed.org/graph/fredgraph.csv?id=DTWEXBGS,2026-10-08
dollar_broad,2010-08-25,2010-09-01,94.7372,https://fred.stlouisfed.org/graph/fredgraph.csv?id=DTWEXBGS,2026-10-08
dollar_broad,2010-08-26,2010-09-02,94.3523,https://fred.stlouisfed.org/graph/fredgraph.csv?id=DTWEXBGS,2026-10-08
dollar_broad,2010-08-27,2010-09-03,94.3462,https://fred.stlouisfed.org/graph/fredgraph.csv?id=DTWEXBGS,2026-10-08
dollar_broad,2010-08-30,2010-09-06,94.5922,https://fred.stlouisfed.org/graph/fredgraph.csv?id=DTWEXBGS,2026-10-08
dollar_broad,2010-08-31,2010-09-07,94.7204,https://fred.stlouisfed.org/graph/fredgraph.csv?id=DTWEXBGS,2026-10-08
dollar_broad,2010-09-01,2010-09-08,94.1148,https://fred.stlouisfed.org/graph/fredgraph.csv?id=DTWEXBGS,2026-10-08
dollar_broad,2010-09-02,2010-09-09,94.0852,https://fred.stlouisfed.org/graph/fredgraph.csv?id=DTWEXBGS,2026-10-08
dollar_broad,2010-09-03,2010-09-10,93.6952,https://fred.stlouisfed.org/graph/fredgraph.csv?id=DTWEXBGS,2026-10-08
dollar_broad,2010-09-07,2010-09-14,94.042,https://fred.stlouisfed.org/graph/fredgraph.csv?id=DTWEXBGS,2026-10-08
dollar_broad,2010-09-08,2010-09-15,93.7785,https://fred.stlouisfed.org/graph/fredgraph.csv?id=DTWEXBGS,2026-10-08
dollar_broad,2010-09-09,2010-09-16,93.7033,https://fred.stlouisfed.org/graph/fredgraph.csv?id=DTWEXBGS,2026-10-08
dollar_broad,2010-09-10,2010-09-17,93.6768,https://fred.stlouisfed.org/graph/fredgraph.csv?id=DTWEXBGS,2026-10-08
dollar_broad,2010-09-13,2010-09-20,93.0767,https://fred.stlouisfed.org/graph/fredgraph.csv?id=DTWEXBGS,2026-10-08
dollar_broad,2010-09-14,2010-09-21,92.6182,https://fred.stlouisfed.org/graph/fredgraph.csv?id=DTWEXBGS,2026-10-08
dollar_broad,2010-09-15,2010-09-22,92.9313,https://fred.stlouisfed.org/graph/fredgraph.csv?id=DTWEXBGS,2026-10-08
dollar_broad,2010-09-16,2010-09-23,92.9108,https://fred.stlouisfed.org/graph/fredgraph.csv?id=DTWEXBGS,2026-10-08
dollar_broad,2010-09-17,2010-09-24,92.9418,https://fred.stlouisfed.org/graph/fredgraph.csv?id=DTWEXBGS,2026-10-08
dollar_broad,2010-09-20,2010-09-27,92.7496,https://fred.stlouisfed.org/graph/fredgraph.csv?id=DTWEXBGS,2026-10-08
dollar_broad,2010-09-21,2010-09-28,92.6684,https://fred.stlouisfed.org/graph/fredgraph.csv?id=DTWEXBGS,2026-10-08
dollar_broad,2010-09-22,2010-09-29,92.0647,https://fred.stlouisfed.org/graph/fredgraph.csv?id=DTWEXBGS,2026-10-08
dollar_broad,2010-09-23,2010-09-30,92.0233,https://fred.stlouisfed.org/graph/fredgraph.csv?id=DTWEXBGS,2026-10-08
dollar_broad,2010-09-24,2010-10-01,91.5996,https://fred.stlouisfed.org/graph/fredgraph.csv?id=DTWEXBGS,2026-10-08
dollar_broad,2010-09-27,2010-10-04,91.4803,https://fred.stlouisfed.org/graph/fredgraph.csv?id=DTWEXBGS,2026-10-08
dollar_broad,2010-09-28,2010-10-05,91.3493,https://fred.stlouisfed.org/graph/fredgraph.csv?id=DTWEXBGS,2026-10-08
dollar_broad,2010-09-29,2010-10-06,91.1632,https://fred.stlouisfed.org/graph/fredgraph.csv?id=DTWEXBGS,2026-10-08
dollar_broad,2010-09-30,2010-10-07,91.3415,https://fred.stlouisfed.org/graph/fredgraph.csv?id=DTWEXBGS,2026-10-08
dollar_broad,2010-10-01,2010-10-08,90.836,https://fred.stlouisfed.org/graph/fredgraph.csv?id=DTWEXBGS,2026-10-08
dollar_broad,2010-10-04,2010-10-11,91.0015,https://fred.stlouisfed.org/graph/fredgraph.csv?id=DTWEXBGS,2026-10-08
dollar_broad,2010-10-05,2010-10-12,90.5622,https://fred.stlouisfed.org/graph/fredgraph.csv?id=DTWEXBGS,2026-10-08
dollar_broad,2010-10-06,2010-10-13,90.1411,https://fred.stlouisfed.org/graph/fredgraph.csv?id=DTWEXBGS,2026-10-08
dollar_broad,2010-10-07,2010-10-14,90.286,https://fred.stlouisfed.org/graph/fredgraph.csv?id=DTWEXBGS,2026-10-08
dollar_broad,2010-10-08,2010-10-15,90.1133,https://fred.stlouisfed.org/graph/fredgraph.csv?id=DTWEXBGS,2026-10-08
dollar_broad,2010-10-12,2010-10-19,90.2203,https://fred.stlouisfed.org/graph/fredgraph.csv?id=DTWEXBGS,2026-10-08
dollar_broad,2010-10-13,2010-10-20,89.7779,https://fred.stlouisfed.org/graph/fredgraph.csv?id=DTWEXBGS,2026-10-08
dollar_broad,2010-10-14,2010-10-21,89.5228,https://fred.stlouisfed.org/graph/fredgraph.csv?id=DTWEXBGS,2026-10-08
dollar_broad,2010-10-15,2010-10-22,89.6815,https://fred.stlouisfed.org/graph/fredgraph.csv?id=DTWEXBGS,2026-10-08
dollar_broad,2010-10-18,2010-10-25,89.8484,https://fred.stlouisfed.org/graph/fredgraph.csv?id=DTWEXBGS,2026-10-08
dollar_broad,2010-10-19,2010-10-26,90.5499,https://fred.stlouisfed.org/graph/fredgraph.csv?id=DTWEXBGS,2026-10-08
dollar_broad,2010-10-20,2010-10-27,90.1446,https://fred.stlouisfed.org/graph/fredgraph.csv?id=DTWEXBGS,2026-10-08
dollar_broad,2010-10-21,2010-10-28,90.138,https://fred.stlouisfed.org/graph/fredgraph.csv?id=DTWEXBGS,2026-10-08
dollar_broad,2010-10-22,2010-10-29,90.4063,https://fred.stlouisfed.org/graph/fredgraph.csv?id=DTWEXBGS,2026-10-08
dollar_broad,2010-10-25,2010-11-01,89.9328,https://fred.stlouisfed.org/graph/fredgraph.csv?id=DTWEXBGS,2026-10-08
dollar_broad,2010-10-26,2010-11-02,90.2818,https://fred.stlouisfed.org/graph/fredgraph.csv?id=DTWEXBGS,2026-10-08
dollar_broad,2010-10-27,2010-11-03,90.8038,https://fred.stlouisfed.org/graph/fredgraph.csv?id=DTWEXBGS,2026-10-08
dollar_broad,2010-10-28,2010-11-04,90.2407,https://fred.stlouisfed.org/graph/fredgraph.csv?id=DTWEXBGS,2026-10-08
dollar_broad,2010-10-29,2010-11-05,90.0935,https://fred.stlouisfed.org/graph/fredgraph.csv?id=DTWEXBGS,2026-10-08
dollar_broad,2010-11-01,2010-11-08,90.0307,https://fred.stlouisfed.org/graph/fredgraph.csv?id=DTWEXBGS,2026-10-08
dollar_broad,2010-11-02,2010-11-09,89.6847,https://fred.stlouisfed.org/graph/fredgraph.csv?id=DTWEXBGS,2026-10-08
dollar_broad,2010-11-03,2010-11-10,89.7079,https://fred.stlouisfed.org/graph/fredgraph.csv?id=DTWEXBGS,2026-10-08
dollar_broad,2010-11-04,2010-11-11,88.9831,https://fred.stlouisfed.org/graph/fredgraph.csv?id=DTWEXBGS,2026-10-08
dollar_broad,2010-11-05,2010-11-12,89.2441,https://fred.stlouisfed.org/graph/fredgraph.csv?id=DTWEXBGS,2026-10-08
dollar_broad,2010-11-08,2010-11-15,89.5711,https://fred.stlouisfed.org/graph/fredgraph.csv?id=DTWEXBGS,2026-10-08
dollar_broad,2010-11-09,2010-11-16,89.558,https://fred.stlouisfed.org/graph/fredgraph.csv?id=DTWEXBGS,2026-10-08
dollar_broad,2010-11-10,2010-11-17,89.9056,https://fred.stlouisfed.org/graph/fredgraph.csv?id=DTWEXBGS,2026-10-08
dollar_broad,2010-11-12,2010-11-19,90.1701,https://fred.stlouisfed.org/graph/fredgraph.csv?id=DTWEXBGS,2026-10-08
dollar_broad,2010-11-15,2010-11-22,90.4331,https://fred.stlouisfed.org/graph/fredgraph.csv?id=DTWEXBGS,2026-10-08
dollar_broad,2010-11-16,2010-11-23,91.1102,https://fred.stlouisfed.org/graph/fredgraph.csv?id=DTWEXBGS,2026-10-08
dollar_broad,2010-11-17,2010-11-24,90.9282,https://fred.stlouisfed.org/graph/fredgraph.csv?id=DTWEXBGS,2026-10-08
dollar_broad,2010-11-18,2010-11-25,90.649,https://fred.stlouisfed.org/graph/fredgraph.csv?id=DTWEXBGS,2026-10-08
dollar_broad,2010-11-19,2010-11-26,90.6986,https://fred.stlouisfed.org/graph/fredgraph.csv?id=DTWEXBGS,2026-10-08
dollar_broad,2010-11-22,2010-11-29,90.7023,https://fred.stlouisfed.org/graph/fredgraph.csv?id=DTWEXBGS,2026-10-08
dollar_broad,2010-11-23,2010-11-30,91.4318,https://fred.stlouisfed.org/graph/fredgraph.csv?id=DTWEXBGS,2026-10-08
dollar_broad,2010-11-24,2010-12-01,91.2179,https://fred.stlouisfed.org/graph/fredgraph.csv?id=DTWEXBGS,2026-10-08
dollar_broad,2010-11-26,2010-12-03,91.8152,https://fred.stlouisfed.org/graph/fredgraph.csv?id=DTWEXBGS,2026-10-08
dollar_broad,2010-11-29,2010-12-06,92.1997,https://fred.stlouisfed.org/graph/fredgraph.csv?id=DTWEXBGS,2026-10-08
dollar_broad,2010-11-30,2010-12-07,92.1494,https://fred.stlouisfed.org/graph/fredgraph.csv?id=DTWEXBGS,2026-10-08
dollar_broad,2010-12-01,2010-12-08,91.6799,https://fred.stlouisfed.org/graph/fredgraph.csv?id=DTWEXBGS,2026-10-08
dollar_broad,2010-12-02,2010-12-09,91.2651,https://fred.stlouisfed.org/graph/fredgraph.csv?id=DTWEXBGS,2026-10-08
dollar_broad,2010-12-03,2010-12-10,90.8788,https://fred.stlouisfed.org/graph/fredgraph.csv?id=DTWEXBGS,2026-10-08
dollar_broad,2010-12-06,2010-12-13,91.0167,https://fred.stlouisfed.org/graph/fredgraph.csv?id=DTWEXBGS,2026-10-08
dollar_broad,2010-12-07,2010-12-14,90.9732,https://fred.stlouisfed.org/graph/fredgraph.csv?id=DTWEXBGS,2026-10-08
dollar_broad,2010-12-08,2010-12-15,91.3376,https://fred.stlouisfed.org/graph/fredgraph.csv?id=DTWEXBGS,2026-10-08
dollar_broad,2010-12-09,2010-12-16,91.3923,https://fred.stlouisfed.org/graph/fredgraph.csv?id=DTWEXBGS,2026-10-08
dollar_broad,2010-12-10,2010-12-17,91.2831,https://fred.stlouisfed.org/graph/fredgraph.csv?id=DTWEXBGS,2026-10-08
dollar_broad,2010-12-13,2010-12-20,90.8837,https://fred.stlouisfed.org/graph/fredgraph.csv?id=DTWEXBGS,2026-10-08
dollar_broad,2010-12-14,2010-12-21,90.764,https://fred.stlouisfed.org/graph/fredgraph.csv?id=DTWEXBGS,2026-10-08
dollar_broad,2010-12-15,2010-12-22,91.094,https://fred.stlouisfed.org/graph/fredgraph.csv?id=DTWEXBGS,2026-10-08
dollar_broad,2010-12-16,2010-12-23,91.3773,https://fred.stlouisfed.org/graph/fredgraph.csv?id=DTWEXBGS,2026-10-08
dollar_broad,2010-12-17,2010-12-24,91.5555,https://fred.stlouisfed.org/graph/fredgraph.csv?id=DTWEXBGS,2026-10-08
dollar_broad,2010-12-20,2010-12-27,91.6398,https://fred.stlouisfed.org/graph/fredgraph.csv?id=DTWEXBGS,2026-10-08
dollar_broad,2010-12-21,2010-12-28,91.519,https://fred.stlouisfed.org/graph/fredgraph.csv?id=DTWEXBGS,2026-10-08
dollar_broad,2010-12-22,2010-12-29,91.429,https://fred.stlouisfed.org/graph/fredgraph.csv?id=DTWEXBGS,2026-10-08
dollar_broad,2010-12-23,2010-12-30,91.3013,https://fred.stlouisfed.org/graph/fredgraph.csv?id=DTWEXBGS,2026-10-08
dollar_broad,2010-12-27,2011-01-03,91.1963,https://fred.stlouisfed.org/graph/fredgraph.csv?id=DTWEXBGS,2026-10-08
dollar_broad,2010-12-28,2011-01-04,90.9848,https://fred.stlouisfed.org/graph/fredgraph.csv?id=DTWEXBGS,2026-10-08
dollar_broad,2010-12-29,2011-01-05,90.7669,https://fred.stlouisfed.org/graph/fredgraph.csv?id=DTWEXBGS,2026-10-08
dollar_broad,2010-12-30,2011-01-06,90.5146,https://fred.stlouisfed.org/graph/fredgraph.csv?id=DTWEXBGS,2026-10-08
dollar_broad,2011-01-03,2011-01-10,89.9524,https://fred.stlouisfed.org/graph/fredgraph.csv?id=DTWEXBGS,2026-10-08
dollar_broad,2011-01-04,2011-01-11,90.3277,https://fred.stlouisfed.org/graph/fredgraph.csv?id=DTWEXBGS,2026-10-08
dollar_broad,2011-01-05,2011-01-12,90.5715,https://fred.stlouisfed.org/graph/fredgraph.csv?id=DTWEXBGS,2026-10-08
dollar_broad,2011-01-06,2011-01-13,90.9125,https://fred.stlouisfed.org/graph/fredgraph.csv?id=DTWEXBGS,2026-10-08
dollar_broad,2011-01-07,2011-01-14,91.0001,https://fred.stlouisfed.org/graph/fredgraph.csv?id=DTWEXBGS,2026-10-08
dollar_broad,2011-01-10,2011-01-17,91.03,https://fred.stlouisfed.org/graph/fredgraph.csv?id=DTWEXBGS,2026-10-08
dollar_broad,2011-01-11,2011-01-18,90.8431,https://fred.stlouisfed.org/graph/fredgraph.csv?id=DTWEXBGS,2026-10-08
dollar_broad,2011-01-12,2011-01-19,90.4111,https://fred.stlouisfed.org/graph/fredgraph.csv?id=DTWEXBGS,2026-10-08
dollar_broad,2011-01-13,2011-01-20,89.9019,https://fred.stlouisfed.org/graph/fredgraph.csv?id=DTWEXBGS,2026-10-08
dollar_broad,2011-01-14,2011-01-21,90.0461,https://fred.stlouisfed.org/graph/fredgraph.csv?id=DTWEXBGS,2026-10-08
dollar_broad,2011-01-18,2011-01-25,89.821,https://fred.stlouisfed.org/graph/fredgraph.csv?id=DTWEXBGS,2026-10-08
dollar_broad,2011-01-19,2011-01-26,89.6948,https://fred.stlouisfed.org/graph/fredgraph.csv?id=DTWEXBGS,2026-10-08
dollar_broad,2011-01-20,2011-01-27,90.1316,https://fred.stlouisfed.org/graph/fredgraph.csv?id=DTWEXBGS,2026-10-08
dollar_broad,2011-01-21,2011-01-28,89.7204,https://fred.stlouisfed.org/graph/fredgraph.csv?id=DTWEXBGS,2026-10-08
dollar_broad,2011-01-24,2011-01-31,89.5375,https://fred.stlouisfed.org/graph/fredgraph.csv?id=DTWEXBGS,2026-10-08
dollar_broad,2011-01-25,2011-02-01,89.7279,https://fred.stlouisfed.org/graph/fredgraph.csv?id=DTWEXBGS,2026-10-08
dollar_broad,2011-01-26,2011-02-02,89.5091,https://fred.stlouisfed.org/graph/fredgraph.csv?id=DTWEXBGS,2026-10-08
dollar_broad,2011-01-27,2011-02-03,89.5728,https://fred.stlouisfed.org/graph/fredgraph.csv?id=DTWEXBGS,2026-10-08
dollar_broad,2011-01-28,2011-02-04,89.8189,https://fred.stlouisfed.org/graph/fredgraph.csv?id=DTWEXBGS,2026-10-08
dollar_broad,2011-01-31,2011-02-07,89.694,https://fred.stlouisfed.org/graph/fredgraph.csv?id=DTWEXBGS,2026-10-08
dollar_broad,2011-02-01,2011-02-08,89.1436,https://fred.stlouisfed.org/graph/fredgraph.csv?id=DTWEXBGS,2026-10-08
dollar_broad,2011-02-02,2011-02-09,89.0737,https://fred.stlouisfed.org/graph/fredgraph.csv?id=DTWEXBGS,2026-10-08
dollar_broad,2011-02-03,2011-02-10,89.2522,https://fred.stlouisfed.org/graph/fredgraph.csv?id=DTWEXBGS,2026-10-08
dollar_broad,2011-02-04,2011-02-11,89.391,https://fred.stlouisfed.org/graph/fredgraph.csv?id=DTWEXBGS,2026-10-08
dollar_broad,2011-02-07,2011-02-14,89.3556,https://fred.stlouisfed.org/graph/fredgraph.csv?id=DTWEXBGS,2026-10-08
dollar_broad,2011-02-08,2011-02-15,89.1241,https://fred.stlouisfed.org/graph/fredgraph.csv?id=DTWEXBGS,2026-10-08
dollar_broad,2011-02-09,2011-02-16,89.4166,https://fred.stlouisfed.org/graph/fredgraph.csv?id=DTWEXBGS,2026-10-08
dollar_broad,2011-02-10,2011-02-17,89.6266,https://fred.stlouisfed.org/graph/fredgraph.csv?id=DTWEXBGS,2026-10-08
dollar_broad,2011-02-11,2011-02-18,89.8784,https://fred.stlouisfed.org/graph/fredgraph.csv?id=DTWEXBGS,2026-10-08
dollar_broad,2011-02-14,2011-02-21,89.8543,https://fred.stlouisfed.org/graph/fredgraph.csv?id=DTWEXBGS,2026-10-08
dollar_broad,2011-02-15,2011-02-22,89.8871,https://fred.stlouisfed.org/graph/fredgraph.csv?id=DTWEXBGS,2026-10-08
dollar_broad,2011-02-16,2011-02-23,89.7059,https://fred.stlouisfed.org/graph/fredgraph.csv?id=DTWEXBGS,2026-10-08
dollar_broad,2011-02-17,2011-02-24,89.4102,https://fred.stlouisfed.org/graph/fredgraph.csv?id=DTWEXBGS,2026-10-08
dollar_broad,2011-02-18,2011-02-25,89.1974,https://fred.stlouisfed.org/graph/fredgraph.csv?id=DTWEXBGS,2026-10-08
dollar_broad,2011-02-22,2011-03-01,89.4617,https://fred.stlouisfed.org/graph/fredgraph.csv?id=DTWEXBGS,2026-10-08
dollar_broad,2011-02-23,2011-03-02,89.4186,https://fred.stlouisfed.org/graph/fredgraph.csv?id=DTWEXBGS,2026-10-08
dollar_broad,2011-02-24,2011-03-03,89.2346,https://fred.stlouisfed.org/graph/fredgraph.csv?id=DTWEXBGS,2026-10-08
dollar_broad,2011-02-25,2011-03-04,89.1664,https://fred.stlouisfed.org/graph/fredgraph.csv?id=DTWEXBGS,2026-10-08
dollar_broad,2011-02-28,2011-03-07,88.9391,https://fred.stlouisfed.org/graph/fredgraph.csv?id=DTWEXBGS,2026-10-08
dollar_broad,2011-03-01,2011-03-08,88.831,https://fred.stlouisfed.org/graph/fredgraph.csv?id=DTWEXBGS,2026-10-08
dollar_broad,2011-03-02,2011-03-09,88.7317,https://fred.stlouisfed.org/graph/fredgraph.csv?id=DTWEXBGS,2026-10-08
dollar_broad,2011-03-03,2011-03-10,88.637,https://fred.stlouisfed.org/graph/fredgraph.csv?id=DTWEXBGS,2026-10-08
dollar_broad,2011-03-04,2011-03-11,88.4898,https://fred.stlouisfed.org/graph/fredgraph.csv?id=DTWEXBGS,2026-10-08
dollar_broad,2011-03-07,2011-03-14,88.5207,https://fred.stlouisfed.org/graph/fredgraph.csv?id=DTWEXBGS,2026-10-08
dollar_broad,2011-03-08,2011-03-15,88.6454,https://fred.stlouisfed.org/graph/fredgraph.csv?id=DTWEXBGS,2026-10-08
dollar_broad,2011-03-09,2011-03-16,88.5328,https://fred.stlouisfed.org/graph/fredgraph.csv?id=DTWEXBGS,2026-10-08
dollar_broad,2011-03-10,2011-03-17,88.8698,https://fred.stlouisfed.org/graph/fredgraph.csv?id=DTWEXBGS,2026-10-08
dollar_broad,2011-03-11,2011-03-18,88.691,https://fred.stlouisfed.org/graph/fredgraph.csv?id=DTWEXBGS,2026-10-08
dollar_broad,2011-03-14,2011-03-21,88.5191,https://fred.stlouisfed.org/graph/fredgraph.csv?id=DTWEXBGS,2026-10-08
dollar_broad,2011-03-15,2011-03-22,88.7845,https://fred.stlouisfed.org/graph/fredgraph.csv?id=DTWEXBGS,2026-10-08
dollar_broad,2011-03-16,2011-03-23,88.9785,https://fred.stlouisfed.org/graph/fredgraph.csv?id=DTWEXBGS,2026-10-08
dollar_broad,2011-03-17,2011-03-24,88.6549,https://fred.stlouisfed.org/graph/fredgraph.csv?id=DTWEXBGS,2026-10-08
dollar_broad,2011-03-18,2011-03-25,88.5221,https://fred.stlouisfed.org/graph/fredgraph.csv?id=DTWEXBGS,2026-10-08
dollar_broad,2011-03-21,2011-03-28,88.2032,https://fred.stlouisfed.org/graph/fredgraph.csv?id=DTWEXBGS,2026-10-08
dollar_broad,2011-03-22,2011-03-29,88.0665,https://fred.stlouisfed.org/graph/fredgraph.csv?id=DTWEXBGS,2026-10-08
dollar_broad,2011-03-23,2011-03-30,88.3328,https://fred.stlouisfed.org/graph/fredgraph.csv?id=DTWEXBGS,2026-10-08
dollar_broad,2011-03-24,2011-03-31,88.0592,https://fred.stlouisfed.org/graph/fredgraph.csv?id=DTWEXBGS,2026-10-08
dollar_broad,2011-03-25,2011-04-01,88.1716,https://fred.stlouisfed.org/graph/fredgraph.csv?id=DTWEXBGS,2026-10-08
dollar_broad,2011-03-28,2011-04-04,88.3058,https://fred.stlouisfed.org/graph/fredgraph.csv?id=DTWEXBGS,2026-10-08
dollar_broad,2011-03-29,2011-04-05,88.3991,https://fred.stlouisfed.org/graph/fredgraph.csv?id=DTWEXBGS,2026-10-08
dollar_broad,2011-03-30,2011-04-06,88.2298,https://fred.stlouisfed.org/graph/fredgraph.csv?id=DTWEXBGS,2026-10-08
dollar_broad,2011-03-31,2011-04-07,88.0299,https://fred.stlouisfed.org/graph/fredgraph.csv?id=DTWEXBGS,2026-10-08
dollar_broad,2011-04-01,2011-04-08,87.7993,https://fred.stlouisfed.org/graph/fredgraph.csv?id=DTWEXBGS,2026-10-08
dollar_broad,2011-04-04,2011-04-11,87.8406,https://fred.stlouisfed.org/graph/fredgraph.csv?id=DTWEXBGS,2026-10-08
dollar_broad,2011-04-05,2011-04-12,87.7483,https://fred.stlouisfed.org/graph/fredgraph.csv?id=DTWEXBGS,2026-10-08
dollar_broad,2011-04-06,2011-04-13,87.4913,https://fred.stlouisfed.org/graph/fredgraph.csv?id=DTWEXBGS,2026-10-08
dollar_broad,2011-04-07,2011-04-14,87.532,https://fred.stlouisfed.org/graph/fredgraph.csv?id=DTWEXBGS,2026-10-08
dollar_broad,2011-04-08,2011-04-15,87.1493,https://fred.stlouisfed.org/graph/fredgraph.csv?id=DTWEXBGS,2026-10-08
dollar_broad,2011-04-11,2011-04-18,87.094,https://fred.stlouisfed.org/graph/fredgraph.csv?id=DTWEXBGS,2026-10-08
dollar_broad,2011-04-12,2011-04-19,87.2943,https://fred.stlouisfed.org/graph/fredgraph.csv?id=DTWEXBGS,2026-10-08
dollar_broad,2011-04-13,2011-04-20,87.2093,https://fred.stlouisfed.org/graph/fredgraph.csv?id=DTWEXBGS,2026-10-08
dollar_broad,2011-04-14,2011-04-21,87.0802,https://fred.stlouisfed.org/graph/fredgraph.csv?id=DTWEXBGS,2026-10-08
dollar_broad,2011-04-15,2011-04-22,87.005,https://fred.stlouisfed.org/graph/fredgraph.csv?id=DTWEXBGS,2026-10-08
dollar_broad,2011-04-18,2011-04-25,87.5081,https://fred.stlouisfed.org/graph/fredgraph.csv?id=DTWEXBGS,2026-10-08
dollar_broad,2011-04-19,2011-04-26,87.0791,https://fred.stlouisfed.org/graph/fredgraph.csv?id=DTWEXBGS,2026-10-08
dollar_broad,2011-04-20,2011-04-27,86.5642,https://fred.stlouisfed.org/graph/fredgraph.csv?id=DTWEXBGS,2026-10-08
dollar_broad,2011-04-21,2011-04-28,86.2256,https://fred.stlouisfed.org/graph/fredgraph.csv?id=DTWEXBGS,2026-10-08
dollar_broad,2011-04-22,2011-04-29,86.3742,https://fred.stlouisfed.org/graph/fredgraph.csv?id=DTWEXBGS,2026-10-08
dollar_broad,2011-04-25,2011-05-02,86.4026,https://fred.stlouisfed.org/graph/fredgraph.csv?id=DTWEXBGS,2026-10-08
dollar_broad,2011-04-26,2011-05-03,86.2576,https://fred.stlouisfed.org/graph/fredgraph.csv?id=DTWEXBGS,2026-10-08
dollar_broad,2011-04-27,2011-05-04,86.2519,https://fred.stlouisfed.org/graph/fredgraph.csv?id=DTWEXBGS,2026-10-08
dollar_broad,2011-04-28,2011-05-05,85.8419,https://fred.stlouisfed.org/graph/fredgraph.csv?id=DTWEXBGS,2026-10-08
dollar_broad,2011-04-29,2011-05-06,85.5999,https://fred.stlouisfed.org/graph/fredgraph.csv?id=DTWEXBGS,2026-10-08
dollar_broad,2011-05-02,2011-05-09,85.5199,https://fred.stlouisfed.org/graph/fredgraph.csv?id=DTWEXBGS,2026-10-08
dollar_broad,2011-05-03,2011-05-10,85.6352,https://fred.stlouisfed.org/graph/fredgraph.csv?id=DTWEXBGS,2026-10-08
dollar_broad,2011-05-04,2011-05-11,85.8917,https://fred.stlouisfed.org/graph/fredgraph.csv?id=DTWEXBGS,2026-10-08
dollar_broad,2011-05-05,2011-05-12,86.508,https://fred.stlouisfed.org/graph/fredgraph.csv?id=DTWEXBGS,2026-10-08
dollar_broad,2011-05-06,2011-05-13,86.4575,https://fred.stlouisfed.org/graph/fredgraph.csv?id=DTWEXBGS,2026-10-08
dollar_broad,2011-05-09,2011-05-16,86.8346,https://fred.stlouisfed.org/graph/fredgraph.csv?id=DTWEXBGS,2026-10-08
dollar_broad,2011-05-10,2011-05-17,86.6518,https://fred.stlouisfed.org/graph/fredgraph.csv?id=DTWEXBGS,2026-10-08
dollar_broad,2011-05-11,2011-05-18,86.7195,https://fred.stlouisfed.org/graph/fredgraph.csv?id=DTWEXBGS,2026-10-08
dollar_broad,2011-05-12,2011-05-19,87.0767,https://fred.stlouisfed.org/graph/fredgraph.csv?id=DTWEXBGS,2026-10-08
dollar_broad,2011-05-13,2011-05-20,87.4176,https://fred.stlouisfed.org/graph/fredgraph.csv?id=DTWEXBGS,2026-10-08
dollar_broad,2011-05-16,2011-05-23,87.3311,https://fred.stlouisfed.org/graph/fredgraph.csv?id=DTWEXBGS,2026-10-08
dollar_broad,2011-05-17,2011-05-24,87.6307,https://fred.stlouisfed.org/graph/fredgraph.csv?id=DTWEXBGS,2026-10-08
dollar_broad,2011-05-18,2011-05-25,87.295,https://fred.stlouisfed.org/graph/fredgraph.csv?id=DTWEXBGS,2026-10-08
dollar_broad,2011-05-19,2011-05-26,87.2638,https://fred.stlouisfed.org/graph/fredgraph.csv?id=DTWEXBGS,2026-10-08
dollar_broad,2011-05-20,2011-05-27,87.3044,https://fred.stlouisfed.org/graph/fredgraph.csv?id=DTWEXBGS,2026-10-08
dollar_broad,2011-05-23,2011-05-30,87.8941,https://fred.stlouisfed.org/graph/fredgraph.csv?id=DTWEXBGS,2026-10-08
dollar_broad,2011-05-24,2011-05-31,87.662,https://fred.stlouisfed.org/graph/fredgraph.csv?id=DTWEXBGS,2026-10-08
dollar_broad,2011-05-25,2011-06-01,87.6136,https://fred.stlouisfed.org/graph/fredgraph.csv?id=DTWEXBGS,2026-10-08
dollar_broad,2011-05-26,2011-06-02,87.5588,https://fred.stlouisfed.org/graph/fredgraph.csv?id=DTWEXBGS,2026-10-08
dollar_broad,2011-05-27,2011-06-03,86.9525,https://fred.stlouisfed.org/graph/fredgraph.csv?id=DTWEXBGS,2026-10-08
dollar_broad,2011-05-31,2011-06-07,86.656,https://fred.stlouisfed.org/graph/fredgraph.csv?id=DTWEXBGS,2026-10-08
dollar_broad,2011-06-01,2011-06-08,86.5964,https://fred.stlouisfed.org/graph/fredgraph.csv?id=DTWEXBGS,2026-10-08
dollar_broad,2011-06-02,2011-06-09,86.8435,https://fred.stlouisfed.org/graph/fredgraph.csv?id=DTWEXBGS,2026-10-08
dollar_broad,2011-06-03,2011-06-10,86.4234,https://fred.stlouisfed.org/graph/fredgraph.csv?id=DTWEXBGS,2026-10-08
dollar_broad,2011-06-06,2011-06-13,86.4669,https://fred.stlouisfed.org/graph/fredgraph.csv?id=DTWEXBGS,2026-10-08
dollar_broad,2011-06-07,2011-06-14,86.3627,https://fred.stlouisfed.org/graph/fredgraph.csv?id=DTWEXBGS,2026-10-08
dollar_broad,2011-06-08,2011-06-15,86.5714,https://fred.stlouisfed.org/graph/fredgraph.csv?id=DTWEXBGS,2026-10-08
dollar_broad,2011-06-09,2011-06-16,86.5913,https://fred.stlouisfed.org/graph/fredgraph.csv?id=DTWEXBGS,2026-10-08
dollar_broad,2011-06-10,2011-06-17,87.042,https://fred.stlouisfed.org/graph/fredgraph.csv?id=DTWEXBGS,2026-10-08
dollar_broad,2011-06-13,2011-06-20,87.0579,https://fred.stlouisfed.org/graph/fredgraph.csv?id=DTWEXBGS,2026-10-08
dollar_broad,2011-06-14,2011-06-21,86.6771,https://fred.stlouisfed.org/graph/fredgraph.csv?id=DTWEXBGS,2026-10-08
dollar_broad,2011-06-15,2011-06-22,87.3342,https://fred.stlouisfed.org/graph/fredgraph.csv?id=DTWEXBGS,2026-10-08
dollar_broad,2011-06-16,2011-06-23,87.6917,https://fred.stlouisfed.org/graph/fredgraph.csv?id=DTWEXBGS,2026-10-08
dollar_broad,2011-06-17,2011-06-24,87.2179,https://fred.stlouisfed.org/graph/fredgraph.csv?id=DTWEXBGS,2026-10-08
dollar_broad,2011-06-20,2011-06-27,87.1908,https://fred.stlouisfed.org/graph/fredgraph.csv?id=DTWEXBGS,2026-10-08
dollar_broad,2011-06-21,2011-06-28,86.857,https://fred.stlouisfed.org/graph/fredgraph.csv?id=DTWEXBGS,2026-10-08
dollar_broad,2011-06-22,2011-06-29,86.8067,https://fred.stlouisfed.org/graph/fredgraph.csv?id=DTWEXBGS,2026-10-08
dollar_broad,2011-06-23,2011-06-30,87.455,https://fred.stlouisfed.org/graph/fredgraph.csv?id=DTWEXBGS,2026-10-08
dollar_broad,2011-06-24,2011-07-01,87.5014,https://fred.stlouisfed.org/graph/fredgraph.csv?id=DTWEXBGS,2026-10-08
dollar_broad,2011-06-27,2011-07-04,87.5225,https://fred.stlouisfed.org/graph/fredgraph.csv?id=DTWEXBGS,2026-10-08
dollar_broad,2011-06-28,2011-07-05,87.2178,https://fred.stlouisfed.org/graph/fredgraph.csv?id=DTWEXBGS,2026-10-08
dollar_broad,2011-06-29,2011-07-06,86.8014,https://fred.stlouisfed.org/graph/fredgraph.csv?id=DTWEXBGS,2026-10-08
dollar_broad,2011-06-30,2011-07-07,86.4786,https://fred.stlouisfed.org/graph/fredgraph.csv?id=DTWEXBGS,2026-10-08
dollar_broad,2011-07-01,2011-07-08,86.3613,https://fred.stlouisfed.org/graph/fredgraph.csv?id=DTWEXBGS,2026-10-08
dollar_broad,2011-07-05,2011-07-12,86.4253,https://fred.stlouisfed.org/graph/fredgraph.csv?id=DTWEXBGS,2026-10-08
dollar_broad,2011-07-06,2011-07-13,86.6825,https://fred.stlouisfed.org/graph/fredgraph.csv?id=DTWEXBGS,2026-10-08
dollar_broad,2011-07-07,2011-07-14,86.4825,https://fred.stlouisfed.org/graph/fredgraph.csv?id=DTWEXBGS,2026-10-08
dollar_broad,2011-07-08,2011-07-15,86.615,https://fred.stlouisfed.org/graph/fredgraph.csv?id=DTWEXBGS,2026-10-08
dollar_broad,2011-07-11,2011-07-18,87.1013,https://fred.stlouisfed.org/graph/fredgraph.csv?id=DTWEXBGS,2026-10-08
dollar_broad,2011-07-12,2011-07-19,87.1701,https://fred.stlouisfed.org/graph/fredgraph.csv?id=DTWEXBGS,2026-10-08
dollar_broad,2011-07-13,2011-07-20,86.5697,https://fred.stlouisfed.org/graph/fredgraph.csv?id=DTWEXBGS,2026-10-08
dollar_broad,2011-07-14,2011-07-21,86.5234,https://fred.stlouisfed.org/graph/fredgraph.csv?id=DTWEXBGS,2026-10-08
dollar_broad,2011-07-15,2011-07-22,86.5169,https://fred.stlouisfed.org/graph/fredgraph.csv?id=DTWEXBGS,2026-10-08
dollar_broad,2011-07-18,2011-07-25,86.9549,https://fred.stlouisfed.org/graph/fredgraph.csv?id=DTWEXBGS,2026-10-08
dollar_broad,2011-07-19,2011-07-26,86.4386,https://fred.stlouisfed.org/graph/fredgraph.csv?id=DTWEXBGS,2026-10-08
dollar_broad,2011-07-20,2011-07-27,86.2794,https://fred.stlouisfed.org/graph/fredgraph.csv?id=DTWEXBGS,2026-10-08
dollar_broad,2011-07-21,2011-07-28,85.8378,https://fred.stlouisfed.org/graph/fredgraph.csv?id=DTWEXBGS,2026-10-08
dollar_broad,2011-07-22,2011-07-29,85.8623,https://fred.stlouisfed.org/graph/fredgraph.csv?id=DTWEXBGS,2026-10-08
dollar_broad,2011-07-25,2011-08-01,85.8006,https://fred.stlouisfed.org/graph/fredgraph.csv?id=DTWEXBGS,2026-10-08
dollar_broad,2011-07-26,2011-08-02,85.4692,https://fred.stlouisfed.org/graph/fredgraph.csv?id=DTWEXBGS,2026-10-08
dollar_broad,2011-07-27,2011-08-03,85.7126,https://fred.stlouisfed.org/graph/fredgraph.csv?id=DTWEXBGS,2026-10-08
dollar_broad,2011-07-28,2011-08-04,85.8245,https://fred.stlouisfed.org/graph/fredgraph.csv?id=DTWEXBGS,2026-10-08
dollar_broad,2011-07-29,2011-08-05,85.7282,https://fred.stlouisfed.org/graph/fredgraph.csv?id=DTWEXBGS,2026-10-08
dollar_broad,2011-08-01,2011-08-08,86.0391,https://fred.stlouisfed.org/graph/fredgraph.csv?id=DTWEXBGS,2026-10-08
dollar_broad,2011-08-02,2011-08-09,86.0533,https://fred.stlouisfed.org/graph/fredgraph.csv?id=DTWEXBGS,2026-10-08
dollar_broad,2011-08-03,2011-08-10,86.0706,https://fred.stlouisfed.org/graph/fredgraph.csv?id=DTWEXBGS,2026-10-08
dollar_broad,2011-08-04,2011-08-11,86.9299,https://fred.stlouisfed.org/graph/fredgraph.csv?id=DTWEXBGS,2026-10-08
dollar_broad,2011-08-05,2011-08-12,87.1084,https://fred.stlouisfed.org/graph/fredgraph.csv?id=DTWEXBGS,2026-10-08
dollar_broad,2011-08-08,2011-08-15,87.1873,https://fred.stlouisfed.org/graph/fredgraph.csv?id=DTWEXBGS,2026-10-08
dollar_broad,2011-08-09,2011-08-16,87.3919,https://fred.stlouisfed.org/graph/fredgraph.csv?id=DTWEXBGS,2026-10-08
dollar_broad,2011-08-10,2011-08-17,87.3792,https://fred.stlouisfed.org/graph/fredgraph.csv?id=DTWEXBGS,2026-10-08
dollar_broad,2011-08-11,2011-08-18,87.3215,https://fred.stlouisfed.org/graph/fredgraph.csv?id=DTWEXBGS,2026-10-08
dollar_broad,2011-08-12,2011-08-19,87.177,https://fred.stlouisfed.org/graph/fredgraph.csv?id=DTWEXBGS,2026-10-08
dollar_broad,2011-08-15,2011-08-22,86.7515,https://fred.stlouisfed.org/graph/fredgraph.csv?id=DTWEXBGS,2026-10-08
dollar_broad,2011-08-16,2011-08-23,86.7115,https://fred.stlouisfed.org/graph/fredgraph.csv?id=DTWEXBGS,2026-10-08
dollar_broad,2011-08-17,2011-08-24,86.5518,https://fred.stlouisfed.org/graph/fredgraph.csv?id=DTWEXBGS,2026-10-08
dollar_broad,2011-08-18,2011-08-25,87.1271,https://fred.stlouisfed.org/graph/fredgraph.csv?id=DTWEXBGS,2026-10-08
dollar_broad,2011-08-19,2011-08-26,86.8286,https://fred.stlouisfed.org/graph/fredgraph.csv?id=DTWEXBGS,2026-10-08
dollar_broad,2011-08-22,2011-08-29,87.0753,https://fred.stlouisfed.org/graph/fredgraph.csv?id=DTWEXBGS,2026-10-08
dollar_broad,2011-08-23,2011-08-30,86.9001,https://fred.stlouisfed.org/graph/fredgraph.csv?id=DTWEXBGS,2026-10-08
dollar_broad,2011-08-24,2011-08-31,87.1316,https://fred.stlouisfed.org/graph/fredgraph.csv?id=DTWEXBGS,2026-10-08
dollar_broad,2011-08-25,2011-09-01,87.2306,https://fred.stlouisfed.org/graph/fredgraph.csv?id=DTWEXBGS,2026-10-08
dollar_broad,2011-08-26,2011-09-02,87.0751,https://fred.stlouisfed.org/graph/fredgraph.csv?id=DTWEXBGS,2026-10-08
dollar_broad,2011-08-29,2011-09-05,86.8433,https://fred.stlouisfed.org/graph/fredgraph.csv?id=DTWEXBGS,2026-10-08
dollar_broad,2011-08-30,2011-09-06,87.001,https://fred.stlouisfed.org/graph/fredgraph.csv?id=DTWEXBGS,2026-10-08
dollar_broad,2011-08-31,2011-09-07,86.7739,https://fred.stlouisfed.org/graph/fredgraph.csv?id=DTWEXBGS,2026-10-08
dollar_broad,2011-09-01,2011-09-08,86.8512,https://fred.stlouisfed.org/graph/fredgraph.csv?id=DTWEXBGS,2026-10-08
dollar_broad,2011-09-02,2011-09-09,87.1797,https://fred.stlouisfed.org/graph/fredgraph.csv?id=DTWEXBGS,2026-10-08
dollar_broad,2011-09-06,2011-09-13,88.1645,https://fred.stlouisfed.org/graph/fredgraph.csv?id=DTWEXBGS,2026-10-08
dollar_broad,2011-09-07,2011-09-14,87.9699,https://fred.stlouisfed.org/graph/fredgraph.csv?id=DTWEXBGS,2026-10-08
dollar_broad,2011-09-08,2011-09-15,88.1162,https://fred.stlouisfed.org/graph/fredgraph.csv?id=DTWEXBGS,2026-10-08
dollar_broad,2011-09-09,2011-09-16,88.9514,https://fred.stlouisfed.org/graph/fredgraph.csv?id=DTWEXBGS,2026-10-08
dollar_broad,2011-09-12,2011-09-19,89.2192,https://fred.stlouisfed.org/graph/fredgraph.csv?id=DTWEXBGS,2026-10-08
dollar_broad,2011-09-13,2011-09-20,89.2653,https://fred.stlouisfed.org/graph/fredgraph.csv?id=DTWEXBGS,2026-10-08
dollar_broad,2011-09-14,2011-09-21,89.419,https://fred.stlouisfed.org/graph/fredgraph.csv?id=DTWEXBGS,2026-10-08
dollar_broad,2011-09-15,2011-09-22,89.0647,https://fred.stlouisfed.org/graph/fredgraph.csv?id=DTWEXBGS,2026-10-08
dollar_broad,2011-09-16,2011-09-23,89.1108,https://fred.stlouisfed.org/graph/fredgraph.csv?id=DTWEXBGS,2026-10-08
dollar_broad,2011-09-19,2011-09-26,89.9336,https://fred.stlouisfed.org/graph/fredgraph.csv?id=DTWEXBGS,2026-10-08
dollar_broad,2011-09-20,2011-09-27,89.8777,https://fred.stlouisfed.org/graph/fredgraph.csv?id=DTWEXBGS,2026-10-08
dollar_broad,2011-09-21,2011-09-28,90.3453,https://fred.stlouisfed.org/graph/fredgraph.csv?id=DTWEXBGS,2026-10-08
dollar_broad,2011-09-22,2011-09-29,92.075,https://fred.stlouisfed.org/graph/fredgraph.csv?id=DTWEXBGS,2026-10-08
dollar_broad,2011-09-23,2011-09-30,91.6904,https://fred.stlouisfed.org/graph/fredgraph.csv?id=DTWEXBGS,2026-10-08
dollar_broad,2011-09-26,2011-10-03,91.7724,https://fred.stlouisfed.org/graph/fredgraph.csv?id=DTWEXBGS,2026-10-08
dollar_broad,2011-09-27,2011-10-04,90.8985,https://fred.stlouisfed.org/graph/fredgraph.csv?id=DTWEXBGS,2026-10-08
dollar_broad,2011-09-28,2011-10-05,91.0227,https://fred.stlouisfed.org/graph/fredgraph.csv?id=DTWEXBGS,2026-10-08
dollar_broad,2011-09-29,2011-10-06,91.3033,https://fred.stlouisfed.org/graph/fredgraph.csv?id=DTWEXBGS,2026-10-08
dollar_broad,2011-09-30,2011-10-07,91.9998,https://fred.stlouisfed.org/graph/fredgraph.csv?id=DTWEXBGS,2026-10-08
dollar_broad,2011-10-03,2011-10-10,92.5128,https://fred.stlouisfed.org/graph/fredgraph.csv?id=DTWEXBGS,2026-10-08
dollar_broad,2011-10-04,2011-10-11,92.9508,https://fred.stlouisfed.org/graph/fredgraph.csv?id=DTWEXBGS,2026-10-08
dollar_broad,2011-10-05,2011-10-12,92.3008,https://fred.stlouisfed.org/graph/fredgraph.csv?id=DTWEXBGS,2026-10-08
dollar_broad,2011-10-06,2011-10-13,91.9661,https://fred.stlouisfed.org/graph/fredgraph.csv?id=DTWEXBGS,2026-10-08
dollar_broad,2011-10-07,2011-10-14,91.2469,https://fred.stlouisfed.org/graph/fredgraph.csv?id=DTWEXBGS,2026-10-08
dollar_broad,2011-10-11,2011-10-18,90.9162,https://fred.stlouisfed.org/graph/fredgraph.csv?id=DTWEXBGS,2026-10-08
dollar_broad,2011-10-12,2011-10-19,90.3378,https://fred.stlouisfed.org/graph/fredgraph.csv?id=DTWEXBGS,2026-10-08
dollar_broad,2011-10-13,2011-10-20,90.6603,https://fred.stlouisfed.org/graph/fredgraph.csv?id=DTWEXBGS,2026-10-08
dollar_broad,2011-10-14,2011-10-21,90.2116,https://fred.stlouisfed.org/graph/fredgraph.csv?id=DTWEXBGS,2026-10-08
dollar_broad,2011-10-17,2011-10-24,90.266,https://fred.stlouisfed.org/graph/fredgraph.csv?id=DTWEXBGS,2026-10-08
dollar_broad,2011-10-18,2011-10-25,90.5907,https://fred.stlouisfed.org/graph/fredgraph.csv?id=DTWEXBGS,2026-10-08
dollar_broad,2011-10-19,2011-10-26,90.3317,https://fred.stlouisfed.org/graph/fredgraph.csv?id=DTWEXBGS,2026-10-08
dollar_broad,2011-10-20,2011-10-27,91.1026,https://fred.stlouisfed.org/graph/fredgraph.csv?id=DTWEXBGS,2026-10-08
dollar_broad,2011-10-21,2011-10-28,90.279,https://fred.stlouisfed.org/graph/fredgraph.csv?id=DTWEXBGS,2026-10-08
dollar_broad,2011-10-24,2011-10-31,89.8558,https://fred.stlouisfed.org/graph/fredgraph.csv?id=DTWEXBGS,2026-10-08
dollar_broad,2011-10-25,2011-11-01,89.9525,https://fred.stlouisfed.org/graph/fredgraph.csv?id=DTWEXBGS,2026-10-08
dollar_broad,2011-10-26,2011-11-02,90.0836,https://fred.stlouisfed.org/graph/fredgraph.csv?id=DTWEXBGS,2026-10-08
dollar_broad,2011-10-27,2011-11-03,88.7882,https://fred.stlouisfed.org/graph/fredgraph.csv?id=DTWEXBGS,2026-10-08
dollar_broad,2011-10-28,2011-11-04,88.6382,https://fred.stlouisfed.org/graph/fredgraph.csv?id=DTWEXBGS,2026-10-08
dollar_broad,2011-10-31,2011-11-07,89.2053,https://fred.stlouisfed.org/graph/fredgraph.csv?id=DTWEXBGS,2026-10-08
dollar_broad,2011-11-01,2011-11-08,90.7296,https://fred.stlouisfed.org/graph/fredgraph.csv?id=DTWEXBGS,2026-10-08
dollar_broad,2011-11-02,2011-11-09,90.244,https://fred.stlouisfed.org/graph/fredgraph.csv?id=DTWEXBGS,2026-10-08
dollar_broad,2011-11-03,2011-11-10,90.2961,https://fred.stlouisfed.org/graph/fredgraph.csv?id=DTWEXBGS,2026-10-08
dollar_broad,2011-11-04,2011-11-11,90.3154,https://fred.stlouisfed.org/graph/fredgraph.csv?id=DTWEXBGS,2026-10-08
dollar_broad,2011-11-07,2011-11-14,90.3832,https://fred.stlouisfed.org/graph/fredgraph.csv?id=DTWEXBGS,2026-10-08
dollar_broad,2011-11-08,2011-11-15,90.172,https://fred.stlouisfed.org/graph/fredgraph.csv?id=DTWEXBGS,2026-10-08
dollar_broad,2011-11-09,2011-11-16,90.6991,https://fred.stlouisfed.org/graph/fredgraph.csv?id=DTWEXBGS,2026-10-08
dollar_broad,2011-11-10,2011-11-17,90.8588,https://fred.stlouisfed.org/graph/fredgraph.csv?id=DTWEXBGS,2026-10-08
dollar_broad,2011-11-14,2011-11-21,90.7215,https://fred.stlouisfed.org/graph/fredgraph.csv?id=DTWEXBGS,2026-10-08
dollar_broad,2011-11-15,2011-11-22,91.1081,https://fred.stlouisfed.org/graph/fredgraph.csv?id=DTWEXBGS,2026-10-08
dollar_broad,2011-11-16,2011-11-23,91.1237,https://fred.stlouisfed.org/graph/fredgraph.csv?id=DTWEXBGS,2026-10-08
dollar_broad,2011-11-17,2011-11-24,91.1822,https://fred.stlouisfed.org/graph/fredgraph.csv?id=DTWEXBGS,2026-10-08
dollar_broad,2011-11-18,2011-11-25,91.3676,https://fred.stlouisfed.org/graph/fredgraph.csv?id=DTWEXBGS,2026-10-08
dollar_broad,2011-11-21,2011-11-28,91.9978,https://fred.stlouisfed.org/graph/fredgraph.csv?id=DTWEXBGS,2026-10-08
dollar_broad,2011-11-22,2011-11-29,92.0193,https://fred.stlouisfed.org/graph/fredgraph.csv?id=DTWEXBGS,2026-10-08
dollar_broad,2011-11-23,2011-11-30,92.7463,https://fred.stlouisfed.org/graph/fredgraph.csv?id=DTWEXBGS,2026-10-08
dollar_broad,2011-11-25,2011-12-02,93.1455,https://fred.stlouisfed.org/graph/fredgraph.csv?id=DTWEXBGS,2026-10-08
dollar_broad,2011-11-28,2011-12-05,92.4983,https://fred.stlouisfed.org/graph/fredgraph.csv?id=DTWEXBGS,2026-10-08
dollar_broad,2011-11-29,2011-12-06,92.2163,https://fred.stlouisfed.org/graph/fredgraph.csv?id=DTWEXBGS,2026-10-08
dollar_broad,2011-11-30,2011-12-07,91.4728,https://fred.stlouisfed.org/graph/fredgraph.csv?id=DTWEXBGS,2026-10-08
dollar_broad,2011-12-01,2011-12-08,91.227,https://fred.stlouisfed.org/graph/fredgraph.csv?id=DTWEXBGS,2026-10-08
dollar_broad,2011-12-02,2011-12-09,91.3532,https://fred.stlouisfed.org/graph/fredgraph.csv?id=DTWEXBGS,2026-10-08
dollar_broad,2011-12-05,2011-12-12,91.1087,https://fred.stlouisfed.org/graph/fredgraph.csv?id=DTWEXBGS,2026-10-08
dollar_broad,2011-12-06,2011-12-13,91.2817,https://fred.stlouisfed.org/graph/fredgraph.csv?id=DTWEXBGS,2026-10-08
dollar_broad,2011-12-07,2011-12-14,91.2331,https://fred.stlouisfed.org/graph/fredgraph.csv?id=DTWEXBGS,2026-10-08
dollar_broad,2011-12-08,2011-12-15,91.668,https://fred.stlouisfed.org/graph/fredgraph.csv?id=DTWEXBGS,2026-10-08
dollar_broad,2011-12-09,2011-12-16,91.6122,https://fred.stlouisfed.org/graph/fredgraph.csv?id=DTWEXBGS,2026-10-08
dollar_broad,2011-12-12,2011-12-19,92.3375,https://fred.stlouisfed.org/graph/fredgraph.csv?id=DTWEXBGS,2026-10-08
dollar_broad,2011-12-13,2011-12-20,92.5456,https://fred.stlouisfed.org/graph/fredgraph.csv?id=DTWEXBGS,2026-10-08
dollar_broad,2011-12-14,2011-12-21,93.2176,https://fred.stlouisfed.org/graph/fredgraph.csv?id=DTWEXBGS,2026-10-08
dollar_broad,2011-12-15,2011-12-22,92.8858,https://fred.stlouisfed.org/graph/fredgraph.csv?id=DTWEXBGS,2026-10-08
dollar_broad,2011-12-16,2011-12-23,92.8252,https://fred.stlouisfed.org/graph/fredgraph.csv?id=DTWEXBGS,2026-10-08
dollar_broad,2011-12-19,2011-12-26,92.8685,https://fred.stlouisfed.org/graph/fredgraph.csv?id=DTWEXBGS,2026-10-08
dollar_broad,2011-12-20,2011-12-27,92.432,https://fred.stlouisfed.org/graph/fredgraph.csv?id=DTWEXBGS,2026-10-08
dollar_broad,2011-12-21,2011-12-28,92.5262,https://fred.stlouisfed.org/graph/fredgraph.csv?id=DTWEXBGS,2026-10-08
dollar_broad,2011-12-22,2011-12-29,92.3883,https://fred.stlouisfed.org/graph/fredgraph.csv?id=DTWEXBGS,2026-10-08
dollar_broad,2011-12-23,2011-12-30,92.3897,https://fred.stlouisfed.org/graph/fredgraph.csv?id=DTWEXBGS,2026-10-08
dollar_broad,2011-12-27,2012-01-03,92.4137,https://fred.stlouisfed.org/graph/fredgraph.csv?id=DTWEXBGS,2026-10-08
dollar_broad,2011-12-28,2012-01-04,92.8374,https://fred.stlouisfed.org/graph/fredgraph.csv?id=DTWEXBGS,2026-10-08
dollar_broad,2011-12-29,2012-01-05,92.7398,https://fred.stlouisfed.org/graph/fredgraph.csv?id=DTWEXBGS,2026-10-08
dollar_broad,2011-12-30,2012-01-06,92.4262,https://fred.stlouisfed.org/graph/fredgraph.csv?id=DTWEXBGS,2026-10-08
dollar_broad,2012-01-03,2012-01-10,91.7551,https://fred.stlouisfed.org/graph/fredgraph.csv?id=DTWEXBGS,2026-10-08
dollar_broad,2012-01-04,2012-01-11,92.0345,https://fred.stlouisfed.org/graph/fredgraph.csv?id=DTWEXBGS,2026-10-08
dollar_broad,2012-01-05,2012-01-12,92.5773,https://fred.stlouisfed.org/graph/fredgraph.csv?id=DTWEXBGS,2026-10-08
dollar_broad,2012-01-06,2012-01-13,92.7183,https://fred.stlouisfed.org/graph/fredgraph.csv?id=DTWEXBGS,2026-10-08
dollar_broad,2012-01-09,2012-01-16,92.7418,https://fred.stlouisfed.org/graph/fredgraph.csv?id=DTWEXBGS,2026-10-08
dollar_broad,2012-01-10,2012-01-17,92.2461,https://fred.stlouisfed.org/graph/fredgraph.csv?id=DTWEXBGS,2026-10-08
dollar_broad,2012-01-11,2012-01-18,92.554,https://fred.stlouisfed.org/graph/fredgraph.csv?id=DTWEXBGS,2026-10-08
dollar_broad,2012-01-12,2012-01-19,92.2274,https://fred.stlouisfed.org/graph/fredgraph.csv?id=DTWEXBGS,2026-10-08
dollar_broad,2012-01-13,2012-01-20,92.5385,https://fred.stlouisfed.org/graph/fredgraph.csv?id=DTWEXBGS,2026-10-08
dollar_broad,2012-01-17,2012-01-24,92.0142,https://fred.stlouisfed.org/graph/fredgraph.csv?id=DTWEXBGS,2026-10-08
dollar_broad,2012-01-18,2012-01-25,91.6943,https://fred.stlouisfed.org/graph/fredgraph.csv?id=DTWEXBGS,2026-10-08
dollar_broad,2012-01-19,2012-01-26,91.3316,https://fred.stlouisfed.org/graph/fredgraph.csv?id=DTWEXBGS,2026-10-08
dollar_broad,2012-01-20,2012-01-27,91.3661,https://fred.stlouisfed.org/graph/fredgraph.csv?id=DTWEXBGS,2026-10-08
dollar_broad,2012-01-23,2012-01-30,90.986,https://fred.stlouisfed.org/graph/fredgraph.csv?id=DTWEXBGS,2026-10-08
dollar_broad,2012-01-24,2012-01-31,91.181,https://fred.stlouisfed.org/graph/fredgraph.csv?id=DTWEXBGS,2026-10-08
dollar_broad,2012-01-25,2012-02-01,91.277,https://fred.stlouisfed.org/graph/fredgraph.csv?id=DTWEXBGS,2026-10-08
dollar_broad,2012-01-26,2012-02-02,90.3962,https://fred.stlouisfed.org/graph/fredgraph.csv?id=DTWEXBGS,2026-10-08
dollar_broad,2012-01-27,2012-02-03,90.2559,https://fred.stlouisfed.org/graph/fredgraph.csv?id=DTWEXBGS,2026-10-08
dollar_broad,2012-01-30,2012-02-06,90.4762,https://fred.stlouisfed.org/graph/fredgraph.csv?id=DTWEXBGS,2026-10-08
dollar_broad,2012-01-31,2012-02-07,90.5538,https://fred.stlouisfed.org/graph/fredgraph.csv?id=DTWEXBGS,2026-10-08
dollar_broad,2012-02-01,2012-02-08,90.0963,https://fred.stlouisfed.org/graph/fredgraph.csv?id=DTWEXBGS,2026-10-08
dollar_broad,2012-02-02,2012-02-09,89.8765,https://fred.stlouisfed.org/graph/fredgraph.csv?id=DTWEXBGS,2026-10-08
dollar_broad,2012-02-03,2012-02-10,89.8491,https://fred.stlouisfed.org/graph/fredgraph.csv?id=DTWEXBGS,2026-10-08
dollar_broad,2012-02-06,2012-02-13,89.7907,https://fred.stlouisfed.org/graph/fredgraph.csv?id=DTWEXBGS,2026-10-08
dollar_broad,2012-02-07,2012-02-14,89.5968,https://fred.stlouisfed.org/graph/fredgraph.csv?id=DTWEXBGS,2026-10-08
dollar_broad,2012-02-08,2012-02-15,89.6555,https://fred.stlouisfed.org/graph/fredgraph.csv?id=DTWEXBGS,2026-10-08
dollar_broad,2012-02-09,2012-02-16,89.6246,https://fred.stlouisfed.org/graph/fredgraph.csv?id=DTWEXBGS,2026-10-08
dollar_broad,2012-02-10,2012-02-17,90.1024,https://fred.stlouisfed.org/graph/fredgraph.csv?id=DTWEXBGS,2026-10-08
dollar_broad,2012-02-13,2012-02-20,89.8895,https://fred.stlouisfed.org/graph/fredgraph.csv?id=DTWEXBGS,2026-10-08
dollar_broad,2012-02-14,2012-02-21,90.1919,https://fred.stlouisfed.org/graph/fredgraph.csv?id=DTWEXBGS,2026-10-08
dollar_broad,2012-02-15,2012-02-22,90.1932,https://fred.stlouisfed.org/graph/fredgraph.csv?id=DTWEXBGS,2026-10-08
dollar_broad,2012-02-16,2012-02-23,90.3109,https://fred.stlouisfed.org/graph/fredgraph.csv?id=DTWEXBGS,2026-10-08
dollar_broad,2012-02-17,2012-02-24,90.23,https://fred.stlouisfed.org/graph/fredgraph.csv?id=DTWEXBGS,2026-10-08
dollar_broad,2012-02-21,2012-02-28,90.0117,https://fred.stlouisfed.org/graph/fredgraph.csv?id=DTWEXBGS,2026-10-08
dollar_broad,2012-02-22,2012-02-29,90.2472,https://fred.stlouisfed.org/graph/fredgraph.csv?id=DTWEXBGS,2026-10-08
dollar_broad,2012-02-23,2012-03-01,90.1108,https://fred.stlouisfed.org/graph/fredgraph.csv?id=DTWEXBGS,2026-10-08
dollar_broad,2012-02-24,2012-03-02,89.9104,https://fred.stlouisfed.org/graph/fredgraph.csv?id=DTWEXBGS,2026-10-08
dollar_broad,2012-02-27,2012-03-05,89.9635,https://fred.stlouisfed.org/graph/fredgraph.csv?id=DTWEXBGS,2026-10-08
dollar_broad,2012-02-28,2012-03-06,89.8103,https://fred.stlouisfed.org/graph/fredgraph.csv?id=DTWEXBGS,2026-10-08
dollar_broad,2012-02-29,2012-03-07,89.7487,https://fred.stlouisfed.org/graph/fredgraph.csv?id=DTWEXBGS,2026-10-08
dollar_broad,2012-03-01,2012-03-08,89.7817,https://fred.stlouisfed.org/graph/fredgraph.csv?id=DTWEXBGS,2026-10-08
dollar_broad,2012-03-02,2012-03-09,90.135,https://fred.stlouisfed.org/graph/fredgraph.csv?id=DTWEXBGS,2026-10-08
dollar_broad,2012-03-05,2012-03-12,90.2748,https://fred.stlouisfed.org/graph/fredgraph.csv?id=DTWEXBGS,2026-10-08
dollar_broad,2012-03-06,2012-03-13,90.8237,https://fred.stlouisfed.org/graph/fredgraph.csv?id=DTWEXBGS,2026-10-08
dollar_broad,2012-03-07,2012-03-14,90.6837,https://fred.stlouisfed.org/graph/fredgraph.csv?id=DTWEXBGS,2026-10-08
dollar_broad,2012-03-08,2012-03-15,90.2598,https://fred.stlouisfed.org/graph/fredgraph.csv?id=DTWEXBGS,2026-10-08
dollar_broad,2012-03-09,2012-03-16,90.4341,https://fred.stlouisfed.org/graph/fredgraph.csv?id=DTWEXBGS,2026-10-08
dollar_broad,2012-03-12,2012-03-19,90.6643,https://fred.stlouisfed.org/graph/fredgraph.csv?id=DTWEXBGS,2026-10-08
dollar_broad,2012-03-13,2012-03-20,90.5363,https://fred.stlouisfed.org/graph/fredgraph.csv?id=DTWEXBGS,2026-10-08
dollar_broad,2012-03-14,2012-03-21,90.9325,https://fred.stlouisfed.org/graph/fredgraph.csv?id=DTWEXBGS,2026-10-08
dollar_broad,2012-03-15,2012-03-22,90.7866,https://fred.stlouisfed.org/graph/fredgraph.csv?id=DTWEXBGS,2026-10-08
dollar_broad,2012-03-16,2012-03-23,90.5245,https://fred.stlouisfed.org/graph/fredgraph.csv?id=DTWEXBGS,2026-10-08
dollar_broad,2012-03-19,2012-03-26,90.292,https://fred.stlouisfed.org/graph/fredgraph.csv?id=DTWEXBGS,2026-10-08
dollar_broad,2012-03-20,2012-03-27,90.6065,https://fred.stlouisfed.org/graph/fredgraph.csv?id=DTWEXBGS,2026-10-08
dollar_broad,2012-03-21,2012-03-28,90.6761,https://fred.stlouisfed.org/graph/fredgraph.csv?id=DTWEXBGS,2026-10-08
dollar_broad,2012-03-22,2012-03-29,90.8225,https://fred.stlouisfed.org/graph/fredgraph.csv?id=DTWEXBGS,2026-10-08
dollar_broad,2012-03-23,2012-03-30,90.6156,https://fred.stlouisfed.org/graph/fredgraph.csv?id=DTWEXBGS,2026-10-08
dollar_broad,2012-03-26,2012-04-02,90.3266,https://fred.stlouisfed.org/graph/fredgraph.csv?id=DTWEXBGS,2026-10-08
dollar_broad,2012-03-27,2012-04-03,90.2796,https://fred.stlouisfed.org/graph/fredgraph.csv?id=DTWEXBGS,2026-10-08
dollar_broad,2012-03-28,2012-04-04,90.603,https://fred.stlouisfed.org/graph/fredgraph.csv?id=DTWEXBGS,2026-10-08
dollar_broad,2012-03-29,2012-04-05,90.7285,https://fred.stlouisfed.org/graph/fredgraph.csv?id=DTWEXBGS,2026-10-08
dollar_broad,2012-03-30,2012-04-06,90.4593,https://fred.stlouisfed.org/graph/fredgraph.csv?id=DTWEXBGS,2026-10-08
dollar_broad,2012-04-02,2012-04-09,90.247,https://fred.stlouisfed.org/graph/fredgraph.csv?id=DTWEXBGS,2026-10-08
dollar_broad,2012-04-03,2012-04-10,90.1921,https://fred.stlouisfed.org/graph/fredgraph.csv?id=DTWEXBGS,2026-10-08
dollar_broad,2012-04-04,2012-04-11,90.8284,https://fred.stlouisfed.org/graph/fredgraph.csv?id=DTWEXBGS,2026-10-08
dollar_broad,2012-04-05,2012-04-12,90.8781,https://fred.stlouisfed.org/graph/fredgraph.csv?id=DTWEXBGS,2026-10-08
dollar_broad,2012-04-06,2012-04-13,90.9375,https://fred.stlouisfed.org/graph/fredgraph.csv?id=DTWEXBGS,2026-10-08
dollar_broad,2012-04-09,2012-04-16,90.9624,https://fred.stlouisfed.org/graph/fredgraph.csv?id=DTWEXBGS,2026-10-08
dollar_broad,2012-04-10,2012-04-17,91.2728,https://fred.stlouisfed.org/graph/fredgraph.csv?id=DTWEXBGS,2026-10-08
dollar_broad,2012-04-11,2012-04-18,91.1768,https://fred.stlouisfed.org/graph/fredgraph.csv?id=DTWEXBGS,2026-10-08
dollar_broad,2012-04-12,2012-04-19,90.7694,https://fred.stlouisfed.org/graph/fredgraph.csv?id=DTWEXBGS,2026-10-08
dollar_broad,2012-04-13,2012-04-20,91.0558,https://fred.stlouisfed.org/graph/fredgraph.csv?id=DTWEXBGS,2026-10-08
dollar_broad,2012-04-16,2012-04-23,91.2355,https://fred.stlouisfed.org/graph/fredgraph.csv?id=DTWEXBGS,2026-10-08
dollar_broad,2012-04-17,2012-04-24,90.7661,https://fred.stlouisfed.org/graph/fredgraph.csv?id=DTWEXBGS,2026-10-08
dollar_broad,2012-04-18,2012-04-25,90.9326,https://fred.stlouisfed.org/graph/fredgraph.csv?id=DTWEXBGS,2026-10-08
dollar_broad,2012-04-19,2012-04-26,91.0833,https://fred.stlouisfed.org/graph/fredgraph.csv?id=DTWEXBGS,2026-10-08
dollar_broad,2012-04-20,2012-04-27,90.8066,https://fred.stlouisfed.org/graph/fredgraph.csv?id=DTWEXBGS,2026-10-08
dollar_broad,2012-04-23,2012-04-30,91.079,https://fred.stlouisfed.org/graph/fredgraph.csv?id=DTWEXBGS,2026-10-08
dollar_broad,2012-04-24,2012-05-01,90.8153,https://fred.stlouisfed.org/graph/fredgraph.csv?id=DTWEXBGS,2026-10-08
dollar_broad,2012-04-25,2012-05-02,90.756,https://fred.stlouisfed.org/graph/fredgraph.csv?id=DTWEXBGS,2026-10-08
dollar_broad,2012-04-26,2012-05-03,90.6428,https://fred.stlouisfed.org/graph/fredgraph.csv?id=DTWEXBGS,2026-10-08
dollar_broad,2012-04-27,2012-05-04,90.3269,https://fred.stlouisfed.org/graph/fredgraph.csv?id=DTWEXBGS,2026-10-08
dollar_broad,2012-04-30,2012-05-07,90.3634,https://fred.stlouisfed.org/graph/fredgraph.csv?id=DTWEXBGS,2026-10-08
dollar_broad,2012-05-01,2012-05-08,90.3227,https://fred.stlouisfed.org/graph/fredgraph.csv?id=DTWEXBGS,2026-10-08
dollar_broad,2012-05-02,2012-05-09,90.6144,https://fred.stlouisfed.org/graph/fredgraph.csv?id=DTWEXBGS,2026-10-08
dollar_broad,2012-05-03,2012-05-10,90.6839,https://fred.stlouisfed.org/graph/fredgraph.csv?id=DTWEXBGS,2026-10-08
dollar_broad,2012-05-04,2012-05-11,91.0497,https://fred.stlouisfed.org/graph/fredgraph.csv?id=DTWEXBGS,2026-10-08
dollar_broad,2012-05-07,2012-05-14,91.0747,https://fred.stlouisfed.org/graph/fredgraph.csv?id=DTWEXBGS,2026-10-08
dollar_broad,2012-05-08,2012-05-15,91.4107,https://fred.stlouisfed.org/graph/fredgraph.csv?id=DTWEXBGS,2026-10-08
dollar_broad,2012-05-09,2012-05-16,91.7632,https://fred.stlouisfed.org/graph/fredgraph.csv?id=DTWEXBGS,2026-10-08
dollar_broad,2012-05-10,2012-05-17,91.7077,https://fred.stlouisfed.org/graph/fredgraph.csv?id=DTWEXBGS,2026-10-08
dollar_broad,2012-05-11,2012-05-18,91.7306,https://fred.stlouisfed.org/graph/fredgraph.csv?id=DTWEXBGS,2026-10-08
dollar_broad,2012-05-14,2012-05-21,92.2491,https://fred.stlouisfed.org/graph/fredgraph.csv?id=DTWEXBGS,2026-10-08
dollar_broad,2012-05-15,2012-05-22,92.5235,https://fred.stlouisfed.org/graph/fredgraph.csv?id=DTWEXBGS,2026-10-08
dollar_broad,2012-05-16,2012-05-23,92.903,https://fred.stlouisfed.org/graph/fredgraph.csv?id=DTWEXBGS,2026-10-08
dollar_broad,2012-05-17,2012-05-24,92.9632,https://fred.stlouisfed.org/graph/fredgraph.csv?id=DTWEXBGS,2026-10-08
dollar_broad,2012-05-18,2012-05-25,93.1395,https://fred.stlouisfed.org/graph/fredgraph.csv?id=DTWEXBGS,2026-10-08
dollar_broad,2012-05-21,2012-05-28,93.0945,https://fred.stlouisfed.org/graph/fredgraph.csv?id=DTWEXBGS,2026-10-08
dollar_broad,2012-05-22,2012-05-29,93.1113,https://fred.stlouisfed.org/graph/fredgraph.csv?id=DTWEXBGS,2026-10-08
dollar_broad,2012-05-23,2012-05-30,93.8855,https://fred.stlouisfed.org/graph/fredgraph.csv?id=DTWEXBGS,2026-10-08
dollar_broad,2012-05-24,2012-05-31,93.8027,https://fred.stlouisfed.org/graph/fredgraph.csv?id=DTWEXBGS,2026-10-08
dollar_broad,2012-05-25,2012-06-01,93.9488,https://fred.stlouisfed.org/graph/fredgraph.csv?id=DTWEXBGS,2026-10-08
dollar_broad,2012-05-29,2012-06-05,93.875,https://fred.stlouisfed.org/graph/fredgraph.csv?id=DTWEXBGS,2026-10-08
dollar_broad,2012-05-30,2012-06-06,94.302,https://fred.stlouisfed.org/graph/fredgraph.csv?id=DTWEXBGS,2026-10-08
dollar_broad,2012-05-31,2012-06-07,94.6856,https://fred.stlouisfed.org/graph/fredgraph.csv?id=DTWEXBGS,2026-10-08
dollar_broad,2012-06-01,2012-06-08,94.6979,https://fred.stlouisfed.org/graph/fredgraph.csv?id=DTWEXBGS,2026-10-08
dollar_broad,2012-06-04,2012-06-11,94.5184,https://fred.stlouisfed.org/graph/fredgraph.csv?id=DTWEXBGS,2026-10-08
dollar_broad,2012-06-05,2012-06-12,94.6184,https://fred.stlouisfed.org/graph/fredgraph.csv?id=DTWEXBGS,2026-10-08
dollar_broad,2012-06-06,2012-06-13,94.0362,https://fred.stlouisfed.org/graph/fredgraph.csv?id=DTWEXBGS,2026-10-08
dollar_broad,2012-06-07,2012-06-14,93.774,https://fred.stlouisfed.org/graph/fredgraph.csv?id=DTWEXBGS,2026-10-08
dollar_broad,2012-06-08,2012-06-15,94.2024,https://fred.stlouisfed.org/graph/fredgraph.csv?id=DTWEXBGS,2026-10-08
dollar_broad,2012-06-11,2012-06-18,94.0369,https://fred.stlouisfed.org/graph/fredgraph.csv?id=DTWEXBGS,2026-10-08
dollar_broad,2012-06-12,2012-06-19,94.0693,https://fred.stlouisfed.org/graph/fredgraph.csv?id=DTWEXBGS,2026-10-08
dollar_broad,2012-06-13,2012-06-20,93.8309,https://fred.stlouisfed.org/graph/fredgraph.csv?id=DTWEXBGS,2026-10-08
dollar_broad,2012-06-14,2012-06-21,93.8152,https://fred.stlouisfed.org/graph/fredgraph.csv?id=DTWEXBGS,2026-10-08
dollar_broad,2012-06-15,2012-06-22,93.5203,https://fred.stlouisfed.org/graph/fredgraph.csv?id=DTWEXBGS,2026-10-08
dollar_broad,2012-06-18,2012-06-25,93.6431,https://fred.stlouisfed.org/graph/fredgraph.csv?id=DTWEXBGS,2026-10-08
dollar_broad,2012-06-19,2012-06-26,93.0524,https://fred.stlouisfed.org/graph/fredgraph.csv?id=DTWEXBGS,2026-10-08
dollar_broad,2012-06-20,2012-06-27,93.1602,https://fred.stlouisfed.org/graph/fredgraph.csv?id=DTWEXBGS,2026-10-08
dollar_broad,2012-06-21,2012-06-28,93.6378,https://fred.stlouisfed.org/graph/fredgraph.csv?id=DTWEXBGS,2026-10-08
dollar_broad,2012-06-22,2012-06-29,93.9205,https://fred.stlouisfed.org/graph/fredgraph.csv?id=DTWEXBGS,2026-10-08
dollar_broad,2012-06-25,2012-07-02,94.1757,https://fred.stlouisfed.org/graph/fredgraph.csv?id=DTWEXBGS,2026-10-08
dollar_broad,2012-06-26,2012-07-03,93.9859,https://fred.stlouisfed.org/graph/fredgraph.csv?id=DTWEXBGS,2026-10-08
dollar_broad,2012-06-27,2012-07-04,93.8728,https://fred.stlouisfed.org/graph/fredgraph.csv?id=DTWEXBGS,2026-10-08
dollar_broad,2012-06-28,2012-07-05,94.0203,https://fred.stlouisfed.org/graph/fredgraph.csv?id=DTWEXBGS,2026-10-08
dollar_broad,2012-06-29,2012-07-06,92.9096,https://fred.stlouisfed.org/graph/fredgraph.csv?id=DTWEXBGS,2026-10-08
dollar_broad,2012-07-02,2012-07-09,92.951,https://fred.stlouisfed.org/graph/fredgraph.csv?id=DTWEXBGS,2026-10-08
dollar_broad,2012-07-03,2012-07-10,92.6508,https://fred.stlouisfed.org/graph/fredgraph.csv?id=DTWEXBGS,2026-10-08
dollar_broad,2012-07-05,2012-07-12,93.2211,https://fred.stlouisfed.org/graph/fredgraph.csv?id=DTWEXBGS,2026-10-08
dollar_broad,2012-07-06,2012-07-13,93.7087,https://fred.stlouisfed.org/graph/fredgraph.csv?id=DTWEXBGS,2026-10-08
dollar_broad,2012-07-09,2012-07-16,93.6974,https://fred.stlouisfed.org/graph/fredgraph.csv?id=DTWEXBGS,2026-10-08
dollar_broad,2012-07-10,2012-07-17,93.5552,https://fred.stlouisfed.org/graph/fredgraph.csv?id=DTWEXBGS,2026-10-08
dollar_broad,2012-07-11,2012-07-18,93.5981,https://fred.stlouisfed.org/graph/fredgraph.csv?id=DTWEXBGS,2026-10-08
dollar_broad,2012-07-12,2012-07-19,93.9298,https://fred.stlouisfed.org/graph/fredgraph.csv?id=DTWEXBGS,2026-10-08
dollar_broad,2012-07-13,2012-07-20,93.5515,https://fred.stlouisfed.org/graph/fredgraph.csv?id=DTWEXBGS,2026-10-08
dollar_broad,2012-07-16,2012-07-23,93.3746,https://fred.stlouisfed.org/graph/fredgraph.csv?id=DTWEXBGS,2026-10-08
dollar_broad,2012-07-17,2012-07-24,93.3479,https://fred.stlouisfed.org/graph/fredgraph.csv?id=DTWEXBGS,2026-10-08
dollar_broad,2012-07-18,2012-07-25,93.0973,https://fred.stlouisfed.org/graph/fredgraph.csv?id=DTWEXBGS,2026-10-08
dollar_broad,2012-07-19,2012-07-26,93.0438,https://fred.stlouisfed.org/graph/fredgraph.csv?id=DTWEXBGS,2026-10-08
dollar_broad,2012-07-20,2012-07-27,93.3653,https://fred.stlouisfed.org/graph/fredgraph.csv?id=DTWEXBGS,2026-10-08
dollar_broad,2012-07-23,2012-07-30,93.9297,https://fred.stlouisfed.org/graph/fredgraph.csv?id=DTWEXBGS,2026-10-08
dollar_broad,2012-07-24,2012-07-31,94.2635,https://fred.stlouisfed.org/graph/fredgraph.csv?id=DTWEXBGS,2026-10-08
dollar_broad,2012-07-25,2012-08-01,94.0564,https://fred.stlouisfed.org/graph/fredgraph.csv?id=DTWEXBGS,2026-10-08
dollar_broad,2012-07-26,2012-08-02,93.3595,https://fred.stlouisfed.org/graph/fredgraph.csv?id=DTWEXBGS,2026-10-08
dollar_broad,2012-07-27,2012-08-03,92.9333,https://fred.stlouisfed.org/graph/fredgraph.csv?id=DTWEXBGS,2026-10-08
dollar_broad,2012-07-30,2012-08-06,93.0524,https://fred.stlouisfed.org/graph/fredgraph.csv?id=DTWEXBGS,2026-10-08
dollar_broad,2012-07-31,2012-08-07,92.8422,https://fred.stlouisfed.org/graph/fredgraph.csv?id=DTWEXBGS,2026-10-08
dollar_broad,2012-08-01,2012-08-08,92.8905,https://fred.stlouisfed.org/graph/fredgraph.csv?id=DTWEXBGS,2026-10-08
dollar_broad,2012-08-02,2012-08-09,93.4269,https://fred.stlouisfed.org/graph/fredgraph.csv?id=DTWEXBGS,2026-10-08
dollar_broad,2012-08-03,2012-08-10,92.6048,https://fred.stlouisfed.org/graph/fredgraph.csv?id=DTWEXBGS,2026-10-08
dollar_broad,2012-08-06,2012-08-13,92.4339,https://fred.stlouisfed.org/graph/fredgraph.csv?id=DTWEXBGS,2026-10-08
dollar_broad,2012-08-07,2012-08-14,92.5128,https://fred.stlouisfed.org/graph/fredgraph.csv?id=DTWEXBGS,2026-10-08
dollar_broad,2012-08-08,2012-08-15,92.5407,https://fred.stlouisfed.org/graph/fredgraph.csv?id=DTWEXBGS,2026-10-08
dollar_broad,2012-08-09,2012-08-16,92.6057,https://fred.stlouisfed.org/graph/fredgraph.csv?id=DTWEXBGS,2026-10-08
dollar_broad,2012-08-10,2012-08-17,92.5129,https://fred.stlouisfed.org/graph/fredgraph.csv?id=DTWEXBGS,2026-10-08
dollar_broad,2012-08-13,2012-08-20,92.5955,https://fred.stlouisfed.org/graph/fredgraph.csv?id=DTWEXBGS,2026-10-08
dollar_broad,2012-08-14,2012-08-21,92.6152,https://fred.stlouisfed.org/graph/fredgraph.csv?id=DTWEXBGS,2026-10-08
dollar_broad,2012-08-15,2012-08-22,92.6838,https://fred.stlouisfed.org/graph/fredgraph.csv?id=DTWEXBGS,2026-10-08
dollar_broad,2012-08-16,2012-08-23,92.5737,https://fred.stlouisfed.org/graph/fredgraph.csv?id=DTWEXBGS,2026-10-08
dollar_broad,2012-08-17,2012-08-24,92.711,https://fred.stlouisfed.org/graph/fredgraph.csv?id=DTWEXBGS,2026-10-08
dollar_broad,2012-08-20,2012-08-27,92.6263,https://fred.stlouisfed.org/graph/fredgraph.csv?id=DTWEXBGS,2026-10-08
dollar_broad,2012-08-21,2012-08-28,92.3053,https://fred.stlouisfed.org/graph/fredgraph.csv?id=DTWEXBGS,2026-10-08
dollar_broad,2012-08-22,2012-08-29,92.4362,https://fred.stlouisfed.org/graph/fredgraph.csv?id=DTWEXBGS,2026-10-08
dollar_broad,2012-08-23,2012-08-30,92.1057,https://fred.stlouisfed.org/graph/fredgraph.csv?id=DTWEXBGS,2026-10-08
dollar_broad,2012-08-24,2012-08-31,92.2785,https://fred.stlouisfed.org/graph/fredgraph.csv?id=DTWEXBGS,2026-10-08
dollar_broad,2012-08-27,2012-09-03,92.3135,https://fred.stlouisfed.org/graph/fredgraph.csv?id=DTWEXBGS,2026-10-08
dollar_broad,2012-08-28,2012-09-04,92.2033,https://fred.stlouisfed.org/graph/fredgraph.csv?id=DTWEXBGS,2026-10-08
dollar_broad,2012-08-29,2012-09-05,92.3823,https://fred.stlouisfed.org/graph/fredgraph.csv?id=DTWEXBGS,2026-10-08
dollar_broad,2012-08-30,2012-09-06,92.6239,https://fred.stlouisfed.org/graph/fredgraph.csv?id=DTWEXBGS,2026-10-08
dollar_broad,2012-08-31,2012-09-07,92.1677,https://fred.stlouisfed.org/graph/fredgraph.csv?id=DTWEXBGS,2026-10-08
dollar_broad,2012-09-04,2012-09-11,92.1582,https://fred.stlouisfed.org/graph/fredgraph.csv?id=DTWEXBGS,2026-10-08
dollar_broad,2012-09-05,2012-09-12,92.1262,https://fred.stlouisfed.org/graph/fredgraph.csv?id=DTWEXBGS,2026-10-08
dollar_broad,2012-09-06,2012-09-13,91.8973,https://fred.stlouisfed.org/graph/fredgraph.csv?id=DTWEXBGS,2026-10-08
dollar_broad,2012-09-07,2012-09-14,91.3469,https://fred.stlouisfed.org/graph/fredgraph.csv?id=DTWEXBGS,2026-10-08
dollar_broad,2012-09-10,2012-09-17,91.3102,https://fred.stlouisfed.org/graph/fredgraph.csv?id=DTWEXBGS,2026-10-08
dollar_broad,2012-09-11,2012-09-18,91.0575,https://fred.stlouisfed.org/graph/fredgraph.csv?id=DTWEXBGS,2026-10-08
dollar_broad,2012-09-12,2012-09-19,91.0477,https://fred.stlouisfed.org/graph/fredgraph.csv?id=DTWEXBGS,2026-10-08
dollar_broad,2012-09-13,2012-09-20,90.9632,https://fred.stlouisfed.org/graph/fredgraph.csv?id=DTWEXBGS,2026-10-08
dollar_broad,2012-09-14,2012-09-21,90.1436,https://fred.stlouisfed.org/graph/fredgraph.csv?id=DTWEXBGS,2026-10-08
dollar_broad,2012-09-17,2012-09-24,90.2837,https://fred.stlouisfed.org/graph/fredgraph.csv?id=DTWEXBGS,2026-10-08
dollar_broad,2012-09-18,2012-09-25,90.5029,https://fred.stlouisfed.org/graph/fredgraph.csv?id=DTWEXBGS,2026-10-08
dollar_broad,2012-09-19,2012-09-26,90.4646,https://fred.stlouisfed.org/graph/fredgraph.csv?id=DTWEXBGS,2026-10-08
dollar_broad,2012-09-20,2012-09-27,90.7631,https://fred.stlouisfed.org/graph/fredgraph.csv?id=DTWEXBGS,2026-10-08
dollar_broad,2012-09-21,2012-09-28,90.5342,https://fred.stlouisfed.org/graph/fredgraph.csv?id=DTWEXBGS,2026-10-08
dollar_broad,2012-09-24,2012-10-01,90.8263,https://fred.stlouisfed.org/graph/fredgraph.csv?id=DTWEXBGS,2026-10-08
dollar_broad,2012-09-25,2012-10-02,90.6074,https://fred.stlouisfed.org/graph/fredgraph.csv?id=DTWEXBGS,2026-10-08
dollar_broad,2012-09-26,2012-10-03,91.0028,https://fred.stlouisfed.org/graph/fredgraph.csv?id=DTWEXBGS,2026-10-08
dollar_broad,2012-09-27,2012-10-04,90.7538,https://fred.stlouisfed.org/graph/fredgraph.csv?id=DTWEXBGS,2026-10-08
dollar_broad,2012-09-28,2012-10-05,90.8342,https://fred.stlouisfed.org/graph/fredgraph.csv?id=DTWEXBGS,2026-10-08
dollar_broad,2012-10-01,2012-10-08,90.7011,https://fred.stlouisfed.org/graph/fredgraph.csv?id=DTWEXBGS,2026-10-08
dollar_broad,2012-10-02,2012-10-09,90.644,https://fred.stlouisfed.org/graph/fredgraph.csv?id=DTWEXBGS,2026-10-08
dollar_broad,2012-10-03,2012-10-10,90.8726,https://fred.stlouisfed.org/graph/fredgraph.csv?id=DTWEXBGS,2026-10-08
dollar_broad,2012-10-04,2012-10-11,90.4932,https://fred.stlouisfed.org/graph/fredgraph.csv?id=DTWEXBGS,2026-10-08
dollar_broad,2012-10-05,2012-10-12,90.2851,https://fred.stlouisfed.org/graph/fredgraph.csv?id=DTWEXBGS,2026-10-08
dollar_broad,2012-10-09,2012-10-16,90.8703,https://fred.stlouisfed.org/graph/fredgraph.csv?id=DTWEXBGS,2026-10-08
dollar_broad,2012-10-10,2012-10-17,90.883,https://fred.stlouisfed.org/graph/fredgraph.csv?id=DTWEXBGS,2026-10-08
dollar_broad,2012-10-11,2012-10-18,90.7437,https://fred.stlouisfed.org/graph/fredgraph.csv?id=DTWEXBGS,2026-10-08
dollar_broad,2012-10-12,2012-10-19,90.6833,https://fred.stlouisfed.org/graph/fredgraph.csv?id=DTWEXBGS,2026-10-08
dollar_broad,2012-10-15,2012-10-22,90.6409,https://fred.stlouisfed.org/graph/fredgraph.csv?id=DTWEXBGS,2026-10-08
dollar_broad,2012-10-16,2012-10-23,90.5583,https://fred.stlouisfed.org/graph/fredgraph.csv?id=DTWEXBGS,2026-10-08
dollar_broad,2012-10-17,2012-10-24,90.2309,https://fred.stlouisfed.org/graph/fredgraph.csv?id=DTWEXBGS,2026-10-08
dollar_broad,2012-10-18,2012-10-25,90.3804,https://fred.stlouisfed.org/graph/fredgraph.csv?id=DTWEXBGS,2026-10-08
dollar_broad,2012-10-19,2012-10-26,90.8107,https://fred.stlouisfed.org/graph/fredgraph.csv?id=DTWEXBGS,2026-10-08
dollar_broad,2012-10-22,2012-10-29,90.7911,https://fred.stlouisfed.org/graph/fredgraph.csv?id=DTWEXBGS,2026-10-08
dollar_broad,2012-10-23,2012-10-30,91.0945,https://fred.stlouisfed.org/graph/fredgraph.csv?id=DTWEXBGS,2026-10-08
dollar_broad,2012-10-24,2012-10-31,91.1275,https://fred.stlouisfed.org/graph/fredgraph.csv?id=DTWEXBGS,2026-10-08
dollar_broad,2012-10-25,2012-11-01,91.02,https://fred.stlouisfed.org/graph/fredgraph.csv?id=DTWEXBGS,2026-10-08
dollar_broad,2012-10-26,2012-11-02,91.1411,https://fred.stlouisfed.org/graph/fredgraph.csv?id=DTWEXBGS,2026-10-08
dollar_broad,2012-10-31,2012-11-07,91.1609,https://fred.stlouisfed.org/graph/fredgraph.csv?id=DTWEXBGS,2026-10-08
dollar_broad,2012-11-01,2012-11-08,91.1217,https://fred.stlouisfed.org/graph/fredgraph.csv?id=DTWEXBGS,2026-10-08
dollar_broad,2012-11-02,2012-11-09,91.281,https://fred.stlouisfed.org/graph/fredgraph.csv?id=DTWEXBGS,2026-10-08
dollar_broad,2012-11-05,2012-11-12,91.4778,https://fred.stlouisfed.org/graph/fredgraph.csv?id=DTWEXBGS,2026-10-08
dollar_broad,2012-11-06,2012-11-13,91.2908,https://fred.stlouisfed.org/graph/fredgraph.csv?id=DTWEXBGS,2026-10-08
dollar_broad,2012-11-07,2012-11-14,91.4514,https://fred.stlouisfed.org/graph/fredgraph.csv?id=DTWEXBGS,2026-10-08
dollar_broad,2012-11-08,2012-11-15,91.5375,https://fred.stlouisfed.org/graph/fredgraph.csv?id=DTWEXBGS,2026-10-08
dollar_broad,2012-11-09,2012-11-16,91.6871,https://fred.stlouisfed.org/graph/fredgraph.csv?id=DTWEXBGS,2026-10-08
dollar_broad,2012-11-13,2012-11-20,91.7356,https://fred.stlouisfed.org/graph/fredgraph.csv?id=DTWEXBGS,2026-10-08
dollar_broad,2012-11-14,2012-11-21,91.7942,https://fred.stlouisfed.org/graph/fredgraph.csv?id=DTWEXBGS,2026-10-08
dollar_broad,2012-11-15,2012-11-22,91.8837,https://fred.stlouisfed.org/graph/fredgraph.csv?id=DTWEXBGS,2026-10-08
dollar_broad,2012-11-16,2012-11-23,92.0095,https://fred.stlouisfed.org/graph/fredgraph.csv?id=DTWEXBGS,2026-10-08
dollar_broad,2012-11-19,2012-11-26,91.5653,https://fred.stlouisfed.org/graph/fredgraph.csv?id=DTWEXBGS,2026-10-08
dollar_broad,2012-11-20,2012-11-27,91.556,https://fred.stlouisfed.org/graph/fredgraph.csv?id=DTWEXBGS,2026-10-08
dollar_broad,2012-11-21,2012-11-28,91.6645,https://fred.stlouisfed.org/graph/fredgraph.csv?id=DTWEXBGS,2026-10-08
dollar_broad,2012-11-23,2012-11-30,91.2616,https://fred.stlouisfed.org/graph/fredgraph.csv?id=DTWEXBGS,2026-10-08
dollar_broad,2012-11-26,2012-12-03,91.2789,https://fred.stlouisfed.org/graph/fredgraph.csv?id=DTWEXBGS,2026-10-08
dollar_broad,2012-11-27,2012-12-04,91.2608,https://fred.stlouisfed.org/graph/fredgraph.csv?id=DTWEXBGS,2026-10-08
dollar_broad,2012-11-28,2012-12-05,91.33,https://fred.stlouisfed.org/graph/fredgraph.csv?id=DTWEXBGS,2026-10-08
dollar_broad,2012-11-29,2012-12-06,91.2104,https://fred.stlouisfed.org/graph/fredgraph.csv?id=DTWEXBGS,2026-10-08
dollar_broad,2012-11-30,2012-12-07,91.1038,https://fred.stlouisfed.org/graph/fredgraph.csv?id=DTWEXBGS,2026-10-08
dollar_broad,2012-12-03,2012-12-10,91.0084,https://fred.stlouisfed.org/graph/fredgraph.csv?id=DTWEXBGS,2026-10-08
dollar_broad,2012-12-04,2012-12-11,90.9748,https://fred.stlouisfed.org/graph/fredgraph.csv?id=DTWEXBGS,2026-10-08
dollar_broad,2012-12-05,2012-12-12,90.9423,https://fred.stlouisfed.org/graph/fredgraph.csv?id=DTWEXBGS,2026-10-08
dollar_broad,2012-12-06,2012-12-13,91.0629,https://fred.stlouisfed.org/graph/fredgraph.csv?id=DTWEXBGS,2026-10-08
dollar_broad,2012-12-07,2012-12-14,91.0437,https://fred.stlouisfed.org/graph/fredgraph.csv?id=DTWEXBGS,2026-10-08
dollar_broad,2012-12-10,2012-12-17,90.9631,https://fred.stlouisfed.org/graph/fredgraph.csv?id=DTWEXBGS,2026-10-08
dollar_broad,2012-12-11,2012-12-18,90.8403,https://fred.stlouisfed.org/graph/fredgraph.csv?id=DTWEXBGS,2026-10-08
dollar_broad,2012-12-12,2012-12-19,90.7708,https://fred.stlouisfed.org/graph/fredgraph.csv?id=DTWEXBGS,2026-10-08
dollar_broad,2012-12-13,2012-12-20,90.776,https://fred.stlouisfed.org/graph/fredgraph.csv?id=DTWEXBGS,2026-10-08
dollar_broad,2012-12-14,2012-12-21,90.7156,https://fred.stlouisfed.org/graph/fredgraph.csv?id=DTWEXBGS,2026-10-08
dollar_broad,2012-12-17,2012-12-24,90.6193,https://fred.stlouisfed.org/graph/fredgraph.csv?id=DTWEXBGS,2026-10-08
dollar_broad,2012-12-18,2012-12-25,90.5161,https://fred.stlouisfed.org/graph/fredgraph.csv?id=DTWEXBGS,2026-10-08
dollar_broad,2012-12-19,2012-12-26,90.4896,https://fred.stlouisfed.org/graph/fredgraph.csv?id=DTWEXBGS,2026-10-08
dollar_broad,2012-12-20,2012-12-27,90.6002,https://fred.stlouisfed.org/graph/fredgraph.csv?id=DTWEXBGS,2026-10-08
dollar_broad,2012-12-21,2012-12-28,90.9597,https://fred.stlouisfed.org/graph/fredgraph.csv?id=DTWEXBGS,2026-10-08
dollar_broad,2012-12-24,2012-12-31,91.0354,https://fred.stlouisfed.org/graph/fredgraph.csv?id=DTWEXBGS,2026-10-08
dollar_broad,2012-12-26,2013-01-02,91.0606,https://fred.stlouisfed.org/graph/fredgraph.csv?id=DTWEXBGS,2026-10-08
dollar_broad,2012-12-27,2013-01-03,91.1037,https://fred.stlouisfed.org/graph/fredgraph.csv?id=DTWEXBGS,2026-10-08
dollar_broad,2012-12-28,2013-01-04,91.0419,https://fred.stlouisfed.org/graph/fredgraph.csv?id=DTWEXBGS,2026-10-08
dollar_broad,2012-12-31,2013-01-07,91.0834,https://fred.stlouisfed.org/graph/fredgraph.csv?id=DTWEXBGS,2026-10-08
dollar_broad,2013-01-02,2013-01-09,90.6941,https://fred.stlouisfed.org/graph/fredgraph.csv?id=DTWEXBGS,2026-10-08
dollar_broad,2013-01-03,2013-01-10,90.8097,https://fred.stlouisfed.org/graph/fredgraph.csv?id=DTWEXBGS,2026-10-08
dollar_broad,2013-01-04,2013-01-11,91.1025,https://fred.stlouisfed.org/graph/fredgraph.csv?id=DTWEXBGS,2026-10-08
dollar_broad,2013-01-07,2013-01-14,90.9852,https://fred.stlouisfed.org/graph/fredgraph.csv?id=DTWEXBGS,2026-10-08
dollar_broad,2013-01-08,2013-01-15,91.057,https://fred.stlouisfed.org/graph/fredgraph.csv?id=DTWEXBGS,2026-10-08
dollar_broad,2013-01-09,2013-01-16,91.0088,https://fred.stlouisfed.org/graph/fredgraph.csv?id=DTWEXBGS,2026-10-08
dollar_broad,2013-01-10,2013-01-17,90.6425,https://fred.stlouisfed.org/graph/fredgraph.csv?id=DTWEXBGS,2026-10-08
dollar_broad,2013-01-11,2013-01-18,90.5352,https://fred.stlouisfed.org/graph/fredgraph.csv?id=DTWEXBGS,2026-10-08
dollar_broad,2013-01-14,2013-01-21,90.4935,https://fred.stlouisfed.org/graph/fredgraph.csv?id=DTWEXBGS,2026-10-08
dollar_broad,2013-01-15,2013-01-22,90.5191,https://fred.stlouisfed.org/graph/fredgraph.csv?id=DTWEXBGS,2026-10-08
dollar_broad,2013-01-16,2013-01-23,90.596,https://fred.stlouisfed.org/graph/fredgraph.csv?id=DTWEXBGS,2026-10-08
dollar_broad,2013-01-17,2013-01-24,90.5401,https://fred.stlouisfed.org/graph/fredgraph.csv?id=DTWEXBGS,2026-10-08
dollar_broad,2013-01-18,2013-01-25,90.8697,https://fred.stlouisfed.org/graph/fredgraph.csv?id=DTWEXBGS,2026-10-08
dollar_broad,2013-01-22,2013-01-29,90.7892,https://fred.stlouisfed.org/graph/fredgraph.csv?id=DTWEXBGS,2026-10-08
dollar_broad,2013-01-23,2013-01-30,90.8376,https://fred.stlouisfed.org/graph/fredgraph.csv?id=DTWEXBGS,2026-10-08
dollar_broad,2013-01-24,2013-01-31,90.9112,https://fred.stlouisfed.org/graph/fredgraph.csv?id=DTWEXBGS,2026-10-08
dollar_broad,2013-01-25,2013-02-01,91.0868,https://fred.stlouisfed.org/graph/fredgraph.csv?id=DTWEXBGS,2026-10-08
dollar_broad,2013-01-28,2013-02-04,91.2354,https://fred.stlouisfed.org/graph/fredgraph.csv?id=DTWEXBGS,2026-10-08
dollar_broad,2013-01-29,2013-02-05,90.9406,https://fred.stlouisfed.org/graph/fredgraph.csv?id=DTWEXBGS,2026-10-08
dollar_broad,2013-01-30,2013-02-06,90.8836,https://fred.stlouisfed.org/graph/fredgraph.csv?id=DTWEXBGS,2026-10-08
dollar_broad,2013-01-31,2013-02-07,90.798,https://fred.stlouisfed.org/graph/fredgraph.csv?id=DTWEXBGS,2026-10-08
dollar_broad,2013-02-01,2013-02-08,90.6923,https://fred.stlouisfed.org/graph/fredgraph.csv?id=DTWEXBGS,2026-10-08
dollar_broad,2013-02-04,2013-02-11,90.9774,https://fred.stlouisfed.org/graph/fredgraph.csv?id=DTWEXBGS,2026-10-08
dollar_broad,2013-02-05,2013-02-12,90.881,https://fred.stlouisfed.org/graph/fredgraph.csv?id=DTWEXBGS,2026-10-08
dollar_broad,2013-02-06,2013-02-13,91.0176,https://fred.stlouisfed.org/graph/fredgraph.csv?id=DTWEXBGS,2026-10-08
dollar_broad,2013-02-07,2013-02-14,91.2912,https://fred.stlouisfed.org/graph/fredgraph.csv?id=DTWEXBGS,2026-10-08
dollar_broad,2013-02-08,2013-02-15,91.3056,https://fred.stlouisfed.org/graph/fredgraph.csv?id=DTWEXBGS,2026-10-08
dollar_broad,2013-02-11,2013-02-18,91.4451,https://fred.stlouisfed.org/graph/fredgraph.csv?id=DTWEXBGS,2026-10-08
dollar_broad,2013-02-12,2013-02-19,91.2779,https://fred.stlouisfed.org/graph/fredgraph.csv?id=DTWEXBGS,2026-10-08
dollar_broad,2013-02-13,2013-02-20,91.2709,https://fred.stlouisfed.org/graph/fredgraph.csv?id=DTWEXBGS,2026-10-08
dollar_broad,2013-02-14,2013-02-21,91.366,https://fred.stlouisfed.org/graph/fredgraph.csv?id=DTWEXBGS,2026-10-08
dollar_broad,2013-02-15,2013-02-22,91.4551,https://fred.stlouisfed.org/graph/fredgraph.csv?id=DTWEXBGS,2026-10-08
dollar_broad,2013-02-19,2013-02-26,91.5073,https://fred.stlouisfed.org/graph/fredgraph.csv?id=DTWEXBGS,2026-10-08
dollar_broad,2013-02-20,2013-02-27,91.6689,https://fred.stlouisfed.org/graph/fredgraph.csv?id=DTWEXBGS,2026-10-08
dollar_broad,2013-02-21,2013-02-28,92.0394,https://fred.stlouisfed.org/graph/fredgraph.csv?id=DTWEXBGS,2026-10-08
dollar_broad,2013-02-22,2013-03-01,92.1197,https://fred.stlouisfed.org/graph/fredgraph.csv?id=DTWEXBGS,2026-10-08
dollar_broad,2013-02-25,2013-03-04,92.1975,https://fred.stlouisfed.org/graph/fredgraph.csv?id=DTWEXBGS,2026-10-08
dollar_broad,2013-02-26,2013-03-05,92.4247,https://fred.stlouisfed.org/graph/fredgraph.csv?id=DTWEXBGS,2026-10-08
dollar_broad,2013-02-27,2013-03-06,92.234,https://fred.stlouisfed.org/graph/fredgraph.csv?id=DTWEXBGS,2026-10-08
dollar_broad,2013-02-28,2013-03-07,92.295,https://fred.stlouisfed.org/graph/fredgraph.csv?id=DTWEXBGS,2026-10-08
dollar_broad,2013-03-01,2013-03-08,92.6177,https://fred.stlouisfed.org/graph/fredgraph.csv?id=DTWEXBGS,2026-10-08
dollar_broad,2013-03-04,2013-03-11,92.6316,https://fred.stlouisfed.org/graph/fredgraph.csv?id=DTWEXBGS,2026-10-08
dollar_broad,2013-03-05,2013-03-12,92.4965,https://fred.stlouisfed.org/graph/fredgraph.csv?id=DTWEXBGS,2026-10-08
dollar_broad,2013-03-07,2013-03-14,92.5462,https://fred.stlouisfed.org/graph/fredgraph.csv?id=DTWEXBGS,2026-10-08
dollar_broad,2013-03-08,2013-03-15,92.6252,https://fred.stlouisfed.org/graph/fredgraph.csv?id=DTWEXBGS,2026-10-08
dollar_broad,2013-03-11,2013-03-18,92.5351,https://fred.stlouisfed.org/graph/fredgraph.csv?id=DTWEXBGS,2026-10-08
dollar_broad,2013-03-12,2013-03-19,92.3853,https://fred.stlouisfed.org/graph/fredgraph.csv?id=DTWEXBGS,2026-10-08
dollar_broad,2013-03-13,2013-03-20,92.4709,https://fred.stlouisfed.org/graph/fredgraph.csv?id=DTWEXBGS,2026-10-08
dollar_broad,2013-03-14,2013-03-21,92.4695,https://fred.stlouisfed.org/graph/fredgraph.csv?id=DTWEXBGS,2026-10-08
dollar_broad,2013-03-15,2013-03-22,92.128,https://fred.stlouisfed.org/graph/fredgraph.csv?id=DTWEXBGS,2026-10-08
dollar_broad,2013-03-18,2013-03-25,92.3377,https://fred.stlouisfed.org/graph/fredgraph.csv?id=DTWEXBGS,2026-10-08
dollar_broad,2013-03-19,2013-03-26,92.526,https://fred.stlouisfed.org/graph/fredgraph.csv?id=DTWEXBGS,2026-10-08
dollar_broad,2013-03-20,2013-03-27,92.4141,https://fred.stlouisfed.org/graph/fredgraph.csv?id=DTWEXBGS,2026-10-08
dollar_broad,2013-03-21,2013-03-28,92.3322,https://fred.stlouisfed.org/graph/fredgraph.csv?id=DTWEXBGS,2026-10-08
dollar_broad,2013-03-22,2013-03-29,92.2051,https://fred.stlouisfed.org/graph/fredgraph.csv?id=DTWEXBGS,2026-10-08
dollar_broad,2013-03-25,2013-04-01,92.3081,https://fred.stlouisfed.org/graph/fredgraph.csv?id=DTWEXBGS,2026-10-08
dollar_broad,2013-03-26,2013-04-02,92.232,https://fred.stlouisfed.org/graph/fredgraph.csv?id=DTWEXBGS,2026-10-08
dollar_broad,2013-03-27,2013-04-03,92.446,https://fred.stlouisfed.org/graph/fredgraph.csv?id=DTWEXBGS,2026-10-08
dollar_broad,2013-03-28,2013-04-04,92.2544,https://fred.stlouisfed.org/graph/fredgraph.csv?id=DTWEXBGS,2026-10-08
dollar_broad,2013-03-29,2013-04-05,92.302,https://fred.stlouisfed.org/graph/fredgraph.csv?id=DTWEXBGS,2026-10-08
dollar_broad,2013-04-01,2013-04-08,92.1687,https://fred.stlouisfed.org/graph/fredgraph.csv?id=DTWEXBGS,2026-10-08
dollar_broad,2013-04-02,2013-04-09,92.1432,https://fred.stlouisfed.org/graph/fredgraph.csv?id=DTWEXBGS,2026-10-08
dollar_broad,2013-04-03,2013-04-10,92.104,https://fred.stlouisfed.org/graph/fredgraph.csv?id=DTWEXBGS,2026-10-08
dollar_broad,2013-04-04,2013-04-11,92.3896,https://fred.stlouisfed.org/graph/fredgraph.csv?id=DTWEXBGS,2026-10-08
dollar_broad,2013-04-05,2013-04-12,92.1043,https://fred.stlouisfed.org/graph/fredgraph.csv?id=DTWEXBGS,2026-10-08
dollar_broad,2013-04-08,2013-04-15,92.2317,https://fred.stlouisfed.org/graph/fredgraph.csv?id=DTWEXBGS,2026-10-08
dollar_broad,2013-04-09,2013-04-16,91.9669,https://fred.stlouisfed.org/graph/fredgraph.csv?id=DTWEXBGS,2026-10-08
dollar_broad,2013-04-10,2013-04-17,91.9598,https://fred.stlouisfed.org/graph/fredgraph.csv?id=DTWEXBGS,2026-10-08
dollar_broad,2013-04-11,2013-04-18,91.6972,https://fred.stlouisfed.org/graph/fredgraph.csv?id=DTWEXBGS,2026-10-08
dollar_broad,2013-04-12,2013-04-19,91.7967,https://fred.stlouisfed.org/graph/fredgraph.csv?id=DTWEXBGS,2026-10-08
dollar_broad,2013-04-15,2013-04-22,91.9457,https://fred.stlouisfed.org/graph/fredgraph.csv?id=DTWEXBGS,2026-10-08
dollar_broad,2013-04-16,2013-04-23,91.8451,https://fred.stlouisfed.org/graph/fredgraph.csv?id=DTWEXBGS,2026-10-08
dollar_broad,2013-04-17,2013-04-24,92.1372,https://fred.stlouisfed.org/graph/fredgraph.csv?id=DTWEXBGS,2026-10-08
dollar_broad,2013-04-18,2013-04-25,92.176,https://fred.stlouisfed.org/graph/fredgraph.csv?id=DTWEXBGS,2026-10-08
dollar_broad,2013-04-19,2013-04-26,92.2166,https://fred.stlouisfed.org/graph/fredgraph.csv?id=DTWEXBGS,2026-10-08
dollar_broad,2013-04-22,2013-04-29,92.3591,https://fred.stlouisfed.org/graph/fredgraph.csv?id=DTWEXBGS,2026-10-08
dollar_broad,2013-04-23,2013-04-30,92.3836,https://fred.stlouisfed.org/graph/fredgraph.csv?id=DTWEXBGS,2026-10-08
dollar_broad,2013-04-24,2013-05-01,92.4581,https://fred.stlouisfed.org/graph/fredgraph.csv?id=DTWEXBGS,2026-10-08
dollar_broad,2013-04-25,2013-05-02,92.0394,https://fred.stlouisfed.org/graph/fredgraph.csv?id=DTWEXBGS,2026-10-08
dollar_broad,2013-04-26,2013-05-03,91.9012,https://fred.stlouisfed.org/graph/fredgraph.csv?id=DTWEXBGS,2026-10-08
dollar_broad,2013-04-29,2013-05-06,91.6539,https://fred.stlouisfed.org/graph/fredgraph.csv?id=DTWEXBGS,2026-10-08
dollar_broad,2013-04-30,2013-05-07,91.3741,https://fred.stlouisfed.org/graph/fredgraph.csv?id=DTWEXBGS,2026-10-08
dollar_broad,2013-05-01,2013-05-08,91.4331,https://fred.stlouisfed.org/graph/fredgraph.csv?id=DTWEXBGS,2026-10-08
dollar_broad,2013-05-02,2013-05-09,91.6174,https://fred.stlouisfed.org/graph/fredgraph.csv?id=DTWEXBGS,2026-10-08
dollar_broad,2013-05-03,2013-05-10,91.5087,https://fred.stlouisfed.org/graph/fredgraph.csv?id=DTWEXBGS,2026-10-08
dollar_broad,2013-05-06,2013-05-13,91.6387,https://fred.stlouisfed.org/graph/fredgraph.csv?id=DTWEXBGS,2026-10-08
dollar_broad,2013-05-07,2013-05-14,91.5201,https://fred.stlouisfed.org/graph/fredgraph.csv?id=DTWEXBGS,2026-10-08
dollar_broad,2013-05-08,2013-05-15,91.1848,https://fred.stlouisfed.org/graph/fredgraph.csv?id=DTWEXBGS,2026-10-08
dollar_broad,2013-05-09,2013-05-16,91.3036,https://fred.stlouisfed.org/graph/fredgraph.csv?id=DTWEXBGS,2026-10-08
dollar_broad,2013-05-10,2013-05-17,92.2527,https://fred.stlouisfed.org/graph/fredgraph.csv?id=DTWEXBGS,2026-10-08
dollar_broad,2013-05-13,2013-05-20,92.2711,https://fred.stlouisfed.org/graph/fredgraph.csv?id=DTWEXBGS,2026-10-08
dollar_broad,2013-05-14,2013-05-21,92.3697,https://fred.stlouisfed.org/graph/fredgraph.csv?id=DTWEXBGS,2026-10-08
dollar_broad,2013-05-15,2013-05-22,92.7691,https://fred.stlouisfed.org/graph/fredgraph.csv?id=DTWEXBGS,2026-10-08
dollar_broad,2013-05-16,2013-05-23,92.6602,https://fred.stlouisfed.org/graph/fredgraph.csv?id=DTWEXBGS,2026-10-08
dollar_broad,2013-05-17,2013-05-24,93.1617,https://fred.stlouisfed.org/graph/fredgraph.csv?id=DTWEXBGS,2026-10-08
dollar_broad,2013-05-20,2013-05-27,93.0359,https://fred.stlouisfed.org/graph/fredgraph.csv?id=DTWEXBGS,2026-10-08
dollar_broad,2013-05-21,2013-05-28,92.9662,https://fred.stlouisfed.org/graph/fredgraph.csv?id=DTWEXBGS,2026-10-08
dollar_broad,2013-05-22,2013-05-29,93.3104,https://fred.stlouisfed.org/graph/fredgraph.csv?id=DTWEXBGS,2026-10-08
dollar_broad,2013-05-23,2013-05-30,93.2113,https://fred.stlouisfed.org/graph/fredgraph.csv?id=DTWEXBGS,2026-10-08
dollar_broad,2013-05-24,2013-05-31,93.2768,https://fred.stlouisfed.org/graph/fredgraph.csv?id=DTWEXBGS,2026-10-08
dollar_broad,2013-05-28,2013-06-04,93.5853,https://fred.stlouisfed.org/graph/fredgraph.csv?id=DTWEXBGS,2026-10-08
dollar_broad,2013-05-29,2013-06-05,93.531,https://fred.stlouisfed.org/graph/fredgraph.csv?id=DTWEXBGS,2026-10-08
dollar_broad,2013-05-30,2013-06-06,93.4219,https://fred.stlouisfed.org/graph/fredgraph.csv?id=DTWEXBGS,2026-10-08
dollar_broad,2013-05-31,2013-06-07,93.6076,https://fred.stlouisfed.org/graph/fredgraph.csv?id=DTWEXBGS,2026-10-08
dollar_broad,2013-06-03,2013-06-10,93.163,https://fred.stlouisfed.org/graph/fredgraph.csv?id=DTWEXBGS,2026-10-08
dollar_broad,2013-06-04,2013-06-11,93.3067,https://fred.stlouisfed.org/graph/fredgraph.csv?id=DTWEXBGS,2026-10-08
dollar_broad,2013-06-05,2013-06-12,93.275,https://fred.stlouisfed.org/graph/fredgraph.csv?id=DTWEXBGS,2026-10-08
dollar_broad,2013-06-06,2013-06-13,92.809,https://fred.stlouisfed.org/graph/fredgraph.csv?id=DTWEXBGS,2026-10-08
dollar_broad,2013-06-07,2013-06-14,92.6056,https://fred.stlouisfed.org/graph/fredgraph.csv?id=DTWEXBGS,2026-10-08
dollar_broad,2013-06-10,2013-06-17,92.973,https://fred.stlouisfed.org/graph/fredgraph.csv?id=DTWEXBGS,2026-10-08
dollar_broad,2013-06-11,2013-06-18,92.7996,https://fred.stlouisfed.org/graph/fredgraph.csv?id=DTWEXBGS,2026-10-08
dollar_broad,2013-06-12,2013-06-19,92.4775,https://fred.stlouisfed.org/graph/fredgraph.csv?id=DTWEXBGS,2026-10-08
dollar_broad,2013-06-13,2013-06-20,92.3449,https://fred.stlouisfed.org/graph/fredgraph.csv?id=DTWEXBGS,2026-10-08
dollar_broad,2013-06-14,2013-06-21,92.1886,https://fred.stlouisfed.org/graph/fredgraph.csv?id=DTWEXBGS,2026-10-08
dollar_broad,2013-06-17,2013-06-24,92.3332,https://fred.stlouisfed.org/graph/fredgraph.csv?id=DTWEXBGS,2026-10-08
dollar_broad,2013-06-18,2013-06-25,92.5432,https://fred.stlouisfed.org/graph/fredgraph.csv?id=DTWEXBGS,2026-10-08
dollar_broad,2013-06-19,2013-06-26,92.4755,https://fred.stlouisfed.org/graph/fredgraph.csv?id=DTWEXBGS,2026-10-08
dollar_broad,2013-06-20,2013-06-27,94.125,https://fred.stlouisfed.org/graph/fredgraph.csv?id=DTWEXBGS,2026-10-08
dollar_broad,2013-06-21,2013-06-28,94.4243,https://fred.stlouisfed.org/graph/fredgraph.csv?id=DTWEXBGS,2026-10-08
dollar_broad,2013-06-24,2013-07-01,94.5714,https://fred.stlouisfed.org/graph/fredgraph.csv?id=DTWEXBGS,2026-10-08
dollar_broad,2013-06-25,2013-07-02,94.3285,https://fred.stlouisfed.org/graph/fredgraph.csv?id=DTWEXBGS,2026-10-08
dollar_broad,2013-06-26,2013-07-03,94.3807,https://fred.stlouisfed.org/graph/fredgraph.csv?id=DTWEXBGS,2026-10-08
dollar_broad,2013-06-27,2013-07-04,94.2429,https://fred.stlouisfed.org/graph/fredgraph.csv?id=DTWEXBGS,2026-10-08
dollar_broad,2013-06-28,2013-07-05,94.3047,https://fred.stlouisfed.org/graph/fredgraph.csv?id=DTWEXBGS,2026-10-08
dollar_broad,2013-07-01,2013-07-08,94.0998,https://fred.stlouisfed.org/graph/fredgraph.csv?id=DTWEXBGS,2026-10-08
dollar_broad,2013-07-02,2013-07-09,94.4051,https://fred.stlouisfed.org/graph/fredgraph.csv?id=DTWEXBGS,2026-10-08
dollar_broad,2013-07-03,2013-07-10,94.4767,https://fred.stlouisfed.org/graph/fredgraph.csv?id=DTWEXBGS,2026-10-08
dollar_broad,2013-07-05,2013-07-12,95.0639,https://fred.stlouisfed.org/graph/fredgraph.csv?id=DTWEXBGS,2026-10-08
dollar_broad,2013-07-08,2013-07-15,94.9954,https://fred.stlouisfed.org/graph/fredgraph.csv?id=DTWEXBGS,2026-10-08
dollar_broad,2013-07-09,2013-07-16,94.9467,https://fred.stlouisfed.org/graph/fredgraph.csv?id=DTWEXBGS,2026-10-08
dollar_broad,2013-07-10,2013-07-17,94.7595,https://fred.stlouisfed.org/graph/fredgraph.csv?id=DTWEXBGS,2026-10-08
dollar_broad,2013-07-11,2013-07-18,93.949,https://fred.stlouisfed.org/graph/fredgraph.csv?id=DTWEXBGS,2026-10-08
dollar_broad,2013-07-12,2013-07-19,94.0029,https://fred.stlouisfed.org/graph/fredgraph.csv?id=DTWEXBGS,2026-10-08
dollar_broad,2013-07-15,2013-07-22,93.9729,https://fred.stlouisfed.org/graph/fredgraph.csv?id=DTWEXBGS,2026-10-08
dollar_broad,2013-07-16,2013-07-23,93.5232,https://fred.stlouisfed.org/graph/fredgraph.csv?id=DTWEXBGS,2026-10-08
dollar_broad,2013-07-17,2013-07-24,93.5498,https://fred.stlouisfed.org/graph/fredgraph.csv?id=DTWEXBGS,2026-10-08
dollar_broad,2013-07-18,2013-07-25,93.681,https://fred.stlouisfed.org/graph/fredgraph.csv?id=DTWEXBGS,2026-10-08
dollar_broad,2013-07-19,2013-07-26,93.4759,https://fred.stlouisfed.org/graph/fredgraph.csv?id=DTWEXBGS,2026-10-08
dollar_broad,2013-07-22,2013-07-29,93.2253,https://fred.stlouisfed.org/graph/fredgraph.csv?id=DTWEXBGS,2026-10-08
dollar_broad,2013-07-23,2013-07-30,93.1631,https://fred.stlouisfed.org/graph/fredgraph.csv?id=DTWEXBGS,2026-10-08
dollar_broad,2013-07-24,2013-07-31,93.3124,https://fred.stlouisfed.org/graph/fredgraph.csv?id=DTWEXBGS,2026-10-08
dollar_broad,2013-07-25,2013-08-01,93.2862,https://fred.stlouisfed.org/graph/fredgraph.csv?id=DTWEXBGS,2026-10-08
dollar_broad,2013-07-26,2013-08-02,93.1695,https://fred.stlouisfed.org/graph/fredgraph.csv?id=DTWEXBGS,2026-10-08
dollar_broad,2013-07-29,2013-08-05,93.1663,https://fred.stlouisfed.org/graph/fredgraph.csv?id=DTWEXBGS,2026-10-08
dollar_broad,2013-07-30,2013-08-06,93.3976,https://fred.stlouisfed.org/graph/fredgraph.csv?id=DTWEXBGS,2026-10-08
dollar_broad,2013-07-31,2013-08-07,93.5703,https://fred.stlouisfed.org/graph/fredgraph.csv?id=DTWEXBGS,2026-10-08
dollar_broad,2013-08-01,2013-08-08,93.7972,https://fred.stlouisfed.org/graph/fredgraph.csv?id=DTWEXBGS,2026-10-08
dollar_broad,2013-08-02,2013-08-09,93.5789,https://fred.stlouisfed.org/graph/fredgraph.csv?id=DTWEXBGS,2026-10-08
dollar_broad,2013-08-05,2013-08-12,93.507,https://fred.stlouisfed.org/graph/fredgraph.csv?id=DTWEXBGS,2026-10-08
dollar_broad,2013-08-06,2013-08-13,93.3199,https://fred.stlouisfed.org/graph/fredgraph.csv?id=DTWEXBGS,2026-10-08
dollar_broad,2013-08-07,2013-08-14,93.2652,https://fred.stlouisfed.org/graph/fredgraph.csv?id=DTWEXBGS,2026-10-08
dollar_broad,2013-08-08,2013-08-15,92.8483,https://fred.stlouisfed.org/graph/fredgraph.csv?id=DTWEXBGS,2026-10-08
dollar_broad,2013-08-09,2013-08-16,92.8394,https://fred.stlouisfed.org/graph/fredgraph.csv?id=DTWEXBGS,2026-10-08
dollar_broad,2013-08-12,2013-08-19,92.9178,https://fred.stlouisfed.org/graph/fredgraph.csv?id=DTWEXBGS,2026-10-08
dollar_broad,2013-08-13,2013-08-20,93.476,https://fred.stlouisfed.org/graph/fredgraph.csv?id=DTWEXBGS,2026-10-08
dollar_broad,2013-08-14,2013-08-21,93.382,https://fred.stlouisfed.org/graph/fredgraph.csv?id=DTWEXBGS,2026-10-08
dollar_broad,2013-08-15,2013-08-22,93.5059,https://fred.stlouisfed.org/graph/fredgraph.csv?id=DTWEXBGS,2026-10-08
dollar_broad,2013-08-16,2013-08-23,93.4255,https://fred.stlouisfed.org/graph/fredgraph.csv?id=DTWEXBGS,2026-10-08
dollar_broad,2013-08-19,2013-08-26,93.6623,https://fred.stlouisfed.org/graph/fredgraph.csv?id=DTWEXBGS,2026-10-08
dollar_broad,2013-08-20,2013-08-27,93.5536,https://fred.stlouisfed.org/graph/fredgraph.csv?id=DTWEXBGS,2026-10-08
dollar_broad,2013-08-21,2013-08-28,94.0362,https://fred.stlouisfed.org/graph/fredgraph.csv?id=DTWEXBGS,2026-10-08
dollar_broad,2013-08-22,2013-08-29,94.2804,https://fred.stlouisfed.org/graph/fredgraph.csv?id=DTWEXBGS,2026-10-08
dollar_broad,2013-08-23,2013-08-30,93.9466,https://fred.stlouisfed.org/graph/fredgraph.csv?id=DTWEXBGS,2026-10-08
dollar_broad,2013-08-26,2013-09-02,94.1853,https://fred.stlouisfed.org/graph/fredgraph.csv?id=DTWEXBGS,2026-10-08
dollar_broad,2013-08-27,2013-09-03,94.3934,https://fred.stlouisfed.org/graph/fredgraph.csv?id=DTWEXBGS,2026-10-08
dollar_broad,2013-08-28,2013-09-04,94.4127,https://fred.stlouisfed.org/graph/fredgraph.csv?id=DTWEXBGS,2026-10-08
dollar_broad,2013-08-29,2013-09-05,94.6398,https://fred.stlouisfed.org/graph/fredgraph.csv?id=DTWEXBGS,2026-10-08
dollar_broad,2013-08-30,2013-09-06,94.7541,https://fred.stlouisfed.org/graph/fredgraph.csv?id=DTWEXBGS,2026-10-08
dollar_broad,2013-09-03,2013-09-10,94.9574,https://fred.stlouisfed.org/graph/fredgraph.csv?id=DTWEXBGS,2026-10-08
dollar_broad,2013-09-04,2013-09-11,94.5739,https://fred.stlouisfed.org/graph/fredgraph.csv?id=DTWEXBGS,2026-10-08
dollar_broad,2013-09-05,2013-09-12,94.8891,https://fred.stlouisfed.org/graph/fredgraph.csv?id=DTWEXBGS,2026-10-08
dollar_broad,2013-09-06,2013-09-13,94.2487,https://fred.stlouisfed.org/graph/fredgraph.csv?id=DTWEXBGS,2026-10-08
dollar_broad,2013-09-09,2013-09-16,94.0009,https://fred.stlouisfed.org/graph/fredgraph.csv?id=DTWEXBGS,2026-10-08
dollar_broad,2013-09-10,2013-09-17,93.938,https://fred.stlouisfed.org/graph/fredgraph.csv?id=DTWEXBGS,2026-10-08
dollar_broad,2013-09-11,2013-09-18,93.7112,https://fred.stlouisfed.org/graph/fredgraph.csv?id=DTWEXBGS,2026-10-08
dollar_broad,2013-09-12,2013-09-19,93.5903,https://fred.stlouisfed.org/graph/fredgraph.csv?id=DTWEXBGS,2026-10-08
dollar_broad,2013-09-13,2013-09-20,93.6666,https://fred.stlouisfed.org/graph/fredgraph.csv?id=DTWEXBGS,2026-10-08
dollar_broad,2013-09-16,2013-09-23,93.2875,https://fred.stlouisfed.org/graph/fredgraph.csv?id=DTWEXBGS,2026-10-08
dollar_broad,2013-09-17,2013-09-24,93.2231,https://fred.stlouisfed.org/graph/fredgraph.csv?id=DTWEXBGS,2026-10-08
dollar_broad,2013-09-18,2013-09-25,93.2569,https://fred.stlouisfed.org/graph/fredgraph.csv?id=DTWEXBGS,2026-10-08
dollar_broad,2013-09-19,2013-09-26,92.4082,https://fred.stlouisfed.org/graph/fredgraph.csv?id=DTWEXBGS,2026-10-08
dollar_broad,2013-09-20,2013-09-27,92.6049,https://fred.stlouisfed.org/graph/fredgraph.csv?id=DTWEXBGS,2026-10-08
dollar_broad,2013-09-23,2013-09-30,92.613,https://fred.stlouisfed.org/graph/fredgraph.csv?id=DTWEXBGS,2026-10-08
dollar_broad,2013-09-24,2013-10-01,92.7691,https://fred.stlouisfed.org/graph/fredgraph.csv?id=DTWEXBGS,2026-10-08
dollar_broad,2013-09-25,2013-10-02,92.7675,https://fred.stlouisfed.org/graph/fredgraph.csv?id=DTWEXBGS,2026-10-08
dollar_broad,2013-09-26,2013-10-03,93.0096,https://fred.stlouisfed.org/graph/fredgraph.csv?id=DTWEXBGS,2026-10-08
dollar_broad,2013-09-27,2013-10-04,92.9747,https://fred.stlouisfed.org/graph/fredgraph.csv?id=DTWEXBGS,2026-10-08
dollar_broad,2013-09-30,2013-10-07,92.9207,https://fred.stlouisfed.org/graph/fredgraph.csv?id=DTWEXBGS,2026-10-08
dollar_broad,2013-10-01,2013-10-08,92.9515,https://fred.stlouisfed.org/graph/fredgraph.csv?id=DTWEXBGS,2026-10-08
dollar_broad,2013-10-02,2013-10-09,92.772,https://fred.stlouisfed.org/graph/fredgraph.csv?id=DTWEXBGS,2026-10-08
dollar_broad,2013-10-03,2013-10-10,92.7461,https://fred.stlouisfed.org/graph/fredgraph.csv?id=DTWEXBGS,2026-10-08
dollar_broad,2013-10-04,2013-10-11,92.6469,https://fred.stlouisfed.org/graph/fredgraph.csv?id=DTWEXBGS,2026-10-08
dollar_broad,2013-10-07,2013-10-14,92.6725,https://fred.stlouisfed.org/graph/fredgraph.csv?id=DTWEXBGS,2026-10-08
dollar_broad,2013-10-08,2013-10-15,92.7558,https://fred.stlouisfed.org/graph/fredgraph.csv?id=DTWEXBGS,2026-10-08
dollar_broad,2013-10-09,2013-10-16,93.0829,https://fred.stlouisfed.org/graph/fredgraph.csv?id=DTWEXBGS,2026-10-08
dollar_broad,2013-10-10,2013-10-17,92.8579,https://fred.stlouisfed.org/graph/fredgraph.csv?id=DTWEXBGS,2026-10-08
dollar_broad,2013-10-11,2013-10-18,92.854,https://fred.stlouisfed.org/graph/fredgraph.csv?id=DTWEXBGS,2026-10-08
dollar_broad,2013-10-15,2013-10-22,92.7642,https://fred.stlouisfed.org/graph/fredgraph.csv?id=DTWEXBGS,2026-10-08
dollar_broad,2013-10-16,2013-10-23,92.6819,https://fred.stlouisfed.org/graph/fredgraph.csv?id=DTWEXBGS,2026-10-08
dollar_broad,2013-10-17,2013-10-24,92.0246,https://fred.stlouisfed.org/graph/fredgraph.csv?id=DTWEXBGS,2026-10-08
dollar_broad,2013-10-18,2013-10-25,91.9989,https://fred.stlouisfed.org/graph/fredgraph.csv?id=DTWEXBGS,2026-10-08
dollar_broad,2013-10-21,2013-10-28,92.2498,https://fred.stlouisfed.org/graph/fredgraph.csv?id=DTWEXBGS,2026-10-08
dollar_broad,2013-10-22,2013-10-29,91.9563,https://fred.stlouisfed.org/graph/fredgraph.csv?id=DTWEXBGS,2026-10-08
dollar_broad,2013-10-23,2013-10-30,92.0947,https://fred.stlouisfed.org/graph/fredgraph.csv?id=DTWEXBGS,2026-10-08
dollar_broad,2013-10-24,2013-10-31,92.1867,https://fred.stlouisfed.org/graph/fredgraph.csv?id=DTWEXBGS,2026-10-08
dollar_broad,2013-10-25,2013-11-01,92.1623,https://fred.stlouisfed.org/graph/fredgraph.csv?id=DTWEXBGS,2026-10-08
dollar_broad,2013-10-28,2013-11-04,92.1872,https://fred.stlouisfed.org/graph/fredgraph.csv?id=DTWEXBGS,2026-10-08
dollar_broad,2013-10-29,2013-11-05,92.301,https://fred.stlouisfed.org/graph/fredgraph.csv?id=DTWEXBGS,2026-10-08
dollar_broad,2013-10-30,2013-11-06,92.3057,https://fred.stlouisfed.org/graph/fredgraph.csv?id=DTWEXBGS,2026-10-08
dollar_broad,2013-10-31,2013-11-07,92.731,https://fred.stlouisfed.org/graph/fredgraph.csv?id=DTWEXBGS,2026-10-08
dollar_broad,2013-11-01,2013-11-08,93.155,https://fred.stlouisfed.org/graph/fredgraph.csv?id=DTWEXBGS,2026-10-08
dollar_broad,2013-11-04,2013-11-11,92.9359,https://fred.stlouisfed.org/graph/fredgraph.csv?id=DTWEXBGS,2026-10-08
dollar_broad,2013-11-05,2013-11-12,93.2112,https://fred.stlouisfed.org/graph/fredgraph.csv?id=DTWEXBGS,2026-10-08
dollar_broad,2013-11-06,2013-11-13,93.0943,https://fred.stlouisfed.org/graph/fredgraph.csv?id=DTWEXBGS,2026-10-08
dollar_broad,2013-11-07,2013-11-14,93.4003,https://fred.stlouisfed.org/graph/fredgraph.csv?id=DTWEXBGS,2026-10-08
dollar_broad,2013-11-08,2013-11-15,93.6619,https://fred.stlouisfed.org/graph/fredgraph.csv?id=DTWEXBGS,2026-10-08
dollar_broad,2013-11-12,2013-11-19,93.7651,https://fred.stlouisfed.org/graph/fredgraph.csv?id=DTWEXBGS,2026-10-08
dollar_broad,2013-11-13,2013-11-20,93.4848,https://fred.stlouisfed.org/graph/fredgraph.csv?id=DTWEXBGS,2026-10-08
dollar_broad,2013-11-14,2013-11-21,93.4328,https://fred.stlouisfed.org/graph/fredgraph.csv?id=DTWEXBGS,2026-10-08
dollar_broad,2013-11-15,2013-11-22,93.2854,https://fred.stlouisfed.org/graph/fredgraph.csv?id=DTWEXBGS,2026-10-08
dollar_broad,2013-11-18,2013-11-25,92.9824,https://fred.stlouisfed.org/graph/fredgraph.csv?id=DTWEXBGS,2026-10-08
dollar_broad,2013-11-19,2013-11-26,93.0649,https://fred.stlouisfed.org/graph/fredgraph.csv?id=DTWEXBGS,2026-10-08
dollar_broad,2013-11-20,2013-11-27,93.2501,https://fred.stlouisfed.org/graph/fredgraph.csv?id=DTWEXBGS,2026-10-08
dollar_broad,2013-11-21,2013-11-28,93.5638,https://fred.stlouisfed.org/graph/fredgraph.csv?id=DTWEXBGS,2026-10-08
dollar_broad,2013-11-22,2013-11-29,93.4198,https://fred.stlouisfed.org/graph/fredgraph.csv?id=DTWEXBGS,2026-10-08
dollar_broad,2013-11-25,2013-12-02,93.5539,https://fred.stlouisfed.org/graph/fredgraph.csv?id=DTWEXBGS,2026-10-08
dollar_broad,2013-11-26,2013-12-03,93.5226,https://fred.stlouisfed.org/graph/fredgraph.csv?id=DTWEXBGS,2026-10-08
dollar_broad,2013-11-27,2013-12-04,93.6864,https://fred.stlouisfed.org/graph/fredgraph.csv?id=DTWEXBGS,2026-10-08
dollar_broad,2013-11-29,2013-12-06,93.6291,https://fred.stlouisfed.org/graph/fredgraph.csv?id=DTWEXBGS,2026-10-08
dollar_broad,2013-12-02,2013-12-09,93.8856,https://fred.stlouisfed.org/graph/fredgraph.csv?id=DTWEXBGS,2026-10-08
dollar_broad,2013-12-03,2013-12-10,93.8251,https://fred.stlouisfed.org/graph/fredgraph.csv?id=DTWEXBGS,2026-10-08
dollar_broad,2013-12-04,2013-12-11,93.8997,https://fred.stlouisfed.org/graph/fredgraph.csv?id=DTWEXBGS,2026-10-08
dollar_broad,2013-12-05,2013-12-12,93.4954,https://fred.stlouisfed.org/graph/fredgraph.csv?id=DTWEXBGS,2026-10-08
dollar_broad,2013-12-06,2013-12-13,93.4045,https://fred.stlouisfed.org/graph/fredgraph.csv?id=DTWEXBGS,2026-10-08
dollar_broad,2013-12-09,2013-12-16,93.1444,https://fred.stlouisfed.org/graph/fredgraph.csv?id=DTWEXBGS,2026-10-08
dollar_broad,2013-12-11,2013-12-18,93.0842,https://fred.stlouisfed.org/graph/fredgraph.csv?id=DTWEXBGS,2026-10-08
dollar_broad,2013-12-12,2013-12-19,93.4292,https://fred.stlouisfed.org/graph/fredgraph.csv?id=DTWEXBGS,2026-10-08
dollar_broad,2013-12-13,2013-12-20,93.3568,https://fred.stlouisfed.org/graph/fredgraph.csv?id=DTWEXBGS,2026-10-08
dollar_broad,2013-12-16,2013-12-23,93.2175,https://fred.stlouisfed.org/graph/fredgraph.csv?id=DTWEXBGS,2026-10-08
dollar_broad,2013-12-17,2013-12-24,93.302,https://fred.stlouisfed.org/graph/fredgraph.csv?id=DTWEXBGS,2026-10-08
dollar_broad,2013-12-18,2013-12-25,93.4207,https://fred.stlouisfed.org/graph/fredgraph.csv?id=DTWEXBGS,2026-10-08
dollar_broad,2013-12-19,2013-12-26,93.7368,https://fred.stlouisfed.org/graph/fredgraph.csv?id=DTWEXBGS,2026-10-08
dollar_broad,2013-12-20,2013-12-27,93.7211,https://fred.stlouisfed.org/graph/fredgraph.csv?id=DTWEXBGS,2026-10-08
dollar_broad,2013-12-23,2013-12-30,93.572,https://fred.stlouisfed.org/graph/fredgraph.csv?id=DTWEXBGS,2026-10-08
dollar_broad,2013-12-24,2013-12-31,93.6734,https://fred.stlouisfed.org/graph/fredgraph.csv?id=DTWEXBGS,2026-10-08
dollar_broad,2013-12-26,2014-01-02,93.766,https://fred.stlouisfed.org/graph/fredgraph.csv?id=DTWEXBGS,2026-10-08
dollar_broad,2013-12-27,2014-01-03,93.7018,https://fred.stlouisfed.org/graph/fredgraph.csv?id=DTWEXBGS,2026-10-08
dollar_broad,2013-12-30,2014-01-06,93.4866,https://fred.stlouisfed.org/graph/fredgraph.csv?id=DTWEXBGS,2026-10-08
dollar_broad,2013-12-31,2014-01-07,93.5576,https://fred.stlouisfed.org/graph/fredgraph.csv?id=DTWEXBGS,2026-10-08
dollar_broad,2014-01-02,2014-01-09,93.8192,https://fred.stlouisfed.org/graph/fredgraph.csv?id=DTWEXBGS,2026-10-08
dollar_broad,2014-01-03,2014-01-10,93.853,https://fred.stlouisfed.org/graph/fredgraph.csv?id=DTWEXBGS,2026-10-08
dollar_broad,2014-01-06,2014-01-13,93.9109,https://fred.stlouisfed.org/graph/fredgraph.csv?id=DTWEXBGS,2026-10-08
dollar_broad,2014-01-07,2014-01-14,94.0398,https://fred.stlouisfed.org/graph/fredgraph.csv?id=DTWEXBGS,2026-10-08
dollar_broad,2014-01-08,2014-01-15,94.2181,https://fred.stlouisfed.org/graph/fredgraph.csv?id=DTWEXBGS,2026-10-08
dollar_broad,2014-01-09,2014-01-16,94.3299,https://fred.stlouisfed.org/graph/fredgraph.csv?id=DTWEXBGS,2026-10-08
dollar_broad,2014-01-10,2014-01-17,94.0045,https://fred.stlouisfed.org/graph/fredgraph.csv?id=DTWEXBGS,2026-10-08
dollar_broad,2014-01-13,2014-01-20,93.899,https://fred.stlouisfed.org/graph/fredgraph.csv?id=DTWEXBGS,2026-10-08
dollar_broad,2014-01-14,2014-01-21,94.0303,https://fred.stlouisfed.org/graph/fredgraph.csv?id=DTWEXBGS,2026-10-08
dollar_broad,2014-01-15,2014-01-22,94.341,https://fred.stlouisfed.org/graph/fredgraph.csv?id=DTWEXBGS,2026-10-08
dollar_broad,2014-01-16,2014-01-23,94.5507,https://fred.stlouisfed.org/graph/fredgraph.csv?id=DTWEXBGS,2026-10-08
dollar_broad,2014-01-17,2014-01-24,94.5846,https://fred.stlouisfed.org/graph/fredgraph.csv?id=DTWEXBGS,2026-10-08
dollar_broad,2014-01-21,2014-01-28,94.679,https://fred.stlouisfed.org/graph/fredgraph.csv?id=DTWEXBGS,2026-10-08
dollar_broad,2014-01-22,2014-01-29,94.8479,https://fred.stlouisfed.org/graph/fredgraph.csv?id=DTWEXBGS,2026-10-08
dollar_broad,2014-01-23,2014-01-30,94.8415,https://fred.stlouisfed.org/graph/fredgraph.csv?id=DTWEXBGS,2026-10-08
dollar_broad,2014-01-24,2014-01-31,94.8555,https://fred.stlouisfed.org/graph/fredgraph.csv?id=DTWEXBGS,2026-10-08
dollar_broad,2014-01-27,2014-02-03,94.9059,https://fred.stlouisfed.org/graph/fredgraph.csv?id=DTWEXBGS,2026-10-08
dollar_broad,2014-01-28,2014-02-04,94.88,https://fred.stlouisfed.org/graph/fredgraph.csv?id=DTWEXBGS,2026-10-08
dollar_broad,2014-01-29,2014-02-05,94.8621,https://fred.stlouisfed.org/graph/fredgraph.csv?id=DTWEXBGS,2026-10-08
dollar_broad,2014-01-30,2014-02-06,95.1294,https://fred.stlouisfed.org/graph/fredgraph.csv?id=DTWEXBGS,2026-10-08
dollar_broad,2014-01-31,2014-02-07,95.1774,https://fred.stlouisfed.org/graph/fredgraph.csv?id=DTWEXBGS,2026-10-08
dollar_broad,2014-02-03,2014-02-10,95.2469,https://fred.stlouisfed.org/graph/fredgraph.csv?id=DTWEXBGS,2026-10-08
dollar_broad,2014-02-04,2014-02-11,95.0438,https://fred.stlouisfed.org/graph/fredgraph.csv?id=DTWEXBGS,2026-10-08
dollar_broad,2014-02-05,2014-02-12,95.0285,https://fred.stlouisfed.org/graph/fredgraph.csv?id=DTWEXBGS,2026-10-08
dollar_broad,2014-02-06,2014-02-13,94.7177,https://fred.stlouisfed.org/graph/fredgraph.csv?id=DTWEXBGS,2026-10-08
dollar_broad,2014-02-07,2014-02-14,94.7457,https://fred.stlouisfed.org/graph/fredgraph.csv?id=DTWEXBGS,2026-10-08
dollar_broad,2014-02-10,2014-02-17,94.7189,https://fred.stlouisfed.org/graph/fredgraph.csv?id=DTWEXBGS,2026-10-08
dollar_broad,2014-02-11,2014-02-18,94.6377,https://fred.stlouisfed.org/graph/fredgraph.csv?id=DTWEXBGS,2026-10-08
dollar_broad,2014-02-12,2014-02-19,94.6209,https://fred.stlouisfed.org/graph/fredgraph.csv?id=DTWEXBGS,2026-10-08
dollar_broad,2014-02-14,2014-02-21,94.2711,https://fred.stlouisfed.org/graph/fredgraph.csv?id=DTWEXBGS,2026-10-08
dollar_broad,2014-02-18,2014-02-25,94.1934,https://fred.stlouisfed.org/graph/fredgraph.csv?id=DTWEXBGS,2026-10-08
dollar_broad,2014-02-19,2014-02-26,94.38,https://fred.stlouisfed.org/graph/fredgraph.csv?id=DTWEXBGS,2026-10-08
dollar_broad,2014-02-20,2014-02-27,94.6571,https://fred.stlouisfed.org/graph/fredgraph.csv?id=DTWEXBGS,2026-10-08
dollar_broad,2014-02-24,2014-03-03,94.4042,https://fred.stlouisfed.org/graph/fredgraph.csv?id=DTWEXBGS,2026-10-08
dollar_broad,2014-02-25,2014-03-04,94.4735,https://fred.stlouisfed.org/graph/fredgraph.csv?id=DTWEXBGS,2026-10-08
dollar_broad,2014-02-26,2014-03-05,94.7754,https://fred.stlouisfed.org/graph/fredgraph.csv?id=DTWEXBGS,2026-10-08
dollar_broad,2014-02-27,2014-03-06,94.6722,https://fred.stlouisfed.org/graph/fredgraph.csv?id=DTWEXBGS,2026-10-08
dollar_broad,2014-02-28,2014-03-07,94.3879,https://fred.stlouisfed.org/graph/fredgraph.csv?id=DTWEXBGS,2026-10-08
dollar_broad,2014-03-04,2014-03-11,94.6568,https://fred.stlouisfed.org/graph/fredgraph.csv?id=DTWEXBGS,2026-10-08
dollar_broad,2014-03-05,2014-03-12,94.4679,https://fred.stlouisfed.org/graph/fredgraph.csv?id=DTWEXBGS,2026-10-08
dollar_broad,2014-03-06,2014-03-13,93.9858,https://fred.stlouisfed.org/graph/fredgraph.csv?id=DTWEXBGS,2026-10-08
dollar_broad,2014-03-07,2014-03-14,94.2532,https://fred.stlouisfed.org/graph/fredgraph.csv?id=DTWEXBGS,2026-10-08
dollar_broad,2014-03-10,2014-03-17,94.3731,https://fred.stlouisfed.org/graph/fredgraph.csv?id=DTWEXBGS,2026-10-08
dollar_broad,2014-03-11,2014-03-18,94.387,https://fred.stlouisfed.org/graph/fredgraph.csv?id=DTWEXBGS,2026-10-08
dollar_broad,2014-03-12,2014-03-19,94.462,https://fred.stlouisfed.org/graph/fredgraph.csv?id=DTWEXBGS,2026-10-08
dollar_broad,2014-03-13,2014-03-20,94.1872,https://fred.stlouisfed.org/graph/fredgraph.csv?id=DTWEXBGS,2026-10-08
dollar_broad,2014-03-14,2014-03-21,94.243,https://fred.stlouisfed.org/graph/fredgraph.csv?id=DTWEXBGS,2026-10-08
dollar_broad,2014-03-18,2014-03-25,94.2631,https://fred.stlouisfed.org/graph/fredgraph.csv?id=DTWEXBGS,2026-10-08
dollar_broad,2014-03-19,2014-03-26,94.3752,https://fred.stlouisfed.org/graph/fredgraph.csv?id=DTWEXBGS,2026-10-08
dollar_broad,2014-03-20,2014-03-27,94.9986,https://fred.stlouisfed.org/graph/fredgraph.csv?id=DTWEXBGS,2026-10-08
dollar_broad,2014-03-21,2014-03-28,94.8547,https://fred.stlouisfed.org/graph/fredgraph.csv?id=DTWEXBGS,2026-10-08
dollar_broad,2014-03-24,2014-03-31,94.759,https://fred.stlouisfed.org/graph/fredgraph.csv?id=DTWEXBGS,2026-10-08
dollar_broad,2014-03-25,2014-04-01,94.6379,https://fred.stlouisfed.org/graph/fredgraph.csv?id=DTWEXBGS,2026-10-08
dollar_broad,2014-03-26,2014-04-02,94.5281,https://fred.stlouisfed.org/graph/fredgraph.csv?id=DTWEXBGS,2026-10-08
dollar_broad,2014-03-27,2014-04-03,94.3315,https://fred.stlouisfed.org/graph/fredgraph.csv?id=DTWEXBGS,2026-10-08
dollar_broad,2014-03-28,2014-04-04,94.3683,https://fred.stlouisfed.org/graph/fredgraph.csv?id=DTWEXBGS,2026-10-08
dollar_broad,2014-03-31,2014-04-07,94.2432,https://fred.stlouisfed.org/graph/fredgraph.csv?id=DTWEXBGS,2026-10-08
dollar_broad,2014-04-01,2014-04-08,94.1244,https://fred.stlouisfed.org/graph/fredgraph.csv?id=DTWEXBGS,2026-10-08
dollar_broad,2014-04-02,2014-04-09,94.3103,https://fred.stlouisfed.org/graph/fredgraph.csv?id=DTWEXBGS,2026-10-08
dollar_broad,2014-04-03,2014-04-10,94.512,https://fred.stlouisfed.org/graph/fredgraph.csv?id=DTWEXBGS,2026-10-08
dollar_broad,2014-04-04,2014-04-11,94.2191,https://fred.stlouisfed.org/graph/fredgraph.csv?id=DTWEXBGS,2026-10-08
dollar_broad,2014-04-07,2014-04-14,94.0881,https://fred.stlouisfed.org/graph/fredgraph.csv?id=DTWEXBGS,2026-10-08
dollar_broad,2014-04-08,2014-04-15,93.6579,https://fred.stlouisfed.org/graph/fredgraph.csv?id=DTWEXBGS,2026-10-08
dollar_broad,2014-04-09,2014-04-16,93.6716,https://fred.stlouisfed.org/graph/fredgraph.csv?id=DTWEXBGS,2026-10-08
dollar_broad,2014-04-10,2014-04-17,93.5123,https://fred.stlouisfed.org/graph/fredgraph.csv?id=DTWEXBGS,2026-10-08
dollar_broad,2014-04-11,2014-04-18,93.6395,https://fred.stlouisfed.org/graph/fredgraph.csv?id=DTWEXBGS,2026-10-08
dollar_broad,2014-04-14,2014-04-21,93.8046,https://fred.stlouisfed.org/graph/fredgraph.csv?id=DTWEXBGS,2026-10-08
dollar_broad,2014-04-15,2014-04-22,93.9486,https://fred.stlouisfed.org/graph/fredgraph.csv?id=DTWEXBGS,2026-10-08
dollar_broad,2014-04-16,2014-04-23,93.9461,https://fred.stlouisfed.org/graph/fredgraph.csv?id=DTWEXBGS,2026-10-08
dollar_broad,2014-04-17,2014-04-24,93.8936,https://fred.stlouisfed.org/graph/fredgraph.csv?id=DTWEXBGS,2026-10-08
dollar_broad,2014-04-18,2014-04-25,93.9629,https://fred.stlouisfed.org/graph/fredgraph.csv?id=DTWEXBGS,2026-10-08
dollar_broad,2014-04-21,2014-04-28,94.0337,https://fred.stlouisfed.org/graph/fredgraph.csv?id=DTWEXBGS,2026-10-08
dollar_broad,2014-04-22,2014-04-29,94.0802,https://fred.stlouisfed.org/graph/fredgraph.csv?id=DTWEXBGS,2026-10-08
dollar_broad,2014-04-23,2014-04-30,94.149,https://fred.stlouisfed.org/graph/fredgraph.csv?id=DTWEXBGS,2026-10-08
dollar_broad,2014-04-24,2014-05-01,94.1294,https://fred.stlouisfed.org/graph/fredgraph.csv?id=DTWEXBGS,2026-10-08
dollar_broad,2014-04-25,2014-05-02,94.1623,https://fred.stlouisfed.org/graph/fredgraph.csv?id=DTWEXBGS,2026-10-08
dollar_broad,2014-04-28,2014-05-05,94.1374,https://fred.stlouisfed.org/graph/fredgraph.csv?id=DTWEXBGS,2026-10-08
dollar_broad,2014-04-29,2014-05-06,94.0295,https://fred.stlouisfed.org/graph/fredgraph.csv?id=DTWEXBGS,2026-10-08
dollar_broad,2014-04-30,2014-05-07,93.8896,https://fred.stlouisfed.org/graph/fredgraph.csv?id=DTWEXBGS,2026-10-08
dollar_broad,2014-05-01,2014-05-08,93.8707,https://fred.stlouisfed.org/graph/fredgraph.csv?id=DTWEXBGS,2026-10-08
dollar_broad,2014-05-02,2014-05-09,93.8182,https://fred.stlouisfed.org/graph/fredgraph.csv?id=DTWEXBGS,2026-10-08
dollar_broad,2014-05-05,2014-05-12,93.7334,https://fred.stlouisfed.org/graph/fredgraph.csv?id=DTWEXBGS,2026-10-08
dollar_broad,2014-05-06,2014-05-13,93.4324,https://fred.stlouisfed.org/graph/fredgraph.csv?id=DTWEXBGS,2026-10-08
dollar_broad,2014-05-07,2014-05-14,93.4337,https://fred.stlouisfed.org/graph/fredgraph.csv?id=DTWEXBGS,2026-10-08
dollar_broad,2014-05-08,2014-05-15,93.3686,https://fred.stlouisfed.org/graph/fredgraph.csv?id=DTWEXBGS,2026-10-08
dollar_broad,2014-05-09,2014-05-16,93.6614,https://fred.stlouisfed.org/graph/fredgraph.csv?id=DTWEXBGS,2026-10-08
dollar_broad,2014-05-12,2014-05-19,93.6537,https://fred.stlouisfed.org/graph/fredgraph.csv?id=DTWEXBGS,2026-10-08
dollar_broad,2014-05-13,2014-05-20,93.6755,https://fred.stlouisfed.org/graph/fredgraph.csv?id=DTWEXBGS,2026-10-08
dollar_broad,2014-05-14,2014-05-21,93.5968,https://fred.stlouisfed.org/graph/fredgraph.csv?id=DTWEXBGS,2026-10-08
dollar_broad,2014-05-15,2014-05-22,93.7065,https://fred.stlouisfed.org/graph/fredgraph.csv?id=DTWEXBGS,2026-10-08
dollar_broad,2014-05-16,2014-05-23,93.6073,https://fred.stlouisfed.org/graph/fredgraph.csv?id=DTWEXBGS,2026-10-08
dollar_broad,2014-05-19,2014-05-26,93.502,https://fred.stlouisfed.org/graph/fredgraph.csv?id=DTWEXBGS,2026-10-08
dollar_broad,2014-05-20,2014-05-27,93.6699,https://fred.stlouisfed.org/graph/fredgraph.csv?id=DTWEXBGS,2026-10-08
dollar_broad,2014-05-21,2014-05-28,93.7629,https://fred.stlouisfed.org/graph/fredgraph.csv?id=DTWEXBGS,2026-10-08
dollar_broad,2014-05-22,2014-05-29,93.6944,https://fred.stlouisfed.org/graph/fredgraph.csv?id=DTWEXBGS,2026-10-08
dollar_broad,2014-05-23,2014-05-30,93.7042,https://fred.stlouisfed.org/graph/fredgraph.csv?id=DTWEXBGS,2026-10-08
dollar_broad,2014-05-27,2014-06-03,93.8418,https://fred.stlouisfed.org/graph/fredgraph.csv?id=DTWEXBGS,2026-10-08
dollar_broad,2014-05-28,2014-06-04,93.8793,https://fred.stlouisfed.org/graph/fredgraph.csv?id=DTWEXBGS,2026-10-08
dollar_broad,2014-05-29,2014-06-05,93.6973,https://fred.stlouisfed.org/graph/fredgraph.csv?id=DTWEXBGS,2026-10-08
dollar_broad,2014-05-30,2014-06-06,93.7606,https://fred.stlouisfed.org/graph/fredgraph.csv?id=DTWEXBGS,2026-10-08
dollar_broad,2014-06-02,2014-06-09,94.0006,https://fred.stlouisfed.org/graph/fredgraph.csv?id=DTWEXBGS,2026-10-08
dollar_broad,2014-06-03,2014-06-10,94.0536,https://fred.stlouisfed.org/graph/fredgraph.csv?id=DTWEXBGS,2026-10-08
dollar_broad,2014-06-04,2014-06-11,94.1239,https://fred.stlouisfed.org/graph/fredgraph.csv?id=DTWEXBGS,2026-10-08
dollar_broad,2014-06-05,2014-06-12,93.9732,https://fred.stlouisfed.org/graph/fredgraph.csv?id=DTWEXBGS,2026-10-08
dollar_broad,2014-06-06,2014-06-13,93.9069,https://fred.stlouisfed.org/graph/fredgraph.csv?id=DTWEXBGS,2026-10-08
dollar_broad,2014-06-09,2014-06-16,93.9628,https://fred.stlouisfed.org/graph/fredgraph.csv?id=DTWEXBGS,2026-10-08
dollar_broad,2014-06-10,2014-06-17,94.0638,https://fred.stlouisfed.org/graph/fredgraph.csv?id=DTWEXBGS,2026-10-08
dollar_broad,2014-06-11,2014-06-18,93.9744,https://fred.stlouisfed.org/graph/fredgraph.csv?id=DTWEXBGS,2026-10-08
dollar_broad,2014-06-12,2014-06-19,93.8155,https://fred.stlouisfed.org/graph/fredgraph.csv?id=DTWEXBGS,2026-10-08
dollar_broad,2014-06-13,2014-06-20,93.9168,https://fred.stlouisfed.org/graph/fredgraph.csv?id=DTWEXBGS,2026-10-08
dollar_broad,2014-06-16,2014-06-23,93.8639,https://fred.stlouisfed.org/graph/fredgraph.csv?id=DTWEXBGS,2026-10-08
dollar_broad,2014-06-17,2014-06-24,94.0829,https://fred.stlouisfed.org/graph/fredgraph.csv?id=DTWEXBGS,2026-10-08
dollar_broad,2014-06-18,2014-06-25,94.0525,https://fred.stlouisfed.org/graph/fredgraph.csv?id=DTWEXBGS,2026-10-08
dollar_broad,2014-06-19,2014-06-26,93.752,https://fred.stlouisfed.org/graph/fredgraph.csv?id=DTWEXBGS,2026-10-08
dollar_broad,2014-06-20,2014-06-27,93.7591,https://fred.stlouisfed.org/graph/fredgraph.csv?id=DTWEXBGS,2026-10-08
dollar_broad,2014-06-23,2014-06-30,93.628,https://fred.stlouisfed.org/graph/fredgraph.csv?id=DTWEXBGS,2026-10-08
dollar_broad,2014-06-24,2014-07-01,93.7093,https://fred.stlouisfed.org/graph/fredgraph.csv?id=DTWEXBGS,2026-10-08
dollar_broad,2014-06-25,2014-07-02,93.5851,https://fred.stlouisfed.org/graph/fredgraph.csv?id=DTWEXBGS,2026-10-08
dollar_broad,2014-06-26,2014-07-03,93.5471,https://fred.stlouisfed.org/graph/fredgraph.csv?id=DTWEXBGS,2026-10-08
dollar_broad,2014-06-27,2014-07-04,93.3983,https://fred.stlouisfed.org/graph/fredgraph.csv?id=DTWEXBGS,2026-10-08
dollar_broad,2014-06-30,2014-07-07,93.2058,https://fred.stlouisfed.org/graph/fredgraph.csv?id=DTWEXBGS,2026-10-08
dollar_broad,2014-07-01,2014-07-08,93.1365,https://fred.stlouisfed.org/graph/fredgraph.csv?id=DTWEXBGS,2026-10-08
dollar_broad,2014-07-02,2014-07-09,93.2478,https://fred.stlouisfed.org/graph/fredgraph.csv?id=DTWEXBGS,2026-10-08
dollar_broad,2014-07-03,2014-07-10,93.3149,https://fred.stlouisfed.org/graph/fredgraph.csv?id=DTWEXBGS,2026-10-08
dollar_broad,2014-07-07,2014-07-14,93.3803,https://fred.stlouisfed.org/graph/fredgraph.csv?id=DTWEXBGS,2026-10-08
dollar_broad,2014-07-08,2014-07-15,93.323,https://fred.stlouisfed.org/graph/fredgraph.csv?id=DTWEXBGS,2026-10-08
dollar_broad,2014-07-09,2014-07-16,93.228,https://fred.stlouisfed.org/graph/fredgraph.csv?id=DTWEXBGS,2026-10-08
dollar_broad,2014-07-10,2014-07-17,93.3152,https://fred.stlouisfed.org/graph/fredgraph.csv?id=DTWEXBGS,2026-10-08
dollar_broad,2014-07-11,2014-07-18,93.4171,https://fred.stlouisfed.org/graph/fredgraph.csv?id=DTWEXBGS,2026-10-08
dollar_broad,2014-07-14,2014-07-21,93.4101,https://fred.stlouisfed.org/graph/fredgraph.csv?id=DTWEXBGS,2026-10-08
dollar_broad,2014-07-15,2014-07-22,93.5796,https://fred.stlouisfed.org/graph/fredgraph.csv?id=DTWEXBGS,2026-10-08
dollar_broad,2014-07-16,2014-07-23,93.5991,https://fred.stlouisfed.org/graph/fredgraph.csv?id=DTWEXBGS,2026-10-08
dollar_broad,2014-07-17,2014-07-24,93.6586,https://fred.stlouisfed.org/graph/fredgraph.csv?id=DTWEXBGS,2026-10-08
dollar_broad,2014-07-18,2014-07-25,93.6608,https://fred.stlouisfed.org/graph/fredgraph.csv?id=DTWEXBGS,2026-10-08
dollar_broad,2014-07-21,2014-07-28,93.6069,https://fred.stlouisfed.org/graph/fredgraph.csv?id=DTWEXBGS,2026-10-08
dollar_broad,2014-07-22,2014-07-29,93.6306,https://fred.stlouisfed.org/graph/fredgraph.csv?id=DTWEXBGS,2026-10-08
dollar_broad,2014-07-23,2014-07-30,93.5951,https://fred.stlouisfed.org/graph/fredgraph.csv?id=DTWEXBGS,2026-10-08
dollar_broad,2014-07-24,2014-07-31,93.6836,https://fred.stlouisfed.org/graph/fredgraph.csv?id=DTWEXBGS,2026-10-08
dollar_broad,2014-07-25,2014-08-01,93.8294,https://fred.stlouisfed.org/graph/fredgraph.csv?id=DTWEXBGS,2026-10-08
dollar_broad,2014-07-28,2014-08-04,93.83,https://fred.stlouisfed.org/graph/fredgraph.csv?id=DTWEXBGS,2026-10-08
dollar_broad,2014-07-29,2014-08-05,94.0443,https://fred.stlouisfed.org/graph/fredgraph.csv?id=DTWEXBGS,2026-10-08
dollar_broad,2014-07-30,2014-08-06,94.3473,https://fred.stlouisfed.org/graph/fredgraph.csv?id=DTWEXBGS,2026-10-08
dollar_broad,2014-07-31,2014-08-07,94.4467,https://fred.stlouisfed.org/graph/fredgraph.csv?id=DTWEXBGS,2026-10-08
dollar_broad,2014-08-01,2014-08-08,94.4754,https://fred.stlouisfed.org/graph/fredgraph.csv?id=DTWEXBGS,2026-10-08
dollar_broad,2014-08-04,2014-08-11,94.448,https://fred.stlouisfed.org/graph/fredgraph.csv?id=DTWEXBGS,2026-10-08
dollar_broad,2014-08-05,2014-08-12,94.6754,https://fred.stlouisfed.org/graph/fredgraph.csv?id=DTWEXBGS,2026-10-08
dollar_broad,2014-08-06,2014-08-13,94.6092,https://fred.stlouisfed.org/graph/fredgraph.csv?id=DTWEXBGS,2026-10-08
dollar_broad,2014-08-07,2014-08-14,94.6364,https://fred.stlouisfed.org/graph/fredgraph.csv?id=DTWEXBGS,2026-10-08
dollar_broad,2014-08-08,2014-08-15,94.6027,https://fred.stlouisfed.org/graph/fredgraph.csv?id=DTWEXBGS,2026-10-08
dollar_broad,2014-08-11,2014-08-18,94.4767,https://fred.stlouisfed.org/graph/fredgraph.csv?id=DTWEXBGS,2026-10-08
dollar_broad,2014-08-12,2014-08-19,94.5211,https://fred.stlouisfed.org/graph/fredgraph.csv?id=DTWEXBGS,2026-10-08
dollar_broad,2014-08-13,2014-08-20,94.4681,https://fred.stlouisfed.org/graph/fredgraph.csv?id=DTWEXBGS,2026-10-08
dollar_broad,2014-08-14,2014-08-21,94.3508,https://fred.stlouisfed.org/graph/fredgraph.csv?id=DTWEXBGS,2026-10-08
dollar_broad,2014-08-15,2014-08-22,94.2941,https://fred.stlouisfed.org/graph/fredgraph.csv?id=DTWEXBGS,2026-10-08
dollar_broad,2014-08-18,2014-08-25,94.2519,https://fred.stlouisfed.org/graph/fredgraph.csv?id=DTWEXBGS,2026-10-08
dollar_broad,2014-08-19,2014-08-26,94.4356,https://fred.stlouisfed.org/graph/fredgraph.csv?id=DTWEXBGS,2026-10-08
dollar_broad,2014-08-20,2014-08-27,94.5937,https://fred.stlouisfed.org/graph/fredgraph.csv?id=DTWEXBGS,2026-10-08
dollar_broad,2014-08-21,2014-08-28,94.673,https://fred.stlouisfed.org/graph/fredgraph.csv?id=DTWEXBGS,2026-10-08
dollar_broad,2014-08-22,2014-08-29,94.8012,https://fred.stlouisfed.org/graph/fredgraph.csv?id=DTWEXBGS,2026-10-08
dollar_broad,2014-08-25,2014-09-01,94.9159,https://fred.stlouisfed.org/graph/fredgraph.csv?id=DTWEXBGS,2026-10-08
dollar_broad,2014-08-26,2014-09-02,94.8617,https://fred.stlouisfed.org/graph/fredgraph.csv?id=DTWEXBGS,2026-10-08
dollar_broad,2014-08-27,2014-09-03,94.6863,https://fred.stlouisfed.org/graph/fredgraph.csv?id=DTWEXBGS,2026-10-08
dollar_broad,2014-08-28,2014-09-04,94.6947,https://fred.stlouisfed.org/graph/fredgraph.csv?id=DTWEXBGS,2026-10-08
dollar_broad,2014-08-29,2014-09-05,94.7251,https://fred.stlouisfed.org/graph/fredgraph.csv?id=DTWEXBGS,2026-10-08
dollar_broad,2014-09-02,2014-09-09,95.063,https://fred.stlouisfed.org/graph/fredgraph.csv?id=DTWEXBGS,2026-10-08
dollar_broad,2014-09-03,2014-09-10,94.8709,https://fred.stlouisfed.org/graph/fredgraph.csv?id=DTWEXBGS,2026-10-08
dollar_broad,2014-09-04,2014-09-11,95.2641,https://fred.stlouisfed.org/graph/fredgraph.csv?id=DTWEXBGS,2026-10-08
dollar_broad,2014-09-05,2014-09-12,95.2203,https://fred.stlouisfed.org/graph/fredgraph.csv?id=DTWEXBGS,2026-10-08
dollar_broad,2014-09-08,2014-09-15,95.4167,https://fred.stlouisfed.org/graph/fredgraph.csv?id=DTWEXBGS,2026-10-08
dollar_broad,2014-09-09,2014-09-16,95.8811,https://fred.stlouisfed.org/graph/fredgraph.csv?id=DTWEXBGS,2026-10-08
dollar_broad,2014-09-10,2014-09-17,95.8641,https://fred.stlouisfed.org/graph/fredgraph.csv?id=DTWEXBGS,2026-10-08
dollar_broad,2014-09-11,2014-09-18,95.9184,https://fred.stlouisfed.org/graph/fredgraph.csv?id=DTWEXBGS,2026-10-08
dollar_broad,2014-09-12,2014-09-19,96.0748,https://fred.stlouisfed.org/graph/fredgraph.csv?id=DTWEXBGS,2026-10-08
dollar_broad,2014-09-15,2014-09-22,96.1195,https://fred.stlouisfed.org/graph/fredgraph.csv?id=DTWEXBGS,2026-10-08
dollar_broad,2014-09-16,2014-09-23,95.8483,https://fred.stlouisfed.org/graph/fredgraph.csv?id=DTWEXBGS,2026-10-08
dollar_broad,2014-09-17,2014-09-24,95.9106,https://fred.stlouisfed.org/graph/fredgraph.csv?id=DTWEXBGS,2026-10-08
dollar_broad,2014-09-18,2014-09-25,96.1284,https://fred.stlouisfed.org/graph/fredgraph.csv?id=DTWEXBGS,2026-10-08
dollar_broad,2014-09-19,2014-09-26,96.3417,https://fred.stlouisfed.org/graph/fredgraph.csv?id=DTWEXBGS,2026-10-08
dollar_broad,2014-09-22,2014-09-29,96.4625,https://fred.stlouisfed.org/graph/fredgraph.csv?id=DTWEXBGS,2026-10-08
dollar_broad,2014-09-23,2014-09-30,96.5112,https://fred.stlouisfed.org/graph/fredgraph.csv?id=DTWEXBGS,2026-10-08
dollar_broad,2014-09-24,2014-10-01,96.6574,https://fred.stlouisfed.org/graph/fredgraph.csv?id=DTWEXBGS,2026-10-08
dollar_broad,2014-09-25,2014-10-02,96.8988,https://fred.stlouisfed.org/graph/fredgraph.csv?id=DTWEXBGS,2026-10-08
dollar_broad,2014-09-26,2014-10-03,97.208,https://fred.stlouisfed.org/graph/fredgraph.csv?id=DTWEXBGS,2026-10-08
dollar_broad,2014-09-29,2014-10-06,97.3523,https://fred.stlouisfed.org/graph/fredgraph.csv?id=DTWEXBGS,2026-10-08
dollar_broad,2014-09-30,2014-10-07,97.5261,https://fred.stlouisfed.org/graph/fredgraph.csv?id=DTWEXBGS,2026-10-08
dollar_broad,2014-10-01,2014-10-08,97.5387,https://fred.stlouisfed.org/graph/fredgraph.csv?id=DTWEXBGS,2026-10-08
dollar_broad,2014-10-02,2014-10-09,97.3062,https://fred.stlouisfed.org/graph/fredgraph.csv?id=DTWEXBGS,2026-10-08
dollar_broad,2014-10-03,2014-10-10,97.9846,https://fred.stlouisfed.org/graph/fredgraph.csv?id=DTWEXBGS,2026-10-08
dollar_broad,2014-10-06,2014-10-13,97.5513,https://fred.stlouisfed.org/graph/fredgraph.csv?id=DTWEXBGS,2026-10-08
dollar_broad,2014-10-07,2014-10-14,97.4459,https://fred.stlouisfed.org/graph/fredgraph.csv?id=DTWEXBGS,2026-10-08
dollar_broad,2014-10-08,2014-10-15,97.4945,https://fred.stlouisfed.org/graph/fredgraph.csv?id=DTWEXBGS,2026-10-08
dollar_broad,2014-10-09,2014-10-16,97.1711,https://fred.stlouisfed.org/graph/fredgraph.csv?id=DTWEXBGS,2026-10-08
dollar_broad,2014-10-10,2014-10-17,97.4144,https://fred.stlouisfed.org/graph/fredgraph.csv?id=DTWEXBGS,2026-10-08
dollar_broad,2014-10-14,2014-10-21,97.3943,https://fred.stlouisfed.org/graph/fredgraph.csv?id=DTWEXBGS,2026-10-08
dollar_broad,2014-10-15,2014-10-22,97.3532,https://fred.stlouisfed.org/graph/fredgraph.csv?id=DTWEXBGS,2026-10-08
dollar_broad,2014-10-16,2014-10-23,97.2869,https://fred.stlouisfed.org/graph/fredgraph.csv?id=DTWEXBGS,2026-10-08
dollar_broad,2014-10-17,2014-10-24,97.3067,https://fred.stlouisfed.org/graph/fredgraph.csv?id=DTWEXBGS,2026-10-08
dollar_broad,2014-10-20,2014-10-27,97.2874,https://fred.stlouisfed.org/graph/fredgraph.csv?id=DTWEXBGS,2026-10-08
dollar_broad,2014-10-21,2014-10-28,97.2488,https://fred.stlouisfed.org/graph/fredgraph.csv?id=DTWEXBGS,2026-10-08
dollar_broad,2014-10-22,2014-10-29,97.459,https://fred.stlouisfed.org/graph/fredgraph.csv?id=DTWEXBGS,2026-10-08
dollar_broad,2014-10-23,2014-10-30,97.6047,https://fred.stlouisfed.org/graph/fredgraph.csv?id=DTWEXBGS,2026-10-08
dollar_broad,2014-10-24,2014-10-31,97.4772,https://fred.stlouisfed.org/graph/fredgraph.csv?id=DTWEXBGS,2026-10-08
dollar_broad,2014-10-27,2014-11-03,97.5423,https://fred.stlouisfed.org/graph/fredgraph.csv?id=DTWEXBGS,2026-10-08
dollar_broad,2014-10-28,2014-11-04,97.2173,https://fred.stlouisfed.org/graph/fredgraph.csv?id=DTWEXBGS,2026-10-08
dollar_broad,2014-10-29,2014-11-05,97.0145,https://fred.stlouisfed.org/graph/fredgraph.csv?id=DTWEXBGS,2026-10-08
dollar_broad,2014-10-30,2014-11-06,97.456,https://fred.stlouisfed.org/graph/fredgraph.csv?id=DTWEXBGS,2026-10-08
dollar_broad,2014-10-31,2014-11-07,98.1163,https://fred.stlouisfed.org/graph/fredgraph.csv?id=DTWEXBGS,2026-10-08
dollar_broad,2014-11-03,2014-11-10,98.5336,https://fred.stlouisfed.org/graph/fredgraph.csv?id=DTWEXBGS,2026-10-08
dollar_broad,2014-11-04,2014-11-11,98.5576,https://fred.stlouisfed.org/graph/fredgraph.csv?id=DTWEXBGS,2026-10-08
dollar_broad,2014-11-05,2014-11-12,98.8086,https://fred.stlouisfed.org/graph/fredgraph.csv?id=DTWEXBGS,2026-10-08
dollar_broad,2014-11-06,2014-11-13,99.1325,https://fred.stlouisfed.org/graph/fredgraph.csv?id=DTWEXBGS,2026-10-08
dollar_broad,2014-11-07,2014-11-14,99.0236,https://fred.stlouisfed.org/graph/fredgraph.csv?id=DTWEXBGS,2026-10-08
dollar_broad,2014-11-10,2014-11-17,98.9305,https://fred.stlouisfed.org/graph/fredgraph.csv?id=DTWEXBGS,2026-10-08
dollar_broad,2014-11-12,2014-11-19,98.8897,https://fred.stlouisfed.org/graph/fredgraph.csv?id=DTWEXBGS,2026-10-08
dollar_broad,2014-11-13,2014-11-20,99.1045,https://fred.stlouisfed.org/graph/fredgraph.csv?id=DTWEXBGS,2026-10-08
dollar_broad,2014-11-14,2014-11-21,99.0917,https://fred.stlouisfed.org/graph/fredgraph.csv?id=DTWEXBGS,2026-10-08
dollar_broad,2014-11-17,2014-11-24,99.2188,https://fred.stlouisfed.org/graph/fredgraph.csv?id=DTWEXBGS,2026-10-08
dollar_broad,2014-11-18,2014-11-25,99.0185,https://fred.stlouisfed.org/graph/fredgraph.csv?id=DTWEXBGS,2026-10-08
dollar_broad,2014-11-19,2014-11-26,99.2424,https://fred.stlouisfed.org/graph/fredgraph.csv?id=DTWEXBGS,2026-10-08
dollar_broad,2014-11-20,2014-11-27,99.2554,https://fred.stlouisfed.org/graph/fredgraph.csv?id=DTWEXBGS,2026-10-08
dollar_broad,2014-11-21,2014-11-28,99.2894,https://fred.stlouisfed.org/graph/fredgraph.csv?id=DTWEXBGS,2026-10-08
dollar_broad,2014-11-24,2014-12-01,99.4227,https://fred.stlouisfed.org/graph/fredgraph.csv?id=DTWEXBGS,2026-10-08
dollar_broad,2014-11-25,2014-12-02,99.2837,https://fred.stlouisfed.org/graph/fredgraph.csv?id=DTWEXBGS,2026-10-08
dollar_broad,2014-11-26,2014-12-03,99.1893,https://fred.stlouisfed.org/graph/fredgraph.csv?id=DTWEXBGS,2026-10-08
dollar_broad,2014-11-28,2014-12-05,100.0719,https://fred.stlouisfed.org/graph/fredgraph.csv?id=DTWEXBGS,2026-10-08
dollar_broad,2014-12-01,2014-12-08,99.8964,https://fred.stlouisfed.org/graph/fredgraph.csv?id=DTWEXBGS,2026-10-08
dollar_broad,2014-12-02,2014-12-09,100.4478,https://fred.stlouisfed.org/graph/fredgraph.csv?id=DTWEXBGS,2026-10-08
dollar_broad,2014-12-03,2014-12-10,100.5696,https://fred.stlouisfed.org/graph/fredgraph.csv?id=DTWEXBGS,2026-10-08
dollar_broad,2014-12-04,2014-12-11,100.3931,https://fred.stlouisfed.org/graph/fredgraph.csv?id=DTWEXBGS,2026-10-08
dollar_broad,2014-12-05,2014-12-12,101.0989,https://fred.stlouisfed.org/graph/fredgraph.csv?id=DTWEXBGS,2026-10-08
dollar_broad,2014-12-08,2014-12-15,101.31,https://fred.stlouisfed.org/graph/fredgraph.csv?id=DTWEXBGS,2026-10-08
dollar_broad,2014-12-09,2014-12-16,100.8095,https://fred.stlouisfed.org/graph/fredgraph.csv?id=DTWEXBGS,2026-10-08
dollar_broad,2014-12-10,2014-12-17,101.0212,https://fred.stlouisfed.org/graph/fredgraph.csv?id=DTWEXBGS,2026-10-08
dollar_broad,2014-12-11,2014-12-18,101.4448,https://fred.stlouisfed.org/graph/fredgraph.csv?id=DTWEXBGS,2026-10-08
dollar_broad,2014-12-12,2014-12-19,101.3735,https://fred.stlouisfed.org/graph/fredgraph.csv?id=DTWEXBGS,2026-10-08
dollar_broad,2014-12-15,2014-12-22,101.674,https://fred.stlouisfed.org/graph/fredgraph.csv?id=DTWEXBGS,2026-10-08
dollar_broad,2014-12-16,2014-12-23,101.526,https://fred.stlouisfed.org/graph/fredgraph.csv?id=DTWEXBGS,2026-10-08
dollar_broad,2014-12-17,2014-12-24,101.5527,https://fred.stlouisfed.org/graph/fredgraph.csv?id=DTWEXBGS,2026-10-08
dollar_broad,2014-12-18,2014-12-25,101.7531,https://fred.stlouisfed.org/graph/fredgraph.csv?id=DTWEXBGS,2026-10-08
dollar_broad,2014-12-19,2014-12-26,102.0483,https://fred.stlouisfed.org/graph/fredgraph.csv?id=DTWEXBGS,2026-10-08
dollar_broad,2014-12-22,2014-12-29,101.9942,https://fred.stlouisfed.org/graph/fredgraph.csv?id=DTWEXBGS,2026-10-08
dollar_broad,2014-12-23,2014-12-30,102.348,https://fred.stlouisfed.org/graph/fredgraph.csv?id=DTWEXBGS,2026-10-08
dollar_broad,2014-12-24,2014-12-31,102.3028,https://fred.stlouisfed.org/graph/fredgraph.csv?id=DTWEXBGS,2026-10-08
dollar_broad,2014-12-29,2015-01-05,102.3767,https://fred.stlouisfed.org/graph/fredgraph.csv?id=DTWEXBGS,2026-10-08
dollar_broad,2014-12-30,2015-01-06,102.1019,https://fred.stlouisfed.org/graph/fredgraph.csv?id=DTWEXBGS,2026-10-08
dollar_broad,2014-12-31,2015-01-07,102.2843,https://fred.stlouisfed.org/graph/fredgraph.csv?id=DTWEXBGS,2026-10-08
dollar_broad,2015-01-02,2015-01-09,102.9027,https://fred.stlouisfed.org/graph/fredgraph.csv?id=DTWEXBGS,2026-10-08
dollar_broad,2015-01-05,2015-01-12,103.4976,https://fred.stlouisfed.org/graph/fredgraph.csv?id=DTWEXBGS,2026-10-08
dollar_broad,2015-01-06,2015-01-13,103.2938,https://fred.stlouisfed.org/graph/fredgraph.csv?id=DTWEXBGS,2026-10-08
dollar_broad,2015-01-07,2015-01-14,103.6316,https://fred.stlouisfed.org/graph/fredgraph.csv?id=DTWEXBGS,2026-10-08
dollar_broad,2015-01-08,2015-01-15,103.2799,https://fred.stlouisfed.org/graph/fredgraph.csv?id=DTWEXBGS,2026-10-08
dollar_broad,2015-01-09,2015-01-16,103.1213,https://fred.stlouisfed.org/graph/fredgraph.csv?id=DTWEXBGS,2026-10-08
dollar_broad,2015-01-12,2015-01-19,103.2372,https://fred.stlouisfed.org/graph/fredgraph.csv?id=DTWEXBGS,2026-10-08
dollar_broad,2015-01-13,2015-01-20,103.27,https://fred.stlouisfed.org/graph/fredgraph.csv?id=DTWEXBGS,2026-10-08
dollar_broad,2015-01-14,2015-01-21,103.0903,https://fred.stlouisfed.org/graph/fredgraph.csv?id=DTWEXBGS,2026-10-08
dollar_broad,2015-01-15,2015-01-22,103.0829,https://fred.stlouisfed.org/graph/fredgraph.csv?id=DTWEXBGS,2026-10-08
dollar_broad,2015-01-16,2015-01-23,103.2189,https://fred.stlouisfed.org/graph/fredgraph.csv?id=DTWEXBGS,2026-10-08
dollar_broad,2015-01-20,2015-01-27,103.5233,https://fred.stlouisfed.org/graph/fredgraph.csv?id=DTWEXBGS,2026-10-08
dollar_broad,2015-01-21,2015-01-28,103.7858,https://fred.stlouisfed.org/graph/fredgraph.csv?id=DTWEXBGS,2026-10-08
dollar_broad,2015-01-22,2015-01-29,103.9271,https://fred.stlouisfed.org/graph/fredgraph.csv?id=DTWEXBGS,2026-10-08
dollar_broad,2015-01-23,2015-01-30,104.3676,https://fred.stlouisfed.org/graph/fredgraph.csv?id=DTWEXBGS,2026-10-08
dollar_broad,2015-01-26,2015-02-02,104.4818,https://fred.stlouisfed.org/graph/fredgraph.csv?id=DTWEXBGS,2026-10-08
dollar_broad,2015-01-27,2015-02-03,104.1646,https://fred.stlouisfed.org/graph/fredgraph.csv?id=DTWEXBGS,2026-10-08
dollar_broad,2015-01-28,2015-02-04,104.4737,https://fred.stlouisfed.org/graph/fredgraph.csv?id=DTWEXBGS,2026-10-08
dollar_broad,2015-01-29,2015-02-05,105.2763,https://fred.stlouisfed.org/graph/fredgraph.csv?id=DTWEXBGS,2026-10-08
dollar_broad,2015-01-30,2015-02-06,105.5884,https://fred.stlouisfed.org/graph/fredgraph.csv?id=DTWEXBGS,2026-10-08
dollar_broad,2015-02-02,2015-02-09,105.2058,https://fred.stlouisfed.org/graph/fredgraph.csv?id=DTWEXBGS,2026-10-08
dollar_broad,2015-02-03,2015-02-10,104.6063,https://fred.stlouisfed.org/graph/fredgraph.csv?id=DTWEXBGS,2026-10-08
dollar_broad,2015-02-04,2015-02-11,104.785,https://fred.stlouisfed.org/graph/fredgraph.csv?id=DTWEXBGS,2026-10-08
dollar_broad,2015-02-05,2015-02-12,104.4915,https://fred.stlouisfed.org/graph/fredgraph.csv?id=DTWEXBGS,2026-10-08
dollar_broad,2015-02-06,2015-02-13,105.1283,https://fred.stlouisfed.org/graph/fredgraph.csv?id=DTWEXBGS,2026-10-08
dollar_broad,2015-02-09,2015-02-16,104.9889,https://fred.stlouisfed.org/graph/fredgraph.csv?id=DTWEXBGS,2026-10-08
dollar_broad,2015-02-10,2015-02-17,105.2897,https://fred.stlouisfed.org/graph/fredgraph.csv?id=DTWEXBGS,2026-10-08
dollar_broad,2015-02-11,2015-02-18,105.7901,https://fred.stlouisfed.org/graph/fredgraph.csv?id=DTWEXBGS,2026-10-08
dollar_broad,2015-02-12,2015-02-19,104.9385,https://fred.stlouisfed.org/graph/fredgraph.csv?id=DTWEXBGS,2026-10-08
dollar_broad,2015-02-13,2015-02-20,104.8452,https://fred.stlouisfed.org/graph/fredgraph.csv?id=DTWEXBGS,2026-10-08
dollar_broad,2015-02-18,2015-02-25,105.2514,https://fred.stlouisfed.org/graph/fredgraph.csv?id=DTWEXBGS,2026-10-08
dollar_broad,2015-02-19,2015-02-26,105.1407,https://fred.stlouisfed.org/graph/fredgraph.csv?id=DTWEXBGS,2026-10-08
dollar_broad,2015-02-20,2015-02-27,105.3387,https://fred.stlouisfed.org/graph/fredgraph.csv?id=DTWEXBGS,2026-10-08
dollar_broad,2015-02-23,2015-03-02,105.5359,https://fred.stlouisfed.org/graph/fredgraph.csv?id=DTWEXBGS,2026-10-08
dollar_broad,2015-02-24,2015-03-03,105.5472,https://fred.stlouisfed.org/graph/fredgraph.csv?id=DTWEXBGS,2026-10-08
dollar_broad,2015-02-25,2015-03-04,105.0503,https://fred.stlouisfed.org/graph/fredgraph.csv?id=DTWEXBGS,2026-10-08
dollar_broad,2015-02-26,2015-03-05,105.5021,https://fred.stlouisfed.org/graph/fredgraph.csv?id=DTWEXBGS,2026-10-08
dollar_broad,2015-02-27,2015-03-06,105.5981,https://fred.stlouisfed.org/graph/fredgraph.csv?id=DTWEXBGS,2026-10-08
dollar_broad,2015-03-02,2015-03-09,105.8151,https://fred.stlouisfed.org/graph/fredgraph.csv?id=DTWEXBGS,2026-10-08
dollar_broad,2015-03-03,2015-03-10,105.5562,https://fred.stlouisfed.org/graph/fredgraph.csv?id=DTWEXBGS,2026-10-08
dollar_broad,2015-03-04,2015-03-11,106.1333,https://fred.stlouisfed.org/graph/fredgraph.csv?id=DTWEXBGS,2026-10-08
dollar_broad,2015-03-06,2015-03-13,107.4337,https://fred.stlouisfed.org/graph/fredgraph.csv?id=DTWEXBGS,2026-10-08
dollar_broad,2015-03-09,2015-03-16,107.5199,https://fred.stlouisfed.org/graph/fredgraph.csv?id=DTWEXBGS,2026-10-08
dollar_broad,2015-03-10,2015-03-17,108.1165,https://fred.stlouisfed.org/graph/fredgraph.csv?id=DTWEXBGS,2026-10-08
dollar_broad,2015-03-11,2015-03-18,108.5235,https://fred.stlouisfed.org/graph/fredgraph.csv?id=DTWEXBGS,2026-10-08
dollar_broad,2015-03-12,2015-03-19,108.1741,https://fred.stlouisfed.org/graph/fredgraph.csv?id=DTWEXBGS,2026-10-08
dollar_broad,2015-03-13,2015-03-20,108.9174,https://fred.stlouisfed.org/graph/fredgraph.csv?id=DTWEXBGS,2026-10-08
dollar_broad,2015-03-16,2015-03-23,108.6422,https://fred.stlouisfed.org/graph/fredgraph.csv?id=DTWEXBGS,2026-10-08
dollar_broad,2015-03-17,2015-03-24,108.5805,https://fred.stlouisfed.org/graph/fredgraph.csv?id=DTWEXBGS,2026-10-08
dollar_broad,2015-03-18,2015-03-25,108.408,https://fred.stlouisfed.org/graph/fredgraph.csv?id=DTWEXBGS,2026-10-08
dollar_broad,2015-03-19,2015-03-26,108.1826,https://fred.stlouisfed.org/graph/fredgraph.csv?id=DTWEXBGS,2026-10-08
dollar_broad,2015-03-20,2015-03-27,107.1671,https://fred.stlouisfed.org/graph/fredgraph.csv?id=DTWEXBGS,2026-10-08
dollar_broad,2015-03-23,2015-03-30,106.5022,https://fred.stlouisfed.org/graph/fredgraph.csv?id=DTWEXBGS,2026-10-08
dollar_broad,2015-03-24,2015-03-31,106.4401,https://fred.stlouisfed.org/graph/fredgraph.csv?id=DTWEXBGS,2026-10-08
dollar_broad,2015-03-25,2015-04-01,106.2636,https://fred.stlouisfed.org/graph/fredgraph.csv?id=DTWEXBGS,2026-10-08
dollar_broad,2015-03-26,2015-04-02,106.5582,https://fred.stlouisfed.org/graph/fredgraph.csv?id=DTWEXBGS,2026-10-08
dollar_broad,2015-03-27,2015-04-03,106.8916,https://fred.stlouisfed.org/graph/fredgraph.csv?id=DTWEXBGS,2026-10-08
dollar_broad,2015-03-30,2015-04-06,107.3941,https://fred.stlouisfed.org/graph/fredgraph.csv?id=DTWEXBGS,2026-10-08
dollar_broad,2015-03-31,2015-04-07,107.4396,https://fred.stlouisfed.org/graph/fredgraph.csv?id=DTWEXBGS,2026-10-08
dollar_broad,2015-04-01,2015-04-08,107.06,https://fred.stlouisfed.org/graph/fredgraph.csv?id=DTWEXBGS,2026-10-08
dollar_broad,2015-04-02,2015-04-09,106.6738,https://fred.stlouisfed.org/graph/fredgraph.csv?id=DTWEXBGS,2026-10-08
dollar_broad,2015-04-03,2015-04-10,105.8861,https://fred.stlouisfed.org/graph/fredgraph.csv?id=DTWEXBGS,2026-10-08
dollar_broad,2015-04-06,2015-04-13,105.7876,https://fred.stlouisfed.org/graph/fredgraph.csv?id=DTWEXBGS,2026-10-08
dollar_broad,2015-04-07,2015-04-14,106.4488,https://fred.stlouisfed.org/graph/fredgraph.csv?id=DTWEXBGS,2026-10-08
dollar_broad,2015-04-08,2015-04-15,106.4231,https://fred.stlouisfed.org/graph/fredgraph.csv?id=DTWEXBGS,2026-10-08
dollar_broad,2015-04-09,2015-04-16,107.0335,https://fred.stlouisfed.org/graph/fredgraph.csv?id=DTWEXBGS,2026-10-08
dollar_broad,2015-04-10,2015-04-17,107.4526,https://fred.stlouisfed.org/graph/fredgraph.csv?id=DTWEXBGS,2026-10-08
dollar_broad,2015-04-13,2015-04-20,107.7508,https://fred.stlouisfed.org/graph/fredgraph.csv?id=DTWEXBGS,2026-10-08
dollar_broad,2015-04-14,2015-04-21,107.0547,https://fred.stlouisfed.org/graph/fredgraph.csv?id=DTWEXBGS,2026-10-08
dollar_broad,2015-04-15,2015-04-22,107.1855,https://fred.stlouisfed.org/graph/fredgraph.csv?id=DTWEXBGS,2026-10-08
dollar_broad,2015-04-16,2015-04-23,106.2761,https://fred.stlouisfed.org/graph/fredgraph.csv?id=DTWEXBGS,2026-10-08
dollar_broad,2015-04-17,2015-04-24,106.329,https://fred.stlouisfed.org/graph/fredgraph.csv?id=DTWEXBGS,2026-10-08
dollar_broad,2015-04-20,2015-04-27,106.4902,https://fred.stlouisfed.org/graph/fredgraph.csv?id=DTWEXBGS,2026-10-08
dollar_broad,2015-04-21,2015-04-28,106.5582,https://fred.stlouisfed.org/graph/fredgraph.csv?id=DTWEXBGS,2026-10-08
dollar_broad,2015-04-22,2015-04-29,106.5815,https://fred.stlouisfed.org/graph/fredgraph.csv?id=DTWEXBGS,2026-10-08
dollar_broad,2015-04-23,2015-04-30,106.1658,https://fred.stlouisfed.org/graph/fredgraph.csv?id=DTWEXBGS,2026-10-08
dollar_broad,2015-04-24,2015-05-01,105.905,https://fred.stlouisfed.org/graph/fredgraph.csv?id=DTWEXBGS,2026-10-08
dollar_broad,2015-04-27,2015-05-04,105.6891,https://fred.stlouisfed.org/graph/fredgraph.csv?id=DTWEXBGS,2026-10-08
dollar_broad,2015-04-28,2015-05-05,105.1234,https://fred.stlouisfed.org/graph/fredgraph.csv?id=DTWEXBGS,2026-10-08
dollar_broad,2015-04-29,2015-05-06,104.5634,https://fred.stlouisfed.org/graph/fredgraph.csv?id=DTWEXBGS,2026-10-08
dollar_broad,2015-04-30,2015-05-07,105.312,https://fred.stlouisfed.org/graph/fredgraph.csv?id=DTWEXBGS,2026-10-08
dollar_broad,2015-05-01,2015-05-08,105.6382,https://fred.stlouisfed.org/graph/fredgraph.csv?id=DTWEXBGS,2026-10-08
dollar_broad,2015-05-04,2015-05-11,105.6679,https://fred.stlouisfed.org/graph/fredgraph.csv?id=DTWEXBGS,2026-10-08
dollar_broad,2015-05-05,2015-05-12,105.2396,https://fred.stlouisfed.org/graph/fredgraph.csv?id=DTWEXBGS,2026-10-08
dollar_broad,2015-05-06,2015-05-13,104.6935,https://fred.stlouisfed.org/graph/fredgraph.csv?id=DTWEXBGS,2026-10-08
dollar_broad,2015-05-07,2015-05-14,105.1941,https://fred.stlouisfed.org/graph/fredgraph.csv?id=DTWEXBGS,2026-10-08
dollar_broad,2015-05-08,2015-05-15,104.8424,https://fred.stlouisfed.org/graph/fredgraph.csv?id=DTWEXBGS,2026-10-08
dollar_broad,2015-05-11,2015-05-18,105.3075,https://fred.stlouisfed.org/graph/fredgraph.csv?id=DTWEXBGS,2026-10-08
dollar_broad,2015-05-12,2015-05-19,104.8924,https://fred.stlouisfed.org/graph/fredgraph.csv?id=DTWEXBGS,2026-10-08
dollar_broad,2015-05-13,2015-05-20,104.3608,https://fred.stlouisfed.org/graph/fredgraph.csv?id=DTWEXBGS,2026-10-08
dollar_broad,2015-05-14,2015-05-21,104.2359,https://fred.stlouisfed.org/graph/fredgraph.csv?id=DTWEXBGS,2026-10-08
dollar_broad,2015-05-15,2015-05-22,104.0202,https://fred.stlouisfed.org/graph/fredgraph.csv?id=DTWEXBGS,2026-10-08
dollar_broad,2015-05-18,2015-05-25,104.6068,https://fred.stlouisfed.org/graph/fredgraph.csv?id=DTWEXBGS,2026-10-08
dollar_broad,2015-05-19,2015-05-26,105.3448,https://fred.stlouisfed.org/graph/fredgraph.csv?id=DTWEXBGS,2026-10-08
dollar_broad,2015-05-20,2015-05-27,105.5605,https://fred.stlouisfed.org/graph/fredgraph.csv?id=DTWEXBGS,2026-10-08
dollar_broad,2015-05-21,2015-05-28,105.3808,https://fred.stlouisfed.org/graph/fredgraph.csv?id=DTWEXBGS,2026-10-08
dollar_broad,2015-05-22,2015-05-29,105.8487,https://fred.stlouisfed.org/graph/fredgraph.csv?id=DTWEXBGS,2026-10-08
dollar_broad,2015-05-26,2015-06-02,106.7294,https://fred.stlouisfed.org/graph/fredgraph.csv?id=DTWEXBGS,2026-10-08
dollar_broad,2015-05-27,2015-06-03,106.908,https://fred.stlouisfed.org/graph/fredgraph.csv?id=DTWEXBGS,2026-10-08
dollar_broad,2015-05-28,2015-06-04,106.92,https://fred.stlouisfed.org/graph/fredgraph.csv?id=DTWEXBGS,2026-10-08
dollar_broad,2015-05-29,2015-06-05,106.7388,https://fred.stlouisfed.org/graph/fredgraph.csv?id=DTWEXBGS,2026-10-08
dollar_broad,2015-06-01,2015-06-08,107.2238,https://fred.stlouisfed.org/graph/fredgraph.csv?id=DTWEXBGS,2026-10-08
dollar_broad,2015-06-02,2015-06-09,106.4507,https://fred.stlouisfed.org/graph/fredgraph.csv?id=DTWEXBGS,2026-10-08
dollar_broad,2015-06-03,2015-06-10,106.1443,https://fred.stlouisfed.org/graph/fredgraph.csv?id=DTWEXBGS,2026-10-08
dollar_broad,2015-06-04,2015-06-11,106.4725,https://fred.stlouisfed.org/graph/fredgraph.csv?id=DTWEXBGS,2026-10-08
dollar_broad,2015-06-05,2015-06-12,107.1336,https://fred.stlouisfed.org/graph/fredgraph.csv?id=DTWEXBGS,2026-10-08
dollar_broad,2015-06-08,2015-06-15,106.7693,https://fred.stlouisfed.org/graph/fredgraph.csv?id=DTWEXBGS,2026-10-08
dollar_broad,2015-06-09,2015-06-16,106.2238,https://fred.stlouisfed.org/graph/fredgraph.csv?id=DTWEXBGS,2026-10-08
dollar_broad,2015-06-10,2015-06-17,105.8037,https://fred.stlouisfed.org/graph/fredgraph.csv?id=DTWEXBGS,2026-10-08
dollar_broad,2015-06-11,2015-06-18,106.0934,https://fred.stlouisfed.org/graph/fredgraph.csv?id=DTWEXBGS,2026-10-08
dollar_broad,2015-06-12,2015-06-19,105.9015,https://fred.stlouisfed.org/graph/fredgraph.csv?id=DTWEXBGS,2026-10-08
dollar_broad,2015-06-15,2015-06-22,105.9989,https://fred.stlouisfed.org/graph/fredgraph.csv?id=DTWEXBGS,2026-10-08
dollar_broad,2015-06-16,2015-06-23,106.0473,https://fred.stlouisfed.org/graph/fredgraph.csv?id=DTWEXBGS,2026-10-08
dollar_broad,2015-06-17,2015-06-24,106.058,https://fred.stlouisfed.org/graph/fredgraph.csv?id=DTWEXBGS,2026-10-08
dollar_broad,2015-06-18,2015-06-25,105.102,https://fred.stlouisfed.org/graph/fredgraph.csv?id=DTWEXBGS,2026-10-08
dollar_broad,2015-06-19,2015-06-26,105.4496,https://fred.stlouisfed.org/graph/fredgraph.csv?id=DTWEXBGS,2026-10-08
dollar_broad,2015-06-22,2015-06-29,105.3846,https://fred.stlouisfed.org/graph/fredgraph.csv?id=DTWEXBGS,2026-10-08
dollar_broad,2015-06-23,2015-06-30,105.9678,https://fred.stlouisfed.org/graph/fredgraph.csv?id=DTWEXBGS,2026-10-08
dollar_broad,2015-06-24,2015-07-01,106.2522,https://fred.stlouisfed.org/graph/fredgraph.csv?id=DTWEXBGS,2026-10-08
dollar_broad,2015-06-25,2015-07-02,106.1515,https://fred.stlouisfed.org/graph/fredgraph.csv?id=DTWEXBGS,2026-10-08
dollar_broad,2015-06-26,2015-07-03,106.4116,https://fred.stlouisfed.org/graph/fredgraph.csv?id=DTWEXBGS,2026-10-08
dollar_broad,2015-06-29,2015-07-06,106.3785,https://fred.stlouisfed.org/graph/fredgraph.csv?id=DTWEXBGS,2026-10-08
dollar_broad,2015-06-30,2015-07-07,106.5191,https://fred.stlouisfed.org/graph/fredgraph.csv?id=DTWEXBGS,2026-10-08
dollar_broad,2015-07-01,2015-07-08,107.0101,https://fred.stlouisfed.org/graph/fredgraph.csv?id=DTWEXBGS,2026-10-08
dollar_broad,2015-07-02,2015-07-09,106.9106,https://fred.stlouisfed.org/graph/fredgraph.csv?id=DTWEXBGS,2026-10-08
dollar_broad,2015-07-06,2015-07-13,107.1343,https://fred.stlouisfed.org/graph/fredgraph.csv?id=DTWEXBGS,2026-10-08
dollar_broad,2015-07-07,2015-07-14,107.785,https://fred.stlouisfed.org/graph/fredgraph.csv?id=DTWEXBGS,2026-10-08
dollar_broad,2015-07-08,2015-07-15,107.4734,https://fred.stlouisfed.org/graph/fredgraph.csv?id=DTWEXBGS,2026-10-08
dollar_broad,2015-07-09,2015-07-16,107.5595,https://fred.stlouisfed.org/graph/fredgraph.csv?id=DTWEXBGS,2026-10-08
dollar_broad,2015-07-10,2015-07-17,107.213,https://fred.stlouisfed.org/graph/fredgraph.csv?id=DTWEXBGS,2026-10-08
dollar_broad,2015-07-13,2015-07-20,107.5849,https://fred.stlouisfed.org/graph/fredgraph.csv?id=DTWEXBGS,2026-10-08
dollar_broad,2015-07-14,2015-07-21,107.4843,https://fred.stlouisfed.org/graph/fredgraph.csv?id=DTWEXBGS,2026-10-08
dollar_broad,2015-07-15,2015-07-22,108.0149,https://fred.stlouisfed.org/graph/fredgraph.csv?id=DTWEXBGS,2026-10-08
dollar_broad,2015-07-16,2015-07-23,108.1726,https://fred.stlouisfed.org/graph/fredgraph.csv?id=DTWEXBGS,2026-10-08
dollar_broad,2015-07-17,2015-07-24,108.5374,https://fred.stlouisfed.org/graph/fredgraph.csv?id=DTWEXBGS,2026-10-08
dollar_broad,2015-07-20,2015-07-27,108.6944,https://fred.stlouisfed.org/graph/fredgraph.csv?id=DTWEXBGS,2026-10-08
dollar_broad,2015-07-21,2015-07-28,108.3893,https://fred.stlouisfed.org/graph/fredgraph.csv?id=DTWEXBGS,2026-10-08
dollar_broad,2015-07-22,2015-07-29,108.7817,https://fred.stlouisfed.org/graph/fredgraph.csv?id=DTWEXBGS,2026-10-08
dollar_broad,2015-07-23,2015-07-30,108.7565,https://fred.stlouisfed.org/graph/fredgraph.csv?id=DTWEXBGS,2026-10-08
dollar_broad,2015-07-24,2015-07-31,109.0174,https://fred.stlouisfed.org/graph/fredgraph.csv?id=DTWEXBGS,2026-10-08
dollar_broad,2015-07-27,2015-08-03,108.6924,https://fred.stlouisfed.org/graph/fredgraph.csv?id=DTWEXBGS,2026-10-08
dollar_broad,2015-07-28,2015-08-04,108.6881,https://fred.stlouisfed.org/graph/fredgraph.csv?id=DTWEXBGS,2026-10-08
dollar_broad,2015-07-29,2015-08-05,108.604,https://fred.stlouisfed.org/graph/fredgraph.csv?id=DTWEXBGS,2026-10-08
dollar_broad,2015-07-30,2015-08-06,109.4328,https://fred.stlouisfed.org/graph/fredgraph.csv?id=DTWEXBGS,2026-10-08
dollar_broad,2015-07-31,2015-08-07,108.7819,https://fred.stlouisfed.org/graph/fredgraph.csv?id=DTWEXBGS,2026-10-08
dollar_broad,2015-08-03,2015-08-10,109.214,https://fred.stlouisfed.org/graph/fredgraph.csv?id=DTWEXBGS,2026-10-08
dollar_broad,2015-08-04,2015-08-11,109.2244,https://fred.stlouisfed.org/graph/fredgraph.csv?id=DTWEXBGS,2026-10-08
dollar_broad,2015-08-05,2015-08-12,109.842,https://fred.stlouisfed.org/graph/fredgraph.csv?id=DTWEXBGS,2026-10-08
dollar_broad,2015-08-06,2015-08-13,109.722,https://fred.stlouisfed.org/graph/fredgraph.csv?id=DTWEXBGS,2026-10-08
dollar_broad,2015-08-07,2015-08-14,109.4376,https://fred.stlouisfed.org/graph/fredgraph.csv?id=DTWEXBGS,2026-10-08
dollar_broad,2015-08-10,2015-08-17,109.1931,https://fred.stlouisfed.org/graph/fredgraph.csv?id=DTWEXBGS,2026-10-08
dollar_broad,2015-08-11,2015-08-18,109.9464,https://fred.stlouisfed.org/graph/fredgraph.csv?id=DTWEXBGS,2026-10-08
dollar_broad,2015-08-12,2015-08-19,109.4655,https://fred.stlouisfed.org/graph/fredgraph.csv?id=DTWEXBGS,2026-10-08
dollar_broad,2015-08-13,2015-08-20,109.9025,https://fred.stlouisfed.org/graph/fredgraph.csv?id=DTWEXBGS,2026-10-08
dollar_broad,2015-08-14,2015-08-21,109.9174,https://fred.stlouisfed.org/graph/fredgraph.csv?id=DTWEXBGS,2026-10-08
dollar_broad,2015-08-17,2015-08-24,110.1435,https://fred.stlouisfed.org/graph/fredgraph.csv?id=DTWEXBGS,2026-10-08
dollar_broad,2015-08-18,2015-08-25,110.2504,https://fred.stlouisfed.org/graph/fredgraph.csv?id=DTWEXBGS,2026-10-08
dollar_broad,2015-08-19,2015-08-26,110.4333,https://fred.stlouisfed.org/graph/fredgraph.csv?id=DTWEXBGS,2026-10-08
dollar_broad,2015-08-20,2015-08-27,110.1077,https://fred.stlouisfed.org/graph/fredgraph.csv?id=DTWEXBGS,2026-10-08
dollar_broad,2015-08-21,2015-08-28,110.1443,https://fred.stlouisfed.org/graph/fredgraph.csv?id=DTWEXBGS,2026-10-08
dollar_broad,2015-08-24,2015-08-31,109.9306,https://fred.stlouisfed.org/graph/fredgraph.csv?id=DTWEXBGS,2026-10-08
dollar_broad,2015-08-25,2015-09-01,110.3394,https://fred.stlouisfed.org/graph/fredgraph.csv?id=DTWEXBGS,2026-10-08
dollar_broad,2015-08-26,2015-09-02,110.5807,https://fred.stlouisfed.org/graph/fredgraph.csv?id=DTWEXBGS,2026-10-08
dollar_broad,2015-08-27,2015-09-03,110.4834,https://fred.stlouisfed.org/graph/fredgraph.csv?id=DTWEXBGS,2026-10-08
dollar_broad,2015-08-28,2015-09-04,110.6714,https://fred.stlouisfed.org/graph/fredgraph.csv?id=DTWEXBGS,2026-10-08
dollar_broad,2015-08-31,2015-09-07,110.5621,https://fred.stlouisfed.org/graph/fredgraph.csv?id=DTWEXBGS,2026-10-08
dollar_broad,2015-09-01,2015-09-08,110.4506,https://fred.stlouisfed.org/graph/fredgraph.csv?id=DTWEXBGS,2026-10-08
dollar_broad,2015-09-02,2015-09-09,110.7979,https://fred.stlouisfed.org/graph/fredgraph.csv?id=DTWEXBGS,2026-10-08
dollar_broad,2015-09-03,2015-09-10,110.8566,https://fred.stlouisfed.org/graph/fredgraph.csv?id=DTWEXBGS,2026-10-08
dollar_broad,2015-09-04,2015-09-11,111.1018,https://fred.stlouisfed.org/graph/fredgraph.csv?id=DTWEXBGS,2026-10-08
dollar_broad,2015-09-08,2015-09-15,110.7942,https://fred.stlouisfed.org/graph/fredgraph.csv?id=DTWEXBGS,2026-10-08
dollar_broad,2015-09-09,2015-09-16,110.9225,https://fred.stlouisfed.org/graph/fredgraph.csv?id=DTWEXBGS,2026-10-08
dollar_broad,2015-09-10,2015-09-17,110.6331,https://fred.stlouisfed.org/graph/fredgraph.csv?id=DTWEXBGS,2026-10-08
dollar_broad,2015-09-11,2015-09-18,110.6109,https://fred.stlouisfed.org/graph/fredgraph.csv?id=DTWEXBGS,2026-10-08
dollar_broad,2015-09-14,2015-09-21,110.5005,https://fred.stlouisfed.org/graph/fredgraph.csv?id=DTWEXBGS,2026-10-08
dollar_broad,2015-09-15,2015-09-22,110.6394,https://fred.stlouisfed.org/graph/fredgraph.csv?id=DTWEXBGS,2026-10-08
dollar_broad,2015-09-16,2015-09-23,110.1021,https://fred.stlouisfed.org/graph/fredgraph.csv?id=DTWEXBGS,2026-10-08
dollar_broad,2015-09-17,2015-09-24,110.1212,https://fred.stlouisfed.org/graph/fredgraph.csv?id=DTWEXBGS,2026-10-08
dollar_broad,2015-09-18,2015-09-25,109.8165,https://fred.stlouisfed.org/graph/fredgraph.csv?id=DTWEXBGS,2026-10-08
dollar_broad,2015-09-21,2015-09-28,110.6414,https://fred.stlouisfed.org/graph/fredgraph.csv?id=DTWEXBGS,2026-10-08
dollar_broad,2015-09-22,2015-09-29,111.1967,https://fred.stlouisfed.org/graph/fredgraph.csv?id=DTWEXBGS,2026-10-08
dollar_broad,2015-09-23,2015-09-30,111.6287,https://fred.stlouisfed.org/graph/fredgraph.csv?id=DTWEXBGS,2026-10-08
dollar_broad,2015-09-24,2015-10-01,111.4454,https://fred.stlouisfed.org/graph/fredgraph.csv?id=DTWEXBGS,2026-10-08
dollar_broad,2015-09-25,2015-10-02,111.3725,https://fred.stlouisfed.org/graph/fredgraph.csv?id=DTWEXBGS,2026-10-08
dollar_broad,2015-09-28,2015-10-05,111.3914,https://fred.stlouisfed.org/graph/fredgraph.csv?id=DTWEXBGS,2026-10-08
dollar_broad,2015-09-29,2015-10-06,111.5219,https://fred.stlouisfed.org/graph/fredgraph.csv?id=DTWEXBGS,2026-10-08
dollar_broad,2015-09-30,2015-10-07,111.3311,https://fred.stlouisfed.org/graph/fredgraph.csv?id=DTWEXBGS,2026-10-08
dollar_broad,2015-10-01,2015-10-08,111.0439,https://fred.stlouisfed.org/graph/fredgraph.csv?id=DTWEXBGS,2026-10-08
dollar_broad,2015-10-02,2015-10-09,110.7006,https://fred.stlouisfed.org/graph/fredgraph.csv?id=DTWEXBGS,2026-10-08
dollar_broad,2015-10-05,2015-10-12,110.4445,https://fred.stlouisfed.org/graph/fredgraph.csv?id=DTWEXBGS,2026-10-08
dollar_broad,2015-10-06,2015-10-13,110.1371,https://fred.stlouisfed.org/graph/fredgraph.csv?id=DTWEXBGS,2026-10-08
dollar_broad,2015-10-07,2015-10-14,109.8162,https://fred.stlouisfed.org/graph/fredgraph.csv?id=DTWEXBGS,2026-10-08
dollar_broad,2015-10-08,2015-10-15,109.6452,https://fred.stlouisfed.org/graph/fredgraph.csv?id=DTWEXBGS,2026-10-08
dollar_broad,2015-10-09,2015-10-16,109.0782,https://fred.stlouisfed.org/graph/fredgraph.csv?id=DTWEXBGS,2026-10-08
dollar_broad,2015-10-13,2015-10-20,109.4119,https://fred.stlouisfed.org/graph/fredgraph.csv?id=DTWEXBGS,2026-10-08
dollar_broad,2015-10-14,2015-10-21,109.1244,https://fred.stlouisfed.org/graph/fredgraph.csv?id=DTWEXBGS,2026-10-08
dollar_broad,2015-10-15,2015-10-22,108.6671,https://fred.stlouisfed.org/graph/fredgraph.csv?id=DTWEXBGS,2026-10-08
dollar_broad,2015-10-16,2015-10-23,108.9956,https://fred.stlouisfed.org/graph/fredgraph.csv?id=DTWEXBGS,2026-10-08
dollar_broad,2015-10-19,2015-10-26,109.3858,https://fred.stlouisfed.org/graph/fredgraph.csv?id=DTWEXBGS,2026-10-08
dollar_broad,2015-10-20,2015-10-27,109.3368,https://fred.stlouisfed.org/graph/fredgraph.csv?id=DTWEXBGS,2026-10-08
dollar_broad,2015-10-21,2015-10-28,109.7746,https://fred.stlouisfed.org/graph/fredgraph.csv?id=DTWEXBGS,2026-10-08
dollar_broad,2015-10-22,2015-10-29,110.0342,https://fred.stlouisfed.org/graph/fredgraph.csv?id=DTWEXBGS,2026-10-08
dollar_broad,2015-10-23,2015-10-30,110.4329,https://fred.stlouisfed.org/graph/fredgraph.csv?id=DTWEXBGS,2026-10-08
dollar_broad,2015-10-26,2015-11-02,110.2089,https://fred.stlouisfed.org/graph/fredgraph.csv?id=DTWEXBGS,2026-10-08
dollar_broad,2015-10-27,2015-11-03,110.4875,https://fred.stlouisfed.org/graph/fredgraph.csv?id=DTWEXBGS,2026-10-08
dollar_broad,2015-10-28,2015-11-04,110.2334,https://fred.stlouisfed.org/graph/fredgraph.csv?id=DTWEXBGS,2026-10-08
dollar_broad,2015-10-29,2015-11-05,110.8083,https://fred.stlouisfed.org/graph/fredgraph.csv?id=DTWEXBGS,2026-10-08
dollar_broad,2015-10-30,2015-11-06,110.2079,https://fred.stlouisfed.org/graph/fredgraph.csv?id=DTWEXBGS,2026-10-08
dollar_broad,2015-11-02,2015-11-09,110.2188,https://fred.stlouisfed.org/graph/fredgraph.csv?id=DTWEXBGS,2026-10-08
dollar_broad,2015-11-03,2015-11-10,110.244,https://fred.stlouisfed.org/graph/fredgraph.csv?id=DTWEXBGS,2026-10-08
dollar_broad,2015-11-04,2015-11-11,110.7139,https://fred.stlouisfed.org/graph/fredgraph.csv?id=DTWEXBGS,2026-10-08
dollar_broad,2015-11-05,2015-11-12,110.8302,https://fred.stlouisfed.org/graph/fredgraph.csv?id=DTWEXBGS,2026-10-08
dollar_broad,2015-11-06,2015-11-13,111.7603,https://fred.stlouisfed.org/graph/fredgraph.csv?id=DTWEXBGS,2026-10-08
dollar_broad,2015-11-09,2015-11-16,111.9112,https://fred.stlouisfed.org/graph/fredgraph.csv?id=DTWEXBGS,2026-10-08
dollar_broad,2015-11-10,2015-11-17,111.9919,https://fred.stlouisfed.org/graph/fredgraph.csv?id=DTWEXBGS,2026-10-08
dollar_broad,2015-11-12,2015-11-19,111.7965,https://fred.stlouisfed.org/graph/fredgraph.csv?id=DTWEXBGS,2026-10-08
dollar_broad,2015-11-13,2015-11-20,112.0264,https://fred.stlouisfed.org/graph/fredgraph.csv?id=DTWEXBGS,2026-10-08
dollar_broad,2015-11-16,2015-11-23,112.2199,https://fred.stlouisfed.org/graph/fredgraph.csv?id=DTWEXBGS,2026-10-08
dollar_broad,2015-11-17,2015-11-24,112.3141,https://fred.stlouisfed.org/graph/fredgraph.csv?id=DTWEXBGS,2026-10-08
dollar_broad,2015-11-18,2015-11-25,112.3663,https://fred.stlouisfed.org/graph/fredgraph.csv?id=DTWEXBGS,2026-10-08
dollar_broad,2015-11-19,2015-11-26,111.5749,https://fred.stlouisfed.org/graph/fredgraph.csv?id=DTWEXBGS,2026-10-08
dollar_broad,2015-11-20,2015-11-27,111.7799,https://fred.stlouisfed.org/graph/fredgraph.csv?id=DTWEXBGS,2026-10-08
dollar_broad,2015-11-23,2015-11-30,112.1125,https://fred.stlouisfed.org/graph/fredgraph.csv?id=DTWEXBGS,2026-10-08
dollar_broad,2015-11-24,2015-12-01,111.7638,https://fred.stlouisfed.org/graph/fredgraph.csv?id=DTWEXBGS,2026-10-08
dollar_broad,2015-11-25,2015-12-02,111.8936,https://fred.stlouisfed.org/graph/fredgraph.csv?id=DTWEXBGS,2026-10-08
dollar_broad,2015-11-27,2015-12-04,112.2824,https://fred.stlouisfed.org/graph/fredgraph.csv?id=DTWEXBGS,2026-10-08
dollar_broad,2015-11-30,2015-12-07,112.34,https://fred.stlouisfed.org/graph/fredgraph.csv?id=DTWEXBGS,2026-10-08
dollar_broad,2015-12-01,2015-12-08,112.1134,https://fred.stlouisfed.org/graph/fredgraph.csv?id=DTWEXBGS,2026-10-08
dollar_broad,2015-12-02,2015-12-09,112.3715,https://fred.stlouisfed.org/graph/fredgraph.csv?id=DTWEXBGS,2026-10-08
dollar_broad,2015-12-03,2015-12-10,111.6407,https://fred.stlouisfed.org/graph/fredgraph.csv?id=DTWEXBGS,2026-10-08
dollar_broad,2015-12-04,2015-12-11,111.5463,https://fred.stlouisfed.org/graph/fredgraph.csv?id=DTWEXBGS,2026-10-08
dollar_broad,2015-12-07,2015-12-14,112.3056,https://fred.stlouisfed.org/graph/fredgraph.csv?id=DTWEXBGS,2026-10-08
dollar_broad,2015-12-08,2015-12-15,112.5485,https://fred.stlouisfed.org/graph/fredgraph.csv?id=DTWEXBGS,2026-10-08
dollar_broad,2015-12-09,2015-12-16,112.1918,https://fred.stlouisfed.org/graph/fredgraph.csv?id=DTWEXBGS,2026-10-08
dollar_broad,2015-12-10,2015-12-17,112.2672,https://fred.stlouisfed.org/graph/fredgraph.csv?id=DTWEXBGS,2026-10-08
dollar_broad,2015-12-11,2015-12-18,112.7147,https://fred.stlouisfed.org/graph/fredgraph.csv?id=DTWEXBGS,2026-10-08
dollar_broad,2015-12-14,2015-12-21,112.7521,https://fred.stlouisfed.org/graph/fredgraph.csv?id=DTWEXBGS,2026-10-08
dollar_broad,2015-12-15,2015-12-22,112.8609,https://fred.stlouisfed.org/graph/fredgraph.csv?id=DTWEXBGS,2026-10-08
dollar_broad,2015-12-16,2015-12-23,112.9864,https://fred.stlouisfed.org/graph/fredgraph.csv?id=DTWEXBGS,2026-10-08
dollar_broad,2015-12-17,2015-12-24,113.8177,https://fred.stlouisfed.org/graph/fredgraph.csv?id=DTWEXBGS,2026-10-08
dollar_broad,2015-12-18,2015-12-25,113.2837,https://fred.stlouisfed.org/graph/fredgraph.csv?id=DTWEXBGS,2026-10-08
dollar_broad,2015-12-21,2015-12-28,113.4144,https://fred.stlouisfed.org/graph/fredgraph.csv?id=DTWEXBGS,2026-10-08
dollar_broad,2015-12-22,2015-12-29,113.211,https://fred.stlouisfed.org/graph/fredgraph.csv?id=DTWEXBGS,2026-10-08
dollar_broad,2015-12-23,2015-12-30,113.1847,https://fred.stlouisfed.org/graph/fredgraph.csv?id=DTWEXBGS,2026-10-08
dollar_broad,2015-12-24,2015-12-31,113.0496,https://fred.stlouisfed.org/graph/fredgraph.csv?id=DTWEXBGS,2026-10-08
dollar_broad,2015-12-28,2016-01-04,113.0461,https://fred.stlouisfed.org/graph/fredgraph.csv?id=DTWEXBGS,2026-10-08
dollar_broad,2015-12-29,2016-01-05,113.1664,https://fred.stlouisfed.org/graph/fredgraph.csv?id=DTWEXBGS,2026-10-08
dollar_broad,2015-12-30,2016-01-06,113.4707,https://fred.stlouisfed.org/graph/fredgraph.csv?id=DTWEXBGS,2026-10-08
dollar_broad,2015-12-31,2016-01-07,113.3429,https://fred.stlouisfed.org/graph/fredgraph.csv?id=DTWEXBGS,2026-10-08
dollar_broad,2016-01-04,2016-01-11,114.1595,https://fred.stlouisfed.org/graph/fredgraph.csv?id=DTWEXBGS,2026-10-08
dollar_broad,2016-01-05,2016-01-12,114.2649,https://fred.stlouisfed.org/graph/fredgraph.csv?id=DTWEXBGS,2026-10-08
dollar_broad,2016-01-06,2016-01-13,114.6177,https://fred.stlouisfed.org/graph/fredgraph.csv?id=DTWEXBGS,2026-10-08
dollar_broad,2016-01-07,2016-01-14,114.6516,https://fred.stlouisfed.org/graph/fredgraph.csv?id=DTWEXBGS,2026-10-08
dollar_broad,2016-01-08,2016-01-15,115.0095,https://fred.stlouisfed.org/graph/fredgraph.csv?id=DTWEXBGS,2026-10-08
dollar_broad,2016-01-11,2016-01-18,115.0139,https://fred.stlouisfed.org/graph/fredgraph.csv?id=DTWEXBGS,2026-10-08
dollar_broad,2016-01-12,2016-01-19,115.3128,https://fred.stlouisfed.org/graph/fredgraph.csv?id=DTWEXBGS,2026-10-08
dollar_broad,2016-01-13,2016-01-20,115.1425,https://fred.stlouisfed.org/graph/fredgraph.csv?id=DTWEXBGS,2026-10-08
dollar_broad,2016-01-14,2016-01-21,115.3846,https://fred.stlouisfed.org/graph/fredgraph.csv?id=DTWEXBGS,2026-10-08
dollar_broad,2016-01-15,2016-01-22,115.7404,https://fred.stlouisfed.org/graph/fredgraph.csv?id=DTWEXBGS,2026-10-08
dollar_broad,2016-01-19,2016-01-26,115.8155,https://fred.stlouisfed.org/graph/fredgraph.csv?id=DTWEXBGS,2026-10-08
dollar_broad,2016-01-20,2016-01-27,116.3498,https://fred.stlouisfed.org/graph/fredgraph.csv?id=DTWEXBGS,2026-10-08
dollar_broad,2016-01-21,2016-01-28,115.9833,https://fred.stlouisfed.org/graph/fredgraph.csv?id=DTWEXBGS,2026-10-08
dollar_broad,2016-01-27,2016-02-03,115.5087,https://fred.stlouisfed.org/graph/fredgraph.csv?id=DTWEXBGS,2026-10-08
dollar_broad,2016-01-28,2016-02-04,115.2224,https://fred.stlouisfed.org/graph/fredgraph.csv?id=DTWEXBGS,2026-10-08
dollar_broad,2016-01-29,2016-02-05,115.5731,https://fred.stlouisfed.org/graph/fredgraph.csv?id=DTWEXBGS,2026-10-08
dollar_broad,2016-02-01,2016-02-08,115.3331,https://fred.stlouisfed.org/graph/fredgraph.csv?id=DTWEXBGS,2026-10-08
dollar_broad,2016-02-02,2016-02-09,115.553,https://fred.stlouisfed.org/graph/fredgraph.csv?id=DTWEXBGS,2026-10-08
dollar_broad,2016-02-03,2016-02-10,114.6144,https://fred.stlouisfed.org/graph/fredgraph.csv?id=DTWEXBGS,2026-10-08
dollar_broad,2016-02-04,2016-02-11,113.6012,https://fred.stlouisfed.org/graph/fredgraph.csv?id=DTWEXBGS,2026-10-08
dollar_broad,2016-02-05,2016-02-12,114.2935,https://fred.stlouisfed.org/graph/fredgraph.csv?id=DTWEXBGS,2026-10-08
dollar_broad,2016-02-08,2016-02-15,114.4351,https://fred.stlouisfed.org/graph/fredgraph.csv?id=DTWEXBGS,2026-10-08
dollar_broad,2016-02-09,2016-02-16,114.127,https://fred.stlouisfed.org/graph/fredgraph.csv?id=DTWEXBGS,2026-10-08
dollar_broad,2016-02-10,2016-02-17,114.2877,https://fred.stlouisfed.org/graph/fredgraph.csv?id=DTWEXBGS,2026-10-08
dollar_broad,2016-02-11,2016-02-18,114.1845,https://fred.stlouisfed.org/graph/fredgraph.csv?id=DTWEXBGS,2026-10-08
dollar_broad,2016-02-12,2016-02-19,114.2992,https://fred.stlouisfed.org/graph/fredgraph.csv?id=DTWEXBGS,2026-10-08
dollar_broad,2016-02-16,2016-02-23,114.4905,https://fred.stlouisfed.org/graph/fredgraph.csv?id=DTWEXBGS,2026-10-08
dollar_broad,2016-02-17,2016-02-24,113.8634,https://fred.stlouisfed.org/graph/fredgraph.csv?id=DTWEXBGS,2026-10-08
dollar_broad,2016-02-18,2016-02-25,113.8897,https://fred.stlouisfed.org/graph/fredgraph.csv?id=DTWEXBGS,2026-10-08
dollar_broad,2016-02-19,2016-02-26,113.9558,https://fred.stlouisfed.org/graph/fredgraph.csv?id=DTWEXBGS,2026-10-08
dollar_broad,2016-02-22,2016-02-29,113.8232,https://fred.stlouisfed.org/graph/fredgraph.csv?id=DTWEXBGS,2026-10-08
dollar_broad,2016-02-23,2016-03-01,114.177,https://fred.stlouisfed.org/graph/fredgraph.csv?id=DTWEXBGS,2026-10-08
dollar_broad,2016-02-24,2016-03-02,114.1716,https://fred.stlouisfed.org/graph/fredgraph.csv?id=DTWEXBGS,2026-10-08
dollar_broad,2016-02-25,2016-03-03,113.9222,https://fred.stlouisfed.org/graph/fredgraph.csv?id=DTWEXBGS,2026-10-08
dollar_broad,2016-02-26,2016-03-04,114.3708,https://fred.stlouisfed.org/graph/fredgraph.csv?id=DTWEXBGS,2026-10-08
dollar_broad,2016-02-29,2016-03-07,114.2418,https://fred.stlouisfed.org/graph/fredgraph.csv?id=DTWEXBGS,2026-10-08
dollar_broad,2016-03-01,2016-03-08,113.9265,https://fred.stlouisfed.org/graph/fredgraph.csv?id=DTWEXBGS,2026-10-08
dollar_broad,2016-03-02,2016-03-09,113.7965,https://fred.stlouisfed.org/graph/fredgraph.csv?id=DTWEXBGS,2026-10-08
dollar_broad,2016-03-03,2016-03-10,113.2482,https://fred.stlouisfed.org/graph/fredgraph.csv?id=DTWEXBGS,2026-10-08
dollar_broad,2016-03-04,2016-03-11,112.6387,https://fred.stlouisfed.org/graph/fredgraph.csv?id=DTWEXBGS,2026-10-08
dollar_broad,2016-03-07,2016-03-14,112.6219,https://fred.stlouisfed.org/graph/fredgraph.csv?id=DTWEXBGS,2026-10-08
dollar_broad,2016-03-08,2016-03-15,112.8465,https://fred.stlouisfed.org/graph/fredgraph.csv?id=DTWEXBGS,2026-10-08
dollar_broad,2016-03-09,2016-03-16,112.4268,https://fred.stlouisfed.org/graph/fredgraph.csv?id=DTWEXBGS,2026-10-08
dollar_broad,2016-03-10,2016-03-17,112.4191,https://fred.stlouisfed.org/graph/fredgraph.csv?id=DTWEXBGS,2026-10-08
dollar_broad,2016-03-11,2016-03-18,111.741,https://fred.stlouisfed.org/graph/fredgraph.csv?id=DTWEXBGS,2026-10-08
dollar_broad,2016-03-14,2016-03-21,112.1688,https://fred.stlouisfed.org/graph/fredgraph.csv?id=DTWEXBGS,2026-10-08
dollar_broad,2016-03-15,2016-03-22,112.5545,https://fred.stlouisfed.org/graph/fredgraph.csv?id=DTWEXBGS,2026-10-08
dollar_broad,2016-03-16,2016-03-23,112.7759,https://fred.stlouisfed.org/graph/fredgraph.csv?id=DTWEXBGS,2026-10-08
dollar_broad,2016-03-17,2016-03-24,110.445,https://fred.stlouisfed.org/graph/fredgraph.csv?id=DTWEXBGS,2026-10-08
dollar_broad,2016-03-18,2016-03-25,110.4002,https://fred.stlouisfed.org/graph/fredgraph.csv?id=DTWEXBGS,2026-10-08
dollar_broad,2016-03-21,2016-03-28,110.737,https://fred.stlouisfed.org/graph/fredgraph.csv?id=DTWEXBGS,2026-10-08
dollar_broad,2016-03-22,2016-03-29,110.7877,https://fred.stlouisfed.org/graph/fredgraph.csv?id=DTWEXBGS,2026-10-08
dollar_broad,2016-03-23,2016-03-30,111.5473,https://fred.stlouisfed.org/graph/fredgraph.csv?id=DTWEXBGS,2026-10-08
dollar_broad,2016-03-24,2016-03-31,111.816,https://fred.stlouisfed.org/graph/fredgraph.csv?id=DTWEXBGS,2026-10-08
dollar_broad,2016-03-25,2016-04-01,111.7698,https://fred.stlouisfed.org/graph/fredgraph.csv?id=DTWEXBGS,2026-10-08
dollar_broad,2016-03-28,2016-04-04,111.3578,https://fred.stlouisfed.org/graph/fredgraph.csv?id=DTWEXBGS,2026-10-08
dollar_broad,2016-03-29,2016-04-05,111.3736,https://fred.stlouisfed.org/graph/fredgraph.csv?id=DTWEXBGS,2026-10-08
dollar_broad,2016-03-30,2016-04-06,110.2301,https://fred.stlouisfed.org/graph/fredgraph.csv?id=DTWEXBGS,2026-10-08
dollar_broad,2016-03-31,2016-04-07,109.9191,https://fred.stlouisfed.org/graph/fredgraph.csv?id=DTWEXBGS,2026-10-08
dollar_broad,2016-04-01,2016-04-08,110.2977,https://fred.stlouisfed.org/graph/fredgraph.csv?id=DTWEXBGS,2026-10-08
dollar_broad,2016-04-04,2016-04-11,110.3987,https://fred.stlouisfed.org/graph/fredgraph.csv?id=DTWEXBGS,2026-10-08
dollar_broad,2016-04-05,2016-04-12,110.9478,https://fred.stlouisfed.org/graph/fredgraph.csv?id=DTWEXBGS,2026-10-08
dollar_broad,2016-04-06,2016-04-13,110.5347,https://fred.stlouisfed.org/graph/fredgraph.csv?id=DTWEXBGS,2026-10-08
dollar_broad,2016-04-07,2016-04-14,110.8876,https://fred.stlouisfed.org/graph/fredgraph.csv?id=DTWEXBGS,2026-10-08
dollar_broad,2016-04-08,2016-04-15,110.4213,https://fred.stlouisfed.org/graph/fredgraph.csv?id=DTWEXBGS,2026-10-08
dollar_broad,2016-04-11,2016-04-18,109.9758,https://fred.stlouisfed.org/graph/fredgraph.csv?id=DTWEXBGS,2026-10-08
dollar_broad,2016-04-12,2016-04-19,109.816,https://fred.stlouisfed.org/graph/fredgraph.csv?id=DTWEXBGS,2026-10-08
dollar_broad,2016-04-13,2016-04-20,110.1436,https://fred.stlouisfed.org/graph/fredgraph.csv?id=DTWEXBGS,2026-10-08
dollar_broad,2016-04-14,2016-04-21,110.1691,https://fred.stlouisfed.org/graph/fredgraph.csv?id=DTWEXBGS,2026-10-08
dollar_broad,2016-04-15,2016-04-22,110.1933,https://fred.stlouisfed.org/graph/fredgraph.csv?id=DTWEXBGS,2026-10-08
dollar_broad,2016-04-18,2016-04-25,109.9892,https://fred.stlouisfed.org/graph/fredgraph.csv?id=DTWEXBGS,2026-10-08
dollar_broad,2016-04-19,2016-04-26,109.2782,https://fred.stlouisfed.org/graph/fredgraph.csv?id=DTWEXBGS,2026-10-08
dollar_broad,2016-04-20,2016-04-27,109.3926,https://fred.stlouisfed.org/graph/fredgraph.csv?id=DTWEXBGS,2026-10-08
dollar_broad,2016-04-21,2016-04-28,109.8533,https://fred.stlouisfed.org/graph/fredgraph.csv?id=DTWEXBGS,2026-10-08
dollar_broad,2016-04-22,2016-04-29,110.2331,https://fred.stlouisfed.org/graph/fredgraph.csv?id=DTWEXBGS,2026-10-08
dollar_broad,2016-04-25,2016-05-02,110.1865,https://fred.stlouisfed.org/graph/fredgraph.csv?id=DTWEXBGS,2026-10-08
dollar_broad,2016-04-26,2016-05-03,109.7496,https://fred.stlouisfed.org/graph/fredgraph.csv?id=DTWEXBGS,2026-10-08
dollar_broad,2016-04-27,2016-05-04,109.8483,https://fred.stlouisfed.org/graph/fredgraph.csv?id=DTWEXBGS,2026-10-08
dollar_broad,2016-04-28,2016-05-05,109.2148,https://fred.stlouisfed.org/graph/fredgraph.csv?id=DTWEXBGS,2026-10-08
dollar_broad,2016-04-29,2016-05-06,108.8274,https://fred.stlouisfed.org/graph/fredgraph.csv?id=DTWEXBGS,2026-10-08
dollar_broad,2016-05-02,2016-05-09,108.671,https://fred.stlouisfed.org/graph/fredgraph.csv?id=DTWEXBGS,2026-10-08
dollar_broad,2016-05-03,2016-05-10,109.3613,https://fred.stlouisfed.org/graph/fredgraph.csv?id=DTWEXBGS,2026-10-08
dollar_broad,2016-05-04,2016-05-11,109.9952,https://fred.stlouisfed.org/graph/fredgraph.csv?id=DTWEXBGS,2026-10-08
dollar_broad,2016-05-05,2016-05-12,110.2417,https://fred.stlouisfed.org/graph/fredgraph.csv?id=DTWEXBGS,2026-10-08
dollar_broad,2016-05-06,2016-05-13,110.3801,https://fred.stlouisfed.org/graph/fredgraph.csv?id=DTWEXBGS,2026-10-08
dollar_broad,2016-05-09,2016-05-16,110.9466,https://fred.stlouisfed.org/graph/fredgraph.csv?id=DTWEXBGS,2026-10-08
dollar_broad,2016-05-10,2016-05-17,110.8225,https://fred.stlouisfed.org/graph/fredgraph.csv?id=DTWEXBGS,2026-10-08
dollar_broad,2016-05-11,2016-05-18,110.2806,https://fred.stlouisfed.org/graph/fredgraph.csv?id=DTWEXBGS,2026-10-08
dollar_broad,2016-05-12,2016-05-19,110.6935,https://fred.stlouisfed.org/graph/fredgraph.csv?id=DTWEXBGS,2026-10-08
dollar_broad,2016-05-13,2016-05-20,111.2521,https://fred.stlouisfed.org/graph/fredgraph.csv?id=DTWEXBGS,2026-10-08
dollar_broad,2016-05-16,2016-05-23,111.1217,https://fred.stlouisfed.org/graph/fredgraph.csv?id=DTWEXBGS,2026-10-08
dollar_broad,2016-05-17,2016-05-24,111.0867,https://fred.stlouisfed.org/graph/fredgraph.csv?id=DTWEXBGS,2026-10-08
dollar_broad,2016-05-18,2016-05-25,111.4995,https://fred.stlouisfed.org/graph/fredgraph.csv?id=DTWEXBGS,2026-10-08
dollar_broad,2016-05-19,2016-05-26,112.2331,https://fred.stlouisfed.org/graph/fredgraph.csv?id=DTWEXBGS,2026-10-08
dollar_broad,2016-05-20,2016-05-27,112.1822,https://fred.stlouisfed.org/graph/fredgraph.csv?id=DTWEXBGS,2026-10-08
dollar_broad,2016-05-23,2016-05-30,112.284,https://fred.stlouisfed.org/graph/fredgraph.csv?id=DTWEXBGS,2026-10-08
dollar_broad,2016-05-24,2016-05-31,112.2912,https://fred.stlouisfed.org/graph/fredgraph.csv?id=DTWEXBGS,2026-10-08
dollar_broad,2016-05-25,2016-06-01,112.2001,https://fred.stlouisfed.org/graph/fredgraph.csv?id=DTWEXBGS,2026-10-08
dollar_broad,2016-05-26,2016-06-02,111.8979,https://fred.stlouisfed.org/graph/fredgraph.csv?id=DTWEXBGS,2026-10-08
dollar_broad,2016-05-27,2016-06-03,112.0822,https://fred.stlouisfed.org/graph/fredgraph.csv?id=DTWEXBGS,2026-10-08
dollar_broad,2016-05-31,2016-06-07,112.4276,https://fred.stlouisfed.org/graph/fredgraph.csv?id=DTWEXBGS,2026-10-08
dollar_broad,2016-06-01,2016-06-08,112.462,https://fred.stlouisfed.org/graph/fredgraph.csv?id=DTWEXBGS,2026-10-08
dollar_broad,2016-06-02,2016-06-09,112.4564,https://fred.stlouisfed.org/graph/fredgraph.csv?id=DTWEXBGS,2026-10-08
dollar_broad,2016-06-03,2016-06-10,111.4451,https://fred.stlouisfed.org/graph/fredgraph.csv?id=DTWEXBGS,2026-10-08
dollar_broad,2016-06-06,2016-06-13,111.2295,https://fred.stlouisfed.org/graph/fredgraph.csv?id=DTWEXBGS,2026-10-08
dollar_broad,2016-06-07,2016-06-14,110.8378,https://fred.stlouisfed.org/graph/fredgraph.csv?id=DTWEXBGS,2026-10-08
dollar_broad,2016-06-08,2016-06-15,110.1916,https://fred.stlouisfed.org/graph/fredgraph.csv?id=DTWEXBGS,2026-10-08
dollar_broad,2016-06-09,2016-06-16,110.6168,https://fred.stlouisfed.org/graph/fredgraph.csv?id=DTWEXBGS,2026-10-08
dollar_broad,2016-06-10,2016-06-17,111.1027,https://fred.stlouisfed.org/graph/fredgraph.csv?id=DTWEXBGS,2026-10-08
dollar_broad,2016-06-13,2016-06-20,111.5036,https://fred.stlouisfed.org/graph/fredgraph.csv?id=DTWEXBGS,2026-10-08
dollar_broad,2016-06-14,2016-06-21,111.9826,https://fred.stlouisfed.org/graph/fredgraph.csv?id=DTWEXBGS,2026-10-08
dollar_broad,2016-06-15,2016-06-22,111.7671,https://fred.stlouisfed.org/graph/fredgraph.csv?id=DTWEXBGS,2026-10-08
dollar_broad,2016-06-16,2016-06-23,112.2347,https://fred.stlouisfed.org/graph/fredgraph.csv?id=DTWEXBGS,2026-10-08
dollar_broad,2016-06-17,2016-06-24,111.5332,https://fred.stlouisfed.org/graph/fredgraph.csv?id=DTWEXBGS,2026-10-08
dollar_broad,2016-06-20,2016-06-27,110.8693,https://fred.stlouisfed.org/graph/fredgraph.csv?id=DTWEXBGS,2026-10-08
dollar_broad,2016-06-21,2016-06-28,111.0077,https://fred.stlouisfed.org/graph/fredgraph.csv?id=DTWEXBGS,2026-10-08
dollar_broad,2016-06-22,2016-06-29,110.7681,https://fred.stlouisfed.org/graph/fredgraph.csv?id=DTWEXBGS,2026-10-08
dollar_broad,2016-06-23,2016-06-30,110.262,https://fred.stlouisfed.org/graph/fredgraph.csv?id=DTWEXBGS,2026-10-08
dollar_broad,2016-06-24,2016-07-01,112.1355,https://fred.stlouisfed.org/graph/fredgraph.csv?id=DTWEXBGS,2026-10-08
dollar_broad,2016-06-27,2016-07-04,113.1301,https://fred.stlouisfed.org/graph/fredgraph.csv?id=DTWEXBGS,2026-10-08
dollar_broad,2016-06-28,2016-07-05,112.7545,https://fred.stlouisfed.org/graph/fredgraph.csv?id=DTWEXBGS,2026-10-08
dollar_broad,2016-06-29,2016-07-06,111.8597,https://fred.stlouisfed.org/graph/fredgraph.csv?id=DTWEXBGS,2026-10-08
dollar_broad,2016-06-30,2016-07-07,112.1618,https://fred.stlouisfed.org/graph/fredgraph.csv?id=DTWEXBGS,2026-10-08
dollar_broad,2016-07-01,2016-07-08,111.6509,https://fred.stlouisfed.org/graph/fredgraph.csv?id=DTWEXBGS,2026-10-08
dollar_broad,2016-07-05,2016-07-12,112.4231,https://fred.stlouisfed.org/graph/fredgraph.csv?id=DTWEXBGS,2026-10-08
dollar_broad,2016-07-06,2016-07-13,112.5438,https://fred.stlouisfed.org/graph/fredgraph.csv?id=DTWEXBGS,2026-10-08
dollar_broad,2016-07-07,2016-07-14,112.5775,https://fred.stlouisfed.org/graph/fredgraph.csv?id=DTWEXBGS,2026-10-08
dollar_broad,2016-07-08,2016-07-15,112.3963,https://fred.stlouisfed.org/graph/fredgraph.csv?id=DTWEXBGS,2026-10-08
dollar_broad,2016-07-11,2016-07-18,112.5254,https://fred.stlouisfed.org/graph/fredgraph.csv?id=DTWEXBGS,2026-10-08
dollar_broad,2016-07-12,2016-07-19,112.1102,https://fred.stlouisfed.org/graph/fredgraph.csv?id=DTWEXBGS,2026-10-08
dollar_broad,2016-07-13,2016-07-20,112.0266,https://fred.stlouisfed.org/graph/fredgraph.csv?id=DTWEXBGS,2026-10-08
dollar_broad,2016-07-14,2016-07-21,111.7692,https://fred.stlouisfed.org/graph/fredgraph.csv?id=DTWEXBGS,2026-10-08
dollar_broad,2016-07-15,2016-07-22,112.2833,https://fred.stlouisfed.org/graph/fredgraph.csv?id=DTWEXBGS,2026-10-08
dollar_broad,2016-07-18,2016-07-25,112.2463,https://fred.stlouisfed.org/graph/fredgraph.csv?id=DTWEXBGS,2026-10-08
dollar_broad,2016-07-19,2016-07-26,112.638,https://fred.stlouisfed.org/graph/fredgraph.csv?id=DTWEXBGS,2026-10-08
dollar_broad,2016-07-20,2016-07-27,112.6743,https://fred.stlouisfed.org/graph/fredgraph.csv?id=DTWEXBGS,2026-10-08
dollar_broad,2016-07-21,2016-07-28,112.6239,https://fred.stlouisfed.org/graph/fredgraph.csv?id=DTWEXBGS,2026-10-08
dollar_broad,2016-07-22,2016-07-29,112.989,https://fred.stlouisfed.org/graph/fredgraph.csv?id=DTWEXBGS,2026-10-08
dollar_broad,2016-07-25,2016-08-01,113.1784,https://fred.stlouisfed.org/graph/fredgraph.csv?id=DTWEXBGS,2026-10-08
dollar_broad,2016-07-26,2016-08-02,113.0593,https://fred.stlouisfed.org/graph/fredgraph.csv?id=DTWEXBGS,2026-10-08
dollar_broad,2016-07-27,2016-08-03,113.217,https://fred.stlouisfed.org/graph/fredgraph.csv?id=DTWEXBGS,2026-10-08
dollar_broad,2016-07-28,2016-08-04,112.7393,https://fred.stlouisfed.org/graph/fredgraph.csv?id=DTWEXBGS,2026-10-08
dollar_broad,2016-07-29,2016-08-05,111.874,https://fred.stlouisfed.org/graph/fredgraph.csv?id=DTWEXBGS,2026-10-08
dollar_broad,2016-08-01,2016-08-08,111.9757,https://fred.stlouisfed.org/graph/fredgraph.csv?id=DTWEXBGS,2026-10-08
dollar_broad,2016-08-02,2016-08-09,111.7124,https://fred.stlouisfed.org/graph/fredgraph.csv?id=DTWEXBGS,2026-10-08
dollar_broad,2016-08-03,2016-08-10,111.9419,https://fred.stlouisfed.org/graph/fredgraph.csv?id=DTWEXBGS,2026-10-08
dollar_broad,2016-08-04,2016-08-11,111.9149,https://fred.stlouisfed.org/graph/fredgraph.csv?id=DTWEXBGS,2026-10-08
dollar_broad,2016-08-05,2016-08-12,112.3589,https://fred.stlouisfed.org/graph/fredgraph.csv?id=DTWEXBGS,2026-10-08
dollar_broad,2016-08-08,2016-08-15,112.1456,https://fred.stlouisfed.org/graph/fredgraph.csv?id=DTWEXBGS,2026-10-08
dollar_broad,2016-08-09,2016-08-16,111.722,https://fred.stlouisfed.org/graph/fredgraph.csv?id=DTWEXBGS,2026-10-08
dollar_broad,2016-08-10,2016-08-17,111.3238,https://fred.stlouisfed.org/graph/fredgraph.csv?id=DTWEXBGS,2026-10-08
dollar_broad,2016-08-11,2016-08-18,111.1954,https://fred.stlouisfed.org/graph/fredgraph.csv?id=DTWEXBGS,2026-10-08
dollar_broad,2016-08-12,2016-08-19,111.1787,https://fred.stlouisfed.org/graph/fredgraph.csv?id=DTWEXBGS,2026-10-08
dollar_broad,2016-08-15,2016-08-22,110.9212,https://fred.stlouisfed.org/graph/fredgraph.csv?id=DTWEXBGS,2026-10-08
dollar_broad,2016-08-16,2016-08-23,110.4295,https://fred.stlouisfed.org/graph/fredgraph.csv?id=DTWEXBGS,2026-10-08
dollar_broad,2016-08-17,2016-08-24,110.9459,https://fred.stlouisfed.org/graph/fredgraph.csv?id=DTWEXBGS,2026-10-08
dollar_broad,2016-08-18,2016-08-25,110.3134,https://fred.stlouisfed.org/graph/fredgraph.csv?id=DTWEXBGS,2026-10-08
dollar_broad,2016-08-19,2016-08-26,110.8163,https://fred.stlouisfed.org/graph/fredgraph.csv?id=DTWEXBGS,2026-10-08
dollar_broad,2016-08-22,2016-08-29,110.9997,https://fred.stlouisfed.org/graph/fredgraph.csv?id=DTWEXBGS,2026-10-08
dollar_broad,2016-08-23,2016-08-30,110.9414,https://fred.stlouisfed.org/graph/fredgraph.csv?id=DTWEXBGS,2026-10-08
dollar_broad,2016-08-24,2016-08-31,111.2958,https://fred.stlouisfed.org/graph/fredgraph.csv?id=DTWEXBGS,2026-10-08
dollar_broad,2016-08-25,2016-09-01,111.1726,https://fred.stlouisfed.org/graph/fredgraph.csv?id=DTWEXBGS,2026-10-08
dollar_broad,2016-08-26,2016-09-02,111.2035,https://fred.stlouisfed.org/graph/fredgraph.csv?id=DTWEXBGS,2026-10-08
dollar_broad,2016-08-29,2016-09-05,111.8775,https://fred.stlouisfed.org/graph/fredgraph.csv?id=DTWEXBGS,2026-10-08
dollar_broad,2016-08-30,2016-09-06,112.2928,https://fred.stlouisfed.org/graph/fredgraph.csv?id=DTWEXBGS,2026-10-08
dollar_broad,2016-08-31,2016-09-07,112.4036,https://fred.stlouisfed.org/graph/fredgraph.csv?id=DTWEXBGS,2026-10-08
dollar_broad,2016-09-01,2016-09-08,112.1733,https://fred.stlouisfed.org/graph/fredgraph.csv?id=DTWEXBGS,2026-10-08
dollar_broad,2016-09-02,2016-09-09,112.0009,https://fred.stlouisfed.org/graph/fredgraph.csv?id=DTWEXBGS,2026-10-08
dollar_broad,2016-09-06,2016-09-13,110.9613,https://fred.stlouisfed.org/graph/fredgraph.csv?id=DTWEXBGS,2026-10-08
dollar_broad,2016-09-07,2016-09-14,110.9717,https://fred.stlouisfed.org/graph/fredgraph.csv?id=DTWEXBGS,2026-10-08
dollar_broad,2016-09-08,2016-09-15,111.2609,https://fred.stlouisfed.org/graph/fredgraph.csv?id=DTWEXBGS,2026-10-08
dollar_broad,2016-09-09,2016-09-16,111.9879,https://fred.stlouisfed.org/graph/fredgraph.csv?id=DTWEXBGS,2026-10-08
dollar_broad,2016-09-12,2016-09-19,112.1516,https://fred.stlouisfed.org/graph/fredgraph.csv?id=DTWEXBGS,2026-10-08
dollar_broad,2016-09-13,2016-09-20,112.5207,https://fred.stlouisfed.org/graph/fredgraph.csv?id=DTWEXBGS,2026-10-08
dollar_broad,2016-09-14,2016-09-21,112.4678,https://fred.stlouisfed.org/graph/fredgraph.csv?id=DTWEXBGS,2026-10-08
dollar_broad,2016-09-15,2016-09-22,112.4753,https://fred.stlouisfed.org/graph/fredgraph.csv?id=DTWEXBGS,2026-10-08
dollar_broad,2016-09-16,2016-09-23,113.1765,https://fred.stlouisfed.org/graph/fredgraph.csv?id=DTWEXBGS,2026-10-08
dollar_broad,2016-09-19,2016-09-26,112.903,https://fred.stlouisfed.org/graph/fredgraph.csv?id=DTWEXBGS,2026-10-08
dollar_broad,2016-09-20,2016-09-27,113.1848,https://fred.stlouisfed.org/graph/fredgraph.csv?id=DTWEXBGS,2026-10-08
dollar_broad,2016-09-21,2016-09-28,112.9842,https://fred.stlouisfed.org/graph/fredgraph.csv?id=DTWEXBGS,2026-10-08
dollar_broad,2016-09-22,2016-09-29,112.2592,https://fred.stlouisfed.org/graph/fredgraph.csv?id=DTWEXBGS,2026-10-08
dollar_broad,2016-09-23,2016-09-30,112.7166,https://fred.stlouisfed.org/graph/fredgraph.csv?id=DTWEXBGS,2026-10-08
dollar_broad,2016-09-26,2016-10-03,112.7112,https://fred.stlouisfed.org/graph/fredgraph.csv?id=DTWEXBGS,2026-10-08
dollar_broad,2016-09-27,2016-10-04,112.5515,https://fred.stlouisfed.org/graph/fredgraph.csv?id=DTWEXBGS,2026-10-08
dollar_broad,2016-09-28,2016-10-05,112.6283,https://fred.stlouisfed.org/graph/fredgraph.csv?id=DTWEXBGS,2026-10-08
dollar_broad,2016-09-29,2016-10-06,112.2879,https://fred.stlouisfed.org/graph/fredgraph.csv?id=DTWEXBGS,2026-10-08
dollar_broad,2016-09-30,2016-10-07,112.2795,https://fred.stlouisfed.org/graph/fredgraph.csv?id=DTWEXBGS,2026-10-08
dollar_broad,2016-10-03,2016-10-10,112.5077,https://fred.stlouisfed.org/graph/fredgraph.csv?id=DTWEXBGS,2026-10-08
dollar_broad,2016-10-04,2016-10-11,112.6579,https://fred.stlouisfed.org/graph/fredgraph.csv?id=DTWEXBGS,2026-10-08
dollar_broad,2016-10-05,2016-10-12,112.7946,https://fred.stlouisfed.org/graph/fredgraph.csv?id=DTWEXBGS,2026-10-08
dollar_broad,2016-10-06,2016-10-13,113.0066,https://fred.stlouisfed.org/graph/fredgraph.csv?id=DTWEXBGS,2026-10-08
dollar_broad,2016-10-07,2016-10-14,113.2915,https://fred.stlouisfed.org/graph/fredgraph.csv?id=DTWEXBGS,2026-10-08
dollar_broad,2016-10-11,2016-10-18,113.4461,https://fred.stlouisfed.org/graph/fredgraph.csv?id=DTWEXBGS,2026-10-08
dollar_broad,2016-10-12,2016-10-19,113.7442,https://fred.stlouisfed.org/graph/fredgraph.csv?id=DTWEXBGS,2026-10-08
dollar_broad,2016-10-13,2016-10-20,113.6238,https://fred.stlouisfed.org/graph/fredgraph.csv?id=DTWEXBGS,2026-10-08
dollar_broad,2016-10-14,2016-10-21,113.7119,https://fred.stlouisfed.org/graph/fredgraph.csv?id=DTWEXBGS,2026-10-08
dollar_broad,2016-10-17,2016-10-24,113.5488,https://fred.stlouisfed.org/graph/fredgraph.csv?id=DTWEXBGS,2026-10-08
dollar_broad,2016-10-18,2016-10-25,113.1393,https://fred.stlouisfed.org/graph/fredgraph.csv?id=DTWEXBGS,2026-10-08
dollar_broad,2016-10-19,2016-10-26,113.0547,https://fred.stlouisfed.org/graph/fredgraph.csv?id=DTWEXBGS,2026-10-08
dollar_broad,2016-10-20,2016-10-27,113.4033,https://fred.stlouisfed.org/graph/fredgraph.csv?id=DTWEXBGS,2026-10-08
dollar_broad,2016-10-21,2016-10-28,113.9015,https://fred.stlouisfed.org/graph/fredgraph.csv?id=DTWEXBGS,2026-10-08
dollar_broad,2016-10-24,2016-10-31,113.8571,https://fred.stlouisfed.org/graph/fredgraph.csv?id=DTWEXBGS,2026-10-08
dollar_broad,2016-10-25,2016-11-01,113.6801,https://fred.stlouisfed.org/graph/fredgraph.csv?id=DTWEXBGS,2026-10-08
dollar_broad,2016-10-26,2016-11-02,113.8131,https://fred.stlouisfed.org/graph/fredgraph.csv?id=DTWEXBGS,2026-10-08
dollar_broad,2016-10-27,2016-11-03,114.1998,https://fred.stlouisfed.org/graph/fredgraph.csv?id=DTWEXBGS,2026-10-08
dollar_broad,2016-10-28,2016-11-04,114.0931,https://fred.stlouisfed.org/graph/fredgraph.csv?id=DTWEXBGS,2026-10-08
dollar_broad,2016-10-31,2016-11-07,114.0188,https://fred.stlouisfed.org/graph/fredgraph.csv?id=DTWEXBGS,2026-10-08
dollar_broad,2016-11-01,2016-11-08,113.9915,https://fred.stlouisfed.org/graph/fredgraph.csv?id=DTWEXBGS,2026-10-08
dollar_broad,2016-11-02,2016-11-09,113.9206,https://fred.stlouisfed.org/graph/fredgraph.csv?id=DTWEXBGS,2026-10-08
dollar_broad,2016-11-03,2016-11-10,113.7664,https://fred.stlouisfed.org/graph/fredgraph.csv?id=DTWEXBGS,2026-10-08
dollar_broad,2016-11-04,2016-11-11,113.5828,https://fred.stlouisfed.org/graph/fredgraph.csv?id=DTWEXBGS,2026-10-08
dollar_broad,2016-11-07,2016-11-14,113.5443,https://fred.stlouisfed.org/graph/fredgraph.csv?id=DTWEXBGS,2026-10-08
dollar_broad,2016-11-08,2016-11-15,113.3017,https://fred.stlouisfed.org/graph/fredgraph.csv?id=DTWEXBGS,2026-10-08
dollar_broad,2016-11-09,2016-11-16,114.6956,https://fred.stlouisfed.org/graph/fredgraph.csv?id=DTWEXBGS,2026-10-08
dollar_broad,2016-11-10,2016-11-17,115.9375,https://fred.stlouisfed.org/graph/fredgraph.csv?id=DTWEXBGS,2026-10-08
dollar_broad,2016-11-14,2016-11-21,117.2245,https://fred.stlouisfed.org/graph/fredgraph.csv?id=DTWEXBGS,2026-10-08
dollar_broad,2016-11-15,2016-11-22,116.7724,https://fred.stlouisfed.org/graph/fredgraph.csv?id=DTWEXBGS,2026-10-08
dollar_broad,2016-11-16,2016-11-23,116.8062,https://fred.stlouisfed.org/graph/fredgraph.csv?id=DTWEXBGS,2026-10-08
dollar_broad,2016-11-17,2016-11-24,116.8952,https://fred.stlouisfed.org/graph/fredgraph.csv?id=DTWEXBGS,2026-10-08
dollar_broad,2016-11-18,2016-11-25,117.5936,https://fred.stlouisfed.org/graph/fredgraph.csv?id=DTWEXBGS,2026-10-08
dollar_broad,2016-11-21,2016-11-28,117.4762,https://fred.stlouisfed.org/graph/fredgraph.csv?id=DTWEXBGS,2026-10-08
dollar_broad,2016-11-22,2016-11-29,117.4508,https://fred.stlouisfed.org/graph/fredgraph.csv?id=DTWEXBGS,2026-10-08
dollar_broad,2016-11-23,2016-11-30,118.0356,https://fred.stlouisfed.org/graph/fredgraph.csv?id=DTWEXBGS,2026-10-08
dollar_broad,2016-11-25,2016-12-02,118.02,https://fred.stlouisfed.org/graph/fredgraph.csv?id=DTWEXBGS,2026-10-08
dollar_broad,2016-11-28,2016-12-05,117.7278,https://fred.stlouisfed.org/graph/fredgraph.csv?id=DTWEXBGS,2026-10-08
dollar_broad,2016-11-29,2016-12-06,117.644,https://fred.stlouisfed.org/graph/fredgraph.csv?id=DTWEXBGS,2026-10-08
dollar_broad,2016-11-30,2016-12-07,117.7636,https://fred.stlouisfed.org/graph/fredgraph.csv?id=DTWEXBGS,2026-10-08
dollar_broad,2016-12-01,2016-12-08,117.6642,https://fred.stlouisfed.org/graph/fredgraph.csv?id=DTWEXBGS,2026-10-08
dollar_broad,2016-12-02,2016-12-09,117.3116,https://fred.stlouisfed.org/graph/fredgraph.csv?id=DTWEXBGS,2026-10-08
dollar_broad,2016-12-05,2016-12-12,117.1008,https://fred.stlouisfed.org/graph/fredgraph.csv?id=DTWEXBGS,2026-10-08
dollar_broad,2016-12-06,2016-12-13,116.9225,https://fred.stlouisfed.org/graph/fredgraph.csv?id=DTWEXBGS,2026-10-08
dollar_broad,2016-12-07,2016-12-14,116.672,https://fred.stlouisfed.org/graph/fredgraph.csv?id=DTWEXBGS,2026-10-08
dollar_broad,2016-12-08,2016-12-15,117.0327,https://fred.stlouisfed.org/graph/fredgraph.csv?id=DTWEXBGS,2026-10-08
dollar_broad,2016-12-09,2016-12-16,117.2834,https://fred.stlouisfed.org/graph/fredgraph.csv?id=DTWEXBGS,2026-10-08
dollar_broad,2016-12-12,2016-12-19,116.9161,https://fred.stlouisfed.org/graph/fredgraph.csv?id=DTWEXBGS,2026-10-08
dollar_broad,2016-12-13,2016-12-20,116.8029,https://fred.stlouisfed.org/graph/fredgraph.csv?id=DTWEXBGS,2026-10-08
dollar_broad,2016-12-14,2016-12-21,116.7332,https://fred.stlouisfed.org/graph/fredgraph.csv?id=DTWEXBGS,2026-10-08
dollar_broad,2016-12-15,2016-12-22,118.8072,https://fred.stlouisfed.org/graph/fredgraph.csv?id=DTWEXBGS,2026-10-08
dollar_broad,2016-12-16,2016-12-23,118.3584,https://fred.stlouisfed.org/graph/fredgraph.csv?id=DTWEXBGS,2026-10-08
dollar_broad,2016-12-19,2016-12-26,118.3875,https://fred.stlouisfed.org/graph/fredgraph.csv?id=DTWEXBGS,2026-10-08
dollar_broad,2016-12-20,2016-12-27,118.63,https://fred.stlouisfed.org/graph/fredgraph.csv?id=DTWEXBGS,2026-10-08
dollar_broad,2016-12-21,2016-12-28,118.581,https://fred.stlouisfed.org/graph/fredgraph.csv?id=DTWEXBGS,2026-10-08
dollar_broad,2016-12-22,2016-12-29,118.8209,https://fred.stlouisfed.org/graph/fredgraph.csv?id=DTWEXBGS,2026-10-08
dollar_broad,2016-12-23,2016-12-30,118.7856,https://fred.stlouisfed.org/graph/fredgraph.csv?id=DTWEXBGS,2026-10-08
dollar_broad,2016-12-27,2017-01-03,118.9506,https://fred.stlouisfed.org/graph/fredgraph.csv?id=DTWEXBGS,2026-10-08
dollar_broad,2016-12-28,2017-01-04,119.2305,https://fred.stlouisfed.org/graph/fredgraph.csv?id=DTWEXBGS,2026-10-08
dollar_broad,2016-12-29,2017-01-05,118.6637,https://fred.stlouisfed.org/graph/fredgraph.csv?id=DTWEXBGS,2026-10-08
dollar_broad,2016-12-30,2017-01-06,118.3466,https://fred.stlouisfed.org/graph/fredgraph.csv?id=DTWEXBGS,2026-10-08
dollar_broad,2017-01-03,2017-01-10,119.0903,https://fred.stlouisfed.org/graph/fredgraph.csv?id=DTWEXBGS,2026-10-08
dollar_broad,2017-01-04,2017-01-11,118.8803,https://fred.stlouisfed.org/graph/fredgraph.csv?id=DTWEXBGS,2026-10-08
dollar_broad,2017-01-05,2017-01-12,117.9999,https://fred.stlouisfed.org/graph/fredgraph.csv?id=DTWEXBGS,2026-10-08
dollar_broad,2017-01-06,2017-01-13,118.3495,https://fred.stlouisfed.org/graph/fredgraph.csv?id=DTWEXBGS,2026-10-08
dollar_broad,2017-01-09,2017-01-16,118.4111,https://fred.stlouisfed.org/graph/fredgraph.csv?id=DTWEXBGS,2026-10-08
dollar_broad,2017-01-10,2017-01-17,118.5386,https://fred.stlouisfed.org/graph/fredgraph.csv?id=DTWEXBGS,2026-10-08
dollar_broad,2017-01-11,2017-01-18,119.0219,https://fred.stlouisfed.org/graph/fredgraph.csv?id=DTWEXBGS,2026-10-08
dollar_broad,2017-01-12,2017-01-19,117.8001,https://fred.stlouisfed.org/graph/fredgraph.csv?id=DTWEXBGS,2026-10-08
dollar_broad,2017-01-13,2017-01-20,117.9884,https://fred.stlouisfed.org/graph/fredgraph.csv?id=DTWEXBGS,2026-10-08
dollar_broad,2017-01-17,2017-01-24,117.2656,https://fred.stlouisfed.org/graph/fredgraph.csv?id=DTWEXBGS,2026-10-08
dollar_broad,2017-01-18,2017-01-25,117.7242,https://fred.stlouisfed.org/graph/fredgraph.csv?id=DTWEXBGS,2026-10-08
dollar_broad,2017-01-19,2017-01-26,118.3182,https://fred.stlouisfed.org/graph/fredgraph.csv?id=DTWEXBGS,2026-10-08
dollar_broad,2017-01-23,2017-01-30,117.2479,https://fred.stlouisfed.org/graph/fredgraph.csv?id=DTWEXBGS,2026-10-08
dollar_broad,2017-01-24,2017-01-31,117.0516,https://fred.stlouisfed.org/graph/fredgraph.csv?id=DTWEXBGS,2026-10-08
dollar_broad,2017-01-25,2017-02-01,116.9355,https://fred.stlouisfed.org/graph/fredgraph.csv?id=DTWEXBGS,2026-10-08
dollar_broad,2017-01-26,2017-02-02,117.2766,https://fred.stlouisfed.org/graph/fredgraph.csv?id=DTWEXBGS,2026-10-08
dollar_broad,2017-01-27,2017-02-03,117.0735,https://fred.stlouisfed.org/graph/fredgraph.csv?id=DTWEXBGS,2026-10-08
dollar_broad,2017-01-30,2017-02-06,116.7325,https://fred.stlouisfed.org/graph/fredgraph.csv?id=DTWEXBGS,2026-10-08
dollar_broad,2017-01-31,2017-02-07,116.2241,https://fred.stlouisfed.org/graph/fredgraph.csv?id=DTWEXBGS,2026-10-08
dollar_broad,2017-02-01,2017-02-08,116.3914,https://fred.stlouisfed.org/graph/fredgraph.csv?id=DTWEXBGS,2026-10-08
dollar_broad,2017-02-02,2017-02-09,115.903,https://fred.stlouisfed.org/graph/fredgraph.csv?id=DTWEXBGS,2026-10-08
dollar_broad,2017-02-03,2017-02-10,115.6259,https://fred.stlouisfed.org/graph/fredgraph.csv?id=DTWEXBGS,2026-10-08
dollar_broad,2017-02-06,2017-02-13,116.0504,https://fred.stlouisfed.org/graph/fredgraph.csv?id=DTWEXBGS,2026-10-08
dollar_broad,2017-02-07,2017-02-14,116.4082,https://fred.stlouisfed.org/graph/fredgraph.csv?id=DTWEXBGS,2026-10-08
dollar_broad,2017-02-08,2017-02-15,116.1382,https://fred.stlouisfed.org/graph/fredgraph.csv?id=DTWEXBGS,2026-10-08
dollar_broad,2017-02-09,2017-02-16,116.306,https://fred.stlouisfed.org/graph/fredgraph.csv?id=DTWEXBGS,2026-10-08
dollar_broad,2017-02-10,2017-02-17,116.148,https://fred.stlouisfed.org/graph/fredgraph.csv?id=DTWEXBGS,2026-10-08
dollar_broad,2017-02-13,2017-02-20,116.3427,https://fred.stlouisfed.org/graph/fredgraph.csv?id=DTWEXBGS,2026-10-08
dollar_broad,2017-02-14,2017-02-21,116.3949,https://fred.stlouisfed.org/graph/fredgraph.csv?id=DTWEXBGS,2026-10-08
dollar_broad,2017-02-15,2017-02-22,116.2162,https://fred.stlouisfed.org/graph/fredgraph.csv?id=DTWEXBGS,2026-10-08
dollar_broad,2017-02-16,2017-02-23,116.0067,https://fred.stlouisfed.org/graph/fredgraph.csv?id=DTWEXBGS,2026-10-08
dollar_broad,2017-02-17,2017-02-24,116.4035,https://fred.stlouisfed.org/graph/fredgraph.csv?id=DTWEXBGS,2026-10-08
dollar_broad,2017-02-21,2017-02-28,116.5921,https://fred.stlouisfed.org/graph/fredgraph.csv?id=DTWEXBGS,2026-10-08
dollar_broad,2017-02-22,2017-03-01,116.2136,https://fred.stlouisfed.org/graph/fredgraph.csv?id=DTWEXBGS,2026-10-08
dollar_broad,2017-02-23,2017-03-02,115.6527,https://fred.stlouisfed.org/graph/fredgraph.csv?id=DTWEXBGS,2026-10-08
dollar_broad,2017-02-24,2017-03-03,115.8143,https://fred.stlouisfed.org/graph/fredgraph.csv?id=DTWEXBGS,2026-10-08
dollar_broad,2017-02-27,2017-03-06,115.6764,https://fred.stlouisfed.org/graph/fredgraph.csv?id=DTWEXBGS,2026-10-08
dollar_broad,2017-02-28,2017-03-07,116.0032,https://fred.stlouisfed.org/graph/fredgraph.csv?id=DTWEXBGS,2026-10-08
dollar_broad,2017-03-01,2017-03-08,116.438,https://fred.stlouisfed.org/graph/fredgraph.csv?id=DTWEXBGS,2026-10-08
dollar_broad,2017-03-02,2017-03-09,116.8429,https://fred.stlouisfed.org/graph/fredgraph.csv?id=DTWEXBGS,2026-10-08
dollar_broad,2017-03-03,2017-03-10,116.6438,https://fred.stlouisfed.org/graph/fredgraph.csv?id=DTWEXBGS,2026-10-08
dollar_broad,2017-03-06,2017-03-13,116.4313,https://fred.stlouisfed.org/graph/fredgraph.csv?id=DTWEXBGS,2026-10-08
dollar_broad,2017-03-07,2017-03-14,116.4303,https://fred.stlouisfed.org/graph/fredgraph.csv?id=DTWEXBGS,2026-10-08
dollar_broad,2017-03-08,2017-03-15,116.875,https://fred.stlouisfed.org/graph/fredgraph.csv?id=DTWEXBGS,2026-10-08
dollar_broad,2017-03-09,2017-03-16,116.9959,https://fred.stlouisfed.org/graph/fredgraph.csv?id=DTWEXBGS,2026-10-08
dollar_broad,2017-03-10,2017-03-17,116.616,https://fred.stlouisfed.org/graph/fredgraph.csv?id=DTWEXBGS,2026-10-08
dollar_broad,2017-03-13,2017-03-20,116.4004,https://fred.stlouisfed.org/graph/fredgraph.csv?id=DTWEXBGS,2026-10-08
dollar_broad,2017-03-14,2017-03-21,116.5646,https://fred.stlouisfed.org/graph/fredgraph.csv?id=DTWEXBGS,2026-10-08
dollar_broad,2017-03-15,2017-03-22,116.3584,https://fred.stlouisfed.org/graph/fredgraph.csv?id=DTWEXBGS,2026-10-08
dollar_broad,2017-03-16,2017-03-23,115.4456,https://fred.stlouisfed.org/graph/fredgraph.csv?id=DTWEXBGS,2026-10-08
dollar_broad,2017-03-17,2017-03-24,115.2783,https://fred.stlouisfed.org/graph/fredgraph.csv?id=DTWEXBGS,2026-10-08
dollar_broad,2017-03-20,2017-03-27,115.0426,https://fred.stlouisfed.org/graph/fredgraph.csv?id=DTWEXBGS,2026-10-08
dollar_broad,2017-03-21,2017-03-28,114.8119,https://fred.stlouisfed.org/graph/fredgraph.csv?id=DTWEXBGS,2026-10-08
dollar_broad,2017-03-22,2017-03-29,114.7937,https://fred.stlouisfed.org/graph/fredgraph.csv?id=DTWEXBGS,2026-10-08
dollar_broad,2017-03-23,2017-03-30,114.7899,https://fred.stlouisfed.org/graph/fredgraph.csv?id=DTWEXBGS,2026-10-08
dollar_broad,2017-03-24,2017-03-31,114.6372,https://fred.stlouisfed.org/graph/fredgraph.csv?id=DTWEXBGS,2026-10-08
dollar_broad,2017-03-27,2017-04-03,114.2347,https://fred.stlouisfed.org/graph/fredgraph.csv?id=DTWEXBGS,2026-10-08
dollar_broad,2017-03-28,2017-04-04,114.419,https://fred.stlouisfed.org/graph/fredgraph.csv?id=DTWEXBGS,2026-10-08
dollar_broad,2017-03-29,2017-04-05,114.7167,https://fred.stlouisfed.org/graph/fredgraph.csv?id=DTWEXBGS,2026-10-08
dollar_broad,2017-03-30,2017-04-06,114.5245,https://fred.stlouisfed.org/graph/fredgraph.csv?id=DTWEXBGS,2026-10-08
dollar_broad,2017-03-31,2017-04-07,114.7938,https://fred.stlouisfed.org/graph/fredgraph.csv?id=DTWEXBGS,2026-10-08
dollar_broad,2017-04-03,2017-04-10,114.8734,https://fred.stlouisfed.org/graph/fredgraph.csv?id=DTWEXBGS,2026-10-08
dollar_broad,2017-04-04,2017-04-11,115.0038,https://fred.stlouisfed.org/graph/fredgraph.csv?id=DTWEXBGS,2026-10-08
dollar_broad,2017-04-05,2017-04-12,114.9494,https://fred.stlouisfed.org/graph/fredgraph.csv?id=DTWEXBGS,2026-10-08
dollar_broad,2017-04-06,2017-04-13,115.0181,https://fred.stlouisfed.org/graph/fredgraph.csv?id=DTWEXBGS,2026-10-08
dollar_broad,2017-04-07,2017-04-14,115.0547,https://fred.stlouisfed.org/graph/fredgraph.csv?id=DTWEXBGS,2026-10-08
dollar_broad,2017-04-10,2017-04-17,115.11,https://fred.stlouisfed.org/graph/fredgraph.csv?id=DTWEXBGS,2026-10-08
dollar_broad,2017-04-11,2017-04-18,115.009,https://fred.stlouisfed.org/graph/fredgraph.csv?id=DTWEXBGS,2026-10-08
dollar_broad,2017-04-12,2017-04-19,114.9162,https://fred.stlouisfed.org/graph/fredgraph.csv?id=DTWEXBGS,2026-10-08
dollar_broad,2017-04-13,2017-04-20,114.5059,https://fred.stlouisfed.org/graph/fredgraph.csv?id=DTWEXBGS,2026-10-08
dollar_broad,2017-04-14,2017-04-21,114.5368,https://fred.stlouisfed.org/graph/fredgraph.csv?id=DTWEXBGS,2026-10-08
dollar_broad,2017-04-17,2017-04-24,114.3283,https://fred.stlouisfed.org/graph/fredgraph.csv?id=DTWEXBGS,2026-10-08
dollar_broad,2017-04-18,2017-04-25,114.2575,https://fred.stlouisfed.org/graph/fredgraph.csv?id=DTWEXBGS,2026-10-08
dollar_broad,2017-04-19,2017-04-26,114.7923,https://fred.stlouisfed.org/graph/fredgraph.csv?id=DTWEXBGS,2026-10-08
dollar_broad,2017-04-20,2017-04-27,114.6205,https://fred.stlouisfed.org/graph/fredgraph.csv?id=DTWEXBGS,2026-10-08
dollar_broad,2017-04-21,2017-04-28,114.8128,https://fred.stlouisfed.org/graph/fredgraph.csv?id=DTWEXBGS,2026-10-08
dollar_broad,2017-04-24,2017-05-01,114.3659,https://fred.stlouisfed.org/graph/fredgraph.csv?id=DTWEXBGS,2026-10-08
dollar_broad,2017-04-25,2017-05-02,114.5111,https://fred.stlouisfed.org/graph/fredgraph.csv?id=DTWEXBGS,2026-10-08
dollar_broad,2017-04-26,2017-05-03,114.9479,https://fred.stlouisfed.org/graph/fredgraph.csv?id=DTWEXBGS,2026-10-08
dollar_broad,2017-04-27,2017-05-04,114.9946,https://fred.stlouisfed.org/graph/fredgraph.csv?id=DTWEXBGS,2026-10-08
dollar_broad,2017-04-28,2017-05-05,114.7877,https://fred.stlouisfed.org/graph/fredgraph.csv?id=DTWEXBGS,2026-10-08
dollar_broad,2017-05-01,2017-05-08,114.5921,https://fred.stlouisfed.org/graph/fredgraph.csv?id=DTWEXBGS,2026-10-08
dollar_broad,2017-05-02,2017-05-09,114.6792,https://fred.stlouisfed.org/graph/fredgraph.csv?id=DTWEXBGS,2026-10-08
dollar_broad,2017-05-03,2017-05-10,114.6637,https://fred.stlouisfed.org/graph/fredgraph.csv?id=DTWEXBGS,2026-10-08
dollar_broad,2017-05-04,2017-05-11,114.9076,https://fred.stlouisfed.org/graph/fredgraph.csv?id=DTWEXBGS,2026-10-08
dollar_broad,2017-05-05,2017-05-12,114.7725,https://fred.stlouisfed.org/graph/fredgraph.csv?id=DTWEXBGS,2026-10-08
dollar_broad,2017-05-08,2017-05-15,115.0895,https://fred.stlouisfed.org/graph/fredgraph.csv?id=DTWEXBGS,2026-10-08
dollar_broad,2017-05-09,2017-05-16,115.3933,https://fred.stlouisfed.org/graph/fredgraph.csv?id=DTWEXBGS,2026-10-08
dollar_broad,2017-05-10,2017-05-17,115.1145,https://fred.stlouisfed.org/graph/fredgraph.csv?id=DTWEXBGS,2026-10-08
dollar_broad,2017-05-11,2017-05-18,115.0669,https://fred.stlouisfed.org/graph/fredgraph.csv?id=DTWEXBGS,2026-10-08
dollar_broad,2017-05-12,2017-05-19,114.7479,https://fred.stlouisfed.org/graph/fredgraph.csv?id=DTWEXBGS,2026-10-08
dollar_broad,2017-05-15,2017-05-22,114.3504,https://fred.stlouisfed.org/graph/fredgraph.csv?id=DTWEXBGS,2026-10-08
dollar_broad,2017-05-16,2017-05-23,113.9923,https://fred.stlouisfed.org/graph/fredgraph.csv?id=DTWEXBGS,2026-10-08
dollar_broad,2017-05-17,2017-05-24,113.7506,https://fred.stlouisfed.org/graph/fredgraph.csv?id=DTWEXBGS,2026-10-08
dollar_broad,2017-05-18,2017-05-25,114.2683,https://fred.stlouisfed.org/graph/fredgraph.csv?id=DTWEXBGS,2026-10-08
dollar_broad,2017-05-19,2017-05-26,113.7001,https://fred.stlouisfed.org/graph/fredgraph.csv?id=DTWEXBGS,2026-10-08
dollar_broad,2017-05-22,2017-05-29,113.5442,https://fred.stlouisfed.org/graph/fredgraph.csv?id=DTWEXBGS,2026-10-08
dollar_broad,2017-05-23,2017-05-30,113.6862,https://fred.stlouisfed.org/graph/fredgraph.csv?id=DTWEXBGS,2026-10-08
dollar_broad,2017-05-24,2017-05-31,113.675,https://fred.stlouisfed.org/graph/fredgraph.csv?id=DTWEXBGS,2026-10-08
dollar_broad,2017-05-25,2017-06-01,113.3719,https://fred.stlouisfed.org/graph/fredgraph.csv?id=DTWEXBGS,2026-10-08
dollar_broad,2017-05-26,2017-06-02,113.4839,https://fred.stlouisfed.org/graph/fredgraph.csv?id=DTWEXBGS,2026-10-08
dollar_broad,2017-05-30,2017-06-06,113.5552,https://fred.stlouisfed.org/graph/fredgraph.csv?id=DTWEXBGS,2026-10-08
dollar_broad,2017-05-31,2017-06-07,113.2956,https://fred.stlouisfed.org/graph/fredgraph.csv?id=DTWEXBGS,2026-10-08
dollar_broad,2017-06-01,2017-06-08,113.3017,https://fred.stlouisfed.org/graph/fredgraph.csv?id=DTWEXBGS,2026-10-08
dollar_broad,2017-06-02,2017-06-09,113.1908,https://fred.stlouisfed.org/graph/fredgraph.csv?id=DTWEXBGS,2026-10-08
dollar_broad,2017-06-05,2017-06-12,112.9755,https://fred.stlouisfed.org/graph/fredgraph.csv?id=DTWEXBGS,2026-10-08
dollar_broad,2017-06-06,2017-06-13,112.7095,https://fred.stlouisfed.org/graph/fredgraph.csv?id=DTWEXBGS,2026-10-08
dollar_broad,2017-06-07,2017-06-14,112.8191,https://fred.stlouisfed.org/graph/fredgraph.csv?id=DTWEXBGS,2026-10-08
dollar_broad,2017-06-08,2017-06-15,112.8351,https://fred.stlouisfed.org/graph/fredgraph.csv?id=DTWEXBGS,2026-10-08
dollar_broad,2017-06-09,2017-06-16,112.9562,https://fred.stlouisfed.org/graph/fredgraph.csv?id=DTWEXBGS,2026-10-08
dollar_broad,2017-06-12,2017-06-19,112.9837,https://fred.stlouisfed.org/graph/fredgraph.csv?id=DTWEXBGS,2026-10-08
dollar_broad,2017-06-13,2017-06-20,112.6271,https://fred.stlouisfed.org/graph/fredgraph.csv?id=DTWEXBGS,2026-10-08
dollar_broad,2017-06-14,2017-06-21,112.0734,https://fred.stlouisfed.org/graph/fredgraph.csv?id=DTWEXBGS,2026-10-08
dollar_broad,2017-06-15,2017-06-22,112.8708,https://fred.stlouisfed.org/graph/fredgraph.csv?id=DTWEXBGS,2026-10-08
dollar_broad,2017-06-16,2017-06-23,112.6155,https://fred.stlouisfed.org/graph/fredgraph.csv?id=DTWEXBGS,2026-10-08
dollar_broad,2017-06-19,2017-06-26,112.7576,https://fred.stlouisfed.org/graph/fredgraph.csv?id=DTWEXBGS,2026-10-08
dollar_broad,2017-06-20,2017-06-27,113.2698,https://fred.stlouisfed.org/graph/fredgraph.csv?id=DTWEXBGS,2026-10-08
dollar_broad,2017-06-21,2017-06-28,113.3327,https://fred.stlouisfed.org/graph/fredgraph.csv?id=DTWEXBGS,2026-10-08
dollar_broad,2017-06-22,2017-06-29,113.1654,https://fred.stlouisfed.org/graph/fredgraph.csv?id=DTWEXBGS,2026-10-08
dollar_broad,2017-06-23,2017-06-30,112.8665,https://fred.stlouisfed.org/graph/fredgraph.csv?id=DTWEXBGS,2026-10-08
dollar_broad,2017-06-26,2017-07-03,112.7633,https://fred.stlouisfed.org/graph/fredgraph.csv?id=DTWEXBGS,2026-10-08
dollar_broad,2017-06-27,2017-07-04,112.55,https://fred.stlouisfed.org/graph/fredgraph.csv?id=DTWEXBGS,2026-10-08
dollar_broad,2017-06-28,2017-07-05,112.0747,https://fred.stlouisfed.org/graph/fredgraph.csv?id=DTWEXBGS,2026-10-08
dollar_broad,2017-06-29,2017-07-06,111.998,https://fred.stlouisfed.org/graph/fredgraph.csv?id=DTWEXBGS,2026-10-08
dollar_broad,2017-06-30,2017-07-07,111.9896,https://fred.stlouisfed.org/graph/fredgraph.csv?id=DTWEXBGS,2026-10-08
dollar_broad,2017-07-03,2017-07-10,112.4268,https://fred.stlouisfed.org/graph/fredgraph.csv?id=DTWEXBGS,2026-10-08
dollar_broad,2017-07-05,2017-07-12,112.6534,https://fred.stlouisfed.org/graph/fredgraph.csv?id=DTWEXBGS,2026-10-08
dollar_broad,2017-07-06,2017-07-13,112.4199,https://fred.stlouisfed.org/graph/fredgraph.csv?id=DTWEXBGS,2026-10-08
dollar_broad,2017-07-07,2017-07-14,112.3137,https://fred.stlouisfed.org/graph/fredgraph.csv?id=DTWEXBGS,2026-10-08
dollar_broad,2017-07-10,2017-07-17,112.1587,https://fred.stlouisfed.org/graph/fredgraph.csv?id=DTWEXBGS,2026-10-08
dollar_broad,2017-07-11,2017-07-18,112.1434,https://fred.stlouisfed.org/graph/fredgraph.csv?id=DTWEXBGS,2026-10-08
dollar_broad,2017-07-12,2017-07-19,111.5904,https://fred.stlouisfed.org/graph/fredgraph.csv?id=DTWEXBGS,2026-10-08
dollar_broad,2017-07-13,2017-07-20,111.5365,https://fred.stlouisfed.org/graph/fredgraph.csv?id=DTWEXBGS,2026-10-08
dollar_broad,2017-07-14,2017-07-21,110.9075,https://fred.stlouisfed.org/graph/fredgraph.csv?id=DTWEXBGS,2026-10-08
dollar_broad,2017-07-17,2017-07-24,110.9304,https://fred.stlouisfed.org/graph/fredgraph.csv?id=DTWEXBGS,2026-10-08
dollar_broad,2017-07-18,2017-07-25,110.4356,https://fred.stlouisfed.org/graph/fredgraph.csv?id=DTWEXBGS,2026-10-08
dollar_broad,2017-07-19,2017-07-26,110.4339,https://fred.stlouisfed.org/graph/fredgraph.csv?id=DTWEXBGS,2026-10-08
dollar_broad,2017-07-20,2017-07-27,110.2512,https://fred.stlouisfed.org/graph/fredgraph.csv?id=DTWEXBGS,2026-10-08
dollar_broad,2017-07-21,2017-07-28,110.191,https://fred.stlouisfed.org/graph/fredgraph.csv?id=DTWEXBGS,2026-10-08
dollar_broad,2017-07-24,2017-07-31,110.2004,https://fred.stlouisfed.org/graph/fredgraph.csv?id=DTWEXBGS,2026-10-08
dollar_broad,2017-07-25,2017-08-01,110.2835,https://fred.stlouisfed.org/graph/fredgraph.csv?id=DTWEXBGS,2026-10-08
dollar_broad,2017-07-26,2017-08-02,110.3811,https://fred.stlouisfed.org/graph/fredgraph.csv?id=DTWEXBGS,2026-10-08
dollar_broad,2017-07-27,2017-08-03,110.216,https://fred.stlouisfed.org/graph/fredgraph.csv?id=DTWEXBGS,2026-10-08
dollar_broad,2017-07-28,2017-08-04,109.92,https://fred.stlouisfed.org/graph/fredgraph.csv?id=DTWEXBGS,2026-10-08
dollar_broad,2017-07-31,2017-08-07,109.8177,https://fred.stlouisfed.org/graph/fredgraph.csv?id=DTWEXBGS,2026-10-08
dollar_broad,2017-08-01,2017-08-08,109.8495,https://fred.stlouisfed.org/graph/fredgraph.csv?id=DTWEXBGS,2026-10-08
dollar_broad,2017-08-02,2017-08-09,109.7503,https://fred.stlouisfed.org/graph/fredgraph.csv?id=DTWEXBGS,2026-10-08
dollar_broad,2017-08-03,2017-08-10,109.8332,https://fred.stlouisfed.org/graph/fredgraph.csv?id=DTWEXBGS,2026-10-08
dollar_broad,2017-08-04,2017-08-11,110.2808,https://fred.stlouisfed.org/graph/fredgraph.csv?id=DTWEXBGS,2026-10-08
dollar_broad,2017-08-07,2017-08-14,110.373,https://fred.stlouisfed.org/graph/fredgraph.csv?id=DTWEXBGS,2026-10-08
dollar_broad,2017-08-08,2017-08-15,110.396,https://fred.stlouisfed.org/graph/fredgraph.csv?id=DTWEXBGS,2026-10-08
dollar_broad,2017-08-09,2017-08-16,110.3671,https://fred.stlouisfed.org/graph/fredgraph.csv?id=DTWEXBGS,2026-10-08
dollar_broad,2017-08-10,2017-08-17,110.1886,https://fred.stlouisfed.org/graph/fredgraph.csv?id=DTWEXBGS,2026-10-08
dollar_broad,2017-08-11,2017-08-18,110.0422,https://fred.stlouisfed.org/graph/fredgraph.csv?id=DTWEXBGS,2026-10-08
dollar_broad,2017-08-14,2017-08-21,110.095,https://fred.stlouisfed.org/graph/fredgraph.csv?id=DTWEXBGS,2026-10-08
dollar_broad,2017-08-15,2017-08-22,110.4846,https://fred.stlouisfed.org/graph/fredgraph.csv?id=DTWEXBGS,2026-10-08
dollar_broad,2017-08-16,2017-08-23,110.4394,https://fred.stlouisfed.org/graph/fredgraph.csv?id=DTWEXBGS,2026-10-08
dollar_broad,2017-08-17,2017-08-24,110.1673,https://fred.stlouisfed.org/graph/fredgraph.csv?id=DTWEXBGS,2026-10-08
dollar_broad,2017-08-18,2017-08-25,110.041,https://fred.stlouisfed.org/graph/fredgraph.csv?id=DTWEXBGS,2026-10-08
dollar_broad,2017-08-21,2017-08-28,109.7349,https://fred.stlouisfed.org/graph/fredgraph.csv?id=DTWEXBGS,2026-10-08
dollar_broad,2017-08-22,2017-08-29,109.8386,https://fred.stlouisfed.org/graph/fredgraph.csv?id=DTWEXBGS,2026-10-08
dollar_broad,2017-08-23,2017-08-30,109.8095,https://fred.stlouisfed.org/graph/fredgraph.csv?id=DTWEXBGS,2026-10-08
dollar_broad,2017-08-24,2017-08-31,109.7524,https://fred.stlouisfed.org/graph/fredgraph.csv?id=DTWEXBGS,2026-10-08
dollar_broad,2017-08-25,2017-09-01,109.3415,https://fred.stlouisfed.org/graph/fredgraph.csv?id=DTWEXBGS,2026-10-08
dollar_broad,2017-08-28,2017-09-04,109.1815,https://fred.stlouisfed.org/graph/fredgraph.csv?id=DTWEXBGS,2026-10-08
dollar_broad,2017-08-29,2017-09-05,109.0946,https://fred.stlouisfed.org/graph/fredgraph.csv?id=DTWEXBGS,2026-10-08
dollar_broad,2017-08-30,2017-09-06,109.4052,https://fred.stlouisfed.org/graph/fredgraph.csv?id=DTWEXBGS,2026-10-08
dollar_broad,2017-08-31,2017-09-07,109.3686,https://fred.stlouisfed.org/graph/fredgraph.csv?id=DTWEXBGS,2026-10-08
dollar_broad,2017-09-01,2017-09-08,109.0504,https://fred.stlouisfed.org/graph/fredgraph.csv?id=DTWEXBGS,2026-10-08
dollar_broad,2017-09-05,2017-09-12,108.8664,https://fred.stlouisfed.org/graph/fredgraph.csv?id=DTWEXBGS,2026-10-08
dollar_broad,2017-09-06,2017-09-13,108.4897,https://fred.stlouisfed.org/graph/fredgraph.csv?id=DTWEXBGS,2026-10-08
dollar_broad,2017-09-07,2017-09-14,107.9224,https://fred.stlouisfed.org/graph/fredgraph.csv?id=DTWEXBGS,2026-10-08
dollar_broad,2017-09-08,2017-09-15,107.808,https://fred.stlouisfed.org/graph/fredgraph.csv?id=DTWEXBGS,2026-10-08
dollar_broad,2017-09-11,2017-09-18,108.153,https://fred.stlouisfed.org/graph/fredgraph.csv?id=DTWEXBGS,2026-10-08
dollar_broad,2017-09-12,2017-09-19,108.3239,https://fred.stlouisfed.org/graph/fredgraph.csv?id=DTWEXBGS,2026-10-08
dollar_broad,2017-09-13,2017-09-20,108.6628,https://fred.stlouisfed.org/graph/fredgraph.csv?id=DTWEXBGS,2026-10-08
dollar_broad,2017-09-14,2017-09-21,108.618,https://fred.stlouisfed.org/graph/fredgraph.csv?id=DTWEXBGS,2026-10-08
dollar_broad,2017-09-15,2017-09-22,108.3147,https://fred.stlouisfed.org/graph/fredgraph.csv?id=DTWEXBGS,2026-10-08
dollar_broad,2017-09-18,2017-09-25,108.6401,https://fred.stlouisfed.org/graph/fredgraph.csv?id=DTWEXBGS,2026-10-08
dollar_broad,2017-09-19,2017-09-26,108.6142,https://fred.stlouisfed.org/graph/fredgraph.csv?id=DTWEXBGS,2026-10-08
dollar_broad,2017-09-20,2017-09-27,108.4329,https://fred.stlouisfed.org/graph/fredgraph.csv?id=DTWEXBGS,2026-10-08
dollar_broad,2017-09-21,2017-09-28,108.9267,https://fred.stlouisfed.org/graph/fredgraph.csv?id=DTWEXBGS,2026-10-08
dollar_broad,2017-09-22,2017-09-29,108.7542,https://fred.stlouisfed.org/graph/fredgraph.csv?id=DTWEXBGS,2026-10-08
dollar_broad,2017-09-25,2017-10-02,109.3302,https://fred.stlouisfed.org/graph/fredgraph.csv?id=DTWEXBGS,2026-10-08
dollar_broad,2017-09-26,2017-10-03,109.7769,https://fred.stlouisfed.org/graph/fredgraph.csv?id=DTWEXBGS,2026-10-08
dollar_broad,2017-09-27,2017-10-04,110.0722,https://fred.stlouisfed.org/graph/fredgraph.csv?id=DTWEXBGS,2026-10-08
dollar_broad,2017-09-28,2017-10-05,110.2415,https://fred.stlouisfed.org/graph/fredgraph.csv?id=DTWEXBGS,2026-10-08
dollar_broad,2017-09-29,2017-10-06,110.0867,https://fred.stlouisfed.org/graph/fredgraph.csv?id=DTWEXBGS,2026-10-08
dollar_broad,2017-10-02,2017-10-09,110.3686,https://fred.stlouisfed.org/graph/fredgraph.csv?id=DTWEXBGS,2026-10-08
dollar_broad,2017-10-03,2017-10-10,110.3281,https://fred.stlouisfed.org/graph/fredgraph.csv?id=DTWEXBGS,2026-10-08
dollar_broad,2017-10-04,2017-10-11,110.2425,https://fred.stlouisfed.org/graph/fredgraph.csv?id=DTWEXBGS,2026-10-08
dollar_broad,2017-10-05,2017-10-12,110.5823,https://fred.stlouisfed.org/graph/fredgraph.csv?id=DTWEXBGS,2026-10-08
dollar_broad,2017-10-06,2017-10-13,110.7841,https://fred.stlouisfed.org/graph/fredgraph.csv?id=DTWEXBGS,2026-10-08
dollar_broad,2017-10-10,2017-10-17,110.3034,https://fred.stlouisfed.org/graph/fredgraph.csv?id=DTWEXBGS,2026-10-08
dollar_broad,2017-10-11,2017-10-18,110.3037,https://fred.stlouisfed.org/graph/fredgraph.csv?id=DTWEXBGS,2026-10-08
dollar_broad,2017-10-12,2017-10-19,110.3152,https://fred.stlouisfed.org/graph/fredgraph.csv?id=DTWEXBGS,2026-10-08
dollar_broad,2017-10-13,2017-10-20,110.2669,https://fred.stlouisfed.org/graph/fredgraph.csv?id=DTWEXBGS,2026-10-08
dollar_broad,2017-10-16,2017-10-23,110.5432,https://fred.stlouisfed.org/graph/fredgraph.csv?id=DTWEXBGS,2026-10-08
dollar_broad,2017-10-17,2017-10-24,110.9141,https://fred.stlouisfed.org/graph/fredgraph.csv?id=DTWEXBGS,2026-10-08
dollar_broad,2017-10-18,2017-10-25,110.7214,https://fred.stlouisfed.org/graph/fredgraph.csv?id=DTWEXBGS,2026-10-08
dollar_broad,2017-10-19,2017-10-26,110.4577,https://fred.stlouisfed.org/graph/fredgraph.csv?id=DTWEXBGS,2026-10-08
dollar_broad,2017-10-20,2017-10-27,111.0375,https://fred.stlouisfed.org/graph/fredgraph.csv?id=DTWEXBGS,2026-10-08
dollar_broad,2017-10-23,2017-10-30,111.2134,https://fred.stlouisfed.org/graph/fredgraph.csv?id=DTWEXBGS,2026-10-08
dollar_broad,2017-10-24,2017-10-31,111.4027,https://fred.stlouisfed.org/graph/fredgraph.csv?id=DTWEXBGS,2026-10-08
dollar_broad,2017-10-25,2017-11-01,111.3904,https://fred.stlouisfed.org/graph/fredgraph.csv?id=DTWEXBGS,2026-10-08
dollar_broad,2017-10-26,2017-11-02,111.6418,https://fred.stlouisfed.org/graph/fredgraph.csv?id=DTWEXBGS,2026-10-08
dollar_broad,2017-10-27,2017-11-03,112.1495,https://fred.stlouisfed.org/graph/fredgraph.csv?id=DTWEXBGS,2026-10-08
dollar_broad,2017-10-30,2017-11-06,111.901,https://fred.stlouisfed.org/graph/fredgraph.csv?id=DTWEXBGS,2026-10-08
dollar_broad,2017-10-31,2017-11-07,111.8052,https://fred.stlouisfed.org/graph/fredgraph.csv?id=DTWEXBGS,2026-10-08
dollar_broad,2017-11-01,2017-11-08,111.7942,https://fred.stlouisfed.org/graph/fredgraph.csv?id=DTWEXBGS,2026-10-08
dollar_broad,2017-11-02,2017-11-09,111.5474,https://fred.stlouisfed.org/graph/fredgraph.csv?id=DTWEXBGS,2026-10-08
dollar_broad,2017-11-03,2017-11-10,111.9383,https://fred.stlouisfed.org/graph/fredgraph.csv?id=DTWEXBGS,2026-10-08
dollar_broad,2017-11-06,2017-11-13,111.7197,https://fred.stlouisfed.org/graph/fredgraph.csv?id=DTWEXBGS,2026-10-08
dollar_broad,2017-11-07,2017-11-14,111.9446,https://fred.stlouisfed.org/graph/fredgraph.csv?id=DTWEXBGS,2026-10-08
dollar_broad,2017-11-08,2017-11-15,111.6935,https://fred.stlouisfed.org/graph/fredgraph.csv?id=DTWEXBGS,2026-10-08
dollar_broad,2017-11-09,2017-11-16,111.5626,https://fred.stlouisfed.org/graph/fredgraph.csv?id=DTWEXBGS,2026-10-08
dollar_broad,2017-11-13,2017-11-20,111.7833,https://fred.stlouisfed.org/graph/fredgraph.csv?id=DTWEXBGS,2026-10-08
dollar_broad,2017-11-14,2017-11-21,111.5097,https://fred.stlouisfed.org/graph/fredgraph.csv?id=DTWEXBGS,2026-10-08
dollar_broad,2017-11-15,2017-11-22,111.4809,https://fred.stlouisfed.org/graph/fredgraph.csv?id=DTWEXBGS,2026-10-08
dollar_broad,2017-11-16,2017-11-23,111.2568,https://fred.stlouisfed.org/graph/fredgraph.csv?id=DTWEXBGS,2026-10-08
dollar_broad,2017-11-17,2017-11-24,111.0016,https://fred.stlouisfed.org/graph/fredgraph.csv?id=DTWEXBGS,2026-10-08
dollar_broad,2017-11-20,2017-11-27,111.2599,https://fred.stlouisfed.org/graph/fredgraph.csv?id=DTWEXBGS,2026-10-08
dollar_broad,2017-11-21,2017-11-28,110.9828,https://fred.stlouisfed.org/graph/fredgraph.csv?id=DTWEXBGS,2026-10-08
dollar_broad,2017-11-22,2017-11-29,110.5632,https://fred.stlouisfed.org/graph/fredgraph.csv?id=DTWEXBGS,2026-10-08
dollar_broad,2017-11-24,2017-12-01,110.0253,https://fred.stlouisfed.org/graph/fredgraph.csv?id=DTWEXBGS,2026-10-08
dollar_broad,2017-11-27,2017-12-04,110.1136,https://fred.stlouisfed.org/graph/fredgraph.csv?id=DTWEXBGS,2026-10-08
dollar_broad,2017-11-28,2017-12-05,110.3018,https://fred.stlouisfed.org/graph/fredgraph.csv?id=DTWEXBGS,2026-10-08
dollar_broad,2017-11-29,2017-12-06,110.3265,https://fred.stlouisfed.org/graph/fredgraph.csv?id=DTWEXBGS,2026-10-08
dollar_broad,2017-11-30,2017-12-07,110.4648,https://fred.stlouisfed.org/graph/fredgraph.csv?id=DTWEXBGS,2026-10-08
dollar_broad,2017-12-01,2017-12-08,110.1413,https://fred.stlouisfed.org/graph/fredgraph.csv?id=DTWEXBGS,2026-10-08
dollar_broad,2017-12-04,2017-12-11,110.397,https://fred.stlouisfed.org/graph/fredgraph.csv?id=DTWEXBGS,2026-10-08
dollar_broad,2017-12-05,2017-12-12,110.4905,https://fred.stlouisfed.org/graph/fredgraph.csv?id=DTWEXBGS,2026-10-08
dollar_broad,2017-12-06,2017-12-13,110.8711,https://fred.stlouisfed.org/graph/fredgraph.csv?id=DTWEXBGS,2026-10-08
dollar_broad,2017-12-07,2017-12-14,111.0178,https://fred.stlouisfed.org/graph/fredgraph.csv?id=DTWEXBGS,2026-10-08
dollar_broad,2017-12-08,2017-12-15,111.2273,https://fred.stlouisfed.org/graph/fredgraph.csv?id=DTWEXBGS,2026-10-08
dollar_broad,2017-12-11,2017-12-18,111.0827,https://fred.stlouisfed.org/graph/fredgraph.csv?id=DTWEXBGS,2026-10-08
dollar_broad,2017-12-12,2017-12-19,111.5214,https://fred.stlouisfed.org/graph/fredgraph.csv?id=DTWEXBGS,2026-10-08
dollar_broad,2017-12-13,2017-12-20,111.2759,https://fred.stlouisfed.org/graph/fredgraph.csv?id=DTWEXBGS,2026-10-08
dollar_broad,2017-12-14,2017-12-21,111.0893,https://fred.stlouisfed.org/graph/fredgraph.csv?id=DTWEXBGS,2026-10-08
dollar_broad,2017-12-15,2017-12-22,111.1286,https://fred.stlouisfed.org/graph/fredgraph.csv?id=DTWEXBGS,2026-10-08
dollar_broad,2017-12-18,2017-12-25,110.9086,https://fred.stlouisfed.org/graph/fredgraph.csv?id=DTWEXBGS,2026-10-08
dollar_broad,2017-12-19,2017-12-26,111.1255,https://fred.stlouisfed.org/graph/fredgraph.csv?id=DTWEXBGS,2026-10-08
dollar_broad,2017-12-20,2017-12-27,110.8361,https://fred.stlouisfed.org/graph/fredgraph.csv?id=DTWEXBGS,2026-10-08
dollar_broad,2017-12-21,2017-12-28,110.8786,https://fred.stlouisfed.org/graph/fredgraph.csv?id=DTWEXBGS,2026-10-08
dollar_broad,2017-12-22,2017-12-29,111.0997,https://fred.stlouisfed.org/graph/fredgraph.csv?id=DTWEXBGS,2026-10-08
dollar_broad,2017-12-26,2018-01-02,110.9758,https://fred.stlouisfed.org/graph/fredgraph.csv?id=DTWEXBGS,2026-10-08
dollar_broad,2017-12-27,2018-01-03,110.8553,https://fred.stlouisfed.org/graph/fredgraph.csv?id=DTWEXBGS,2026-10-08
dollar_broad,2017-12-28,2018-01-04,110.5154,https://fred.stlouisfed.org/graph/fredgraph.csv?id=DTWEXBGS,2026-10-08
dollar_broad,2017-12-29,2018-01-05,110.0783,https://fred.stlouisfed.org/graph/fredgraph.csv?id=DTWEXBGS,2026-10-08
dollar_broad,2018-01-02,2018-01-09,109.6445,https://fred.stlouisfed.org/graph/fredgraph.csv?id=DTWEXBGS,2026-10-08
dollar_broad,2018-01-03,2018-01-10,109.6751,https://fred.stlouisfed.org/graph/fredgraph.csv?id=DTWEXBGS,2026-10-08
dollar_broad,2018-01-04,2018-01-11,109.4777,https://fred.stlouisfed.org/graph/fredgraph.csv?id=DTWEXBGS,2026-10-08
dollar_broad,2018-01-05,2018-01-12,109.3496,https://fred.stlouisfed.org/graph/fredgraph.csv?id=DTWEXBGS,2026-10-08
dollar_broad,2018-01-08,2018-01-15,109.5681,https://fred.stlouisfed.org/graph/fredgraph.csv?id=DTWEXBGS,2026-10-08
dollar_broad,2018-01-09,2018-01-16,109.9025,https://fred.stlouisfed.org/graph/fredgraph.csv?id=DTWEXBGS,2026-10-08
dollar_broad,2018-01-10,2018-01-17,109.628,https://fred.stlouisfed.org/graph/fredgraph.csv?id=DTWEXBGS,2026-10-08
dollar_broad,2018-01-11,2018-01-18,109.4888,https://fred.stlouisfed.org/graph/fredgraph.csv?id=DTWEXBGS,2026-10-08
dollar_broad,2018-01-12,2018-01-19,108.901,https://fred.stlouisfed.org/graph/fredgraph.csv?id=DTWEXBGS,2026-10-08
dollar_broad,2018-01-16,2018-01-23,108.3218,https://fred.stlouisfed.org/graph/fredgraph.csv?id=DTWEXBGS,2026-10-08
dollar_broad,2018-01-17,2018-01-24,108.1526,https://fred.stlouisfed.org/graph/fredgraph.csv?id=DTWEXBGS,2026-10-08
dollar_broad,2018-01-18,2018-01-25,108.0655,https://fred.stlouisfed.org/graph/fredgraph.csv?id=DTWEXBGS,2026-10-08
dollar_broad,2018-01-19,2018-01-26,107.9455,https://fred.stlouisfed.org/graph/fredgraph.csv?id=DTWEXBGS,2026-10-08
dollar_broad,2018-01-22,2018-01-29,108.107,https://fred.stlouisfed.org/graph/fredgraph.csv?id=DTWEXBGS,2026-10-08
dollar_broad,2018-01-23,2018-01-30,107.9979,https://fred.stlouisfed.org/graph/fredgraph.csv?id=DTWEXBGS,2026-10-08
dollar_broad,2018-01-24,2018-01-31,107.0802,https://fred.stlouisfed.org/graph/fredgraph.csv?id=DTWEXBGS,2026-10-08
dollar_broad,2018-01-25,2018-02-01,106.5052,https://fred.stlouisfed.org/graph/fredgraph.csv?id=DTWEXBGS,2026-10-08
dollar_broad,2018-01-26,2018-02-02,106.6911,https://fred.stlouisfed.org/graph/fredgraph.csv?id=DTWEXBGS,2026-10-08
dollar_broad,2018-01-29,2018-02-05,107.1142,https://fred.stlouisfed.org/graph/fredgraph.csv?id=DTWEXBGS,2026-10-08
dollar_broad,2018-01-30,2018-02-06,107.1064,https://fred.stlouisfed.org/graph/fredgraph.csv?id=DTWEXBGS,2026-10-08
dollar_broad,2018-01-31,2018-02-07,106.7696,https://fred.stlouisfed.org/graph/fredgraph.csv?id=DTWEXBGS,2026-10-08
dollar_broad,2018-02-01,2018-02-08,106.4877,https://fred.stlouisfed.org/graph/fredgraph.csv?id=DTWEXBGS,2026-10-08
dollar_broad,2018-02-02,2018-02-09,107.1151,https://fred.stlouisfed.org/graph/fredgraph.csv?id=DTWEXBGS,2026-10-08
dollar_broad,2018-02-05,2018-02-12,107.33,https://fred.stlouisfed.org/graph/fredgraph.csv?id=DTWEXBGS,2026-10-08
dollar_broad,2018-02-06,2018-02-13,107.5204,https://fred.stlouisfed.org/graph/fredgraph.csv?id=DTWEXBGS,2026-10-08
dollar_broad,2018-02-07,2018-02-14,107.7175,https://fred.stlouisfed.org/graph/fredgraph.csv?id=DTWEXBGS,2026-10-08
dollar_broad,2018-02-08,2018-02-15,108.3025,https://fred.stlouisfed.org/graph/fredgraph.csv?id=DTWEXBGS,2026-10-08
dollar_broad,2018-02-09,2018-02-16,108.2582,https://fred.stlouisfed.org/graph/fredgraph.csv?id=DTWEXBGS,2026-10-08
dollar_broad,2018-02-12,2018-02-19,108.0332,https://fred.stlouisfed.org/graph/fredgraph.csv?id=DTWEXBGS,2026-10-08
dollar_broad,2018-02-13,2018-02-20,107.7574,https://fred.stlouisfed.org/graph/fredgraph.csv?id=DTWEXBGS,2026-10-08
dollar_broad,2018-02-14,2018-02-21,107.4691,https://fred.stlouisfed.org/graph/fredgraph.csv?id=DTWEXBGS,2026-10-08
dollar_broad,2018-02-15,2018-02-22,106.9867,https://fred.stlouisfed.org/graph/fredgraph.csv?id=DTWEXBGS,2026-10-08
dollar_broad,2018-02-16,2018-02-23,107.0359,https://fred.stlouisfed.org/graph/fredgraph.csv?id=DTWEXBGS,2026-10-08
dollar_broad,2018-02-20,2018-02-27,107.6249,https://fred.stlouisfed.org/graph/fredgraph.csv?id=DTWEXBGS,2026-10-08
dollar_broad,2018-02-21,2018-02-28,107.8679,https://fred.stlouisfed.org/graph/fredgraph.csv?id=DTWEXBGS,2026-10-08
dollar_broad,2018-02-22,2018-03-01,107.8668,https://fred.stlouisfed.org/graph/fredgraph.csv?id=DTWEXBGS,2026-10-08
dollar_broad,2018-02-23,2018-03-02,107.6804,https://fred.stlouisfed.org/graph/fredgraph.csv?id=DTWEXBGS,2026-10-08
dollar_broad,2018-02-26,2018-03-05,107.7347,https://fred.stlouisfed.org/graph/fredgraph.csv?id=DTWEXBGS,2026-10-08
dollar_broad,2018-02-27,2018-03-06,108.1731,https://fred.stlouisfed.org/graph/fredgraph.csv?id=DTWEXBGS,2026-10-08
dollar_broad,2018-02-28,2018-03-07,108.3903,https://fred.stlouisfed.org/graph/fredgraph.csv?id=DTWEXBGS,2026-10-08
dollar_broad,2018-03-01,2018-03-08,108.5358,https://fred.stlouisfed.org/graph/fredgraph.csv?id=DTWEXBGS,2026-10-08
dollar_broad,2018-03-05,2018-03-12,108.3614,https://fred.stlouisfed.org/graph/fredgraph.csv?id=DTWEXBGS,2026-10-08
dollar_broad,2018-03-06,2018-03-13,107.7969,https://fred.stlouisfed.org/graph/fredgraph.csv?id=DTWEXBGS,2026-10-08
dollar_broad,2018-03-07,2018-03-14,108.0911,https://fred.stlouisfed.org/graph/fredgraph.csv?id=DTWEXBGS,2026-10-08
dollar_broad,2018-03-08,2018-03-15,108.2671,https://fred.stlouisfed.org/graph/fredgraph.csv?id=DTWEXBGS,2026-10-08
dollar_broad,2018-03-09,2018-03-16,107.923,https://fred.stlouisfed.org/graph/fredgraph.csv?id=DTWEXBGS,2026-10-08
dollar_broad,2018-03-12,2018-03-19,107.9438,https://fred.stlouisfed.org/graph/fredgraph.csv?id=DTWEXBGS,2026-10-08
dollar_broad,2018-03-13,2018-03-20,107.7384,https://fred.stlouisfed.org/graph/fredgraph.csv?id=DTWEXBGS,2026-10-08
dollar_broad,2018-03-14,2018-03-21,107.8623,https://fred.stlouisfed.org/graph/fredgraph.csv?id=DTWEXBGS,2026-10-08
dollar_broad,2018-03-15,2018-03-22,108.2032,https://fred.stlouisfed.org/graph/fredgraph.csv?id=DTWEXBGS,2026-10-08
dollar_broad,2018-03-16,2018-03-23,108.4332,https://fred.stlouisfed.org/graph/fredgraph.csv?id=DTWEXBGS,2026-10-08
dollar_broad,2018-03-19,2018-03-26,108.3145,https://fred.stlouisfed.org/graph/fredgraph.csv?id=DTWEXBGS,2026-10-08
dollar_broad,2018-03-20,2018-03-27,108.4953,https://fred.stlouisfed.org/graph/fredgraph.csv?id=DTWEXBGS,2026-10-08
dollar_broad,2018-03-22,2018-03-29,107.9935,https://fred.stlouisfed.org/graph/fredgraph.csv?id=DTWEXBGS,2026-10-08
dollar_broad,2018-03-23,2018-03-30,107.7495,https://fred.stlouisfed.org/graph/fredgraph.csv?id=DTWEXBGS,2026-10-08
dollar_broad,2018-03-26,2018-04-02,107.1819,https://fred.stlouisfed.org/graph/fredgraph.csv?id=DTWEXBGS,2026-10-08
dollar_broad,2018-03-27,2018-04-03,107.3359,https://fred.stlouisfed.org/graph/fredgraph.csv?id=DTWEXBGS,2026-10-08
dollar_broad,2018-03-28,2018-04-04,107.5733,https://fred.stlouisfed.org/graph/fredgraph.csv?id=DTWEXBGS,2026-10-08
dollar_broad,2018-03-29,2018-04-05,107.665,https://fred.stlouisfed.org/graph/fredgraph.csv?id=DTWEXBGS,2026-10-08
dollar_broad,2018-03-30,2018-04-06,107.4784,https://fred.stlouisfed.org/graph/fredgraph.csv?id=DTWEXBGS,2026-10-08
dollar_broad,2018-04-02,2018-04-09,107.7033,https://fred.stlouisfed.org/graph/fredgraph.csv?id=DTWEXBGS,2026-10-08
dollar_broad,2018-04-03,2018-04-10,107.5624,https://fred.stlouisfed.org/graph/fredgraph.csv?id=DTWEXBGS,2026-10-08
dollar_broad,2018-04-04,2018-04-11,107.6361,https://fred.stlouisfed.org/graph/fredgraph.csv?id=DTWEXBGS,2026-10-08
dollar_broad,2018-04-05,2018-04-12,107.7281,https://fred.stlouisfed.org/graph/fredgraph.csv?id=DTWEXBGS,2026-10-08
dollar_broad,2018-04-06,2018-04-13,107.7886,https://fred.stlouisfed.org/graph/fredgraph.csv?id=DTWEXBGS,2026-10-08
dollar_broad,2018-04-09,2018-04-16,107.5316,https://fred.stlouisfed.org/graph/fredgraph.csv?id=DTWEXBGS,2026-10-08
dollar_broad,2018-04-10,2018-04-17,107.3659,https://fred.stlouisfed.org/graph/fredgraph.csv?id=DTWEXBGS,2026-10-08
dollar_broad,2018-04-11,2018-04-18,107.1224,https://fred.stlouisfed.org/graph/fredgraph.csv?id=DTWEXBGS,2026-10-08
dollar_broad,2018-04-12,2018-04-19,107.2905,https://fred.stlouisfed.org/graph/fredgraph.csv?id=DTWEXBGS,2026-10-08
dollar_broad,2018-04-13,2018-04-20,107.2368,https://fred.stlouisfed.org/graph/fredgraph.csv?id=DTWEXBGS,2026-10-08
dollar_broad,2018-04-16,2018-04-23,107.0595,https://fred.stlouisfed.org/graph/fredgraph.csv?id=DTWEXBGS,2026-10-08
dollar_broad,2018-04-17,2018-04-24,107.0344,https://fred.stlouisfed.org/graph/fredgraph.csv?id=DTWEXBGS,2026-10-08
dollar_broad,2018-04-18,2018-04-25,107.1096,https://fred.stlouisfed.org/graph/fredgraph.csv?id=DTWEXBGS,2026-10-08
dollar_broad,2018-04-19,2018-04-26,107.5197,https://fred.stlouisfed.org/graph/fredgraph.csv?id=DTWEXBGS,2026-10-08
dollar_broad,2018-04-20,2018-04-27,108.1787,https://fred.stlouisfed.org/graph/fredgraph.csv?id=DTWEXBGS,2026-10-08
dollar_broad,2018-04-23,2018-04-30,108.9332,https://fred.stlouisfed.org/graph/fredgraph.csv?id=DTWEXBGS,2026-10-08
dollar_broad,2018-04-24,2018-05-01,108.7906,https://fred.stlouisfed.org/graph/fredgraph.csv?id=DTWEXBGS,2026-10-08
dollar_broad,2018-04-25,2018-05-02,109.3447,https://fred.stlouisfed.org/graph/fredgraph.csv?id=DTWEXBGS,2026-10-08
dollar_broad,2018-04-26,2018-05-03,109.3646,https://fred.stlouisfed.org/graph/fredgraph.csv?id=DTWEXBGS,2026-10-08
dollar_broad,2018-04-27,2018-05-04,109.1735,https://fred.stlouisfed.org/graph/fredgraph.csv?id=DTWEXBGS,2026-10-08
dollar_broad,2018-04-30,2018-05-07,109.3363,https://fred.stlouisfed.org/graph/fredgraph.csv?id=DTWEXBGS,2026-10-08
dollar_broad,2018-05-01,2018-05-08,109.7445,https://fred.stlouisfed.org/graph/fredgraph.csv?id=DTWEXBGS,2026-10-08
dollar_broad,2018-05-02,2018-05-09,110.1625,https://fred.stlouisfed.org/graph/fredgraph.csv?id=DTWEXBGS,2026-10-08
dollar_broad,2018-05-03,2018-05-10,110.1803,https://fred.stlouisfed.org/graph/fredgraph.csv?id=DTWEXBGS,2026-10-08
dollar_broad,2018-05-04,2018-05-11,110.25,https://fred.stlouisfed.org/graph/fredgraph.csv?id=DTWEXBGS,2026-10-08
dollar_broad,2018-05-07,2018-05-14,110.5721,https://fred.stlouisfed.org/graph/fredgraph.csv?id=DTWEXBGS,2026-10-08
dollar_broad,2018-05-08,2018-05-15,111.063,https://fred.stlouisfed.org/graph/fredgraph.csv?id=DTWEXBGS,2026-10-08
dollar_broad,2018-05-09,2018-05-16,110.8818,https://fred.stlouisfed.org/graph/fredgraph.csv?id=DTWEXBGS,2026-10-08
dollar_broad,2018-05-10,2018-05-17,110.405,https://fred.stlouisfed.org/graph/fredgraph.csv?id=DTWEXBGS,2026-10-08
dollar_broad,2018-05-11,2018-05-18,110.2847,https://fred.stlouisfed.org/graph/fredgraph.csv?id=DTWEXBGS,2026-10-08
dollar_broad,2018-05-14,2018-05-21,110.408,https://fred.stlouisfed.org/graph/fredgraph.csv?id=DTWEXBGS,2026-10-08
dollar_broad,2018-05-15,2018-05-22,111.2292,https://fred.stlouisfed.org/graph/fredgraph.csv?id=DTWEXBGS,2026-10-08
dollar_broad,2018-05-16,2018-05-23,111.3068,https://fred.stlouisfed.org/graph/fredgraph.csv?id=DTWEXBGS,2026-10-08
dollar_broad,2018-05-17,2018-05-24,111.3547,https://fred.stlouisfed.org/graph/fredgraph.csv?id=DTWEXBGS,2026-10-08
dollar_broad,2018-05-18,2018-05-25,111.7171,https://fred.stlouisfed.org/graph/fredgraph.csv?id=DTWEXBGS,2026-10-08
dollar_broad,2018-05-21,2018-05-28,111.6394,https://fred.stlouisfed.org/graph/fredgraph.csv?id=DTWEXBGS,2026-10-08
dollar_broad,2018-05-22,2018-05-29,111.1945,https://fred.stlouisfed.org/graph/fredgraph.csv?id=DTWEXBGS,2026-10-08
dollar_broad,2018-05-23,2018-05-30,111.6933,https://fred.stlouisfed.org/graph/fredgraph.csv?id=DTWEXBGS,2026-10-08
dollar_broad,2018-05-24,2018-05-31,111.4885,https://fred.stlouisfed.org/graph/fredgraph.csv?id=DTWEXBGS,2026-10-08
dollar_broad,2018-05-25,2018-06-01,111.5843,https://fred.stlouisfed.org/graph/fredgraph.csv?id=DTWEXBGS,2026-10-08
dollar_broad,2018-05-29,2018-06-05,112.2127,https://fred.stlouisfed.org/graph/fredgraph.csv?id=DTWEXBGS,2026-10-08
dollar_broad,2018-05-30,2018-06-06,111.6731,https://fred.stlouisfed.org/graph/fredgraph.csv?id=DTWEXBGS,2026-10-08
dollar_broad,2018-05-31,2018-06-07,111.9894,https://fred.stlouisfed.org/graph/fredgraph.csv?id=DTWEXBGS,2026-10-08
dollar_broad,2018-06-01,2018-06-08,111.8265,https://fred.stlouisfed.org/graph/fredgraph.csv?id=DTWEXBGS,2026-10-08
dollar_broad,2018-06-04,2018-06-11,111.8247,https://fred.stlouisfed.org/graph/fredgraph.csv?id=DTWEXBGS,2026-10-08
dollar_broad,2018-06-05,2018-06-12,112.264,https://fred.stlouisfed.org/graph/fredgraph.csv?id=DTWEXBGS,2026-10-08
dollar_broad,2018-06-06,2018-06-13,111.7525,https://fred.stlouisfed.org/graph/fredgraph.csv?id=DTWEXBGS,2026-10-08
dollar_broad,2018-06-07,2018-06-14,112.0725,https://fred.stlouisfed.org/graph/fredgraph.csv?id=DTWEXBGS,2026-10-08
dollar_broad,2018-06-08,2018-06-15,112.1066,https://fred.stlouisfed.org/graph/fredgraph.csv?id=DTWEXBGS,2026-10-08
dollar_broad,2018-06-11,2018-06-18,112.1106,https://fred.stlouisfed.org/graph/fredgraph.csv?id=DTWEXBGS,2026-10-08
dollar_broad,2018-06-12,2018-06-19,112.2138,https://fred.stlouisfed.org/graph/fredgraph.csv?id=DTWEXBGS,2026-10-08
dollar_broad,2018-06-13,2018-06-20,112.2577,https://fred.stlouisfed.org/graph/fredgraph.csv?id=DTWEXBGS,2026-10-08
dollar_broad,2018-06-14,2018-06-21,112.8593,https://fred.stlouisfed.org/graph/fredgraph.csv?id=DTWEXBGS,2026-10-08
dollar_broad,2018-06-15,2018-06-22,113.3379,https://fred.stlouisfed.org/graph/fredgraph.csv?id=DTWEXBGS,2026-10-08
dollar_broad,2018-06-18,2018-06-25,113.4899,https://fred.stlouisfed.org/graph/fredgraph.csv?id=DTWEXBGS,2026-10-08
dollar_broad,2018-06-19,2018-06-26,113.639,https://fred.stlouisfed.org/graph/fredgraph.csv?id=DTWEXBGS,2026-10-08
dollar_broad,2018-06-20,2018-06-27,113.4784,https://fred.stlouisfed.org/graph/fredgraph.csv?id=DTWEXBGS,2026-10-08
dollar_broad,2018-06-21,2018-06-28,113.6109,https://fred.stlouisfed.org/graph/fredgraph.csv?id=DTWEXBGS,2026-10-08
dollar_broad,2018-06-22,2018-06-29,113.3047,https://fred.stlouisfed.org/graph/fredgraph.csv?id=DTWEXBGS,2026-10-08
dollar_broad,2018-06-25,2018-07-02,113.286,https://fred.stlouisfed.org/graph/fredgraph.csv?id=DTWEXBGS,2026-10-08
dollar_broad,2018-06-26,2018-07-03,113.3016,https://fred.stlouisfed.org/graph/fredgraph.csv?id=DTWEXBGS,2026-10-08
dollar_broad,2018-06-27,2018-07-04,113.8971,https://fred.stlouisfed.org/graph/fredgraph.csv?id=DTWEXBGS,2026-10-08
dollar_broad,2018-06-28,2018-07-05,113.8405,https://fred.stlouisfed.org/graph/fredgraph.csv?id=DTWEXBGS,2026-10-08
dollar_broad,2018-06-29,2018-07-06,113.2586,https://fred.stlouisfed.org/graph/fredgraph.csv?id=DTWEXBGS,2026-10-08
dollar_broad,2018-07-02,2018-07-09,114.1673,https://fred.stlouisfed.org/graph/fredgraph.csv?id=DTWEXBGS,2026-10-08
dollar_broad,2018-07-03,2018-07-10,113.3222,https://fred.stlouisfed.org/graph/fredgraph.csv?id=DTWEXBGS,2026-10-08
dollar_broad,2018-07-05,2018-07-12,112.9759,https://fred.stlouisfed.org/graph/fredgraph.csv?id=DTWEXBGS,2026-10-08
dollar_broad,2018-07-06,2018-07-13,112.6428,https://fred.stlouisfed.org/graph/fredgraph.csv?id=DTWEXBGS,2026-10-08
dollar_broad,2018-07-09,2018-07-16,112.6425,https://fred.stlouisfed.org/graph/fredgraph.csv?id=DTWEXBGS,2026-10-08
dollar_broad,2018-07-10,2018-07-17,112.5794,https://fred.stlouisfed.org/graph/fredgraph.csv?id=DTWEXBGS,2026-10-08
dollar_broad,2018-07-11,2018-07-18,112.8582,https://fred.stlouisfed.org/graph/fredgraph.csv?id=DTWEXBGS,2026-10-08
dollar_broad,2018-07-12,2018-07-19,112.779,https://fred.stlouisfed.org/graph/fredgraph.csv?id=DTWEXBGS,2026-10-08
dollar_broad,2018-07-13,2018-07-20,113.0705,https://fred.stlouisfed.org/graph/fredgraph.csv?id=DTWEXBGS,2026-10-08
dollar_broad,2018-07-16,2018-07-23,112.8437,https://fred.stlouisfed.org/graph/fredgraph.csv?id=DTWEXBGS,2026-10-08
dollar_broad,2018-07-17,2018-07-24,113.1504,https://fred.stlouisfed.org/graph/fredgraph.csv?id=DTWEXBGS,2026-10-08
dollar_broad,2018-07-18,2018-07-25,113.3348,https://fred.stlouisfed.org/graph/fredgraph.csv?id=DTWEXBGS,2026-10-08
dollar_broad,2018-07-19,2018-07-26,113.9463,https://fred.stlouisfed.org/graph/fredgraph.csv?id=DTWEXBGS,2026-10-08
dollar_broad,2018-07-20,2018-07-27,113.3213,https://fred.stlouisfed.org/graph/fredgraph.csv?id=DTWEXBGS,2026-10-08
dollar_broad,2018-07-23,2018-07-30,113.4246,https://fred.stlouisfed.org/graph/fredgraph.csv?id=DTWEXBGS,2026-10-08
dollar_broad,2018-07-24,2018-07-31,113.2045,https://fred.stlouisfed.org/graph/fredgraph.csv?id=DTWEXBGS,2026-10-08
dollar_broad,2018-07-25,2018-08-01,112.9221,https://fred.stlouisfed.org/graph/fredgraph.csv?id=DTWEXBGS,2026-10-08
dollar_broad,2018-07-26,2018-08-02,112.9179,https://fred.stlouisfed.org/graph/fredgraph.csv?id=DTWEXBGS,2026-10-08
dollar_broad,2018-07-27,2018-08-03,112.8125,https://fred.stlouisfed.org/graph/fredgraph.csv?id=DTWEXBGS,2026-10-08
dollar_broad,2018-07-30,2018-08-06,112.6044,https://fred.stlouisfed.org/graph/fredgraph.csv?id=DTWEXBGS,2026-10-08
dollar_broad,2018-07-31,2018-08-07,112.7299,https://fred.stlouisfed.org/graph/fredgraph.csv?id=DTWEXBGS,2026-10-08
dollar_broad,2018-08-01,2018-08-08,112.8899,https://fred.stlouisfed.org/graph/fredgraph.csv?id=DTWEXBGS,2026-10-08
dollar_broad,2018-08-02,2018-08-09,113.1679,https://fred.stlouisfed.org/graph/fredgraph.csv?id=DTWEXBGS,2026-10-08
dollar_broad,2018-08-03,2018-08-10,113.012,https://fred.stlouisfed.org/graph/fredgraph.csv?id=DTWEXBGS,2026-10-08
dollar_broad,2018-08-06,2018-08-13,113.229,https://fred.stlouisfed.org/graph/fredgraph.csv?id=DTWEXBGS,2026-10-08
dollar_broad,2018-08-07,2018-08-14,112.9759,https://fred.stlouisfed.org/graph/fredgraph.csv?id=DTWEXBGS,2026-10-08
dollar_broad,2018-08-08,2018-08-15,113.1411,https://fred.stlouisfed.org/graph/fredgraph.csv?id=DTWEXBGS,2026-10-08
dollar_broad,2018-08-09,2018-08-16,113.3806,https://fred.stlouisfed.org/graph/fredgraph.csv?id=DTWEXBGS,2026-10-08
dollar_broad,2018-08-10,2018-08-17,114.3005,https://fred.stlouisfed.org/graph/fredgraph.csv?id=DTWEXBGS,2026-10-08
dollar_broad,2018-08-13,2018-08-20,114.851,https://fred.stlouisfed.org/graph/fredgraph.csv?id=DTWEXBGS,2026-10-08
dollar_broad,2018-08-14,2018-08-21,114.658,https://fred.stlouisfed.org/graph/fredgraph.csv?id=DTWEXBGS,2026-10-08
dollar_broad,2018-08-15,2018-08-22,115.1526,https://fred.stlouisfed.org/graph/fredgraph.csv?id=DTWEXBGS,2026-10-08
dollar_broad,2018-08-16,2018-08-23,114.6416,https://fred.stlouisfed.org/graph/fredgraph.csv?id=DTWEXBGS,2026-10-08
dollar_broad,2018-08-17,2018-08-24,114.5339,https://fred.stlouisfed.org/graph/fredgraph.csv?id=DTWEXBGS,2026-10-08
dollar_broad,2018-08-20,2018-08-27,114.3504,https://fred.stlouisfed.org/graph/fredgraph.csv?id=DTWEXBGS,2026-10-08
dollar_broad,2018-08-21,2018-08-28,113.8604,https://fred.stlouisfed.org/graph/fredgraph.csv?id=DTWEXBGS,2026-10-08
dollar_broad,2018-08-22,2018-08-29,113.663,https://fred.stlouisfed.org/graph/fredgraph.csv?id=DTWEXBGS,2026-10-08
dollar_broad,2018-08-23,2018-08-30,114.0932,https://fred.stlouisfed.org/graph/fredgraph.csv?id=DTWEXBGS,2026-10-08
dollar_broad,2018-08-24,2018-08-31,113.5985,https://fred.stlouisfed.org/graph/fredgraph.csv?id=DTWEXBGS,2026-10-08
dollar_broad,2018-08-27,2018-09-03,113.2721,https://fred.stlouisfed.org/graph/fredgraph.csv?id=DTWEXBGS,2026-10-08
dollar_broad,2018-08-28,2018-09-04,113.3444,https://fred.stlouisfed.org/graph/fredgraph.csv?id=DTWEXBGS,2026-10-08
dollar_broad,2018-08-29,2018-09-05,113.6461,https://fred.stlouisfed.org/graph/fredgraph.csv?id=DTWEXBGS,2026-10-08
dollar_broad,2018-08-30,2018-09-06,114.0899,https://fred.stlouisfed.org/graph/fredgraph.csv?id=DTWEXBGS,2026-10-08
dollar_broad,2018-08-31,2018-09-07,114.2755,https://fred.stlouisfed.org/graph/fredgraph.csv?id=DTWEXBGS,2026-10-08
dollar_broad,2018-09-04,2018-09-11,114.8584,https://fred.stlouisfed.org/graph/fredgraph.csv?id=DTWEXBGS,2026-10-08
dollar_broad,2018-09-05,2018-09-12,114.7477,https://fred.stlouisfed.org/graph/fredgraph.csv?id=DTWEXBGS,2026-10-08
dollar_broad,2018-09-06,2018-09-13,114.6479,https://fred.stlouisfed.org/graph/fredgraph.csv?id=DTWEXBGS,2026-10-08
dollar_broad,2018-09-07,2018-09-14,114.5816,https://fred.stlouisfed.org/graph/fredgraph.csv?id=DTWEXBGS,2026-10-08
dollar_broad,2018-09-10,2018-09-17,114.6802,https://fred.stlouisfed.org/graph/fredgraph.csv?id=DTWEXBGS,2026-10-08
dollar_broad,2018-09-11,2018-09-18,114.7051,https://fred.stlouisfed.org/graph/fredgraph.csv?id=DTWEXBGS,2026-10-08
dollar_broad,2018-09-12,2018-09-19,114.2192,https://fred.stlouisfed.org/graph/fredgraph.csv?id=DTWEXBGS,2026-10-08
dollar_broad,2018-09-13,2018-09-20,113.9268,https://fred.stlouisfed.org/graph/fredgraph.csv?id=DTWEXBGS,2026-10-08
dollar_broad,2018-09-14,2018-09-21,114.0657,https://fred.stlouisfed.org/graph/fredgraph.csv?id=DTWEXBGS,2026-10-08
dollar_broad,2018-09-17,2018-09-24,113.9158,https://fred.stlouisfed.org/graph/fredgraph.csv?id=DTWEXBGS,2026-10-08
dollar_broad,2018-09-18,2018-09-25,113.7739,https://fred.stlouisfed.org/graph/fredgraph.csv?id=DTWEXBGS,2026-10-08
dollar_broad,2018-09-19,2018-09-26,113.6532,https://fred.stlouisfed.org/graph/fredgraph.csv?id=DTWEXBGS,2026-10-08
dollar_broad,2018-09-20,2018-09-27,113.4989,https://fred.stlouisfed.org/graph/fredgraph.csv?id=DTWEXBGS,2026-10-08
dollar_broad,2018-09-21,2018-09-28,113.5099,https://fred.stlouisfed.org/graph/fredgraph.csv?id=DTWEXBGS,2026-10-08
dollar_broad,2018-09-24,2018-10-01,113.5301,https://fred.stlouisfed.org/graph/fredgraph.csv?id=DTWEXBGS,2026-10-08
dollar_broad,2018-09-25,2018-10-02,113.7202,https://fred.stlouisfed.org/graph/fredgraph.csv?id=DTWEXBGS,2026-10-08
dollar_broad,2018-09-26,2018-10-03,113.6739,https://fred.stlouisfed.org/graph/fredgraph.csv?id=DTWEXBGS,2026-10-08
dollar_broad,2018-09-27,2018-10-04,113.9784,https://fred.stlouisfed.org/graph/fredgraph.csv?id=DTWEXBGS,2026-10-08
dollar_broad,2018-09-28,2018-10-05,113.8077,https://fred.stlouisfed.org/graph/fredgraph.csv?id=DTWEXBGS,2026-10-08
dollar_broad,2018-10-01,2018-10-08,113.8235,https://fred.stlouisfed.org/graph/fredgraph.csv?id=DTWEXBGS,2026-10-08
dollar_broad,2018-10-02,2018-10-09,113.8954,https://fred.stlouisfed.org/graph/fredgraph.csv?id=DTWEXBGS,2026-10-08
dollar_broad,2018-10-03,2018-10-10,114.1569,https://fred.stlouisfed.org/graph/fredgraph.csv?id=DTWEXBGS,2026-10-08
dollar_broad,2018-10-04,2018-10-11,114.6867,https://fred.stlouisfed.org/graph/fredgraph.csv?id=DTWEXBGS,2026-10-08
dollar_broad,2018-10-05,2018-10-12,114.561,https://fred.stlouisfed.org/graph/fredgraph.csv?id=DTWEXBGS,2026-10-08
dollar_broad,2018-10-09,2018-10-16,114.6583,https://fred.stlouisfed.org/graph/fredgraph.csv?id=DTWEXBGS,2026-10-08
dollar_broad,2018-10-10,2018-10-17,114.6072,https://fred.stlouisfed.org/graph/fredgraph.csv?id=DTWEXBGS,2026-10-08
dollar_broad,2018-10-11,2018-10-18,114.4074,https://fred.stlouisfed.org/graph/fredgraph.csv?id=DTWEXBGS,2026-10-08
dollar_broad,2018-10-12,2018-10-19,114.3691,https://fred.stlouisfed.org/graph/fredgraph.csv?id=DTWEXBGS,2026-10-08
dollar_broad,2018-10-15,2018-10-22,114.045,https://fred.stlouisfed.org/graph/fredgraph.csv?id=DTWEXBGS,2026-10-08
dollar_broad,2018-10-16,2018-10-23,113.8963,https://fred.stlouisfed.org/graph/fredgraph.csv?id=DTWEXBGS,2026-10-08
dollar_broad,2018-10-17,2018-10-24,114.1755,https://fred.stlouisfed.org/graph/fredgraph.csv?id=DTWEXBGS,2026-10-08
dollar_broad,2018-10-18,2018-10-25,114.8164,https://fred.stlouisfed.org/graph/fredgraph.csv?id=DTWEXBGS,2026-10-08
dollar_broad,2018-10-19,2018-10-26,114.8567,https://fred.stlouisfed.org/graph/fredgraph.csv?id=DTWEXBGS,2026-10-08
dollar_broad,2018-10-22,2018-10-29,115.1782,https://fred.stlouisfed.org/graph/fredgraph.csv?id=DTWEXBGS,2026-10-08
dollar_broad,2018-10-23,2018-10-30,115.1651,https://fred.stlouisfed.org/graph/fredgraph.csv?id=DTWEXBGS,2026-10-08
dollar_broad,2018-10-24,2018-10-31,115.3755,https://fred.stlouisfed.org/graph/fredgraph.csv?id=DTWEXBGS,2026-10-08
dollar_broad,2018-10-25,2018-11-01,115.4831,https://fred.stlouisfed.org/graph/fredgraph.csv?id=DTWEXBGS,2026-10-08
dollar_broad,2018-10-26,2018-11-02,115.473,https://fred.stlouisfed.org/graph/fredgraph.csv?id=DTWEXBGS,2026-10-08
dollar_broad,2018-10-29,2018-11-05,115.8936,https://fred.stlouisfed.org/graph/fredgraph.csv?id=DTWEXBGS,2026-10-08
dollar_broad,2018-10-30,2018-11-06,116.2357,https://fred.stlouisfed.org/graph/fredgraph.csv?id=DTWEXBGS,2026-10-08
dollar_broad,2018-10-31,2018-11-07,116.5281,https://fred.stlouisfed.org/graph/fredgraph.csv?id=DTWEXBGS,2026-10-08
dollar_broad,2018-11-01,2018-11-08,115.8657,https://fred.stlouisfed.org/graph/fredgraph.csv?id=DTWEXBGS,2026-10-08
dollar_broad,2018-11-02,2018-11-09,115.643,https://fred.stlouisfed.org/graph/fredgraph.csv?id=DTWEXBGS,2026-10-08
dollar_broad,2018-11-05,2018-11-12,115.703,https://fred.stlouisfed.org/graph/fredgraph.csv?id=DTWEXBGS,2026-10-08
dollar_broad,2018-11-06,2018-11-13,115.5622,https://fred.stlouisfed.org/graph/fredgraph.csv?id=DTWEXBGS,2026-10-08
dollar_broad,2018-11-07,2018-11-14,115.2519,https://fred.stlouisfed.org/graph/fredgraph.csv?id=DTWEXBGS,2026-10-08
dollar_broad,2018-11-08,2018-11-15,115.6478,https://fred.stlouisfed.org/graph/fredgraph.csv?id=DTWEXBGS,2026-10-08
dollar_broad,2018-11-09,2018-11-16,116.4778,https://fred.stlouisfed.org/graph/fredgraph.csv?id=DTWEXBGS,2026-10-08
dollar_broad,2018-11-13,2018-11-20,116.6694,https://fred.stlouisfed.org/graph/fredgraph.csv?id=DTWEXBGS,2026-10-08
dollar_broad,2018-11-14,2018-11-21,116.498,https://fred.stlouisfed.org/graph/fredgraph.csv?id=DTWEXBGS,2026-10-08
dollar_broad,2018-11-15,2018-11-22,116.3861,https://fred.stlouisfed.org/graph/fredgraph.csv?id=DTWEXBGS,2026-10-08
dollar_broad,2018-11-16,2018-11-23,115.9258,https://fred.stlouisfed.org/graph/fredgraph.csv?id=DTWEXBGS,2026-10-08
dollar_broad,2018-11-19,2018-11-26,115.9859,https://fred.stlouisfed.org/graph/fredgraph.csv?id=DTWEXBGS,2026-10-08
dollar_broad,2018-11-20,2018-11-27,116.2367,https://fred.stlouisfed.org/graph/fredgraph.csv?id=DTWEXBGS,2026-10-08
dollar_broad,2018-11-21,2018-11-28,116.092,https://fred.stlouisfed.org/graph/fredgraph.csv?id=DTWEXBGS,2026-10-08
dollar_broad,2018-11-23,2018-11-30,116.4713,https://fred.stlouisfed.org/graph/fredgraph.csv?id=DTWEXBGS,2026-10-08
dollar_broad,2018-11-26,2018-12-03,116.6208,https://fred.stlouisfed.org/graph/fredgraph.csv?id=DTWEXBGS,2026-10-08
dollar_broad,2018-11-27,2018-12-04,116.9001,https://fred.stlouisfed.org/graph/fredgraph.csv?id=DTWEXBGS,2026-10-08
dollar_broad,2018-11-28,2018-12-05,116.8343,https://fred.stlouisfed.org/graph/fredgraph.csv?id=DTWEXBGS,2026-10-08
dollar_broad,2018-11-29,2018-12-06,116.1961,https://fred.stlouisfed.org/graph/fredgraph.csv?id=DTWEXBGS,2026-10-08
dollar_broad,2018-11-30,2018-12-07,116.413,https://fred.stlouisfed.org/graph/fredgraph.csv?id=DTWEXBGS,2026-10-08
dollar_broad,2018-12-03,2018-12-10,115.9057,https://fred.stlouisfed.org/graph/fredgraph.csv?id=DTWEXBGS,2026-10-08
dollar_broad,2018-12-04,2018-12-11,116.0028,https://fred.stlouisfed.org/graph/fredgraph.csv?id=DTWEXBGS,2026-10-08
dollar_broad,2018-12-06,2018-12-13,116.3991,https://fred.stlouisfed.org/graph/fredgraph.csv?id=DTWEXBGS,2026-10-08
dollar_broad,2018-12-07,2018-12-14,116.0847,https://fred.stlouisfed.org/graph/fredgraph.csv?id=DTWEXBGS,2026-10-08
dollar_broad,2018-12-10,2018-12-17,116.6746,https://fred.stlouisfed.org/graph/fredgraph.csv?id=DTWEXBGS,2026-10-08
dollar_broad,2018-12-11,2018-12-18,116.7564,https://fred.stlouisfed.org/graph/fredgraph.csv?id=DTWEXBGS,2026-10-08
dollar_broad,2018-12-12,2018-12-19,116.2214,https://fred.stlouisfed.org/graph/fredgraph.csv?id=DTWEXBGS,2026-10-08
dollar_broad,2018-12-13,2018-12-20,116.3974,https://fred.stlouisfed.org/graph/fredgraph.csv?id=DTWEXBGS,2026-10-08
dollar_broad,2018-12-14,2018-12-21,116.79,https://fred.stlouisfed.org/graph/fredgraph.csv?id=DTWEXBGS,2026-10-08
dollar_broad,2018-12-17,2018-12-24,116.4532,https://fred.stlouisfed.org/graph/fredgraph.csv?id=DTWEXBGS,2026-10-08
dollar_broad,2018-12-18,2018-12-25,116.4127,https://fred.stlouisfed.org/graph/fredgraph.csv?id=DTWEXBGS,2026-10-08
dollar_broad,2018-12-19,2018-12-26,116.0676,https://fred.stlouisfed.org/graph/fredgraph.csv?id=DTWEXBGS,2026-10-08
dollar_broad,2018-12-20,2018-12-27,116.0183,https://fred.stlouisfed.org/graph/fredgraph.csv?id=DTWEXBGS,2026-10-08
dollar_broad,2018-12-21,2018-12-28,116.2227,https://fred.stlouisfed.org/graph/fredgraph.csv?id=DTWEXBGS,2026-10-08
dollar_broad,2018-12-24,2018-12-31,116.2182,https://fred.stlouisfed.org/graph/fredgraph.csv?id=DTWEXBGS,2026-10-08
dollar_broad,2018-12-26,2019-01-02,116.1162,https://fred.stlouisfed.org/graph/fredgraph.csv?id=DTWEXBGS,2026-10-08
dollar_broad,2018-12-27,2019-01-03,115.9927,https://fred.stlouisfed.org/graph/fredgraph.csv?id=DTWEXBGS,2026-10-08
dollar_broad,2018-12-28,2019-01-04,115.7232,https://fred.stlouisfed.org/graph/fredgraph.csv?id=DTWEXBGS,2026-10-08
dollar_broad,2018-12-31,2019-01-07,115.5674,https://fred.stlouisfed.org/graph/fredgraph.csv?id=DTWEXBGS,2026-10-08
dollar_broad,2019-01-02,2019-01-09,115.7689,https://fred.stlouisfed.org/graph/fredgraph.csv?id=DTWEXBGS,2026-10-08
dollar_broad,2019-01-03,2019-01-10,115.4622,https://fred.stlouisfed.org/graph/fredgraph.csv?id=DTWEXBGS,2026-10-08
dollar_broad,2019-01-04,2019-01-11,114.9821,https://fred.stlouisfed.org/graph/fredgraph.csv?id=DTWEXBGS,2026-10-08
dollar_broad,2019-01-07,2019-01-14,114.5628,https://fred.stlouisfed.org/graph/fredgraph.csv?id=DTWEXBGS,2026-10-08
dollar_broad,2019-01-08,2019-01-15,114.7281,https://fred.stlouisfed.org/graph/fredgraph.csv?id=DTWEXBGS,2026-10-08
dollar_broad,2019-01-09,2019-01-16,114.1406,https://fred.stlouisfed.org/graph/fredgraph.csv?id=DTWEXBGS,2026-10-08
dollar_broad,2019-01-10,2019-01-17,114.0496,https://fred.stlouisfed.org/graph/fredgraph.csv?id=DTWEXBGS,2026-10-08
dollar_broad,2019-01-11,2019-01-18,114.0404,https://fred.stlouisfed.org/graph/fredgraph.csv?id=DTWEXBGS,2026-10-08
dollar_broad,2019-01-15,2019-01-22,114.3402,https://fred.stlouisfed.org/graph/fredgraph.csv?id=DTWEXBGS,2026-10-08
dollar_broad,2019-01-16,2019-01-23,114.137,https://fred.stlouisfed.org/graph/fredgraph.csv?id=DTWEXBGS,2026-10-08
dollar_broad,2019-01-17,2019-01-24,114.4115,https://fred.stlouisfed.org/graph/fredgraph.csv?id=DTWEXBGS,2026-10-08
dollar_broad,2019-01-18,2019-01-25,114.558,https://fred.stlouisfed.org/graph/fredgraph.csv?id=DTWEXBGS,2026-10-08
dollar_broad,2019-01-22,2019-01-29,114.7541,https://fred.stlouisfed.org/graph/fredgraph.csv?id=DTWEXBGS,2026-10-08
dollar_broad,2019-01-23,2019-01-30,114.5759,https://fred.stlouisfed.org/graph/fredgraph.csv?id=DTWEXBGS,2026-10-08
dollar_broad,2019-01-24,2019-01-31,114.617,https://fred.stlouisfed.org/graph/fredgraph.csv?id=DTWEXBGS,2026-10-08
dollar_broad,2019-01-25,2019-02-01,114.0197,https://fred.stlouisfed.org/graph/fredgraph.csv?id=DTWEXBGS,2026-10-08
dollar_broad,2019-01-28,2019-02-04,114.0522,https://fred.stlouisfed.org/graph/fredgraph.csv?id=DTWEXBGS,2026-10-08
dollar_broad,2019-01-29,2019-02-05,114.026,https://fred.stlouisfed.org/graph/fredgraph.csv?id=DTWEXBGS,2026-10-08
dollar_broad,2019-01-30,2019-02-06,114.0731,https://fred.stlouisfed.org/graph/fredgraph.csv?id=DTWEXBGS,2026-10-08
dollar_broad,2019-01-31,2019-02-07,113.5504,https://fred.stlouisfed.org/graph/fredgraph.csv?id=DTWEXBGS,2026-10-08
dollar_broad,2019-02-01,2019-02-08,113.7548,https://fred.stlouisfed.org/graph/fredgraph.csv?id=DTWEXBGS,2026-10-08
dollar_broad,2019-02-04,2019-02-11,113.8766,https://fred.stlouisfed.org/graph/fredgraph.csv?id=DTWEXBGS,2026-10-08
dollar_broad,2019-02-05,2019-02-12,114.0431,https://fred.stlouisfed.org/graph/fredgraph.csv?id=DTWEXBGS,2026-10-08
dollar_broad,2019-02-06,2019-02-13,114.2305,https://fred.stlouisfed.org/graph/fredgraph.csv?id=DTWEXBGS,2026-10-08
dollar_broad,2019-02-07,2019-02-14,114.4339,https://fred.stlouisfed.org/graph/fredgraph.csv?id=DTWEXBGS,2026-10-08
dollar_broad,2019-02-08,2019-02-15,114.5003,https://fred.stlouisfed.org/graph/fredgraph.csv?id=DTWEXBGS,2026-10-08
dollar_broad,2019-02-11,2019-02-18,115.031,https://fred.stlouisfed.org/graph/fredgraph.csv?id=DTWEXBGS,2026-10-08
dollar_broad,2019-02-12,2019-02-19,114.7297,https://fred.stlouisfed.org/graph/fredgraph.csv?id=DTWEXBGS,2026-10-08
dollar_broad,2019-02-13,2019-02-20,114.9407,https://fred.stlouisfed.org/graph/fredgraph.csv?id=DTWEXBGS,2026-10-08
dollar_broad,2019-02-14,2019-02-21,115.1007,https://fred.stlouisfed.org/graph/fredgraph.csv?id=DTWEXBGS,2026-10-08
dollar_broad,2019-02-15,2019-02-22,114.9923,https://fred.stlouisfed.org/graph/fredgraph.csv?id=DTWEXBGS,2026-10-08
dollar_broad,2019-02-19,2019-02-26,114.57,https://fred.stlouisfed.org/graph/fredgraph.csv?id=DTWEXBGS,2026-10-08
dollar_broad,2019-02-21,2019-02-28,114.5091,https://fred.stlouisfed.org/graph/fredgraph.csv?id=DTWEXBGS,2026-10-08
dollar_broad,2019-02-22,2019-03-01,114.2716,https://fred.stlouisfed.org/graph/fredgraph.csv?id=DTWEXBGS,2026-10-08
dollar_broad,2019-02-25,2019-03-04,114.1457,https://fred.stlouisfed.org/graph/fredgraph.csv?id=DTWEXBGS,2026-10-08
dollar_broad,2019-02-26,2019-03-05,114.0687,https://fred.stlouisfed.org/graph/fredgraph.csv?id=DTWEXBGS,2026-10-08
dollar_broad,2019-02-27,2019-03-06,114.0363,https://fred.stlouisfed.org/graph/fredgraph.csv?id=DTWEXBGS,2026-10-08
dollar_broad,2019-02-28,2019-03-07,114.1991,https://fred.stlouisfed.org/graph/fredgraph.csv?id=DTWEXBGS,2026-10-08
dollar_broad,2019-03-01,2019-03-08,114.537,https://fred.stlouisfed.org/graph/fredgraph.csv?id=DTWEXBGS,2026-10-08
dollar_broad,2019-03-04,2019-03-11,114.6925,https://fred.stlouisfed.org/graph/fredgraph.csv?id=DTWEXBGS,2026-10-08
dollar_broad,2019-03-05,2019-03-12,114.804,https://fred.stlouisfed.org/graph/fredgraph.csv?id=DTWEXBGS,2026-10-08
dollar_broad,2019-03-06,2019-03-13,114.9714,https://fred.stlouisfed.org/graph/fredgraph.csv?id=DTWEXBGS,2026-10-08
dollar_broad,2019-03-07,2019-03-14,115.4919,https://fred.stlouisfed.org/graph/fredgraph.csv?id=DTWEXBGS,2026-10-08
dollar_broad,2019-03-08,2019-03-15,115.3599,https://fred.stlouisfed.org/graph/fredgraph.csv?id=DTWEXBGS,2026-10-08
dollar_broad,2019-03-11,2019-03-18,115.2967,https://fred.stlouisfed.org/graph/fredgraph.csv?id=DTWEXBGS,2026-10-08
dollar_broad,2019-03-12,2019-03-19,114.939,https://fred.stlouisfed.org/graph/fredgraph.csv?id=DTWEXBGS,2026-10-08
dollar_broad,2019-03-13,2019-03-20,114.7372,https://fred.stlouisfed.org/graph/fredgraph.csv?id=DTWEXBGS,2026-10-08
dollar_broad,2019-03-14,2019-03-21,114.79,https://fred.stlouisfed.org/graph/fredgraph.csv?id=DTWEXBGS,2026-10-08
dollar_broad,2019-03-15,2019-03-22,114.5815,https://fred.stlouisfed.org/graph/fredgraph.csv?id=DTWEXBGS,2026-10-08
dollar_broad,2019-03-18,2019-03-25,114.4375,https://fred.stlouisfed.org/graph/fredgraph.csv?id=DTWEXBGS,2026-10-08
dollar_broad,2019-03-19,2019-03-26,114.2324,https://fred.stlouisfed.org/graph/fredgraph.csv?id=DTWEXBGS,2026-10-08
dollar_broad,2019-03-20,2019-03-27,114.1509,https://fred.stlouisfed.org/graph/fredgraph.csv?id=DTWEXBGS,2026-10-08
dollar_broad,2019-03-21,2019-03-28,114.1684,https://fred.stlouisfed.org/graph/fredgraph.csv?id=DTWEXBGS,2026-10-08
dollar_broad,2019-03-22,2019-03-29,114.6856,https://fred.stlouisfed.org/graph/fredgraph.csv?id=DTWEXBGS,2026-10-08
dollar_broad,2019-03-25,2019-04-01,114.4171,https://fred.stlouisfed.org/graph/fredgraph.csv?id=DTWEXBGS,2026-10-08
dollar_broad,2019-03-26,2019-04-02,114.6414,https://fred.stlouisfed.org/graph/fredgraph.csv?id=DTWEXBGS,2026-10-08
dollar_broad,2019-03-27,2019-04-03,115.1243,https://fred.stlouisfed.org/graph/fredgraph.csv?id=DTWEXBGS,2026-10-08
dollar_broad,2019-03-28,2019-04-04,115.2581,https://fred.stlouisfed.org/graph/fredgraph.csv?id=DTWEXBGS,2026-10-08
dollar_broad,2019-03-29,2019-04-05,115.1371,https://fred.stlouisfed.org/graph/fredgraph.csv?id=DTWEXBGS,2026-10-08
dollar_broad,2019-04-01,2019-04-08,114.9362,https://fred.stlouisfed.org/graph/fredgraph.csv?id=DTWEXBGS,2026-10-08
dollar_broad,2019-04-02,2019-04-09,115.1173,https://fred.stlouisfed.org/graph/fredgraph.csv?id=DTWEXBGS,2026-10-08
dollar_broad,2019-04-03,2019-04-10,114.7211,https://fred.stlouisfed.org/graph/fredgraph.csv?id=DTWEXBGS,2026-10-08
dollar_broad,2019-04-04,2019-04-11,114.9697,https://fred.stlouisfed.org/graph/fredgraph.csv?id=DTWEXBGS,2026-10-08
dollar_broad,2019-04-05,2019-04-12,114.9726,https://fred.stlouisfed.org/graph/fredgraph.csv?id=DTWEXBGS,2026-10-08
dollar_broad,2019-04-08,2019-04-15,114.6893,https://fred.stlouisfed.org/graph/fredgraph.csv?id=DTWEXBGS,2026-10-08
dollar_broad,2019-04-09,2019-04-16,114.5321,https://fred.stlouisfed.org/graph/fredgraph.csv?id=DTWEXBGS,2026-10-08
dollar_broad,2019-04-10,2019-04-17,114.4269,https://fred.stlouisfed.org/graph/fredgraph.csv?id=DTWEXBGS,2026-10-08
dollar_broad,2019-04-11,2019-04-18,114.6303,https://fred.stlouisfed.org/graph/fredgraph.csv?id=DTWEXBGS,2026-10-08
dollar_broad,2019-04-12,2019-04-19,114.3531,https://fred.stlouisfed.org/graph/fredgraph.csv?id=DTWEXBGS,2026-10-08
dollar_broad,2019-04-15,2019-04-22,114.495,https://fred.stlouisfed.org/graph/fredgraph.csv?id=DTWEXBGS,2026-10-08
dollar_broad,2019-04-16,2019-04-23,114.6756,https://fred.stlouisfed.org/graph/fredgraph.csv?id=DTWEXBGS,2026-10-08
dollar_broad,2019-04-17,2019-04-24,114.5141,https://fred.stlouisfed.org/graph/fredgraph.csv?id=DTWEXBGS,2026-10-08
dollar_broad,2019-04-18,2019-04-25,114.7073,https://fred.stlouisfed.org/graph/fredgraph.csv?id=DTWEXBGS,2026-10-08
dollar_broad,2019-04-19,2019-04-26,114.6977,https://fred.stlouisfed.org/graph/fredgraph.csv?id=DTWEXBGS,2026-10-08
dollar_broad,2019-04-22,2019-04-29,114.7694,https://fred.stlouisfed.org/graph/fredgraph.csv?id=DTWEXBGS,2026-10-08
dollar_broad,2019-04-23,2019-04-30,115.1578,https://fred.stlouisfed.org/graph/fredgraph.csv?id=DTWEXBGS,2026-10-08
dollar_broad,2019-04-24,2019-05-01,115.4187,https://fred.stlouisfed.org/graph/fredgraph.csv?id=DTWEXBGS,2026-10-08
dollar_broad,2019-04-25,2019-05-02,115.7709,https://fred.stlouisfed.org/graph/fredgraph.csv?id=DTWEXBGS,2026-10-08
dollar_broad,2019-04-26,2019-05-03,115.4767,https://fred.stlouisfed.org/graph/fredgraph.csv?id=DTWEXBGS,2026-10-08
dollar_broad,2019-04-29,2019-05-06,115.5227,https://fred.stlouisfed.org/graph/fredgraph.csv?id=DTWEXBGS,2026-10-08
dollar_broad,2019-04-30,2019-05-07,115.3281,https://fred.stlouisfed.org/graph/fredgraph.csv?id=DTWEXBGS,2026-10-08
dollar_broad,2019-05-01,2019-05-08,115.0022,https://fred.stlouisfed.org/graph/fredgraph.csv?id=DTWEXBGS,2026-10-08
dollar_broad,2019-05-02,2019-05-09,115.5617,https://fred.stlouisfed.org/graph/fredgraph.csv?id=DTWEXBGS,2026-10-08
dollar_broad,2019-05-03,2019-05-10,115.2646,https://fred.stlouisfed.org/graph/fredgraph.csv?id=DTWEXBGS,2026-10-08
dollar_broad,2019-05-06,2019-05-13,115.3811,https://fred.stlouisfed.org/graph/fredgraph.csv?id=DTWEXBGS,2026-10-08
dollar_broad,2019-05-07,2019-05-14,115.6116,https://fred.stlouisfed.org/graph/fredgraph.csv?id=DTWEXBGS,2026-10-08
dollar_broad,2019-05-08,2019-05-15,115.5171,https://fred.stlouisfed.org/graph/fredgraph.csv?id=DTWEXBGS,2026-10-08
dollar_broad,2019-05-09,2019-05-16,115.8421,https://fred.stlouisfed.org/graph/fredgraph.csv?id=DTWEXBGS,2026-10-08
dollar_broad,2019-05-10,2019-05-17,115.5334,https://fred.stlouisfed.org/graph/fredgraph.csv?id=DTWEXBGS,2026-10-08
dollar_broad,2019-05-13,2019-05-20,115.915,https://fred.stlouisfed.org/graph/fredgraph.csv?id=DTWEXBGS,2026-10-08
dollar_broad,2019-05-14,2019-05-21,115.9425,https://fred.stlouisfed.org/graph/fredgraph.csv?id=DTWEXBGS,2026-10-08
dollar_broad,2019-05-15,2019-05-22,115.8565,https://fred.stlouisfed.org/graph/fredgraph.csv?id=DTWEXBGS,2026-10-08
dollar_broad,2019-05-16,2019-05-23,116.0346,https://fred.stlouisfed.org/graph/fredgraph.csv?id=DTWEXBGS,2026-10-08
dollar_broad,2019-05-17,2019-05-24,116.448,https://fred.stlouisfed.org/graph/fredgraph.csv?id=DTWEXBGS,2026-10-08
dollar_broad,2019-05-20,2019-05-27,116.3119,https://fred.stlouisfed.org/graph/fredgraph.csv?id=DTWEXBGS,2026-10-08
dollar_broad,2019-05-21,2019-05-28,116.2844,https://fred.stlouisfed.org/graph/fredgraph.csv?id=DTWEXBGS,2026-10-08
dollar_broad,2019-05-22,2019-05-29,116.2412,https://fred.stlouisfed.org/graph/fredgraph.csv?id=DTWEXBGS,2026-10-08
dollar_broad,2019-05-23,2019-05-30,116.2368,https://fred.stlouisfed.org/graph/fredgraph.csv?id=DTWEXBGS,2026-10-08
dollar_broad,2019-05-24,2019-05-31,116.0806,https://fred.stlouisfed.org/graph/fredgraph.csv?id=DTWEXBGS,2026-10-08
dollar_broad,2019-05-28,2019-06-04,116.3174,https://fred.stlouisfed.org/graph/fredgraph.csv?id=DTWEXBGS,2026-10-08
dollar_broad,2019-05-29,2019-06-05,116.5535,https://fred.stlouisfed.org/graph/fredgraph.csv?id=DTWEXBGS,2026-10-08
dollar_broad,2019-05-30,2019-06-06,116.3989,https://fred.stlouisfed.org/graph/fredgraph.csv?id=DTWEXBGS,2026-10-08
dollar_broad,2019-05-31,2019-06-07,116.7273,https://fred.stlouisfed.org/graph/fredgraph.csv?id=DTWEXBGS,2026-10-08
dollar_broad,2019-06-03,2019-06-10,116.4764,https://fred.stlouisfed.org/graph/fredgraph.csv?id=DTWEXBGS,2026-10-08
dollar_broad,2019-06-04,2019-06-11,116.091,https://fred.stlouisfed.org/graph/fredgraph.csv?id=DTWEXBGS,2026-10-08
dollar_broad,2019-06-05,2019-06-12,116.03,https://fred.stlouisfed.org/graph/fredgraph.csv?id=DTWEXBGS,2026-10-08
dollar_broad,2019-06-06,2019-06-13,115.9771,https://fred.stlouisfed.org/graph/fredgraph.csv?id=DTWEXBGS,2026-10-08
dollar_broad,2019-06-07,2019-06-14,115.7368,https://fred.stlouisfed.org/graph/fredgraph.csv?id=DTWEXBGS,2026-10-08
dollar_broad,2019-06-10,2019-06-17,115.5001,https://fred.stlouisfed.org/graph/fredgraph.csv?id=DTWEXBGS,2026-10-08
dollar_broad,2019-06-11,2019-06-18,115.3794,https://fred.stlouisfed.org/graph/fredgraph.csv?id=DTWEXBGS,2026-10-08
dollar_broad,2019-06-12,2019-06-19,115.438,https://fred.stlouisfed.org/graph/fredgraph.csv?id=DTWEXBGS,2026-10-08
dollar_broad,2019-06-13,2019-06-20,115.6275,https://fred.stlouisfed.org/graph/fredgraph.csv?id=DTWEXBGS,2026-10-08
dollar_broad,2019-06-14,2019-06-21,115.9057,https://fred.stlouisfed.org/graph/fredgraph.csv?id=DTWEXBGS,2026-10-08
dollar_broad,2019-06-17,2019-06-24,115.9684,https://fred.stlouisfed.org/graph/fredgraph.csv?id=DTWEXBGS,2026-10-08
dollar_broad,2019-06-18,2019-06-25,115.8797,https://fred.stlouisfed.org/graph/fredgraph.csv?id=DTWEXBGS,2026-10-08
dollar_broad,2019-06-19,2019-06-26,115.7889,https://fred.stlouisfed.org/graph/fredgraph.csv?id=DTWEXBGS,2026-10-08
dollar_broad,2019-06-20,2019-06-27,114.8046,https://fred.stlouisfed.org/graph/fredgraph.csv?id=DTWEXBGS,2026-10-08
dollar_broad,2019-06-21,2019-06-28,114.8377,https://fred.stlouisfed.org/graph/fredgraph.csv?id=DTWEXBGS,2026-10-08
dollar_broad,2019-06-24,2019-07-01,114.6559,https://fred.stlouisfed.org/graph/fredgraph.csv?id=DTWEXBGS,2026-10-08
dollar_broad,2019-06-25,2019-07-02,114.6363,https://fred.stlouisfed.org/graph/fredgraph.csv?id=DTWEXBGS,2026-10-08
dollar_broad,2019-06-26,2019-07-03,114.5608,https://fred.stlouisfed.org/graph/fredgraph.csv?id=DTWEXBGS,2026-10-08
dollar_broad,2019-06-27,2019-07-04,114.665,https://fred.stlouisfed.org/graph/fredgraph.csv?id=DTWEXBGS,2026-10-08
dollar_broad,2019-06-28,2019-07-05,114.5821,https://fred.stlouisfed.org/graph/fredgraph.csv?id=DTWEXBGS,2026-10-08
dollar_broad,2019-07-01,2019-07-08,114.7239,https://fred.stlouisfed.org/graph/fredgraph.csv?id=DTWEXBGS,2026-10-08
dollar_broad,2019-07-02,2019-07-09,114.8258,https://fred.stlouisfed.org/graph/fredgraph.csv?id=DTWEXBGS,2026-10-08
dollar_broad,2019-07-03,2019-07-10,114.8135,https://fred.stlouisfed.org/graph/fredgraph.csv?id=DTWEXBGS,2026-10-08
dollar_broad,2019-07-05,2019-07-12,115.1132,https://fred.stlouisfed.org/graph/fredgraph.csv?id=DTWEXBGS,2026-10-08
dollar_broad,2019-07-08,2019-07-15,115.0254,https://fred.stlouisfed.org/graph/fredgraph.csv?id=DTWEXBGS,2026-10-08
dollar_broad,2019-07-09,2019-07-16,115.1017,https://fred.stlouisfed.org/graph/fredgraph.csv?id=DTWEXBGS,2026-10-08
dollar_broad,2019-07-10,2019-07-17,115.0879,https://fred.stlouisfed.org/graph/fredgraph.csv?id=DTWEXBGS,2026-10-08
dollar_broad,2019-07-11,2019-07-18,114.8361,https://fred.stlouisfed.org/graph/fredgraph.csv?id=DTWEXBGS,2026-10-08
dollar_broad,2019-07-12,2019-07-19,114.7685,https://fred.stlouisfed.org/graph/fredgraph.csv?id=DTWEXBGS,2026-10-08
dollar_broad,2019-07-15,2019-07-22,114.6819,https://fred.stlouisfed.org/graph/fredgraph.csv?id=DTWEXBGS,2026-10-08
dollar_broad,2019-07-16,2019-07-23,115.0111,https://fred.stlouisfed.org/graph/fredgraph.csv?id=DTWEXBGS,2026-10-08
dollar_broad,2019-07-17,2019-07-24,114.8819,https://fred.stlouisfed.org/graph/fredgraph.csv?id=DTWEXBGS,2026-10-08
dollar_broad,2019-07-18,2019-07-25,114.8744,https://fred.stlouisfed.org/graph/fredgraph.csv?id=DTWEXBGS,2026-10-08
dollar_broad,2019-07-19,2019-07-26,114.8695,https://fred.stlouisfed.org/graph/fredgraph.csv?id=DTWEXBGS,2026-10-08
dollar_broad,2019-07-22,2019-07-29,115.0018,https://fred.stlouisfed.org/graph/fredgraph.csv?id=DTWEXBGS,2026-10-08
dollar_broad,2019-07-23,2019-07-30,115.2995,https://fred.stlouisfed.org/graph/fredgraph.csv?id=DTWEXBGS,2026-10-08
dollar_broad,2019-07-24,2019-07-31,115.2436,https://fred.stlouisfed.org/graph/fredgraph.csv?id=DTWEXBGS,2026-10-08
dollar_broad,2019-07-25,2019-08-01,115.2982,https://fred.stlouisfed.org/graph/fredgraph.csv?id=DTWEXBGS,2026-10-08
dollar_broad,2019-07-26,2019-08-02,115.5449,https://fred.stlouisfed.org/graph/fredgraph.csv?id=DTWEXBGS,2026-10-08
dollar_broad,2019-07-29,2019-08-05,115.5885,https://fred.stlouisfed.org/graph/fredgraph.csv?id=DTWEXBGS,2026-10-08
dollar_broad,2019-07-30,2019-08-06,115.6211,https://fred.stlouisfed.org/graph/fredgraph.csv?id=DTWEXBGS,2026-10-08
dollar_broad,2019-07-31,2019-08-07,115.4946,https://fred.stlouisfed.org/graph/fredgraph.csv?id=DTWEXBGS,2026-10-08
dollar_broad,2019-08-01,2019-08-08,116.0499,https://fred.stlouisfed.org/graph/fredgraph.csv?id=DTWEXBGS,2026-10-08
dollar_broad,2019-08-02,2019-08-09,116.1864,https://fred.stlouisfed.org/graph/fredgraph.csv?id=DTWEXBGS,2026-10-08
dollar_broad,2019-08-05,2019-08-12,116.5851,https://fred.stlouisfed.org/graph/fredgraph.csv?id=DTWEXBGS,2026-10-08
dollar_broad,2019-08-06,2019-08-13,116.6904,https://fred.stlouisfed.org/graph/fredgraph.csv?id=DTWEXBGS,2026-10-08
dollar_broad,2019-08-07,2019-08-14,116.7987,https://fred.stlouisfed.org/graph/fredgraph.csv?id=DTWEXBGS,2026-10-08
dollar_broad,2019-08-08,2019-08-15,116.474,https://fred.stlouisfed.org/graph/fredgraph.csv?id=DTWEXBGS,2026-10-08
dollar_broad,2019-08-09,2019-08-16,116.4419,https://fred.stlouisfed.org/graph/fredgraph.csv?id=DTWEXBGS,2026-10-08
dollar_broad,2019-08-12,2019-08-19,116.7548,https://fred.stlouisfed.org/graph/fredgraph.csv?id=DTWEXBGS,2026-10-08
dollar_broad,2019-08-13,2019-08-20,116.7267,https://fred.stlouisfed.org/graph/fredgraph.csv?id=DTWEXBGS,2026-10-08
dollar_broad,2019-08-14,2019-08-21,117.0913,https://fred.stlouisfed.org/graph/fredgraph.csv?id=DTWEXBGS,2026-10-08
dollar_broad,2019-08-15,2019-08-22,117.2239,https://fred.stlouisfed.org/graph/fredgraph.csv?id=DTWEXBGS,2026-10-08
dollar_broad,2019-08-16,2019-08-23,117.0786,https://fred.stlouisfed.org/graph/fredgraph.csv?id=DTWEXBGS,2026-10-08
dollar_broad,2019-08-19,2019-08-26,117.3886,https://fred.stlouisfed.org/graph/fredgraph.csv?id=DTWEXBGS,2026-10-08
dollar_broad,2019-08-20,2019-08-27,117.3726,https://fred.stlouisfed.org/graph/fredgraph.csv?id=DTWEXBGS,2026-10-08
dollar_broad,2019-08-21,2019-08-28,117.1764,https://fred.stlouisfed.org/graph/fredgraph.csv?id=DTWEXBGS,2026-10-08
dollar_broad,2019-08-22,2019-08-29,117.3558,https://fred.stlouisfed.org/graph/fredgraph.csv?id=DTWEXBGS,2026-10-08
dollar_broad,2019-08-23,2019-08-30,117.3009,https://fred.stlouisfed.org/graph/fredgraph.csv?id=DTWEXBGS,2026-10-08
dollar_broad,2019-08-26,2019-09-02,117.6658,https://fred.stlouisfed.org/graph/fredgraph.csv?id=DTWEXBGS,2026-10-08
dollar_broad,2019-08-27,2019-09-03,117.75,https://fred.stlouisfed.org/graph/fredgraph.csv?id=DTWEXBGS,2026-10-08
dollar_broad,2019-08-28,2019-09-04,117.8767,https://fred.stlouisfed.org/graph/fredgraph.csv?id=DTWEXBGS,2026-10-08
dollar_broad,2019-08-29,2019-09-05,118.0625,https://fred.stlouisfed.org/graph/fredgraph.csv?id=DTWEXBGS,2026-10-08
dollar_broad,2019-08-30,2019-09-06,118.1575,https://fred.stlouisfed.org/graph/fredgraph.csv?id=DTWEXBGS,2026-10-08
dollar_broad,2019-09-03,2019-09-10,118.3113,https://fred.stlouisfed.org/graph/fredgraph.csv?id=DTWEXBGS,2026-10-08
dollar_broad,2019-09-04,2019-09-11,117.6729,https://fred.stlouisfed.org/graph/fredgraph.csv?id=DTWEXBGS,2026-10-08
dollar_broad,2019-09-05,2019-09-12,117.4776,https://fred.stlouisfed.org/graph/fredgraph.csv?id=DTWEXBGS,2026-10-08
dollar_broad,2019-09-06,2019-09-13,117.1292,https://fred.stlouisfed.org/graph/fredgraph.csv?id=DTWEXBGS,2026-10-08
dollar_broad,2019-09-09,2019-09-16,117.0601,https://fred.stlouisfed.org/graph/fredgraph.csv?id=DTWEXBGS,2026-10-08
dollar_broad,2019-09-10,2019-09-17,117.0887,https://fred.stlouisfed.org/graph/fredgraph.csv?id=DTWEXBGS,2026-10-08
dollar_broad,2019-09-11,2019-09-18,117.3125,https://fred.stlouisfed.org/graph/fredgraph.csv?id=DTWEXBGS,2026-10-08
dollar_broad,2019-09-12,2019-09-19,116.8375,https://fred.stlouisfed.org/graph/fredgraph.csv?id=DTWEXBGS,2026-10-08
dollar_broad,2019-09-13,2019-09-20,116.7677,https://fred.stlouisfed.org/graph/fredgraph.csv?id=DTWEXBGS,2026-10-08
dollar_broad,2019-09-16,2019-09-23,117.0251,https://fred.stlouisfed.org/graph/fredgraph.csv?id=DTWEXBGS,2026-10-08
dollar_broad,2019-09-17,2019-09-24,116.9826,https://fred.stlouisfed.org/graph/fredgraph.csv?id=DTWEXBGS,2026-10-08
dollar_broad,2019-09-18,2019-09-25,116.9766,https://fred.stlouisfed.org/graph/fredgraph.csv?id=DTWEXBGS,2026-10-08
dollar_broad,2019-09-19,2019-09-26,117.0861,https://fred.stlouisfed.org/graph/fredgraph.csv?id=DTWEXBGS,2026-10-08
dollar_broad,2019-09-20,2019-09-27,117.1819,https://fred.stlouisfed.org/graph/fredgraph.csv?id=DTWEXBGS,2026-10-08
dollar_broad,2019-09-23,2019-09-30,117.2986,https://fred.stlouisfed.org/graph/fredgraph.csv?id=DTWEXBGS,2026-10-08
dollar_broad,2019-09-24,2019-10-01,117.2227,https://fred.stlouisfed.org/graph/fredgraph.csv?id=DTWEXBGS,2026-10-08
dollar_broad,2019-09-25,2019-10-02,117.6527,https://fred.stlouisfed.org/graph/fredgraph.csv?id=DTWEXBGS,2026-10-08
dollar_broad,2019-09-26,2019-10-03,117.7267,https://fred.stlouisfed.org/graph/fredgraph.csv?id=DTWEXBGS,2026-10-08
dollar_broad,2019-09-27,2019-10-04,117.7218,https://fred.stlouisfed.org/graph/fredgraph.csv?id=DTWEXBGS,2026-10-08
dollar_broad,2019-09-30,2019-10-07,117.9461,https://fred.stlouisfed.org/graph/fredgraph.csv?id=DTWEXBGS,2026-10-08
dollar_broad,2019-10-01,2019-10-08,117.9595,https://fred.stlouisfed.org/graph/fredgraph.csv?id=DTWEXBGS,2026-10-08
dollar_broad,2019-10-02,2019-10-09,117.9671,https://fred.stlouisfed.org/graph/fredgraph.csv?id=DTWEXBGS,2026-10-08
dollar_broad,2019-10-03,2019-10-10,117.6608,https://fred.stlouisfed.org/graph/fredgraph.csv?id=DTWEXBGS,2026-10-08
dollar_broad,2019-10-04,2019-10-11,117.5288,https://fred.stlouisfed.org/graph/fredgraph.csv?id=DTWEXBGS,2026-10-08
dollar_broad,2019-10-07,2019-10-14,117.5533,https://fred.stlouisfed.org/graph/fredgraph.csv?id=DTWEXBGS,2026-10-08
dollar_broad,2019-10-08,2019-10-15,117.7407,https://fred.stlouisfed.org/graph/fredgraph.csv?id=DTWEXBGS,2026-10-08
dollar_broad,2019-10-09,2019-10-16,117.6835,https://fred.stlouisfed.org/graph/fredgraph.csv?id=DTWEXBGS,2026-10-08
dollar_broad,2019-10-10,2019-10-17,117.2801,https://fred.stlouisfed.org/graph/fredgraph.csv?id=DTWEXBGS,2026-10-08
dollar_broad,2019-10-11,2019-10-18,116.8239,https://fred.stlouisfed.org/graph/fredgraph.csv?id=DTWEXBGS,2026-10-08
dollar_broad,2019-10-15,2019-10-22,116.8111,https://fred.stlouisfed.org/graph/fredgraph.csv?id=DTWEXBGS,2026-10-08
dollar_broad,2019-10-16,2019-10-23,116.6425,https://fred.stlouisfed.org/graph/fredgraph.csv?id=DTWEXBGS,2026-10-08
dollar_broad,2019-10-17,2019-10-24,116.2615,https://fred.stlouisfed.org/graph/fredgraph.csv?id=DTWEXBGS,2026-10-08
dollar_broad,2019-10-18,2019-10-25,116.1344,https://fred.stlouisfed.org/graph/fredgraph.csv?id=DTWEXBGS,2026-10-08
dollar_broad,2019-10-21,2019-10-28,116.0436,https://fred.stlouisfed.org/graph/fredgraph.csv?id=DTWEXBGS,2026-10-08
dollar_broad,2019-10-22,2019-10-29,115.9851,https://fred.stlouisfed.org/graph/fredgraph.csv?id=DTWEXBGS,2026-10-08
dollar_broad,2019-10-23,2019-10-30,116.0586,https://fred.stlouisfed.org/graph/fredgraph.csv?id=DTWEXBGS,2026-10-08
dollar_broad,2019-10-24,2019-10-31,116.1278,https://fred.stlouisfed.org/graph/fredgraph.csv?id=DTWEXBGS,2026-10-08
dollar_broad,2019-10-25,2019-11-01,116.0774,https://fred.stlouisfed.org/graph/fredgraph.csv?id=DTWEXBGS,2026-10-08
dollar_broad,2019-10-28,2019-11-04,116.0222,https://fred.stlouisfed.org/graph/fredgraph.csv?id=DTWEXBGS,2026-10-08
dollar_broad,2019-10-29,2019-11-05,115.9797,https://fred.stlouisfed.org/graph/fredgraph.csv?id=DTWEXBGS,2026-10-08
dollar_broad,2019-10-30,2019-11-06,116.1636,https://fred.stlouisfed.org/graph/fredgraph.csv?id=DTWEXBGS,2026-10-08
dollar_broad,2019-10-31,2019-11-07,115.9125,https://fred.stlouisfed.org/graph/fredgraph.csv?id=DTWEXBGS,2026-10-08
dollar_broad,2019-11-01,2019-11-08,115.7312,https://fred.stlouisfed.org/graph/fredgraph.csv?id=DTWEXBGS,2026-10-08
dollar_broad,2019-11-04,2019-11-11,115.8624,https://fred.stlouisfed.org/graph/fredgraph.csv?id=DTWEXBGS,2026-10-08
dollar_broad,2019-11-05,2019-11-12,116.1138,https://fred.stlouisfed.org/graph/fredgraph.csv?id=DTWEXBGS,2026-10-08
dollar_broad,2019-11-06,2019-11-13,116.1004,https://fred.stlouisfed.org/graph/fredgraph.csv?id=DTWEXBGS,2026-10-08
dollar_broad,2019-11-07,2019-11-14,116.1172,https://fred.stlouisfed.org/graph/fredgraph.csv?id=DTWEXBGS,2026-10-08
dollar_broad,2019-11-08,2019-11-15,116.3436,https://fred.stlouisfed.org/graph/fredgraph.csv?id=DTWEXBGS,2026-10-08
dollar_broad,2019-11-12,2019-11-19,116.5837,https://fred.stlouisfed.org/graph/fredgraph.csv?id=DTWEXBGS,2026-10-08
dollar_broad,2019-11-13,2019-11-20,116.8397,https://fred.stlouisfed.org/graph/fredgraph.csv?id=DTWEXBGS,2026-10-08
dollar_broad,2019-11-14,2019-11-21,116.8022,https://fred.stlouisfed.org/graph/fredgraph.csv?id=DTWEXBGS,2026-10-08
dollar_broad,2019-11-15,2019-11-22,116.4401,https://fred.stlouisfed.org/graph/fredgraph.csv?id=DTWEXBGS,2026-10-08
dollar_broad,2019-11-18,2019-11-25,116.3625,https://fred.stlouisfed.org/graph/fredgraph.csv?id=DTWEXBGS,2026-10-08
dollar_broad,2019-11-19,2019-11-26,116.5391,https://fred.stlouisfed.org/graph/fredgraph.csv?id=DTWEXBGS,2026-10-08
dollar_broad,2019-11-20,2019-11-27,116.828,https://fred.stlouisfed.org/graph/fredgraph.csv?id=DTWEXBGS,2026-10-08
dollar_broad,2019-11-21,2019-11-28,116.7435,https://fred.stlouisfed.org/graph/fredgraph.csv?id=DTWEXBGS,2026-10-08
dollar_broad,2019-11-22,2019-11-29,116.9137,https://fred.stlouisfed.org/graph/fredgraph.csv?id=DTWEXBGS,2026-10-08
dollar_broad,2019-11-25,2019-12-02,117.0098,https://fred.stlouisfed.org/graph/fredgraph.csv?id=DTWEXBGS,2026-10-08
dollar_broad,2019-11-26,2019-12-03,117.0513,https://fred.stlouisfed.org/graph/fredgraph.csv?id=DTWEXBGS,2026-10-08
dollar_broad,2019-11-27,2019-12-04,117.1273,https://fred.stlouisfed.org/graph/fredgraph.csv?id=DTWEXBGS,2026-10-08
dollar_broad,2019-11-29,2019-12-06,117.1204,https://fred.stlouisfed.org/graph/fredgraph.csv?id=DTWEXBGS,2026-10-08
dollar_broad,2019-12-02,2019-12-09,116.9647,https://fred.stlouisfed.org/graph/fredgraph.csv?id=DTWEXBGS,2026-10-08
dollar_broad,2019-12-03,2019-12-10,116.8898,https://fred.stlouisfed.org/graph/fredgraph.csv?id=DTWEXBGS,2026-10-08
dollar_broad,2019-12-04,2019-12-11,116.692,https://fred.stlouisfed.org/graph/fredgraph.csv?id=DTWEXBGS,2026-10-08
dollar_broad,2019-12-05,2019-12-12,116.3838,https://fred.stlouisfed.org/graph/fredgraph.csv?id=DTWEXBGS,2026-10-08
dollar_broad,2019-12-06,2019-12-13,116.5381,https://fred.stlouisfed.org/graph/fredgraph.csv?id=DTWEXBGS,2026-10-08
dollar_broad,2019-12-09,2019-12-16,116.3283,https://fred.stlouisfed.org/graph/fredgraph.csv?id=DTWEXBGS,2026-10-08
dollar_broad,2019-12-10,2019-12-17,116.2542,https://fred.stlouisfed.org/graph/fredgraph.csv?id=DTWEXBGS,2026-10-08
dollar_broad,2019-12-11,2019-12-18,116.1478,https://fred.stlouisfed.org/graph/fredgraph.csv?id=DTWEXBGS,2026-10-08
dollar_broad,2019-12-12,2019-12-19,115.8741,https://fred.stlouisfed.org/graph/fredgraph.csv?id=DTWEXBGS,2026-10-08
dollar_broad,2019-12-13,2019-12-20,115.6967,https://fred.stlouisfed.org/graph/fredgraph.csv?id=DTWEXBGS,2026-10-08
dollar_broad,2019-12-16,2019-12-23,115.555,https://fred.stlouisfed.org/graph/fredgraph.csv?id=DTWEXBGS,2026-10-08
dollar_broad,2019-12-17,2019-12-24,115.5553,https://fred.stlouisfed.org/graph/fredgraph.csv?id=DTWEXBGS,2026-10-08
dollar_broad,2019-12-18,2019-12-25,115.6618,https://fred.stlouisfed.org/graph/fredgraph.csv?id=DTWEXBGS,2026-10-08
dollar_broad,2019-12-19,2019-12-26,115.5988,https://fred.stlouisfed.org/graph/fredgraph.csv?id=DTWEXBGS,2026-10-08
dollar_broad,2019-12-20,2019-12-27,115.7598,https://fred.stlouisfed.org/graph/fredgraph.csv?id=DTWEXBGS,2026-10-08
dollar_broad,2019-12-23,2019-12-30,115.8059,https://fred.stlouisfed.org/graph/fredgraph.csv?id=DTWEXBGS,2026-10-08
dollar_broad,2019-12-26,2020-01-02,115.634,https://fred.stlouisfed.org/graph/fredgraph.csv?id=DTWEXBGS,2026-10-08
dollar_broad,2019-12-27,2020-01-03,115.22,https://fred.stlouisfed.org/graph/fredgraph.csv?id=DTWEXBGS,2026-10-08
dollar_broad,2019-12-30,2020-01-06,114.9631,https://fred.stlouisfed.org/graph/fredgraph.csv?id=DTWEXBGS,2026-10-08
dollar_broad,2019-12-31,2020-01-07,114.669,https://fred.stlouisfed.org/graph/fredgraph.csv?id=DTWEXBGS,2026-10-08
dollar_broad,2020-01-02,2020-01-09,114.9745,https://fred.stlouisfed.org/graph/fredgraph.csv?id=DTWEXBGS,2026-10-08
dollar_broad,2020-01-03,2020-01-10,114.9867,https://fred.stlouisfed.org/graph/fredgraph.csv?id=DTWEXBGS,2026-10-08
dollar_broad,2020-01-06,2020-01-13,114.9557,https://fred.stlouisfed.org/graph/fredgraph.csv?id=DTWEXBGS,2026-10-08
dollar_broad,2020-01-07,2020-01-14,115.1477,https://fred.stlouisfed.org/graph/fredgraph.csv?id=DTWEXBGS,2026-10-08
dollar_broad,2020-01-08,2020-01-15,115.1328,https://fred.stlouisfed.org/graph/fredgraph.csv?id=DTWEXBGS,2026-10-08
dollar_broad,2020-01-09,2020-01-16,115.2331,https://fred.stlouisfed.org/graph/fredgraph.csv?id=DTWEXBGS,2026-10-08
dollar_broad,2020-01-10,2020-01-17,115.0677,https://fred.stlouisfed.org/graph/fredgraph.csv?id=DTWEXBGS,2026-10-08
dollar_broad,2020-01-13,2020-01-20,115.0342,https://fred.stlouisfed.org/graph/fredgraph.csv?id=DTWEXBGS,2026-10-08
dollar_broad,2020-01-14,2020-01-21,115.0239,https://fred.stlouisfed.org/graph/fredgraph.csv?id=DTWEXBGS,2026-10-08
dollar_broad,2020-01-15,2020-01-22,114.9528,https://fred.stlouisfed.org/graph/fredgraph.csv?id=DTWEXBGS,2026-10-08
dollar_broad,2020-01-16,2020-01-23,115.0006,https://fred.stlouisfed.org/graph/fredgraph.csv?id=DTWEXBGS,2026-10-08
dollar_broad,2020-01-17,2020-01-24,115.0656,https://fred.stlouisfed.org/graph/fredgraph.csv?id=DTWEXBGS,2026-10-08
dollar_broad,2020-01-21,2020-01-28,115.1876,https://fred.stlouisfed.org/graph/fredgraph.csv?id=DTWEXBGS,2026-10-08
dollar_broad,2020-01-22,2020-01-29,115.2273,https://fred.stlouisfed.org/graph/fredgraph.csv?id=DTWEXBGS,2026-10-08
dollar_broad,2020-01-23,2020-01-30,115.5545,https://fred.stlouisfed.org/graph/fredgraph.csv?id=DTWEXBGS,2026-10-08
dollar_broad,2020-01-24,2020-01-31,115.5556,https://fred.stlouisfed.org/graph/fredgraph.csv?id=DTWEXBGS,2026-10-08
dollar_broad,2020-01-27,2020-02-03,115.8004,https://fred.stlouisfed.org/graph/fredgraph.csv?id=DTWEXBGS,2026-10-08
dollar_broad,2020-01-28,2020-02-04,115.7239,https://fred.stlouisfed.org/graph/fredgraph.csv?id=DTWEXBGS,2026-10-08
dollar_broad,2020-01-29,2020-02-05,115.7003,https://fred.stlouisfed.org/graph/fredgraph.csv?id=DTWEXBGS,2026-10-08
dollar_broad,2020-01-30,2020-02-06,115.8077,https://fred.stlouisfed.org/graph/fredgraph.csv?id=DTWEXBGS,2026-10-08
dollar_broad,2020-01-31,2020-02-07,115.7345,https://fred.stlouisfed.org/graph/fredgraph.csv?id=DTWEXBGS,2026-10-08
dollar_broad,2020-02-03,2020-02-10,116.1172,https://fred.stlouisfed.org/graph/fredgraph.csv?id=DTWEXBGS,2026-10-08
dollar_broad,2020-02-04,2020-02-11,115.9291,https://fred.stlouisfed.org/graph/fredgraph.csv?id=DTWEXBGS,2026-10-08
dollar_broad,2020-02-05,2020-02-12,116.009,https://fred.stlouisfed.org/graph/fredgraph.csv?id=DTWEXBGS,2026-10-08
dollar_broad,2020-02-06,2020-02-13,116.1518,https://fred.stlouisfed.org/graph/fredgraph.csv?id=DTWEXBGS,2026-10-08
dollar_broad,2020-02-07,2020-02-14,116.5086,https://fred.stlouisfed.org/graph/fredgraph.csv?id=DTWEXBGS,2026-10-08
dollar_broad,2020-02-10,2020-02-17,116.5711,https://fred.stlouisfed.org/graph/fredgraph.csv?id=DTWEXBGS,2026-10-08
dollar_broad,2020-02-11,2020-02-18,116.3585,https://fred.stlouisfed.org/graph/fredgraph.csv?id=DTWEXBGS,2026-10-08
dollar_broad,2020-02-12,2020-02-19,116.2794,https://fred.stlouisfed.org/graph/fredgraph.csv?id=DTWEXBGS,2026-10-08
dollar_broad,2020-02-13,2020-02-20,116.3999,https://fred.stlouisfed.org/graph/fredgraph.csv?id=DTWEXBGS,2026-10-08
dollar_broad,2020-02-14,2020-02-21,116.4223,https://fred.stlouisfed.org/graph/fredgraph.csv?id=DTWEXBGS,2026-10-08
dollar_broad,2020-02-18,2020-02-25,116.6039,https://fred.stlouisfed.org/graph/fredgraph.csv?id=DTWEXBGS,2026-10-08
dollar_broad,2020-02-19,2020-02-26,116.7829,https://fred.stlouisfed.org/graph/fredgraph.csv?id=DTWEXBGS,2026-10-08
dollar_broad,2020-02-20,2020-02-27,117.2454,https://fred.stlouisfed.org/graph/fredgraph.csv?id=DTWEXBGS,2026-10-08
dollar_broad,2020-02-21,2020-02-28,117.0473,https://fred.stlouisfed.org/graph/fredgraph.csv?id=DTWEXBGS,2026-10-08
dollar_broad,2020-02-24,2020-03-02,117.4018,https://fred.stlouisfed.org/graph/fredgraph.csv?id=DTWEXBGS,2026-10-08
dollar_broad,2020-02-25,2020-03-03,117.2425,https://fred.stlouisfed.org/graph/fredgraph.csv?id=DTWEXBGS,2026-10-08
dollar_broad,2020-02-26,2020-03-04,117.405,https://fred.stlouisfed.org/graph/fredgraph.csv?id=DTWEXBGS,2026-10-08
dollar_broad,2020-02-27,2020-03-05,117.3678,https://fred.stlouisfed.org/graph/fredgraph.csv?id=DTWEXBGS,2026-10-08
dollar_broad,2020-02-28,2020-03-06,117.6568,https://fred.stlouisfed.org/graph/fredgraph.csv?id=DTWEXBGS,2026-10-08
dollar_broad,2020-03-02,2020-03-09,116.8144,https://fred.stlouisfed.org/graph/fredgraph.csv?id=DTWEXBGS,2026-10-08
dollar_broad,2020-03-03,2020-03-10,116.4958,https://fred.stlouisfed.org/graph/fredgraph.csv?id=DTWEXBGS,2026-10-08
dollar_broad,2020-03-04,2020-03-11,116.7802,https://fred.stlouisfed.org/graph/fredgraph.csv?id=DTWEXBGS,2026-10-08
dollar_broad,2020-03-05,2020-03-12,116.7901,https://fred.stlouisfed.org/graph/fredgraph.csv?id=DTWEXBGS,2026-10-08
dollar_broad,2020-03-06,2020-03-13,116.7106,https://fred.stlouisfed.org/graph/fredgraph.csv?id=DTWEXBGS,2026-10-08
dollar_broad,2020-03-09,2020-03-16,117.1871,https://fred.stlouisfed.org/graph/fredgraph.csv?id=DTWEXBGS,2026-10-08
dollar_broad,2020-03-10,2020-03-17,117.9027,https://fred.stlouisfed.org/graph/fredgraph.csv?id=DTWEXBGS,2026-10-08
dollar_broad,2020-03-11,2020-03-18,118.2505,https://fred.stlouisfed.org/graph/fredgraph.csv?id=DTWEXBGS,2026-10-08
dollar_broad,2020-03-12,2020-03-19,120.4883,https://fred.stlouisfed.org/graph/fredgraph.csv?id=DTWEXBGS,2026-10-08
dollar_broad,2020-03-13,2020-03-20,120.4388,https://fred.stlouisfed.org/graph/fredgraph.csv?id=DTWEXBGS,2026-10-08
dollar_broad,2020-03-16,2020-03-23,120.9352,https://fred.stlouisfed.org/graph/fredgraph.csv?id=DTWEXBGS,2026-10-08
dollar_broad,2020-03-17,2020-03-24,122.4816,https://fred.stlouisfed.org/graph/fredgraph.csv?id=DTWEXBGS,2026-10-08
dollar_broad,2020-03-18,2020-03-25,124.1623,https://fred.stlouisfed.org/graph/fredgraph.csv?id=DTWEXBGS,2026-10-08
dollar_broad,2020-03-19,2020-03-26,125.0587,https://fred.stlouisfed.org/graph/fredgraph.csv?id=DTWEXBGS,2026-10-08
dollar_broad,2020-03-20,2020-03-27,124.9362,https://fred.stlouisfed.org/graph/fredgraph.csv?id=DTWEXBGS,2026-10-08
dollar_broad,2020-03-23,2020-03-30,126.1262,https://fred.stlouisfed.org/graph/fredgraph.csv?id=DTWEXBGS,2026-10-08
dollar_broad,2020-03-24,2020-03-31,125.5001,https://fred.stlouisfed.org/graph/fredgraph.csv?id=DTWEXBGS,2026-10-08
dollar_broad,2020-03-25,2020-04-01,124.7916,https://fred.stlouisfed.org/graph/fredgraph.csv?id=DTWEXBGS,2026-10-08
dollar_broad,2020-03-26,2020-04-02,122.4308,https://fred.stlouisfed.org/graph/fredgraph.csv?id=DTWEXBGS,2026-10-08
dollar_broad,2020-03-27,2020-04-03,122.4007,https://fred.stlouisfed.org/graph/fredgraph.csv?id=DTWEXBGS,2026-10-08
dollar_broad,2020-03-30,2020-04-06,123.2883,https://fred.stlouisfed.org/graph/fredgraph.csv?id=DTWEXBGS,2026-10-08
dollar_broad,2020-03-31,2020-04-07,122.5301,https://fred.stlouisfed.org/graph/fredgraph.csv?id=DTWEXBGS,2026-10-08
dollar_broad,2020-04-01,2020-04-08,123.7933,https://fred.stlouisfed.org/graph/fredgraph.csv?id=DTWEXBGS,2026-10-08
dollar_broad,2020-04-02,2020-04-09,123.5916,https://fred.stlouisfed.org/graph/fredgraph.csv?id=DTWEXBGS,2026-10-08
dollar_broad,2020-04-03,2020-04-10,124.4152,https://fred.stlouisfed.org/graph/fredgraph.csv?id=DTWEXBGS,2026-10-08
dollar_broad,2020-04-06,2020-04-13,124.16,https://fred.stlouisfed.org/graph/fredgraph.csv?id=DTWEXBGS,2026-10-08
dollar_broad,2020-04-07,2020-04-14,123.0956,https://fred.stlouisfed.org/graph/fredgraph.csv?id=DTWEXBGS,2026-10-08
dollar_broad,2020-04-08,2020-04-15,123.2216,https://fred.stlouisfed.org/graph/fredgraph.csv?id=DTWEXBGS,2026-10-08
dollar_broad,2020-04-09,2020-04-16,122.476,https://fred.stlouisfed.org/graph/fredgraph.csv?id=DTWEXBGS,2026-10-08
dollar_broad,2020-04-10,2020-04-17,122.1592,https://fred.stlouisfed.org/graph/fredgraph.csv?id=DTWEXBGS,2026-10-08
dollar_broad,2020-04-13,2020-04-20,122.5203,https://fred.stlouisfed.org/graph/fredgraph.csv?id=DTWEXBGS,2026-10-08
dollar_broad,2020-04-14,2020-04-21,122.1121,https://fred.stlouisfed.org/graph/fredgraph.csv?id=DTWEXBGS,2026-10-08
dollar_broad,2020-04-15,2020-04-22,123.0752,https://fred.stlouisfed.org/graph/fredgraph.csv?id=DTWEXBGS,2026-10-08
dollar_broad,2020-04-16,2020-04-23,123.4615,https://fred.stlouisfed.org/graph/fredgraph.csv?id=DTWEXBGS,2026-10-08
dollar_broad,2020-04-17,2020-04-24,122.871,https://fred.stlouisfed.org/graph/fredgraph.csv?id=DTWEXBGS,2026-10-08
dollar_broad,2020-04-20,2020-04-27,123.1033,https://fred.stlouisfed.org/graph/fredgraph.csv?id=DTWEXBGS,2026-10-08
dollar_broad,2020-04-21,2020-04-28,123.9116,https://fred.stlouisfed.org/graph/fredgraph.csv?id=DTWEXBGS,2026-10-08
dollar_broad,2020-04-22,2020-04-29,123.9256,https://fred.stlouisfed.org/graph/fredgraph.csv?id=DTWEXBGS,2026-10-08
dollar_broad,2020-04-23,2020-04-30,123.7542,https://fred.stlouisfed.org/graph/fredgraph.csv?id=DTWEXBGS,2026-10-08
dollar_broad,2020-04-24,2020-05-01,124.1615,https://fred.stlouisfed.org/graph/fredgraph.csv?id=DTWEXBGS,2026-10-08
dollar_broad,2020-04-27,2020-05-04,123.8843,https://fred.stlouisfed.org/graph/fredgraph.csv?id=DTWEXBGS,2026-10-08
dollar_broad,2020-04-28,2020-05-05,123.3693,https://fred.stlouisfed.org/graph/fredgraph.csv?id=DTWEXBGS,2026-10-08
dollar_broad,2020-04-29,2020-05-06,122.7782,https://fred.stlouisfed.org/graph/fredgraph.csv?id=DTWEXBGS,2026-10-08
dollar_broad,2020-04-30,2020-05-07,122.327,https://fred.stlouisfed.org/graph/fredgraph.csv?id=DTWEXBGS,2026-10-08
dollar_broad,2020-05-01,2020-05-08,123.1492,https://fred.stlouisfed.org/graph/fredgraph.csv?id=DTWEXBGS,2026-10-08
dollar_broad,2020-05-04,2020-05-11,123.2117,https://fred.stlouisfed.org/graph/fredgraph.csv?id=DTWEXBGS,2026-10-08
dollar_broad,2020-05-05,2020-05-12,122.803,https://fred.stlouisfed.org/graph/fredgraph.csv?id=DTWEXBGS,2026-10-08
dollar_broad,2020-05-06,2020-05-13,123.609,https://fred.stlouisfed.org/graph/fredgraph.csv?id=DTWEXBGS,2026-10-08
dollar_broad,2020-05-07,2020-05-14,123.1249,https://fred.stlouisfed.org/graph/fredgraph.csv?id=DTWEXBGS,2026-10-08
dollar_broad,2020-05-08,2020-05-15,122.5379,https://fred.stlouisfed.org/graph/fredgraph.csv?id=DTWEXBGS,2026-10-08
dollar_broad,2020-05-11,2020-05-18,123.2333,https://fred.stlouisfed.org/graph/fredgraph.csv?id=DTWEXBGS,2026-10-08
dollar_broad,2020-05-12,2020-05-19,123.0592,https://fred.stlouisfed.org/graph/fredgraph.csv?id=DTWEXBGS,2026-10-08
dollar_broad,2020-05-13,2020-05-20,123.5408,https://fred.stlouisfed.org/graph/fredgraph.csv?id=DTWEXBGS,2026-10-08
dollar_broad,2020-05-14,2020-05-21,123.6429,https://fred.stlouisfed.org/graph/fredgraph.csv?id=DTWEXBGS,2026-10-08
dollar_broad,2020-05-15,2020-05-22,123.5991,https://fred.stlouisfed.org/graph/fredgraph.csv?id=DTWEXBGS,2026-10-08
dollar_broad,2020-05-18,2020-05-25,122.7968,https://fred.stlouisfed.org/graph/fredgraph.csv?id=DTWEXBGS,2026-10-08
dollar_broad,2020-05-19,2020-05-26,122.5655,https://fred.stlouisfed.org/graph/fredgraph.csv?id=DTWEXBGS,2026-10-08
dollar_broad,2020-05-20,2020-05-27,122.1007,https://fred.stlouisfed.org/graph/fredgraph.csv?id=DTWEXBGS,2026-10-08
dollar_broad,2020-05-21,2020-05-28,122.0914,https://fred.stlouisfed.org/graph/fredgraph.csv?id=DTWEXBGS,2026-10-08
dollar_broad,2020-05-22,2020-05-29,122.3211,https://fred.stlouisfed.org/graph/fredgraph.csv?id=DTWEXBGS,2026-10-08
dollar_broad,2020-05-26,2020-06-02,121.3864,https://fred.stlouisfed.org/graph/fredgraph.csv?id=DTWEXBGS,2026-10-08
dollar_broad,2020-05-27,2020-06-03,121.5677,https://fred.stlouisfed.org/graph/fredgraph.csv?id=DTWEXBGS,2026-10-08
dollar_broad,2020-05-28,2020-06-04,121.0138,https://fred.stlouisfed.org/graph/fredgraph.csv?id=DTWEXBGS,2026-10-08
dollar_broad,2020-05-29,2020-06-05,120.9458,https://fred.stlouisfed.org/graph/fredgraph.csv?id=DTWEXBGS,2026-10-08
dollar_broad,2020-06-01,2020-06-08,120.2686,https://fred.stlouisfed.org/graph/fredgraph.csv?id=DTWEXBGS,2026-10-08
dollar_broad,2020-06-02,2020-06-09,119.6854,https://fred.stlouisfed.org/graph/fredgraph.csv?id=DTWEXBGS,2026-10-08
dollar_broad,2020-06-03,2020-06-10,119.2556,https://fred.stlouisfed.org/graph/fredgraph.csv?id=DTWEXBGS,2026-10-08
dollar_broad,2020-06-04,2020-06-11,119.3014,https://fred.stlouisfed.org/graph/fredgraph.csv?id=DTWEXBGS,2026-10-08
dollar_broad,2020-06-05,2020-06-12,118.8138,https://fred.stlouisfed.org/graph/fredgraph.csv?id=DTWEXBGS,2026-10-08
dollar_broad,2020-06-08,2020-06-15,118.6621,https://fred.stlouisfed.org/graph/fredgraph.csv?id=DTWEXBGS,2026-10-08
dollar_broad,2020-06-09,2020-06-16,118.5893,https://fred.stlouisfed.org/graph/fredgraph.csv?id=DTWEXBGS,2026-10-08
dollar_broad,2020-06-10,2020-06-17,118.5231,https://fred.stlouisfed.org/graph/fredgraph.csv?id=DTWEXBGS,2026-10-08
dollar_broad,2020-06-11,2020-06-18,119.2347,https://fred.stlouisfed.org/graph/fredgraph.csv?id=DTWEXBGS,2026-10-08
dollar_broad,2020-06-12,2020-06-19,119.6645,https://fred.stlouisfed.org/graph/fredgraph.csv?id=DTWEXBGS,2026-10-08
dollar_broad,2020-06-15,2020-06-22,119.9539,https://fred.stlouisfed.org/graph/fredgraph.csv?id=DTWEXBGS,2026-10-08
dollar_broad,2020-06-16,2020-06-23,119.567,https://fred.stlouisfed.org/graph/fredgraph.csv?id=DTWEXBGS,2026-10-08
dollar_broad,2020-06-17,2020-06-24,119.9105,https://fred.stlouisfed.org/graph/fredgraph.csv?id=DTWEXBGS,2026-10-08
dollar_broad,2020-06-18,2020-06-25,120.2173,https://fred.stlouisfed.org/graph/fredgraph.csv?id=DTWEXBGS,2026-10-08
dollar_broad,2020-06-19,2020-06-26,120.2186,https://fred.stlouisfed.org/graph/fredgraph.csv?id=DTWEXBGS,2026-10-08
dollar_broad,2020-06-22,2020-06-29,119.7532,https://fred.stlouisfed.org/graph/fredgraph.csv?id=DTWEXBGS,2026-10-08
dollar_broad,2020-06-23,2020-06-30,119.3285,https://fred.stlouisfed.org/graph/fredgraph.csv?id=DTWEXBGS,2026-10-08
dollar_broad,2020-06-24,2020-07-01,119.9744,https://fred.stlouisfed.org/graph/fredgraph.csv?id=DTWEXBGS,2026-10-08
dollar_broad,2020-06-25,2020-07-02,120.2997,https://fred.stlouisfed.org/graph/fredgraph.csv?id=DTWEXBGS,2026-10-08
dollar_broad,2020-06-26,2020-07-03,120.533,https://fred.stlouisfed.org/graph/fredgraph.csv?id=DTWEXBGS,2026-10-08
dollar_broad,2020-06-29,2020-07-06,120.6658,https://fred.stlouisfed.org/graph/fredgraph.csv?id=DTWEXBGS,2026-10-08
dollar_broad,2020-06-30,2020-07-07,120.4649,https://fred.stlouisfed.org/graph/fredgraph.csv?id=DTWEXBGS,2026-10-08
dollar_broad,2020-07-01,2020-07-08,120.0808,https://fred.stlouisfed.org/graph/fredgraph.csv?id=DTWEXBGS,2026-10-08
dollar_broad,2020-07-02,2020-07-09,119.8555,https://fred.stlouisfed.org/graph/fredgraph.csv?id=DTWEXBGS,2026-10-08
dollar_broad,2020-07-06,2020-07-13,119.2852,https://fred.stlouisfed.org/graph/fredgraph.csv?id=DTWEXBGS,2026-10-08
dollar_broad,2020-07-07,2020-07-14,119.5717,https://fred.stlouisfed.org/graph/fredgraph.csv?id=DTWEXBGS,2026-10-08
dollar_broad,2020-07-08,2020-07-15,119.5525,https://fred.stlouisfed.org/graph/fredgraph.csv?id=DTWEXBGS,2026-10-08
dollar_broad,2020-07-09,2020-07-16,119.5129,https://fred.stlouisfed.org/graph/fredgraph.csv?id=DTWEXBGS,2026-10-08
dollar_broad,2020-07-10,2020-07-17,119.3509,https://fred.stlouisfed.org/graph/fredgraph.csv?id=DTWEXBGS,2026-10-08
dollar_broad,2020-07-13,2020-07-20,119.1891,https://fred.stlouisfed.org/graph/fredgraph.csv?id=DTWEXBGS,2026-10-08
dollar_broad,2020-07-14,2020-07-21,119.3901,https://fred.stlouisfed.org/graph/fredgraph.csv?id=DTWEXBGS,2026-10-08
dollar_broad,2020-07-15,2020-07-22,119.0331,https://fred.stlouisfed.org/graph/fredgraph.csv?id=DTWEXBGS,2026-10-08
dollar_broad,2020-07-16,2020-07-23,118.9275,https://fred.stlouisfed.org/graph/fredgraph.csv?id=DTWEXBGS,2026-10-08
dollar_broad,2020-07-17,2020-07-24,119.124,https://fred.stlouisfed.org/graph/fredgraph.csv?id=DTWEXBGS,2026-10-08
dollar_broad,2020-07-20,2020-07-27,119.0483,https://fred.stlouisfed.org/graph/fredgraph.csv?id=DTWEXBGS,2026-10-08
dollar_broad,2020-07-21,2020-07-28,118.4042,https://fred.stlouisfed.org/graph/fredgraph.csv?id=DTWEXBGS,2026-10-08
dollar_broad,2020-07-22,2020-07-29,118.1337,https://fred.stlouisfed.org/graph/fredgraph.csv?id=DTWEXBGS,2026-10-08
dollar_broad,2020-07-23,2020-07-30,118.0613,https://fred.stlouisfed.org/graph/fredgraph.csv?id=DTWEXBGS,2026-10-08
dollar_broad,2020-07-24,2020-07-31,118.1329,https://fred.stlouisfed.org/graph/fredgraph.csv?id=DTWEXBGS,2026-10-08
dollar_broad,2020-07-27,2020-08-03,117.3869,https://fred.stlouisfed.org/graph/fredgraph.csv?id=DTWEXBGS,2026-10-08
dollar_broad,2020-07-28,2020-08-04,117.3189,https://fred.stlouisfed.org/graph/fredgraph.csv?id=DTWEXBGS,2026-10-08
dollar_broad,2020-07-29,2020-08-05,117.2126,https://fred.stlouisfed.org/graph/fredgraph.csv?id=DTWEXBGS,2026-10-08
dollar_broad,2020-07-30,2020-08-06,117.4008,https://fred.stlouisfed.org/graph/fredgraph.csv?id=DTWEXBGS,2026-10-08
dollar_broad,2020-07-31,2020-08-07,117.2082,https://fred.stlouisfed.org/graph/fredgraph.csv?id=DTWEXBGS,2026-10-08
dollar_broad,2020-08-03,2020-08-10,117.8074,https://fred.stlouisfed.org/graph/fredgraph.csv?id=DTWEXBGS,2026-10-08
dollar_broad,2020-08-04,2020-08-11,117.7833,https://fred.stlouisfed.org/graph/fredgraph.csv?id=DTWEXBGS,2026-10-08
dollar_broad,2020-08-05,2020-08-12,116.8736,https://fred.stlouisfed.org/graph/fredgraph.csv?id=DTWEXBGS,2026-10-08
dollar_broad,2020-08-06,2020-08-13,117.0422,https://fred.stlouisfed.org/graph/fredgraph.csv?id=DTWEXBGS,2026-10-08
dollar_broad,2020-08-07,2020-08-14,117.6239,https://fred.stlouisfed.org/graph/fredgraph.csv?id=DTWEXBGS,2026-10-08
dollar_broad,2020-08-10,2020-08-17,117.5821,https://fred.stlouisfed.org/graph/fredgraph.csv?id=DTWEXBGS,2026-10-08
dollar_broad,2020-08-11,2020-08-18,117.3781,https://fred.stlouisfed.org/graph/fredgraph.csv?id=DTWEXBGS,2026-10-08
dollar_broad,2020-08-12,2020-08-19,117.2559,https://fred.stlouisfed.org/graph/fredgraph.csv?id=DTWEXBGS,2026-10-08
dollar_broad,2020-08-13,2020-08-20,117.1193,https://fred.stlouisfed.org/graph/fredgraph.csv?id=DTWEXBGS,2026-10-08
dollar_broad,2020-08-14,2020-08-21,116.9395,https://fred.stlouisfed.org/graph/fredgraph.csv?id=DTWEXBGS,2026-10-08
dollar_broad,2020-08-17,2020-08-24,116.749,https://fred.stlouisfed.org/graph/fredgraph.csv?id=DTWEXBGS,2026-10-08
dollar_broad,2020-08-18,2020-08-25,116.5593,https://fred.stlouisfed.org/graph/fredgraph.csv?id=DTWEXBGS,2026-10-08
dollar_broad,2020-08-19,2020-08-26,116.567,https://fred.stlouisfed.org/graph/fredgraph.csv?id=DTWEXBGS,2026-10-08
dollar_broad,2020-08-20,2020-08-27,116.8126,https://fred.stlouisfed.org/graph/fredgraph.csv?id=DTWEXBGS,2026-10-08
dollar_broad,2020-08-21,2020-08-28,117.0572,https://fred.stlouisfed.org/graph/fredgraph.csv?id=DTWEXBGS,2026-10-08
dollar_broad,2020-08-24,2020-08-31,116.912,https://fred.stlouisfed.org/graph/fredgraph.csv?id=DTWEXBGS,2026-10-08
dollar_broad,2020-08-25,2020-09-01,116.8206,https://fred.stlouisfed.org/graph/fredgraph.csv?id=DTWEXBGS,2026-10-08
dollar_broad,2020-08-26,2020-09-02,116.6243,https://fred.stlouisfed.org/graph/fredgraph.csv?id=DTWEXBGS,2026-10-08
dollar_broad,2020-08-27,2020-09-03,116.649,https://fred.stlouisfed.org/graph/fredgraph.csv?id=DTWEXBGS,2026-10-08
dollar_broad,2020-08-28,2020-09-04,115.9374,https://fred.stlouisfed.org/graph/fredgraph.csv?id=DTWEXBGS,2026-10-08
dollar_broad,2020-08-31,2020-09-07,115.7586,https://fred.stlouisfed.org/graph/fredgraph.csv?id=DTWEXBGS,2026-10-08
dollar_broad,2020-09-01,2020-09-08,115.5687,https://fred.stlouisfed.org/graph/fredgraph.csv?id=DTWEXBGS,2026-10-08
dollar_broad,2020-09-02,2020-09-09,116.0304,https://fred.stlouisfed.org/graph/fredgraph.csv?id=DTWEXBGS,2026-10-08
dollar_broad,2020-09-03,2020-09-10,116.0685,https://fred.stlouisfed.org/graph/fredgraph.csv?id=DTWEXBGS,2026-10-08
dollar_broad,2020-09-04,2020-09-11,116.0347,https://fred.stlouisfed.org/graph/fredgraph.csv?id=DTWEXBGS,2026-10-08
dollar_broad,2020-09-08,2020-09-15,116.4618,https://fred.stlouisfed.org/graph/fredgraph.csv?id=DTWEXBGS,2026-10-08
dollar_broad,2020-09-09,2020-09-16,116.1291,https://fred.stlouisfed.org/graph/fredgraph.csv?id=DTWEXBGS,2026-10-08
dollar_broad,2020-09-10,2020-09-17,115.8806,https://fred.stlouisfed.org/graph/fredgraph.csv?id=DTWEXBGS,2026-10-08
dollar_broad,2020-09-11,2020-09-18,116.0866,https://fred.stlouisfed.org/graph/fredgraph.csv?id=DTWEXBGS,2026-10-08
dollar_broad,2020-09-14,2020-09-21,115.6428,https://fred.stlouisfed.org/graph/fredgraph.csv?id=DTWEXBGS,2026-10-08
dollar_broad,2020-09-15,2020-09-22,115.5908,https://fred.stlouisfed.org/graph/fredgraph.csv?id=DTWEXBGS,2026-10-08
dollar_broad,2020-09-16,2020-09-23,115.3537,https://fred.stlouisfed.org/graph/fredgraph.csv?id=DTWEXBGS,2026-10-08
dollar_broad,2020-09-17,2020-09-24,115.4392,https://fred.stlouisfed.org/graph/fredgraph.csv?id=DTWEXBGS,2026-10-08
dollar_broad,2020-09-18,2020-09-25,115.2395,https://fred.stlouisfed.org/graph/fredgraph.csv?id=DTWEXBGS,2026-10-08
dollar_broad,2020-09-21,2020-09-28,116.378,https://fred.stlouisfed.org/graph/fredgraph.csv?id=DTWEXBGS,2026-10-08
dollar_broad,2020-09-22,2020-09-29,116.5438,https://fred.stlouisfed.org/graph/fredgraph.csv?id=DTWEXBGS,2026-10-08
dollar_broad,2020-09-23,2020-09-30,117.2526,https://fred.stlouisfed.org/graph/fredgraph.csv?id=DTWEXBGS,2026-10-08
dollar_broad,2020-09-24,2020-10-01,117.5473,https://fred.stlouisfed.org/graph/fredgraph.csv?id=DTWEXBGS,2026-10-08
dollar_broad,2020-09-25,2020-10-02,117.8679,https://fred.stlouisfed.org/graph/fredgraph.csv?id=DTWEXBGS,2026-10-08
dollar_broad,2020-09-28,2020-10-05,117.6178,https://fred.stlouisfed.org/graph/fredgraph.csv?id=DTWEXBGS,2026-10-08
dollar_broad,2020-09-29,2020-10-06,117.526,https://fred.stlouisfed.org/graph/fredgraph.csv?id=DTWEXBGS,2026-10-08
dollar_broad,2020-09-30,2020-10-07,116.946,https://fred.stlouisfed.org/graph/fredgraph.csv?id=DTWEXBGS,2026-10-08
dollar_broad,2020-10-01,2020-10-08,116.7227,https://fred.stlouisfed.org/graph/fredgraph.csv?id=DTWEXBGS,2026-10-08
dollar_broad,2020-10-02,2020-10-09,116.7321,https://fred.stlouisfed.org/graph/fredgraph.csv?id=DTWEXBGS,2026-10-08
dollar_broad,2020-10-05,2020-10-12,116.1767,https://fred.stlouisfed.org/graph/fredgraph.csv?id=DTWEXBGS,2026-10-08
dollar_broad,2020-10-06,2020-10-13,116.2681,https://fred.stlouisfed.org/graph/fredgraph.csv?id=DTWEXBGS,2026-10-08
dollar_broad,2020-10-07,2020-10-14,116.3447,https://fred.stlouisfed.org/graph/fredgraph.csv?id=DTWEXBGS,2026-10-08
dollar_broad,2020-10-08,2020-10-15,116.1657,https://fred.stlouisfed.org/graph/fredgraph.csv?id=DTWEXBGS,2026-10-08
dollar_broad,2020-10-09,2020-10-16,115.2757,https://fred.stlouisfed.org/graph/fredgraph.csv?id=DTWEXBGS,2026-10-08
dollar_broad,2020-10-13,2020-10-20,115.9107,https://fred.stlouisfed.org/graph/fredgraph.csv?id=DTWEXBGS,2026-10-08
dollar_broad,2020-10-14,2020-10-21,115.6872,https://fred.stlouisfed.org/graph/fredgraph.csv?id=DTWEXBGS,2026-10-08
dollar_broad,2020-10-15,2020-10-22,116.0964,https://fred.stlouisfed.org/graph/fredgraph.csv?id=DTWEXBGS,2026-10-08
dollar_broad,2020-10-16,2020-10-23,115.7679,https://fred.stlouisfed.org/graph/fredgraph.csv?id=DTWEXBGS,2026-10-08
dollar_broad,2020-10-19,2020-10-26,115.4031,https://fred.stlouisfed.org/graph/fredgraph.csv?id=DTWEXBGS,2026-10-08
dollar_broad,2020-10-20,2020-10-27,115.2485,https://fred.stlouisfed.org/graph/fredgraph.csv?id=DTWEXBGS,2026-10-08
dollar_broad,2020-10-21,2020-10-28,114.9108,https://fred.stlouisfed.org/graph/fredgraph.csv?id=DTWEXBGS,2026-10-08
dollar_broad,2020-10-22,2020-10-29,115.1158,https://fred.stlouisfed.org/graph/fredgraph.csv?id=DTWEXBGS,2026-10-08
dollar_broad,2020-10-23,2020-10-30,115.0126,https://fred.stlouisfed.org/graph/fredgraph.csv?id=DTWEXBGS,2026-10-08
dollar_broad,2020-10-26,2020-11-02,115.2797,https://fred.stlouisfed.org/graph/fredgraph.csv?id=DTWEXBGS,2026-10-08
dollar_broad,2020-10-27,2020-11-03,115.0131,https://fred.stlouisfed.org/graph/fredgraph.csv?id=DTWEXBGS,2026-10-08
dollar_broad,2020-10-28,2020-11-04,115.8023,https://fred.stlouisfed.org/graph/fredgraph.csv?id=DTWEXBGS,2026-10-08
dollar_broad,2020-10-29,2020-11-05,116.3069,https://fred.stlouisfed.org/graph/fredgraph.csv?id=DTWEXBGS,2026-10-08
dollar_broad,2020-10-30,2020-11-06,116.1354,https://fred.stlouisfed.org/graph/fredgraph.csv?id=DTWEXBGS,2026-10-08
dollar_broad,2020-11-02,2020-11-09,116.2361,https://fred.stlouisfed.org/graph/fredgraph.csv?id=DTWEXBGS,2026-10-08
dollar_broad,2020-11-03,2020-11-10,115.4802,https://fred.stlouisfed.org/graph/fredgraph.csv?id=DTWEXBGS,2026-10-08
dollar_broad,2020-11-04,2020-11-11,115.1677,https://fred.stlouisfed.org/graph/fredgraph.csv?id=DTWEXBGS,2026-10-08
dollar_broad,2020-11-05,2020-11-12,114.4556,https://fred.stlouisfed.org/graph/fredgraph.csv?id=DTWEXBGS,2026-10-08
dollar_broad,2020-11-06,2020-11-13,113.9919,https://fred.stlouisfed.org/graph/fredgraph.csv?id=DTWEXBGS,2026-10-08
dollar_broad,2020-11-09,2020-11-16,114.0895,https://fred.stlouisfed.org/graph/fredgraph.csv?id=DTWEXBGS,2026-10-08
dollar_broad,2020-11-10,2020-11-17,114.0757,https://fred.stlouisfed.org/graph/fredgraph.csv?id=DTWEXBGS,2026-10-08
dollar_broad,2020-11-12,2020-11-19,114.2843,https://fred.stlouisfed.org/graph/fredgraph.csv?id=DTWEXBGS,2026-10-08
dollar_broad,2020-11-13,2020-11-20,114.2397,https://fred.stlouisfed.org/graph/fredgraph.csv?id=DTWEXBGS,2026-10-08
dollar_broad,2020-11-16,2020-11-23,113.8312,https://fred.stlouisfed.org/graph/fredgraph.csv?id=DTWEXBGS,2026-10-08
dollar_broad,2020-11-17,2020-11-24,113.682,https://fred.stlouisfed.org/graph/fredgraph.csv?id=DTWEXBGS,2026-10-08
dollar_broad,2020-11-18,2020-11-25,113.46,https://fred.stlouisfed.org/graph/fredgraph.csv?id=DTWEXBGS,2026-10-08
dollar_broad,2020-11-19,2020-11-26,113.694,https://fred.stlouisfed.org/graph/fredgraph.csv?id=DTWEXBGS,2026-10-08
dollar_broad,2020-11-20,2020-11-27,113.489,https://fred.stlouisfed.org/graph/fredgraph.csv?id=DTWEXBGS,2026-10-08
dollar_broad,2020-11-23,2020-11-30,113.7548,https://fred.stlouisfed.org/graph/fredgraph.csv?id=DTWEXBGS,2026-10-08
dollar_broad,2020-11-24,2020-12-01,113.4316,https://fred.stlouisfed.org/graph/fredgraph.csv?id=DTWEXBGS,2026-10-08
dollar_broad,2020-11-25,2020-12-02,113.1823,https://fred.stlouisfed.org/graph/fredgraph.csv?id=DTWEXBGS,2026-10-08
dollar_broad,2020-11-30,2020-12-07,113.2256,https://fred.stlouisfed.org/graph/fredgraph.csv?id=DTWEXBGS,2026-10-08
dollar_broad,2020-12-01,2020-12-08,112.8063,https://fred.stlouisfed.org/graph/fredgraph.csv?id=DTWEXBGS,2026-10-08
dollar_broad,2020-12-02,2020-12-09,112.6115,https://fred.stlouisfed.org/graph/fredgraph.csv?id=DTWEXBGS,2026-10-08
dollar_broad,2020-12-03,2020-12-10,112.0236,https://fred.stlouisfed.org/graph/fredgraph.csv?id=DTWEXBGS,2026-10-08
dollar_broad,2020-12-04,2020-12-11,111.7778,https://fred.stlouisfed.org/graph/fredgraph.csv?id=DTWEXBGS,2026-10-08
dollar_broad,2020-12-07,2020-12-14,111.8385,https://fred.stlouisfed.org/graph/fredgraph.csv?id=DTWEXBGS,2026-10-08
dollar_broad,2020-12-08,2020-12-15,111.8639,https://fred.stlouisfed.org/graph/fredgraph.csv?id=DTWEXBGS,2026-10-08
dollar_broad,2020-12-09,2020-12-16,112.0305,https://fred.stlouisfed.org/graph/fredgraph.csv?id=DTWEXBGS,2026-10-08
dollar_broad,2020-12-10,2020-12-17,111.9788,https://fred.stlouisfed.org/graph/fredgraph.csv?id=DTWEXBGS,2026-10-08
dollar_broad,2020-12-11,2020-12-18,112.1417,https://fred.stlouisfed.org/graph/fredgraph.csv?id=DTWEXBGS,2026-10-08
dollar_broad,2020-12-14,2020-12-21,112.1708,https://fred.stlouisfed.org/graph/fredgraph.csv?id=DTWEXBGS,2026-10-08
dollar_broad,2020-12-15,2020-12-22,111.8601,https://fred.stlouisfed.org/graph/fredgraph.csv?id=DTWEXBGS,2026-10-08
dollar_broad,2020-12-16,2020-12-23,111.7157,https://fred.stlouisfed.org/graph/fredgraph.csv?id=DTWEXBGS,2026-10-08
dollar_broad,2020-12-17,2020-12-24,111.2226,https://fred.stlouisfed.org/graph/fredgraph.csv?id=DTWEXBGS,2026-10-08
dollar_broad,2020-12-18,2020-12-25,111.6071,https://fred.stlouisfed.org/graph/fredgraph.csv?id=DTWEXBGS,2026-10-08
dollar_broad,2020-12-21,2020-12-28,111.9415,https://fred.stlouisfed.org/graph/fredgraph.csv?id=DTWEXBGS,2026-10-08
dollar_broad,2020-12-22,2020-12-29,112.1947,https://fred.stlouisfed.org/graph/fredgraph.csv?id=DTWEXBGS,2026-10-08
dollar_broad,2020-12-23,2020-12-30,111.9807,https://fred.stlouisfed.org/graph/fredgraph.csv?id=DTWEXBGS,2026-10-08
dollar_broad,2020-12-28,2021-01-04,111.9752,https://fred.stlouisfed.org/graph/fredgraph.csv?id=DTWEXBGS,2026-10-08
dollar_broad,2020-12-29,2021-01-05,111.5172,https://fred.stlouisfed.org/graph/fredgraph.csv?id=DTWEXBGS,2026-10-08
dollar_broad,2020-12-30,2021-01-06,111.3084,https://fred.stlouisfed.org/graph/fredgraph.csv?id=DTWEXBGS,2026-10-08
dollar_broad,2020-12-31,2021-01-07,111.3169,https://fred.stlouisfed.org/graph/fredgraph.csv?id=DTWEXBGS,2026-10-08
dollar_broad,2021-01-04,2021-01-11,111.2075,https://fred.stlouisfed.org/graph/fredgraph.csv?id=DTWEXBGS,2026-10-08
dollar_broad,2021-01-05,2021-01-12,110.9574,https://fred.stlouisfed.org/graph/fredgraph.csv?id=DTWEXBGS,2026-10-08
dollar_broad,2021-01-06,2021-01-13,110.8502,https://fred.stlouisfed.org/graph/fredgraph.csv?id=DTWEXBGS,2026-10-08
dollar_broad,2021-01-07,2021-01-14,111.3042,https://fred.stlouisfed.org/graph/fredgraph.csv?id=DTWEXBGS,2026-10-08
dollar_broad,2021-01-08,2021-01-15,111.2847,https://fred.stlouisfed.org/graph/fredgraph.csv?id=DTWEXBGS,2026-10-08
dollar_broad,2021-01-11,2021-01-18,111.8257,https://fred.stlouisfed.org/graph/fredgraph.csv?id=DTWEXBGS,2026-10-08
dollar_broad,2021-01-12,2021-01-19,111.5501,https://fred.stlouisfed.org/graph/fredgraph.csv?id=DTWEXBGS,2026-10-08
dollar_broad,2021-01-13,2021-01-20,111.3622,https://fred.stlouisfed.org/graph/fredgraph.csv?id=DTWEXBGS,2026-10-08
dollar_broad,2021-01-14,2021-01-21,111.1567,https://fred.stlouisfed.org/graph/fredgraph.csv?id=DTWEXBGS,2026-10-08
dollar_broad,2021-01-15,2021-01-22,111.5106,https://fred.stlouisfed.org/graph/fredgraph.csv?id=DTWEXBGS,2026-10-08
dollar_broad,2021-01-19,2021-01-26,111.4527,https://fred.stlouisfed.org/graph/fredgraph.csv?id=DTWEXBGS,2026-10-08
dollar_broad,2021-01-21,2021-01-28,111.1973,https://fred.stlouisfed.org/graph/fredgraph.csv?id=DTWEXBGS,2026-10-08
dollar_broad,2021-01-22,2021-01-29,111.5516,https://fred.stlouisfed.org/graph/fredgraph.csv?id=DTWEXBGS,2026-10-08
dollar_broad,2021-01-25,2021-02-01,111.8676,https://fred.stlouisfed.org/graph/fredgraph.csv?id=DTWEXBGS,2026-10-08
dollar_broad,2021-01-26,2021-02-02,111.6572,https://fred.stlouisfed.org/graph/fredgraph.csv?id=DTWEXBGS,2026-10-08
dollar_broad,2021-01-27,2021-02-03,112.0782,https://fred.stlouisfed.org/graph/fredgraph.csv?id=DTWEXBGS,2026-10-08
dollar_broad,2021-01-28,2021-02-04,112.0059,https://fred.stlouisfed.org/graph/fredgraph.csv?id=DTWEXBGS,2026-10-08
dollar_broad,2021-01-29,2021-02-05,111.9511,https://fred.stlouisfed.org/graph/fredgraph.csv?id=DTWEXBGS,2026-10-08
dollar_broad,2021-02-01,2021-02-08,112.4189,https://fred.stlouisfed.org/graph/fredgraph.csv?id=DTWEXBGS,2026-10-08
dollar_broad,2021-02-02,2021-02-09,112.2862,https://fred.stlouisfed.org/graph/fredgraph.csv?id=DTWEXBGS,2026-10-08
dollar_broad,2021-02-03,2021-02-10,112.2567,https://fred.stlouisfed.org/graph/fredgraph.csv?id=DTWEXBGS,2026-10-08
dollar_broad,2021-02-04,2021-02-11,112.7469,https://fred.stlouisfed.org/graph/fredgraph.csv?id=DTWEXBGS,2026-10-08
dollar_broad,2021-02-05,2021-02-12,112.2379,https://fred.stlouisfed.org/graph/fredgraph.csv?id=DTWEXBGS,2026-10-08
dollar_broad,2021-02-08,2021-02-15,112.0428,https://fred.stlouisfed.org/graph/fredgraph.csv?id=DTWEXBGS,2026-10-08
dollar_broad,2021-02-09,2021-02-16,111.7675,https://fred.stlouisfed.org/graph/fredgraph.csv?id=DTWEXBGS,2026-10-08
dollar_broad,2021-02-10,2021-02-17,111.5834,https://fred.stlouisfed.org/graph/fredgraph.csv?id=DTWEXBGS,2026-10-08
dollar_broad,2021-02-11,2021-02-18,111.5272,https://fred.stlouisfed.org/graph/fredgraph.csv?id=DTWEXBGS,2026-10-08
dollar_broad,2021-02-12,2021-02-19,111.4889,https://fred.stlouisfed.org/graph/fredgraph.csv?id=DTWEXBGS,2026-10-08
dollar_broad,2021-02-16,2021-02-23,111.7879,https://fred.stlouisfed.org/graph/fredgraph.csv?id=DTWEXBGS,2026-10-08
dollar_broad,2021-02-17,2021-02-24,112.0204,https://fred.stlouisfed.org/graph/fredgraph.csv?id=DTWEXBGS,2026-10-08
dollar_broad,2021-02-18,2021-02-25,112.1603,https://fred.stlouisfed.org/graph/fredgraph.csv?id=DTWEXBGS,2026-10-08
dollar_broad,2021-02-19,2021-02-26,111.7058,https://fred.stlouisfed.org/graph/fredgraph.csv?id=DTWEXBGS,2026-10-08
dollar_broad,2021-02-22,2021-03-01,111.918,https://fred.stlouisfed.org/graph/fredgraph.csv?id=DTWEXBGS,2026-10-08
dollar_broad,2021-02-23,2021-03-02,111.8981,https://fred.stlouisfed.org/graph/fredgraph.csv?id=DTWEXBGS,2026-10-08
dollar_broad,2021-02-24,2021-03-03,111.7212,https://fred.stlouisfed.org/graph/fredgraph.csv?id=DTWEXBGS,2026-10-08
dollar_broad,2021-02-25,2021-03-04,111.9253,https://fred.stlouisfed.org/graph/fredgraph.csv?id=DTWEXBGS,2026-10-08
dollar_broad,2021-02-26,2021-03-05,112.8306,https://fred.stlouisfed.org/graph/fredgraph.csv?id=DTWEXBGS,2026-10-08
dollar_broad,2021-03-01,2021-03-08,112.5263,https://fred.stlouisfed.org/graph/fredgraph.csv?id=DTWEXBGS,2026-10-08
dollar_broad,2021-03-02,2021-03-09,112.5342,https://fred.stlouisfed.org/graph/fredgraph.csv?id=DTWEXBGS,2026-10-08
dollar_broad,2021-03-03,2021-03-10,112.7617,https://fred.stlouisfed.org/graph/fredgraph.csv?id=DTWEXBGS,2026-10-08
dollar_broad,2021-03-04,2021-03-11,112.7037,https://fred.stlouisfed.org/graph/fredgraph.csv?id=DTWEXBGS,2026-10-08
dollar_broad,2021-03-05,2021-03-12,113.7487,https://fred.stlouisfed.org/graph/fredgraph.csv?id=DTWEXBGS,2026-10-08
dollar_broad,2021-03-08,2021-03-15,114.2678,https://fred.stlouisfed.org/graph/fredgraph.csv?id=DTWEXBGS,2026-10-08
dollar_broad,2021-03-09,2021-03-16,113.928,https://fred.stlouisfed.org/graph/fredgraph.csv?id=DTWEXBGS,2026-10-08
dollar_broad,2021-03-10,2021-03-17,113.5881,https://fred.stlouisfed.org/graph/fredgraph.csv?id=DTWEXBGS,2026-10-08
dollar_broad,2021-03-11,2021-03-18,112.9214,https://fred.stlouisfed.org/graph/fredgraph.csv?id=DTWEXBGS,2026-10-08
dollar_broad,2021-03-12,2021-03-19,113.0269,https://fred.stlouisfed.org/graph/fredgraph.csv?id=DTWEXBGS,2026-10-08
dollar_broad,2021-03-15,2021-03-22,113.1928,https://fred.stlouisfed.org/graph/fredgraph.csv?id=DTWEXBGS,2026-10-08
dollar_broad,2021-03-16,2021-03-23,112.9839,https://fred.stlouisfed.org/graph/fredgraph.csv?id=DTWEXBGS,2026-10-08
dollar_broad,2021-03-17,2021-03-24,113.1589,https://fred.stlouisfed.org/graph/fredgraph.csv?id=DTWEXBGS,2026-10-08
dollar_broad,2021-03-18,2021-03-25,112.7744,https://fred.stlouisfed.org/graph/fredgraph.csv?id=DTWEXBGS,2026-10-08
dollar_broad,2021-03-19,2021-03-26,112.9756,https://fred.stlouisfed.org/graph/fredgraph.csv?id=DTWEXBGS,2026-10-08
dollar_broad,2021-03-22,2021-03-29,113.0023,https://fred.stlouisfed.org/graph/fredgraph.csv?id=DTWEXBGS,2026-10-08
dollar_broad,2021-03-23,2021-03-30,113.2916,https://fred.stlouisfed.org/graph/fredgraph.csv?id=DTWEXBGS,2026-10-08
dollar_broad,2021-03-24,2021-03-31,113.6565,https://fred.stlouisfed.org/graph/fredgraph.csv?id=DTWEXBGS,2026-10-08
dollar_broad,2021-03-25,2021-04-01,114.0016,https://fred.stlouisfed.org/graph/fredgraph.csv?id=DTWEXBGS,2026-10-08
dollar_broad,2021-03-26,2021-04-02,113.7406,https://fred.stlouisfed.org/graph/fredgraph.csv?id=DTWEXBGS,2026-10-08
dollar_broad,2021-03-29,2021-04-05,113.9314,https://fred.stlouisfed.org/graph/fredgraph.csv?id=DTWEXBGS,2026-10-08
dollar_broad,2021-03-30,2021-04-06,114.203,https://fred.stlouisfed.org/graph/fredgraph.csv?id=DTWEXBGS,2026-10-08
dollar_broad,2021-03-31,2021-04-07,113.8234,https://fred.stlouisfed.org/graph/fredgraph.csv?id=DTWEXBGS,2026-10-08
dollar_broad,2021-04-01,2021-04-08,113.7389,https://fred.stlouisfed.org/graph/fredgraph.csv?id=DTWEXBGS,2026-10-08
dollar_broad,2021-04-02,2021-04-09,113.7315,https://fred.stlouisfed.org/graph/fredgraph.csv?id=DTWEXBGS,2026-10-08
dollar_broad,2021-04-05,2021-04-12,113.394,https://fred.stlouisfed.org/graph/fredgraph.csv?id=DTWEXBGS,2026-10-08
dollar_broad,2021-04-06,2021-04-13,113.1464,https://fred.stlouisfed.org/graph/fredgraph.csv?id=DTWEXBGS,2026-10-08
dollar_broad,2021-04-07,2021-04-14,113.2436,https://fred.stlouisfed.org/graph/fredgraph.csv?id=DTWEXBGS,2026-10-08
dollar_broad,2021-04-08,2021-04-15,113.0917,https://fred.stlouisfed.org/graph/fredgraph.csv?id=DTWEXBGS,2026-10-08
dollar_broad,2021-04-09,2021-04-16,113.2028,https://fred.stlouisfed.org/graph/fredgraph.csv?id=DTWEXBGS,2026-10-08
dollar_broad,2021-04-12,2021-04-19,113.1815,https://fred.stlouisfed.org/graph/fredgraph.csv?id=DTWEXBGS,2026-10-08
dollar_broad,2021-04-13,2021-04-20,113.0391,https://fred.stlouisfed.org/graph/fredgraph.csv?id=DTWEXBGS,2026-10-08
dollar_broad,2021-04-14,2021-04-21,112.7849,https://fred.stlouisfed.org/graph/fredgraph.csv?id=DTWEXBGS,2026-10-08
dollar_broad,2021-04-15,2021-04-22,112.6181,https://fred.stlouisfed.org/graph/fredgraph.csv?id=DTWEXBGS,2026-10-08
dollar_broad,2021-04-16,2021-04-23,112.4814,https://fred.stlouisfed.org/graph/fredgraph.csv?id=DTWEXBGS,2026-10-08
dollar_broad,2021-04-19,2021-04-26,112.1835,https://fred.stlouisfed.org/graph/fredgraph.csv?id=DTWEXBGS,2026-10-08
dollar_broad,2021-04-20,2021-04-27,112.2354,https://fred.stlouisfed.org/graph/fredgraph.csv?id=DTWEXBGS,2026-10-08
dollar_broad,2021-04-21,2021-04-28,112.1771,https://fred.stlouisfed.org/graph/fredgraph.csv?id=DTWEXBGS,2026-10-08
dollar_broad,2021-04-22,2021-04-29,112.2297,https://fred.stlouisfed.org/graph/fredgraph.csv?id=DTWEXBGS,2026-10-08
dollar_broad,2021-04-23,2021-04-30,112.0889,https://fred.stlouisfed.org/graph/fredgraph.csv?id=DTWEXBGS,2026-10-08
dollar_broad,2021-04-26,2021-05-03,111.8109,https://fred.stlouisfed.org/graph/fredgraph.csv?id=DTWEXBGS,2026-10-08
dollar_broad,2021-04-27,2021-05-04,111.9097,https://fred.stlouisfed.org/graph/fredgraph.csv?id=DTWEXBGS,2026-10-08
dollar_broad,2021-04-28,2021-05-05,111.7909,https://fred.stlouisfed.org/graph/fredgraph.csv?id=DTWEXBGS,2026-10-08
dollar_broad,2021-04-29,2021-05-06,111.7464,https://fred.stlouisfed.org/graph/fredgraph.csv?id=DTWEXBGS,2026-10-08
dollar_broad,2021-04-30,2021-05-07,112.0839,https://fred.stlouisfed.org/graph/fredgraph.csv?id=DTWEXBGS,2026-10-08
dollar_broad,2021-05-03,2021-05-10,112.005,https://fred.stlouisfed.org/graph/fredgraph.csv?id=DTWEXBGS,2026-10-08
dollar_broad,2021-05-04,2021-05-11,112.2896,https://fred.stlouisfed.org/graph/fredgraph.csv?id=DTWEXBGS,2026-10-08
dollar_broad,2021-05-05,2021-05-12,112.1514,https://fred.stlouisfed.org/graph/fredgraph.csv?id=DTWEXBGS,2026-10-08
dollar_broad,2021-05-06,2021-05-13,111.8401,https://fred.stlouisfed.org/graph/fredgraph.csv?id=DTWEXBGS,2026-10-08
dollar_broad,2021-05-07,2021-05-14,111.0249,https://fred.stlouisfed.org/graph/fredgraph.csv?id=DTWEXBGS,2026-10-08
dollar_broad,2021-05-10,2021-05-17,110.7905,https://fred.stlouisfed.org/graph/fredgraph.csv?id=DTWEXBGS,2026-10-08
dollar_broad,2021-05-11,2021-05-18,110.8921,https://fred.stlouisfed.org/graph/fredgraph.csv?id=DTWEXBGS,2026-10-08
dollar_broad,2021-05-12,2021-05-19,111.5636,https://fred.stlouisfed.org/graph/fredgraph.csv?id=DTWEXBGS,2026-10-08
dollar_broad,2021-05-13,2021-05-20,111.5955,https://fred.stlouisfed.org/graph/fredgraph.csv?id=DTWEXBGS,2026-10-08
dollar_broad,2021-05-14,2021-05-21,111.1353,https://fred.stlouisfed.org/graph/fredgraph.csv?id=DTWEXBGS,2026-10-08
dollar_broad,2021-05-17,2021-05-24,111.079,https://fred.stlouisfed.org/graph/fredgraph.csv?id=DTWEXBGS,2026-10-08
dollar_broad,2021-05-18,2021-05-25,110.8317,https://fred.stlouisfed.org/graph/fredgraph.csv?id=DTWEXBGS,2026-10-08
dollar_broad,2021-05-19,2021-05-26,110.8807,https://fred.stlouisfed.org/graph/fredgraph.csv?id=DTWEXBGS,2026-10-08
dollar_broad,2021-05-20,2021-05-27,110.8605,https://fred.stlouisfed.org/graph/fredgraph.csv?id=DTWEXBGS,2026-10-08
dollar_broad,2021-05-21,2021-05-28,111.0576,https://fred.stlouisfed.org/graph/fredgraph.csv?id=DTWEXBGS,2026-10-08
dollar_broad,2021-05-24,2021-05-31,110.9118,https://fred.stlouisfed.org/graph/fredgraph.csv?id=DTWEXBGS,2026-10-08
dollar_broad,2021-05-25,2021-06-01,110.842,https://fred.stlouisfed.org/graph/fredgraph.csv?id=DTWEXBGS,2026-10-08
dollar_broad,2021-05-26,2021-06-02,110.8677,https://fred.stlouisfed.org/graph/fredgraph.csv?id=DTWEXBGS,2026-10-08
dollar_broad,2021-05-27,2021-06-03,110.8688,https://fred.stlouisfed.org/graph/fredgraph.csv?id=DTWEXBGS,2026-10-08
dollar_broad,2021-05-28,2021-06-04,110.7576,https://fred.stlouisfed.org/graph/fredgraph.csv?id=DTWEXBGS,2026-10-08
dollar_broad,2021-06-01,2021-06-08,110.5046,https://fred.stlouisfed.org/graph/fredgraph.csv?id=DTWEXBGS,2026-10-08
dollar_broad,2021-06-02,2021-06-09,110.5799,https://fred.stlouisfed.org/graph/fredgraph.csv?id=DTWEXBGS,2026-10-08
dollar_broad,2021-06-03,2021-06-10,111.1782,https://fred.stlouisfed.org/graph/fredgraph.csv?id=DTWEXBGS,2026-10-08
dollar_broad,2021-06-04,2021-06-11,110.7521,https://fred.stlouisfed.org/graph/fredgraph.csv?id=DTWEXBGS,2026-10-08
dollar_broad,2021-06-07,2021-06-14,110.5155,https://fred.stlouisfed.org/graph/fredgraph.csv?id=DTWEXBGS,2026-10-08
dollar_broad,2021-06-08,2021-06-15,110.649,https://fred.stlouisfed.org/graph/fredgraph.csv?id=DTWEXBGS,2026-10-08
dollar_broad,2021-06-09,2021-06-16,110.5707,https://fred.stlouisfed.org/graph/fredgraph.csv?id=DTWEXBGS,2026-10-08
dollar_broad,2021-06-10,2021-06-17,110.5456,https://fred.stlouisfed.org/graph/fredgraph.csv?id=DTWEXBGS,2026-10-08
dollar_broad,2021-06-11,2021-06-18,111.0933,https://fred.stlouisfed.org/graph/fredgraph.csv?id=DTWEXBGS,2026-10-08
dollar_broad,2021-06-14,2021-06-21,110.9659,https://fred.stlouisfed.org/graph/fredgraph.csv?id=DTWEXBGS,2026-10-08
dollar_broad,2021-06-15,2021-06-22,111.3507,https://fred.stlouisfed.org/graph/fredgraph.csv?id=DTWEXBGS,2026-10-08
dollar_broad,2021-06-16,2021-06-23,111.1165,https://fred.stlouisfed.org/graph/fredgraph.csv?id=DTWEXBGS,2026-10-08
dollar_broad,2021-06-17,2021-06-24,112.5772,https://fred.stlouisfed.org/graph/fredgraph.csv?id=DTWEXBGS,2026-10-08
dollar_broad,2021-06-18,2021-06-25,113.0408,https://fred.stlouisfed.org/graph/fredgraph.csv?id=DTWEXBGS,2026-10-08
dollar_broad,2021-06-21,2021-06-28,112.8391,https://fred.stlouisfed.org/graph/fredgraph.csv?id=DTWEXBGS,2026-10-08
dollar_broad,2021-06-22,2021-06-29,112.9174,https://fred.stlouisfed.org/graph/fredgraph.csv?id=DTWEXBGS,2026-10-08
dollar_broad,2021-06-23,2021-06-30,112.3819,https://fred.stlouisfed.org/graph/fredgraph.csv?id=DTWEXBGS,2026-10-08
dollar_broad,2021-06-24,2021-07-01,112.326,https://fred.stlouisfed.org/graph/fredgraph.csv?id=DTWEXBGS,2026-10-08
dollar_broad,2021-06-25,2021-07-02,111.9655,https://fred.stlouisfed.org/graph/fredgraph.csv?id=DTWEXBGS,2026-10-08
dollar_broad,2021-06-28,2021-07-05,112.0248,https://fred.stlouisfed.org/graph/fredgraph.csv?id=DTWEXBGS,2026-10-08
dollar_broad,2021-06-29,2021-07-06,112.2613,https://fred.stlouisfed.org/graph/fredgraph.csv?id=DTWEXBGS,2026-10-08
dollar_broad,2021-06-30,2021-07-07,112.5533,https://fred.stlouisfed.org/graph/fredgraph.csv?id=DTWEXBGS,2026-10-08
dollar_broad,2021-07-01,2021-07-08,112.74,https://fred.stlouisfed.org/graph/fredgraph.csv?id=DTWEXBGS,2026-10-08
dollar_broad,2021-07-02,2021-07-09,112.5425,https://fred.stlouisfed.org/graph/fredgraph.csv?id=DTWEXBGS,2026-10-08
dollar_broad,2021-07-06,2021-07-13,112.9516,https://fred.stlouisfed.org/graph/fredgraph.csv?id=DTWEXBGS,2026-10-08
dollar_broad,2021-07-07,2021-07-14,113.1048,https://fred.stlouisfed.org/graph/fredgraph.csv?id=DTWEXBGS,2026-10-08
dollar_broad,2021-07-08,2021-07-15,113.0776,https://fred.stlouisfed.org/graph/fredgraph.csv?id=DTWEXBGS,2026-10-08
dollar_broad,2021-07-09,2021-07-16,112.8375,https://fred.stlouisfed.org/graph/fredgraph.csv?id=DTWEXBGS,2026-10-08
dollar_broad,2021-07-12,2021-07-19,112.7611,https://fred.stlouisfed.org/graph/fredgraph.csv?id=DTWEXBGS,2026-10-08
dollar_broad,2021-07-13,2021-07-20,113.0063,https://fred.stlouisfed.org/graph/fredgraph.csv?id=DTWEXBGS,2026-10-08
dollar_broad,2021-07-14,2021-07-21,112.8801,https://fred.stlouisfed.org/graph/fredgraph.csv?id=DTWEXBGS,2026-10-08
dollar_broad,2021-07-15,2021-07-22,113.0041,https://fred.stlouisfed.org/graph/fredgraph.csv?id=DTWEXBGS,2026-10-08
dollar_broad,2021-07-16,2021-07-23,113.0428,https://fred.stlouisfed.org/graph/fredgraph.csv?id=DTWEXBGS,2026-10-08
dollar_broad,2021-07-19,2021-07-26,113.5472,https://fred.stlouisfed.org/graph/fredgraph.csv?id=DTWEXBGS,2026-10-08
dollar_broad,2021-07-20,2021-07-27,113.7502,https://fred.stlouisfed.org/graph/fredgraph.csv?id=DTWEXBGS,2026-10-08
dollar_broad,2021-07-21,2021-07-28,113.3926,https://fred.stlouisfed.org/graph/fredgraph.csv?id=DTWEXBGS,2026-10-08
dollar_broad,2021-07-22,2021-07-29,113.4695,https://fred.stlouisfed.org/graph/fredgraph.csv?id=DTWEXBGS,2026-10-08
dollar_broad,2021-07-23,2021-07-30,113.4398,https://fred.stlouisfed.org/graph/fredgraph.csv?id=DTWEXBGS,2026-10-08
dollar_broad,2021-07-26,2021-08-02,113.2238,https://fred.stlouisfed.org/graph/fredgraph.csv?id=DTWEXBGS,2026-10-08
dollar_broad,2021-07-27,2021-08-03,113.2227,https://fred.stlouisfed.org/graph/fredgraph.csv?id=DTWEXBGS,2026-10-08
dollar_broad,2021-07-28,2021-08-04,113.1807,https://fred.stlouisfed.org/graph/fredgraph.csv?id=DTWEXBGS,2026-10-08
dollar_broad,2021-07-29,2021-08-05,112.4834,https://fred.stlouisfed.org/graph/fredgraph.csv?id=DTWEXBGS,2026-10-08
dollar_broad,2021-07-30,2021-08-06,112.6714,https://fred.stlouisfed.org/graph/fredgraph.csv?id=DTWEXBGS,2026-10-08
dollar_broad,2021-08-02,2021-08-09,112.6691,https://fred.stlouisfed.org/graph/fredgraph.csv?id=DTWEXBGS,2026-10-08
dollar_broad,2021-08-03,2021-08-10,112.8228,https://fred.stlouisfed.org/graph/fredgraph.csv?id=DTWEXBGS,2026-10-08
dollar_broad,2021-08-04,2021-08-11,112.8953,https://fred.stlouisfed.org/graph/fredgraph.csv?id=DTWEXBGS,2026-10-08
dollar_broad,2021-08-05,2021-08-12,112.7674,https://fred.stlouisfed.org/graph/fredgraph.csv?id=DTWEXBGS,2026-10-08
dollar_broad,2021-08-06,2021-08-13,113.3088,https://fred.stlouisfed.org/graph/fredgraph.csv?id=DTWEXBGS,2026-10-08
dollar_broad,2021-08-09,2021-08-16,113.4521,https://fred.stlouisfed.org/graph/fredgraph.csv?id=DTWEXBGS,2026-10-08
dollar_broad,2021-08-10,2021-08-17,113.4973,https://fred.stlouisfed.org/graph/fredgraph.csv?id=DTWEXBGS,2026-10-08
dollar_broad,2021-08-11,2021-08-18,113.282,https://fred.stlouisfed.org/graph/fredgraph.csv?id=DTWEXBGS,2026-10-08
dollar_broad,2021-08-12,2021-08-19,113.2691,https://fred.stlouisfed.org/graph/fredgraph.csv?id=DTWEXBGS,2026-10-08
dollar_broad,2021-08-13,2021-08-20,113.0615,https://fred.stlouisfed.org/graph/fredgraph.csv?id=DTWEXBGS,2026-10-08
dollar_broad,2021-08-16,2021-08-23,113.1698,https://fred.stlouisfed.org/graph/fredgraph.csv?id=DTWEXBGS,2026-10-08
dollar_broad,2021-08-17,2021-08-24,113.6174,https://fred.stlouisfed.org/graph/fredgraph.csv?id=DTWEXBGS,2026-10-08
dollar_broad,2021-08-18,2021-08-25,113.6959,https://fred.stlouisfed.org/graph/fredgraph.csv?id=DTWEXBGS,2026-10-08
dollar_broad,2021-08-19,2021-08-26,114.1106,https://fred.stlouisfed.org/graph/fredgraph.csv?id=DTWEXBGS,2026-10-08
dollar_broad,2021-08-20,2021-08-27,114.5009,https://fred.stlouisfed.org/graph/fredgraph.csv?id=DTWEXBGS,2026-10-08
dollar_broad,2021-08-23,2021-08-30,113.9418,https://fred.stlouisfed.org/graph/fredgraph.csv?id=DTWEXBGS,2026-10-08
dollar_broad,2021-08-24,2021-08-31,113.6795,https://fred.stlouisfed.org/graph/fredgraph.csv?id=DTWEXBGS,2026-10-08
dollar_broad,2021-08-25,2021-09-01,113.6322,https://fred.stlouisfed.org/graph/fredgraph.csv?id=DTWEXBGS,2026-10-08
dollar_broad,2021-08-26,2021-09-02,113.7883,https://fred.stlouisfed.org/graph/fredgraph.csv?id=DTWEXBGS,2026-10-08
dollar_broad,2021-08-27,2021-09-03,113.3404,https://fred.stlouisfed.org/graph/fredgraph.csv?id=DTWEXBGS,2026-10-08
dollar_broad,2021-08-30,2021-09-06,113.246,https://fred.stlouisfed.org/graph/fredgraph.csv?id=DTWEXBGS,2026-10-08
dollar_broad,2021-08-31,2021-09-07,113.1076,https://fred.stlouisfed.org/graph/fredgraph.csv?id=DTWEXBGS,2026-10-08
dollar_broad,2021-09-01,2021-09-08,112.8732,https://fred.stlouisfed.org/graph/fredgraph.csv?id=DTWEXBGS,2026-10-08
dollar_broad,2021-09-02,2021-09-09,112.7863,https://fred.stlouisfed.org/graph/fredgraph.csv?id=DTWEXBGS,2026-10-08
dollar_broad,2021-09-03,2021-09-10,112.5476,https://fred.stlouisfed.org/graph/fredgraph.csv?id=DTWEXBGS,2026-10-08
dollar_broad,2021-09-07,2021-09-14,112.9795,https://fred.stlouisfed.org/graph/fredgraph.csv?id=DTWEXBGS,2026-10-08
dollar_broad,2021-09-08,2021-09-15,113.2319,https://fred.stlouisfed.org/graph/fredgraph.csv?id=DTWEXBGS,2026-10-08
dollar_broad,2021-09-09,2021-09-16,113.043,https://fred.stlouisfed.org/graph/fredgraph.csv?id=DTWEXBGS,2026-10-08
dollar_broad,2021-09-10,2021-09-17,112.9425,https://fred.stlouisfed.org/graph/fredgraph.csv?id=DTWEXBGS,2026-10-08
dollar_broad,2021-09-13,2021-09-20,113.0341,https://fred.stlouisfed.org/graph/fredgraph.csv?id=DTWEXBGS,2026-10-08
dollar_broad,2021-09-14,2021-09-21,113.0061,https://fred.stlouisfed.org/graph/fredgraph.csv?id=DTWEXBGS,2026-10-08
dollar_broad,2021-09-15,2021-09-22,112.9773,https://fred.stlouisfed.org/graph/fredgraph.csv?id=DTWEXBGS,2026-10-08
dollar_broad,2021-09-16,2021-09-23,113.3036,https://fred.stlouisfed.org/graph/fredgraph.csv?id=DTWEXBGS,2026-10-08
dollar_broad,2021-09-17,2021-09-24,113.5989,https://fred.stlouisfed.org/graph/fredgraph.csv?id=DTWEXBGS,2026-10-08
dollar_broad,2021-09-20,2021-09-27,113.9422,https://fred.stlouisfed.org/graph/fredgraph.csv?id=DTWEXBGS,2026-10-08
dollar_broad,2021-09-21,2021-09-28,113.8179,https://fred.stlouisfed.org/graph/fredgraph.csv?id=DTWEXBGS,2026-10-08
dollar_broad,2021-09-22,2021-09-29,113.6223,https://fred.stlouisfed.org/graph/fredgraph.csv?id=DTWEXBGS,2026-10-08
dollar_broad,2021-09-23,2021-09-30,113.513,https://fred.stlouisfed.org/graph/fredgraph.csv?id=DTWEXBGS,2026-10-08
dollar_broad,2021-09-24,2021-10-01,113.7597,https://fred.stlouisfed.org/graph/fredgraph.csv?id=DTWEXBGS,2026-10-08
dollar_broad,2021-09-27,2021-10-04,113.7432,https://fred.stlouisfed.org/graph/fredgraph.csv?id=DTWEXBGS,2026-10-08
dollar_broad,2021-09-28,2021-10-05,114.2469,https://fred.stlouisfed.org/graph/fredgraph.csv?id=DTWEXBGS,2026-10-08
dollar_broad,2021-09-29,2021-10-06,114.7092,https://fred.stlouisfed.org/graph/fredgraph.csv?id=DTWEXBGS,2026-10-08
dollar_broad,2021-09-30,2021-10-07,114.6403,https://fred.stlouisfed.org/graph/fredgraph.csv?id=DTWEXBGS,2026-10-08
dollar_broad,2021-10-01,2021-10-08,114.3798,https://fred.stlouisfed.org/graph/fredgraph.csv?id=DTWEXBGS,2026-10-08
dollar_broad,2021-10-04,2021-10-11,114.2739,https://fred.stlouisfed.org/graph/fredgraph.csv?id=DTWEXBGS,2026-10-08
dollar_broad,2021-10-05,2021-10-12,114.3654,https://fred.stlouisfed.org/graph/fredgraph.csv?id=DTWEXBGS,2026-10-08
dollar_broad,2021-10-06,2021-10-13,114.7185,https://fred.stlouisfed.org/graph/fredgraph.csv?id=DTWEXBGS,2026-10-08
dollar_broad,2021-10-07,2021-10-14,114.5044,https://fred.stlouisfed.org/graph/fredgraph.csv?id=DTWEXBGS,2026-10-08
dollar_broad,2021-10-08,2021-10-15,114.5986,https://fred.stlouisfed.org/graph/fredgraph.csv?id=DTWEXBGS,2026-10-08
dollar_broad,2021-10-12,2021-10-19,114.7542,https://fred.stlouisfed.org/graph/fredgraph.csv?id=DTWEXBGS,2026-10-08
dollar_broad,2021-10-13,2021-10-20,114.4705,https://fred.stlouisfed.org/graph/fredgraph.csv?id=DTWEXBGS,2026-10-08
dollar_broad,2021-10-14,2021-10-21,114.2053,https://fred.stlouisfed.org/graph/fredgraph.csv?id=DTWEXBGS,2026-10-08
dollar_broad,2021-10-15,2021-10-22,114.0905,https://fred.stlouisfed.org/graph/fredgraph.csv?id=DTWEXBGS,2026-10-08
dollar_broad,2021-10-18,2021-10-25,113.9899,https://fred.stlouisfed.org/graph/fredgraph.csv?id=DTWEXBGS,2026-10-08
dollar_broad,2021-10-19,2021-10-26,113.647,https://fred.stlouisfed.org/graph/fredgraph.csv?id=DTWEXBGS,2026-10-08
dollar_broad,2021-10-20,2021-10-27,113.5083,https://fred.stlouisfed.org/graph/fredgraph.csv?id=DTWEXBGS,2026-10-08
dollar_broad,2021-10-21,2021-10-28,113.6188,https://fred.stlouisfed.org/graph/fredgraph.csv?id=DTWEXBGS,2026-10-08
dollar_broad,2021-10-22,2021-10-29,113.67,https://fred.stlouisfed.org/graph/fredgraph.csv?id=DTWEXBGS,2026-10-08
dollar_broad,2021-10-25,2021-11-01,113.605,https://fred.stlouisfed.org/graph/fredgraph.csv?id=DTWEXBGS,2026-10-08
dollar_broad,2021-10-26,2021-11-02,113.674,https://fred.stlouisfed.org/graph/fredgraph.csv?id=DTWEXBGS,2026-10-08
dollar_broad,2021-10-27,2021-11-03,113.6218,https://fred.stlouisfed.org/graph/fredgraph.csv?id=DTWEXBGS,2026-10-08
dollar_broad,2021-10-28,2021-11-04,113.4389,https://fred.stlouisfed.org/graph/fredgraph.csv?id=DTWEXBGS,2026-10-08
dollar_broad,2021-10-29,2021-11-05,114.1349,https://fred.stlouisfed.org/graph/fredgraph.csv?id=DTWEXBGS,2026-10-08
dollar_broad,2021-11-01,2021-11-08,114.2067,https://fred.stlouisfed.org/graph/fredgraph.csv?id=DTWEXBGS,2026-10-08
dollar_broad,2021-11-02,2021-11-09,114.2847,https://fred.stlouisfed.org/graph/fredgraph.csv?id=DTWEXBGS,2026-10-08
dollar_broad,2021-11-03,2021-11-10,114.3593,https://fred.stlouisfed.org/graph/fredgraph.csv?id=DTWEXBGS,2026-10-08
dollar_broad,2021-11-04,2021-11-11,114.3558,https://fred.stlouisfed.org/graph/fredgraph.csv?id=DTWEXBGS,2026-10-08
dollar_broad,2021-11-05,2021-11-12,114.0732,https://fred.stlouisfed.org/graph/fredgraph.csv?id=DTWEXBGS,2026-10-08
dollar_broad,2021-11-08,2021-11-15,113.8256,https://fred.stlouisfed.org/graph/fredgraph.csv?id=DTWEXBGS,2026-10-08
dollar_broad,2021-11-09,2021-11-16,113.762,https://fred.stlouisfed.org/graph/fredgraph.csv?id=DTWEXBGS,2026-10-08
dollar_broad,2021-11-10,2021-11-17,114.1484,https://fred.stlouisfed.org/graph/fredgraph.csv?id=DTWEXBGS,2026-10-08
dollar_broad,2021-11-12,2021-11-19,114.5144,https://fred.stlouisfed.org/graph/fredgraph.csv?id=DTWEXBGS,2026-10-08
dollar_broad,2021-11-15,2021-11-22,114.5876,https://fred.stlouisfed.org/graph/fredgraph.csv?id=DTWEXBGS,2026-10-08
dollar_broad,2021-11-16,2021-11-23,115.136,https://fred.stlouisfed.org/graph/fredgraph.csv?id=DTWEXBGS,2026-10-08
dollar_broad,2021-11-17,2021-11-24,115.0263,https://fred.stlouisfed.org/graph/fredgraph.csv?id=DTWEXBGS,2026-10-08
dollar_broad,2021-11-18,2021-11-25,115.0678,https://fred.stlouisfed.org/graph/fredgraph.csv?id=DTWEXBGS,2026-10-08
dollar_broad,2021-11-19,2021-11-26,115.2187,https://fred.stlouisfed.org/graph/fredgraph.csv?id=DTWEXBGS,2026-10-08
dollar_broad,2021-11-22,2021-11-29,115.6481,https://fred.stlouisfed.org/graph/fredgraph.csv?id=DTWEXBGS,2026-10-08
dollar_broad,2021-11-23,2021-11-30,116.0118,https://fred.stlouisfed.org/graph/fredgraph.csv?id=DTWEXBGS,2026-10-08
dollar_broad,2021-11-24,2021-12-01,116.2711,https://fred.stlouisfed.org/graph/fredgraph.csv?id=DTWEXBGS,2026-10-08
dollar_broad,2021-11-26,2021-12-03,116.5103,https://fred.stlouisfed.org/graph/fredgraph.csv?id=DTWEXBGS,2026-10-08
dollar_broad,2021-11-29,2021-12-06,116.581,https://fred.stlouisfed.org/graph/fredgraph.csv?id=DTWEXBGS,2026-10-08
dollar_broad,2021-11-30,2021-12-07,116.2071,https://fred.stlouisfed.org/graph/fredgraph.csv?id=DTWEXBGS,2026-10-08
dollar_broad,2021-12-01,2021-12-08,115.889,https://fred.stlouisfed.org/graph/fredgraph.csv?id=DTWEXBGS,2026-10-08
dollar_broad,2021-12-02,2021-12-09,116.018,https://fred.stlouisfed.org/graph/fredgraph.csv?id=DTWEXBGS,2026-10-08
dollar_broad,2021-12-03,2021-12-10,116.2377,https://fred.stlouisfed.org/graph/fredgraph.csv?id=DTWEXBGS,2026-10-08
dollar_broad,2021-12-06,2021-12-13,116.1538,https://fred.stlouisfed.org/graph/fredgraph.csv?id=DTWEXBGS,2026-10-08
dollar_broad,2021-12-07,2021-12-14,115.8555,https://fred.stlouisfed.org/graph/fredgraph.csv?id=DTWEXBGS,2026-10-08
dollar_broad,2021-12-08,2021-12-15,115.4418,https://fred.stlouisfed.org/graph/fredgraph.csv?id=DTWEXBGS,2026-10-08
dollar_broad,2021-12-09,2021-12-16,115.7784,https://fred.stlouisfed.org/graph/fredgraph.csv?id=DTWEXBGS,2026-10-08
dollar_broad,2021-12-10,2021-12-17,115.5732,https://fred.stlouisfed.org/graph/fredgraph.csv?id=DTWEXBGS,2026-10-08
dollar_broad,2021-12-13,2021-12-20,115.842,https://fred.stlouisfed.org/graph/fredgraph.csv?id=DTWEXBGS,2026-10-08
dollar_broad,2021-12-14,2021-12-21,116.2397,https://fred.stlouisfed.org/graph/fredgraph.csv?id=DTWEXBGS,2026-10-08
dollar_broad,2021-12-15,2021-12-22,116.4219,https://fred.stlouisfed.org/graph/fredgraph.csv?id=DTWEXBGS,2026-10-08
dollar_broad,2021-12-16,2021-12-23,115.7146,https://fred.stlouisfed.org/graph/fredgraph.csv?id=DTWEXBGS,2026-10-08
dollar_broad,2021-12-17,2021-12-24,115.791,https://fred.stlouisfed.org/graph/fredgraph.csv?id=DTWEXBGS,2026-10-08
dollar_broad,2021-12-20,2021-12-27,116.0092,https://fred.stlouisfed.org/graph/fredgraph.csv?id=DTWEXBGS,2026-10-08
dollar_broad,2021-12-21,2021-12-28,116.1089,https://fred.stlouisfed.org/graph/fredgraph.csv?id=DTWEXBGS,2026-10-08
dollar_broad,2021-12-22,2021-12-29,115.7485,https://fred.stlouisfed.org/graph/fredgraph.csv?id=DTWEXBGS,2026-10-08
dollar_broad,2021-12-23,2021-12-30,115.5337,https://fred.stlouisfed.org/graph/fredgraph.csv?id=DTWEXBGS,2026-10-08
dollar_broad,2021-12-27,2022-01-03,115.4684,https://fred.stlouisfed.org/graph/fredgraph.csv?id=DTWEXBGS,2026-10-08
dollar_broad,2021-12-28,2022-01-04,115.4192,https://fred.stlouisfed.org/graph/fredgraph.csv?id=DTWEXBGS,2026-10-08
dollar_broad,2021-12-29,2022-01-05,115.3678,https://fred.stlouisfed.org/graph/fredgraph.csv?id=DTWEXBGS,2026-10-08
dollar_broad,2021-12-30,2022-01-06,115.283,https://fred.stlouisfed.org/graph/fredgraph.csv?id=DTWEXBGS,2026-10-08
dollar_broad,2022-01-03,2022-01-10,115.4101,https://fred.stlouisfed.org/graph/fredgraph.csv?id=DTWEXBGS,2026-10-08
dollar_broad,2022-01-04,2022-01-11,115.3103,https://fred.stlouisfed.org/graph/fredgraph.csv?id=DTWEXBGS,2026-10-08
dollar_broad,2022-01-05,2022-01-12,115.137,https://fred.stlouisfed.org/graph/fredgraph.csv?id=DTWEXBGS,2026-10-08
dollar_broad,2022-01-06,2022-01-13,115.4046,https://fred.stlouisfed.org/graph/fredgraph.csv?id=DTWEXBGS,2026-10-08
dollar_broad,2022-01-07,2022-01-14,115.0451,https://fred.stlouisfed.org/graph/fredgraph.csv?id=DTWEXBGS,2026-10-08
dollar_broad,2022-01-10,2022-01-17,115.2216,https://fred.stlouisfed.org/graph/fredgraph.csv?id=DTWEXBGS,2026-10-08
dollar_broad,2022-01-11,2022-01-18,114.8332,https://fred.stlouisfed.org/graph/fredgraph.csv?id=DTWEXBGS,2026-10-08
dollar_broad,2022-01-12,2022-01-19,114.355,https://fred.stlouisfed.org/graph/fredgraph.csv?id=DTWEXBGS,2026-10-08
dollar_broad,2022-01-13,2022-01-20,114.177,https://fred.stlouisfed.org/graph/fredgraph.csv?id=DTWEXBGS,2026-10-08
dollar_broad,2022-01-14,2022-01-21,114.3825,https://fred.stlouisfed.org/graph/fredgraph.csv?id=DTWEXBGS,2026-10-08
dollar_broad,2022-01-18,2022-01-25,114.7373,https://fred.stlouisfed.org/graph/fredgraph.csv?id=DTWEXBGS,2026-10-08
dollar_broad,2022-01-19,2022-01-26,114.6109,https://fred.stlouisfed.org/graph/fredgraph.csv?id=DTWEXBGS,2026-10-08
dollar_broad,2022-01-20,2022-01-27,114.4642,https://fred.stlouisfed.org/graph/fredgraph.csv?id=DTWEXBGS,2026-10-08
dollar_broad,2022-01-21,2022-01-28,114.6125,https://fred.stlouisfed.org/graph/fredgraph.csv?id=DTWEXBGS,2026-10-08
dollar_broad,2022-01-24,2022-01-31,115.2034,https://fred.stlouisfed.org/graph/fredgraph.csv?id=DTWEXBGS,2026-10-08
dollar_broad,2022-01-25,2022-02-01,115.1654,https://fred.stlouisfed.org/graph/fredgraph.csv?id=DTWEXBGS,2026-10-08
dollar_broad,2022-01-26,2022-02-02,115.0922,https://fred.stlouisfed.org/graph/fredgraph.csv?id=DTWEXBGS,2026-10-08
dollar_broad,2022-01-27,2022-02-03,115.978,https://fred.stlouisfed.org/graph/fredgraph.csv?id=DTWEXBGS,2026-10-08
dollar_broad,2022-01-28,2022-02-04,116.0393,https://fred.stlouisfed.org/graph/fredgraph.csv?id=DTWEXBGS,2026-10-08
dollar_broad,2022-01-31,2022-02-07,115.566,https://fred.stlouisfed.org/graph/fredgraph.csv?id=DTWEXBGS,2026-10-08
dollar_broad,2022-02-01,2022-02-08,115.3685,https://fred.stlouisfed.org/graph/fredgraph.csv?id=DTWEXBGS,2026-10-08
dollar_broad,2022-02-02,2022-02-09,115.1538,https://fred.stlouisfed.org/graph/fredgraph.csv?id=DTWEXBGS,2026-10-08
dollar_broad,2022-02-03,2022-02-10,114.9065,https://fred.stlouisfed.org/graph/fredgraph.csv?id=DTWEXBGS,2026-10-08
dollar_broad,2022-02-04,2022-02-11,115.1362,https://fred.stlouisfed.org/graph/fredgraph.csv?id=DTWEXBGS,2026-10-08
dollar_broad,2022-02-07,2022-02-14,115.0098,https://fred.stlouisfed.org/graph/fredgraph.csv?id=DTWEXBGS,2026-10-08
dollar_broad,2022-02-08,2022-02-15,115.0892,https://fred.stlouisfed.org/graph/fredgraph.csv?id=DTWEXBGS,2026-10-08
dollar_broad,2022-02-09,2022-02-16,114.8232,https://fred.stlouisfed.org/graph/fredgraph.csv?id=DTWEXBGS,2026-10-08
dollar_broad,2022-02-10,2022-02-17,114.5527,https://fred.stlouisfed.org/graph/fredgraph.csv?id=DTWEXBGS,2026-10-08
dollar_broad,2022-02-11,2022-02-18,114.8413,https://fred.stlouisfed.org/graph/fredgraph.csv?id=DTWEXBGS,2026-10-08
dollar_broad,2022-02-14,2022-02-21,115.1946,https://fred.stlouisfed.org/graph/fredgraph.csv?id=DTWEXBGS,2026-10-08
dollar_broad,2022-02-15,2022-02-22,114.93,https://fred.stlouisfed.org/graph/fredgraph.csv?id=DTWEXBGS,2026-10-08
dollar_broad,2022-02-16,2022-02-23,114.6886,https://fred.stlouisfed.org/graph/fredgraph.csv?id=DTWEXBGS,2026-10-08
dollar_broad,2022-02-17,2022-02-24,114.6755,https://fred.stlouisfed.org/graph/fredgraph.csv?id=DTWEXBGS,2026-10-08
dollar_broad,2022-02-18,2022-02-25,114.7982,https://fred.stlouisfed.org/graph/fredgraph.csv?id=DTWEXBGS,2026-10-08
dollar_broad,2022-02-22,2022-03-01,114.7002,https://fred.stlouisfed.org/graph/fredgraph.csv?id=DTWEXBGS,2026-10-08
dollar_broad,2022-02-23,2022-03-02,114.6668,https://fred.stlouisfed.org/graph/fredgraph.csv?id=DTWEXBGS,2026-10-08
dollar_broad,2022-02-24,2022-03-03,115.9419,https://fred.stlouisfed.org/graph/fredgraph.csv?id=DTWEXBGS,2026-10-08
dollar_broad,2022-02-25,2022-03-04,115.2577,https://fred.stlouisfed.org/graph/fredgraph.csv?id=DTWEXBGS,2026-10-08
dollar_broad,2022-02-28,2022-03-07,115.2224,https://fred.stlouisfed.org/graph/fredgraph.csv?id=DTWEXBGS,2026-10-08
dollar_broad,2022-03-01,2022-03-08,115.7962,https://fred.stlouisfed.org/graph/fredgraph.csv?id=DTWEXBGS,2026-10-08
dollar_broad,2022-03-02,2022-03-09,115.7623,https://fred.stlouisfed.org/graph/fredgraph.csv?id=DTWEXBGS,2026-10-08
dollar_broad,2022-03-03,2022-03-10,115.9495,https://fred.stlouisfed.org/graph/fredgraph.csv?id=DTWEXBGS,2026-10-08
dollar_broad,2022-03-04,2022-03-11,116.6503,https://fred.stlouisfed.org/graph/fredgraph.csv?id=DTWEXBGS,2026-10-08
dollar_broad,2022-03-07,2022-03-14,117.3278,https://fred.stlouisfed.org/graph/fredgraph.csv?id=DTWEXBGS,2026-10-08
dollar_broad,2022-03-08,2022-03-15,117.6176,https://fred.stlouisfed.org/graph/fredgraph.csv?id=DTWEXBGS,2026-10-08
dollar_broad,2022-03-09,2022-03-16,116.5961,https://fred.stlouisfed.org/graph/fredgraph.csv?id=DTWEXBGS,2026-10-08
dollar_broad,2022-03-10,2022-03-17,116.7401,https://fred.stlouisfed.org/graph/fredgraph.csv?id=DTWEXBGS,2026-10-08
dollar_broad,2022-03-11,2022-03-18,117.0192,https://fred.stlouisfed.org/graph/fredgraph.csv?id=DTWEXBGS,2026-10-08
dollar_broad,2022-03-14,2022-03-21,117.1506,https://fred.stlouisfed.org/graph/fredgraph.csv?id=DTWEXBGS,2026-10-08
dollar_broad,2022-03-15,2022-03-22,117.246,https://fred.stlouisfed.org/graph/fredgraph.csv?id=DTWEXBGS,2026-10-08
dollar_broad,2022-03-16,2022-03-23,116.8073,https://fred.stlouisfed.org/graph/fredgraph.csv?id=DTWEXBGS,2026-10-08
dollar_broad,2022-03-17,2022-03-24,116.0467,https://fred.stlouisfed.org/graph/fredgraph.csv?id=DTWEXBGS,2026-10-08
dollar_broad,2022-03-18,2022-03-25,116.1378,https://fred.stlouisfed.org/graph/fredgraph.csv?id=DTWEXBGS,2026-10-08
dollar_broad,2022-03-21,2022-03-28,115.9398,https://fred.stlouisfed.org/graph/fredgraph.csv?id=DTWEXBGS,2026-10-08
dollar_broad,2022-03-22,2022-03-29,116.0824,https://fred.stlouisfed.org/graph/fredgraph.csv?id=DTWEXBGS,2026-10-08
dollar_broad,2022-03-23,2022-03-30,116.005,https://fred.stlouisfed.org/graph/fredgraph.csv?id=DTWEXBGS,2026-10-08
dollar_broad,2022-03-24,2022-03-31,115.9599,https://fred.stlouisfed.org/graph/fredgraph.csv?id=DTWEXBGS,2026-10-08
dollar_broad,2022-03-25,2022-04-01,115.7921,https://fred.stlouisfed.org/graph/fredgraph.csv?id=DTWEXBGS,2026-10-08
dollar_broad,2022-03-28,2022-04-04,116.1911,https://fred.stlouisfed.org/graph/fredgraph.csv?id=DTWEXBGS,2026-10-08
dollar_broad,2022-03-29,2022-04-05,115.5679,https://fred.stlouisfed.org/graph/fredgraph.csv?id=DTWEXBGS,2026-10-08
dollar_broad,2022-03-30,2022-04-06,115.0818,https://fred.stlouisfed.org/graph/fredgraph.csv?id=DTWEXBGS,2026-10-08
dollar_broad,2022-03-31,2022-04-07,115.2218,https://fred.stlouisfed.org/graph/fredgraph.csv?id=DTWEXBGS,2026-10-08
dollar_broad,2022-04-01,2022-04-08,115.4814,https://fred.stlouisfed.org/graph/fredgraph.csv?id=DTWEXBGS,2026-10-08
dollar_broad,2022-04-04,2022-04-11,115.4112,https://fred.stlouisfed.org/graph/fredgraph.csv?id=DTWEXBGS,2026-10-08
dollar_broad,2022-04-05,2022-04-12,115.73,https://fred.stlouisfed.org/graph/fredgraph.csv?id=DTWEXBGS,2026-10-08
dollar_broad,2022-04-06,2022-04-13,115.9995,https://fred.stlouisfed.org/graph/fredgraph.csv?id=DTWEXBGS,2026-10-08
dollar_broad,2022-04-07,2022-04-14,116.3512,https://fred.stlouisfed.org/graph/fredgraph.csv?id=DTWEXBGS,2026-10-08
dollar_broad,2022-04-08,2022-04-15,116.4176,https://fred.stlouisfed.org/graph/fredgraph.csv?id=DTWEXBGS,2026-10-08
dollar_broad,2022-04-11,2022-04-18,116.5401,https://fred.stlouisfed.org/graph/fredgraph.csv?id=DTWEXBGS,2026-10-08
dollar_broad,2022-04-12,2022-04-19,116.3866,https://fred.stlouisfed.org/graph/fredgraph.csv?id=DTWEXBGS,2026-10-08
dollar_broad,2022-04-13,2022-04-20,116.2796,https://fred.stlouisfed.org/graph/fredgraph.csv?id=DTWEXBGS,2026-10-08
dollar_broad,2022-04-14,2022-04-21,116.7558,https://fred.stlouisfed.org/graph/fredgraph.csv?id=DTWEXBGS,2026-10-08
dollar_broad,2022-04-15,2022-04-22,116.7017,https://fred.stlouisfed.org/graph/fredgraph.csv?id=DTWEXBGS,2026-10-08
dollar_broad,2022-04-18,2022-04-25,116.8441,https://fred.stlouisfed.org/graph/fredgraph.csv?id=DTWEXBGS,2026-10-08
dollar_broad,2022-04-19,2022-04-26,117.1324,https://fred.stlouisfed.org/graph/fredgraph.csv?id=DTWEXBGS,2026-10-08
dollar_broad,2022-04-20,2022-04-27,116.7306,https://fred.stlouisfed.org/graph/fredgraph.csv?id=DTWEXBGS,2026-10-08
dollar_broad,2022-04-21,2022-04-28,117.1432,https://fred.stlouisfed.org/graph/fredgraph.csv?id=DTWEXBGS,2026-10-08
dollar_broad,2022-04-22,2022-04-29,118.0186,https://fred.stlouisfed.org/graph/fredgraph.csv?id=DTWEXBGS,2026-10-08
dollar_broad,2022-04-25,2022-05-02,118.6271,https://fred.stlouisfed.org/graph/fredgraph.csv?id=DTWEXBGS,2026-10-08
dollar_broad,2022-04-26,2022-05-03,118.9624,https://fred.stlouisfed.org/graph/fredgraph.csv?id=DTWEXBGS,2026-10-08
dollar_broad,2022-04-27,2022-05-04,119.4708,https://fred.stlouisfed.org/graph/fredgraph.csv?id=DTWEXBGS,2026-10-08
dollar_broad,2022-04-28,2022-05-05,120.0675,https://fred.stlouisfed.org/graph/fredgraph.csv?id=DTWEXBGS,2026-10-08
dollar_broad,2022-04-29,2022-05-06,119.4933,https://fred.stlouisfed.org/graph/fredgraph.csv?id=DTWEXBGS,2026-10-08
dollar_broad,2022-05-02,2022-05-09,119.8825,https://fred.stlouisfed.org/graph/fredgraph.csv?id=DTWEXBGS,2026-10-08
dollar_broad,2022-05-03,2022-05-10,119.7043,https://fred.stlouisfed.org/graph/fredgraph.csv?id=DTWEXBGS,2026-10-08
dollar_broad,2022-05-04,2022-05-11,119.5592,https://fred.stlouisfed.org/graph/fredgraph.csv?id=DTWEXBGS,2026-10-08
dollar_broad,2022-05-05,2022-05-12,120.0068,https://fred.stlouisfed.org/graph/fredgraph.csv?id=DTWEXBGS,2026-10-08
dollar_broad,2022-05-06,2022-05-13,119.8577,https://fred.stlouisfed.org/graph/fredgraph.csv?id=DTWEXBGS,2026-10-08
dollar_broad,2022-05-09,2022-05-16,120.4972,https://fred.stlouisfed.org/graph/fredgraph.csv?id=DTWEXBGS,2026-10-08
dollar_broad,2022-05-10,2022-05-17,120.7742,https://fred.stlouisfed.org/graph/fredgraph.csv?id=DTWEXBGS,2026-10-08
dollar_broad,2022-05-11,2022-05-18,120.3925,https://fred.stlouisfed.org/graph/fredgraph.csv?id=DTWEXBGS,2026-10-08
dollar_broad,2022-05-12,2022-05-19,121.2796,https://fred.stlouisfed.org/graph/fredgraph.csv?id=DTWEXBGS,2026-10-08
dollar_broad,2022-05-13,2022-05-20,120.8442,https://fred.stlouisfed.org/graph/fredgraph.csv?id=DTWEXBGS,2026-10-08
dollar_broad,2022-05-16,2022-05-23,120.6881,https://fred.stlouisfed.org/graph/fredgraph.csv?id=DTWEXBGS,2026-10-08
dollar_broad,2022-05-17,2022-05-24,119.8871,https://fred.stlouisfed.org/graph/fredgraph.csv?id=DTWEXBGS,2026-10-08
dollar_broad,2022-05-18,2022-05-25,120.0274,https://fred.stlouisfed.org/graph/fredgraph.csv?id=DTWEXBGS,2026-10-08
dollar_broad,2022-05-19,2022-05-26,119.4278,https://fred.stlouisfed.org/graph/fredgraph.csv?id=DTWEXBGS,2026-10-08
dollar_broad,2022-05-20,2022-05-27,119.3677,https://fred.stlouisfed.org/graph/fredgraph.csv?id=DTWEXBGS,2026-10-08
dollar_broad,2022-05-23,2022-05-30,118.7169,https://fred.stlouisfed.org/graph/fredgraph.csv?id=DTWEXBGS,2026-10-08
dollar_broad,2022-05-24,2022-05-31,118.6245,https://fred.stlouisfed.org/graph/fredgraph.csv?id=DTWEXBGS,2026-10-08
dollar_broad,2022-05-25,2022-06-01,118.9598,https://fred.stlouisfed.org/graph/fredgraph.csv?id=DTWEXBGS,2026-10-08
dollar_broad,2022-05-26,2022-06-02,118.7687,https://fred.stlouisfed.org/graph/fredgraph.csv?id=DTWEXBGS,2026-10-08
dollar_broad,2022-05-27,2022-06-03,118.2834,https://fred.stlouisfed.org/graph/fredgraph.csv?id=DTWEXBGS,2026-10-08
dollar_broad,2022-05-31,2022-06-07,118.0704,https://fred.stlouisfed.org/graph/fredgraph.csv?id=DTWEXBGS,2026-10-08
dollar_broad,2022-06-01,2022-06-08,118.6954,https://fred.stlouisfed.org/graph/fredgraph.csv?id=DTWEXBGS,2026-10-08
dollar_broad,2022-06-02,2022-06-09,118.0658,https://fred.stlouisfed.org/graph/fredgraph.csv?id=DTWEXBGS,2026-10-08
dollar_broad,2022-06-03,2022-06-10,118.2153,https://fred.stlouisfed.org/graph/fredgraph.csv?id=DTWEXBGS,2026-10-08
dollar_broad,2022-06-06,2022-06-13,118.3081,https://fred.stlouisfed.org/graph/fredgraph.csv?id=DTWEXBGS,2026-10-08
dollar_broad,2022-06-07,2022-06-14,118.4414,https://fred.stlouisfed.org/graph/fredgraph.csv?id=DTWEXBGS,2026-10-08
dollar_broad,2022-06-08,2022-06-15,118.3951,https://fred.stlouisfed.org/graph/fredgraph.csv?id=DTWEXBGS,2026-10-08
dollar_broad,2022-06-09,2022-06-16,118.9226,https://fred.stlouisfed.org/graph/fredgraph.csv?id=DTWEXBGS,2026-10-08
dollar_broad,2022-06-10,2022-06-17,119.9981,https://fred.stlouisfed.org/graph/fredgraph.csv?id=DTWEXBGS,2026-10-08
dollar_broad,2022-06-13,2022-06-20,121.1523,https://fred.stlouisfed.org/graph/fredgraph.csv?id=DTWEXBGS,2026-10-08
dollar_broad,2022-06-14,2022-06-21,121.6669,https://fred.stlouisfed.org/graph/fredgraph.csv?id=DTWEXBGS,2026-10-08
dollar_broad,2022-06-15,2022-06-22,121.6403,https://fred.stlouisfed.org/graph/fredgraph.csv?id=DTWEXBGS,2026-10-08
dollar_broad,2022-06-16,2022-06-23,120.6714,https://fred.stlouisfed.org/graph/fredgraph.csv?id=DTWEXBGS,2026-10-08
dollar_broad,2022-06-17,2022-06-24,121.2369,https://fred.stlouisfed.org/graph/fredgraph.csv?id=DTWEXBGS,2026-10-08
dollar_broad,2022-06-21,2022-06-28,120.6427,https://fred.stlouisfed.org/graph/fredgraph.csv?id=DTWEXBGS,2026-10-08
dollar_broad,2022-06-22,2022-06-29,120.5197,https://fred.stlouisfed.org/graph/fredgraph.csv?id=DTWEXBGS,2026-10-08
dollar_broad,2022-06-23,2022-06-30,120.7622,https://fred.stlouisfed.org/graph/fredgraph.csv?id=DTWEXBGS,2026-10-08
dollar_broad,2022-06-24,2022-07-01,120.4853,https://fred.stlouisfed.org/graph/fredgraph.csv?id=DTWEXBGS,2026-10-08
dollar_broad,2022-06-27,2022-07-04,120.1736,https://fred.stlouisfed.org/graph/fredgraph.csv?id=DTWEXBGS,2026-10-08
dollar_broad,2022-06-28,2022-07-05,120.62,https://fred.stlouisfed.org/graph/fredgraph.csv?id=DTWEXBGS,2026-10-08
dollar_broad,2022-06-29,2022-07-06,120.9616,https://fred.stlouisfed.org/graph/fredgraph.csv?id=DTWEXBGS,2026-10-08
dollar_broad,2022-06-30,2022-07-07,120.9652,https://fred.stlouisfed.org/graph/fredgraph.csv?id=DTWEXBGS,2026-10-08
dollar_broad,2022-07-01,2022-07-08,121.5058,https://fred.stlouisfed.org/graph/fredgraph.csv?id=DTWEXBGS,2026-10-08
dollar_broad,2022-07-05,2022-07-12,122.6203,https://fred.stlouisfed.org/graph/fredgraph.csv?id=DTWEXBGS,2026-10-08
dollar_broad,2022-07-06,2022-07-13,123.0073,https://fred.stlouisfed.org/graph/fredgraph.csv?id=DTWEXBGS,2026-10-08
dollar_broad,2022-07-07,2022-07-14,122.7257,https://fred.stlouisfed.org/graph/fredgraph.csv?id=DTWEXBGS,2026-10-08
dollar_broad,2022-07-08,2022-07-15,122.4662,https://fred.stlouisfed.org/graph/fredgraph.csv?id=DTWEXBGS,2026-10-08
dollar_broad,2022-07-11,2022-07-18,123.2974,https://fred.stlouisfed.org/graph/fredgraph.csv?id=DTWEXBGS,2026-10-08
dollar_broad,2022-07-12,2022-07-19,123.4524,https://fred.stlouisfed.org/graph/fredgraph.csv?id=DTWEXBGS,2026-10-08
dollar_broad,2022-07-13,2022-07-20,123.2834,https://fred.stlouisfed.org/graph/fredgraph.csv?id=DTWEXBGS,2026-10-08
dollar_broad,2022-07-14,2022-07-21,124.0622,https://fred.stlouisfed.org/graph/fredgraph.csv?id=DTWEXBGS,2026-10-08
dollar_broad,2022-07-15,2022-07-22,123.4765,https://fred.stlouisfed.org/graph/fredgraph.csv?id=DTWEXBGS,2026-10-08
dollar_broad,2022-07-18,2022-07-25,122.7727,https://fred.stlouisfed.org/graph/fredgraph.csv?id=DTWEXBGS,2026-10-08
dollar_broad,2022-07-19,2022-07-26,122.4819,https://fred.stlouisfed.org/graph/fredgraph.csv?id=DTWEXBGS,2026-10-08
dollar_broad,2022-07-20,2022-07-27,122.5997,https://fred.stlouisfed.org/graph/fredgraph.csv?id=DTWEXBGS,2026-10-08
dollar_broad,2022-07-21,2022-07-28,122.9032,https://fred.stlouisfed.org/graph/fredgraph.csv?id=DTWEXBGS,2026-10-08
dollar_broad,2022-07-22,2022-07-29,122.451,https://fred.stlouisfed.org/graph/fredgraph.csv?id=DTWEXBGS,2026-10-08
dollar_broad,2022-07-25,2022-08-01,122.4594,https://fred.stlouisfed.org/graph/fredgraph.csv?id=DTWEXBGS,2026-10-08
dollar_broad,2022-07-26,2022-08-02,122.7581,https://fred.stlouisfed.org/graph/fredgraph.csv?id=DTWEXBGS,2026-10-08
dollar_broad,2022-07-27,2022-08-03,122.8169,https://fred.stlouisfed.org/graph/fredgraph.csv?id=DTWEXBGS,2026-10-08
dollar_broad,2022-07-28,2022-08-04,122.1161,https://fred.stlouisfed.org/graph/fredgraph.csv?id=DTWEXBGS,2026-10-08
dollar_broad,2022-07-29,2022-08-05,121.7678,https://fred.stlouisfed.org/graph/fredgraph.csv?id=DTWEXBGS,2026-10-08
dollar_broad,2022-08-01,2022-08-08,121.4109,https://fred.stlouisfed.org/graph/fredgraph.csv?id=DTWEXBGS,2026-10-08
dollar_broad,2022-08-02,2022-08-09,121.9486,https://fred.stlouisfed.org/graph/fredgraph.csv?id=DTWEXBGS,2026-10-08
dollar_broad,2022-08-03,2022-08-10,122.3888,https://fred.stlouisfed.org/graph/fredgraph.csv?id=DTWEXBGS,2026-10-08
dollar_broad,2022-08-04,2022-08-11,121.8333,https://fred.stlouisfed.org/graph/fredgraph.csv?id=DTWEXBGS,2026-10-08
dollar_broad,2022-08-05,2022-08-12,122.321,https://fred.stlouisfed.org/graph/fredgraph.csv?id=DTWEXBGS,2026-10-08
dollar_broad,2022-08-08,2022-08-15,121.8783,https://fred.stlouisfed.org/graph/fredgraph.csv?id=DTWEXBGS,2026-10-08
dollar_broad,2022-08-09,2022-08-16,121.8614,https://fred.stlouisfed.org/graph/fredgraph.csv?id=DTWEXBGS,2026-10-08
dollar_broad,2022-08-10,2022-08-17,120.7543,https://fred.stlouisfed.org/graph/fredgraph.csv?id=DTWEXBGS,2026-10-08
dollar_broad,2022-08-11,2022-08-18,120.7163,https://fred.stlouisfed.org/graph/fredgraph.csv?id=DTWEXBGS,2026-10-08
dollar_broad,2022-08-12,2022-08-19,121.018,https://fred.stlouisfed.org/graph/fredgraph.csv?id=DTWEXBGS,2026-10-08
dollar_broad,2022-08-15,2022-08-22,121.4315,https://fred.stlouisfed.org/graph/fredgraph.csv?id=DTWEXBGS,2026-10-08
dollar_broad,2022-08-16,2022-08-23,121.6807,https://fred.stlouisfed.org/graph/fredgraph.csv?id=DTWEXBGS,2026-10-08
dollar_broad,2022-08-17,2022-08-24,122.0711,https://fred.stlouisfed.org/graph/fredgraph.csv?id=DTWEXBGS,2026-10-08
dollar_broad,2022-08-18,2022-08-25,122.3627,https://fred.stlouisfed.org/graph/fredgraph.csv?id=DTWEXBGS,2026-10-08
dollar_broad,2022-08-19,2022-08-26,123.0501,https://fred.stlouisfed.org/graph/fredgraph.csv?id=DTWEXBGS,2026-10-08
dollar_broad,2022-08-22,2022-08-29,123.605,https://fred.stlouisfed.org/graph/fredgraph.csv?id=DTWEXBGS,2026-10-08
dollar_broad,2022-08-23,2022-08-30,123.0547,https://fred.stlouisfed.org/graph/fredgraph.csv?id=DTWEXBGS,2026-10-08
dollar_broad,2022-08-24,2022-08-31,123.109,https://fred.stlouisfed.org/graph/fredgraph.csv?id=DTWEXBGS,2026-10-08
dollar_broad,2022-08-25,2022-09-01,123.0586,https://fred.stlouisfed.org/graph/fredgraph.csv?id=DTWEXBGS,2026-10-08
dollar_broad,2022-08-26,2022-09-02,123.0656,https://fred.stlouisfed.org/graph/fredgraph.csv?id=DTWEXBGS,2026-10-08
dollar_broad,2022-08-29,2022-09-05,123.4686,https://fred.stlouisfed.org/graph/fredgraph.csv?id=DTWEXBGS,2026-10-08
dollar_broad,2022-08-30,2022-09-06,123.6848,https://fred.stlouisfed.org/graph/fredgraph.csv?id=DTWEXBGS,2026-10-08
dollar_broad,2022-08-31,2022-09-07,123.535,https://fred.stlouisfed.org/graph/fredgraph.csv?id=DTWEXBGS,2026-10-08
dollar_broad,2022-09-01,2022-09-08,124.4006,https://fred.stlouisfed.org/graph/fredgraph.csv?id=DTWEXBGS,2026-10-08
dollar_broad,2022-09-02,2022-09-09,123.7743,https://fred.stlouisfed.org/graph/fredgraph.csv?id=DTWEXBGS,2026-10-08
dollar_broad,2022-09-06,2022-09-13,124.767,https://fred.stlouisfed.org/graph/fredgraph.csv?id=DTWEXBGS,2026-10-08
dollar_broad,2022-09-07,2022-09-14,124.8408,https://fred.stlouisfed.org/graph/fredgraph.csv?id=DTWEXBGS,2026-10-08
dollar_broad,2022-09-08,2022-09-15,124.578,https://fred.stlouisfed.org/graph/fredgraph.csv?id=DTWEXBGS,2026-10-08
dollar_broad,2022-09-09,2022-09-16,123.7874,https://fred.stlouisfed.org/graph/fredgraph.csv?id=DTWEXBGS,2026-10-08
dollar_broad,2022-09-12,2022-09-19,123.3332,https://fred.stlouisfed.org/graph/fredgraph.csv?id=DTWEXBGS,2026-10-08
dollar_broad,2022-09-13,2022-09-20,124.4242,https://fred.stlouisfed.org/graph/fredgraph.csv?id=DTWEXBGS,2026-10-08
dollar_broad,2022-09-14,2022-09-21,124.4509,https://fred.stlouisfed.org/graph/fredgraph.csv?id=DTWEXBGS,2026-10-08
dollar_broad,2022-09-15,2022-09-22,124.8843,https://fred.stlouisfed.org/graph/fredgraph.csv?id=DTWEXBGS,2026-10-08
dollar_broad,2022-09-16,2022-09-23,124.8794,https://fred.stlouisfed.org/graph/fredgraph.csv?id=DTWEXBGS,2026-10-08
dollar_broad,2022-09-19,2022-09-26,125.0104,https://fred.stlouisfed.org/graph/fredgraph.csv?id=DTWEXBGS,2026-10-08
dollar_broad,2022-09-20,2022-09-27,125.1248,https://fred.stlouisfed.org/graph/fredgraph.csv?id=DTWEXBGS,2026-10-08
dollar_broad,2022-09-21,2022-09-28,125.7399,https://fred.stlouisfed.org/graph/fredgraph.csv?id=DTWEXBGS,2026-10-08
dollar_broad,2022-09-22,2022-09-29,126.1667,https://fred.stlouisfed.org/graph/fredgraph.csv?id=DTWEXBGS,2026-10-08
dollar_broad,2022-09-23,2022-09-30,127.2853,https://fred.stlouisfed.org/graph/fredgraph.csv?id=DTWEXBGS,2026-10-08
dollar_broad,2022-09-26,2022-10-03,128.4539,https://fred.stlouisfed.org/graph/fredgraph.csv?id=DTWEXBGS,2026-10-08
dollar_broad,2022-09-27,2022-10-04,128.4386,https://fred.stlouisfed.org/graph/fredgraph.csv?id=DTWEXBGS,2026-10-08
dollar_broad,2022-09-28,2022-10-05,128.0884,https://fred.stlouisfed.org/graph/fredgraph.csv?id=DTWEXBGS,2026-10-08
dollar_broad,2022-09-29,2022-10-06,127.5437,https://fred.stlouisfed.org/graph/fredgraph.csv?id=DTWEXBGS,2026-10-08
dollar_broad,2022-09-30,2022-10-07,127.5148,https://fred.stlouisfed.org/graph/fredgraph.csv?id=DTWEXBGS,2026-10-08
dollar_broad,2022-10-03,2022-10-10,127.0813,https://fred.stlouisfed.org/graph/fredgraph.csv?id=DTWEXBGS,2026-10-08
dollar_broad,2022-10-04,2022-10-11,126.1819,https://fred.stlouisfed.org/graph/fredgraph.csv?id=DTWEXBGS,2026-10-08
dollar_broad,2022-10-05,2022-10-12,126.8616,https://fred.stlouisfed.org/graph/fredgraph.csv?id=DTWEXBGS,2026-10-08
dollar_broad,2022-10-06,2022-10-13,127.2493,https://fred.stlouisfed.org/graph/fredgraph.csv?id=DTWEXBGS,2026-10-08
dollar_broad,2022-10-07,2022-10-14,127.3111,https://fred.stlouisfed.org/graph/fredgraph.csv?id=DTWEXBGS,2026-10-08
dollar_broad,2022-10-11,2022-10-18,127.6641,https://fred.stlouisfed.org/graph/fredgraph.csv?id=DTWEXBGS,2026-10-08
dollar_broad,2022-10-12,2022-10-19,128.1481,https://fred.stlouisfed.org/graph/fredgraph.csv?id=DTWEXBGS,2026-10-08
dollar_broad,2022-10-13,2022-10-20,127.7286,https://fred.stlouisfed.org/graph/fredgraph.csv?id=DTWEXBGS,2026-10-08
dollar_broad,2022-10-14,2022-10-21,128.3325,https://fred.stlouisfed.org/graph/fredgraph.csv?id=DTWEXBGS,2026-10-08
dollar_broad,2022-10-17,2022-10-24,127.6448,https://fred.stlouisfed.org/graph/fredgraph.csv?id=DTWEXBGS,2026-10-08
dollar_broad,2022-10-18,2022-10-25,127.9153,https://fred.stlouisfed.org/graph/fredgraph.csv?id=DTWEXBGS,2026-10-08
dollar_broad,2022-10-19,2022-10-26,128.3968,https://fred.stlouisfed.org/graph/fredgraph.csv?id=DTWEXBGS,2026-10-08
dollar_broad,2022-10-20,2022-10-27,128.0052,https://fred.stlouisfed.org/graph/fredgraph.csv?id=DTWEXBGS,2026-10-08
dollar_broad,2022-10-21,2022-10-28,127.6735,https://fred.stlouisfed.org/graph/fredgraph.csv?id=DTWEXBGS,2026-10-08
dollar_broad,2022-10-24,2022-10-31,128.0304,https://fred.stlouisfed.org/graph/fredgraph.csv?id=DTWEXBGS,2026-10-08
dollar_broad,2022-10-25,2022-11-01,127.3771,https://fred.stlouisfed.org/graph/fredgraph.csv?id=DTWEXBGS,2026-10-08
dollar_broad,2022-10-26,2022-11-02,126.4723,https://fred.stlouisfed.org/graph/fredgraph.csv?id=DTWEXBGS,2026-10-08
dollar_broad,2022-10-27,2022-11-03,126.7028,https://fred.stlouisfed.org/graph/fredgraph.csv?id=DTWEXBGS,2026-10-08
dollar_broad,2022-10-28,2022-11-04,127.2135,https://fred.stlouisfed.org/graph/fredgraph.csv?id=DTWEXBGS,2026-10-08
dollar_broad,2022-10-31,2022-11-07,127.6219,https://fred.stlouisfed.org/graph/fredgraph.csv?id=DTWEXBGS,2026-10-08
dollar_broad,2022-11-01,2022-11-08,127.3987,https://fred.stlouisfed.org/graph/fredgraph.csv?id=DTWEXBGS,2026-10-08
dollar_broad,2022-11-02,2022-11-09,127.3115,https://fred.stlouisfed.org/graph/fredgraph.csv?id=DTWEXBGS,2026-10-08
dollar_broad,2022-11-03,2022-11-10,128.1743,https://fred.stlouisfed.org/graph/fredgraph.csv?id=DTWEXBGS,2026-10-08
dollar_broad,2022-11-04,2022-11-11,127.1468,https://fred.stlouisfed.org/graph/fredgraph.csv?id=DTWEXBGS,2026-10-08
dollar_broad,2022-11-07,2022-11-14,126.3062,https://fred.stlouisfed.org/graph/fredgraph.csv?id=DTWEXBGS,2026-10-08
dollar_broad,2022-11-08,2022-11-15,125.633,https://fred.stlouisfed.org/graph/fredgraph.csv?id=DTWEXBGS,2026-10-08
dollar_broad,2022-11-09,2022-11-16,125.9861,https://fred.stlouisfed.org/graph/fredgraph.csv?id=DTWEXBGS,2026-10-08
dollar_broad,2022-11-10,2022-11-17,124.7044,https://fred.stlouisfed.org/graph/fredgraph.csv?id=DTWEXBGS,2026-10-08
dollar_broad,2022-11-14,2022-11-21,123.4277,https://fred.stlouisfed.org/graph/fredgraph.csv?id=DTWEXBGS,2026-10-08
dollar_broad,2022-11-15,2022-11-22,123.039,https://fred.stlouisfed.org/graph/fredgraph.csv?id=DTWEXBGS,2026-10-08
dollar_broad,2022-11-16,2022-11-23,123.2817,https://fred.stlouisfed.org/graph/fredgraph.csv?id=DTWEXBGS,2026-10-08
dollar_broad,2022-11-17,2022-11-24,123.977,https://fred.stlouisfed.org/graph/fredgraph.csv?id=DTWEXBGS,2026-10-08
dollar_broad,2022-11-18,2022-11-25,123.8524,https://fred.stlouisfed.org/graph/fredgraph.csv?id=DTWEXBGS,2026-10-08
dollar_broad,2022-11-21,2022-11-28,124.7009,https://fred.stlouisfed.org/graph/fredgraph.csv?id=DTWEXBGS,2026-10-08
dollar_broad,2022-11-22,2022-11-29,124.2365,https://fred.stlouisfed.org/graph/fredgraph.csv?id=DTWEXBGS,2026-10-08
dollar_broad,2022-11-23,2022-11-30,123.7574,https://fred.stlouisfed.org/graph/fredgraph.csv?id=DTWEXBGS,2026-10-08
dollar_broad,2022-11-25,2022-12-02,123.3386,https://fred.stlouisfed.org/graph/fredgraph.csv?id=DTWEXBGS,2026-10-08
dollar_broad,2022-11-28,2022-12-05,123.6032,https://fred.stlouisfed.org/graph/fredgraph.csv?id=DTWEXBGS,2026-10-08
dollar_broad,2022-11-29,2022-12-06,123.6615,https://fred.stlouisfed.org/graph/fredgraph.csv?id=DTWEXBGS,2026-10-08
dollar_broad,2022-11-30,2022-12-07,123.5175,https://fred.stlouisfed.org/graph/fredgraph.csv?id=DTWEXBGS,2026-10-08
dollar_broad,2022-12-01,2022-12-08,122.0045,https://fred.stlouisfed.org/graph/fredgraph.csv?id=DTWEXBGS,2026-10-08
dollar_broad,2022-12-02,2022-12-09,122.0102,https://fred.stlouisfed.org/graph/fredgraph.csv?id=DTWEXBGS,2026-10-08
dollar_broad,2022-12-05,2022-12-12,122.6384,https://fred.stlouisfed.org/graph/fredgraph.csv?id=DTWEXBGS,2026-10-08
dollar_broad,2022-12-06,2022-12-13,123.0191,https://fred.stlouisfed.org/graph/fredgraph.csv?id=DTWEXBGS,2026-10-08
dollar_broad,2022-12-07,2022-12-14,122.7608,https://fred.stlouisfed.org/graph/fredgraph.csv?id=DTWEXBGS,2026-10-08
dollar_broad,2022-12-08,2022-12-15,122.4152,https://fred.stlouisfed.org/graph/fredgraph.csv?id=DTWEXBGS,2026-10-08
dollar_broad,2022-12-09,2022-12-16,122.4201,https://fred.stlouisfed.org/graph/fredgraph.csv?id=DTWEXBGS,2026-10-08
dollar_broad,2022-12-12,2022-12-19,122.7714,https://fred.stlouisfed.org/graph/fredgraph.csv?id=DTWEXBGS,2026-10-08
dollar_broad,2022-12-13,2022-12-20,121.8493,https://fred.stlouisfed.org/graph/fredgraph.csv?id=DTWEXBGS,2026-10-08
dollar_broad,2022-12-14,2022-12-21,121.8226,https://fred.stlouisfed.org/graph/fredgraph.csv?id=DTWEXBGS,2026-10-08
dollar_broad,2022-12-15,2022-12-22,122.5519,https://fred.stlouisfed.org/graph/fredgraph.csv?id=DTWEXBGS,2026-10-08
dollar_broad,2022-12-16,2022-12-23,122.6505,https://fred.stlouisfed.org/graph/fredgraph.csv?id=DTWEXBGS,2026-10-08
dollar_broad,2022-12-19,2022-12-26,122.5275,https://fred.stlouisfed.org/graph/fredgraph.csv?id=DTWEXBGS,2026-10-08
dollar_broad,2022-12-20,2022-12-27,122.1357,https://fred.stlouisfed.org/graph/fredgraph.csv?id=DTWEXBGS,2026-10-08
dollar_broad,2022-12-21,2022-12-28,122.2828,https://fred.stlouisfed.org/graph/fredgraph.csv?id=DTWEXBGS,2026-10-08
dollar_broad,2022-12-22,2022-12-29,122.2419,https://fred.stlouisfed.org/graph/fredgraph.csv?id=DTWEXBGS,2026-10-08
dollar_broad,2022-12-23,2022-12-30,121.9743,https://fred.stlouisfed.org/graph/fredgraph.csv?id=DTWEXBGS,2026-10-08
dollar_broad,2022-12-27,2023-01-03,121.7539,https://fred.stlouisfed.org/graph/fredgraph.csv?id=DTWEXBGS,2026-10-08
dollar_broad,2022-12-28,2023-01-04,122.0075,https://fred.stlouisfed.org/graph/fredgraph.csv?id=DTWEXBGS,2026-10-08
dollar_broad,2022-12-29,2023-01-05,121.6577,https://fred.stlouisfed.org/graph/fredgraph.csv?id=DTWEXBGS,2026-10-08
dollar_broad,2022-12-30,2023-01-06,121.4256,https://fred.stlouisfed.org/graph/fredgraph.csv?id=DTWEXBGS,2026-10-08
dollar_broad,2023-01-03,2023-01-10,122.0905,https://fred.stlouisfed.org/graph/fredgraph.csv?id=DTWEXBGS,2026-10-08
dollar_broad,2023-01-04,2023-01-11,121.5008,https://fred.stlouisfed.org/graph/fredgraph.csv?id=DTWEXBGS,2026-10-08
dollar_broad,2023-01-05,2023-01-12,122.1017,https://fred.stlouisfed.org/graph/fredgraph.csv?id=DTWEXBGS,2026-10-08
dollar_broad,2023-01-06,2023-01-13,121.0852,https://fred.stlouisfed.org/graph/fredgraph.csv?id=DTWEXBGS,2026-10-08
dollar_broad,2023-01-09,2023-01-16,120.1508,https://fred.stlouisfed.org/graph/fredgraph.csv?id=DTWEXBGS,2026-10-08
dollar_broad,2023-01-10,2023-01-17,120.2483,https://fred.stlouisfed.org/graph/fredgraph.csv?id=DTWEXBGS,2026-10-08
dollar_broad,2023-01-11,2023-01-18,120.1614,https://fred.stlouisfed.org/graph/fredgraph.csv?id=DTWEXBGS,2026-10-08
dollar_broad,2023-01-12,2023-01-19,119.4218,https://fred.stlouisfed.org/graph/fredgraph.csv?id=DTWEXBGS,2026-10-08
dollar_broad,2023-01-13,2023-01-20,119.1673,https://fred.stlouisfed.org/graph/fredgraph.csv?id=DTWEXBGS,2026-10-08
dollar_broad,2023-01-17,2023-01-24,119.2121,https://fred.stlouisfed.org/graph/fredgraph.csv?id=DTWEXBGS,2026-10-08
dollar_broad,2023-01-18,2023-01-25,119.0755,https://fred.stlouisfed.org/graph/fredgraph.csv?id=DTWEXBGS,2026-10-08
dollar_broad,2023-01-19,2023-01-26,119.6107,https://fred.stlouisfed.org/graph/fredgraph.csv?id=DTWEXBGS,2026-10-08
dollar_broad,2023-01-20,2023-01-27,119.3486,https://fred.stlouisfed.org/graph/fredgraph.csv?id=DTWEXBGS,2026-10-08
dollar_broad,2023-01-23,2023-01-30,119.1434,https://fred.stlouisfed.org/graph/fredgraph.csv?id=DTWEXBGS,2026-10-08
dollar_broad,2023-01-24,2023-01-31,119.0958,https://fred.stlouisfed.org/graph/fredgraph.csv?id=DTWEXBGS,2026-10-08
dollar_broad,2023-01-25,2023-02-01,118.9686,https://fred.stlouisfed.org/graph/fredgraph.csv?id=DTWEXBGS,2026-10-08
dollar_broad,2023-01-26,2023-02-02,119.021,https://fred.stlouisfed.org/graph/fredgraph.csv?id=DTWEXBGS,2026-10-08
dollar_broad,2023-01-27,2023-02-03,118.9223,https://fred.stlouisfed.org/graph/fredgraph.csv?id=DTWEXBGS,2026-10-08
dollar_broad,2023-01-30,2023-02-06,118.8953,https://fred.stlouisfed.org/graph/fredgraph.csv?id=DTWEXBGS,2026-10-08
dollar_broad,2023-01-31,2023-02-07,118.9802,https://fred.stlouisfed.org/graph/fredgraph.csv?id=DTWEXBGS,2026-10-08
dollar_broad,2023-02-01,2023-02-08,118.6259,https://fred.stlouisfed.org/graph/fredgraph.csv?id=DTWEXBGS,2026-10-08
dollar_broad,2023-02-02,2023-02-09,118.3421,https://fred.stlouisfed.org/graph/fredgraph.csv?id=DTWEXBGS,2026-10-08
dollar_broad,2023-02-03,2023-02-10,119.5095,https://fred.stlouisfed.org/graph/fredgraph.csv?id=DTWEXBGS,2026-10-08
dollar_broad,2023-02-06,2023-02-13,120.541,https://fred.stlouisfed.org/graph/fredgraph.csv?id=DTWEXBGS,2026-10-08
dollar_broad,2023-02-07,2023-02-14,120.3475,https://fred.stlouisfed.org/graph/fredgraph.csv?id=DTWEXBGS,2026-10-08
dollar_broad,2023-02-08,2023-02-15,120.1436,https://fred.stlouisfed.org/graph/fredgraph.csv?id=DTWEXBGS,2026-10-08
dollar_broad,2023-02-09,2023-02-16,119.9781,https://fred.stlouisfed.org/graph/fredgraph.csv?id=DTWEXBGS,2026-10-08
dollar_broad,2023-02-10,2023-02-17,120.1419,https://fred.stlouisfed.org/graph/fredgraph.csv?id=DTWEXBGS,2026-10-08
dollar_broad,2023-02-13,2023-02-20,119.9828,https://fred.stlouisfed.org/graph/fredgraph.csv?id=DTWEXBGS,2026-10-08
dollar_broad,2023-02-14,2023-02-21,119.9229,https://fred.stlouisfed.org/graph/fredgraph.csv?id=DTWEXBGS,2026-10-08
dollar_broad,2023-02-15,2023-02-22,120.4557,https://fred.stlouisfed.org/graph/fredgraph.csv?id=DTWEXBGS,2026-10-08
dollar_broad,2023-02-16,2023-02-23,120.4651,https://fred.stlouisfed.org/graph/fredgraph.csv?id=DTWEXBGS,2026-10-08
dollar_broad,2023-02-17,2023-02-24,120.5526,https://fred.stlouisfed.org/graph/fredgraph.csv?id=DTWEXBGS,2026-10-08
dollar_broad,2023-02-21,2023-02-28,120.6256,https://fred.stlouisfed.org/graph/fredgraph.csv?id=DTWEXBGS,2026-10-08
dollar_broad,2023-02-22,2023-03-01,120.8389,https://fred.stlouisfed.org/graph/fredgraph.csv?id=DTWEXBGS,2026-10-08
dollar_broad,2023-02-23,2023-03-02,121.0896,https://fred.stlouisfed.org/graph/fredgraph.csv?id=DTWEXBGS,2026-10-08
dollar_broad,2023-02-24,2023-03-03,121.5681,https://fred.stlouisfed.org/graph/fredgraph.csv?id=DTWEXBGS,2026-10-08
dollar_broad,2023-02-27,2023-03-06,121.3941,https://fred.stlouisfed.org/graph/fredgraph.csv?id=DTWEXBGS,2026-10-08
dollar_broad,2023-02-28,2023-03-07,121.3341,https://fred.stlouisfed.org/graph/fredgraph.csv?id=DTWEXBGS,2026-10-08
dollar_broad,2023-03-01,2023-03-08,120.6347,https://fred.stlouisfed.org/graph/fredgraph.csv?id=DTWEXBGS,2026-10-08
dollar_broad,2023-03-02,2023-03-09,121.1302,https://fred.stlouisfed.org/graph/fredgraph.csv?id=DTWEXBGS,2026-10-08
dollar_broad,2023-03-03,2023-03-10,120.7742,https://fred.stlouisfed.org/graph/fredgraph.csv?id=DTWEXBGS,2026-10-08
dollar_broad,2023-03-06,2023-03-13,120.485,https://fred.stlouisfed.org/graph/fredgraph.csv?id=DTWEXBGS,2026-10-08
dollar_broad,2023-03-07,2023-03-14,121.4623,https://fred.stlouisfed.org/graph/fredgraph.csv?id=DTWEXBGS,2026-10-08
dollar_broad,2023-03-08,2023-03-15,121.4511,https://fred.stlouisfed.org/graph/fredgraph.csv?id=DTWEXBGS,2026-10-08
dollar_broad,2023-03-09,2023-03-16,121.4458,https://fred.stlouisfed.org/graph/fredgraph.csv?id=DTWEXBGS,2026-10-08
dollar_broad,2023-03-10,2023-03-17,121.2421,https://fred.stlouisfed.org/graph/fredgraph.csv?id=DTWEXBGS,2026-10-08
dollar_broad,2023-03-13,2023-03-20,120.8897,https://fred.stlouisfed.org/graph/fredgraph.csv?id=DTWEXBGS,2026-10-08
dollar_broad,2023-03-14,2023-03-21,121.0141,https://fred.stlouisfed.org/graph/fredgraph.csv?id=DTWEXBGS,2026-10-08
dollar_broad,2023-03-15,2023-03-22,122.1079,https://fred.stlouisfed.org/graph/fredgraph.csv?id=DTWEXBGS,2026-10-08
dollar_broad,2023-03-16,2023-03-23,121.7221,https://fred.stlouisfed.org/graph/fredgraph.csv?id=DTWEXBGS,2026-10-08
dollar_broad,2023-03-17,2023-03-24,121.5643,https://fred.stlouisfed.org/graph/fredgraph.csv?id=DTWEXBGS,2026-10-08
dollar_broad,2023-03-20,2023-03-27,121.0141,https://fred.stlouisfed.org/graph/fredgraph.csv?id=DTWEXBGS,2026-10-08
dollar_broad,2023-03-21,2023-03-28,120.8958,https://fred.stlouisfed.org/graph/fredgraph.csv?id=DTWEXBGS,2026-10-08
dollar_broad,2023-03-22,2023-03-29,120.6217,https://fred.stlouisfed.org/graph/fredgraph.csv?id=DTWEXBGS,2026-10-08
dollar_broad,2023-03-23,2023-03-30,119.7587,https://fred.stlouisfed.org/graph/fredgraph.csv?id=DTWEXBGS,2026-10-08
dollar_broad,2023-03-24,2023-03-31,120.4598,https://fred.stlouisfed.org/graph/fredgraph.csv?id=DTWEXBGS,2026-10-08
dollar_broad,2023-03-27,2023-04-03,120.2541,https://fred.stlouisfed.org/graph/fredgraph.csv?id=DTWEXBGS,2026-10-08
dollar_broad,2023-03-28,2023-04-04,119.7138,https://fred.stlouisfed.org/graph/fredgraph.csv?id=DTWEXBGS,2026-10-08
dollar_broad,2023-03-29,2023-04-05,119.7258,https://fred.stlouisfed.org/graph/fredgraph.csv?id=DTWEXBGS,2026-10-08
dollar_broad,2023-03-30,2023-04-06,119.4078,https://fred.stlouisfed.org/graph/fredgraph.csv?id=DTWEXBGS,2026-10-08
dollar_broad,2023-03-31,2023-04-07,119.3602,https://fred.stlouisfed.org/graph/fredgraph.csv?id=DTWEXBGS,2026-10-08
dollar_broad,2023-04-03,2023-04-10,119.3204,https://fred.stlouisfed.org/graph/fredgraph.csv?id=DTWEXBGS,2026-10-08
dollar_broad,2023-04-04,2023-04-11,119.142,https://fred.stlouisfed.org/graph/fredgraph.csv?id=DTWEXBGS,2026-10-08
dollar_broad,2023-04-05,2023-04-12,119.2953,https://fred.stlouisfed.org/graph/fredgraph.csv?id=DTWEXBGS,2026-10-08
dollar_broad,2023-04-06,2023-04-13,119.3072,https://fred.stlouisfed.org/graph/fredgraph.csv?id=DTWEXBGS,2026-10-08
dollar_broad,2023-04-07,2023-04-14,119.3547,https://fred.stlouisfed.org/graph/fredgraph.csv?id=DTWEXBGS,2026-10-08
dollar_broad,2023-04-10,2023-04-17,119.7948,https://fred.stlouisfed.org/graph/fredgraph.csv?id=DTWEXBGS,2026-10-08
dollar_broad,2023-04-11,2023-04-18,119.5248,https://fred.stlouisfed.org/graph/fredgraph.csv?id=DTWEXBGS,2026-10-08
dollar_broad,2023-04-12,2023-04-19,119.003,https://fred.stlouisfed.org/graph/fredgraph.csv?id=DTWEXBGS,2026-10-08
dollar_broad,2023-04-13,2023-04-20,118.3915,https://fred.stlouisfed.org/graph/fredgraph.csv?id=DTWEXBGS,2026-10-08
dollar_broad,2023-04-14,2023-04-21,118.8567,https://fred.stlouisfed.org/graph/fredgraph.csv?id=DTWEXBGS,2026-10-08
dollar_broad,2023-04-17,2023-04-24,119.2787,https://fred.stlouisfed.org/graph/fredgraph.csv?id=DTWEXBGS,2026-10-08
dollar_broad,2023-04-18,2023-04-25,119.1049,https://fred.stlouisfed.org/graph/fredgraph.csv?id=DTWEXBGS,2026-10-08
dollar_broad,2023-04-19,2023-04-26,119.303,https://fred.stlouisfed.org/graph/fredgraph.csv?id=DTWEXBGS,2026-10-08
dollar_broad,2023-04-20,2023-04-27,119.1199,https://fred.stlouisfed.org/graph/fredgraph.csv?id=DTWEXBGS,2026-10-08
dollar_broad,2023-04-21,2023-04-28,119.3117,https://fred.stlouisfed.org/graph/fredgraph.csv?id=DTWEXBGS,2026-10-08
dollar_broad,2023-04-24,2023-05-01,119.2039,https://fred.stlouisfed.org/graph/fredgraph.csv?id=DTWEXBGS,2026-10-08
dollar_broad,2023-04-25,2023-05-02,119.613,https://fred.stlouisfed.org/graph/fredgraph.csv?id=DTWEXBGS,2026-10-08
dollar_broad,2023-04-26,2023-05-03,119.3228,https://fred.stlouisfed.org/graph/fredgraph.csv?id=DTWEXBGS,2026-10-08
dollar_broad,2023-04-27,2023-05-04,119.4298,https://fred.stlouisfed.org/graph/fredgraph.csv?id=DTWEXBGS,2026-10-08
dollar_broad,2023-04-28,2023-05-05,119.2248,https://fred.stlouisfed.org/graph/fredgraph.csv?id=DTWEXBGS,2026-10-08
dollar_broad,2023-05-01,2023-05-08,119.4435,https://fred.stlouisfed.org/graph/fredgraph.csv?id=DTWEXBGS,2026-10-08
dollar_broad,2023-05-02,2023-05-09,119.6105,https://fred.stlouisfed.org/graph/fredgraph.csv?id=DTWEXBGS,2026-10-08
dollar_broad,2023-05-03,2023-05-10,119.1233,https://fred.stlouisfed.org/graph/fredgraph.csv?id=DTWEXBGS,2026-10-08
dollar_broad,2023-05-04,2023-05-11,119.0465,https://fred.stlouisfed.org/graph/fredgraph.csv?id=DTWEXBGS,2026-10-08
dollar_broad,2023-05-05,2023-05-12,118.5548,https://fred.stlouisfed.org/graph/fredgraph.csv?id=DTWEXBGS,2026-10-08
dollar_broad,2023-05-08,2023-05-15,118.5759,https://fred.stlouisfed.org/graph/fredgraph.csv?id=DTWEXBGS,2026-10-08
dollar_broad,2023-05-09,2023-05-16,118.8239,https://fred.stlouisfed.org/graph/fredgraph.csv?id=DTWEXBGS,2026-10-08
dollar_broad,2023-05-10,2023-05-17,118.5864,https://fred.stlouisfed.org/graph/fredgraph.csv?id=DTWEXBGS,2026-10-08
dollar_broad,2023-05-11,2023-05-18,119.0303,https://fred.stlouisfed.org/graph/fredgraph.csv?id=DTWEXBGS,2026-10-08
dollar_broad,2023-05-12,2023-05-19,119.3671,https://fred.stlouisfed.org/graph/fredgraph.csv?id=DTWEXBGS,2026-10-08
dollar_broad,2023-05-15,2023-05-22,119.1608,https://fred.stlouisfed.org/graph/fredgraph.csv?id=DTWEXBGS,2026-10-08
dollar_broad,2023-05-16,2023-05-23,119.1743,https://fred.stlouisfed.org/graph/fredgraph.csv?id=DTWEXBGS,2026-10-08
dollar_broad,2023-05-17,2023-05-24,119.607,https://fred.stlouisfed.org/graph/fredgraph.csv?id=DTWEXBGS,2026-10-08
dollar_broad,2023-05-18,2023-05-25,120.0886,https://fred.stlouisfed.org/graph/fredgraph.csv?id=DTWEXBGS,2026-10-08
dollar_broad,2023-05-19,2023-05-26,119.7751,https://fred.stlouisfed.org/graph/fredgraph.csv?id=DTWEXBGS,2026-10-08
dollar_broad,2023-05-22,2023-05-29,120.0875,https://fred.stlouisfed.org/graph/fredgraph.csv?id=DTWEXBGS,2026-10-08
dollar_broad,2023-05-23,2023-05-30,120.3204,https://fred.stlouisfed.org/graph/fredgraph.csv?id=DTWEXBGS,2026-10-08
dollar_broad,2023-05-24,2023-05-31,120.4752,https://fred.stlouisfed.org/graph/fredgraph.csv?id=DTWEXBGS,2026-10-08
dollar_broad,2023-05-25,2023-06-01,120.8413,https://fred.stlouisfed.org/graph/fredgraph.csv?id=DTWEXBGS,2026-10-08
dollar_broad,2023-05-26,2023-06-02,120.6304,https://fred.stlouisfed.org/graph/fredgraph.csv?id=DTWEXBGS,2026-10-08
dollar_broad,2023-05-30,2023-06-06,120.5546,https://fred.stlouisfed.org/graph/fredgraph.csv?id=DTWEXBGS,2026-10-08
dollar_broad,2023-05-31,2023-06-07,120.9662,https://fred.stlouisfed.org/graph/fredgraph.csv?id=DTWEXBGS,2026-10-08
dollar_broad,2023-06-01,2023-06-08,120.0491,https://fred.stlouisfed.org/graph/fredgraph.csv?id=DTWEXBGS,2026-10-08
dollar_broad,2023-06-02,2023-06-09,120.0049,https://fred.stlouisfed.org/graph/fredgraph.csv?id=DTWEXBGS,2026-10-08
dollar_broad,2023-06-05,2023-06-12,120.0048,https://fred.stlouisfed.org/graph/fredgraph.csv?id=DTWEXBGS,2026-10-08
dollar_broad,2023-06-06,2023-06-13,119.9718,https://fred.stlouisfed.org/graph/fredgraph.csv?id=DTWEXBGS,2026-10-08
dollar_broad,2023-06-07,2023-06-14,119.859,https://fred.stlouisfed.org/graph/fredgraph.csv?id=DTWEXBGS,2026-10-08
dollar_broad,2023-06-08,2023-06-15,119.5712,https://fred.stlouisfed.org/graph/fredgraph.csv?id=DTWEXBGS,2026-10-08
dollar_broad,2023-06-09,2023-06-16,119.4322,https://fred.stlouisfed.org/graph/fredgraph.csv?id=DTWEXBGS,2026-10-08
dollar_broad,2023-06-12,2023-06-19,119.6376,https://fred.stlouisfed.org/graph/fredgraph.csv?id=DTWEXBGS,2026-10-08
dollar_broad,2023-06-13,2023-06-20,119.1899,https://fred.stlouisfed.org/graph/fredgraph.csv?id=DTWEXBGS,2026-10-08
dollar_broad,2023-06-14,2023-06-21,118.776,https://fred.stlouisfed.org/graph/fredgraph.csv?id=DTWEXBGS,2026-10-08
dollar_broad,2023-06-15,2023-06-22,118.5521,https://fred.stlouisfed.org/graph/fredgraph.csv?id=DTWEXBGS,2026-10-08
dollar_broad,2023-06-16,2023-06-23,118.4184,https://fred.stlouisfed.org/graph/fredgraph.csv?id=DTWEXBGS,2026-10-08
dollar_broad,2023-06-20,2023-06-27,118.938,https://fred.stlouisfed.org/graph/fredgraph.csv?id=DTWEXBGS,2026-10-08
dollar_broad,2023-06-21,2023-06-28,118.727,https://fred.stlouisfed.org/graph/fredgraph.csv?id=DTWEXBGS,2026-10-08
dollar_broad,2023-06-22,2023-06-29,118.7552,https://fred.stlouisfed.org/graph/fredgraph.csv?id=DTWEXBGS,2026-10-08
dollar_broad,2023-06-23,2023-06-30,119.152,https://fred.stlouisfed.org/graph/fredgraph.csv?id=DTWEXBGS,2026-10-08
dollar_broad,2023-06-26,2023-07-03,119.0761,https://fred.stlouisfed.org/graph/fredgraph.csv?id=DTWEXBGS,2026-10-08
dollar_broad,2023-06-27,2023-07-04,118.8949,https://fred.stlouisfed.org/graph/fredgraph.csv?id=DTWEXBGS,2026-10-08
dollar_broad,2023-06-28,2023-07-05,119.3382,https://fred.stlouisfed.org/graph/fredgraph.csv?id=DTWEXBGS,2026-10-08
dollar_broad,2023-06-29,2023-07-06,119.527,https://fred.stlouisfed.org/graph/fredgraph.csv?id=DTWEXBGS,2026-10-08
dollar_broad,2023-06-30,2023-07-07,119.3606,https://fred.stlouisfed.org/graph/fredgraph.csv?id=DTWEXBGS,2026-10-08
dollar_broad,2023-07-03,2023-07-10,119.2119,https://fred.stlouisfed.org/graph/fredgraph.csv?id=DTWEXBGS,2026-10-08
dollar_broad,2023-07-05,2023-07-12,119.3483,https://fred.stlouisfed.org/graph/fredgraph.csv?id=DTWEXBGS,2026-10-08
dollar_broad,2023-07-06,2023-07-13,119.8193,https://fred.stlouisfed.org/graph/fredgraph.csv?id=DTWEXBGS,2026-10-08
dollar_broad,2023-07-07,2023-07-14,119.0761,https://fred.stlouisfed.org/graph/fredgraph.csv?id=DTWEXBGS,2026-10-08
dollar_broad,2023-07-10,2023-07-17,118.9548,https://fred.stlouisfed.org/graph/fredgraph.csv?id=DTWEXBGS,2026-10-08
dollar_broad,2023-07-11,2023-07-18,118.7344,https://fred.stlouisfed.org/graph/fredgraph.csv?id=DTWEXBGS,2026-10-08
dollar_broad,2023-07-12,2023-07-19,117.6385,https://fred.stlouisfed.org/graph/fredgraph.csv?id=DTWEXBGS,2026-10-08
dollar_broad,2023-07-13,2023-07-20,117.1831,https://fred.stlouisfed.org/graph/fredgraph.csv?id=DTWEXBGS,2026-10-08
dollar_broad,2023-07-14,2023-07-21,117.0463,https://fred.stlouisfed.org/graph/fredgraph.csv?id=DTWEXBGS,2026-10-08
dollar_broad,2023-07-17,2023-07-24,117.1267,https://fred.stlouisfed.org/graph/fredgraph.csv?id=DTWEXBGS,2026-10-08
dollar_broad,2023-07-18,2023-07-25,117.0264,https://fred.stlouisfed.org/graph/fredgraph.csv?id=DTWEXBGS,2026-10-08
dollar_broad,2023-07-19,2023-07-26,117.3462,https://fred.stlouisfed.org/graph/fredgraph.csv?id=DTWEXBGS,2026-10-08
dollar_broad,2023-07-20,2023-07-27,117.5947,https://fred.stlouisfed.org/graph/fredgraph.csv?id=DTWEXBGS,2026-10-08
dollar_broad,2023-07-21,2023-07-28,117.9418,https://fred.stlouisfed.org/graph/fredgraph.csv?id=DTWEXBGS,2026-10-08
dollar_broad,2023-07-24,2023-07-31,117.8124,https://fred.stlouisfed.org/graph/fredgraph.csv?id=DTWEXBGS,2026-10-08
dollar_broad,2023-07-25,2023-08-01,117.8565,https://fred.stlouisfed.org/graph/fredgraph.csv?id=DTWEXBGS,2026-10-08
dollar_broad,2023-07-26,2023-08-02,117.76,https://fred.stlouisfed.org/graph/fredgraph.csv?id=DTWEXBGS,2026-10-08
dollar_broad,2023-07-27,2023-08-03,117.8938,https://fred.stlouisfed.org/graph/fredgraph.csv?id=DTWEXBGS,2026-10-08
dollar_broad,2023-07-28,2023-08-04,117.788,https://fred.stlouisfed.org/graph/fredgraph.csv?id=DTWEXBGS,2026-10-08
dollar_broad,2023-07-31,2023-08-07,117.8241,https://fred.stlouisfed.org/graph/fredgraph.csv?id=DTWEXBGS,2026-10-08
dollar_broad,2023-08-01,2023-08-08,118.5738,https://fred.stlouisfed.org/graph/fredgraph.csv?id=DTWEXBGS,2026-10-08
dollar_broad,2023-08-02,2023-08-09,119.1268,https://fred.stlouisfed.org/graph/fredgraph.csv?id=DTWEXBGS,2026-10-08
dollar_broad,2023-08-03,2023-08-10,119.3963,https://fred.stlouisfed.org/graph/fredgraph.csv?id=DTWEXBGS,2026-10-08
dollar_broad,2023-08-04,2023-08-11,118.821,https://fred.stlouisfed.org/graph/fredgraph.csv?id=DTWEXBGS,2026-10-08
dollar_broad,2023-08-07,2023-08-14,119.0809,https://fred.stlouisfed.org/graph/fredgraph.csv?id=DTWEXBGS,2026-10-08
dollar_broad,2023-08-08,2023-08-15,119.6407,https://fred.stlouisfed.org/graph/fredgraph.csv?id=DTWEXBGS,2026-10-08
dollar_broad,2023-08-09,2023-08-16,119.476,https://fred.stlouisfed.org/graph/fredgraph.csv?id=DTWEXBGS,2026-10-08
dollar_broad,2023-08-10,2023-08-17,119.1581,https://fred.stlouisfed.org/graph/fredgraph.csv?id=DTWEXBGS,2026-10-08
dollar_broad,2023-08-11,2023-08-18,119.6268,https://fred.stlouisfed.org/graph/fredgraph.csv?id=DTWEXBGS,2026-10-08
dollar_broad,2023-08-14,2023-08-21,120.0725,https://fred.stlouisfed.org/graph/fredgraph.csv?id=DTWEXBGS,2026-10-08
dollar_broad,2023-08-15,2023-08-22,120.2127,https://fred.stlouisfed.org/graph/fredgraph.csv?id=DTWEXBGS,2026-10-08
dollar_broad,2023-08-16,2023-08-23,120.3551,https://fred.stlouisfed.org/graph/fredgraph.csv?id=DTWEXBGS,2026-10-08
dollar_broad,2023-08-17,2023-08-24,120.5242,https://fred.stlouisfed.org/graph/fredgraph.csv?id=DTWEXBGS,2026-10-08
dollar_broad,2023-08-18,2023-08-25,120.4321,https://fred.stlouisfed.org/graph/fredgraph.csv?id=DTWEXBGS,2026-10-08
dollar_broad,2023-08-21,2023-08-28,120.4627,https://fred.stlouisfed.org/graph/fredgraph.csv?id=DTWEXBGS,2026-10-08
dollar_broad,2023-08-22,2023-08-29,120.3554,https://fred.stlouisfed.org/graph/fredgraph.csv?id=DTWEXBGS,2026-10-08
dollar_broad,2023-08-23,2023-08-30,120.0307,https://fred.stlouisfed.org/graph/fredgraph.csv?id=DTWEXBGS,2026-10-08
dollar_broad,2023-08-24,2023-08-31,120.2354,https://fred.stlouisfed.org/graph/fredgraph.csv?id=DTWEXBGS,2026-10-08
dollar_broad,2023-08-25,2023-09-01,120.5137,https://fred.stlouisfed.org/graph/fredgraph.csv?id=DTWEXBGS,2026-10-08
dollar_broad,2023-08-28,2023-09-04,120.3155,https://fred.stlouisfed.org/graph/fredgraph.csv?id=DTWEXBGS,2026-10-08
dollar_broad,2023-08-29,2023-09-05,120.2669,https://fred.stlouisfed.org/graph/fredgraph.csv?id=DTWEXBGS,2026-10-08
dollar_broad,2023-08-30,2023-09-06,119.7937,https://fred.stlouisfed.org/graph/fredgraph.csv?id=DTWEXBGS,2026-10-08
dollar_broad,2023-08-31,2023-09-07,120.225,https://fred.stlouisfed.org/graph/fredgraph.csv?id=DTWEXBGS,2026-10-08
dollar_broad,2023-09-01,2023-09-08,120.759,https://fred.stlouisfed.org/graph/fredgraph.csv?id=DTWEXBGS,2026-10-08
dollar_broad,2023-09-05,2023-09-12,121.4345,https://fred.stlouisfed.org/graph/fredgraph.csv?id=DTWEXBGS,2026-10-08
dollar_broad,2023-09-06,2023-09-13,121.8671,https://fred.stlouisfed.org/graph/fredgraph.csv?id=DTWEXBGS,2026-10-08
dollar_broad,2023-09-07,2023-09-14,121.9528,https://fred.stlouisfed.org/graph/fredgraph.csv?id=DTWEXBGS,2026-10-08
dollar_broad,2023-09-08,2023-09-15,121.9475,https://fred.stlouisfed.org/graph/fredgraph.csv?id=DTWEXBGS,2026-10-08
dollar_broad,2023-09-11,2023-09-18,121.3386,https://fred.stlouisfed.org/graph/fredgraph.csv?id=DTWEXBGS,2026-10-08
dollar_broad,2023-09-12,2023-09-19,121.2913,https://fred.stlouisfed.org/graph/fredgraph.csv?id=DTWEXBGS,2026-10-08
dollar_broad,2023-09-13,2023-09-20,121.0549,https://fred.stlouisfed.org/graph/fredgraph.csv?id=DTWEXBGS,2026-10-08
dollar_broad,2023-09-14,2023-09-21,121.2395,https://fred.stlouisfed.org/graph/fredgraph.csv?id=DTWEXBGS,2026-10-08
dollar_broad,2023-09-15,2023-09-22,121.199,https://fred.stlouisfed.org/graph/fredgraph.csv?id=DTWEXBGS,2026-10-08
dollar_broad,2023-09-18,2023-09-25,121.1938,https://fred.stlouisfed.org/graph/fredgraph.csv?id=DTWEXBGS,2026-10-08
dollar_broad,2023-09-19,2023-09-26,121.1645,https://fred.stlouisfed.org/graph/fredgraph.csv?id=DTWEXBGS,2026-10-08
dollar_broad,2023-09-20,2023-09-27,120.9648,https://fred.stlouisfed.org/graph/fredgraph.csv?id=DTWEXBGS,2026-10-08
dollar_broad,2023-09-21,2023-09-28,121.5528,https://fred.stlouisfed.org/graph/fredgraph.csv?id=DTWEXBGS,2026-10-08
dollar_broad,2023-09-22,2023-09-29,121.5306,https://fred.stlouisfed.org/graph/fredgraph.csv?id=DTWEXBGS,2026-10-08
dollar_broad,2023-09-25,2023-10-02,122.1143,https://fred.stlouisfed.org/graph/fredgraph.csv?id=DTWEXBGS,2026-10-08
dollar_broad,2023-09-26,2023-10-03,122.4742,https://fred.stlouisfed.org/graph/fredgraph.csv?id=DTWEXBGS,2026-10-08
dollar_broad,2023-09-27,2023-10-04,122.9895,https://fred.stlouisfed.org/graph/fredgraph.csv?id=DTWEXBGS,2026-10-08
dollar_broad,2023-09-28,2023-10-05,122.5342,https://fred.stlouisfed.org/graph/fredgraph.csv?id=DTWEXBGS,2026-10-08
dollar_broad,2023-09-29,2023-10-06,122.3077,https://fred.stlouisfed.org/graph/fredgraph.csv?id=DTWEXBGS,2026-10-08
dollar_broad,2023-10-02,2023-10-09,123.0545,https://fred.stlouisfed.org/graph/fredgraph.csv?id=DTWEXBGS,2026-10-08
dollar_broad,2023-10-03,2023-10-10,123.7848,https://fred.stlouisfed.org/graph/fredgraph.csv?id=DTWEXBGS,2026-10-08
dollar_broad,2023-10-04,2023-10-11,123.5946,https://fred.stlouisfed.org/graph/fredgraph.csv?id=DTWEXBGS,2026-10-08
dollar_broad,2023-10-05,2023-10-12,123.8993,https://fred.stlouisfed.org/graph/fredgraph.csv?id=DTWEXBGS,2026-10-08
dollar_broad,2023-10-06,2023-10-13,123.3563,https://fred.stlouisfed.org/graph/fredgraph.csv?id=DTWEXBGS,2026-10-08
dollar_broad,2023-10-10,2023-10-17,122.9282,https://fred.stlouisfed.org/graph/fredgraph.csv?id=DTWEXBGS,2026-10-08
dollar_broad,2023-10-11,2023-10-18,122.7697,https://fred.stlouisfed.org/graph/fredgraph.csv?id=DTWEXBGS,2026-10-08
dollar_broad,2023-10-12,2023-10-19,123.2101,https://fred.stlouisfed.org/graph/fredgraph.csv?id=DTWEXBGS,2026-10-08
dollar_broad,2023-10-13,2023-10-20,123.5954,https://fred.stlouisfed.org/graph/fredgraph.csv?id=DTWEXBGS,2026-10-08
dollar_broad,2023-10-16,2023-10-23,123.3185,https://fred.stlouisfed.org/graph/fredgraph.csv?id=DTWEXBGS,2026-10-08
dollar_broad,2023-10-17,2023-10-24,123.1202,https://fred.stlouisfed.org/graph/fredgraph.csv?id=DTWEXBGS,2026-10-08
dollar_broad,2023-10-18,2023-10-25,123.8148,https://fred.stlouisfed.org/graph/fredgraph.csv?id=DTWEXBGS,2026-10-08
dollar_broad,2023-10-19,2023-10-26,123.798,https://fred.stlouisfed.org/graph/fredgraph.csv?id=DTWEXBGS,2026-10-08
dollar_broad,2023-10-20,2023-10-27,123.612,https://fred.stlouisfed.org/graph/fredgraph.csv?id=DTWEXBGS,2026-10-08
dollar_broad,2023-10-23,2023-10-30,123.2846,https://fred.stlouisfed.org/graph/fredgraph.csv?id=DTWEXBGS,2026-10-08
dollar_broad,2023-10-24,2023-10-31,123.6416,https://fred.stlouisfed.org/graph/fredgraph.csv?id=DTWEXBGS,2026-10-08
dollar_broad,2023-10-25,2023-11-01,123.7871,https://fred.stlouisfed.org/graph/fredgraph.csv?id=DTWEXBGS,2026-10-08
dollar_broad,2023-10-26,2023-11-02,124.0064,https://fred.stlouisfed.org/graph/fredgraph.csv?id=DTWEXBGS,2026-10-08
dollar_broad,2023-10-27,2023-11-03,123.62,https://fred.stlouisfed.org/graph/fredgraph.csv?id=DTWEXBGS,2026-10-08
dollar_broad,2023-10-30,2023-11-06,123.4076,https://fred.stlouisfed.org/graph/fredgraph.csv?id=DTWEXBGS,2026-10-08
dollar_broad,2023-10-31,2023-11-07,123.8364,https://fred.stlouisfed.org/graph/fredgraph.csv?id=DTWEXBGS,2026-10-08
dollar_broad,2023-11-01,2023-11-08,123.7922,https://fred.stlouisfed.org/graph/fredgraph.csv?id=DTWEXBGS,2026-10-08
dollar_broad,2023-11-02,2023-11-09,122.8818,https://fred.stlouisfed.org/graph/fredgraph.csv?id=DTWEXBGS,2026-10-08
dollar_broad,2023-11-03,2023-11-10,121.7564,https://fred.stlouisfed.org/graph/fredgraph.csv?id=DTWEXBGS,2026-10-08
dollar_broad,2023-11-06,2023-11-13,121.6484,https://fred.stlouisfed.org/graph/fredgraph.csv?id=DTWEXBGS,2026-10-08
dollar_broad,2023-11-07,2023-11-14,122.0777,https://fred.stlouisfed.org/graph/fredgraph.csv?id=DTWEXBGS,2026-10-08
dollar_broad,2023-11-08,2023-11-15,122.0926,https://fred.stlouisfed.org/graph/fredgraph.csv?id=DTWEXBGS,2026-10-08
dollar_broad,2023-11-09,2023-11-16,122.1281,https://fred.stlouisfed.org/graph/fredgraph.csv?id=DTWEXBGS,2026-10-08
dollar_broad,2023-11-13,2023-11-20,122.4264,https://fred.stlouisfed.org/graph/fredgraph.csv?id=DTWEXBGS,2026-10-08
dollar_broad,2023-11-14,2023-11-21,121.35,https://fred.stlouisfed.org/graph/fredgraph.csv?id=DTWEXBGS,2026-10-08
dollar_broad,2023-11-15,2023-11-22,121.0749,https://fred.stlouisfed.org/graph/fredgraph.csv?id=DTWEXBGS,2026-10-08
dollar_broad,2023-11-16,2023-11-23,121.1754,https://fred.stlouisfed.org/graph/fredgraph.csv?id=DTWEXBGS,2026-10-08
dollar_broad,2023-11-17,2023-11-24,120.8477,https://fred.stlouisfed.org/graph/fredgraph.csv?id=DTWEXBGS,2026-10-08
dollar_broad,2023-11-20,2023-11-27,120.2533,https://fred.stlouisfed.org/graph/fredgraph.csv?id=DTWEXBGS,2026-10-08
dollar_broad,2023-11-21,2023-11-28,120.2241,https://fred.stlouisfed.org/graph/fredgraph.csv?id=DTWEXBGS,2026-10-08
dollar_broad,2023-11-22,2023-11-29,120.6802,https://fred.stlouisfed.org/graph/fredgraph.csv?id=DTWEXBGS,2026-10-08
dollar_broad,2023-11-24,2023-12-01,120.2105,https://fred.stlouisfed.org/graph/fredgraph.csv?id=DTWEXBGS,2026-10-08
dollar_broad,2023-11-27,2023-12-04,120.173,https://fred.stlouisfed.org/graph/fredgraph.csv?id=DTWEXBGS,2026-10-08
dollar_broad,2023-11-28,2023-12-05,119.5904,https://fred.stlouisfed.org/graph/fredgraph.csv?id=DTWEXBGS,2026-10-08
dollar_broad,2023-11-29,2023-12-06,119.8159,https://fred.stlouisfed.org/graph/fredgraph.csv?id=DTWEXBGS,2026-10-08
dollar_broad,2023-11-30,2023-12-07,120.2434,https://fred.stlouisfed.org/graph/fredgraph.csv?id=DTWEXBGS,2026-10-08
dollar_broad,2023-12-01,2023-12-08,119.9424,https://fred.stlouisfed.org/graph/fredgraph.csv?id=DTWEXBGS,2026-10-08
dollar_broad,2023-12-04,2023-12-11,120.4727,https://fred.stlouisfed.org/graph/fredgraph.csv?id=DTWEXBGS,2026-10-08
dollar_broad,2023-12-05,2023-12-12,120.7913,https://fred.stlouisfed.org/graph/fredgraph.csv?id=DTWEXBGS,2026-10-08
dollar_broad,2023-12-06,2023-12-13,120.5334,https://fred.stlouisfed.org/graph/fredgraph.csv?id=DTWEXBGS,2026-10-08
dollar_broad,2023-12-07,2023-12-14,120.6013,https://fred.stlouisfed.org/graph/fredgraph.csv?id=DTWEXBGS,2026-10-08
dollar_broad,2023-12-08,2023-12-15,120.7607,https://fred.stlouisfed.org/graph/fredgraph.csv?id=DTWEXBGS,2026-10-08
dollar_broad,2023-12-11,2023-12-18,120.9279,https://fred.stlouisfed.org/graph/fredgraph.csv?id=DTWEXBGS,2026-10-08
dollar_broad,2023-12-12,2023-12-19,120.6817,https://fred.stlouisfed.org/graph/fredgraph.csv?id=DTWEXBGS,2026-10-08
dollar_broad,2023-12-13,2023-12-20,121.1571,https://fred.stlouisfed.org/graph/fredgraph.csv?id=DTWEXBGS,2026-10-08
dollar_broad,2023-12-14,2023-12-21,119.5683,https://fred.stlouisfed.org/graph/fredgraph.csv?id=DTWEXBGS,2026-10-08
dollar_broad,2023-12-15,2023-12-22,119.7382,https://fred.stlouisfed.org/graph/fredgraph.csv?id=DTWEXBGS,2026-10-08
dollar_broad,2023-12-18,2023-12-25,119.9102,https://fred.stlouisfed.org/graph/fredgraph.csv?id=DTWEXBGS,2026-10-08
dollar_broad,2023-12-19,2023-12-26,119.4632,https://fred.stlouisfed.org/graph/fredgraph.csv?id=DTWEXBGS,2026-10-08
dollar_broad,2023-12-20,2023-12-27,119.5435,https://fred.stlouisfed.org/graph/fredgraph.csv?id=DTWEXBGS,2026-10-08
dollar_broad,2023-12-21,2023-12-28,119.3168,https://fred.stlouisfed.org/graph/fredgraph.csv?id=DTWEXBGS,2026-10-08
dollar_broad,2023-12-22,2023-12-29,119.0625,https://fred.stlouisfed.org/graph/fredgraph.csv?id=DTWEXBGS,2026-10-08
dollar_broad,2023-12-26,2024-01-02,118.8875,https://fred.stlouisfed.org/graph/fredgraph.csv?id=DTWEXBGS,2026-10-08
dollar_broad,2023-12-27,2024-01-03,118.4729,https://fred.stlouisfed.org/graph/fredgraph.csv?id=DTWEXBGS,2026-10-08
dollar_broad,2023-12-28,2024-01-04,118.4104,https://fred.stlouisfed.org/graph/fredgraph.csv?id=DTWEXBGS,2026-10-08
dollar_broad,2023-12-29,2024-01-05,118.4208,https://fred.stlouisfed.org/graph/fredgraph.csv?id=DTWEXBGS,2026-10-08
dollar_broad,2024-01-02,2024-01-09,119.2686,https://fred.stlouisfed.org/graph/fredgraph.csv?id=DTWEXBGS,2026-10-08
dollar_broad,2024-01-03,2024-01-10,119.6958,https://fred.stlouisfed.org/graph/fredgraph.csv?id=DTWEXBGS,2026-10-08
dollar_broad,2024-01-04,2024-01-11,119.6208,https://fred.stlouisfed.org/graph/fredgraph.csv?id=DTWEXBGS,2026-10-08
dollar_broad,2024-01-05,2024-01-12,119.388,https://fred.stlouisfed.org/graph/fredgraph.csv?id=DTWEXBGS,2026-10-08
dollar_broad,2024-01-08,2024-01-15,119.2506,https://fred.stlouisfed.org/graph/fredgraph.csv?id=DTWEXBGS,2026-10-08
dollar_broad,2024-01-09,2024-01-16,119.6666,https://fred.stlouisfed.org/graph/fredgraph.csv?id=DTWEXBGS,2026-10-08
dollar_broad,2024-01-10,2024-01-17,119.7614,https://fred.stlouisfed.org/graph/fredgraph.csv?id=DTWEXBGS,2026-10-08
dollar_broad,2024-01-11,2024-01-18,119.8916,https://fred.stlouisfed.org/graph/fredgraph.csv?id=DTWEXBGS,2026-10-08
dollar_broad,2024-01-12,2024-01-19,119.534,https://fred.stlouisfed.org/graph/fredgraph.csv?id=DTWEXBGS,2026-10-08
dollar_broad,2024-01-16,2024-01-23,120.5759,https://fred.stlouisfed.org/graph/fredgraph.csv?id=DTWEXBGS,2026-10-08
dollar_broad,2024-01-17,2024-01-24,121.0402,https://fred.stlouisfed.org/graph/fredgraph.csv?id=DTWEXBGS,2026-10-08
dollar_broad,2024-01-18,2024-01-25,120.8895,https://fred.stlouisfed.org/graph/fredgraph.csv?id=DTWEXBGS,2026-10-08
dollar_broad,2024-01-19,2024-01-26,120.6442,https://fred.stlouisfed.org/graph/fredgraph.csv?id=DTWEXBGS,2026-10-08
dollar_broad,2024-01-22,2024-01-29,120.6178,https://fred.stlouisfed.org/graph/fredgraph.csv?id=DTWEXBGS,2026-10-08
dollar_broad,2024-01-23,2024-01-30,121.1001,https://fred.stlouisfed.org/graph/fredgraph.csv?id=DTWEXBGS,2026-10-08
dollar_broad,2024-01-24,2024-01-31,120.4916,https://fred.stlouisfed.org/graph/fredgraph.csv?id=DTWEXBGS,2026-10-08
dollar_broad,2024-01-25,2024-02-01,120.8311,https://fred.stlouisfed.org/graph/fredgraph.csv?id=DTWEXBGS,2026-10-08
dollar_broad,2024-01-26,2024-02-02,120.6173,https://fred.stlouisfed.org/graph/fredgraph.csv?id=DTWEXBGS,2026-10-08
dollar_broad,2024-01-29,2024-02-05,120.8538,https://fred.stlouisfed.org/graph/fredgraph.csv?id=DTWEXBGS,2026-10-08
dollar_broad,2024-01-30,2024-02-06,120.6025,https://fred.stlouisfed.org/graph/fredgraph.csv?id=DTWEXBGS,2026-10-08
dollar_broad,2024-01-31,2024-02-07,120.4331,https://fred.stlouisfed.org/graph/fredgraph.csv?id=DTWEXBGS,2026-10-08
dollar_broad,2024-02-01,2024-02-08,120.3335,https://fred.stlouisfed.org/graph/fredgraph.csv?id=DTWEXBGS,2026-10-08
dollar_broad,2024-02-02,2024-02-09,120.902,https://fred.stlouisfed.org/graph/fredgraph.csv?id=DTWEXBGS,2026-10-08
dollar_broad,2024-02-05,2024-02-12,121.349,https://fred.stlouisfed.org/graph/fredgraph.csv?id=DTWEXBGS,2026-10-08
dollar_broad,2024-02-06,2024-02-13,120.9588,https://fred.stlouisfed.org/graph/fredgraph.csv?id=DTWEXBGS,2026-10-08
dollar_broad,2024-02-07,2024-02-14,120.9049,https://fred.stlouisfed.org/graph/fredgraph.csv?id=DTWEXBGS,2026-10-08
dollar_broad,2024-02-08,2024-02-15,121.0798,https://fred.stlouisfed.org/graph/fredgraph.csv?id=DTWEXBGS,2026-10-08
dollar_broad,2024-02-09,2024-02-16,121.039,https://fred.stlouisfed.org/graph/fredgraph.csv?id=DTWEXBGS,2026-10-08
dollar_broad,2024-02-12,2024-02-19,120.9378,https://fred.stlouisfed.org/graph/fredgraph.csv?id=DTWEXBGS,2026-10-08
dollar_broad,2024-02-13,2024-02-20,121.5202,https://fred.stlouisfed.org/graph/fredgraph.csv?id=DTWEXBGS,2026-10-08
dollar_broad,2024-02-14,2024-02-21,121.4002,https://fred.stlouisfed.org/graph/fredgraph.csv?id=DTWEXBGS,2026-10-08
dollar_broad,2024-02-15,2024-02-22,121.2121,https://fred.stlouisfed.org/graph/fredgraph.csv?id=DTWEXBGS,2026-10-08
dollar_broad,2024-02-16,2024-02-23,121.1505,https://fred.stlouisfed.org/graph/fredgraph.csv?id=DTWEXBGS,2026-10-08
dollar_broad,2024-02-20,2024-02-27,121.0199,https://fred.stlouisfed.org/graph/fredgraph.csv?id=DTWEXBGS,2026-10-08
dollar_broad,2024-02-21,2024-02-28,121.0379,https://fred.stlouisfed.org/graph/fredgraph.csv?id=DTWEXBGS,2026-10-08
dollar_broad,2024-02-22,2024-02-29,121.102,https://fred.stlouisfed.org/graph/fredgraph.csv?id=DTWEXBGS,2026-10-08
dollar_broad,2024-02-23,2024-03-01,121.0369,https://fred.stlouisfed.org/graph/fredgraph.csv?id=DTWEXBGS,2026-10-08
dollar_broad,2024-02-26,2024-03-04,121.0592,https://fred.stlouisfed.org/graph/fredgraph.csv?id=DTWEXBGS,2026-10-08
dollar_broad,2024-02-27,2024-03-05,120.9647,https://fred.stlouisfed.org/graph/fredgraph.csv?id=DTWEXBGS,2026-10-08
dollar_broad,2024-02-28,2024-03-06,121.128,https://fred.stlouisfed.org/graph/fredgraph.csv?id=DTWEXBGS,2026-10-08
dollar_broad,2024-02-29,2024-03-07,121.1824,https://fred.stlouisfed.org/graph/fredgraph.csv?id=DTWEXBGS,2026-10-08
dollar_broad,2024-03-01,2024-03-08,121.0111,https://fred.stlouisfed.org/graph/fredgraph.csv?id=DTWEXBGS,2026-10-08
dollar_broad,2024-03-04,2024-03-11,120.872,https://fred.stlouisfed.org/graph/fredgraph.csv?id=DTWEXBGS,2026-10-08
dollar_broad,2024-03-05,2024-03-12,120.8846,https://fred.stlouisfed.org/graph/fredgraph.csv?id=DTWEXBGS,2026-10-08
dollar_broad,2024-03-06,2024-03-13,120.4649,https://fred.stlouisfed.org/graph/fredgraph.csv?id=DTWEXBGS,2026-10-08
dollar_broad,2024-03-07,2024-03-14,120.1909,https://fred.stlouisfed.org/graph/fredgraph.csv?id=DTWEXBGS,2026-10-08
dollar_broad,2024-03-08,2024-03-15,119.975,https://fred.stlouisfed.org/graph/fredgraph.csv?id=DTWEXBGS,2026-10-08
dollar_broad,2024-03-11,2024-03-18,120.0394,https://fred.stlouisfed.org/graph/fredgraph.csv?id=DTWEXBGS,2026-10-08
dollar_broad,2024-03-12,2024-03-19,120.1668,https://fred.stlouisfed.org/graph/fredgraph.csv?id=DTWEXBGS,2026-10-08
dollar_broad,2024-03-13,2024-03-20,119.9642,https://fred.stlouisfed.org/graph/fredgraph.csv?id=DTWEXBGS,2026-10-08
dollar_broad,2024-03-14,2024-03-21,120.241,https://fred.stlouisfed.org/graph/fredgraph.csv?id=DTWEXBGS,2026-10-08
dollar_broad,2024-03-15,2024-03-22,120.4003,https://fred.stlouisfed.org/graph/fredgraph.csv?id=DTWEXBGS,2026-10-08
dollar_broad,2024-03-18,2024-03-25,120.5752,https://fred.stlouisfed.org/graph/fredgraph.csv?id=DTWEXBGS,2026-10-08
dollar_broad,2024-03-19,2024-03-26,120.9332,https://fred.stlouisfed.org/graph/fredgraph.csv?id=DTWEXBGS,2026-10-08
dollar_broad,2024-03-20,2024-03-27,120.9289,https://fred.stlouisfed.org/graph/fredgraph.csv?id=DTWEXBGS,2026-10-08
dollar_broad,2024-03-21,2024-03-28,120.8086,https://fred.stlouisfed.org/graph/fredgraph.csv?id=DTWEXBGS,2026-10-08
dollar_broad,2024-03-22,2024-03-29,121.1842,https://fred.stlouisfed.org/graph/fredgraph.csv?id=DTWEXBGS,2026-10-08
dollar_broad,2024-03-25,2024-04-01,121.0295,https://fred.stlouisfed.org/graph/fredgraph.csv?id=DTWEXBGS,2026-10-08
dollar_broad,2024-03-26,2024-04-02,121.0742,https://fred.stlouisfed.org/graph/fredgraph.csv?id=DTWEXBGS,2026-10-08
dollar_broad,2024-03-27,2024-04-03,121.0089,https://fred.stlouisfed.org/graph/fredgraph.csv?id=DTWEXBGS,2026-10-08
dollar_broad,2024-03-28,2024-04-04,121.0635,https://fred.stlouisfed.org/graph/fredgraph.csv?id=DTWEXBGS,2026-10-08
dollar_broad,2024-03-29,2024-04-05,121.0191,https://fred.stlouisfed.org/graph/fredgraph.csv?id=DTWEXBGS,2026-10-08
dollar_broad,2024-04-01,2024-04-08,121.5151,https://fred.stlouisfed.org/graph/fredgraph.csv?id=DTWEXBGS,2026-10-08
dollar_broad,2024-04-02,2024-04-09,121.3035,https://fred.stlouisfed.org/graph/fredgraph.csv?id=DTWEXBGS,2026-10-08
dollar_broad,2024-04-03,2024-04-10,121.0198,https://fred.stlouisfed.org/graph/fredgraph.csv?id=DTWEXBGS,2026-10-08
dollar_broad,2024-04-04,2024-04-11,120.7613,https://fred.stlouisfed.org/graph/fredgraph.csv?id=DTWEXBGS,2026-10-08
dollar_broad,2024-04-05,2024-04-12,120.9646,https://fred.stlouisfed.org/graph/fredgraph.csv?id=DTWEXBGS,2026-10-08
dollar_broad,2024-04-08,2024-04-15,120.7359,https://fred.stlouisfed.org/graph/fredgraph.csv?id=DTWEXBGS,2026-10-08
dollar_broad,2024-04-09,2024-04-16,120.7048,https://fred.stlouisfed.org/graph/fredgraph.csv?id=DTWEXBGS,2026-10-08
dollar_broad,2024-04-10,2024-04-17,121.5727,https://fred.stlouisfed.org/graph/fredgraph.csv?id=DTWEXBGS,2026-10-08
dollar_broad,2024-04-11,2024-04-18,121.6081,https://fred.stlouisfed.org/graph/fredgraph.csv?id=DTWEXBGS,2026-10-08
dollar_broad,2024-04-12,2024-04-19,122.2885,https://fred.stlouisfed.org/graph/fredgraph.csv?id=DTWEXBGS,2026-10-08
dollar_broad,2024-04-15,2024-04-22,122.425,https://fred.stlouisfed.org/graph/fredgraph.csv?id=DTWEXBGS,2026-10-08
dollar_broad,2024-04-16,2024-04-23,123.1234,https://fred.stlouisfed.org/graph/fredgraph.csv?id=DTWEXBGS,2026-10-08
dollar_broad,2024-04-17,2024-04-24,123.0207,https://fred.stlouisfed.org/graph/fredgraph.csv?id=DTWEXBGS,2026-10-08
dollar_broad,2024-04-18,2024-04-25,123.0017,https://fred.stlouisfed.org/graph/fredgraph.csv?id=DTWEXBGS,2026-10-08
dollar_broad,2024-04-19,2024-04-26,123.1075,https://fred.stlouisfed.org/graph/fredgraph.csv?id=DTWEXBGS,2026-10-08
dollar_broad,2024-04-22,2024-04-29,123.0609,https://fred.stlouisfed.org/graph/fredgraph.csv?id=DTWEXBGS,2026-10-08
dollar_broad,2024-04-23,2024-04-30,122.7227,https://fred.stlouisfed.org/graph/fredgraph.csv?id=DTWEXBGS,2026-10-08
dollar_broad,2024-04-24,2024-05-01,122.89,https://fred.stlouisfed.org/graph/fredgraph.csv?id=DTWEXBGS,2026-10-08
dollar_broad,2024-04-25,2024-05-02,122.8384,https://fred.stlouisfed.org/graph/fredgraph.csv?id=DTWEXBGS,2026-10-08
dollar_broad,2024-04-26,2024-05-03,122.9471,https://fred.stlouisfed.org/graph/fredgraph.csv?id=DTWEXBGS,2026-10-08
dollar_broad,2024-04-29,2024-05-06,122.5449,https://fred.stlouisfed.org/graph/fredgraph.csv?id=DTWEXBGS,2026-10-08
dollar_broad,2024-04-30,2024-05-07,122.9853,https://fred.stlouisfed.org/graph/fredgraph.csv?id=DTWEXBGS,2026-10-08
dollar_broad,2024-05-01,2024-05-08,123.0168,https://fred.stlouisfed.org/graph/fredgraph.csv?id=DTWEXBGS,2026-10-08
dollar_broad,2024-05-02,2024-05-09,122.4384,https://fred.stlouisfed.org/graph/fredgraph.csv?id=DTWEXBGS,2026-10-08
dollar_broad,2024-05-03,2024-05-10,122.1375,https://fred.stlouisfed.org/graph/fredgraph.csv?id=DTWEXBGS,2026-10-08
dollar_broad,2024-05-06,2024-05-13,121.8913,https://fred.stlouisfed.org/graph/fredgraph.csv?id=DTWEXBGS,2026-10-08
dollar_broad,2024-05-07,2024-05-14,122.093,https://fred.stlouisfed.org/graph/fredgraph.csv?id=DTWEXBGS,2026-10-08
dollar_broad,2024-05-08,2024-05-15,122.1926,https://fred.stlouisfed.org/graph/fredgraph.csv?id=DTWEXBGS,2026-10-08
dollar_broad,2024-05-09,2024-05-16,122.1634,https://fred.stlouisfed.org/graph/fredgraph.csv?id=DTWEXBGS,2026-10-08
dollar_broad,2024-05-10,2024-05-17,122.014,https://fred.stlouisfed.org/graph/fredgraph.csv?id=DTWEXBGS,2026-10-08
dollar_broad,2024-05-13,2024-05-20,122.0261,https://fred.stlouisfed.org/graph/fredgraph.csv?id=DTWEXBGS,2026-10-08
dollar_broad,2024-05-14,2024-05-21,121.9256,https://fred.stlouisfed.org/graph/fredgraph.csv?id=DTWEXBGS,2026-10-08
dollar_broad,2024-05-15,2024-05-22,121.3543,https://fred.stlouisfed.org/graph/fredgraph.csv?id=DTWEXBGS,2026-10-08
dollar_broad,2024-05-16,2024-05-23,121.2236,https://fred.stlouisfed.org/graph/fredgraph.csv?id=DTWEXBGS,2026-10-08
dollar_broad,2024-05-17,2024-05-24,121.2354,https://fred.stlouisfed.org/graph/fredgraph.csv?id=DTWEXBGS,2026-10-08
dollar_broad,2024-05-20,2024-05-27,121.2289,https://fred.stlouisfed.org/graph/fredgraph.csv?id=DTWEXBGS,2026-10-08
dollar_broad,2024-05-21,2024-05-28,121.3793,https://fred.stlouisfed.org/graph/fredgraph.csv?id=DTWEXBGS,2026-10-08
dollar_broad,2024-05-22,2024-05-29,121.5462,https://fred.stlouisfed.org/graph/fredgraph.csv?id=DTWEXBGS,2026-10-08
dollar_broad,2024-05-23,2024-05-30,121.7477,https://fred.stlouisfed.org/graph/fredgraph.csv?id=DTWEXBGS,2026-10-08
dollar_broad,2024-05-24,2024-05-31,121.6172,https://fred.stlouisfed.org/graph/fredgraph.csv?id=DTWEXBGS,2026-10-08
dollar_broad,2024-05-28,2024-06-04,121.43,https://fred.stlouisfed.org/graph/fredgraph.csv?id=DTWEXBGS,2026-10-08
dollar_broad,2024-05-29,2024-06-05,122.1641,https://fred.stlouisfed.org/graph/fredgraph.csv?id=DTWEXBGS,2026-10-08
dollar_broad,2024-05-30,2024-06-06,121.9601,https://fred.stlouisfed.org/graph/fredgraph.csv?id=DTWEXBGS,2026-10-08
dollar_broad,2024-05-31,2024-06-07,122.098,https://fred.stlouisfed.org/graph/fredgraph.csv?id=DTWEXBGS,2026-10-08
dollar_broad,2024-06-03,2024-06-10,122.3509,https://fred.stlouisfed.org/graph/fredgraph.csv?id=DTWEXBGS,2026-10-08
dollar_broad,2024-06-04,2024-06-11,122.7256,https://fred.stlouisfed.org/graph/fredgraph.csv?id=DTWEXBGS,2026-10-08
dollar_broad,2024-06-05,2024-06-12,122.5339,https://fred.stlouisfed.org/graph/fredgraph.csv?id=DTWEXBGS,2026-10-08
dollar_broad,2024-06-06,2024-06-13,122.3713,https://fred.stlouisfed.org/graph/fredgraph.csv?id=DTWEXBGS,2026-10-08
dollar_broad,2024-06-07,2024-06-14,123.549,https://fred.stlouisfed.org/graph/fredgraph.csv?id=DTWEXBGS,2026-10-08
dollar_broad,2024-06-10,2024-06-17,123.9125,https://fred.stlouisfed.org/graph/fredgraph.csv?id=DTWEXBGS,2026-10-08
dollar_broad,2024-06-11,2024-06-18,124.0349,https://fred.stlouisfed.org/graph/fredgraph.csv?id=DTWEXBGS,2026-10-08
dollar_broad,2024-06-12,2024-06-19,123.8295,https://fred.stlouisfed.org/graph/fredgraph.csv?id=DTWEXBGS,2026-10-08
dollar_broad,2024-06-13,2024-06-20,124.0235,https://fred.stlouisfed.org/graph/fredgraph.csv?id=DTWEXBGS,2026-10-08
dollar_broad,2024-06-14,2024-06-21,124.1694,https://fred.stlouisfed.org/graph/fredgraph.csv?id=DTWEXBGS,2026-10-08
dollar_broad,2024-06-17,2024-06-24,124.239,https://fred.stlouisfed.org/graph/fredgraph.csv?id=DTWEXBGS,2026-10-08
dollar_broad,2024-06-18,2024-06-25,123.9776,https://fred.stlouisfed.org/graph/fredgraph.csv?id=DTWEXBGS,2026-10-08
dollar_broad,2024-06-20,2024-06-27,124.192,https://fred.stlouisfed.org/graph/fredgraph.csv?id=DTWEXBGS,2026-10-08
dollar_broad,2024-06-21,2024-06-28,124.1086,https://fred.stlouisfed.org/graph/fredgraph.csv?id=DTWEXBGS,2026-10-08
dollar_broad,2024-06-24,2024-07-01,123.7125,https://fred.stlouisfed.org/graph/fredgraph.csv?id=DTWEXBGS,2026-10-08
dollar_broad,2024-06-25,2024-07-02,123.9417,https://fred.stlouisfed.org/graph/fredgraph.csv?id=DTWEXBGS,2026-10-08
dollar_broad,2024-06-26,2024-07-03,124.26,https://fred.stlouisfed.org/graph/fredgraph.csv?id=DTWEXBGS,2026-10-08
dollar_broad,2024-06-27,2024-07-04,124.3379,https://fred.stlouisfed.org/graph/fredgraph.csv?id=DTWEXBGS,2026-10-08
dollar_broad,2024-06-28,2024-07-05,124.2103,https://fred.stlouisfed.org/graph/fredgraph.csv?id=DTWEXBGS,2026-10-08
dollar_broad,2024-07-01,2024-07-08,124.4667,https://fred.stlouisfed.org/graph/fredgraph.csv?id=DTWEXBGS,2026-10-08
dollar_broad,2024-07-02,2024-07-09,124.2917,https://fred.stlouisfed.org/graph/fredgraph.csv?id=DTWEXBGS,2026-10-08
dollar_broad,2024-07-03,2024-07-10,123.7768,https://fred.stlouisfed.org/graph/fredgraph.csv?id=DTWEXBGS,2026-10-08
dollar_broad,2024-07-05,2024-07-12,123.4762,https://fred.stlouisfed.org/graph/fredgraph.csv?id=DTWEXBGS,2026-10-08
dollar_broad,2024-07-08,2024-07-15,123.3576,https://fred.stlouisfed.org/graph/fredgraph.csv?id=DTWEXBGS,2026-10-08
dollar_broad,2024-07-09,2024-07-16,123.4071,https://fred.stlouisfed.org/graph/fredgraph.csv?id=DTWEXBGS,2026-10-08
dollar_broad,2024-07-10,2024-07-17,123.1895,https://fred.stlouisfed.org/graph/fredgraph.csv?id=DTWEXBGS,2026-10-08
dollar_broad,2024-07-11,2024-07-18,122.769,https://fred.stlouisfed.org/graph/fredgraph.csv?id=DTWEXBGS,2026-10-08
dollar_broad,2024-07-12,2024-07-19,122.4404,https://fred.stlouisfed.org/graph/fredgraph.csv?id=DTWEXBGS,2026-10-08
dollar_broad,2024-07-15,2024-07-22,122.6347,https://fred.stlouisfed.org/graph/fredgraph.csv?id=DTWEXBGS,2026-10-08
dollar_broad,2024-07-16,2024-07-23,122.7264,https://fred.stlouisfed.org/graph/fredgraph.csv?id=DTWEXBGS,2026-10-08
dollar_broad,2024-07-17,2024-07-24,122.518,https://fred.stlouisfed.org/graph/fredgraph.csv?id=DTWEXBGS,2026-10-08
dollar_broad,2024-07-18,2024-07-25,122.7909,https://fred.stlouisfed.org/graph/fredgraph.csv?id=DTWEXBGS,2026-10-08
dollar_broad,2024-07-19,2024-07-26,123.147,https://fred.stlouisfed.org/graph/fredgraph.csv?id=DTWEXBGS,2026-10-08
dollar_broad,2024-07-22,2024-07-29,123.2172,https://fred.stlouisfed.org/graph/fredgraph.csv?id=DTWEXBGS,2026-10-08
dollar_broad,2024-07-23,2024-07-30,123.3843,https://fred.stlouisfed.org/graph/fredgraph.csv?id=DTWEXBGS,2026-10-08
dollar_broad,2024-07-24,2024-07-31,123.5575,https://fred.stlouisfed.org/graph/fredgraph.csv?id=DTWEXBGS,2026-10-08
dollar_broad,2024-07-25,2024-08-01,123.5286,https://fred.stlouisfed.org/graph/fredgraph.csv?id=DTWEXBGS,2026-10-08
dollar_broad,2024-07-26,2024-08-02,123.672,https://fred.stlouisfed.org/graph/fredgraph.csv?id=DTWEXBGS,2026-10-08
dollar_broad,2024-07-29,2024-08-05,124.1392,https://fred.stlouisfed.org/graph/fredgraph.csv?id=DTWEXBGS,2026-10-08
dollar_broad,2024-07-30,2024-08-06,124.2855,https://fred.stlouisfed.org/graph/fredgraph.csv?id=DTWEXBGS,2026-10-08
dollar_broad,2024-07-31,2024-08-07,123.6373,https://fred.stlouisfed.org/graph/fredgraph.csv?id=DTWEXBGS,2026-10-08
dollar_broad,2024-08-01,2024-08-08,123.8693,https://fred.stlouisfed.org/graph/fredgraph.csv?id=DTWEXBGS,2026-10-08
dollar_broad,2024-08-02,2024-08-09,123.4681,https://fred.stlouisfed.org/graph/fredgraph.csv?id=DTWEXBGS,2026-10-08
dollar_broad,2024-08-05,2024-08-12,123.5787,https://fred.stlouisfed.org/graph/fredgraph.csv?id=DTWEXBGS,2026-10-08
dollar_broad,2024-08-06,2024-08-13,123.6532,https://fred.stlouisfed.org/graph/fredgraph.csv?id=DTWEXBGS,2026-10-08
dollar_broad,2024-08-07,2024-08-14,123.5698,https://fred.stlouisfed.org/graph/fredgraph.csv?id=DTWEXBGS,2026-10-08
dollar_broad,2024-08-08,2024-08-15,123.4466,https://fred.stlouisfed.org/graph/fredgraph.csv?id=DTWEXBGS,2026-10-08
dollar_broad,2024-08-09,2024-08-16,122.9276,https://fred.stlouisfed.org/graph/fredgraph.csv?id=DTWEXBGS,2026-10-08
dollar_broad,2024-08-12,2024-08-19,123.2204,https://fred.stlouisfed.org/graph/fredgraph.csv?id=DTWEXBGS,2026-10-08
dollar_broad,2024-08-13,2024-08-20,123.0146,https://fred.stlouisfed.org/graph/fredgraph.csv?id=DTWEXBGS,2026-10-08
dollar_broad,2024-08-14,2024-08-21,122.4297,https://fred.stlouisfed.org/graph/fredgraph.csv?id=DTWEXBGS,2026-10-08
dollar_broad,2024-08-15,2024-08-22,122.5844,https://fred.stlouisfed.org/graph/fredgraph.csv?id=DTWEXBGS,2026-10-08
dollar_broad,2024-08-16,2024-08-23,122.3972,https://fred.stlouisfed.org/graph/fredgraph.csv?id=DTWEXBGS,2026-10-08
dollar_broad,2024-08-19,2024-08-26,121.8788,https://fred.stlouisfed.org/graph/fredgraph.csv?id=DTWEXBGS,2026-10-08
dollar_broad,2024-08-20,2024-08-27,121.7728,https://fred.stlouisfed.org/graph/fredgraph.csv?id=DTWEXBGS,2026-10-08
dollar_broad,2024-08-21,2024-08-28,121.8535,https://fred.stlouisfed.org/graph/fredgraph.csv?id=DTWEXBGS,2026-10-08
dollar_broad,2024-08-22,2024-08-29,122.3626,https://fred.stlouisfed.org/graph/fredgraph.csv?id=DTWEXBGS,2026-10-08
dollar_broad,2024-08-23,2024-08-30,121.4597,https://fred.stlouisfed.org/graph/fredgraph.csv?id=DTWEXBGS,2026-10-08
dollar_broad,2024-08-26,2024-09-02,121.6943,https://fred.stlouisfed.org/graph/fredgraph.csv?id=DTWEXBGS,2026-10-08
dollar_broad,2024-08-27,2024-09-03,121.8672,https://fred.stlouisfed.org/graph/fredgraph.csv?id=DTWEXBGS,2026-10-08
dollar_broad,2024-08-28,2024-09-04,121.8943,https://fred.stlouisfed.org/graph/fredgraph.csv?id=DTWEXBGS,2026-10-08
dollar_broad,2024-08-29,2024-09-05,122.2333,https://fred.stlouisfed.org/graph/fredgraph.csv?id=DTWEXBGS,2026-10-08
dollar_broad,2024-08-30,2024-09-06,122.3262,https://fred.stlouisfed.org/graph/fredgraph.csv?id=DTWEXBGS,2026-10-08
dollar_broad,2024-09-03,2024-09-10,122.7811,https://fred.stlouisfed.org/graph/fredgraph.csv?id=DTWEXBGS,2026-10-08
dollar_broad,2024-09-04,2024-09-11,122.5144,https://fred.stlouisfed.org/graph/fredgraph.csv?id=DTWEXBGS,2026-10-08
dollar_broad,2024-09-05,2024-09-12,122.4533,https://fred.stlouisfed.org/graph/fredgraph.csv?id=DTWEXBGS,2026-10-08
dollar_broad,2024-09-06,2024-09-13,122.4991,https://fred.stlouisfed.org/graph/fredgraph.csv?id=DTWEXBGS,2026-10-08
dollar_broad,2024-09-09,2024-09-16,122.7156,https://fred.stlouisfed.org/graph/fredgraph.csv?id=DTWEXBGS,2026-10-08
dollar_broad,2024-09-10,2024-09-17,123.0071,https://fred.stlouisfed.org/graph/fredgraph.csv?id=DTWEXBGS,2026-10-08
dollar_broad,2024-09-11,2024-09-18,122.7754,https://fred.stlouisfed.org/graph/fredgraph.csv?id=DTWEXBGS,2026-10-08
dollar_broad,2024-09-12,2024-09-19,122.4423,https://fred.stlouisfed.org/graph/fredgraph.csv?id=DTWEXBGS,2026-10-08
dollar_broad,2024-09-13,2024-09-20,121.6551,https://fred.stlouisfed.org/graph/fredgraph.csv?id=DTWEXBGS,2026-10-08
dollar_broad,2024-09-16,2024-09-23,121.4976,https://fred.stlouisfed.org/graph/fredgraph.csv?id=DTWEXBGS,2026-10-08
dollar_broad,2024-09-17,2024-09-24,121.6031,https://fred.stlouisfed.org/graph/fredgraph.csv?id=DTWEXBGS,2026-10-08
dollar_broad,2024-09-18,2024-09-25,121.5618,https://fred.stlouisfed.org/graph/fredgraph.csv?id=DTWEXBGS,2026-10-08
dollar_broad,2024-09-19,2024-09-26,121.3059,https://fred.stlouisfed.org/graph/fredgraph.csv?id=DTWEXBGS,2026-10-08
dollar_broad,2024-09-20,2024-09-27,121.4052,https://fred.stlouisfed.org/graph/fredgraph.csv?id=DTWEXBGS,2026-10-08
dollar_broad,2024-09-23,2024-09-30,121.4303,https://fred.stlouisfed.org/graph/fredgraph.csv?id=DTWEXBGS,2026-10-08
dollar_broad,2024-09-24,2024-10-01,121.1291,https://fred.stlouisfed.org/graph/fredgraph.csv?id=DTWEXBGS,2026-10-08
dollar_broad,2024-09-25,2024-10-02,121.4447,https://fred.stlouisfed.org/graph/fredgraph.csv?id=DTWEXBGS,2026-10-08
dollar_broad,2024-09-26,2024-10-03,121.0785,https://fred.stlouisfed.org/graph/fredgraph.csv?id=DTWEXBGS,2026-10-08
dollar_broad,2024-09-27,2024-10-04,121.1111,https://fred.stlouisfed.org/graph/fredgraph.csv?id=DTWEXBGS,2026-10-08
dollar_broad,2024-09-30,2024-10-07,121.2864,https://fred.stlouisfed.org/graph/fredgraph.csv?id=DTWEXBGS,2026-10-08
dollar_broad,2024-10-01,2024-10-08,121.6881,https://fred.stlouisfed.org/graph/fredgraph.csv?id=DTWEXBGS,2026-10-08
dollar_broad,2024-10-02,2024-10-09,121.5724,https://fred.stlouisfed.org/graph/fredgraph.csv?id=DTWEXBGS,2026-10-08
dollar_broad,2024-10-03,2024-10-10,122.1197,https://fred.stlouisfed.org/graph/fredgraph.csv?id=DTWEXBGS,2026-10-08
dollar_broad,2024-10-04,2024-10-11,122.2197,https://fred.stlouisfed.org/graph/fredgraph.csv?id=DTWEXBGS,2026-10-08
dollar_broad,2024-10-07,2024-10-14,122.4241,https://fred.stlouisfed.org/graph/fredgraph.csv?id=DTWEXBGS,2026-10-08
dollar_broad,2024-10-08,2024-10-15,122.6625,https://fred.stlouisfed.org/graph/fredgraph.csv?id=DTWEXBGS,2026-10-08
dollar_broad,2024-10-09,2024-10-16,122.8821,https://fred.stlouisfed.org/graph/fredgraph.csv?id=DTWEXBGS,2026-10-08
dollar_broad,2024-10-10,2024-10-17,123.0951,https://fred.stlouisfed.org/graph/fredgraph.csv?id=DTWEXBGS,2026-10-08
dollar_broad,2024-10-11,2024-10-18,122.9805,https://fred.stlouisfed.org/graph/fredgraph.csv?id=DTWEXBGS,2026-10-08
dollar_broad,2024-10-15,2024-10-22,123.5124,https://fred.stlouisfed.org/graph/fredgraph.csv?id=DTWEXBGS,2026-10-08
dollar_broad,2024-10-16,2024-10-23,123.9235,https://fred.stlouisfed.org/graph/fredgraph.csv?id=DTWEXBGS,2026-10-08
dollar_broad,2024-10-17,2024-10-24,124.1122,https://fred.stlouisfed.org/graph/fredgraph.csv?id=DTWEXBGS,2026-10-08
dollar_broad,2024-10-18,2024-10-25,123.9185,https://fred.stlouisfed.org/graph/fredgraph.csv?id=DTWEXBGS,2026-10-08
dollar_broad,2024-10-21,2024-10-28,124.4757,https://fred.stlouisfed.org/graph/fredgraph.csv?id=DTWEXBGS,2026-10-08
dollar_broad,2024-10-22,2024-10-29,124.4107,https://fred.stlouisfed.org/graph/fredgraph.csv?id=DTWEXBGS,2026-10-08
dollar_broad,2024-10-23,2024-10-30,124.6931,https://fred.stlouisfed.org/graph/fredgraph.csv?id=DTWEXBGS,2026-10-08
dollar_broad,2024-10-24,2024-10-31,124.5127,https://fred.stlouisfed.org/graph/fredgraph.csv?id=DTWEXBGS,2026-10-08
dollar_broad,2024-10-25,2024-11-01,124.6105,https://fred.stlouisfed.org/graph/fredgraph.csv?id=DTWEXBGS,2026-10-08
dollar_broad,2024-10-28,2024-11-04,124.8076,https://fred.stlouisfed.org/graph/fredgraph.csv?id=DTWEXBGS,2026-10-08
dollar_broad,2024-10-29,2024-11-05,124.8612,https://fred.stlouisfed.org/graph/fredgraph.csv?id=DTWEXBGS,2026-10-08
dollar_broad,2024-10-30,2024-11-06,124.8153,https://fred.stlouisfed.org/graph/fredgraph.csv?id=DTWEXBGS,2026-10-08
dollar_broad,2024-10-31,2024-11-07,124.7988,https://fred.stlouisfed.org/graph/fredgraph.csv?id=DTWEXBGS,2026-10-08
dollar_broad,2024-11-01,2024-11-08,124.8076,https://fred.stlouisfed.org/graph/fredgraph.csv?id=DTWEXBGS,2026-10-08
dollar_broad,2024-11-04,2024-11-11,124.5903,https://fred.stlouisfed.org/graph/fredgraph.csv?id=DTWEXBGS,2026-10-08
dollar_broad,2024-11-05,2024-11-12,124.5532,https://fred.stlouisfed.org/graph/fredgraph.csv?id=DTWEXBGS,2026-10-08
dollar_broad,2024-11-06,2024-11-13,125.7035,https://fred.stlouisfed.org/graph/fredgraph.csv?id=DTWEXBGS,2026-10-08
dollar_broad,2024-11-07,2024-11-14,124.775,https://fred.stlouisfed.org/graph/fredgraph.csv?id=DTWEXBGS,2026-10-08
dollar_broad,2024-11-08,2024-11-15,125.5811,https://fred.stlouisfed.org/graph/fredgraph.csv?id=DTWEXBGS,2026-10-08
dollar_broad,2024-11-12,2024-11-19,126.7762,https://fred.stlouisfed.org/graph/fredgraph.csv?id=DTWEXBGS,2026-10-08
dollar_broad,2024-11-13,2024-11-20,126.9572,https://fred.stlouisfed.org/graph/fredgraph.csv?id=DTWEXBGS,2026-10-08
dollar_broad,2024-11-14,2024-11-21,127.0015,https://fred.stlouisfed.org/graph/fredgraph.csv?id=DTWEXBGS,2026-10-08
dollar_broad,2024-11-15,2024-11-22,126.8848,https://fred.stlouisfed.org/graph/fredgraph.csv?id=DTWEXBGS,2026-10-08
dollar_broad,2024-11-18,2024-11-25,126.6045,https://fred.stlouisfed.org/graph/fredgraph.csv?id=DTWEXBGS,2026-10-08
dollar_broad,2024-11-19,2024-11-26,126.3994,https://fred.stlouisfed.org/graph/fredgraph.csv?id=DTWEXBGS,2026-10-08
dollar_broad,2024-11-20,2024-11-27,126.88,https://fred.stlouisfed.org/graph/fredgraph.csv?id=DTWEXBGS,2026-10-08
dollar_broad,2024-11-21,2024-11-28,127.1047,https://fred.stlouisfed.org/graph/fredgraph.csv?id=DTWEXBGS,2026-10-08
dollar_broad,2024-11-22,2024-11-29,127.4712,https://fred.stlouisfed.org/graph/fredgraph.csv?id=DTWEXBGS,2026-10-08
dollar_broad,2024-11-25,2024-12-02,126.9948,https://fred.stlouisfed.org/graph/fredgraph.csv?id=DTWEXBGS,2026-10-08
dollar_broad,2024-11-26,2024-12-03,127.4301,https://fred.stlouisfed.org/graph/fredgraph.csv?id=DTWEXBGS,2026-10-08
dollar_broad,2024-11-27,2024-12-04,126.8205,https://fred.stlouisfed.org/graph/fredgraph.csv?id=DTWEXBGS,2026-10-08
dollar_broad,2024-11-29,2024-12-06,126.5798,https://fred.stlouisfed.org/graph/fredgraph.csv?id=DTWEXBGS,2026-10-08
dollar_broad,2024-12-02,2024-12-09,127.1272,https://fred.stlouisfed.org/graph/fredgraph.csv?id=DTWEXBGS,2026-10-08
dollar_broad,2024-12-03,2024-12-10,126.9565,https://fred.stlouisfed.org/graph/fredgraph.csv?id=DTWEXBGS,2026-10-08
dollar_broad,2024-12-04,2024-12-11,126.7574,https://fred.stlouisfed.org/graph/fredgraph.csv?id=DTWEXBGS,2026-10-08
dollar_broad,2024-12-05,2024-12-12,126.4286,https://fred.stlouisfed.org/graph/fredgraph.csv?id=DTWEXBGS,2026-10-08
dollar_broad,2024-12-06,2024-12-13,126.688,https://fred.stlouisfed.org/graph/fredgraph.csv?id=DTWEXBGS,2026-10-08
dollar_broad,2024-12-09,2024-12-16,126.5981,https://fred.stlouisfed.org/graph/fredgraph.csv?id=DTWEXBGS,2026-10-08
dollar_broad,2024-12-10,2024-12-17,126.957,https://fred.stlouisfed.org/graph/fredgraph.csv?id=DTWEXBGS,2026-10-08
dollar_broad,2024-12-11,2024-12-18,126.8483,https://fred.stlouisfed.org/graph/fredgraph.csv?id=DTWEXBGS,2026-10-08
dollar_broad,2024-12-12,2024-12-19,126.9556,https://fred.stlouisfed.org/graph/fredgraph.csv?id=DTWEXBGS,2026-10-08
dollar_broad,2024-12-13,2024-12-20,127.3096,https://fred.stlouisfed.org/graph/fredgraph.csv?id=DTWEXBGS,2026-10-08
dollar_broad,2024-12-16,2024-12-23,127.2687,https://fred.stlouisfed.org/graph/fredgraph.csv?id=DTWEXBGS,2026-10-08
dollar_broad,2024-12-17,2024-12-24,127.5043,https://fred.stlouisfed.org/graph/fredgraph.csv?id=DTWEXBGS,2026-10-08
dollar_broad,2024-12-18,2024-12-25,127.6418,https://fred.stlouisfed.org/graph/fredgraph.csv?id=DTWEXBGS,2026-10-08
dollar_broad,2024-12-19,2024-12-26,128.6366,https://fred.stlouisfed.org/graph/fredgraph.csv?id=DTWEXBGS,2026-10-08
dollar_broad,2024-12-20,2024-12-27,127.893,https://fred.stlouisfed.org/graph/fredgraph.csv?id=DTWEXBGS,2026-10-08
dollar_broad,2024-12-23,2024-12-30,128.3021,https://fred.stlouisfed.org/graph/fredgraph.csv?id=DTWEXBGS,2026-10-08
dollar_broad,2024-12-24,2024-12-31,128.3377,https://fred.stlouisfed.org/graph/fredgraph.csv?id=DTWEXBGS,2026-10-08
dollar_broad,2024-12-26,2025-01-02,128.3329,https://fred.stlouisfed.org/graph/fredgraph.csv?id=DTWEXBGS,2026-10-08
dollar_broad,2024-12-27,2025-01-03,128.45,https://fred.stlouisfed.org/graph/fredgraph.csv?id=DTWEXBGS,2026-10-08
dollar_broad,2024-12-30,2025-01-06,128.8205,https://fred.stlouisfed.org/graph/fredgraph.csv?id=DTWEXBGS,2026-10-08
dollar_broad,2024-12-31,2025-01-07,129.2775,https://fred.stlouisfed.org/graph/fredgraph.csv?id=DTWEXBGS,2026-10-08
dollar_broad,2025-01-02,2025-01-09,129.4598,https://fred.stlouisfed.org/graph/fredgraph.csv?id=DTWEXBGS,2026-10-08
dollar_broad,2025-01-03,2025-01-10,129.4535,https://fred.stlouisfed.org/graph/fredgraph.csv?id=DTWEXBGS,2026-10-08
dollar_broad,2025-01-06,2025-01-13,128.538,https://fred.stlouisfed.org/graph/fredgraph.csv?id=DTWEXBGS,2026-10-08
dollar_broad,2025-01-07,2025-01-14,128.613,https://fred.stlouisfed.org/graph/fredgraph.csv?id=DTWEXBGS,2026-10-08
dollar_broad,2025-01-08,2025-01-15,129.0785,https://fred.stlouisfed.org/graph/fredgraph.csv?id=DTWEXBGS,2026-10-08
dollar_broad,2025-01-09,2025-01-16,129.2827,https://fred.stlouisfed.org/graph/fredgraph.csv?id=DTWEXBGS,2026-10-08
dollar_broad,2025-01-10,2025-01-17,129.8664,https://fred.stlouisfed.org/graph/fredgraph.csv?id=DTWEXBGS,2026-10-08
dollar_broad,2025-01-13,2025-01-20,130.0413,https://fred.stlouisfed.org/graph/fredgraph.csv?id=DTWEXBGS,2026-10-08
dollar_broad,2025-01-14,2025-01-21,129.3812,https://fred.stlouisfed.org/graph/fredgraph.csv?id=DTWEXBGS,2026-10-08
dollar_broad,2025-01-15,2025-01-22,129.2092,https://fred.stlouisfed.org/graph/fredgraph.csv?id=DTWEXBGS,2026-10-08
dollar_broad,2025-01-16,2025-01-23,129.436,https://fred.stlouisfed.org/graph/fredgraph.csv?id=DTWEXBGS,2026-10-08
dollar_broad,2025-01-17,2025-01-24,129.4859,https://fred.stlouisfed.org/graph/fredgraph.csv?id=DTWEXBGS,2026-10-08
dollar_broad,2025-01-21,2025-01-28,128.4151,https://fred.stlouisfed.org/graph/fredgraph.csv?id=DTWEXBGS,2026-10-08
dollar_broad,2025-01-22,2025-01-29,128.3402,https://fred.stlouisfed.org/graph/fredgraph.csv?id=DTWEXBGS,2026-10-08
dollar_broad,2025-01-23,2025-01-30,128.2162,https://fred.stlouisfed.org/graph/fredgraph.csv?id=DTWEXBGS,2026-10-08
dollar_broad,2025-01-24,2025-01-31,127.4611,https://fred.stlouisfed.org/graph/fredgraph.csv?id=DTWEXBGS,2026-10-08
dollar_broad,2025-01-27,2025-02-03,128.0912,https://fred.stlouisfed.org/graph/fredgraph.csv?id=DTWEXBGS,2026-10-08
dollar_broad,2025-01-28,2025-02-04,128.2817,https://fred.stlouisfed.org/graph/fredgraph.csv?id=DTWEXBGS,2026-10-08
dollar_broad,2025-01-29,2025-02-05,128.3418,https://fred.stlouisfed.org/graph/fredgraph.csv?id=DTWEXBGS,2026-10-08
dollar_broad,2025-01-30,2025-02-06,128.1004,https://fred.stlouisfed.org/graph/fredgraph.csv?id=DTWEXBGS,2026-10-08
dollar_broad,2025-01-31,2025-02-07,128.4828,https://fred.stlouisfed.org/graph/fredgraph.csv?id=DTWEXBGS,2026-10-08
dollar_broad,2025-02-03,2025-02-10,129.109,https://fred.stlouisfed.org/graph/fredgraph.csv?id=DTWEXBGS,2026-10-08
dollar_broad,2025-02-04,2025-02-11,128.1083,https://fred.stlouisfed.org/graph/fredgraph.csv?id=DTWEXBGS,2026-10-08
dollar_broad,2025-02-05,2025-02-12,127.9751,https://fred.stlouisfed.org/graph/fredgraph.csv?id=DTWEXBGS,2026-10-08
dollar_broad,2025-02-06,2025-02-13,128.2017,https://fred.stlouisfed.org/graph/fredgraph.csv?id=DTWEXBGS,2026-10-08
dollar_broad,2025-02-07,2025-02-14,128.4292,https://fred.stlouisfed.org/graph/fredgraph.csv?id=DTWEXBGS,2026-10-08
dollar_broad,2025-02-10,2025-02-17,128.6382,https://fred.stlouisfed.org/graph/fredgraph.csv?id=DTWEXBGS,2026-10-08
dollar_broad,2025-02-11,2025-02-18,128.4322,https://fred.stlouisfed.org/graph/fredgraph.csv?id=DTWEXBGS,2026-10-08
dollar_broad,2025-02-12,2025-02-19,128.3288,https://fred.stlouisfed.org/graph/fredgraph.csv?id=DTWEXBGS,2026-10-08
dollar_broad,2025-02-13,2025-02-20,127.8931,https://fred.stlouisfed.org/graph/fredgraph.csv?id=DTWEXBGS,2026-10-08
dollar_broad,2025-02-14,2025-02-21,127.1491,https://fred.stlouisfed.org/graph/fredgraph.csv?id=DTWEXBGS,2026-10-08
dollar_broad,2025-02-18,2025-02-25,127.2906,https://fred.stlouisfed.org/graph/fredgraph.csv?id=DTWEXBGS,2026-10-08
dollar_broad,2025-02-19,2025-02-26,127.7317,https://fred.stlouisfed.org/graph/fredgraph.csv?id=DTWEXBGS,2026-10-08
dollar_broad,2025-02-20,2025-02-27,127.1126,https://fred.stlouisfed.org/graph/fredgraph.csv?id=DTWEXBGS,2026-10-08
dollar_broad,2025-02-21,2025-02-28,127.1408,https://fred.stlouisfed.org/graph/fredgraph.csv?id=DTWEXBGS,2026-10-08
dollar_broad,2025-02-24,2025-03-03,127.1921,https://fred.stlouisfed.org/graph/fredgraph.csv?id=DTWEXBGS,2026-10-08
dollar_broad,2025-02-25,2025-03-04,127.3752,https://fred.stlouisfed.org/graph/fredgraph.csv?id=DTWEXBGS,2026-10-08
dollar_broad,2025-02-26,2025-03-05,127.2822,https://fred.stlouisfed.org/graph/fredgraph.csv?id=DTWEXBGS,2026-10-08
dollar_broad,2025-02-27,2025-03-06,127.9704,https://fred.stlouisfed.org/graph/fredgraph.csv?id=DTWEXBGS,2026-10-08
dollar_broad,2025-02-28,2025-03-07,128.2805,https://fred.stlouisfed.org/graph/fredgraph.csv?id=DTWEXBGS,2026-10-08
dollar_broad,2025-03-03,2025-03-10,127.75,https://fred.stlouisfed.org/graph/fredgraph.csv?id=DTWEXBGS,2026-10-08
dollar_broad,2025-03-04,2025-03-11,127.9966,https://fred.stlouisfed.org/graph/fredgraph.csv?id=DTWEXBGS,2026-10-08
dollar_broad,2025-03-05,2025-03-12,126.504,https://fred.stlouisfed.org/graph/fredgraph.csv?id=DTWEXBGS,2026-10-08
dollar_broad,2025-03-06,2025-03-13,126.1099,https://fred.stlouisfed.org/graph/fredgraph.csv?id=DTWEXBGS,2026-10-08
dollar_broad,2025-03-07,2025-03-14,125.9814,https://fred.stlouisfed.org/graph/fredgraph.csv?id=DTWEXBGS,2026-10-08
dollar_broad,2025-03-10,2025-03-17,126.268,https://fred.stlouisfed.org/graph/fredgraph.csv?id=DTWEXBGS,2026-10-08
dollar_broad,2025-03-11,2025-03-18,126.0457,https://fred.stlouisfed.org/graph/fredgraph.csv?id=DTWEXBGS,2026-10-08
dollar_broad,2025-03-12,2025-03-19,125.8664,https://fred.stlouisfed.org/graph/fredgraph.csv?id=DTWEXBGS,2026-10-08
dollar_broad,2025-03-13,2025-03-20,126.0031,https://fred.stlouisfed.org/graph/fredgraph.csv?id=DTWEXBGS,2026-10-08
dollar_broad,2025-03-14,2025-03-21,125.6942,https://fred.stlouisfed.org/graph/fredgraph.csv?id=DTWEXBGS,2026-10-08
dollar_broad,2025-03-17,2025-03-24,125.3688,https://fred.stlouisfed.org/graph/fredgraph.csv?id=DTWEXBGS,2026-10-08
dollar_broad,2025-03-18,2025-03-25,125.488,https://fred.stlouisfed.org/graph/fredgraph.csv?id=DTWEXBGS,2026-10-08
dollar_broad,2025-03-19,2025-03-26,125.8006,https://fred.stlouisfed.org/graph/fredgraph.csv?id=DTWEXBGS,2026-10-08
dollar_broad,2025-03-20,2025-03-27,125.985,https://fred.stlouisfed.org/graph/fredgraph.csv?id=DTWEXBGS,2026-10-08
dollar_broad,2025-03-21,2025-03-28,126.2679,https://fred.stlouisfed.org/graph/fredgraph.csv?id=DTWEXBGS,2026-10-08
dollar_broad,2025-03-24,2025-03-31,126.1956,https://fred.stlouisfed.org/graph/fredgraph.csv?id=DTWEXBGS,2026-10-08
dollar_broad,2025-03-25,2025-04-01,126.0535,https://fred.stlouisfed.org/graph/fredgraph.csv?id=DTWEXBGS,2026-10-08
dollar_broad,2025-03-26,2025-04-02,126.2364,https://fred.stlouisfed.org/graph/fredgraph.csv?id=DTWEXBGS,2026-10-08
dollar_broad,2025-03-27,2025-04-03,126.3626,https://fred.stlouisfed.org/graph/fredgraph.csv?id=DTWEXBGS,2026-10-08
dollar_broad,2025-03-28,2025-04-04,126.4187,https://fred.stlouisfed.org/graph/fredgraph.csv?id=DTWEXBGS,2026-10-08
dollar_broad,2025-03-31,2025-04-07,126.7075,https://fred.stlouisfed.org/graph/fredgraph.csv?id=DTWEXBGS,2026-10-08
dollar_broad,2025-04-01,2025-04-08,126.4338,https://fred.stlouisfed.org/graph/fredgraph.csv?id=DTWEXBGS,2026-10-08
dollar_broad,2025-04-02,2025-04-09,126.3811,https://fred.stlouisfed.org/graph/fredgraph.csv?id=DTWEXBGS,2026-10-08
dollar_broad,2025-04-03,2025-04-10,124.7316,https://fred.stlouisfed.org/graph/fredgraph.csv?id=DTWEXBGS,2026-10-08
dollar_broad,2025-04-04,2025-04-11,125.8129,https://fred.stlouisfed.org/graph/fredgraph.csv?id=DTWEXBGS,2026-10-08
dollar_broad,2025-04-07,2025-04-14,126.8282,https://fred.stlouisfed.org/graph/fredgraph.csv?id=DTWEXBGS,2026-10-08
dollar_broad,2025-04-08,2025-04-15,126.8668,https://fred.stlouisfed.org/graph/fredgraph.csv?id=DTWEXBGS,2026-10-08
dollar_broad,2025-04-09,2025-04-16,126.628,https://fred.stlouisfed.org/graph/fredgraph.csv?id=DTWEXBGS,2026-10-08
dollar_broad,2025-04-10,2025-04-17,125.089,https://fred.stlouisfed.org/graph/fredgraph.csv?id=DTWEXBGS,2026-10-08
dollar_broad,2025-04-11,2025-04-18,124.0163,https://fred.stlouisfed.org/graph/fredgraph.csv?id=DTWEXBGS,2026-10-08
dollar_broad,2025-04-14,2025-04-21,123.6598,https://fred.stlouisfed.org/graph/fredgraph.csv?id=DTWEXBGS,2026-10-08
dollar_broad,2025-04-15,2025-04-22,123.776,https://fred.stlouisfed.org/graph/fredgraph.csv?id=DTWEXBGS,2026-10-08
dollar_broad,2025-04-16,2025-04-23,123.2724,https://fred.stlouisfed.org/graph/fredgraph.csv?id=DTWEXBGS,2026-10-08
dollar_broad,2025-04-17,2025-04-24,123.1298,https://fred.stlouisfed.org/graph/fredgraph.csv?id=DTWEXBGS,2026-10-08
dollar_broad,2025-04-18,2025-04-25,122.9865,https://fred.stlouisfed.org/graph/fredgraph.csv?id=DTWEXBGS,2026-10-08
dollar_broad,2025-04-21,2025-04-28,122.3145,https://fred.stlouisfed.org/graph/fredgraph.csv?id=DTWEXBGS,2026-10-08
dollar_broad,2025-04-22,2025-04-29,122.4175,https://fred.stlouisfed.org/graph/fredgraph.csv?id=DTWEXBGS,2026-10-08
dollar_broad,2025-04-23,2025-04-30,123.0252,https://fred.stlouisfed.org/graph/fredgraph.csv?id=DTWEXBGS,2026-10-08
dollar_broad,2025-04-24,2025-05-01,122.9251,https://fred.stlouisfed.org/graph/fredgraph.csv?id=DTWEXBGS,2026-10-08
dollar_broad,2025-04-25,2025-05-02,122.8858,https://fred.stlouisfed.org/graph/fredgraph.csv?id=DTWEXBGS,2026-10-08
dollar_broad,2025-04-28,2025-05-05,122.7176,https://fred.stlouisfed.org/graph/fredgraph.csv?id=DTWEXBGS,2026-10-08
dollar_broad,2025-04-29,2025-05-06,122.5944,https://fred.stlouisfed.org/graph/fredgraph.csv?id=DTWEXBGS,2026-10-08
dollar_broad,2025-04-30,2025-05-07,122.5921,https://fred.stlouisfed.org/graph/fredgraph.csv?id=DTWEXBGS,2026-10-08
dollar_broad,2025-05-01,2025-05-08,123.1405,https://fred.stlouisfed.org/graph/fredgraph.csv?id=DTWEXBGS,2026-10-08
dollar_broad,2025-05-02,2025-05-09,122.4962,https://fred.stlouisfed.org/graph/fredgraph.csv?id=DTWEXBGS,2026-10-08
dollar_broad,2025-05-05,2025-05-12,122.2613,https://fred.stlouisfed.org/graph/fredgraph.csv?id=DTWEXBGS,2026-10-08
dollar_broad,2025-05-06,2025-05-13,122.0417,https://fred.stlouisfed.org/graph/fredgraph.csv?id=DTWEXBGS,2026-10-08
dollar_broad,2025-05-07,2025-05-14,122.117,https://fred.stlouisfed.org/graph/fredgraph.csv?id=DTWEXBGS,2026-10-08
dollar_broad,2025-05-08,2025-05-15,122.7568,https://fred.stlouisfed.org/graph/fredgraph.csv?id=DTWEXBGS,2026-10-08
dollar_broad,2025-05-09,2025-05-16,122.5191,https://fred.stlouisfed.org/graph/fredgraph.csv?id=DTWEXBGS,2026-10-08
dollar_broad,2025-05-12,2025-05-19,123.4863,https://fred.stlouisfed.org/graph/fredgraph.csv?id=DTWEXBGS,2026-10-08
dollar_broad,2025-05-13,2025-05-20,122.9583,https://fred.stlouisfed.org/graph/fredgraph.csv?id=DTWEXBGS,2026-10-08
dollar_broad,2025-05-14,2025-05-21,122.6746,https://fred.stlouisfed.org/graph/fredgraph.csv?id=DTWEXBGS,2026-10-08
dollar_broad,2025-05-15,2025-05-22,122.8174,https://fred.stlouisfed.org/graph/fredgraph.csv?id=DTWEXBGS,2026-10-08
dollar_broad,2025-05-16,2025-05-23,123.0737,https://fred.stlouisfed.org/graph/fredgraph.csv?id=DTWEXBGS,2026-10-08
dollar_broad,2025-05-19,2025-05-26,122.4186,https://fred.stlouisfed.org/graph/fredgraph.csv?id=DTWEXBGS,2026-10-08
dollar_broad,2025-05-20,2025-05-27,122.3199,https://fred.stlouisfed.org/graph/fredgraph.csv?id=DTWEXBGS,2026-10-08
dollar_broad,2025-05-21,2025-05-28,121.7496,https://fred.stlouisfed.org/graph/fredgraph.csv?id=DTWEXBGS,2026-10-08
dollar_broad,2025-05-22,2025-05-29,122.0429,https://fred.stlouisfed.org/graph/fredgraph.csv?id=DTWEXBGS,2026-10-08
dollar_broad,2025-05-23,2025-05-30,121.3837,https://fred.stlouisfed.org/graph/fredgraph.csv?id=DTWEXBGS,2026-10-08
dollar_broad,2025-05-27,2025-06-03,121.6099,https://fred.stlouisfed.org/graph/fredgraph.csv?id=DTWEXBGS,2026-10-08
dollar_broad,2025-05-28,2025-06-04,121.9888,https://fred.stlouisfed.org/graph/fredgraph.csv?id=DTWEXBGS,2026-10-08
dollar_broad,2025-05-29,2025-06-05,121.5617,https://fred.stlouisfed.org/graph/fredgraph.csv?id=DTWEXBGS,2026-10-08
dollar_broad,2025-05-30,2025-06-06,121.7674,https://fred.stlouisfed.org/graph/fredgraph.csv?id=DTWEXBGS,2026-10-08
dollar_broad,2025-06-02,2025-06-09,121.1881,https://fred.stlouisfed.org/graph/fredgraph.csv?id=DTWEXBGS,2026-10-08
dollar_broad,2025-06-03,2025-06-10,121.4592,https://fred.stlouisfed.org/graph/fredgraph.csv?id=DTWEXBGS,2026-10-08
dollar_broad,2025-06-04,2025-06-11,121.0539,https://fred.stlouisfed.org/graph/fredgraph.csv?id=DTWEXBGS,2026-10-08
dollar_broad,2025-06-05,2025-06-12,120.9596,https://fred.stlouisfed.org/graph/fredgraph.csv?id=DTWEXBGS,2026-10-08
dollar_broad,2025-06-06,2025-06-13,121.161,https://fred.stlouisfed.org/graph/fredgraph.csv?id=DTWEXBGS,2026-10-08
dollar_broad,2025-06-09,2025-06-16,120.9103,https://fred.stlouisfed.org/graph/fredgraph.csv?id=DTWEXBGS,2026-10-08
dollar_broad,2025-06-10,2025-06-17,121.0485,https://fred.stlouisfed.org/graph/fredgraph.csv?id=DTWEXBGS,2026-10-08
dollar_broad,2025-06-11,2025-06-18,120.587,https://fred.stlouisfed.org/graph/fredgraph.csv?id=DTWEXBGS,2026-10-08
dollar_broad,2025-06-12,2025-06-19,120.1723,https://fred.stlouisfed.org/graph/fredgraph.csv?id=DTWEXBGS,2026-10-08
dollar_broad,2025-06-13,2025-06-20,120.3245,https://fred.stlouisfed.org/graph/fredgraph.csv?id=DTWEXBGS,2026-10-08
dollar_broad,2025-06-16,2025-06-23,120.1565,https://fred.stlouisfed.org/graph/fredgraph.csv?id=DTWEXBGS,2026-10-08
dollar_broad,2025-06-17,2025-06-24,120.5048,https://fred.stlouisfed.org/graph/fredgraph.csv?id=DTWEXBGS,2026-10-08
dollar_broad,2025-06-18,2025-06-25,120.7305,https://fred.stlouisfed.org/graph/fredgraph.csv?id=DTWEXBGS,2026-10-08
dollar_broad,2025-06-20,2025-06-27,121.0408,https://fred.stlouisfed.org/graph/fredgraph.csv?id=DTWEXBGS,2026-10-08
dollar_broad,2025-06-23,2025-06-30,121.1694,https://fred.stlouisfed.org/graph/fredgraph.csv?id=DTWEXBGS,2026-10-08
dollar_broad,2025-06-24,2025-07-01,120.3645,https://fred.stlouisfed.org/graph/fredgraph.csv?id=DTWEXBGS,2026-10-08
dollar_broad,2025-06-25,2025-07-02,120.3336,https://fred.stlouisfed.org/graph/fredgraph.csv?id=DTWEXBGS,2026-10-08
dollar_broad,2025-06-26,2025-07-03,119.6451,https://fred.stlouisfed.org/graph/fredgraph.csv?id=DTWEXBGS,2026-10-08
dollar_broad,2025-06-27,2025-07-04,119.659,https://fred.stlouisfed.org/graph/fredgraph.csv?id=DTWEXBGS,2026-10-08
dollar_broad,2025-06-30,2025-07-07,119.4088,https://fred.stlouisfed.org/graph/fredgraph.csv?id=DTWEXBGS,2026-10-08
dollar_broad,2025-07-01,2025-07-08,119.3436,https://fred.stlouisfed.org/graph/fredgraph.csv?id=DTWEXBGS,2026-10-08
dollar_broad,2025-07-02,2025-07-09,119.3037,https://fred.stlouisfed.org/graph/fredgraph.csv?id=DTWEXBGS,2026-10-08
dollar_broad,2025-07-03,2025-07-10,119.2382,https://fred.stlouisfed.org/graph/fredgraph.csv?id=DTWEXBGS,2026-10-08
dollar_broad,2025-07-07,2025-07-14,119.6201,https://fred.stlouisfed.org/graph/fredgraph.csv?id=DTWEXBGS,2026-10-08
dollar_broad,2025-07-08,2025-07-15,119.8371,https://fred.stlouisfed.org/graph/fredgraph.csv?id=DTWEXBGS,2026-10-08
dollar_broad,2025-07-09,2025-07-16,119.7311,https://fred.stlouisfed.org/graph/fredgraph.csv?id=DTWEXBGS,2026-10-08
dollar_broad,2025-07-10,2025-07-17,119.8343,https://fred.stlouisfed.org/graph/fredgraph.csv?id=DTWEXBGS,2026-10-08
dollar_broad,2025-07-11,2025-07-18,119.9214,https://fred.stlouisfed.org/graph/fredgraph.csv?id=DTWEXBGS,2026-10-08
dollar_broad,2025-07-14,2025-07-21,120.2209,https://fred.stlouisfed.org/graph/fredgraph.csv?id=DTWEXBGS,2026-10-08
dollar_broad,2025-07-15,2025-07-22,120.5105,https://fred.stlouisfed.org/graph/fredgraph.csv?id=DTWEXBGS,2026-10-08
dollar_broad,2025-07-16,2025-07-23,120.4175,https://fred.stlouisfed.org/graph/fredgraph.csv?id=DTWEXBGS,2026-10-08
dollar_broad,2025-07-17,2025-07-24,120.6384,https://fred.stlouisfed.org/graph/fredgraph.csv?id=DTWEXBGS,2026-10-08
dollar_broad,2025-07-18,2025-07-25,120.356,https://fred.stlouisfed.org/graph/fredgraph.csv?id=DTWEXBGS,2026-10-08
dollar_broad,2025-07-21,2025-07-28,119.9961,https://fred.stlouisfed.org/graph/fredgraph.csv?id=DTWEXBGS,2026-10-08
dollar_broad,2025-07-22,2025-07-29,119.681,https://fred.stlouisfed.org/graph/fredgraph.csv?id=DTWEXBGS,2026-10-08
dollar_broad,2025-07-23,2025-07-30,119.5697,https://fred.stlouisfed.org/graph/fredgraph.csv?id=DTWEXBGS,2026-10-08
dollar_broad,2025-07-24,2025-07-31,119.5664,https://fred.stlouisfed.org/graph/fredgraph.csv?id=DTWEXBGS,2026-10-08
dollar_broad,2025-07-25,2025-08-01,119.9857,https://fred.stlouisfed.org/graph/fredgraph.csv?id=DTWEXBGS,2026-10-08
dollar_broad,2025-07-28,2025-08-04,120.6149,https://fred.stlouisfed.org/graph/fredgraph.csv?id=DTWEXBGS,2026-10-08
dollar_broad,2025-07-29,2025-08-05,120.9674,https://fred.stlouisfed.org/graph/fredgraph.csv?id=DTWEXBGS,2026-10-08
dollar_broad,2025-07-30,2025-08-06,121.4042,https://fred.stlouisfed.org/graph/fredgraph.csv?id=DTWEXBGS,2026-10-08
dollar_broad,2025-07-31,2025-08-07,121.721,https://fred.stlouisfed.org/graph/fredgraph.csv?id=DTWEXBGS,2026-10-08
dollar_broad,2025-08-01,2025-08-08,121.2122,https://fred.stlouisfed.org/graph/fredgraph.csv?id=DTWEXBGS,2026-10-08
dollar_broad,2025-08-04,2025-08-11,120.9859,https://fred.stlouisfed.org/graph/fredgraph.csv?id=DTWEXBGS,2026-10-08
dollar_broad,2025-08-05,2025-08-12,120.9082,https://fred.stlouisfed.org/graph/fredgraph.csv?id=DTWEXBGS,2026-10-08
dollar_broad,2025-08-06,2025-08-13,120.5082,https://fred.stlouisfed.org/graph/fredgraph.csv?id=DTWEXBGS,2026-10-08
dollar_broad,2025-08-07,2025-08-14,120.5043,https://fred.stlouisfed.org/graph/fredgraph.csv?id=DTWEXBGS,2026-10-08
dollar_broad,2025-08-08,2025-08-15,120.3329,https://fred.stlouisfed.org/graph/fredgraph.csv?id=DTWEXBGS,2026-10-08
dollar_broad,2025-08-11,2025-08-18,120.6892,https://fred.stlouisfed.org/graph/fredgraph.csv?id=DTWEXBGS,2026-10-08
dollar_broad,2025-08-12,2025-08-19,120.2736,https://fred.stlouisfed.org/graph/fredgraph.csv?id=DTWEXBGS,2026-10-08
dollar_broad,2025-08-13,2025-08-20,120.13,https://fred.stlouisfed.org/graph/fredgraph.csv?id=DTWEXBGS,2026-10-08
dollar_broad,2025-08-14,2025-08-21,120.6446,https://fred.stlouisfed.org/graph/fredgraph.csv?id=DTWEXBGS,2026-10-08
dollar_broad,2025-08-15,2025-08-22,120.3377,https://fred.stlouisfed.org/graph/fredgraph.csv?id=DTWEXBGS,2026-10-08
dollar_broad,2025-08-18,2025-08-25,120.5622,https://fred.stlouisfed.org/graph/fredgraph.csv?id=DTWEXBGS,2026-10-08
dollar_broad,2025-08-19,2025-08-26,120.7224,https://fred.stlouisfed.org/graph/fredgraph.csv?id=DTWEXBGS,2026-10-08
dollar_broad,2025-08-20,2025-08-27,120.7757,https://fred.stlouisfed.org/graph/fredgraph.csv?id=DTWEXBGS,2026-10-08
dollar_broad,2025-08-21,2025-08-28,121.0843,https://fred.stlouisfed.org/graph/fredgraph.csv?id=DTWEXBGS,2026-10-08
dollar_broad,2025-08-22,2025-08-29,120.2774,https://fred.stlouisfed.org/graph/fredgraph.csv?id=DTWEXBGS,2026-10-08
dollar_broad,2025-08-25,2025-09-01,120.4214,https://fred.stlouisfed.org/graph/fredgraph.csv?id=DTWEXBGS,2026-10-08
dollar_broad,2025-08-26,2025-09-02,120.5274,https://fred.stlouisfed.org/graph/fredgraph.csv?id=DTWEXBGS,2026-10-08
dollar_broad,2025-08-27,2025-09-03,120.7274,https://fred.stlouisfed.org/graph/fredgraph.csv?id=DTWEXBGS,2026-10-08
dollar_broad,2025-08-28,2025-09-04,120.2595,https://fred.stlouisfed.org/graph/fredgraph.csv?id=DTWEXBGS,2026-10-08
dollar_broad,2025-08-29,2025-09-05,120.2082,https://fred.stlouisfed.org/graph/fredgraph.csv?id=DTWEXBGS,2026-10-08
dollar_broad,2025-09-02,2025-09-09,120.6837,https://fred.stlouisfed.org/graph/fredgraph.csv?id=DTWEXBGS,2026-10-08
dollar_broad,2025-09-03,2025-09-10,120.5052,https://fred.stlouisfed.org/graph/fredgraph.csv?id=DTWEXBGS,2026-10-08
dollar_broad,2025-09-04,2025-09-11,120.7629,https://fred.stlouisfed.org/graph/fredgraph.csv?id=DTWEXBGS,2026-10-08
dollar_broad,2025-09-05,2025-09-12,120.1282,https://fred.stlouisfed.org/graph/fredgraph.csv?id=DTWEXBGS,2026-10-08
dollar_broad,2025-09-08,2025-09-15,120.0971,https://fred.stlouisfed.org/graph/fredgraph.csv?id=DTWEXBGS,2026-10-08
dollar_broad,2025-09-09,2025-09-16,120.1569,https://fred.stlouisfed.org/graph/fredgraph.csv?id=DTWEXBGS,2026-10-08
dollar_broad,2025-09-10,2025-09-17,120.1223,https://fred.stlouisfed.org/graph/fredgraph.csv?id=DTWEXBGS,2026-10-08
dollar_broad,2025-09-11,2025-09-18,119.9534,https://fred.stlouisfed.org/graph/fredgraph.csv?id=DTWEXBGS,2026-10-08
dollar_broad,2025-09-12,2025-09-19,120.0611,https://fred.stlouisfed.org/graph/fredgraph.csv?id=DTWEXBGS,2026-10-08
dollar_broad,2025-09-15,2025-09-22,119.5644,https://fred.stlouisfed.org/graph/fredgraph.csv?id=DTWEXBGS,2026-10-08
dollar_broad,2025-09-16,2025-09-23,119.1348,https://fred.stlouisfed.org/graph/fredgraph.csv?id=DTWEXBGS,2026-10-08
dollar_broad,2025-09-17,2025-09-24,119.1582,https://fred.stlouisfed.org/graph/fredgraph.csv?id=DTWEXBGS,2026-10-08
dollar_broad,2025-09-18,2025-09-25,119.6616,https://fred.stlouisfed.org/graph/fredgraph.csv?id=DTWEXBGS,2026-10-08
dollar_broad,2025-09-19,2025-09-26,119.7858,https://fred.stlouisfed.org/graph/fredgraph.csv?id=DTWEXBGS,2026-10-08
dollar_broad,2025-09-22,2025-09-29,119.8152,https://fred.stlouisfed.org/graph/fredgraph.csv?id=DTWEXBGS,2026-10-08
dollar_broad,2025-09-23,2025-09-30,119.6202,https://fred.stlouisfed.org/graph/fredgraph.csv?id=DTWEXBGS,2026-10-08
dollar_broad,2025-09-24,2025-10-01,120.1707,https://fred.stlouisfed.org/graph/fredgraph.csv?id=DTWEXBGS,2026-10-08
dollar_broad,2025-09-25,2025-10-02,120.5419,https://fred.stlouisfed.org/graph/fredgraph.csv?id=DTWEXBGS,2026-10-08
dollar_broad,2025-09-26,2025-10-03,120.4349,https://fred.stlouisfed.org/graph/fredgraph.csv?id=DTWEXBGS,2026-10-08
dollar_broad,2025-09-29,2025-10-06,120.115,https://fred.stlouisfed.org/graph/fredgraph.csv?id=DTWEXBGS,2026-10-08
dollar_broad,2025-09-30,2025-10-07,120.1368,https://fred.stlouisfed.org/graph/fredgraph.csv?id=DTWEXBGS,2026-10-08
dollar_broad,2025-10-01,2025-10-08,120.1502,https://fred.stlouisfed.org/graph/fredgraph.csv?id=DTWEXBGS,2026-10-08
dollar_broad,2025-10-02,2025-10-09,120.4296,https://fred.stlouisfed.org/graph/fredgraph.csv?id=DTWEXBGS,2026-10-08
dollar_broad,2025-10-03,2025-10-10,120.0881,https://fred.stlouisfed.org/graph/fredgraph.csv?id=DTWEXBGS,2026-10-08
dollar_broad,2025-10-06,2025-10-13,120.2722,https://fred.stlouisfed.org/graph/fredgraph.csv?id=DTWEXBGS,2026-10-08
dollar_broad,2025-10-07,2025-10-14,120.4884,https://fred.stlouisfed.org/graph/fredgraph.csv?id=DTWEXBGS,2026-10-08
dollar_broad,2025-10-08,2025-10-15,120.7766,https://fred.stlouisfed.org/graph/fredgraph.csv?id=DTWEXBGS,2026-10-08
dollar_broad,2025-10-09,2025-10-16,121.0902,https://fred.stlouisfed.org/graph/fredgraph.csv?id=DTWEXBGS,2026-10-08
dollar_broad,2025-10-10,2025-10-17,121.1163,https://fred.stlouisfed.org/graph/fredgraph.csv?id=DTWEXBGS,2026-10-08
dollar_broad,2025-10-14,2025-10-21,121.1822,https://fred.stlouisfed.org/graph/fredgraph.csv?id=DTWEXBGS,2026-10-08
dollar_broad,2025-10-15,2025-10-22,120.8642,https://fred.stlouisfed.org/graph/fredgraph.csv?id=DTWEXBGS,2026-10-08
dollar_broad,2025-10-16,2025-10-23,120.6698,https://fred.stlouisfed.org/graph/fredgraph.csv?id=DTWEXBGS,2026-10-08
dollar_broad,2025-10-17,2025-10-24,120.7028,https://fred.stlouisfed.org/graph/fredgraph.csv?id=DTWEXBGS,2026-10-08
dollar_broad,2025-10-20,2025-10-27,120.6209,https://fred.stlouisfed.org/graph/fredgraph.csv?id=DTWEXBGS,2026-10-08
dollar_broad,2025-10-21,2025-10-28,120.8895,https://fred.stlouisfed.org/graph/fredgraph.csv?id=DTWEXBGS,2026-10-08
dollar_broad,2025-10-22,2025-10-29,120.8958,https://fred.stlouisfed.org/graph/fredgraph.csv?id=DTWEXBGS,2026-10-08
dollar_broad,2025-10-23,2025-10-30,120.9531,https://fred.stlouisfed.org/graph/fredgraph.csv?id=DTWEXBGS,2026-10-08
dollar_broad,2025-10-24,2025-10-31,120.9345,https://fred.stlouisfed.org/graph/fredgraph.csv?id=DTWEXBGS,2026-10-08
dollar_broad,2025-10-27,2025-11-03,120.7988,https://fred.stlouisfed.org/graph/fredgraph.csv?id=DTWEXBGS,2026-10-08
dollar_broad,2025-10-28,2025-11-04,120.6361,https://fred.stlouisfed.org/graph/fredgraph.csv?id=DTWEXBGS,2026-10-08
dollar_broad,2025-10-29,2025-11-05,120.5312,https://fred.stlouisfed.org/graph/fredgraph.csv?id=DTWEXBGS,2026-10-08
dollar_broad,2025-10-30,2025-11-06,121.2832,https://fred.stlouisfed.org/graph/fredgraph.csv?id=DTWEXBGS,2026-10-08
dollar_broad,2025-10-31,2025-11-07,121.3859,https://fred.stlouisfed.org/graph/fredgraph.csv?id=DTWEXBGS,2026-10-08
dollar_broad,2025-11-03,2025-11-10,121.4512,https://fred.stlouisfed.org/graph/fredgraph.csv?id=DTWEXBGS,2026-10-08
dollar_broad,2025-11-04,2025-11-11,121.8271,https://fred.stlouisfed.org/graph/fredgraph.csv?id=DTWEXBGS,2026-10-08
dollar_broad,2025-11-05,2025-11-12,121.8482,https://fred.stlouisfed.org/graph/fredgraph.csv?id=DTWEXBGS,2026-10-08
dollar_broad,2025-11-06,2025-11-13,121.6948,https://fred.stlouisfed.org/graph/fredgraph.csv?id=DTWEXBGS,2026-10-08
dollar_broad,2025-11-07,2025-11-14,121.388,https://fred.stlouisfed.org/graph/fredgraph.csv?id=DTWEXBGS,2026-10-08
dollar_broad,2025-11-10,2025-11-17,121.2984,https://fred.stlouisfed.org/graph/fredgraph.csv?id=DTWEXBGS,2026-10-08
dollar_broad,2025-11-12,2025-11-19,121.0458,https://fred.stlouisfed.org/graph/fredgraph.csv?id=DTWEXBGS,2026-10-08
dollar_broad,2025-11-13,2025-11-20,120.7725,https://fred.stlouisfed.org/graph/fredgraph.csv?id=DTWEXBGS,2026-10-08
dollar_broad,2025-11-14,2025-11-21,120.9666,https://fred.stlouisfed.org/graph/fredgraph.csv?id=DTWEXBGS,2026-10-08
dollar_broad,2025-11-17,2025-11-24,121.1146,https://fred.stlouisfed.org/graph/fredgraph.csv?id=DTWEXBGS,2026-10-08
dollar_broad,2025-11-18,2025-11-25,121.2127,https://fred.stlouisfed.org/graph/fredgraph.csv?id=DTWEXBGS,2026-10-08
dollar_broad,2025-11-19,2025-11-26,121.4978,https://fred.stlouisfed.org/graph/fredgraph.csv?id=DTWEXBGS,2026-10-08
dollar_broad,2025-11-20,2025-11-27,121.6889,https://fred.stlouisfed.org/graph/fredgraph.csv?id=DTWEXBGS,2026-10-08
dollar_broad,2025-11-21,2025-11-28,121.8653,https://fred.stlouisfed.org/graph/fredgraph.csv?id=DTWEXBGS,2026-10-08
dollar_broad,2025-11-24,2025-12-01,121.9171,https://fred.stlouisfed.org/graph/fredgraph.csv?id=DTWEXBGS,2026-10-08
dollar_broad,2025-11-25,2025-12-02,121.6335,https://fred.stlouisfed.org/graph/fredgraph.csv?id=DTWEXBGS,2026-10-08
dollar_broad,2025-11-26,2025-12-03,121.2437,https://fred.stlouisfed.org/graph/fredgraph.csv?id=DTWEXBGS,2026-10-08
dollar_broad,2025-11-28,2025-12-05,121.0527,https://fred.stlouisfed.org/graph/fredgraph.csv?id=DTWEXBGS,2026-10-08
dollar_broad,2025-12-01,2025-12-08,120.9862,https://fred.stlouisfed.org/graph/fredgraph.csv?id=DTWEXBGS,2026-10-08
dollar_broad,2025-12-02,2025-12-09,121.1467,https://fred.stlouisfed.org/graph/fredgraph.csv?id=DTWEXBGS,2026-10-08
dollar_broad,2025-12-03,2025-12-10,120.7336,https://fred.stlouisfed.org/graph/fredgraph.csv?id=DTWEXBGS,2026-10-08
dollar_broad,2025-12-04,2025-12-11,120.6766,https://fred.stlouisfed.org/graph/fredgraph.csv?id=DTWEXBGS,2026-10-08
dollar_broad,2025-12-05,2025-12-12,120.6863,https://fred.stlouisfed.org/graph/fredgraph.csv?id=DTWEXBGS,2026-10-08
dollar_broad,2025-12-08,2025-12-15,120.776,https://fred.stlouisfed.org/graph/fredgraph.csv?id=DTWEXBGS,2026-10-08
dollar_broad,2025-12-09,2025-12-16,120.6832,https://fred.stlouisfed.org/graph/fredgraph.csv?id=DTWEXBGS,2026-10-08
dollar_broad,2025-12-10,2025-12-17,120.6752,https://fred.stlouisfed.org/graph/fredgraph.csv?id=DTWEXBGS,2026-10-08
dollar_broad,2025-12-11,2025-12-18,119.98,https://fred.stlouisfed.org/graph/fredgraph.csv?id=DTWEXBGS,2026-10-08
dollar_broad,2025-12-12,2025-12-19,120.1442,https://fred.stlouisfed.org/graph/fredgraph.csv?id=DTWEXBGS,2026-10-08
dollar_broad,2025-12-15,2025-12-22,119.9561,https://fred.stlouisfed.org/graph/fredgraph.csv?id=DTWEXBGS,2026-10-08
dollar_broad,2025-12-16,2025-12-23,119.8902,https://fred.stlouisfed.org/graph/fredgraph.csv?id=DTWEXBGS,2026-10-08
dollar_broad,2025-12-17,2025-12-24,120.155,https://fred.stlouisfed.org/graph/fredgraph.csv?id=DTWEXBGS,2026-10-08
dollar_broad,2025-12-18,2025-12-25,120.0528,https://fred.stlouisfed.org/graph/fredgraph.csv?id=DTWEXBGS,2026-10-08
dollar_broad,2025-12-19,2025-12-26,120.1652,https://fred.stlouisfed.org/graph/fredgraph.csv?id=DTWEXBGS,2026-10-08
dollar_broad,2025-12-22,2025-12-29,119.9912,https://fred.stlouisfed.org/graph/fredgraph.csv?id=DTWEXBGS,2026-10-08
dollar_broad,2025-12-23,2025-12-30,119.7057,https://fred.stlouisfed.org/graph/fredgraph.csv?id=DTWEXBGS,2026-10-08
dollar_broad,2025-12-24,2025-12-31,119.4372,https://fred.stlouisfed.org/graph/fredgraph.csv?id=DTWEXBGS,2026-10-08
dollar_broad,2025-12-26,2026-01-02,119.4723,https://fred.stlouisfed.org/graph/fredgraph.csv?id=DTWEXBGS,2026-10-08
dollar_broad,2025-12-29,2026-01-05,119.5899,https://fred.stlouisfed.org/graph/fredgraph.csv?id=DTWEXBGS,2026-10-08
dollar_broad,2025-12-30,2026-01-06,119.4939,https://fred.stlouisfed.org/graph/fredgraph.csv?id=DTWEXBGS,2026-10-08
dollar_broad,2025-12-31,2026-01-07,119.7456,https://fred.stlouisfed.org/graph/fredgraph.csv?id=DTWEXBGS,2026-10-08
dollar_broad,2026-01-02,2026-01-09,119.6059,https://fred.stlouisfed.org/graph/fredgraph.csv?id=DTWEXBGS,2026-10-08
dollar_broad,2026-01-05,2026-01-12,119.6192,https://fred.stlouisfed.org/graph/fredgraph.csv?id=DTWEXBGS,2026-10-08
dollar_broad,2026-01-06,2026-01-13,119.7807,https://fred.stlouisfed.org/graph/fredgraph.csv?id=DTWEXBGS,2026-10-08
dollar_broad,2026-01-07,2026-01-14,119.8719,https://fred.stlouisfed.org/graph/fredgraph.csv?id=DTWEXBGS,2026-10-08
dollar_broad,2026-01-08,2026-01-15,120.0904,https://fred.stlouisfed.org/graph/fredgraph.csv?id=DTWEXBGS,2026-10-08
dollar_broad,2026-01-09,2026-01-16,120.2215,https://fred.stlouisfed.org/graph/fredgraph.csv?id=DTWEXBGS,2026-10-08
dollar_broad,2026-01-12,2026-01-19,119.9958,https://fred.stlouisfed.org/graph/fredgraph.csv?id=DTWEXBGS,2026-10-08
dollar_broad,2026-01-13,2026-01-20,120.1401,https://fred.stlouisfed.org/graph/fredgraph.csv?id=DTWEXBGS,2026-10-08
dollar_broad,2026-01-14,2026-01-21,119.9537,https://fred.stlouisfed.org/graph/fredgraph.csv?id=DTWEXBGS,2026-10-08
dollar_broad,2026-01-15,2026-01-22,119.9951,https://fred.stlouisfed.org/graph/fredgraph.csv?id=DTWEXBGS,2026-10-08
dollar_broad,2026-01-16,2026-01-23,120.0838,https://fred.stlouisfed.org/graph/fredgraph.csv?id=DTWEXBGS,2026-10-08
dollar_broad,2026-01-20,2026-01-27,119.4455,https://fred.stlouisfed.org/graph/fredgraph.csv?id=DTWEXBGS,2026-10-08
dollar_broad,2026-01-21,2026-01-28,119.3431,https://fred.stlouisfed.org/graph/fredgraph.csv?id=DTWEXBGS,2026-10-08
dollar_broad,2026-01-22,2026-01-29,119.1962,https://fred.stlouisfed.org/graph/fredgraph.csv?id=DTWEXBGS,2026-10-08
dollar_broad,2026-01-23,2026-01-30,118.8976,https://fred.stlouisfed.org/graph/fredgraph.csv?id=DTWEXBGS,2026-10-08
dollar_broad,2026-01-26,2026-02-02,118.0525,https://fred.stlouisfed.org/graph/fredgraph.csv?id=DTWEXBGS,2026-10-08
dollar_broad,2026-01-27,2026-02-03,117.4523,https://fred.stlouisfed.org/graph/fredgraph.csv?id=DTWEXBGS,2026-10-08
dollar_broad,2026-01-28,2026-02-04,117.5117,https://fred.stlouisfed.org/graph/fredgraph.csv?id=DTWEXBGS,2026-10-08
dollar_broad,2026-01-29,2026-02-05,117.4396,https://fred.stlouisfed.org/graph/fredgraph.csv?id=DTWEXBGS,2026-10-08
dollar_broad,2026-01-30,2026-02-06,117.8996,https://fred.stlouisfed.org/graph/fredgraph.csv?id=DTWEXBGS,2026-10-08
dollar_broad,2026-02-02,2026-02-09,118.3609,https://fred.stlouisfed.org/graph/fredgraph.csv?id=DTWEXBGS,2026-10-08
dollar_broad,2026-02-03,2026-02-10,117.9764,https://fred.stlouisfed.org/graph/fredgraph.csv?id=DTWEXBGS,2026-10-08
dollar_broad,2026-02-04,2026-02-11,118.2602,https://fred.stlouisfed.org/graph/fredgraph.csv?id=DTWEXBGS,2026-10-08
dollar_broad,2026-02-05,2026-02-12,118.5034,https://fred.stlouisfed.org/graph/fredgraph.csv?id=DTWEXBGS,2026-10-08
dollar_broad,2026-02-06,2026-02-13,118.2407,https://fred.stlouisfed.org/graph/fredgraph.csv?id=DTWEXBGS,2026-10-08
dollar_broad,2026-02-09,2026-02-16,117.6392,https://fred.stlouisfed.org/graph/fredgraph.csv?id=DTWEXBGS,2026-10-08
dollar_broad,2026-02-10,2026-02-17,117.5216,https://fred.stlouisfed.org/graph/fredgraph.csv?id=DTWEXBGS,2026-10-08
dollar_broad,2026-02-11,2026-02-18,117.4601,https://fred.stlouisfed.org/graph/fredgraph.csv?id=DTWEXBGS,2026-10-08
dollar_broad,2026-02-12,2026-02-19,117.5376,https://fred.stlouisfed.org/graph/fredgraph.csv?id=DTWEXBGS,2026-10-08
dollar_broad,2026-02-13,2026-02-20,117.5258,https://fred.stlouisfed.org/graph/fredgraph.csv?id=DTWEXBGS,2026-10-08
dollar_broad,2026-02-17,2026-02-24,117.7375,https://fred.stlouisfed.org/graph/fredgraph.csv?id=DTWEXBGS,2026-10-08
dollar_broad,2026-02-18,2026-02-25,117.8426,https://fred.stlouisfed.org/graph/fredgraph.csv?id=DTWEXBGS,2026-10-08
dollar_broad,2026-02-19,2026-02-26,118.2354,https://fred.stlouisfed.org/graph/fredgraph.csv?id=DTWEXBGS,2026-10-08
dollar_broad,2026-02-20,2026-02-27,117.9917,https://fred.stlouisfed.org/graph/fredgraph.csv?id=DTWEXBGS,2026-10-08
dollar_broad,2026-02-23,2026-03-02,117.9395,https://fred.stlouisfed.org/graph/fredgraph.csv?id=DTWEXBGS,2026-10-08
dollar_broad,2026-02-24,2026-03-03,117.9463,https://fred.stlouisfed.org/graph/fredgraph.csv?id=DTWEXBGS,2026-10-08
dollar_broad,2026-02-25,2026-03-04,117.769,https://fred.stlouisfed.org/graph/fredgraph.csv?id=DTWEXBGS,2026-10-08
dollar_broad,2026-02-26,2026-03-05,117.9042,https://fred.stlouisfed.org/graph/fredgraph.csv?id=DTWEXBGS,2026-10-08
dollar_broad,2026-02-27,2026-03-06,117.8223,https://fred.stlouisfed.org/graph/fredgraph.csv?id=DTWEXBGS,2026-10-08
dollar_broad,2026-03-02,2026-03-09,118.667,https://fred.stlouisfed.org/graph/fredgraph.csv?id=DTWEXBGS,2026-10-08
dollar_broad,2026-03-03,2026-03-10,119.4341,https://fred.stlouisfed.org/graph/fredgraph.csv?id=DTWEXBGS,2026-10-08
dollar_broad,2026-03-04,2026-03-11,119.0705,https://fred.stlouisfed.org/graph/fredgraph.csv?id=DTWEXBGS,2026-10-08
dollar_broad,2026-03-05,2026-03-12,119.5683,https://fred.stlouisfed.org/graph/fredgraph.csv?id=DTWEXBGS,2026-10-08
dollar_broad,2026-03-06,2026-03-13,119.491,https://fred.stlouisfed.org/graph/fredgraph.csv?id=DTWEXBGS,2026-10-08
dollar_broad,2026-03-09,2026-03-16,119.5151,https://fred.stlouisfed.org/graph/fredgraph.csv?id=DTWEXBGS,2026-10-08
dollar_broad,2026-03-10,2026-03-17,118.7255,https://fred.stlouisfed.org/graph/fredgraph.csv?id=DTWEXBGS,2026-10-08
dollar_broad,2026-03-11,2026-03-18,119.2885,https://fred.stlouisfed.org/graph/fredgraph.csv?id=DTWEXBGS,2026-10-08
dollar_broad,2026-03-12,2026-03-19,119.8227,https://fred.stlouisfed.org/graph/fredgraph.csv?id=DTWEXBGS,2026-10-08
dollar_broad,2026-03-13,2026-03-20,120.5518,https://fred.stlouisfed.org/graph/fredgraph.csv?id=DTWEXBGS,2026-10-08
dollar_broad,2026-03-16,2026-03-23,120.097,https://fred.stlouisfed.org/graph/fredgraph.csv?id=DTWEXBGS,2026-10-08
dollar_broad,2026-03-17,2026-03-24,119.8328,https://fred.stlouisfed.org/graph/fredgraph.csv?id=DTWEXBGS,2026-10-08
dollar_broad,2026-03-18,2026-03-25,119.9276,https://fred.stlouisfed.org/graph/fredgraph.csv?id=DTWEXBGS,2026-10-08
dollar_broad,2026-03-19,2026-03-26,120.1802,https://fred.stlouisfed.org/graph/fredgraph.csv?id=DTWEXBGS,2026-10-08
dollar_broad,2026-03-20,2026-03-27,120.2757,https://fred.stlouisfed.org/graph/fredgraph.csv?id=DTWEXBGS,2026-10-08
dollar_broad,2026-03-23,2026-03-30,119.9371,https://fred.stlouisfed.org/graph/fredgraph.csv?id=DTWEXBGS,2026-10-08
dollar_broad,2026-03-24,2026-03-31,120.1295,https://fred.stlouisfed.org/graph/fredgraph.csv?id=DTWEXBGS,2026-10-08
dollar_broad,2026-03-25,2026-04-01,120.1282,https://fred.stlouisfed.org/graph/fredgraph.csv?id=DTWEXBGS,2026-10-08
dollar_broad,2026-03-26,2026-04-02,120.389,https://fred.stlouisfed.org/graph/fredgraph.csv?id=DTWEXBGS,2026-10-08
dollar_broad,2026-03-27,2026-04-03,120.8851,https://fred.stlouisfed.org/graph/fredgraph.csv?id=DTWEXBGS,2026-10-08
dollar_broad,2026-03-30,2026-04-06,121.2851,https://fred.stlouisfed.org/graph/fredgraph.csv?id=DTWEXBGS,2026-10-08
dollar_broad,2026-03-31,2026-04-07,121.035,https://fred.stlouisfed.org/graph/fredgraph.csv?id=DTWEXBGS,2026-10-08
dollar_broad,2026-04-01,2026-04-08,120.1198,https://fred.stlouisfed.org/graph/fredgraph.csv?id=DTWEXBGS,2026-10-08
dollar_broad,2026-04-02,2026-04-09,120.503,https://fred.stlouisfed.org/graph/fredgraph.csv?id=DTWEXBGS,2026-10-08
dollar_broad,2026-04-03,2026-04-10,120.6565,https://fred.stlouisfed.org/graph/fredgraph.csv?id=DTWEXBGS,2026-10-08
dollar_broad,2026-04-06,2026-04-13,120.4302,https://fred.stlouisfed.org/graph/fredgraph.csv?id=DTWEXBGS,2026-10-08
dollar_broad,2026-04-07,2026-04-14,120.32,https://fred.stlouisfed.org/graph/fredgraph.csv?id=DTWEXBGS,2026-10-08
dollar_broad,2026-04-08,2026-04-15,119.0596,https://fred.stlouisfed.org/graph/fredgraph.csv?id=DTWEXBGS,2026-10-08
dollar_broad,2026-04-09,2026-04-16,118.8998,https://fred.stlouisfed.org/graph/fredgraph.csv?id=DTWEXBGS,2026-10-08
dollar_broad,2026-04-10,2026-04-17,118.8552,https://fred.stlouisfed.org/graph/fredgraph.csv?id=DTWEXBGS,2026-10-08
dollar_broad,2026-04-13,2026-04-20,118.9916,https://fred.stlouisfed.org/graph/fredgraph.csv?id=DTWEXBGS,2026-10-08
dollar_broad,2026-04-14,2026-04-21,118.3581,https://fred.stlouisfed.org/graph/fredgraph.csv?id=DTWEXBGS,2026-10-08
dollar_broad,2026-04-15,2026-04-22,118.3623,https://fred.stlouisfed.org/graph/fredgraph.csv?id=DTWEXBGS,2026-10-08
dollar_broad,2026-04-16,2026-04-23,118.3616,https://fred.stlouisfed.org/graph/fredgraph.csv?id=DTWEXBGS,2026-10-08
dollar_broad,2026-04-17,2026-04-24,118.0795,https://fred.stlouisfed.org/graph/fredgraph.csv?id=DTWEXBGS,2026-10-08
dollar_broad,2026-04-20,2026-04-27,118.2374,https://fred.stlouisfed.org/graph/fredgraph.csv?id=DTWEXBGS,2026-10-08
dollar_broad,2026-04-21,2026-04-28,118.4331,https://fred.stlouisfed.org/graph/fredgraph.csv?id=DTWEXBGS,2026-10-08
dollar_broad,2026-04-22,2026-04-29,118.6004,https://fred.stlouisfed.org/graph/fredgraph.csv?id=DTWEXBGS,2026-10-08
dollar_broad,2026-04-23,2026-04-30,118.7155,https://fred.stlouisfed.org/graph/fredgraph.csv?id=DTWEXBGS,2026-10-08
dollar_broad,2026-04-24,2026-05-01,118.7294,https://fred.stlouisfed.org/graph/fredgraph.csv?id=DTWEXBGS,2026-10-08
dollar_broad,2026-04-27,2026-05-04,118.5458,https://fred.stlouisfed.org/graph/fredgraph.csv?id=DTWEXBGS,2026-10-08
dollar_broad,2026-04-28,2026-05-05,118.7717,https://fred.stlouisfed.org/graph/fredgraph.csv?id=DTWEXBGS,2026-10-08
dollar_broad,2026-04-29,2026-05-06,119.0975,https://fred.stlouisfed.org/graph/fredgraph.csv?id=DTWEXBGS,2026-10-08
dollar_broad,2026-04-30,2026-05-07,118.671,https://fred.stlouisfed.org/graph/fredgraph.csv?id=DTWEXBGS,2026-10-08
dollar_broad,2026-05-01,2026-05-08,118.3926,https://fred.stlouisfed.org/graph/fredgraph.csv?id=DTWEXBGS,2026-10-08
dollar_broad,2026-05-04,2026-05-11,118.8264,https://fred.stlouisfed.org/graph/fredgraph.csv?id=DTWEXBGS,2026-10-08
dollar_broad,2026-05-05,2026-05-12,118.6207,https://fred.stlouisfed.org/graph/fredgraph.csv?id=DTWEXBGS,2026-10-08
dollar_broad,2026-05-06,2026-05-13,118.0982,https://fred.stlouisfed.org/graph/fredgraph.csv?id=DTWEXBGS,2026-10-08
dollar_broad,2026-05-07,2026-05-14,118.0116,https://fred.stlouisfed.org/graph/fredgraph.csv?id=DTWEXBGS,2026-10-08
dollar_broad,2026-05-08,2026-05-15,118.0392,https://fred.stlouisfed.org/graph/fredgraph.csv?id=DTWEXBGS,2026-10-08
dollar_broad,2026-05-11,2026-05-18,118.0562,https://fred.stlouisfed.org/graph/fredgraph.csv?id=DTWEXBGS,2026-10-08
dollar_broad,2026-05-12,2026-05-19,118.5238,https://fred.stlouisfed.org/graph/fredgraph.csv?id=DTWEXBGS,2026-10-08
dollar_broad,2026-05-13,2026-05-20,118.4737,https://fred.stlouisfed.org/graph/fredgraph.csv?id=DTWEXBGS,2026-10-08
dollar_broad,2026-05-14,2026-05-21,118.6696,https://fred.stlouisfed.org/graph/fredgraph.csv?id=DTWEXBGS,2026-10-08
dollar_broad,2026-05-15,2026-05-22,119.2825,https://fred.stlouisfed.org/graph/fredgraph.csv?id=DTWEXBGS,2026-10-08
dollar_broad,2026-05-18,2026-05-25,119.0574,https://fred.stlouisfed.org/graph/fredgraph.csv?id=DTWEXBGS,2026-10-08
dollar_broad,2026-05-19,2026-05-26,119.451,https://fred.stlouisfed.org/graph/fredgraph.csv?id=DTWEXBGS,2026-10-08
dollar_broad,2026-05-20,2026-05-27,119.1624,https://fred.stlouisfed.org/graph/fredgraph.csv?id=DTWEXBGS,2026-10-08
dollar_broad,2026-05-21,2026-05-28,119.369,https://fred.stlouisfed.org/graph/fredgraph.csv?id=DTWEXBGS,2026-10-08
dollar_broad,2026-05-22,2026-05-29,119.2868,https://fred.stlouisfed.org/graph/fredgraph.csv?id=DTWEXBGS,2026-10-08
dollar_broad,2026-05-26,2026-06-02,119.1696,https://fred.stlouisfed.org/graph/fredgraph.csv?id=DTWEXBGS,2026-10-08
dollar_broad,2026-05-27,2026-06-03,119.1829,https://fred.stlouisfed.org/graph/fredgraph.csv?id=DTWEXBGS,2026-10-08
dollar_broad,2026-05-28,2026-06-04,119.0318,https://fred.stlouisfed.org/graph/fredgraph.csv?id=DTWEXBGS,2026-10-08
dollar_broad,2026-05-29,2026-06-05,118.8783,https://fred.stlouisfed.org/graph/fredgraph.csv?id=DTWEXBGS,2026-10-08
dollar_broad,2026-06-01,2026-06-08,119.1653,https://fred.stlouisfed.org/graph/fredgraph.csv?id=DTWEXBGS,2026-10-08
dollar_broad,2026-06-02,2026-06-09,119.0359,https://fred.stlouisfed.org/graph/fredgraph.csv?id=DTWEXBGS,2026-10-08
dollar_broad,2026-06-03,2026-06-10,119.3848,https://fred.stlouisfed.org/graph/fredgraph.csv?id=DTWEXBGS,2026-10-08
dollar_broad,2026-06-04,2026-06-11,119.3615,https://fred.stlouisfed.org/graph/fredgraph.csv?id=DTWEXBGS,2026-10-08
dollar_broad,2026-06-05,2026-06-12,120.0831,https://fred.stlouisfed.org/graph/fredgraph.csv?id=DTWEXBGS,2026-10-08
dollar_broad,2026-06-08,2026-06-15,120.034,https://fred.stlouisfed.org/graph/fredgraph.csv?id=DTWEXBGS,2026-10-08
dollar_broad,2026-06-09,2026-06-16,119.9617,https://fred.stlouisfed.org/graph/fredgraph.csv?id=DTWEXBGS,2026-10-08
dollar_broad,2026-06-10,2026-06-17,119.9134,https://fred.stlouisfed.org/graph/fredgraph.csv?id=DTWEXBGS,2026-10-08
dollar_broad,2026-06-11,2026-06-18,120.1174,https://fred.stlouisfed.org/graph/fredgraph.csv?id=DTWEXBGS,2026-10-08
dollar_broad,2026-06-12,2026-06-19,119.5073,https://fred.stlouisfed.org/graph/fredgraph.csv?id=DTWEXBGS,2026-10-08
dollar_broad,2026-06-15,2026-06-22,119.3158,https://fred.stlouisfed.org/graph/fredgraph.csv?id=DTWEXBGS,2026-10-08
dollar_broad,2026-06-16,2026-06-23,119.256,https://fred.stlouisfed.org/graph/fredgraph.csv?id=DTWEXBGS,2026-10-08
dollar_broad,2026-06-17,2026-06-24,119.3871,https://fred.stlouisfed.org/graph/fredgraph.csv?id=DTWEXBGS,2026-10-08
dollar_broad,2026-06-18,2026-06-25,120.3958,https://fred.stlouisfed.org/graph/fredgraph.csv?id=DTWEXBGS,2026-10-08
dollar_broad,2026-06-22,2026-06-29,120.5463,https://fred.stlouisfed.org/graph/fredgraph.csv?id=DTWEXBGS,2026-10-08
dollar_broad,2026-06-23,2026-06-30,121.0552,https://fred.stlouisfed.org/graph/fredgraph.csv?id=DTWEXBGS,2026-10-08
dollar_broad,2026-06-24,2026-07-01,121.412,https://fred.stlouisfed.org/graph/fredgraph.csv?id=DTWEXBGS,2026-10-08
dollar_broad,2026-06-25,2026-07-02,121.0559,https://fred.stlouisfed.org/graph/fredgraph.csv?id=DTWEXBGS,2026-10-08
dollar_broad,2026-06-26,2026-07-03,120.8866,https://fred.stlouisfed.org/graph/fredgraph.csv?id=DTWEXBGS,2026-10-08
dollar_broad,2026-06-29,2026-07-06,120.9525,https://fred.stlouisfed.org/graph/fredgraph.csv?id=DTWEXBGS,2026-10-08
dollar_broad,2026-06-30,2026-07-07,120.9248,https://fred.stlouisfed.org/graph/fredgraph.csv?id=DTWEXBGS,2026-10-08
dollar_broad,2026-07-01,2026-07-08,121.1455,https://fred.stlouisfed.org/graph/fredgraph.csv?id=DTWEXBGS,2026-10-08
dollar_broad,2026-07-02,2026-07-09,120.6902,https://fred.stlouisfed.org/graph/fredgraph.csv?id=DTWEXBGS,2026-10-08
dollar_broad,2026-07-06,2026-07-13,120.835,https://fred.stlouisfed.org/graph/fredgraph.csv?id=DTWEXBGS,2026-10-08
dollar_broad,2026-07-07,2026-07-14,120.8145,https://fred.stlouisfed.org/graph/fredgraph.csv?id=DTWEXBGS,2026-10-08
dollar_broad,2026-07-08,2026-07-15,121.1307,https://fred.stlouisfed.org/graph/fredgraph.csv?id=DTWEXBGS,2026-10-08
dollar_broad,2026-07-09,2026-07-16,120.753,https://fred.stlouisfed.org/graph/fredgraph.csv?id=DTWEXBGS,2026-10-08
dollar_broad,2026-07-10,2026-07-17,120.5046,https://fred.stlouisfed.org/graph/fredgraph.csv?id=DTWEXBGS,2026-10-08
dollar_broad,2026-07-13,2026-07-20,120.7413,https://fred.stlouisfed.org/graph/fredgraph.csv?id=DTWEXBGS,2026-10-08
dollar_broad,2026-07-14,2026-07-21,120.4728,https://fred.stlouisfed.org/graph/fredgraph.csv?id=DTWEXBGS,2026-10-08
dollar_broad,2026-07-15,2026-07-22,120.3088,https://fred.stlouisfed.org/graph/fredgraph.csv?id=DTWEXBGS,2026-10-08
dollar_broad,2026-07-16,2026-07-23,120.331,https://fred.stlouisfed.org/graph/fredgraph.csv?id=DTWEXBGS,2026-10-08
dollar_broad,2026-07-17,2026-07-24,120.5315,https://fred.stlouisfed.org/graph/fredgraph.csv?id=DTWEXBGS,2026-10-08
dollar_broad,2026-07-20,2026-07-27,120.5401,https://fred.stlouisfed.org/graph/fredgraph.csv?id=DTWEXBGS,2026-10-08
dollar_broad,2026-07-21,2026-07-28,120.5779,https://fred.stlouisfed.org/graph/fredgraph.csv?id=DTWEXBGS,2026-10-08
dollar_broad,2026-07-22,2026-07-29,120.5736,https://fred.stlouisfed.org/graph/fredgraph.csv?id=DTWEXBGS,2026-10-08
dollar_broad,2026-07-23,2026-07-30,120.9075,https://fred.stlouisfed.org/graph/fredgraph.csv?id=DTWEXBGS,2026-10-08
dollar_broad,2026-07-24,2026-07-31,120.7105,https://fred.stlouisfed.org/graph/fredgraph.csv?id=DTWEXBGS,2026-10-08
dollar_broad,2026-07-27,2026-08-03,120.7739,https://fred.stlouisfed.org/graph/fredgraph.csv?id=DTWEXBGS,2026-10-08
dollar_broad,2026-07-28,2026-08-04,120.6247,https://fred.stlouisfed.org/graph/fredgraph.csv?id=DTWEXBGS,2026-10-08
dollar_broad,2026-07-29,2026-08-05,120.7892,https://fred.stlouisfed.org/graph/fredgraph.csv?id=DTWEXBGS,2026-10-08
dollar_broad,2026-07-30,2026-08-06,119.6753,https://fred.stlouisfed.org/graph/fredgraph.csv?id=DTWEXBGS,2026-10-08
dollar_broad,2026-07-31,2026-08-07,119.7034,https://fred.stlouisfed.org/graph/fredgraph.csv?id=DTWEXBGS,2026-10-08
dollar_broad,2026-08-03,2026-08-10,119.6951,https://fred.stlouisfed.org/graph/fredgraph.csv?id=DTWEXBGS,2026-10-08
dollar_broad,2026-08-04,2026-08-11,119.5977,https://fred.stlouisfed.org/graph/fredgraph.csv?id=DTWEXBGS,2026-10-08
dollar_broad,2026-08-05,2026-08-12,119.3881,https://fred.stlouisfed.org/graph/fredgraph.csv?id=DTWEXBGS,2026-10-08
dollar_broad,2026-08-06,2026-08-13,119.5113,https://fred.stlouisfed.org/graph/fredgraph.csv?id=DTWEXBGS,2026-10-08
dollar_broad,2026-08-07,2026-08-14,119.0649,https://fred.stlouisfed.org/graph/fredgraph.csv?id=DTWEXBGS,2026-10-08
dollar_broad,2026-08-10,2026-08-17,119.1187,https://fred.stlouisfed.org/graph/fredgraph.csv?id=DTWEXBGS,2026-10-08
dollar_broad,2026-08-11,2026-08-18,119.179,https://fred.stlouisfed.org/graph/fredgraph.csv?id=DTWEXBGS,2026-10-08
dollar_broad,2026-08-12,2026-08-19,119.1179,https://fred.stlouisfed.org/graph/fredgraph.csv?id=DTWEXBGS,2026-10-08
dollar_broad,2026-08-13,2026-08-20,119.1848,https://fred.stlouisfed.org/graph/fredgraph.csv?id=DTWEXBGS,2026-10-08
dollar_broad,2026-08-14,2026-08-21,118.9028,https://fred.stlouisfed.org/graph/fredgraph.csv?id=DTWEXBGS,2026-10-08
dollar_broad,2026-08-17,2026-08-24,118.814,https://fred.stlouisfed.org/graph/fredgraph.csv?id=DTWEXBGS,2026-10-08
dollar_broad,2026-08-18,2026-08-25,118.9831,https://fred.stlouisfed.org/graph/fredgraph.csv?id=DTWEXBGS,2026-10-08
dollar_broad,2026-08-19,2026-08-26,118.3328,https://fred.stlouisfed.org/graph/fredgraph.csv?id=DTWEXBGS,2026-10-08
dollar_broad,2026-08-20,2026-08-27,118.2548,https://fred.stlouisfed.org/graph/fredgraph.csv?id=DTWEXBGS,2026-10-08
dollar_broad,2026-08-21,2026-08-28,118.0628,https://fred.stlouisfed.org/graph/fredgraph.csv?id=DTWEXBGS,2026-10-08
dollar_broad,2026-08-24,2026-08-31,118.3195,https://fred.stlouisfed.org/graph/fredgraph.csv?id=DTWEXBGS,2026-10-08
dollar_broad,2026-08-25,2026-09-01,118.2283,https://fred.stlouisfed.org/graph/fredgraph.csv?id=DTWEXBGS,2026-10-08
dollar_broad,2026-08-26,2026-09-02,118.4461,https://fred.stlouisfed.org/graph/fredgraph.csv?id=DTWEXBGS,2026-10-08
dollar_broad,2026-08-27,2026-09-03,118.3583,https://fred.stlouisfed.org/graph/fredgraph.csv?id=DTWEXBGS,2026-10-08
dollar_broad,2026-08-28,2026-09-04,118.7479,https://fred.stlouisfed.org/graph/fredgraph.csv?id=DTWEXBGS,2026-10-08
dollar_broad,2026-08-31,2026-09-07,118.5679,https://fred.stlouisfed.org/graph/fredgraph.csv?id=DTWEXBGS,2026-10-08
dollar_broad,2026-09-01,2026-09-08,118.6568,https://fred.stlouisfed.org/graph/fredgraph.csv?id=DTWEXBGS,2026-10-08
dollar_broad,2026-09-02,2026-09-09,118.5296,https://fred.stlouisfed.org/graph/fredgraph.csv?id=DTWEXBGS,2026-10-08
dollar_broad,2026-09-03,2026-09-10,118.127,https://fred.stlouisfed.org/graph/fredgraph.csv?id=DTWEXBGS,2026-10-08
dollar_broad,2026-09-04,2026-09-11,118.0732,https://fred.stlouisfed.org/graph/fredgraph.csv?id=DTWEXBGS,2026-10-08
dollar_broad,2026-09-08,2026-09-15,117.9127,https://fred.stlouisfed.org/graph/fredgraph.csv?id=DTWEXBGS,2026-10-08
dollar_broad,2026-09-09,2026-09-16,117.8834,https://fred.stlouisfed.org/graph/fredgraph.csv?id=DTWEXBGS,2026-10-08
dollar_broad,2026-09-10,2026-09-17,118.0787,https://fred.stlouisfed.org/graph/fredgraph.csv?id=DTWEXBGS,2026-10-08
dollar_broad,2026-09-11,2026-09-18,118.2126,https://fred.stlouisfed.org/graph/fredgraph.csv?id=DTWEXBGS,2026-10-08
dollar_broad,2026-09-14,2026-09-21,118.6923,https://fred.stlouisfed.org/graph/fredgraph.csv?id=DTWEXBGS,2026-10-08
dollar_broad,2026-09-15,2026-09-22,118.8822,https://fred.stlouisfed.org/graph/fredgraph.csv?id=DTWEXBGS,2026-10-08
dollar_broad,2026-09-16,2026-09-23,118.9206,https://fred.stlouisfed.org/graph/fredgraph.csv?id=DTWEXBGS,2026-10-08
dollar_broad,2026-09-17,2026-09-24,119.3489,https://fred.stlouisfed.org/graph/fredgraph.csv?id=DTWEXBGS,2026-10-08
dollar_broad,2026-09-18,2026-09-25,119.5133,https://fred.stlouisfed.org/graph/fredgraph.csv?id=DTWEXBGS,2026-10-08
dollar_broad,2026-09-21,2026-09-28,119.4014,https://fred.stlouisfed.org/graph/fredgraph.csv?id=DTWEXBGS,2026-10-08
dollar_broad,2026-09-22,2026-09-29,119.5933,https://fred.stlouisfed.org/graph/fredgraph.csv?id=DTWEXBGS,2026-10-08
dollar_broad,2026-09-23,2026-09-30,120.1169,https://fred.stlouisfed.org/graph/fredgraph.csv?id=DTWEXBGS,2026-10-08
dollar_broad,2026-09-24,2026-10-01,120.5521,https://fred.stlouisfed.org/graph/fredgraph.csv?id=DTWEXBGS,2026-10-08
dollar_broad,2026-09-25,2026-10-02,120.33,https://fred.stlouisfed.org/graph/fredgraph.csv?id=DTWEXBGS,2026-10-08
dollar_broad,2026-09-28,2026-10-05,120.6958,https://fred.stlouisfed.org/graph/fredgraph.csv?id=DTWEXBGS,2026-10-08
dollar_broad,2026-09-29,2026-10-06,121.0296,https://fred.stlouisfed.org/graph/fredgraph.csv?id=DTWEXBGS,2026-10-08
dollar_broad,2026-09-30,2026-10-07,120.9693,https://fred.stlouisfed.org/graph/fredgraph.csv?id=DTWEXBGS,2026-10-08
dollar_broad,2026-10-01,2026-10-08,121.7882,https://fred.stlouisfed.org/graph/fredgraph.csv?id=DTWEXBGS,2026-10-08
dollar_broad,2026-10-02,2026-10-09,121.3848,https://fred.stlouisfed.org/graph/fredgraph.csv?id=DTWEXBGS,2026-10-08
