series_id,ref_date,available_date,value,source,fetched_at
gld_holdings,2004-11-18,2004-11-19,8.09,https://api.spdrgoldshares.com/api/v1/historical-archive?product=gld&exchange=NYSE&lang=en,2026-10-09
gld_holdings,2004-11-19,2004-11-20,57.85,https://api.spdrgoldshares.com/api/v1/historical-archive?product=gld&exchange=NYSE&lang=en,2026-10-09
gld_holdings,2004-11-22,2004-11-23,87.09,https://api.spdrgoldshares.com/api/v1/historical-archive?product=gld&exchange=NYSE&lang=en,2026-10-09
gld_holdings,2004-11-23,2004-11-24,87.09,https://api.spdrgoldshares.com/api/v1/historical-archive?product=gld&exchange=NYSE&lang=en,2026-10-09
gld_holdings,2004-11-24,2004-11-25,96.42,https://api.spdrgoldshares.com/api/v1/historical-archive?product=gld&exchange=NYSE&lang=en,2026-10-09
gld_holdings,2004-11-26,2004-11-27,100.46,https://api.spdrgoldshares.com/api/v1/historical-archive?product=gld&exchange=NYSE&lang=en,2026-10-09
gld_holdings,2004-11-29,2004-11-30,103.57,https://api.spdrgoldshares.com/api/v1/historical-archive?product=gld&exchange=NYSE&lang=en,2026-10-09
gld_holdings,2004-11-30,2004-12-01,103.57,https://api.spdrgoldshares.com/api/v1/historical-archive?product=gld&exchange=NYSE&lang=en,2026-10-09
gld_holdings,2004-12-01,2004-12-02,103.57,https://api.spdrgoldshares.com/api/v1/historical-archive?product=gld&exchange=NYSE&lang=en,2026-10-09
gld_holdings,2004-12-02,2004-12-03,103.56,https://api.spdrgoldshares.com/api/v1/historical-archive?product=gld&exchange=NYSE&lang=en,2026-10-09
gld_holdings,2004-12-03,2004-12-04,103.56,https://api.spdrgoldshares.com/api/v1/historical-archive?product=gld&exchange=NYSE&lang=en,2026-10-09
gld_holdings,2004-12-06,2004-12-07,103.56,https://api.spdrgoldshares.com/api/v1/historical-archive?product=gld&exchange=NYSE&lang=en,2026-10-09
gld_holdings,2004-12-07,2004-12-08,88.02,https://api.spdrgoldshares.com/api/v1/historical-archive?product=gld&exchange=NYSE&lang=en,2026-10-09
gld_holdings,2004-12-08,2004-12-09,91.13,https://api.spdrgoldshares.com/api/v1/historical-archive?product=gld&exchange=NYSE&lang=en,2026-10-09
gld_holdings,2004-12-09,2004-12-10,91.13,https://api.spdrgoldshares.com/api/v1/historical-archive?product=gld&exchange=NYSE&lang=en,2026-10-09
gld_holdings,2004-12-10,2004-12-11,91.13,https://api.spdrgoldshares.com/api/v1/historical-archive?product=gld&exchange=NYSE&lang=en,2026-10-09
gld_holdings,2004-12-13,2004-12-14,91.13,https://api.spdrgoldshares.com/api/v1/historical-archive?product=gld&exchange=NYSE&lang=en,2026-10-09
gld_holdings,2004-12-14,2004-12-15,91.13,https://api.spdrgoldshares.com/api/v1/historical-archive?product=gld&exchange=NYSE&lang=en,2026-10-09
gld_holdings,2004-12-15,2004-12-16,91.13,https://api.spdrgoldshares.com/api/v1/historical-archive?product=gld&exchange=NYSE&lang=en,2026-10-09
gld_holdings,2004-12-16,2004-12-17,91.13,https://api.spdrgoldshares.com/api/v1/historical-archive?product=gld&exchange=NYSE&lang=en,2026-10-09
gld_holdings,2004-12-17,2004-12-18,88.64,https://api.spdrgoldshares.com/api/v1/historical-archive?product=gld&exchange=NYSE&lang=en,2026-10-09
gld_holdings,2004-12-20,2004-12-21,88.64,https://api.spdrgoldshares.com/api/v1/historical-archive?product=gld&exchange=NYSE&lang=en,2026-10-09
gld_holdings,2004-12-21,2004-12-22,88.64,https://api.spdrgoldshares.com/api/v1/historical-archive?product=gld&exchange=NYSE&lang=en,2026-10-09
gld_holdings,2004-12-22,2004-12-23,91.75,https://api.spdrgoldshares.com/api/v1/historical-archive?product=gld&exchange=NYSE&lang=en,2026-10-09
gld_holdings,2004-12-23,2004-12-24,91.75,https://api.spdrgoldshares.com/api/v1/historical-archive?product=gld&exchange=NYSE&lang=en,2026-10-09
gld_holdings,2004-12-27,2004-12-28,91.75,https://api.spdrgoldshares.com/api/v1/historical-archive?product=gld&exchange=NYSE&lang=en,2026-10-09
gld_holdings,2004-12-28,2004-12-29,91.75,https://api.spdrgoldshares.com/api/v1/historical-archive?product=gld&exchange=NYSE&lang=en,2026-10-09
gld_holdings,2004-12-29,2004-12-30,91.75,https://api.spdrgoldshares.com/api/v1/historical-archive?product=gld&exchange=NYSE&lang=en,2026-10-09
gld_holdings,2004-12-30,2004-12-31,94.86,https://api.spdrgoldshares.com/api/v1/historical-archive?product=gld&exchange=NYSE&lang=en,2026-10-09
gld_holdings,2004-12-31,2005-01-01,94.86,https://api.spdrgoldshares.com/api/v1/historical-archive?product=gld&exchange=NYSE&lang=en,2026-10-09
gld_holdings,2005-01-03,2005-01-04,109.16,https://api.spdrgoldshares.com/api/v1/historical-archive?product=gld&exchange=NYSE&lang=en,2026-10-09
gld_holdings,2005-01-04,2005-01-05,109.14,https://api.spdrgoldshares.com/api/v1/historical-archive?product=gld&exchange=NYSE&lang=en,2026-10-09
gld_holdings,2005-01-05,2005-01-06,109.14,https://api.spdrgoldshares.com/api/v1/historical-archive?product=gld&exchange=NYSE&lang=en,2026-10-09
gld_holdings,2005-01-06,2005-01-07,112.24,https://api.spdrgoldshares.com/api/v1/historical-archive?product=gld&exchange=NYSE&lang=en,2026-10-09
gld_holdings,2005-01-07,2005-01-08,123.12,https://api.spdrgoldshares.com/api/v1/historical-archive?product=gld&exchange=NYSE&lang=en,2026-10-09
gld_holdings,2005-01-10,2005-01-11,123.12,https://api.spdrgoldshares.com/api/v1/historical-archive?product=gld&exchange=NYSE&lang=en,2026-10-09
gld_holdings,2005-01-11,2005-01-12,139.6,https://api.spdrgoldshares.com/api/v1/historical-archive?product=gld&exchange=NYSE&lang=en,2026-10-09
gld_holdings,2005-01-12,2005-01-13,142.71,https://api.spdrgoldshares.com/api/v1/historical-archive?product=gld&exchange=NYSE&lang=en,2026-10-09
gld_holdings,2005-01-13,2005-01-14,142.71,https://api.spdrgoldshares.com/api/v1/historical-archive?product=gld&exchange=NYSE&lang=en,2026-10-09
gld_holdings,2005-01-14,2005-01-15,142.71,https://api.spdrgoldshares.com/api/v1/historical-archive?product=gld&exchange=NYSE&lang=en,2026-10-09
gld_holdings,2005-01-18,2005-01-19,142.71,https://api.spdrgoldshares.com/api/v1/historical-archive?product=gld&exchange=NYSE&lang=en,2026-10-09
gld_holdings,2005-01-19,2005-01-20,142.71,https://api.spdrgoldshares.com/api/v1/historical-archive?product=gld&exchange=NYSE&lang=en,2026-10-09
gld_holdings,2005-01-20,2005-01-21,142.71,https://api.spdrgoldshares.com/api/v1/historical-archive?product=gld&exchange=NYSE&lang=en,2026-10-09
gld_holdings,2005-01-21,2005-01-22,142.71,https://api.spdrgoldshares.com/api/v1/historical-archive?product=gld&exchange=NYSE&lang=en,2026-10-09
gld_holdings,2005-01-24,2005-01-25,148.92,https://api.spdrgoldshares.com/api/v1/historical-archive?product=gld&exchange=NYSE&lang=en,2026-10-09
gld_holdings,2005-01-25,2005-01-26,152.03,https://api.spdrgoldshares.com/api/v1/historical-archive?product=gld&exchange=NYSE&lang=en,2026-10-09
gld_holdings,2005-01-26,2005-01-27,152.03,https://api.spdrgoldshares.com/api/v1/historical-archive?product=gld&exchange=NYSE&lang=en,2026-10-09
gld_holdings,2005-01-27,2005-01-28,152.03,https://api.spdrgoldshares.com/api/v1/historical-archive?product=gld&exchange=NYSE&lang=en,2026-10-09
gld_holdings,2005-01-28,2005-01-29,152.03,https://api.spdrgoldshares.com/api/v1/historical-archive?product=gld&exchange=NYSE&lang=en,2026-10-09
gld_holdings,2005-01-31,2005-02-01,152.03,https://api.spdrgoldshares.com/api/v1/historical-archive?product=gld&exchange=NYSE&lang=en,2026-10-09
gld_holdings,2005-02-01,2005-02-02,151.98,https://api.spdrgoldshares.com/api/v1/historical-archive?product=gld&exchange=NYSE&lang=en,2026-10-09
gld_holdings,2005-02-02,2005-02-03,151.98,https://api.spdrgoldshares.com/api/v1/historical-archive?product=gld&exchange=NYSE&lang=en,2026-10-09
gld_holdings,2005-02-03,2005-02-04,151.98,https://api.spdrgoldshares.com/api/v1/historical-archive?product=gld&exchange=NYSE&lang=en,2026-10-09
gld_holdings,2005-02-04,2005-02-05,151.98,https://api.spdrgoldshares.com/api/v1/historical-archive?product=gld&exchange=NYSE&lang=en,2026-10-09
gld_holdings,2005-02-07,2005-02-08,151.98,https://api.spdrgoldshares.com/api/v1/historical-archive?product=gld&exchange=NYSE&lang=en,2026-10-09
gld_holdings,2005-02-08,2005-02-09,155.09,https://api.spdrgoldshares.com/api/v1/historical-archive?product=gld&exchange=NYSE&lang=en,2026-10-09
gld_holdings,2005-02-09,2005-02-10,155.09,https://api.spdrgoldshares.com/api/v1/historical-archive?product=gld&exchange=NYSE&lang=en,2026-10-09
gld_holdings,2005-02-10,2005-02-11,155.09,https://api.spdrgoldshares.com/api/v1/historical-archive?product=gld&exchange=NYSE&lang=en,2026-10-09
gld_holdings,2005-02-11,2005-02-12,155.09,https://api.spdrgoldshares.com/api/v1/historical-archive?product=gld&exchange=NYSE&lang=en,2026-10-09
gld_holdings,2005-02-14,2005-02-15,155.09,https://api.spdrgoldshares.com/api/v1/historical-archive?product=gld&exchange=NYSE&lang=en,2026-10-09
gld_holdings,2005-02-15,2005-02-16,155.09,https://api.spdrgoldshares.com/api/v1/historical-archive?product=gld&exchange=NYSE&lang=en,2026-10-09
gld_holdings,2005-02-16,2005-02-17,155.09,https://api.spdrgoldshares.com/api/v1/historical-archive?product=gld&exchange=NYSE&lang=en,2026-10-09
gld_holdings,2005-02-17,2005-02-18,155.09,https://api.spdrgoldshares.com/api/v1/historical-archive?product=gld&exchange=NYSE&lang=en,2026-10-09
gld_holdings,2005-02-18,2005-02-19,155.09,https://api.spdrgoldshares.com/api/v1/historical-archive?product=gld&exchange=NYSE&lang=en,2026-10-09
gld_holdings,2005-02-22,2005-02-23,159.75,https://api.spdrgoldshares.com/api/v1/historical-archive?product=gld&exchange=NYSE&lang=en,2026-10-09
gld_holdings,2005-02-23,2005-02-24,157.88,https://api.spdrgoldshares.com/api/v1/historical-archive?product=gld&exchange=NYSE&lang=en,2026-10-09
gld_holdings,2005-02-24,2005-02-25,157.88,https://api.spdrgoldshares.com/api/v1/historical-archive?product=gld&exchange=NYSE&lang=en,2026-10-09
gld_holdings,2005-02-25,2005-02-26,157.88,https://api.spdrgoldshares.com/api/v1/historical-archive?product=gld&exchange=NYSE&lang=en,2026-10-09
gld_holdings,2005-02-28,2005-03-01,157.88,https://api.spdrgoldshares.com/api/v1/historical-archive?product=gld&exchange=NYSE&lang=en,2026-10-09
gld_holdings,2005-03-01,2005-03-02,157.84,https://api.spdrgoldshares.com/api/v1/historical-archive?product=gld&exchange=NYSE&lang=en,2026-10-09
gld_holdings,2005-03-02,2005-03-03,157.84,https://api.spdrgoldshares.com/api/v1/historical-archive?product=gld&exchange=NYSE&lang=en,2026-10-09
gld_holdings,2005-03-03,2005-03-04,160.94,https://api.spdrgoldshares.com/api/v1/historical-archive?product=gld&exchange=NYSE&lang=en,2026-10-09
gld_holdings,2005-03-04,2005-03-05,164.05,https://api.spdrgoldshares.com/api/v1/historical-archive?product=gld&exchange=NYSE&lang=en,2026-10-09
gld_holdings,2005-03-07,2005-03-08,164.05,https://api.spdrgoldshares.com/api/v1/historical-archive?product=gld&exchange=NYSE&lang=en,2026-10-09
gld_holdings,2005-03-08,2005-03-09,164.05,https://api.spdrgoldshares.com/api/v1/historical-archive?product=gld&exchange=NYSE&lang=en,2026-10-09
gld_holdings,2005-03-09,2005-03-10,164.05,https://api.spdrgoldshares.com/api/v1/historical-archive?product=gld&exchange=NYSE&lang=en,2026-10-09
gld_holdings,2005-03-10,2005-03-11,164.05,https://api.spdrgoldshares.com/api/v1/historical-archive?product=gld&exchange=NYSE&lang=en,2026-10-09
gld_holdings,2005-03-11,2005-03-12,164.05,https://api.spdrgoldshares.com/api/v1/historical-archive?product=gld&exchange=NYSE&lang=en,2026-10-09
gld_holdings,2005-03-14,2005-03-15,164.05,https://api.spdrgoldshares.com/api/v1/historical-archive?product=gld&exchange=NYSE&lang=en,2026-10-09
gld_holdings,2005-03-15,2005-03-16,164.05,https://api.spdrgoldshares.com/api/v1/historical-archive?product=gld&exchange=NYSE&lang=en,2026-10-09
gld_holdings,2005-03-16,2005-03-17,164.05,https://api.spdrgoldshares.com/api/v1/historical-archive?product=gld&exchange=NYSE&lang=en,2026-10-09
gld_holdings,2005-03-17,2005-03-18,164.05,https://api.spdrgoldshares.com/api/v1/historical-archive?product=gld&exchange=NYSE&lang=en,2026-10-09
gld_holdings,2005-03-18,2005-03-19,164.05,https://api.spdrgoldshares.com/api/v1/historical-archive?product=gld&exchange=NYSE&lang=en,2026-10-09
gld_holdings,2005-03-21,2005-03-22,164.05,https://api.spdrgoldshares.com/api/v1/historical-archive?product=gld&exchange=NYSE&lang=en,2026-10-09
gld_holdings,2005-03-22,2005-03-23,164.05,https://api.spdrgoldshares.com/api/v1/historical-archive?product=gld&exchange=NYSE&lang=en,2026-10-09
gld_holdings,2005-03-23,2005-03-24,164.05,https://api.spdrgoldshares.com/api/v1/historical-archive?product=gld&exchange=NYSE&lang=en,2026-10-09
gld_holdings,2005-03-24,2005-03-25,164.05,https://api.spdrgoldshares.com/api/v1/historical-archive?product=gld&exchange=NYSE&lang=en,2026-10-09
gld_holdings,2005-03-28,2005-03-29,164.05,https://api.spdrgoldshares.com/api/v1/historical-archive?product=gld&exchange=NYSE&lang=en,2026-10-09
gld_holdings,2005-03-29,2005-03-30,164.05,https://api.spdrgoldshares.com/api/v1/historical-archive?product=gld&exchange=NYSE&lang=en,2026-10-09
gld_holdings,2005-03-30,2005-03-31,164.05,https://api.spdrgoldshares.com/api/v1/historical-archive?product=gld&exchange=NYSE&lang=en,2026-10-09
gld_holdings,2005-03-31,2005-04-01,164.05,https://api.spdrgoldshares.com/api/v1/historical-archive?product=gld&exchange=NYSE&lang=en,2026-10-09
gld_holdings,2005-04-01,2005-04-02,163.99,https://api.spdrgoldshares.com/api/v1/historical-archive?product=gld&exchange=NYSE&lang=en,2026-10-09
gld_holdings,2005-04-04,2005-04-05,163.99,https://api.spdrgoldshares.com/api/v1/historical-archive?product=gld&exchange=NYSE&lang=en,2026-10-09
gld_holdings,2005-04-05,2005-04-06,167.1,https://api.spdrgoldshares.com/api/v1/historical-archive?product=gld&exchange=NYSE&lang=en,2026-10-09
gld_holdings,2005-04-06,2005-04-07,166.79,https://api.spdrgoldshares.com/api/v1/historical-archive?product=gld&exchange=NYSE&lang=en,2026-10-09
gld_holdings,2005-04-07,2005-04-08,169.89,https://api.spdrgoldshares.com/api/v1/historical-archive?product=gld&exchange=NYSE&lang=en,2026-10-09
gld_holdings,2005-04-08,2005-04-09,173.0,https://api.spdrgoldshares.com/api/v1/historical-archive?product=gld&exchange=NYSE&lang=en,2026-10-09
gld_holdings,2005-04-11,2005-04-12,173.0,https://api.spdrgoldshares.com/api/v1/historical-archive?product=gld&exchange=NYSE&lang=en,2026-10-09
gld_holdings,2005-04-12,2005-04-13,173.0,https://api.spdrgoldshares.com/api/v1/historical-archive?product=gld&exchange=NYSE&lang=en,2026-10-09
gld_holdings,2005-04-13,2005-04-14,177.66,https://api.spdrgoldshares.com/api/v1/historical-archive?product=gld&exchange=NYSE&lang=en,2026-10-09
gld_holdings,2005-04-14,2005-04-15,177.66,https://api.spdrgoldshares.com/api/v1/historical-archive?product=gld&exchange=NYSE&lang=en,2026-10-09
gld_holdings,2005-04-15,2005-04-16,177.66,https://api.spdrgoldshares.com/api/v1/historical-archive?product=gld&exchange=NYSE&lang=en,2026-10-09
gld_holdings,2005-04-18,2005-04-19,177.66,https://api.spdrgoldshares.com/api/v1/historical-archive?product=gld&exchange=NYSE&lang=en,2026-10-09
gld_holdings,2005-04-19,2005-04-20,177.66,https://api.spdrgoldshares.com/api/v1/historical-archive?product=gld&exchange=NYSE&lang=en,2026-10-09
gld_holdings,2005-04-20,2005-04-21,177.66,https://api.spdrgoldshares.com/api/v1/historical-archive?product=gld&exchange=NYSE&lang=en,2026-10-09
gld_holdings,2005-04-21,2005-04-22,177.66,https://api.spdrgoldshares.com/api/v1/historical-archive?product=gld&exchange=NYSE&lang=en,2026-10-09
gld_holdings,2005-04-22,2005-04-23,177.66,https://api.spdrgoldshares.com/api/v1/historical-archive?product=gld&exchange=NYSE&lang=en,2026-10-09
gld_holdings,2005-04-25,2005-04-26,177.66,https://api.spdrgoldshares.com/api/v1/historical-archive?product=gld&exchange=NYSE&lang=en,2026-10-09
gld_holdings,2005-04-26,2005-04-27,178.9,https://api.spdrgoldshares.com/api/v1/historical-archive?product=gld&exchange=NYSE&lang=en,2026-10-09
gld_holdings,2005-04-27,2005-04-28,178.9,https://api.spdrgoldshares.com/api/v1/historical-archive?product=gld&exchange=NYSE&lang=en,2026-10-09
gld_holdings,2005-04-28,2005-04-29,178.9,https://api.spdrgoldshares.com/api/v1/historical-archive?product=gld&exchange=NYSE&lang=en,2026-10-09
gld_holdings,2005-04-29,2005-04-30,178.9,https://api.spdrgoldshares.com/api/v1/historical-archive?product=gld&exchange=NYSE&lang=en,2026-10-09
gld_holdings,2005-05-02,2005-05-03,178.9,https://api.spdrgoldshares.com/api/v1/historical-archive?product=gld&exchange=NYSE&lang=en,2026-10-09
gld_holdings,2005-05-03,2005-05-04,178.84,https://api.spdrgoldshares.com/api/v1/historical-archive?product=gld&exchange=NYSE&lang=en,2026-10-09
gld_holdings,2005-05-04,2005-05-05,178.84,https://api.spdrgoldshares.com/api/v1/historical-archive?product=gld&exchange=NYSE&lang=en,2026-10-09
gld_holdings,2005-05-05,2005-05-06,178.84,https://api.spdrgoldshares.com/api/v1/historical-archive?product=gld&exchange=NYSE&lang=en,2026-10-09
gld_holdings,2005-05-06,2005-05-07,178.84,https://api.spdrgoldshares.com/api/v1/historical-archive?product=gld&exchange=NYSE&lang=en,2026-10-09
gld_holdings,2005-05-09,2005-05-10,178.84,https://api.spdrgoldshares.com/api/v1/historical-archive?product=gld&exchange=NYSE&lang=en,2026-10-09
gld_holdings,2005-05-10,2005-05-11,178.84,https://api.spdrgoldshares.com/api/v1/historical-archive?product=gld&exchange=NYSE&lang=en,2026-10-09
gld_holdings,2005-05-11,2005-05-12,178.84,https://api.spdrgoldshares.com/api/v1/historical-archive?product=gld&exchange=NYSE&lang=en,2026-10-09
gld_holdings,2005-05-12,2005-05-13,178.84,https://api.spdrgoldshares.com/api/v1/historical-archive?product=gld&exchange=NYSE&lang=en,2026-10-09
gld_holdings,2005-05-13,2005-05-14,178.84,https://api.spdrgoldshares.com/api/v1/historical-archive?product=gld&exchange=NYSE&lang=en,2026-10-09
gld_holdings,2005-05-16,2005-05-17,178.84,https://api.spdrgoldshares.com/api/v1/historical-archive?product=gld&exchange=NYSE&lang=en,2026-10-09
gld_holdings,2005-05-17,2005-05-18,178.84,https://api.spdrgoldshares.com/api/v1/historical-archive?product=gld&exchange=NYSE&lang=en,2026-10-09
gld_holdings,2005-05-18,2005-05-19,178.84,https://api.spdrgoldshares.com/api/v1/historical-archive?product=gld&exchange=NYSE&lang=en,2026-10-09
gld_holdings,2005-05-19,2005-05-20,178.84,https://api.spdrgoldshares.com/api/v1/historical-archive?product=gld&exchange=NYSE&lang=en,2026-10-09
gld_holdings,2005-05-20,2005-05-21,178.84,https://api.spdrgoldshares.com/api/v1/historical-archive?product=gld&exchange=NYSE&lang=en,2026-10-09
gld_holdings,2005-05-23,2005-05-24,177.6,https://api.spdrgoldshares.com/api/v1/historical-archive?product=gld&exchange=NYSE&lang=en,2026-10-09
gld_holdings,2005-05-24,2005-05-25,177.6,https://api.spdrgoldshares.com/api/v1/historical-archive?product=gld&exchange=NYSE&lang=en,2026-10-09
gld_holdings,2005-05-25,2005-05-26,177.6,https://api.spdrgoldshares.com/api/v1/historical-archive?product=gld&exchange=NYSE&lang=en,2026-10-09
gld_holdings,2005-05-26,2005-05-27,177.6,https://api.spdrgoldshares.com/api/v1/historical-archive?product=gld&exchange=NYSE&lang=en,2026-10-09
gld_holdings,2005-05-27,2005-05-28,177.6,https://api.spdrgoldshares.com/api/v1/historical-archive?product=gld&exchange=NYSE&lang=en,2026-10-09
gld_holdings,2005-05-31,2005-06-01,179.15,https://api.spdrgoldshares.com/api/v1/historical-archive?product=gld&exchange=NYSE&lang=en,2026-10-09
gld_holdings,2005-06-01,2005-06-02,179.1,https://api.spdrgoldshares.com/api/v1/historical-archive?product=gld&exchange=NYSE&lang=en,2026-10-09
gld_holdings,2005-06-02,2005-06-03,179.1,https://api.spdrgoldshares.com/api/v1/historical-archive?product=gld&exchange=NYSE&lang=en,2026-10-09
gld_holdings,2005-06-03,2005-06-04,179.1,https://api.spdrgoldshares.com/api/v1/historical-archive?product=gld&exchange=NYSE&lang=en,2026-10-09
gld_holdings,2005-06-06,2005-06-07,179.1,https://api.spdrgoldshares.com/api/v1/historical-archive?product=gld&exchange=NYSE&lang=en,2026-10-09
gld_holdings,2005-06-07,2005-06-08,179.1,https://api.spdrgoldshares.com/api/v1/historical-archive?product=gld&exchange=NYSE&lang=en,2026-10-09
gld_holdings,2005-06-08,2005-06-09,179.1,https://api.spdrgoldshares.com/api/v1/historical-archive?product=gld&exchange=NYSE&lang=en,2026-10-09
gld_holdings,2005-06-09,2005-06-10,179.1,https://api.spdrgoldshares.com/api/v1/historical-archive?product=gld&exchange=NYSE&lang=en,2026-10-09
gld_holdings,2005-06-10,2005-06-11,179.1,https://api.spdrgoldshares.com/api/v1/historical-archive?product=gld&exchange=NYSE&lang=en,2026-10-09
gld_holdings,2005-06-13,2005-06-14,179.1,https://api.spdrgoldshares.com/api/v1/historical-archive?product=gld&exchange=NYSE&lang=en,2026-10-09
gld_holdings,2005-06-14,2005-06-15,179.1,https://api.spdrgoldshares.com/api/v1/historical-archive?product=gld&exchange=NYSE&lang=en,2026-10-09
gld_holdings,2005-06-15,2005-06-16,179.1,https://api.spdrgoldshares.com/api/v1/historical-archive?product=gld&exchange=NYSE&lang=en,2026-10-09
gld_holdings,2005-06-16,2005-06-17,179.1,https://api.spdrgoldshares.com/api/v1/historical-archive?product=gld&exchange=NYSE&lang=en,2026-10-09
gld_holdings,2005-06-17,2005-06-18,179.1,https://api.spdrgoldshares.com/api/v1/historical-archive?product=gld&exchange=NYSE&lang=en,2026-10-09
gld_holdings,2005-06-20,2005-06-21,179.1,https://api.spdrgoldshares.com/api/v1/historical-archive?product=gld&exchange=NYSE&lang=en,2026-10-09
gld_holdings,2005-06-21,2005-06-22,179.1,https://api.spdrgoldshares.com/api/v1/historical-archive?product=gld&exchange=NYSE&lang=en,2026-10-09
gld_holdings,2005-06-22,2005-06-23,179.1,https://api.spdrgoldshares.com/api/v1/historical-archive?product=gld&exchange=NYSE&lang=en,2026-10-09
gld_holdings,2005-06-23,2005-06-24,175.99,https://api.spdrgoldshares.com/api/v1/historical-archive?product=gld&exchange=NYSE&lang=en,2026-10-09
gld_holdings,2005-06-24,2005-06-25,175.99,https://api.spdrgoldshares.com/api/v1/historical-archive?product=gld&exchange=NYSE&lang=en,2026-10-09
gld_holdings,2005-06-27,2005-06-28,175.37,https://api.spdrgoldshares.com/api/v1/historical-archive?product=gld&exchange=NYSE&lang=en,2026-10-09
gld_holdings,2005-06-28,2005-06-29,175.37,https://api.spdrgoldshares.com/api/v1/historical-archive?product=gld&exchange=NYSE&lang=en,2026-10-09
gld_holdings,2005-06-29,2005-06-30,175.37,https://api.spdrgoldshares.com/api/v1/historical-archive?product=gld&exchange=NYSE&lang=en,2026-10-09
gld_holdings,2005-06-30,2005-07-01,175.37,https://api.spdrgoldshares.com/api/v1/historical-archive?product=gld&exchange=NYSE&lang=en,2026-10-09
gld_holdings,2005-07-01,2005-07-02,175.31,https://api.spdrgoldshares.com/api/v1/historical-archive?product=gld&exchange=NYSE&lang=en,2026-10-09
gld_holdings,2005-07-05,2005-07-06,175.31,https://api.spdrgoldshares.com/api/v1/historical-archive?product=gld&exchange=NYSE&lang=en,2026-10-09
gld_holdings,2005-07-06,2005-07-07,175.31,https://api.spdrgoldshares.com/api/v1/historical-archive?product=gld&exchange=NYSE&lang=en,2026-10-09
gld_holdings,2005-07-07,2005-07-08,178.41,https://api.spdrgoldshares.com/api/v1/historical-archive?product=gld&exchange=NYSE&lang=en,2026-10-09
gld_holdings,2005-07-08,2005-07-09,178.41,https://api.spdrgoldshares.com/api/v1/historical-archive?product=gld&exchange=NYSE&lang=en,2026-10-09
gld_holdings,2005-07-11,2005-07-12,178.41,https://api.spdrgoldshares.com/api/v1/historical-archive?product=gld&exchange=NYSE&lang=en,2026-10-09
gld_holdings,2005-07-12,2005-07-13,178.41,https://api.spdrgoldshares.com/api/v1/historical-archive?product=gld&exchange=NYSE&lang=en,2026-10-09
gld_holdings,2005-07-13,2005-07-14,181.51,https://api.spdrgoldshares.com/api/v1/historical-archive?product=gld&exchange=NYSE&lang=en,2026-10-09
gld_holdings,2005-07-14,2005-07-15,181.51,https://api.spdrgoldshares.com/api/v1/historical-archive?product=gld&exchange=NYSE&lang=en,2026-10-09
gld_holdings,2005-07-15,2005-07-16,181.51,https://api.spdrgoldshares.com/api/v1/historical-archive?product=gld&exchange=NYSE&lang=en,2026-10-09
gld_holdings,2005-07-18,2005-07-19,181.51,https://api.spdrgoldshares.com/api/v1/historical-archive?product=gld&exchange=NYSE&lang=en,2026-10-09
gld_holdings,2005-07-19,2005-07-20,181.51,https://api.spdrgoldshares.com/api/v1/historical-archive?product=gld&exchange=NYSE&lang=en,2026-10-09
gld_holdings,2005-07-20,2005-07-21,181.51,https://api.spdrgoldshares.com/api/v1/historical-archive?product=gld&exchange=NYSE&lang=en,2026-10-09
gld_holdings,2005-07-21,2005-07-22,184.61,https://api.spdrgoldshares.com/api/v1/historical-archive?product=gld&exchange=NYSE&lang=en,2026-10-09
gld_holdings,2005-07-22,2005-07-23,184.61,https://api.spdrgoldshares.com/api/v1/historical-archive?product=gld&exchange=NYSE&lang=en,2026-10-09
gld_holdings,2005-07-25,2005-07-26,184.61,https://api.spdrgoldshares.com/api/v1/historical-archive?product=gld&exchange=NYSE&lang=en,2026-10-09
gld_holdings,2005-07-26,2005-07-27,187.72,https://api.spdrgoldshares.com/api/v1/historical-archive?product=gld&exchange=NYSE&lang=en,2026-10-09
gld_holdings,2005-07-27,2005-07-28,187.72,https://api.spdrgoldshares.com/api/v1/historical-archive?product=gld&exchange=NYSE&lang=en,2026-10-09
gld_holdings,2005-07-28,2005-07-29,187.72,https://api.spdrgoldshares.com/api/v1/historical-archive?product=gld&exchange=NYSE&lang=en,2026-10-09
gld_holdings,2005-07-29,2005-07-30,187.72,https://api.spdrgoldshares.com/api/v1/historical-archive?product=gld&exchange=NYSE&lang=en,2026-10-09
gld_holdings,2005-08-01,2005-08-02,187.66,https://api.spdrgoldshares.com/api/v1/historical-archive?product=gld&exchange=NYSE&lang=en,2026-10-09
gld_holdings,2005-08-02,2005-08-03,191.38,https://api.spdrgoldshares.com/api/v1/historical-archive?product=gld&exchange=NYSE&lang=en,2026-10-09
gld_holdings,2005-08-03,2005-08-04,191.38,https://api.spdrgoldshares.com/api/v1/historical-archive?product=gld&exchange=NYSE&lang=en,2026-10-09
gld_holdings,2005-08-04,2005-08-05,191.38,https://api.spdrgoldshares.com/api/v1/historical-archive?product=gld&exchange=NYSE&lang=en,2026-10-09
gld_holdings,2005-08-05,2005-08-06,191.38,https://api.spdrgoldshares.com/api/v1/historical-archive?product=gld&exchange=NYSE&lang=en,2026-10-09
gld_holdings,2005-08-08,2005-08-09,191.38,https://api.spdrgoldshares.com/api/v1/historical-archive?product=gld&exchange=NYSE&lang=en,2026-10-09
gld_holdings,2005-08-09,2005-08-10,191.38,https://api.spdrgoldshares.com/api/v1/historical-archive?product=gld&exchange=NYSE&lang=en,2026-10-09
gld_holdings,2005-08-10,2005-08-11,191.38,https://api.spdrgoldshares.com/api/v1/historical-archive?product=gld&exchange=NYSE&lang=en,2026-10-09
gld_holdings,2005-08-11,2005-08-12,191.38,https://api.spdrgoldshares.com/api/v1/historical-archive?product=gld&exchange=NYSE&lang=en,2026-10-09
gld_holdings,2005-08-12,2005-08-13,191.38,https://api.spdrgoldshares.com/api/v1/historical-archive?product=gld&exchange=NYSE&lang=en,2026-10-09
gld_holdings,2005-08-15,2005-08-16,191.38,https://api.spdrgoldshares.com/api/v1/historical-archive?product=gld&exchange=NYSE&lang=en,2026-10-09
gld_holdings,2005-08-16,2005-08-17,191.38,https://api.spdrgoldshares.com/api/v1/historical-archive?product=gld&exchange=NYSE&lang=en,2026-10-09
gld_holdings,2005-08-17,2005-08-18,191.38,https://api.spdrgoldshares.com/api/v1/historical-archive?product=gld&exchange=NYSE&lang=en,2026-10-09
gld_holdings,2005-08-18,2005-08-19,191.38,https://api.spdrgoldshares.com/api/v1/historical-archive?product=gld&exchange=NYSE&lang=en,2026-10-09
gld_holdings,2005-08-19,2005-08-20,191.38,https://api.spdrgoldshares.com/api/v1/historical-archive?product=gld&exchange=NYSE&lang=en,2026-10-09
gld_holdings,2005-08-22,2005-08-23,191.38,https://api.spdrgoldshares.com/api/v1/historical-archive?product=gld&exchange=NYSE&lang=en,2026-10-09
gld_holdings,2005-08-23,2005-08-24,191.38,https://api.spdrgoldshares.com/api/v1/historical-archive?product=gld&exchange=NYSE&lang=en,2026-10-09
gld_holdings,2005-08-24,2005-08-25,191.38,https://api.spdrgoldshares.com/api/v1/historical-archive?product=gld&exchange=NYSE&lang=en,2026-10-09
gld_holdings,2005-08-25,2005-08-26,191.38,https://api.spdrgoldshares.com/api/v1/historical-archive?product=gld&exchange=NYSE&lang=en,2026-10-09
gld_holdings,2005-08-26,2005-08-27,191.38,https://api.spdrgoldshares.com/api/v1/historical-archive?product=gld&exchange=NYSE&lang=en,2026-10-09
gld_holdings,2005-08-29,2005-08-30,191.38,https://api.spdrgoldshares.com/api/v1/historical-archive?product=gld&exchange=NYSE&lang=en,2026-10-09
gld_holdings,2005-08-30,2005-08-31,191.38,https://api.spdrgoldshares.com/api/v1/historical-archive?product=gld&exchange=NYSE&lang=en,2026-10-09
gld_holdings,2005-08-31,2005-09-01,194.48,https://api.spdrgoldshares.com/api/v1/historical-archive?product=gld&exchange=NYSE&lang=en,2026-10-09
gld_holdings,2005-09-01,2005-09-02,194.41,https://api.spdrgoldshares.com/api/v1/historical-archive?product=gld&exchange=NYSE&lang=en,2026-10-09
gld_holdings,2005-09-02,2005-09-03,194.41,https://api.spdrgoldshares.com/api/v1/historical-archive?product=gld&exchange=NYSE&lang=en,2026-10-09
gld_holdings,2005-09-06,2005-09-07,194.41,https://api.spdrgoldshares.com/api/v1/historical-archive?product=gld&exchange=NYSE&lang=en,2026-10-09
gld_holdings,2005-09-07,2005-09-08,194.41,https://api.spdrgoldshares.com/api/v1/historical-archive?product=gld&exchange=NYSE&lang=en,2026-10-09
gld_holdings,2005-09-08,2005-09-09,198.14,https://api.spdrgoldshares.com/api/v1/historical-archive?product=gld&exchange=NYSE&lang=en,2026-10-09
gld_holdings,2005-09-09,2005-09-10,201.24,https://api.spdrgoldshares.com/api/v1/historical-archive?product=gld&exchange=NYSE&lang=en,2026-10-09
gld_holdings,2005-09-12,2005-09-13,201.24,https://api.spdrgoldshares.com/api/v1/historical-archive?product=gld&exchange=NYSE&lang=en,2026-10-09
gld_holdings,2005-09-13,2005-09-14,201.24,https://api.spdrgoldshares.com/api/v1/historical-archive?product=gld&exchange=NYSE&lang=en,2026-10-09
gld_holdings,2005-09-14,2005-09-15,201.24,https://api.spdrgoldshares.com/api/v1/historical-archive?product=gld&exchange=NYSE&lang=en,2026-10-09
gld_holdings,2005-09-15,2005-09-16,201.24,https://api.spdrgoldshares.com/api/v1/historical-archive?product=gld&exchange=NYSE&lang=en,2026-10-09
gld_holdings,2005-09-16,2005-09-17,204.34,https://api.spdrgoldshares.com/api/v1/historical-archive?product=gld&exchange=NYSE&lang=en,2026-10-09
gld_holdings,2005-09-19,2005-09-20,204.34,https://api.spdrgoldshares.com/api/v1/historical-archive?product=gld&exchange=NYSE&lang=en,2026-10-09
gld_holdings,2005-09-20,2005-09-21,204.34,https://api.spdrgoldshares.com/api/v1/historical-archive?product=gld&exchange=NYSE&lang=en,2026-10-09
gld_holdings,2005-09-21,2005-09-22,204.34,https://api.spdrgoldshares.com/api/v1/historical-archive?product=gld&exchange=NYSE&lang=en,2026-10-09
gld_holdings,2005-09-22,2005-09-23,207.44,https://api.spdrgoldshares.com/api/v1/historical-archive?product=gld&exchange=NYSE&lang=en,2026-10-09
gld_holdings,2005-09-23,2005-09-24,207.44,https://api.spdrgoldshares.com/api/v1/historical-archive?product=gld&exchange=NYSE&lang=en,2026-10-09
gld_holdings,2005-09-26,2005-09-27,207.44,https://api.spdrgoldshares.com/api/v1/historical-archive?product=gld&exchange=NYSE&lang=en,2026-10-09
gld_holdings,2005-09-27,2005-09-28,207.44,https://api.spdrgoldshares.com/api/v1/historical-archive?product=gld&exchange=NYSE&lang=en,2026-10-09
gld_holdings,2005-09-28,2005-09-29,207.44,https://api.spdrgoldshares.com/api/v1/historical-archive?product=gld&exchange=NYSE&lang=en,2026-10-09
gld_holdings,2005-09-29,2005-09-30,207.44,https://api.spdrgoldshares.com/api/v1/historical-archive?product=gld&exchange=NYSE&lang=en,2026-10-09
gld_holdings,2005-09-30,2005-10-01,207.44,https://api.spdrgoldshares.com/api/v1/historical-archive?product=gld&exchange=NYSE&lang=en,2026-10-09
gld_holdings,2005-10-03,2005-10-04,207.36,https://api.spdrgoldshares.com/api/v1/historical-archive?product=gld&exchange=NYSE&lang=en,2026-10-09
gld_holdings,2005-10-04,2005-10-05,207.36,https://api.spdrgoldshares.com/api/v1/historical-archive?product=gld&exchange=NYSE&lang=en,2026-10-09
gld_holdings,2005-10-05,2005-10-06,207.36,https://api.spdrgoldshares.com/api/v1/historical-archive?product=gld&exchange=NYSE&lang=en,2026-10-09
gld_holdings,2005-10-06,2005-10-07,207.36,https://api.spdrgoldshares.com/api/v1/historical-archive?product=gld&exchange=NYSE&lang=en,2026-10-09
gld_holdings,2005-10-07,2005-10-08,207.36,https://api.spdrgoldshares.com/api/v1/historical-archive?product=gld&exchange=NYSE&lang=en,2026-10-09
gld_holdings,2005-10-10,2005-10-11,207.36,https://api.spdrgoldshares.com/api/v1/historical-archive?product=gld&exchange=NYSE&lang=en,2026-10-09
gld_holdings,2005-10-11,2005-10-12,207.36,https://api.spdrgoldshares.com/api/v1/historical-archive?product=gld&exchange=NYSE&lang=en,2026-10-09
gld_holdings,2005-10-12,2005-10-13,207.36,https://api.spdrgoldshares.com/api/v1/historical-archive?product=gld&exchange=NYSE&lang=en,2026-10-09
gld_holdings,2005-10-13,2005-10-14,207.36,https://api.spdrgoldshares.com/api/v1/historical-archive?product=gld&exchange=NYSE&lang=en,2026-10-09
gld_holdings,2005-10-14,2005-10-15,207.36,https://api.spdrgoldshares.com/api/v1/historical-archive?product=gld&exchange=NYSE&lang=en,2026-10-09
gld_holdings,2005-10-17,2005-10-18,207.36,https://api.spdrgoldshares.com/api/v1/historical-archive?product=gld&exchange=NYSE&lang=en,2026-10-09
gld_holdings,2005-10-18,2005-10-19,207.36,https://api.spdrgoldshares.com/api/v1/historical-archive?product=gld&exchange=NYSE&lang=en,2026-10-09
gld_holdings,2005-10-19,2005-10-20,207.36,https://api.spdrgoldshares.com/api/v1/historical-archive?product=gld&exchange=NYSE&lang=en,2026-10-09
gld_holdings,2005-10-20,2005-10-21,207.36,https://api.spdrgoldshares.com/api/v1/historical-archive?product=gld&exchange=NYSE&lang=en,2026-10-09
gld_holdings,2005-10-21,2005-10-22,207.36,https://api.spdrgoldshares.com/api/v1/historical-archive?product=gld&exchange=NYSE&lang=en,2026-10-09
gld_holdings,2005-10-24,2005-10-25,207.36,https://api.spdrgoldshares.com/api/v1/historical-archive?product=gld&exchange=NYSE&lang=en,2026-10-09
gld_holdings,2005-10-25,2005-10-26,207.36,https://api.spdrgoldshares.com/api/v1/historical-archive?product=gld&exchange=NYSE&lang=en,2026-10-09
gld_holdings,2005-10-26,2005-10-27,207.36,https://api.spdrgoldshares.com/api/v1/historical-archive?product=gld&exchange=NYSE&lang=en,2026-10-09
gld_holdings,2005-10-27,2005-10-28,207.36,https://api.spdrgoldshares.com/api/v1/historical-archive?product=gld&exchange=NYSE&lang=en,2026-10-09
gld_holdings,2005-10-28,2005-10-29,208.29,https://api.spdrgoldshares.com/api/v1/historical-archive?product=gld&exchange=NYSE&lang=en,2026-10-09
gld_holdings,2005-10-31,2005-11-01,208.29,https://api.spdrgoldshares.com/api/v1/historical-archive?product=gld&exchange=NYSE&lang=en,2026-10-09
gld_holdings,2005-11-01,2005-11-02,211.32,https://api.spdrgoldshares.com/api/v1/historical-archive?product=gld&exchange=NYSE&lang=en,2026-10-09
gld_holdings,2005-11-02,2005-11-03,211.32,https://api.spdrgoldshares.com/api/v1/historical-archive?product=gld&exchange=NYSE&lang=en,2026-10-09
gld_holdings,2005-11-03,2005-11-04,211.32,https://api.spdrgoldshares.com/api/v1/historical-archive?product=gld&exchange=NYSE&lang=en,2026-10-09
gld_holdings,2005-11-04,2005-11-05,211.32,https://api.spdrgoldshares.com/api/v1/historical-archive?product=gld&exchange=NYSE&lang=en,2026-10-09
gld_holdings,2005-11-07,2005-11-08,211.32,https://api.spdrgoldshares.com/api/v1/historical-archive?product=gld&exchange=NYSE&lang=en,2026-10-09
gld_holdings,2005-11-08,2005-11-09,211.32,https://api.spdrgoldshares.com/api/v1/historical-archive?product=gld&exchange=NYSE&lang=en,2026-10-09
gld_holdings,2005-11-09,2005-11-10,211.32,https://api.spdrgoldshares.com/api/v1/historical-archive?product=gld&exchange=NYSE&lang=en,2026-10-09
gld_holdings,2005-11-10,2005-11-11,211.32,https://api.spdrgoldshares.com/api/v1/historical-archive?product=gld&exchange=NYSE&lang=en,2026-10-09
gld_holdings,2005-11-11,2005-11-12,211.32,https://api.spdrgoldshares.com/api/v1/historical-archive?product=gld&exchange=NYSE&lang=en,2026-10-09
gld_holdings,2005-11-14,2005-11-15,215.04,https://api.spdrgoldshares.com/api/v1/historical-archive?product=gld&exchange=NYSE&lang=en,2026-10-09
gld_holdings,2005-11-15,2005-11-16,215.04,https://api.spdrgoldshares.com/api/v1/historical-archive?product=gld&exchange=NYSE&lang=en,2026-10-09
gld_holdings,2005-11-16,2005-11-17,215.04,https://api.spdrgoldshares.com/api/v1/historical-archive?product=gld&exchange=NYSE&lang=en,2026-10-09
gld_holdings,2005-11-17,2005-11-18,218.13,https://api.spdrgoldshares.com/api/v1/historical-archive?product=gld&exchange=NYSE&lang=en,2026-10-09
gld_holdings,2005-11-18,2005-11-19,221.23,https://api.spdrgoldshares.com/api/v1/historical-archive?product=gld&exchange=NYSE&lang=en,2026-10-09
gld_holdings,2005-11-21,2005-11-22,221.23,https://api.spdrgoldshares.com/api/v1/historical-archive?product=gld&exchange=NYSE&lang=en,2026-10-09
gld_holdings,2005-11-22,2005-11-23,221.23,https://api.spdrgoldshares.com/api/v1/historical-archive?product=gld&exchange=NYSE&lang=en,2026-10-09
gld_holdings,2005-11-23,2005-11-24,226.19,https://api.spdrgoldshares.com/api/v1/historical-archive?product=gld&exchange=NYSE&lang=en,2026-10-09
gld_holdings,2005-11-25,2005-11-26,226.19,https://api.spdrgoldshares.com/api/v1/historical-archive?product=gld&exchange=NYSE&lang=en,2026-10-09
gld_holdings,2005-11-28,2005-11-29,226.19,https://api.spdrgoldshares.com/api/v1/historical-archive?product=gld&exchange=NYSE&lang=en,2026-10-09
gld_holdings,2005-11-29,2005-11-30,229.28,https://api.spdrgoldshares.com/api/v1/historical-archive?product=gld&exchange=NYSE&lang=en,2026-10-09
gld_holdings,2005-11-30,2005-12-01,229.28,https://api.spdrgoldshares.com/api/v1/historical-archive?product=gld&exchange=NYSE&lang=en,2026-10-09
gld_holdings,2005-12-01,2005-12-02,229.22,https://api.spdrgoldshares.com/api/v1/historical-archive?product=gld&exchange=NYSE&lang=en,2026-10-09
gld_holdings,2005-12-02,2005-12-03,229.22,https://api.spdrgoldshares.com/api/v1/historical-archive?product=gld&exchange=NYSE&lang=en,2026-10-09
gld_holdings,2005-12-05,2005-12-06,229.22,https://api.spdrgoldshares.com/api/v1/historical-archive?product=gld&exchange=NYSE&lang=en,2026-10-09
gld_holdings,2005-12-06,2005-12-07,229.22,https://api.spdrgoldshares.com/api/v1/historical-archive?product=gld&exchange=NYSE&lang=en,2026-10-09
gld_holdings,2005-12-07,2005-12-08,229.22,https://api.spdrgoldshares.com/api/v1/historical-archive?product=gld&exchange=NYSE&lang=en,2026-10-09
gld_holdings,2005-12-08,2005-12-09,232.32,https://api.spdrgoldshares.com/api/v1/historical-archive?product=gld&exchange=NYSE&lang=en,2026-10-09
gld_holdings,2005-12-09,2005-12-10,232.32,https://api.spdrgoldshares.com/api/v1/historical-archive?product=gld&exchange=NYSE&lang=en,2026-10-09
gld_holdings,2005-12-12,2005-12-13,232.32,https://api.spdrgoldshares.com/api/v1/historical-archive?product=gld&exchange=NYSE&lang=en,2026-10-09
gld_holdings,2005-12-13,2005-12-14,232.32,https://api.spdrgoldshares.com/api/v1/historical-archive?product=gld&exchange=NYSE&lang=en,2026-10-09
gld_holdings,2005-12-14,2005-12-15,232.32,https://api.spdrgoldshares.com/api/v1/historical-archive?product=gld&exchange=NYSE&lang=en,2026-10-09
gld_holdings,2005-12-15,2005-12-16,232.32,https://api.spdrgoldshares.com/api/v1/historical-archive?product=gld&exchange=NYSE&lang=en,2026-10-09
gld_holdings,2005-12-16,2005-12-17,235.41,https://api.spdrgoldshares.com/api/v1/historical-archive?product=gld&exchange=NYSE&lang=en,2026-10-09
gld_holdings,2005-12-19,2005-12-20,238.51,https://api.spdrgoldshares.com/api/v1/historical-archive?product=gld&exchange=NYSE&lang=en,2026-10-09
gld_holdings,2005-12-20,2005-12-21,238.51,https://api.spdrgoldshares.com/api/v1/historical-archive?product=gld&exchange=NYSE&lang=en,2026-10-09
gld_holdings,2005-12-21,2005-12-22,241.61,https://api.spdrgoldshares.com/api/v1/historical-archive?product=gld&exchange=NYSE&lang=en,2026-10-09
gld_holdings,2005-12-22,2005-12-23,241.61,https://api.spdrgoldshares.com/api/v1/historical-archive?product=gld&exchange=NYSE&lang=en,2026-10-09
gld_holdings,2005-12-23,2005-12-24,241.61,https://api.spdrgoldshares.com/api/v1/historical-archive?product=gld&exchange=NYSE&lang=en,2026-10-09
gld_holdings,2005-12-27,2005-12-28,247.8,https://api.spdrgoldshares.com/api/v1/historical-archive?product=gld&exchange=NYSE&lang=en,2026-10-09
gld_holdings,2005-12-28,2005-12-29,253.99,https://api.spdrgoldshares.com/api/v1/historical-archive?product=gld&exchange=NYSE&lang=en,2026-10-09
gld_holdings,2005-12-29,2005-12-30,255.54,https://api.spdrgoldshares.com/api/v1/historical-archive?product=gld&exchange=NYSE&lang=en,2026-10-09
gld_holdings,2005-12-30,2005-12-31,263.28,https://api.spdrgoldshares.com/api/v1/historical-archive?product=gld&exchange=NYSE&lang=en,2026-10-09
gld_holdings,2006-01-03,2006-01-04,263.28,https://api.spdrgoldshares.com/api/v1/historical-archive?product=gld&exchange=NYSE&lang=en,2026-10-09
gld_holdings,2006-01-04,2006-01-05,263.21,https://api.spdrgoldshares.com/api/v1/historical-archive?product=gld&exchange=NYSE&lang=en,2026-10-09
gld_holdings,2006-01-05,2006-01-06,282.1,https://api.spdrgoldshares.com/api/v1/historical-archive?product=gld&exchange=NYSE&lang=en,2026-10-09
gld_holdings,2006-01-06,2006-01-07,282.1,https://api.spdrgoldshares.com/api/v1/historical-archive?product=gld&exchange=NYSE&lang=en,2026-10-09
gld_holdings,2006-01-09,2006-01-10,285.19,https://api.spdrgoldshares.com/api/v1/historical-archive?product=gld&exchange=NYSE&lang=en,2026-10-09
gld_holdings,2006-01-10,2006-01-11,285.19,https://api.spdrgoldshares.com/api/v1/historical-archive?product=gld&exchange=NYSE&lang=en,2026-10-09
gld_holdings,2006-01-11,2006-01-12,285.19,https://api.spdrgoldshares.com/api/v1/historical-archive?product=gld&exchange=NYSE&lang=en,2026-10-09
gld_holdings,2006-01-12,2006-01-13,285.19,https://api.spdrgoldshares.com/api/v1/historical-archive?product=gld&exchange=NYSE&lang=en,2026-10-09
gld_holdings,2006-01-13,2006-01-14,285.19,https://api.spdrgoldshares.com/api/v1/historical-archive?product=gld&exchange=NYSE&lang=en,2026-10-09
gld_holdings,2006-01-17,2006-01-18,286.12,https://api.spdrgoldshares.com/api/v1/historical-archive?product=gld&exchange=NYSE&lang=en,2026-10-09
gld_holdings,2006-01-18,2006-01-19,286.12,https://api.spdrgoldshares.com/api/v1/historical-archive?product=gld&exchange=NYSE&lang=en,2026-10-09
gld_holdings,2006-01-19,2006-01-20,289.22,https://api.spdrgoldshares.com/api/v1/historical-archive?product=gld&exchange=NYSE&lang=en,2026-10-09
gld_holdings,2006-01-20,2006-01-21,289.22,https://api.spdrgoldshares.com/api/v1/historical-archive?product=gld&exchange=NYSE&lang=en,2026-10-09
gld_holdings,2006-01-23,2006-01-24,290.46,https://api.spdrgoldshares.com/api/v1/historical-archive?product=gld&exchange=NYSE&lang=en,2026-10-09
gld_holdings,2006-01-24,2006-01-25,293.55,https://api.spdrgoldshares.com/api/v1/historical-archive?product=gld&exchange=NYSE&lang=en,2026-10-09
gld_holdings,2006-01-25,2006-01-26,312.13,https://api.spdrgoldshares.com/api/v1/historical-archive?product=gld&exchange=NYSE&lang=en,2026-10-09
gld_holdings,2006-01-26,2006-01-27,312.13,https://api.spdrgoldshares.com/api/v1/historical-archive?product=gld&exchange=NYSE&lang=en,2026-10-09
gld_holdings,2006-01-27,2006-01-28,328.84,https://api.spdrgoldshares.com/api/v1/historical-archive?product=gld&exchange=NYSE&lang=en,2026-10-09
gld_holdings,2006-01-30,2006-01-31,333.8,https://api.spdrgoldshares.com/api/v1/historical-archive?product=gld&exchange=NYSE&lang=en,2026-10-09
gld_holdings,2006-01-31,2006-02-01,333.8,https://api.spdrgoldshares.com/api/v1/historical-archive?product=gld&exchange=NYSE&lang=en,2026-10-09
gld_holdings,2006-02-01,2006-02-02,333.7,https://api.spdrgoldshares.com/api/v1/historical-archive?product=gld&exchange=NYSE&lang=en,2026-10-09
gld_holdings,2006-02-02,2006-02-03,339.89,https://api.spdrgoldshares.com/api/v1/historical-archive?product=gld&exchange=NYSE&lang=en,2026-10-09
gld_holdings,2006-02-03,2006-02-04,342.99,https://api.spdrgoldshares.com/api/v1/historical-archive?product=gld&exchange=NYSE&lang=en,2026-10-09
gld_holdings,2006-02-06,2006-02-07,342.99,https://api.spdrgoldshares.com/api/v1/historical-archive?product=gld&exchange=NYSE&lang=en,2026-10-09
gld_holdings,2006-02-07,2006-02-08,342.99,https://api.spdrgoldshares.com/api/v1/historical-archive?product=gld&exchange=NYSE&lang=en,2026-10-09
gld_holdings,2006-02-08,2006-02-09,342.99,https://api.spdrgoldshares.com/api/v1/historical-archive?product=gld&exchange=NYSE&lang=en,2026-10-09
gld_holdings,2006-02-09,2006-02-10,342.99,https://api.spdrgoldshares.com/api/v1/historical-archive?product=gld&exchange=NYSE&lang=en,2026-10-09
gld_holdings,2006-02-10,2006-02-11,342.99,https://api.spdrgoldshares.com/api/v1/historical-archive?product=gld&exchange=NYSE&lang=en,2026-10-09
gld_holdings,2006-02-13,2006-02-14,342.99,https://api.spdrgoldshares.com/api/v1/historical-archive?product=gld&exchange=NYSE&lang=en,2026-10-09
gld_holdings,2006-02-14,2006-02-15,342.99,https://api.spdrgoldshares.com/api/v1/historical-archive?product=gld&exchange=NYSE&lang=en,2026-10-09
gld_holdings,2006-02-15,2006-02-16,342.99,https://api.spdrgoldshares.com/api/v1/historical-archive?product=gld&exchange=NYSE&lang=en,2026-10-09
gld_holdings,2006-02-16,2006-02-17,342.99,https://api.spdrgoldshares.com/api/v1/historical-archive?product=gld&exchange=NYSE&lang=en,2026-10-09
gld_holdings,2006-02-17,2006-02-18,342.99,https://api.spdrgoldshares.com/api/v1/historical-archive?product=gld&exchange=NYSE&lang=en,2026-10-09
gld_holdings,2006-02-21,2006-02-22,342.99,https://api.spdrgoldshares.com/api/v1/historical-archive?product=gld&exchange=NYSE&lang=en,2026-10-09
gld_holdings,2006-02-22,2006-02-23,342.99,https://api.spdrgoldshares.com/api/v1/historical-archive?product=gld&exchange=NYSE&lang=en,2026-10-09
gld_holdings,2006-02-23,2006-02-24,342.99,https://api.spdrgoldshares.com/api/v1/historical-archive?product=gld&exchange=NYSE&lang=en,2026-10-09
gld_holdings,2006-02-24,2006-02-25,342.99,https://api.spdrgoldshares.com/api/v1/historical-archive?product=gld&exchange=NYSE&lang=en,2026-10-09
gld_holdings,2006-02-27,2006-02-28,342.99,https://api.spdrgoldshares.com/api/v1/historical-archive?product=gld&exchange=NYSE&lang=en,2026-10-09
gld_holdings,2006-02-28,2006-03-01,342.99,https://api.spdrgoldshares.com/api/v1/historical-archive?product=gld&exchange=NYSE&lang=en,2026-10-09
gld_holdings,2006-03-01,2006-03-02,343.17,https://api.spdrgoldshares.com/api/v1/historical-archive?product=gld&exchange=NYSE&lang=en,2026-10-09
gld_holdings,2006-03-02,2006-03-03,343.17,https://api.spdrgoldshares.com/api/v1/historical-archive?product=gld&exchange=NYSE&lang=en,2026-10-09
gld_holdings,2006-03-03,2006-03-04,343.17,https://api.spdrgoldshares.com/api/v1/historical-archive?product=gld&exchange=NYSE&lang=en,2026-10-09
gld_holdings,2006-03-06,2006-03-07,350.91,https://api.spdrgoldshares.com/api/v1/historical-archive?product=gld&exchange=NYSE&lang=en,2026-10-09
gld_holdings,2006-03-07,2006-03-08,350.91,https://api.spdrgoldshares.com/api/v1/historical-archive?product=gld&exchange=NYSE&lang=en,2026-10-09
gld_holdings,2006-03-08,2006-03-09,350.91,https://api.spdrgoldshares.com/api/v1/historical-archive?product=gld&exchange=NYSE&lang=en,2026-10-09
gld_holdings,2006-03-09,2006-03-10,350.91,https://api.spdrgoldshares.com/api/v1/historical-archive?product=gld&exchange=NYSE&lang=en,2026-10-09
gld_holdings,2006-03-10,2006-03-11,350.93,https://api.spdrgoldshares.com/api/v1/historical-archive?product=gld&exchange=NYSE&lang=en,2026-10-09
gld_holdings,2006-03-13,2006-03-14,350.93,https://api.spdrgoldshares.com/api/v1/historical-archive?product=gld&exchange=NYSE&lang=en,2026-10-09
gld_holdings,2006-03-14,2006-03-15,350.93,https://api.spdrgoldshares.com/api/v1/historical-archive?product=gld&exchange=NYSE&lang=en,2026-10-09
gld_holdings,2006-03-15,2006-03-16,350.93,https://api.spdrgoldshares.com/api/v1/historical-archive?product=gld&exchange=NYSE&lang=en,2026-10-09
gld_holdings,2006-03-16,2006-03-17,350.93,https://api.spdrgoldshares.com/api/v1/historical-archive?product=gld&exchange=NYSE&lang=en,2026-10-09
gld_holdings,2006-03-17,2006-03-18,350.93,https://api.spdrgoldshares.com/api/v1/historical-archive?product=gld&exchange=NYSE&lang=en,2026-10-09
gld_holdings,2006-03-20,2006-03-21,350.93,https://api.spdrgoldshares.com/api/v1/historical-archive?product=gld&exchange=NYSE&lang=en,2026-10-09
gld_holdings,2006-03-21,2006-03-22,350.93,https://api.spdrgoldshares.com/api/v1/historical-archive?product=gld&exchange=NYSE&lang=en,2026-10-09
gld_holdings,2006-03-22,2006-03-23,350.93,https://api.spdrgoldshares.com/api/v1/historical-archive?product=gld&exchange=NYSE&lang=en,2026-10-09
gld_holdings,2006-03-23,2006-03-24,350.92,https://api.spdrgoldshares.com/api/v1/historical-archive?product=gld&exchange=NYSE&lang=en,2026-10-09
gld_holdings,2006-03-24,2006-03-25,347.82,https://api.spdrgoldshares.com/api/v1/historical-archive?product=gld&exchange=NYSE&lang=en,2026-10-09
gld_holdings,2006-03-27,2006-03-28,347.82,https://api.spdrgoldshares.com/api/v1/historical-archive?product=gld&exchange=NYSE&lang=en,2026-10-09
gld_holdings,2006-03-28,2006-03-29,347.82,https://api.spdrgoldshares.com/api/v1/historical-archive?product=gld&exchange=NYSE&lang=en,2026-10-09
gld_holdings,2006-03-29,2006-03-30,347.82,https://api.spdrgoldshares.com/api/v1/historical-archive?product=gld&exchange=NYSE&lang=en,2026-10-09
gld_holdings,2006-03-30,2006-03-31,347.82,https://api.spdrgoldshares.com/api/v1/historical-archive?product=gld&exchange=NYSE&lang=en,2026-10-09
gld_holdings,2006-03-31,2006-04-01,347.82,https://api.spdrgoldshares.com/api/v1/historical-archive?product=gld&exchange=NYSE&lang=en,2026-10-09
gld_holdings,2006-04-03,2006-04-04,350.92,https://api.spdrgoldshares.com/api/v1/historical-archive?product=gld&exchange=NYSE&lang=en,2026-10-09
gld_holdings,2006-04-04,2006-04-05,350.81,https://api.spdrgoldshares.com/api/v1/historical-archive?product=gld&exchange=NYSE&lang=en,2026-10-09
gld_holdings,2006-04-05,2006-04-06,350.81,https://api.spdrgoldshares.com/api/v1/historical-archive?product=gld&exchange=NYSE&lang=en,2026-10-09
gld_holdings,2006-04-06,2006-04-07,350.81,https://api.spdrgoldshares.com/api/v1/historical-archive?product=gld&exchange=NYSE&lang=en,2026-10-09
gld_holdings,2006-04-07,2006-04-08,350.81,https://api.spdrgoldshares.com/api/v1/historical-archive?product=gld&exchange=NYSE&lang=en,2026-10-09
gld_holdings,2006-04-10,2006-04-11,350.81,https://api.spdrgoldshares.com/api/v1/historical-archive?product=gld&exchange=NYSE&lang=en,2026-10-09
gld_holdings,2006-04-11,2006-04-12,350.81,https://api.spdrgoldshares.com/api/v1/historical-archive?product=gld&exchange=NYSE&lang=en,2026-10-09
gld_holdings,2006-04-12,2006-04-13,350.81,https://api.spdrgoldshares.com/api/v1/historical-archive?product=gld&exchange=NYSE&lang=en,2026-10-09
gld_holdings,2006-04-13,2006-04-14,355.45,https://api.spdrgoldshares.com/api/v1/historical-archive?product=gld&exchange=NYSE&lang=en,2026-10-09
gld_holdings,2006-04-17,2006-04-18,355.45,https://api.spdrgoldshares.com/api/v1/historical-archive?product=gld&exchange=NYSE&lang=en,2026-10-09
gld_holdings,2006-04-18,2006-04-19,355.45,https://api.spdrgoldshares.com/api/v1/historical-archive?product=gld&exchange=NYSE&lang=en,2026-10-09
gld_holdings,2006-04-19,2006-04-20,355.45,https://api.spdrgoldshares.com/api/v1/historical-archive?product=gld&exchange=NYSE&lang=en,2026-10-09
gld_holdings,2006-04-20,2006-04-21,355.45,https://api.spdrgoldshares.com/api/v1/historical-archive?product=gld&exchange=NYSE&lang=en,2026-10-09
gld_holdings,2006-04-21,2006-04-22,355.45,https://api.spdrgoldshares.com/api/v1/historical-archive?product=gld&exchange=NYSE&lang=en,2026-10-09
gld_holdings,2006-04-24,2006-04-25,358.54,https://api.spdrgoldshares.com/api/v1/historical-archive?product=gld&exchange=NYSE&lang=en,2026-10-09
gld_holdings,2006-04-25,2006-04-26,358.54,https://api.spdrgoldshares.com/api/v1/historical-archive?product=gld&exchange=NYSE&lang=en,2026-10-09
gld_holdings,2006-04-26,2006-04-27,358.54,https://api.spdrgoldshares.com/api/v1/historical-archive?product=gld&exchange=NYSE&lang=en,2026-10-09
gld_holdings,2006-04-27,2006-04-28,358.54,https://api.spdrgoldshares.com/api/v1/historical-archive?product=gld&exchange=NYSE&lang=en,2026-10-09
gld_holdings,2006-04-28,2006-04-29,358.54,https://api.spdrgoldshares.com/api/v1/historical-archive?product=gld&exchange=NYSE&lang=en,2026-10-09
gld_holdings,2006-05-01,2006-05-02,358.54,https://api.spdrgoldshares.com/api/v1/historical-archive?product=gld&exchange=NYSE&lang=en,2026-10-09
gld_holdings,2006-05-02,2006-05-03,358.54,https://api.spdrgoldshares.com/api/v1/historical-archive?product=gld&exchange=NYSE&lang=en,2026-10-09
gld_holdings,2006-05-03,2006-05-04,358.44,https://api.spdrgoldshares.com/api/v1/historical-archive?product=gld&exchange=NYSE&lang=en,2026-10-09
gld_holdings,2006-05-04,2006-05-05,356.89,https://api.spdrgoldshares.com/api/v1/historical-archive?product=gld&exchange=NYSE&lang=en,2026-10-09
gld_holdings,2006-05-05,2006-05-06,353.8,https://api.spdrgoldshares.com/api/v1/historical-archive?product=gld&exchange=NYSE&lang=en,2026-10-09
gld_holdings,2006-05-08,2006-05-09,353.8,https://api.spdrgoldshares.com/api/v1/historical-archive?product=gld&exchange=NYSE&lang=en,2026-10-09
gld_holdings,2006-05-09,2006-05-10,353.8,https://api.spdrgoldshares.com/api/v1/historical-archive?product=gld&exchange=NYSE&lang=en,2026-10-09
gld_holdings,2006-05-10,2006-05-11,353.8,https://api.spdrgoldshares.com/api/v1/historical-archive?product=gld&exchange=NYSE&lang=en,2026-10-09
gld_holdings,2006-05-11,2006-05-12,353.8,https://api.spdrgoldshares.com/api/v1/historical-archive?product=gld&exchange=NYSE&lang=en,2026-10-09
gld_holdings,2006-05-12,2006-05-13,353.8,https://api.spdrgoldshares.com/api/v1/historical-archive?product=gld&exchange=NYSE&lang=en,2026-10-09
gld_holdings,2006-05-15,2006-05-16,349.47,https://api.spdrgoldshares.com/api/v1/historical-archive?product=gld&exchange=NYSE&lang=en,2026-10-09
gld_holdings,2006-05-16,2006-05-17,349.47,https://api.spdrgoldshares.com/api/v1/historical-archive?product=gld&exchange=NYSE&lang=en,2026-10-09
gld_holdings,2006-05-17,2006-05-18,346.38,https://api.spdrgoldshares.com/api/v1/historical-archive?product=gld&exchange=NYSE&lang=en,2026-10-09
gld_holdings,2006-05-18,2006-05-19,344.52,https://api.spdrgoldshares.com/api/v1/historical-archive?product=gld&exchange=NYSE&lang=en,2026-10-09
gld_holdings,2006-05-19,2006-05-20,341.43,https://api.spdrgoldshares.com/api/v1/historical-archive?product=gld&exchange=NYSE&lang=en,2026-10-09
gld_holdings,2006-05-22,2006-05-23,341.43,https://api.spdrgoldshares.com/api/v1/historical-archive?product=gld&exchange=NYSE&lang=en,2026-10-09
gld_holdings,2006-05-23,2006-05-24,341.43,https://api.spdrgoldshares.com/api/v1/historical-archive?product=gld&exchange=NYSE&lang=en,2026-10-09
gld_holdings,2006-05-24,2006-05-25,343.29,https://api.spdrgoldshares.com/api/v1/historical-archive?product=gld&exchange=NYSE&lang=en,2026-10-09
gld_holdings,2006-05-25,2006-05-26,343.29,https://api.spdrgoldshares.com/api/v1/historical-archive?product=gld&exchange=NYSE&lang=en,2026-10-09
gld_holdings,2006-05-26,2006-05-27,343.29,https://api.spdrgoldshares.com/api/v1/historical-archive?product=gld&exchange=NYSE&lang=en,2026-10-09
gld_holdings,2006-05-30,2006-05-31,344.22,https://api.spdrgoldshares.com/api/v1/historical-archive?product=gld&exchange=NYSE&lang=en,2026-10-09
gld_holdings,2006-05-31,2006-06-01,347.31,https://api.spdrgoldshares.com/api/v1/historical-archive?product=gld&exchange=NYSE&lang=en,2026-10-09
gld_holdings,2006-06-01,2006-06-02,351.63,https://api.spdrgoldshares.com/api/v1/historical-archive?product=gld&exchange=NYSE&lang=en,2026-10-09
gld_holdings,2006-06-02,2006-06-03,351.51,https://api.spdrgoldshares.com/api/v1/historical-archive?product=gld&exchange=NYSE&lang=en,2026-10-09
gld_holdings,2006-06-05,2006-06-06,355.53,https://api.spdrgoldshares.com/api/v1/historical-archive?product=gld&exchange=NYSE&lang=en,2026-10-09
gld_holdings,2006-06-06,2006-06-07,355.53,https://api.spdrgoldshares.com/api/v1/historical-archive?product=gld&exchange=NYSE&lang=en,2026-10-09
gld_holdings,2006-06-07,2006-06-08,355.53,https://api.spdrgoldshares.com/api/v1/historical-archive?product=gld&exchange=NYSE&lang=en,2026-10-09
gld_holdings,2006-06-08,2006-06-09,355.53,https://api.spdrgoldshares.com/api/v1/historical-archive?product=gld&exchange=NYSE&lang=en,2026-10-09
gld_holdings,2006-06-09,2006-06-10,355.53,https://api.spdrgoldshares.com/api/v1/historical-archive?product=gld&exchange=NYSE&lang=en,2026-10-09
gld_holdings,2006-06-12,2006-06-13,355.53,https://api.spdrgoldshares.com/api/v1/historical-archive?product=gld&exchange=NYSE&lang=en,2026-10-09
gld_holdings,2006-06-13,2006-06-14,355.53,https://api.spdrgoldshares.com/api/v1/historical-archive?product=gld&exchange=NYSE&lang=en,2026-10-09
gld_holdings,2006-06-14,2006-06-15,358.62,https://api.spdrgoldshares.com/api/v1/historical-archive?product=gld&exchange=NYSE&lang=en,2026-10-09
gld_holdings,2006-06-15,2006-06-16,361.71,https://api.spdrgoldshares.com/api/v1/historical-archive?product=gld&exchange=NYSE&lang=en,2026-10-09
gld_holdings,2006-06-16,2006-06-17,361.71,https://api.spdrgoldshares.com/api/v1/historical-archive?product=gld&exchange=NYSE&lang=en,2026-10-09
gld_holdings,2006-06-19,2006-06-20,363.88,https://api.spdrgoldshares.com/api/v1/historical-archive?product=gld&exchange=NYSE&lang=en,2026-10-09
gld_holdings,2006-06-20,2006-06-21,365.73,https://api.spdrgoldshares.com/api/v1/historical-archive?product=gld&exchange=NYSE&lang=en,2026-10-09
gld_holdings,2006-06-21,2006-06-22,365.73,https://api.spdrgoldshares.com/api/v1/historical-archive?product=gld&exchange=NYSE&lang=en,2026-10-09
gld_holdings,2006-06-22,2006-06-23,365.73,https://api.spdrgoldshares.com/api/v1/historical-archive?product=gld&exchange=NYSE&lang=en,2026-10-09
gld_holdings,2006-06-23,2006-06-24,365.73,https://api.spdrgoldshares.com/api/v1/historical-archive?product=gld&exchange=NYSE&lang=en,2026-10-09
gld_holdings,2006-06-26,2006-06-27,365.73,https://api.spdrgoldshares.com/api/v1/historical-archive?product=gld&exchange=NYSE&lang=en,2026-10-09
gld_holdings,2006-06-27,2006-06-28,365.73,https://api.spdrgoldshares.com/api/v1/historical-archive?product=gld&exchange=NYSE&lang=en,2026-10-09
gld_holdings,2006-06-28,2006-06-29,365.73,https://api.spdrgoldshares.com/api/v1/historical-archive?product=gld&exchange=NYSE&lang=en,2026-10-09
gld_holdings,2006-06-29,2006-06-30,365.73,https://api.spdrgoldshares.com/api/v1/historical-archive?product=gld&exchange=NYSE&lang=en,2026-10-09
gld_holdings,2006-06-30,2006-07-01,371.91,https://api.spdrgoldshares.com/api/v1/historical-archive?product=gld&exchange=NYSE&lang=en,2026-10-09
gld_holdings,2006-07-03,2006-07-04,371.91,https://api.spdrgoldshares.com/api/v1/historical-archive?product=gld&exchange=NYSE&lang=en,2026-10-09
gld_holdings,2006-07-05,2006-07-06,375.0,https://api.spdrgoldshares.com/api/v1/historical-archive?product=gld&exchange=NYSE&lang=en,2026-10-09
gld_holdings,2006-07-06,2006-07-07,376.13,https://api.spdrgoldshares.com/api/v1/historical-archive?product=gld&exchange=NYSE&lang=en,2026-10-09
gld_holdings,2006-07-07,2006-07-08,376.13,https://api.spdrgoldshares.com/api/v1/historical-archive?product=gld&exchange=NYSE&lang=en,2026-10-09
gld_holdings,2006-07-10,2006-07-11,383.54,https://api.spdrgoldshares.com/api/v1/historical-archive?product=gld&exchange=NYSE&lang=en,2026-10-09
gld_holdings,2006-07-11,2006-07-12,384.47,https://api.spdrgoldshares.com/api/v1/historical-archive?product=gld&exchange=NYSE&lang=en,2026-10-09
gld_holdings,2006-07-12,2006-07-13,384.47,https://api.spdrgoldshares.com/api/v1/historical-archive?product=gld&exchange=NYSE&lang=en,2026-10-09
gld_holdings,2006-07-13,2006-07-14,387.56,https://api.spdrgoldshares.com/api/v1/historical-archive?product=gld&exchange=NYSE&lang=en,2026-10-09
gld_holdings,2006-07-14,2006-07-15,387.56,https://api.spdrgoldshares.com/api/v1/historical-archive?product=gld&exchange=NYSE&lang=en,2026-10-09
gld_holdings,2006-07-17,2006-07-18,387.56,https://api.spdrgoldshares.com/api/v1/historical-archive?product=gld&exchange=NYSE&lang=en,2026-10-09
gld_holdings,2006-07-18,2006-07-19,387.56,https://api.spdrgoldshares.com/api/v1/historical-archive?product=gld&exchange=NYSE&lang=en,2026-10-09
gld_holdings,2006-07-19,2006-07-20,387.56,https://api.spdrgoldshares.com/api/v1/historical-archive?product=gld&exchange=NYSE&lang=en,2026-10-09
gld_holdings,2006-07-20,2006-07-21,387.56,https://api.spdrgoldshares.com/api/v1/historical-archive?product=gld&exchange=NYSE&lang=en,2026-10-09
gld_holdings,2006-07-21,2006-07-22,387.56,https://api.spdrgoldshares.com/api/v1/historical-archive?product=gld&exchange=NYSE&lang=en,2026-10-09
gld_holdings,2006-07-24,2006-07-25,387.56,https://api.spdrgoldshares.com/api/v1/historical-archive?product=gld&exchange=NYSE&lang=en,2026-10-09
gld_holdings,2006-07-25,2006-07-26,387.56,https://api.spdrgoldshares.com/api/v1/historical-archive?product=gld&exchange=NYSE&lang=en,2026-10-09
gld_holdings,2006-07-26,2006-07-27,387.56,https://api.spdrgoldshares.com/api/v1/historical-archive?product=gld&exchange=NYSE&lang=en,2026-10-09
gld_holdings,2006-07-27,2006-07-28,384.78,https://api.spdrgoldshares.com/api/v1/historical-archive?product=gld&exchange=NYSE&lang=en,2026-10-09
gld_holdings,2006-07-28,2006-07-29,384.78,https://api.spdrgoldshares.com/api/v1/historical-archive?product=gld&exchange=NYSE&lang=en,2026-10-09
gld_holdings,2006-07-31,2006-08-01,384.78,https://api.spdrgoldshares.com/api/v1/historical-archive?product=gld&exchange=NYSE&lang=en,2026-10-09
gld_holdings,2006-08-01,2006-08-02,384.78,https://api.spdrgoldshares.com/api/v1/historical-archive?product=gld&exchange=NYSE&lang=en,2026-10-09
gld_holdings,2006-08-02,2006-08-03,384.78,https://api.spdrgoldshares.com/api/v1/historical-archive?product=gld&exchange=NYSE&lang=en,2026-10-09
gld_holdings,2006-08-03,2006-08-04,387.74,https://api.spdrgoldshares.com/api/v1/historical-archive?product=gld&exchange=NYSE&lang=en,2026-10-09
gld_holdings,2006-08-04,2006-08-05,387.74,https://api.spdrgoldshares.com/api/v1/historical-archive?product=gld&exchange=NYSE&lang=en,2026-10-09
gld_holdings,2006-08-07,2006-08-08,387.74,https://api.spdrgoldshares.com/api/v1/historical-archive?product=gld&exchange=NYSE&lang=en,2026-10-09
gld_holdings,2006-08-08,2006-08-09,387.74,https://api.spdrgoldshares.com/api/v1/historical-archive?product=gld&exchange=NYSE&lang=en,2026-10-09
gld_holdings,2006-08-09,2006-08-10,387.74,https://api.spdrgoldshares.com/api/v1/historical-archive?product=gld&exchange=NYSE&lang=en,2026-10-09
gld_holdings,2006-08-10,2006-08-11,387.74,https://api.spdrgoldshares.com/api/v1/historical-archive?product=gld&exchange=NYSE&lang=en,2026-10-09
gld_holdings,2006-08-11,2006-08-12,388.98,https://api.spdrgoldshares.com/api/v1/historical-archive?product=gld&exchange=NYSE&lang=en,2026-10-09
gld_holdings,2006-08-14,2006-08-15,388.98,https://api.spdrgoldshares.com/api/v1/historical-archive?product=gld&exchange=NYSE&lang=en,2026-10-09
gld_holdings,2006-08-15,2006-08-16,388.98,https://api.spdrgoldshares.com/api/v1/historical-archive?product=gld&exchange=NYSE&lang=en,2026-10-09
gld_holdings,2006-08-16,2006-08-17,388.98,https://api.spdrgoldshares.com/api/v1/historical-archive?product=gld&exchange=NYSE&lang=en,2026-10-09
gld_holdings,2006-08-17,2006-08-18,388.98,https://api.spdrgoldshares.com/api/v1/historical-archive?product=gld&exchange=NYSE&lang=en,2026-10-09
gld_holdings,2006-08-18,2006-08-19,388.98,https://api.spdrgoldshares.com/api/v1/historical-archive?product=gld&exchange=NYSE&lang=en,2026-10-09
gld_holdings,2006-08-21,2006-08-22,388.98,https://api.spdrgoldshares.com/api/v1/historical-archive?product=gld&exchange=NYSE&lang=en,2026-10-09
gld_holdings,2006-08-22,2006-08-23,388.98,https://api.spdrgoldshares.com/api/v1/historical-archive?product=gld&exchange=NYSE&lang=en,2026-10-09
gld_holdings,2006-08-23,2006-08-24,390.52,https://api.spdrgoldshares.com/api/v1/historical-archive?product=gld&exchange=NYSE&lang=en,2026-10-09
gld_holdings,2006-08-24,2006-08-25,390.52,https://api.spdrgoldshares.com/api/v1/historical-archive?product=gld&exchange=NYSE&lang=en,2026-10-09
gld_holdings,2006-08-25,2006-08-26,390.52,https://api.spdrgoldshares.com/api/v1/historical-archive?product=gld&exchange=NYSE&lang=en,2026-10-09
gld_holdings,2006-08-28,2006-08-29,390.52,https://api.spdrgoldshares.com/api/v1/historical-archive?product=gld&exchange=NYSE&lang=en,2026-10-09
gld_holdings,2006-08-29,2006-08-30,390.52,https://api.spdrgoldshares.com/api/v1/historical-archive?product=gld&exchange=NYSE&lang=en,2026-10-09
gld_holdings,2006-08-30,2006-08-31,392.07,https://api.spdrgoldshares.com/api/v1/historical-archive?product=gld&exchange=NYSE&lang=en,2026-10-09
gld_holdings,2006-08-31,2006-09-01,392.07,https://api.spdrgoldshares.com/api/v1/historical-archive?product=gld&exchange=NYSE&lang=en,2026-10-09
gld_holdings,2006-09-01,2006-09-02,392.07,https://api.spdrgoldshares.com/api/v1/historical-archive?product=gld&exchange=NYSE&lang=en,2026-10-09
gld_holdings,2006-09-05,2006-09-06,392.07,https://api.spdrgoldshares.com/api/v1/historical-archive?product=gld&exchange=NYSE&lang=en,2026-10-09
gld_holdings,2006-09-06,2006-09-07,392.07,https://api.spdrgoldshares.com/api/v1/historical-archive?product=gld&exchange=NYSE&lang=en,2026-10-09
gld_holdings,2006-09-07,2006-09-08,391.94,https://api.spdrgoldshares.com/api/v1/historical-archive?product=gld&exchange=NYSE&lang=en,2026-10-09
gld_holdings,2006-09-08,2006-09-09,391.94,https://api.spdrgoldshares.com/api/v1/historical-archive?product=gld&exchange=NYSE&lang=en,2026-10-09
gld_holdings,2006-09-11,2006-09-12,391.94,https://api.spdrgoldshares.com/api/v1/historical-archive?product=gld&exchange=NYSE&lang=en,2026-10-09
gld_holdings,2006-09-12,2006-09-13,390.7,https://api.spdrgoldshares.com/api/v1/historical-archive?product=gld&exchange=NYSE&lang=en,2026-10-09
gld_holdings,2006-09-13,2006-09-14,393.79,https://api.spdrgoldshares.com/api/v1/historical-archive?product=gld&exchange=NYSE&lang=en,2026-10-09
gld_holdings,2006-09-14,2006-09-15,393.79,https://api.spdrgoldshares.com/api/v1/historical-archive?product=gld&exchange=NYSE&lang=en,2026-10-09
gld_holdings,2006-09-15,2006-09-16,393.79,https://api.spdrgoldshares.com/api/v1/historical-archive?product=gld&exchange=NYSE&lang=en,2026-10-09
gld_holdings,2006-09-18,2006-09-19,393.79,https://api.spdrgoldshares.com/api/v1/historical-archive?product=gld&exchange=NYSE&lang=en,2026-10-09
gld_holdings,2006-09-19,2006-09-20,390.7,https://api.spdrgoldshares.com/api/v1/historical-archive?product=gld&exchange=NYSE&lang=en,2026-10-09
gld_holdings,2006-09-20,2006-09-21,388.85,https://api.spdrgoldshares.com/api/v1/historical-archive?product=gld&exchange=NYSE&lang=en,2026-10-09
gld_holdings,2006-09-21,2006-09-22,388.85,https://api.spdrgoldshares.com/api/v1/historical-archive?product=gld&exchange=NYSE&lang=en,2026-10-09
gld_holdings,2006-09-22,2006-09-23,386.38,https://api.spdrgoldshares.com/api/v1/historical-archive?product=gld&exchange=NYSE&lang=en,2026-10-09
gld_holdings,2006-09-25,2006-09-26,386.38,https://api.spdrgoldshares.com/api/v1/historical-archive?product=gld&exchange=NYSE&lang=en,2026-10-09
gld_holdings,2006-09-26,2006-09-27,386.38,https://api.spdrgoldshares.com/api/v1/historical-archive?product=gld&exchange=NYSE&lang=en,2026-10-09
gld_holdings,2006-09-27,2006-09-28,386.38,https://api.spdrgoldshares.com/api/v1/historical-archive?product=gld&exchange=NYSE&lang=en,2026-10-09
gld_holdings,2006-09-28,2006-09-29,386.38,https://api.spdrgoldshares.com/api/v1/historical-archive?product=gld&exchange=NYSE&lang=en,2026-10-09
gld_holdings,2006-09-29,2006-09-30,386.38,https://api.spdrgoldshares.com/api/v1/historical-archive?product=gld&exchange=NYSE&lang=en,2026-10-09
gld_holdings,2006-10-02,2006-10-03,386.38,https://api.spdrgoldshares.com/api/v1/historical-archive?product=gld&exchange=NYSE&lang=en,2026-10-09
gld_holdings,2006-10-03,2006-10-04,386.38,https://api.spdrgoldshares.com/api/v1/historical-archive?product=gld&exchange=NYSE&lang=en,2026-10-09
gld_holdings,2006-10-04,2006-10-05,389.34,https://api.spdrgoldshares.com/api/v1/historical-archive?product=gld&exchange=NYSE&lang=en,2026-10-09
gld_holdings,2006-10-05,2006-10-06,389.34,https://api.spdrgoldshares.com/api/v1/historical-archive?product=gld&exchange=NYSE&lang=en,2026-10-09
gld_holdings,2006-10-06,2006-10-07,389.34,https://api.spdrgoldshares.com/api/v1/historical-archive?product=gld&exchange=NYSE&lang=en,2026-10-09
gld_holdings,2006-10-09,2006-10-10,389.34,https://api.spdrgoldshares.com/api/v1/historical-archive?product=gld&exchange=NYSE&lang=en,2026-10-09
gld_holdings,2006-10-10,2006-10-11,389.34,https://api.spdrgoldshares.com/api/v1/historical-archive?product=gld&exchange=NYSE&lang=en,2026-10-09
gld_holdings,2006-10-11,2006-10-12,390.26,https://api.spdrgoldshares.com/api/v1/historical-archive?product=gld&exchange=NYSE&lang=en,2026-10-09
gld_holdings,2006-10-12,2006-10-13,390.26,https://api.spdrgoldshares.com/api/v1/historical-archive?product=gld&exchange=NYSE&lang=en,2026-10-09
gld_holdings,2006-10-13,2006-10-14,390.26,https://api.spdrgoldshares.com/api/v1/historical-archive?product=gld&exchange=NYSE&lang=en,2026-10-09
gld_holdings,2006-10-16,2006-10-17,390.26,https://api.spdrgoldshares.com/api/v1/historical-archive?product=gld&exchange=NYSE&lang=en,2026-10-09
gld_holdings,2006-10-17,2006-10-18,390.26,https://api.spdrgoldshares.com/api/v1/historical-archive?product=gld&exchange=NYSE&lang=en,2026-10-09
gld_holdings,2006-10-18,2006-10-19,390.26,https://api.spdrgoldshares.com/api/v1/historical-archive?product=gld&exchange=NYSE&lang=en,2026-10-09
gld_holdings,2006-10-19,2006-10-20,390.26,https://api.spdrgoldshares.com/api/v1/historical-archive?product=gld&exchange=NYSE&lang=en,2026-10-09
gld_holdings,2006-10-20,2006-10-21,390.26,https://api.spdrgoldshares.com/api/v1/historical-archive?product=gld&exchange=NYSE&lang=en,2026-10-09
gld_holdings,2006-10-23,2006-10-24,390.26,https://api.spdrgoldshares.com/api/v1/historical-archive?product=gld&exchange=NYSE&lang=en,2026-10-09
gld_holdings,2006-10-24,2006-10-25,388.72,https://api.spdrgoldshares.com/api/v1/historical-archive?product=gld&exchange=NYSE&lang=en,2026-10-09
gld_holdings,2006-10-25,2006-10-26,388.72,https://api.spdrgoldshares.com/api/v1/historical-archive?product=gld&exchange=NYSE&lang=en,2026-10-09
gld_holdings,2006-10-26,2006-10-27,388.72,https://api.spdrgoldshares.com/api/v1/historical-archive?product=gld&exchange=NYSE&lang=en,2026-10-09
gld_holdings,2006-10-27,2006-10-28,388.72,https://api.spdrgoldshares.com/api/v1/historical-archive?product=gld&exchange=NYSE&lang=en,2026-10-09
gld_holdings,2006-10-30,2006-10-31,388.72,https://api.spdrgoldshares.com/api/v1/historical-archive?product=gld&exchange=NYSE&lang=en,2026-10-09
gld_holdings,2006-10-31,2006-11-01,388.72,https://api.spdrgoldshares.com/api/v1/historical-archive?product=gld&exchange=NYSE&lang=en,2026-10-09
gld_holdings,2006-11-01,2006-11-02,396.74,https://api.spdrgoldshares.com/api/v1/historical-archive?product=gld&exchange=NYSE&lang=en,2026-10-09
gld_holdings,2006-11-02,2006-11-03,399.83,https://api.spdrgoldshares.com/api/v1/historical-archive?product=gld&exchange=NYSE&lang=en,2026-10-09
gld_holdings,2006-11-03,2006-11-04,402.92,https://api.spdrgoldshares.com/api/v1/historical-archive?product=gld&exchange=NYSE&lang=en,2026-10-09
gld_holdings,2006-11-06,2006-11-07,404.03,https://api.spdrgoldshares.com/api/v1/historical-archive?product=gld&exchange=NYSE&lang=en,2026-10-09
gld_holdings,2006-11-07,2006-11-08,404.03,https://api.spdrgoldshares.com/api/v1/historical-archive?product=gld&exchange=NYSE&lang=en,2026-10-09
gld_holdings,2006-11-08,2006-11-09,409.59,https://api.spdrgoldshares.com/api/v1/historical-archive?product=gld&exchange=NYSE&lang=en,2026-10-09
gld_holdings,2006-11-09,2006-11-10,409.59,https://api.spdrgoldshares.com/api/v1/historical-archive?product=gld&exchange=NYSE&lang=en,2026-10-09
gld_holdings,2006-11-10,2006-11-11,409.59,https://api.spdrgoldshares.com/api/v1/historical-archive?product=gld&exchange=NYSE&lang=en,2026-10-09
gld_holdings,2006-11-13,2006-11-14,409.59,https://api.spdrgoldshares.com/api/v1/historical-archive?product=gld&exchange=NYSE&lang=en,2026-10-09
gld_holdings,2006-11-14,2006-11-15,412.67,https://api.spdrgoldshares.com/api/v1/historical-archive?product=gld&exchange=NYSE&lang=en,2026-10-09
gld_holdings,2006-11-15,2006-11-16,415.76,https://api.spdrgoldshares.com/api/v1/historical-archive?product=gld&exchange=NYSE&lang=en,2026-10-09
gld_holdings,2006-11-16,2006-11-17,415.76,https://api.spdrgoldshares.com/api/v1/historical-archive?product=gld&exchange=NYSE&lang=en,2026-10-09
gld_holdings,2006-11-17,2006-11-18,415.76,https://api.spdrgoldshares.com/api/v1/historical-archive?product=gld&exchange=NYSE&lang=en,2026-10-09
gld_holdings,2006-11-20,2006-11-21,415.76,https://api.spdrgoldshares.com/api/v1/historical-archive?product=gld&exchange=NYSE&lang=en,2026-10-09
gld_holdings,2006-11-21,2006-11-22,415.76,https://api.spdrgoldshares.com/api/v1/historical-archive?product=gld&exchange=NYSE&lang=en,2026-10-09
gld_holdings,2006-11-22,2006-11-23,418.84,https://api.spdrgoldshares.com/api/v1/historical-archive?product=gld&exchange=NYSE&lang=en,2026-10-09
gld_holdings,2006-11-24,2006-11-25,423.47,https://api.spdrgoldshares.com/api/v1/historical-archive?product=gld&exchange=NYSE&lang=en,2026-10-09
gld_holdings,2006-11-27,2006-11-28,425.32,https://api.spdrgoldshares.com/api/v1/historical-archive?product=gld&exchange=NYSE&lang=en,2026-10-09
gld_holdings,2006-11-28,2006-11-29,425.32,https://api.spdrgoldshares.com/api/v1/historical-archive?product=gld&exchange=NYSE&lang=en,2026-10-09
gld_holdings,2006-11-29,2006-11-30,435.5,https://api.spdrgoldshares.com/api/v1/historical-archive?product=gld&exchange=NYSE&lang=en,2026-10-09
gld_holdings,2006-11-30,2006-12-01,441.68,https://api.spdrgoldshares.com/api/v1/historical-archive?product=gld&exchange=NYSE&lang=en,2026-10-09
gld_holdings,2006-12-01,2006-12-02,441.68,https://api.spdrgoldshares.com/api/v1/historical-archive?product=gld&exchange=NYSE&lang=en,2026-10-09
gld_holdings,2006-12-04,2006-12-05,441.68,https://api.spdrgoldshares.com/api/v1/historical-archive?product=gld&exchange=NYSE&lang=en,2026-10-09
gld_holdings,2006-12-05,2006-12-06,441.68,https://api.spdrgoldshares.com/api/v1/historical-archive?product=gld&exchange=NYSE&lang=en,2026-10-09
gld_holdings,2006-12-06,2006-12-07,441.68,https://api.spdrgoldshares.com/api/v1/historical-archive?product=gld&exchange=NYSE&lang=en,2026-10-09
gld_holdings,2006-12-07,2006-12-08,441.52,https://api.spdrgoldshares.com/api/v1/historical-archive?product=gld&exchange=NYSE&lang=en,2026-10-09
gld_holdings,2006-12-08,2006-12-09,441.52,https://api.spdrgoldshares.com/api/v1/historical-archive?product=gld&exchange=NYSE&lang=en,2026-10-09
gld_holdings,2006-12-11,2006-12-12,441.52,https://api.spdrgoldshares.com/api/v1/historical-archive?product=gld&exchange=NYSE&lang=en,2026-10-09
gld_holdings,2006-12-12,2006-12-13,446.15,https://api.spdrgoldshares.com/api/v1/historical-archive?product=gld&exchange=NYSE&lang=en,2026-10-09
gld_holdings,2006-12-13,2006-12-14,448.92,https://api.spdrgoldshares.com/api/v1/historical-archive?product=gld&exchange=NYSE&lang=en,2026-10-09
gld_holdings,2006-12-14,2006-12-15,448.92,https://api.spdrgoldshares.com/api/v1/historical-archive?product=gld&exchange=NYSE&lang=en,2026-10-09
gld_holdings,2006-12-15,2006-12-16,448.92,https://api.spdrgoldshares.com/api/v1/historical-archive?product=gld&exchange=NYSE&lang=en,2026-10-09
gld_holdings,2006-12-18,2006-12-19,448.92,https://api.spdrgoldshares.com/api/v1/historical-archive?product=gld&exchange=NYSE&lang=en,2026-10-09
gld_holdings,2006-12-19,2006-12-20,448.92,https://api.spdrgoldshares.com/api/v1/historical-archive?product=gld&exchange=NYSE&lang=en,2026-10-09
gld_holdings,2006-12-20,2006-12-21,452.01,https://api.spdrgoldshares.com/api/v1/historical-archive?product=gld&exchange=NYSE&lang=en,2026-10-09
gld_holdings,2006-12-21,2006-12-22,452.01,https://api.spdrgoldshares.com/api/v1/historical-archive?product=gld&exchange=NYSE&lang=en,2026-10-09
gld_holdings,2006-12-22,2006-12-23,452.01,https://api.spdrgoldshares.com/api/v1/historical-archive?product=gld&exchange=NYSE&lang=en,2026-10-09
gld_holdings,2006-12-26,2006-12-27,452.01,https://api.spdrgoldshares.com/api/v1/historical-archive?product=gld&exchange=NYSE&lang=en,2026-10-09
gld_holdings,2006-12-27,2006-12-28,452.01,https://api.spdrgoldshares.com/api/v1/historical-archive?product=gld&exchange=NYSE&lang=en,2026-10-09
gld_holdings,2006-12-28,2006-12-29,453.24,https://api.spdrgoldshares.com/api/v1/historical-archive?product=gld&exchange=NYSE&lang=en,2026-10-09
gld_holdings,2006-12-29,2006-12-30,453.24,https://api.spdrgoldshares.com/api/v1/historical-archive?product=gld&exchange=NYSE&lang=en,2026-10-09
gld_holdings,2007-01-03,2007-01-04,453.24,https://api.spdrgoldshares.com/api/v1/historical-archive?product=gld&exchange=NYSE&lang=en,2026-10-09
gld_holdings,2007-01-04,2007-01-05,453.24,https://api.spdrgoldshares.com/api/v1/historical-archive?product=gld&exchange=NYSE&lang=en,2026-10-09
gld_holdings,2007-01-05,2007-01-06,453.24,https://api.spdrgoldshares.com/api/v1/historical-archive?product=gld&exchange=NYSE&lang=en,2026-10-09
gld_holdings,2007-01-08,2007-01-09,453.08,https://api.spdrgoldshares.com/api/v1/historical-archive?product=gld&exchange=NYSE&lang=en,2026-10-09
gld_holdings,2007-01-09,2007-01-10,453.08,https://api.spdrgoldshares.com/api/v1/historical-archive?product=gld&exchange=NYSE&lang=en,2026-10-09
gld_holdings,2007-01-10,2007-01-11,453.08,https://api.spdrgoldshares.com/api/v1/historical-archive?product=gld&exchange=NYSE&lang=en,2026-10-09
gld_holdings,2007-01-11,2007-01-12,453.08,https://api.spdrgoldshares.com/api/v1/historical-archive?product=gld&exchange=NYSE&lang=en,2026-10-09
gld_holdings,2007-01-12,2007-01-13,448.76,https://api.spdrgoldshares.com/api/v1/historical-archive?product=gld&exchange=NYSE&lang=en,2026-10-09
gld_holdings,2007-01-16,2007-01-17,448.76,https://api.spdrgoldshares.com/api/v1/historical-archive?product=gld&exchange=NYSE&lang=en,2026-10-09
gld_holdings,2007-01-17,2007-01-18,451.84,https://api.spdrgoldshares.com/api/v1/historical-archive?product=gld&exchange=NYSE&lang=en,2026-10-09
gld_holdings,2007-01-18,2007-01-19,451.84,https://api.spdrgoldshares.com/api/v1/historical-archive?product=gld&exchange=NYSE&lang=en,2026-10-09
gld_holdings,2007-01-19,2007-01-20,451.84,https://api.spdrgoldshares.com/api/v1/historical-archive?product=gld&exchange=NYSE&lang=en,2026-10-09
gld_holdings,2007-01-22,2007-01-23,451.84,https://api.spdrgoldshares.com/api/v1/historical-archive?product=gld&exchange=NYSE&lang=en,2026-10-09
gld_holdings,2007-01-23,2007-01-24,450.3,https://api.spdrgoldshares.com/api/v1/historical-archive?product=gld&exchange=NYSE&lang=en,2026-10-09
gld_holdings,2007-01-24,2007-01-25,450.3,https://api.spdrgoldshares.com/api/v1/historical-archive?product=gld&exchange=NYSE&lang=en,2026-10-09
gld_holdings,2007-01-25,2007-01-26,450.3,https://api.spdrgoldshares.com/api/v1/historical-archive?product=gld&exchange=NYSE&lang=en,2026-10-09
gld_holdings,2007-01-26,2007-01-27,450.3,https://api.spdrgoldshares.com/api/v1/historical-archive?product=gld&exchange=NYSE&lang=en,2026-10-09
gld_holdings,2007-01-29,2007-01-30,450.3,https://api.spdrgoldshares.com/api/v1/historical-archive?product=gld&exchange=NYSE&lang=en,2026-10-09
gld_holdings,2007-01-30,2007-01-31,450.3,https://api.spdrgoldshares.com/api/v1/historical-archive?product=gld&exchange=NYSE&lang=en,2026-10-09
gld_holdings,2007-01-31,2007-02-01,450.3,https://api.spdrgoldshares.com/api/v1/historical-archive?product=gld&exchange=NYSE&lang=en,2026-10-09
gld_holdings,2007-02-01,2007-02-02,454.0,https://api.spdrgoldshares.com/api/v1/historical-archive?product=gld&exchange=NYSE&lang=en,2026-10-09
gld_holdings,2007-02-02,2007-02-03,458.63,https://api.spdrgoldshares.com/api/v1/historical-archive?product=gld&exchange=NYSE&lang=en,2026-10-09
gld_holdings,2007-02-05,2007-02-06,458.63,https://api.spdrgoldshares.com/api/v1/historical-archive?product=gld&exchange=NYSE&lang=en,2026-10-09
gld_holdings,2007-02-06,2007-02-07,458.63,https://api.spdrgoldshares.com/api/v1/historical-archive?product=gld&exchange=NYSE&lang=en,2026-10-09
gld_holdings,2007-02-07,2007-02-08,461.71,https://api.spdrgoldshares.com/api/v1/historical-archive?product=gld&exchange=NYSE&lang=en,2026-10-09
gld_holdings,2007-02-08,2007-02-09,461.71,https://api.spdrgoldshares.com/api/v1/historical-archive?product=gld&exchange=NYSE&lang=en,2026-10-09
gld_holdings,2007-02-09,2007-02-10,461.58,https://api.spdrgoldshares.com/api/v1/historical-archive?product=gld&exchange=NYSE&lang=en,2026-10-09
gld_holdings,2007-02-12,2007-02-13,466.2,https://api.spdrgoldshares.com/api/v1/historical-archive?product=gld&exchange=NYSE&lang=en,2026-10-09
gld_holdings,2007-02-13,2007-02-14,467.74,https://api.spdrgoldshares.com/api/v1/historical-archive?product=gld&exchange=NYSE&lang=en,2026-10-09
gld_holdings,2007-02-14,2007-02-15,467.74,https://api.spdrgoldshares.com/api/v1/historical-archive?product=gld&exchange=NYSE&lang=en,2026-10-09
gld_holdings,2007-02-15,2007-02-16,475.76,https://api.spdrgoldshares.com/api/v1/historical-archive?product=gld&exchange=NYSE&lang=en,2026-10-09
gld_holdings,2007-02-16,2007-02-17,475.76,https://api.spdrgoldshares.com/api/v1/historical-archive?product=gld&exchange=NYSE&lang=en,2026-10-09
gld_holdings,2007-02-20,2007-02-21,475.76,https://api.spdrgoldshares.com/api/v1/historical-archive?product=gld&exchange=NYSE&lang=en,2026-10-09
gld_holdings,2007-02-21,2007-02-22,479.77,https://api.spdrgoldshares.com/api/v1/historical-archive?product=gld&exchange=NYSE&lang=en,2026-10-09
gld_holdings,2007-02-22,2007-02-23,485.93,https://api.spdrgoldshares.com/api/v1/historical-archive?product=gld&exchange=NYSE&lang=en,2026-10-09
gld_holdings,2007-02-23,2007-02-24,487.47,https://api.spdrgoldshares.com/api/v1/historical-archive?product=gld&exchange=NYSE&lang=en,2026-10-09
gld_holdings,2007-02-26,2007-02-27,487.47,https://api.spdrgoldshares.com/api/v1/historical-archive?product=gld&exchange=NYSE&lang=en,2026-10-09
gld_holdings,2007-02-27,2007-02-28,487.47,https://api.spdrgoldshares.com/api/v1/historical-archive?product=gld&exchange=NYSE&lang=en,2026-10-09
gld_holdings,2007-02-28,2007-03-01,481.31,https://api.spdrgoldshares.com/api/v1/historical-archive?product=gld&exchange=NYSE&lang=en,2026-10-09
gld_holdings,2007-03-01,2007-03-02,481.31,https://api.spdrgoldshares.com/api/v1/historical-archive?product=gld&exchange=NYSE&lang=en,2026-10-09
gld_holdings,2007-03-02,2007-03-03,481.31,https://api.spdrgoldshares.com/api/v1/historical-archive?product=gld&exchange=NYSE&lang=en,2026-10-09
gld_holdings,2007-03-05,2007-03-06,481.31,https://api.spdrgoldshares.com/api/v1/historical-archive?product=gld&exchange=NYSE&lang=en,2026-10-09
gld_holdings,2007-03-06,2007-03-07,481.16,https://api.spdrgoldshares.com/api/v1/historical-archive?product=gld&exchange=NYSE&lang=en,2026-10-09
gld_holdings,2007-03-07,2007-03-08,481.16,https://api.spdrgoldshares.com/api/v1/historical-archive?product=gld&exchange=NYSE&lang=en,2026-10-09
gld_holdings,2007-03-08,2007-03-09,487.32,https://api.spdrgoldshares.com/api/v1/historical-archive?product=gld&exchange=NYSE&lang=en,2026-10-09
gld_holdings,2007-03-09,2007-03-10,483.01,https://api.spdrgoldshares.com/api/v1/historical-archive?product=gld&exchange=NYSE&lang=en,2026-10-09
gld_holdings,2007-03-12,2007-03-13,483.01,https://api.spdrgoldshares.com/api/v1/historical-archive?product=gld&exchange=NYSE&lang=en,2026-10-09
gld_holdings,2007-03-13,2007-03-14,483.01,https://api.spdrgoldshares.com/api/v1/historical-archive?product=gld&exchange=NYSE&lang=en,2026-10-09
gld_holdings,2007-03-14,2007-03-15,476.84,https://api.spdrgoldshares.com/api/v1/historical-archive?product=gld&exchange=NYSE&lang=en,2026-10-09
gld_holdings,2007-03-15,2007-03-16,476.84,https://api.spdrgoldshares.com/api/v1/historical-archive?product=gld&exchange=NYSE&lang=en,2026-10-09
gld_holdings,2007-03-16,2007-03-17,476.84,https://api.spdrgoldshares.com/api/v1/historical-archive?product=gld&exchange=NYSE&lang=en,2026-10-09
gld_holdings,2007-03-19,2007-03-20,476.84,https://api.spdrgoldshares.com/api/v1/historical-archive?product=gld&exchange=NYSE&lang=en,2026-10-09
gld_holdings,2007-03-20,2007-03-21,476.84,https://api.spdrgoldshares.com/api/v1/historical-archive?product=gld&exchange=NYSE&lang=en,2026-10-09
gld_holdings,2007-03-21,2007-03-22,476.84,https://api.spdrgoldshares.com/api/v1/historical-archive?product=gld&exchange=NYSE&lang=en,2026-10-09
gld_holdings,2007-03-22,2007-03-23,479.31,https://api.spdrgoldshares.com/api/v1/historical-archive?product=gld&exchange=NYSE&lang=en,2026-10-09
gld_holdings,2007-03-23,2007-03-24,479.31,https://api.spdrgoldshares.com/api/v1/historical-archive?product=gld&exchange=NYSE&lang=en,2026-10-09
gld_holdings,2007-03-26,2007-03-27,479.31,https://api.spdrgoldshares.com/api/v1/historical-archive?product=gld&exchange=NYSE&lang=en,2026-10-09
gld_holdings,2007-03-27,2007-03-28,479.31,https://api.spdrgoldshares.com/api/v1/historical-archive?product=gld&exchange=NYSE&lang=en,2026-10-09
gld_holdings,2007-03-28,2007-03-29,479.31,https://api.spdrgoldshares.com/api/v1/historical-archive?product=gld&exchange=NYSE&lang=en,2026-10-09
gld_holdings,2007-03-29,2007-03-30,483.93,https://api.spdrgoldshares.com/api/v1/historical-archive?product=gld&exchange=NYSE&lang=en,2026-10-09
gld_holdings,2007-03-30,2007-03-31,483.93,https://api.spdrgoldshares.com/api/v1/historical-archive?product=gld&exchange=NYSE&lang=en,2026-10-09
gld_holdings,2007-04-02,2007-04-03,483.93,https://api.spdrgoldshares.com/api/v1/historical-archive?product=gld&exchange=NYSE&lang=en,2026-10-09
gld_holdings,2007-04-03,2007-04-04,485.16,https://api.spdrgoldshares.com/api/v1/historical-archive?product=gld&exchange=NYSE&lang=en,2026-10-09
gld_holdings,2007-04-04,2007-04-05,488.4,https://api.spdrgoldshares.com/api/v1/historical-archive?product=gld&exchange=NYSE&lang=en,2026-10-09
gld_holdings,2007-04-05,2007-04-06,494.56,https://api.spdrgoldshares.com/api/v1/historical-archive?product=gld&exchange=NYSE&lang=en,2026-10-09
gld_holdings,2007-04-09,2007-04-10,494.56,https://api.spdrgoldshares.com/api/v1/historical-archive?product=gld&exchange=NYSE&lang=en,2026-10-09
gld_holdings,2007-04-10,2007-04-11,494.56,https://api.spdrgoldshares.com/api/v1/historical-archive?product=gld&exchange=NYSE&lang=en,2026-10-09
gld_holdings,2007-04-11,2007-04-12,494.56,https://api.spdrgoldshares.com/api/v1/historical-archive?product=gld&exchange=NYSE&lang=en,2026-10-09
gld_holdings,2007-04-12,2007-04-13,494.56,https://api.spdrgoldshares.com/api/v1/historical-archive?product=gld&exchange=NYSE&lang=en,2026-10-09
gld_holdings,2007-04-13,2007-04-14,494.56,https://api.spdrgoldshares.com/api/v1/historical-archive?product=gld&exchange=NYSE&lang=en,2026-10-09
gld_holdings,2007-04-16,2007-04-17,494.56,https://api.spdrgoldshares.com/api/v1/historical-archive?product=gld&exchange=NYSE&lang=en,2026-10-09
gld_holdings,2007-04-17,2007-04-18,500.72,https://api.spdrgoldshares.com/api/v1/historical-archive?product=gld&exchange=NYSE&lang=en,2026-10-09
gld_holdings,2007-04-18,2007-04-19,500.72,https://api.spdrgoldshares.com/api/v1/historical-archive?product=gld&exchange=NYSE&lang=en,2026-10-09
gld_holdings,2007-04-19,2007-04-20,500.72,https://api.spdrgoldshares.com/api/v1/historical-archive?product=gld&exchange=NYSE&lang=en,2026-10-09
gld_holdings,2007-04-20,2007-04-21,494.87,https://api.spdrgoldshares.com/api/v1/historical-archive?product=gld&exchange=NYSE&lang=en,2026-10-09
gld_holdings,2007-04-23,2007-04-24,494.87,https://api.spdrgoldshares.com/api/v1/historical-archive?product=gld&exchange=NYSE&lang=en,2026-10-09
gld_holdings,2007-04-24,2007-04-25,493.33,https://api.spdrgoldshares.com/api/v1/historical-archive?product=gld&exchange=NYSE&lang=en,2026-10-09
gld_holdings,2007-04-25,2007-04-26,493.33,https://api.spdrgoldshares.com/api/v1/historical-archive?product=gld&exchange=NYSE&lang=en,2026-10-09
gld_holdings,2007-04-26,2007-04-27,493.33,https://api.spdrgoldshares.com/api/v1/historical-archive?product=gld&exchange=NYSE&lang=en,2026-10-09
gld_holdings,2007-04-27,2007-04-28,493.33,https://api.spdrgoldshares.com/api/v1/historical-archive?product=gld&exchange=NYSE&lang=en,2026-10-09
gld_holdings,2007-04-30,2007-05-01,493.33,https://api.spdrgoldshares.com/api/v1/historical-archive?product=gld&exchange=NYSE&lang=en,2026-10-09
gld_holdings,2007-05-01,2007-05-02,493.33,https://api.spdrgoldshares.com/api/v1/historical-archive?product=gld&exchange=NYSE&lang=en,2026-10-09
gld_holdings,2007-05-02,2007-05-03,485.93,https://api.spdrgoldshares.com/api/v1/historical-archive?product=gld&exchange=NYSE&lang=en,2026-10-09
gld_holdings,2007-05-03,2007-05-04,485.93,https://api.spdrgoldshares.com/api/v1/historical-archive?product=gld&exchange=NYSE&lang=en,2026-10-09
gld_holdings,2007-05-04,2007-05-05,485.78,https://api.spdrgoldshares.com/api/v1/historical-archive?product=gld&exchange=NYSE&lang=en,2026-10-09
gld_holdings,2007-05-07,2007-05-08,485.78,https://api.spdrgoldshares.com/api/v1/historical-archive?product=gld&exchange=NYSE&lang=en,2026-10-09
gld_holdings,2007-05-08,2007-05-09,485.78,https://api.spdrgoldshares.com/api/v1/historical-archive?product=gld&exchange=NYSE&lang=en,2026-10-09
gld_holdings,2007-05-09,2007-05-10,485.78,https://api.spdrgoldshares.com/api/v1/historical-archive?product=gld&exchange=NYSE&lang=en,2026-10-09
gld_holdings,2007-05-10,2007-05-11,480.23,https://api.spdrgoldshares.com/api/v1/historical-archive?product=gld&exchange=NYSE&lang=en,2026-10-09
gld_holdings,2007-05-11,2007-05-12,480.23,https://api.spdrgoldshares.com/api/v1/historical-archive?product=gld&exchange=NYSE&lang=en,2026-10-09
gld_holdings,2007-05-14,2007-05-15,483.01,https://api.spdrgoldshares.com/api/v1/historical-archive?product=gld&exchange=NYSE&lang=en,2026-10-09
gld_holdings,2007-05-15,2007-05-16,485.78,https://api.spdrgoldshares.com/api/v1/historical-archive?product=gld&exchange=NYSE&lang=en,2026-10-09
gld_holdings,2007-05-16,2007-05-17,477.77,https://api.spdrgoldshares.com/api/v1/historical-archive?product=gld&exchange=NYSE&lang=en,2026-10-09
gld_holdings,2007-05-17,2007-05-18,469.15,https://api.spdrgoldshares.com/api/v1/historical-archive?product=gld&exchange=NYSE&lang=en,2026-10-09
gld_holdings,2007-05-18,2007-05-19,469.15,https://api.spdrgoldshares.com/api/v1/historical-archive?product=gld&exchange=NYSE&lang=en,2026-10-09
gld_holdings,2007-05-21,2007-05-22,469.15,https://api.spdrgoldshares.com/api/v1/historical-archive?product=gld&exchange=NYSE&lang=en,2026-10-09
gld_holdings,2007-05-22,2007-05-23,469.15,https://api.spdrgoldshares.com/api/v1/historical-archive?product=gld&exchange=NYSE&lang=en,2026-10-09
gld_holdings,2007-05-23,2007-05-24,469.15,https://api.spdrgoldshares.com/api/v1/historical-archive?product=gld&exchange=NYSE&lang=en,2026-10-09
gld_holdings,2007-05-24,2007-05-25,472.23,https://api.spdrgoldshares.com/api/v1/historical-archive?product=gld&exchange=NYSE&lang=en,2026-10-09
gld_holdings,2007-05-25,2007-05-26,472.23,https://api.spdrgoldshares.com/api/v1/historical-archive?product=gld&exchange=NYSE&lang=en,2026-10-09
gld_holdings,2007-05-29,2007-05-30,472.23,https://api.spdrgoldshares.com/api/v1/historical-archive?product=gld&exchange=NYSE&lang=en,2026-10-09
gld_holdings,2007-05-30,2007-05-31,463.6,https://api.spdrgoldshares.com/api/v1/historical-archive?product=gld&exchange=NYSE&lang=en,2026-10-09
gld_holdings,2007-05-31,2007-06-01,468.22,https://api.spdrgoldshares.com/api/v1/historical-archive?product=gld&exchange=NYSE&lang=en,2026-10-09
gld_holdings,2007-06-01,2007-06-02,477.77,https://api.spdrgoldshares.com/api/v1/historical-archive?product=gld&exchange=NYSE&lang=en,2026-10-09
gld_holdings,2007-06-04,2007-06-05,477.77,https://api.spdrgoldshares.com/api/v1/historical-archive?product=gld&exchange=NYSE&lang=en,2026-10-09
gld_holdings,2007-06-05,2007-06-06,477.77,https://api.spdrgoldshares.com/api/v1/historical-archive?product=gld&exchange=NYSE&lang=en,2026-10-09
gld_holdings,2007-06-06,2007-06-07,477.77,https://api.spdrgoldshares.com/api/v1/historical-archive?product=gld&exchange=NYSE&lang=en,2026-10-09
gld_holdings,2007-06-07,2007-06-08,477.61,https://api.spdrgoldshares.com/api/v1/historical-archive?product=gld&exchange=NYSE&lang=en,2026-10-09
gld_holdings,2007-06-08,2007-06-09,469.91,https://api.spdrgoldshares.com/api/v1/historical-archive?product=gld&exchange=NYSE&lang=en,2026-10-09
gld_holdings,2007-06-11,2007-06-12,469.91,https://api.spdrgoldshares.com/api/v1/historical-archive?product=gld&exchange=NYSE&lang=en,2026-10-09
gld_holdings,2007-06-12,2007-06-13,472.99,https://api.spdrgoldshares.com/api/v1/historical-archive?product=gld&exchange=NYSE&lang=en,2026-10-09
gld_holdings,2007-06-13,2007-06-14,472.99,https://api.spdrgoldshares.com/api/v1/historical-archive?product=gld&exchange=NYSE&lang=en,2026-10-09
gld_holdings,2007-06-14,2007-06-15,472.99,https://api.spdrgoldshares.com/api/v1/historical-archive?product=gld&exchange=NYSE&lang=en,2026-10-09
gld_holdings,2007-06-15,2007-06-16,472.99,https://api.spdrgoldshares.com/api/v1/historical-archive?product=gld&exchange=NYSE&lang=en,2026-10-09
gld_holdings,2007-06-18,2007-06-19,474.53,https://api.spdrgoldshares.com/api/v1/historical-archive?product=gld&exchange=NYSE&lang=en,2026-10-09
gld_holdings,2007-06-19,2007-06-20,474.53,https://api.spdrgoldshares.com/api/v1/historical-archive?product=gld&exchange=NYSE&lang=en,2026-10-09
gld_holdings,2007-06-20,2007-06-21,474.53,https://api.spdrgoldshares.com/api/v1/historical-archive?product=gld&exchange=NYSE&lang=en,2026-10-09
gld_holdings,2007-06-21,2007-06-22,474.53,https://api.spdrgoldshares.com/api/v1/historical-archive?product=gld&exchange=NYSE&lang=en,2026-10-09
gld_holdings,2007-06-22,2007-06-23,474.53,https://api.spdrgoldshares.com/api/v1/historical-archive?product=gld&exchange=NYSE&lang=en,2026-10-09
gld_holdings,2007-06-25,2007-06-26,474.53,https://api.spdrgoldshares.com/api/v1/historical-archive?product=gld&exchange=NYSE&lang=en,2026-10-09
gld_holdings,2007-06-26,2007-06-27,463.45,https://api.spdrgoldshares.com/api/v1/historical-archive?product=gld&exchange=NYSE&lang=en,2026-10-09
gld_holdings,2007-06-27,2007-06-28,463.45,https://api.spdrgoldshares.com/api/v1/historical-archive?product=gld&exchange=NYSE&lang=en,2026-10-09
gld_holdings,2007-06-28,2007-06-29,464.37,https://api.spdrgoldshares.com/api/v1/historical-archive?product=gld&exchange=NYSE&lang=en,2026-10-09
gld_holdings,2007-06-29,2007-06-30,464.37,https://api.spdrgoldshares.com/api/v1/historical-archive?product=gld&exchange=NYSE&lang=en,2026-10-09
gld_holdings,2007-07-02,2007-07-03,464.37,https://api.spdrgoldshares.com/api/v1/historical-archive?product=gld&exchange=NYSE&lang=en,2026-10-09
gld_holdings,2007-07-03,2007-07-04,464.37,https://api.spdrgoldshares.com/api/v1/historical-archive?product=gld&exchange=NYSE&lang=en,2026-10-09
gld_holdings,2007-07-05,2007-07-06,464.22,https://api.spdrgoldshares.com/api/v1/historical-archive?product=gld&exchange=NYSE&lang=en,2026-10-09
gld_holdings,2007-07-06,2007-07-07,473.45,https://api.spdrgoldshares.com/api/v1/historical-archive?product=gld&exchange=NYSE&lang=en,2026-10-09
gld_holdings,2007-07-09,2007-07-10,481.15,https://api.spdrgoldshares.com/api/v1/historical-archive?product=gld&exchange=NYSE&lang=en,2026-10-09
gld_holdings,2007-07-10,2007-07-11,481.15,https://api.spdrgoldshares.com/api/v1/historical-archive?product=gld&exchange=NYSE&lang=en,2026-10-09
gld_holdings,2007-07-11,2007-07-12,481.15,https://api.spdrgoldshares.com/api/v1/historical-archive?product=gld&exchange=NYSE&lang=en,2026-10-09
gld_holdings,2007-07-12,2007-07-13,484.84,https://api.spdrgoldshares.com/api/v1/historical-archive?product=gld&exchange=NYSE&lang=en,2026-10-09
gld_holdings,2007-07-13,2007-07-14,484.84,https://api.spdrgoldshares.com/api/v1/historical-archive?product=gld&exchange=NYSE&lang=en,2026-10-09
gld_holdings,2007-07-16,2007-07-17,487.92,https://api.spdrgoldshares.com/api/v1/historical-archive?product=gld&exchange=NYSE&lang=en,2026-10-09
gld_holdings,2007-07-17,2007-07-18,487.92,https://api.spdrgoldshares.com/api/v1/historical-archive?product=gld&exchange=NYSE&lang=en,2026-10-09
gld_holdings,2007-07-18,2007-07-19,489.46,https://api.spdrgoldshares.com/api/v1/historical-archive?product=gld&exchange=NYSE&lang=en,2026-10-09
gld_holdings,2007-07-19,2007-07-20,497.15,https://api.spdrgoldshares.com/api/v1/historical-archive?product=gld&exchange=NYSE&lang=en,2026-10-09
gld_holdings,2007-07-20,2007-07-21,497.15,https://api.spdrgoldshares.com/api/v1/historical-archive?product=gld&exchange=NYSE&lang=en,2026-10-09
gld_holdings,2007-07-23,2007-07-24,497.15,https://api.spdrgoldshares.com/api/v1/historical-archive?product=gld&exchange=NYSE&lang=en,2026-10-09
gld_holdings,2007-07-24,2007-07-25,497.15,https://api.spdrgoldshares.com/api/v1/historical-archive?product=gld&exchange=NYSE&lang=en,2026-10-09
gld_holdings,2007-07-25,2007-07-26,497.15,https://api.spdrgoldshares.com/api/v1/historical-archive?product=gld&exchange=NYSE&lang=en,2026-10-09
gld_holdings,2007-07-26,2007-07-27,496.53,https://api.spdrgoldshares.com/api/v1/historical-archive?product=gld&exchange=NYSE&lang=en,2026-10-09
gld_holdings,2007-07-27,2007-07-28,496.53,https://api.spdrgoldshares.com/api/v1/historical-archive?product=gld&exchange=NYSE&lang=en,2026-10-09
gld_holdings,2007-07-30,2007-07-31,496.53,https://api.spdrgoldshares.com/api/v1/historical-archive?product=gld&exchange=NYSE&lang=en,2026-10-09
gld_holdings,2007-07-31,2007-08-01,496.53,https://api.spdrgoldshares.com/api/v1/historical-archive?product=gld&exchange=NYSE&lang=en,2026-10-09
gld_holdings,2007-08-01,2007-08-02,506.69,https://api.spdrgoldshares.com/api/v1/historical-archive?product=gld&exchange=NYSE&lang=en,2026-10-09
gld_holdings,2007-08-02,2007-08-03,506.52,https://api.spdrgoldshares.com/api/v1/historical-archive?product=gld&exchange=NYSE&lang=en,2026-10-09
gld_holdings,2007-08-03,2007-08-04,506.52,https://api.spdrgoldshares.com/api/v1/historical-archive?product=gld&exchange=NYSE&lang=en,2026-10-09
gld_holdings,2007-08-06,2007-08-07,509.6,https://api.spdrgoldshares.com/api/v1/historical-archive?product=gld&exchange=NYSE&lang=en,2026-10-09
gld_holdings,2007-08-07,2007-08-08,509.6,https://api.spdrgoldshares.com/api/v1/historical-archive?product=gld&exchange=NYSE&lang=en,2026-10-09
gld_holdings,2007-08-08,2007-08-09,509.29,https://api.spdrgoldshares.com/api/v1/historical-archive?product=gld&exchange=NYSE&lang=en,2026-10-09
gld_holdings,2007-08-09,2007-08-10,509.29,https://api.spdrgoldshares.com/api/v1/historical-archive?product=gld&exchange=NYSE&lang=en,2026-10-09
gld_holdings,2007-08-10,2007-08-11,509.29,https://api.spdrgoldshares.com/api/v1/historical-archive?product=gld&exchange=NYSE&lang=en,2026-10-09
gld_holdings,2007-08-13,2007-08-14,509.29,https://api.spdrgoldshares.com/api/v1/historical-archive?product=gld&exchange=NYSE&lang=en,2026-10-09
gld_holdings,2007-08-14,2007-08-15,510.21,https://api.spdrgoldshares.com/api/v1/historical-archive?product=gld&exchange=NYSE&lang=en,2026-10-09
gld_holdings,2007-08-15,2007-08-16,510.21,https://api.spdrgoldshares.com/api/v1/historical-archive?product=gld&exchange=NYSE&lang=en,2026-10-09
gld_holdings,2007-08-16,2007-08-17,507.14,https://api.spdrgoldshares.com/api/v1/historical-archive?product=gld&exchange=NYSE&lang=en,2026-10-09
gld_holdings,2007-08-17,2007-08-18,507.14,https://api.spdrgoldshares.com/api/v1/historical-archive?product=gld&exchange=NYSE&lang=en,2026-10-09
gld_holdings,2007-08-20,2007-08-21,514.21,https://api.spdrgoldshares.com/api/v1/historical-archive?product=gld&exchange=NYSE&lang=en,2026-10-09
gld_holdings,2007-08-21,2007-08-22,514.21,https://api.spdrgoldshares.com/api/v1/historical-archive?product=gld&exchange=NYSE&lang=en,2026-10-09
gld_holdings,2007-08-22,2007-08-23,514.21,https://api.spdrgoldshares.com/api/v1/historical-archive?product=gld&exchange=NYSE&lang=en,2026-10-09
gld_holdings,2007-08-23,2007-08-24,514.21,https://api.spdrgoldshares.com/api/v1/historical-archive?product=gld&exchange=NYSE&lang=en,2026-10-09
gld_holdings,2007-08-24,2007-08-25,515.44,https://api.spdrgoldshares.com/api/v1/historical-archive?product=gld&exchange=NYSE&lang=en,2026-10-09
gld_holdings,2007-08-27,2007-08-28,515.44,https://api.spdrgoldshares.com/api/v1/historical-archive?product=gld&exchange=NYSE&lang=en,2026-10-09
gld_holdings,2007-08-28,2007-08-29,515.44,https://api.spdrgoldshares.com/api/v1/historical-archive?product=gld&exchange=NYSE&lang=en,2026-10-09
gld_holdings,2007-08-29,2007-08-30,515.44,https://api.spdrgoldshares.com/api/v1/historical-archive?product=gld&exchange=NYSE&lang=en,2026-10-09
gld_holdings,2007-08-30,2007-08-31,515.44,https://api.spdrgoldshares.com/api/v1/historical-archive?product=gld&exchange=NYSE&lang=en,2026-10-09
gld_holdings,2007-08-31,2007-09-01,515.44,https://api.spdrgoldshares.com/api/v1/historical-archive?product=gld&exchange=NYSE&lang=en,2026-10-09
gld_holdings,2007-09-04,2007-09-05,515.44,https://api.spdrgoldshares.com/api/v1/historical-archive?product=gld&exchange=NYSE&lang=en,2026-10-09
gld_holdings,2007-09-05,2007-09-06,528.36,https://api.spdrgoldshares.com/api/v1/historical-archive?product=gld&exchange=NYSE&lang=en,2026-10-09
gld_holdings,2007-09-06,2007-09-07,542.35,https://api.spdrgoldshares.com/api/v1/historical-archive?product=gld&exchange=NYSE&lang=en,2026-10-09
gld_holdings,2007-09-07,2007-09-08,549.42,https://api.spdrgoldshares.com/api/v1/historical-archive?product=gld&exchange=NYSE&lang=en,2026-10-09
gld_holdings,2007-09-10,2007-09-11,558.65,https://api.spdrgoldshares.com/api/v1/historical-archive?product=gld&exchange=NYSE&lang=en,2026-10-09
gld_holdings,2007-09-11,2007-09-12,566.95,https://api.spdrgoldshares.com/api/v1/historical-archive?product=gld&exchange=NYSE&lang=en,2026-10-09
gld_holdings,2007-09-12,2007-09-13,566.95,https://api.spdrgoldshares.com/api/v1/historical-archive?product=gld&exchange=NYSE&lang=en,2026-10-09
gld_holdings,2007-09-13,2007-09-14,566.95,https://api.spdrgoldshares.com/api/v1/historical-archive?product=gld&exchange=NYSE&lang=en,2026-10-09
gld_holdings,2007-09-14,2007-09-15,566.95,https://api.spdrgoldshares.com/api/v1/historical-archive?product=gld&exchange=NYSE&lang=en,2026-10-09
gld_holdings,2007-09-17,2007-09-18,567.88,https://api.spdrgoldshares.com/api/v1/historical-archive?product=gld&exchange=NYSE&lang=en,2026-10-09
gld_holdings,2007-09-18,2007-09-19,575.57,https://api.spdrgoldshares.com/api/v1/historical-archive?product=gld&exchange=NYSE&lang=en,2026-10-09
gld_holdings,2007-09-19,2007-09-20,577.1,https://api.spdrgoldshares.com/api/v1/historical-archive?product=gld&exchange=NYSE&lang=en,2026-10-09
gld_holdings,2007-09-20,2007-09-21,577.1,https://api.spdrgoldshares.com/api/v1/historical-archive?product=gld&exchange=NYSE&lang=en,2026-10-09
gld_holdings,2007-09-21,2007-09-22,577.1,https://api.spdrgoldshares.com/api/v1/historical-archive?product=gld&exchange=NYSE&lang=en,2026-10-09
gld_holdings,2007-09-24,2007-09-25,578.03,https://api.spdrgoldshares.com/api/v1/historical-archive?product=gld&exchange=NYSE&lang=en,2026-10-09
gld_holdings,2007-09-25,2007-09-26,578.03,https://api.spdrgoldshares.com/api/v1/historical-archive?product=gld&exchange=NYSE&lang=en,2026-10-09
gld_holdings,2007-09-26,2007-09-27,578.03,https://api.spdrgoldshares.com/api/v1/historical-archive?product=gld&exchange=NYSE&lang=en,2026-10-09
gld_holdings,2007-09-27,2007-09-28,578.03,https://api.spdrgoldshares.com/api/v1/historical-archive?product=gld&exchange=NYSE&lang=en,2026-10-09
gld_holdings,2007-09-28,2007-09-29,578.03,https://api.spdrgoldshares.com/api/v1/historical-archive?product=gld&exchange=NYSE&lang=en,2026-10-09
gld_holdings,2007-10-01,2007-10-02,578.03,https://api.spdrgoldshares.com/api/v1/historical-archive?product=gld&exchange=NYSE&lang=en,2026-10-09
gld_holdings,2007-10-02,2007-10-03,578.03,https://api.spdrgoldshares.com/api/v1/historical-archive?product=gld&exchange=NYSE&lang=en,2026-10-09
gld_holdings,2007-10-03,2007-10-04,577.85,https://api.spdrgoldshares.com/api/v1/historical-archive?product=gld&exchange=NYSE&lang=en,2026-10-09
gld_holdings,2007-10-04,2007-10-05,577.85,https://api.spdrgoldshares.com/api/v1/historical-archive?product=gld&exchange=NYSE&lang=en,2026-10-09
gld_holdings,2007-10-05,2007-10-06,577.85,https://api.spdrgoldshares.com/api/v1/historical-archive?product=gld&exchange=NYSE&lang=en,2026-10-09
gld_holdings,2007-10-08,2007-10-09,577.85,https://api.spdrgoldshares.com/api/v1/historical-archive?product=gld&exchange=NYSE&lang=en,2026-10-09
gld_holdings,2007-10-09,2007-10-10,585.53,https://api.spdrgoldshares.com/api/v1/historical-archive?product=gld&exchange=NYSE&lang=en,2026-10-09
gld_holdings,2007-10-10,2007-10-11,585.53,https://api.spdrgoldshares.com/api/v1/historical-archive?product=gld&exchange=NYSE&lang=en,2026-10-09
gld_holdings,2007-10-11,2007-10-12,591.68,https://api.spdrgoldshares.com/api/v1/historical-archive?product=gld&exchange=NYSE&lang=en,2026-10-09
gld_holdings,2007-10-12,2007-10-13,593.22,https://api.spdrgoldshares.com/api/v1/historical-archive?product=gld&exchange=NYSE&lang=en,2026-10-09
gld_holdings,2007-10-15,2007-10-16,593.22,https://api.spdrgoldshares.com/api/v1/historical-archive?product=gld&exchange=NYSE&lang=en,2026-10-09
gld_holdings,2007-10-16,2007-10-17,594.45,https://api.spdrgoldshares.com/api/v1/historical-archive?product=gld&exchange=NYSE&lang=en,2026-10-09
gld_holdings,2007-10-17,2007-10-18,594.45,https://api.spdrgoldshares.com/api/v1/historical-archive?product=gld&exchange=NYSE&lang=en,2026-10-09
gld_holdings,2007-10-18,2007-10-19,594.45,https://api.spdrgoldshares.com/api/v1/historical-archive?product=gld&exchange=NYSE&lang=en,2026-10-09
gld_holdings,2007-10-19,2007-10-20,594.45,https://api.spdrgoldshares.com/api/v1/historical-archive?product=gld&exchange=NYSE&lang=en,2026-10-09
gld_holdings,2007-10-22,2007-10-23,594.45,https://api.spdrgoldshares.com/api/v1/historical-archive?product=gld&exchange=NYSE&lang=en,2026-10-09
gld_holdings,2007-10-23,2007-10-24,594.45,https://api.spdrgoldshares.com/api/v1/historical-archive?product=gld&exchange=NYSE&lang=en,2026-10-09
gld_holdings,2007-10-24,2007-10-25,594.45,https://api.spdrgoldshares.com/api/v1/historical-archive?product=gld&exchange=NYSE&lang=en,2026-10-09
gld_holdings,2007-10-25,2007-10-26,597.53,https://api.spdrgoldshares.com/api/v1/historical-archive?product=gld&exchange=NYSE&lang=en,2026-10-09
gld_holdings,2007-10-26,2007-10-27,597.53,https://api.spdrgoldshares.com/api/v1/historical-archive?product=gld&exchange=NYSE&lang=en,2026-10-09
gld_holdings,2007-10-29,2007-10-30,597.53,https://api.spdrgoldshares.com/api/v1/historical-archive?product=gld&exchange=NYSE&lang=en,2026-10-09
gld_holdings,2007-10-30,2007-10-31,597.53,https://api.spdrgoldshares.com/api/v1/historical-archive?product=gld&exchange=NYSE&lang=en,2026-10-09
gld_holdings,2007-10-31,2007-11-01,597.53,https://api.spdrgoldshares.com/api/v1/historical-archive?product=gld&exchange=NYSE&lang=en,2026-10-09
gld_holdings,2007-11-01,2007-11-02,597.53,https://api.spdrgoldshares.com/api/v1/historical-archive?product=gld&exchange=NYSE&lang=en,2026-10-09
gld_holdings,2007-11-02,2007-11-03,597.53,https://api.spdrgoldshares.com/api/v1/historical-archive?product=gld&exchange=NYSE&lang=en,2026-10-09
gld_holdings,2007-11-05,2007-11-06,597.53,https://api.spdrgoldshares.com/api/v1/historical-archive?product=gld&exchange=NYSE&lang=en,2026-10-09
gld_holdings,2007-11-06,2007-11-07,597.35,https://api.spdrgoldshares.com/api/v1/historical-archive?product=gld&exchange=NYSE&lang=en,2026-10-09
gld_holdings,2007-11-07,2007-11-08,597.35,https://api.spdrgoldshares.com/api/v1/historical-archive?product=gld&exchange=NYSE&lang=en,2026-10-09
gld_holdings,2007-11-08,2007-11-09,599.5,https://api.spdrgoldshares.com/api/v1/historical-archive?product=gld&exchange=NYSE&lang=en,2026-10-09
gld_holdings,2007-11-09,2007-11-10,599.5,https://api.spdrgoldshares.com/api/v1/historical-archive?product=gld&exchange=NYSE&lang=en,2026-10-09
gld_holdings,2007-11-13,2007-11-14,588.74,https://api.spdrgoldshares.com/api/v1/historical-archive?product=gld&exchange=NYSE&lang=en,2026-10-09
gld_holdings,2007-11-14,2007-11-15,588.74,https://api.spdrgoldshares.com/api/v1/historical-archive?product=gld&exchange=NYSE&lang=en,2026-10-09
gld_holdings,2007-11-15,2007-11-16,588.74,https://api.spdrgoldshares.com/api/v1/historical-archive?product=gld&exchange=NYSE&lang=en,2026-10-09
gld_holdings,2007-11-16,2007-11-17,588.74,https://api.spdrgoldshares.com/api/v1/historical-archive?product=gld&exchange=NYSE&lang=en,2026-10-09
gld_holdings,2007-11-19,2007-11-20,588.74,https://api.spdrgoldshares.com/api/v1/historical-archive?product=gld&exchange=NYSE&lang=en,2026-10-09
gld_holdings,2007-11-20,2007-11-21,588.74,https://api.spdrgoldshares.com/api/v1/historical-archive?product=gld&exchange=NYSE&lang=en,2026-10-09
gld_holdings,2007-11-21,2007-11-22,588.74,https://api.spdrgoldshares.com/api/v1/historical-archive?product=gld&exchange=NYSE&lang=en,2026-10-09
gld_holdings,2007-11-23,2007-11-24,588.74,https://api.spdrgoldshares.com/api/v1/historical-archive?product=gld&exchange=NYSE&lang=en,2026-10-09
gld_holdings,2007-11-26,2007-11-27,591.2,https://api.spdrgoldshares.com/api/v1/historical-archive?product=gld&exchange=NYSE&lang=en,2026-10-09
gld_holdings,2007-11-27,2007-11-28,609.33,https://api.spdrgoldshares.com/api/v1/historical-archive?product=gld&exchange=NYSE&lang=en,2026-10-09
gld_holdings,2007-11-28,2007-11-29,609.33,https://api.spdrgoldshares.com/api/v1/historical-archive?product=gld&exchange=NYSE&lang=en,2026-10-09
gld_holdings,2007-11-29,2007-11-30,609.33,https://api.spdrgoldshares.com/api/v1/historical-archive?product=gld&exchange=NYSE&lang=en,2026-10-09
gld_holdings,2007-11-30,2007-12-01,601.65,https://api.spdrgoldshares.com/api/v1/historical-archive?product=gld&exchange=NYSE&lang=en,2026-10-09
gld_holdings,2007-12-03,2007-12-04,601.65,https://api.spdrgoldshares.com/api/v1/historical-archive?product=gld&exchange=NYSE&lang=en,2026-10-09
gld_holdings,2007-12-04,2007-12-05,601.45,https://api.spdrgoldshares.com/api/v1/historical-archive?product=gld&exchange=NYSE&lang=en,2026-10-09
gld_holdings,2007-12-05,2007-12-06,601.45,https://api.spdrgoldshares.com/api/v1/historical-archive?product=gld&exchange=NYSE&lang=en,2026-10-09
gld_holdings,2007-12-06,2007-12-07,602.37,https://api.spdrgoldshares.com/api/v1/historical-archive?product=gld&exchange=NYSE&lang=en,2026-10-09
gld_holdings,2007-12-07,2007-12-08,602.37,https://api.spdrgoldshares.com/api/v1/historical-archive?product=gld&exchange=NYSE&lang=en,2026-10-09
gld_holdings,2007-12-10,2007-12-11,614.67,https://api.spdrgoldshares.com/api/v1/historical-archive?product=gld&exchange=NYSE&lang=en,2026-10-09
gld_holdings,2007-12-11,2007-12-12,614.67,https://api.spdrgoldshares.com/api/v1/historical-archive?product=gld&exchange=NYSE&lang=en,2026-10-09
gld_holdings,2007-12-12,2007-12-13,615.9,https://api.spdrgoldshares.com/api/v1/historical-archive?product=gld&exchange=NYSE&lang=en,2026-10-09
gld_holdings,2007-12-13,2007-12-14,615.9,https://api.spdrgoldshares.com/api/v1/historical-archive?product=gld&exchange=NYSE&lang=en,2026-10-09
gld_holdings,2007-12-14,2007-12-15,615.9,https://api.spdrgoldshares.com/api/v1/historical-archive?product=gld&exchange=NYSE&lang=en,2026-10-09
gld_holdings,2007-12-17,2007-12-18,617.43,https://api.spdrgoldshares.com/api/v1/historical-archive?product=gld&exchange=NYSE&lang=en,2026-10-09
gld_holdings,2007-12-18,2007-12-19,617.43,https://api.spdrgoldshares.com/api/v1/historical-archive?product=gld&exchange=NYSE&lang=en,2026-10-09
gld_holdings,2007-12-19,2007-12-20,617.43,https://api.spdrgoldshares.com/api/v1/historical-archive?product=gld&exchange=NYSE&lang=en,2026-10-09
gld_holdings,2007-12-20,2007-12-21,617.43,https://api.spdrgoldshares.com/api/v1/historical-archive?product=gld&exchange=NYSE&lang=en,2026-10-09
gld_holdings,2007-12-21,2007-12-22,617.43,https://api.spdrgoldshares.com/api/v1/historical-archive?product=gld&exchange=NYSE&lang=en,2026-10-09
gld_holdings,2007-12-24,2007-12-25,617.43,https://api.spdrgoldshares.com/api/v1/historical-archive?product=gld&exchange=NYSE&lang=en,2026-10-09
gld_holdings,2007-12-26,2007-12-27,627.88,https://api.spdrgoldshares.com/api/v1/historical-archive?product=gld&exchange=NYSE&lang=en,2026-10-09
gld_holdings,2007-12-27,2007-12-28,627.88,https://api.spdrgoldshares.com/api/v1/historical-archive?product=gld&exchange=NYSE&lang=en,2026-10-09
gld_holdings,2007-12-28,2007-12-29,627.88,https://api.spdrgoldshares.com/api/v1/historical-archive?product=gld&exchange=NYSE&lang=en,2026-10-09
gld_holdings,2007-12-31,2008-01-01,627.88,https://api.spdrgoldshares.com/api/v1/historical-archive?product=gld&exchange=NYSE&lang=en,2026-10-09
gld_holdings,2008-01-02,2008-01-03,627.88,https://api.spdrgoldshares.com/api/v1/historical-archive?product=gld&exchange=NYSE&lang=en,2026-10-09
gld_holdings,2008-01-03,2008-01-04,627.88,https://api.spdrgoldshares.com/api/v1/historical-archive?product=gld&exchange=NYSE&lang=en,2026-10-09
gld_holdings,2008-01-04,2008-01-05,629.72,https://api.spdrgoldshares.com/api/v1/historical-archive?product=gld&exchange=NYSE&lang=en,2026-10-09
gld_holdings,2008-01-07,2008-01-08,639.35,https://api.spdrgoldshares.com/api/v1/historical-archive?product=gld&exchange=NYSE&lang=en,2026-10-09
gld_holdings,2008-01-08,2008-01-09,639.35,https://api.spdrgoldshares.com/api/v1/historical-archive?product=gld&exchange=NYSE&lang=en,2026-10-09
gld_holdings,2008-01-09,2008-01-10,639.35,https://api.spdrgoldshares.com/api/v1/historical-archive?product=gld&exchange=NYSE&lang=en,2026-10-09
gld_holdings,2008-01-10,2008-01-11,641.81,https://api.spdrgoldshares.com/api/v1/historical-archive?product=gld&exchange=NYSE&lang=en,2026-10-09
gld_holdings,2008-01-11,2008-01-12,641.81,https://api.spdrgoldshares.com/api/v1/historical-archive?product=gld&exchange=NYSE&lang=en,2026-10-09
gld_holdings,2008-01-14,2008-01-15,652.56,https://api.spdrgoldshares.com/api/v1/historical-archive?product=gld&exchange=NYSE&lang=en,2026-10-09
gld_holdings,2008-01-15,2008-01-16,652.56,https://api.spdrgoldshares.com/api/v1/historical-archive?product=gld&exchange=NYSE&lang=en,2026-10-09
gld_holdings,2008-01-16,2008-01-17,631.05,https://api.spdrgoldshares.com/api/v1/historical-archive?product=gld&exchange=NYSE&lang=en,2026-10-09
gld_holdings,2008-01-17,2008-01-18,629.83,https://api.spdrgoldshares.com/api/v1/historical-archive?product=gld&exchange=NYSE&lang=en,2026-10-09
gld_holdings,2008-01-18,2008-01-19,622.76,https://api.spdrgoldshares.com/api/v1/historical-archive?product=gld&exchange=NYSE&lang=en,2026-10-09
gld_holdings,2008-01-22,2008-01-23,622.76,https://api.spdrgoldshares.com/api/v1/historical-archive?product=gld&exchange=NYSE&lang=en,2026-10-09
gld_holdings,2008-01-23,2008-01-24,630.44,https://api.spdrgoldshares.com/api/v1/historical-archive?product=gld&exchange=NYSE&lang=en,2026-10-09
gld_holdings,2008-01-24,2008-01-25,630.75,https://api.spdrgoldshares.com/api/v1/historical-archive?product=gld&exchange=NYSE&lang=en,2026-10-09
gld_holdings,2008-01-25,2008-01-26,630.75,https://api.spdrgoldshares.com/api/v1/historical-archive?product=gld&exchange=NYSE&lang=en,2026-10-09
gld_holdings,2008-01-28,2008-01-29,630.75,https://api.spdrgoldshares.com/api/v1/historical-archive?product=gld&exchange=NYSE&lang=en,2026-10-09
gld_holdings,2008-01-29,2008-01-30,630.75,https://api.spdrgoldshares.com/api/v1/historical-archive?product=gld&exchange=NYSE&lang=en,2026-10-09
gld_holdings,2008-01-30,2008-01-31,630.75,https://api.spdrgoldshares.com/api/v1/historical-archive?product=gld&exchange=NYSE&lang=en,2026-10-09
gld_holdings,2008-01-31,2008-02-01,631.98,https://api.spdrgoldshares.com/api/v1/historical-archive?product=gld&exchange=NYSE&lang=en,2026-10-09
gld_holdings,2008-02-01,2008-02-02,631.36,https://api.spdrgoldshares.com/api/v1/historical-archive?product=gld&exchange=NYSE&lang=en,2026-10-09
gld_holdings,2008-02-04,2008-02-05,631.15,https://api.spdrgoldshares.com/api/v1/historical-archive?product=gld&exchange=NYSE&lang=en,2026-10-09
gld_holdings,2008-02-05,2008-02-06,631.15,https://api.spdrgoldshares.com/api/v1/historical-archive?product=gld&exchange=NYSE&lang=en,2026-10-09
gld_holdings,2008-02-06,2008-02-07,631.15,https://api.spdrgoldshares.com/api/v1/historical-archive?product=gld&exchange=NYSE&lang=en,2026-10-09
gld_holdings,2008-02-07,2008-02-08,631.15,https://api.spdrgoldshares.com/api/v1/historical-archive?product=gld&exchange=NYSE&lang=en,2026-10-09
gld_holdings,2008-02-08,2008-02-09,631.15,https://api.spdrgoldshares.com/api/v1/historical-archive?product=gld&exchange=NYSE&lang=en,2026-10-09
gld_holdings,2008-02-11,2008-02-12,631.15,https://api.spdrgoldshares.com/api/v1/historical-archive?product=gld&exchange=NYSE&lang=en,2026-10-09
gld_holdings,2008-02-12,2008-02-13,631.15,https://api.spdrgoldshares.com/api/v1/historical-archive?product=gld&exchange=NYSE&lang=en,2026-10-09
gld_holdings,2008-02-13,2008-02-14,631.15,https://api.spdrgoldshares.com/api/v1/historical-archive?product=gld&exchange=NYSE&lang=en,2026-10-09
gld_holdings,2008-02-14,2008-02-15,631.15,https://api.spdrgoldshares.com/api/v1/historical-archive?product=gld&exchange=NYSE&lang=en,2026-10-09
gld_holdings,2008-02-15,2008-02-16,631.15,https://api.spdrgoldshares.com/api/v1/historical-archive?product=gld&exchange=NYSE&lang=en,2026-10-09
gld_holdings,2008-02-19,2008-02-20,631.15,https://api.spdrgoldshares.com/api/v1/historical-archive?product=gld&exchange=NYSE&lang=en,2026-10-09
gld_holdings,2008-02-20,2008-02-21,631.15,https://api.spdrgoldshares.com/api/v1/historical-archive?product=gld&exchange=NYSE&lang=en,2026-10-09
gld_holdings,2008-02-21,2008-02-22,631.15,https://api.spdrgoldshares.com/api/v1/historical-archive?product=gld&exchange=NYSE&lang=en,2026-10-09
gld_holdings,2008-02-22,2008-02-23,631.15,https://api.spdrgoldshares.com/api/v1/historical-archive?product=gld&exchange=NYSE&lang=en,2026-10-09
gld_holdings,2008-02-25,2008-02-26,639.44,https://api.spdrgoldshares.com/api/v1/historical-archive?product=gld&exchange=NYSE&lang=en,2026-10-09
gld_holdings,2008-02-26,2008-02-27,639.44,https://api.spdrgoldshares.com/api/v1/historical-archive?product=gld&exchange=NYSE&lang=en,2026-10-09
gld_holdings,2008-02-27,2008-02-28,639.44,https://api.spdrgoldshares.com/api/v1/historical-archive?product=gld&exchange=NYSE&lang=en,2026-10-09
gld_holdings,2008-02-28,2008-02-29,639.44,https://api.spdrgoldshares.com/api/v1/historical-archive?product=gld&exchange=NYSE&lang=en,2026-10-09
gld_holdings,2008-02-29,2008-03-01,639.44,https://api.spdrgoldshares.com/api/v1/historical-archive?product=gld&exchange=NYSE&lang=en,2026-10-09
gld_holdings,2008-03-03,2008-03-04,647.73,https://api.spdrgoldshares.com/api/v1/historical-archive?product=gld&exchange=NYSE&lang=en,2026-10-09
gld_holdings,2008-03-04,2008-03-05,647.73,https://api.spdrgoldshares.com/api/v1/historical-archive?product=gld&exchange=NYSE&lang=en,2026-10-09
gld_holdings,2008-03-05,2008-03-06,647.73,https://api.spdrgoldshares.com/api/v1/historical-archive?product=gld&exchange=NYSE&lang=en,2026-10-09
gld_holdings,2008-03-06,2008-03-07,647.56,https://api.spdrgoldshares.com/api/v1/historical-archive?product=gld&exchange=NYSE&lang=en,2026-10-09
gld_holdings,2008-03-07,2008-03-08,647.56,https://api.spdrgoldshares.com/api/v1/historical-archive?product=gld&exchange=NYSE&lang=en,2026-10-09
gld_holdings,2008-03-10,2008-03-11,654.93,https://api.spdrgoldshares.com/api/v1/historical-archive?product=gld&exchange=NYSE&lang=en,2026-10-09
gld_holdings,2008-03-11,2008-03-12,652.48,https://api.spdrgoldshares.com/api/v1/historical-archive?product=gld&exchange=NYSE&lang=en,2026-10-09
gld_holdings,2008-03-12,2008-03-13,652.48,https://api.spdrgoldshares.com/api/v1/historical-archive?product=gld&exchange=NYSE&lang=en,2026-10-09
gld_holdings,2008-03-13,2008-03-14,652.48,https://api.spdrgoldshares.com/api/v1/historical-archive?product=gld&exchange=NYSE&lang=en,2026-10-09
gld_holdings,2008-03-14,2008-03-15,653.4,https://api.spdrgoldshares.com/api/v1/historical-archive?product=gld&exchange=NYSE&lang=en,2026-10-09
gld_holdings,2008-03-17,2008-03-18,663.83,https://api.spdrgoldshares.com/api/v1/historical-archive?product=gld&exchange=NYSE&lang=en,2026-10-09
gld_holdings,2008-03-18,2008-03-19,663.83,https://api.spdrgoldshares.com/api/v1/historical-archive?product=gld&exchange=NYSE&lang=en,2026-10-09
gld_holdings,2008-03-19,2008-03-20,648.79,https://api.spdrgoldshares.com/api/v1/historical-archive?product=gld&exchange=NYSE&lang=en,2026-10-09
gld_holdings,2008-03-20,2008-03-21,637.13,https://api.spdrgoldshares.com/api/v1/historical-archive?product=gld&exchange=NYSE&lang=en,2026-10-09
gld_holdings,2008-03-24,2008-03-25,634.06,https://api.spdrgoldshares.com/api/v1/historical-archive?product=gld&exchange=NYSE&lang=en,2026-10-09
gld_holdings,2008-03-25,2008-03-26,634.06,https://api.spdrgoldshares.com/api/v1/historical-archive?product=gld&exchange=NYSE&lang=en,2026-10-09
gld_holdings,2008-03-26,2008-03-27,634.06,https://api.spdrgoldshares.com/api/v1/historical-archive?product=gld&exchange=NYSE&lang=en,2026-10-09
gld_holdings,2008-03-27,2008-03-28,642.04,https://api.spdrgoldshares.com/api/v1/historical-archive?product=gld&exchange=NYSE&lang=en,2026-10-09
gld_holdings,2008-03-28,2008-03-29,642.04,https://api.spdrgoldshares.com/api/v1/historical-archive?product=gld&exchange=NYSE&lang=en,2026-10-09
gld_holdings,2008-03-31,2008-04-01,642.04,https://api.spdrgoldshares.com/api/v1/historical-archive?product=gld&exchange=NYSE&lang=en,2026-10-09
gld_holdings,2008-04-01,2008-04-02,642.04,https://api.spdrgoldshares.com/api/v1/historical-archive?product=gld&exchange=NYSE&lang=en,2026-10-09
gld_holdings,2008-04-02,2008-04-03,642.04,https://api.spdrgoldshares.com/api/v1/historical-archive?product=gld&exchange=NYSE&lang=en,2026-10-09
gld_holdings,2008-04-03,2008-04-04,642.04,https://api.spdrgoldshares.com/api/v1/historical-archive?product=gld&exchange=NYSE&lang=en,2026-10-09
gld_holdings,2008-04-04,2008-04-05,642.04,https://api.spdrgoldshares.com/api/v1/historical-archive?product=gld&exchange=NYSE&lang=en,2026-10-09
gld_holdings,2008-04-07,2008-04-08,642.04,https://api.spdrgoldshares.com/api/v1/historical-archive?product=gld&exchange=NYSE&lang=en,2026-10-09
gld_holdings,2008-04-08,2008-04-09,642.04,https://api.spdrgoldshares.com/api/v1/historical-archive?product=gld&exchange=NYSE&lang=en,2026-10-09
gld_holdings,2008-04-09,2008-04-10,641.82,https://api.spdrgoldshares.com/api/v1/historical-archive?product=gld&exchange=NYSE&lang=en,2026-10-09
gld_holdings,2008-04-10,2008-04-11,641.82,https://api.spdrgoldshares.com/api/v1/historical-archive?product=gld&exchange=NYSE&lang=en,2026-10-09
gld_holdings,2008-04-11,2008-04-12,641.82,https://api.spdrgoldshares.com/api/v1/historical-archive?product=gld&exchange=NYSE&lang=en,2026-10-09
gld_holdings,2008-04-14,2008-04-15,641.82,https://api.spdrgoldshares.com/api/v1/historical-archive?product=gld&exchange=NYSE&lang=en,2026-10-09
gld_holdings,2008-04-15,2008-04-16,641.82,https://api.spdrgoldshares.com/api/v1/historical-archive?product=gld&exchange=NYSE&lang=en,2026-10-09
gld_holdings,2008-04-16,2008-04-17,641.82,https://api.spdrgoldshares.com/api/v1/historical-archive?product=gld&exchange=NYSE&lang=en,2026-10-09
gld_holdings,2008-04-17,2008-04-18,641.82,https://api.spdrgoldshares.com/api/v1/historical-archive?product=gld&exchange=NYSE&lang=en,2026-10-09
gld_holdings,2008-04-18,2008-04-19,641.82,https://api.spdrgoldshares.com/api/v1/historical-archive?product=gld&exchange=NYSE&lang=en,2026-10-09
gld_holdings,2008-04-21,2008-04-22,641.82,https://api.spdrgoldshares.com/api/v1/historical-archive?product=gld&exchange=NYSE&lang=en,2026-10-09
gld_holdings,2008-04-22,2008-04-23,623.41,https://api.spdrgoldshares.com/api/v1/historical-archive?product=gld&exchange=NYSE&lang=en,2026-10-09
gld_holdings,2008-04-23,2008-04-24,611.75,https://api.spdrgoldshares.com/api/v1/historical-archive?product=gld&exchange=NYSE&lang=en,2026-10-09
gld_holdings,2008-04-24,2008-04-25,591.19,https://api.spdrgoldshares.com/api/v1/historical-archive?product=gld&exchange=NYSE&lang=en,2026-10-09
gld_holdings,2008-04-25,2008-04-26,591.19,https://api.spdrgoldshares.com/api/v1/historical-archive?product=gld&exchange=NYSE&lang=en,2026-10-09
gld_holdings,2008-04-28,2008-04-29,591.19,https://api.spdrgoldshares.com/api/v1/historical-archive?product=gld&exchange=NYSE&lang=en,2026-10-09
gld_holdings,2008-04-29,2008-04-30,580.45,https://api.spdrgoldshares.com/api/v1/historical-archive?product=gld&exchange=NYSE&lang=en,2026-10-09
gld_holdings,2008-04-30,2008-05-01,580.45,https://api.spdrgoldshares.com/api/v1/historical-archive?product=gld&exchange=NYSE&lang=en,2026-10-09
gld_holdings,2008-05-01,2008-05-02,580.45,https://api.spdrgoldshares.com/api/v1/historical-archive?product=gld&exchange=NYSE&lang=en,2026-10-09
gld_holdings,2008-05-02,2008-05-03,580.45,https://api.spdrgoldshares.com/api/v1/historical-archive?product=gld&exchange=NYSE&lang=en,2026-10-09
gld_holdings,2008-05-05,2008-05-06,580.45,https://api.spdrgoldshares.com/api/v1/historical-archive?product=gld&exchange=NYSE&lang=en,2026-10-09
gld_holdings,2008-05-06,2008-05-07,584.44,https://api.spdrgoldshares.com/api/v1/historical-archive?product=gld&exchange=NYSE&lang=en,2026-10-09
gld_holdings,2008-05-07,2008-05-08,590.57,https://api.spdrgoldshares.com/api/v1/historical-archive?product=gld&exchange=NYSE&lang=en,2026-10-09
gld_holdings,2008-05-08,2008-05-09,590.37,https://api.spdrgoldshares.com/api/v1/historical-archive?product=gld&exchange=NYSE&lang=en,2026-10-09
gld_holdings,2008-05-09,2008-05-10,590.37,https://api.spdrgoldshares.com/api/v1/historical-archive?product=gld&exchange=NYSE&lang=en,2026-10-09
gld_holdings,2008-05-12,2008-05-13,590.37,https://api.spdrgoldshares.com/api/v1/historical-archive?product=gld&exchange=NYSE&lang=en,2026-10-09
gld_holdings,2008-05-13,2008-05-14,590.37,https://api.spdrgoldshares.com/api/v1/historical-archive?product=gld&exchange=NYSE&lang=en,2026-10-09
gld_holdings,2008-05-14,2008-05-15,583.93,https://api.spdrgoldshares.com/api/v1/historical-archive?product=gld&exchange=NYSE&lang=en,2026-10-09
gld_holdings,2008-05-15,2008-05-16,583.93,https://api.spdrgoldshares.com/api/v1/historical-archive?product=gld&exchange=NYSE&lang=en,2026-10-09
gld_holdings,2008-05-16,2008-05-17,583.93,https://api.spdrgoldshares.com/api/v1/historical-archive?product=gld&exchange=NYSE&lang=en,2026-10-09
gld_holdings,2008-05-19,2008-05-20,583.93,https://api.spdrgoldshares.com/api/v1/historical-archive?product=gld&exchange=NYSE&lang=en,2026-10-09
gld_holdings,2008-05-20,2008-05-21,583.93,https://api.spdrgoldshares.com/api/v1/historical-archive?product=gld&exchange=NYSE&lang=en,2026-10-09
gld_holdings,2008-05-21,2008-05-22,583.93,https://api.spdrgoldshares.com/api/v1/historical-archive?product=gld&exchange=NYSE&lang=en,2026-10-09
gld_holdings,2008-05-22,2008-05-23,591.6,https://api.spdrgoldshares.com/api/v1/historical-archive?product=gld&exchange=NYSE&lang=en,2026-10-09
gld_holdings,2008-05-23,2008-05-24,591.6,https://api.spdrgoldshares.com/api/v1/historical-archive?product=gld&exchange=NYSE&lang=en,2026-10-09
gld_holdings,2008-05-27,2008-05-28,591.6,https://api.spdrgoldshares.com/api/v1/historical-archive?product=gld&exchange=NYSE&lang=en,2026-10-09
gld_holdings,2008-05-28,2008-05-29,591.6,https://api.spdrgoldshares.com/api/v1/historical-archive?product=gld&exchange=NYSE&lang=en,2026-10-09
gld_holdings,2008-05-29,2008-05-30,597.73,https://api.spdrgoldshares.com/api/v1/historical-archive?product=gld&exchange=NYSE&lang=en,2026-10-09
gld_holdings,2008-05-30,2008-05-31,597.73,https://api.spdrgoldshares.com/api/v1/historical-archive?product=gld&exchange=NYSE&lang=en,2026-10-09
gld_holdings,2008-06-02,2008-06-03,597.73,https://api.spdrgoldshares.com/api/v1/historical-archive?product=gld&exchange=NYSE&lang=en,2026-10-09
gld_holdings,2008-06-03,2008-06-04,597.73,https://api.spdrgoldshares.com/api/v1/historical-archive?product=gld&exchange=NYSE&lang=en,2026-10-09
gld_holdings,2008-06-04,2008-06-05,597.73,https://api.spdrgoldshares.com/api/v1/historical-archive?product=gld&exchange=NYSE&lang=en,2026-10-09
gld_holdings,2008-06-05,2008-06-06,597.73,https://api.spdrgoldshares.com/api/v1/historical-archive?product=gld&exchange=NYSE&lang=en,2026-10-09
gld_holdings,2008-06-06,2008-06-07,597.55,https://api.spdrgoldshares.com/api/v1/historical-archive?product=gld&exchange=NYSE&lang=en,2026-10-09
gld_holdings,2008-06-09,2008-06-10,597.55,https://api.spdrgoldshares.com/api/v1/historical-archive?product=gld&exchange=NYSE&lang=en,2026-10-09
gld_holdings,2008-06-10,2008-06-11,597.55,https://api.spdrgoldshares.com/api/v1/historical-archive?product=gld&exchange=NYSE&lang=en,2026-10-09
gld_holdings,2008-06-11,2008-06-12,597.55,https://api.spdrgoldshares.com/api/v1/historical-archive?product=gld&exchange=NYSE&lang=en,2026-10-09
gld_holdings,2008-06-12,2008-06-13,605.21,https://api.spdrgoldshares.com/api/v1/historical-archive?product=gld&exchange=NYSE&lang=en,2026-10-09
gld_holdings,2008-06-13,2008-06-14,605.21,https://api.spdrgoldshares.com/api/v1/historical-archive?product=gld&exchange=NYSE&lang=en,2026-10-09
gld_holdings,2008-06-16,2008-06-17,605.21,https://api.spdrgoldshares.com/api/v1/historical-archive?product=gld&exchange=NYSE&lang=en,2026-10-09
gld_holdings,2008-06-17,2008-06-18,617.48,https://api.spdrgoldshares.com/api/v1/historical-archive?product=gld&exchange=NYSE&lang=en,2026-10-09
gld_holdings,2008-06-18,2008-06-19,611.35,https://api.spdrgoldshares.com/api/v1/historical-archive?product=gld&exchange=NYSE&lang=en,2026-10-09
gld_holdings,2008-06-19,2008-06-20,614.41,https://api.spdrgoldshares.com/api/v1/historical-archive?product=gld&exchange=NYSE&lang=en,2026-10-09
gld_holdings,2008-06-20,2008-06-21,615.95,https://api.spdrgoldshares.com/api/v1/historical-archive?product=gld&exchange=NYSE&lang=en,2026-10-09
gld_holdings,2008-06-23,2008-06-24,628.21,https://api.spdrgoldshares.com/api/v1/historical-archive?product=gld&exchange=NYSE&lang=en,2026-10-09
gld_holdings,2008-06-24,2008-06-25,628.21,https://api.spdrgoldshares.com/api/v1/historical-archive?product=gld&exchange=NYSE&lang=en,2026-10-09
gld_holdings,2008-06-25,2008-06-26,628.21,https://api.spdrgoldshares.com/api/v1/historical-archive?product=gld&exchange=NYSE&lang=en,2026-10-09
gld_holdings,2008-06-26,2008-06-27,628.21,https://api.spdrgoldshares.com/api/v1/historical-archive?product=gld&exchange=NYSE&lang=en,2026-10-09
gld_holdings,2008-06-27,2008-06-28,644.16,https://api.spdrgoldshares.com/api/v1/historical-archive?product=gld&exchange=NYSE&lang=en,2026-10-09
gld_holdings,2008-06-30,2008-07-01,644.16,https://api.spdrgoldshares.com/api/v1/historical-archive?product=gld&exchange=NYSE&lang=en,2026-10-09
gld_holdings,2008-07-01,2008-07-02,644.16,https://api.spdrgoldshares.com/api/v1/historical-archive?product=gld&exchange=NYSE&lang=en,2026-10-09
gld_holdings,2008-07-02,2008-07-03,658.57,https://api.spdrgoldshares.com/api/v1/historical-archive?product=gld&exchange=NYSE&lang=en,2026-10-09
gld_holdings,2008-07-03,2008-07-04,658.38,https://api.spdrgoldshares.com/api/v1/historical-archive?product=gld&exchange=NYSE&lang=en,2026-10-09
gld_holdings,2008-07-07,2008-07-08,658.99,https://api.spdrgoldshares.com/api/v1/historical-archive?product=gld&exchange=NYSE&lang=en,2026-10-09
gld_holdings,2008-07-08,2008-07-09,658.99,https://api.spdrgoldshares.com/api/v1/historical-archive?product=gld&exchange=NYSE&lang=en,2026-10-09
gld_holdings,2008-07-09,2008-07-10,658.99,https://api.spdrgoldshares.com/api/v1/historical-archive?product=gld&exchange=NYSE&lang=en,2026-10-09
gld_holdings,2008-07-10,2008-07-11,659.91,https://api.spdrgoldshares.com/api/v1/historical-archive?product=gld&exchange=NYSE&lang=en,2026-10-09
gld_holdings,2008-07-11,2008-07-12,705.9,https://api.spdrgoldshares.com/api/v1/historical-archive?product=gld&exchange=NYSE&lang=en,2026-10-09
gld_holdings,2008-07-14,2008-07-15,701.91,https://api.spdrgoldshares.com/api/v1/historical-archive?product=gld&exchange=NYSE&lang=en,2026-10-09
gld_holdings,2008-07-15,2008-07-16,701.91,https://api.spdrgoldshares.com/api/v1/historical-archive?product=gld&exchange=NYSE&lang=en,2026-10-09
gld_holdings,2008-07-16,2008-07-17,701.91,https://api.spdrgoldshares.com/api/v1/historical-archive?product=gld&exchange=NYSE&lang=en,2026-10-09
gld_holdings,2008-07-17,2008-07-18,702.53,https://api.spdrgoldshares.com/api/v1/historical-archive?product=gld&exchange=NYSE&lang=en,2026-10-09
gld_holdings,2008-07-18,2008-07-19,702.53,https://api.spdrgoldshares.com/api/v1/historical-archive?product=gld&exchange=NYSE&lang=en,2026-10-09
gld_holdings,2008-07-21,2008-07-22,705.59,https://api.spdrgoldshares.com/api/v1/historical-archive?product=gld&exchange=NYSE&lang=en,2026-10-09
gld_holdings,2008-07-22,2008-07-23,690.26,https://api.spdrgoldshares.com/api/v1/historical-archive?product=gld&exchange=NYSE&lang=en,2026-10-09
gld_holdings,2008-07-23,2008-07-24,673.4,https://api.spdrgoldshares.com/api/v1/historical-archive?product=gld&exchange=NYSE&lang=en,2026-10-09
gld_holdings,2008-07-24,2008-07-25,673.4,https://api.spdrgoldshares.com/api/v1/historical-archive?product=gld&exchange=NYSE&lang=en,2026-10-09
gld_holdings,2008-07-25,2008-07-26,673.4,https://api.spdrgoldshares.com/api/v1/historical-archive?product=gld&exchange=NYSE&lang=en,2026-10-09
gld_holdings,2008-07-28,2008-07-29,673.4,https://api.spdrgoldshares.com/api/v1/historical-archive?product=gld&exchange=NYSE&lang=en,2026-10-09
gld_holdings,2008-07-29,2008-07-30,673.4,https://api.spdrgoldshares.com/api/v1/historical-archive?product=gld&exchange=NYSE&lang=en,2026-10-09
gld_holdings,2008-07-30,2008-07-31,673.4,https://api.spdrgoldshares.com/api/v1/historical-archive?product=gld&exchange=NYSE&lang=en,2026-10-09
gld_holdings,2008-07-31,2008-08-01,673.4,https://api.spdrgoldshares.com/api/v1/historical-archive?product=gld&exchange=NYSE&lang=en,2026-10-09
gld_holdings,2008-08-01,2008-08-02,674.02,https://api.spdrgoldshares.com/api/v1/historical-archive?product=gld&exchange=NYSE&lang=en,2026-10-09
gld_holdings,2008-08-04,2008-08-05,674.63,https://api.spdrgoldshares.com/api/v1/historical-archive?product=gld&exchange=NYSE&lang=en,2026-10-09
gld_holdings,2008-08-05,2008-08-06,659.31,https://api.spdrgoldshares.com/api/v1/historical-archive?product=gld&exchange=NYSE&lang=en,2026-10-09
gld_holdings,2008-08-06,2008-08-07,659.31,https://api.spdrgoldshares.com/api/v1/historical-archive?product=gld&exchange=NYSE&lang=en,2026-10-09
gld_holdings,2008-08-07,2008-08-08,659.31,https://api.spdrgoldshares.com/api/v1/historical-archive?product=gld&exchange=NYSE&lang=en,2026-10-09
gld_holdings,2008-08-08,2008-08-09,659.03,https://api.spdrgoldshares.com/api/v1/historical-archive?product=gld&exchange=NYSE&lang=en,2026-10-09
gld_holdings,2008-08-11,2008-08-12,659.03,https://api.spdrgoldshares.com/api/v1/historical-archive?product=gld&exchange=NYSE&lang=en,2026-10-09
gld_holdings,2008-08-12,2008-08-13,659.03,https://api.spdrgoldshares.com/api/v1/historical-archive?product=gld&exchange=NYSE&lang=en,2026-10-09
gld_holdings,2008-08-13,2008-08-14,659.03,https://api.spdrgoldshares.com/api/v1/historical-archive?product=gld&exchange=NYSE&lang=en,2026-10-09
gld_holdings,2008-08-14,2008-08-15,659.03,https://api.spdrgoldshares.com/api/v1/historical-archive?product=gld&exchange=NYSE&lang=en,2026-10-09
gld_holdings,2008-08-15,2008-08-16,659.03,https://api.spdrgoldshares.com/api/v1/historical-archive?product=gld&exchange=NYSE&lang=en,2026-10-09
gld_holdings,2008-08-18,2008-08-19,659.03,https://api.spdrgoldshares.com/api/v1/historical-archive?product=gld&exchange=NYSE&lang=en,2026-10-09
gld_holdings,2008-08-19,2008-08-20,651.37,https://api.spdrgoldshares.com/api/v1/historical-archive?product=gld&exchange=NYSE&lang=en,2026-10-09
gld_holdings,2008-08-20,2008-08-21,651.37,https://api.spdrgoldshares.com/api/v1/historical-archive?product=gld&exchange=NYSE&lang=en,2026-10-09
gld_holdings,2008-08-21,2008-08-22,651.37,https://api.spdrgoldshares.com/api/v1/historical-archive?product=gld&exchange=NYSE&lang=en,2026-10-09
gld_holdings,2008-08-22,2008-08-23,651.37,https://api.spdrgoldshares.com/api/v1/historical-archive?product=gld&exchange=NYSE&lang=en,2026-10-09
gld_holdings,2008-08-25,2008-08-26,651.37,https://api.spdrgoldshares.com/api/v1/historical-archive?product=gld&exchange=NYSE&lang=en,2026-10-09
gld_holdings,2008-08-26,2008-08-27,651.37,https://api.spdrgoldshares.com/api/v1/historical-archive?product=gld&exchange=NYSE&lang=en,2026-10-09
gld_holdings,2008-08-27,2008-08-28,651.37,https://api.spdrgoldshares.com/api/v1/historical-archive?product=gld&exchange=NYSE&lang=en,2026-10-09
gld_holdings,2008-08-28,2008-08-29,651.37,https://api.spdrgoldshares.com/api/v1/historical-archive?product=gld&exchange=NYSE&lang=en,2026-10-09
gld_holdings,2008-08-29,2008-08-30,651.37,https://api.spdrgoldshares.com/api/v1/historical-archive?product=gld&exchange=NYSE&lang=en,2026-10-09
gld_holdings,2008-09-02,2008-09-03,651.37,https://api.spdrgoldshares.com/api/v1/historical-archive?product=gld&exchange=NYSE&lang=en,2026-10-09
gld_holdings,2008-09-03,2008-09-04,642.18,https://api.spdrgoldshares.com/api/v1/historical-archive?product=gld&exchange=NYSE&lang=en,2026-10-09
gld_holdings,2008-09-04,2008-09-05,642.18,https://api.spdrgoldshares.com/api/v1/historical-archive?product=gld&exchange=NYSE&lang=en,2026-10-09
gld_holdings,2008-09-05,2008-09-06,642.18,https://api.spdrgoldshares.com/api/v1/historical-archive?product=gld&exchange=NYSE&lang=en,2026-10-09
gld_holdings,2008-09-08,2008-09-09,641.93,https://api.spdrgoldshares.com/api/v1/historical-archive?product=gld&exchange=NYSE&lang=en,2026-10-09
gld_holdings,2008-09-09,2008-09-10,631.2,https://api.spdrgoldshares.com/api/v1/historical-archive?product=gld&exchange=NYSE&lang=en,2026-10-09
gld_holdings,2008-09-10,2008-09-11,614.35,https://api.spdrgoldshares.com/api/v1/historical-archive?product=gld&exchange=NYSE&lang=en,2026-10-09
gld_holdings,2008-09-11,2008-09-12,614.35,https://api.spdrgoldshares.com/api/v1/historical-archive?product=gld&exchange=NYSE&lang=en,2026-10-09
gld_holdings,2008-09-12,2008-09-13,614.35,https://api.spdrgoldshares.com/api/v1/historical-archive?product=gld&exchange=NYSE&lang=en,2026-10-09
gld_holdings,2008-09-15,2008-09-16,614.35,https://api.spdrgoldshares.com/api/v1/historical-archive?product=gld&exchange=NYSE&lang=en,2026-10-09
gld_holdings,2008-09-16,2008-09-17,614.35,https://api.spdrgoldshares.com/api/v1/historical-archive?product=gld&exchange=NYSE&lang=en,2026-10-09
gld_holdings,2008-09-17,2008-09-18,650.81,https://api.spdrgoldshares.com/api/v1/historical-archive?product=gld&exchange=NYSE&lang=en,2026-10-09
gld_holdings,2008-09-18,2008-09-19,655.1,https://api.spdrgoldshares.com/api/v1/historical-archive?product=gld&exchange=NYSE&lang=en,2026-10-09
gld_holdings,2008-09-19,2008-09-20,679.6,https://api.spdrgoldshares.com/api/v1/historical-archive?product=gld&exchange=NYSE&lang=en,2026-10-09
gld_holdings,2008-09-22,2008-09-23,709.62,https://api.spdrgoldshares.com/api/v1/historical-archive?product=gld&exchange=NYSE&lang=en,2026-10-09
gld_holdings,2008-09-23,2008-09-24,724.94,https://api.spdrgoldshares.com/api/v1/historical-archive?product=gld&exchange=NYSE&lang=en,2026-10-09
gld_holdings,2008-09-24,2008-09-25,724.94,https://api.spdrgoldshares.com/api/v1/historical-archive?product=gld&exchange=NYSE&lang=en,2026-10-09
gld_holdings,2008-09-25,2008-09-26,723.71,https://api.spdrgoldshares.com/api/v1/historical-archive?product=gld&exchange=NYSE&lang=en,2026-10-09
gld_holdings,2008-09-26,2008-09-27,724.63,https://api.spdrgoldshares.com/api/v1/historical-archive?product=gld&exchange=NYSE&lang=en,2026-10-09
gld_holdings,2008-09-29,2008-09-30,752.2,https://api.spdrgoldshares.com/api/v1/historical-archive?product=gld&exchange=NYSE&lang=en,2026-10-09
gld_holdings,2008-09-30,2008-10-01,755.26,https://api.spdrgoldshares.com/api/v1/historical-archive?product=gld&exchange=NYSE&lang=en,2026-10-09
gld_holdings,2008-10-01,2008-10-02,755.26,https://api.spdrgoldshares.com/api/v1/historical-archive?product=gld&exchange=NYSE&lang=en,2026-10-09
gld_holdings,2008-10-02,2008-10-03,755.26,https://api.spdrgoldshares.com/api/v1/historical-archive?product=gld&exchange=NYSE&lang=en,2026-10-09
gld_holdings,2008-10-03,2008-10-04,739.95,https://api.spdrgoldshares.com/api/v1/historical-archive?product=gld&exchange=NYSE&lang=en,2026-10-09
gld_holdings,2008-10-06,2008-10-07,744.54,https://api.spdrgoldshares.com/api/v1/historical-archive?product=gld&exchange=NYSE&lang=en,2026-10-09
gld_holdings,2008-10-07,2008-10-08,745.22,https://api.spdrgoldshares.com/api/v1/historical-archive?product=gld&exchange=NYSE&lang=en,2026-10-09
gld_holdings,2008-10-08,2008-10-09,763.9,https://api.spdrgoldshares.com/api/v1/historical-archive?product=gld&exchange=NYSE&lang=en,2026-10-09
gld_holdings,2008-10-09,2008-10-10,765.74,https://api.spdrgoldshares.com/api/v1/historical-archive?product=gld&exchange=NYSE&lang=en,2026-10-09
gld_holdings,2008-10-10,2008-10-11,770.64,https://api.spdrgoldshares.com/api/v1/historical-archive?product=gld&exchange=NYSE&lang=en,2026-10-09
gld_holdings,2008-10-13,2008-10-14,770.64,https://api.spdrgoldshares.com/api/v1/historical-archive?product=gld&exchange=NYSE&lang=en,2026-10-09
gld_holdings,2008-10-14,2008-10-15,767.58,https://api.spdrgoldshares.com/api/v1/historical-archive?product=gld&exchange=NYSE&lang=en,2026-10-09
gld_holdings,2008-10-15,2008-10-16,767.58,https://api.spdrgoldshares.com/api/v1/historical-archive?product=gld&exchange=NYSE&lang=en,2026-10-09
gld_holdings,2008-10-16,2008-10-17,756.86,https://api.spdrgoldshares.com/api/v1/historical-archive?product=gld&exchange=NYSE&lang=en,2026-10-09
gld_holdings,2008-10-17,2008-10-18,756.86,https://api.spdrgoldshares.com/api/v1/historical-archive?product=gld&exchange=NYSE&lang=en,2026-10-09
gld_holdings,2008-10-20,2008-10-21,756.25,https://api.spdrgoldshares.com/api/v1/historical-archive?product=gld&exchange=NYSE&lang=en,2026-10-09
gld_holdings,2008-10-21,2008-10-22,755.64,https://api.spdrgoldshares.com/api/v1/historical-archive?product=gld&exchange=NYSE&lang=en,2026-10-09
gld_holdings,2008-10-22,2008-10-23,755.64,https://api.spdrgoldshares.com/api/v1/historical-archive?product=gld&exchange=NYSE&lang=en,2026-10-09
gld_holdings,2008-10-23,2008-10-24,747.06,https://api.spdrgoldshares.com/api/v1/historical-archive?product=gld&exchange=NYSE&lang=en,2026-10-09
gld_holdings,2008-10-24,2008-10-25,747.06,https://api.spdrgoldshares.com/api/v1/historical-archive?product=gld&exchange=NYSE&lang=en,2026-10-09
gld_holdings,2008-10-27,2008-10-28,749.21,https://api.spdrgoldshares.com/api/v1/historical-archive?product=gld&exchange=NYSE&lang=en,2026-10-09
gld_holdings,2008-10-28,2008-10-29,749.21,https://api.spdrgoldshares.com/api/v1/historical-archive?product=gld&exchange=NYSE&lang=en,2026-10-09
gld_holdings,2008-10-29,2008-10-30,749.21,https://api.spdrgoldshares.com/api/v1/historical-archive?product=gld&exchange=NYSE&lang=en,2026-10-09
gld_holdings,2008-10-30,2008-10-31,749.21,https://api.spdrgoldshares.com/api/v1/historical-archive?product=gld&exchange=NYSE&lang=en,2026-10-09
gld_holdings,2008-10-31,2008-11-01,749.21,https://api.spdrgoldshares.com/api/v1/historical-archive?product=gld&exchange=NYSE&lang=en,2026-10-09
gld_holdings,2008-11-03,2008-11-04,749.21,https://api.spdrgoldshares.com/api/v1/historical-archive?product=gld&exchange=NYSE&lang=en,2026-10-09
gld_holdings,2008-11-04,2008-11-05,749.21,https://api.spdrgoldshares.com/api/v1/historical-archive?product=gld&exchange=NYSE&lang=en,2026-10-09
gld_holdings,2008-11-05,2008-11-06,749.21,https://api.spdrgoldshares.com/api/v1/historical-archive?product=gld&exchange=NYSE&lang=en,2026-10-09
gld_holdings,2008-11-06,2008-11-07,749.21,https://api.spdrgoldshares.com/api/v1/historical-archive?product=gld&exchange=NYSE&lang=en,2026-10-09
gld_holdings,2008-11-07,2008-11-08,749.21,https://api.spdrgoldshares.com/api/v1/historical-archive?product=gld&exchange=NYSE&lang=en,2026-10-09
gld_holdings,2008-11-10,2008-11-11,749.21,https://api.spdrgoldshares.com/api/v1/historical-archive?product=gld&exchange=NYSE&lang=en,2026-10-09
gld_holdings,2008-11-11,2008-11-12,749.21,https://api.spdrgoldshares.com/api/v1/historical-archive?product=gld&exchange=NYSE&lang=en,2026-10-09
gld_holdings,2008-11-12,2008-11-13,748.94,https://api.spdrgoldshares.com/api/v1/historical-archive?product=gld&exchange=NYSE&lang=en,2026-10-09
gld_holdings,2008-11-13,2008-11-14,748.94,https://api.spdrgoldshares.com/api/v1/historical-archive?product=gld&exchange=NYSE&lang=en,2026-10-09
gld_holdings,2008-11-14,2008-11-15,748.94,https://api.spdrgoldshares.com/api/v1/historical-archive?product=gld&exchange=NYSE&lang=en,2026-10-09
gld_holdings,2008-11-17,2008-11-18,748.94,https://api.spdrgoldshares.com/api/v1/historical-archive?product=gld&exchange=NYSE&lang=en,2026-10-09
gld_holdings,2008-11-18,2008-11-19,748.94,https://api.spdrgoldshares.com/api/v1/historical-archive?product=gld&exchange=NYSE&lang=en,2026-10-09
gld_holdings,2008-11-19,2008-11-20,752.0,https://api.spdrgoldshares.com/api/v1/historical-archive?product=gld&exchange=NYSE&lang=en,2026-10-09
gld_holdings,2008-11-20,2008-11-21,752.0,https://api.spdrgoldshares.com/api/v1/historical-archive?product=gld&exchange=NYSE&lang=en,2026-10-09
gld_holdings,2008-11-21,2008-11-22,755.06,https://api.spdrgoldshares.com/api/v1/historical-archive?product=gld&exchange=NYSE&lang=en,2026-10-09
gld_holdings,2008-11-24,2008-11-25,755.06,https://api.spdrgoldshares.com/api/v1/historical-archive?product=gld&exchange=NYSE&lang=en,2026-10-09
gld_holdings,2008-11-25,2008-11-26,755.06,https://api.spdrgoldshares.com/api/v1/historical-archive?product=gld&exchange=NYSE&lang=en,2026-10-09
gld_holdings,2008-11-26,2008-11-27,758.12,https://api.spdrgoldshares.com/api/v1/historical-archive?product=gld&exchange=NYSE&lang=en,2026-10-09
gld_holdings,2008-11-28,2008-11-29,758.12,https://api.spdrgoldshares.com/api/v1/historical-archive?product=gld&exchange=NYSE&lang=en,2026-10-09
gld_holdings,2008-12-01,2008-12-02,758.12,https://api.spdrgoldshares.com/api/v1/historical-archive?product=gld&exchange=NYSE&lang=en,2026-10-09
gld_holdings,2008-12-02,2008-12-03,758.12,https://api.spdrgoldshares.com/api/v1/historical-archive?product=gld&exchange=NYSE&lang=en,2026-10-09
gld_holdings,2008-12-03,2008-12-04,758.12,https://api.spdrgoldshares.com/api/v1/historical-archive?product=gld&exchange=NYSE&lang=en,2026-10-09
gld_holdings,2008-12-04,2008-12-05,757.89,https://api.spdrgoldshares.com/api/v1/historical-archive?product=gld&exchange=NYSE&lang=en,2026-10-09
gld_holdings,2008-12-05,2008-12-06,757.89,https://api.spdrgoldshares.com/api/v1/historical-archive?product=gld&exchange=NYSE&lang=en,2026-10-09
gld_holdings,2008-12-08,2008-12-09,757.89,https://api.spdrgoldshares.com/api/v1/historical-archive?product=gld&exchange=NYSE&lang=en,2026-10-09
gld_holdings,2008-12-09,2008-12-10,757.89,https://api.spdrgoldshares.com/api/v1/historical-archive?product=gld&exchange=NYSE&lang=en,2026-10-09
gld_holdings,2008-12-10,2008-12-11,757.89,https://api.spdrgoldshares.com/api/v1/historical-archive?product=gld&exchange=NYSE&lang=en,2026-10-09
gld_holdings,2008-12-11,2008-12-12,762.17,https://api.spdrgoldshares.com/api/v1/historical-archive?product=gld&exchange=NYSE&lang=en,2026-10-09
gld_holdings,2008-12-12,2008-12-13,762.17,https://api.spdrgoldshares.com/api/v1/historical-archive?product=gld&exchange=NYSE&lang=en,2026-10-09
gld_holdings,2008-12-15,2008-12-16,765.23,https://api.spdrgoldshares.com/api/v1/historical-archive?product=gld&exchange=NYSE&lang=en,2026-10-09
gld_holdings,2008-12-16,2008-12-17,769.21,https://api.spdrgoldshares.com/api/v1/historical-archive?product=gld&exchange=NYSE&lang=en,2026-10-09
gld_holdings,2008-12-17,2008-12-18,775.33,https://api.spdrgoldshares.com/api/v1/historical-archive?product=gld&exchange=NYSE&lang=en,2026-10-09
gld_holdings,2008-12-18,2008-12-19,775.33,https://api.spdrgoldshares.com/api/v1/historical-archive?product=gld&exchange=NYSE&lang=en,2026-10-09
gld_holdings,2008-12-19,2008-12-20,775.33,https://api.spdrgoldshares.com/api/v1/historical-archive?product=gld&exchange=NYSE&lang=en,2026-10-09
gld_holdings,2008-12-22,2008-12-23,775.33,https://api.spdrgoldshares.com/api/v1/historical-archive?product=gld&exchange=NYSE&lang=en,2026-10-09
gld_holdings,2008-12-23,2008-12-24,775.33,https://api.spdrgoldshares.com/api/v1/historical-archive?product=gld&exchange=NYSE&lang=en,2026-10-09
gld_holdings,2008-12-24,2008-12-25,775.33,https://api.spdrgoldshares.com/api/v1/historical-archive?product=gld&exchange=NYSE&lang=en,2026-10-09
gld_holdings,2008-12-26,2008-12-27,775.33,https://api.spdrgoldshares.com/api/v1/historical-archive?product=gld&exchange=NYSE&lang=en,2026-10-09
gld_holdings,2008-12-29,2008-12-30,780.23,https://api.spdrgoldshares.com/api/v1/historical-archive?product=gld&exchange=NYSE&lang=en,2026-10-09
gld_holdings,2008-12-30,2008-12-31,780.23,https://api.spdrgoldshares.com/api/v1/historical-archive?product=gld&exchange=NYSE&lang=en,2026-10-09
gld_holdings,2008-12-31,2009-01-01,780.23,https://api.spdrgoldshares.com/api/v1/historical-archive?product=gld&exchange=NYSE&lang=en,2026-10-09
gld_holdings,2009-01-02,2009-01-03,780.23,https://api.spdrgoldshares.com/api/v1/historical-archive?product=gld&exchange=NYSE&lang=en,2026-10-09
gld_holdings,2009-01-05,2009-01-06,780.23,https://api.spdrgoldshares.com/api/v1/historical-archive?product=gld&exchange=NYSE&lang=en,2026-10-09
gld_holdings,2009-01-06,2009-01-07,787.88,https://api.spdrgoldshares.com/api/v1/historical-archive?product=gld&exchange=NYSE&lang=en,2026-10-09
gld_holdings,2009-01-07,2009-01-08,787.88,https://api.spdrgoldshares.com/api/v1/historical-archive?product=gld&exchange=NYSE&lang=en,2026-10-09
gld_holdings,2009-01-08,2009-01-09,787.6,https://api.spdrgoldshares.com/api/v1/historical-archive?product=gld&exchange=NYSE&lang=en,2026-10-09
gld_holdings,2009-01-09,2009-01-10,787.6,https://api.spdrgoldshares.com/api/v1/historical-archive?product=gld&exchange=NYSE&lang=en,2026-10-09
gld_holdings,2009-01-12,2009-01-13,787.6,https://api.spdrgoldshares.com/api/v1/historical-archive?product=gld&exchange=NYSE&lang=en,2026-10-09
gld_holdings,2009-01-13,2009-01-14,787.6,https://api.spdrgoldshares.com/api/v1/historical-archive?product=gld&exchange=NYSE&lang=en,2026-10-09
gld_holdings,2009-01-14,2009-01-15,790.66,https://api.spdrgoldshares.com/api/v1/historical-archive?product=gld&exchange=NYSE&lang=en,2026-10-09
gld_holdings,2009-01-15,2009-01-16,795.25,https://api.spdrgoldshares.com/api/v1/historical-archive?product=gld&exchange=NYSE&lang=en,2026-10-09
gld_holdings,2009-01-16,2009-01-17,795.25,https://api.spdrgoldshares.com/api/v1/historical-archive?product=gld&exchange=NYSE&lang=en,2026-10-09
gld_holdings,2009-01-20,2009-01-21,802.9,https://api.spdrgoldshares.com/api/v1/historical-archive?product=gld&exchange=NYSE&lang=en,2026-10-09
gld_holdings,2009-01-21,2009-01-22,805.96,https://api.spdrgoldshares.com/api/v1/historical-archive?product=gld&exchange=NYSE&lang=en,2026-10-09
gld_holdings,2009-01-22,2009-01-23,819.11,https://api.spdrgoldshares.com/api/v1/historical-archive?product=gld&exchange=NYSE&lang=en,2026-10-09
gld_holdings,2009-01-23,2009-01-24,832.57,https://api.spdrgoldshares.com/api/v1/historical-archive?product=gld&exchange=NYSE&lang=en,2026-10-09
gld_holdings,2009-01-26,2009-01-27,832.88,https://api.spdrgoldshares.com/api/v1/historical-archive?product=gld&exchange=NYSE&lang=en,2026-10-09
gld_holdings,2009-01-27,2009-01-28,832.88,https://api.spdrgoldshares.com/api/v1/historical-archive?product=gld&exchange=NYSE&lang=en,2026-10-09
gld_holdings,2009-01-28,2009-01-29,832.88,https://api.spdrgoldshares.com/api/v1/historical-archive?product=gld&exchange=NYSE&lang=en,2026-10-09
gld_holdings,2009-01-29,2009-01-30,843.59,https://api.spdrgoldshares.com/api/v1/historical-archive?product=gld&exchange=NYSE&lang=en,2026-10-09
gld_holdings,2009-01-30,2009-01-31,843.59,https://api.spdrgoldshares.com/api/v1/historical-archive?product=gld&exchange=NYSE&lang=en,2026-10-09
gld_holdings,2009-02-02,2009-02-03,853.37,https://api.spdrgoldshares.com/api/v1/historical-archive?product=gld&exchange=NYSE&lang=en,2026-10-09
gld_holdings,2009-02-03,2009-02-04,853.37,https://api.spdrgoldshares.com/api/v1/historical-archive?product=gld&exchange=NYSE&lang=en,2026-10-09
gld_holdings,2009-02-04,2009-02-05,859.49,https://api.spdrgoldshares.com/api/v1/historical-archive?product=gld&exchange=NYSE&lang=en,2026-10-09
gld_holdings,2009-02-05,2009-02-06,867.19,https://api.spdrgoldshares.com/api/v1/historical-archive?product=gld&exchange=NYSE&lang=en,2026-10-09
gld_holdings,2009-02-06,2009-02-07,867.19,https://api.spdrgoldshares.com/api/v1/historical-archive?product=gld&exchange=NYSE&lang=en,2026-10-09
gld_holdings,2009-02-09,2009-02-10,881.87,https://api.spdrgoldshares.com/api/v1/historical-archive?product=gld&exchange=NYSE&lang=en,2026-10-09
gld_holdings,2009-02-10,2009-02-11,894.72,https://api.spdrgoldshares.com/api/v1/historical-archive?product=gld&exchange=NYSE&lang=en,2026-10-09
gld_holdings,2009-02-11,2009-02-12,935.09,https://api.spdrgoldshares.com/api/v1/historical-archive?product=gld&exchange=NYSE&lang=en,2026-10-09
gld_holdings,2009-02-12,2009-02-13,970.57,https://api.spdrgoldshares.com/api/v1/historical-archive?product=gld&exchange=NYSE&lang=en,2026-10-09
gld_holdings,2009-02-13,2009-02-14,985.86,https://api.spdrgoldshares.com/api/v1/historical-archive?product=gld&exchange=NYSE&lang=en,2026-10-09
gld_holdings,2009-02-17,2009-02-18,1008.8,https://api.spdrgoldshares.com/api/v1/historical-archive?product=gld&exchange=NYSE&lang=en,2026-10-09
gld_holdings,2009-02-18,2009-02-19,1024.09,https://api.spdrgoldshares.com/api/v1/historical-archive?product=gld&exchange=NYSE&lang=en,2026-10-09
gld_holdings,2009-02-19,2009-02-20,1028.98,https://api.spdrgoldshares.com/api/v1/historical-archive?product=gld&exchange=NYSE&lang=en,2026-10-09
gld_holdings,2009-02-20,2009-02-21,1028.98,https://api.spdrgoldshares.com/api/v1/historical-archive?product=gld&exchange=NYSE&lang=en,2026-10-09
gld_holdings,2009-02-23,2009-02-24,1028.98,https://api.spdrgoldshares.com/api/v1/historical-archive?product=gld&exchange=NYSE&lang=en,2026-10-09
gld_holdings,2009-02-24,2009-02-25,1028.98,https://api.spdrgoldshares.com/api/v1/historical-archive?product=gld&exchange=NYSE&lang=en,2026-10-09
gld_holdings,2009-02-25,2009-02-26,1028.98,https://api.spdrgoldshares.com/api/v1/historical-archive?product=gld&exchange=NYSE&lang=en,2026-10-09
gld_holdings,2009-02-26,2009-02-27,1029.29,https://api.spdrgoldshares.com/api/v1/historical-archive?product=gld&exchange=NYSE&lang=en,2026-10-09
gld_holdings,2009-02-27,2009-02-28,1029.29,https://api.spdrgoldshares.com/api/v1/historical-archive?product=gld&exchange=NYSE&lang=en,2026-10-09
gld_holdings,2009-03-02,2009-03-03,1029.29,https://api.spdrgoldshares.com/api/v1/historical-archive?product=gld&exchange=NYSE&lang=en,2026-10-09
gld_holdings,2009-03-03,2009-03-04,1029.29,https://api.spdrgoldshares.com/api/v1/historical-archive?product=gld&exchange=NYSE&lang=en,2026-10-09
gld_holdings,2009-03-04,2009-03-05,1029.29,https://api.spdrgoldshares.com/api/v1/historical-archive?product=gld&exchange=NYSE&lang=en,2026-10-09
gld_holdings,2009-03-05,2009-03-06,1029.29,https://api.spdrgoldshares.com/api/v1/historical-archive?product=gld&exchange=NYSE&lang=en,2026-10-09
gld_holdings,2009-03-06,2009-03-07,1028.99,https://api.spdrgoldshares.com/api/v1/historical-archive?product=gld&exchange=NYSE&lang=en,2026-10-09
gld_holdings,2009-03-09,2009-03-10,1028.99,https://api.spdrgoldshares.com/api/v1/historical-archive?product=gld&exchange=NYSE&lang=en,2026-10-09
gld_holdings,2009-03-10,2009-03-11,1028.99,https://api.spdrgoldshares.com/api/v1/historical-archive?product=gld&exchange=NYSE&lang=en,2026-10-09
gld_holdings,2009-03-11,2009-03-12,1038.17,https://api.spdrgoldshares.com/api/v1/historical-archive?product=gld&exchange=NYSE&lang=en,2026-10-09
gld_holdings,2009-03-12,2009-03-13,1041.53,https://api.spdrgoldshares.com/api/v1/historical-archive?product=gld&exchange=NYSE&lang=en,2026-10-09
gld_holdings,2009-03-13,2009-03-14,1056.82,https://api.spdrgoldshares.com/api/v1/historical-archive?product=gld&exchange=NYSE&lang=en,2026-10-09
gld_holdings,2009-03-16,2009-03-17,1069.05,https://api.spdrgoldshares.com/api/v1/historical-archive?product=gld&exchange=NYSE&lang=en,2026-10-09
gld_holdings,2009-03-17,2009-03-18,1069.05,https://api.spdrgoldshares.com/api/v1/historical-archive?product=gld&exchange=NYSE&lang=en,2026-10-09
gld_holdings,2009-03-18,2009-03-19,1084.33,https://api.spdrgoldshares.com/api/v1/historical-archive?product=gld&exchange=NYSE&lang=en,2026-10-09
gld_holdings,2009-03-19,2009-03-20,1103.29,https://api.spdrgoldshares.com/api/v1/historical-archive?product=gld&exchange=NYSE&lang=en,2026-10-09
gld_holdings,2009-03-20,2009-03-21,1114.6,https://api.spdrgoldshares.com/api/v1/historical-archive?product=gld&exchange=NYSE&lang=en,2026-10-09
gld_holdings,2009-03-23,2009-03-24,1114.29,https://api.spdrgoldshares.com/api/v1/historical-archive?product=gld&exchange=NYSE&lang=en,2026-10-09
gld_holdings,2009-03-24,2009-03-25,1124.99,https://api.spdrgoldshares.com/api/v1/historical-archive?product=gld&exchange=NYSE&lang=en,2026-10-09
gld_holdings,2009-03-25,2009-03-26,1124.99,https://api.spdrgoldshares.com/api/v1/historical-archive?product=gld&exchange=NYSE&lang=en,2026-10-09
gld_holdings,2009-03-26,2009-03-27,1124.99,https://api.spdrgoldshares.com/api/v1/historical-archive?product=gld&exchange=NYSE&lang=en,2026-10-09
gld_holdings,2009-03-27,2009-03-28,1127.44,https://api.spdrgoldshares.com/api/v1/historical-archive?product=gld&exchange=NYSE&lang=en,2026-10-09
gld_holdings,2009-03-30,2009-03-31,1127.44,https://api.spdrgoldshares.com/api/v1/historical-archive?product=gld&exchange=NYSE&lang=en,2026-10-09
gld_holdings,2009-03-31,2009-04-01,1127.44,https://api.spdrgoldshares.com/api/v1/historical-archive?product=gld&exchange=NYSE&lang=en,2026-10-09
gld_holdings,2009-04-01,2009-04-02,1127.44,https://api.spdrgoldshares.com/api/v1/historical-archive?product=gld&exchange=NYSE&lang=en,2026-10-09
gld_holdings,2009-04-02,2009-04-03,1127.44,https://api.spdrgoldshares.com/api/v1/historical-archive?product=gld&exchange=NYSE&lang=en,2026-10-09
gld_holdings,2009-04-03,2009-04-04,1127.37,https://api.spdrgoldshares.com/api/v1/historical-archive?product=gld&exchange=NYSE&lang=en,2026-10-09
gld_holdings,2009-04-06,2009-04-07,1127.37,https://api.spdrgoldshares.com/api/v1/historical-archive?product=gld&exchange=NYSE&lang=en,2026-10-09
gld_holdings,2009-04-07,2009-04-08,1127.37,https://api.spdrgoldshares.com/api/v1/historical-archive?product=gld&exchange=NYSE&lang=en,2026-10-09
gld_holdings,2009-04-08,2009-04-09,1127.37,https://api.spdrgoldshares.com/api/v1/historical-archive?product=gld&exchange=NYSE&lang=en,2026-10-09
gld_holdings,2009-04-09,2009-04-10,1127.68,https://api.spdrgoldshares.com/api/v1/historical-archive?product=gld&exchange=NYSE&lang=en,2026-10-09
gld_holdings,2009-04-13,2009-04-14,1127.68,https://api.spdrgoldshares.com/api/v1/historical-archive?product=gld&exchange=NYSE&lang=en,2026-10-09
gld_holdings,2009-04-14,2009-04-15,1127.68,https://api.spdrgoldshares.com/api/v1/historical-archive?product=gld&exchange=NYSE&lang=en,2026-10-09
gld_holdings,2009-04-15,2009-04-16,1127.68,https://api.spdrgoldshares.com/api/v1/historical-archive?product=gld&exchange=NYSE&lang=en,2026-10-09
gld_holdings,2009-04-16,2009-04-17,1119.43,https://api.spdrgoldshares.com/api/v1/historical-archive?product=gld&exchange=NYSE&lang=en,2026-10-09
gld_holdings,2009-04-17,2009-04-18,1105.98,https://api.spdrgoldshares.com/api/v1/historical-archive?product=gld&exchange=NYSE&lang=en,2026-10-09
gld_holdings,2009-04-20,2009-04-21,1105.98,https://api.spdrgoldshares.com/api/v1/historical-archive?product=gld&exchange=NYSE&lang=en,2026-10-09
gld_holdings,2009-04-21,2009-04-22,1105.98,https://api.spdrgoldshares.com/api/v1/historical-archive?product=gld&exchange=NYSE&lang=en,2026-10-09
gld_holdings,2009-04-22,2009-04-23,1105.98,https://api.spdrgoldshares.com/api/v1/historical-archive?product=gld&exchange=NYSE&lang=en,2026-10-09
gld_holdings,2009-04-23,2009-04-24,1104.45,https://api.spdrgoldshares.com/api/v1/historical-archive?product=gld&exchange=NYSE&lang=en,2026-10-09
gld_holdings,2009-04-24,2009-04-25,1104.45,https://api.spdrgoldshares.com/api/v1/historical-archive?product=gld&exchange=NYSE&lang=en,2026-10-09
gld_holdings,2009-04-27,2009-04-28,1104.45,https://api.spdrgoldshares.com/api/v1/historical-archive?product=gld&exchange=NYSE&lang=en,2026-10-09
gld_holdings,2009-04-28,2009-04-29,1104.45,https://api.spdrgoldshares.com/api/v1/historical-archive?product=gld&exchange=NYSE&lang=en,2026-10-09
gld_holdings,2009-04-29,2009-04-30,1104.45,https://api.spdrgoldshares.com/api/v1/historical-archive?product=gld&exchange=NYSE&lang=en,2026-10-09
gld_holdings,2009-04-30,2009-05-01,1104.45,https://api.spdrgoldshares.com/api/v1/historical-archive?product=gld&exchange=NYSE&lang=en,2026-10-09
gld_holdings,2009-05-01,2009-05-02,1104.45,https://api.spdrgoldshares.com/api/v1/historical-archive?product=gld&exchange=NYSE&lang=en,2026-10-09
gld_holdings,2009-05-04,2009-05-05,1104.45,https://api.spdrgoldshares.com/api/v1/historical-archive?product=gld&exchange=NYSE&lang=en,2026-10-09
gld_holdings,2009-05-05,2009-05-06,1104.45,https://api.spdrgoldshares.com/api/v1/historical-archive?product=gld&exchange=NYSE&lang=en,2026-10-09
gld_holdings,2009-05-06,2009-05-07,1104.09,https://api.spdrgoldshares.com/api/v1/historical-archive?product=gld&exchange=NYSE&lang=en,2026-10-09
gld_holdings,2009-05-07,2009-05-08,1104.09,https://api.spdrgoldshares.com/api/v1/historical-archive?product=gld&exchange=NYSE&lang=en,2026-10-09
gld_holdings,2009-05-08,2009-05-09,1104.09,https://api.spdrgoldshares.com/api/v1/historical-archive?product=gld&exchange=NYSE&lang=en,2026-10-09
gld_holdings,2009-05-11,2009-05-12,1104.09,https://api.spdrgoldshares.com/api/v1/historical-archive?product=gld&exchange=NYSE&lang=en,2026-10-09
gld_holdings,2009-05-12,2009-05-13,1104.09,https://api.spdrgoldshares.com/api/v1/historical-archive?product=gld&exchange=NYSE&lang=en,2026-10-09
gld_holdings,2009-05-13,2009-05-14,1105.62,https://api.spdrgoldshares.com/api/v1/historical-archive?product=gld&exchange=NYSE&lang=en,2026-10-09
gld_holdings,2009-05-14,2009-05-15,1105.62,https://api.spdrgoldshares.com/api/v1/historical-archive?product=gld&exchange=NYSE&lang=en,2026-10-09
gld_holdings,2009-05-15,2009-05-16,1105.62,https://api.spdrgoldshares.com/api/v1/historical-archive?product=gld&exchange=NYSE&lang=en,2026-10-09
gld_holdings,2009-05-18,2009-05-19,1105.62,https://api.spdrgoldshares.com/api/v1/historical-archive?product=gld&exchange=NYSE&lang=en,2026-10-09
gld_holdings,2009-05-19,2009-05-20,1105.62,https://api.spdrgoldshares.com/api/v1/historical-archive?product=gld&exchange=NYSE&lang=en,2026-10-09
gld_holdings,2009-05-20,2009-05-21,1105.62,https://api.spdrgoldshares.com/api/v1/historical-archive?product=gld&exchange=NYSE&lang=en,2026-10-09
gld_holdings,2009-05-21,2009-05-22,1105.62,https://api.spdrgoldshares.com/api/v1/historical-archive?product=gld&exchange=NYSE&lang=en,2026-10-09
gld_holdings,2009-05-22,2009-05-23,1118.76,https://api.spdrgoldshares.com/api/v1/historical-archive?product=gld&exchange=NYSE&lang=en,2026-10-09
gld_holdings,2009-05-26,2009-05-27,1118.76,https://api.spdrgoldshares.com/api/v1/historical-archive?product=gld&exchange=NYSE&lang=en,2026-10-09
gld_holdings,2009-05-27,2009-05-28,1118.76,https://api.spdrgoldshares.com/api/v1/historical-archive?product=gld&exchange=NYSE&lang=en,2026-10-09
gld_holdings,2009-05-28,2009-05-29,1118.76,https://api.spdrgoldshares.com/api/v1/historical-archive?product=gld&exchange=NYSE&lang=en,2026-10-09
gld_holdings,2009-05-29,2009-05-30,1118.76,https://api.spdrgoldshares.com/api/v1/historical-archive?product=gld&exchange=NYSE&lang=en,2026-10-09
gld_holdings,2009-06-01,2009-06-02,1134.03,https://api.spdrgoldshares.com/api/v1/historical-archive?product=gld&exchange=NYSE&lang=en,2026-10-09
gld_holdings,2009-06-02,2009-06-03,1134.03,https://api.spdrgoldshares.com/api/v1/historical-archive?product=gld&exchange=NYSE&lang=en,2026-10-09
gld_holdings,2009-06-03,2009-06-04,1132.5,https://api.spdrgoldshares.com/api/v1/historical-archive?product=gld&exchange=NYSE&lang=en,2026-10-09
gld_holdings,2009-06-04,2009-06-05,1132.5,https://api.spdrgoldshares.com/api/v1/historical-archive?product=gld&exchange=NYSE&lang=en,2026-10-09
gld_holdings,2009-06-05,2009-06-06,1132.15,https://api.spdrgoldshares.com/api/v1/historical-archive?product=gld&exchange=NYSE&lang=en,2026-10-09
gld_holdings,2009-06-08,2009-06-09,1132.15,https://api.spdrgoldshares.com/api/v1/historical-archive?product=gld&exchange=NYSE&lang=en,2026-10-09
gld_holdings,2009-06-09,2009-06-10,1132.15,https://api.spdrgoldshares.com/api/v1/historical-archive?product=gld&exchange=NYSE&lang=en,2026-10-09
gld_holdings,2009-06-10,2009-06-11,1132.15,https://api.spdrgoldshares.com/api/v1/historical-archive?product=gld&exchange=NYSE&lang=en,2026-10-09
gld_holdings,2009-06-11,2009-06-12,1132.15,https://api.spdrgoldshares.com/api/v1/historical-archive?product=gld&exchange=NYSE&lang=en,2026-10-09
gld_holdings,2009-06-12,2009-06-13,1132.15,https://api.spdrgoldshares.com/api/v1/historical-archive?product=gld&exchange=NYSE&lang=en,2026-10-09
gld_holdings,2009-06-15,2009-06-16,1132.15,https://api.spdrgoldshares.com/api/v1/historical-archive?product=gld&exchange=NYSE&lang=en,2026-10-09
gld_holdings,2009-06-16,2009-06-17,1132.15,https://api.spdrgoldshares.com/api/v1/historical-archive?product=gld&exchange=NYSE&lang=en,2026-10-09
gld_holdings,2009-06-17,2009-06-18,1132.15,https://api.spdrgoldshares.com/api/v1/historical-archive?product=gld&exchange=NYSE&lang=en,2026-10-09
gld_holdings,2009-06-18,2009-06-19,1132.15,https://api.spdrgoldshares.com/api/v1/historical-archive?product=gld&exchange=NYSE&lang=en,2026-10-09
gld_holdings,2009-06-19,2009-06-20,1132.15,https://api.spdrgoldshares.com/api/v1/historical-archive?product=gld&exchange=NYSE&lang=en,2026-10-09
gld_holdings,2009-06-22,2009-06-23,1131.24,https://api.spdrgoldshares.com/api/v1/historical-archive?product=gld&exchange=NYSE&lang=en,2026-10-09
gld_holdings,2009-06-23,2009-06-24,1131.24,https://api.spdrgoldshares.com/api/v1/historical-archive?product=gld&exchange=NYSE&lang=en,2026-10-09
gld_holdings,2009-06-24,2009-06-25,1131.24,https://api.spdrgoldshares.com/api/v1/historical-archive?product=gld&exchange=NYSE&lang=en,2026-10-09
gld_holdings,2009-06-25,2009-06-26,1125.74,https://api.spdrgoldshares.com/api/v1/historical-archive?product=gld&exchange=NYSE&lang=en,2026-10-09
gld_holdings,2009-06-26,2009-06-27,1125.74,https://api.spdrgoldshares.com/api/v1/historical-archive?product=gld&exchange=NYSE&lang=en,2026-10-09
gld_holdings,2009-06-29,2009-06-30,1125.74,https://api.spdrgoldshares.com/api/v1/historical-archive?product=gld&exchange=NYSE&lang=en,2026-10-09
gld_holdings,2009-06-30,2009-07-01,1120.55,https://api.spdrgoldshares.com/api/v1/historical-archive?product=gld&exchange=NYSE&lang=en,2026-10-09
gld_holdings,2009-07-01,2009-07-02,1120.55,https://api.spdrgoldshares.com/api/v1/historical-archive?product=gld&exchange=NYSE&lang=en,2026-10-09
gld_holdings,2009-07-02,2009-07-03,1120.55,https://api.spdrgoldshares.com/api/v1/historical-archive?product=gld&exchange=NYSE&lang=en,2026-10-09
gld_holdings,2009-07-06,2009-07-07,1120.19,https://api.spdrgoldshares.com/api/v1/historical-archive?product=gld&exchange=NYSE&lang=en,2026-10-09
gld_holdings,2009-07-07,2009-07-08,1120.19,https://api.spdrgoldshares.com/api/v1/historical-archive?product=gld&exchange=NYSE&lang=en,2026-10-09
gld_holdings,2009-07-08,2009-07-09,1109.81,https://api.spdrgoldshares.com/api/v1/historical-archive?product=gld&exchange=NYSE&lang=en,2026-10-09
gld_holdings,2009-07-09,2009-07-10,1109.81,https://api.spdrgoldshares.com/api/v1/historical-archive?product=gld&exchange=NYSE&lang=en,2026-10-09
gld_holdings,2009-07-10,2009-07-11,1109.81,https://api.spdrgoldshares.com/api/v1/historical-archive?product=gld&exchange=NYSE&lang=en,2026-10-09
gld_holdings,2009-07-13,2009-07-14,1109.81,https://api.spdrgoldshares.com/api/v1/historical-archive?product=gld&exchange=NYSE&lang=en,2026-10-09
gld_holdings,2009-07-14,2009-07-15,1094.54,https://api.spdrgoldshares.com/api/v1/historical-archive?product=gld&exchange=NYSE&lang=en,2026-10-09
gld_holdings,2009-07-15,2009-07-16,1094.54,https://api.spdrgoldshares.com/api/v1/historical-archive?product=gld&exchange=NYSE&lang=en,2026-10-09
gld_holdings,2009-07-16,2009-07-17,1094.85,https://api.spdrgoldshares.com/api/v1/historical-archive?product=gld&exchange=NYSE&lang=en,2026-10-09
gld_holdings,2009-07-17,2009-07-18,1094.54,https://api.spdrgoldshares.com/api/v1/historical-archive?product=gld&exchange=NYSE&lang=en,2026-10-09
gld_holdings,2009-07-20,2009-07-21,1094.54,https://api.spdrgoldshares.com/api/v1/historical-archive?product=gld&exchange=NYSE&lang=en,2026-10-09
gld_holdings,2009-07-21,2009-07-22,1092.41,https://api.spdrgoldshares.com/api/v1/historical-archive?product=gld&exchange=NYSE&lang=en,2026-10-09
gld_holdings,2009-07-22,2009-07-23,1086.61,https://api.spdrgoldshares.com/api/v1/historical-archive?product=gld&exchange=NYSE&lang=en,2026-10-09
gld_holdings,2009-07-23,2009-07-24,1086.61,https://api.spdrgoldshares.com/api/v1/historical-archive?product=gld&exchange=NYSE&lang=en,2026-10-09
gld_holdings,2009-07-24,2009-07-25,1086.61,https://api.spdrgoldshares.com/api/v1/historical-archive?product=gld&exchange=NYSE&lang=en,2026-10-09
gld_holdings,2009-07-27,2009-07-28,1086.61,https://api.spdrgoldshares.com/api/v1/historical-archive?product=gld&exchange=NYSE&lang=en,2026-10-09
gld_holdings,2009-07-28,2009-07-29,1083.25,https://api.spdrgoldshares.com/api/v1/historical-archive?product=gld&exchange=NYSE&lang=en,2026-10-09
gld_holdings,2009-07-29,2009-07-30,1072.87,https://api.spdrgoldshares.com/api/v1/historical-archive?product=gld&exchange=NYSE&lang=en,2026-10-09
gld_holdings,2009-07-30,2009-07-31,1072.87,https://api.spdrgoldshares.com/api/v1/historical-archive?product=gld&exchange=NYSE&lang=en,2026-10-09
gld_holdings,2009-07-31,2009-08-01,1072.87,https://api.spdrgoldshares.com/api/v1/historical-archive?product=gld&exchange=NYSE&lang=en,2026-10-09
gld_holdings,2009-08-03,2009-08-04,1072.87,https://api.spdrgoldshares.com/api/v1/historical-archive?product=gld&exchange=NYSE&lang=en,2026-10-09
gld_holdings,2009-08-04,2009-08-05,1072.87,https://api.spdrgoldshares.com/api/v1/historical-archive?product=gld&exchange=NYSE&lang=en,2026-10-09
gld_holdings,2009-08-05,2009-08-06,1072.87,https://api.spdrgoldshares.com/api/v1/historical-archive?product=gld&exchange=NYSE&lang=en,2026-10-09
gld_holdings,2009-08-06,2009-08-07,1072.87,https://api.spdrgoldshares.com/api/v1/historical-archive?product=gld&exchange=NYSE&lang=en,2026-10-09
gld_holdings,2009-08-07,2009-08-08,1068.9,https://api.spdrgoldshares.com/api/v1/historical-archive?product=gld&exchange=NYSE&lang=en,2026-10-09
gld_holdings,2009-08-10,2009-08-11,1068.55,https://api.spdrgoldshares.com/api/v1/historical-archive?product=gld&exchange=NYSE&lang=en,2026-10-09
gld_holdings,2009-08-11,2009-08-12,1065.49,https://api.spdrgoldshares.com/api/v1/historical-archive?product=gld&exchange=NYSE&lang=en,2026-10-09
gld_holdings,2009-08-12,2009-08-13,1065.49,https://api.spdrgoldshares.com/api/v1/historical-archive?product=gld&exchange=NYSE&lang=en,2026-10-09
gld_holdings,2009-08-13,2009-08-14,1065.49,https://api.spdrgoldshares.com/api/v1/historical-archive?product=gld&exchange=NYSE&lang=en,2026-10-09
gld_holdings,2009-08-14,2009-08-15,1065.49,https://api.spdrgoldshares.com/api/v1/historical-archive?product=gld&exchange=NYSE&lang=en,2026-10-09
gld_holdings,2009-08-17,2009-08-18,1065.49,https://api.spdrgoldshares.com/api/v1/historical-archive?product=gld&exchange=NYSE&lang=en,2026-10-09
gld_holdings,2009-08-18,2009-08-19,1065.49,https://api.spdrgoldshares.com/api/v1/historical-archive?product=gld&exchange=NYSE&lang=en,2026-10-09
gld_holdings,2009-08-19,2009-08-20,1065.49,https://api.spdrgoldshares.com/api/v1/historical-archive?product=gld&exchange=NYSE&lang=en,2026-10-09
gld_holdings,2009-08-20,2009-08-21,1065.49,https://api.spdrgoldshares.com/api/v1/historical-archive?product=gld&exchange=NYSE&lang=en,2026-10-09
gld_holdings,2009-08-21,2009-08-22,1066.41,https://api.spdrgoldshares.com/api/v1/historical-archive?product=gld&exchange=NYSE&lang=en,2026-10-09
gld_holdings,2009-08-24,2009-08-25,1066.41,https://api.spdrgoldshares.com/api/v1/historical-archive?product=gld&exchange=NYSE&lang=en,2026-10-09
gld_holdings,2009-08-25,2009-08-26,1061.83,https://api.spdrgoldshares.com/api/v1/historical-archive?product=gld&exchange=NYSE&lang=en,2026-10-09
gld_holdings,2009-08-26,2009-08-27,1061.83,https://api.spdrgoldshares.com/api/v1/historical-archive?product=gld&exchange=NYSE&lang=en,2026-10-09
gld_holdings,2009-08-27,2009-08-28,1061.83,https://api.spdrgoldshares.com/api/v1/historical-archive?product=gld&exchange=NYSE&lang=en,2026-10-09
gld_holdings,2009-08-28,2009-08-29,1061.83,https://api.spdrgoldshares.com/api/v1/historical-archive?product=gld&exchange=NYSE&lang=en,2026-10-09
gld_holdings,2009-08-31,2009-09-01,1061.83,https://api.spdrgoldshares.com/api/v1/historical-archive?product=gld&exchange=NYSE&lang=en,2026-10-09
gld_holdings,2009-09-01,2009-09-02,1061.83,https://api.spdrgoldshares.com/api/v1/historical-archive?product=gld&exchange=NYSE&lang=en,2026-10-09
gld_holdings,2009-09-02,2009-09-03,1063.36,https://api.spdrgoldshares.com/api/v1/historical-archive?product=gld&exchange=NYSE&lang=en,2026-10-09
gld_holdings,2009-09-03,2009-09-04,1078.01,https://api.spdrgoldshares.com/api/v1/historical-archive?product=gld&exchange=NYSE&lang=en,2026-10-09
gld_holdings,2009-09-04,2009-09-05,1077.63,https://api.spdrgoldshares.com/api/v1/historical-archive?product=gld&exchange=NYSE&lang=en,2026-10-09
gld_holdings,2009-09-08,2009-09-09,1077.63,https://api.spdrgoldshares.com/api/v1/historical-archive?product=gld&exchange=NYSE&lang=en,2026-10-09
gld_holdings,2009-09-09,2009-09-10,1077.63,https://api.spdrgoldshares.com/api/v1/historical-archive?product=gld&exchange=NYSE&lang=en,2026-10-09
gld_holdings,2009-09-10,2009-09-11,1077.63,https://api.spdrgoldshares.com/api/v1/historical-archive?product=gld&exchange=NYSE&lang=en,2026-10-09
gld_holdings,2009-09-11,2009-09-12,1077.63,https://api.spdrgoldshares.com/api/v1/historical-archive?product=gld&exchange=NYSE&lang=en,2026-10-09
gld_holdings,2009-09-14,2009-09-15,1078.85,https://api.spdrgoldshares.com/api/v1/historical-archive?product=gld&exchange=NYSE&lang=en,2026-10-09
gld_holdings,2009-09-15,2009-09-16,1078.85,https://api.spdrgoldshares.com/api/v1/historical-archive?product=gld&exchange=NYSE&lang=en,2026-10-09
gld_holdings,2009-09-16,2009-09-17,1086.48,https://api.spdrgoldshares.com/api/v1/historical-archive?product=gld&exchange=NYSE&lang=en,2026-10-09
gld_holdings,2009-09-17,2009-09-18,1086.48,https://api.spdrgoldshares.com/api/v1/historical-archive?product=gld&exchange=NYSE&lang=en,2026-10-09
gld_holdings,2009-09-18,2009-09-19,1086.48,https://api.spdrgoldshares.com/api/v1/historical-archive?product=gld&exchange=NYSE&lang=en,2026-10-09
gld_holdings,2009-09-21,2009-09-22,1101.73,https://api.spdrgoldshares.com/api/v1/historical-archive?product=gld&exchange=NYSE&lang=en,2026-10-09
gld_holdings,2009-09-22,2009-09-23,1101.73,https://api.spdrgoldshares.com/api/v1/historical-archive?product=gld&exchange=NYSE&lang=en,2026-10-09
gld_holdings,2009-09-23,2009-09-24,1101.73,https://api.spdrgoldshares.com/api/v1/historical-archive?product=gld&exchange=NYSE&lang=en,2026-10-09
gld_holdings,2009-09-24,2009-09-25,1094.11,https://api.spdrgoldshares.com/api/v1/historical-archive?product=gld&exchange=NYSE&lang=en,2026-10-09
gld_holdings,2009-09-25,2009-09-26,1094.11,https://api.spdrgoldshares.com/api/v1/historical-archive?product=gld&exchange=NYSE&lang=en,2026-10-09
gld_holdings,2009-09-28,2009-09-29,1094.11,https://api.spdrgoldshares.com/api/v1/historical-archive?product=gld&exchange=NYSE&lang=en,2026-10-09
gld_holdings,2009-09-29,2009-09-30,1094.11,https://api.spdrgoldshares.com/api/v1/historical-archive?product=gld&exchange=NYSE&lang=en,2026-10-09
gld_holdings,2009-09-30,2009-10-01,1095.33,https://api.spdrgoldshares.com/api/v1/historical-archive?product=gld&exchange=NYSE&lang=en,2026-10-09
gld_holdings,2009-10-01,2009-10-02,1095.33,https://api.spdrgoldshares.com/api/v1/historical-archive?product=gld&exchange=NYSE&lang=en,2026-10-09
gld_holdings,2009-10-02,2009-10-03,1096.55,https://api.spdrgoldshares.com/api/v1/historical-archive?product=gld&exchange=NYSE&lang=en,2026-10-09
gld_holdings,2009-10-05,2009-10-06,1098.07,https://api.spdrgoldshares.com/api/v1/historical-archive?product=gld&exchange=NYSE&lang=en,2026-10-09
gld_holdings,2009-10-06,2009-10-07,1100.51,https://api.spdrgoldshares.com/api/v1/historical-archive?product=gld&exchange=NYSE&lang=en,2026-10-09
gld_holdings,2009-10-07,2009-10-08,1109.31,https://api.spdrgoldshares.com/api/v1/historical-archive?product=gld&exchange=NYSE&lang=en,2026-10-09
gld_holdings,2009-10-08,2009-10-09,1109.31,https://api.spdrgoldshares.com/api/v1/historical-archive?product=gld&exchange=NYSE&lang=en,2026-10-09
gld_holdings,2009-10-09,2009-10-10,1109.31,https://api.spdrgoldshares.com/api/v1/historical-archive?product=gld&exchange=NYSE&lang=en,2026-10-09
gld_holdings,2009-10-12,2009-10-13,1109.31,https://api.spdrgoldshares.com/api/v1/historical-archive?product=gld&exchange=NYSE&lang=en,2026-10-09
gld_holdings,2009-10-13,2009-10-14,1109.31,https://api.spdrgoldshares.com/api/v1/historical-archive?product=gld&exchange=NYSE&lang=en,2026-10-09
gld_holdings,2009-10-14,2009-10-15,1109.31,https://api.spdrgoldshares.com/api/v1/historical-archive?product=gld&exchange=NYSE&lang=en,2026-10-09
gld_holdings,2009-10-15,2009-10-16,1109.31,https://api.spdrgoldshares.com/api/v1/historical-archive?product=gld&exchange=NYSE&lang=en,2026-10-09
gld_holdings,2009-10-16,2009-10-17,1109.31,https://api.spdrgoldshares.com/api/v1/historical-archive?product=gld&exchange=NYSE&lang=en,2026-10-09
gld_holdings,2009-10-19,2009-10-20,1109.31,https://api.spdrgoldshares.com/api/v1/historical-archive?product=gld&exchange=NYSE&lang=en,2026-10-09
gld_holdings,2009-10-20,2009-10-21,1109.31,https://api.spdrgoldshares.com/api/v1/historical-archive?product=gld&exchange=NYSE&lang=en,2026-10-09
gld_holdings,2009-10-21,2009-10-22,1108.09,https://api.spdrgoldshares.com/api/v1/historical-archive?product=gld&exchange=NYSE&lang=en,2026-10-09
gld_holdings,2009-10-22,2009-10-23,1108.09,https://api.spdrgoldshares.com/api/v1/historical-archive?product=gld&exchange=NYSE&lang=en,2026-10-09
gld_holdings,2009-10-23,2009-10-24,1108.09,https://api.spdrgoldshares.com/api/v1/historical-archive?product=gld&exchange=NYSE&lang=en,2026-10-09
gld_holdings,2009-10-26,2009-10-27,1106.87,https://api.spdrgoldshares.com/api/v1/historical-archive?product=gld&exchange=NYSE&lang=en,2026-10-09
gld_holdings,2009-10-27,2009-10-28,1105.65,https://api.spdrgoldshares.com/api/v1/historical-archive?product=gld&exchange=NYSE&lang=en,2026-10-09
gld_holdings,2009-10-28,2009-10-29,1104.43,https://api.spdrgoldshares.com/api/v1/historical-archive?product=gld&exchange=NYSE&lang=en,2026-10-09
gld_holdings,2009-10-29,2009-10-30,1104.43,https://api.spdrgoldshares.com/api/v1/historical-archive?product=gld&exchange=NYSE&lang=en,2026-10-09
gld_holdings,2009-10-30,2009-10-31,1103.52,https://api.spdrgoldshares.com/api/v1/historical-archive?product=gld&exchange=NYSE&lang=en,2026-10-09
gld_holdings,2009-11-02,2009-11-03,1103.52,https://api.spdrgoldshares.com/api/v1/historical-archive?product=gld&exchange=NYSE&lang=en,2026-10-09
gld_holdings,2009-11-03,2009-11-04,1108.4,https://api.spdrgoldshares.com/api/v1/historical-archive?product=gld&exchange=NYSE&lang=en,2026-10-09
gld_holdings,2009-11-04,2009-11-05,1108.4,https://api.spdrgoldshares.com/api/v1/historical-archive?product=gld&exchange=NYSE&lang=en,2026-10-09
gld_holdings,2009-11-05,2009-11-06,1108.34,https://api.spdrgoldshares.com/api/v1/historical-archive?product=gld&exchange=NYSE&lang=en,2026-10-09
gld_holdings,2009-11-06,2009-11-07,1108.34,https://api.spdrgoldshares.com/api/v1/historical-archive?product=gld&exchange=NYSE&lang=en,2026-10-09
gld_holdings,2009-11-09,2009-11-10,1114.44,https://api.spdrgoldshares.com/api/v1/historical-archive?product=gld&exchange=NYSE&lang=en,2026-10-09
gld_holdings,2009-11-10,2009-11-11,1114.44,https://api.spdrgoldshares.com/api/v1/historical-archive?product=gld&exchange=NYSE&lang=en,2026-10-09
gld_holdings,2009-11-11,2009-11-12,1114.44,https://api.spdrgoldshares.com/api/v1/historical-archive?product=gld&exchange=NYSE&lang=en,2026-10-09
gld_holdings,2009-11-12,2009-11-13,1114.44,https://api.spdrgoldshares.com/api/v1/historical-archive?product=gld&exchange=NYSE&lang=en,2026-10-09
gld_holdings,2009-11-13,2009-11-14,1113.83,https://api.spdrgoldshares.com/api/v1/historical-archive?product=gld&exchange=NYSE&lang=en,2026-10-09
gld_holdings,2009-11-16,2009-11-17,1113.83,https://api.spdrgoldshares.com/api/v1/historical-archive?product=gld&exchange=NYSE&lang=en,2026-10-09
gld_holdings,2009-11-17,2009-11-18,1113.83,https://api.spdrgoldshares.com/api/v1/historical-archive?product=gld&exchange=NYSE&lang=en,2026-10-09
gld_holdings,2009-11-18,2009-11-19,1117.49,https://api.spdrgoldshares.com/api/v1/historical-archive?product=gld&exchange=NYSE&lang=en,2026-10-09
gld_holdings,2009-11-19,2009-11-20,1117.49,https://api.spdrgoldshares.com/api/v1/historical-archive?product=gld&exchange=NYSE&lang=en,2026-10-09
gld_holdings,2009-11-20,2009-11-21,1117.49,https://api.spdrgoldshares.com/api/v1/historical-archive?product=gld&exchange=NYSE&lang=en,2026-10-09
gld_holdings,2009-11-23,2009-11-24,1121.46,https://api.spdrgoldshares.com/api/v1/historical-archive?product=gld&exchange=NYSE&lang=en,2026-10-09
gld_holdings,2009-11-24,2009-11-25,1122.37,https://api.spdrgoldshares.com/api/v1/historical-archive?product=gld&exchange=NYSE&lang=en,2026-10-09
gld_holdings,2009-11-25,2009-11-26,1127.86,https://api.spdrgoldshares.com/api/v1/historical-archive?product=gld&exchange=NYSE&lang=en,2026-10-09
gld_holdings,2009-11-27,2009-11-28,1127.86,https://api.spdrgoldshares.com/api/v1/historical-archive?product=gld&exchange=NYSE&lang=en,2026-10-09
gld_holdings,2009-11-30,2009-12-01,1129.99,https://api.spdrgoldshares.com/api/v1/historical-archive?product=gld&exchange=NYSE&lang=en,2026-10-09
gld_holdings,2009-12-01,2009-12-02,1130.6,https://api.spdrgoldshares.com/api/v1/historical-archive?product=gld&exchange=NYSE&lang=en,2026-10-09
gld_holdings,2009-12-02,2009-12-03,1131.21,https://api.spdrgoldshares.com/api/v1/historical-archive?product=gld&exchange=NYSE&lang=en,2026-10-09
gld_holdings,2009-12-03,2009-12-04,1131.49,https://api.spdrgoldshares.com/api/v1/historical-archive?product=gld&exchange=NYSE&lang=en,2026-10-09
gld_holdings,2009-12-04,2009-12-05,1129.97,https://api.spdrgoldshares.com/api/v1/historical-archive?product=gld&exchange=NYSE&lang=en,2026-10-09
gld_holdings,2009-12-07,2009-12-08,1129.97,https://api.spdrgoldshares.com/api/v1/historical-archive?product=gld&exchange=NYSE&lang=en,2026-10-09
gld_holdings,2009-12-08,2009-12-09,1116.25,https://api.spdrgoldshares.com/api/v1/historical-archive?product=gld&exchange=NYSE&lang=en,2026-10-09
gld_holdings,2009-12-09,2009-12-10,1116.25,https://api.spdrgoldshares.com/api/v1/historical-archive?product=gld&exchange=NYSE&lang=en,2026-10-09
gld_holdings,2009-12-10,2009-12-11,1116.25,https://api.spdrgoldshares.com/api/v1/historical-archive?product=gld&exchange=NYSE&lang=en,2026-10-09
gld_holdings,2009-12-11,2009-12-12,1116.25,https://api.spdrgoldshares.com/api/v1/historical-archive?product=gld&exchange=NYSE&lang=en,2026-10-09
gld_holdings,2009-12-14,2009-12-15,1116.55,https://api.spdrgoldshares.com/api/v1/historical-archive?product=gld&exchange=NYSE&lang=en,2026-10-09
gld_holdings,2009-12-15,2009-12-16,1116.55,https://api.spdrgoldshares.com/api/v1/historical-archive?product=gld&exchange=NYSE&lang=en,2026-10-09
gld_holdings,2009-12-16,2009-12-17,1120.51,https://api.spdrgoldshares.com/api/v1/historical-archive?product=gld&exchange=NYSE&lang=en,2026-10-09
gld_holdings,2009-12-17,2009-12-18,1120.51,https://api.spdrgoldshares.com/api/v1/historical-archive?product=gld&exchange=NYSE&lang=en,2026-10-09
gld_holdings,2009-12-18,2009-12-19,1126.61,https://api.spdrgoldshares.com/api/v1/historical-archive?product=gld&exchange=NYSE&lang=en,2026-10-09
gld_holdings,2009-12-21,2009-12-22,1132.71,https://api.spdrgoldshares.com/api/v1/historical-archive?product=gld&exchange=NYSE&lang=en,2026-10-09
gld_holdings,2009-12-22,2009-12-23,1132.71,https://api.spdrgoldshares.com/api/v1/historical-archive?product=gld&exchange=NYSE&lang=en,2026-10-09
gld_holdings,2009-12-23,2009-12-24,1132.71,https://api.spdrgoldshares.com/api/v1/historical-archive?product=gld&exchange=NYSE&lang=en,2026-10-09
gld_holdings,2009-12-24,2009-12-25,1132.71,https://api.spdrgoldshares.com/api/v1/historical-archive?product=gld&exchange=NYSE&lang=en,2026-10-09
gld_holdings,2009-12-28,2009-12-29,1132.71,https://api.spdrgoldshares.com/api/v1/historical-archive?product=gld&exchange=NYSE&lang=en,2026-10-09
gld_holdings,2009-12-29,2009-12-30,1133.62,https://api.spdrgoldshares.com/api/v1/historical-archive?product=gld&exchange=NYSE&lang=en,2026-10-09
gld_holdings,2009-12-30,2009-12-31,1133.62,https://api.spdrgoldshares.com/api/v1/historical-archive?product=gld&exchange=NYSE&lang=en,2026-10-09
gld_holdings,2009-12-31,2010-01-01,1133.62,https://api.spdrgoldshares.com/api/v1/historical-archive?product=gld&exchange=NYSE&lang=en,2026-10-09
gld_holdings,2010-01-04,2010-01-05,1128.75,https://api.spdrgoldshares.com/api/v1/historical-archive?product=gld&exchange=NYSE&lang=en,2026-10-09
gld_holdings,2010-01-05,2010-01-06,1128.75,https://api.spdrgoldshares.com/api/v1/historical-archive?product=gld&exchange=NYSE&lang=en,2026-10-09
gld_holdings,2010-01-06,2010-01-07,1123.87,https://api.spdrgoldshares.com/api/v1/historical-archive?product=gld&exchange=NYSE&lang=en,2026-10-09
gld_holdings,2010-01-07,2010-01-08,1123.5,https://api.spdrgoldshares.com/api/v1/historical-archive?product=gld&exchange=NYSE&lang=en,2026-10-09
gld_holdings,2010-01-08,2010-01-09,1119.54,https://api.spdrgoldshares.com/api/v1/historical-archive?product=gld&exchange=NYSE&lang=en,2026-10-09
gld_holdings,2010-01-11,2010-01-12,1119.54,https://api.spdrgoldshares.com/api/v1/historical-archive?product=gld&exchange=NYSE&lang=en,2026-10-09
gld_holdings,2010-01-12,2010-01-13,1115.88,https://api.spdrgoldshares.com/api/v1/historical-archive?product=gld&exchange=NYSE&lang=en,2026-10-09
gld_holdings,2010-01-13,2010-01-14,1115.88,https://api.spdrgoldshares.com/api/v1/historical-archive?product=gld&exchange=NYSE&lang=en,2026-10-09
gld_holdings,2010-01-14,2010-01-15,1113.75,https://api.spdrgoldshares.com/api/v1/historical-archive?product=gld&exchange=NYSE&lang=en,2026-10-09
gld_holdings,2010-01-15,2010-01-16,1112.84,https://api.spdrgoldshares.com/api/v1/historical-archive?product=gld&exchange=NYSE&lang=en,2026-10-09
gld_holdings,2010-01-19,2010-01-20,1111.92,https://api.spdrgoldshares.com/api/v1/historical-archive?product=gld&exchange=NYSE&lang=en,2026-10-09
gld_holdings,2010-01-20,2010-01-21,1111.92,https://api.spdrgoldshares.com/api/v1/historical-archive?product=gld&exchange=NYSE&lang=en,2026-10-09
gld_holdings,2010-01-21,2010-01-22,1111.92,https://api.spdrgoldshares.com/api/v1/historical-archive?product=gld&exchange=NYSE&lang=en,2026-10-09
gld_holdings,2010-01-22,2010-01-23,1111.92,https://api.spdrgoldshares.com/api/v1/historical-archive?product=gld&exchange=NYSE&lang=en,2026-10-09
gld_holdings,2010-01-25,2010-01-26,1111.92,https://api.spdrgoldshares.com/api/v1/historical-archive?product=gld&exchange=NYSE&lang=en,2026-10-09
gld_holdings,2010-01-26,2010-01-27,1111.92,https://api.spdrgoldshares.com/api/v1/historical-archive?product=gld&exchange=NYSE&lang=en,2026-10-09
gld_holdings,2010-01-27,2010-01-28,1111.92,https://api.spdrgoldshares.com/api/v1/historical-archive?product=gld&exchange=NYSE&lang=en,2026-10-09
gld_holdings,2010-01-28,2010-01-29,1111.92,https://api.spdrgoldshares.com/api/v1/historical-archive?product=gld&exchange=NYSE&lang=en,2026-10-09
gld_holdings,2010-01-29,2010-01-30,1111.92,https://api.spdrgoldshares.com/api/v1/historical-archive?product=gld&exchange=NYSE&lang=en,2026-10-09
gld_holdings,2010-02-01,2010-02-02,1111.92,https://api.spdrgoldshares.com/api/v1/historical-archive?product=gld&exchange=NYSE&lang=en,2026-10-09
gld_holdings,2010-02-02,2010-02-03,1111.92,https://api.spdrgoldshares.com/api/v1/historical-archive?product=gld&exchange=NYSE&lang=en,2026-10-09
gld_holdings,2010-02-03,2010-02-04,1110.34,https://api.spdrgoldshares.com/api/v1/historical-archive?product=gld&exchange=NYSE&lang=en,2026-10-09
gld_holdings,2010-02-04,2010-02-05,1104.55,https://api.spdrgoldshares.com/api/v1/historical-archive?product=gld&exchange=NYSE&lang=en,2026-10-09
gld_holdings,2010-02-05,2010-02-06,1106.38,https://api.spdrgoldshares.com/api/v1/historical-archive?product=gld&exchange=NYSE&lang=en,2026-10-09
gld_holdings,2010-02-08,2010-02-09,1106.38,https://api.spdrgoldshares.com/api/v1/historical-archive?product=gld&exchange=NYSE&lang=en,2026-10-09
gld_holdings,2010-02-09,2010-02-10,1106.38,https://api.spdrgoldshares.com/api/v1/historical-archive?product=gld&exchange=NYSE&lang=en,2026-10-09
gld_holdings,2010-02-10,2010-02-11,1106.38,https://api.spdrgoldshares.com/api/v1/historical-archive?product=gld&exchange=NYSE&lang=en,2026-10-09
gld_holdings,2010-02-11,2010-02-12,1106.38,https://api.spdrgoldshares.com/api/v1/historical-archive?product=gld&exchange=NYSE&lang=en,2026-10-09
gld_holdings,2010-02-12,2010-02-13,1106.38,https://api.spdrgoldshares.com/api/v1/historical-archive?product=gld&exchange=NYSE&lang=en,2026-10-09
gld_holdings,2010-02-16,2010-02-17,1109.42,https://api.spdrgoldshares.com/api/v1/historical-archive?product=gld&exchange=NYSE&lang=en,2026-10-09
gld_holdings,2010-02-17,2010-02-18,1109.42,https://api.spdrgoldshares.com/api/v1/historical-archive?product=gld&exchange=NYSE&lang=en,2026-10-09
gld_holdings,2010-02-18,2010-02-19,1109.42,https://api.spdrgoldshares.com/api/v1/historical-archive?product=gld&exchange=NYSE&lang=en,2026-10-09
gld_holdings,2010-02-19,2010-02-20,1107.6,https://api.spdrgoldshares.com/api/v1/historical-archive?product=gld&exchange=NYSE&lang=en,2026-10-09
gld_holdings,2010-02-22,2010-02-23,1107.9,https://api.spdrgoldshares.com/api/v1/historical-archive?product=gld&exchange=NYSE&lang=en,2026-10-09
gld_holdings,2010-02-23,2010-02-24,1106.99,https://api.spdrgoldshares.com/api/v1/historical-archive?product=gld&exchange=NYSE&lang=en,2026-10-09
gld_holdings,2010-02-24,2010-02-25,1106.99,https://api.spdrgoldshares.com/api/v1/historical-archive?product=gld&exchange=NYSE&lang=en,2026-10-09
gld_holdings,2010-02-25,2010-02-26,1106.99,https://api.spdrgoldshares.com/api/v1/historical-archive?product=gld&exchange=NYSE&lang=en,2026-10-09
gld_holdings,2010-02-26,2010-02-27,1106.99,https://api.spdrgoldshares.com/api/v1/historical-archive?product=gld&exchange=NYSE&lang=en,2026-10-09
gld_holdings,2010-03-01,2010-03-02,1106.99,https://api.spdrgoldshares.com/api/v1/historical-archive?product=gld&exchange=NYSE&lang=en,2026-10-09
gld_holdings,2010-03-02,2010-03-03,1111.56,https://api.spdrgoldshares.com/api/v1/historical-archive?product=gld&exchange=NYSE&lang=en,2026-10-09
gld_holdings,2010-03-03,2010-03-04,1115.51,https://api.spdrgoldshares.com/api/v1/historical-archive?product=gld&exchange=NYSE&lang=en,2026-10-09
gld_holdings,2010-03-04,2010-03-05,1115.51,https://api.spdrgoldshares.com/api/v1/historical-archive?product=gld&exchange=NYSE&lang=en,2026-10-09
gld_holdings,2010-03-05,2010-03-06,1116.12,https://api.spdrgoldshares.com/api/v1/historical-archive?product=gld&exchange=NYSE&lang=en,2026-10-09
gld_holdings,2010-03-08,2010-03-09,1116.12,https://api.spdrgoldshares.com/api/v1/historical-archive?product=gld&exchange=NYSE&lang=en,2026-10-09
gld_holdings,2010-03-09,2010-03-10,1116.12,https://api.spdrgoldshares.com/api/v1/historical-archive?product=gld&exchange=NYSE&lang=en,2026-10-09
gld_holdings,2010-03-10,2010-03-11,1115.51,https://api.spdrgoldshares.com/api/v1/historical-archive?product=gld&exchange=NYSE&lang=en,2026-10-09
gld_holdings,2010-03-11,2010-03-12,1115.51,https://api.spdrgoldshares.com/api/v1/historical-archive?product=gld&exchange=NYSE&lang=en,2026-10-09
gld_holdings,2010-03-12,2010-03-13,1115.51,https://api.spdrgoldshares.com/api/v1/historical-archive?product=gld&exchange=NYSE&lang=en,2026-10-09
gld_holdings,2010-03-15,2010-03-16,1115.51,https://api.spdrgoldshares.com/api/v1/historical-archive?product=gld&exchange=NYSE&lang=en,2026-10-09
gld_holdings,2010-03-16,2010-03-17,1115.51,https://api.spdrgoldshares.com/api/v1/historical-archive?product=gld&exchange=NYSE&lang=en,2026-10-09
gld_holdings,2010-03-17,2010-03-18,1115.51,https://api.spdrgoldshares.com/api/v1/historical-archive?product=gld&exchange=NYSE&lang=en,2026-10-09
gld_holdings,2010-03-18,2010-03-19,1115.51,https://api.spdrgoldshares.com/api/v1/historical-archive?product=gld&exchange=NYSE&lang=en,2026-10-09
gld_holdings,2010-03-19,2010-03-20,1115.51,https://api.spdrgoldshares.com/api/v1/historical-archive?product=gld&exchange=NYSE&lang=en,2026-10-09
gld_holdings,2010-03-22,2010-03-23,1115.51,https://api.spdrgoldshares.com/api/v1/historical-archive?product=gld&exchange=NYSE&lang=en,2026-10-09
gld_holdings,2010-03-23,2010-03-24,1120.08,https://api.spdrgoldshares.com/api/v1/historical-archive?product=gld&exchange=NYSE&lang=en,2026-10-09
gld_holdings,2010-03-24,2010-03-25,1120.08,https://api.spdrgoldshares.com/api/v1/historical-archive?product=gld&exchange=NYSE&lang=en,2026-10-09
gld_holdings,2010-03-25,2010-03-26,1124.65,https://api.spdrgoldshares.com/api/v1/historical-archive?product=gld&exchange=NYSE&lang=en,2026-10-09
gld_holdings,2010-03-26,2010-03-27,1124.65,https://api.spdrgoldshares.com/api/v1/historical-archive?product=gld&exchange=NYSE&lang=en,2026-10-09
gld_holdings,2010-03-29,2010-03-30,1129.82,https://api.spdrgoldshares.com/api/v1/historical-archive?product=gld&exchange=NYSE&lang=en,2026-10-09
gld_holdings,2010-03-30,2010-03-31,1129.82,https://api.spdrgoldshares.com/api/v1/historical-archive?product=gld&exchange=NYSE&lang=en,2026-10-09
gld_holdings,2010-03-31,2010-04-01,1129.82,https://api.spdrgoldshares.com/api/v1/historical-archive?product=gld&exchange=NYSE&lang=en,2026-10-09
gld_holdings,2010-04-01,2010-04-02,1129.82,https://api.spdrgoldshares.com/api/v1/historical-archive?product=gld&exchange=NYSE&lang=en,2026-10-09
gld_holdings,2010-04-05,2010-04-06,1129.82,https://api.spdrgoldshares.com/api/v1/historical-archive?product=gld&exchange=NYSE&lang=en,2026-10-09
gld_holdings,2010-04-06,2010-04-07,1129.82,https://api.spdrgoldshares.com/api/v1/historical-archive?product=gld&exchange=NYSE&lang=en,2026-10-09
gld_holdings,2010-04-07,2010-04-08,1130.74,https://api.spdrgoldshares.com/api/v1/historical-archive?product=gld&exchange=NYSE&lang=en,2026-10-09
gld_holdings,2010-04-08,2010-04-09,1140.43,https://api.spdrgoldshares.com/api/v1/historical-archive?product=gld&exchange=NYSE&lang=en,2026-10-09
gld_holdings,2010-04-09,2010-04-10,1141.04,https://api.spdrgoldshares.com/api/v1/historical-archive?product=gld&exchange=NYSE&lang=en,2026-10-09
gld_holdings,2010-04-12,2010-04-13,1141.04,https://api.spdrgoldshares.com/api/v1/historical-archive?product=gld&exchange=NYSE&lang=en,2026-10-09
gld_holdings,2010-04-13,2010-04-14,1141.04,https://api.spdrgoldshares.com/api/v1/historical-archive?product=gld&exchange=NYSE&lang=en,2026-10-09
gld_holdings,2010-04-14,2010-04-15,1141.04,https://api.spdrgoldshares.com/api/v1/historical-archive?product=gld&exchange=NYSE&lang=en,2026-10-09
gld_holdings,2010-04-15,2010-04-16,1141.04,https://api.spdrgoldshares.com/api/v1/historical-archive?product=gld&exchange=NYSE&lang=en,2026-10-09
gld_holdings,2010-04-16,2010-04-17,1141.04,https://api.spdrgoldshares.com/api/v1/historical-archive?product=gld&exchange=NYSE&lang=en,2026-10-09
gld_holdings,2010-04-19,2010-04-20,1141.04,https://api.spdrgoldshares.com/api/v1/historical-archive?product=gld&exchange=NYSE&lang=en,2026-10-09
gld_holdings,2010-04-20,2010-04-21,1141.04,https://api.spdrgoldshares.com/api/v1/historical-archive?product=gld&exchange=NYSE&lang=en,2026-10-09
gld_holdings,2010-04-21,2010-04-22,1141.04,https://api.spdrgoldshares.com/api/v1/historical-archive?product=gld&exchange=NYSE&lang=en,2026-10-09
gld_holdings,2010-04-22,2010-04-23,1140.13,https://api.spdrgoldshares.com/api/v1/historical-archive?product=gld&exchange=NYSE&lang=en,2026-10-09
gld_holdings,2010-04-23,2010-04-24,1140.13,https://api.spdrgoldshares.com/api/v1/historical-archive?product=gld&exchange=NYSE&lang=en,2026-10-09
gld_holdings,2010-04-26,2010-04-27,1146.22,https://api.spdrgoldshares.com/api/v1/historical-archive?product=gld&exchange=NYSE&lang=en,2026-10-09
gld_holdings,2010-04-27,2010-04-28,1146.83,https://api.spdrgoldshares.com/api/v1/historical-archive?product=gld&exchange=NYSE&lang=en,2026-10-09
gld_holdings,2010-04-28,2010-04-29,1152.91,https://api.spdrgoldshares.com/api/v1/historical-archive?product=gld&exchange=NYSE&lang=en,2026-10-09
gld_holdings,2010-04-29,2010-04-30,1159.0,https://api.spdrgoldshares.com/api/v1/historical-archive?product=gld&exchange=NYSE&lang=en,2026-10-09
gld_holdings,2010-04-30,2010-05-01,1159.0,https://api.spdrgoldshares.com/api/v1/historical-archive?product=gld&exchange=NYSE&lang=en,2026-10-09
gld_holdings,2010-05-03,2010-05-04,1159.0,https://api.spdrgoldshares.com/api/v1/historical-archive?product=gld&exchange=NYSE&lang=en,2026-10-09
gld_holdings,2010-05-04,2010-05-05,1159.0,https://api.spdrgoldshares.com/api/v1/historical-archive?product=gld&exchange=NYSE&lang=en,2026-10-09
gld_holdings,2010-05-05,2010-05-06,1166.0,https://api.spdrgoldshares.com/api/v1/historical-archive?product=gld&exchange=NYSE&lang=en,2026-10-09
gld_holdings,2010-05-06,2010-05-07,1185.79,https://api.spdrgoldshares.com/api/v1/historical-archive?product=gld&exchange=NYSE&lang=en,2026-10-09
gld_holdings,2010-05-07,2010-05-08,1188.5,https://api.spdrgoldshares.com/api/v1/historical-archive?product=gld&exchange=NYSE&lang=en,2026-10-09
gld_holdings,2010-05-10,2010-05-11,1192.15,https://api.spdrgoldshares.com/api/v1/historical-archive?product=gld&exchange=NYSE&lang=en,2026-10-09
gld_holdings,2010-05-11,2010-05-12,1192.15,https://api.spdrgoldshares.com/api/v1/historical-archive?product=gld&exchange=NYSE&lang=en,2026-10-09
gld_holdings,2010-05-12,2010-05-13,1209.5,https://api.spdrgoldshares.com/api/v1/historical-archive?product=gld&exchange=NYSE&lang=en,2026-10-09
gld_holdings,2010-05-13,2010-05-14,1209.5,https://api.spdrgoldshares.com/api/v1/historical-archive?product=gld&exchange=NYSE&lang=en,2026-10-09
gld_holdings,2010-05-14,2010-05-15,1214.06,https://api.spdrgoldshares.com/api/v1/historical-archive?product=gld&exchange=NYSE&lang=en,2026-10-09
gld_holdings,2010-05-17,2010-05-18,1217.11,https://api.spdrgoldshares.com/api/v1/historical-archive?product=gld&exchange=NYSE&lang=en,2026-10-09
gld_holdings,2010-05-18,2010-05-19,1217.11,https://api.spdrgoldshares.com/api/v1/historical-archive?product=gld&exchange=NYSE&lang=en,2026-10-09
gld_holdings,2010-05-19,2010-05-20,1220.15,https://api.spdrgoldshares.com/api/v1/historical-archive?product=gld&exchange=NYSE&lang=en,2026-10-09
gld_holdings,2010-05-20,2010-05-21,1220.15,https://api.spdrgoldshares.com/api/v1/historical-archive?product=gld&exchange=NYSE&lang=en,2026-10-09
gld_holdings,2010-05-21,2010-05-22,1220.15,https://api.spdrgoldshares.com/api/v1/historical-archive?product=gld&exchange=NYSE&lang=en,2026-10-09
gld_holdings,2010-05-24,2010-05-25,1236.89,https://api.spdrgoldshares.com/api/v1/historical-archive?product=gld&exchange=NYSE&lang=en,2026-10-09
gld_holdings,2010-05-25,2010-05-26,1267.32,https://api.spdrgoldshares.com/api/v1/historical-archive?product=gld&exchange=NYSE&lang=en,2026-10-09
gld_holdings,2010-05-26,2010-05-27,1267.63,https://api.spdrgoldshares.com/api/v1/historical-archive?product=gld&exchange=NYSE&lang=en,2026-10-09
gld_holdings,2010-05-27,2010-05-28,1267.93,https://api.spdrgoldshares.com/api/v1/historical-archive?product=gld&exchange=NYSE&lang=en,2026-10-09
gld_holdings,2010-05-28,2010-05-29,1267.93,https://api.spdrgoldshares.com/api/v1/historical-archive?product=gld&exchange=NYSE&lang=en,2026-10-09
gld_holdings,2010-06-01,2010-06-02,1268.23,https://api.spdrgoldshares.com/api/v1/historical-archive?product=gld&exchange=NYSE&lang=en,2026-10-09
gld_holdings,2010-06-02,2010-06-03,1268.54,https://api.spdrgoldshares.com/api/v1/historical-archive?product=gld&exchange=NYSE&lang=en,2026-10-09
gld_holdings,2010-06-03,2010-06-04,1289.84,https://api.spdrgoldshares.com/api/v1/historical-archive?product=gld&exchange=NYSE&lang=en,2026-10-09
gld_holdings,2010-06-04,2010-06-05,1286.36,https://api.spdrgoldshares.com/api/v1/historical-archive?product=gld&exchange=NYSE&lang=en,2026-10-09
gld_holdings,2010-06-07,2010-06-08,1286.36,https://api.spdrgoldshares.com/api/v1/historical-archive?product=gld&exchange=NYSE&lang=en,2026-10-09
gld_holdings,2010-06-08,2010-06-09,1298.53,https://api.spdrgoldshares.com/api/v1/historical-archive?product=gld&exchange=NYSE&lang=en,2026-10-09
gld_holdings,2010-06-09,2010-06-10,1298.53,https://api.spdrgoldshares.com/api/v1/historical-archive?product=gld&exchange=NYSE&lang=en,2026-10-09
gld_holdings,2010-06-10,2010-06-11,1306.14,https://api.spdrgoldshares.com/api/v1/historical-archive?product=gld&exchange=NYSE&lang=en,2026-10-09
gld_holdings,2010-06-11,2010-06-12,1306.14,https://api.spdrgoldshares.com/api/v1/historical-archive?product=gld&exchange=NYSE&lang=en,2026-10-09
gld_holdings,2010-06-14,2010-06-15,1306.14,https://api.spdrgoldshares.com/api/v1/historical-archive?product=gld&exchange=NYSE&lang=en,2026-10-09
gld_holdings,2010-06-15,2010-06-16,1306.14,https://api.spdrgoldshares.com/api/v1/historical-archive?product=gld&exchange=NYSE&lang=en,2026-10-09
gld_holdings,2010-06-16,2010-06-17,1306.14,https://api.spdrgoldshares.com/api/v1/historical-archive?product=gld&exchange=NYSE&lang=en,2026-10-09
gld_holdings,2010-06-17,2010-06-18,1307.96,https://api.spdrgoldshares.com/api/v1/historical-archive?product=gld&exchange=NYSE&lang=en,2026-10-09
gld_holdings,2010-06-18,2010-06-19,1307.96,https://api.spdrgoldshares.com/api/v1/historical-archive?product=gld&exchange=NYSE&lang=en,2026-10-09
gld_holdings,2010-06-21,2010-06-22,1307.96,https://api.spdrgoldshares.com/api/v1/historical-archive?product=gld&exchange=NYSE&lang=en,2026-10-09
gld_holdings,2010-06-22,2010-06-23,1313.13,https://api.spdrgoldshares.com/api/v1/historical-archive?product=gld&exchange=NYSE&lang=en,2026-10-09
gld_holdings,2010-06-23,2010-06-24,1313.13,https://api.spdrgoldshares.com/api/v1/historical-archive?product=gld&exchange=NYSE&lang=en,2026-10-09
gld_holdings,2010-06-24,2010-06-25,1316.18,https://api.spdrgoldshares.com/api/v1/historical-archive?product=gld&exchange=NYSE&lang=en,2026-10-09
gld_holdings,2010-06-25,2010-06-26,1316.18,https://api.spdrgoldshares.com/api/v1/historical-archive?product=gld&exchange=NYSE&lang=en,2026-10-09
gld_holdings,2010-06-28,2010-06-29,1316.18,https://api.spdrgoldshares.com/api/v1/historical-archive?product=gld&exchange=NYSE&lang=en,2026-10-09
gld_holdings,2010-06-29,2010-06-30,1320.44,https://api.spdrgoldshares.com/api/v1/historical-archive?product=gld&exchange=NYSE&lang=en,2026-10-09
gld_holdings,2010-06-30,2010-07-01,1320.44,https://api.spdrgoldshares.com/api/v1/historical-archive?product=gld&exchange=NYSE&lang=en,2026-10-09
gld_holdings,2010-07-01,2010-07-02,1319.22,https://api.spdrgoldshares.com/api/v1/historical-archive?product=gld&exchange=NYSE&lang=en,2026-10-09
gld_holdings,2010-07-02,2010-07-03,1318.91,https://api.spdrgoldshares.com/api/v1/historical-archive?product=gld&exchange=NYSE&lang=en,2026-10-09
gld_holdings,2010-07-06,2010-07-07,1316.48,https://api.spdrgoldshares.com/api/v1/historical-archive?product=gld&exchange=NYSE&lang=en,2026-10-09
gld_holdings,2010-07-07,2010-07-08,1316.48,https://api.spdrgoldshares.com/api/v1/historical-archive?product=gld&exchange=NYSE&lang=en,2026-10-09
gld_holdings,2010-07-08,2010-07-09,1316.04,https://api.spdrgoldshares.com/api/v1/historical-archive?product=gld&exchange=NYSE&lang=en,2026-10-09
gld_holdings,2010-07-09,2010-07-10,1314.51,https://api.spdrgoldshares.com/api/v1/historical-archive?product=gld&exchange=NYSE&lang=en,2026-10-09
gld_holdings,2010-07-12,2010-07-13,1314.82,https://api.spdrgoldshares.com/api/v1/historical-archive?product=gld&exchange=NYSE&lang=en,2026-10-09
gld_holdings,2010-07-13,2010-07-14,1314.82,https://api.spdrgoldshares.com/api/v1/historical-archive?product=gld&exchange=NYSE&lang=en,2026-10-09
gld_holdings,2010-07-14,2010-07-15,1314.82,https://api.spdrgoldshares.com/api/v1/historical-archive?product=gld&exchange=NYSE&lang=en,2026-10-09
gld_holdings,2010-07-15,2010-07-16,1314.21,https://api.spdrgoldshares.com/api/v1/historical-archive?product=gld&exchange=NYSE&lang=en,2026-10-09
gld_holdings,2010-07-16,2010-07-17,1314.21,https://api.spdrgoldshares.com/api/v1/historical-archive?product=gld&exchange=NYSE&lang=en,2026-10-09
gld_holdings,2010-07-19,2010-07-20,1314.21,https://api.spdrgoldshares.com/api/v1/historical-archive?product=gld&exchange=NYSE&lang=en,2026-10-09
gld_holdings,2010-07-20,2010-07-21,1308.13,https://api.spdrgoldshares.com/api/v1/historical-archive?product=gld&exchange=NYSE&lang=en,2026-10-09
gld_holdings,2010-07-21,2010-07-22,1308.13,https://api.spdrgoldshares.com/api/v1/historical-archive?product=gld&exchange=NYSE&lang=en,2026-10-09
gld_holdings,2010-07-22,2010-07-23,1302.05,https://api.spdrgoldshares.com/api/v1/historical-archive?product=gld&exchange=NYSE&lang=en,2026-10-09
gld_holdings,2010-07-23,2010-07-24,1302.05,https://api.spdrgoldshares.com/api/v1/historical-archive?product=gld&exchange=NYSE&lang=en,2026-10-09
gld_holdings,2010-07-26,2010-07-27,1301.74,https://api.spdrgoldshares.com/api/v1/historical-archive?product=gld&exchange=NYSE&lang=en,2026-10-09
gld_holdings,2010-07-27,2010-07-28,1300.83,https://api.spdrgoldshares.com/api/v1/historical-archive?product=gld&exchange=NYSE&lang=en,2026-10-09
gld_holdings,2010-07-28,2010-07-29,1282.28,https://api.spdrgoldshares.com/api/v1/historical-archive?product=gld&exchange=NYSE&lang=en,2026-10-09
gld_holdings,2010-07-29,2010-07-30,1282.28,https://api.spdrgoldshares.com/api/v1/historical-archive?product=gld&exchange=NYSE&lang=en,2026-10-09
gld_holdings,2010-07-30,2010-07-31,1282.28,https://api.spdrgoldshares.com/api/v1/historical-archive?product=gld&exchange=NYSE&lang=en,2026-10-09
gld_holdings,2010-08-02,2010-08-03,1282.28,https://api.spdrgoldshares.com/api/v1/historical-archive?product=gld&exchange=NYSE&lang=en,2026-10-09
gld_holdings,2010-08-03,2010-08-04,1282.28,https://api.spdrgoldshares.com/api/v1/historical-archive?product=gld&exchange=NYSE&lang=en,2026-10-09
gld_holdings,2010-08-04,2010-08-05,1281.83,https://api.spdrgoldshares.com/api/v1/historical-archive?product=gld&exchange=NYSE&lang=en,2026-10-09
gld_holdings,2010-08-05,2010-08-06,1282.75,https://api.spdrgoldshares.com/api/v1/historical-archive?product=gld&exchange=NYSE&lang=en,2026-10-09
gld_holdings,2010-08-06,2010-08-07,1282.75,https://api.spdrgoldshares.com/api/v1/historical-archive?product=gld&exchange=NYSE&lang=en,2026-10-09
gld_holdings,2010-08-09,2010-08-10,1282.75,https://api.spdrgoldshares.com/api/v1/historical-archive?product=gld&exchange=NYSE&lang=en,2026-10-09
gld_holdings,2010-08-10,2010-08-11,1282.75,https://api.spdrgoldshares.com/api/v1/historical-archive?product=gld&exchange=NYSE&lang=en,2026-10-09
gld_holdings,2010-08-11,2010-08-12,1285.79,https://api.spdrgoldshares.com/api/v1/historical-archive?product=gld&exchange=NYSE&lang=en,2026-10-09
gld_holdings,2010-08-12,2010-08-13,1286.7,https://api.spdrgoldshares.com/api/v1/historical-archive?product=gld&exchange=NYSE&lang=en,2026-10-09
gld_holdings,2010-08-13,2010-08-14,1286.7,https://api.spdrgoldshares.com/api/v1/historical-archive?product=gld&exchange=NYSE&lang=en,2026-10-09
gld_holdings,2010-08-16,2010-08-17,1286.7,https://api.spdrgoldshares.com/api/v1/historical-archive?product=gld&exchange=NYSE&lang=en,2026-10-09
gld_holdings,2010-08-17,2010-08-18,1294.6,https://api.spdrgoldshares.com/api/v1/historical-archive?product=gld&exchange=NYSE&lang=en,2026-10-09
gld_holdings,2010-08-18,2010-08-19,1295.52,https://api.spdrgoldshares.com/api/v1/historical-archive?product=gld&exchange=NYSE&lang=en,2026-10-09
gld_holdings,2010-08-19,2010-08-20,1299.47,https://api.spdrgoldshares.com/api/v1/historical-archive?product=gld&exchange=NYSE&lang=en,2026-10-09
gld_holdings,2010-08-20,2010-08-21,1299.47,https://api.spdrgoldshares.com/api/v1/historical-archive?product=gld&exchange=NYSE&lang=en,2026-10-09
gld_holdings,2010-08-23,2010-08-24,1299.47,https://api.spdrgoldshares.com/api/v1/historical-archive?product=gld&exchange=NYSE&lang=en,2026-10-09
gld_holdings,2010-08-24,2010-08-25,1297.95,https://api.spdrgoldshares.com/api/v1/historical-archive?product=gld&exchange=NYSE&lang=en,2026-10-09
gld_holdings,2010-08-25,2010-08-26,1297.95,https://api.spdrgoldshares.com/api/v1/historical-archive?product=gld&exchange=NYSE&lang=en,2026-10-09
gld_holdings,2010-08-26,2010-08-27,1297.95,https://api.spdrgoldshares.com/api/v1/historical-archive?product=gld&exchange=NYSE&lang=en,2026-10-09
gld_holdings,2010-08-27,2010-08-28,1298.56,https://api.spdrgoldshares.com/api/v1/historical-archive?product=gld&exchange=NYSE&lang=en,2026-10-09
gld_holdings,2010-08-30,2010-08-31,1298.56,https://api.spdrgoldshares.com/api/v1/historical-archive?product=gld&exchange=NYSE&lang=en,2026-10-09
gld_holdings,2010-08-31,2010-09-01,1302.51,https://api.spdrgoldshares.com/api/v1/historical-archive?product=gld&exchange=NYSE&lang=en,2026-10-09
gld_holdings,2010-09-01,2010-09-02,1304.03,https://api.spdrgoldshares.com/api/v1/historical-archive?product=gld&exchange=NYSE&lang=en,2026-10-09
gld_holdings,2010-09-02,2010-09-03,1294.91,https://api.spdrgoldshares.com/api/v1/historical-archive?product=gld&exchange=NYSE&lang=en,2026-10-09
gld_holdings,2010-09-03,2010-09-04,1294.44,https://api.spdrgoldshares.com/api/v1/historical-archive?product=gld&exchange=NYSE&lang=en,2026-10-09
gld_holdings,2010-09-07,2010-09-08,1294.44,https://api.spdrgoldshares.com/api/v1/historical-archive?product=gld&exchange=NYSE&lang=en,2026-10-09
gld_holdings,2010-09-08,2010-09-09,1294.44,https://api.spdrgoldshares.com/api/v1/historical-archive?product=gld&exchange=NYSE&lang=en,2026-10-09
gld_holdings,2010-09-09,2010-09-10,1293.53,https://api.spdrgoldshares.com/api/v1/historical-archive?product=gld&exchange=NYSE&lang=en,2026-10-09
gld_holdings,2010-09-10,2010-09-11,1293.53,https://api.spdrgoldshares.com/api/v1/historical-archive?product=gld&exchange=NYSE&lang=en,2026-10-09
gld_holdings,2010-09-13,2010-09-14,1292.62,https://api.spdrgoldshares.com/api/v1/historical-archive?product=gld&exchange=NYSE&lang=en,2026-10-09
gld_holdings,2010-09-14,2010-09-15,1298.7,https://api.spdrgoldshares.com/api/v1/historical-archive?product=gld&exchange=NYSE&lang=en,2026-10-09
gld_holdings,2010-09-15,2010-09-16,1294.75,https://api.spdrgoldshares.com/api/v1/historical-archive?product=gld&exchange=NYSE&lang=en,2026-10-09
gld_holdings,2010-09-16,2010-09-17,1294.75,https://api.spdrgoldshares.com/api/v1/historical-archive?product=gld&exchange=NYSE&lang=en,2026-10-09
gld_holdings,2010-09-17,2010-09-18,1300.83,https://api.spdrgoldshares.com/api/v1/historical-archive?product=gld&exchange=NYSE&lang=en,2026-10-09
gld_holdings,2010-09-20,2010-09-21,1304.47,https://api.spdrgoldshares.com/api/v1/historical-archive?product=gld&exchange=NYSE&lang=en,2026-10-09
gld_holdings,2010-09-21,2010-09-22,1304.17,https://api.spdrgoldshares.com/api/v1/historical-archive?product=gld&exchange=NYSE&lang=en,2026-10-09
gld_holdings,2010-09-22,2010-09-23,1304.17,https://api.spdrgoldshares.com/api/v1/historical-archive?product=gld&exchange=NYSE&lang=en,2026-10-09
gld_holdings,2010-09-23,2010-09-24,1301.43,https://api.spdrgoldshares.com/api/v1/historical-archive?product=gld&exchange=NYSE&lang=en,2026-10-09
gld_holdings,2010-09-24,2010-09-25,1300.52,https://api.spdrgoldshares.com/api/v1/historical-archive?product=gld&exchange=NYSE&lang=en,2026-10-09
gld_holdings,2010-09-27,2010-09-28,1300.52,https://api.spdrgoldshares.com/api/v1/historical-archive?product=gld&exchange=NYSE&lang=en,2026-10-09
gld_holdings,2010-09-28,2010-09-29,1305.69,https://api.spdrgoldshares.com/api/v1/historical-archive?product=gld&exchange=NYSE&lang=en,2026-10-09
gld_holdings,2010-09-29,2010-09-30,1305.69,https://api.spdrgoldshares.com/api/v1/historical-archive?product=gld&exchange=NYSE&lang=en,2026-10-09
gld_holdings,2010-09-30,2010-10-01,1304.78,https://api.spdrgoldshares.com/api/v1/historical-archive?product=gld&exchange=NYSE&lang=en,2026-10-09
gld_holdings,2010-10-01,2010-10-02,1302.34,https://api.spdrgoldshares.com/api/v1/historical-archive?product=gld&exchange=NYSE&lang=en,2026-10-09
gld_holdings,2010-10-04,2010-10-05,1301.91,https://api.spdrgoldshares.com/api/v1/historical-archive?product=gld&exchange=NYSE&lang=en,2026-10-09
gld_holdings,2010-10-05,2010-10-06,1301.91,https://api.spdrgoldshares.com/api/v1/historical-archive?product=gld&exchange=NYSE&lang=en,2026-10-09
gld_holdings,2010-10-06,2010-10-07,1301.91,https://api.spdrgoldshares.com/api/v1/historical-archive?product=gld&exchange=NYSE&lang=en,2026-10-09
gld_holdings,2010-10-07,2010-10-08,1288.54,https://api.spdrgoldshares.com/api/v1/historical-archive?product=gld&exchange=NYSE&lang=en,2026-10-09
gld_holdings,2010-10-08,2010-10-09,1288.24,https://api.spdrgoldshares.com/api/v1/historical-archive?product=gld&exchange=NYSE&lang=en,2026-10-09
gld_holdings,2010-10-11,2010-10-12,1287.33,https://api.spdrgoldshares.com/api/v1/historical-archive?product=gld&exchange=NYSE&lang=en,2026-10-09
gld_holdings,2010-10-12,2010-10-13,1287.33,https://api.spdrgoldshares.com/api/v1/historical-archive?product=gld&exchange=NYSE&lang=en,2026-10-09
gld_holdings,2010-10-13,2010-10-14,1285.2,https://api.spdrgoldshares.com/api/v1/historical-archive?product=gld&exchange=NYSE&lang=en,2026-10-09
gld_holdings,2010-10-14,2010-10-15,1304.34,https://api.spdrgoldshares.com/api/v1/historical-archive?product=gld&exchange=NYSE&lang=en,2026-10-09
gld_holdings,2010-10-15,2010-10-16,1301.91,https://api.spdrgoldshares.com/api/v1/historical-archive?product=gld&exchange=NYSE&lang=en,2026-10-09
gld_holdings,2010-10-18,2010-10-19,1301.0,https://api.spdrgoldshares.com/api/v1/historical-archive?product=gld&exchange=NYSE&lang=en,2026-10-09
gld_holdings,2010-10-19,2010-10-20,1300.09,https://api.spdrgoldshares.com/api/v1/historical-archive?product=gld&exchange=NYSE&lang=en,2026-10-09
gld_holdings,2010-10-20,2010-10-21,1299.18,https://api.spdrgoldshares.com/api/v1/historical-archive?product=gld&exchange=NYSE&lang=en,2026-10-09
gld_holdings,2010-10-21,2010-10-22,1298.27,https://api.spdrgoldshares.com/api/v1/historical-archive?product=gld&exchange=NYSE&lang=en,2026-10-09
gld_holdings,2010-10-22,2010-10-23,1298.27,https://api.spdrgoldshares.com/api/v1/historical-archive?product=gld&exchange=NYSE&lang=en,2026-10-09
gld_holdings,2010-10-25,2010-10-26,1298.27,https://api.spdrgoldshares.com/api/v1/historical-archive?product=gld&exchange=NYSE&lang=en,2026-10-09
gld_holdings,2010-10-26,2010-10-27,1298.27,https://api.spdrgoldshares.com/api/v1/historical-archive?product=gld&exchange=NYSE&lang=en,2026-10-09
gld_holdings,2010-10-27,2010-10-28,1298.27,https://api.spdrgoldshares.com/api/v1/historical-archive?product=gld&exchange=NYSE&lang=en,2026-10-09
gld_holdings,2010-10-28,2010-10-29,1293.1,https://api.spdrgoldshares.com/api/v1/historical-archive?product=gld&exchange=NYSE&lang=en,2026-10-09
gld_holdings,2010-10-29,2010-10-30,1293.1,https://api.spdrgoldshares.com/api/v1/historical-archive?product=gld&exchange=NYSE&lang=en,2026-10-09
gld_holdings,2010-11-01,2010-11-02,1293.1,https://api.spdrgoldshares.com/api/v1/historical-archive?product=gld&exchange=NYSE&lang=en,2026-10-09
gld_holdings,2010-11-02,2010-11-03,1292.19,https://api.spdrgoldshares.com/api/v1/historical-archive?product=gld&exchange=NYSE&lang=en,2026-10-09
gld_holdings,2010-11-03,2010-11-04,1292.19,https://api.spdrgoldshares.com/api/v1/historical-archive?product=gld&exchange=NYSE&lang=en,2026-10-09
gld_holdings,2010-11-04,2010-11-05,1292.19,https://api.spdrgoldshares.com/api/v1/historical-archive?product=gld&exchange=NYSE&lang=en,2026-10-09
gld_holdings,2010-11-05,2010-11-06,1291.77,https://api.spdrgoldshares.com/api/v1/historical-archive?product=gld&exchange=NYSE&lang=en,2026-10-09
gld_holdings,2010-11-08,2010-11-09,1294.2,https://api.spdrgoldshares.com/api/v1/historical-archive?product=gld&exchange=NYSE&lang=en,2026-10-09
gld_holdings,2010-11-09,2010-11-10,1292.98,https://api.spdrgoldshares.com/api/v1/historical-archive?product=gld&exchange=NYSE&lang=en,2026-10-09
gld_holdings,2010-11-10,2010-11-11,1291.77,https://api.spdrgoldshares.com/api/v1/historical-archive?product=gld&exchange=NYSE&lang=en,2026-10-09
gld_holdings,2010-11-11,2010-11-12,1290.86,https://api.spdrgoldshares.com/api/v1/historical-archive?product=gld&exchange=NYSE&lang=en,2026-10-09
gld_holdings,2010-11-12,2010-11-13,1290.86,https://api.spdrgoldshares.com/api/v1/historical-archive?product=gld&exchange=NYSE&lang=en,2026-10-09
gld_holdings,2010-11-15,2010-11-16,1290.86,https://api.spdrgoldshares.com/api/v1/historical-archive?product=gld&exchange=NYSE&lang=en,2026-10-09
gld_holdings,2010-11-16,2010-11-17,1290.86,https://api.spdrgoldshares.com/api/v1/historical-archive?product=gld&exchange=NYSE&lang=en,2026-10-09
gld_holdings,2010-11-17,2010-11-18,1290.86,https://api.spdrgoldshares.com/api/v1/historical-archive?product=gld&exchange=NYSE&lang=en,2026-10-09
gld_holdings,2010-11-18,2010-11-19,1286.3,https://api.spdrgoldshares.com/api/v1/historical-archive?product=gld&exchange=NYSE&lang=en,2026-10-09
gld_holdings,2010-11-19,2010-11-20,1289.34,https://api.spdrgoldshares.com/api/v1/historical-archive?product=gld&exchange=NYSE&lang=en,2026-10-09
gld_holdings,2010-11-22,2010-11-23,1285.08,https://api.spdrgoldshares.com/api/v1/historical-archive?product=gld&exchange=NYSE&lang=en,2026-10-09
gld_holdings,2010-11-23,2010-11-24,1285.08,https://api.spdrgoldshares.com/api/v1/historical-archive?product=gld&exchange=NYSE&lang=en,2026-10-09
gld_holdings,2010-11-24,2010-11-25,1285.08,https://api.spdrgoldshares.com/api/v1/historical-archive?product=gld&exchange=NYSE&lang=en,2026-10-09
gld_holdings,2010-11-26,2010-11-27,1285.08,https://api.spdrgoldshares.com/api/v1/historical-archive?product=gld&exchange=NYSE&lang=en,2026-10-09
gld_holdings,2010-11-29,2010-11-30,1286.6,https://api.spdrgoldshares.com/api/v1/historical-archive?product=gld&exchange=NYSE&lang=en,2026-10-09
gld_holdings,2010-11-30,2010-12-01,1286.6,https://api.spdrgoldshares.com/api/v1/historical-archive?product=gld&exchange=NYSE&lang=en,2026-10-09
gld_holdings,2010-12-01,2010-12-02,1293.89,https://api.spdrgoldshares.com/api/v1/historical-archive?product=gld&exchange=NYSE&lang=en,2026-10-09
gld_holdings,2010-12-02,2010-12-03,1298.45,https://api.spdrgoldshares.com/api/v1/historical-archive?product=gld&exchange=NYSE&lang=en,2026-10-09
gld_holdings,2010-12-03,2010-12-04,1298.03,https://api.spdrgoldshares.com/api/v1/historical-archive?product=gld&exchange=NYSE&lang=en,2026-10-09
gld_holdings,2010-12-06,2010-12-07,1298.03,https://api.spdrgoldshares.com/api/v1/historical-archive?product=gld&exchange=NYSE&lang=en,2026-10-09
gld_holdings,2010-12-07,2010-12-08,1297.73,https://api.spdrgoldshares.com/api/v1/historical-archive?product=gld&exchange=NYSE&lang=en,2026-10-09
gld_holdings,2010-12-08,2010-12-09,1295.3,https://api.spdrgoldshares.com/api/v1/historical-archive?product=gld&exchange=NYSE&lang=en,2026-10-09
gld_holdings,2010-12-09,2010-12-10,1293.78,https://api.spdrgoldshares.com/api/v1/historical-archive?product=gld&exchange=NYSE&lang=en,2026-10-09
gld_holdings,2010-12-10,2010-12-11,1289.83,https://api.spdrgoldshares.com/api/v1/historical-archive?product=gld&exchange=NYSE&lang=en,2026-10-09
gld_holdings,2010-12-13,2010-12-14,1289.83,https://api.spdrgoldshares.com/api/v1/historical-archive?product=gld&exchange=NYSE&lang=en,2026-10-09
gld_holdings,2010-12-14,2010-12-15,1286.79,https://api.spdrgoldshares.com/api/v1/historical-archive?product=gld&exchange=NYSE&lang=en,2026-10-09
gld_holdings,2010-12-15,2010-12-16,1286.19,https://api.spdrgoldshares.com/api/v1/historical-archive?product=gld&exchange=NYSE&lang=en,2026-10-09
gld_holdings,2010-12-16,2010-12-17,1283.76,https://api.spdrgoldshares.com/api/v1/historical-archive?product=gld&exchange=NYSE&lang=en,2026-10-09
gld_holdings,2010-12-17,2010-12-18,1298.94,https://api.spdrgoldshares.com/api/v1/historical-archive?product=gld&exchange=NYSE&lang=en,2026-10-09
gld_holdings,2010-12-20,2010-12-21,1298.94,https://api.spdrgoldshares.com/api/v1/historical-archive?product=gld&exchange=NYSE&lang=en,2026-10-09
gld_holdings,2010-12-21,2010-12-22,1298.03,https://api.spdrgoldshares.com/api/v1/historical-archive?product=gld&exchange=NYSE&lang=en,2026-10-09
gld_holdings,2010-12-22,2010-12-23,1288.62,https://api.spdrgoldshares.com/api/v1/historical-archive?product=gld&exchange=NYSE&lang=en,2026-10-09
gld_holdings,2010-12-23,2010-12-24,1284.97,https://api.spdrgoldshares.com/api/v1/historical-archive?product=gld&exchange=NYSE&lang=en,2026-10-09
gld_holdings,2010-12-27,2010-12-28,1284.97,https://api.spdrgoldshares.com/api/v1/historical-archive?product=gld&exchange=NYSE&lang=en,2026-10-09
gld_holdings,2010-12-28,2010-12-29,1284.06,https://api.spdrgoldshares.com/api/v1/historical-archive?product=gld&exchange=NYSE&lang=en,2026-10-09
gld_holdings,2010-12-29,2010-12-30,1284.06,https://api.spdrgoldshares.com/api/v1/historical-archive?product=gld&exchange=NYSE&lang=en,2026-10-09
gld_holdings,2010-12-30,2010-12-31,1280.72,https://api.spdrgoldshares.com/api/v1/historical-archive?product=gld&exchange=NYSE&lang=en,2026-10-09
gld_holdings,2010-12-31,2011-01-01,1280.72,https://api.spdrgoldshares.com/api/v1/historical-archive?product=gld&exchange=NYSE&lang=en,2026-10-09
gld_holdings,2011-01-03,2011-01-04,1280.72,https://api.spdrgoldshares.com/api/v1/historical-archive?product=gld&exchange=NYSE&lang=en,2026-10-09
gld_holdings,2011-01-04,2011-01-05,1276.47,https://api.spdrgoldshares.com/api/v1/historical-archive?product=gld&exchange=NYSE&lang=en,2026-10-09
gld_holdings,2011-01-05,2011-01-06,1272.68,https://api.spdrgoldshares.com/api/v1/historical-archive?product=gld&exchange=NYSE&lang=en,2026-10-09
gld_holdings,2011-01-06,2011-01-07,1272.68,https://api.spdrgoldshares.com/api/v1/historical-archive?product=gld&exchange=NYSE&lang=en,2026-10-09
gld_holdings,2011-01-07,2011-01-08,1271.16,https://api.spdrgoldshares.com/api/v1/historical-archive?product=gld&exchange=NYSE&lang=en,2026-10-09
gld_holdings,2011-01-10,2011-01-11,1272.68,https://api.spdrgoldshares.com/api/v1/historical-archive?product=gld&exchange=NYSE&lang=en,2026-10-09
gld_holdings,2011-01-11,2011-01-12,1271.47,https://api.spdrgoldshares.com/api/v1/historical-archive?product=gld&exchange=NYSE&lang=en,2026-10-09
gld_holdings,2011-01-12,2011-01-13,1271.47,https://api.spdrgoldshares.com/api/v1/historical-archive?product=gld&exchange=NYSE&lang=en,2026-10-09
gld_holdings,2011-01-13,2011-01-14,1265.09,https://api.spdrgoldshares.com/api/v1/historical-archive?product=gld&exchange=NYSE&lang=en,2026-10-09
gld_holdings,2011-01-14,2011-01-15,1259.33,https://api.spdrgoldshares.com/api/v1/historical-archive?product=gld&exchange=NYSE&lang=en,2026-10-09
gld_holdings,2011-01-18,2011-01-19,1256.9,https://api.spdrgoldshares.com/api/v1/historical-archive?product=gld&exchange=NYSE&lang=en,2026-10-09
gld_holdings,2011-01-19,2011-01-20,1251.43,https://api.spdrgoldshares.com/api/v1/historical-archive?product=gld&exchange=NYSE&lang=en,2026-10-09
gld_holdings,2011-01-20,2011-01-21,1251.43,https://api.spdrgoldshares.com/api/v1/historical-archive?product=gld&exchange=NYSE&lang=en,2026-10-09
gld_holdings,2011-01-21,2011-01-22,1271.77,https://api.spdrgoldshares.com/api/v1/historical-archive?product=gld&exchange=NYSE&lang=en,2026-10-09
gld_holdings,2011-01-24,2011-01-25,1260.84,https://api.spdrgoldshares.com/api/v1/historical-archive?product=gld&exchange=NYSE&lang=en,2026-10-09
gld_holdings,2011-01-25,2011-01-26,1229.58,https://api.spdrgoldshares.com/api/v1/historical-archive?product=gld&exchange=NYSE&lang=en,2026-10-09
gld_holdings,2011-01-26,2011-01-27,1229.58,https://api.spdrgoldshares.com/api/v1/historical-archive?product=gld&exchange=NYSE&lang=en,2026-10-09
gld_holdings,2011-01-27,2011-01-28,1226.55,https://api.spdrgoldshares.com/api/v1/historical-archive?product=gld&exchange=NYSE&lang=en,2026-10-09
gld_holdings,2011-01-28,2011-01-29,1224.12,https://api.spdrgoldshares.com/api/v1/historical-archive?product=gld&exchange=NYSE&lang=en,2026-10-09
gld_holdings,2011-01-31,2011-02-01,1227.15,https://api.spdrgoldshares.com/api/v1/historical-archive?product=gld&exchange=NYSE&lang=en,2026-10-09
gld_holdings,2011-02-01,2011-02-02,1227.15,https://api.spdrgoldshares.com/api/v1/historical-archive?product=gld&exchange=NYSE&lang=en,2026-10-09
gld_holdings,2011-02-02,2011-02-03,1227.15,https://api.spdrgoldshares.com/api/v1/historical-archive?product=gld&exchange=NYSE&lang=en,2026-10-09
gld_holdings,2011-02-03,2011-02-04,1229.28,https://api.spdrgoldshares.com/api/v1/historical-archive?product=gld&exchange=NYSE&lang=en,2026-10-09
gld_holdings,2011-02-04,2011-02-05,1228.86,https://api.spdrgoldshares.com/api/v1/historical-archive?product=gld&exchange=NYSE&lang=en,2026-10-09
gld_holdings,2011-02-07,2011-02-08,1228.86,https://api.spdrgoldshares.com/api/v1/historical-archive?product=gld&exchange=NYSE&lang=en,2026-10-09
gld_holdings,2011-02-08,2011-02-09,1228.56,https://api.spdrgoldshares.com/api/v1/historical-archive?product=gld&exchange=NYSE&lang=en,2026-10-09
gld_holdings,2011-02-09,2011-02-10,1226.44,https://api.spdrgoldshares.com/api/v1/historical-archive?product=gld&exchange=NYSE&lang=en,2026-10-09
gld_holdings,2011-02-10,2011-02-11,1225.53,https://api.spdrgoldshares.com/api/v1/historical-archive?product=gld&exchange=NYSE&lang=en,2026-10-09
gld_holdings,2011-02-11,2011-02-12,1225.53,https://api.spdrgoldshares.com/api/v1/historical-archive?product=gld&exchange=NYSE&lang=en,2026-10-09
gld_holdings,2011-02-14,2011-02-15,1225.53,https://api.spdrgoldshares.com/api/v1/historical-archive?product=gld&exchange=NYSE&lang=en,2026-10-09
gld_holdings,2011-02-15,2011-02-16,1224.01,https://api.spdrgoldshares.com/api/v1/historical-archive?product=gld&exchange=NYSE&lang=en,2026-10-09
gld_holdings,2011-02-16,2011-02-17,1224.01,https://api.spdrgoldshares.com/api/v1/historical-archive?product=gld&exchange=NYSE&lang=en,2026-10-09
gld_holdings,2011-02-17,2011-02-18,1224.01,https://api.spdrgoldshares.com/api/v1/historical-archive?product=gld&exchange=NYSE&lang=en,2026-10-09
gld_holdings,2011-02-18,2011-02-19,1223.1,https://api.spdrgoldshares.com/api/v1/historical-archive?product=gld&exchange=NYSE&lang=en,2026-10-09
gld_holdings,2011-02-22,2011-02-23,1218.24,https://api.spdrgoldshares.com/api/v1/historical-archive?product=gld&exchange=NYSE&lang=en,2026-10-09
gld_holdings,2011-02-23,2011-02-24,1218.24,https://api.spdrgoldshares.com/api/v1/historical-archive?product=gld&exchange=NYSE&lang=en,2026-10-09
gld_holdings,2011-02-24,2011-02-25,1211.57,https://api.spdrgoldshares.com/api/v1/historical-archive?product=gld&exchange=NYSE&lang=en,2026-10-09
gld_holdings,2011-02-25,2011-02-26,1211.57,https://api.spdrgoldshares.com/api/v1/historical-archive?product=gld&exchange=NYSE&lang=en,2026-10-09
gld_holdings,2011-02-28,2011-03-01,1210.96,https://api.spdrgoldshares.com/api/v1/historical-archive?product=gld&exchange=NYSE&lang=en,2026-10-09
gld_holdings,2011-03-01,2011-03-02,1210.96,https://api.spdrgoldshares.com/api/v1/historical-archive?product=gld&exchange=NYSE&lang=en,2026-10-09
gld_holdings,2011-03-02,2011-03-03,1210.96,https://api.spdrgoldshares.com/api/v1/historical-archive?product=gld&exchange=NYSE&lang=en,2026-10-09
gld_holdings,2011-03-03,2011-03-04,1210.62,https://api.spdrgoldshares.com/api/v1/historical-archive?product=gld&exchange=NYSE&lang=en,2026-10-09
gld_holdings,2011-03-04,2011-03-05,1210.62,https://api.spdrgoldshares.com/api/v1/historical-archive?product=gld&exchange=NYSE&lang=en,2026-10-09
gld_holdings,2011-03-07,2011-03-08,1217.3,https://api.spdrgoldshares.com/api/v1/historical-archive?product=gld&exchange=NYSE&lang=en,2026-10-09
gld_holdings,2011-03-08,2011-03-09,1217.3,https://api.spdrgoldshares.com/api/v1/historical-archive?product=gld&exchange=NYSE&lang=en,2026-10-09
gld_holdings,2011-03-09,2011-03-10,1217.3,https://api.spdrgoldshares.com/api/v1/historical-archive?product=gld&exchange=NYSE&lang=en,2026-10-09
gld_holdings,2011-03-10,2011-03-11,1217.3,https://api.spdrgoldshares.com/api/v1/historical-archive?product=gld&exchange=NYSE&lang=en,2026-10-09
gld_holdings,2011-03-11,2011-03-12,1215.48,https://api.spdrgoldshares.com/api/v1/historical-archive?product=gld&exchange=NYSE&lang=en,2026-10-09
gld_holdings,2011-03-14,2011-03-15,1213.65,https://api.spdrgoldshares.com/api/v1/historical-archive?product=gld&exchange=NYSE&lang=en,2026-10-09
gld_holdings,2011-03-15,2011-03-16,1212.74,https://api.spdrgoldshares.com/api/v1/historical-archive?product=gld&exchange=NYSE&lang=en,2026-10-09
gld_holdings,2011-03-16,2011-03-17,1217.3,https://api.spdrgoldshares.com/api/v1/historical-archive?product=gld&exchange=NYSE&lang=en,2026-10-09
gld_holdings,2011-03-17,2011-03-18,1217.3,https://api.spdrgoldshares.com/api/v1/historical-archive?product=gld&exchange=NYSE&lang=en,2026-10-09
gld_holdings,2011-03-18,2011-03-19,1226.4,https://api.spdrgoldshares.com/api/v1/historical-archive?product=gld&exchange=NYSE&lang=en,2026-10-09
gld_holdings,2011-03-21,2011-03-22,1215.78,https://api.spdrgoldshares.com/api/v1/historical-archive?product=gld&exchange=NYSE&lang=en,2026-10-09
gld_holdings,2011-03-22,2011-03-23,1214.87,https://api.spdrgoldshares.com/api/v1/historical-archive?product=gld&exchange=NYSE&lang=en,2026-10-09
gld_holdings,2011-03-23,2011-03-24,1214.87,https://api.spdrgoldshares.com/api/v1/historical-archive?product=gld&exchange=NYSE&lang=en,2026-10-09
gld_holdings,2011-03-24,2011-03-25,1213.96,https://api.spdrgoldshares.com/api/v1/historical-archive?product=gld&exchange=NYSE&lang=en,2026-10-09
gld_holdings,2011-03-25,2011-03-26,1213.96,https://api.spdrgoldshares.com/api/v1/historical-archive?product=gld&exchange=NYSE&lang=en,2026-10-09
gld_holdings,2011-03-28,2011-03-29,1211.84,https://api.spdrgoldshares.com/api/v1/historical-archive?product=gld&exchange=NYSE&lang=en,2026-10-09
gld_holdings,2011-03-29,2011-03-30,1211.84,https://api.spdrgoldshares.com/api/v1/historical-archive?product=gld&exchange=NYSE&lang=en,2026-10-09
gld_holdings,2011-03-30,2011-03-31,1211.84,https://api.spdrgoldshares.com/api/v1/historical-archive?product=gld&exchange=NYSE&lang=en,2026-10-09
gld_holdings,2011-03-31,2011-04-01,1211.23,https://api.spdrgoldshares.com/api/v1/historical-archive?product=gld&exchange=NYSE&lang=en,2026-10-09
gld_holdings,2011-04-01,2011-04-02,1211.23,https://api.spdrgoldshares.com/api/v1/historical-archive?product=gld&exchange=NYSE&lang=en,2026-10-09
gld_holdings,2011-04-04,2011-04-05,1211.23,https://api.spdrgoldshares.com/api/v1/historical-archive?product=gld&exchange=NYSE&lang=en,2026-10-09
gld_holdings,2011-04-05,2011-04-06,1212.75,https://api.spdrgoldshares.com/api/v1/historical-archive?product=gld&exchange=NYSE&lang=en,2026-10-09
gld_holdings,2011-04-06,2011-04-07,1205.47,https://api.spdrgoldshares.com/api/v1/historical-archive?product=gld&exchange=NYSE&lang=en,2026-10-09
gld_holdings,2011-04-07,2011-04-08,1217.21,https://api.spdrgoldshares.com/api/v1/historical-archive?product=gld&exchange=NYSE&lang=en,2026-10-09
gld_holdings,2011-04-08,2011-04-09,1217.21,https://api.spdrgoldshares.com/api/v1/historical-archive?product=gld&exchange=NYSE&lang=en,2026-10-09
gld_holdings,2011-04-11,2011-04-12,1217.21,https://api.spdrgoldshares.com/api/v1/historical-archive?product=gld&exchange=NYSE&lang=en,2026-10-09
gld_holdings,2011-04-12,2011-04-13,1216.3,https://api.spdrgoldshares.com/api/v1/historical-archive?product=gld&exchange=NYSE&lang=en,2026-10-09
gld_holdings,2011-04-13,2011-04-14,1212.96,https://api.spdrgoldshares.com/api/v1/historical-archive?product=gld&exchange=NYSE&lang=en,2026-10-09
gld_holdings,2011-04-14,2011-04-15,1212.96,https://api.spdrgoldshares.com/api/v1/historical-archive?product=gld&exchange=NYSE&lang=en,2026-10-09
gld_holdings,2011-04-15,2011-04-16,1231.16,https://api.spdrgoldshares.com/api/v1/historical-archive?product=gld&exchange=NYSE&lang=en,2026-10-09
gld_holdings,2011-04-18,2011-04-19,1231.16,https://api.spdrgoldshares.com/api/v1/historical-archive?product=gld&exchange=NYSE&lang=en,2026-10-09
gld_holdings,2011-04-19,2011-04-20,1230.25,https://api.spdrgoldshares.com/api/v1/historical-archive?product=gld&exchange=NYSE&lang=en,2026-10-09
gld_holdings,2011-04-20,2011-04-21,1230.25,https://api.spdrgoldshares.com/api/v1/historical-archive?product=gld&exchange=NYSE&lang=en,2026-10-09
gld_holdings,2011-04-21,2011-04-22,1229.64,https://api.spdrgoldshares.com/api/v1/historical-archive?product=gld&exchange=NYSE&lang=en,2026-10-09
gld_holdings,2011-04-25,2011-04-26,1229.64,https://api.spdrgoldshares.com/api/v1/historical-archive?product=gld&exchange=NYSE&lang=en,2026-10-09
gld_holdings,2011-04-26,2011-04-27,1229.64,https://api.spdrgoldshares.com/api/v1/historical-archive?product=gld&exchange=NYSE&lang=en,2026-10-09
gld_holdings,2011-04-27,2011-04-28,1229.64,https://api.spdrgoldshares.com/api/v1/historical-archive?product=gld&exchange=NYSE&lang=en,2026-10-09
gld_holdings,2011-04-28,2011-04-29,1229.64,https://api.spdrgoldshares.com/api/v1/historical-archive?product=gld&exchange=NYSE&lang=en,2026-10-09
gld_holdings,2011-04-29,2011-04-30,1229.64,https://api.spdrgoldshares.com/api/v1/historical-archive?product=gld&exchange=NYSE&lang=en,2026-10-09
gld_holdings,2011-05-02,2011-05-03,1229.64,https://api.spdrgoldshares.com/api/v1/historical-archive?product=gld&exchange=NYSE&lang=en,2026-10-09
gld_holdings,2011-05-03,2011-05-04,1224.49,https://api.spdrgoldshares.com/api/v1/historical-archive?product=gld&exchange=NYSE&lang=en,2026-10-09
gld_holdings,2011-05-04,2011-05-05,1219.94,https://api.spdrgoldshares.com/api/v1/historical-archive?product=gld&exchange=NYSE&lang=en,2026-10-09
gld_holdings,2011-05-05,2011-05-06,1208.42,https://api.spdrgoldshares.com/api/v1/historical-archive?product=gld&exchange=NYSE&lang=en,2026-10-09
gld_holdings,2011-05-06,2011-05-07,1205.39,https://api.spdrgoldshares.com/api/v1/historical-archive?product=gld&exchange=NYSE&lang=en,2026-10-09
gld_holdings,2011-05-09,2011-05-10,1201.95,https://api.spdrgoldshares.com/api/v1/historical-archive?product=gld&exchange=NYSE&lang=en,2026-10-09
gld_holdings,2011-05-10,2011-05-11,1201.95,https://api.spdrgoldshares.com/api/v1/historical-archive?product=gld&exchange=NYSE&lang=en,2026-10-09
gld_holdings,2011-05-11,2011-05-12,1201.04,https://api.spdrgoldshares.com/api/v1/historical-archive?product=gld&exchange=NYSE&lang=en,2026-10-09
gld_holdings,2011-05-12,2011-05-13,1193.16,https://api.spdrgoldshares.com/api/v1/historical-archive?product=gld&exchange=NYSE&lang=en,2026-10-09
gld_holdings,2011-05-13,2011-05-14,1192.25,https://api.spdrgoldshares.com/api/v1/historical-archive?product=gld&exchange=NYSE&lang=en,2026-10-09
gld_holdings,2011-05-16,2011-05-17,1192.25,https://api.spdrgoldshares.com/api/v1/historical-archive?product=gld&exchange=NYSE&lang=en,2026-10-09
gld_holdings,2011-05-17,2011-05-18,1192.25,https://api.spdrgoldshares.com/api/v1/historical-archive?product=gld&exchange=NYSE&lang=en,2026-10-09
gld_holdings,2011-05-18,2011-05-19,1191.34,https://api.spdrgoldshares.com/api/v1/historical-archive?product=gld&exchange=NYSE&lang=en,2026-10-09
gld_holdings,2011-05-19,2011-05-20,1191.34,https://api.spdrgoldshares.com/api/v1/historical-archive?product=gld&exchange=NYSE&lang=en,2026-10-09
gld_holdings,2011-05-20,2011-05-21,1201.95,https://api.spdrgoldshares.com/api/v1/historical-archive?product=gld&exchange=NYSE&lang=en,2026-10-09
gld_holdings,2011-05-23,2011-05-24,1209.53,https://api.spdrgoldshares.com/api/v1/historical-archive?product=gld&exchange=NYSE&lang=en,2026-10-09
gld_holdings,2011-05-24,2011-05-25,1214.08,https://api.spdrgoldshares.com/api/v1/historical-archive?product=gld&exchange=NYSE&lang=en,2026-10-09
gld_holdings,2011-05-25,2011-05-26,1214.08,https://api.spdrgoldshares.com/api/v1/historical-archive?product=gld&exchange=NYSE&lang=en,2026-10-09
gld_holdings,2011-05-26,2011-05-27,1214.08,https://api.spdrgoldshares.com/api/v1/historical-archive?product=gld&exchange=NYSE&lang=en,2026-10-09
gld_holdings,2011-05-27,2011-05-28,1213.17,https://api.spdrgoldshares.com/api/v1/historical-archive?product=gld&exchange=NYSE&lang=en,2026-10-09
gld_holdings,2011-05-31,2011-06-01,1210.74,https://api.spdrgoldshares.com/api/v1/historical-archive?product=gld&exchange=NYSE&lang=en,2026-10-09
gld_holdings,2011-06-01,2011-06-02,1212.87,https://api.spdrgoldshares.com/api/v1/historical-archive?product=gld&exchange=NYSE&lang=en,2026-10-09
gld_holdings,2011-06-02,2011-06-03,1212.87,https://api.spdrgoldshares.com/api/v1/historical-archive?product=gld&exchange=NYSE&lang=en,2026-10-09
gld_holdings,2011-06-03,2011-06-04,1212.87,https://api.spdrgoldshares.com/api/v1/historical-archive?product=gld&exchange=NYSE&lang=en,2026-10-09
gld_holdings,2011-06-06,2011-06-07,1212.87,https://api.spdrgoldshares.com/api/v1/historical-archive?product=gld&exchange=NYSE&lang=en,2026-10-09
gld_holdings,2011-06-07,2011-06-08,1212.87,https://api.spdrgoldshares.com/api/v1/historical-archive?product=gld&exchange=NYSE&lang=en,2026-10-09
gld_holdings,2011-06-08,2011-06-09,1211.57,https://api.spdrgoldshares.com/api/v1/historical-archive?product=gld&exchange=NYSE&lang=en,2026-10-09
gld_holdings,2011-06-09,2011-06-10,1211.57,https://api.spdrgoldshares.com/api/v1/historical-archive?product=gld&exchange=NYSE&lang=en,2026-10-09
gld_holdings,2011-06-10,2011-06-11,1200.96,https://api.spdrgoldshares.com/api/v1/historical-archive?product=gld&exchange=NYSE&lang=en,2026-10-09
gld_holdings,2011-06-13,2011-06-14,1200.05,https://api.spdrgoldshares.com/api/v1/historical-archive?product=gld&exchange=NYSE&lang=en,2026-10-09
gld_holdings,2011-06-14,2011-06-15,1200.05,https://api.spdrgoldshares.com/api/v1/historical-archive?product=gld&exchange=NYSE&lang=en,2026-10-09
gld_holdings,2011-06-15,2011-06-16,1200.05,https://api.spdrgoldshares.com/api/v1/historical-archive?product=gld&exchange=NYSE&lang=en,2026-10-09
gld_holdings,2011-06-16,2011-06-17,1200.05,https://api.spdrgoldshares.com/api/v1/historical-archive?product=gld&exchange=NYSE&lang=en,2026-10-09
gld_holdings,2011-06-17,2011-06-18,1209.14,https://api.spdrgoldshares.com/api/v1/historical-archive?product=gld&exchange=NYSE&lang=en,2026-10-09
gld_holdings,2011-06-20,2011-06-21,1209.14,https://api.spdrgoldshares.com/api/v1/historical-archive?product=gld&exchange=NYSE&lang=en,2026-10-09
gld_holdings,2011-06-21,2011-06-22,1209.14,https://api.spdrgoldshares.com/api/v1/historical-archive?product=gld&exchange=NYSE&lang=en,2026-10-09
gld_holdings,2011-06-22,2011-06-23,1209.14,https://api.spdrgoldshares.com/api/v1/historical-archive?product=gld&exchange=NYSE&lang=en,2026-10-09
gld_holdings,2011-06-23,2011-06-24,1209.14,https://api.spdrgoldshares.com/api/v1/historical-archive?product=gld&exchange=NYSE&lang=en,2026-10-09
gld_holdings,2011-06-24,2011-06-25,1209.14,https://api.spdrgoldshares.com/api/v1/historical-archive?product=gld&exchange=NYSE&lang=en,2026-10-09
gld_holdings,2011-06-27,2011-06-28,1209.14,https://api.spdrgoldshares.com/api/v1/historical-archive?product=gld&exchange=NYSE&lang=en,2026-10-09
gld_holdings,2011-06-28,2011-06-29,1209.14,https://api.spdrgoldshares.com/api/v1/historical-archive?product=gld&exchange=NYSE&lang=en,2026-10-09
gld_holdings,2011-06-29,2011-06-30,1208.23,https://api.spdrgoldshares.com/api/v1/historical-archive?product=gld&exchange=NYSE&lang=en,2026-10-09
gld_holdings,2011-06-30,2011-07-01,1208.23,https://api.spdrgoldshares.com/api/v1/historical-archive?product=gld&exchange=NYSE&lang=en,2026-10-09
gld_holdings,2011-07-01,2011-07-02,1205.81,https://api.spdrgoldshares.com/api/v1/historical-archive?product=gld&exchange=NYSE&lang=en,2026-10-09
gld_holdings,2011-07-05,2011-07-06,1205.81,https://api.spdrgoldshares.com/api/v1/historical-archive?product=gld&exchange=NYSE&lang=en,2026-10-09
gld_holdings,2011-07-06,2011-07-07,1205.81,https://api.spdrgoldshares.com/api/v1/historical-archive?product=gld&exchange=NYSE&lang=en,2026-10-09
gld_holdings,2011-07-07,2011-07-08,1205.81,https://api.spdrgoldshares.com/api/v1/historical-archive?product=gld&exchange=NYSE&lang=en,2026-10-09
gld_holdings,2011-07-08,2011-07-09,1205.41,https://api.spdrgoldshares.com/api/v1/historical-archive?product=gld&exchange=NYSE&lang=en,2026-10-09
gld_holdings,2011-07-11,2011-07-12,1205.41,https://api.spdrgoldshares.com/api/v1/historical-archive?product=gld&exchange=NYSE&lang=en,2026-10-09
gld_holdings,2011-07-12,2011-07-13,1225.41,https://api.spdrgoldshares.com/api/v1/historical-archive?product=gld&exchange=NYSE&lang=en,2026-10-09
gld_holdings,2011-07-13,2011-07-14,1225.41,https://api.spdrgoldshares.com/api/v1/historical-archive?product=gld&exchange=NYSE&lang=en,2026-10-09
gld_holdings,2011-07-14,2011-07-15,1225.41,https://api.spdrgoldshares.com/api/v1/historical-archive?product=gld&exchange=NYSE&lang=en,2026-10-09
gld_holdings,2011-07-15,2011-07-16,1236.01,https://api.spdrgoldshares.com/api/v1/historical-archive?product=gld&exchange=NYSE&lang=en,2026-10-09
gld_holdings,2011-07-18,2011-07-19,1249.34,https://api.spdrgoldshares.com/api/v1/historical-archive?product=gld&exchange=NYSE&lang=en,2026-10-09
gld_holdings,2011-07-19,2011-07-20,1246.01,https://api.spdrgoldshares.com/api/v1/historical-archive?product=gld&exchange=NYSE&lang=en,2026-10-09
gld_holdings,2011-07-20,2011-07-21,1246.01,https://api.spdrgoldshares.com/api/v1/historical-archive?product=gld&exchange=NYSE&lang=en,2026-10-09
gld_holdings,2011-07-21,2011-07-22,1242.68,https://api.spdrgoldshares.com/api/v1/historical-archive?product=gld&exchange=NYSE&lang=en,2026-10-09
gld_holdings,2011-07-22,2011-07-23,1241.77,https://api.spdrgoldshares.com/api/v1/historical-archive?product=gld&exchange=NYSE&lang=en,2026-10-09
gld_holdings,2011-07-25,2011-07-26,1241.77,https://api.spdrgoldshares.com/api/v1/historical-archive?product=gld&exchange=NYSE&lang=en,2026-10-09
gld_holdings,2011-07-26,2011-07-27,1241.77,https://api.spdrgoldshares.com/api/v1/historical-archive?product=gld&exchange=NYSE&lang=en,2026-10-09
gld_holdings,2011-07-27,2011-07-28,1244.8,https://api.spdrgoldshares.com/api/v1/historical-archive?product=gld&exchange=NYSE&lang=en,2026-10-09
gld_holdings,2011-07-28,2011-07-29,1262.97,https://api.spdrgoldshares.com/api/v1/historical-archive?product=gld&exchange=NYSE&lang=en,2026-10-09
gld_holdings,2011-07-29,2011-07-30,1263.58,https://api.spdrgoldshares.com/api/v1/historical-archive?product=gld&exchange=NYSE&lang=en,2026-10-09
gld_holdings,2011-08-01,2011-08-02,1263.58,https://api.spdrgoldshares.com/api/v1/historical-archive?product=gld&exchange=NYSE&lang=en,2026-10-09
gld_holdings,2011-08-02,2011-08-03,1281.75,https://api.spdrgoldshares.com/api/v1/historical-archive?product=gld&exchange=NYSE&lang=en,2026-10-09
gld_holdings,2011-08-03,2011-08-04,1286.3,https://api.spdrgoldshares.com/api/v1/historical-archive?product=gld&exchange=NYSE&lang=en,2026-10-09
gld_holdings,2011-08-04,2011-08-05,1286.3,https://api.spdrgoldshares.com/api/v1/historical-archive?product=gld&exchange=NYSE&lang=en,2026-10-09
gld_holdings,2011-08-05,2011-08-06,1286.3,https://api.spdrgoldshares.com/api/v1/historical-archive?product=gld&exchange=NYSE&lang=en,2026-10-09
gld_holdings,2011-08-08,2011-08-09,1309.92,https://api.spdrgoldshares.com/api/v1/historical-archive?product=gld&exchange=NYSE&lang=en,2026-10-09
gld_holdings,2011-08-09,2011-08-10,1296.9,https://api.spdrgoldshares.com/api/v1/historical-archive?product=gld&exchange=NYSE&lang=en,2026-10-09
gld_holdings,2011-08-10,2011-08-11,1296.52,https://api.spdrgoldshares.com/api/v1/historical-archive?product=gld&exchange=NYSE&lang=en,2026-10-09
gld_holdings,2011-08-11,2011-08-12,1272.89,https://api.spdrgoldshares.com/api/v1/historical-archive?product=gld&exchange=NYSE&lang=en,2026-10-09
gld_holdings,2011-08-12,2011-08-13,1260.17,https://api.spdrgoldshares.com/api/v1/historical-archive?product=gld&exchange=NYSE&lang=en,2026-10-09
gld_holdings,2011-08-15,2011-08-16,1260.17,https://api.spdrgoldshares.com/api/v1/historical-archive?product=gld&exchange=NYSE&lang=en,2026-10-09
gld_holdings,2011-08-16,2011-08-17,1262.9,https://api.spdrgoldshares.com/api/v1/historical-archive?product=gld&exchange=NYSE&lang=en,2026-10-09
gld_holdings,2011-08-17,2011-08-18,1271.98,https://api.spdrgoldshares.com/api/v1/historical-archive?product=gld&exchange=NYSE&lang=en,2026-10-09
gld_holdings,2011-08-18,2011-08-19,1286.83,https://api.spdrgoldshares.com/api/v1/historical-archive?product=gld&exchange=NYSE&lang=en,2026-10-09
gld_holdings,2011-08-19,2011-08-20,1290.76,https://api.spdrgoldshares.com/api/v1/historical-archive?product=gld&exchange=NYSE&lang=en,2026-10-09
gld_holdings,2011-08-22,2011-08-23,1284.4,https://api.spdrgoldshares.com/api/v1/historical-archive?product=gld&exchange=NYSE&lang=en,2026-10-09
gld_holdings,2011-08-23,2011-08-24,1259.57,https://api.spdrgoldshares.com/api/v1/historical-archive?product=gld&exchange=NYSE&lang=en,2026-10-09
gld_holdings,2011-08-24,2011-08-25,1232.31,https://api.spdrgoldshares.com/api/v1/historical-archive?product=gld&exchange=NYSE&lang=en,2026-10-09
gld_holdings,2011-08-25,2011-08-26,1232.31,https://api.spdrgoldshares.com/api/v1/historical-archive?product=gld&exchange=NYSE&lang=en,2026-10-09
gld_holdings,2011-08-26,2011-08-27,1230.8,https://api.spdrgoldshares.com/api/v1/historical-archive?product=gld&exchange=NYSE&lang=en,2026-10-09
gld_holdings,2011-08-29,2011-08-30,1230.8,https://api.spdrgoldshares.com/api/v1/historical-archive?product=gld&exchange=NYSE&lang=en,2026-10-09
gld_holdings,2011-08-30,2011-08-31,1232.31,https://api.spdrgoldshares.com/api/v1/historical-archive?product=gld&exchange=NYSE&lang=en,2026-10-09
gld_holdings,2011-08-31,2011-09-01,1232.31,https://api.spdrgoldshares.com/api/v1/historical-archive?product=gld&exchange=NYSE&lang=en,2026-10-09
gld_holdings,2011-09-01,2011-09-02,1232.31,https://api.spdrgoldshares.com/api/v1/historical-archive?product=gld&exchange=NYSE&lang=en,2026-10-09
gld_holdings,2011-09-02,2011-09-03,1232.31,https://api.spdrgoldshares.com/api/v1/historical-archive?product=gld&exchange=NYSE&lang=en,2026-10-09
gld_holdings,2011-09-06,2011-09-07,1232.31,https://api.spdrgoldshares.com/api/v1/historical-archive?product=gld&exchange=NYSE&lang=en,2026-10-09
gld_holdings,2011-09-07,2011-09-08,1232.31,https://api.spdrgoldshares.com/api/v1/historical-archive?product=gld&exchange=NYSE&lang=en,2026-10-09
gld_holdings,2011-09-08,2011-09-09,1231.41,https://api.spdrgoldshares.com/api/v1/historical-archive?product=gld&exchange=NYSE&lang=en,2026-10-09
gld_holdings,2011-09-09,2011-09-10,1241.92,https://api.spdrgoldshares.com/api/v1/historical-archive?product=gld&exchange=NYSE&lang=en,2026-10-09
gld_holdings,2011-09-12,2011-09-13,1241.92,https://api.spdrgoldshares.com/api/v1/historical-archive?product=gld&exchange=NYSE&lang=en,2026-10-09
gld_holdings,2011-09-13,2011-09-14,1241.31,https://api.spdrgoldshares.com/api/v1/historical-archive?product=gld&exchange=NYSE&lang=en,2026-10-09
gld_holdings,2011-09-14,2011-09-15,1241.31,https://api.spdrgoldshares.com/api/v1/historical-archive?product=gld&exchange=NYSE&lang=en,2026-10-09
gld_holdings,2011-09-15,2011-09-16,1241.31,https://api.spdrgoldshares.com/api/v1/historical-archive?product=gld&exchange=NYSE&lang=en,2026-10-09
gld_holdings,2011-09-16,2011-09-17,1251.91,https://api.spdrgoldshares.com/api/v1/historical-archive?product=gld&exchange=NYSE&lang=en,2026-10-09
gld_holdings,2011-09-19,2011-09-20,1251.91,https://api.spdrgoldshares.com/api/v1/historical-archive?product=gld&exchange=NYSE&lang=en,2026-10-09
gld_holdings,2011-09-20,2011-09-21,1252.21,https://api.spdrgoldshares.com/api/v1/historical-archive?product=gld&exchange=NYSE&lang=en,2026-10-09
gld_holdings,2011-09-21,2011-09-22,1252.21,https://api.spdrgoldshares.com/api/v1/historical-archive?product=gld&exchange=NYSE&lang=en,2026-10-09
gld_holdings,2011-09-22,2011-09-23,1252.21,https://api.spdrgoldshares.com/api/v1/historical-archive?product=gld&exchange=NYSE&lang=en,2026-10-09
gld_holdings,2011-09-23,2011-09-24,1252.21,https://api.spdrgoldshares.com/api/v1/historical-archive?product=gld&exchange=NYSE&lang=en,2026-10-09
gld_holdings,2011-09-26,2011-09-27,1246.76,https://api.spdrgoldshares.com/api/v1/historical-archive?product=gld&exchange=NYSE&lang=en,2026-10-09
gld_holdings,2011-09-27,2011-09-28,1241.92,https://api.spdrgoldshares.com/api/v1/historical-archive?product=gld&exchange=NYSE&lang=en,2026-10-09
gld_holdings,2011-09-28,2011-09-29,1241.92,https://api.spdrgoldshares.com/api/v1/historical-archive?product=gld&exchange=NYSE&lang=en,2026-10-09
gld_holdings,2011-09-29,2011-09-30,1231.93,https://api.spdrgoldshares.com/api/v1/historical-archive?product=gld&exchange=NYSE&lang=en,2026-10-09
gld_holdings,2011-09-30,2011-10-01,1231.93,https://api.spdrgoldshares.com/api/v1/historical-archive?product=gld&exchange=NYSE&lang=en,2026-10-09
gld_holdings,2011-10-03,2011-10-04,1232.23,https://api.spdrgoldshares.com/api/v1/historical-archive?product=gld&exchange=NYSE&lang=en,2026-10-09
gld_holdings,2011-10-04,2011-10-05,1229.51,https://api.spdrgoldshares.com/api/v1/historical-archive?product=gld&exchange=NYSE&lang=en,2026-10-09
gld_holdings,2011-10-05,2011-10-06,1229.51,https://api.spdrgoldshares.com/api/v1/historical-archive?product=gld&exchange=NYSE&lang=en,2026-10-09
gld_holdings,2011-10-06,2011-10-07,1229.51,https://api.spdrgoldshares.com/api/v1/historical-archive?product=gld&exchange=NYSE&lang=en,2026-10-09
gld_holdings,2011-10-07,2011-10-08,1229.51,https://api.spdrgoldshares.com/api/v1/historical-archive?product=gld&exchange=NYSE&lang=en,2026-10-09
gld_holdings,2011-10-10,2011-10-11,1227.99,https://api.spdrgoldshares.com/api/v1/historical-archive?product=gld&exchange=NYSE&lang=en,2026-10-09
gld_holdings,2011-10-11,2011-10-12,1227.99,https://api.spdrgoldshares.com/api/v1/historical-archive?product=gld&exchange=NYSE&lang=en,2026-10-09
gld_holdings,2011-10-12,2011-10-13,1227.99,https://api.spdrgoldshares.com/api/v1/historical-archive?product=gld&exchange=NYSE&lang=en,2026-10-09
gld_holdings,2011-10-13,2011-10-14,1227.51,https://api.spdrgoldshares.com/api/v1/historical-archive?product=gld&exchange=NYSE&lang=en,2026-10-09
gld_holdings,2011-10-14,2011-10-15,1227.51,https://api.spdrgoldshares.com/api/v1/historical-archive?product=gld&exchange=NYSE&lang=en,2026-10-09
gld_holdings,2011-10-17,2011-10-18,1227.51,https://api.spdrgoldshares.com/api/v1/historical-archive?product=gld&exchange=NYSE&lang=en,2026-10-09
gld_holdings,2011-10-18,2011-10-19,1227.51,https://api.spdrgoldshares.com/api/v1/historical-archive?product=gld&exchange=NYSE&lang=en,2026-10-09
gld_holdings,2011-10-19,2011-10-20,1227.51,https://api.spdrgoldshares.com/api/v1/historical-archive?product=gld&exchange=NYSE&lang=en,2026-10-09
gld_holdings,2011-10-20,2011-10-21,1227.51,https://api.spdrgoldshares.com/api/v1/historical-archive?product=gld&exchange=NYSE&lang=en,2026-10-09
gld_holdings,2011-10-21,2011-10-22,1227.51,https://api.spdrgoldshares.com/api/v1/historical-archive?product=gld&exchange=NYSE&lang=en,2026-10-09
gld_holdings,2011-10-24,2011-10-25,1233.56,https://api.spdrgoldshares.com/api/v1/historical-archive?product=gld&exchange=NYSE&lang=en,2026-10-09
gld_holdings,2011-10-25,2011-10-26,1244.16,https://api.spdrgoldshares.com/api/v1/historical-archive?product=gld&exchange=NYSE&lang=en,2026-10-09
gld_holdings,2011-10-26,2011-10-27,1244.16,https://api.spdrgoldshares.com/api/v1/historical-archive?product=gld&exchange=NYSE&lang=en,2026-10-09
gld_holdings,2011-10-27,2011-10-28,1243.55,https://api.spdrgoldshares.com/api/v1/historical-archive?product=gld&exchange=NYSE&lang=en,2026-10-09
gld_holdings,2011-10-28,2011-10-29,1243.55,https://api.spdrgoldshares.com/api/v1/historical-archive?product=gld&exchange=NYSE&lang=en,2026-10-09
gld_holdings,2011-10-31,2011-11-01,1243.55,https://api.spdrgoldshares.com/api/v1/historical-archive?product=gld&exchange=NYSE&lang=en,2026-10-09
gld_holdings,2011-11-01,2011-11-02,1243.55,https://api.spdrgoldshares.com/api/v1/historical-archive?product=gld&exchange=NYSE&lang=en,2026-10-09
gld_holdings,2011-11-02,2011-11-03,1243.55,https://api.spdrgoldshares.com/api/v1/historical-archive?product=gld&exchange=NYSE&lang=en,2026-10-09
gld_holdings,2011-11-03,2011-11-04,1243.55,https://api.spdrgoldshares.com/api/v1/historical-archive?product=gld&exchange=NYSE&lang=en,2026-10-09
gld_holdings,2011-11-04,2011-11-05,1245.06,https://api.spdrgoldshares.com/api/v1/historical-archive?product=gld&exchange=NYSE&lang=en,2026-10-09
gld_holdings,2011-11-07,2011-11-08,1255.65,https://api.spdrgoldshares.com/api/v1/historical-archive?product=gld&exchange=NYSE&lang=en,2026-10-09
gld_holdings,2011-11-08,2011-11-09,1264.13,https://api.spdrgoldshares.com/api/v1/historical-archive?product=gld&exchange=NYSE&lang=en,2026-10-09
gld_holdings,2011-11-09,2011-11-10,1267.15,https://api.spdrgoldshares.com/api/v1/historical-archive?product=gld&exchange=NYSE&lang=en,2026-10-09
gld_holdings,2011-11-10,2011-11-11,1268.67,https://api.spdrgoldshares.com/api/v1/historical-archive?product=gld&exchange=NYSE&lang=en,2026-10-09
gld_holdings,2011-11-11,2011-11-12,1268.67,https://api.spdrgoldshares.com/api/v1/historical-archive?product=gld&exchange=NYSE&lang=en,2026-10-09
gld_holdings,2011-11-14,2011-11-15,1268.28,https://api.spdrgoldshares.com/api/v1/historical-archive?product=gld&exchange=NYSE&lang=en,2026-10-09
gld_holdings,2011-11-15,2011-11-16,1268.28,https://api.spdrgoldshares.com/api/v1/historical-archive?product=gld&exchange=NYSE&lang=en,2026-10-09
gld_holdings,2011-11-16,2011-11-17,1277.36,https://api.spdrgoldshares.com/api/v1/historical-archive?product=gld&exchange=NYSE&lang=en,2026-10-09
gld_holdings,2011-11-17,2011-11-18,1289.46,https://api.spdrgoldshares.com/api/v1/historical-archive?product=gld&exchange=NYSE&lang=en,2026-10-09
gld_holdings,2011-11-18,2011-11-19,1293.09,https://api.spdrgoldshares.com/api/v1/historical-archive?product=gld&exchange=NYSE&lang=en,2026-10-09
gld_holdings,2011-11-21,2011-11-22,1291.27,https://api.spdrgoldshares.com/api/v1/historical-archive?product=gld&exchange=NYSE&lang=en,2026-10-09
gld_holdings,2011-11-22,2011-11-23,1297.32,https://api.spdrgoldshares.com/api/v1/historical-archive?product=gld&exchange=NYSE&lang=en,2026-10-09
gld_holdings,2011-11-23,2011-11-24,1297.32,https://api.spdrgoldshares.com/api/v1/historical-archive?product=gld&exchange=NYSE&lang=en,2026-10-09
gld_holdings,2011-11-25,2011-11-26,1297.32,https://api.spdrgoldshares.com/api/v1/historical-archive?product=gld&exchange=NYSE&lang=en,2026-10-09
gld_holdings,2011-11-28,2011-11-29,1297.32,https://api.spdrgoldshares.com/api/v1/historical-archive?product=gld&exchange=NYSE&lang=en,2026-10-09
gld_holdings,2011-11-29,2011-11-30,1297.32,https://api.spdrgoldshares.com/api/v1/historical-archive?product=gld&exchange=NYSE&lang=en,2026-10-09
gld_holdings,2011-11-30,2011-12-01,1298.53,https://api.spdrgoldshares.com/api/v1/historical-archive?product=gld&exchange=NYSE&lang=en,2026-10-09
gld_holdings,2011-12-01,2011-12-02,1297.93,https://api.spdrgoldshares.com/api/v1/historical-archive?product=gld&exchange=NYSE&lang=en,2026-10-09
gld_holdings,2011-12-02,2011-12-03,1297.93,https://api.spdrgoldshares.com/api/v1/historical-archive?product=gld&exchange=NYSE&lang=en,2026-10-09
gld_holdings,2011-12-05,2011-12-06,1297.93,https://api.spdrgoldshares.com/api/v1/historical-archive?product=gld&exchange=NYSE&lang=en,2026-10-09
gld_holdings,2011-12-06,2011-12-07,1297.93,https://api.spdrgoldshares.com/api/v1/historical-archive?product=gld&exchange=NYSE&lang=en,2026-10-09
gld_holdings,2011-12-07,2011-12-08,1295.81,https://api.spdrgoldshares.com/api/v1/historical-archive?product=gld&exchange=NYSE&lang=en,2026-10-09
gld_holdings,2011-12-08,2011-12-09,1295.81,https://api.spdrgoldshares.com/api/v1/historical-archive?product=gld&exchange=NYSE&lang=en,2026-10-09
gld_holdings,2011-12-09,2011-12-10,1295.4,https://api.spdrgoldshares.com/api/v1/historical-archive?product=gld&exchange=NYSE&lang=en,2026-10-09
gld_holdings,2011-12-12,2011-12-13,1294.8,https://api.spdrgoldshares.com/api/v1/historical-archive?product=gld&exchange=NYSE&lang=en,2026-10-09
gld_holdings,2011-12-13,2011-12-14,1294.8,https://api.spdrgoldshares.com/api/v1/historical-archive?product=gld&exchange=NYSE&lang=en,2026-10-09
gld_holdings,2011-12-14,2011-12-15,1294.8,https://api.spdrgoldshares.com/api/v1/historical-archive?product=gld&exchange=NYSE&lang=en,2026-10-09
gld_holdings,2011-12-15,2011-12-16,1279.98,https://api.spdrgoldshares.com/api/v1/historical-archive?product=gld&exchange=NYSE&lang=en,2026-10-09
gld_holdings,2011-12-16,2011-12-17,1279.98,https://api.spdrgoldshares.com/api/v1/historical-archive?product=gld&exchange=NYSE&lang=en,2026-10-09
gld_holdings,2011-12-19,2011-12-20,1279.98,https://api.spdrgoldshares.com/api/v1/historical-archive?product=gld&exchange=NYSE&lang=en,2026-10-09
gld_holdings,2011-12-20,2011-12-21,1279.98,https://api.spdrgoldshares.com/api/v1/historical-archive?product=gld&exchange=NYSE&lang=en,2026-10-09
gld_holdings,2011-12-21,2011-12-22,1267.88,https://api.spdrgoldshares.com/api/v1/historical-archive?product=gld&exchange=NYSE&lang=en,2026-10-09
gld_holdings,2011-12-22,2011-12-23,1254.57,https://api.spdrgoldshares.com/api/v1/historical-archive?product=gld&exchange=NYSE&lang=en,2026-10-09
gld_holdings,2011-12-23,2011-12-24,1254.57,https://api.spdrgoldshares.com/api/v1/historical-archive?product=gld&exchange=NYSE&lang=en,2026-10-09
gld_holdings,2011-12-27,2011-12-28,1254.57,https://api.spdrgoldshares.com/api/v1/historical-archive?product=gld&exchange=NYSE&lang=en,2026-10-09
gld_holdings,2011-12-28,2011-12-29,1254.57,https://api.spdrgoldshares.com/api/v1/historical-archive?product=gld&exchange=NYSE&lang=en,2026-10-09
gld_holdings,2011-12-29,2011-12-30,1254.57,https://api.spdrgoldshares.com/api/v1/historical-archive?product=gld&exchange=NYSE&lang=en,2026-10-09
gld_holdings,2011-12-30,2011-12-31,1254.57,https://api.spdrgoldshares.com/api/v1/historical-archive?product=gld&exchange=NYSE&lang=en,2026-10-09
gld_holdings,2012-01-03,2012-01-04,1254.57,https://api.spdrgoldshares.com/api/v1/historical-archive?product=gld&exchange=NYSE&lang=en,2026-10-09
gld_holdings,2012-01-04,2012-01-05,1254.57,https://api.spdrgoldshares.com/api/v1/historical-archive?product=gld&exchange=NYSE&lang=en,2026-10-09
gld_holdings,2012-01-05,2012-01-06,1254.57,https://api.spdrgoldshares.com/api/v1/historical-archive?product=gld&exchange=NYSE&lang=en,2026-10-09
gld_holdings,2012-01-06,2012-01-07,1254.57,https://api.spdrgoldshares.com/api/v1/historical-archive?product=gld&exchange=NYSE&lang=en,2026-10-09
gld_holdings,2012-01-09,2012-01-10,1254.57,https://api.spdrgoldshares.com/api/v1/historical-archive?product=gld&exchange=NYSE&lang=en,2026-10-09
gld_holdings,2012-01-10,2012-01-11,1254.57,https://api.spdrgoldshares.com/api/v1/historical-archive?product=gld&exchange=NYSE&lang=en,2026-10-09
gld_holdings,2012-01-11,2012-01-12,1254.16,https://api.spdrgoldshares.com/api/v1/historical-archive?product=gld&exchange=NYSE&lang=en,2026-10-09
gld_holdings,2012-01-12,2012-01-13,1254.16,https://api.spdrgoldshares.com/api/v1/historical-archive?product=gld&exchange=NYSE&lang=en,2026-10-09
gld_holdings,2012-01-13,2012-01-14,1254.16,https://api.spdrgoldshares.com/api/v1/historical-archive?product=gld&exchange=NYSE&lang=en,2026-10-09
gld_holdings,2012-01-17,2012-01-18,1255.67,https://api.spdrgoldshares.com/api/v1/historical-archive?product=gld&exchange=NYSE&lang=en,2026-10-09
gld_holdings,2012-01-18,2012-01-19,1255.67,https://api.spdrgoldshares.com/api/v1/historical-archive?product=gld&exchange=NYSE&lang=en,2026-10-09
gld_holdings,2012-01-19,2012-01-20,1255.67,https://api.spdrgoldshares.com/api/v1/historical-archive?product=gld&exchange=NYSE&lang=en,2026-10-09
gld_holdings,2012-01-20,2012-01-21,1255.67,https://api.spdrgoldshares.com/api/v1/historical-archive?product=gld&exchange=NYSE&lang=en,2026-10-09
gld_holdings,2012-01-23,2012-01-24,1250.53,https://api.spdrgoldshares.com/api/v1/historical-archive?product=gld&exchange=NYSE&lang=en,2026-10-09
gld_holdings,2012-01-24,2012-01-25,1250.53,https://api.spdrgoldshares.com/api/v1/historical-archive?product=gld&exchange=NYSE&lang=en,2026-10-09
gld_holdings,2012-01-25,2012-01-26,1259.6,https://api.spdrgoldshares.com/api/v1/historical-archive?product=gld&exchange=NYSE&lang=en,2026-10-09
gld_holdings,2012-01-26,2012-01-27,1261.11,https://api.spdrgoldshares.com/api/v1/historical-archive?product=gld&exchange=NYSE&lang=en,2026-10-09
gld_holdings,2012-01-27,2012-01-28,1271.09,https://api.spdrgoldshares.com/api/v1/historical-archive?product=gld&exchange=NYSE&lang=en,2026-10-09
gld_holdings,2012-01-30,2012-01-31,1271.09,https://api.spdrgoldshares.com/api/v1/historical-archive?product=gld&exchange=NYSE&lang=en,2026-10-09
gld_holdings,2012-01-31,2012-02-01,1271.09,https://api.spdrgoldshares.com/api/v1/historical-archive?product=gld&exchange=NYSE&lang=en,2026-10-09
gld_holdings,2012-02-01,2012-02-02,1271.09,https://api.spdrgoldshares.com/api/v1/historical-archive?product=gld&exchange=NYSE&lang=en,2026-10-09
gld_holdings,2012-02-02,2012-02-03,1277.14,https://api.spdrgoldshares.com/api/v1/historical-archive?product=gld&exchange=NYSE&lang=en,2026-10-09
gld_holdings,2012-02-03,2012-02-04,1277.14,https://api.spdrgoldshares.com/api/v1/historical-archive?product=gld&exchange=NYSE&lang=en,2026-10-09
gld_holdings,2012-02-06,2012-02-07,1277.14,https://api.spdrgoldshares.com/api/v1/historical-archive?product=gld&exchange=NYSE&lang=en,2026-10-09
gld_holdings,2012-02-07,2012-02-08,1277.14,https://api.spdrgoldshares.com/api/v1/historical-archive?product=gld&exchange=NYSE&lang=en,2026-10-09
gld_holdings,2012-02-08,2012-02-09,1277.14,https://api.spdrgoldshares.com/api/v1/historical-archive?product=gld&exchange=NYSE&lang=en,2026-10-09
gld_holdings,2012-02-09,2012-02-10,1278.34,https://api.spdrgoldshares.com/api/v1/historical-archive?product=gld&exchange=NYSE&lang=en,2026-10-09
gld_holdings,2012-02-10,2012-02-11,1278.65,https://api.spdrgoldshares.com/api/v1/historical-archive?product=gld&exchange=NYSE&lang=en,2026-10-09
gld_holdings,2012-02-13,2012-02-14,1278.65,https://api.spdrgoldshares.com/api/v1/historical-archive?product=gld&exchange=NYSE&lang=en,2026-10-09
gld_holdings,2012-02-14,2012-02-15,1278.26,https://api.spdrgoldshares.com/api/v1/historical-archive?product=gld&exchange=NYSE&lang=en,2026-10-09
gld_holdings,2012-02-15,2012-02-16,1278.26,https://api.spdrgoldshares.com/api/v1/historical-archive?product=gld&exchange=NYSE&lang=en,2026-10-09
gld_holdings,2012-02-16,2012-02-17,1281.28,https://api.spdrgoldshares.com/api/v1/historical-archive?product=gld&exchange=NYSE&lang=en,2026-10-09
gld_holdings,2012-02-17,2012-02-18,1281.28,https://api.spdrgoldshares.com/api/v1/historical-archive?product=gld&exchange=NYSE&lang=en,2026-10-09
gld_holdings,2012-02-21,2012-02-22,1281.59,https://api.spdrgoldshares.com/api/v1/historical-archive?product=gld&exchange=NYSE&lang=en,2026-10-09
gld_holdings,2012-02-22,2012-02-23,1281.59,https://api.spdrgoldshares.com/api/v1/historical-archive?product=gld&exchange=NYSE&lang=en,2026-10-09
gld_holdings,2012-02-23,2012-02-24,1282.8,https://api.spdrgoldshares.com/api/v1/historical-archive?product=gld&exchange=NYSE&lang=en,2026-10-09
gld_holdings,2012-02-24,2012-02-25,1284.61,https://api.spdrgoldshares.com/api/v1/historical-archive?product=gld&exchange=NYSE&lang=en,2026-10-09
gld_holdings,2012-02-27,2012-02-28,1284.61,https://api.spdrgoldshares.com/api/v1/historical-archive?product=gld&exchange=NYSE&lang=en,2026-10-09
gld_holdings,2012-02-28,2012-02-29,1284.61,https://api.spdrgoldshares.com/api/v1/historical-archive?product=gld&exchange=NYSE&lang=en,2026-10-09
gld_holdings,2012-02-29,2012-03-01,1293.68,https://api.spdrgoldshares.com/api/v1/historical-archive?product=gld&exchange=NYSE&lang=en,2026-10-09
gld_holdings,2012-03-01,2012-03-02,1293.68,https://api.spdrgoldshares.com/api/v1/historical-archive?product=gld&exchange=NYSE&lang=en,2026-10-09
gld_holdings,2012-03-02,2012-03-03,1293.68,https://api.spdrgoldshares.com/api/v1/historical-archive?product=gld&exchange=NYSE&lang=en,2026-10-09
gld_holdings,2012-03-05,2012-03-06,1293.68,https://api.spdrgoldshares.com/api/v1/historical-archive?product=gld&exchange=NYSE&lang=en,2026-10-09
gld_holdings,2012-03-06,2012-03-07,1293.68,https://api.spdrgoldshares.com/api/v1/historical-archive?product=gld&exchange=NYSE&lang=en,2026-10-09
gld_holdings,2012-03-07,2012-03-08,1293.68,https://api.spdrgoldshares.com/api/v1/historical-archive?product=gld&exchange=NYSE&lang=en,2026-10-09
gld_holdings,2012-03-08,2012-03-09,1293.68,https://api.spdrgoldshares.com/api/v1/historical-archive?product=gld&exchange=NYSE&lang=en,2026-10-09
gld_holdings,2012-03-09,2012-03-10,1293.68,https://api.spdrgoldshares.com/api/v1/historical-archive?product=gld&exchange=NYSE&lang=en,2026-10-09
gld_holdings,2012-03-12,2012-03-13,1293.68,https://api.spdrgoldshares.com/api/v1/historical-archive?product=gld&exchange=NYSE&lang=en,2026-10-09
gld_holdings,2012-03-13,2012-03-14,1293.27,https://api.spdrgoldshares.com/api/v1/historical-archive?product=gld&exchange=NYSE&lang=en,2026-10-09
gld_holdings,2012-03-14,2012-03-15,1293.27,https://api.spdrgoldshares.com/api/v1/historical-archive?product=gld&exchange=NYSE&lang=en,2026-10-09
gld_holdings,2012-03-15,2012-03-16,1293.27,https://api.spdrgoldshares.com/api/v1/historical-archive?product=gld&exchange=NYSE&lang=en,2026-10-09
gld_holdings,2012-03-16,2012-03-17,1293.27,https://api.spdrgoldshares.com/api/v1/historical-archive?product=gld&exchange=NYSE&lang=en,2026-10-09
gld_holdings,2012-03-19,2012-03-20,1293.27,https://api.spdrgoldshares.com/api/v1/historical-archive?product=gld&exchange=NYSE&lang=en,2026-10-09
gld_holdings,2012-03-20,2012-03-21,1290.25,https://api.spdrgoldshares.com/api/v1/historical-archive?product=gld&exchange=NYSE&lang=en,2026-10-09
gld_holdings,2012-03-21,2012-03-22,1290.25,https://api.spdrgoldshares.com/api/v1/historical-archive?product=gld&exchange=NYSE&lang=en,2026-10-09
gld_holdings,2012-03-22,2012-03-23,1282.69,https://api.spdrgoldshares.com/api/v1/historical-archive?product=gld&exchange=NYSE&lang=en,2026-10-09
gld_holdings,2012-03-23,2012-03-24,1282.69,https://api.spdrgoldshares.com/api/v1/historical-archive?product=gld&exchange=NYSE&lang=en,2026-10-09
gld_holdings,2012-03-26,2012-03-27,1288.74,https://api.spdrgoldshares.com/api/v1/historical-archive?product=gld&exchange=NYSE&lang=en,2026-10-09
gld_holdings,2012-03-27,2012-03-28,1286.62,https://api.spdrgoldshares.com/api/v1/historical-archive?product=gld&exchange=NYSE&lang=en,2026-10-09
gld_holdings,2012-03-28,2012-03-29,1286.62,https://api.spdrgoldshares.com/api/v1/historical-archive?product=gld&exchange=NYSE&lang=en,2026-10-09
gld_holdings,2012-03-29,2012-03-30,1286.62,https://api.spdrgoldshares.com/api/v1/historical-archive?product=gld&exchange=NYSE&lang=en,2026-10-09
gld_holdings,2012-03-30,2012-03-31,1286.62,https://api.spdrgoldshares.com/api/v1/historical-archive?product=gld&exchange=NYSE&lang=en,2026-10-09
gld_holdings,2012-04-02,2012-04-03,1286.62,https://api.spdrgoldshares.com/api/v1/historical-archive?product=gld&exchange=NYSE&lang=en,2026-10-09
gld_holdings,2012-04-03,2012-04-04,1286.62,https://api.spdrgoldshares.com/api/v1/historical-archive?product=gld&exchange=NYSE&lang=en,2026-10-09
gld_holdings,2012-04-04,2012-04-05,1286.62,https://api.spdrgoldshares.com/api/v1/historical-archive?product=gld&exchange=NYSE&lang=en,2026-10-09
gld_holdings,2012-04-05,2012-04-06,1286.62,https://api.spdrgoldshares.com/api/v1/historical-archive?product=gld&exchange=NYSE&lang=en,2026-10-09
gld_holdings,2012-04-09,2012-04-10,1286.62,https://api.spdrgoldshares.com/api/v1/historical-archive?product=gld&exchange=NYSE&lang=en,2026-10-09
gld_holdings,2012-04-10,2012-04-11,1286.17,https://api.spdrgoldshares.com/api/v1/historical-archive?product=gld&exchange=NYSE&lang=en,2026-10-09
gld_holdings,2012-04-11,2012-04-12,1286.17,https://api.spdrgoldshares.com/api/v1/historical-archive?product=gld&exchange=NYSE&lang=en,2026-10-09
gld_holdings,2012-04-12,2012-04-13,1286.17,https://api.spdrgoldshares.com/api/v1/historical-archive?product=gld&exchange=NYSE&lang=en,2026-10-09
gld_holdings,2012-04-13,2012-04-14,1286.17,https://api.spdrgoldshares.com/api/v1/historical-archive?product=gld&exchange=NYSE&lang=en,2026-10-09
gld_holdings,2012-04-16,2012-04-17,1286.17,https://api.spdrgoldshares.com/api/v1/historical-archive?product=gld&exchange=NYSE&lang=en,2026-10-09
gld_holdings,2012-04-17,2012-04-18,1286.17,https://api.spdrgoldshares.com/api/v1/historical-archive?product=gld&exchange=NYSE&lang=en,2026-10-09
gld_holdings,2012-04-18,2012-04-19,1286.17,https://api.spdrgoldshares.com/api/v1/historical-archive?product=gld&exchange=NYSE&lang=en,2026-10-09
gld_holdings,2012-04-19,2012-04-20,1286.17,https://api.spdrgoldshares.com/api/v1/historical-archive?product=gld&exchange=NYSE&lang=en,2026-10-09
gld_holdings,2012-04-20,2012-04-21,1286.17,https://api.spdrgoldshares.com/api/v1/historical-archive?product=gld&exchange=NYSE&lang=en,2026-10-09
gld_holdings,2012-04-23,2012-04-24,1281.94,https://api.spdrgoldshares.com/api/v1/historical-archive?product=gld&exchange=NYSE&lang=en,2026-10-09
gld_holdings,2012-04-24,2012-04-25,1281.94,https://api.spdrgoldshares.com/api/v1/historical-archive?product=gld&exchange=NYSE&lang=en,2026-10-09
gld_holdings,2012-04-25,2012-04-26,1281.94,https://api.spdrgoldshares.com/api/v1/historical-archive?product=gld&exchange=NYSE&lang=en,2026-10-09
gld_holdings,2012-04-26,2012-04-27,1281.94,https://api.spdrgoldshares.com/api/v1/historical-archive?product=gld&exchange=NYSE&lang=en,2026-10-09
gld_holdings,2012-04-27,2012-04-28,1284.36,https://api.spdrgoldshares.com/api/v1/historical-archive?product=gld&exchange=NYSE&lang=en,2026-10-09
gld_holdings,2012-04-30,2012-05-01,1278.31,https://api.spdrgoldshares.com/api/v1/historical-archive?product=gld&exchange=NYSE&lang=en,2026-10-09
gld_holdings,2012-05-01,2012-05-02,1274.09,https://api.spdrgoldshares.com/api/v1/historical-archive?product=gld&exchange=NYSE&lang=en,2026-10-09
gld_holdings,2012-05-02,2012-05-03,1274.09,https://api.spdrgoldshares.com/api/v1/historical-archive?product=gld&exchange=NYSE&lang=en,2026-10-09
gld_holdings,2012-05-03,2012-05-04,1274.09,https://api.spdrgoldshares.com/api/v1/historical-archive?product=gld&exchange=NYSE&lang=en,2026-10-09
gld_holdings,2012-05-04,2012-05-05,1274.09,https://api.spdrgoldshares.com/api/v1/historical-archive?product=gld&exchange=NYSE&lang=en,2026-10-09
gld_holdings,2012-05-07,2012-05-08,1274.99,https://api.spdrgoldshares.com/api/v1/historical-archive?product=gld&exchange=NYSE&lang=en,2026-10-09
gld_holdings,2012-05-08,2012-05-09,1274.99,https://api.spdrgoldshares.com/api/v1/historical-archive?product=gld&exchange=NYSE&lang=en,2026-10-09
gld_holdings,2012-05-09,2012-05-10,1274.99,https://api.spdrgoldshares.com/api/v1/historical-archive?product=gld&exchange=NYSE&lang=en,2026-10-09
gld_holdings,2012-05-10,2012-05-11,1277.11,https://api.spdrgoldshares.com/api/v1/historical-archive?product=gld&exchange=NYSE&lang=en,2026-10-09
gld_holdings,2012-05-11,2012-05-12,1277.11,https://api.spdrgoldshares.com/api/v1/historical-archive?product=gld&exchange=NYSE&lang=en,2026-10-09
gld_holdings,2012-05-14,2012-05-15,1277.11,https://api.spdrgoldshares.com/api/v1/historical-archive?product=gld&exchange=NYSE&lang=en,2026-10-09
gld_holdings,2012-05-15,2012-05-16,1277.11,https://api.spdrgoldshares.com/api/v1/historical-archive?product=gld&exchange=NYSE&lang=en,2026-10-09
gld_holdings,2012-05-16,2012-05-17,1276.6,https://api.spdrgoldshares.com/api/v1/historical-archive?product=gld&exchange=NYSE&lang=en,2026-10-09
gld_holdings,2012-05-17,2012-05-18,1278.71,https://api.spdrgoldshares.com/api/v1/historical-archive?product=gld&exchange=NYSE&lang=en,2026-10-09
gld_holdings,2012-05-18,2012-05-19,1282.94,https://api.spdrgoldshares.com/api/v1/historical-archive?product=gld&exchange=NYSE&lang=en,2026-10-09
gld_holdings,2012-05-21,2012-05-22,1282.94,https://api.spdrgoldshares.com/api/v1/historical-archive?product=gld&exchange=NYSE&lang=en,2026-10-09
gld_holdings,2012-05-22,2012-05-23,1265.43,https://api.spdrgoldshares.com/api/v1/historical-archive?product=gld&exchange=NYSE&lang=en,2026-10-09
gld_holdings,2012-05-23,2012-05-24,1268.15,https://api.spdrgoldshares.com/api/v1/historical-archive?product=gld&exchange=NYSE&lang=en,2026-10-09
gld_holdings,2012-05-24,2012-05-25,1270.26,https://api.spdrgoldshares.com/api/v1/historical-archive?product=gld&exchange=NYSE&lang=en,2026-10-09
gld_holdings,2012-05-25,2012-05-26,1270.26,https://api.spdrgoldshares.com/api/v1/historical-archive?product=gld&exchange=NYSE&lang=en,2026-10-09
gld_holdings,2012-05-29,2012-05-30,1270.26,https://api.spdrgoldshares.com/api/v1/historical-archive?product=gld&exchange=NYSE&lang=en,2026-10-09
gld_holdings,2012-05-30,2012-05-31,1270.26,https://api.spdrgoldshares.com/api/v1/historical-archive?product=gld&exchange=NYSE&lang=en,2026-10-09
gld_holdings,2012-05-31,2012-06-01,1270.26,https://api.spdrgoldshares.com/api/v1/historical-archive?product=gld&exchange=NYSE&lang=en,2026-10-09
gld_holdings,2012-06-01,2012-06-02,1273.88,https://api.spdrgoldshares.com/api/v1/historical-archive?product=gld&exchange=NYSE&lang=en,2026-10-09
gld_holdings,2012-06-04,2012-06-05,1273.88,https://api.spdrgoldshares.com/api/v1/historical-archive?product=gld&exchange=NYSE&lang=en,2026-10-09
gld_holdings,2012-06-05,2012-06-06,1273.88,https://api.spdrgoldshares.com/api/v1/historical-archive?product=gld&exchange=NYSE&lang=en,2026-10-09
gld_holdings,2012-06-06,2012-06-07,1274.79,https://api.spdrgoldshares.com/api/v1/historical-archive?product=gld&exchange=NYSE&lang=en,2026-10-09
gld_holdings,2012-06-07,2012-06-08,1274.79,https://api.spdrgoldshares.com/api/v1/historical-archive?product=gld&exchange=NYSE&lang=en,2026-10-09
gld_holdings,2012-06-08,2012-06-09,1274.79,https://api.spdrgoldshares.com/api/v1/historical-archive?product=gld&exchange=NYSE&lang=en,2026-10-09
gld_holdings,2012-06-11,2012-06-12,1274.79,https://api.spdrgoldshares.com/api/v1/historical-archive?product=gld&exchange=NYSE&lang=en,2026-10-09
gld_holdings,2012-06-12,2012-06-13,1274.37,https://api.spdrgoldshares.com/api/v1/historical-archive?product=gld&exchange=NYSE&lang=en,2026-10-09
gld_holdings,2012-06-13,2012-06-14,1274.37,https://api.spdrgoldshares.com/api/v1/historical-archive?product=gld&exchange=NYSE&lang=en,2026-10-09
gld_holdings,2012-06-14,2012-06-15,1277.39,https://api.spdrgoldshares.com/api/v1/historical-archive?product=gld&exchange=NYSE&lang=en,2026-10-09
gld_holdings,2012-06-15,2012-06-16,1277.39,https://api.spdrgoldshares.com/api/v1/historical-archive?product=gld&exchange=NYSE&lang=en,2026-10-09
gld_holdings,2012-06-18,2012-06-19,1281.62,https://api.spdrgoldshares.com/api/v1/historical-archive?product=gld&exchange=NYSE&lang=en,2026-10-09
gld_holdings,2012-06-19,2012-06-20,1281.62,https://api.spdrgoldshares.com/api/v1/historical-archive?product=gld&exchange=NYSE&lang=en,2026-10-09
gld_holdings,2012-06-20,2012-06-21,1281.62,https://api.spdrgoldshares.com/api/v1/historical-archive?product=gld&exchange=NYSE&lang=en,2026-10-09
gld_holdings,2012-06-21,2012-06-22,1281.62,https://api.spdrgoldshares.com/api/v1/historical-archive?product=gld&exchange=NYSE&lang=en,2026-10-09
gld_holdings,2012-06-22,2012-06-23,1281.62,https://api.spdrgoldshares.com/api/v1/historical-archive?product=gld&exchange=NYSE&lang=en,2026-10-09
gld_holdings,2012-06-25,2012-06-26,1281.62,https://api.spdrgoldshares.com/api/v1/historical-archive?product=gld&exchange=NYSE&lang=en,2026-10-09
gld_holdings,2012-06-26,2012-06-27,1281.62,https://api.spdrgoldshares.com/api/v1/historical-archive?product=gld&exchange=NYSE&lang=en,2026-10-09
gld_holdings,2012-06-27,2012-06-28,1281.62,https://api.spdrgoldshares.com/api/v1/historical-archive?product=gld&exchange=NYSE&lang=en,2026-10-09
gld_holdings,2012-06-28,2012-06-29,1281.62,https://api.spdrgoldshares.com/api/v1/historical-archive?product=gld&exchange=NYSE&lang=en,2026-10-09
gld_holdings,2012-06-29,2012-06-30,1279.51,https://api.spdrgoldshares.com/api/v1/historical-archive?product=gld&exchange=NYSE&lang=en,2026-10-09
gld_holdings,2012-07-02,2012-07-03,1279.51,https://api.spdrgoldshares.com/api/v1/historical-archive?product=gld&exchange=NYSE&lang=en,2026-10-09
gld_holdings,2012-07-03,2012-07-04,1279.51,https://api.spdrgoldshares.com/api/v1/historical-archive?product=gld&exchange=NYSE&lang=en,2026-10-09
gld_holdings,2012-07-05,2012-07-06,1279.51,https://api.spdrgoldshares.com/api/v1/historical-archive?product=gld&exchange=NYSE&lang=en,2026-10-09
gld_holdings,2012-07-06,2012-07-07,1279.08,https://api.spdrgoldshares.com/api/v1/historical-archive?product=gld&exchange=NYSE&lang=en,2026-10-09
gld_holdings,2012-07-09,2012-07-10,1275.46,https://api.spdrgoldshares.com/api/v1/historical-archive?product=gld&exchange=NYSE&lang=en,2026-10-09
gld_holdings,2012-07-10,2012-07-11,1271.24,https://api.spdrgoldshares.com/api/v1/historical-archive?product=gld&exchange=NYSE&lang=en,2026-10-09
gld_holdings,2012-07-11,2012-07-12,1271.24,https://api.spdrgoldshares.com/api/v1/historical-archive?product=gld&exchange=NYSE&lang=en,2026-10-09
gld_holdings,2012-07-12,2012-07-13,1269.73,https://api.spdrgoldshares.com/api/v1/historical-archive?product=gld&exchange=NYSE&lang=en,2026-10-09
gld_holdings,2012-07-13,2012-07-14,1269.73,https://api.spdrgoldshares.com/api/v1/historical-archive?product=gld&exchange=NYSE&lang=en,2026-10-09
gld_holdings,2012-07-16,2012-07-17,1266.11,https://api.spdrgoldshares.com/api/v1/historical-archive?product=gld&exchange=NYSE&lang=en,2026-10-09
gld_holdings,2012-07-17,2012-07-18,1266.11,https://api.spdrgoldshares.com/api/v1/historical-archive?product=gld&exchange=NYSE&lang=en,2026-10-09
gld_holdings,2012-07-18,2012-07-19,1266.11,https://api.spdrgoldshares.com/api/v1/historical-archive?product=gld&exchange=NYSE&lang=en,2026-10-09
gld_holdings,2012-07-19,2012-07-20,1257.05,https://api.spdrgoldshares.com/api/v1/historical-archive?product=gld&exchange=NYSE&lang=en,2026-10-09
gld_holdings,2012-07-20,2012-07-21,1254.64,https://api.spdrgoldshares.com/api/v1/historical-archive?product=gld&exchange=NYSE&lang=en,2026-10-09
gld_holdings,2012-07-23,2012-07-24,1254.64,https://api.spdrgoldshares.com/api/v1/historical-archive?product=gld&exchange=NYSE&lang=en,2026-10-09
gld_holdings,2012-07-24,2012-07-25,1254.64,https://api.spdrgoldshares.com/api/v1/historical-archive?product=gld&exchange=NYSE&lang=en,2026-10-09
gld_holdings,2012-07-25,2012-07-26,1252.53,https://api.spdrgoldshares.com/api/v1/historical-archive?product=gld&exchange=NYSE&lang=en,2026-10-09
gld_holdings,2012-07-26,2012-07-27,1252.53,https://api.spdrgoldshares.com/api/v1/historical-archive?product=gld&exchange=NYSE&lang=en,2026-10-09
gld_holdings,2012-07-27,2012-07-28,1248.61,https://api.spdrgoldshares.com/api/v1/historical-archive?product=gld&exchange=NYSE&lang=en,2026-10-09
gld_holdings,2012-07-30,2012-07-31,1248.61,https://api.spdrgoldshares.com/api/v1/historical-archive?product=gld&exchange=NYSE&lang=en,2026-10-09
gld_holdings,2012-07-31,2012-08-01,1251.92,https://api.spdrgoldshares.com/api/v1/historical-archive?product=gld&exchange=NYSE&lang=en,2026-10-09
gld_holdings,2012-08-01,2012-08-02,1251.92,https://api.spdrgoldshares.com/api/v1/historical-archive?product=gld&exchange=NYSE&lang=en,2026-10-09
gld_holdings,2012-08-02,2012-08-03,1251.92,https://api.spdrgoldshares.com/api/v1/historical-archive?product=gld&exchange=NYSE&lang=en,2026-10-09
gld_holdings,2012-08-03,2012-08-04,1254.94,https://api.spdrgoldshares.com/api/v1/historical-archive?product=gld&exchange=NYSE&lang=en,2026-10-09
gld_holdings,2012-08-06,2012-08-07,1254.94,https://api.spdrgoldshares.com/api/v1/historical-archive?product=gld&exchange=NYSE&lang=en,2026-10-09
gld_holdings,2012-08-07,2012-08-08,1254.94,https://api.spdrgoldshares.com/api/v1/historical-archive?product=gld&exchange=NYSE&lang=en,2026-10-09
gld_holdings,2012-08-08,2012-08-09,1254.94,https://api.spdrgoldshares.com/api/v1/historical-archive?product=gld&exchange=NYSE&lang=en,2026-10-09
gld_holdings,2012-08-09,2012-08-10,1254.94,https://api.spdrgoldshares.com/api/v1/historical-archive?product=gld&exchange=NYSE&lang=en,2026-10-09
gld_holdings,2012-08-10,2012-08-11,1258.15,https://api.spdrgoldshares.com/api/v1/historical-archive?product=gld&exchange=NYSE&lang=en,2026-10-09
gld_holdings,2012-08-13,2012-08-14,1258.15,https://api.spdrgoldshares.com/api/v1/historical-archive?product=gld&exchange=NYSE&lang=en,2026-10-09
gld_holdings,2012-08-14,2012-08-15,1258.15,https://api.spdrgoldshares.com/api/v1/historical-archive?product=gld&exchange=NYSE&lang=en,2026-10-09
gld_holdings,2012-08-15,2012-08-16,1258.15,https://api.spdrgoldshares.com/api/v1/historical-archive?product=gld&exchange=NYSE&lang=en,2026-10-09
gld_holdings,2012-08-16,2012-08-17,1263.58,https://api.spdrgoldshares.com/api/v1/historical-archive?product=gld&exchange=NYSE&lang=en,2026-10-09
gld_holdings,2012-08-17,2012-08-18,1274.74,https://api.spdrgoldshares.com/api/v1/historical-archive?product=gld&exchange=NYSE&lang=en,2026-10-09
gld_holdings,2012-08-20,2012-08-21,1274.74,https://api.spdrgoldshares.com/api/v1/historical-archive?product=gld&exchange=NYSE&lang=en,2026-10-09
gld_holdings,2012-08-21,2012-08-22,1278.96,https://api.spdrgoldshares.com/api/v1/historical-archive?product=gld&exchange=NYSE&lang=en,2026-10-09
gld_holdings,2012-08-22,2012-08-23,1281.98,https://api.spdrgoldshares.com/api/v1/historical-archive?product=gld&exchange=NYSE&lang=en,2026-10-09
gld_holdings,2012-08-23,2012-08-24,1286.5,https://api.spdrgoldshares.com/api/v1/historical-archive?product=gld&exchange=NYSE&lang=en,2026-10-09
gld_holdings,2012-08-24,2012-08-25,1286.5,https://api.spdrgoldshares.com/api/v1/historical-archive?product=gld&exchange=NYSE&lang=en,2026-10-09
gld_holdings,2012-08-27,2012-08-28,1286.5,https://api.spdrgoldshares.com/api/v1/historical-archive?product=gld&exchange=NYSE&lang=en,2026-10-09
gld_holdings,2012-08-28,2012-08-29,1289.52,https://api.spdrgoldshares.com/api/v1/historical-archive?product=gld&exchange=NYSE&lang=en,2026-10-09
gld_holdings,2012-08-29,2012-08-30,1289.52,https://api.spdrgoldshares.com/api/v1/historical-archive?product=gld&exchange=NYSE&lang=en,2026-10-09
gld_holdings,2012-08-30,2012-08-31,1289.52,https://api.spdrgoldshares.com/api/v1/historical-archive?product=gld&exchange=NYSE&lang=en,2026-10-09
gld_holdings,2012-08-31,2012-09-01,1289.52,https://api.spdrgoldshares.com/api/v1/historical-archive?product=gld&exchange=NYSE&lang=en,2026-10-09
gld_holdings,2012-09-04,2012-09-05,1293.14,https://api.spdrgoldshares.com/api/v1/historical-archive?product=gld&exchange=NYSE&lang=en,2026-10-09
gld_holdings,2012-09-05,2012-09-06,1293.14,https://api.spdrgoldshares.com/api/v1/historical-archive?product=gld&exchange=NYSE&lang=en,2026-10-09
gld_holdings,2012-09-06,2012-09-07,1293.14,https://api.spdrgoldshares.com/api/v1/historical-archive?product=gld&exchange=NYSE&lang=en,2026-10-09
gld_holdings,2012-09-07,2012-09-08,1293.14,https://api.spdrgoldshares.com/api/v1/historical-archive?product=gld&exchange=NYSE&lang=en,2026-10-09
gld_holdings,2012-09-10,2012-09-11,1293.14,https://api.spdrgoldshares.com/api/v1/historical-archive?product=gld&exchange=NYSE&lang=en,2026-10-09
gld_holdings,2012-09-11,2012-09-12,1293.14,https://api.spdrgoldshares.com/api/v1/historical-archive?product=gld&exchange=NYSE&lang=en,2026-10-09
gld_holdings,2012-09-12,2012-09-13,1289.42,https://api.spdrgoldshares.com/api/v1/historical-archive?product=gld&exchange=NYSE&lang=en,2026-10-09
gld_holdings,2012-09-13,2012-09-14,1292.43,https://api.spdrgoldshares.com/api/v1/historical-archive?product=gld&exchange=NYSE&lang=en,2026-10-09
gld_holdings,2012-09-14,2012-09-15,1301.48,https://api.spdrgoldshares.com/api/v1/historical-archive?product=gld&exchange=NYSE&lang=en,2026-10-09
gld_holdings,2012-09-17,2012-09-18,1301.48,https://api.spdrgoldshares.com/api/v1/historical-archive?product=gld&exchange=NYSE&lang=en,2026-10-09
gld_holdings,2012-09-18,2012-09-19,1303.29,https://api.spdrgoldshares.com/api/v1/historical-archive?product=gld&exchange=NYSE&lang=en,2026-10-09
gld_holdings,2012-09-19,2012-09-20,1305.4,https://api.spdrgoldshares.com/api/v1/historical-archive?product=gld&exchange=NYSE&lang=en,2026-10-09
gld_holdings,2012-09-20,2012-09-21,1308.41,https://api.spdrgoldshares.com/api/v1/historical-archive?product=gld&exchange=NYSE&lang=en,2026-10-09
gld_holdings,2012-09-21,2012-09-22,1317.76,https://api.spdrgoldshares.com/api/v1/historical-archive?product=gld&exchange=NYSE&lang=en,2026-10-09
gld_holdings,2012-09-24,2012-09-25,1326.81,https://api.spdrgoldshares.com/api/v1/historical-archive?product=gld&exchange=NYSE&lang=en,2026-10-09
gld_holdings,2012-09-25,2012-09-26,1331.33,https://api.spdrgoldshares.com/api/v1/historical-archive?product=gld&exchange=NYSE&lang=en,2026-10-09
gld_holdings,2012-09-26,2012-09-27,1320.78,https://api.spdrgoldshares.com/api/v1/historical-archive?product=gld&exchange=NYSE&lang=en,2026-10-09
gld_holdings,2012-09-27,2012-09-28,1320.78,https://api.spdrgoldshares.com/api/v1/historical-archive?product=gld&exchange=NYSE&lang=en,2026-10-09
gld_holdings,2012-09-28,2012-09-29,1320.78,https://api.spdrgoldshares.com/api/v1/historical-archive?product=gld&exchange=NYSE&lang=en,2026-10-09
gld_holdings,2012-10-01,2012-10-02,1322.59,https://api.spdrgoldshares.com/api/v1/historical-archive?product=gld&exchange=NYSE&lang=en,2026-10-09
gld_holdings,2012-10-02,2012-10-03,1322.59,https://api.spdrgoldshares.com/api/v1/historical-archive?product=gld&exchange=NYSE&lang=en,2026-10-09
gld_holdings,2012-10-03,2012-10-04,1324.4,https://api.spdrgoldshares.com/api/v1/historical-archive?product=gld&exchange=NYSE&lang=en,2026-10-09
gld_holdings,2012-10-04,2012-10-05,1333.44,https://api.spdrgoldshares.com/api/v1/historical-archive?product=gld&exchange=NYSE&lang=en,2026-10-09
gld_holdings,2012-10-05,2012-10-06,1333.44,https://api.spdrgoldshares.com/api/v1/historical-archive?product=gld&exchange=NYSE&lang=en,2026-10-09
gld_holdings,2012-10-08,2012-10-09,1340.52,https://api.spdrgoldshares.com/api/v1/historical-archive?product=gld&exchange=NYSE&lang=en,2026-10-09
gld_holdings,2012-10-09,2012-10-10,1340.52,https://api.spdrgoldshares.com/api/v1/historical-archive?product=gld&exchange=NYSE&lang=en,2026-10-09
gld_holdings,2012-10-10,2012-10-11,1340.52,https://api.spdrgoldshares.com/api/v1/historical-archive?product=gld&exchange=NYSE&lang=en,2026-10-09
gld_holdings,2012-10-11,2012-10-12,1340.52,https://api.spdrgoldshares.com/api/v1/historical-archive?product=gld&exchange=NYSE&lang=en,2026-10-09
gld_holdings,2012-10-12,2012-10-13,1340.52,https://api.spdrgoldshares.com/api/v1/historical-archive?product=gld&exchange=NYSE&lang=en,2026-10-09
gld_holdings,2012-10-15,2012-10-16,1333.89,https://api.spdrgoldshares.com/api/v1/historical-archive?product=gld&exchange=NYSE&lang=en,2026-10-09
gld_holdings,2012-10-16,2012-10-17,1333.89,https://api.spdrgoldshares.com/api/v1/historical-archive?product=gld&exchange=NYSE&lang=en,2026-10-09
gld_holdings,2012-10-17,2012-10-18,1333.89,https://api.spdrgoldshares.com/api/v1/historical-archive?product=gld&exchange=NYSE&lang=en,2026-10-09
gld_holdings,2012-10-18,2012-10-19,1333.89,https://api.spdrgoldshares.com/api/v1/historical-archive?product=gld&exchange=NYSE&lang=en,2026-10-09
gld_holdings,2012-10-19,2012-10-20,1334.19,https://api.spdrgoldshares.com/api/v1/historical-archive?product=gld&exchange=NYSE&lang=en,2026-10-09
gld_holdings,2012-10-22,2012-10-23,1336.9,https://api.spdrgoldshares.com/api/v1/historical-archive?product=gld&exchange=NYSE&lang=en,2026-10-09
gld_holdings,2012-10-23,2012-10-24,1336.9,https://api.spdrgoldshares.com/api/v1/historical-archive?product=gld&exchange=NYSE&lang=en,2026-10-09
gld_holdings,2012-10-24,2012-10-25,1336.9,https://api.spdrgoldshares.com/api/v1/historical-archive?product=gld&exchange=NYSE&lang=en,2026-10-09
gld_holdings,2012-10-25,2012-10-26,1336.9,https://api.spdrgoldshares.com/api/v1/historical-archive?product=gld&exchange=NYSE&lang=en,2026-10-09
gld_holdings,2012-10-26,2012-10-27,1336.3,https://api.spdrgoldshares.com/api/v1/historical-archive?product=gld&exchange=NYSE&lang=en,2026-10-09
gld_holdings,2012-10-31,2012-11-01,1336.3,https://api.spdrgoldshares.com/api/v1/historical-archive?product=gld&exchange=NYSE&lang=en,2026-10-09
gld_holdings,2012-11-01,2012-11-02,1336.3,https://api.spdrgoldshares.com/api/v1/historical-archive?product=gld&exchange=NYSE&lang=en,2026-10-09
gld_holdings,2012-11-02,2012-11-03,1336.3,https://api.spdrgoldshares.com/api/v1/historical-archive?product=gld&exchange=NYSE&lang=en,2026-10-09
gld_holdings,2012-11-05,2012-11-06,1332.38,https://api.spdrgoldshares.com/api/v1/historical-archive?product=gld&exchange=NYSE&lang=en,2026-10-09
gld_holdings,2012-11-06,2012-11-07,1334.49,https://api.spdrgoldshares.com/api/v1/historical-archive?product=gld&exchange=NYSE&lang=en,2026-10-09
gld_holdings,2012-11-07,2012-11-08,1337.21,https://api.spdrgoldshares.com/api/v1/historical-archive?product=gld&exchange=NYSE&lang=en,2026-10-09
gld_holdings,2012-11-08,2012-11-09,1339.62,https://api.spdrgoldshares.com/api/v1/historical-archive?product=gld&exchange=NYSE&lang=en,2026-10-09
gld_holdings,2012-11-09,2012-11-10,1338.71,https://api.spdrgoldshares.com/api/v1/historical-archive?product=gld&exchange=NYSE&lang=en,2026-10-09
gld_holdings,2012-11-12,2012-11-13,1338.71,https://api.spdrgoldshares.com/api/v1/historical-archive?product=gld&exchange=NYSE&lang=en,2026-10-09
gld_holdings,2012-11-13,2012-11-14,1338.71,https://api.spdrgoldshares.com/api/v1/historical-archive?product=gld&exchange=NYSE&lang=en,2026-10-09
gld_holdings,2012-11-14,2012-11-15,1336.3,https://api.spdrgoldshares.com/api/v1/historical-archive?product=gld&exchange=NYSE&lang=en,2026-10-09
gld_holdings,2012-11-15,2012-11-16,1339.62,https://api.spdrgoldshares.com/api/v1/historical-archive?product=gld&exchange=NYSE&lang=en,2026-10-09
gld_holdings,2012-11-16,2012-11-17,1342.63,https://api.spdrgoldshares.com/api/v1/historical-archive?product=gld&exchange=NYSE&lang=en,2026-10-09
gld_holdings,2012-11-19,2012-11-20,1342.2,https://api.spdrgoldshares.com/api/v1/historical-archive?product=gld&exchange=NYSE&lang=en,2026-10-09
gld_holdings,2012-11-20,2012-11-21,1342.2,https://api.spdrgoldshares.com/api/v1/historical-archive?product=gld&exchange=NYSE&lang=en,2026-10-09
gld_holdings,2012-11-21,2012-11-22,1342.2,https://api.spdrgoldshares.com/api/v1/historical-archive?product=gld&exchange=NYSE&lang=en,2026-10-09
gld_holdings,2012-11-23,2012-11-24,1342.2,https://api.spdrgoldshares.com/api/v1/historical-archive?product=gld&exchange=NYSE&lang=en,2026-10-09
gld_holdings,2012-11-26,2012-11-27,1342.2,https://api.spdrgoldshares.com/api/v1/historical-archive?product=gld&exchange=NYSE&lang=en,2026-10-09
gld_holdings,2012-11-27,2012-11-28,1345.81,https://api.spdrgoldshares.com/api/v1/historical-archive?product=gld&exchange=NYSE&lang=en,2026-10-09
gld_holdings,2012-11-28,2012-11-29,1347.02,https://api.spdrgoldshares.com/api/v1/historical-archive?product=gld&exchange=NYSE&lang=en,2026-10-09
gld_holdings,2012-11-29,2012-11-30,1347.02,https://api.spdrgoldshares.com/api/v1/historical-archive?product=gld&exchange=NYSE&lang=en,2026-10-09
gld_holdings,2012-11-30,2012-12-01,1348.83,https://api.spdrgoldshares.com/api/v1/historical-archive?product=gld&exchange=NYSE&lang=en,2026-10-09
gld_holdings,2012-12-03,2012-12-04,1348.83,https://api.spdrgoldshares.com/api/v1/historical-archive?product=gld&exchange=NYSE&lang=en,2026-10-09
gld_holdings,2012-12-04,2012-12-05,1351.24,https://api.spdrgoldshares.com/api/v1/historical-archive?product=gld&exchange=NYSE&lang=en,2026-10-09
gld_holdings,2012-12-05,2012-12-06,1351.54,https://api.spdrgoldshares.com/api/v1/historical-archive?product=gld&exchange=NYSE&lang=en,2026-10-09
gld_holdings,2012-12-06,2012-12-07,1351.54,https://api.spdrgoldshares.com/api/v1/historical-archive?product=gld&exchange=NYSE&lang=en,2026-10-09
gld_holdings,2012-12-07,2012-12-08,1353.35,https://api.spdrgoldshares.com/api/v1/historical-archive?product=gld&exchange=NYSE&lang=en,2026-10-09
gld_holdings,2012-12-10,2012-12-11,1353.35,https://api.spdrgoldshares.com/api/v1/historical-archive?product=gld&exchange=NYSE&lang=en,2026-10-09
gld_holdings,2012-12-11,2012-12-12,1351.42,https://api.spdrgoldshares.com/api/v1/historical-archive?product=gld&exchange=NYSE&lang=en,2026-10-09
gld_holdings,2012-12-12,2012-12-13,1351.42,https://api.spdrgoldshares.com/api/v1/historical-archive?product=gld&exchange=NYSE&lang=en,2026-10-09
gld_holdings,2012-12-13,2012-12-14,1351.42,https://api.spdrgoldshares.com/api/v1/historical-archive?product=gld&exchange=NYSE&lang=en,2026-10-09
gld_holdings,2012-12-14,2012-12-15,1351.42,https://api.spdrgoldshares.com/api/v1/historical-archive?product=gld&exchange=NYSE&lang=en,2026-10-09
gld_holdings,2012-12-17,2012-12-18,1350.52,https://api.spdrgoldshares.com/api/v1/historical-archive?product=gld&exchange=NYSE&lang=en,2026-10-09
gld_holdings,2012-12-18,2012-12-19,1350.52,https://api.spdrgoldshares.com/api/v1/historical-archive?product=gld&exchange=NYSE&lang=en,2026-10-09
gld_holdings,2012-12-19,2012-12-20,1350.52,https://api.spdrgoldshares.com/api/v1/historical-archive?product=gld&exchange=NYSE&lang=en,2026-10-09
gld_holdings,2012-12-20,2012-12-21,1350.52,https://api.spdrgoldshares.com/api/v1/historical-archive?product=gld&exchange=NYSE&lang=en,2026-10-09
gld_holdings,2012-12-21,2012-12-22,1350.82,https://api.spdrgoldshares.com/api/v1/historical-archive?product=gld&exchange=NYSE&lang=en,2026-10-09
gld_holdings,2012-12-24,2012-12-25,1350.82,https://api.spdrgoldshares.com/api/v1/historical-archive?product=gld&exchange=NYSE&lang=en,2026-10-09
gld_holdings,2012-12-26,2012-12-27,1350.82,https://api.spdrgoldshares.com/api/v1/historical-archive?product=gld&exchange=NYSE&lang=en,2026-10-09
gld_holdings,2012-12-27,2012-12-28,1350.82,https://api.spdrgoldshares.com/api/v1/historical-archive?product=gld&exchange=NYSE&lang=en,2026-10-09
gld_holdings,2012-12-28,2012-12-29,1350.82,https://api.spdrgoldshares.com/api/v1/historical-archive?product=gld&exchange=NYSE&lang=en,2026-10-09
gld_holdings,2012-12-31,2013-01-01,1350.82,https://api.spdrgoldshares.com/api/v1/historical-archive?product=gld&exchange=NYSE&lang=en,2026-10-09
gld_holdings,2013-01-02,2013-01-03,1349.92,https://api.spdrgoldshares.com/api/v1/historical-archive?product=gld&exchange=NYSE&lang=en,2026-10-09
gld_holdings,2013-01-03,2013-01-04,1340.28,https://api.spdrgoldshares.com/api/v1/historical-archive?product=gld&exchange=NYSE&lang=en,2026-10-09
gld_holdings,2013-01-04,2013-01-05,1342.09,https://api.spdrgoldshares.com/api/v1/historical-archive?product=gld&exchange=NYSE&lang=en,2026-10-09
gld_holdings,2013-01-07,2013-01-08,1340.74,https://api.spdrgoldshares.com/api/v1/historical-archive?product=gld&exchange=NYSE&lang=en,2026-10-09
gld_holdings,2013-01-08,2013-01-09,1339.84,https://api.spdrgoldshares.com/api/v1/historical-archive?product=gld&exchange=NYSE&lang=en,2026-10-09
gld_holdings,2013-01-09,2013-01-10,1339.84,https://api.spdrgoldshares.com/api/v1/historical-archive?product=gld&exchange=NYSE&lang=en,2026-10-09
gld_holdings,2013-01-10,2013-01-11,1337.73,https://api.spdrgoldshares.com/api/v1/historical-archive?product=gld&exchange=NYSE&lang=en,2026-10-09
gld_holdings,2013-01-11,2013-01-12,1337.73,https://api.spdrgoldshares.com/api/v1/historical-archive?product=gld&exchange=NYSE&lang=en,2026-10-09
gld_holdings,2013-01-14,2013-01-15,1337.73,https://api.spdrgoldshares.com/api/v1/historical-archive?product=gld&exchange=NYSE&lang=en,2026-10-09
gld_holdings,2013-01-15,2013-01-16,1336.83,https://api.spdrgoldshares.com/api/v1/historical-archive?product=gld&exchange=NYSE&lang=en,2026-10-09
gld_holdings,2013-01-16,2013-01-17,1334.42,https://api.spdrgoldshares.com/api/v1/historical-archive?product=gld&exchange=NYSE&lang=en,2026-10-09
gld_holdings,2013-01-17,2013-01-18,1332.61,https://api.spdrgoldshares.com/api/v1/historical-archive?product=gld&exchange=NYSE&lang=en,2026-10-09
gld_holdings,2013-01-18,2013-01-19,1332.61,https://api.spdrgoldshares.com/api/v1/historical-archive?product=gld&exchange=NYSE&lang=en,2026-10-09
gld_holdings,2013-01-22,2013-01-23,1335.92,https://api.spdrgoldshares.com/api/v1/historical-archive?product=gld&exchange=NYSE&lang=en,2026-10-09
gld_holdings,2013-01-23,2013-01-24,1334.11,https://api.spdrgoldshares.com/api/v1/historical-archive?product=gld&exchange=NYSE&lang=en,2026-10-09
gld_holdings,2013-01-24,2013-01-25,1331.71,https://api.spdrgoldshares.com/api/v1/historical-archive?product=gld&exchange=NYSE&lang=en,2026-10-09
gld_holdings,2013-01-25,2013-01-26,1329.9,https://api.spdrgoldshares.com/api/v1/historical-archive?product=gld&exchange=NYSE&lang=en,2026-10-09
gld_holdings,2013-01-28,2013-01-29,1328.09,https://api.spdrgoldshares.com/api/v1/historical-archive?product=gld&exchange=NYSE&lang=en,2026-10-09
gld_holdings,2013-01-29,2013-01-30,1328.09,https://api.spdrgoldshares.com/api/v1/historical-archive?product=gld&exchange=NYSE&lang=en,2026-10-09
gld_holdings,2013-01-30,2013-01-31,1328.09,https://api.spdrgoldshares.com/api/v1/historical-archive?product=gld&exchange=NYSE&lang=en,2026-10-09
gld_holdings,2013-01-31,2013-02-01,1328.09,https://api.spdrgoldshares.com/api/v1/historical-archive?product=gld&exchange=NYSE&lang=en,2026-10-09
gld_holdings,2013-02-01,2013-02-02,1328.09,https://api.spdrgoldshares.com/api/v1/historical-archive?product=gld&exchange=NYSE&lang=en,2026-10-09
gld_holdings,2013-02-04,2013-02-05,1328.09,https://api.spdrgoldshares.com/api/v1/historical-archive?product=gld&exchange=NYSE&lang=en,2026-10-09
gld_holdings,2013-02-05,2013-02-06,1328.09,https://api.spdrgoldshares.com/api/v1/historical-archive?product=gld&exchange=NYSE&lang=en,2026-10-09
gld_holdings,2013-02-06,2013-02-07,1328.09,https://api.spdrgoldshares.com/api/v1/historical-archive?product=gld&exchange=NYSE&lang=en,2026-10-09
gld_holdings,2013-02-07,2013-02-08,1329.9,https://api.spdrgoldshares.com/api/v1/historical-archive?product=gld&exchange=NYSE&lang=en,2026-10-09
gld_holdings,2013-02-08,2013-02-09,1326.89,https://api.spdrgoldshares.com/api/v1/historical-archive?product=gld&exchange=NYSE&lang=en,2026-10-09
gld_holdings,2013-02-11,2013-02-12,1326.89,https://api.spdrgoldshares.com/api/v1/historical-archive?product=gld&exchange=NYSE&lang=en,2026-10-09
gld_holdings,2013-02-12,2013-02-13,1326.89,https://api.spdrgoldshares.com/api/v1/historical-archive?product=gld&exchange=NYSE&lang=en,2026-10-09
gld_holdings,2013-02-13,2013-02-14,1325.99,https://api.spdrgoldshares.com/api/v1/historical-archive?product=gld&exchange=NYSE&lang=en,2026-10-09
gld_holdings,2013-02-14,2013-02-15,1322.97,https://api.spdrgoldshares.com/api/v1/historical-archive?product=gld&exchange=NYSE&lang=en,2026-10-09
gld_holdings,2013-02-15,2013-02-16,1322.97,https://api.spdrgoldshares.com/api/v1/historical-archive?product=gld&exchange=NYSE&lang=en,2026-10-09
gld_holdings,2013-02-19,2013-02-20,1319.96,https://api.spdrgoldshares.com/api/v1/historical-archive?product=gld&exchange=NYSE&lang=en,2026-10-09
gld_holdings,2013-02-20,2013-02-21,1299.19,https://api.spdrgoldshares.com/api/v1/historical-archive?product=gld&exchange=NYSE&lang=en,2026-10-09
gld_holdings,2013-02-21,2013-02-22,1290.31,https://api.spdrgoldshares.com/api/v1/historical-archive?product=gld&exchange=NYSE&lang=en,2026-10-09
gld_holdings,2013-02-22,2013-02-23,1280.67,https://api.spdrgoldshares.com/api/v1/historical-archive?product=gld&exchange=NYSE&lang=en,2026-10-09
gld_holdings,2013-02-25,2013-02-26,1272.85,https://api.spdrgoldshares.com/api/v1/historical-archive?product=gld&exchange=NYSE&lang=en,2026-10-09
gld_holdings,2013-02-26,2013-02-27,1270.44,https://api.spdrgoldshares.com/api/v1/historical-archive?product=gld&exchange=NYSE&lang=en,2026-10-09
gld_holdings,2013-02-27,2013-02-28,1258.4,https://api.spdrgoldshares.com/api/v1/historical-archive?product=gld&exchange=NYSE&lang=en,2026-10-09
gld_holdings,2013-02-28,2013-03-01,1254.49,https://api.spdrgoldshares.com/api/v1/historical-archive?product=gld&exchange=NYSE&lang=en,2026-10-09
gld_holdings,2013-03-01,2013-03-02,1253.88,https://api.spdrgoldshares.com/api/v1/historical-archive?product=gld&exchange=NYSE&lang=en,2026-10-09
gld_holdings,2013-03-04,2013-03-05,1253.28,https://api.spdrgoldshares.com/api/v1/historical-archive?product=gld&exchange=NYSE&lang=en,2026-10-09
gld_holdings,2013-03-05,2013-03-06,1244.86,https://api.spdrgoldshares.com/api/v1/historical-archive?product=gld&exchange=NYSE&lang=en,2026-10-09
gld_holdings,2013-03-06,2013-03-07,1244.86,https://api.spdrgoldshares.com/api/v1/historical-archive?product=gld&exchange=NYSE&lang=en,2026-10-09
gld_holdings,2013-03-07,2013-03-08,1243.05,https://api.spdrgoldshares.com/api/v1/historical-archive?product=gld&exchange=NYSE&lang=en,2026-10-09
gld_holdings,2013-03-08,2013-03-09,1239.74,https://api.spdrgoldshares.com/api/v1/historical-archive?product=gld&exchange=NYSE&lang=en,2026-10-09
gld_holdings,2013-03-11,2013-03-12,1236.73,https://api.spdrgoldshares.com/api/v1/historical-archive?product=gld&exchange=NYSE&lang=en,2026-10-09
gld_holdings,2013-03-12,2013-03-13,1236.31,https://api.spdrgoldshares.com/api/v1/historical-archive?product=gld&exchange=NYSE&lang=en,2026-10-09
gld_holdings,2013-03-13,2013-03-14,1236.31,https://api.spdrgoldshares.com/api/v1/historical-archive?product=gld&exchange=NYSE&lang=en,2026-10-09
gld_holdings,2013-03-14,2013-03-15,1236.31,https://api.spdrgoldshares.com/api/v1/historical-archive?product=gld&exchange=NYSE&lang=en,2026-10-09
gld_holdings,2013-03-15,2013-03-16,1233.0,https://api.spdrgoldshares.com/api/v1/historical-archive?product=gld&exchange=NYSE&lang=en,2026-10-09
gld_holdings,2013-03-18,2013-03-19,1219.45,https://api.spdrgoldshares.com/api/v1/historical-archive?product=gld&exchange=NYSE&lang=en,2026-10-09
gld_holdings,2013-03-19,2013-03-20,1222.16,https://api.spdrgoldshares.com/api/v1/historical-archive?product=gld&exchange=NYSE&lang=en,2026-10-09
gld_holdings,2013-03-20,2013-03-21,1222.16,https://api.spdrgoldshares.com/api/v1/historical-archive?product=gld&exchange=NYSE&lang=en,2026-10-09
gld_holdings,2013-03-21,2013-03-22,1221.26,https://api.spdrgoldshares.com/api/v1/historical-archive?product=gld&exchange=NYSE&lang=en,2026-10-09
gld_holdings,2013-03-22,2013-03-23,1221.26,https://api.spdrgoldshares.com/api/v1/historical-archive?product=gld&exchange=NYSE&lang=en,2026-10-09
gld_holdings,2013-03-25,2013-03-26,1221.26,https://api.spdrgoldshares.com/api/v1/historical-archive?product=gld&exchange=NYSE&lang=en,2026-10-09
gld_holdings,2013-03-26,2013-03-27,1221.26,https://api.spdrgoldshares.com/api/v1/historical-archive?product=gld&exchange=NYSE&lang=en,2026-10-09
gld_holdings,2013-03-27,2013-03-28,1221.26,https://api.spdrgoldshares.com/api/v1/historical-archive?product=gld&exchange=NYSE&lang=en,2026-10-09
gld_holdings,2013-03-28,2013-03-29,1221.26,https://api.spdrgoldshares.com/api/v1/historical-archive?product=gld&exchange=NYSE&lang=en,2026-10-09
gld_holdings,2013-04-01,2013-04-02,1217.05,https://api.spdrgoldshares.com/api/v1/historical-archive?product=gld&exchange=NYSE&lang=en,2026-10-09
gld_holdings,2013-04-02,2013-04-03,1208.92,https://api.spdrgoldshares.com/api/v1/historical-archive?product=gld&exchange=NYSE&lang=en,2026-10-09
gld_holdings,2013-04-03,2013-04-04,1206.22,https://api.spdrgoldshares.com/api/v1/historical-archive?product=gld&exchange=NYSE&lang=en,2026-10-09
gld_holdings,2013-04-04,2013-04-05,1206.22,https://api.spdrgoldshares.com/api/v1/historical-archive?product=gld&exchange=NYSE&lang=en,2026-10-09
gld_holdings,2013-04-05,2013-04-06,1205.31,https://api.spdrgoldshares.com/api/v1/historical-archive?product=gld&exchange=NYSE&lang=en,2026-10-09
gld_holdings,2013-04-08,2013-04-09,1205.31,https://api.spdrgoldshares.com/api/v1/historical-archive?product=gld&exchange=NYSE&lang=en,2026-10-09
gld_holdings,2013-04-09,2013-04-10,1200.38,https://api.spdrgoldshares.com/api/v1/historical-archive?product=gld&exchange=NYSE&lang=en,2026-10-09
gld_holdings,2013-04-10,2013-04-11,1183.53,https://api.spdrgoldshares.com/api/v1/historical-archive?product=gld&exchange=NYSE&lang=en,2026-10-09
gld_holdings,2013-04-11,2013-04-12,1181.42,https://api.spdrgoldshares.com/api/v1/historical-archive?product=gld&exchange=NYSE&lang=en,2026-10-09
gld_holdings,2013-04-12,2013-04-13,1158.56,https://api.spdrgoldshares.com/api/v1/historical-archive?product=gld&exchange=NYSE&lang=en,2026-10-09
gld_holdings,2013-04-15,2013-04-16,1154.34,https://api.spdrgoldshares.com/api/v1/historical-archive?product=gld&exchange=NYSE&lang=en,2026-10-09
gld_holdings,2013-04-16,2013-04-17,1145.92,https://api.spdrgoldshares.com/api/v1/historical-archive?product=gld&exchange=NYSE&lang=en,2026-10-09
gld_holdings,2013-04-17,2013-04-18,1134.79,https://api.spdrgoldshares.com/api/v1/historical-archive?product=gld&exchange=NYSE&lang=en,2026-10-09
gld_holdings,2013-04-18,2013-04-19,1132.99,https://api.spdrgoldshares.com/api/v1/historical-archive?product=gld&exchange=NYSE&lang=en,2026-10-09
gld_holdings,2013-04-19,2013-04-20,1123.06,https://api.spdrgoldshares.com/api/v1/historical-archive?product=gld&exchange=NYSE&lang=en,2026-10-09
gld_holdings,2013-04-22,2013-04-23,1104.71,https://api.spdrgoldshares.com/api/v1/historical-archive?product=gld&exchange=NYSE&lang=en,2026-10-09
gld_holdings,2013-04-23,2013-04-24,1097.19,https://api.spdrgoldshares.com/api/v1/historical-archive?product=gld&exchange=NYSE&lang=en,2026-10-09
gld_holdings,2013-04-24,2013-04-25,1092.98,https://api.spdrgoldshares.com/api/v1/historical-archive?product=gld&exchange=NYSE&lang=en,2026-10-09
gld_holdings,2013-04-25,2013-04-26,1090.27,https://api.spdrgoldshares.com/api/v1/historical-archive?product=gld&exchange=NYSE&lang=en,2026-10-09
gld_holdings,2013-04-26,2013-04-27,1083.05,https://api.spdrgoldshares.com/api/v1/historical-archive?product=gld&exchange=NYSE&lang=en,2026-10-09
gld_holdings,2013-04-29,2013-04-30,1080.64,https://api.spdrgoldshares.com/api/v1/historical-archive?product=gld&exchange=NYSE&lang=en,2026-10-09
gld_holdings,2013-04-30,2013-05-01,1078.54,https://api.spdrgoldshares.com/api/v1/historical-archive?product=gld&exchange=NYSE&lang=en,2026-10-09
gld_holdings,2013-05-01,2013-05-02,1075.23,https://api.spdrgoldshares.com/api/v1/historical-archive?product=gld&exchange=NYSE&lang=en,2026-10-09
gld_holdings,2013-05-02,2013-05-03,1069.21,https://api.spdrgoldshares.com/api/v1/historical-archive?product=gld&exchange=NYSE&lang=en,2026-10-09
gld_holdings,2013-05-03,2013-05-04,1065.61,https://api.spdrgoldshares.com/api/v1/historical-archive?product=gld&exchange=NYSE&lang=en,2026-10-09
gld_holdings,2013-05-06,2013-05-07,1062.3,https://api.spdrgoldshares.com/api/v1/historical-archive?product=gld&exchange=NYSE&lang=en,2026-10-09
gld_holdings,2013-05-07,2013-05-08,1057.79,https://api.spdrgoldshares.com/api/v1/historical-archive?product=gld&exchange=NYSE&lang=en,2026-10-09
gld_holdings,2013-05-08,2013-05-09,1051.47,https://api.spdrgoldshares.com/api/v1/historical-archive?product=gld&exchange=NYSE&lang=en,2026-10-09
gld_holdings,2013-05-09,2013-05-10,1054.18,https://api.spdrgoldshares.com/api/v1/historical-archive?product=gld&exchange=NYSE&lang=en,2026-10-09
gld_holdings,2013-05-10,2013-05-11,1051.65,https://api.spdrgoldshares.com/api/v1/historical-archive?product=gld&exchange=NYSE&lang=en,2026-10-09
gld_holdings,2013-05-13,2013-05-14,1051.65,https://api.spdrgoldshares.com/api/v1/historical-archive?product=gld&exchange=NYSE&lang=en,2026-10-09
gld_holdings,2013-05-14,2013-05-15,1051.65,https://api.spdrgoldshares.com/api/v1/historical-archive?product=gld&exchange=NYSE&lang=en,2026-10-09
gld_holdings,2013-05-15,2013-05-16,1047.13,https://api.spdrgoldshares.com/api/v1/historical-archive?product=gld&exchange=NYSE&lang=en,2026-10-09
gld_holdings,2013-05-16,2013-05-17,1041.42,https://api.spdrgoldshares.com/api/v1/historical-archive?product=gld&exchange=NYSE&lang=en,2026-10-09
gld_holdings,2013-05-17,2013-05-18,1038.41,https://api.spdrgoldshares.com/api/v1/historical-archive?product=gld&exchange=NYSE&lang=en,2026-10-09
gld_holdings,2013-05-20,2013-05-21,1031.5,https://api.spdrgoldshares.com/api/v1/historical-archive?product=gld&exchange=NYSE&lang=en,2026-10-09
gld_holdings,2013-05-21,2013-05-22,1023.08,https://api.spdrgoldshares.com/api/v1/historical-archive?product=gld&exchange=NYSE&lang=en,2026-10-09
gld_holdings,2013-05-22,2013-05-23,1020.07,https://api.spdrgoldshares.com/api/v1/historical-archive?product=gld&exchange=NYSE&lang=en,2026-10-09
gld_holdings,2013-05-23,2013-05-24,1018.57,https://api.spdrgoldshares.com/api/v1/historical-archive?product=gld&exchange=NYSE&lang=en,2026-10-09
gld_holdings,2013-05-24,2013-05-25,1016.16,https://api.spdrgoldshares.com/api/v1/historical-archive?product=gld&exchange=NYSE&lang=en,2026-10-09
gld_holdings,2013-05-28,2013-05-29,1012.25,https://api.spdrgoldshares.com/api/v1/historical-archive?product=gld&exchange=NYSE&lang=en,2026-10-09
gld_holdings,2013-05-29,2013-05-30,1013.15,https://api.spdrgoldshares.com/api/v1/historical-archive?product=gld&exchange=NYSE&lang=en,2026-10-09
gld_holdings,2013-05-30,2013-05-31,1013.15,https://api.spdrgoldshares.com/api/v1/historical-archive?product=gld&exchange=NYSE&lang=en,2026-10-09
gld_holdings,2013-05-31,2013-06-01,1013.15,https://api.spdrgoldshares.com/api/v1/historical-archive?product=gld&exchange=NYSE&lang=en,2026-10-09
gld_holdings,2013-06-03,2013-06-04,1013.15,https://api.spdrgoldshares.com/api/v1/historical-archive?product=gld&exchange=NYSE&lang=en,2026-10-09
gld_holdings,2013-06-04,2013-06-05,1010.45,https://api.spdrgoldshares.com/api/v1/historical-archive?product=gld&exchange=NYSE&lang=en,2026-10-09
gld_holdings,2013-06-05,2013-06-06,1010.45,https://api.spdrgoldshares.com/api/v1/historical-archive?product=gld&exchange=NYSE&lang=en,2026-10-09
gld_holdings,2013-06-06,2013-06-07,1007.74,https://api.spdrgoldshares.com/api/v1/historical-archive?product=gld&exchange=NYSE&lang=en,2026-10-09
gld_holdings,2013-06-07,2013-06-08,1007.14,https://api.spdrgoldshares.com/api/v1/historical-archive?product=gld&exchange=NYSE&lang=en,2026-10-09
gld_holdings,2013-06-10,2013-06-11,1009.85,https://api.spdrgoldshares.com/api/v1/historical-archive?product=gld&exchange=NYSE&lang=en,2026-10-09
gld_holdings,2013-06-11,2013-06-12,1009.85,https://api.spdrgoldshares.com/api/v1/historical-archive?product=gld&exchange=NYSE&lang=en,2026-10-09
gld_holdings,2013-06-12,2013-06-13,1009.85,https://api.spdrgoldshares.com/api/v1/historical-archive?product=gld&exchange=NYSE&lang=en,2026-10-09
gld_holdings,2013-06-13,2013-06-14,1003.53,https://api.spdrgoldshares.com/api/v1/historical-archive?product=gld&exchange=NYSE&lang=en,2026-10-09
gld_holdings,2013-06-14,2013-06-15,1003.53,https://api.spdrgoldshares.com/api/v1/historical-archive?product=gld&exchange=NYSE&lang=en,2026-10-09
gld_holdings,2013-06-17,2013-06-18,1003.17,https://api.spdrgoldshares.com/api/v1/historical-archive?product=gld&exchange=NYSE&lang=en,2026-10-09
gld_holdings,2013-06-18,2013-06-19,1001.66,https://api.spdrgoldshares.com/api/v1/historical-archive?product=gld&exchange=NYSE&lang=en,2026-10-09
gld_holdings,2013-06-19,2013-06-20,999.56,https://api.spdrgoldshares.com/api/v1/historical-archive?product=gld&exchange=NYSE&lang=en,2026-10-09
gld_holdings,2013-06-20,2013-06-21,995.35,https://api.spdrgoldshares.com/api/v1/historical-archive?product=gld&exchange=NYSE&lang=en,2026-10-09
gld_holdings,2013-06-21,2013-06-22,989.94,https://api.spdrgoldshares.com/api/v1/historical-archive?product=gld&exchange=NYSE&lang=en,2026-10-09
gld_holdings,2013-06-24,2013-06-25,985.73,https://api.spdrgoldshares.com/api/v1/historical-archive?product=gld&exchange=NYSE&lang=en,2026-10-09
gld_holdings,2013-06-25,2013-06-26,969.5,https://api.spdrgoldshares.com/api/v1/historical-archive?product=gld&exchange=NYSE&lang=en,2026-10-09
gld_holdings,2013-06-26,2013-06-27,969.5,https://api.spdrgoldshares.com/api/v1/historical-archive?product=gld&exchange=NYSE&lang=en,2026-10-09
gld_holdings,2013-06-27,2013-06-28,969.5,https://api.spdrgoldshares.com/api/v1/historical-archive?product=gld&exchange=NYSE&lang=en,2026-10-09
gld_holdings,2013-06-28,2013-06-29,969.5,https://api.spdrgoldshares.com/api/v1/historical-archive?product=gld&exchange=NYSE&lang=en,2026-10-09
gld_holdings,2013-07-01,2013-07-02,968.3,https://api.spdrgoldshares.com/api/v1/historical-archive?product=gld&exchange=NYSE&lang=en,2026-10-09
gld_holdings,2013-07-02,2013-07-03,964.69,https://api.spdrgoldshares.com/api/v1/historical-archive?product=gld&exchange=NYSE&lang=en,2026-10-09
gld_holdings,2013-07-03,2013-07-04,964.69,https://api.spdrgoldshares.com/api/v1/historical-archive?product=gld&exchange=NYSE&lang=en,2026-10-09
gld_holdings,2013-07-05,2013-07-06,961.99,https://api.spdrgoldshares.com/api/v1/historical-archive?product=gld&exchange=NYSE&lang=en,2026-10-09
gld_holdings,2013-07-08,2013-07-09,946.96,https://api.spdrgoldshares.com/api/v1/historical-archive?product=gld&exchange=NYSE&lang=en,2026-10-09
gld_holdings,2013-07-09,2013-07-10,939.75,https://api.spdrgoldshares.com/api/v1/historical-archive?product=gld&exchange=NYSE&lang=en,2026-10-09
gld_holdings,2013-07-10,2013-07-11,939.07,https://api.spdrgoldshares.com/api/v1/historical-archive?product=gld&exchange=NYSE&lang=en,2026-10-09
gld_holdings,2013-07-11,2013-07-12,939.07,https://api.spdrgoldshares.com/api/v1/historical-archive?product=gld&exchange=NYSE&lang=en,2026-10-09
gld_holdings,2013-07-12,2013-07-13,939.07,https://api.spdrgoldshares.com/api/v1/historical-archive?product=gld&exchange=NYSE&lang=en,2026-10-09
gld_holdings,2013-07-15,2013-07-16,939.07,https://api.spdrgoldshares.com/api/v1/historical-archive?product=gld&exchange=NYSE&lang=en,2026-10-09
gld_holdings,2013-07-16,2013-07-17,937.57,https://api.spdrgoldshares.com/api/v1/historical-archive?product=gld&exchange=NYSE&lang=en,2026-10-09
gld_holdings,2013-07-17,2013-07-18,936.07,https://api.spdrgoldshares.com/api/v1/historical-archive?product=gld&exchange=NYSE&lang=en,2026-10-09
gld_holdings,2013-07-18,2013-07-19,935.17,https://api.spdrgoldshares.com/api/v1/historical-archive?product=gld&exchange=NYSE&lang=en,2026-10-09
gld_holdings,2013-07-19,2013-07-20,932.46,https://api.spdrgoldshares.com/api/v1/historical-archive?product=gld&exchange=NYSE&lang=en,2026-10-09
gld_holdings,2013-07-22,2013-07-23,931.26,https://api.spdrgoldshares.com/api/v1/historical-archive?product=gld&exchange=NYSE&lang=en,2026-10-09
gld_holdings,2013-07-23,2013-07-24,929.76,https://api.spdrgoldshares.com/api/v1/historical-archive?product=gld&exchange=NYSE&lang=en,2026-10-09
gld_holdings,2013-07-24,2013-07-25,929.76,https://api.spdrgoldshares.com/api/v1/historical-archive?product=gld&exchange=NYSE&lang=en,2026-10-09
gld_holdings,2013-07-25,2013-07-26,927.36,https://api.spdrgoldshares.com/api/v1/historical-archive?product=gld&exchange=NYSE&lang=en,2026-10-09
gld_holdings,2013-07-26,2013-07-27,927.36,https://api.spdrgoldshares.com/api/v1/historical-archive?product=gld&exchange=NYSE&lang=en,2026-10-09
gld_holdings,2013-07-29,2013-07-30,927.36,https://api.spdrgoldshares.com/api/v1/historical-archive?product=gld&exchange=NYSE&lang=en,2026-10-09
gld_holdings,2013-07-30,2013-07-31,927.36,https://api.spdrgoldshares.com/api/v1/historical-archive?product=gld&exchange=NYSE&lang=en,2026-10-09
gld_holdings,2013-07-31,2013-08-01,927.36,https://api.spdrgoldshares.com/api/v1/historical-archive?product=gld&exchange=NYSE&lang=en,2026-10-09
gld_holdings,2013-08-01,2013-08-02,921.05,https://api.spdrgoldshares.com/api/v1/historical-archive?product=gld&exchange=NYSE&lang=en,2026-10-09
gld_holdings,2013-08-02,2013-08-03,918.64,https://api.spdrgoldshares.com/api/v1/historical-archive?product=gld&exchange=NYSE&lang=en,2026-10-09
gld_holdings,2013-08-05,2013-08-06,917.14,https://api.spdrgoldshares.com/api/v1/historical-archive?product=gld&exchange=NYSE&lang=en,2026-10-09
gld_holdings,2013-08-06,2013-08-07,915.04,https://api.spdrgoldshares.com/api/v1/historical-archive?product=gld&exchange=NYSE&lang=en,2026-10-09
gld_holdings,2013-08-07,2013-08-08,910.53,https://api.spdrgoldshares.com/api/v1/historical-archive?product=gld&exchange=NYSE&lang=en,2026-10-09
gld_holdings,2013-08-08,2013-08-09,909.33,https://api.spdrgoldshares.com/api/v1/historical-archive?product=gld&exchange=NYSE&lang=en,2026-10-09
gld_holdings,2013-08-09,2013-08-10,911.13,https://api.spdrgoldshares.com/api/v1/historical-archive?product=gld&exchange=NYSE&lang=en,2026-10-09
gld_holdings,2013-08-12,2013-08-13,911.13,https://api.spdrgoldshares.com/api/v1/historical-archive?product=gld&exchange=NYSE&lang=en,2026-10-09
gld_holdings,2013-08-13,2013-08-14,911.13,https://api.spdrgoldshares.com/api/v1/historical-archive?product=gld&exchange=NYSE&lang=en,2026-10-09
gld_holdings,2013-08-14,2013-08-15,913.23,https://api.spdrgoldshares.com/api/v1/historical-archive?product=gld&exchange=NYSE&lang=en,2026-10-09
gld_holdings,2013-08-15,2013-08-16,912.92,https://api.spdrgoldshares.com/api/v1/historical-archive?product=gld&exchange=NYSE&lang=en,2026-10-09
gld_holdings,2013-08-16,2013-08-17,915.32,https://api.spdrgoldshares.com/api/v1/historical-archive?product=gld&exchange=NYSE&lang=en,2026-10-09
gld_holdings,2013-08-19,2013-08-20,912.32,https://api.spdrgoldshares.com/api/v1/historical-archive?product=gld&exchange=NYSE&lang=en,2026-10-09
gld_holdings,2013-08-20,2013-08-21,914.12,https://api.spdrgoldshares.com/api/v1/historical-archive?product=gld&exchange=NYSE&lang=en,2026-10-09
gld_holdings,2013-08-21,2013-08-22,913.52,https://api.spdrgoldshares.com/api/v1/historical-archive?product=gld&exchange=NYSE&lang=en,2026-10-09
gld_holdings,2013-08-22,2013-08-23,913.52,https://api.spdrgoldshares.com/api/v1/historical-archive?product=gld&exchange=NYSE&lang=en,2026-10-09
gld_holdings,2013-08-23,2013-08-24,920.13,https://api.spdrgoldshares.com/api/v1/historical-archive?product=gld&exchange=NYSE&lang=en,2026-10-09
gld_holdings,2013-08-26,2013-08-27,920.13,https://api.spdrgoldshares.com/api/v1/historical-archive?product=gld&exchange=NYSE&lang=en,2026-10-09
gld_holdings,2013-08-27,2013-08-28,921.03,https://api.spdrgoldshares.com/api/v1/historical-archive?product=gld&exchange=NYSE&lang=en,2026-10-09
gld_holdings,2013-08-28,2013-08-29,921.03,https://api.spdrgoldshares.com/api/v1/historical-archive?product=gld&exchange=NYSE&lang=en,2026-10-09
gld_holdings,2013-08-29,2013-08-30,921.03,https://api.spdrgoldshares.com/api/v1/historical-archive?product=gld&exchange=NYSE&lang=en,2026-10-09
gld_holdings,2013-08-30,2013-08-31,921.03,https://api.spdrgoldshares.com/api/v1/historical-archive?product=gld&exchange=NYSE&lang=en,2026-10-09
gld_holdings,2013-09-03,2013-09-04,919.23,https://api.spdrgoldshares.com/api/v1/historical-archive?product=gld&exchange=NYSE&lang=en,2026-10-09
gld_holdings,2013-09-04,2013-09-05,919.23,https://api.spdrgoldshares.com/api/v1/historical-archive?product=gld&exchange=NYSE&lang=en,2026-10-09
gld_holdings,2013-09-05,2013-09-06,919.23,https://api.spdrgoldshares.com/api/v1/historical-archive?product=gld&exchange=NYSE&lang=en,2026-10-09
gld_holdings,2013-09-06,2013-09-07,919.23,https://api.spdrgoldshares.com/api/v1/historical-archive?product=gld&exchange=NYSE&lang=en,2026-10-09
gld_holdings,2013-09-09,2013-09-10,917.13,https://api.spdrgoldshares.com/api/v1/historical-archive?product=gld&exchange=NYSE&lang=en,2026-10-09
gld_holdings,2013-09-10,2013-09-11,917.13,https://api.spdrgoldshares.com/api/v1/historical-archive?product=gld&exchange=NYSE&lang=en,2026-10-09
gld_holdings,2013-09-11,2013-09-12,917.13,https://api.spdrgoldshares.com/api/v1/historical-archive?product=gld&exchange=NYSE&lang=en,2026-10-09
gld_holdings,2013-09-12,2013-09-13,917.13,https://api.spdrgoldshares.com/api/v1/historical-archive?product=gld&exchange=NYSE&lang=en,2026-10-09
gld_holdings,2013-09-13,2013-09-14,911.12,https://api.spdrgoldshares.com/api/v1/historical-archive?product=gld&exchange=NYSE&lang=en,2026-10-09
gld_holdings,2013-09-16,2013-09-17,911.12,https://api.spdrgoldshares.com/api/v1/historical-archive?product=gld&exchange=NYSE&lang=en,2026-10-09
gld_holdings,2013-09-17,2013-09-18,911.12,https://api.spdrgoldshares.com/api/v1/historical-archive?product=gld&exchange=NYSE&lang=en,2026-10-09
gld_holdings,2013-09-18,2013-09-19,911.12,https://api.spdrgoldshares.com/api/v1/historical-archive?product=gld&exchange=NYSE&lang=en,2026-10-09
gld_holdings,2013-09-19,2013-09-20,912.0,https://api.spdrgoldshares.com/api/v1/historical-archive?product=gld&exchange=NYSE&lang=en,2026-10-09
gld_holdings,2013-09-20,2013-09-21,910.19,https://api.spdrgoldshares.com/api/v1/historical-archive?product=gld&exchange=NYSE&lang=en,2026-10-09
gld_holdings,2013-09-23,2013-09-24,909.59,https://api.spdrgoldshares.com/api/v1/historical-archive?product=gld&exchange=NYSE&lang=en,2026-10-09
gld_holdings,2013-09-24,2013-09-25,909.59,https://api.spdrgoldshares.com/api/v1/historical-archive?product=gld&exchange=NYSE&lang=en,2026-10-09
gld_holdings,2013-09-25,2013-09-26,909.59,https://api.spdrgoldshares.com/api/v1/historical-archive?product=gld&exchange=NYSE&lang=en,2026-10-09
gld_holdings,2013-09-26,2013-09-27,909.59,https://api.spdrgoldshares.com/api/v1/historical-archive?product=gld&exchange=NYSE&lang=en,2026-10-09
gld_holdings,2013-09-27,2013-09-28,905.99,https://api.spdrgoldshares.com/api/v1/historical-archive?product=gld&exchange=NYSE&lang=en,2026-10-09
gld_holdings,2013-09-30,2013-10-01,905.99,https://api.spdrgoldshares.com/api/v1/historical-archive?product=gld&exchange=NYSE&lang=en,2026-10-09
gld_holdings,2013-10-01,2013-10-02,905.99,https://api.spdrgoldshares.com/api/v1/historical-archive?product=gld&exchange=NYSE&lang=en,2026-10-09
gld_holdings,2013-10-02,2013-10-03,901.79,https://api.spdrgoldshares.com/api/v1/historical-archive?product=gld&exchange=NYSE&lang=en,2026-10-09
gld_holdings,2013-10-03,2013-10-04,899.99,https://api.spdrgoldshares.com/api/v1/historical-archive?product=gld&exchange=NYSE&lang=en,2026-10-09
gld_holdings,2013-10-04,2013-10-05,899.99,https://api.spdrgoldshares.com/api/v1/historical-archive?product=gld&exchange=NYSE&lang=en,2026-10-09
gld_holdings,2013-10-07,2013-10-08,899.99,https://api.spdrgoldshares.com/api/v1/historical-archive?product=gld&exchange=NYSE&lang=en,2026-10-09
gld_holdings,2013-10-08,2013-10-09,898.18,https://api.spdrgoldshares.com/api/v1/historical-archive?product=gld&exchange=NYSE&lang=en,2026-10-09
gld_holdings,2013-10-09,2013-10-10,898.18,https://api.spdrgoldshares.com/api/v1/historical-archive?product=gld&exchange=NYSE&lang=en,2026-10-09
gld_holdings,2013-10-10,2013-10-11,896.38,https://api.spdrgoldshares.com/api/v1/historical-archive?product=gld&exchange=NYSE&lang=en,2026-10-09
gld_holdings,2013-10-11,2013-10-12,890.98,https://api.spdrgoldshares.com/api/v1/historical-archive?product=gld&exchange=NYSE&lang=en,2026-10-09
gld_holdings,2013-10-14,2013-10-15,889.13,https://api.spdrgoldshares.com/api/v1/historical-archive?product=gld&exchange=NYSE&lang=en,2026-10-09
gld_holdings,2013-10-15,2013-10-16,889.13,https://api.spdrgoldshares.com/api/v1/historical-archive?product=gld&exchange=NYSE&lang=en,2026-10-09
gld_holdings,2013-10-16,2013-10-17,885.53,https://api.spdrgoldshares.com/api/v1/historical-archive?product=gld&exchange=NYSE&lang=en,2026-10-09
gld_holdings,2013-10-17,2013-10-18,882.23,https://api.spdrgoldshares.com/api/v1/historical-archive?product=gld&exchange=NYSE&lang=en,2026-10-09
gld_holdings,2013-10-18,2013-10-19,882.23,https://api.spdrgoldshares.com/api/v1/historical-archive?product=gld&exchange=NYSE&lang=en,2026-10-09
gld_holdings,2013-10-21,2013-10-22,871.72,https://api.spdrgoldshares.com/api/v1/historical-archive?product=gld&exchange=NYSE&lang=en,2026-10-09
gld_holdings,2013-10-22,2013-10-23,878.32,https://api.spdrgoldshares.com/api/v1/historical-archive?product=gld&exchange=NYSE&lang=en,2026-10-09
gld_holdings,2013-10-23,2013-10-24,878.32,https://api.spdrgoldshares.com/api/v1/historical-archive?product=gld&exchange=NYSE&lang=en,2026-10-09
gld_holdings,2013-10-24,2013-10-25,876.52,https://api.spdrgoldshares.com/api/v1/historical-archive?product=gld&exchange=NYSE&lang=en,2026-10-09
gld_holdings,2013-10-25,2013-10-26,872.02,https://api.spdrgoldshares.com/api/v1/historical-archive?product=gld&exchange=NYSE&lang=en,2026-10-09
gld_holdings,2013-10-28,2013-10-29,872.02,https://api.spdrgoldshares.com/api/v1/historical-archive?product=gld&exchange=NYSE&lang=en,2026-10-09
gld_holdings,2013-10-29,2013-10-30,872.02,https://api.spdrgoldshares.com/api/v1/historical-archive?product=gld&exchange=NYSE&lang=en,2026-10-09
gld_holdings,2013-10-30,2013-10-31,872.02,https://api.spdrgoldshares.com/api/v1/historical-archive?product=gld&exchange=NYSE&lang=en,2026-10-09
gld_holdings,2013-10-31,2013-11-01,872.02,https://api.spdrgoldshares.com/api/v1/historical-archive?product=gld&exchange=NYSE&lang=en,2026-10-09
gld_holdings,2013-11-01,2013-11-02,866.32,https://api.spdrgoldshares.com/api/v1/historical-archive?product=gld&exchange=NYSE&lang=en,2026-10-09
gld_holdings,2013-11-04,2013-11-05,866.32,https://api.spdrgoldshares.com/api/v1/historical-archive?product=gld&exchange=NYSE&lang=en,2026-10-09
gld_holdings,2013-11-05,2013-11-06,866.32,https://api.spdrgoldshares.com/api/v1/historical-archive?product=gld&exchange=NYSE&lang=en,2026-10-09
gld_holdings,2013-11-06,2013-11-07,868.42,https://api.spdrgoldshares.com/api/v1/historical-archive?product=gld&exchange=NYSE&lang=en,2026-10-09
gld_holdings,2013-11-07,2013-11-08,868.42,https://api.spdrgoldshares.com/api/v1/historical-archive?product=gld&exchange=NYSE&lang=en,2026-10-09
gld_holdings,2013-11-08,2013-11-09,868.42,https://api.spdrgoldshares.com/api/v1/historical-archive?product=gld&exchange=NYSE&lang=en,2026-10-09
gld_holdings,2013-11-11,2013-11-12,868.42,https://api.spdrgoldshares.com/api/v1/historical-archive?product=gld&exchange=NYSE&lang=en,2026-10-09
gld_holdings,2013-11-12,2013-11-13,868.42,https://api.spdrgoldshares.com/api/v1/historical-archive?product=gld&exchange=NYSE&lang=en,2026-10-09
gld_holdings,2013-11-13,2013-11-14,865.71,https://api.spdrgoldshares.com/api/v1/historical-archive?product=gld&exchange=NYSE&lang=en,2026-10-09
gld_holdings,2013-11-14,2013-11-15,865.71,https://api.spdrgoldshares.com/api/v1/historical-archive?product=gld&exchange=NYSE&lang=en,2026-10-09
gld_holdings,2013-11-15,2013-11-16,865.71,https://api.spdrgoldshares.com/api/v1/historical-archive?product=gld&exchange=NYSE&lang=en,2026-10-09
gld_holdings,2013-11-18,2013-11-19,864.51,https://api.spdrgoldshares.com/api/v1/historical-archive?product=gld&exchange=NYSE&lang=en,2026-10-09
gld_holdings,2013-11-19,2013-11-20,863.01,https://api.spdrgoldshares.com/api/v1/historical-archive?product=gld&exchange=NYSE&lang=en,2026-10-09
gld_holdings,2013-11-20,2013-11-21,860.31,https://api.spdrgoldshares.com/api/v1/historical-archive?product=gld&exchange=NYSE&lang=en,2026-10-09
gld_holdings,2013-11-21,2013-11-22,856.71,https://api.spdrgoldshares.com/api/v1/historical-archive?product=gld&exchange=NYSE&lang=en,2026-10-09
gld_holdings,2013-11-22,2013-11-23,852.21,https://api.spdrgoldshares.com/api/v1/historical-archive?product=gld&exchange=NYSE&lang=en,2026-10-09
gld_holdings,2013-11-25,2013-11-26,848.91,https://api.spdrgoldshares.com/api/v1/historical-archive?product=gld&exchange=NYSE&lang=en,2026-10-09
gld_holdings,2013-11-26,2013-11-27,848.91,https://api.spdrgoldshares.com/api/v1/historical-archive?product=gld&exchange=NYSE&lang=en,2026-10-09
gld_holdings,2013-11-27,2013-11-28,843.21,https://api.spdrgoldshares.com/api/v1/historical-archive?product=gld&exchange=NYSE&lang=en,2026-10-09
gld_holdings,2013-11-29,2013-11-30,843.21,https://api.spdrgoldshares.com/api/v1/historical-archive?product=gld&exchange=NYSE&lang=en,2026-10-09
gld_holdings,2013-12-02,2013-12-03,843.21,https://api.spdrgoldshares.com/api/v1/historical-archive?product=gld&exchange=NYSE&lang=en,2026-10-09
gld_holdings,2013-12-03,2013-12-04,841.41,https://api.spdrgoldshares.com/api/v1/historical-archive?product=gld&exchange=NYSE&lang=en,2026-10-09
gld_holdings,2013-12-04,2013-12-05,838.71,https://api.spdrgoldshares.com/api/v1/historical-archive?product=gld&exchange=NYSE&lang=en,2026-10-09
gld_holdings,2013-12-05,2013-12-06,838.71,https://api.spdrgoldshares.com/api/v1/historical-archive?product=gld&exchange=NYSE&lang=en,2026-10-09
gld_holdings,2013-12-06,2013-12-07,835.71,https://api.spdrgoldshares.com/api/v1/historical-archive?product=gld&exchange=NYSE&lang=en,2026-10-09
gld_holdings,2013-12-09,2013-12-10,835.71,https://api.spdrgoldshares.com/api/v1/historical-archive?product=gld&exchange=NYSE&lang=en,2026-10-09
gld_holdings,2013-12-10,2013-12-11,835.71,https://api.spdrgoldshares.com/api/v1/historical-archive?product=gld&exchange=NYSE&lang=en,2026-10-09
gld_holdings,2013-12-11,2013-12-12,833.6,https://api.spdrgoldshares.com/api/v1/historical-archive?product=gld&exchange=NYSE&lang=en,2026-10-09
gld_holdings,2013-12-12,2013-12-13,827.6,https://api.spdrgoldshares.com/api/v1/historical-archive?product=gld&exchange=NYSE&lang=en,2026-10-09
gld_holdings,2013-12-13,2013-12-14,827.6,https://api.spdrgoldshares.com/api/v1/historical-archive?product=gld&exchange=NYSE&lang=en,2026-10-09
gld_holdings,2013-12-16,2013-12-17,818.9,https://api.spdrgoldshares.com/api/v1/historical-archive?product=gld&exchange=NYSE&lang=en,2026-10-09
gld_holdings,2013-12-17,2013-12-18,816.82,https://api.spdrgoldshares.com/api/v1/historical-archive?product=gld&exchange=NYSE&lang=en,2026-10-09
gld_holdings,2013-12-18,2013-12-19,812.62,https://api.spdrgoldshares.com/api/v1/historical-archive?product=gld&exchange=NYSE&lang=en,2026-10-09
gld_holdings,2013-12-19,2013-12-20,808.72,https://api.spdrgoldshares.com/api/v1/historical-archive?product=gld&exchange=NYSE&lang=en,2026-10-09
gld_holdings,2013-12-20,2013-12-21,814.12,https://api.spdrgoldshares.com/api/v1/historical-archive?product=gld&exchange=NYSE&lang=en,2026-10-09
gld_holdings,2013-12-23,2013-12-24,805.72,https://api.spdrgoldshares.com/api/v1/historical-archive?product=gld&exchange=NYSE&lang=en,2026-10-09
gld_holdings,2013-12-24,2013-12-25,805.72,https://api.spdrgoldshares.com/api/v1/historical-archive?product=gld&exchange=NYSE&lang=en,2026-10-09
gld_holdings,2013-12-26,2013-12-27,804.22,https://api.spdrgoldshares.com/api/v1/historical-archive?product=gld&exchange=NYSE&lang=en,2026-10-09
gld_holdings,2013-12-27,2013-12-28,801.22,https://api.spdrgoldshares.com/api/v1/historical-archive?product=gld&exchange=NYSE&lang=en,2026-10-09
gld_holdings,2013-12-30,2013-12-31,798.22,https://api.spdrgoldshares.com/api/v1/historical-archive?product=gld&exchange=NYSE&lang=en,2026-10-09
gld_holdings,2013-12-31,2014-01-01,798.22,https://api.spdrgoldshares.com/api/v1/historical-archive?product=gld&exchange=NYSE&lang=en,2026-10-09
gld_holdings,2014-01-02,2014-01-03,794.62,https://api.spdrgoldshares.com/api/v1/historical-archive?product=gld&exchange=NYSE&lang=en,2026-10-09
gld_holdings,2014-01-03,2014-01-04,794.62,https://api.spdrgoldshares.com/api/v1/historical-archive?product=gld&exchange=NYSE&lang=en,2026-10-09
gld_holdings,2014-01-06,2014-01-07,794.62,https://api.spdrgoldshares.com/api/v1/historical-archive?product=gld&exchange=NYSE&lang=en,2026-10-09
gld_holdings,2014-01-07,2014-01-08,794.62,https://api.spdrgoldshares.com/api/v1/historical-archive?product=gld&exchange=NYSE&lang=en,2026-10-09
gld_holdings,2014-01-08,2014-01-09,793.12,https://api.spdrgoldshares.com/api/v1/historical-archive?product=gld&exchange=NYSE&lang=en,2026-10-09
gld_holdings,2014-01-09,2014-01-10,793.12,https://api.spdrgoldshares.com/api/v1/historical-archive?product=gld&exchange=NYSE&lang=en,2026-10-09
gld_holdings,2014-01-10,2014-01-11,793.12,https://api.spdrgoldshares.com/api/v1/historical-archive?product=gld&exchange=NYSE&lang=en,2026-10-09
gld_holdings,2014-01-13,2014-01-14,793.12,https://api.spdrgoldshares.com/api/v1/historical-archive?product=gld&exchange=NYSE&lang=en,2026-10-09
gld_holdings,2014-01-14,2014-01-15,789.56,https://api.spdrgoldshares.com/api/v1/historical-archive?product=gld&exchange=NYSE&lang=en,2026-10-09
gld_holdings,2014-01-15,2014-01-16,789.56,https://api.spdrgoldshares.com/api/v1/historical-archive?product=gld&exchange=NYSE&lang=en,2026-10-09
gld_holdings,2014-01-16,2014-01-17,789.56,https://api.spdrgoldshares.com/api/v1/historical-archive?product=gld&exchange=NYSE&lang=en,2026-10-09
gld_holdings,2014-01-17,2014-01-18,797.05,https://api.spdrgoldshares.com/api/v1/historical-archive?product=gld&exchange=NYSE&lang=en,2026-10-09
gld_holdings,2014-01-21,2014-01-22,797.05,https://api.spdrgoldshares.com/api/v1/historical-archive?product=gld&exchange=NYSE&lang=en,2026-10-09
gld_holdings,2014-01-22,2014-01-23,795.85,https://api.spdrgoldshares.com/api/v1/historical-archive?product=gld&exchange=NYSE&lang=en,2026-10-09
gld_holdings,2014-01-23,2014-01-24,790.46,https://api.spdrgoldshares.com/api/v1/historical-archive?product=gld&exchange=NYSE&lang=en,2026-10-09
gld_holdings,2014-01-24,2014-01-25,790.46,https://api.spdrgoldshares.com/api/v1/historical-archive?product=gld&exchange=NYSE&lang=en,2026-10-09
gld_holdings,2014-01-27,2014-01-28,790.46,https://api.spdrgoldshares.com/api/v1/historical-archive?product=gld&exchange=NYSE&lang=en,2026-10-09
gld_holdings,2014-01-28,2014-01-29,790.46,https://api.spdrgoldshares.com/api/v1/historical-archive?product=gld&exchange=NYSE&lang=en,2026-10-09
gld_holdings,2014-01-29,2014-01-30,792.56,https://api.spdrgoldshares.com/api/v1/historical-archive?product=gld&exchange=NYSE&lang=en,2026-10-09
gld_holdings,2014-01-30,2014-01-31,793.16,https://api.spdrgoldshares.com/api/v1/historical-archive?product=gld&exchange=NYSE&lang=en,2026-10-09
gld_holdings,2014-01-31,2014-02-01,793.16,https://api.spdrgoldshares.com/api/v1/historical-archive?product=gld&exchange=NYSE&lang=en,2026-10-09
gld_holdings,2014-02-03,2014-02-04,793.16,https://api.spdrgoldshares.com/api/v1/historical-archive?product=gld&exchange=NYSE&lang=en,2026-10-09
gld_holdings,2014-02-04,2014-02-05,797.05,https://api.spdrgoldshares.com/api/v1/historical-archive?product=gld&exchange=NYSE&lang=en,2026-10-09
gld_holdings,2014-02-05,2014-02-06,797.05,https://api.spdrgoldshares.com/api/v1/historical-archive?product=gld&exchange=NYSE&lang=en,2026-10-09
gld_holdings,2014-02-06,2014-02-07,797.05,https://api.spdrgoldshares.com/api/v1/historical-archive?product=gld&exchange=NYSE&lang=en,2026-10-09
gld_holdings,2014-02-07,2014-02-08,797.05,https://api.spdrgoldshares.com/api/v1/historical-archive?product=gld&exchange=NYSE&lang=en,2026-10-09
gld_holdings,2014-02-10,2014-02-11,797.05,https://api.spdrgoldshares.com/api/v1/historical-archive?product=gld&exchange=NYSE&lang=en,2026-10-09
gld_holdings,2014-02-11,2014-02-12,798.85,https://api.spdrgoldshares.com/api/v1/historical-archive?product=gld&exchange=NYSE&lang=en,2026-10-09
gld_holdings,2014-02-12,2014-02-13,798.85,https://api.spdrgoldshares.com/api/v1/historical-archive?product=gld&exchange=NYSE&lang=en,2026-10-09
gld_holdings,2014-02-13,2014-02-14,806.35,https://api.spdrgoldshares.com/api/v1/historical-archive?product=gld&exchange=NYSE&lang=en,2026-10-09
gld_holdings,2014-02-14,2014-02-15,801.25,https://api.spdrgoldshares.com/api/v1/historical-archive?product=gld&exchange=NYSE&lang=en,2026-10-09
gld_holdings,2014-02-18,2014-02-19,801.25,https://api.spdrgoldshares.com/api/v1/historical-archive?product=gld&exchange=NYSE&lang=en,2026-10-09
gld_holdings,2014-02-19,2014-02-20,795.61,https://api.spdrgoldshares.com/api/v1/historical-archive?product=gld&exchange=NYSE&lang=en,2026-10-09
gld_holdings,2014-02-20,2014-02-21,795.61,https://api.spdrgoldshares.com/api/v1/historical-archive?product=gld&exchange=NYSE&lang=en,2026-10-09
gld_holdings,2014-02-21,2014-02-22,798.31,https://api.spdrgoldshares.com/api/v1/historical-archive?product=gld&exchange=NYSE&lang=en,2026-10-09
gld_holdings,2014-02-24,2014-02-25,801.61,https://api.spdrgoldshares.com/api/v1/historical-archive?product=gld&exchange=NYSE&lang=en,2026-10-09
gld_holdings,2014-02-25,2014-02-26,803.7,https://api.spdrgoldshares.com/api/v1/historical-archive?product=gld&exchange=NYSE&lang=en,2026-10-09
gld_holdings,2014-02-26,2014-02-27,803.7,https://api.spdrgoldshares.com/api/v1/historical-archive?product=gld&exchange=NYSE&lang=en,2026-10-09
gld_holdings,2014-02-27,2014-02-28,803.7,https://api.spdrgoldshares.com/api/v1/historical-archive?product=gld&exchange=NYSE&lang=en,2026-10-09
gld_holdings,2014-02-28,2014-03-01,803.7,https://api.spdrgoldshares.com/api/v1/historical-archive?product=gld&exchange=NYSE&lang=en,2026-10-09
gld_holdings,2014-03-03,2014-03-04,803.7,https://api.spdrgoldshares.com/api/v1/historical-archive?product=gld&exchange=NYSE&lang=en,2026-10-09
gld_holdings,2014-03-04,2014-03-05,803.7,https://api.spdrgoldshares.com/api/v1/historical-archive?product=gld&exchange=NYSE&lang=en,2026-10-09
gld_holdings,2014-03-05,2014-03-06,803.7,https://api.spdrgoldshares.com/api/v1/historical-archive?product=gld&exchange=NYSE&lang=en,2026-10-09
gld_holdings,2014-03-06,2014-03-07,803.7,https://api.spdrgoldshares.com/api/v1/historical-archive?product=gld&exchange=NYSE&lang=en,2026-10-09
gld_holdings,2014-03-07,2014-03-08,805.2,https://api.spdrgoldshares.com/api/v1/historical-archive?product=gld&exchange=NYSE&lang=en,2026-10-09
gld_holdings,2014-03-10,2014-03-11,812.7,https://api.spdrgoldshares.com/api/v1/historical-archive?product=gld&exchange=NYSE&lang=en,2026-10-09
gld_holdings,2014-03-11,2014-03-12,812.7,https://api.spdrgoldshares.com/api/v1/historical-archive?product=gld&exchange=NYSE&lang=en,2026-10-09
gld_holdings,2014-03-12,2014-03-13,811.2,https://api.spdrgoldshares.com/api/v1/historical-archive?product=gld&exchange=NYSE&lang=en,2026-10-09
gld_holdings,2014-03-13,2014-03-14,813.3,https://api.spdrgoldshares.com/api/v1/historical-archive?product=gld&exchange=NYSE&lang=en,2026-10-09
gld_holdings,2014-03-14,2014-03-15,816.59,https://api.spdrgoldshares.com/api/v1/historical-archive?product=gld&exchange=NYSE&lang=en,2026-10-09
gld_holdings,2014-03-17,2014-03-18,812.78,https://api.spdrgoldshares.com/api/v1/historical-archive?product=gld&exchange=NYSE&lang=en,2026-10-09
gld_holdings,2014-03-18,2014-03-19,812.78,https://api.spdrgoldshares.com/api/v1/historical-archive?product=gld&exchange=NYSE&lang=en,2026-10-09
gld_holdings,2014-03-19,2014-03-20,812.78,https://api.spdrgoldshares.com/api/v1/historical-archive?product=gld&exchange=NYSE&lang=en,2026-10-09
gld_holdings,2014-03-20,2014-03-21,812.78,https://api.spdrgoldshares.com/api/v1/historical-archive?product=gld&exchange=NYSE&lang=en,2026-10-09
gld_holdings,2014-03-21,2014-03-22,816.97,https://api.spdrgoldshares.com/api/v1/historical-archive?product=gld&exchange=NYSE&lang=en,2026-10-09
gld_holdings,2014-03-24,2014-03-25,821.47,https://api.spdrgoldshares.com/api/v1/historical-archive?product=gld&exchange=NYSE&lang=en,2026-10-09
gld_holdings,2014-03-25,2014-03-26,818.77,https://api.spdrgoldshares.com/api/v1/historical-archive?product=gld&exchange=NYSE&lang=en,2026-10-09
gld_holdings,2014-03-26,2014-03-27,816.97,https://api.spdrgoldshares.com/api/v1/historical-archive?product=gld&exchange=NYSE&lang=en,2026-10-09
gld_holdings,2014-03-27,2014-03-28,816.97,https://api.spdrgoldshares.com/api/v1/historical-archive?product=gld&exchange=NYSE&lang=en,2026-10-09
gld_holdings,2014-03-28,2014-03-29,816.97,https://api.spdrgoldshares.com/api/v1/historical-archive?product=gld&exchange=NYSE&lang=en,2026-10-09
gld_holdings,2014-03-31,2014-04-01,813.08,https://api.spdrgoldshares.com/api/v1/historical-archive?product=gld&exchange=NYSE&lang=en,2026-10-09
gld_holdings,2014-04-01,2014-04-02,810.98,https://api.spdrgoldshares.com/api/v1/historical-archive?product=gld&exchange=NYSE&lang=en,2026-10-09
gld_holdings,2014-04-02,2014-04-03,810.98,https://api.spdrgoldshares.com/api/v1/historical-archive?product=gld&exchange=NYSE&lang=en,2026-10-09
gld_holdings,2014-04-03,2014-04-04,810.98,https://api.spdrgoldshares.com/api/v1/historical-archive?product=gld&exchange=NYSE&lang=en,2026-10-09
gld_holdings,2014-04-04,2014-04-05,809.18,https://api.spdrgoldshares.com/api/v1/historical-archive?product=gld&exchange=NYSE&lang=en,2026-10-09
gld_holdings,2014-04-07,2014-04-08,809.18,https://api.spdrgoldshares.com/api/v1/historical-archive?product=gld&exchange=NYSE&lang=en,2026-10-09
gld_holdings,2014-04-08,2014-04-09,806.48,https://api.spdrgoldshares.com/api/v1/historical-archive?product=gld&exchange=NYSE&lang=en,2026-10-09
gld_holdings,2014-04-09,2014-04-10,806.48,https://api.spdrgoldshares.com/api/v1/historical-archive?product=gld&exchange=NYSE&lang=en,2026-10-09
gld_holdings,2014-04-10,2014-04-11,806.22,https://api.spdrgoldshares.com/api/v1/historical-archive?product=gld&exchange=NYSE&lang=en,2026-10-09
gld_holdings,2014-04-11,2014-04-12,804.42,https://api.spdrgoldshares.com/api/v1/historical-archive?product=gld&exchange=NYSE&lang=en,2026-10-09
gld_holdings,2014-04-14,2014-04-15,806.22,https://api.spdrgoldshares.com/api/v1/historical-archive?product=gld&exchange=NYSE&lang=en,2026-10-09
gld_holdings,2014-04-15,2014-04-16,806.82,https://api.spdrgoldshares.com/api/v1/historical-archive?product=gld&exchange=NYSE&lang=en,2026-10-09
gld_holdings,2014-04-16,2014-04-17,798.43,https://api.spdrgoldshares.com/api/v1/historical-archive?product=gld&exchange=NYSE&lang=en,2026-10-09
gld_holdings,2014-04-17,2014-04-18,795.14,https://api.spdrgoldshares.com/api/v1/historical-archive?product=gld&exchange=NYSE&lang=en,2026-10-09
gld_holdings,2014-04-21,2014-04-22,792.14,https://api.spdrgoldshares.com/api/v1/historical-archive?product=gld&exchange=NYSE&lang=en,2026-10-09
gld_holdings,2014-04-22,2014-04-23,792.14,https://api.spdrgoldshares.com/api/v1/historical-archive?product=gld&exchange=NYSE&lang=en,2026-10-09
gld_holdings,2014-04-23,2014-04-24,792.14,https://api.spdrgoldshares.com/api/v1/historical-archive?product=gld&exchange=NYSE&lang=en,2026-10-09
gld_holdings,2014-04-24,2014-04-25,792.14,https://api.spdrgoldshares.com/api/v1/historical-archive?product=gld&exchange=NYSE&lang=en,2026-10-09
gld_holdings,2014-04-25,2014-04-26,792.14,https://api.spdrgoldshares.com/api/v1/historical-archive?product=gld&exchange=NYSE&lang=en,2026-10-09
gld_holdings,2014-04-28,2014-04-29,792.14,https://api.spdrgoldshares.com/api/v1/historical-archive?product=gld&exchange=NYSE&lang=en,2026-10-09
gld_holdings,2014-04-29,2014-04-30,792.14,https://api.spdrgoldshares.com/api/v1/historical-archive?product=gld&exchange=NYSE&lang=en,2026-10-09
gld_holdings,2014-04-30,2014-05-01,787.94,https://api.spdrgoldshares.com/api/v1/historical-archive?product=gld&exchange=NYSE&lang=en,2026-10-09
gld_holdings,2014-05-01,2014-05-02,785.55,https://api.spdrgoldshares.com/api/v1/historical-archive?product=gld&exchange=NYSE&lang=en,2026-10-09
gld_holdings,2014-05-02,2014-05-03,782.85,https://api.spdrgoldshares.com/api/v1/historical-archive?product=gld&exchange=NYSE&lang=en,2026-10-09
gld_holdings,2014-05-05,2014-05-06,782.85,https://api.spdrgoldshares.com/api/v1/historical-archive?product=gld&exchange=NYSE&lang=en,2026-10-09
gld_holdings,2014-05-06,2014-05-07,782.85,https://api.spdrgoldshares.com/api/v1/historical-archive?product=gld&exchange=NYSE&lang=en,2026-10-09
gld_holdings,2014-05-07,2014-05-08,782.85,https://api.spdrgoldshares.com/api/v1/historical-archive?product=gld&exchange=NYSE&lang=en,2026-10-09
gld_holdings,2014-05-08,2014-05-09,782.85,https://api.spdrgoldshares.com/api/v1/historical-archive?product=gld&exchange=NYSE&lang=en,2026-10-09
gld_holdings,2014-05-09,2014-05-10,782.85,https://api.spdrgoldshares.com/api/v1/historical-archive?product=gld&exchange=NYSE&lang=en,2026-10-09
gld_holdings,2014-05-12,2014-05-13,780.46,https://api.spdrgoldshares.com/api/v1/historical-archive?product=gld&exchange=NYSE&lang=en,2026-10-09
gld_holdings,2014-05-13,2014-05-14,780.46,https://api.spdrgoldshares.com/api/v1/historical-archive?product=gld&exchange=NYSE&lang=en,2026-10-09
gld_holdings,2014-05-14,2014-05-15,780.46,https://api.spdrgoldshares.com/api/v1/historical-archive?product=gld&exchange=NYSE&lang=en,2026-10-09
gld_holdings,2014-05-15,2014-05-16,782.25,https://api.spdrgoldshares.com/api/v1/historical-archive?product=gld&exchange=NYSE&lang=en,2026-10-09
gld_holdings,2014-05-16,2014-05-17,781.98,https://api.spdrgoldshares.com/api/v1/historical-archive?product=gld&exchange=NYSE&lang=en,2026-10-09
gld_holdings,2014-05-19,2014-05-20,781.98,https://api.spdrgoldshares.com/api/v1/historical-archive?product=gld&exchange=NYSE&lang=en,2026-10-09
gld_holdings,2014-05-20,2014-05-21,780.19,https://api.spdrgoldshares.com/api/v1/historical-archive?product=gld&exchange=NYSE&lang=en,2026-10-09
gld_holdings,2014-05-21,2014-05-22,776.89,https://api.spdrgoldshares.com/api/v1/historical-archive?product=gld&exchange=NYSE&lang=en,2026-10-09
gld_holdings,2014-05-22,2014-05-23,776.89,https://api.spdrgoldshares.com/api/v1/historical-archive?product=gld&exchange=NYSE&lang=en,2026-10-09
gld_holdings,2014-05-23,2014-05-24,776.89,https://api.spdrgoldshares.com/api/v1/historical-archive?product=gld&exchange=NYSE&lang=en,2026-10-09
gld_holdings,2014-05-27,2014-05-28,785.28,https://api.spdrgoldshares.com/api/v1/historical-archive?product=gld&exchange=NYSE&lang=en,2026-10-09
gld_holdings,2014-05-28,2014-05-29,785.28,https://api.spdrgoldshares.com/api/v1/historical-archive?product=gld&exchange=NYSE&lang=en,2026-10-09
gld_holdings,2014-05-29,2014-05-30,785.28,https://api.spdrgoldshares.com/api/v1/historical-archive?product=gld&exchange=NYSE&lang=en,2026-10-09
gld_holdings,2014-05-30,2014-05-31,785.28,https://api.spdrgoldshares.com/api/v1/historical-archive?product=gld&exchange=NYSE&lang=en,2026-10-09
gld_holdings,2014-06-02,2014-06-03,785.28,https://api.spdrgoldshares.com/api/v1/historical-archive?product=gld&exchange=NYSE&lang=en,2026-10-09
gld_holdings,2014-06-03,2014-06-04,787.08,https://api.spdrgoldshares.com/api/v1/historical-archive?product=gld&exchange=NYSE&lang=en,2026-10-09
gld_holdings,2014-06-04,2014-06-05,787.08,https://api.spdrgoldshares.com/api/v1/historical-archive?product=gld&exchange=NYSE&lang=en,2026-10-09
gld_holdings,2014-06-05,2014-06-06,787.08,https://api.spdrgoldshares.com/api/v1/historical-archive?product=gld&exchange=NYSE&lang=en,2026-10-09
gld_holdings,2014-06-06,2014-06-07,787.08,https://api.spdrgoldshares.com/api/v1/historical-archive?product=gld&exchange=NYSE&lang=en,2026-10-09
gld_holdings,2014-06-09,2014-06-10,787.08,https://api.spdrgoldshares.com/api/v1/historical-archive?product=gld&exchange=NYSE&lang=en,2026-10-09
gld_holdings,2014-06-10,2014-06-11,787.08,https://api.spdrgoldshares.com/api/v1/historical-archive?product=gld&exchange=NYSE&lang=en,2026-10-09
gld_holdings,2014-06-11,2014-06-12,787.08,https://api.spdrgoldshares.com/api/v1/historical-archive?product=gld&exchange=NYSE&lang=en,2026-10-09
gld_holdings,2014-06-12,2014-06-13,787.08,https://api.spdrgoldshares.com/api/v1/historical-archive?product=gld&exchange=NYSE&lang=en,2026-10-09
gld_holdings,2014-06-13,2014-06-14,787.08,https://api.spdrgoldshares.com/api/v1/historical-archive?product=gld&exchange=NYSE&lang=en,2026-10-09
gld_holdings,2014-06-16,2014-06-17,782.88,https://api.spdrgoldshares.com/api/v1/historical-archive?product=gld&exchange=NYSE&lang=en,2026-10-09
gld_holdings,2014-06-17,2014-06-18,782.62,https://api.spdrgoldshares.com/api/v1/historical-archive?product=gld&exchange=NYSE&lang=en,2026-10-09
gld_holdings,2014-06-18,2014-06-19,782.62,https://api.spdrgoldshares.com/api/v1/historical-archive?product=gld&exchange=NYSE&lang=en,2026-10-09
gld_holdings,2014-06-19,2014-06-20,782.62,https://api.spdrgoldshares.com/api/v1/historical-archive?product=gld&exchange=NYSE&lang=en,2026-10-09
gld_holdings,2014-06-20,2014-06-21,782.62,https://api.spdrgoldshares.com/api/v1/historical-archive?product=gld&exchange=NYSE&lang=en,2026-10-09
gld_holdings,2014-06-23,2014-06-24,785.02,https://api.spdrgoldshares.com/api/v1/historical-archive?product=gld&exchange=NYSE&lang=en,2026-10-09
gld_holdings,2014-06-24,2014-06-25,785.02,https://api.spdrgoldshares.com/api/v1/historical-archive?product=gld&exchange=NYSE&lang=en,2026-10-09
gld_holdings,2014-06-25,2014-06-26,785.02,https://api.spdrgoldshares.com/api/v1/historical-archive?product=gld&exchange=NYSE&lang=en,2026-10-09
gld_holdings,2014-06-26,2014-06-27,785.02,https://api.spdrgoldshares.com/api/v1/historical-archive?product=gld&exchange=NYSE&lang=en,2026-10-09
gld_holdings,2014-06-27,2014-06-28,785.02,https://api.spdrgoldshares.com/api/v1/historical-archive?product=gld&exchange=NYSE&lang=en,2026-10-09
gld_holdings,2014-06-30,2014-07-01,790.7,https://api.spdrgoldshares.com/api/v1/historical-archive?product=gld&exchange=NYSE&lang=en,2026-10-09
gld_holdings,2014-07-01,2014-07-02,796.39,https://api.spdrgoldshares.com/api/v1/historical-archive?product=gld&exchange=NYSE&lang=en,2026-10-09
gld_holdings,2014-07-02,2014-07-03,796.39,https://api.spdrgoldshares.com/api/v1/historical-archive?product=gld&exchange=NYSE&lang=en,2026-10-09
gld_holdings,2014-07-03,2014-07-04,796.39,https://api.spdrgoldshares.com/api/v1/historical-archive?product=gld&exchange=NYSE&lang=en,2026-10-09
gld_holdings,2014-07-07,2014-07-08,798.19,https://api.spdrgoldshares.com/api/v1/historical-archive?product=gld&exchange=NYSE&lang=en,2026-10-09
gld_holdings,2014-07-08,2014-07-09,800.28,https://api.spdrgoldshares.com/api/v1/historical-archive?product=gld&exchange=NYSE&lang=en,2026-10-09
gld_holdings,2014-07-09,2014-07-10,800.28,https://api.spdrgoldshares.com/api/v1/historical-archive?product=gld&exchange=NYSE&lang=en,2026-10-09
gld_holdings,2014-07-10,2014-07-11,800.05,https://api.spdrgoldshares.com/api/v1/historical-archive?product=gld&exchange=NYSE&lang=en,2026-10-09
gld_holdings,2014-07-11,2014-07-12,800.05,https://api.spdrgoldshares.com/api/v1/historical-archive?product=gld&exchange=NYSE&lang=en,2026-10-09
gld_holdings,2014-07-14,2014-07-15,808.73,https://api.spdrgoldshares.com/api/v1/historical-archive?product=gld&exchange=NYSE&lang=en,2026-10-09
gld_holdings,2014-07-15,2014-07-16,808.73,https://api.spdrgoldshares.com/api/v1/historical-archive?product=gld&exchange=NYSE&lang=en,2026-10-09
gld_holdings,2014-07-16,2014-07-17,806.03,https://api.spdrgoldshares.com/api/v1/historical-archive?product=gld&exchange=NYSE&lang=en,2026-10-09
gld_holdings,2014-07-17,2014-07-18,803.34,https://api.spdrgoldshares.com/api/v1/historical-archive?product=gld&exchange=NYSE&lang=en,2026-10-09
gld_holdings,2014-07-18,2014-07-19,805.14,https://api.spdrgoldshares.com/api/v1/historical-archive?product=gld&exchange=NYSE&lang=en,2026-10-09
gld_holdings,2014-07-21,2014-07-22,803.34,https://api.spdrgoldshares.com/api/v1/historical-archive?product=gld&exchange=NYSE&lang=en,2026-10-09
gld_holdings,2014-07-22,2014-07-23,804.84,https://api.spdrgoldshares.com/api/v1/historical-archive?product=gld&exchange=NYSE&lang=en,2026-10-09
gld_holdings,2014-07-23,2014-07-24,805.44,https://api.spdrgoldshares.com/api/v1/historical-archive?product=gld&exchange=NYSE&lang=en,2026-10-09
gld_holdings,2014-07-24,2014-07-25,801.84,https://api.spdrgoldshares.com/api/v1/historical-archive?product=gld&exchange=NYSE&lang=en,2026-10-09
gld_holdings,2014-07-25,2014-07-26,801.84,https://api.spdrgoldshares.com/api/v1/historical-archive?product=gld&exchange=NYSE&lang=en,2026-10-09
gld_holdings,2014-07-28,2014-07-29,801.84,https://api.spdrgoldshares.com/api/v1/historical-archive?product=gld&exchange=NYSE&lang=en,2026-10-09
gld_holdings,2014-07-29,2014-07-30,801.84,https://api.spdrgoldshares.com/api/v1/historical-archive?product=gld&exchange=NYSE&lang=en,2026-10-09
gld_holdings,2014-07-30,2014-07-31,801.84,https://api.spdrgoldshares.com/api/v1/historical-archive?product=gld&exchange=NYSE&lang=en,2026-10-09
gld_holdings,2014-07-31,2014-08-01,801.84,https://api.spdrgoldshares.com/api/v1/historical-archive?product=gld&exchange=NYSE&lang=en,2026-10-09
gld_holdings,2014-08-01,2014-08-02,801.84,https://api.spdrgoldshares.com/api/v1/historical-archive?product=gld&exchange=NYSE&lang=en,2026-10-09
gld_holdings,2014-08-04,2014-08-05,800.05,https://api.spdrgoldshares.com/api/v1/historical-archive?product=gld&exchange=NYSE&lang=en,2026-10-09
gld_holdings,2014-08-05,2014-08-06,800.05,https://api.spdrgoldshares.com/api/v1/historical-archive?product=gld&exchange=NYSE&lang=en,2026-10-09
gld_holdings,2014-08-06,2014-08-07,797.65,https://api.spdrgoldshares.com/api/v1/historical-archive?product=gld&exchange=NYSE&lang=en,2026-10-09
gld_holdings,2014-08-07,2014-08-08,797.65,https://api.spdrgoldshares.com/api/v1/historical-archive?product=gld&exchange=NYSE&lang=en,2026-10-09
gld_holdings,2014-08-08,2014-08-09,795.86,https://api.spdrgoldshares.com/api/v1/historical-archive?product=gld&exchange=NYSE&lang=en,2026-10-09
gld_holdings,2014-08-11,2014-08-12,795.86,https://api.spdrgoldshares.com/api/v1/historical-archive?product=gld&exchange=NYSE&lang=en,2026-10-09
gld_holdings,2014-08-12,2014-08-13,795.86,https://api.spdrgoldshares.com/api/v1/historical-archive?product=gld&exchange=NYSE&lang=en,2026-10-09
gld_holdings,2014-08-13,2014-08-14,795.6,https://api.spdrgoldshares.com/api/v1/historical-archive?product=gld&exchange=NYSE&lang=en,2026-10-09
gld_holdings,2014-08-14,2014-08-15,795.6,https://api.spdrgoldshares.com/api/v1/historical-archive?product=gld&exchange=NYSE&lang=en,2026-10-09
gld_holdings,2014-08-15,2014-08-16,795.6,https://api.spdrgoldshares.com/api/v1/historical-archive?product=gld&exchange=NYSE&lang=en,2026-10-09
gld_holdings,2014-08-18,2014-08-19,797.69,https://api.spdrgoldshares.com/api/v1/historical-archive?product=gld&exchange=NYSE&lang=en,2026-10-09
gld_holdings,2014-08-19,2014-08-20,799.19,https://api.spdrgoldshares.com/api/v1/historical-archive?product=gld&exchange=NYSE&lang=en,2026-10-09
gld_holdings,2014-08-20,2014-08-21,800.08,https://api.spdrgoldshares.com/api/v1/historical-archive?product=gld&exchange=NYSE&lang=en,2026-10-09
gld_holdings,2014-08-21,2014-08-22,800.08,https://api.spdrgoldshares.com/api/v1/historical-archive?product=gld&exchange=NYSE&lang=en,2026-10-09
gld_holdings,2014-08-22,2014-08-23,800.08,https://api.spdrgoldshares.com/api/v1/historical-archive?product=gld&exchange=NYSE&lang=en,2026-10-09
gld_holdings,2014-08-25,2014-08-26,797.09,https://api.spdrgoldshares.com/api/v1/historical-archive?product=gld&exchange=NYSE&lang=en,2026-10-09
gld_holdings,2014-08-26,2014-08-27,795.6,https://api.spdrgoldshares.com/api/v1/historical-archive?product=gld&exchange=NYSE&lang=en,2026-10-09
gld_holdings,2014-08-27,2014-08-28,795.6,https://api.spdrgoldshares.com/api/v1/historical-archive?product=gld&exchange=NYSE&lang=en,2026-10-09
gld_holdings,2014-08-28,2014-08-29,795.6,https://api.spdrgoldshares.com/api/v1/historical-archive?product=gld&exchange=NYSE&lang=en,2026-10-09
gld_holdings,2014-08-29,2014-08-30,795.0,https://api.spdrgoldshares.com/api/v1/historical-archive?product=gld&exchange=NYSE&lang=en,2026-10-09
gld_holdings,2014-09-02,2014-09-03,793.2,https://api.spdrgoldshares.com/api/v1/historical-archive?product=gld&exchange=NYSE&lang=en,2026-10-09
gld_holdings,2014-09-03,2014-09-04,790.51,https://api.spdrgoldshares.com/api/v1/historical-archive?product=gld&exchange=NYSE&lang=en,2026-10-09
gld_holdings,2014-09-04,2014-09-05,785.72,https://api.spdrgoldshares.com/api/v1/historical-archive?product=gld&exchange=NYSE&lang=en,2026-10-09
gld_holdings,2014-09-05,2014-09-06,785.72,https://api.spdrgoldshares.com/api/v1/historical-archive?product=gld&exchange=NYSE&lang=en,2026-10-09
gld_holdings,2014-09-08,2014-09-09,785.72,https://api.spdrgoldshares.com/api/v1/historical-archive?product=gld&exchange=NYSE&lang=en,2026-10-09
gld_holdings,2014-09-09,2014-09-10,785.72,https://api.spdrgoldshares.com/api/v1/historical-archive?product=gld&exchange=NYSE&lang=en,2026-10-09
gld_holdings,2014-09-10,2014-09-11,788.72,https://api.spdrgoldshares.com/api/v1/historical-archive?product=gld&exchange=NYSE&lang=en,2026-10-09
gld_holdings,2014-09-11,2014-09-12,788.4,https://api.spdrgoldshares.com/api/v1/historical-archive?product=gld&exchange=NYSE&lang=en,2026-10-09
gld_holdings,2014-09-12,2014-09-13,788.4,https://api.spdrgoldshares.com/api/v1/historical-archive?product=gld&exchange=NYSE&lang=en,2026-10-09
gld_holdings,2014-09-15,2014-09-16,788.4,https://api.spdrgoldshares.com/api/v1/historical-archive?product=gld&exchange=NYSE&lang=en,2026-10-09
gld_holdings,2014-09-16,2014-09-17,784.22,https://api.spdrgoldshares.com/api/v1/historical-archive?product=gld&exchange=NYSE&lang=en,2026-10-09
gld_holdings,2014-09-17,2014-09-18,784.22,https://api.spdrgoldshares.com/api/v1/historical-archive?product=gld&exchange=NYSE&lang=en,2026-10-09
gld_holdings,2014-09-18,2014-09-19,784.22,https://api.spdrgoldshares.com/api/v1/historical-archive?product=gld&exchange=NYSE&lang=en,2026-10-09
gld_holdings,2014-09-19,2014-09-20,776.44,https://api.spdrgoldshares.com/api/v1/historical-archive?product=gld&exchange=NYSE&lang=en,2026-10-09
gld_holdings,2014-09-22,2014-09-23,774.65,https://api.spdrgoldshares.com/api/v1/historical-archive?product=gld&exchange=NYSE&lang=en,2026-10-09
gld_holdings,2014-09-23,2014-09-24,773.45,https://api.spdrgoldshares.com/api/v1/historical-archive?product=gld&exchange=NYSE&lang=en,2026-10-09
gld_holdings,2014-09-24,2014-09-25,773.45,https://api.spdrgoldshares.com/api/v1/historical-archive?product=gld&exchange=NYSE&lang=en,2026-10-09
gld_holdings,2014-09-25,2014-09-26,773.45,https://api.spdrgoldshares.com/api/v1/historical-archive?product=gld&exchange=NYSE&lang=en,2026-10-09
gld_holdings,2014-09-26,2014-09-27,772.25,https://api.spdrgoldshares.com/api/v1/historical-archive?product=gld&exchange=NYSE&lang=en,2026-10-09
gld_holdings,2014-09-29,2014-09-30,772.25,https://api.spdrgoldshares.com/api/v1/historical-archive?product=gld&exchange=NYSE&lang=en,2026-10-09
gld_holdings,2014-09-30,2014-10-01,769.86,https://api.spdrgoldshares.com/api/v1/historical-archive?product=gld&exchange=NYSE&lang=en,2026-10-09
gld_holdings,2014-10-01,2014-10-02,768.66,https://api.spdrgoldshares.com/api/v1/historical-archive?product=gld&exchange=NYSE&lang=en,2026-10-09
gld_holdings,2014-10-02,2014-10-03,767.47,https://api.spdrgoldshares.com/api/v1/historical-archive?product=gld&exchange=NYSE&lang=en,2026-10-09
gld_holdings,2014-10-03,2014-10-04,767.47,https://api.spdrgoldshares.com/api/v1/historical-archive?product=gld&exchange=NYSE&lang=en,2026-10-09
gld_holdings,2014-10-06,2014-10-07,767.47,https://api.spdrgoldshares.com/api/v1/historical-archive?product=gld&exchange=NYSE&lang=en,2026-10-09
gld_holdings,2014-10-07,2014-10-08,767.47,https://api.spdrgoldshares.com/api/v1/historical-archive?product=gld&exchange=NYSE&lang=en,2026-10-09
gld_holdings,2014-10-08,2014-10-09,762.08,https://api.spdrgoldshares.com/api/v1/historical-archive?product=gld&exchange=NYSE&lang=en,2026-10-09
gld_holdings,2014-10-09,2014-10-10,762.08,https://api.spdrgoldshares.com/api/v1/historical-archive?product=gld&exchange=NYSE&lang=en,2026-10-09
gld_holdings,2014-10-10,2014-10-11,759.44,https://api.spdrgoldshares.com/api/v1/historical-archive?product=gld&exchange=NYSE&lang=en,2026-10-09
gld_holdings,2014-10-13,2014-10-14,761.23,https://api.spdrgoldshares.com/api/v1/historical-archive?product=gld&exchange=NYSE&lang=en,2026-10-09
gld_holdings,2014-10-14,2014-10-15,761.23,https://api.spdrgoldshares.com/api/v1/historical-archive?product=gld&exchange=NYSE&lang=en,2026-10-09
gld_holdings,2014-10-15,2014-10-16,759.14,https://api.spdrgoldshares.com/api/v1/historical-archive?product=gld&exchange=NYSE&lang=en,2026-10-09
gld_holdings,2014-10-16,2014-10-17,760.93,https://api.spdrgoldshares.com/api/v1/historical-archive?product=gld&exchange=NYSE&lang=en,2026-10-09
gld_holdings,2014-10-17,2014-10-18,760.93,https://api.spdrgoldshares.com/api/v1/historical-archive?product=gld&exchange=NYSE&lang=en,2026-10-09
gld_holdings,2014-10-20,2014-10-21,751.96,https://api.spdrgoldshares.com/api/v1/historical-archive?product=gld&exchange=NYSE&lang=en,2026-10-09
gld_holdings,2014-10-21,2014-10-22,751.96,https://api.spdrgoldshares.com/api/v1/historical-archive?product=gld&exchange=NYSE&lang=en,2026-10-09
gld_holdings,2014-10-22,2014-10-23,749.87,https://api.spdrgoldshares.com/api/v1/historical-archive?product=gld&exchange=NYSE&lang=en,2026-10-09
gld_holdings,2014-10-23,2014-10-24,749.87,https://api.spdrgoldshares.com/api/v1/historical-archive?product=gld&exchange=NYSE&lang=en,2026-10-09
gld_holdings,2014-10-24,2014-10-25,745.39,https://api.spdrgoldshares.com/api/v1/historical-archive?product=gld&exchange=NYSE&lang=en,2026-10-09
gld_holdings,2014-10-27,2014-10-28,745.39,https://api.spdrgoldshares.com/api/v1/historical-archive?product=gld&exchange=NYSE&lang=en,2026-10-09
gld_holdings,2014-10-28,2014-10-29,743.59,https://api.spdrgoldshares.com/api/v1/historical-archive?product=gld&exchange=NYSE&lang=en,2026-10-09
gld_holdings,2014-10-29,2014-10-30,742.4,https://api.spdrgoldshares.com/api/v1/historical-archive?product=gld&exchange=NYSE&lang=en,2026-10-09
gld_holdings,2014-10-30,2014-10-31,741.2,https://api.spdrgoldshares.com/api/v1/historical-archive?product=gld&exchange=NYSE&lang=en,2026-10-09
gld_holdings,2014-10-31,2014-11-01,741.2,https://api.spdrgoldshares.com/api/v1/historical-archive?product=gld&exchange=NYSE&lang=en,2026-10-09
gld_holdings,2014-11-03,2014-11-04,741.21,https://api.spdrgoldshares.com/api/v1/historical-archive?product=gld&exchange=NYSE&lang=en,2026-10-09
gld_holdings,2014-11-04,2014-11-05,738.82,https://api.spdrgoldshares.com/api/v1/historical-archive?product=gld&exchange=NYSE&lang=en,2026-10-09
gld_holdings,2014-11-05,2014-11-06,735.82,https://api.spdrgoldshares.com/api/v1/historical-archive?product=gld&exchange=NYSE&lang=en,2026-10-09
gld_holdings,2014-11-06,2014-11-07,732.83,https://api.spdrgoldshares.com/api/v1/historical-archive?product=gld&exchange=NYSE&lang=en,2026-10-09
gld_holdings,2014-11-07,2014-11-08,727.15,https://api.spdrgoldshares.com/api/v1/historical-archive?product=gld&exchange=NYSE&lang=en,2026-10-09
gld_holdings,2014-11-10,2014-11-11,725.36,https://api.spdrgoldshares.com/api/v1/historical-archive?product=gld&exchange=NYSE&lang=en,2026-10-09
gld_holdings,2014-11-11,2014-11-12,724.46,https://api.spdrgoldshares.com/api/v1/historical-archive?product=gld&exchange=NYSE&lang=en,2026-10-09
gld_holdings,2014-11-12,2014-11-13,722.67,https://api.spdrgoldshares.com/api/v1/historical-archive?product=gld&exchange=NYSE&lang=en,2026-10-09
gld_holdings,2014-11-13,2014-11-14,720.62,https://api.spdrgoldshares.com/api/v1/historical-archive?product=gld&exchange=NYSE&lang=en,2026-10-09
gld_holdings,2014-11-14,2014-11-15,720.62,https://api.spdrgoldshares.com/api/v1/historical-archive?product=gld&exchange=NYSE&lang=en,2026-10-09
gld_holdings,2014-11-17,2014-11-18,723.01,https://api.spdrgoldshares.com/api/v1/historical-archive?product=gld&exchange=NYSE&lang=en,2026-10-09
gld_holdings,2014-11-18,2014-11-19,723.01,https://api.spdrgoldshares.com/api/v1/historical-archive?product=gld&exchange=NYSE&lang=en,2026-10-09
gld_holdings,2014-11-19,2014-11-20,720.91,https://api.spdrgoldshares.com/api/v1/historical-archive?product=gld&exchange=NYSE&lang=en,2026-10-09
gld_holdings,2014-11-20,2014-11-21,720.91,https://api.spdrgoldshares.com/api/v1/historical-archive?product=gld&exchange=NYSE&lang=en,2026-10-09
gld_holdings,2014-11-21,2014-11-22,720.91,https://api.spdrgoldshares.com/api/v1/historical-archive?product=gld&exchange=NYSE&lang=en,2026-10-09
gld_holdings,2014-11-24,2014-11-25,720.91,https://api.spdrgoldshares.com/api/v1/historical-archive?product=gld&exchange=NYSE&lang=en,2026-10-09
gld_holdings,2014-11-25,2014-11-26,720.91,https://api.spdrgoldshares.com/api/v1/historical-archive?product=gld&exchange=NYSE&lang=en,2026-10-09
gld_holdings,2014-11-26,2014-11-27,718.82,https://api.spdrgoldshares.com/api/v1/historical-archive?product=gld&exchange=NYSE&lang=en,2026-10-09
gld_holdings,2014-11-28,2014-11-29,717.63,https://api.spdrgoldshares.com/api/v1/historical-archive?product=gld&exchange=NYSE&lang=en,2026-10-09
gld_holdings,2014-12-01,2014-12-02,717.63,https://api.spdrgoldshares.com/api/v1/historical-archive?product=gld&exchange=NYSE&lang=en,2026-10-09
gld_holdings,2014-12-02,2014-12-03,720.02,https://api.spdrgoldshares.com/api/v1/historical-archive?product=gld&exchange=NYSE&lang=en,2026-10-09
gld_holdings,2014-12-03,2014-12-04,720.02,https://api.spdrgoldshares.com/api/v1/historical-archive?product=gld&exchange=NYSE&lang=en,2026-10-09
gld_holdings,2014-12-04,2014-12-05,720.02,https://api.spdrgoldshares.com/api/v1/historical-archive?product=gld&exchange=NYSE&lang=en,2026-10-09
gld_holdings,2014-12-05,2014-12-06,720.91,https://api.spdrgoldshares.com/api/v1/historical-archive?product=gld&exchange=NYSE&lang=en,2026-10-09
gld_holdings,2014-12-08,2014-12-09,719.12,https://api.spdrgoldshares.com/api/v1/historical-archive?product=gld&exchange=NYSE&lang=en,2026-10-09
gld_holdings,2014-12-09,2014-12-10,721.81,https://api.spdrgoldshares.com/api/v1/historical-archive?product=gld&exchange=NYSE&lang=en,2026-10-09
gld_holdings,2014-12-10,2014-12-11,724.8,https://api.spdrgoldshares.com/api/v1/historical-archive?product=gld&exchange=NYSE&lang=en,2026-10-09
gld_holdings,2014-12-11,2014-12-12,725.75,https://api.spdrgoldshares.com/api/v1/historical-archive?product=gld&exchange=NYSE&lang=en,2026-10-09
gld_holdings,2014-12-12,2014-12-13,725.75,https://api.spdrgoldshares.com/api/v1/historical-archive?product=gld&exchange=NYSE&lang=en,2026-10-09
gld_holdings,2014-12-15,2014-12-16,723.36,https://api.spdrgoldshares.com/api/v1/historical-archive?product=gld&exchange=NYSE&lang=en,2026-10-09
gld_holdings,2014-12-16,2014-12-17,721.56,https://api.spdrgoldshares.com/api/v1/historical-archive?product=gld&exchange=NYSE&lang=en,2026-10-09
gld_holdings,2014-12-17,2014-12-18,721.56,https://api.spdrgoldshares.com/api/v1/historical-archive?product=gld&exchange=NYSE&lang=en,2026-10-09
gld_holdings,2014-12-18,2014-12-19,721.56,https://api.spdrgoldshares.com/api/v1/historical-archive?product=gld&exchange=NYSE&lang=en,2026-10-09
gld_holdings,2014-12-19,2014-12-20,724.55,https://api.spdrgoldshares.com/api/v1/historical-archive?product=gld&exchange=NYSE&lang=en,2026-10-09
gld_holdings,2014-12-22,2014-12-23,724.55,https://api.spdrgoldshares.com/api/v1/historical-archive?product=gld&exchange=NYSE&lang=en,2026-10-09
gld_holdings,2014-12-23,2014-12-24,712.9,https://api.spdrgoldshares.com/api/v1/historical-archive?product=gld&exchange=NYSE&lang=en,2026-10-09
gld_holdings,2014-12-24,2014-12-25,712.9,https://api.spdrgoldshares.com/api/v1/historical-archive?product=gld&exchange=NYSE&lang=en,2026-10-09
gld_holdings,2014-12-26,2014-12-27,712.3,https://api.spdrgoldshares.com/api/v1/historical-archive?product=gld&exchange=NYSE&lang=en,2026-10-09
gld_holdings,2014-12-29,2014-12-30,712.3,https://api.spdrgoldshares.com/api/v1/historical-archive?product=gld&exchange=NYSE&lang=en,2026-10-09
gld_holdings,2014-12-30,2014-12-31,710.81,https://api.spdrgoldshares.com/api/v1/historical-archive?product=gld&exchange=NYSE&lang=en,2026-10-09
gld_holdings,2014-12-31,2015-01-01,709.02,https://api.spdrgoldshares.com/api/v1/historical-archive?product=gld&exchange=NYSE&lang=en,2026-10-09
gld_holdings,2015-01-02,2015-01-03,709.02,https://api.spdrgoldshares.com/api/v1/historical-archive?product=gld&exchange=NYSE&lang=en,2026-10-09
gld_holdings,2015-01-05,2015-01-06,710.81,https://api.spdrgoldshares.com/api/v1/historical-archive?product=gld&exchange=NYSE&lang=en,2026-10-09
gld_holdings,2015-01-06,2015-01-07,707.82,https://api.spdrgoldshares.com/api/v1/historical-archive?product=gld&exchange=NYSE&lang=en,2026-10-09
gld_holdings,2015-01-07,2015-01-08,704.83,https://api.spdrgoldshares.com/api/v1/historical-archive?product=gld&exchange=NYSE&lang=en,2026-10-09
gld_holdings,2015-01-08,2015-01-09,704.83,https://api.spdrgoldshares.com/api/v1/historical-archive?product=gld&exchange=NYSE&lang=en,2026-10-09
gld_holdings,2015-01-09,2015-01-10,707.82,https://api.spdrgoldshares.com/api/v1/historical-archive?product=gld&exchange=NYSE&lang=en,2026-10-09
gld_holdings,2015-01-12,2015-01-13,707.82,https://api.spdrgoldshares.com/api/v1/historical-archive?product=gld&exchange=NYSE&lang=en,2026-10-09
gld_holdings,2015-01-13,2015-01-14,707.82,https://api.spdrgoldshares.com/api/v1/historical-archive?product=gld&exchange=NYSE&lang=en,2026-10-09
gld_holdings,2015-01-14,2015-01-15,707.59,https://api.spdrgoldshares.com/api/v1/historical-archive?product=gld&exchange=NYSE&lang=en,2026-10-09
gld_holdings,2015-01-15,2015-01-16,717.15,https://api.spdrgoldshares.com/api/v1/historical-archive?product=gld&exchange=NYSE&lang=en,2026-10-09
gld_holdings,2015-01-16,2015-01-17,730.89,https://api.spdrgoldshares.com/api/v1/historical-archive?product=gld&exchange=NYSE&lang=en,2026-10-09
gld_holdings,2015-01-20,2015-01-21,742.24,https://api.spdrgoldshares.com/api/v1/historical-archive?product=gld&exchange=NYSE&lang=en,2026-10-09
gld_holdings,2015-01-21,2015-01-22,740.45,https://api.spdrgoldshares.com/api/v1/historical-archive?product=gld&exchange=NYSE&lang=en,2026-10-09
gld_holdings,2015-01-22,2015-01-23,740.45,https://api.spdrgoldshares.com/api/v1/historical-archive?product=gld&exchange=NYSE&lang=en,2026-10-09
gld_holdings,2015-01-23,2015-01-24,741.65,https://api.spdrgoldshares.com/api/v1/historical-archive?product=gld&exchange=NYSE&lang=en,2026-10-09
gld_holdings,2015-01-26,2015-01-27,743.44,https://api.spdrgoldshares.com/api/v1/historical-archive?product=gld&exchange=NYSE&lang=en,2026-10-09
gld_holdings,2015-01-27,2015-01-28,752.7,https://api.spdrgoldshares.com/api/v1/historical-archive?product=gld&exchange=NYSE&lang=en,2026-10-09
gld_holdings,2015-01-28,2015-01-29,752.7,https://api.spdrgoldshares.com/api/v1/historical-archive?product=gld&exchange=NYSE&lang=en,2026-10-09
gld_holdings,2015-01-29,2015-01-30,758.37,https://api.spdrgoldshares.com/api/v1/historical-archive?product=gld&exchange=NYSE&lang=en,2026-10-09
gld_holdings,2015-01-30,2015-01-31,758.37,https://api.spdrgoldshares.com/api/v1/historical-archive?product=gld&exchange=NYSE&lang=en,2026-10-09
gld_holdings,2015-02-02,2015-02-03,766.73,https://api.spdrgoldshares.com/api/v1/historical-archive?product=gld&exchange=NYSE&lang=en,2026-10-09
gld_holdings,2015-02-03,2015-02-04,764.94,https://api.spdrgoldshares.com/api/v1/historical-archive?product=gld&exchange=NYSE&lang=en,2026-10-09
gld_holdings,2015-02-04,2015-02-05,767.93,https://api.spdrgoldshares.com/api/v1/historical-archive?product=gld&exchange=NYSE&lang=en,2026-10-09
gld_holdings,2015-02-05,2015-02-06,773.31,https://api.spdrgoldshares.com/api/v1/historical-archive?product=gld&exchange=NYSE&lang=en,2026-10-09
gld_holdings,2015-02-06,2015-02-07,773.31,https://api.spdrgoldshares.com/api/v1/historical-archive?product=gld&exchange=NYSE&lang=en,2026-10-09
gld_holdings,2015-02-09,2015-02-10,773.31,https://api.spdrgoldshares.com/api/v1/historical-archive?product=gld&exchange=NYSE&lang=en,2026-10-09
gld_holdings,2015-02-10,2015-02-11,773.31,https://api.spdrgoldshares.com/api/v1/historical-archive?product=gld&exchange=NYSE&lang=en,2026-10-09
gld_holdings,2015-02-11,2015-02-12,773.31,https://api.spdrgoldshares.com/api/v1/historical-archive?product=gld&exchange=NYSE&lang=en,2026-10-09
gld_holdings,2015-02-12,2015-02-13,771.51,https://api.spdrgoldshares.com/api/v1/historical-archive?product=gld&exchange=NYSE&lang=en,2026-10-09
gld_holdings,2015-02-13,2015-02-14,768.26,https://api.spdrgoldshares.com/api/v1/historical-archive?product=gld&exchange=NYSE&lang=en,2026-10-09
gld_holdings,2015-02-17,2015-02-18,768.26,https://api.spdrgoldshares.com/api/v1/historical-archive?product=gld&exchange=NYSE&lang=en,2026-10-09
gld_holdings,2015-02-18,2015-02-19,767.96,https://api.spdrgoldshares.com/api/v1/historical-archive?product=gld&exchange=NYSE&lang=en,2026-10-09
gld_holdings,2015-02-19,2015-02-20,769.46,https://api.spdrgoldshares.com/api/v1/historical-archive?product=gld&exchange=NYSE&lang=en,2026-10-09
gld_holdings,2015-02-20,2015-02-21,771.25,https://api.spdrgoldshares.com/api/v1/historical-archive?product=gld&exchange=NYSE&lang=en,2026-10-09
gld_holdings,2015-02-23,2015-02-24,771.25,https://api.spdrgoldshares.com/api/v1/historical-archive?product=gld&exchange=NYSE&lang=en,2026-10-09
gld_holdings,2015-02-24,2015-02-25,771.25,https://api.spdrgoldshares.com/api/v1/historical-archive?product=gld&exchange=NYSE&lang=en,2026-10-09
gld_holdings,2015-02-25,2015-02-26,771.25,https://api.spdrgoldshares.com/api/v1/historical-archive?product=gld&exchange=NYSE&lang=en,2026-10-09
gld_holdings,2015-02-26,2015-02-27,771.25,https://api.spdrgoldshares.com/api/v1/historical-archive?product=gld&exchange=NYSE&lang=en,2026-10-09
gld_holdings,2015-02-27,2015-02-28,771.25,https://api.spdrgoldshares.com/api/v1/historical-archive?product=gld&exchange=NYSE&lang=en,2026-10-09
gld_holdings,2015-03-02,2015-03-03,763.49,https://api.spdrgoldshares.com/api/v1/historical-archive?product=gld&exchange=NYSE&lang=en,2026-10-09
gld_holdings,2015-03-03,2015-03-04,760.8,https://api.spdrgoldshares.com/api/v1/historical-archive?product=gld&exchange=NYSE&lang=en,2026-10-09
gld_holdings,2015-03-04,2015-03-05,760.8,https://api.spdrgoldshares.com/api/v1/historical-archive?product=gld&exchange=NYSE&lang=en,2026-10-09
gld_holdings,2015-03-05,2015-03-06,760.8,https://api.spdrgoldshares.com/api/v1/historical-archive?product=gld&exchange=NYSE&lang=en,2026-10-09
gld_holdings,2015-03-06,2015-03-07,756.32,https://api.spdrgoldshares.com/api/v1/historical-archive?product=gld&exchange=NYSE&lang=en,2026-10-09
gld_holdings,2015-03-09,2015-03-10,753.04,https://api.spdrgoldshares.com/api/v1/historical-archive?product=gld&exchange=NYSE&lang=en,2026-10-09
gld_holdings,2015-03-10,2015-03-11,753.04,https://api.spdrgoldshares.com/api/v1/historical-archive?product=gld&exchange=NYSE&lang=en,2026-10-09
gld_holdings,2015-03-11,2015-03-12,753.04,https://api.spdrgoldshares.com/api/v1/historical-archive?product=gld&exchange=NYSE&lang=en,2026-10-09
gld_holdings,2015-03-12,2015-03-13,750.95,https://api.spdrgoldshares.com/api/v1/historical-archive?product=gld&exchange=NYSE&lang=en,2026-10-09
gld_holdings,2015-03-13,2015-03-14,750.67,https://api.spdrgoldshares.com/api/v1/historical-archive?product=gld&exchange=NYSE&lang=en,2026-10-09
gld_holdings,2015-03-16,2015-03-17,750.67,https://api.spdrgoldshares.com/api/v1/historical-archive?product=gld&exchange=NYSE&lang=en,2026-10-09
gld_holdings,2015-03-17,2015-03-18,747.98,https://api.spdrgoldshares.com/api/v1/historical-archive?product=gld&exchange=NYSE&lang=en,2026-10-09
gld_holdings,2015-03-18,2015-03-19,749.77,https://api.spdrgoldshares.com/api/v1/historical-archive?product=gld&exchange=NYSE&lang=en,2026-10-09
gld_holdings,2015-03-19,2015-03-20,749.77,https://api.spdrgoldshares.com/api/v1/historical-archive?product=gld&exchange=NYSE&lang=en,2026-10-09
gld_holdings,2015-03-20,2015-03-21,744.4,https://api.spdrgoldshares.com/api/v1/historical-archive?product=gld&exchange=NYSE&lang=en,2026-10-09
gld_holdings,2015-03-23,2015-03-24,744.4,https://api.spdrgoldshares.com/api/v1/historical-archive?product=gld&exchange=NYSE&lang=en,2026-10-09
gld_holdings,2015-03-24,2015-03-25,744.4,https://api.spdrgoldshares.com/api/v1/historical-archive?product=gld&exchange=NYSE&lang=en,2026-10-09
gld_holdings,2015-03-25,2015-03-26,743.21,https://api.spdrgoldshares.com/api/v1/historical-archive?product=gld&exchange=NYSE&lang=en,2026-10-09
gld_holdings,2015-03-26,2015-03-27,737.24,https://api.spdrgoldshares.com/api/v1/historical-archive?product=gld&exchange=NYSE&lang=en,2026-10-09
gld_holdings,2015-03-27,2015-03-28,737.24,https://api.spdrgoldshares.com/api/v1/historical-archive?product=gld&exchange=NYSE&lang=en,2026-10-09
gld_holdings,2015-03-30,2015-03-31,737.24,https://api.spdrgoldshares.com/api/v1/historical-archive?product=gld&exchange=NYSE&lang=en,2026-10-09
gld_holdings,2015-03-31,2015-04-01,737.24,https://api.spdrgoldshares.com/api/v1/historical-archive?product=gld&exchange=NYSE&lang=en,2026-10-09
gld_holdings,2015-04-01,2015-04-02,737.24,https://api.spdrgoldshares.com/api/v1/historical-archive?product=gld&exchange=NYSE&lang=en,2026-10-09
gld_holdings,2015-04-02,2015-04-03,737.24,https://api.spdrgoldshares.com/api/v1/historical-archive?product=gld&exchange=NYSE&lang=en,2026-10-09
gld_holdings,2015-04-06,2015-04-07,735.45,https://api.spdrgoldshares.com/api/v1/historical-archive?product=gld&exchange=NYSE&lang=en,2026-10-09
gld_holdings,2015-04-07,2015-04-08,733.06,https://api.spdrgoldshares.com/api/v1/historical-archive?product=gld&exchange=NYSE&lang=en,2026-10-09
gld_holdings,2015-04-08,2015-04-09,733.06,https://api.spdrgoldshares.com/api/v1/historical-archive?product=gld&exchange=NYSE&lang=en,2026-10-09
gld_holdings,2015-04-09,2015-04-10,736.04,https://api.spdrgoldshares.com/api/v1/historical-archive?product=gld&exchange=NYSE&lang=en,2026-10-09
gld_holdings,2015-04-10,2015-04-11,734.29,https://api.spdrgoldshares.com/api/v1/historical-archive?product=gld&exchange=NYSE&lang=en,2026-10-09
gld_holdings,2015-04-13,2015-04-14,734.29,https://api.spdrgoldshares.com/api/v1/historical-archive?product=gld&exchange=NYSE&lang=en,2026-10-09
gld_holdings,2015-04-14,2015-04-15,736.08,https://api.spdrgoldshares.com/api/v1/historical-archive?product=gld&exchange=NYSE&lang=en,2026-10-09
gld_holdings,2015-04-15,2015-04-16,736.08,https://api.spdrgoldshares.com/api/v1/historical-archive?product=gld&exchange=NYSE&lang=en,2026-10-09
gld_holdings,2015-04-16,2015-04-17,736.08,https://api.spdrgoldshares.com/api/v1/historical-archive?product=gld&exchange=NYSE&lang=en,2026-10-09
gld_holdings,2015-04-17,2015-04-18,739.06,https://api.spdrgoldshares.com/api/v1/historical-archive?product=gld&exchange=NYSE&lang=en,2026-10-09
gld_holdings,2015-04-20,2015-04-21,739.06,https://api.spdrgoldshares.com/api/v1/historical-archive?product=gld&exchange=NYSE&lang=en,2026-10-09
gld_holdings,2015-04-21,2015-04-22,742.35,https://api.spdrgoldshares.com/api/v1/historical-archive?product=gld&exchange=NYSE&lang=en,2026-10-09
gld_holdings,2015-04-22,2015-04-23,742.35,https://api.spdrgoldshares.com/api/v1/historical-archive?product=gld&exchange=NYSE&lang=en,2026-10-09
gld_holdings,2015-04-23,2015-04-24,742.35,https://api.spdrgoldshares.com/api/v1/historical-archive?product=gld&exchange=NYSE&lang=en,2026-10-09
gld_holdings,2015-04-24,2015-04-25,742.35,https://api.spdrgoldshares.com/api/v1/historical-archive?product=gld&exchange=NYSE&lang=en,2026-10-09
gld_holdings,2015-04-27,2015-04-28,739.06,https://api.spdrgoldshares.com/api/v1/historical-archive?product=gld&exchange=NYSE&lang=en,2026-10-09
gld_holdings,2015-04-28,2015-04-29,739.06,https://api.spdrgoldshares.com/api/v1/historical-archive?product=gld&exchange=NYSE&lang=en,2026-10-09
gld_holdings,2015-04-29,2015-04-30,739.06,https://api.spdrgoldshares.com/api/v1/historical-archive?product=gld&exchange=NYSE&lang=en,2026-10-09
gld_holdings,2015-04-30,2015-05-01,739.36,https://api.spdrgoldshares.com/api/v1/historical-archive?product=gld&exchange=NYSE&lang=en,2026-10-09
gld_holdings,2015-05-01,2015-05-02,741.75,https://api.spdrgoldshares.com/api/v1/historical-archive?product=gld&exchange=NYSE&lang=en,2026-10-09
gld_holdings,2015-05-04,2015-05-05,741.75,https://api.spdrgoldshares.com/api/v1/historical-archive?product=gld&exchange=NYSE&lang=en,2026-10-09
gld_holdings,2015-05-05,2015-05-06,741.75,https://api.spdrgoldshares.com/api/v1/historical-archive?product=gld&exchange=NYSE&lang=en,2026-10-09
gld_holdings,2015-05-06,2015-05-07,741.75,https://api.spdrgoldshares.com/api/v1/historical-archive?product=gld&exchange=NYSE&lang=en,2026-10-09
gld_holdings,2015-05-07,2015-05-08,739.07,https://api.spdrgoldshares.com/api/v1/historical-archive?product=gld&exchange=NYSE&lang=en,2026-10-09
gld_holdings,2015-05-08,2015-05-09,728.32,https://api.spdrgoldshares.com/api/v1/historical-archive?product=gld&exchange=NYSE&lang=en,2026-10-09
gld_holdings,2015-05-11,2015-05-12,728.32,https://api.spdrgoldshares.com/api/v1/historical-archive?product=gld&exchange=NYSE&lang=en,2026-10-09
gld_holdings,2015-05-12,2015-05-13,728.32,https://api.spdrgoldshares.com/api/v1/historical-archive?product=gld&exchange=NYSE&lang=en,2026-10-09
gld_holdings,2015-05-13,2015-05-14,728.32,https://api.spdrgoldshares.com/api/v1/historical-archive?product=gld&exchange=NYSE&lang=en,2026-10-09
gld_holdings,2015-05-14,2015-05-15,723.91,https://api.spdrgoldshares.com/api/v1/historical-archive?product=gld&exchange=NYSE&lang=en,2026-10-09
gld_holdings,2015-05-15,2015-05-16,723.91,https://api.spdrgoldshares.com/api/v1/historical-archive?product=gld&exchange=NYSE&lang=en,2026-10-09
gld_holdings,2015-05-18,2015-05-19,718.24,https://api.spdrgoldshares.com/api/v1/historical-archive?product=gld&exchange=NYSE&lang=en,2026-10-09
gld_holdings,2015-05-19,2015-05-20,718.24,https://api.spdrgoldshares.com/api/v1/historical-archive?product=gld&exchange=NYSE&lang=en,2026-10-09
gld_holdings,2015-05-20,2015-05-21,715.26,https://api.spdrgoldshares.com/api/v1/historical-archive?product=gld&exchange=NYSE&lang=en,2026-10-09
gld_holdings,2015-05-21,2015-05-22,715.26,https://api.spdrgoldshares.com/api/v1/historical-archive?product=gld&exchange=NYSE&lang=en,2026-10-09
gld_holdings,2015-05-22,2015-05-23,715.26,https://api.spdrgoldshares.com/api/v1/historical-archive?product=gld&exchange=NYSE&lang=en,2026-10-09
gld_holdings,2015-05-26,2015-05-27,715.86,https://api.spdrgoldshares.com/api/v1/historical-archive?product=gld&exchange=NYSE&lang=en,2026-10-09
gld_holdings,2015-05-27,2015-05-28,715.86,https://api.spdrgoldshares.com/api/v1/historical-archive?product=gld&exchange=NYSE&lang=en,2026-10-09
gld_holdings,2015-05-28,2015-05-29,715.86,https://api.spdrgoldshares.com/api/v1/historical-archive?product=gld&exchange=NYSE&lang=en,2026-10-09
gld_holdings,2015-05-29,2015-05-30,715.86,https://api.spdrgoldshares.com/api/v1/historical-archive?product=gld&exchange=NYSE&lang=en,2026-10-09
gld_holdings,2015-06-01,2015-06-02,714.07,https://api.spdrgoldshares.com/api/v1/historical-archive?product=gld&exchange=NYSE&lang=en,2026-10-09
gld_holdings,2015-06-02,2015-06-03,709.89,https://api.spdrgoldshares.com/api/v1/historical-archive?product=gld&exchange=NYSE&lang=en,2026-10-09
gld_holdings,2015-06-03,2015-06-04,709.89,https://api.spdrgoldshares.com/api/v1/historical-archive?product=gld&exchange=NYSE&lang=en,2026-10-09
gld_holdings,2015-06-04,2015-06-05,709.89,https://api.spdrgoldshares.com/api/v1/historical-archive?product=gld&exchange=NYSE&lang=en,2026-10-09
gld_holdings,2015-06-05,2015-06-06,708.7,https://api.spdrgoldshares.com/api/v1/historical-archive?product=gld&exchange=NYSE&lang=en,2026-10-09
gld_holdings,2015-06-08,2015-06-09,708.7,https://api.spdrgoldshares.com/api/v1/historical-archive?product=gld&exchange=NYSE&lang=en,2026-10-09
gld_holdings,2015-06-09,2015-06-10,705.72,https://api.spdrgoldshares.com/api/v1/historical-archive?product=gld&exchange=NYSE&lang=en,2026-10-09
gld_holdings,2015-06-10,2015-06-11,704.22,https://api.spdrgoldshares.com/api/v1/historical-archive?product=gld&exchange=NYSE&lang=en,2026-10-09
gld_holdings,2015-06-11,2015-06-12,704.22,https://api.spdrgoldshares.com/api/v1/historical-archive?product=gld&exchange=NYSE&lang=en,2026-10-09
gld_holdings,2015-06-12,2015-06-13,703.98,https://api.spdrgoldshares.com/api/v1/historical-archive?product=gld&exchange=NYSE&lang=en,2026-10-09
gld_holdings,2015-06-15,2015-06-16,701.9,https://api.spdrgoldshares.com/api/v1/historical-archive?product=gld&exchange=NYSE&lang=en,2026-10-09
gld_holdings,2015-06-16,2015-06-17,701.9,https://api.spdrgoldshares.com/api/v1/historical-archive?product=gld&exchange=NYSE&lang=en,2026-10-09
gld_holdings,2015-06-17,2015-06-18,701.9,https://api.spdrgoldshares.com/api/v1/historical-archive?product=gld&exchange=NYSE&lang=en,2026-10-09
gld_holdings,2015-06-18,2015-06-19,701.9,https://api.spdrgoldshares.com/api/v1/historical-archive?product=gld&exchange=NYSE&lang=en,2026-10-09
gld_holdings,2015-06-19,2015-06-20,701.9,https://api.spdrgoldshares.com/api/v1/historical-archive?product=gld&exchange=NYSE&lang=en,2026-10-09
gld_holdings,2015-06-22,2015-06-23,705.48,https://api.spdrgoldshares.com/api/v1/historical-archive?product=gld&exchange=NYSE&lang=en,2026-10-09
gld_holdings,2015-06-23,2015-06-24,705.48,https://api.spdrgoldshares.com/api/v1/historical-archive?product=gld&exchange=NYSE&lang=en,2026-10-09
gld_holdings,2015-06-24,2015-06-25,706.37,https://api.spdrgoldshares.com/api/v1/historical-archive?product=gld&exchange=NYSE&lang=en,2026-10-09
gld_holdings,2015-06-25,2015-06-26,713.23,https://api.spdrgoldshares.com/api/v1/historical-archive?product=gld&exchange=NYSE&lang=en,2026-10-09
gld_holdings,2015-06-26,2015-06-27,711.44,https://api.spdrgoldshares.com/api/v1/historical-archive?product=gld&exchange=NYSE&lang=en,2026-10-09
gld_holdings,2015-06-29,2015-06-30,711.44,https://api.spdrgoldshares.com/api/v1/historical-archive?product=gld&exchange=NYSE&lang=en,2026-10-09
gld_holdings,2015-06-30,2015-07-01,711.44,https://api.spdrgoldshares.com/api/v1/historical-archive?product=gld&exchange=NYSE&lang=en,2026-10-09
gld_holdings,2015-07-01,2015-07-02,711.44,https://api.spdrgoldshares.com/api/v1/historical-archive?product=gld&exchange=NYSE&lang=en,2026-10-09
gld_holdings,2015-07-02,2015-07-03,709.65,https://api.spdrgoldshares.com/api/v1/historical-archive?product=gld&exchange=NYSE&lang=en,2026-10-09
gld_holdings,2015-07-06,2015-07-07,709.65,https://api.spdrgoldshares.com/api/v1/historical-archive?product=gld&exchange=NYSE&lang=en,2026-10-09
gld_holdings,2015-07-07,2015-07-08,709.65,https://api.spdrgoldshares.com/api/v1/historical-archive?product=gld&exchange=NYSE&lang=en,2026-10-09
gld_holdings,2015-07-08,2015-07-09,709.37,https://api.spdrgoldshares.com/api/v1/historical-archive?product=gld&exchange=NYSE&lang=en,2026-10-09
gld_holdings,2015-07-09,2015-07-10,707.58,https://api.spdrgoldshares.com/api/v1/historical-archive?product=gld&exchange=NYSE&lang=en,2026-10-09
gld_holdings,2015-07-10,2015-07-11,707.58,https://api.spdrgoldshares.com/api/v1/historical-archive?product=gld&exchange=NYSE&lang=en,2026-10-09
gld_holdings,2015-07-13,2015-07-14,709.07,https://api.spdrgoldshares.com/api/v1/historical-archive?product=gld&exchange=NYSE&lang=en,2026-10-09
gld_holdings,2015-07-14,2015-07-15,709.07,https://api.spdrgoldshares.com/api/v1/historical-archive?product=gld&exchange=NYSE&lang=en,2026-10-09
gld_holdings,2015-07-15,2015-07-16,709.07,https://api.spdrgoldshares.com/api/v1/historical-archive?product=gld&exchange=NYSE&lang=en,2026-10-09
gld_holdings,2015-07-16,2015-07-17,707.88,https://api.spdrgoldshares.com/api/v1/historical-archive?product=gld&exchange=NYSE&lang=en,2026-10-09
gld_holdings,2015-07-17,2015-07-18,696.25,https://api.spdrgoldshares.com/api/v1/historical-archive?product=gld&exchange=NYSE&lang=en,2026-10-09
gld_holdings,2015-07-20,2015-07-21,694.46,https://api.spdrgoldshares.com/api/v1/historical-archive?product=gld&exchange=NYSE&lang=en,2026-10-09
gld_holdings,2015-07-21,2015-07-22,689.69,https://api.spdrgoldshares.com/api/v1/historical-archive?product=gld&exchange=NYSE&lang=en,2026-10-09
gld_holdings,2015-07-22,2015-07-23,687.31,https://api.spdrgoldshares.com/api/v1/historical-archive?product=gld&exchange=NYSE&lang=en,2026-10-09
gld_holdings,2015-07-23,2015-07-24,684.63,https://api.spdrgoldshares.com/api/v1/historical-archive?product=gld&exchange=NYSE&lang=en,2026-10-09
gld_holdings,2015-07-24,2015-07-25,680.15,https://api.spdrgoldshares.com/api/v1/historical-archive?product=gld&exchange=NYSE&lang=en,2026-10-09
gld_holdings,2015-07-27,2015-07-28,680.15,https://api.spdrgoldshares.com/api/v1/historical-archive?product=gld&exchange=NYSE&lang=en,2026-10-09
gld_holdings,2015-07-28,2015-07-29,680.15,https://api.spdrgoldshares.com/api/v1/historical-archive?product=gld&exchange=NYSE&lang=en,2026-10-09
gld_holdings,2015-07-29,2015-07-30,680.15,https://api.spdrgoldshares.com/api/v1/historical-archive?product=gld&exchange=NYSE&lang=en,2026-10-09
gld_holdings,2015-07-30,2015-07-31,680.15,https://api.spdrgoldshares.com/api/v1/historical-archive?product=gld&exchange=NYSE&lang=en,2026-10-09
gld_holdings,2015-07-31,2015-08-01,672.7,https://api.spdrgoldshares.com/api/v1/historical-archive?product=gld&exchange=NYSE&lang=en,2026-10-09
gld_holdings,2015-08-03,2015-08-04,672.7,https://api.spdrgoldshares.com/api/v1/historical-archive?product=gld&exchange=NYSE&lang=en,2026-10-09
gld_holdings,2015-08-04,2015-08-05,670.62,https://api.spdrgoldshares.com/api/v1/historical-archive?product=gld&exchange=NYSE&lang=en,2026-10-09
gld_holdings,2015-08-05,2015-08-06,667.93,https://api.spdrgoldshares.com/api/v1/historical-archive?product=gld&exchange=NYSE&lang=en,2026-10-09
gld_holdings,2015-08-06,2015-08-07,667.93,https://api.spdrgoldshares.com/api/v1/historical-archive?product=gld&exchange=NYSE&lang=en,2026-10-09
gld_holdings,2015-08-07,2015-08-08,667.69,https://api.spdrgoldshares.com/api/v1/historical-archive?product=gld&exchange=NYSE&lang=en,2026-10-09
gld_holdings,2015-08-10,2015-08-11,667.69,https://api.spdrgoldshares.com/api/v1/historical-archive?product=gld&exchange=NYSE&lang=en,2026-10-09
gld_holdings,2015-08-11,2015-08-12,667.69,https://api.spdrgoldshares.com/api/v1/historical-archive?product=gld&exchange=NYSE&lang=en,2026-10-09
gld_holdings,2015-08-12,2015-08-13,671.87,https://api.spdrgoldshares.com/api/v1/historical-archive?product=gld&exchange=NYSE&lang=en,2026-10-09
gld_holdings,2015-08-13,2015-08-14,671.87,https://api.spdrgoldshares.com/api/v1/historical-archive?product=gld&exchange=NYSE&lang=en,2026-10-09
gld_holdings,2015-08-14,2015-08-15,671.87,https://api.spdrgoldshares.com/api/v1/historical-archive?product=gld&exchange=NYSE&lang=en,2026-10-09
gld_holdings,2015-08-17,2015-08-18,671.87,https://api.spdrgoldshares.com/api/v1/historical-archive?product=gld&exchange=NYSE&lang=en,2026-10-09
gld_holdings,2015-08-18,2015-08-19,671.87,https://api.spdrgoldshares.com/api/v1/historical-archive?product=gld&exchange=NYSE&lang=en,2026-10-09
gld_holdings,2015-08-19,2015-08-20,671.87,https://api.spdrgoldshares.com/api/v1/historical-archive?product=gld&exchange=NYSE&lang=en,2026-10-09
gld_holdings,2015-08-20,2015-08-21,675.44,https://api.spdrgoldshares.com/api/v1/historical-archive?product=gld&exchange=NYSE&lang=en,2026-10-09
gld_holdings,2015-08-21,2015-08-22,677.83,https://api.spdrgoldshares.com/api/v1/historical-archive?product=gld&exchange=NYSE&lang=en,2026-10-09
gld_holdings,2015-08-24,2015-08-25,681.1,https://api.spdrgoldshares.com/api/v1/historical-archive?product=gld&exchange=NYSE&lang=en,2026-10-09
gld_holdings,2015-08-25,2015-08-26,681.1,https://api.spdrgoldshares.com/api/v1/historical-archive?product=gld&exchange=NYSE&lang=en,2026-10-09
gld_holdings,2015-08-26,2015-08-27,681.1,https://api.spdrgoldshares.com/api/v1/historical-archive?product=gld&exchange=NYSE&lang=en,2026-10-09
gld_holdings,2015-08-27,2015-08-28,682.59,https://api.spdrgoldshares.com/api/v1/historical-archive?product=gld&exchange=NYSE&lang=en,2026-10-09
gld_holdings,2015-08-28,2015-08-29,682.59,https://api.spdrgoldshares.com/api/v1/historical-archive?product=gld&exchange=NYSE&lang=en,2026-10-09
gld_holdings,2015-08-31,2015-09-01,682.59,https://api.spdrgoldshares.com/api/v1/historical-archive?product=gld&exchange=NYSE&lang=en,2026-10-09
gld_holdings,2015-09-01,2015-09-02,682.59,https://api.spdrgoldshares.com/api/v1/historical-archive?product=gld&exchange=NYSE&lang=en,2026-10-09
gld_holdings,2015-09-02,2015-09-03,682.59,https://api.spdrgoldshares.com/api/v1/historical-archive?product=gld&exchange=NYSE&lang=en,2026-10-09
gld_holdings,2015-09-03,2015-09-04,682.59,https://api.spdrgoldshares.com/api/v1/historical-archive?product=gld&exchange=NYSE&lang=en,2026-10-09
gld_holdings,2015-09-04,2015-09-05,682.35,https://api.spdrgoldshares.com/api/v1/historical-archive?product=gld&exchange=NYSE&lang=en,2026-10-09
gld_holdings,2015-09-08,2015-09-09,682.35,https://api.spdrgoldshares.com/api/v1/historical-archive?product=gld&exchange=NYSE&lang=en,2026-10-09
gld_holdings,2015-09-09,2015-09-10,678.18,https://api.spdrgoldshares.com/api/v1/historical-archive?product=gld&exchange=NYSE&lang=en,2026-10-09
gld_holdings,2015-09-10,2015-09-11,678.18,https://api.spdrgoldshares.com/api/v1/historical-archive?product=gld&exchange=NYSE&lang=en,2026-10-09
gld_holdings,2015-09-11,2015-09-12,678.18,https://api.spdrgoldshares.com/api/v1/historical-archive?product=gld&exchange=NYSE&lang=en,2026-10-09
gld_holdings,2015-09-14,2015-09-15,678.18,https://api.spdrgoldshares.com/api/v1/historical-archive?product=gld&exchange=NYSE&lang=en,2026-10-09
gld_holdings,2015-09-15,2015-09-16,678.18,https://api.spdrgoldshares.com/api/v1/historical-archive?product=gld&exchange=NYSE&lang=en,2026-10-09
gld_holdings,2015-09-16,2015-09-17,678.18,https://api.spdrgoldshares.com/api/v1/historical-archive?product=gld&exchange=NYSE&lang=en,2026-10-09
gld_holdings,2015-09-17,2015-09-18,678.18,https://api.spdrgoldshares.com/api/v1/historical-archive?product=gld&exchange=NYSE&lang=en,2026-10-09
gld_holdings,2015-09-18,2015-09-19,678.18,https://api.spdrgoldshares.com/api/v1/historical-archive?product=gld&exchange=NYSE&lang=en,2026-10-09
gld_holdings,2015-09-21,2015-09-22,674.61,https://api.spdrgoldshares.com/api/v1/historical-archive?product=gld&exchange=NYSE&lang=en,2026-10-09
gld_holdings,2015-09-22,2015-09-23,675.8,https://api.spdrgoldshares.com/api/v1/historical-archive?product=gld&exchange=NYSE&lang=en,2026-10-09
gld_holdings,2015-09-23,2015-09-24,676.4,https://api.spdrgoldshares.com/api/v1/historical-archive?product=gld&exchange=NYSE&lang=en,2026-10-09
gld_holdings,2015-09-24,2015-09-25,680.27,https://api.spdrgoldshares.com/api/v1/historical-archive?product=gld&exchange=NYSE&lang=en,2026-10-09
gld_holdings,2015-09-25,2015-09-26,684.14,https://api.spdrgoldshares.com/api/v1/historical-archive?product=gld&exchange=NYSE&lang=en,2026-10-09
gld_holdings,2015-09-28,2015-09-29,684.14,https://api.spdrgoldshares.com/api/v1/historical-archive?product=gld&exchange=NYSE&lang=en,2026-10-09
gld_holdings,2015-09-29,2015-09-30,684.14,https://api.spdrgoldshares.com/api/v1/historical-archive?product=gld&exchange=NYSE&lang=en,2026-10-09
gld_holdings,2015-09-30,2015-10-01,687.42,https://api.spdrgoldshares.com/api/v1/historical-archive?product=gld&exchange=NYSE&lang=en,2026-10-09
gld_holdings,2015-10-01,2015-10-02,689.2,https://api.spdrgoldshares.com/api/v1/historical-archive?product=gld&exchange=NYSE&lang=en,2026-10-09
gld_holdings,2015-10-02,2015-10-03,689.2,https://api.spdrgoldshares.com/api/v1/historical-archive?product=gld&exchange=NYSE&lang=en,2026-10-09
gld_holdings,2015-10-05,2015-10-06,688.98,https://api.spdrgoldshares.com/api/v1/historical-archive?product=gld&exchange=NYSE&lang=en,2026-10-09
gld_holdings,2015-10-06,2015-10-07,688.98,https://api.spdrgoldshares.com/api/v1/historical-archive?product=gld&exchange=NYSE&lang=en,2026-10-09
gld_holdings,2015-10-07,2015-10-08,687.2,https://api.spdrgoldshares.com/api/v1/historical-archive?product=gld&exchange=NYSE&lang=en,2026-10-09
gld_holdings,2015-10-08,2015-10-09,687.2,https://api.spdrgoldshares.com/api/v1/historical-archive?product=gld&exchange=NYSE&lang=en,2026-10-09
gld_holdings,2015-10-09,2015-10-10,687.2,https://api.spdrgoldshares.com/api/v1/historical-archive?product=gld&exchange=NYSE&lang=en,2026-10-09
gld_holdings,2015-10-12,2015-10-13,687.2,https://api.spdrgoldshares.com/api/v1/historical-archive?product=gld&exchange=NYSE&lang=en,2026-10-09
gld_holdings,2015-10-13,2015-10-14,687.2,https://api.spdrgoldshares.com/api/v1/historical-archive?product=gld&exchange=NYSE&lang=en,2026-10-09
gld_holdings,2015-10-14,2015-10-15,694.94,https://api.spdrgoldshares.com/api/v1/historical-archive?product=gld&exchange=NYSE&lang=en,2026-10-09
gld_holdings,2015-10-15,2015-10-16,700.0,https://api.spdrgoldshares.com/api/v1/historical-archive?product=gld&exchange=NYSE&lang=en,2026-10-09
gld_holdings,2015-10-16,2015-10-17,693.75,https://api.spdrgoldshares.com/api/v1/historical-archive?product=gld&exchange=NYSE&lang=en,2026-10-09
gld_holdings,2015-10-19,2015-10-20,697.32,https://api.spdrgoldshares.com/api/v1/historical-archive?product=gld&exchange=NYSE&lang=en,2026-10-09
gld_holdings,2015-10-20,2015-10-21,697.32,https://api.spdrgoldshares.com/api/v1/historical-archive?product=gld&exchange=NYSE&lang=en,2026-10-09
gld_holdings,2015-10-21,2015-10-22,697.32,https://api.spdrgoldshares.com/api/v1/historical-archive?product=gld&exchange=NYSE&lang=en,2026-10-09
gld_holdings,2015-10-22,2015-10-23,697.32,https://api.spdrgoldshares.com/api/v1/historical-archive?product=gld&exchange=NYSE&lang=en,2026-10-09
gld_holdings,2015-10-23,2015-10-24,695.54,https://api.spdrgoldshares.com/api/v1/historical-archive?product=gld&exchange=NYSE&lang=en,2026-10-09
gld_holdings,2015-10-26,2015-10-27,695.54,https://api.spdrgoldshares.com/api/v1/historical-archive?product=gld&exchange=NYSE&lang=en,2026-10-09
gld_holdings,2015-10-27,2015-10-28,695.54,https://api.spdrgoldshares.com/api/v1/historical-archive?product=gld&exchange=NYSE&lang=en,2026-10-09
gld_holdings,2015-10-28,2015-10-29,694.34,https://api.spdrgoldshares.com/api/v1/historical-archive?product=gld&exchange=NYSE&lang=en,2026-10-09
gld_holdings,2015-10-29,2015-10-30,694.34,https://api.spdrgoldshares.com/api/v1/historical-archive?product=gld&exchange=NYSE&lang=en,2026-10-09
gld_holdings,2015-10-30,2015-10-31,692.26,https://api.spdrgoldshares.com/api/v1/historical-archive?product=gld&exchange=NYSE&lang=en,2026-10-09
gld_holdings,2015-11-02,2015-11-03,689.28,https://api.spdrgoldshares.com/api/v1/historical-archive?product=gld&exchange=NYSE&lang=en,2026-10-09
gld_holdings,2015-11-03,2015-11-04,686.3,https://api.spdrgoldshares.com/api/v1/historical-archive?product=gld&exchange=NYSE&lang=en,2026-10-09
gld_holdings,2015-11-04,2015-11-05,680.11,https://api.spdrgoldshares.com/api/v1/historical-archive?product=gld&exchange=NYSE&lang=en,2026-10-09
gld_holdings,2015-11-05,2015-11-06,671.77,https://api.spdrgoldshares.com/api/v1/historical-archive?product=gld&exchange=NYSE&lang=en,2026-10-09
gld_holdings,2015-11-06,2015-11-07,669.09,https://api.spdrgoldshares.com/api/v1/historical-archive?product=gld&exchange=NYSE&lang=en,2026-10-09
gld_holdings,2015-11-09,2015-11-10,666.11,https://api.spdrgoldshares.com/api/v1/historical-archive?product=gld&exchange=NYSE&lang=en,2026-10-09
gld_holdings,2015-11-10,2015-11-11,663.43,https://api.spdrgoldshares.com/api/v1/historical-archive?product=gld&exchange=NYSE&lang=en,2026-10-09
gld_holdings,2015-11-11,2015-11-12,663.43,https://api.spdrgoldshares.com/api/v1/historical-archive?product=gld&exchange=NYSE&lang=en,2026-10-09
gld_holdings,2015-11-12,2015-11-13,661.94,https://api.spdrgoldshares.com/api/v1/historical-archive?product=gld&exchange=NYSE&lang=en,2026-10-09
gld_holdings,2015-11-13,2015-11-14,661.94,https://api.spdrgoldshares.com/api/v1/historical-archive?product=gld&exchange=NYSE&lang=en,2026-10-09
gld_holdings,2015-11-16,2015-11-17,661.94,https://api.spdrgoldshares.com/api/v1/historical-archive?product=gld&exchange=NYSE&lang=en,2026-10-09
gld_holdings,2015-11-17,2015-11-18,661.94,https://api.spdrgoldshares.com/api/v1/historical-archive?product=gld&exchange=NYSE&lang=en,2026-10-09
gld_holdings,2015-11-18,2015-11-19,661.94,https://api.spdrgoldshares.com/api/v1/historical-archive?product=gld&exchange=NYSE&lang=en,2026-10-09
gld_holdings,2015-11-19,2015-11-20,661.94,https://api.spdrgoldshares.com/api/v1/historical-archive?product=gld&exchange=NYSE&lang=en,2026-10-09
gld_holdings,2015-11-20,2015-11-21,660.75,https://api.spdrgoldshares.com/api/v1/historical-archive?product=gld&exchange=NYSE&lang=en,2026-10-09
gld_holdings,2015-11-23,2015-11-24,655.69,https://api.spdrgoldshares.com/api/v1/historical-archive?product=gld&exchange=NYSE&lang=en,2026-10-09
gld_holdings,2015-11-24,2015-11-25,655.69,https://api.spdrgoldshares.com/api/v1/historical-archive?product=gld&exchange=NYSE&lang=en,2026-10-09
gld_holdings,2015-11-25,2015-11-26,655.69,https://api.spdrgoldshares.com/api/v1/historical-archive?product=gld&exchange=NYSE&lang=en,2026-10-09
gld_holdings,2015-11-27,2015-11-28,654.8,https://api.spdrgoldshares.com/api/v1/historical-archive?product=gld&exchange=NYSE&lang=en,2026-10-09
gld_holdings,2015-11-30,2015-12-01,654.8,https://api.spdrgoldshares.com/api/v1/historical-archive?product=gld&exchange=NYSE&lang=en,2026-10-09
gld_holdings,2015-12-01,2015-12-02,654.8,https://api.spdrgoldshares.com/api/v1/historical-archive?product=gld&exchange=NYSE&lang=en,2026-10-09
gld_holdings,2015-12-02,2015-12-03,639.02,https://api.spdrgoldshares.com/api/v1/historical-archive?product=gld&exchange=NYSE&lang=en,2026-10-09
gld_holdings,2015-12-03,2015-12-04,638.8,https://api.spdrgoldshares.com/api/v1/historical-archive?product=gld&exchange=NYSE&lang=en,2026-10-09
gld_holdings,2015-12-04,2015-12-05,638.8,https://api.spdrgoldshares.com/api/v1/historical-archive?product=gld&exchange=NYSE&lang=en,2026-10-09
gld_holdings,2015-12-07,2015-12-08,634.63,https://api.spdrgoldshares.com/api/v1/historical-archive?product=gld&exchange=NYSE&lang=en,2026-10-09
gld_holdings,2015-12-08,2015-12-09,634.63,https://api.spdrgoldshares.com/api/v1/historical-archive?product=gld&exchange=NYSE&lang=en,2026-10-09
gld_holdings,2015-12-09,2015-12-10,634.63,https://api.spdrgoldshares.com/api/v1/historical-archive?product=gld&exchange=NYSE&lang=en,2026-10-09
gld_holdings,2015-12-10,2015-12-11,634.63,https://api.spdrgoldshares.com/api/v1/historical-archive?product=gld&exchange=NYSE&lang=en,2026-10-09
gld_holdings,2015-12-11,2015-12-12,634.63,https://api.spdrgoldshares.com/api/v1/historical-archive?product=gld&exchange=NYSE&lang=en,2026-10-09
gld_holdings,2015-12-14,2015-12-15,634.63,https://api.spdrgoldshares.com/api/v1/historical-archive?product=gld&exchange=NYSE&lang=en,2026-10-09
gld_holdings,2015-12-15,2015-12-16,634.63,https://api.spdrgoldshares.com/api/v1/historical-archive?product=gld&exchange=NYSE&lang=en,2026-10-09
gld_holdings,2015-12-16,2015-12-17,634.63,https://api.spdrgoldshares.com/api/v1/historical-archive?product=gld&exchange=NYSE&lang=en,2026-10-09
gld_holdings,2015-12-17,2015-12-18,630.17,https://api.spdrgoldshares.com/api/v1/historical-archive?product=gld&exchange=NYSE&lang=en,2026-10-09
gld_holdings,2015-12-18,2015-12-19,648.91,https://api.spdrgoldshares.com/api/v1/historical-archive?product=gld&exchange=NYSE&lang=en,2026-10-09
gld_holdings,2015-12-21,2015-12-22,645.94,https://api.spdrgoldshares.com/api/v1/historical-archive?product=gld&exchange=NYSE&lang=en,2026-10-09
gld_holdings,2015-12-22,2015-12-23,645.94,https://api.spdrgoldshares.com/api/v1/historical-archive?product=gld&exchange=NYSE&lang=en,2026-10-09
gld_holdings,2015-12-23,2015-12-24,645.94,https://api.spdrgoldshares.com/api/v1/historical-archive?product=gld&exchange=NYSE&lang=en,2026-10-09
gld_holdings,2015-12-24,2015-12-25,644.75,https://api.spdrgoldshares.com/api/v1/historical-archive?product=gld&exchange=NYSE&lang=en,2026-10-09
gld_holdings,2015-12-28,2015-12-29,643.56,https://api.spdrgoldshares.com/api/v1/historical-archive?product=gld&exchange=NYSE&lang=en,2026-10-09
gld_holdings,2015-12-29,2015-12-30,643.56,https://api.spdrgoldshares.com/api/v1/historical-archive?product=gld&exchange=NYSE&lang=en,2026-10-09
gld_holdings,2015-12-30,2015-12-31,643.56,https://api.spdrgoldshares.com/api/v1/historical-archive?product=gld&exchange=NYSE&lang=en,2026-10-09
gld_holdings,2015-12-31,2016-01-01,642.37,https://api.spdrgoldshares.com/api/v1/historical-archive?product=gld&exchange=NYSE&lang=en,2026-10-09
gld_holdings,2016-01-04,2016-01-05,642.37,https://api.spdrgoldshares.com/api/v1/historical-archive?product=gld&exchange=NYSE&lang=en,2026-10-09
gld_holdings,2016-01-05,2016-01-06,642.37,https://api.spdrgoldshares.com/api/v1/historical-archive?product=gld&exchange=NYSE&lang=en,2026-10-09
gld_holdings,2016-01-06,2016-01-07,640.97,https://api.spdrgoldshares.com/api/v1/historical-archive?product=gld&exchange=NYSE&lang=en,2026-10-09
gld_holdings,2016-01-07,2016-01-08,645.13,https://api.spdrgoldshares.com/api/v1/historical-archive?product=gld&exchange=NYSE&lang=en,2026-10-09
gld_holdings,2016-01-08,2016-01-09,649.59,https://api.spdrgoldshares.com/api/v1/historical-archive?product=gld&exchange=NYSE&lang=en,2026-10-09
gld_holdings,2016-01-11,2016-01-12,651.68,https://api.spdrgoldshares.com/api/v1/historical-archive?product=gld&exchange=NYSE&lang=en,2026-10-09
gld_holdings,2016-01-12,2016-01-13,651.68,https://api.spdrgoldshares.com/api/v1/historical-archive?product=gld&exchange=NYSE&lang=en,2026-10-09
gld_holdings,2016-01-13,2016-01-14,654.06,https://api.spdrgoldshares.com/api/v1/historical-archive?product=gld&exchange=NYSE&lang=en,2026-10-09
gld_holdings,2016-01-14,2016-01-15,654.06,https://api.spdrgoldshares.com/api/v1/historical-archive?product=gld&exchange=NYSE&lang=en,2026-10-09
gld_holdings,2016-01-15,2016-01-16,657.92,https://api.spdrgoldshares.com/api/v1/historical-archive?product=gld&exchange=NYSE&lang=en,2026-10-09
gld_holdings,2016-01-19,2016-01-20,657.92,https://api.spdrgoldshares.com/api/v1/historical-archive?product=gld&exchange=NYSE&lang=en,2026-10-09
gld_holdings,2016-01-20,2016-01-21,660.3,https://api.spdrgoldshares.com/api/v1/historical-archive?product=gld&exchange=NYSE&lang=en,2026-10-09
gld_holdings,2016-01-21,2016-01-22,662.09,https://api.spdrgoldshares.com/api/v1/historical-archive?product=gld&exchange=NYSE&lang=en,2026-10-09
gld_holdings,2016-01-22,2016-01-23,664.17,https://api.spdrgoldshares.com/api/v1/historical-archive?product=gld&exchange=NYSE&lang=en,2026-10-09
gld_holdings,2016-01-25,2016-01-26,664.17,https://api.spdrgoldshares.com/api/v1/historical-archive?product=gld&exchange=NYSE&lang=en,2026-10-09
gld_holdings,2016-01-26,2016-01-27,669.23,https://api.spdrgoldshares.com/api/v1/historical-archive?product=gld&exchange=NYSE&lang=en,2026-10-09
gld_holdings,2016-01-27,2016-01-28,669.23,https://api.spdrgoldshares.com/api/v1/historical-archive?product=gld&exchange=NYSE&lang=en,2026-10-09
gld_holdings,2016-01-28,2016-01-29,669.23,https://api.spdrgoldshares.com/api/v1/historical-archive?product=gld&exchange=NYSE&lang=en,2026-10-09
gld_holdings,2016-01-29,2016-01-30,669.23,https://api.spdrgoldshares.com/api/v1/historical-archive?product=gld&exchange=NYSE&lang=en,2026-10-09
gld_holdings,2016-02-01,2016-02-02,681.43,https://api.spdrgoldshares.com/api/v1/historical-archive?product=gld&exchange=NYSE&lang=en,2026-10-09
gld_holdings,2016-02-02,2016-02-03,685.59,https://api.spdrgoldshares.com/api/v1/historical-archive?product=gld&exchange=NYSE&lang=en,2026-10-09
gld_holdings,2016-02-03,2016-02-04,690.05,https://api.spdrgoldshares.com/api/v1/historical-archive?product=gld&exchange=NYSE&lang=en,2026-10-09
gld_holdings,2016-02-04,2016-02-05,693.62,https://api.spdrgoldshares.com/api/v1/historical-archive?product=gld&exchange=NYSE&lang=en,2026-10-09
gld_holdings,2016-02-05,2016-02-06,698.46,https://api.spdrgoldshares.com/api/v1/historical-archive?product=gld&exchange=NYSE&lang=en,2026-10-09
gld_holdings,2016-02-08,2016-02-09,703.52,https://api.spdrgoldshares.com/api/v1/historical-archive?product=gld&exchange=NYSE&lang=en,2026-10-09
gld_holdings,2016-02-09,2016-02-10,702.03,https://api.spdrgoldshares.com/api/v1/historical-archive?product=gld&exchange=NYSE&lang=en,2026-10-09
gld_holdings,2016-02-10,2016-02-11,702.03,https://api.spdrgoldshares.com/api/v1/historical-archive?product=gld&exchange=NYSE&lang=en,2026-10-09
gld_holdings,2016-02-11,2016-02-12,716.01,https://api.spdrgoldshares.com/api/v1/historical-archive?product=gld&exchange=NYSE&lang=en,2026-10-09
gld_holdings,2016-02-12,2016-02-13,710.95,https://api.spdrgoldshares.com/api/v1/historical-archive?product=gld&exchange=NYSE&lang=en,2026-10-09
gld_holdings,2016-02-16,2016-02-17,710.95,https://api.spdrgoldshares.com/api/v1/historical-archive?product=gld&exchange=NYSE&lang=en,2026-10-09
gld_holdings,2016-02-17,2016-02-18,710.95,https://api.spdrgoldshares.com/api/v1/historical-archive?product=gld&exchange=NYSE&lang=en,2026-10-09
gld_holdings,2016-02-18,2016-02-19,713.63,https://api.spdrgoldshares.com/api/v1/historical-archive?product=gld&exchange=NYSE&lang=en,2026-10-09
gld_holdings,2016-02-19,2016-02-20,732.96,https://api.spdrgoldshares.com/api/v1/historical-archive?product=gld&exchange=NYSE&lang=en,2026-10-09
gld_holdings,2016-02-22,2016-02-23,752.29,https://api.spdrgoldshares.com/api/v1/historical-archive?product=gld&exchange=NYSE&lang=en,2026-10-09
gld_holdings,2016-02-23,2016-02-24,752.29,https://api.spdrgoldshares.com/api/v1/historical-archive?product=gld&exchange=NYSE&lang=en,2026-10-09
gld_holdings,2016-02-24,2016-02-25,760.32,https://api.spdrgoldshares.com/api/v1/historical-archive?product=gld&exchange=NYSE&lang=en,2026-10-09
gld_holdings,2016-02-25,2016-02-26,760.32,https://api.spdrgoldshares.com/api/v1/historical-archive?product=gld&exchange=NYSE&lang=en,2026-10-09
gld_holdings,2016-02-26,2016-02-27,762.4,https://api.spdrgoldshares.com/api/v1/historical-archive?product=gld&exchange=NYSE&lang=en,2026-10-09
gld_holdings,2016-02-29,2016-03-01,777.27,https://api.spdrgoldshares.com/api/v1/historical-archive?product=gld&exchange=NYSE&lang=en,2026-10-09
gld_holdings,2016-03-01,2016-03-02,786.2,https://api.spdrgoldshares.com/api/v1/historical-archive?product=gld&exchange=NYSE&lang=en,2026-10-09
gld_holdings,2016-03-02,2016-03-03,788.57,https://api.spdrgoldshares.com/api/v1/historical-archive?product=gld&exchange=NYSE&lang=en,2026-10-09
gld_holdings,2016-03-03,2016-03-04,793.33,https://api.spdrgoldshares.com/api/v1/historical-archive?product=gld&exchange=NYSE&lang=en,2026-10-09
gld_holdings,2016-03-04,2016-03-05,793.12,https://api.spdrgoldshares.com/api/v1/historical-archive?product=gld&exchange=NYSE&lang=en,2026-10-09
gld_holdings,2016-03-07,2016-03-08,793.12,https://api.spdrgoldshares.com/api/v1/historical-archive?product=gld&exchange=NYSE&lang=en,2026-10-09
gld_holdings,2016-03-08,2016-03-09,790.74,https://api.spdrgoldshares.com/api/v1/historical-archive?product=gld&exchange=NYSE&lang=en,2026-10-09
gld_holdings,2016-03-09,2016-03-10,792.82,https://api.spdrgoldshares.com/api/v1/historical-archive?product=gld&exchange=NYSE&lang=en,2026-10-09
gld_holdings,2016-03-10,2016-03-11,798.77,https://api.spdrgoldshares.com/api/v1/historical-archive?product=gld&exchange=NYSE&lang=en,2026-10-09
gld_holdings,2016-03-11,2016-03-12,798.77,https://api.spdrgoldshares.com/api/v1/historical-archive?product=gld&exchange=NYSE&lang=en,2026-10-09
gld_holdings,2016-03-14,2016-03-15,790.14,https://api.spdrgoldshares.com/api/v1/historical-archive?product=gld&exchange=NYSE&lang=en,2026-10-09
gld_holdings,2016-03-15,2016-03-16,792.23,https://api.spdrgoldshares.com/api/v1/historical-archive?product=gld&exchange=NYSE&lang=en,2026-10-09
gld_holdings,2016-03-16,2016-03-17,795.2,https://api.spdrgoldshares.com/api/v1/historical-archive?product=gld&exchange=NYSE&lang=en,2026-10-09
gld_holdings,2016-03-17,2016-03-18,807.09,https://api.spdrgoldshares.com/api/v1/historical-archive?product=gld&exchange=NYSE&lang=en,2026-10-09
gld_holdings,2016-03-18,2016-03-19,818.98,https://api.spdrgoldshares.com/api/v1/historical-archive?product=gld&exchange=NYSE&lang=en,2026-10-09
gld_holdings,2016-03-21,2016-03-22,821.66,https://api.spdrgoldshares.com/api/v1/historical-archive?product=gld&exchange=NYSE&lang=en,2026-10-09
gld_holdings,2016-03-22,2016-03-23,821.66,https://api.spdrgoldshares.com/api/v1/historical-archive?product=gld&exchange=NYSE&lang=en,2026-10-09
gld_holdings,2016-03-23,2016-03-24,821.66,https://api.spdrgoldshares.com/api/v1/historical-archive?product=gld&exchange=NYSE&lang=en,2026-10-09
gld_holdings,2016-03-24,2016-03-25,823.74,https://api.spdrgoldshares.com/api/v1/historical-archive?product=gld&exchange=NYSE&lang=en,2026-10-09
gld_holdings,2016-03-28,2016-03-29,823.74,https://api.spdrgoldshares.com/api/v1/historical-archive?product=gld&exchange=NYSE&lang=en,2026-10-09
gld_holdings,2016-03-29,2016-03-30,820.47,https://api.spdrgoldshares.com/api/v1/historical-archive?product=gld&exchange=NYSE&lang=en,2026-10-09
gld_holdings,2016-03-30,2016-03-31,819.28,https://api.spdrgoldshares.com/api/v1/historical-archive?product=gld&exchange=NYSE&lang=en,2026-10-09
gld_holdings,2016-03-31,2016-04-01,819.28,https://api.spdrgoldshares.com/api/v1/historical-archive?product=gld&exchange=NYSE&lang=en,2026-10-09
gld_holdings,2016-04-01,2016-04-02,818.09,https://api.spdrgoldshares.com/api/v1/historical-archive?product=gld&exchange=NYSE&lang=en,2026-10-09
gld_holdings,2016-04-04,2016-04-05,815.72,https://api.spdrgoldshares.com/api/v1/historical-archive?product=gld&exchange=NYSE&lang=en,2026-10-09
gld_holdings,2016-04-05,2016-04-06,815.43,https://api.spdrgoldshares.com/api/v1/historical-archive?product=gld&exchange=NYSE&lang=en,2026-10-09
gld_holdings,2016-04-06,2016-04-07,819.6,https://api.spdrgoldshares.com/api/v1/historical-archive?product=gld&exchange=NYSE&lang=en,2026-10-09
gld_holdings,2016-04-07,2016-04-08,819.6,https://api.spdrgoldshares.com/api/v1/historical-archive?product=gld&exchange=NYSE&lang=en,2026-10-09
gld_holdings,2016-04-08,2016-04-09,817.81,https://api.spdrgoldshares.com/api/v1/historical-archive?product=gld&exchange=NYSE&lang=en,2026-10-09
gld_holdings,2016-04-11,2016-04-12,817.81,https://api.spdrgoldshares.com/api/v1/historical-archive?product=gld&exchange=NYSE&lang=en,2026-10-09
gld_holdings,2016-04-12,2016-04-13,815.14,https://api.spdrgoldshares.com/api/v1/historical-archive?product=gld&exchange=NYSE&lang=en,2026-10-09
gld_holdings,2016-04-13,2016-04-14,810.08,https://api.spdrgoldshares.com/api/v1/historical-archive?product=gld&exchange=NYSE&lang=en,2026-10-09
gld_holdings,2016-04-14,2016-04-15,806.82,https://api.spdrgoldshares.com/api/v1/historical-archive?product=gld&exchange=NYSE&lang=en,2026-10-09
gld_holdings,2016-04-15,2016-04-16,812.46,https://api.spdrgoldshares.com/api/v1/historical-archive?product=gld&exchange=NYSE&lang=en,2026-10-09
gld_holdings,2016-04-18,2016-04-19,812.46,https://api.spdrgoldshares.com/api/v1/historical-archive?product=gld&exchange=NYSE&lang=en,2026-10-09
gld_holdings,2016-04-19,2016-04-20,805.03,https://api.spdrgoldshares.com/api/v1/historical-archive?product=gld&exchange=NYSE&lang=en,2026-10-09
gld_holdings,2016-04-20,2016-04-21,805.03,https://api.spdrgoldshares.com/api/v1/historical-archive?product=gld&exchange=NYSE&lang=en,2026-10-09
gld_holdings,2016-04-21,2016-04-22,805.03,https://api.spdrgoldshares.com/api/v1/historical-archive?product=gld&exchange=NYSE&lang=en,2026-10-09
gld_holdings,2016-04-22,2016-04-23,805.03,https://api.spdrgoldshares.com/api/v1/historical-archive?product=gld&exchange=NYSE&lang=en,2026-10-09
gld_holdings,2016-04-25,2016-04-26,802.65,https://api.spdrgoldshares.com/api/v1/historical-archive?product=gld&exchange=NYSE&lang=en,2026-10-09
gld_holdings,2016-04-26,2016-04-27,802.65,https://api.spdrgoldshares.com/api/v1/historical-archive?product=gld&exchange=NYSE&lang=en,2026-10-09
gld_holdings,2016-04-27,2016-04-28,802.65,https://api.spdrgoldshares.com/api/v1/historical-archive?product=gld&exchange=NYSE&lang=en,2026-10-09
gld_holdings,2016-04-28,2016-04-29,804.14,https://api.spdrgoldshares.com/api/v1/historical-archive?product=gld&exchange=NYSE&lang=en,2026-10-09
gld_holdings,2016-04-29,2016-04-30,804.14,https://api.spdrgoldshares.com/api/v1/historical-archive?product=gld&exchange=NYSE&lang=en,2026-10-09
gld_holdings,2016-05-02,2016-05-03,824.94,https://api.spdrgoldshares.com/api/v1/historical-archive?product=gld&exchange=NYSE&lang=en,2026-10-09
gld_holdings,2016-05-03,2016-05-04,824.94,https://api.spdrgoldshares.com/api/v1/historical-archive?product=gld&exchange=NYSE&lang=en,2026-10-09
gld_holdings,2016-05-04,2016-05-05,825.54,https://api.spdrgoldshares.com/api/v1/historical-archive?product=gld&exchange=NYSE&lang=en,2026-10-09
gld_holdings,2016-05-05,2016-05-06,829.44,https://api.spdrgoldshares.com/api/v1/historical-archive?product=gld&exchange=NYSE&lang=en,2026-10-09
gld_holdings,2016-05-06,2016-05-07,834.19,https://api.spdrgoldshares.com/api/v1/historical-archive?product=gld&exchange=NYSE&lang=en,2026-10-09
gld_holdings,2016-05-09,2016-05-10,836.87,https://api.spdrgoldshares.com/api/v1/historical-archive?product=gld&exchange=NYSE&lang=en,2026-10-09
gld_holdings,2016-05-10,2016-05-11,839.25,https://api.spdrgoldshares.com/api/v1/historical-archive?product=gld&exchange=NYSE&lang=en,2026-10-09
gld_holdings,2016-05-11,2016-05-12,841.92,https://api.spdrgoldshares.com/api/v1/historical-archive?product=gld&exchange=NYSE&lang=en,2026-10-09
gld_holdings,2016-05-12,2016-05-13,845.19,https://api.spdrgoldshares.com/api/v1/historical-archive?product=gld&exchange=NYSE&lang=en,2026-10-09
gld_holdings,2016-05-13,2016-05-14,851.13,https://api.spdrgoldshares.com/api/v1/historical-archive?product=gld&exchange=NYSE&lang=en,2026-10-09
gld_holdings,2016-05-16,2016-05-17,851.13,https://api.spdrgoldshares.com/api/v1/historical-archive?product=gld&exchange=NYSE&lang=en,2026-10-09
gld_holdings,2016-05-17,2016-05-18,855.89,https://api.spdrgoldshares.com/api/v1/historical-archive?product=gld&exchange=NYSE&lang=en,2026-10-09
gld_holdings,2016-05-18,2016-05-19,855.89,https://api.spdrgoldshares.com/api/v1/historical-archive?product=gld&exchange=NYSE&lang=en,2026-10-09
gld_holdings,2016-05-19,2016-05-20,860.34,https://api.spdrgoldshares.com/api/v1/historical-archive?product=gld&exchange=NYSE&lang=en,2026-10-09
gld_holdings,2016-05-20,2016-05-21,869.26,https://api.spdrgoldshares.com/api/v1/historical-archive?product=gld&exchange=NYSE&lang=en,2026-10-09
gld_holdings,2016-05-23,2016-05-24,872.52,https://api.spdrgoldshares.com/api/v1/historical-archive?product=gld&exchange=NYSE&lang=en,2026-10-09
gld_holdings,2016-05-24,2016-05-25,868.66,https://api.spdrgoldshares.com/api/v1/historical-archive?product=gld&exchange=NYSE&lang=en,2026-10-09
gld_holdings,2016-05-25,2016-05-26,868.66,https://api.spdrgoldshares.com/api/v1/historical-archive?product=gld&exchange=NYSE&lang=en,2026-10-09
gld_holdings,2016-05-26,2016-05-27,868.66,https://api.spdrgoldshares.com/api/v1/historical-archive?product=gld&exchange=NYSE&lang=en,2026-10-09
gld_holdings,2016-05-27,2016-05-28,868.66,https://api.spdrgoldshares.com/api/v1/historical-archive?product=gld&exchange=NYSE&lang=en,2026-10-09
gld_holdings,2016-05-31,2016-06-01,868.66,https://api.spdrgoldshares.com/api/v1/historical-archive?product=gld&exchange=NYSE&lang=en,2026-10-09
gld_holdings,2016-06-01,2016-06-02,870.74,https://api.spdrgoldshares.com/api/v1/historical-archive?product=gld&exchange=NYSE&lang=en,2026-10-09
gld_holdings,2016-06-02,2016-06-03,875.2,https://api.spdrgoldshares.com/api/v1/historical-archive?product=gld&exchange=NYSE&lang=en,2026-10-09
gld_holdings,2016-06-03,2016-06-04,881.44,https://api.spdrgoldshares.com/api/v1/historical-archive?product=gld&exchange=NYSE&lang=en,2026-10-09
gld_holdings,2016-06-06,2016-06-07,881.15,https://api.spdrgoldshares.com/api/v1/historical-archive?product=gld&exchange=NYSE&lang=en,2026-10-09
gld_holdings,2016-06-07,2016-06-08,881.15,https://api.spdrgoldshares.com/api/v1/historical-archive?product=gld&exchange=NYSE&lang=en,2026-10-09
gld_holdings,2016-06-08,2016-06-09,881.15,https://api.spdrgoldshares.com/api/v1/historical-archive?product=gld&exchange=NYSE&lang=en,2026-10-09
gld_holdings,2016-06-09,2016-06-10,887.38,https://api.spdrgoldshares.com/api/v1/historical-archive?product=gld&exchange=NYSE&lang=en,2026-10-09
gld_holdings,2016-06-10,2016-06-11,893.92,https://api.spdrgoldshares.com/api/v1/historical-archive?product=gld&exchange=NYSE&lang=en,2026-10-09
gld_holdings,2016-06-13,2016-06-14,896.29,https://api.spdrgoldshares.com/api/v1/historical-archive?product=gld&exchange=NYSE&lang=en,2026-10-09
gld_holdings,2016-06-14,2016-06-15,898.67,https://api.spdrgoldshares.com/api/v1/historical-archive?product=gld&exchange=NYSE&lang=en,2026-10-09
gld_holdings,2016-06-15,2016-06-16,900.75,https://api.spdrgoldshares.com/api/v1/historical-archive?product=gld&exchange=NYSE&lang=en,2026-10-09
gld_holdings,2016-06-16,2016-06-17,902.53,https://api.spdrgoldshares.com/api/v1/historical-archive?product=gld&exchange=NYSE&lang=en,2026-10-09
gld_holdings,2016-06-17,2016-06-18,907.88,https://api.spdrgoldshares.com/api/v1/historical-archive?product=gld&exchange=NYSE&lang=en,2026-10-09
gld_holdings,2016-06-20,2016-06-21,908.77,https://api.spdrgoldshares.com/api/v1/historical-archive?product=gld&exchange=NYSE&lang=en,2026-10-09
gld_holdings,2016-06-21,2016-06-22,912.33,https://api.spdrgoldshares.com/api/v1/historical-archive?product=gld&exchange=NYSE&lang=en,2026-10-09
gld_holdings,2016-06-22,2016-06-23,915.9,https://api.spdrgoldshares.com/api/v1/historical-archive?product=gld&exchange=NYSE&lang=en,2026-10-09
gld_holdings,2016-06-23,2016-06-24,915.9,https://api.spdrgoldshares.com/api/v1/historical-archive?product=gld&exchange=NYSE&lang=en,2026-10-09
gld_holdings,2016-06-24,2016-06-25,934.31,https://api.spdrgoldshares.com/api/v1/historical-archive?product=gld&exchange=NYSE&lang=en,2026-10-09
gld_holdings,2016-06-27,2016-06-28,947.38,https://api.spdrgoldshares.com/api/v1/historical-archive?product=gld&exchange=NYSE&lang=en,2026-10-09
gld_holdings,2016-06-28,2016-06-29,947.38,https://api.spdrgoldshares.com/api/v1/historical-archive?product=gld&exchange=NYSE&lang=en,2026-10-09
gld_holdings,2016-06-29,2016-06-30,950.05,https://api.spdrgoldshares.com/api/v1/historical-archive?product=gld&exchange=NYSE&lang=en,2026-10-09
gld_holdings,2016-06-30,2016-07-01,950.05,https://api.spdrgoldshares.com/api/v1/historical-archive?product=gld&exchange=NYSE&lang=en,2026-10-09
gld_holdings,2016-07-01,2016-07-02,953.91,https://api.spdrgoldshares.com/api/v1/historical-archive?product=gld&exchange=NYSE&lang=en,2026-10-09
gld_holdings,2016-07-05,2016-07-06,982.72,https://api.spdrgoldshares.com/api/v1/historical-archive?product=gld&exchange=NYSE&lang=en,2026-10-09
gld_holdings,2016-07-06,2016-07-07,982.44,https://api.spdrgoldshares.com/api/v1/historical-archive?product=gld&exchange=NYSE&lang=en,2026-10-09
gld_holdings,2016-07-07,2016-07-08,978.29,https://api.spdrgoldshares.com/api/v1/historical-archive?product=gld&exchange=NYSE&lang=en,2026-10-09
gld_holdings,2016-07-08,2016-07-09,981.26,https://api.spdrgoldshares.com/api/v1/historical-archive?product=gld&exchange=NYSE&lang=en,2026-10-09
gld_holdings,2016-07-11,2016-07-12,981.26,https://api.spdrgoldshares.com/api/v1/historical-archive?product=gld&exchange=NYSE&lang=en,2026-10-09
gld_holdings,2016-07-12,2016-07-13,965.22,https://api.spdrgoldshares.com/api/v1/historical-archive?product=gld&exchange=NYSE&lang=en,2026-10-09
gld_holdings,2016-07-13,2016-07-14,965.22,https://api.spdrgoldshares.com/api/v1/historical-archive?product=gld&exchange=NYSE&lang=en,2026-10-09
gld_holdings,2016-07-14,2016-07-15,962.85,https://api.spdrgoldshares.com/api/v1/historical-archive?product=gld&exchange=NYSE&lang=en,2026-10-09
gld_holdings,2016-07-15,2016-07-16,962.85,https://api.spdrgoldshares.com/api/v1/historical-archive?product=gld&exchange=NYSE&lang=en,2026-10-09
gld_holdings,2016-07-18,2016-07-19,965.22,https://api.spdrgoldshares.com/api/v1/historical-archive?product=gld&exchange=NYSE&lang=en,2026-10-09
gld_holdings,2016-07-19,2016-07-20,965.22,https://api.spdrgoldshares.com/api/v1/historical-archive?product=gld&exchange=NYSE&lang=en,2026-10-09
gld_holdings,2016-07-20,2016-07-21,965.22,https://api.spdrgoldshares.com/api/v1/historical-archive?product=gld&exchange=NYSE&lang=en,2026-10-09
gld_holdings,2016-07-21,2016-07-22,963.14,https://api.spdrgoldshares.com/api/v1/historical-archive?product=gld&exchange=NYSE&lang=en,2026-10-09
gld_holdings,2016-07-22,2016-07-23,963.14,https://api.spdrgoldshares.com/api/v1/historical-archive?product=gld&exchange=NYSE&lang=en,2026-10-09
gld_holdings,2016-07-25,2016-07-26,958.69,https://api.spdrgoldshares.com/api/v1/historical-archive?product=gld&exchange=NYSE&lang=en,2026-10-09
gld_holdings,2016-07-26,2016-07-27,954.23,https://api.spdrgoldshares.com/api/v1/historical-archive?product=gld&exchange=NYSE&lang=en,2026-10-09
gld_holdings,2016-07-27,2016-07-28,954.23,https://api.spdrgoldshares.com/api/v1/historical-archive?product=gld&exchange=NYSE&lang=en,2026-10-09
gld_holdings,2016-07-28,2016-07-29,954.23,https://api.spdrgoldshares.com/api/v1/historical-archive?product=gld&exchange=NYSE&lang=en,2026-10-09
gld_holdings,2016-07-29,2016-07-30,958.09,https://api.spdrgoldshares.com/api/v1/historical-archive?product=gld&exchange=NYSE&lang=en,2026-10-09
gld_holdings,2016-08-01,2016-08-02,964.03,https://api.spdrgoldshares.com/api/v1/historical-archive?product=gld&exchange=NYSE&lang=en,2026-10-09
gld_holdings,2016-08-02,2016-08-03,969.97,https://api.spdrgoldshares.com/api/v1/historical-archive?product=gld&exchange=NYSE&lang=en,2026-10-09
gld_holdings,2016-08-03,2016-08-04,969.65,https://api.spdrgoldshares.com/api/v1/historical-archive?product=gld&exchange=NYSE&lang=en,2026-10-09
gld_holdings,2016-08-04,2016-08-05,973.21,https://api.spdrgoldshares.com/api/v1/historical-archive?product=gld&exchange=NYSE&lang=en,2026-10-09
gld_holdings,2016-08-05,2016-08-06,980.34,https://api.spdrgoldshares.com/api/v1/historical-archive?product=gld&exchange=NYSE&lang=en,2026-10-09
gld_holdings,2016-08-08,2016-08-09,973.81,https://api.spdrgoldshares.com/api/v1/historical-archive?product=gld&exchange=NYSE&lang=en,2026-10-09
gld_holdings,2016-08-09,2016-08-10,972.62,https://api.spdrgoldshares.com/api/v1/historical-archive?product=gld&exchange=NYSE&lang=en,2026-10-09
gld_holdings,2016-08-10,2016-08-11,972.62,https://api.spdrgoldshares.com/api/v1/historical-archive?product=gld&exchange=NYSE&lang=en,2026-10-09
gld_holdings,2016-08-11,2016-08-12,972.32,https://api.spdrgoldshares.com/api/v1/historical-archive?product=gld&exchange=NYSE&lang=en,2026-10-09
gld_holdings,2016-08-12,2016-08-13,960.45,https://api.spdrgoldshares.com/api/v1/historical-archive?product=gld&exchange=NYSE&lang=en,2026-10-09
gld_holdings,2016-08-15,2016-08-16,960.45,https://api.spdrgoldshares.com/api/v1/historical-archive?product=gld&exchange=NYSE&lang=en,2026-10-09
gld_holdings,2016-08-16,2016-08-17,962.23,https://api.spdrgoldshares.com/api/v1/historical-archive?product=gld&exchange=NYSE&lang=en,2026-10-09
gld_holdings,2016-08-17,2016-08-18,957.78,https://api.spdrgoldshares.com/api/v1/historical-archive?product=gld&exchange=NYSE&lang=en,2026-10-09
gld_holdings,2016-08-18,2016-08-19,955.99,https://api.spdrgoldshares.com/api/v1/historical-archive?product=gld&exchange=NYSE&lang=en,2026-10-09
gld_holdings,2016-08-19,2016-08-20,955.99,https://api.spdrgoldshares.com/api/v1/historical-archive?product=gld&exchange=NYSE&lang=en,2026-10-09
gld_holdings,2016-08-22,2016-08-23,958.37,https://api.spdrgoldshares.com/api/v1/historical-archive?product=gld&exchange=NYSE&lang=en,2026-10-09
gld_holdings,2016-08-23,2016-08-24,958.37,https://api.spdrgoldshares.com/api/v1/historical-archive?product=gld&exchange=NYSE&lang=en,2026-10-09
gld_holdings,2016-08-24,2016-08-25,958.37,https://api.spdrgoldshares.com/api/v1/historical-archive?product=gld&exchange=NYSE&lang=en,2026-10-09
gld_holdings,2016-08-25,2016-08-26,956.59,https://api.spdrgoldshares.com/api/v1/historical-archive?product=gld&exchange=NYSE&lang=en,2026-10-09
gld_holdings,2016-08-26,2016-08-27,956.59,https://api.spdrgoldshares.com/api/v1/historical-archive?product=gld&exchange=NYSE&lang=en,2026-10-09
gld_holdings,2016-08-29,2016-08-30,956.59,https://api.spdrgoldshares.com/api/v1/historical-archive?product=gld&exchange=NYSE&lang=en,2026-10-09
gld_holdings,2016-08-30,2016-08-31,955.4,https://api.spdrgoldshares.com/api/v1/historical-archive?product=gld&exchange=NYSE&lang=en,2026-10-09
gld_holdings,2016-08-31,2016-09-01,943.23,https://api.spdrgoldshares.com/api/v1/historical-archive?product=gld&exchange=NYSE&lang=en,2026-10-09
gld_holdings,2016-09-01,2016-09-02,937.89,https://api.spdrgoldshares.com/api/v1/historical-archive?product=gld&exchange=NYSE&lang=en,2026-10-09
gld_holdings,2016-09-02,2016-09-03,937.89,https://api.spdrgoldshares.com/api/v1/historical-archive?product=gld&exchange=NYSE&lang=en,2026-10-09
gld_holdings,2016-09-06,2016-09-07,952.14,https://api.spdrgoldshares.com/api/v1/historical-archive?product=gld&exchange=NYSE&lang=en,2026-10-09
gld_holdings,2016-09-07,2016-09-08,951.81,https://api.spdrgoldshares.com/api/v1/historical-archive?product=gld&exchange=NYSE&lang=en,2026-10-09
gld_holdings,2016-09-08,2016-09-09,950.62,https://api.spdrgoldshares.com/api/v1/historical-archive?product=gld&exchange=NYSE&lang=en,2026-10-09
gld_holdings,2016-09-09,2016-09-10,939.94,https://api.spdrgoldshares.com/api/v1/historical-archive?product=gld&exchange=NYSE&lang=en,2026-10-09
gld_holdings,2016-09-12,2016-09-13,939.94,https://api.spdrgoldshares.com/api/v1/historical-archive?product=gld&exchange=NYSE&lang=en,2026-10-09
gld_holdings,2016-09-13,2016-09-14,935.49,https://api.spdrgoldshares.com/api/v1/historical-archive?product=gld&exchange=NYSE&lang=en,2026-10-09
gld_holdings,2016-09-14,2016-09-15,935.49,https://api.spdrgoldshares.com/api/v1/historical-archive?product=gld&exchange=NYSE&lang=en,2026-10-09
gld_holdings,2016-09-15,2016-09-16,932.22,https://api.spdrgoldshares.com/api/v1/historical-archive?product=gld&exchange=NYSE&lang=en,2026-10-09
gld_holdings,2016-09-16,2016-09-17,942.61,https://api.spdrgoldshares.com/api/v1/historical-archive?product=gld&exchange=NYSE&lang=en,2026-10-09
gld_holdings,2016-09-19,2016-09-20,942.61,https://api.spdrgoldshares.com/api/v1/historical-archive?product=gld&exchange=NYSE&lang=en,2026-10-09
gld_holdings,2016-09-20,2016-09-21,938.75,https://api.spdrgoldshares.com/api/v1/historical-archive?product=gld&exchange=NYSE&lang=en,2026-10-09
gld_holdings,2016-09-21,2016-09-22,944.39,https://api.spdrgoldshares.com/api/v1/historical-archive?product=gld&exchange=NYSE&lang=en,2026-10-09
gld_holdings,2016-09-22,2016-09-23,950.92,https://api.spdrgoldshares.com/api/v1/historical-archive?product=gld&exchange=NYSE&lang=en,2026-10-09
gld_holdings,2016-09-23,2016-09-24,951.22,https://api.spdrgoldshares.com/api/v1/historical-archive?product=gld&exchange=NYSE&lang=en,2026-10-09
gld_holdings,2016-09-26,2016-09-27,951.22,https://api.spdrgoldshares.com/api/v1/historical-archive?product=gld&exchange=NYSE&lang=en,2026-10-09
gld_holdings,2016-09-27,2016-09-28,949.14,https://api.spdrgoldshares.com/api/v1/historical-archive?product=gld&exchange=NYSE&lang=en,2026-10-09
gld_holdings,2016-09-28,2016-09-29,949.14,https://api.spdrgoldshares.com/api/v1/historical-archive?product=gld&exchange=NYSE&lang=en,2026-10-09
gld_holdings,2016-09-29,2016-09-30,949.14,https://api.spdrgoldshares.com/api/v1/historical-archive?product=gld&exchange=NYSE&lang=en,2026-10-09
gld_holdings,2016-09-30,2016-10-01,947.95,https://api.spdrgoldshares.com/api/v1/historical-archive?product=gld&exchange=NYSE&lang=en,2026-10-09
gld_holdings,2016-10-03,2016-10-04,947.95,https://api.spdrgoldshares.com/api/v1/historical-archive?product=gld&exchange=NYSE&lang=en,2026-10-09
gld_holdings,2016-10-04,2016-10-05,947.95,https://api.spdrgoldshares.com/api/v1/historical-archive?product=gld&exchange=NYSE&lang=en,2026-10-09
gld_holdings,2016-10-05,2016-10-06,947.63,https://api.spdrgoldshares.com/api/v1/historical-archive?product=gld&exchange=NYSE&lang=en,2026-10-09
gld_holdings,2016-10-06,2016-10-07,947.63,https://api.spdrgoldshares.com/api/v1/historical-archive?product=gld&exchange=NYSE&lang=en,2026-10-09
gld_holdings,2016-10-07,2016-10-08,958.9,https://api.spdrgoldshares.com/api/v1/historical-archive?product=gld&exchange=NYSE&lang=en,2026-10-09
gld_holdings,2016-10-10,2016-10-11,958.9,https://api.spdrgoldshares.com/api/v1/historical-archive?product=gld&exchange=NYSE&lang=en,2026-10-09
gld_holdings,2016-10-11,2016-10-12,958.9,https://api.spdrgoldshares.com/api/v1/historical-archive?product=gld&exchange=NYSE&lang=en,2026-10-09
gld_holdings,2016-10-12,2016-10-13,958.9,https://api.spdrgoldshares.com/api/v1/historical-archive?product=gld&exchange=NYSE&lang=en,2026-10-09
gld_holdings,2016-10-13,2016-10-14,961.57,https://api.spdrgoldshares.com/api/v1/historical-archive?product=gld&exchange=NYSE&lang=en,2026-10-09
gld_holdings,2016-10-14,2016-10-15,965.43,https://api.spdrgoldshares.com/api/v1/historical-archive?product=gld&exchange=NYSE&lang=en,2026-10-09
gld_holdings,2016-10-17,2016-10-18,967.21,https://api.spdrgoldshares.com/api/v1/historical-archive?product=gld&exchange=NYSE&lang=en,2026-10-09
gld_holdings,2016-10-18,2016-10-19,967.21,https://api.spdrgoldshares.com/api/v1/historical-archive?product=gld&exchange=NYSE&lang=en,2026-10-09
gld_holdings,2016-10-19,2016-10-20,967.21,https://api.spdrgoldshares.com/api/v1/historical-archive?product=gld&exchange=NYSE&lang=en,2026-10-09
gld_holdings,2016-10-20,2016-10-21,970.17,https://api.spdrgoldshares.com/api/v1/historical-archive?product=gld&exchange=NYSE&lang=en,2026-10-09
gld_holdings,2016-10-21,2016-10-22,953.56,https://api.spdrgoldshares.com/api/v1/historical-archive?product=gld&exchange=NYSE&lang=en,2026-10-09
gld_holdings,2016-10-24,2016-10-25,953.56,https://api.spdrgoldshares.com/api/v1/historical-archive?product=gld&exchange=NYSE&lang=en,2026-10-09
gld_holdings,2016-10-25,2016-10-26,956.83,https://api.spdrgoldshares.com/api/v1/historical-archive?product=gld&exchange=NYSE&lang=en,2026-10-09
gld_holdings,2016-10-26,2016-10-27,942.59,https://api.spdrgoldshares.com/api/v1/historical-archive?product=gld&exchange=NYSE&lang=en,2026-10-09
gld_holdings,2016-10-27,2016-10-28,942.59,https://api.spdrgoldshares.com/api/v1/historical-archive?product=gld&exchange=NYSE&lang=en,2026-10-09
gld_holdings,2016-10-28,2016-10-29,942.59,https://api.spdrgoldshares.com/api/v1/historical-archive?product=gld&exchange=NYSE&lang=en,2026-10-09
gld_holdings,2016-10-31,2016-11-01,942.59,https://api.spdrgoldshares.com/api/v1/historical-archive?product=gld&exchange=NYSE&lang=en,2026-10-09
gld_holdings,2016-11-01,2016-11-02,945.26,https://api.spdrgoldshares.com/api/v1/historical-archive?product=gld&exchange=NYSE&lang=en,2026-10-09
gld_holdings,2016-11-02,2016-11-03,945.26,https://api.spdrgoldshares.com/api/v1/historical-archive?product=gld&exchange=NYSE&lang=en,2026-10-09
gld_holdings,2016-11-03,2016-11-04,949.69,https://api.spdrgoldshares.com/api/v1/historical-archive?product=gld&exchange=NYSE&lang=en,2026-10-09
gld_holdings,2016-11-04,2016-11-05,949.69,https://api.spdrgoldshares.com/api/v1/historical-archive?product=gld&exchange=NYSE&lang=en,2026-10-09
gld_holdings,2016-11-07,2016-11-08,949.69,https://api.spdrgoldshares.com/api/v1/historical-archive?product=gld&exchange=NYSE&lang=en,2026-10-09
gld_holdings,2016-11-08,2016-11-09,949.69,https://api.spdrgoldshares.com/api/v1/historical-archive?product=gld&exchange=NYSE&lang=en,2026-10-09
gld_holdings,2016-11-09,2016-11-10,955.03,https://api.spdrgoldshares.com/api/v1/historical-archive?product=gld&exchange=NYSE&lang=en,2026-10-09
gld_holdings,2016-11-10,2016-11-11,941.68,https://api.spdrgoldshares.com/api/v1/historical-archive?product=gld&exchange=NYSE&lang=en,2026-10-09
gld_holdings,2016-11-11,2016-11-12,934.56,https://api.spdrgoldshares.com/api/v1/historical-archive?product=gld&exchange=NYSE&lang=en,2026-10-09
gld_holdings,2016-11-14,2016-11-15,928.93,https://api.spdrgoldshares.com/api/v1/historical-archive?product=gld&exchange=NYSE&lang=en,2026-10-09
gld_holdings,2016-11-15,2016-11-16,927.45,https://api.spdrgoldshares.com/api/v1/historical-archive?product=gld&exchange=NYSE&lang=en,2026-10-09
gld_holdings,2016-11-16,2016-11-17,926.26,https://api.spdrgoldshares.com/api/v1/historical-archive?product=gld&exchange=NYSE&lang=en,2026-10-09
gld_holdings,2016-11-17,2016-11-18,920.63,https://api.spdrgoldshares.com/api/v1/historical-archive?product=gld&exchange=NYSE&lang=en,2026-10-09
gld_holdings,2016-11-18,2016-11-19,915.29,https://api.spdrgoldshares.com/api/v1/historical-archive?product=gld&exchange=NYSE&lang=en,2026-10-09
gld_holdings,2016-11-21,2016-11-22,908.76,https://api.spdrgoldshares.com/api/v1/historical-archive?product=gld&exchange=NYSE&lang=en,2026-10-09
gld_holdings,2016-11-22,2016-11-23,904.91,https://api.spdrgoldshares.com/api/v1/historical-archive?product=gld&exchange=NYSE&lang=en,2026-10-09
gld_holdings,2016-11-23,2016-11-24,891.57,https://api.spdrgoldshares.com/api/v1/historical-archive?product=gld&exchange=NYSE&lang=en,2026-10-09
gld_holdings,2016-11-25,2016-11-26,885.04,https://api.spdrgoldshares.com/api/v1/historical-archive?product=gld&exchange=NYSE&lang=en,2026-10-09
gld_holdings,2016-11-28,2016-11-29,885.04,https://api.spdrgoldshares.com/api/v1/historical-archive?product=gld&exchange=NYSE&lang=en,2026-10-09
gld_holdings,2016-11-29,2016-11-30,885.04,https://api.spdrgoldshares.com/api/v1/historical-archive?product=gld&exchange=NYSE&lang=en,2026-10-09
gld_holdings,2016-11-30,2016-12-01,883.86,https://api.spdrgoldshares.com/api/v1/historical-archive?product=gld&exchange=NYSE&lang=en,2026-10-09
gld_holdings,2016-12-01,2016-12-02,870.22,https://api.spdrgoldshares.com/api/v1/historical-archive?product=gld&exchange=NYSE&lang=en,2026-10-09
gld_holdings,2016-12-02,2016-12-03,870.22,https://api.spdrgoldshares.com/api/v1/historical-archive?product=gld&exchange=NYSE&lang=en,2026-10-09
gld_holdings,2016-12-05,2016-12-06,869.9,https://api.spdrgoldshares.com/api/v1/historical-archive?product=gld&exchange=NYSE&lang=en,2026-10-09
gld_holdings,2016-12-06,2016-12-07,869.9,https://api.spdrgoldshares.com/api/v1/historical-archive?product=gld&exchange=NYSE&lang=en,2026-10-09
gld_holdings,2016-12-07,2016-12-08,863.67,https://api.spdrgoldshares.com/api/v1/historical-archive?product=gld&exchange=NYSE&lang=en,2026-10-09
gld_holdings,2016-12-08,2016-12-09,860.71,https://api.spdrgoldshares.com/api/v1/historical-archive?product=gld&exchange=NYSE&lang=en,2026-10-09
gld_holdings,2016-12-09,2016-12-10,857.45,https://api.spdrgoldshares.com/api/v1/historical-archive?product=gld&exchange=NYSE&lang=en,2026-10-09
gld_holdings,2016-12-12,2016-12-13,856.26,https://api.spdrgoldshares.com/api/v1/historical-archive?product=gld&exchange=NYSE&lang=en,2026-10-09
gld_holdings,2016-12-13,2016-12-14,856.26,https://api.spdrgoldshares.com/api/v1/historical-archive?product=gld&exchange=NYSE&lang=en,2026-10-09
gld_holdings,2016-12-14,2016-12-15,849.44,https://api.spdrgoldshares.com/api/v1/historical-archive?product=gld&exchange=NYSE&lang=en,2026-10-09
gld_holdings,2016-12-15,2016-12-16,842.33,https://api.spdrgoldshares.com/api/v1/historical-archive?product=gld&exchange=NYSE&lang=en,2026-10-09
gld_holdings,2016-12-16,2016-12-17,836.99,https://api.spdrgoldshares.com/api/v1/historical-archive?product=gld&exchange=NYSE&lang=en,2026-10-09
gld_holdings,2016-12-19,2016-12-20,828.1,https://api.spdrgoldshares.com/api/v1/historical-archive?product=gld&exchange=NYSE&lang=en,2026-10-09
gld_holdings,2016-12-20,2016-12-21,828.1,https://api.spdrgoldshares.com/api/v1/historical-archive?product=gld&exchange=NYSE&lang=en,2026-10-09
gld_holdings,2016-12-21,2016-12-22,824.54,https://api.spdrgoldshares.com/api/v1/historical-archive?product=gld&exchange=NYSE&lang=en,2026-10-09
gld_holdings,2016-12-22,2016-12-23,824.54,https://api.spdrgoldshares.com/api/v1/historical-archive?product=gld&exchange=NYSE&lang=en,2026-10-09
gld_holdings,2016-12-23,2016-12-24,824.54,https://api.spdrgoldshares.com/api/v1/historical-archive?product=gld&exchange=NYSE&lang=en,2026-10-09
gld_holdings,2016-12-27,2016-12-28,823.36,https://api.spdrgoldshares.com/api/v1/historical-archive?product=gld&exchange=NYSE&lang=en,2026-10-09
gld_holdings,2016-12-28,2016-12-29,823.36,https://api.spdrgoldshares.com/api/v1/historical-archive?product=gld&exchange=NYSE&lang=en,2026-10-09
gld_holdings,2016-12-29,2016-12-30,823.36,https://api.spdrgoldshares.com/api/v1/historical-archive?product=gld&exchange=NYSE&lang=en,2026-10-09
gld_holdings,2016-12-30,2016-12-31,822.17,https://api.spdrgoldshares.com/api/v1/historical-archive?product=gld&exchange=NYSE&lang=en,2026-10-09
gld_holdings,2017-01-03,2017-01-04,813.87,https://api.spdrgoldshares.com/api/v1/historical-archive?product=gld&exchange=NYSE&lang=en,2026-10-09
gld_holdings,2017-01-04,2017-01-05,813.87,https://api.spdrgoldshares.com/api/v1/historical-archive?product=gld&exchange=NYSE&lang=en,2026-10-09
gld_holdings,2017-01-05,2017-01-06,813.59,https://api.spdrgoldshares.com/api/v1/historical-archive?product=gld&exchange=NYSE&lang=en,2026-10-09
gld_holdings,2017-01-06,2017-01-07,813.59,https://api.spdrgoldshares.com/api/v1/historical-archive?product=gld&exchange=NYSE&lang=en,2026-10-09
gld_holdings,2017-01-09,2017-01-10,805.0,https://api.spdrgoldshares.com/api/v1/historical-archive?product=gld&exchange=NYSE&lang=en,2026-10-09
gld_holdings,2017-01-10,2017-01-11,805.0,https://api.spdrgoldshares.com/api/v1/historical-archive?product=gld&exchange=NYSE&lang=en,2026-10-09
gld_holdings,2017-01-11,2017-01-12,805.0,https://api.spdrgoldshares.com/api/v1/historical-archive?product=gld&exchange=NYSE&lang=en,2026-10-09
gld_holdings,2017-01-12,2017-01-13,805.0,https://api.spdrgoldshares.com/api/v1/historical-archive?product=gld&exchange=NYSE&lang=en,2026-10-09
gld_holdings,2017-01-13,2017-01-14,807.96,https://api.spdrgoldshares.com/api/v1/historical-archive?product=gld&exchange=NYSE&lang=en,2026-10-09
gld_holdings,2017-01-17,2017-01-18,807.96,https://api.spdrgoldshares.com/api/v1/historical-archive?product=gld&exchange=NYSE&lang=en,2026-10-09
gld_holdings,2017-01-18,2017-01-19,807.96,https://api.spdrgoldshares.com/api/v1/historical-archive?product=gld&exchange=NYSE&lang=en,2026-10-09
gld_holdings,2017-01-19,2017-01-20,807.96,https://api.spdrgoldshares.com/api/v1/historical-archive?product=gld&exchange=NYSE&lang=en,2026-10-09
gld_holdings,2017-01-20,2017-01-21,809.15,https://api.spdrgoldshares.com/api/v1/historical-archive?product=gld&exchange=NYSE&lang=en,2026-10-09
gld_holdings,2017-01-23,2017-01-24,807.07,https://api.spdrgoldshares.com/api/v1/historical-archive?product=gld&exchange=NYSE&lang=en,2026-10-09
gld_holdings,2017-01-24,2017-01-25,804.11,https://api.spdrgoldshares.com/api/v1/historical-archive?product=gld&exchange=NYSE&lang=en,2026-10-09
gld_holdings,2017-01-25,2017-01-26,799.07,https://api.spdrgoldshares.com/api/v1/historical-archive?product=gld&exchange=NYSE&lang=en,2026-10-09
gld_holdings,2017-01-26,2017-01-27,799.07,https://api.spdrgoldshares.com/api/v1/historical-archive?product=gld&exchange=NYSE&lang=en,2026-10-09
gld_holdings,2017-01-27,2017-01-28,799.07,https://api.spdrgoldshares.com/api/v1/historical-archive?product=gld&exchange=NYSE&lang=en,2026-10-09
gld_holdings,2017-01-30,2017-01-31,799.07,https://api.spdrgoldshares.com/api/v1/historical-archive?product=gld&exchange=NYSE&lang=en,2026-10-09
gld_holdings,2017-01-31,2017-02-01,799.07,https://api.spdrgoldshares.com/api/v1/historical-archive?product=gld&exchange=NYSE&lang=en,2026-10-09
gld_holdings,2017-02-01,2017-02-02,809.74,https://api.spdrgoldshares.com/api/v1/historical-archive?product=gld&exchange=NYSE&lang=en,2026-10-09
gld_holdings,2017-02-02,2017-02-03,811.22,https://api.spdrgoldshares.com/api/v1/historical-archive?product=gld&exchange=NYSE&lang=en,2026-10-09
gld_holdings,2017-02-03,2017-02-04,814.5,https://api.spdrgoldshares.com/api/v1/historical-archive?product=gld&exchange=NYSE&lang=en,2026-10-09
gld_holdings,2017-02-06,2017-02-07,818.65,https://api.spdrgoldshares.com/api/v1/historical-archive?product=gld&exchange=NYSE&lang=en,2026-10-09
gld_holdings,2017-02-07,2017-02-08,826.95,https://api.spdrgoldshares.com/api/v1/historical-archive?product=gld&exchange=NYSE&lang=en,2026-10-09
gld_holdings,2017-02-08,2017-02-09,832.58,https://api.spdrgoldshares.com/api/v1/historical-archive?product=gld&exchange=NYSE&lang=en,2026-10-09
gld_holdings,2017-02-09,2017-02-10,832.58,https://api.spdrgoldshares.com/api/v1/historical-archive?product=gld&exchange=NYSE&lang=en,2026-10-09
gld_holdings,2017-02-10,2017-02-11,836.72,https://api.spdrgoldshares.com/api/v1/historical-archive?product=gld&exchange=NYSE&lang=en,2026-10-09
gld_holdings,2017-02-13,2017-02-14,840.87,https://api.spdrgoldshares.com/api/v1/historical-archive?product=gld&exchange=NYSE&lang=en,2026-10-09
gld_holdings,2017-02-14,2017-02-15,840.87,https://api.spdrgoldshares.com/api/v1/historical-archive?product=gld&exchange=NYSE&lang=en,2026-10-09
gld_holdings,2017-02-15,2017-02-16,843.54,https://api.spdrgoldshares.com/api/v1/historical-archive?product=gld&exchange=NYSE&lang=en,2026-10-09
gld_holdings,2017-02-16,2017-02-17,843.54,https://api.spdrgoldshares.com/api/v1/historical-archive?product=gld&exchange=NYSE&lang=en,2026-10-09
gld_holdings,2017-02-17,2017-02-18,841.17,https://api.spdrgoldshares.com/api/v1/historical-archive?product=gld&exchange=NYSE&lang=en,2026-10-09
gld_holdings,2017-02-21,2017-02-22,841.17,https://api.spdrgoldshares.com/api/v1/historical-archive?product=gld&exchange=NYSE&lang=en,2026-10-09
gld_holdings,2017-02-22,2017-02-23,841.17,https://api.spdrgoldshares.com/api/v1/historical-archive?product=gld&exchange=NYSE&lang=en,2026-10-09
gld_holdings,2017-02-23,2017-02-24,841.17,https://api.spdrgoldshares.com/api/v1/historical-archive?product=gld&exchange=NYSE&lang=en,2026-10-09
gld_holdings,2017-02-24,2017-02-25,841.17,https://api.spdrgoldshares.com/api/v1/historical-archive?product=gld&exchange=NYSE&lang=en,2026-10-09
gld_holdings,2017-02-27,2017-02-28,841.17,https://api.spdrgoldshares.com/api/v1/historical-archive?product=gld&exchange=NYSE&lang=en,2026-10-09
gld_holdings,2017-02-28,2017-03-01,841.17,https://api.spdrgoldshares.com/api/v1/historical-archive?product=gld&exchange=NYSE&lang=en,2026-10-09
gld_holdings,2017-03-01,2017-03-02,843.54,https://api.spdrgoldshares.com/api/v1/historical-archive?product=gld&exchange=NYSE&lang=en,2026-10-09
gld_holdings,2017-03-02,2017-03-03,845.32,https://api.spdrgoldshares.com/api/v1/historical-archive?product=gld&exchange=NYSE&lang=en,2026-10-09
gld_holdings,2017-03-03,2017-03-04,840.58,https://api.spdrgoldshares.com/api/v1/historical-archive?product=gld&exchange=NYSE&lang=en,2026-10-09
gld_holdings,2017-03-06,2017-03-07,836.77,https://api.spdrgoldshares.com/api/v1/historical-archive?product=gld&exchange=NYSE&lang=en,2026-10-09
gld_holdings,2017-03-07,2017-03-08,836.77,https://api.spdrgoldshares.com/api/v1/historical-archive?product=gld&exchange=NYSE&lang=en,2026-10-09
gld_holdings,2017-03-08,2017-03-09,836.77,https://api.spdrgoldshares.com/api/v1/historical-archive?product=gld&exchange=NYSE&lang=en,2026-10-09
gld_holdings,2017-03-09,2017-03-10,834.1,https://api.spdrgoldshares.com/api/v1/historical-archive?product=gld&exchange=NYSE&lang=en,2026-10-09
gld_holdings,2017-03-10,2017-03-11,825.22,https://api.spdrgoldshares.com/api/v1/historical-archive?product=gld&exchange=NYSE&lang=en,2026-10-09
gld_holdings,2017-03-13,2017-03-14,832.03,https://api.spdrgoldshares.com/api/v1/historical-archive?product=gld&exchange=NYSE&lang=en,2026-10-09
gld_holdings,2017-03-14,2017-03-15,834.99,https://api.spdrgoldshares.com/api/v1/historical-archive?product=gld&exchange=NYSE&lang=en,2026-10-09
gld_holdings,2017-03-15,2017-03-16,839.43,https://api.spdrgoldshares.com/api/v1/historical-archive?product=gld&exchange=NYSE&lang=en,2026-10-09
gld_holdings,2017-03-16,2017-03-17,837.06,https://api.spdrgoldshares.com/api/v1/historical-archive?product=gld&exchange=NYSE&lang=en,2026-10-09
gld_holdings,2017-03-17,2017-03-18,834.1,https://api.spdrgoldshares.com/api/v1/historical-archive?product=gld&exchange=NYSE&lang=en,2026-10-09
gld_holdings,2017-03-20,2017-03-21,830.25,https://api.spdrgoldshares.com/api/v1/historical-archive?product=gld&exchange=NYSE&lang=en,2026-10-09
gld_holdings,2017-03-21,2017-03-22,834.4,https://api.spdrgoldshares.com/api/v1/historical-archive?product=gld&exchange=NYSE&lang=en,2026-10-09
gld_holdings,2017-03-22,2017-03-23,834.4,https://api.spdrgoldshares.com/api/v1/historical-archive?product=gld&exchange=NYSE&lang=en,2026-10-09
gld_holdings,2017-03-23,2017-03-24,834.4,https://api.spdrgoldshares.com/api/v1/historical-archive?product=gld&exchange=NYSE&lang=en,2026-10-09
gld_holdings,2017-03-24,2017-03-25,832.62,https://api.spdrgoldshares.com/api/v1/historical-archive?product=gld&exchange=NYSE&lang=en,2026-10-09
gld_holdings,2017-03-27,2017-03-28,835.28,https://api.spdrgoldshares.com/api/v1/historical-archive?product=gld&exchange=NYSE&lang=en,2026-10-09
gld_holdings,2017-03-28,2017-03-29,833.51,https://api.spdrgoldshares.com/api/v1/historical-archive?product=gld&exchange=NYSE&lang=en,2026-10-09
gld_holdings,2017-03-29,2017-03-30,833.51,https://api.spdrgoldshares.com/api/v1/historical-archive?product=gld&exchange=NYSE&lang=en,2026-10-09
gld_holdings,2017-03-30,2017-03-31,832.32,https://api.spdrgoldshares.com/api/v1/historical-archive?product=gld&exchange=NYSE&lang=en,2026-10-09
gld_holdings,2017-03-31,2017-04-01,832.32,https://api.spdrgoldshares.com/api/v1/historical-archive?product=gld&exchange=NYSE&lang=en,2026-10-09
gld_holdings,2017-04-03,2017-04-04,836.77,https://api.spdrgoldshares.com/api/v1/historical-archive?product=gld&exchange=NYSE&lang=en,2026-10-09
gld_holdings,2017-04-04,2017-04-05,836.77,https://api.spdrgoldshares.com/api/v1/historical-archive?product=gld&exchange=NYSE&lang=en,2026-10-09
gld_holdings,2017-04-05,2017-04-06,836.77,https://api.spdrgoldshares.com/api/v1/historical-archive?product=gld&exchange=NYSE&lang=en,2026-10-09
gld_holdings,2017-04-06,2017-04-07,836.77,https://api.spdrgoldshares.com/api/v1/historical-archive?product=gld&exchange=NYSE&lang=en,2026-10-09
gld_holdings,2017-04-07,2017-04-08,836.49,https://api.spdrgoldshares.com/api/v1/historical-archive?product=gld&exchange=NYSE&lang=en,2026-10-09
gld_holdings,2017-04-10,2017-04-11,838.26,https://api.spdrgoldshares.com/api/v1/historical-archive?product=gld&exchange=NYSE&lang=en,2026-10-09
gld_holdings,2017-04-11,2017-04-12,842.41,https://api.spdrgoldshares.com/api/v1/historical-archive?product=gld&exchange=NYSE&lang=en,2026-10-09
gld_holdings,2017-04-12,2017-04-13,842.41,https://api.spdrgoldshares.com/api/v1/historical-archive?product=gld&exchange=NYSE&lang=en,2026-10-09
gld_holdings,2017-04-13,2017-04-14,848.92,https://api.spdrgoldshares.com/api/v1/historical-archive?product=gld&exchange=NYSE&lang=en,2026-10-09
gld_holdings,2017-04-17,2017-04-18,848.92,https://api.spdrgoldshares.com/api/v1/historical-archive?product=gld&exchange=NYSE&lang=en,2026-10-09
gld_holdings,2017-04-18,2017-04-19,848.92,https://api.spdrgoldshares.com/api/v1/historical-archive?product=gld&exchange=NYSE&lang=en,2026-10-09
gld_holdings,2017-04-19,2017-04-20,860.76,https://api.spdrgoldshares.com/api/v1/historical-archive?product=gld&exchange=NYSE&lang=en,2026-10-09
gld_holdings,2017-04-20,2017-04-21,854.25,https://api.spdrgoldshares.com/api/v1/historical-archive?product=gld&exchange=NYSE&lang=en,2026-10-09
gld_holdings,2017-04-21,2017-04-22,858.69,https://api.spdrgoldshares.com/api/v1/historical-archive?product=gld&exchange=NYSE&lang=en,2026-10-09
gld_holdings,2017-04-24,2017-04-25,860.17,https://api.spdrgoldshares.com/api/v1/historical-archive?product=gld&exchange=NYSE&lang=en,2026-10-09
gld_holdings,2017-04-25,2017-04-26,854.25,https://api.spdrgoldshares.com/api/v1/historical-archive?product=gld&exchange=NYSE&lang=en,2026-10-09
gld_holdings,2017-04-26,2017-04-27,854.25,https://api.spdrgoldshares.com/api/v1/historical-archive?product=gld&exchange=NYSE&lang=en,2026-10-09
gld_holdings,2017-04-27,2017-04-28,853.36,https://api.spdrgoldshares.com/api/v1/historical-archive?product=gld&exchange=NYSE&lang=en,2026-10-09
gld_holdings,2017-04-28,2017-04-29,853.36,https://api.spdrgoldshares.com/api/v1/historical-archive?product=gld&exchange=NYSE&lang=en,2026-10-09
gld_holdings,2017-05-01,2017-05-02,853.36,https://api.spdrgoldshares.com/api/v1/historical-archive?product=gld&exchange=NYSE&lang=en,2026-10-09
gld_holdings,2017-05-02,2017-05-03,853.36,https://api.spdrgoldshares.com/api/v1/historical-archive?product=gld&exchange=NYSE&lang=en,2026-10-09
gld_holdings,2017-05-03,2017-05-04,853.36,https://api.spdrgoldshares.com/api/v1/historical-archive?product=gld&exchange=NYSE&lang=en,2026-10-09
gld_holdings,2017-05-04,2017-05-05,853.08,https://api.spdrgoldshares.com/api/v1/historical-archive?product=gld&exchange=NYSE&lang=en,2026-10-09
gld_holdings,2017-05-05,2017-05-06,853.08,https://api.spdrgoldshares.com/api/v1/historical-archive?product=gld&exchange=NYSE&lang=en,2026-10-09
gld_holdings,2017-05-08,2017-05-09,851.89,https://api.spdrgoldshares.com/api/v1/historical-archive?product=gld&exchange=NYSE&lang=en,2026-10-09
gld_holdings,2017-05-09,2017-05-10,851.89,https://api.spdrgoldshares.com/api/v1/historical-archive?product=gld&exchange=NYSE&lang=en,2026-10-09
gld_holdings,2017-05-10,2017-05-11,851.89,https://api.spdrgoldshares.com/api/v1/historical-archive?product=gld&exchange=NYSE&lang=en,2026-10-09
gld_holdings,2017-05-11,2017-05-12,851.89,https://api.spdrgoldshares.com/api/v1/historical-archive?product=gld&exchange=NYSE&lang=en,2026-10-09
gld_holdings,2017-05-12,2017-05-13,851.89,https://api.spdrgoldshares.com/api/v1/historical-archive?product=gld&exchange=NYSE&lang=en,2026-10-09
gld_holdings,2017-05-15,2017-05-16,851.89,https://api.spdrgoldshares.com/api/v1/historical-archive?product=gld&exchange=NYSE&lang=en,2026-10-09
gld_holdings,2017-05-16,2017-05-17,851.89,https://api.spdrgoldshares.com/api/v1/historical-archive?product=gld&exchange=NYSE&lang=en,2026-10-09
gld_holdings,2017-05-17,2017-05-18,851.89,https://api.spdrgoldshares.com/api/v1/historical-archive?product=gld&exchange=NYSE&lang=en,2026-10-09
gld_holdings,2017-05-18,2017-05-19,850.71,https://api.spdrgoldshares.com/api/v1/historical-archive?product=gld&exchange=NYSE&lang=en,2026-10-09
gld_holdings,2017-05-19,2017-05-20,850.71,https://api.spdrgoldshares.com/api/v1/historical-archive?product=gld&exchange=NYSE&lang=en,2026-10-09
gld_holdings,2017-05-22,2017-05-23,852.48,https://api.spdrgoldshares.com/api/v1/historical-archive?product=gld&exchange=NYSE&lang=en,2026-10-09
gld_holdings,2017-05-23,2017-05-24,847.45,https://api.spdrgoldshares.com/api/v1/historical-archive?product=gld&exchange=NYSE&lang=en,2026-10-09
gld_holdings,2017-05-24,2017-05-25,847.45,https://api.spdrgoldshares.com/api/v1/historical-archive?product=gld&exchange=NYSE&lang=en,2026-10-09
gld_holdings,2017-05-25,2017-05-26,847.45,https://api.spdrgoldshares.com/api/v1/historical-archive?product=gld&exchange=NYSE&lang=en,2026-10-09
gld_holdings,2017-05-26,2017-05-27,847.45,https://api.spdrgoldshares.com/api/v1/historical-archive?product=gld&exchange=NYSE&lang=en,2026-10-09
gld_holdings,2017-05-30,2017-05-31,847.45,https://api.spdrgoldshares.com/api/v1/historical-archive?product=gld&exchange=NYSE&lang=en,2026-10-09
gld_holdings,2017-05-31,2017-06-01,847.45,https://api.spdrgoldshares.com/api/v1/historical-archive?product=gld&exchange=NYSE&lang=en,2026-10-09
gld_holdings,2017-06-01,2017-06-02,847.45,https://api.spdrgoldshares.com/api/v1/historical-archive?product=gld&exchange=NYSE&lang=en,2026-10-09
gld_holdings,2017-06-02,2017-06-03,851.0,https://api.spdrgoldshares.com/api/v1/historical-archive?product=gld&exchange=NYSE&lang=en,2026-10-09
gld_holdings,2017-06-05,2017-06-06,851.0,https://api.spdrgoldshares.com/api/v1/historical-archive?product=gld&exchange=NYSE&lang=en,2026-10-09
gld_holdings,2017-06-06,2017-06-07,855.16,https://api.spdrgoldshares.com/api/v1/historical-archive?product=gld&exchange=NYSE&lang=en,2026-10-09
gld_holdings,2017-06-07,2017-06-08,864.93,https://api.spdrgoldshares.com/api/v1/historical-archive?product=gld&exchange=NYSE&lang=en,2026-10-09
gld_holdings,2017-06-08,2017-06-09,867.0,https://api.spdrgoldshares.com/api/v1/historical-archive?product=gld&exchange=NYSE&lang=en,2026-10-09
gld_holdings,2017-06-09,2017-06-10,867.0,https://api.spdrgoldshares.com/api/v1/historical-archive?product=gld&exchange=NYSE&lang=en,2026-10-09
gld_holdings,2017-06-12,2017-06-13,867.0,https://api.spdrgoldshares.com/api/v1/historical-archive?product=gld&exchange=NYSE&lang=en,2026-10-09
gld_holdings,2017-06-13,2017-06-14,867.0,https://api.spdrgoldshares.com/api/v1/historical-archive?product=gld&exchange=NYSE&lang=en,2026-10-09
gld_holdings,2017-06-14,2017-06-15,854.87,https://api.spdrgoldshares.com/api/v1/historical-archive?product=gld&exchange=NYSE&lang=en,2026-10-09
gld_holdings,2017-06-15,2017-06-16,853.68,https://api.spdrgoldshares.com/api/v1/historical-archive?product=gld&exchange=NYSE&lang=en,2026-10-09
gld_holdings,2017-06-16,2017-06-17,853.68,https://api.spdrgoldshares.com/api/v1/historical-archive?product=gld&exchange=NYSE&lang=en,2026-10-09
gld_holdings,2017-06-19,2017-06-20,853.68,https://api.spdrgoldshares.com/api/v1/historical-archive?product=gld&exchange=NYSE&lang=en,2026-10-09
gld_holdings,2017-06-20,2017-06-21,853.68,https://api.spdrgoldshares.com/api/v1/historical-archive?product=gld&exchange=NYSE&lang=en,2026-10-09
gld_holdings,2017-06-21,2017-06-22,853.98,https://api.spdrgoldshares.com/api/v1/historical-archive?product=gld&exchange=NYSE&lang=en,2026-10-09
gld_holdings,2017-06-22,2017-06-23,853.98,https://api.spdrgoldshares.com/api/v1/historical-archive?product=gld&exchange=NYSE&lang=en,2026-10-09
gld_holdings,2017-06-23,2017-06-24,851.02,https://api.spdrgoldshares.com/api/v1/historical-archive?product=gld&exchange=NYSE&lang=en,2026-10-09
gld_holdings,2017-06-26,2017-06-27,853.68,https://api.spdrgoldshares.com/api/v1/historical-archive?product=gld&exchange=NYSE&lang=en,2026-10-09
gld_holdings,2017-06-27,2017-06-28,853.68,https://api.spdrgoldshares.com/api/v1/historical-archive?product=gld&exchange=NYSE&lang=en,2026-10-09
gld_holdings,2017-06-28,2017-06-29,853.68,https://api.spdrgoldshares.com/api/v1/historical-archive?product=gld&exchange=NYSE&lang=en,2026-10-09
gld_holdings,2017-06-29,2017-06-30,853.68,https://api.spdrgoldshares.com/api/v1/historical-archive?product=gld&exchange=NYSE&lang=en,2026-10-09
gld_holdings,2017-06-30,2017-07-01,852.5,https://api.spdrgoldshares.com/api/v1/historical-archive?product=gld&exchange=NYSE&lang=en,2026-10-09
gld_holdings,2017-07-03,2017-07-04,846.29,https://api.spdrgoldshares.com/api/v1/historical-archive?product=gld&exchange=NYSE&lang=en,2026-10-09
gld_holdings,2017-07-05,2017-07-06,840.67,https://api.spdrgoldshares.com/api/v1/historical-archive?product=gld&exchange=NYSE&lang=en,2026-10-09
gld_holdings,2017-07-06,2017-07-07,840.67,https://api.spdrgoldshares.com/api/v1/historical-archive?product=gld&exchange=NYSE&lang=en,2026-10-09
gld_holdings,2017-07-07,2017-07-08,835.35,https://api.spdrgoldshares.com/api/v1/historical-archive?product=gld&exchange=NYSE&lang=en,2026-10-09
gld_holdings,2017-07-10,2017-07-11,832.39,https://api.spdrgoldshares.com/api/v1/historical-archive?product=gld&exchange=NYSE&lang=en,2026-10-09
gld_holdings,2017-07-11,2017-07-12,832.39,https://api.spdrgoldshares.com/api/v1/historical-archive?product=gld&exchange=NYSE&lang=en,2026-10-09
gld_holdings,2017-07-12,2017-07-13,832.39,https://api.spdrgoldshares.com/api/v1/historical-archive?product=gld&exchange=NYSE&lang=en,2026-10-09
gld_holdings,2017-07-13,2017-07-14,828.84,https://api.spdrgoldshares.com/api/v1/historical-archive?product=gld&exchange=NYSE&lang=en,2026-10-09
gld_holdings,2017-07-14,2017-07-15,828.84,https://api.spdrgoldshares.com/api/v1/historical-archive?product=gld&exchange=NYSE&lang=en,2026-10-09
gld_holdings,2017-07-17,2017-07-18,827.07,https://api.spdrgoldshares.com/api/v1/historical-archive?product=gld&exchange=NYSE&lang=en,2026-10-09
gld_holdings,2017-07-18,2017-07-19,821.45,https://api.spdrgoldshares.com/api/v1/historical-archive?product=gld&exchange=NYSE&lang=en,2026-10-09
gld_holdings,2017-07-19,2017-07-20,816.12,https://api.spdrgoldshares.com/api/v1/historical-archive?product=gld&exchange=NYSE&lang=en,2026-10-09
gld_holdings,2017-07-20,2017-07-21,816.12,https://api.spdrgoldshares.com/api/v1/historical-archive?product=gld&exchange=NYSE&lang=en,2026-10-09
gld_holdings,2017-07-21,2017-07-22,813.76,https://api.spdrgoldshares.com/api/v1/historical-archive?product=gld&exchange=NYSE&lang=en,2026-10-09
gld_holdings,2017-07-24,2017-07-25,809.62,https://api.spdrgoldshares.com/api/v1/historical-archive?product=gld&exchange=NYSE&lang=en,2026-10-09
gld_holdings,2017-07-25,2017-07-26,800.45,https://api.spdrgoldshares.com/api/v1/historical-archive?product=gld&exchange=NYSE&lang=en,2026-10-09
gld_holdings,2017-07-26,2017-07-27,795.42,https://api.spdrgoldshares.com/api/v1/historical-archive?product=gld&exchange=NYSE&lang=en,2026-10-09
gld_holdings,2017-07-27,2017-07-28,791.88,https://api.spdrgoldshares.com/api/v1/historical-archive?product=gld&exchange=NYSE&lang=en,2026-10-09
gld_holdings,2017-07-28,2017-07-29,791.88,https://api.spdrgoldshares.com/api/v1/historical-archive?product=gld&exchange=NYSE&lang=en,2026-10-09
gld_holdings,2017-07-31,2017-08-01,791.88,https://api.spdrgoldshares.com/api/v1/historical-archive?product=gld&exchange=NYSE&lang=en,2026-10-09
gld_holdings,2017-08-01,2017-08-02,791.88,https://api.spdrgoldshares.com/api/v1/historical-archive?product=gld&exchange=NYSE&lang=en,2026-10-09
gld_holdings,2017-08-02,2017-08-03,791.88,https://api.spdrgoldshares.com/api/v1/historical-archive?product=gld&exchange=NYSE&lang=en,2026-10-09
gld_holdings,2017-08-03,2017-08-04,791.88,https://api.spdrgoldshares.com/api/v1/historical-archive?product=gld&exchange=NYSE&lang=en,2026-10-09
gld_holdings,2017-08-04,2017-08-05,787.14,https://api.spdrgoldshares.com/api/v1/historical-archive?product=gld&exchange=NYSE&lang=en,2026-10-09
gld_holdings,2017-08-07,2017-08-08,786.87,https://api.spdrgoldshares.com/api/v1/historical-archive?product=gld&exchange=NYSE&lang=en,2026-10-09
gld_holdings,2017-08-08,2017-08-09,786.87,https://api.spdrgoldshares.com/api/v1/historical-archive?product=gld&exchange=NYSE&lang=en,2026-10-09
gld_holdings,2017-08-09,2017-08-10,786.87,https://api.spdrgoldshares.com/api/v1/historical-archive?product=gld&exchange=NYSE&lang=en,2026-10-09
gld_holdings,2017-08-10,2017-08-11,786.87,https://api.spdrgoldshares.com/api/v1/historical-archive?product=gld&exchange=NYSE&lang=en,2026-10-09
gld_holdings,2017-08-11,2017-08-12,786.87,https://api.spdrgoldshares.com/api/v1/historical-archive?product=gld&exchange=NYSE&lang=en,2026-10-09
gld_holdings,2017-08-14,2017-08-15,791.01,https://api.spdrgoldshares.com/api/v1/historical-archive?product=gld&exchange=NYSE&lang=en,2026-10-09
gld_holdings,2017-08-15,2017-08-16,791.01,https://api.spdrgoldshares.com/api/v1/historical-archive?product=gld&exchange=NYSE&lang=en,2026-10-09
gld_holdings,2017-08-16,2017-08-17,795.44,https://api.spdrgoldshares.com/api/v1/historical-archive?product=gld&exchange=NYSE&lang=en,2026-10-09
gld_holdings,2017-08-17,2017-08-18,795.44,https://api.spdrgoldshares.com/api/v1/historical-archive?product=gld&exchange=NYSE&lang=en,2026-10-09
gld_holdings,2017-08-18,2017-08-19,799.29,https://api.spdrgoldshares.com/api/v1/historical-archive?product=gld&exchange=NYSE&lang=en,2026-10-09
gld_holdings,2017-08-21,2017-08-22,799.29,https://api.spdrgoldshares.com/api/v1/historical-archive?product=gld&exchange=NYSE&lang=en,2026-10-09
gld_holdings,2017-08-22,2017-08-23,799.29,https://api.spdrgoldshares.com/api/v1/historical-archive?product=gld&exchange=NYSE&lang=en,2026-10-09
gld_holdings,2017-08-23,2017-08-24,799.29,https://api.spdrgoldshares.com/api/v1/historical-archive?product=gld&exchange=NYSE&lang=en,2026-10-09
gld_holdings,2017-08-24,2017-08-25,799.29,https://api.spdrgoldshares.com/api/v1/historical-archive?product=gld&exchange=NYSE&lang=en,2026-10-09
gld_holdings,2017-08-25,2017-08-26,805.2,https://api.spdrgoldshares.com/api/v1/historical-archive?product=gld&exchange=NYSE&lang=en,2026-10-09
gld_holdings,2017-08-28,2017-08-29,814.36,https://api.spdrgoldshares.com/api/v1/historical-archive?product=gld&exchange=NYSE&lang=en,2026-10-09
gld_holdings,2017-08-29,2017-08-30,816.43,https://api.spdrgoldshares.com/api/v1/historical-archive?product=gld&exchange=NYSE&lang=en,2026-10-09
gld_holdings,2017-08-30,2017-08-31,816.43,https://api.spdrgoldshares.com/api/v1/historical-archive?product=gld&exchange=NYSE&lang=en,2026-10-09
gld_holdings,2017-08-31,2017-09-01,816.43,https://api.spdrgoldshares.com/api/v1/historical-archive?product=gld&exchange=NYSE&lang=en,2026-10-09
gld_holdings,2017-09-01,2017-09-02,831.21,https://api.spdrgoldshares.com/api/v1/historical-archive?product=gld&exchange=NYSE&lang=en,2026-10-09
gld_holdings,2017-09-05,2017-09-06,840.08,https://api.spdrgoldshares.com/api/v1/historical-archive?product=gld&exchange=NYSE&lang=en,2026-10-09
gld_holdings,2017-09-06,2017-09-07,837.12,https://api.spdrgoldshares.com/api/v1/historical-archive?product=gld&exchange=NYSE&lang=en,2026-10-09
gld_holdings,2017-09-07,2017-09-08,836.87,https://api.spdrgoldshares.com/api/v1/historical-archive?product=gld&exchange=NYSE&lang=en,2026-10-09
gld_holdings,2017-09-08,2017-09-09,834.5,https://api.spdrgoldshares.com/api/v1/historical-archive?product=gld&exchange=NYSE&lang=en,2026-10-09
gld_holdings,2017-09-11,2017-09-12,835.68,https://api.spdrgoldshares.com/api/v1/historical-archive?product=gld&exchange=NYSE&lang=en,2026-10-09
gld_holdings,2017-09-12,2017-09-13,838.64,https://api.spdrgoldshares.com/api/v1/historical-archive?product=gld&exchange=NYSE&lang=en,2026-10-09
gld_holdings,2017-09-13,2017-09-14,838.64,https://api.spdrgoldshares.com/api/v1/historical-archive?product=gld&exchange=NYSE&lang=en,2026-10-09
gld_holdings,2017-09-14,2017-09-15,838.64,https://api.spdrgoldshares.com/api/v1/historical-archive?product=gld&exchange=NYSE&lang=en,2026-10-09
gld_holdings,2017-09-15,2017-09-16,838.64,https://api.spdrgoldshares.com/api/v1/historical-archive?product=gld&exchange=NYSE&lang=en,2026-10-09
gld_holdings,2017-09-18,2017-09-19,843.96,https://api.spdrgoldshares.com/api/v1/historical-archive?product=gld&exchange=NYSE&lang=en,2026-10-09
gld_holdings,2017-09-19,2017-09-20,846.03,https://api.spdrgoldshares.com/api/v1/historical-archive?product=gld&exchange=NYSE&lang=en,2026-10-09
gld_holdings,2017-09-20,2017-09-21,846.03,https://api.spdrgoldshares.com/api/v1/historical-archive?product=gld&exchange=NYSE&lang=en,2026-10-09
gld_holdings,2017-09-21,2017-09-22,852.23,https://api.spdrgoldshares.com/api/v1/historical-archive?product=gld&exchange=NYSE&lang=en,2026-10-09
gld_holdings,2017-09-22,2017-09-23,856.08,https://api.spdrgoldshares.com/api/v1/historical-archive?product=gld&exchange=NYSE&lang=en,2026-10-09
gld_holdings,2017-09-25,2017-09-26,856.08,https://api.spdrgoldshares.com/api/v1/historical-archive?product=gld&exchange=NYSE&lang=en,2026-10-09
gld_holdings,2017-09-26,2017-09-27,862.58,https://api.spdrgoldshares.com/api/v1/historical-archive?product=gld&exchange=NYSE&lang=en,2026-10-09
gld_holdings,2017-09-27,2017-09-28,864.65,https://api.spdrgoldshares.com/api/v1/historical-archive?product=gld&exchange=NYSE&lang=en,2026-10-09
gld_holdings,2017-09-28,2017-09-29,864.65,https://api.spdrgoldshares.com/api/v1/historical-archive?product=gld&exchange=NYSE&lang=en,2026-10-09
gld_holdings,2017-09-29,2017-09-30,864.65,https://api.spdrgoldshares.com/api/v1/historical-archive?product=gld&exchange=NYSE&lang=en,2026-10-09
gld_holdings,2017-10-02,2017-10-03,859.33,https://api.spdrgoldshares.com/api/v1/historical-archive?product=gld&exchange=NYSE&lang=en,2026-10-09
gld_holdings,2017-10-03,2017-10-04,854.3,https://api.spdrgoldshares.com/api/v1/historical-archive?product=gld&exchange=NYSE&lang=en,2026-10-09
gld_holdings,2017-10-04,2017-10-05,854.3,https://api.spdrgoldshares.com/api/v1/historical-archive?product=gld&exchange=NYSE&lang=en,2026-10-09
gld_holdings,2017-10-05,2017-10-06,851.06,https://api.spdrgoldshares.com/api/v1/historical-archive?product=gld&exchange=NYSE&lang=en,2026-10-09
gld_holdings,2017-10-06,2017-10-07,854.02,https://api.spdrgoldshares.com/api/v1/historical-archive?product=gld&exchange=NYSE&lang=en,2026-10-09
gld_holdings,2017-10-09,2017-10-10,858.45,https://api.spdrgoldshares.com/api/v1/historical-archive?product=gld&exchange=NYSE&lang=en,2026-10-09
gld_holdings,2017-10-10,2017-10-11,858.45,https://api.spdrgoldshares.com/api/v1/historical-archive?product=gld&exchange=NYSE&lang=en,2026-10-09
gld_holdings,2017-10-11,2017-10-12,858.45,https://api.spdrgoldshares.com/api/v1/historical-archive?product=gld&exchange=NYSE&lang=en,2026-10-09
gld_holdings,2017-10-12,2017-10-13,858.45,https://api.spdrgoldshares.com/api/v1/historical-archive?product=gld&exchange=NYSE&lang=en,2026-10-09
gld_holdings,2017-10-13,2017-10-14,853.13,https://api.spdrgoldshares.com/api/v1/historical-archive?product=gld&exchange=NYSE&lang=en,2026-10-09
gld_holdings,2017-10-16,2017-10-17,853.13,https://api.spdrgoldshares.com/api/v1/historical-archive?product=gld&exchange=NYSE&lang=en,2026-10-09
gld_holdings,2017-10-17,2017-10-18,853.13,https://api.spdrgoldshares.com/api/v1/historical-archive?product=gld&exchange=NYSE&lang=en,2026-10-09
gld_holdings,2017-10-18,2017-10-19,853.13,https://api.spdrgoldshares.com/api/v1/historical-archive?product=gld&exchange=NYSE&lang=en,2026-10-09
gld_holdings,2017-10-19,2017-10-20,853.13,https://api.spdrgoldshares.com/api/v1/historical-archive?product=gld&exchange=NYSE&lang=en,2026-10-09
gld_holdings,2017-10-20,2017-10-21,853.13,https://api.spdrgoldshares.com/api/v1/historical-archive?product=gld&exchange=NYSE&lang=en,2026-10-09
gld_holdings,2017-10-23,2017-10-24,853.13,https://api.spdrgoldshares.com/api/v1/historical-archive?product=gld&exchange=NYSE&lang=en,2026-10-09
gld_holdings,2017-10-24,2017-10-25,853.13,https://api.spdrgoldshares.com/api/v1/historical-archive?product=gld&exchange=NYSE&lang=en,2026-10-09
gld_holdings,2017-10-25,2017-10-26,853.13,https://api.spdrgoldshares.com/api/v1/historical-archive?product=gld&exchange=NYSE&lang=en,2026-10-09
gld_holdings,2017-10-26,2017-10-27,851.95,https://api.spdrgoldshares.com/api/v1/historical-archive?product=gld&exchange=NYSE&lang=en,2026-10-09
gld_holdings,2017-10-27,2017-10-28,850.77,https://api.spdrgoldshares.com/api/v1/historical-archive?product=gld&exchange=NYSE&lang=en,2026-10-09
gld_holdings,2017-10-30,2017-10-31,850.77,https://api.spdrgoldshares.com/api/v1/historical-archive?product=gld&exchange=NYSE&lang=en,2026-10-09
gld_holdings,2017-10-31,2017-11-01,850.77,https://api.spdrgoldshares.com/api/v1/historical-archive?product=gld&exchange=NYSE&lang=en,2026-10-09
gld_holdings,2017-11-01,2017-11-02,849.59,https://api.spdrgoldshares.com/api/v1/historical-archive?product=gld&exchange=NYSE&lang=en,2026-10-09
gld_holdings,2017-11-02,2017-11-03,846.04,https://api.spdrgoldshares.com/api/v1/historical-archive?product=gld&exchange=NYSE&lang=en,2026-10-09
gld_holdings,2017-11-03,2017-11-04,845.75,https://api.spdrgoldshares.com/api/v1/historical-archive?product=gld&exchange=NYSE&lang=en,2026-10-09
gld_holdings,2017-11-06,2017-11-07,845.45,https://api.spdrgoldshares.com/api/v1/historical-archive?product=gld&exchange=NYSE&lang=en,2026-10-09
gld_holdings,2017-11-07,2017-11-08,844.27,https://api.spdrgoldshares.com/api/v1/historical-archive?product=gld&exchange=NYSE&lang=en,2026-10-09
gld_holdings,2017-11-08,2017-11-09,843.09,https://api.spdrgoldshares.com/api/v1/historical-archive?product=gld&exchange=NYSE&lang=en,2026-10-09
gld_holdings,2017-11-09,2017-11-10,843.09,https://api.spdrgoldshares.com/api/v1/historical-archive?product=gld&exchange=NYSE&lang=en,2026-10-09
gld_holdings,2017-11-10,2017-11-11,843.09,https://api.spdrgoldshares.com/api/v1/historical-archive?product=gld&exchange=NYSE&lang=en,2026-10-09
gld_holdings,2017-11-13,2017-11-14,843.39,https://api.spdrgoldshares.com/api/v1/historical-archive?product=gld&exchange=NYSE&lang=en,2026-10-09
gld_holdings,2017-11-14,2017-11-15,843.39,https://api.spdrgoldshares.com/api/v1/historical-archive?product=gld&exchange=NYSE&lang=en,2026-10-09
gld_holdings,2017-11-15,2017-11-16,843.39,https://api.spdrgoldshares.com/api/v1/historical-archive?product=gld&exchange=NYSE&lang=en,2026-10-09
gld_holdings,2017-11-16,2017-11-17,843.39,https://api.spdrgoldshares.com/api/v1/historical-archive?product=gld&exchange=NYSE&lang=en,2026-10-09
gld_holdings,2017-11-17,2017-11-18,843.39,https://api.spdrgoldshares.com/api/v1/historical-archive?product=gld&exchange=NYSE&lang=en,2026-10-09
gld_holdings,2017-11-20,2017-11-21,843.39,https://api.spdrgoldshares.com/api/v1/historical-archive?product=gld&exchange=NYSE&lang=en,2026-10-09
gld_holdings,2017-11-21,2017-11-22,843.39,https://api.spdrgoldshares.com/api/v1/historical-archive?product=gld&exchange=NYSE&lang=en,2026-10-09
gld_holdings,2017-11-22,2017-11-23,843.39,https://api.spdrgoldshares.com/api/v1/historical-archive?product=gld&exchange=NYSE&lang=en,2026-10-09
gld_holdings,2017-11-24,2017-11-25,843.39,https://api.spdrgoldshares.com/api/v1/historical-archive?product=gld&exchange=NYSE&lang=en,2026-10-09
gld_holdings,2017-11-27,2017-11-28,842.21,https://api.spdrgoldshares.com/api/v1/historical-archive?product=gld&exchange=NYSE&lang=en,2026-10-09
gld_holdings,2017-11-28,2017-11-29,839.55,https://api.spdrgoldshares.com/api/v1/historical-archive?product=gld&exchange=NYSE&lang=en,2026-10-09
gld_holdings,2017-11-29,2017-11-30,839.55,https://api.spdrgoldshares.com/api/v1/historical-archive?product=gld&exchange=NYSE&lang=en,2026-10-09
gld_holdings,2017-11-30,2017-12-01,839.55,https://api.spdrgoldshares.com/api/v1/historical-archive?product=gld&exchange=NYSE&lang=en,2026-10-09
gld_holdings,2017-12-01,2017-12-02,848.11,https://api.spdrgoldshares.com/api/v1/historical-archive?product=gld&exchange=NYSE&lang=en,2026-10-09
gld_holdings,2017-12-04,2017-12-05,846.93,https://api.spdrgoldshares.com/api/v1/historical-archive?product=gld&exchange=NYSE&lang=en,2026-10-09
gld_holdings,2017-12-05,2017-12-06,845.47,https://api.spdrgoldshares.com/api/v1/historical-archive?product=gld&exchange=NYSE&lang=en,2026-10-09
gld_holdings,2017-12-06,2017-12-07,845.47,https://api.spdrgoldshares.com/api/v1/historical-archive?product=gld&exchange=NYSE&lang=en,2026-10-09
gld_holdings,2017-12-07,2017-12-08,842.81,https://api.spdrgoldshares.com/api/v1/historical-archive?product=gld&exchange=NYSE&lang=en,2026-10-09
gld_holdings,2017-12-08,2017-12-09,842.81,https://api.spdrgoldshares.com/api/v1/historical-archive?product=gld&exchange=NYSE&lang=en,2026-10-09
gld_holdings,2017-12-11,2017-12-12,842.81,https://api.spdrgoldshares.com/api/v1/historical-archive?product=gld&exchange=NYSE&lang=en,2026-10-09
gld_holdings,2017-12-12,2017-12-13,842.81,https://api.spdrgoldshares.com/api/v1/historical-archive?product=gld&exchange=NYSE&lang=en,2026-10-09
gld_holdings,2017-12-13,2017-12-14,844.29,https://api.spdrgoldshares.com/api/v1/historical-archive?product=gld&exchange=NYSE&lang=en,2026-10-09
gld_holdings,2017-12-14,2017-12-15,844.29,https://api.spdrgoldshares.com/api/v1/historical-archive?product=gld&exchange=NYSE&lang=en,2026-10-09
gld_holdings,2017-12-15,2017-12-16,837.2,https://api.spdrgoldshares.com/api/v1/historical-archive?product=gld&exchange=NYSE&lang=en,2026-10-09
gld_holdings,2017-12-18,2017-12-19,837.2,https://api.spdrgoldshares.com/api/v1/historical-archive?product=gld&exchange=NYSE&lang=en,2026-10-09
gld_holdings,2017-12-19,2017-12-20,836.02,https://api.spdrgoldshares.com/api/v1/historical-archive?product=gld&exchange=NYSE&lang=en,2026-10-09
gld_holdings,2017-12-20,2017-12-21,836.02,https://api.spdrgoldshares.com/api/v1/historical-archive?product=gld&exchange=NYSE&lang=en,2026-10-09
gld_holdings,2017-12-21,2017-12-22,836.02,https://api.spdrgoldshares.com/api/v1/historical-archive?product=gld&exchange=NYSE&lang=en,2026-10-09
gld_holdings,2017-12-22,2017-12-23,837.5,https://api.spdrgoldshares.com/api/v1/historical-archive?product=gld&exchange=NYSE&lang=en,2026-10-09
gld_holdings,2017-12-26,2017-12-27,837.5,https://api.spdrgoldshares.com/api/v1/historical-archive?product=gld&exchange=NYSE&lang=en,2026-10-09
gld_holdings,2017-12-27,2017-12-28,837.5,https://api.spdrgoldshares.com/api/v1/historical-archive?product=gld&exchange=NYSE&lang=en,2026-10-09
gld_holdings,2017-12-28,2017-12-29,837.5,https://api.spdrgoldshares.com/api/v1/historical-archive?product=gld&exchange=NYSE&lang=en,2026-10-09
gld_holdings,2017-12-29,2017-12-30,837.5,https://api.spdrgoldshares.com/api/v1/historical-archive?product=gld&exchange=NYSE&lang=en,2026-10-09
gld_holdings,2018-01-02,2018-01-03,836.32,https://api.spdrgoldshares.com/api/v1/historical-archive?product=gld&exchange=NYSE&lang=en,2026-10-09
gld_holdings,2018-01-03,2018-01-04,836.32,https://api.spdrgoldshares.com/api/v1/historical-archive?product=gld&exchange=NYSE&lang=en,2026-10-09
gld_holdings,2018-01-04,2018-01-05,836.04,https://api.spdrgoldshares.com/api/v1/historical-archive?product=gld&exchange=NYSE&lang=en,2026-10-09
gld_holdings,2018-01-05,2018-01-06,834.86,https://api.spdrgoldshares.com/api/v1/historical-archive?product=gld&exchange=NYSE&lang=en,2026-10-09
gld_holdings,2018-01-08,2018-01-09,834.86,https://api.spdrgoldshares.com/api/v1/historical-archive?product=gld&exchange=NYSE&lang=en,2026-10-09
gld_holdings,2018-01-09,2018-01-10,831.91,https://api.spdrgoldshares.com/api/v1/historical-archive?product=gld&exchange=NYSE&lang=en,2026-10-09
gld_holdings,2018-01-10,2018-01-11,828.96,https://api.spdrgoldshares.com/api/v1/historical-archive?product=gld&exchange=NYSE&lang=en,2026-10-09
gld_holdings,2018-01-11,2018-01-12,828.96,https://api.spdrgoldshares.com/api/v1/historical-archive?product=gld&exchange=NYSE&lang=en,2026-10-09
gld_holdings,2018-01-12,2018-01-13,828.96,https://api.spdrgoldshares.com/api/v1/historical-archive?product=gld&exchange=NYSE&lang=en,2026-10-09
gld_holdings,2018-01-16,2018-01-17,828.96,https://api.spdrgoldshares.com/api/v1/historical-archive?product=gld&exchange=NYSE&lang=en,2026-10-09
gld_holdings,2018-01-17,2018-01-18,828.96,https://api.spdrgoldshares.com/api/v1/historical-archive?product=gld&exchange=NYSE&lang=en,2026-10-09
gld_holdings,2018-01-18,2018-01-19,840.76,https://api.spdrgoldshares.com/api/v1/historical-archive?product=gld&exchange=NYSE&lang=en,2026-10-09
gld_holdings,2018-01-19,2018-01-20,846.67,https://api.spdrgoldshares.com/api/v1/historical-archive?product=gld&exchange=NYSE&lang=en,2026-10-09
gld_holdings,2018-01-22,2018-01-23,846.67,https://api.spdrgoldshares.com/api/v1/historical-archive?product=gld&exchange=NYSE&lang=en,2026-10-09
gld_holdings,2018-01-23,2018-01-24,849.32,https://api.spdrgoldshares.com/api/v1/historical-archive?product=gld&exchange=NYSE&lang=en,2026-10-09
gld_holdings,2018-01-24,2018-01-25,849.32,https://api.spdrgoldshares.com/api/v1/historical-archive?product=gld&exchange=NYSE&lang=en,2026-10-09
gld_holdings,2018-01-25,2018-01-26,849.32,https://api.spdrgoldshares.com/api/v1/historical-archive?product=gld&exchange=NYSE&lang=en,2026-10-09
gld_holdings,2018-01-26,2018-01-27,848.14,https://api.spdrgoldshares.com/api/v1/historical-archive?product=gld&exchange=NYSE&lang=en,2026-10-09
gld_holdings,2018-01-29,2018-01-30,846.67,https://api.spdrgoldshares.com/api/v1/historical-archive?product=gld&exchange=NYSE&lang=en,2026-10-09
gld_holdings,2018-01-30,2018-01-31,845.48,https://api.spdrgoldshares.com/api/v1/historical-archive?product=gld&exchange=NYSE&lang=en,2026-10-09
gld_holdings,2018-01-31,2018-02-01,841.35,https://api.spdrgoldshares.com/api/v1/historical-archive?product=gld&exchange=NYSE&lang=en,2026-10-09
gld_holdings,2018-02-01,2018-02-02,841.35,https://api.spdrgoldshares.com/api/v1/historical-archive?product=gld&exchange=NYSE&lang=en,2026-10-09
gld_holdings,2018-02-02,2018-02-03,841.35,https://api.spdrgoldshares.com/api/v1/historical-archive?product=gld&exchange=NYSE&lang=en,2026-10-09
gld_holdings,2018-02-05,2018-02-06,841.35,https://api.spdrgoldshares.com/api/v1/historical-archive?product=gld&exchange=NYSE&lang=en,2026-10-09
gld_holdings,2018-02-06,2018-02-07,829.26,https://api.spdrgoldshares.com/api/v1/historical-archive?product=gld&exchange=NYSE&lang=en,2026-10-09
gld_holdings,2018-02-07,2018-02-08,826.9,https://api.spdrgoldshares.com/api/v1/historical-archive?product=gld&exchange=NYSE&lang=en,2026-10-09
gld_holdings,2018-02-08,2018-02-09,826.31,https://api.spdrgoldshares.com/api/v1/historical-archive?product=gld&exchange=NYSE&lang=en,2026-10-09
gld_holdings,2018-02-09,2018-02-10,820.71,https://api.spdrgoldshares.com/api/v1/historical-archive?product=gld&exchange=NYSE&lang=en,2026-10-09
gld_holdings,2018-02-12,2018-02-13,820.71,https://api.spdrgoldshares.com/api/v1/historical-archive?product=gld&exchange=NYSE&lang=en,2026-10-09
gld_holdings,2018-02-13,2018-02-14,823.66,https://api.spdrgoldshares.com/api/v1/historical-archive?product=gld&exchange=NYSE&lang=en,2026-10-09
gld_holdings,2018-02-14,2018-02-15,823.66,https://api.spdrgoldshares.com/api/v1/historical-archive?product=gld&exchange=NYSE&lang=en,2026-10-09
gld_holdings,2018-02-15,2018-02-16,821.3,https://api.spdrgoldshares.com/api/v1/historical-archive?product=gld&exchange=NYSE&lang=en,2026-10-09
gld_holdings,2018-02-16,2018-02-17,824.54,https://api.spdrgoldshares.com/api/v1/historical-archive?product=gld&exchange=NYSE&lang=en,2026-10-09
gld_holdings,2018-02-20,2018-02-21,827.79,https://api.spdrgoldshares.com/api/v1/historical-archive?product=gld&exchange=NYSE&lang=en,2026-10-09
gld_holdings,2018-02-21,2018-02-22,827.79,https://api.spdrgoldshares.com/api/v1/historical-archive?product=gld&exchange=NYSE&lang=en,2026-10-09
gld_holdings,2018-02-22,2018-02-23,827.79,https://api.spdrgoldshares.com/api/v1/historical-archive?product=gld&exchange=NYSE&lang=en,2026-10-09
gld_holdings,2018-02-23,2018-02-24,829.26,https://api.spdrgoldshares.com/api/v1/historical-archive?product=gld&exchange=NYSE&lang=en,2026-10-09
gld_holdings,2018-02-26,2018-02-27,831.03,https://api.spdrgoldshares.com/api/v1/historical-archive?product=gld&exchange=NYSE&lang=en,2026-10-09
gld_holdings,2018-02-27,2018-02-28,831.03,https://api.spdrgoldshares.com/api/v1/historical-archive?product=gld&exchange=NYSE&lang=en,2026-10-09
gld_holdings,2018-02-28,2018-03-01,831.03,https://api.spdrgoldshares.com/api/v1/historical-archive?product=gld&exchange=NYSE&lang=en,2026-10-09
gld_holdings,2018-03-01,2018-03-02,833.98,https://api.spdrgoldshares.com/api/v1/historical-archive?product=gld&exchange=NYSE&lang=en,2026-10-09
gld_holdings,2018-03-02,2018-03-03,833.98,https://api.spdrgoldshares.com/api/v1/historical-archive?product=gld&exchange=NYSE&lang=en,2026-10-09
gld_holdings,2018-03-05,2018-03-06,833.98,https://api.spdrgoldshares.com/api/v1/historical-archive?product=gld&exchange=NYSE&lang=en,2026-10-09
gld_holdings,2018-03-06,2018-03-07,833.98,https://api.spdrgoldshares.com/api/v1/historical-archive?product=gld&exchange=NYSE&lang=en,2026-10-09
gld_holdings,2018-03-07,2018-03-08,833.73,https://api.spdrgoldshares.com/api/v1/historical-archive?product=gld&exchange=NYSE&lang=en,2026-10-09
gld_holdings,2018-03-08,2018-03-09,833.73,https://api.spdrgoldshares.com/api/v1/historical-archive?product=gld&exchange=NYSE&lang=en,2026-10-09
gld_holdings,2018-03-09,2018-03-10,833.73,https://api.spdrgoldshares.com/api/v1/historical-archive?product=gld&exchange=NYSE&lang=en,2026-10-09
gld_holdings,2018-03-12,2018-03-13,833.73,https://api.spdrgoldshares.com/api/v1/historical-archive?product=gld&exchange=NYSE&lang=en,2026-10-09
gld_holdings,2018-03-13,2018-03-14,833.73,https://api.spdrgoldshares.com/api/v1/historical-archive?product=gld&exchange=NYSE&lang=en,2026-10-09
gld_holdings,2018-03-14,2018-03-15,833.73,https://api.spdrgoldshares.com/api/v1/historical-archive?product=gld&exchange=NYSE&lang=en,2026-10-09
gld_holdings,2018-03-15,2018-03-16,838.15,https://api.spdrgoldshares.com/api/v1/historical-archive?product=gld&exchange=NYSE&lang=en,2026-10-09
gld_holdings,2018-03-16,2018-03-17,840.22,https://api.spdrgoldshares.com/api/v1/historical-archive?product=gld&exchange=NYSE&lang=en,2026-10-09
gld_holdings,2018-03-19,2018-03-20,850.84,https://api.spdrgoldshares.com/api/v1/historical-archive?product=gld&exchange=NYSE&lang=en,2026-10-09
gld_holdings,2018-03-20,2018-03-21,850.54,https://api.spdrgoldshares.com/api/v1/historical-archive?product=gld&exchange=NYSE&lang=en,2026-10-09
gld_holdings,2018-03-21,2018-03-22,850.54,https://api.spdrgoldshares.com/api/v1/historical-archive?product=gld&exchange=NYSE&lang=en,2026-10-09
gld_holdings,2018-03-22,2018-03-23,850.54,https://api.spdrgoldshares.com/api/v1/historical-archive?product=gld&exchange=NYSE&lang=en,2026-10-09
gld_holdings,2018-03-23,2018-03-24,850.54,https://api.spdrgoldshares.com/api/v1/historical-archive?product=gld&exchange=NYSE&lang=en,2026-10-09
gld_holdings,2018-03-26,2018-03-27,847.3,https://api.spdrgoldshares.com/api/v1/historical-archive?product=gld&exchange=NYSE&lang=en,2026-10-09
gld_holdings,2018-03-27,2018-03-28,846.12,https://api.spdrgoldshares.com/api/v1/historical-archive?product=gld&exchange=NYSE&lang=en,2026-10-09
gld_holdings,2018-03-28,2018-03-29,846.12,https://api.spdrgoldshares.com/api/v1/historical-archive?product=gld&exchange=NYSE&lang=en,2026-10-09
gld_holdings,2018-03-29,2018-03-30,846.12,https://api.spdrgoldshares.com/api/v1/historical-archive?product=gld&exchange=NYSE&lang=en,2026-10-09
gld_holdings,2018-04-02,2018-04-03,852.31,https://api.spdrgoldshares.com/api/v1/historical-archive?product=gld&exchange=NYSE&lang=en,2026-10-09
gld_holdings,2018-04-03,2018-04-04,852.31,https://api.spdrgoldshares.com/api/v1/historical-archive?product=gld&exchange=NYSE&lang=en,2026-10-09
gld_holdings,2018-04-04,2018-04-05,852.03,https://api.spdrgoldshares.com/api/v1/historical-archive?product=gld&exchange=NYSE&lang=en,2026-10-09
gld_holdings,2018-04-05,2018-04-06,854.09,https://api.spdrgoldshares.com/api/v1/historical-archive?product=gld&exchange=NYSE&lang=en,2026-10-09
gld_holdings,2018-04-06,2018-04-07,859.99,https://api.spdrgoldshares.com/api/v1/historical-archive?product=gld&exchange=NYSE&lang=en,2026-10-09
gld_holdings,2018-04-09,2018-04-10,859.99,https://api.spdrgoldshares.com/api/v1/historical-archive?product=gld&exchange=NYSE&lang=en,2026-10-09
gld_holdings,2018-04-10,2018-04-11,859.99,https://api.spdrgoldshares.com/api/v1/historical-archive?product=gld&exchange=NYSE&lang=en,2026-10-09
gld_holdings,2018-04-11,2018-04-12,859.99,https://api.spdrgoldshares.com/api/v1/historical-archive?product=gld&exchange=NYSE&lang=en,2026-10-09
gld_holdings,2018-04-12,2018-04-13,865.89,https://api.spdrgoldshares.com/api/v1/historical-archive?product=gld&exchange=NYSE&lang=en,2026-10-09
gld_holdings,2018-04-13,2018-04-14,865.89,https://api.spdrgoldshares.com/api/v1/historical-archive?product=gld&exchange=NYSE&lang=en,2026-10-09
gld_holdings,2018-04-16,2018-04-17,865.89,https://api.spdrgoldshares.com/api/v1/historical-archive?product=gld&exchange=NYSE&lang=en,2026-10-09
gld_holdings,2018-04-17,2018-04-18,865.89,https://api.spdrgoldshares.com/api/v1/historical-archive?product=gld&exchange=NYSE&lang=en,2026-10-09
gld_holdings,2018-04-18,2018-04-19,865.89,https://api.spdrgoldshares.com/api/v1/historical-archive?product=gld&exchange=NYSE&lang=en,2026-10-09
gld_holdings,2018-04-19,2018-04-20,865.89,https://api.spdrgoldshares.com/api/v1/historical-archive?product=gld&exchange=NYSE&lang=en,2026-10-09
gld_holdings,2018-04-20,2018-04-21,865.89,https://api.spdrgoldshares.com/api/v1/historical-archive?product=gld&exchange=NYSE&lang=en,2026-10-09
gld_holdings,2018-04-23,2018-04-24,865.89,https://api.spdrgoldshares.com/api/v1/historical-archive?product=gld&exchange=NYSE&lang=en,2026-10-09
gld_holdings,2018-04-24,2018-04-25,871.2,https://api.spdrgoldshares.com/api/v1/historical-archive?product=gld&exchange=NYSE&lang=en,2026-10-09
gld_holdings,2018-04-25,2018-04-26,871.2,https://api.spdrgoldshares.com/api/v1/historical-archive?product=gld&exchange=NYSE&lang=en,2026-10-09
gld_holdings,2018-04-26,2018-04-27,871.2,https://api.spdrgoldshares.com/api/v1/historical-archive?product=gld&exchange=NYSE&lang=en,2026-10-09
gld_holdings,2018-04-27,2018-04-28,871.2,https://api.spdrgoldshares.com/api/v1/historical-archive?product=gld&exchange=NYSE&lang=en,2026-10-09
gld_holdings,2018-04-30,2018-05-01,871.2,https://api.spdrgoldshares.com/api/v1/historical-archive?product=gld&exchange=NYSE&lang=en,2026-10-09
gld_holdings,2018-05-01,2018-05-02,866.77,https://api.spdrgoldshares.com/api/v1/historical-archive?product=gld&exchange=NYSE&lang=en,2026-10-09
gld_holdings,2018-05-02,2018-05-03,866.77,https://api.spdrgoldshares.com/api/v1/historical-archive?product=gld&exchange=NYSE&lang=en,2026-10-09
gld_holdings,2018-05-03,2018-05-04,865.59,https://api.spdrgoldshares.com/api/v1/historical-archive?product=gld&exchange=NYSE&lang=en,2026-10-09
gld_holdings,2018-05-04,2018-05-05,864.13,https://api.spdrgoldshares.com/api/v1/historical-archive?product=gld&exchange=NYSE&lang=en,2026-10-09
gld_holdings,2018-05-07,2018-05-08,864.13,https://api.spdrgoldshares.com/api/v1/historical-archive?product=gld&exchange=NYSE&lang=en,2026-10-09
gld_holdings,2018-05-08,2018-05-09,864.13,https://api.spdrgoldshares.com/api/v1/historical-archive?product=gld&exchange=NYSE&lang=en,2026-10-09
gld_holdings,2018-05-09,2018-05-10,862.95,https://api.spdrgoldshares.com/api/v1/historical-archive?product=gld&exchange=NYSE&lang=en,2026-10-09
gld_holdings,2018-05-10,2018-05-11,862.95,https://api.spdrgoldshares.com/api/v1/historical-archive?product=gld&exchange=NYSE&lang=en,2026-10-09
gld_holdings,2018-05-11,2018-05-12,857.64,https://api.spdrgoldshares.com/api/v1/historical-archive?product=gld&exchange=NYSE&lang=en,2026-10-09
gld_holdings,2018-05-14,2018-05-15,856.17,https://api.spdrgoldshares.com/api/v1/historical-archive?product=gld&exchange=NYSE&lang=en,2026-10-09
gld_holdings,2018-05-15,2018-05-16,856.17,https://api.spdrgoldshares.com/api/v1/historical-archive?product=gld&exchange=NYSE&lang=en,2026-10-09
gld_holdings,2018-05-16,2018-05-17,856.17,https://api.spdrgoldshares.com/api/v1/historical-archive?product=gld&exchange=NYSE&lang=en,2026-10-09
gld_holdings,2018-05-17,2018-05-18,856.17,https://api.spdrgoldshares.com/api/v1/historical-archive?product=gld&exchange=NYSE&lang=en,2026-10-09
gld_holdings,2018-05-18,2018-05-19,855.28,https://api.spdrgoldshares.com/api/v1/historical-archive?product=gld&exchange=NYSE&lang=en,2026-10-09
gld_holdings,2018-05-21,2018-05-22,852.04,https://api.spdrgoldshares.com/api/v1/historical-archive?product=gld&exchange=NYSE&lang=en,2026-10-09
gld_holdings,2018-05-22,2018-05-23,852.04,https://api.spdrgoldshares.com/api/v1/historical-archive?product=gld&exchange=NYSE&lang=en,2026-10-09
gld_holdings,2018-05-23,2018-05-24,852.04,https://api.spdrgoldshares.com/api/v1/historical-archive?product=gld&exchange=NYSE&lang=en,2026-10-09
gld_holdings,2018-05-24,2018-05-25,852.04,https://api.spdrgoldshares.com/api/v1/historical-archive?product=gld&exchange=NYSE&lang=en,2026-10-09
gld_holdings,2018-05-25,2018-05-26,848.5,https://api.spdrgoldshares.com/api/v1/historical-archive?product=gld&exchange=NYSE&lang=en,2026-10-09
gld_holdings,2018-05-29,2018-05-30,851.45,https://api.spdrgoldshares.com/api/v1/historical-archive?product=gld&exchange=NYSE&lang=en,2026-10-09
gld_holdings,2018-05-30,2018-05-31,851.45,https://api.spdrgoldshares.com/api/v1/historical-archive?product=gld&exchange=NYSE&lang=en,2026-10-09
gld_holdings,2018-05-31,2018-06-01,847.03,https://api.spdrgoldshares.com/api/v1/historical-archive?product=gld&exchange=NYSE&lang=en,2026-10-09
gld_holdings,2018-06-01,2018-06-02,836.42,https://api.spdrgoldshares.com/api/v1/historical-archive?product=gld&exchange=NYSE&lang=en,2026-10-09
gld_holdings,2018-06-04,2018-06-05,836.42,https://api.spdrgoldshares.com/api/v1/historical-archive?product=gld&exchange=NYSE&lang=en,2026-10-09
gld_holdings,2018-06-05,2018-06-06,836.13,https://api.spdrgoldshares.com/api/v1/historical-archive?product=gld&exchange=NYSE&lang=en,2026-10-09
gld_holdings,2018-06-06,2018-06-07,832.59,https://api.spdrgoldshares.com/api/v1/historical-archive?product=gld&exchange=NYSE&lang=en,2026-10-09
gld_holdings,2018-06-07,2018-06-08,832.59,https://api.spdrgoldshares.com/api/v1/historical-archive?product=gld&exchange=NYSE&lang=en,2026-10-09
gld_holdings,2018-06-08,2018-06-09,828.76,https://api.spdrgoldshares.com/api/v1/historical-archive?product=gld&exchange=NYSE&lang=en,2026-10-09
gld_holdings,2018-06-11,2018-06-12,828.76,https://api.spdrgoldshares.com/api/v1/historical-archive?product=gld&exchange=NYSE&lang=en,2026-10-09
gld_holdings,2018-06-12,2018-06-13,828.76,https://api.spdrgoldshares.com/api/v1/historical-archive?product=gld&exchange=NYSE&lang=en,2026-10-09
gld_holdings,2018-06-13,2018-06-14,828.76,https://api.spdrgoldshares.com/api/v1/historical-archive?product=gld&exchange=NYSE&lang=en,2026-10-09
gld_holdings,2018-06-14,2018-06-15,828.76,https://api.spdrgoldshares.com/api/v1/historical-archive?product=gld&exchange=NYSE&lang=en,2026-10-09
gld_holdings,2018-06-15,2018-06-16,828.76,https://api.spdrgoldshares.com/api/v1/historical-archive?product=gld&exchange=NYSE&lang=en,2026-10-09
gld_holdings,2018-06-18,2018-06-19,828.76,https://api.spdrgoldshares.com/api/v1/historical-archive?product=gld&exchange=NYSE&lang=en,2026-10-09
gld_holdings,2018-06-19,2018-06-20,828.76,https://api.spdrgoldshares.com/api/v1/historical-archive?product=gld&exchange=NYSE&lang=en,2026-10-09
gld_holdings,2018-06-20,2018-06-21,828.76,https://api.spdrgoldshares.com/api/v1/historical-archive?product=gld&exchange=NYSE&lang=en,2026-10-09
gld_holdings,2018-06-21,2018-06-22,824.63,https://api.spdrgoldshares.com/api/v1/historical-archive?product=gld&exchange=NYSE&lang=en,2026-10-09
gld_holdings,2018-06-22,2018-06-23,824.63,https://api.spdrgoldshares.com/api/v1/historical-archive?product=gld&exchange=NYSE&lang=en,2026-10-09
gld_holdings,2018-06-25,2018-06-26,820.21,https://api.spdrgoldshares.com/api/v1/historical-archive?product=gld&exchange=NYSE&lang=en,2026-10-09
gld_holdings,2018-06-26,2018-06-27,824.63,https://api.spdrgoldshares.com/api/v1/historical-archive?product=gld&exchange=NYSE&lang=en,2026-10-09
gld_holdings,2018-06-27,2018-06-28,821.69,https://api.spdrgoldshares.com/api/v1/historical-archive?product=gld&exchange=NYSE&lang=en,2026-10-09
gld_holdings,2018-06-28,2018-06-29,820.51,https://api.spdrgoldshares.com/api/v1/historical-archive?product=gld&exchange=NYSE&lang=en,2026-10-09
gld_holdings,2018-06-29,2018-06-30,819.04,https://api.spdrgoldshares.com/api/v1/historical-archive?product=gld&exchange=NYSE&lang=en,2026-10-09
gld_holdings,2018-07-02,2018-07-03,809.31,https://api.spdrgoldshares.com/api/v1/historical-archive?product=gld&exchange=NYSE&lang=en,2026-10-09
gld_holdings,2018-07-03,2018-07-04,803.42,https://api.spdrgoldshares.com/api/v1/historical-archive?product=gld&exchange=NYSE&lang=en,2026-10-09
gld_holdings,2018-07-05,2018-07-06,803.42,https://api.spdrgoldshares.com/api/v1/historical-archive?product=gld&exchange=NYSE&lang=en,2026-10-09
gld_holdings,2018-07-06,2018-07-07,802.24,https://api.spdrgoldshares.com/api/v1/historical-archive?product=gld&exchange=NYSE&lang=en,2026-10-09
gld_holdings,2018-07-09,2018-07-10,800.77,https://api.spdrgoldshares.com/api/v1/historical-archive?product=gld&exchange=NYSE&lang=en,2026-10-09
gld_holdings,2018-07-10,2018-07-11,799.02,https://api.spdrgoldshares.com/api/v1/historical-archive?product=gld&exchange=NYSE&lang=en,2026-10-09
gld_holdings,2018-07-11,2018-07-12,799.02,https://api.spdrgoldshares.com/api/v1/historical-archive?product=gld&exchange=NYSE&lang=en,2026-10-09
gld_holdings,2018-07-12,2018-07-13,795.19,https://api.spdrgoldshares.com/api/v1/historical-archive?product=gld&exchange=NYSE&lang=en,2026-10-09
gld_holdings,2018-07-13,2018-07-14,795.19,https://api.spdrgoldshares.com/api/v1/historical-archive?product=gld&exchange=NYSE&lang=en,2026-10-09
gld_holdings,2018-07-16,2018-07-17,794.01,https://api.spdrgoldshares.com/api/v1/historical-archive?product=gld&exchange=NYSE&lang=en,2026-10-09
gld_holdings,2018-07-17,2018-07-18,794.01,https://api.spdrgoldshares.com/api/v1/historical-archive?product=gld&exchange=NYSE&lang=en,2026-10-09
gld_holdings,2018-07-18,2018-07-19,794.01,https://api.spdrgoldshares.com/api/v1/historical-archive?product=gld&exchange=NYSE&lang=en,2026-10-09
gld_holdings,2018-07-19,2018-07-20,798.13,https://api.spdrgoldshares.com/api/v1/historical-archive?product=gld&exchange=NYSE&lang=en,2026-10-09
gld_holdings,2018-07-20,2018-07-21,798.13,https://api.spdrgoldshares.com/api/v1/historical-archive?product=gld&exchange=NYSE&lang=en,2026-10-09
gld_holdings,2018-07-23,2018-07-24,802.55,https://api.spdrgoldshares.com/api/v1/historical-archive?product=gld&exchange=NYSE&lang=en,2026-10-09
gld_holdings,2018-07-24,2018-07-25,802.55,https://api.spdrgoldshares.com/api/v1/historical-archive?product=gld&exchange=NYSE&lang=en,2026-10-09
gld_holdings,2018-07-25,2018-07-26,800.2,https://api.spdrgoldshares.com/api/v1/historical-archive?product=gld&exchange=NYSE&lang=en,2026-10-09
gld_holdings,2018-07-26,2018-07-27,800.2,https://api.spdrgoldshares.com/api/v1/historical-archive?product=gld&exchange=NYSE&lang=en,2026-10-09
gld_holdings,2018-07-27,2018-07-28,800.2,https://api.spdrgoldshares.com/api/v1/historical-archive?product=gld&exchange=NYSE&lang=en,2026-10-09
gld_holdings,2018-07-30,2018-07-31,800.2,https://api.spdrgoldshares.com/api/v1/historical-archive?product=gld&exchange=NYSE&lang=en,2026-10-09
gld_holdings,2018-07-31,2018-08-01,800.2,https://api.spdrgoldshares.com/api/v1/historical-archive?product=gld&exchange=NYSE&lang=en,2026-10-09
gld_holdings,2018-08-01,2018-08-02,796.96,https://api.spdrgoldshares.com/api/v1/historical-archive?product=gld&exchange=NYSE&lang=en,2026-10-09
gld_holdings,2018-08-02,2018-08-03,796.96,https://api.spdrgoldshares.com/api/v1/historical-archive?product=gld&exchange=NYSE&lang=en,2026-10-09
gld_holdings,2018-08-03,2018-08-04,794.89,https://api.spdrgoldshares.com/api/v1/historical-archive?product=gld&exchange=NYSE&lang=en,2026-10-09
gld_holdings,2018-08-06,2018-08-07,788.71,https://api.spdrgoldshares.com/api/v1/historical-archive?product=gld&exchange=NYSE&lang=en,2026-10-09
gld_holdings,2018-08-07,2018-08-08,787.53,https://api.spdrgoldshares.com/api/v1/historical-archive?product=gld&exchange=NYSE&lang=en,2026-10-09
gld_holdings,2018-08-08,2018-08-09,786.08,https://api.spdrgoldshares.com/api/v1/historical-archive?product=gld&exchange=NYSE&lang=en,2026-10-09
gld_holdings,2018-08-09,2018-08-10,786.08,https://api.spdrgoldshares.com/api/v1/historical-archive?product=gld&exchange=NYSE&lang=en,2026-10-09
gld_holdings,2018-08-10,2018-08-11,786.08,https://api.spdrgoldshares.com/api/v1/historical-archive?product=gld&exchange=NYSE&lang=en,2026-10-09
gld_holdings,2018-08-13,2018-08-14,784.6,https://api.spdrgoldshares.com/api/v1/historical-archive?product=gld&exchange=NYSE&lang=en,2026-10-09
gld_holdings,2018-08-14,2018-08-15,776.65,https://api.spdrgoldshares.com/api/v1/historical-archive?product=gld&exchange=NYSE&lang=en,2026-10-09
gld_holdings,2018-08-15,2018-08-16,774.59,https://api.spdrgoldshares.com/api/v1/historical-archive?product=gld&exchange=NYSE&lang=en,2026-10-09
gld_holdings,2018-08-16,2018-08-17,773.41,https://api.spdrgoldshares.com/api/v1/historical-archive?product=gld&exchange=NYSE&lang=en,2026-10-09
gld_holdings,2018-08-17,2018-08-18,772.24,https://api.spdrgoldshares.com/api/v1/historical-archive?product=gld&exchange=NYSE&lang=en,2026-10-09
gld_holdings,2018-08-20,2018-08-21,772.24,https://api.spdrgoldshares.com/api/v1/historical-archive?product=gld&exchange=NYSE&lang=en,2026-10-09
gld_holdings,2018-08-21,2018-08-22,768.7,https://api.spdrgoldshares.com/api/v1/historical-archive?product=gld&exchange=NYSE&lang=en,2026-10-09
gld_holdings,2018-08-22,2018-08-23,768.7,https://api.spdrgoldshares.com/api/v1/historical-archive?product=gld&exchange=NYSE&lang=en,2026-10-09
gld_holdings,2018-08-23,2018-08-24,767.23,https://api.spdrgoldshares.com/api/v1/historical-archive?product=gld&exchange=NYSE&lang=en,2026-10-09
gld_holdings,2018-08-24,2018-08-25,764.58,https://api.spdrgoldshares.com/api/v1/historical-archive?product=gld&exchange=NYSE&lang=en,2026-10-09
gld_holdings,2018-08-27,2018-08-28,764.58,https://api.spdrgoldshares.com/api/v1/historical-archive?product=gld&exchange=NYSE&lang=en,2026-10-09
gld_holdings,2018-08-28,2018-08-29,759.87,https://api.spdrgoldshares.com/api/v1/historical-archive?product=gld&exchange=NYSE&lang=en,2026-10-09
gld_holdings,2018-08-29,2018-08-30,759.87,https://api.spdrgoldshares.com/api/v1/historical-archive?product=gld&exchange=NYSE&lang=en,2026-10-09
gld_holdings,2018-08-30,2018-08-31,757.81,https://api.spdrgoldshares.com/api/v1/historical-archive?product=gld&exchange=NYSE&lang=en,2026-10-09
gld_holdings,2018-08-31,2018-09-01,755.16,https://api.spdrgoldshares.com/api/v1/historical-archive?product=gld&exchange=NYSE&lang=en,2026-10-09
gld_holdings,2018-09-04,2018-09-05,746.91,https://api.spdrgoldshares.com/api/v1/historical-archive?product=gld&exchange=NYSE&lang=en,2026-10-09
gld_holdings,2018-09-05,2018-09-06,746.91,https://api.spdrgoldshares.com/api/v1/historical-archive?product=gld&exchange=NYSE&lang=en,2026-10-09
gld_holdings,2018-09-06,2018-09-07,746.91,https://api.spdrgoldshares.com/api/v1/historical-archive?product=gld&exchange=NYSE&lang=en,2026-10-09
gld_holdings,2018-09-07,2018-09-08,745.44,https://api.spdrgoldshares.com/api/v1/historical-archive?product=gld&exchange=NYSE&lang=en,2026-10-09
gld_holdings,2018-09-10,2018-09-11,745.44,https://api.spdrgoldshares.com/api/v1/historical-archive?product=gld&exchange=NYSE&lang=en,2026-10-09
gld_holdings,2018-09-11,2018-09-12,745.18,https://api.spdrgoldshares.com/api/v1/historical-archive?product=gld&exchange=NYSE&lang=en,2026-10-09
gld_holdings,2018-09-12,2018-09-13,745.18,https://api.spdrgoldshares.com/api/v1/historical-archive?product=gld&exchange=NYSE&lang=en,2026-10-09
gld_holdings,2018-09-13,2018-09-14,742.53,https://api.spdrgoldshares.com/api/v1/historical-archive?product=gld&exchange=NYSE&lang=en,2026-10-09
gld_holdings,2018-09-14,2018-09-15,742.53,https://api.spdrgoldshares.com/api/v1/historical-archive?product=gld&exchange=NYSE&lang=en,2026-10-09
gld_holdings,2018-09-17,2018-09-18,742.53,https://api.spdrgoldshares.com/api/v1/historical-archive?product=gld&exchange=NYSE&lang=en,2026-10-09
gld_holdings,2018-09-18,2018-09-19,742.23,https://api.spdrgoldshares.com/api/v1/historical-archive?product=gld&exchange=NYSE&lang=en,2026-10-09
gld_holdings,2018-09-19,2018-09-20,742.23,https://api.spdrgoldshares.com/api/v1/historical-archive?product=gld&exchange=NYSE&lang=en,2026-10-09
gld_holdings,2018-09-20,2018-09-21,742.23,https://api.spdrgoldshares.com/api/v1/historical-archive?product=gld&exchange=NYSE&lang=en,2026-10-09
gld_holdings,2018-09-21,2018-09-22,742.23,https://api.spdrgoldshares.com/api/v1/historical-archive?product=gld&exchange=NYSE&lang=en,2026-10-09
gld_holdings,2018-09-24,2018-09-25,742.23,https://api.spdrgoldshares.com/api/v1/historical-archive?product=gld&exchange=NYSE&lang=en,2026-10-09
gld_holdings,2018-09-25,2018-09-26,742.23,https://api.spdrgoldshares.com/api/v1/historical-archive?product=gld&exchange=NYSE&lang=en,2026-10-09
gld_holdings,2018-09-26,2018-09-27,742.23,https://api.spdrgoldshares.com/api/v1/historical-archive?product=gld&exchange=NYSE&lang=en,2026-10-09
gld_holdings,2018-09-27,2018-09-28,742.23,https://api.spdrgoldshares.com/api/v1/historical-archive?product=gld&exchange=NYSE&lang=en,2026-10-09
gld_holdings,2018-09-28,2018-09-29,742.23,https://api.spdrgoldshares.com/api/v1/historical-archive?product=gld&exchange=NYSE&lang=en,2026-10-09
gld_holdings,2018-10-01,2018-10-02,740.17,https://api.spdrgoldshares.com/api/v1/historical-archive?product=gld&exchange=NYSE&lang=en,2026-10-09
gld_holdings,2018-10-02,2018-10-03,737.82,https://api.spdrgoldshares.com/api/v1/historical-archive?product=gld&exchange=NYSE&lang=en,2026-10-09
gld_holdings,2018-10-03,2018-10-04,731.64,https://api.spdrgoldshares.com/api/v1/historical-archive?product=gld&exchange=NYSE&lang=en,2026-10-09
gld_holdings,2018-10-04,2018-10-05,731.64,https://api.spdrgoldshares.com/api/v1/historical-archive?product=gld&exchange=NYSE&lang=en,2026-10-09
gld_holdings,2018-10-05,2018-10-06,730.17,https://api.spdrgoldshares.com/api/v1/historical-archive?product=gld&exchange=NYSE&lang=en,2026-10-09
gld_holdings,2018-10-08,2018-10-09,730.17,https://api.spdrgoldshares.com/api/v1/historical-archive?product=gld&exchange=NYSE&lang=en,2026-10-09
gld_holdings,2018-10-09,2018-10-10,730.17,https://api.spdrgoldshares.com/api/v1/historical-archive?product=gld&exchange=NYSE&lang=en,2026-10-09
gld_holdings,2018-10-10,2018-10-11,738.99,https://api.spdrgoldshares.com/api/v1/historical-archive?product=gld&exchange=NYSE&lang=en,2026-10-09
gld_holdings,2018-10-11,2018-10-12,738.99,https://api.spdrgoldshares.com/api/v1/historical-archive?product=gld&exchange=NYSE&lang=en,2026-10-09
gld_holdings,2018-10-12,2018-10-13,744.64,https://api.spdrgoldshares.com/api/v1/historical-archive?product=gld&exchange=NYSE&lang=en,2026-10-09
gld_holdings,2018-10-15,2018-10-16,748.76,https://api.spdrgoldshares.com/api/v1/historical-archive?product=gld&exchange=NYSE&lang=en,2026-10-09
gld_holdings,2018-10-16,2018-10-17,748.76,https://api.spdrgoldshares.com/api/v1/historical-archive?product=gld&exchange=NYSE&lang=en,2026-10-09
gld_holdings,2018-10-17,2018-10-18,748.76,https://api.spdrgoldshares.com/api/v1/historical-archive?product=gld&exchange=NYSE&lang=en,2026-10-09
gld_holdings,2018-10-18,2018-10-19,748.76,https://api.spdrgoldshares.com/api/v1/historical-archive?product=gld&exchange=NYSE&lang=en,2026-10-09
gld_holdings,2018-10-19,2018-10-20,745.82,https://api.spdrgoldshares.com/api/v1/historical-archive?product=gld&exchange=NYSE&lang=en,2026-10-09
gld_holdings,2018-10-22,2018-10-23,747.88,https://api.spdrgoldshares.com/api/v1/historical-archive?product=gld&exchange=NYSE&lang=en,2026-10-09
gld_holdings,2018-10-23,2018-10-24,747.88,https://api.spdrgoldshares.com/api/v1/historical-archive?product=gld&exchange=NYSE&lang=en,2026-10-09
gld_holdings,2018-10-24,2018-10-25,749.64,https://api.spdrgoldshares.com/api/v1/historical-archive?product=gld&exchange=NYSE&lang=en,2026-10-09
gld_holdings,2018-10-25,2018-10-26,749.64,https://api.spdrgoldshares.com/api/v1/historical-archive?product=gld&exchange=NYSE&lang=en,2026-10-09
gld_holdings,2018-10-26,2018-10-27,749.64,https://api.spdrgoldshares.com/api/v1/historical-archive?product=gld&exchange=NYSE&lang=en,2026-10-09
gld_holdings,2018-10-29,2018-10-30,754.94,https://api.spdrgoldshares.com/api/v1/historical-archive?product=gld&exchange=NYSE&lang=en,2026-10-09
gld_holdings,2018-10-30,2018-10-31,754.94,https://api.spdrgoldshares.com/api/v1/historical-archive?product=gld&exchange=NYSE&lang=en,2026-10-09
gld_holdings,2018-10-31,2018-11-01,754.06,https://api.spdrgoldshares.com/api/v1/historical-archive?product=gld&exchange=NYSE&lang=en,2026-10-09
gld_holdings,2018-11-01,2018-11-02,760.82,https://api.spdrgoldshares.com/api/v1/historical-archive?product=gld&exchange=NYSE&lang=en,2026-10-09
gld_holdings,2018-11-02,2018-11-03,759.06,https://api.spdrgoldshares.com/api/v1/historical-archive?product=gld&exchange=NYSE&lang=en,2026-10-09
gld_holdings,2018-11-05,2018-11-06,757.29,https://api.spdrgoldshares.com/api/v1/historical-archive?product=gld&exchange=NYSE&lang=en,2026-10-09
gld_holdings,2018-11-06,2018-11-07,756.7,https://api.spdrgoldshares.com/api/v1/historical-archive?product=gld&exchange=NYSE&lang=en,2026-10-09
gld_holdings,2018-11-07,2018-11-08,755.23,https://api.spdrgoldshares.com/api/v1/historical-archive?product=gld&exchange=NYSE&lang=en,2026-10-09
gld_holdings,2018-11-08,2018-11-09,755.23,https://api.spdrgoldshares.com/api/v1/historical-archive?product=gld&exchange=NYSE&lang=en,2026-10-09
gld_holdings,2018-11-09,2018-11-10,755.23,https://api.spdrgoldshares.com/api/v1/historical-archive?product=gld&exchange=NYSE&lang=en,2026-10-09
gld_holdings,2018-11-12,2018-11-13,762.0,https://api.spdrgoldshares.com/api/v1/historical-archive?product=gld&exchange=NYSE&lang=en,2026-10-09
gld_holdings,2018-11-13,2018-11-14,761.15,https://api.spdrgoldshares.com/api/v1/historical-archive?product=gld&exchange=NYSE&lang=en,2026-10-09
gld_holdings,2018-11-14,2018-11-15,761.15,https://api.spdrgoldshares.com/api/v1/historical-archive?product=gld&exchange=NYSE&lang=en,2026-10-09
gld_holdings,2018-11-15,2018-11-16,761.15,https://api.spdrgoldshares.com/api/v1/historical-archive?product=gld&exchange=NYSE&lang=en,2026-10-09
gld_holdings,2018-11-16,2018-11-17,759.68,https://api.spdrgoldshares.com/api/v1/historical-archive?product=gld&exchange=NYSE&lang=en,2026-10-09
gld_holdings,2018-11-19,2018-11-20,760.86,https://api.spdrgoldshares.com/api/v1/historical-archive?product=gld&exchange=NYSE&lang=en,2026-10-09
gld_holdings,2018-11-20,2018-11-21,760.86,https://api.spdrgoldshares.com/api/v1/historical-archive?product=gld&exchange=NYSE&lang=en,2026-10-09
gld_holdings,2018-11-21,2018-11-22,762.92,https://api.spdrgoldshares.com/api/v1/historical-archive?product=gld&exchange=NYSE&lang=en,2026-10-09
gld_holdings,2018-11-23,2018-11-24,762.92,https://api.spdrgoldshares.com/api/v1/historical-archive?product=gld&exchange=NYSE&lang=en,2026-10-09
gld_holdings,2018-11-26,2018-11-27,761.74,https://api.spdrgoldshares.com/api/v1/historical-archive?product=gld&exchange=NYSE&lang=en,2026-10-09
gld_holdings,2018-11-27,2018-11-28,761.74,https://api.spdrgoldshares.com/api/v1/historical-archive?product=gld&exchange=NYSE&lang=en,2026-10-09
gld_holdings,2018-11-28,2018-11-29,761.74,https://api.spdrgoldshares.com/api/v1/historical-archive?product=gld&exchange=NYSE&lang=en,2026-10-09
gld_holdings,2018-11-29,2018-11-30,761.74,https://api.spdrgoldshares.com/api/v1/historical-archive?product=gld&exchange=NYSE&lang=en,2026-10-09
gld_holdings,2018-11-30,2018-12-01,761.74,https://api.spdrgoldshares.com/api/v1/historical-archive?product=gld&exchange=NYSE&lang=en,2026-10-09
gld_holdings,2018-12-03,2018-12-04,758.21,https://api.spdrgoldshares.com/api/v1/historical-archive?product=gld&exchange=NYSE&lang=en,2026-10-09
gld_holdings,2018-12-04,2018-12-05,758.21,https://api.spdrgoldshares.com/api/v1/historical-archive?product=gld&exchange=NYSE&lang=en,2026-10-09
gld_holdings,2018-12-06,2018-12-07,758.21,https://api.spdrgoldshares.com/api/v1/historical-archive?product=gld&exchange=NYSE&lang=en,2026-10-09
gld_holdings,2018-12-07,2018-12-08,759.73,https://api.spdrgoldshares.com/api/v1/historical-archive?product=gld&exchange=NYSE&lang=en,2026-10-09
gld_holdings,2018-12-10,2018-12-11,760.32,https://api.spdrgoldshares.com/api/v1/historical-archive?product=gld&exchange=NYSE&lang=en,2026-10-09
gld_holdings,2018-12-11,2018-12-12,763.56,https://api.spdrgoldshares.com/api/v1/historical-archive?product=gld&exchange=NYSE&lang=en,2026-10-09
gld_holdings,2018-12-12,2018-12-13,763.56,https://api.spdrgoldshares.com/api/v1/historical-archive?product=gld&exchange=NYSE&lang=en,2026-10-09
gld_holdings,2018-12-13,2018-12-14,763.56,https://api.spdrgoldshares.com/api/v1/historical-archive?product=gld&exchange=NYSE&lang=en,2026-10-09
gld_holdings,2018-12-14,2018-12-15,763.56,https://api.spdrgoldshares.com/api/v1/historical-archive?product=gld&exchange=NYSE&lang=en,2026-10-09
gld_holdings,2018-12-17,2018-12-18,763.56,https://api.spdrgoldshares.com/api/v1/historical-archive?product=gld&exchange=NYSE&lang=en,2026-10-09
gld_holdings,2018-12-18,2018-12-19,771.79,https://api.spdrgoldshares.com/api/v1/historical-archive?product=gld&exchange=NYSE&lang=en,2026-10-09
gld_holdings,2018-12-19,2018-12-20,771.79,https://api.spdrgoldshares.com/api/v1/historical-archive?product=gld&exchange=NYSE&lang=en,2026-10-09
gld_holdings,2018-12-20,2018-12-21,769.14,https://api.spdrgoldshares.com/api/v1/historical-archive?product=gld&exchange=NYSE&lang=en,2026-10-09
gld_holdings,2018-12-21,2018-12-22,772.67,https://api.spdrgoldshares.com/api/v1/historical-archive?product=gld&exchange=NYSE&lang=en,2026-10-09
gld_holdings,2018-12-24,2018-12-25,774.14,https://api.spdrgoldshares.com/api/v1/historical-archive?product=gld&exchange=NYSE&lang=en,2026-10-09
gld_holdings,2018-12-26,2018-12-27,790.02,https://api.spdrgoldshares.com/api/v1/historical-archive?product=gld&exchange=NYSE&lang=en,2026-10-09
gld_holdings,2018-12-27,2018-12-28,787.67,https://api.spdrgoldshares.com/api/v1/historical-archive?product=gld&exchange=NYSE&lang=en,2026-10-09
gld_holdings,2018-12-28,2018-12-29,787.67,https://api.spdrgoldshares.com/api/v1/historical-archive?product=gld&exchange=NYSE&lang=en,2026-10-09
gld_holdings,2018-12-31,2019-01-01,787.67,https://api.spdrgoldshares.com/api/v1/historical-archive?product=gld&exchange=NYSE&lang=en,2026-10-09
gld_holdings,2019-01-02,2019-01-03,795.31,https://api.spdrgoldshares.com/api/v1/historical-archive?product=gld&exchange=NYSE&lang=en,2026-10-09
gld_holdings,2019-01-03,2019-01-04,795.31,https://api.spdrgoldshares.com/api/v1/historical-archive?product=gld&exchange=NYSE&lang=en,2026-10-09
gld_holdings,2019-01-04,2019-01-05,798.25,https://api.spdrgoldshares.com/api/v1/historical-archive?product=gld&exchange=NYSE&lang=en,2026-10-09
gld_holdings,2019-01-07,2019-01-08,796.78,https://api.spdrgoldshares.com/api/v1/historical-archive?product=gld&exchange=NYSE&lang=en,2026-10-09
gld_holdings,2019-01-08,2019-01-09,796.53,https://api.spdrgoldshares.com/api/v1/historical-archive?product=gld&exchange=NYSE&lang=en,2026-10-09
gld_holdings,2019-01-09,2019-01-10,799.18,https://api.spdrgoldshares.com/api/v1/historical-archive?product=gld&exchange=NYSE&lang=en,2026-10-09
gld_holdings,2019-01-10,2019-01-11,797.71,https://api.spdrgoldshares.com/api/v1/historical-archive?product=gld&exchange=NYSE&lang=en,2026-10-09
gld_holdings,2019-01-11,2019-01-12,797.71,https://api.spdrgoldshares.com/api/v1/historical-archive?product=gld&exchange=NYSE&lang=en,2026-10-09
gld_holdings,2019-01-14,2019-01-15,797.71,https://api.spdrgoldshares.com/api/v1/historical-archive?product=gld&exchange=NYSE&lang=en,2026-10-09
gld_holdings,2019-01-15,2019-01-16,797.71,https://api.spdrgoldshares.com/api/v1/historical-archive?product=gld&exchange=NYSE&lang=en,2026-10-09
gld_holdings,2019-01-16,2019-01-17,797.71,https://api.spdrgoldshares.com/api/v1/historical-archive?product=gld&exchange=NYSE&lang=en,2026-10-09
gld_holdings,2019-01-17,2019-01-18,797.71,https://api.spdrgoldshares.com/api/v1/historical-archive?product=gld&exchange=NYSE&lang=en,2026-10-09
gld_holdings,2019-01-18,2019-01-19,809.76,https://api.spdrgoldshares.com/api/v1/historical-archive?product=gld&exchange=NYSE&lang=en,2026-10-09
gld_holdings,2019-01-22,2019-01-23,809.76,https://api.spdrgoldshares.com/api/v1/historical-archive?product=gld&exchange=NYSE&lang=en,2026-10-09
gld_holdings,2019-01-23,2019-01-24,809.76,https://api.spdrgoldshares.com/api/v1/historical-archive?product=gld&exchange=NYSE&lang=en,2026-10-09
gld_holdings,2019-01-24,2019-01-25,809.76,https://api.spdrgoldshares.com/api/v1/historical-archive?product=gld&exchange=NYSE&lang=en,2026-10-09
gld_holdings,2019-01-25,2019-01-26,809.76,https://api.spdrgoldshares.com/api/v1/historical-archive?product=gld&exchange=NYSE&lang=en,2026-10-09
gld_holdings,2019-01-28,2019-01-29,815.64,https://api.spdrgoldshares.com/api/v1/historical-archive?product=gld&exchange=NYSE&lang=en,2026-10-09
gld_holdings,2019-01-29,2019-01-30,823.87,https://api.spdrgoldshares.com/api/v1/historical-archive?product=gld&exchange=NYSE&lang=en,2026-10-09
gld_holdings,2019-01-30,2019-01-31,823.87,https://api.spdrgoldshares.com/api/v1/historical-archive?product=gld&exchange=NYSE&lang=en,2026-10-09
gld_holdings,2019-01-31,2019-02-01,823.87,https://api.spdrgoldshares.com/api/v1/historical-archive?product=gld&exchange=NYSE&lang=en,2026-10-09
gld_holdings,2019-02-01,2019-02-02,817.4,https://api.spdrgoldshares.com/api/v1/historical-archive?product=gld&exchange=NYSE&lang=en,2026-10-09
gld_holdings,2019-02-04,2019-02-05,813.29,https://api.spdrgoldshares.com/api/v1/historical-archive?product=gld&exchange=NYSE&lang=en,2026-10-09
gld_holdings,2019-02-05,2019-02-06,811.82,https://api.spdrgoldshares.com/api/v1/historical-archive?product=gld&exchange=NYSE&lang=en,2026-10-09
gld_holdings,2019-02-06,2019-02-07,809.76,https://api.spdrgoldshares.com/api/v1/historical-archive?product=gld&exchange=NYSE&lang=en,2026-10-09
gld_holdings,2019-02-07,2019-02-08,803.29,https://api.spdrgoldshares.com/api/v1/historical-archive?product=gld&exchange=NYSE&lang=en,2026-10-09
gld_holdings,2019-02-08,2019-02-09,802.12,https://api.spdrgoldshares.com/api/v1/historical-archive?product=gld&exchange=NYSE&lang=en,2026-10-09
gld_holdings,2019-02-11,2019-02-12,802.12,https://api.spdrgoldshares.com/api/v1/historical-archive?product=gld&exchange=NYSE&lang=en,2026-10-09
gld_holdings,2019-02-12,2019-02-13,798.89,https://api.spdrgoldshares.com/api/v1/historical-archive?product=gld&exchange=NYSE&lang=en,2026-10-09
gld_holdings,2019-02-13,2019-02-14,796.85,https://api.spdrgoldshares.com/api/v1/historical-archive?product=gld&exchange=NYSE&lang=en,2026-10-09
gld_holdings,2019-02-14,2019-02-15,796.85,https://api.spdrgoldshares.com/api/v1/historical-archive?product=gld&exchange=NYSE&lang=en,2026-10-09
gld_holdings,2019-02-15,2019-02-16,793.03,https://api.spdrgoldshares.com/api/v1/historical-archive?product=gld&exchange=NYSE&lang=en,2026-10-09
gld_holdings,2019-02-19,2019-02-20,792.45,https://api.spdrgoldshares.com/api/v1/historical-archive?product=gld&exchange=NYSE&lang=en,2026-10-09
gld_holdings,2019-02-20,2019-02-21,794.5,https://api.spdrgoldshares.com/api/v1/historical-archive?product=gld&exchange=NYSE&lang=en,2026-10-09
gld_holdings,2019-02-21,2019-02-22,789.51,https://api.spdrgoldshares.com/api/v1/historical-archive?product=gld&exchange=NYSE&lang=en,2026-10-09
gld_holdings,2019-02-22,2019-02-23,789.51,https://api.spdrgoldshares.com/api/v1/historical-archive?product=gld&exchange=NYSE&lang=en,2026-10-09
gld_holdings,2019-02-25,2019-02-26,788.33,https://api.spdrgoldshares.com/api/v1/historical-archive?product=gld&exchange=NYSE&lang=en,2026-10-09
gld_holdings,2019-02-26,2019-02-27,788.33,https://api.spdrgoldshares.com/api/v1/historical-archive?product=gld&exchange=NYSE&lang=en,2026-10-09
gld_holdings,2019-02-27,2019-02-28,788.33,https://api.spdrgoldshares.com/api/v1/historical-archive?product=gld&exchange=NYSE&lang=en,2026-10-09
gld_holdings,2019-02-28,2019-03-01,784.22,https://api.spdrgoldshares.com/api/v1/historical-archive?product=gld&exchange=NYSE&lang=en,2026-10-09
gld_holdings,2019-03-01,2019-03-02,772.46,https://api.spdrgoldshares.com/api/v1/historical-archive?product=gld&exchange=NYSE&lang=en,2026-10-09
gld_holdings,2019-03-04,2019-03-05,766.59,https://api.spdrgoldshares.com/api/v1/historical-archive?product=gld&exchange=NYSE&lang=en,2026-10-09
gld_holdings,2019-03-05,2019-03-06,766.59,https://api.spdrgoldshares.com/api/v1/historical-archive?product=gld&exchange=NYSE&lang=en,2026-10-09
gld_holdings,2019-03-06,2019-03-07,766.59,https://api.spdrgoldshares.com/api/v1/historical-archive?product=gld&exchange=NYSE&lang=en,2026-10-09
gld_holdings,2019-03-07,2019-03-08,766.59,https://api.spdrgoldshares.com/api/v1/historical-archive?product=gld&exchange=NYSE&lang=en,2026-10-09
gld_holdings,2019-03-08,2019-03-09,766.59,https://api.spdrgoldshares.com/api/v1/historical-archive?product=gld&exchange=NYSE&lang=en,2026-10-09
gld_holdings,2019-03-11,2019-03-12,769.53,https://api.spdrgoldshares.com/api/v1/historical-archive?product=gld&exchange=NYSE&lang=en,2026-10-09
gld_holdings,2019-03-12,2019-03-13,772.46,https://api.spdrgoldshares.com/api/v1/historical-archive?product=gld&exchange=NYSE&lang=en,2026-10-09
gld_holdings,2019-03-13,2019-03-14,772.46,https://api.spdrgoldshares.com/api/v1/historical-archive?product=gld&exchange=NYSE&lang=en,2026-10-09
gld_holdings,2019-03-14,2019-03-15,772.46,https://api.spdrgoldshares.com/api/v1/historical-archive?product=gld&exchange=NYSE&lang=en,2026-10-09
gld_holdings,2019-03-15,2019-03-16,771.04,https://api.spdrgoldshares.com/api/v1/historical-archive?product=gld&exchange=NYSE&lang=en,2026-10-09
gld_holdings,2019-03-18,2019-03-19,779.27,https://api.spdrgoldshares.com/api/v1/historical-archive?product=gld&exchange=NYSE&lang=en,2026-10-09
gld_holdings,2019-03-19,2019-03-20,778.09,https://api.spdrgoldshares.com/api/v1/historical-archive?product=gld&exchange=NYSE&lang=en,2026-10-09
gld_holdings,2019-03-20,2019-03-21,778.09,https://api.spdrgoldshares.com/api/v1/historical-archive?product=gld&exchange=NYSE&lang=en,2026-10-09
gld_holdings,2019-03-21,2019-03-22,778.09,https://api.spdrgoldshares.com/api/v1/historical-archive?product=gld&exchange=NYSE&lang=en,2026-10-09
gld_holdings,2019-03-22,2019-03-23,781.03,https://api.spdrgoldshares.com/api/v1/historical-archive?product=gld&exchange=NYSE&lang=en,2026-10-09
gld_holdings,2019-03-25,2019-03-26,781.03,https://api.spdrgoldshares.com/api/v1/historical-archive?product=gld&exchange=NYSE&lang=en,2026-10-09
gld_holdings,2019-03-26,2019-03-27,784.26,https://api.spdrgoldshares.com/api/v1/historical-archive?product=gld&exchange=NYSE&lang=en,2026-10-09
gld_holdings,2019-03-27,2019-03-28,784.26,https://api.spdrgoldshares.com/api/v1/historical-archive?product=gld&exchange=NYSE&lang=en,2026-10-09
gld_holdings,2019-03-28,2019-03-29,784.26,https://api.spdrgoldshares.com/api/v1/historical-archive?product=gld&exchange=NYSE&lang=en,2026-10-09
gld_holdings,2019-03-29,2019-03-30,784.26,https://api.spdrgoldshares.com/api/v1/historical-archive?product=gld&exchange=NYSE&lang=en,2026-10-09
gld_holdings,2019-04-01,2019-04-02,772.8,https://api.spdrgoldshares.com/api/v1/historical-archive?product=gld&exchange=NYSE&lang=en,2026-10-09
gld_holdings,2019-04-02,2019-04-03,768.1,https://api.spdrgoldshares.com/api/v1/historical-archive?product=gld&exchange=NYSE&lang=en,2026-10-09
gld_holdings,2019-04-03,2019-04-04,764.29,https://api.spdrgoldshares.com/api/v1/historical-archive?product=gld&exchange=NYSE&lang=en,2026-10-09
gld_holdings,2019-04-04,2019-04-05,762.55,https://api.spdrgoldshares.com/api/v1/historical-archive?product=gld&exchange=NYSE&lang=en,2026-10-09
gld_holdings,2019-04-05,2019-04-06,761.67,https://api.spdrgoldshares.com/api/v1/historical-archive?product=gld&exchange=NYSE&lang=en,2026-10-09
gld_holdings,2019-04-08,2019-04-09,760.49,https://api.spdrgoldshares.com/api/v1/historical-archive?product=gld&exchange=NYSE&lang=en,2026-10-09
gld_holdings,2019-04-09,2019-04-10,757.85,https://api.spdrgoldshares.com/api/v1/historical-archive?product=gld&exchange=NYSE&lang=en,2026-10-09
gld_holdings,2019-04-10,2019-04-11,757.85,https://api.spdrgoldshares.com/api/v1/historical-archive?product=gld&exchange=NYSE&lang=en,2026-10-09
gld_holdings,2019-04-11,2019-04-12,757.85,https://api.spdrgoldshares.com/api/v1/historical-archive?product=gld&exchange=NYSE&lang=en,2026-10-09
gld_holdings,2019-04-12,2019-04-13,757.85,https://api.spdrgoldshares.com/api/v1/historical-archive?product=gld&exchange=NYSE&lang=en,2026-10-09
gld_holdings,2019-04-15,2019-04-16,754.03,https://api.spdrgoldshares.com/api/v1/historical-archive?product=gld&exchange=NYSE&lang=en,2026-10-09
gld_holdings,2019-04-16,2019-04-17,752.27,https://api.spdrgoldshares.com/api/v1/historical-archive?product=gld&exchange=NYSE&lang=en,2026-10-09
gld_holdings,2019-04-17,2019-04-18,752.86,https://api.spdrgoldshares.com/api/v1/historical-archive?product=gld&exchange=NYSE&lang=en,2026-10-09
gld_holdings,2019-04-18,2019-04-19,751.68,https://api.spdrgoldshares.com/api/v1/historical-archive?product=gld&exchange=NYSE&lang=en,2026-10-09
gld_holdings,2019-04-22,2019-04-23,751.68,https://api.spdrgoldshares.com/api/v1/historical-archive?product=gld&exchange=NYSE&lang=en,2026-10-09
gld_holdings,2019-04-23,2019-04-24,749.63,https://api.spdrgoldshares.com/api/v1/historical-archive?product=gld&exchange=NYSE&lang=en,2026-10-09
gld_holdings,2019-04-24,2019-04-25,747.87,https://api.spdrgoldshares.com/api/v1/historical-archive?product=gld&exchange=NYSE&lang=en,2026-10-09
gld_holdings,2019-04-25,2019-04-26,747.87,https://api.spdrgoldshares.com/api/v1/historical-archive?product=gld&exchange=NYSE&lang=en,2026-10-09
gld_holdings,2019-04-26,2019-04-27,746.69,https://api.spdrgoldshares.com/api/v1/historical-archive?product=gld&exchange=NYSE&lang=en,2026-10-09
gld_holdings,2019-04-29,2019-04-30,746.69,https://api.spdrgoldshares.com/api/v1/historical-archive?product=gld&exchange=NYSE&lang=en,2026-10-09
gld_holdings,2019-04-30,2019-05-01,746.69,https://api.spdrgoldshares.com/api/v1/historical-archive?product=gld&exchange=NYSE&lang=en,2026-10-09
gld_holdings,2019-05-01,2019-05-02,746.69,https://api.spdrgoldshares.com/api/v1/historical-archive?product=gld&exchange=NYSE&lang=en,2026-10-09
gld_holdings,2019-05-02,2019-05-03,745.52,https://api.spdrgoldshares.com/api/v1/historical-archive?product=gld&exchange=NYSE&lang=en,2026-10-09
gld_holdings,2019-05-03,2019-05-04,740.82,https://api.spdrgoldshares.com/api/v1/historical-archive?product=gld&exchange=NYSE&lang=en,2026-10-09
gld_holdings,2019-05-06,2019-05-07,739.64,https://api.spdrgoldshares.com/api/v1/historical-archive?product=gld&exchange=NYSE&lang=en,2026-10-09
gld_holdings,2019-05-07,2019-05-08,739.94,https://api.spdrgoldshares.com/api/v1/historical-archive?product=gld&exchange=NYSE&lang=en,2026-10-09
gld_holdings,2019-05-08,2019-05-09,739.94,https://api.spdrgoldshares.com/api/v1/historical-archive?product=gld&exchange=NYSE&lang=en,2026-10-09
gld_holdings,2019-05-09,2019-05-10,739.94,https://api.spdrgoldshares.com/api/v1/historical-archive?product=gld&exchange=NYSE&lang=en,2026-10-09
gld_holdings,2019-05-10,2019-05-11,733.23,https://api.spdrgoldshares.com/api/v1/historical-archive?product=gld&exchange=NYSE&lang=en,2026-10-09
gld_holdings,2019-05-13,2019-05-14,736.46,https://api.spdrgoldshares.com/api/v1/historical-archive?product=gld&exchange=NYSE&lang=en,2026-10-09
gld_holdings,2019-05-14,2019-05-15,736.46,https://api.spdrgoldshares.com/api/v1/historical-archive?product=gld&exchange=NYSE&lang=en,2026-10-09
gld_holdings,2019-05-15,2019-05-16,733.23,https://api.spdrgoldshares.com/api/v1/historical-archive?product=gld&exchange=NYSE&lang=en,2026-10-09
gld_holdings,2019-05-16,2019-05-17,733.23,https://api.spdrgoldshares.com/api/v1/historical-archive?product=gld&exchange=NYSE&lang=en,2026-10-09
gld_holdings,2019-05-17,2019-05-18,736.17,https://api.spdrgoldshares.com/api/v1/historical-archive?product=gld&exchange=NYSE&lang=en,2026-10-09
gld_holdings,2019-05-20,2019-05-21,736.17,https://api.spdrgoldshares.com/api/v1/historical-archive?product=gld&exchange=NYSE&lang=en,2026-10-09
gld_holdings,2019-05-21,2019-05-22,739.69,https://api.spdrgoldshares.com/api/v1/historical-archive?product=gld&exchange=NYSE&lang=en,2026-10-09
gld_holdings,2019-05-22,2019-05-23,738.81,https://api.spdrgoldshares.com/api/v1/historical-archive?product=gld&exchange=NYSE&lang=en,2026-10-09
gld_holdings,2019-05-23,2019-05-24,738.81,https://api.spdrgoldshares.com/api/v1/historical-archive?product=gld&exchange=NYSE&lang=en,2026-10-09
gld_holdings,2019-05-24,2019-05-25,738.81,https://api.spdrgoldshares.com/api/v1/historical-archive?product=gld&exchange=NYSE&lang=en,2026-10-09
gld_holdings,2019-05-28,2019-05-29,737.34,https://api.spdrgoldshares.com/api/v1/historical-archive?product=gld&exchange=NYSE&lang=en,2026-10-09
gld_holdings,2019-05-29,2019-05-30,740.86,https://api.spdrgoldshares.com/api/v1/historical-archive?product=gld&exchange=NYSE&lang=en,2026-10-09
gld_holdings,2019-05-30,2019-05-31,740.86,https://api.spdrgoldshares.com/api/v1/historical-archive?product=gld&exchange=NYSE&lang=en,2026-10-09
gld_holdings,2019-05-31,2019-06-01,743.21,https://api.spdrgoldshares.com/api/v1/historical-archive?product=gld&exchange=NYSE&lang=en,2026-10-09
gld_holdings,2019-06-03,2019-06-04,759.65,https://api.spdrgoldshares.com/api/v1/historical-archive?product=gld&exchange=NYSE&lang=en,2026-10-09
gld_holdings,2019-06-04,2019-06-05,759.65,https://api.spdrgoldshares.com/api/v1/historical-archive?product=gld&exchange=NYSE&lang=en,2026-10-09
gld_holdings,2019-06-05,2019-06-06,757.59,https://api.spdrgoldshares.com/api/v1/historical-archive?product=gld&exchange=NYSE&lang=en,2026-10-09
gld_holdings,2019-06-06,2019-06-07,757.59,https://api.spdrgoldshares.com/api/v1/historical-archive?product=gld&exchange=NYSE&lang=en,2026-10-09
gld_holdings,2019-06-07,2019-06-08,756.42,https://api.spdrgoldshares.com/api/v1/historical-archive?product=gld&exchange=NYSE&lang=en,2026-10-09
gld_holdings,2019-06-10,2019-06-11,756.42,https://api.spdrgoldshares.com/api/v1/historical-archive?product=gld&exchange=NYSE&lang=en,2026-10-09
gld_holdings,2019-06-11,2019-06-12,756.18,https://api.spdrgoldshares.com/api/v1/historical-archive?product=gld&exchange=NYSE&lang=en,2026-10-09
gld_holdings,2019-06-12,2019-06-13,759.7,https://api.spdrgoldshares.com/api/v1/historical-archive?product=gld&exchange=NYSE&lang=en,2026-10-09
gld_holdings,2019-06-13,2019-06-14,759.7,https://api.spdrgoldshares.com/api/v1/historical-archive?product=gld&exchange=NYSE&lang=en,2026-10-09
gld_holdings,2019-06-14,2019-06-15,764.1,https://api.spdrgoldshares.com/api/v1/historical-archive?product=gld&exchange=NYSE&lang=en,2026-10-09
gld_holdings,2019-06-17,2019-06-18,764.1,https://api.spdrgoldshares.com/api/v1/historical-archive?product=gld&exchange=NYSE&lang=en,2026-10-09
gld_holdings,2019-06-18,2019-06-19,764.1,https://api.spdrgoldshares.com/api/v1/historical-archive?product=gld&exchange=NYSE&lang=en,2026-10-09
gld_holdings,2019-06-19,2019-06-20,764.1,https://api.spdrgoldshares.com/api/v1/historical-archive?product=gld&exchange=NYSE&lang=en,2026-10-09
gld_holdings,2019-06-20,2019-06-21,764.1,https://api.spdrgoldshares.com/api/v1/historical-archive?product=gld&exchange=NYSE&lang=en,2026-10-09
gld_holdings,2019-06-21,2019-06-22,799.03,https://api.spdrgoldshares.com/api/v1/historical-archive?product=gld&exchange=NYSE&lang=en,2026-10-09
gld_holdings,2019-06-24,2019-06-25,801.96,https://api.spdrgoldshares.com/api/v1/historical-archive?product=gld&exchange=NYSE&lang=en,2026-10-09
gld_holdings,2019-06-25,2019-06-26,799.61,https://api.spdrgoldshares.com/api/v1/historical-archive?product=gld&exchange=NYSE&lang=en,2026-10-09
gld_holdings,2019-06-26,2019-06-27,797.85,https://api.spdrgoldshares.com/api/v1/historical-archive?product=gld&exchange=NYSE&lang=en,2026-10-09
gld_holdings,2019-06-27,2019-06-28,795.8,https://api.spdrgoldshares.com/api/v1/historical-archive?product=gld&exchange=NYSE&lang=en,2026-10-09
gld_holdings,2019-06-28,2019-06-29,794.04,https://api.spdrgoldshares.com/api/v1/historical-archive?product=gld&exchange=NYSE&lang=en,2026-10-09
gld_holdings,2019-07-01,2019-07-02,800.2,https://api.spdrgoldshares.com/api/v1/historical-archive?product=gld&exchange=NYSE&lang=en,2026-10-09
gld_holdings,2019-07-02,2019-07-03,798.44,https://api.spdrgoldshares.com/api/v1/historical-archive?product=gld&exchange=NYSE&lang=en,2026-10-09
gld_holdings,2019-07-03,2019-07-04,798.44,https://api.spdrgoldshares.com/api/v1/historical-archive?product=gld&exchange=NYSE&lang=en,2026-10-09
gld_holdings,2019-07-05,2019-07-06,796.97,https://api.spdrgoldshares.com/api/v1/historical-archive?product=gld&exchange=NYSE&lang=en,2026-10-09
gld_holdings,2019-07-08,2019-07-09,795.8,https://api.spdrgoldshares.com/api/v1/historical-archive?product=gld&exchange=NYSE&lang=en,2026-10-09
gld_holdings,2019-07-09,2019-07-10,794.08,https://api.spdrgoldshares.com/api/v1/historical-archive?product=gld&exchange=NYSE&lang=en,2026-10-09
gld_holdings,2019-07-10,2019-07-11,800.54,https://api.spdrgoldshares.com/api/v1/historical-archive?product=gld&exchange=NYSE&lang=en,2026-10-09
gld_holdings,2019-07-11,2019-07-12,800.54,https://api.spdrgoldshares.com/api/v1/historical-archive?product=gld&exchange=NYSE&lang=en,2026-10-09
gld_holdings,2019-07-12,2019-07-13,800.54,https://api.spdrgoldshares.com/api/v1/historical-archive?product=gld&exchange=NYSE&lang=en,2026-10-09
gld_holdings,2019-07-15,2019-07-16,800.54,https://api.spdrgoldshares.com/api/v1/historical-archive?product=gld&exchange=NYSE&lang=en,2026-10-09
gld_holdings,2019-07-16,2019-07-17,799.37,https://api.spdrgoldshares.com/api/v1/historical-archive?product=gld&exchange=NYSE&lang=en,2026-10-09
gld_holdings,2019-07-17,2019-07-18,803.18,https://api.spdrgoldshares.com/api/v1/historical-archive?product=gld&exchange=NYSE&lang=en,2026-10-09
gld_holdings,2019-07-18,2019-07-19,814.62,https://api.spdrgoldshares.com/api/v1/historical-archive?product=gld&exchange=NYSE&lang=en,2026-10-09
gld_holdings,2019-07-19,2019-07-20,820.49,https://api.spdrgoldshares.com/api/v1/historical-archive?product=gld&exchange=NYSE&lang=en,2026-10-09
gld_holdings,2019-07-22,2019-07-23,825.18,https://api.spdrgoldshares.com/api/v1/historical-archive?product=gld&exchange=NYSE&lang=en,2026-10-09
gld_holdings,2019-07-23,2019-07-24,823.13,https://api.spdrgoldshares.com/api/v1/historical-archive?product=gld&exchange=NYSE&lang=en,2026-10-09
gld_holdings,2019-07-24,2019-07-25,822.25,https://api.spdrgoldshares.com/api/v1/historical-archive?product=gld&exchange=NYSE&lang=en,2026-10-09
gld_holdings,2019-07-25,2019-07-26,819.32,https://api.spdrgoldshares.com/api/v1/historical-archive?product=gld&exchange=NYSE&lang=en,2026-10-09
gld_holdings,2019-07-26,2019-07-27,818.14,https://api.spdrgoldshares.com/api/v1/historical-archive?product=gld&exchange=NYSE&lang=en,2026-10-09
gld_holdings,2019-07-29,2019-07-30,824.89,https://api.spdrgoldshares.com/api/v1/historical-archive?product=gld&exchange=NYSE&lang=en,2026-10-09
gld_holdings,2019-07-30,2019-07-31,824.89,https://api.spdrgoldshares.com/api/v1/historical-archive?product=gld&exchange=NYSE&lang=en,2026-10-09
gld_holdings,2019-07-31,2019-08-01,823.42,https://api.spdrgoldshares.com/api/v1/historical-archive?product=gld&exchange=NYSE&lang=en,2026-10-09
gld_holdings,2019-08-01,2019-08-02,827.82,https://api.spdrgoldshares.com/api/v1/historical-archive?product=gld&exchange=NYSE&lang=en,2026-10-09
gld_holdings,2019-08-02,2019-08-03,830.76,https://api.spdrgoldshares.com/api/v1/historical-archive?product=gld&exchange=NYSE&lang=en,2026-10-09
gld_holdings,2019-08-05,2019-08-06,835.16,https://api.spdrgoldshares.com/api/v1/historical-archive?product=gld&exchange=NYSE&lang=en,2026-10-09
gld_holdings,2019-08-06,2019-08-07,836.92,https://api.spdrgoldshares.com/api/v1/historical-archive?product=gld&exchange=NYSE&lang=en,2026-10-09
gld_holdings,2019-08-07,2019-08-08,845.42,https://api.spdrgoldshares.com/api/v1/historical-archive?product=gld&exchange=NYSE&lang=en,2026-10-09
gld_holdings,2019-08-08,2019-08-09,839.85,https://api.spdrgoldshares.com/api/v1/historical-archive?product=gld&exchange=NYSE&lang=en,2026-10-09
gld_holdings,2019-08-09,2019-08-10,839.85,https://api.spdrgoldshares.com/api/v1/historical-archive?product=gld&exchange=NYSE&lang=en,2026-10-09
gld_holdings,2019-08-12,2019-08-13,847.77,https://api.spdrgoldshares.com/api/v1/historical-archive?product=gld&exchange=NYSE&lang=en,2026-10-09
gld_holdings,2019-08-13,2019-08-14,836.66,https://api.spdrgoldshares.com/api/v1/historical-archive?product=gld&exchange=NYSE&lang=en,2026-10-09
gld_holdings,2019-08-14,2019-08-15,844.29,https://api.spdrgoldshares.com/api/v1/historical-archive?product=gld&exchange=NYSE&lang=en,2026-10-09
gld_holdings,2019-08-15,2019-08-16,844.29,https://api.spdrgoldshares.com/api/v1/historical-archive?product=gld&exchange=NYSE&lang=en,2026-10-09
gld_holdings,2019-08-16,2019-08-17,843.41,https://api.spdrgoldshares.com/api/v1/historical-archive?product=gld&exchange=NYSE&lang=en,2026-10-09
gld_holdings,2019-08-19,2019-08-20,843.41,https://api.spdrgoldshares.com/api/v1/historical-archive?product=gld&exchange=NYSE&lang=en,2026-10-09
gld_holdings,2019-08-20,2019-08-21,845.17,https://api.spdrgoldshares.com/api/v1/historical-archive?product=gld&exchange=NYSE&lang=en,2026-10-09
gld_holdings,2019-08-21,2019-08-22,851.91,https://api.spdrgoldshares.com/api/v1/historical-archive?product=gld&exchange=NYSE&lang=en,2026-10-09
gld_holdings,2019-08-22,2019-08-23,854.84,https://api.spdrgoldshares.com/api/v1/historical-archive?product=gld&exchange=NYSE&lang=en,2026-10-09
gld_holdings,2019-08-23,2019-08-24,859.83,https://api.spdrgoldshares.com/api/v1/historical-archive?product=gld&exchange=NYSE&lang=en,2026-10-09
gld_holdings,2019-08-26,2019-08-27,859.83,https://api.spdrgoldshares.com/api/v1/historical-archive?product=gld&exchange=NYSE&lang=en,2026-10-09
gld_holdings,2019-08-27,2019-08-28,873.32,https://api.spdrgoldshares.com/api/v1/historical-archive?product=gld&exchange=NYSE&lang=en,2026-10-09
gld_holdings,2019-08-28,2019-08-29,882.41,https://api.spdrgoldshares.com/api/v1/historical-archive?product=gld&exchange=NYSE&lang=en,2026-10-09
gld_holdings,2019-08-29,2019-08-30,880.36,https://api.spdrgoldshares.com/api/v1/historical-archive?product=gld&exchange=NYSE&lang=en,2026-10-09
gld_holdings,2019-08-30,2019-08-31,878.31,https://api.spdrgoldshares.com/api/v1/historical-archive?product=gld&exchange=NYSE&lang=en,2026-10-09
gld_holdings,2019-09-03,2019-09-04,890.04,https://api.spdrgoldshares.com/api/v1/historical-archive?product=gld&exchange=NYSE&lang=en,2026-10-09
gld_holdings,2019-09-04,2019-09-05,895.9,https://api.spdrgoldshares.com/api/v1/historical-archive?product=gld&exchange=NYSE&lang=en,2026-10-09
gld_holdings,2019-09-05,2019-09-06,889.75,https://api.spdrgoldshares.com/api/v1/historical-archive?product=gld&exchange=NYSE&lang=en,2026-10-09
gld_holdings,2019-09-06,2019-09-07,889.75,https://api.spdrgoldshares.com/api/v1/historical-archive?product=gld&exchange=NYSE&lang=en,2026-10-09
gld_holdings,2019-09-09,2019-09-10,882.42,https://api.spdrgoldshares.com/api/v1/historical-archive?product=gld&exchange=NYSE&lang=en,2026-10-09
gld_holdings,2019-09-10,2019-09-11,882.42,https://api.spdrgoldshares.com/api/v1/historical-archive?product=gld&exchange=NYSE&lang=en,2026-10-09
gld_holdings,2019-09-11,2019-09-12,882.42,https://api.spdrgoldshares.com/api/v1/historical-archive?product=gld&exchange=NYSE&lang=en,2026-10-09
gld_holdings,2019-09-12,2019-09-13,880.37,https://api.spdrgoldshares.com/api/v1/historical-archive?product=gld&exchange=NYSE&lang=en,2026-10-09
gld_holdings,2019-09-13,2019-09-14,874.51,https://api.spdrgoldshares.com/api/v1/historical-archive?product=gld&exchange=NYSE&lang=en,2026-10-09
gld_holdings,2019-09-16,2019-09-17,874.51,https://api.spdrgoldshares.com/api/v1/historical-archive?product=gld&exchange=NYSE&lang=en,2026-10-09
gld_holdings,2019-09-17,2019-09-18,880.37,https://api.spdrgoldshares.com/api/v1/historical-archive?product=gld&exchange=NYSE&lang=en,2026-10-09
gld_holdings,2019-09-18,2019-09-19,883.6,https://api.spdrgoldshares.com/api/v1/historical-archive?product=gld&exchange=NYSE&lang=en,2026-10-09
gld_holdings,2019-09-19,2019-09-20,883.6,https://api.spdrgoldshares.com/api/v1/historical-archive?product=gld&exchange=NYSE&lang=en,2026-10-09
gld_holdings,2019-09-20,2019-09-21,894.15,https://api.spdrgoldshares.com/api/v1/historical-archive?product=gld&exchange=NYSE&lang=en,2026-10-09
gld_holdings,2019-09-23,2019-09-24,908.52,https://api.spdrgoldshares.com/api/v1/historical-archive?product=gld&exchange=NYSE&lang=en,2026-10-09
gld_holdings,2019-09-24,2019-09-25,908.52,https://api.spdrgoldshares.com/api/v1/historical-archive?product=gld&exchange=NYSE&lang=en,2026-10-09
gld_holdings,2019-09-25,2019-09-26,924.94,https://api.spdrgoldshares.com/api/v1/historical-archive?product=gld&exchange=NYSE&lang=en,2026-10-09
gld_holdings,2019-09-26,2019-09-27,924.94,https://api.spdrgoldshares.com/api/v1/historical-archive?product=gld&exchange=NYSE&lang=en,2026-10-09
gld_holdings,2019-09-27,2019-09-28,922.88,https://api.spdrgoldshares.com/api/v1/historical-archive?product=gld&exchange=NYSE&lang=en,2026-10-09
gld_holdings,2019-09-30,2019-10-01,920.83,https://api.spdrgoldshares.com/api/v1/historical-archive?product=gld&exchange=NYSE&lang=en,2026-10-09
gld_holdings,2019-10-01,2019-10-02,920.83,https://api.spdrgoldshares.com/api/v1/historical-archive?product=gld&exchange=NYSE&lang=en,2026-10-09
gld_holdings,2019-10-02,2019-10-03,923.76,https://api.spdrgoldshares.com/api/v1/historical-archive?product=gld&exchange=NYSE&lang=en,2026-10-09
gld_holdings,2019-10-03,2019-10-04,923.76,https://api.spdrgoldshares.com/api/v1/historical-archive?product=gld&exchange=NYSE&lang=en,2026-10-09
gld_holdings,2019-10-04,2019-10-05,923.76,https://api.spdrgoldshares.com/api/v1/historical-archive?product=gld&exchange=NYSE&lang=en,2026-10-09
gld_holdings,2019-10-07,2019-10-08,923.76,https://api.spdrgoldshares.com/api/v1/historical-archive?product=gld&exchange=NYSE&lang=en,2026-10-09
gld_holdings,2019-10-08,2019-10-09,923.76,https://api.spdrgoldshares.com/api/v1/historical-archive?product=gld&exchange=NYSE&lang=en,2026-10-09
gld_holdings,2019-10-09,2019-10-10,923.76,https://api.spdrgoldshares.com/api/v1/historical-archive?product=gld&exchange=NYSE&lang=en,2026-10-09
gld_holdings,2019-10-10,2019-10-11,921.71,https://api.spdrgoldshares.com/api/v1/historical-archive?product=gld&exchange=NYSE&lang=en,2026-10-09
gld_holdings,2019-10-11,2019-10-12,921.71,https://api.spdrgoldshares.com/api/v1/historical-archive?product=gld&exchange=NYSE&lang=en,2026-10-09
gld_holdings,2019-10-14,2019-10-15,921.71,https://api.spdrgoldshares.com/api/v1/historical-archive?product=gld&exchange=NYSE&lang=en,2026-10-09
gld_holdings,2019-10-15,2019-10-16,919.66,https://api.spdrgoldshares.com/api/v1/historical-archive?product=gld&exchange=NYSE&lang=en,2026-10-09
gld_holdings,2019-10-16,2019-10-17,918.19,https://api.spdrgoldshares.com/api/v1/historical-archive?product=gld&exchange=NYSE&lang=en,2026-10-09
gld_holdings,2019-10-17,2019-10-18,918.19,https://api.spdrgoldshares.com/api/v1/historical-archive?product=gld&exchange=NYSE&lang=en,2026-10-09
gld_holdings,2019-10-18,2019-10-19,924.64,https://api.spdrgoldshares.com/api/v1/historical-archive?product=gld&exchange=NYSE&lang=en,2026-10-09
gld_holdings,2019-10-21,2019-10-22,924.64,https://api.spdrgoldshares.com/api/v1/historical-archive?product=gld&exchange=NYSE&lang=en,2026-10-09
gld_holdings,2019-10-22,2019-10-23,919.66,https://api.spdrgoldshares.com/api/v1/historical-archive?product=gld&exchange=NYSE&lang=en,2026-10-09
gld_holdings,2019-10-23,2019-10-24,918.48,https://api.spdrgoldshares.com/api/v1/historical-archive?product=gld&exchange=NYSE&lang=en,2026-10-09
gld_holdings,2019-10-24,2019-10-25,918.48,https://api.spdrgoldshares.com/api/v1/historical-archive?product=gld&exchange=NYSE&lang=en,2026-10-09
gld_holdings,2019-10-25,2019-10-26,918.48,https://api.spdrgoldshares.com/api/v1/historical-archive?product=gld&exchange=NYSE&lang=en,2026-10-09
gld_holdings,2019-10-28,2019-10-29,918.48,https://api.spdrgoldshares.com/api/v1/historical-archive?product=gld&exchange=NYSE&lang=en,2026-10-09
gld_holdings,2019-10-29,2019-10-30,917.31,https://api.spdrgoldshares.com/api/v1/historical-archive?product=gld&exchange=NYSE&lang=en,2026-10-09
gld_holdings,2019-10-30,2019-10-31,915.55,https://api.spdrgoldshares.com/api/v1/historical-archive?product=gld&exchange=NYSE&lang=en,2026-10-09
gld_holdings,2019-10-31,2019-11-01,915.55,https://api.spdrgoldshares.com/api/v1/historical-archive?product=gld&exchange=NYSE&lang=en,2026-10-09
gld_holdings,2019-11-01,2019-11-02,914.67,https://api.spdrgoldshares.com/api/v1/historical-archive?product=gld&exchange=NYSE&lang=en,2026-10-09
gld_holdings,2019-11-04,2019-11-05,914.67,https://api.spdrgoldshares.com/api/v1/historical-archive?product=gld&exchange=NYSE&lang=en,2026-10-09
gld_holdings,2019-11-05,2019-11-06,915.85,https://api.spdrgoldshares.com/api/v1/historical-archive?product=gld&exchange=NYSE&lang=en,2026-10-09
gld_holdings,2019-11-06,2019-11-07,915.85,https://api.spdrgoldshares.com/api/v1/historical-archive?product=gld&exchange=NYSE&lang=en,2026-10-09
gld_holdings,2019-11-07,2019-11-08,914.38,https://api.spdrgoldshares.com/api/v1/historical-archive?product=gld&exchange=NYSE&lang=en,2026-10-09
gld_holdings,2019-11-08,2019-11-09,901.19,https://api.spdrgoldshares.com/api/v1/historical-archive?product=gld&exchange=NYSE&lang=en,2026-10-09
gld_holdings,2019-11-11,2019-11-12,901.19,https://api.spdrgoldshares.com/api/v1/historical-archive?product=gld&exchange=NYSE&lang=en,2026-10-09
gld_holdings,2019-11-12,2019-11-13,897.09,https://api.spdrgoldshares.com/api/v1/historical-archive?product=gld&exchange=NYSE&lang=en,2026-10-09
gld_holdings,2019-11-13,2019-11-14,896.77,https://api.spdrgoldshares.com/api/v1/historical-archive?product=gld&exchange=NYSE&lang=en,2026-10-09
gld_holdings,2019-11-14,2019-11-15,896.77,https://api.spdrgoldshares.com/api/v1/historical-archive?product=gld&exchange=NYSE&lang=en,2026-10-09
gld_holdings,2019-11-15,2019-11-16,896.77,https://api.spdrgoldshares.com/api/v1/historical-archive?product=gld&exchange=NYSE&lang=en,2026-10-09
gld_holdings,2019-11-18,2019-11-19,891.79,https://api.spdrgoldshares.com/api/v1/historical-archive?product=gld&exchange=NYSE&lang=en,2026-10-09
gld_holdings,2019-11-19,2019-11-20,891.79,https://api.spdrgoldshares.com/api/v1/historical-archive?product=gld&exchange=NYSE&lang=en,2026-10-09
gld_holdings,2019-11-20,2019-11-21,891.79,https://api.spdrgoldshares.com/api/v1/historical-archive?product=gld&exchange=NYSE&lang=en,2026-10-09
gld_holdings,2019-11-21,2019-11-22,891.79,https://api.spdrgoldshares.com/api/v1/historical-archive?product=gld&exchange=NYSE&lang=en,2026-10-09
gld_holdings,2019-11-22,2019-11-23,891.79,https://api.spdrgoldshares.com/api/v1/historical-archive?product=gld&exchange=NYSE&lang=en,2026-10-09
gld_holdings,2019-11-25,2019-11-26,896.48,https://api.spdrgoldshares.com/api/v1/historical-archive?product=gld&exchange=NYSE&lang=en,2026-10-09
gld_holdings,2019-11-26,2019-11-27,896.48,https://api.spdrgoldshares.com/api/v1/historical-archive?product=gld&exchange=NYSE&lang=en,2026-10-09
gld_holdings,2019-11-27,2019-11-28,896.48,https://api.spdrgoldshares.com/api/v1/historical-archive?product=gld&exchange=NYSE&lang=en,2026-10-09
gld_holdings,2019-11-29,2019-11-30,895.6,https://api.spdrgoldshares.com/api/v1/historical-archive?product=gld&exchange=NYSE&lang=en,2026-10-09
gld_holdings,2019-12-02,2019-12-03,889.16,https://api.spdrgoldshares.com/api/v1/historical-archive?product=gld&exchange=NYSE&lang=en,2026-10-09
gld_holdings,2019-12-03,2019-12-04,889.16,https://api.spdrgoldshares.com/api/v1/historical-archive?product=gld&exchange=NYSE&lang=en,2026-10-09
gld_holdings,2019-12-04,2019-12-05,888.57,https://api.spdrgoldshares.com/api/v1/historical-archive?product=gld&exchange=NYSE&lang=en,2026-10-09
gld_holdings,2019-12-05,2019-12-06,888.57,https://api.spdrgoldshares.com/api/v1/historical-archive?product=gld&exchange=NYSE&lang=en,2026-10-09
gld_holdings,2019-12-06,2019-12-07,886.23,https://api.spdrgoldshares.com/api/v1/historical-archive?product=gld&exchange=NYSE&lang=en,2026-10-09
gld_holdings,2019-12-09,2019-12-10,886.23,https://api.spdrgoldshares.com/api/v1/historical-archive?product=gld&exchange=NYSE&lang=en,2026-10-09
gld_holdings,2019-12-10,2019-12-11,885.93,https://api.spdrgoldshares.com/api/v1/historical-archive?product=gld&exchange=NYSE&lang=en,2026-10-09
gld_holdings,2019-12-11,2019-12-12,886.22,https://api.spdrgoldshares.com/api/v1/historical-archive?product=gld&exchange=NYSE&lang=en,2026-10-09
gld_holdings,2019-12-12,2019-12-13,886.22,https://api.spdrgoldshares.com/api/v1/historical-archive?product=gld&exchange=NYSE&lang=en,2026-10-09
gld_holdings,2019-12-13,2019-12-14,886.22,https://api.spdrgoldshares.com/api/v1/historical-archive?product=gld&exchange=NYSE&lang=en,2026-10-09
gld_holdings,2019-12-16,2019-12-17,886.22,https://api.spdrgoldshares.com/api/v1/historical-archive?product=gld&exchange=NYSE&lang=en,2026-10-09
gld_holdings,2019-12-17,2019-12-18,880.66,https://api.spdrgoldshares.com/api/v1/historical-archive?product=gld&exchange=NYSE&lang=en,2026-10-09
gld_holdings,2019-12-18,2019-12-19,883.29,https://api.spdrgoldshares.com/api/v1/historical-archive?product=gld&exchange=NYSE&lang=en,2026-10-09
gld_holdings,2019-12-19,2019-12-20,883.29,https://api.spdrgoldshares.com/api/v1/historical-archive?product=gld&exchange=NYSE&lang=en,2026-10-09
gld_holdings,2019-12-20,2019-12-21,885.93,https://api.spdrgoldshares.com/api/v1/historical-archive?product=gld&exchange=NYSE&lang=en,2026-10-09
gld_holdings,2019-12-23,2019-12-24,885.93,https://api.spdrgoldshares.com/api/v1/historical-archive?product=gld&exchange=NYSE&lang=en,2026-10-09
gld_holdings,2019-12-24,2019-12-25,888.86,https://api.spdrgoldshares.com/api/v1/historical-archive?product=gld&exchange=NYSE&lang=en,2026-10-09
gld_holdings,2019-12-26,2019-12-27,892.37,https://api.spdrgoldshares.com/api/v1/historical-archive?product=gld&exchange=NYSE&lang=en,2026-10-09
gld_holdings,2019-12-27,2019-12-28,893.25,https://api.spdrgoldshares.com/api/v1/historical-archive?product=gld&exchange=NYSE&lang=en,2026-10-09
gld_holdings,2019-12-30,2019-12-31,893.25,https://api.spdrgoldshares.com/api/v1/historical-archive?product=gld&exchange=NYSE&lang=en,2026-10-09
gld_holdings,2019-12-31,2020-01-01,893.25,https://api.spdrgoldshares.com/api/v1/historical-archive?product=gld&exchange=NYSE&lang=en,2026-10-09
gld_holdings,2020-01-02,2020-01-03,895.3,https://api.spdrgoldshares.com/api/v1/historical-archive?product=gld&exchange=NYSE&lang=en,2026-10-09
gld_holdings,2020-01-03,2020-01-04,895.3,https://api.spdrgoldshares.com/api/v1/historical-archive?product=gld&exchange=NYSE&lang=en,2026-10-09
gld_holdings,2020-01-06,2020-01-07,896.18,https://api.spdrgoldshares.com/api/v1/historical-archive?product=gld&exchange=NYSE&lang=en,2026-10-09
gld_holdings,2020-01-07,2020-01-08,896.18,https://api.spdrgoldshares.com/api/v1/historical-archive?product=gld&exchange=NYSE&lang=en,2026-10-09
gld_holdings,2020-01-08,2020-01-09,886.81,https://api.spdrgoldshares.com/api/v1/historical-archive?product=gld&exchange=NYSE&lang=en,2026-10-09
gld_holdings,2020-01-09,2020-01-10,882.12,https://api.spdrgoldshares.com/api/v1/historical-archive?product=gld&exchange=NYSE&lang=en,2026-10-09
gld_holdings,2020-01-10,2020-01-11,874.52,https://api.spdrgoldshares.com/api/v1/historical-archive?product=gld&exchange=NYSE&lang=en,2026-10-09
gld_holdings,2020-01-13,2020-01-14,874.52,https://api.spdrgoldshares.com/api/v1/historical-archive?product=gld&exchange=NYSE&lang=en,2026-10-09
gld_holdings,2020-01-14,2020-01-15,874.52,https://api.spdrgoldshares.com/api/v1/historical-archive?product=gld&exchange=NYSE&lang=en,2026-10-09
gld_holdings,2020-01-15,2020-01-16,878.32,https://api.spdrgoldshares.com/api/v1/historical-archive?product=gld&exchange=NYSE&lang=en,2026-10-09
gld_holdings,2020-01-16,2020-01-17,879.49,https://api.spdrgoldshares.com/api/v1/historical-archive?product=gld&exchange=NYSE&lang=en,2026-10-09
gld_holdings,2020-01-17,2020-01-18,898.82,https://api.spdrgoldshares.com/api/v1/historical-archive?product=gld&exchange=NYSE&lang=en,2026-10-09
gld_holdings,2020-01-21,2020-01-22,898.82,https://api.spdrgoldshares.com/api/v1/historical-archive?product=gld&exchange=NYSE&lang=en,2026-10-09
gld_holdings,2020-01-22,2020-01-23,898.82,https://api.spdrgoldshares.com/api/v1/historical-archive?product=gld&exchange=NYSE&lang=en,2026-10-09
gld_holdings,2020-01-23,2020-01-24,900.58,https://api.spdrgoldshares.com/api/v1/historical-archive?product=gld&exchange=NYSE&lang=en,2026-10-09
gld_holdings,2020-01-24,2020-01-25,900.58,https://api.spdrgoldshares.com/api/v1/historical-archive?product=gld&exchange=NYSE&lang=en,2026-10-09
gld_holdings,2020-01-27,2020-01-28,899.41,https://api.spdrgoldshares.com/api/v1/historical-archive?product=gld&exchange=NYSE&lang=en,2026-10-09
gld_holdings,2020-01-28,2020-01-29,899.41,https://api.spdrgoldshares.com/api/v1/historical-archive?product=gld&exchange=NYSE&lang=en,2026-10-09
gld_holdings,2020-01-29,2020-01-30,903.5,https://api.spdrgoldshares.com/api/v1/historical-archive?product=gld&exchange=NYSE&lang=en,2026-10-09
gld_holdings,2020-01-30,2020-01-31,903.5,https://api.spdrgoldshares.com/api/v1/historical-archive?product=gld&exchange=NYSE&lang=en,2026-10-09
gld_holdings,2020-01-31,2020-02-01,903.21,https://api.spdrgoldshares.com/api/v1/historical-archive?product=gld&exchange=NYSE&lang=en,2026-10-09
gld_holdings,2020-02-03,2020-02-04,912.58,https://api.spdrgoldshares.com/api/v1/historical-archive?product=gld&exchange=NYSE&lang=en,2026-10-09
gld_holdings,2020-02-04,2020-02-05,912.58,https://api.spdrgoldshares.com/api/v1/historical-archive?product=gld&exchange=NYSE&lang=en,2026-10-09
gld_holdings,2020-02-05,2020-02-06,914.91,https://api.spdrgoldshares.com/api/v1/historical-archive?product=gld&exchange=NYSE&lang=en,2026-10-09
gld_holdings,2020-02-06,2020-02-07,914.91,https://api.spdrgoldshares.com/api/v1/historical-archive?product=gld&exchange=NYSE&lang=en,2026-10-09
gld_holdings,2020-02-07,2020-02-08,916.08,https://api.spdrgoldshares.com/api/v1/historical-archive?product=gld&exchange=NYSE&lang=en,2026-10-09
gld_holdings,2020-02-10,2020-02-11,916.08,https://api.spdrgoldshares.com/api/v1/historical-archive?product=gld&exchange=NYSE&lang=en,2026-10-09
gld_holdings,2020-02-11,2020-02-12,922.23,https://api.spdrgoldshares.com/api/v1/historical-archive?product=gld&exchange=NYSE&lang=en,2026-10-09
gld_holdings,2020-02-12,2020-02-13,922.23,https://api.spdrgoldshares.com/api/v1/historical-archive?product=gld&exchange=NYSE&lang=en,2026-10-09
gld_holdings,2020-02-13,2020-02-14,922.23,https://api.spdrgoldshares.com/api/v1/historical-archive?product=gld&exchange=NYSE&lang=en,2026-10-09
gld_holdings,2020-02-14,2020-02-15,923.99,https://api.spdrgoldshares.com/api/v1/historical-archive?product=gld&exchange=NYSE&lang=en,2026-10-09
gld_holdings,2020-02-18,2020-02-19,929.84,https://api.spdrgoldshares.com/api/v1/historical-archive?product=gld&exchange=NYSE&lang=en,2026-10-09
gld_holdings,2020-02-19,2020-02-20,931.6,https://api.spdrgoldshares.com/api/v1/historical-archive?product=gld&exchange=NYSE&lang=en,2026-10-09
gld_holdings,2020-02-20,2020-02-21,933.94,https://api.spdrgoldshares.com/api/v1/historical-archive?product=gld&exchange=NYSE&lang=en,2026-10-09
gld_holdings,2020-02-21,2020-02-22,933.94,https://api.spdrgoldshares.com/api/v1/historical-archive?product=gld&exchange=NYSE&lang=en,2026-10-09
gld_holdings,2020-02-24,2020-02-25,933.94,https://api.spdrgoldshares.com/api/v1/historical-archive?product=gld&exchange=NYSE&lang=en,2026-10-09
gld_holdings,2020-02-25,2020-02-26,940.09,https://api.spdrgoldshares.com/api/v1/historical-archive?product=gld&exchange=NYSE&lang=en,2026-10-09
gld_holdings,2020-02-26,2020-02-27,935.69,https://api.spdrgoldshares.com/api/v1/historical-archive?product=gld&exchange=NYSE&lang=en,2026-10-09
gld_holdings,2020-02-27,2020-02-28,934.23,https://api.spdrgoldshares.com/api/v1/historical-archive?product=gld&exchange=NYSE&lang=en,2026-10-09
gld_holdings,2020-02-28,2020-02-29,934.23,https://api.spdrgoldshares.com/api/v1/historical-archive?product=gld&exchange=NYSE&lang=en,2026-10-09
gld_holdings,2020-03-02,2020-03-03,931.01,https://api.spdrgoldshares.com/api/v1/historical-archive?product=gld&exchange=NYSE&lang=en,2026-10-09
gld_holdings,2020-03-03,2020-03-04,934.52,https://api.spdrgoldshares.com/api/v1/historical-archive?product=gld&exchange=NYSE&lang=en,2026-10-09
gld_holdings,2020-03-04,2020-03-05,934.52,https://api.spdrgoldshares.com/api/v1/historical-archive?product=gld&exchange=NYSE&lang=en,2026-10-09
gld_holdings,2020-03-05,2020-03-06,947.4,https://api.spdrgoldshares.com/api/v1/historical-archive?product=gld&exchange=NYSE&lang=en,2026-10-09
gld_holdings,2020-03-06,2020-03-07,955.6,https://api.spdrgoldshares.com/api/v1/historical-archive?product=gld&exchange=NYSE&lang=en,2026-10-09
gld_holdings,2020-03-09,2020-03-10,963.79,https://api.spdrgoldshares.com/api/v1/historical-archive?product=gld&exchange=NYSE&lang=en,2026-10-09
gld_holdings,2020-03-10,2020-03-11,962.03,https://api.spdrgoldshares.com/api/v1/historical-archive?product=gld&exchange=NYSE&lang=en,2026-10-09
gld_holdings,2020-03-11,2020-03-12,953.26,https://api.spdrgoldshares.com/api/v1/historical-archive?product=gld&exchange=NYSE&lang=en,2026-10-09
gld_holdings,2020-03-12,2020-03-13,944.18,https://api.spdrgoldshares.com/api/v1/historical-archive?product=gld&exchange=NYSE&lang=en,2026-10-09
gld_holdings,2020-03-13,2020-03-14,931.59,https://api.spdrgoldshares.com/api/v1/historical-archive?product=gld&exchange=NYSE&lang=en,2026-10-09
gld_holdings,2020-03-16,2020-03-17,929.84,https://api.spdrgoldshares.com/api/v1/historical-archive?product=gld&exchange=NYSE&lang=en,2026-10-09
gld_holdings,2020-03-17,2020-03-18,929.84,https://api.spdrgoldshares.com/api/v1/historical-archive?product=gld&exchange=NYSE&lang=en,2026-10-09
gld_holdings,2020-03-18,2020-03-19,923.69,https://api.spdrgoldshares.com/api/v1/historical-archive?product=gld&exchange=NYSE&lang=en,2026-10-09
gld_holdings,2020-03-19,2020-03-20,922.23,https://api.spdrgoldshares.com/api/v1/historical-archive?product=gld&exchange=NYSE&lang=en,2026-10-09
gld_holdings,2020-03-20,2020-03-21,908.18,https://api.spdrgoldshares.com/api/v1/historical-archive?product=gld&exchange=NYSE&lang=en,2026-10-09
gld_holdings,2020-03-23,2020-03-24,923.99,https://api.spdrgoldshares.com/api/v1/historical-archive?product=gld&exchange=NYSE&lang=en,2026-10-09
gld_holdings,2020-03-24,2020-03-25,935.98,https://api.spdrgoldshares.com/api/v1/historical-archive?product=gld&exchange=NYSE&lang=en,2026-10-09
gld_holdings,2020-03-25,2020-03-26,949.15,https://api.spdrgoldshares.com/api/v1/historical-archive?product=gld&exchange=NYSE&lang=en,2026-10-09
gld_holdings,2020-03-26,2020-03-27,953.54,https://api.spdrgoldshares.com/api/v1/historical-archive?product=gld&exchange=NYSE&lang=en,2026-10-09
gld_holdings,2020-03-27,2020-03-28,964.66,https://api.spdrgoldshares.com/api/v1/historical-archive?product=gld&exchange=NYSE&lang=en,2026-10-09
gld_holdings,2020-03-30,2020-03-31,964.36,https://api.spdrgoldshares.com/api/v1/historical-archive?product=gld&exchange=NYSE&lang=en,2026-10-09
gld_holdings,2020-03-31,2020-04-01,967.0,https://api.spdrgoldshares.com/api/v1/historical-archive?product=gld&exchange=NYSE&lang=en,2026-10-09
gld_holdings,2020-04-01,2020-04-02,968.75,https://api.spdrgoldshares.com/api/v1/historical-archive?product=gld&exchange=NYSE&lang=en,2026-10-09
gld_holdings,2020-04-02,2020-04-03,971.97,https://api.spdrgoldshares.com/api/v1/historical-archive?product=gld&exchange=NYSE&lang=en,2026-10-09
gld_holdings,2020-04-03,2020-04-04,978.99,https://api.spdrgoldshares.com/api/v1/historical-archive?product=gld&exchange=NYSE&lang=en,2026-10-09
gld_holdings,2020-04-06,2020-04-07,984.26,https://api.spdrgoldshares.com/api/v1/historical-archive?product=gld&exchange=NYSE&lang=en,2026-10-09
gld_holdings,2020-04-07,2020-04-08,985.71,https://api.spdrgoldshares.com/api/v1/historical-archive?product=gld&exchange=NYSE&lang=en,2026-10-09
gld_holdings,2020-04-08,2020-04-09,988.63,https://api.spdrgoldshares.com/api/v1/historical-archive?product=gld&exchange=NYSE&lang=en,2026-10-09
gld_holdings,2020-04-09,2020-04-10,994.19,https://api.spdrgoldshares.com/api/v1/historical-archive?product=gld&exchange=NYSE&lang=en,2026-10-09
gld_holdings,2020-04-13,2020-04-14,1009.7,https://api.spdrgoldshares.com/api/v1/historical-archive?product=gld&exchange=NYSE&lang=en,2026-10-09
gld_holdings,2020-04-14,2020-04-15,1017.59,https://api.spdrgoldshares.com/api/v1/historical-archive?product=gld&exchange=NYSE&lang=en,2026-10-09
gld_holdings,2020-04-15,2020-04-16,1021.69,https://api.spdrgoldshares.com/api/v1/historical-archive?product=gld&exchange=NYSE&lang=en,2026-10-09
gld_holdings,2020-04-16,2020-04-17,1021.69,https://api.spdrgoldshares.com/api/v1/historical-archive?product=gld&exchange=NYSE&lang=en,2026-10-09
gld_holdings,2020-04-17,2020-04-18,1021.69,https://api.spdrgoldshares.com/api/v1/historical-archive?product=gld&exchange=NYSE&lang=en,2026-10-09
gld_holdings,2020-04-20,2020-04-21,1029.59,https://api.spdrgoldshares.com/api/v1/historical-archive?product=gld&exchange=NYSE&lang=en,2026-10-09
gld_holdings,2020-04-21,2020-04-22,1033.39,https://api.spdrgoldshares.com/api/v1/historical-archive?product=gld&exchange=NYSE&lang=en,2026-10-09
gld_holdings,2020-04-22,2020-04-23,1042.46,https://api.spdrgoldshares.com/api/v1/historical-archive?product=gld&exchange=NYSE&lang=en,2026-10-09
gld_holdings,2020-04-23,2020-04-24,1042.46,https://api.spdrgoldshares.com/api/v1/historical-archive?product=gld&exchange=NYSE&lang=en,2026-10-09
gld_holdings,2020-04-24,2020-04-25,1048.31,https://api.spdrgoldshares.com/api/v1/historical-archive?product=gld&exchange=NYSE&lang=en,2026-10-09
gld_holdings,2020-04-27,2020-04-28,1048.31,https://api.spdrgoldshares.com/api/v1/historical-archive?product=gld&exchange=NYSE&lang=en,2026-10-09
gld_holdings,2020-04-28,2020-04-29,1056.5,https://api.spdrgoldshares.com/api/v1/historical-archive?product=gld&exchange=NYSE&lang=en,2026-10-09
gld_holdings,2020-04-29,2020-04-30,1056.5,https://api.spdrgoldshares.com/api/v1/historical-archive?product=gld&exchange=NYSE&lang=en,2026-10-09
gld_holdings,2020-04-30,2020-05-01,1056.5,https://api.spdrgoldshares.com/api/v1/historical-archive?product=gld&exchange=NYSE&lang=en,2026-10-09
gld_holdings,2020-05-01,2020-05-02,1067.9,https://api.spdrgoldshares.com/api/v1/historical-archive?product=gld&exchange=NYSE&lang=en,2026-10-09
gld_holdings,2020-05-04,2020-05-05,1071.71,https://api.spdrgoldshares.com/api/v1/historical-archive?product=gld&exchange=NYSE&lang=en,2026-10-09
gld_holdings,2020-05-05,2020-05-06,1076.39,https://api.spdrgoldshares.com/api/v1/historical-archive?product=gld&exchange=NYSE&lang=en,2026-10-09
gld_holdings,2020-05-06,2020-05-07,1075.8,https://api.spdrgoldshares.com/api/v1/historical-archive?product=gld&exchange=NYSE&lang=en,2026-10-09
gld_holdings,2020-05-07,2020-05-08,1081.65,https://api.spdrgoldshares.com/api/v1/historical-archive?product=gld&exchange=NYSE&lang=en,2026-10-09
gld_holdings,2020-05-08,2020-05-09,1081.65,https://api.spdrgoldshares.com/api/v1/historical-archive?product=gld&exchange=NYSE&lang=en,2026-10-09
gld_holdings,2020-05-11,2020-05-12,1081.07,https://api.spdrgoldshares.com/api/v1/historical-archive?product=gld&exchange=NYSE&lang=en,2026-10-09
gld_holdings,2020-05-12,2020-05-13,1083.66,https://api.spdrgoldshares.com/api/v1/historical-archive?product=gld&exchange=NYSE&lang=en,2026-10-09
gld_holdings,2020-05-13,2020-05-14,1092.14,https://api.spdrgoldshares.com/api/v1/historical-archive?product=gld&exchange=NYSE&lang=en,2026-10-09
gld_holdings,2020-05-14,2020-05-15,1104.72,https://api.spdrgoldshares.com/api/v1/historical-archive?product=gld&exchange=NYSE&lang=en,2026-10-09
gld_holdings,2020-05-15,2020-05-16,1113.78,https://api.spdrgoldshares.com/api/v1/historical-archive?product=gld&exchange=NYSE&lang=en,2026-10-09
gld_holdings,2020-05-18,2020-05-19,1113.78,https://api.spdrgoldshares.com/api/v1/historical-archive?product=gld&exchange=NYSE&lang=en,2026-10-09
gld_holdings,2020-05-19,2020-05-20,1113.78,https://api.spdrgoldshares.com/api/v1/historical-archive?product=gld&exchange=NYSE&lang=en,2026-10-09
gld_holdings,2020-05-20,2020-05-21,1112.32,https://api.spdrgoldshares.com/api/v1/historical-archive?product=gld&exchange=NYSE&lang=en,2026-10-09
gld_holdings,2020-05-21,2020-05-22,1112.32,https://api.spdrgoldshares.com/api/v1/historical-archive?product=gld&exchange=NYSE&lang=en,2026-10-09
gld_holdings,2020-05-22,2020-05-23,1116.71,https://api.spdrgoldshares.com/api/v1/historical-archive?product=gld&exchange=NYSE&lang=en,2026-10-09
gld_holdings,2020-05-26,2020-05-27,1116.71,https://api.spdrgoldshares.com/api/v1/historical-archive?product=gld&exchange=NYSE&lang=en,2026-10-09
gld_holdings,2020-05-27,2020-05-28,1119.05,https://api.spdrgoldshares.com/api/v1/historical-archive?product=gld&exchange=NYSE&lang=en,2026-10-09
gld_holdings,2020-05-28,2020-05-29,1119.63,https://api.spdrgoldshares.com/api/v1/historical-archive?product=gld&exchange=NYSE&lang=en,2026-10-09
gld_holdings,2020-05-29,2020-05-30,1123.14,https://api.spdrgoldshares.com/api/v1/historical-archive?product=gld&exchange=NYSE&lang=en,2026-10-09
gld_holdings,2020-06-01,2020-06-02,1128.4,https://api.spdrgoldshares.com/api/v1/historical-archive?product=gld&exchange=NYSE&lang=en,2026-10-09
gld_holdings,2020-06-02,2020-06-03,1129.28,https://api.spdrgoldshares.com/api/v1/historical-archive?product=gld&exchange=NYSE&lang=en,2026-10-09
gld_holdings,2020-06-03,2020-06-04,1133.37,https://api.spdrgoldshares.com/api/v1/historical-archive?product=gld&exchange=NYSE&lang=en,2026-10-09
gld_holdings,2020-06-04,2020-06-05,1132.2,https://api.spdrgoldshares.com/api/v1/historical-archive?product=gld&exchange=NYSE&lang=en,2026-10-09
gld_holdings,2020-06-05,2020-06-06,1128.11,https://api.spdrgoldshares.com/api/v1/historical-archive?product=gld&exchange=NYSE&lang=en,2026-10-09
gld_holdings,2020-06-08,2020-06-09,1125.48,https://api.spdrgoldshares.com/api/v1/historical-archive?product=gld&exchange=NYSE&lang=en,2026-10-09
gld_holdings,2020-06-09,2020-06-10,1124.6,https://api.spdrgoldshares.com/api/v1/historical-archive?product=gld&exchange=NYSE&lang=en,2026-10-09
gld_holdings,2020-06-10,2020-06-11,1129.49,https://api.spdrgoldshares.com/api/v1/historical-archive?product=gld&exchange=NYSE&lang=en,2026-10-09
gld_holdings,2020-06-11,2020-06-12,1135.05,https://api.spdrgoldshares.com/api/v1/historical-archive?product=gld&exchange=NYSE&lang=en,2026-10-09
gld_holdings,2020-06-12,2020-06-13,1136.22,https://api.spdrgoldshares.com/api/v1/historical-archive?product=gld&exchange=NYSE&lang=en,2026-10-09
gld_holdings,2020-06-15,2020-06-16,1136.22,https://api.spdrgoldshares.com/api/v1/historical-archive?product=gld&exchange=NYSE&lang=en,2026-10-09
gld_holdings,2020-06-16,2020-06-17,1136.22,https://api.spdrgoldshares.com/api/v1/historical-archive?product=gld&exchange=NYSE&lang=en,2026-10-09
gld_holdings,2020-06-17,2020-06-18,1136.22,https://api.spdrgoldshares.com/api/v1/historical-archive?product=gld&exchange=NYSE&lang=en,2026-10-09
gld_holdings,2020-06-18,2020-06-19,1136.22,https://api.spdrgoldshares.com/api/v1/historical-archive?product=gld&exchange=NYSE&lang=en,2026-10-09
gld_holdings,2020-06-19,2020-06-20,1159.31,https://api.spdrgoldshares.com/api/v1/historical-archive?product=gld&exchange=NYSE&lang=en,2026-10-09
gld_holdings,2020-06-22,2020-06-23,1166.04,https://api.spdrgoldshares.com/api/v1/historical-archive?product=gld&exchange=NYSE&lang=en,2026-10-09
gld_holdings,2020-06-23,2020-06-24,1169.25,https://api.spdrgoldshares.com/api/v1/historical-archive?product=gld&exchange=NYSE&lang=en,2026-10-09
gld_holdings,2020-06-24,2020-06-25,1176.85,https://api.spdrgoldshares.com/api/v1/historical-archive?product=gld&exchange=NYSE&lang=en,2026-10-09
gld_holdings,2020-06-25,2020-06-26,1175.39,https://api.spdrgoldshares.com/api/v1/historical-archive?product=gld&exchange=NYSE&lang=en,2026-10-09
gld_holdings,2020-06-26,2020-06-27,1178.9,https://api.spdrgoldshares.com/api/v1/historical-archive?product=gld&exchange=NYSE&lang=en,2026-10-09
gld_holdings,2020-06-29,2020-06-30,1178.9,https://api.spdrgoldshares.com/api/v1/historical-archive?product=gld&exchange=NYSE&lang=en,2026-10-09
gld_holdings,2020-06-30,2020-07-01,1178.9,https://api.spdrgoldshares.com/api/v1/historical-archive?product=gld&exchange=NYSE&lang=en,2026-10-09
gld_holdings,2020-07-01,2020-07-02,1182.11,https://api.spdrgoldshares.com/api/v1/historical-archive?product=gld&exchange=NYSE&lang=en,2026-10-09
gld_holdings,2020-07-02,2020-07-03,1191.47,https://api.spdrgoldshares.com/api/v1/historical-archive?product=gld&exchange=NYSE&lang=en,2026-10-09
gld_holdings,2020-07-06,2020-07-07,1191.47,https://api.spdrgoldshares.com/api/v1/historical-archive?product=gld&exchange=NYSE&lang=en,2026-10-09
gld_holdings,2020-07-07,2020-07-08,1199.36,https://api.spdrgoldshares.com/api/v1/historical-archive?product=gld&exchange=NYSE&lang=en,2026-10-09
gld_holdings,2020-07-08,2020-07-09,1202.57,https://api.spdrgoldshares.com/api/v1/historical-archive?product=gld&exchange=NYSE&lang=en,2026-10-09
gld_holdings,2020-07-09,2020-07-10,1200.82,https://api.spdrgoldshares.com/api/v1/historical-archive?product=gld&exchange=NYSE&lang=en,2026-10-09
gld_holdings,2020-07-10,2020-07-11,1200.46,https://api.spdrgoldshares.com/api/v1/historical-archive?product=gld&exchange=NYSE&lang=en,2026-10-09
gld_holdings,2020-07-13,2020-07-14,1203.97,https://api.spdrgoldshares.com/api/v1/historical-archive?product=gld&exchange=NYSE&lang=en,2026-10-09
gld_holdings,2020-07-14,2020-07-15,1206.89,https://api.spdrgoldshares.com/api/v1/historical-archive?product=gld&exchange=NYSE&lang=en,2026-10-09
gld_holdings,2020-07-15,2020-07-16,1206.89,https://api.spdrgoldshares.com/api/v1/historical-archive?product=gld&exchange=NYSE&lang=en,2026-10-09
gld_holdings,2020-07-16,2020-07-17,1206.89,https://api.spdrgoldshares.com/api/v1/historical-archive?product=gld&exchange=NYSE&lang=en,2026-10-09
gld_holdings,2020-07-17,2020-07-18,1206.89,https://api.spdrgoldshares.com/api/v1/historical-archive?product=gld&exchange=NYSE&lang=en,2026-10-09
gld_holdings,2020-07-20,2020-07-21,1211.86,https://api.spdrgoldshares.com/api/v1/historical-archive?product=gld&exchange=NYSE&lang=en,2026-10-09
gld_holdings,2020-07-21,2020-07-22,1219.75,https://api.spdrgoldshares.com/api/v1/historical-archive?product=gld&exchange=NYSE&lang=en,2026-10-09
gld_holdings,2020-07-22,2020-07-23,1225.01,https://api.spdrgoldshares.com/api/v1/historical-archive?product=gld&exchange=NYSE&lang=en,2026-10-09
gld_holdings,2020-07-23,2020-07-24,1227.05,https://api.spdrgoldshares.com/api/v1/historical-archive?product=gld&exchange=NYSE&lang=en,2026-10-09
gld_holdings,2020-07-24,2020-07-25,1228.81,https://api.spdrgoldshares.com/api/v1/historical-archive?product=gld&exchange=NYSE&lang=en,2026-10-09
gld_holdings,2020-07-27,2020-07-28,1234.65,https://api.spdrgoldshares.com/api/v1/historical-archive?product=gld&exchange=NYSE&lang=en,2026-10-09
gld_holdings,2020-07-28,2020-07-29,1243.12,https://api.spdrgoldshares.com/api/v1/historical-archive?product=gld&exchange=NYSE&lang=en,2026-10-09
gld_holdings,2020-07-29,2020-07-30,1241.95,https://api.spdrgoldshares.com/api/v1/historical-archive?product=gld&exchange=NYSE&lang=en,2026-10-09
gld_holdings,2020-07-30,2020-07-31,1241.95,https://api.spdrgoldshares.com/api/v1/historical-archive?product=gld&exchange=NYSE&lang=en,2026-10-09
gld_holdings,2020-07-31,2020-08-01,1241.95,https://api.spdrgoldshares.com/api/v1/historical-archive?product=gld&exchange=NYSE&lang=en,2026-10-09
gld_holdings,2020-08-03,2020-08-04,1248.38,https://api.spdrgoldshares.com/api/v1/historical-archive?product=gld&exchange=NYSE&lang=en,2026-10-09
gld_holdings,2020-08-04,2020-08-05,1257.73,https://api.spdrgoldshares.com/api/v1/historical-archive?product=gld&exchange=NYSE&lang=en,2026-10-09
gld_holdings,2020-08-05,2020-08-06,1267.96,https://api.spdrgoldshares.com/api/v1/historical-archive?product=gld&exchange=NYSE&lang=en,2026-10-09
gld_holdings,2020-08-06,2020-08-07,1267.96,https://api.spdrgoldshares.com/api/v1/historical-archive?product=gld&exchange=NYSE&lang=en,2026-10-09
gld_holdings,2020-08-07,2020-08-08,1262.12,https://api.spdrgoldshares.com/api/v1/historical-archive?product=gld&exchange=NYSE&lang=en,2026-10-09
gld_holdings,2020-08-10,2020-08-11,1262.12,https://api.spdrgoldshares.com/api/v1/historical-archive?product=gld&exchange=NYSE&lang=en,2026-10-09
gld_holdings,2020-08-11,2020-08-12,1257.93,https://api.spdrgoldshares.com/api/v1/historical-archive?product=gld&exchange=NYSE&lang=en,2026-10-09
gld_holdings,2020-08-12,2020-08-13,1250.63,https://api.spdrgoldshares.com/api/v1/historical-archive?product=gld&exchange=NYSE&lang=en,2026-10-09
gld_holdings,2020-08-13,2020-08-14,1252.09,https://api.spdrgoldshares.com/api/v1/historical-archive?product=gld&exchange=NYSE&lang=en,2026-10-09
gld_holdings,2020-08-14,2020-08-15,1248.29,https://api.spdrgoldshares.com/api/v1/historical-archive?product=gld&exchange=NYSE&lang=en,2026-10-09
gld_holdings,2020-08-17,2020-08-18,1252.38,https://api.spdrgoldshares.com/api/v1/historical-archive?product=gld&exchange=NYSE&lang=en,2026-10-09
gld_holdings,2020-08-18,2020-08-19,1252.38,https://api.spdrgoldshares.com/api/v1/historical-archive?product=gld&exchange=NYSE&lang=en,2026-10-09
gld_holdings,2020-08-19,2020-08-20,1252.38,https://api.spdrgoldshares.com/api/v1/historical-archive?product=gld&exchange=NYSE&lang=en,2026-10-09
gld_holdings,2020-08-20,2020-08-21,1252.38,https://api.spdrgoldshares.com/api/v1/historical-archive?product=gld&exchange=NYSE&lang=en,2026-10-09
gld_holdings,2020-08-21,2020-08-22,1252.38,https://api.spdrgoldshares.com/api/v1/historical-archive?product=gld&exchange=NYSE&lang=en,2026-10-09
gld_holdings,2020-08-24,2020-08-25,1252.38,https://api.spdrgoldshares.com/api/v1/historical-archive?product=gld&exchange=NYSE&lang=en,2026-10-09
gld_holdings,2020-08-25,2020-08-26,1248.87,https://api.spdrgoldshares.com/api/v1/historical-archive?product=gld&exchange=NYSE&lang=en,2026-10-09
gld_holdings,2020-08-26,2020-08-27,1252.09,https://api.spdrgoldshares.com/api/v1/historical-archive?product=gld&exchange=NYSE&lang=en,2026-10-09
gld_holdings,2020-08-27,2020-08-28,1251.5,https://api.spdrgoldshares.com/api/v1/historical-archive?product=gld&exchange=NYSE&lang=en,2026-10-09
gld_holdings,2020-08-28,2020-08-29,1251.5,https://api.spdrgoldshares.com/api/v1/historical-archive?product=gld&exchange=NYSE&lang=en,2026-10-09
gld_holdings,2020-08-31,2020-09-01,1251.5,https://api.spdrgoldshares.com/api/v1/historical-archive?product=gld&exchange=NYSE&lang=en,2026-10-09
gld_holdings,2020-09-01,2020-09-02,1250.63,https://api.spdrgoldshares.com/api/v1/historical-archive?product=gld&exchange=NYSE&lang=en,2026-10-09
gld_holdings,2020-09-02,2020-09-03,1250.04,https://api.spdrgoldshares.com/api/v1/historical-archive?product=gld&exchange=NYSE&lang=en,2026-10-09
gld_holdings,2020-09-03,2020-09-04,1250.04,https://api.spdrgoldshares.com/api/v1/historical-archive?product=gld&exchange=NYSE&lang=en,2026-10-09
gld_holdings,2020-09-04,2020-09-05,1250.04,https://api.spdrgoldshares.com/api/v1/historical-archive?product=gld&exchange=NYSE&lang=en,2026-10-09
gld_holdings,2020-09-08,2020-09-09,1250.04,https://api.spdrgoldshares.com/api/v1/historical-archive?product=gld&exchange=NYSE&lang=en,2026-10-09
gld_holdings,2020-09-09,2020-09-10,1252.96,https://api.spdrgoldshares.com/api/v1/historical-archive?product=gld&exchange=NYSE&lang=en,2026-10-09
gld_holdings,2020-09-10,2020-09-11,1252.96,https://api.spdrgoldshares.com/api/v1/historical-archive?product=gld&exchange=NYSE&lang=en,2026-10-09
gld_holdings,2020-09-11,2020-09-12,1248.0,https://api.spdrgoldshares.com/api/v1/historical-archive?product=gld&exchange=NYSE&lang=en,2026-10-09
gld_holdings,2020-09-14,2020-09-15,1248.0,https://api.spdrgoldshares.com/api/v1/historical-archive?product=gld&exchange=NYSE&lang=en,2026-10-09
gld_holdings,2020-09-15,2020-09-16,1247.57,https://api.spdrgoldshares.com/api/v1/historical-archive?product=gld&exchange=NYSE&lang=en,2026-10-09
gld_holdings,2020-09-16,2020-09-17,1247.57,https://api.spdrgoldshares.com/api/v1/historical-archive?product=gld&exchange=NYSE&lang=en,2026-10-09
gld_holdings,2020-09-17,2020-09-18,1246.98,https://api.spdrgoldshares.com/api/v1/historical-archive?product=gld&exchange=NYSE&lang=en,2026-10-09
gld_holdings,2020-09-18,2020-09-19,1259.83,https://api.spdrgoldshares.com/api/v1/historical-archive?product=gld&exchange=NYSE&lang=en,2026-10-09
gld_holdings,2020-09-21,2020-09-22,1278.82,https://api.spdrgoldshares.com/api/v1/historical-archive?product=gld&exchange=NYSE&lang=en,2026-10-09
gld_holdings,2020-09-22,2020-09-23,1278.23,https://api.spdrgoldshares.com/api/v1/historical-archive?product=gld&exchange=NYSE&lang=en,2026-10-09
gld_holdings,2020-09-23,2020-09-24,1267.14,https://api.spdrgoldshares.com/api/v1/historical-archive?product=gld&exchange=NYSE&lang=en,2026-10-09
gld_holdings,2020-09-24,2020-09-25,1267.14,https://api.spdrgoldshares.com/api/v1/historical-archive?product=gld&exchange=NYSE&lang=en,2026-10-09
gld_holdings,2020-09-25,2020-09-26,1266.84,https://api.spdrgoldshares.com/api/v1/historical-archive?product=gld&exchange=NYSE&lang=en,2026-10-09
gld_holdings,2020-09-28,2020-09-29,1268.89,https://api.spdrgoldshares.com/api/v1/historical-archive?product=gld&exchange=NYSE&lang=en,2026-10-09
gld_holdings,2020-09-29,2020-09-30,1268.89,https://api.spdrgoldshares.com/api/v1/historical-archive?product=gld&exchange=NYSE&lang=en,2026-10-09
gld_holdings,2020-09-30,2020-10-01,1268.89,https://api.spdrgoldshares.com/api/v1/historical-archive?product=gld&exchange=NYSE&lang=en,2026-10-09
gld_holdings,2020-10-01,2020-10-02,1276.19,https://api.spdrgoldshares.com/api/v1/historical-archive?product=gld&exchange=NYSE&lang=en,2026-10-09
gld_holdings,2020-10-02,2020-10-03,1275.6,https://api.spdrgoldshares.com/api/v1/historical-archive?product=gld&exchange=NYSE&lang=en,2026-10-09
gld_holdings,2020-10-05,2020-10-06,1275.6,https://api.spdrgoldshares.com/api/v1/historical-archive?product=gld&exchange=NYSE&lang=en,2026-10-09
gld_holdings,2020-10-06,2020-10-07,1271.52,https://api.spdrgoldshares.com/api/v1/historical-archive?product=gld&exchange=NYSE&lang=en,2026-10-09
gld_holdings,2020-10-07,2020-10-08,1271.52,https://api.spdrgoldshares.com/api/v1/historical-archive?product=gld&exchange=NYSE&lang=en,2026-10-09
gld_holdings,2020-10-08,2020-10-09,1271.52,https://api.spdrgoldshares.com/api/v1/historical-archive?product=gld&exchange=NYSE&lang=en,2026-10-09
gld_holdings,2020-10-09,2020-10-10,1271.52,https://api.spdrgoldshares.com/api/v1/historical-archive?product=gld&exchange=NYSE&lang=en,2026-10-09
gld_holdings,2020-10-12,2020-10-13,1277.65,https://api.spdrgoldshares.com/api/v1/historical-archive?product=gld&exchange=NYSE&lang=en,2026-10-09
gld_holdings,2020-10-13,2020-10-14,1277.65,https://api.spdrgoldshares.com/api/v1/historical-archive?product=gld&exchange=NYSE&lang=en,2026-10-09
gld_holdings,2020-10-14,2020-10-15,1277.94,https://api.spdrgoldshares.com/api/v1/historical-archive?product=gld&exchange=NYSE&lang=en,2026-10-09
gld_holdings,2020-10-15,2020-10-16,1276.06,https://api.spdrgoldshares.com/api/v1/historical-archive?product=gld&exchange=NYSE&lang=en,2026-10-09
gld_holdings,2020-10-16,2020-10-17,1272.56,https://api.spdrgoldshares.com/api/v1/historical-archive?product=gld&exchange=NYSE&lang=en,2026-10-09
gld_holdings,2020-10-19,2020-10-20,1272.85,https://api.spdrgoldshares.com/api/v1/historical-archive?product=gld&exchange=NYSE&lang=en,2026-10-09
gld_holdings,2020-10-20,2020-10-21,1269.93,https://api.spdrgoldshares.com/api/v1/historical-archive?product=gld&exchange=NYSE&lang=en,2026-10-09
gld_holdings,2020-10-21,2020-10-22,1269.35,https://api.spdrgoldshares.com/api/v1/historical-archive?product=gld&exchange=NYSE&lang=en,2026-10-09
gld_holdings,2020-10-22,2020-10-23,1265.55,https://api.spdrgoldshares.com/api/v1/historical-archive?product=gld&exchange=NYSE&lang=en,2026-10-09
gld_holdings,2020-10-23,2020-10-24,1263.8,https://api.spdrgoldshares.com/api/v1/historical-archive?product=gld&exchange=NYSE&lang=en,2026-10-09
gld_holdings,2020-10-26,2020-10-27,1263.8,https://api.spdrgoldshares.com/api/v1/historical-archive?product=gld&exchange=NYSE&lang=en,2026-10-09
gld_holdings,2020-10-27,2020-10-28,1266.72,https://api.spdrgoldshares.com/api/v1/historical-archive?product=gld&exchange=NYSE&lang=en,2026-10-09
gld_holdings,2020-10-28,2020-10-29,1258.25,https://api.spdrgoldshares.com/api/v1/historical-archive?product=gld&exchange=NYSE&lang=en,2026-10-09
gld_holdings,2020-10-29,2020-10-30,1258.25,https://api.spdrgoldshares.com/api/v1/historical-archive?product=gld&exchange=NYSE&lang=en,2026-10-09
gld_holdings,2020-10-30,2020-10-31,1257.67,https://api.spdrgoldshares.com/api/v1/historical-archive?product=gld&exchange=NYSE&lang=en,2026-10-09
gld_holdings,2020-11-02,2020-11-03,1255.92,https://api.spdrgoldshares.com/api/v1/historical-archive?product=gld&exchange=NYSE&lang=en,2026-10-09
gld_holdings,2020-11-03,2020-11-04,1255.92,https://api.spdrgoldshares.com/api/v1/historical-archive?product=gld&exchange=NYSE&lang=en,2026-10-09
gld_holdings,2020-11-04,2020-11-05,1252.42,https://api.spdrgoldshares.com/api/v1/historical-archive?product=gld&exchange=NYSE&lang=en,2026-10-09
gld_holdings,2020-11-05,2020-11-06,1252.42,https://api.spdrgoldshares.com/api/v1/historical-archive?product=gld&exchange=NYSE&lang=en,2026-10-09
gld_holdings,2020-11-06,2020-11-07,1260.3,https://api.spdrgoldshares.com/api/v1/historical-archive?product=gld&exchange=NYSE&lang=en,2026-10-09
gld_holdings,2020-11-09,2020-11-10,1249.79,https://api.spdrgoldshares.com/api/v1/historical-archive?product=gld&exchange=NYSE&lang=en,2026-10-09
gld_holdings,2020-11-10,2020-11-11,1249.79,https://api.spdrgoldshares.com/api/v1/historical-archive?product=gld&exchange=NYSE&lang=en,2026-10-09
gld_holdings,2020-11-11,2020-11-12,1240.74,https://api.spdrgoldshares.com/api/v1/historical-archive?product=gld&exchange=NYSE&lang=en,2026-10-09
gld_holdings,2020-11-12,2020-11-13,1239.57,https://api.spdrgoldshares.com/api/v1/historical-archive?product=gld&exchange=NYSE&lang=en,2026-10-09
gld_holdings,2020-11-13,2020-11-14,1234.32,https://api.spdrgoldshares.com/api/v1/historical-archive?product=gld&exchange=NYSE&lang=en,2026-10-09
gld_holdings,2020-11-16,2020-11-17,1231.4,https://api.spdrgoldshares.com/api/v1/historical-archive?product=gld&exchange=NYSE&lang=en,2026-10-09
gld_holdings,2020-11-17,2020-11-18,1226.3,https://api.spdrgoldshares.com/api/v1/historical-archive?product=gld&exchange=NYSE&lang=en,2026-10-09
gld_holdings,2020-11-18,2020-11-19,1219.0,https://api.spdrgoldshares.com/api/v1/historical-archive?product=gld&exchange=NYSE&lang=en,2026-10-09
gld_holdings,2020-11-19,2020-11-20,1217.25,https://api.spdrgoldshares.com/api/v1/historical-archive?product=gld&exchange=NYSE&lang=en,2026-10-09
gld_holdings,2020-11-20,2020-11-21,1220.17,https://api.spdrgoldshares.com/api/v1/historical-archive?product=gld&exchange=NYSE&lang=en,2026-10-09
gld_holdings,2020-11-23,2020-11-24,1213.16,https://api.spdrgoldshares.com/api/v1/historical-archive?product=gld&exchange=NYSE&lang=en,2026-10-09
gld_holdings,2020-11-24,2020-11-25,1199.74,https://api.spdrgoldshares.com/api/v1/historical-archive?product=gld&exchange=NYSE&lang=en,2026-10-09
gld_holdings,2020-11-25,2020-11-26,1194.78,https://api.spdrgoldshares.com/api/v1/historical-archive?product=gld&exchange=NYSE&lang=en,2026-10-09
gld_holdings,2020-11-27,2020-11-28,1194.78,https://api.spdrgoldshares.com/api/v1/historical-archive?product=gld&exchange=NYSE&lang=en,2026-10-09
gld_holdings,2020-11-30,2020-12-01,1194.78,https://api.spdrgoldshares.com/api/v1/historical-archive?product=gld&exchange=NYSE&lang=en,2026-10-09
gld_holdings,2020-12-01,2020-12-02,1191.28,https://api.spdrgoldshares.com/api/v1/historical-archive?product=gld&exchange=NYSE&lang=en,2026-10-09
gld_holdings,2020-12-02,2020-12-03,1191.28,https://api.spdrgoldshares.com/api/v1/historical-archive?product=gld&exchange=NYSE&lang=en,2026-10-09
gld_holdings,2020-12-03,2020-12-04,1189.82,https://api.spdrgoldshares.com/api/v1/historical-archive?product=gld&exchange=NYSE&lang=en,2026-10-09
gld_holdings,2020-12-04,2020-12-05,1182.7,https://api.spdrgoldshares.com/api/v1/historical-archive?product=gld&exchange=NYSE&lang=en,2026-10-09
gld_holdings,2020-12-07,2020-12-08,1179.78,https://api.spdrgoldshares.com/api/v1/historical-archive?product=gld&exchange=NYSE&lang=en,2026-10-09
gld_holdings,2020-12-08,2020-12-09,1179.78,https://api.spdrgoldshares.com/api/v1/historical-archive?product=gld&exchange=NYSE&lang=en,2026-10-09
gld_holdings,2020-12-09,2020-12-10,1179.78,https://api.spdrgoldshares.com/api/v1/historical-archive?product=gld&exchange=NYSE&lang=en,2026-10-09
gld_holdings,2020-12-10,2020-12-11,1179.78,https://api.spdrgoldshares.com/api/v1/historical-archive?product=gld&exchange=NYSE&lang=en,2026-10-09
gld_holdings,2020-12-11,2020-12-12,1175.99,https://api.spdrgoldshares.com/api/v1/historical-archive?product=gld&exchange=NYSE&lang=en,2026-10-09
gld_holdings,2020-12-14,2020-12-15,1171.32,https://api.spdrgoldshares.com/api/v1/historical-archive?product=gld&exchange=NYSE&lang=en,2026-10-09
gld_holdings,2020-12-15,2020-12-16,1170.15,https://api.spdrgoldshares.com/api/v1/historical-archive?product=gld&exchange=NYSE&lang=en,2026-10-09
gld_holdings,2020-12-16,2020-12-17,1170.15,https://api.spdrgoldshares.com/api/v1/historical-archive?product=gld&exchange=NYSE&lang=en,2026-10-09
gld_holdings,2020-12-17,2020-12-18,1167.82,https://api.spdrgoldshares.com/api/v1/historical-archive?product=gld&exchange=NYSE&lang=en,2026-10-09
gld_holdings,2020-12-18,2020-12-19,1167.82,https://api.spdrgoldshares.com/api/v1/historical-archive?product=gld&exchange=NYSE&lang=en,2026-10-09
gld_holdings,2020-12-21,2020-12-22,1169.86,https://api.spdrgoldshares.com/api/v1/historical-archive?product=gld&exchange=NYSE&lang=en,2026-10-09
gld_holdings,2020-12-22,2020-12-23,1167.53,https://api.spdrgoldshares.com/api/v1/historical-archive?product=gld&exchange=NYSE&lang=en,2026-10-09
gld_holdings,2020-12-23,2020-12-24,1167.53,https://api.spdrgoldshares.com/api/v1/historical-archive?product=gld&exchange=NYSE&lang=en,2026-10-09
gld_holdings,2020-12-24,2020-12-25,1167.53,https://api.spdrgoldshares.com/api/v1/historical-archive?product=gld&exchange=NYSE&lang=en,2026-10-09
gld_holdings,2020-12-28,2020-12-29,1169.86,https://api.spdrgoldshares.com/api/v1/historical-archive?product=gld&exchange=NYSE&lang=en,2026-10-09
gld_holdings,2020-12-29,2020-12-30,1169.86,https://api.spdrgoldshares.com/api/v1/historical-archive?product=gld&exchange=NYSE&lang=en,2026-10-09
gld_holdings,2020-12-30,2020-12-31,1169.86,https://api.spdrgoldshares.com/api/v1/historical-archive?product=gld&exchange=NYSE&lang=en,2026-10-09
gld_holdings,2020-12-31,2021-01-01,1170.74,https://api.spdrgoldshares.com/api/v1/historical-archive?product=gld&exchange=NYSE&lang=en,2026-10-09
gld_holdings,2021-01-04,2021-01-05,1187.95,https://api.spdrgoldshares.com/api/v1/historical-archive?product=gld&exchange=NYSE&lang=en,2026-10-09
gld_holdings,2021-01-05,2021-01-06,1186.78,https://api.spdrgoldshares.com/api/v1/historical-archive?product=gld&exchange=NYSE&lang=en,2026-10-09
gld_holdings,2021-01-06,2021-01-07,1186.78,https://api.spdrgoldshares.com/api/v1/historical-archive?product=gld&exchange=NYSE&lang=en,2026-10-09
gld_holdings,2021-01-07,2021-01-08,1182.11,https://api.spdrgoldshares.com/api/v1/historical-archive?product=gld&exchange=NYSE&lang=en,2026-10-09
gld_holdings,2021-01-08,2021-01-09,1182.11,https://api.spdrgoldshares.com/api/v1/historical-archive?product=gld&exchange=NYSE&lang=en,2026-10-09
gld_holdings,2021-01-11,2021-01-12,1181.71,https://api.spdrgoldshares.com/api/v1/historical-archive?product=gld&exchange=NYSE&lang=en,2026-10-09
gld_holdings,2021-01-12,2021-01-13,1181.71,https://api.spdrgoldshares.com/api/v1/historical-archive?product=gld&exchange=NYSE&lang=en,2026-10-09
gld_holdings,2021-01-13,2021-01-14,1171.21,https://api.spdrgoldshares.com/api/v1/historical-archive?product=gld&exchange=NYSE&lang=en,2026-10-09
gld_holdings,2021-01-14,2021-01-15,1161.0,https://api.spdrgoldshares.com/api/v1/historical-archive?product=gld&exchange=NYSE&lang=en,2026-10-09
gld_holdings,2021-01-15,2021-01-16,1177.63,https://api.spdrgoldshares.com/api/v1/historical-archive?product=gld&exchange=NYSE&lang=en,2026-10-09
gld_holdings,2021-01-19,2021-01-20,1174.13,https://api.spdrgoldshares.com/api/v1/historical-archive?product=gld&exchange=NYSE&lang=en,2026-10-09
gld_holdings,2021-01-20,2021-01-21,1174.13,https://api.spdrgoldshares.com/api/v1/historical-archive?product=gld&exchange=NYSE&lang=en,2026-10-09
gld_holdings,2021-01-21,2021-01-22,1174.13,https://api.spdrgoldshares.com/api/v1/historical-archive?product=gld&exchange=NYSE&lang=en,2026-10-09
gld_holdings,2021-01-22,2021-01-23,1173.25,https://api.spdrgoldshares.com/api/v1/historical-archive?product=gld&exchange=NYSE&lang=en,2026-10-09
gld_holdings,2021-01-25,2021-01-26,1173.25,https://api.spdrgoldshares.com/api/v1/historical-archive?product=gld&exchange=NYSE&lang=en,2026-10-09
gld_holdings,2021-01-26,2021-01-27,1172.38,https://api.spdrgoldshares.com/api/v1/historical-archive?product=gld&exchange=NYSE&lang=en,2026-10-09
gld_holdings,2021-01-27,2021-01-28,1169.17,https://api.spdrgoldshares.com/api/v1/historical-archive?product=gld&exchange=NYSE&lang=en,2026-10-09
gld_holdings,2021-01-28,2021-01-29,1164.79,https://api.spdrgoldshares.com/api/v1/historical-archive?product=gld&exchange=NYSE&lang=en,2026-10-09
gld_holdings,2021-01-29,2021-01-30,1160.13,https://api.spdrgoldshares.com/api/v1/historical-archive?product=gld&exchange=NYSE&lang=en,2026-10-09
gld_holdings,2021-02-01,2021-02-02,1157.5,https://api.spdrgoldshares.com/api/v1/historical-archive?product=gld&exchange=NYSE&lang=en,2026-10-09
gld_holdings,2021-02-02,2021-02-03,1157.5,https://api.spdrgoldshares.com/api/v1/historical-archive?product=gld&exchange=NYSE&lang=en,2026-10-09
gld_holdings,2021-02-03,2021-02-04,1157.5,https://api.spdrgoldshares.com/api/v1/historical-archive?product=gld&exchange=NYSE&lang=en,2026-10-09
gld_holdings,2021-02-04,2021-02-05,1159.84,https://api.spdrgoldshares.com/api/v1/historical-archive?product=gld&exchange=NYSE&lang=en,2026-10-09
gld_holdings,2021-02-05,2021-02-06,1156.51,https://api.spdrgoldshares.com/api/v1/historical-archive?product=gld&exchange=NYSE&lang=en,2026-10-09
gld_holdings,2021-02-08,2021-02-09,1152.43,https://api.spdrgoldshares.com/api/v1/historical-archive?product=gld&exchange=NYSE&lang=en,2026-10-09
gld_holdings,2021-02-09,2021-02-10,1148.34,https://api.spdrgoldshares.com/api/v1/historical-archive?product=gld&exchange=NYSE&lang=en,2026-10-09
gld_holdings,2021-02-10,2021-02-11,1146.59,https://api.spdrgoldshares.com/api/v1/historical-archive?product=gld&exchange=NYSE&lang=en,2026-10-09
gld_holdings,2021-02-11,2021-02-12,1142.22,https://api.spdrgoldshares.com/api/v1/historical-archive?product=gld&exchange=NYSE&lang=en,2026-10-09
gld_holdings,2021-02-12,2021-02-13,1142.22,https://api.spdrgoldshares.com/api/v1/historical-archive?product=gld&exchange=NYSE&lang=en,2026-10-09
gld_holdings,2021-02-16,2021-02-17,1136.68,https://api.spdrgoldshares.com/api/v1/historical-archive?product=gld&exchange=NYSE&lang=en,2026-10-09
gld_holdings,2021-02-17,2021-02-18,1132.89,https://api.spdrgoldshares.com/api/v1/historical-archive?product=gld&exchange=NYSE&lang=en,2026-10-09
gld_holdings,2021-02-18,2021-02-19,1132.89,https://api.spdrgoldshares.com/api/v1/historical-archive?product=gld&exchange=NYSE&lang=en,2026-10-09
gld_holdings,2021-02-19,2021-02-20,1127.64,https://api.spdrgoldshares.com/api/v1/historical-archive?product=gld&exchange=NYSE&lang=en,2026-10-09
gld_holdings,2021-02-22,2021-02-23,1115.4,https://api.spdrgoldshares.com/api/v1/historical-archive?product=gld&exchange=NYSE&lang=en,2026-10-09
gld_holdings,2021-02-23,2021-02-24,1110.44,https://api.spdrgoldshares.com/api/v1/historical-archive?product=gld&exchange=NYSE&lang=en,2026-10-09
gld_holdings,2021-02-24,2021-02-25,1106.36,https://api.spdrgoldshares.com/api/v1/historical-archive?product=gld&exchange=NYSE&lang=en,2026-10-09
gld_holdings,2021-02-25,2021-02-26,1100.24,https://api.spdrgoldshares.com/api/v1/historical-archive?product=gld&exchange=NYSE&lang=en,2026-10-09
gld_holdings,2021-02-26,2021-02-27,1093.53,https://api.spdrgoldshares.com/api/v1/historical-archive?product=gld&exchange=NYSE&lang=en,2026-10-09
gld_holdings,2021-03-01,2021-03-02,1084.5,https://api.spdrgoldshares.com/api/v1/historical-archive?product=gld&exchange=NYSE&lang=en,2026-10-09
gld_holdings,2021-03-02,2021-03-03,1087.12,https://api.spdrgoldshares.com/api/v1/historical-archive?product=gld&exchange=NYSE&lang=en,2026-10-09
gld_holdings,2021-03-03,2021-03-04,1082.38,https://api.spdrgoldshares.com/api/v1/historical-archive?product=gld&exchange=NYSE&lang=en,2026-10-09
gld_holdings,2021-03-04,2021-03-05,1078.3,https://api.spdrgoldshares.com/api/v1/historical-archive?product=gld&exchange=NYSE&lang=en,2026-10-09
gld_holdings,2021-03-05,2021-03-06,1069.26,https://api.spdrgoldshares.com/api/v1/historical-archive?product=gld&exchange=NYSE&lang=en,2026-10-09
gld_holdings,2021-03-08,2021-03-09,1063.43,https://api.spdrgoldshares.com/api/v1/historical-archive?product=gld&exchange=NYSE&lang=en,2026-10-09
gld_holdings,2021-03-09,2021-03-10,1061.98,https://api.spdrgoldshares.com/api/v1/historical-archive?product=gld&exchange=NYSE&lang=en,2026-10-09
gld_holdings,2021-03-10,2021-03-11,1060.23,https://api.spdrgoldshares.com/api/v1/historical-archive?product=gld&exchange=NYSE&lang=en,2026-10-09
gld_holdings,2021-03-11,2021-03-12,1055.27,https://api.spdrgoldshares.com/api/v1/historical-archive?product=gld&exchange=NYSE&lang=en,2026-10-09
gld_holdings,2021-03-12,2021-03-13,1052.07,https://api.spdrgoldshares.com/api/v1/historical-archive?product=gld&exchange=NYSE&lang=en,2026-10-09
gld_holdings,2021-03-15,2021-03-16,1050.32,https://api.spdrgoldshares.com/api/v1/historical-archive?product=gld&exchange=NYSE&lang=en,2026-10-09
gld_holdings,2021-03-16,2021-03-17,1050.32,https://api.spdrgoldshares.com/api/v1/historical-archive?product=gld&exchange=NYSE&lang=en,2026-10-09
gld_holdings,2021-03-17,2021-03-18,1048.28,https://api.spdrgoldshares.com/api/v1/historical-archive?product=gld&exchange=NYSE&lang=en,2026-10-09
gld_holdings,2021-03-18,2021-03-19,1048.28,https://api.spdrgoldshares.com/api/v1/historical-archive?product=gld&exchange=NYSE&lang=en,2026-10-09
gld_holdings,2021-03-19,2021-03-20,1051.78,https://api.spdrgoldshares.com/api/v1/historical-archive?product=gld&exchange=NYSE&lang=en,2026-10-09
gld_holdings,2021-03-22,2021-03-23,1051.78,https://api.spdrgoldshares.com/api/v1/historical-archive?product=gld&exchange=NYSE&lang=en,2026-10-09
gld_holdings,2021-03-23,2021-03-24,1045.36,https://api.spdrgoldshares.com/api/v1/historical-archive?product=gld&exchange=NYSE&lang=en,2026-10-09
gld_holdings,2021-03-24,2021-03-25,1043.03,https://api.spdrgoldshares.com/api/v1/historical-archive?product=gld&exchange=NYSE&lang=en,2026-10-09
gld_holdings,2021-03-25,2021-03-26,1043.03,https://api.spdrgoldshares.com/api/v1/historical-archive?product=gld&exchange=NYSE&lang=en,2026-10-09
gld_holdings,2021-03-26,2021-03-27,1036.62,https://api.spdrgoldshares.com/api/v1/historical-archive?product=gld&exchange=NYSE&lang=en,2026-10-09
gld_holdings,2021-03-29,2021-03-30,1037.5,https://api.spdrgoldshares.com/api/v1/historical-archive?product=gld&exchange=NYSE&lang=en,2026-10-09
gld_holdings,2021-03-30,2021-03-31,1037.5,https://api.spdrgoldshares.com/api/v1/historical-archive?product=gld&exchange=NYSE&lang=en,2026-10-09
gld_holdings,2021-03-31,2021-04-01,1037.5,https://api.spdrgoldshares.com/api/v1/historical-archive?product=gld&exchange=NYSE&lang=en,2026-10-09
gld_holdings,2021-04-01,2021-04-02,1032.83,https://api.spdrgoldshares.com/api/v1/historical-archive?product=gld&exchange=NYSE&lang=en,2026-10-09
gld_holdings,2021-04-05,2021-04-06,1032.83,https://api.spdrgoldshares.com/api/v1/historical-archive?product=gld&exchange=NYSE&lang=en,2026-10-09
gld_holdings,2021-04-06,2021-04-07,1029.04,https://api.spdrgoldshares.com/api/v1/historical-archive?product=gld&exchange=NYSE&lang=en,2026-10-09
gld_holdings,2021-04-07,2021-04-08,1028.69,https://api.spdrgoldshares.com/api/v1/historical-archive?product=gld&exchange=NYSE&lang=en,2026-10-09
gld_holdings,2021-04-08,2021-04-09,1026.07,https://api.spdrgoldshares.com/api/v1/historical-archive?product=gld&exchange=NYSE&lang=en,2026-10-09
gld_holdings,2021-04-09,2021-04-10,1026.07,https://api.spdrgoldshares.com/api/v1/historical-archive?product=gld&exchange=NYSE&lang=en,2026-10-09
gld_holdings,2021-04-12,2021-04-13,1026.07,https://api.spdrgoldshares.com/api/v1/historical-archive?product=gld&exchange=NYSE&lang=en,2026-10-09
gld_holdings,2021-04-13,2021-04-14,1026.07,https://api.spdrgoldshares.com/api/v1/historical-archive?product=gld&exchange=NYSE&lang=en,2026-10-09
gld_holdings,2021-04-14,2021-04-15,1022.86,https://api.spdrgoldshares.com/api/v1/historical-archive?product=gld&exchange=NYSE&lang=en,2026-10-09
gld_holdings,2021-04-15,2021-04-16,1022.86,https://api.spdrgoldshares.com/api/v1/historical-archive?product=gld&exchange=NYSE&lang=en,2026-10-09
gld_holdings,2021-04-16,2021-04-17,1019.66,https://api.spdrgoldshares.com/api/v1/historical-archive?product=gld&exchange=NYSE&lang=en,2026-10-09
gld_holdings,2021-04-19,2021-04-20,1021.7,https://api.spdrgoldshares.com/api/v1/historical-archive?product=gld&exchange=NYSE&lang=en,2026-10-09
gld_holdings,2021-04-20,2021-04-21,1021.7,https://api.spdrgoldshares.com/api/v1/historical-archive?product=gld&exchange=NYSE&lang=en,2026-10-09
gld_holdings,2021-04-21,2021-04-22,1021.7,https://api.spdrgoldshares.com/api/v1/historical-archive?product=gld&exchange=NYSE&lang=en,2026-10-09
gld_holdings,2021-04-22,2021-04-23,1021.7,https://api.spdrgoldshares.com/api/v1/historical-archive?product=gld&exchange=NYSE&lang=en,2026-10-09
gld_holdings,2021-04-23,2021-04-24,1021.7,https://api.spdrgoldshares.com/api/v1/historical-archive?product=gld&exchange=NYSE&lang=en,2026-10-09
gld_holdings,2021-04-26,2021-04-27,1021.7,https://api.spdrgoldshares.com/api/v1/historical-archive?product=gld&exchange=NYSE&lang=en,2026-10-09
gld_holdings,2021-04-27,2021-04-28,1021.7,https://api.spdrgoldshares.com/api/v1/historical-archive?product=gld&exchange=NYSE&lang=en,2026-10-09
gld_holdings,2021-04-28,2021-04-29,1021.7,https://api.spdrgoldshares.com/api/v1/historical-archive?product=gld&exchange=NYSE&lang=en,2026-10-09
gld_holdings,2021-04-29,2021-04-30,1017.04,https://api.spdrgoldshares.com/api/v1/historical-archive?product=gld&exchange=NYSE&lang=en,2026-10-09
gld_holdings,2021-04-30,2021-05-01,1017.04,https://api.spdrgoldshares.com/api/v1/historical-archive?product=gld&exchange=NYSE&lang=en,2026-10-09
gld_holdings,2021-05-03,2021-05-04,1018.2,https://api.spdrgoldshares.com/api/v1/historical-archive?product=gld&exchange=NYSE&lang=en,2026-10-09
gld_holdings,2021-05-04,2021-05-05,1018.2,https://api.spdrgoldshares.com/api/v1/historical-archive?product=gld&exchange=NYSE&lang=en,2026-10-09
gld_holdings,2021-05-05,2021-05-06,1019.33,https://api.spdrgoldshares.com/api/v1/historical-archive?product=gld&exchange=NYSE&lang=en,2026-10-09
gld_holdings,2021-05-06,2021-05-07,1019.33,https://api.spdrgoldshares.com/api/v1/historical-archive?product=gld&exchange=NYSE&lang=en,2026-10-09
gld_holdings,2021-05-07,2021-05-08,1025.15,https://api.spdrgoldshares.com/api/v1/historical-archive?product=gld&exchange=NYSE&lang=en,2026-10-09
gld_holdings,2021-05-10,2021-05-11,1025.15,https://api.spdrgoldshares.com/api/v1/historical-archive?product=gld&exchange=NYSE&lang=en,2026-10-09
gld_holdings,2021-05-11,2021-05-12,1025.15,https://api.spdrgoldshares.com/api/v1/historical-archive?product=gld&exchange=NYSE&lang=en,2026-10-09
gld_holdings,2021-05-12,2021-05-13,1025.15,https://api.spdrgoldshares.com/api/v1/historical-archive?product=gld&exchange=NYSE&lang=en,2026-10-09
gld_holdings,2021-05-13,2021-05-14,1024.28,https://api.spdrgoldshares.com/api/v1/historical-archive?product=gld&exchange=NYSE&lang=en,2026-10-09
gld_holdings,2021-05-14,2021-05-15,1028.36,https://api.spdrgoldshares.com/api/v1/historical-archive?product=gld&exchange=NYSE&lang=en,2026-10-09
gld_holdings,2021-05-17,2021-05-18,1035.93,https://api.spdrgoldshares.com/api/v1/historical-archive?product=gld&exchange=NYSE&lang=en,2026-10-09
gld_holdings,2021-05-18,2021-05-19,1035.93,https://api.spdrgoldshares.com/api/v1/historical-archive?product=gld&exchange=NYSE&lang=en,2026-10-09
gld_holdings,2021-05-19,2021-05-20,1031.27,https://api.spdrgoldshares.com/api/v1/historical-archive?product=gld&exchange=NYSE&lang=en,2026-10-09
gld_holdings,2021-05-20,2021-05-21,1037.09,https://api.spdrgoldshares.com/api/v1/historical-archive?product=gld&exchange=NYSE&lang=en,2026-10-09
gld_holdings,2021-05-21,2021-05-22,1042.92,https://api.spdrgoldshares.com/api/v1/historical-archive?product=gld&exchange=NYSE&lang=en,2026-10-09
gld_holdings,2021-05-24,2021-05-25,1046.12,https://api.spdrgoldshares.com/api/v1/historical-archive?product=gld&exchange=NYSE&lang=en,2026-10-09
gld_holdings,2021-05-25,2021-05-26,1046.12,https://api.spdrgoldshares.com/api/v1/historical-archive?product=gld&exchange=NYSE&lang=en,2026-10-09
gld_holdings,2021-05-26,2021-05-27,1044.08,https://api.spdrgoldshares.com/api/v1/historical-archive?product=gld&exchange=NYSE&lang=en,2026-10-09
gld_holdings,2021-05-27,2021-05-28,1044.08,https://api.spdrgoldshares.com/api/v1/historical-archive?product=gld&exchange=NYSE&lang=en,2026-10-09
gld_holdings,2021-05-28,2021-05-29,1043.21,https://api.spdrgoldshares.com/api/v1/historical-archive?product=gld&exchange=NYSE&lang=en,2026-10-09
gld_holdings,2021-06-01,2021-06-02,1045.83,https://api.spdrgoldshares.com/api/v1/historical-archive?product=gld&exchange=NYSE&lang=en,2026-10-09
gld_holdings,2021-06-02,2021-06-03,1041.75,https://api.spdrgoldshares.com/api/v1/historical-archive?product=gld&exchange=NYSE&lang=en,2026-10-09
gld_holdings,2021-06-03,2021-06-04,1041.75,https://api.spdrgoldshares.com/api/v1/historical-archive?product=gld&exchange=NYSE&lang=en,2026-10-09
gld_holdings,2021-06-04,2021-06-05,1043.16,https://api.spdrgoldshares.com/api/v1/historical-archive?product=gld&exchange=NYSE&lang=en,2026-10-09
gld_holdings,2021-06-07,2021-06-08,1037.33,https://api.spdrgoldshares.com/api/v1/historical-archive?product=gld&exchange=NYSE&lang=en,2026-10-09
gld_holdings,2021-06-08,2021-06-09,1037.33,https://api.spdrgoldshares.com/api/v1/historical-archive?product=gld&exchange=NYSE&lang=en,2026-10-09
gld_holdings,2021-06-09,2021-06-10,1043.16,https://api.spdrgoldshares.com/api/v1/historical-archive?product=gld&exchange=NYSE&lang=en,2026-10-09
gld_holdings,2021-06-10,2021-06-11,1044.61,https://api.spdrgoldshares.com/api/v1/historical-archive?product=gld&exchange=NYSE&lang=en,2026-10-09
gld_holdings,2021-06-11,2021-06-12,1044.61,https://api.spdrgoldshares.com/api/v1/historical-archive?product=gld&exchange=NYSE&lang=en,2026-10-09
gld_holdings,2021-06-14,2021-06-15,1044.61,https://api.spdrgoldshares.com/api/v1/historical-archive?product=gld&exchange=NYSE&lang=en,2026-10-09
gld_holdings,2021-06-15,2021-06-16,1044.61,https://api.spdrgoldshares.com/api/v1/historical-archive?product=gld&exchange=NYSE&lang=en,2026-10-09
gld_holdings,2021-06-16,2021-06-17,1045.78,https://api.spdrgoldshares.com/api/v1/historical-archive?product=gld&exchange=NYSE&lang=en,2026-10-09
gld_holdings,2021-06-17,2021-06-18,1041.99,https://api.spdrgoldshares.com/api/v1/historical-archive?product=gld&exchange=NYSE&lang=en,2026-10-09
gld_holdings,2021-06-18,2021-06-19,1053.06,https://api.spdrgoldshares.com/api/v1/historical-archive?product=gld&exchange=NYSE&lang=en,2026-10-09
gld_holdings,2021-06-21,2021-06-22,1049.56,https://api.spdrgoldshares.com/api/v1/historical-archive?product=gld&exchange=NYSE&lang=en,2026-10-09
gld_holdings,2021-06-22,2021-06-23,1049.56,https://api.spdrgoldshares.com/api/v1/historical-archive?product=gld&exchange=NYSE&lang=en,2026-10-09
gld_holdings,2021-06-23,2021-06-24,1046.65,https://api.spdrgoldshares.com/api/v1/historical-archive?product=gld&exchange=NYSE&lang=en,2026-10-09
gld_holdings,2021-06-24,2021-06-25,1042.87,https://api.spdrgoldshares.com/api/v1/historical-archive?product=gld&exchange=NYSE&lang=en,2026-10-09
gld_holdings,2021-06-25,2021-06-26,1042.87,https://api.spdrgoldshares.com/api/v1/historical-archive?product=gld&exchange=NYSE&lang=en,2026-10-09
gld_holdings,2021-06-28,2021-06-29,1045.78,https://api.spdrgoldshares.com/api/v1/historical-archive?product=gld&exchange=NYSE&lang=en,2026-10-09
gld_holdings,2021-06-29,2021-06-30,1045.78,https://api.spdrgoldshares.com/api/v1/historical-archive?product=gld&exchange=NYSE&lang=en,2026-10-09
gld_holdings,2021-06-30,2021-07-01,1045.78,https://api.spdrgoldshares.com/api/v1/historical-archive?product=gld&exchange=NYSE&lang=en,2026-10-09
gld_holdings,2021-07-01,2021-07-02,1043.16,https://api.spdrgoldshares.com/api/v1/historical-archive?product=gld&exchange=NYSE&lang=en,2026-10-09
gld_holdings,2021-07-02,2021-07-03,1042.58,https://api.spdrgoldshares.com/api/v1/historical-archive?product=gld&exchange=NYSE&lang=en,2026-10-09
gld_holdings,2021-07-06,2021-07-07,1042.23,https://api.spdrgoldshares.com/api/v1/historical-archive?product=gld&exchange=NYSE&lang=en,2026-10-09
gld_holdings,2021-07-07,2021-07-08,1040.48,https://api.spdrgoldshares.com/api/v1/historical-archive?product=gld&exchange=NYSE&lang=en,2026-10-09
gld_holdings,2021-07-08,2021-07-09,1040.19,https://api.spdrgoldshares.com/api/v1/historical-archive?product=gld&exchange=NYSE&lang=en,2026-10-09
gld_holdings,2021-07-09,2021-07-10,1040.19,https://api.spdrgoldshares.com/api/v1/historical-archive?product=gld&exchange=NYSE&lang=en,2026-10-09
gld_holdings,2021-07-12,2021-07-13,1037.28,https://api.spdrgoldshares.com/api/v1/historical-archive?product=gld&exchange=NYSE&lang=en,2026-10-09
gld_holdings,2021-07-13,2021-07-14,1037.28,https://api.spdrgoldshares.com/api/v1/historical-archive?product=gld&exchange=NYSE&lang=en,2026-10-09
gld_holdings,2021-07-14,2021-07-15,1034.37,https://api.spdrgoldshares.com/api/v1/historical-archive?product=gld&exchange=NYSE&lang=en,2026-10-09
gld_holdings,2021-07-15,2021-07-16,1034.37,https://api.spdrgoldshares.com/api/v1/historical-archive?product=gld&exchange=NYSE&lang=en,2026-10-09
gld_holdings,2021-07-16,2021-07-17,1028.55,https://api.spdrgoldshares.com/api/v1/historical-archive?product=gld&exchange=NYSE&lang=en,2026-10-09
gld_holdings,2021-07-19,2021-07-20,1028.55,https://api.spdrgoldshares.com/api/v1/historical-archive?product=gld&exchange=NYSE&lang=en,2026-10-09
gld_holdings,2021-07-20,2021-07-21,1028.55,https://api.spdrgoldshares.com/api/v1/historical-archive?product=gld&exchange=NYSE&lang=en,2026-10-09
gld_holdings,2021-07-21,2021-07-22,1028.55,https://api.spdrgoldshares.com/api/v1/historical-archive?product=gld&exchange=NYSE&lang=en,2026-10-09
gld_holdings,2021-07-22,2021-07-23,1027.38,https://api.spdrgoldshares.com/api/v1/historical-archive?product=gld&exchange=NYSE&lang=en,2026-10-09
gld_holdings,2021-07-23,2021-07-24,1027.38,https://api.spdrgoldshares.com/api/v1/historical-archive?product=gld&exchange=NYSE&lang=en,2026-10-09
gld_holdings,2021-07-26,2021-07-27,1025.64,https://api.spdrgoldshares.com/api/v1/historical-archive?product=gld&exchange=NYSE&lang=en,2026-10-09
gld_holdings,2021-07-27,2021-07-28,1025.64,https://api.spdrgoldshares.com/api/v1/historical-archive?product=gld&exchange=NYSE&lang=en,2026-10-09
gld_holdings,2021-07-28,2021-07-29,1025.64,https://api.spdrgoldshares.com/api/v1/historical-archive?product=gld&exchange=NYSE&lang=en,2026-10-09
gld_holdings,2021-07-29,2021-07-30,1031.46,https://api.spdrgoldshares.com/api/v1/historical-archive?product=gld&exchange=NYSE&lang=en,2026-10-09
gld_holdings,2021-07-30,2021-07-31,1031.46,https://api.spdrgoldshares.com/api/v1/historical-archive?product=gld&exchange=NYSE&lang=en,2026-10-09
gld_holdings,2021-08-02,2021-08-03,1029.71,https://api.spdrgoldshares.com/api/v1/historical-archive?product=gld&exchange=NYSE&lang=en,2026-10-09
gld_holdings,2021-08-03,2021-08-04,1027.97,https://api.spdrgoldshares.com/api/v1/historical-archive?product=gld&exchange=NYSE&lang=en,2026-10-09
gld_holdings,2021-08-04,2021-08-05,1027.97,https://api.spdrgoldshares.com/api/v1/historical-archive?product=gld&exchange=NYSE&lang=en,2026-10-09
gld_holdings,2021-08-05,2021-08-06,1027.61,https://api.spdrgoldshares.com/api/v1/historical-archive?product=gld&exchange=NYSE&lang=en,2026-10-09
gld_holdings,2021-08-06,2021-08-07,1025.28,https://api.spdrgoldshares.com/api/v1/historical-archive?product=gld&exchange=NYSE&lang=en,2026-10-09
gld_holdings,2021-08-09,2021-08-10,1023.54,https://api.spdrgoldshares.com/api/v1/historical-archive?product=gld&exchange=NYSE&lang=en,2026-10-09
gld_holdings,2021-08-10,2021-08-11,1023.54,https://api.spdrgoldshares.com/api/v1/historical-archive?product=gld&exchange=NYSE&lang=en,2026-10-09
gld_holdings,2021-08-11,2021-08-12,1023.54,https://api.spdrgoldshares.com/api/v1/historical-archive?product=gld&exchange=NYSE&lang=en,2026-10-09
gld_holdings,2021-08-12,2021-08-13,1023.54,https://api.spdrgoldshares.com/api/v1/historical-archive?product=gld&exchange=NYSE&lang=en,2026-10-09
gld_holdings,2021-08-13,2021-08-14,1021.79,https://api.spdrgoldshares.com/api/v1/historical-archive?product=gld&exchange=NYSE&lang=en,2026-10-09
gld_holdings,2021-08-16,2021-08-17,1020.63,https://api.spdrgoldshares.com/api/v1/historical-archive?product=gld&exchange=NYSE&lang=en,2026-10-09
gld_holdings,2021-08-17,2021-08-18,1017.14,https://api.spdrgoldshares.com/api/v1/historical-archive?product=gld&exchange=NYSE&lang=en,2026-10-09
gld_holdings,2021-08-18,2021-08-19,1015.1,https://api.spdrgoldshares.com/api/v1/historical-archive?product=gld&exchange=NYSE&lang=en,2026-10-09
gld_holdings,2021-08-19,2021-08-20,1015.1,https://api.spdrgoldshares.com/api/v1/historical-archive?product=gld&exchange=NYSE&lang=en,2026-10-09
gld_holdings,2021-08-20,2021-08-21,1011.61,https://api.spdrgoldshares.com/api/v1/historical-archive?product=gld&exchange=NYSE&lang=en,2026-10-09
gld_holdings,2021-08-23,2021-08-24,1006.66,https://api.spdrgoldshares.com/api/v1/historical-archive?product=gld&exchange=NYSE&lang=en,2026-10-09
gld_holdings,2021-08-24,2021-08-25,1004.63,https://api.spdrgoldshares.com/api/v1/historical-archive?product=gld&exchange=NYSE&lang=en,2026-10-09
gld_holdings,2021-08-25,2021-08-26,1001.72,https://api.spdrgoldshares.com/api/v1/historical-archive?product=gld&exchange=NYSE&lang=en,2026-10-09
gld_holdings,2021-08-26,2021-08-27,1001.72,https://api.spdrgoldshares.com/api/v1/historical-archive?product=gld&exchange=NYSE&lang=en,2026-10-09
gld_holdings,2021-08-27,2021-08-28,1001.72,https://api.spdrgoldshares.com/api/v1/historical-archive?product=gld&exchange=NYSE&lang=en,2026-10-09
gld_holdings,2021-08-30,2021-08-31,1001.72,https://api.spdrgoldshares.com/api/v1/historical-archive?product=gld&exchange=NYSE&lang=en,2026-10-09
gld_holdings,2021-08-31,2021-09-01,1000.26,https://api.spdrgoldshares.com/api/v1/historical-archive?product=gld&exchange=NYSE&lang=en,2026-10-09
gld_holdings,2021-09-01,2021-09-02,1000.26,https://api.spdrgoldshares.com/api/v1/historical-archive?product=gld&exchange=NYSE&lang=en,2026-10-09
gld_holdings,2021-09-02,2021-09-03,998.52,https://api.spdrgoldshares.com/api/v1/historical-archive?product=gld&exchange=NYSE&lang=en,2026-10-09
gld_holdings,2021-09-03,2021-09-04,998.52,https://api.spdrgoldshares.com/api/v1/historical-archive?product=gld&exchange=NYSE&lang=en,2026-10-09
gld_holdings,2021-09-07,2021-09-08,998.52,https://api.spdrgoldshares.com/api/v1/historical-archive?product=gld&exchange=NYSE&lang=en,2026-10-09
gld_holdings,2021-09-08,2021-09-09,998.52,https://api.spdrgoldshares.com/api/v1/historical-archive?product=gld&exchange=NYSE&lang=en,2026-10-09
gld_holdings,2021-09-09,2021-09-10,998.17,https://api.spdrgoldshares.com/api/v1/historical-archive?product=gld&exchange=NYSE&lang=en,2026-10-09
gld_holdings,2021-09-10,2021-09-11,998.17,https://api.spdrgoldshares.com/api/v1/historical-archive?product=gld&exchange=NYSE&lang=en,2026-10-09
gld_holdings,2021-09-13,2021-09-14,1000.21,https://api.spdrgoldshares.com/api/v1/historical-archive?product=gld&exchange=NYSE&lang=en,2026-10-09
gld_holdings,2021-09-14,2021-09-15,1000.21,https://api.spdrgoldshares.com/api/v1/historical-archive?product=gld&exchange=NYSE&lang=en,2026-10-09
gld_holdings,2021-09-15,2021-09-16,998.46,https://api.spdrgoldshares.com/api/v1/historical-archive?product=gld&exchange=NYSE&lang=en,2026-10-09
gld_holdings,2021-09-16,2021-09-17,999.92,https://api.spdrgoldshares.com/api/v1/historical-archive?product=gld&exchange=NYSE&lang=en,2026-10-09
gld_holdings,2021-09-17,2021-09-18,1001.66,https://api.spdrgoldshares.com/api/v1/historical-archive?product=gld&exchange=NYSE&lang=en,2026-10-09
gld_holdings,2021-09-20,2021-09-21,1001.66,https://api.spdrgoldshares.com/api/v1/historical-archive?product=gld&exchange=NYSE&lang=en,2026-10-09
gld_holdings,2021-09-21,2021-09-22,1000.79,https://api.spdrgoldshares.com/api/v1/historical-archive?product=gld&exchange=NYSE&lang=en,2026-10-09
gld_holdings,2021-09-22,2021-09-23,1000.79,https://api.spdrgoldshares.com/api/v1/historical-archive?product=gld&exchange=NYSE&lang=en,2026-10-09
gld_holdings,2021-09-23,2021-09-24,992.65,https://api.spdrgoldshares.com/api/v1/historical-archive?product=gld&exchange=NYSE&lang=en,2026-10-09
gld_holdings,2021-09-24,2021-09-25,993.52,https://api.spdrgoldshares.com/api/v1/historical-archive?product=gld&exchange=NYSE&lang=en,2026-10-09
gld_holdings,2021-09-27,2021-09-28,990.32,https://api.spdrgoldshares.com/api/v1/historical-archive?product=gld&exchange=NYSE&lang=en,2026-10-09
gld_holdings,2021-09-28,2021-09-29,990.03,https://api.spdrgoldshares.com/api/v1/historical-archive?product=gld&exchange=NYSE&lang=en,2026-10-09
gld_holdings,2021-09-29,2021-09-30,990.03,https://api.spdrgoldshares.com/api/v1/historical-archive?product=gld&exchange=NYSE&lang=en,2026-10-09
gld_holdings,2021-09-30,2021-10-01,990.03,https://api.spdrgoldshares.com/api/v1/historical-archive?product=gld&exchange=NYSE&lang=en,2026-10-09
gld_holdings,2021-10-01,2021-10-02,986.54,https://api.spdrgoldshares.com/api/v1/historical-archive?product=gld&exchange=NYSE&lang=en,2026-10-09
gld_holdings,2021-10-04,2021-10-05,986.54,https://api.spdrgoldshares.com/api/v1/historical-archive?product=gld&exchange=NYSE&lang=en,2026-10-09
gld_holdings,2021-10-05,2021-10-06,986.54,https://api.spdrgoldshares.com/api/v1/historical-archive?product=gld&exchange=NYSE&lang=en,2026-10-09
gld_holdings,2021-10-06,2021-10-07,986.54,https://api.spdrgoldshares.com/api/v1/historical-archive?product=gld&exchange=NYSE&lang=en,2026-10-09
gld_holdings,2021-10-07,2021-10-08,986.54,https://api.spdrgoldshares.com/api/v1/historical-archive?product=gld&exchange=NYSE&lang=en,2026-10-09
gld_holdings,2021-10-08,2021-10-09,985.05,https://api.spdrgoldshares.com/api/v1/historical-archive?product=gld&exchange=NYSE&lang=en,2026-10-09
gld_holdings,2021-10-11,2021-10-12,985.05,https://api.spdrgoldshares.com/api/v1/historical-archive?product=gld&exchange=NYSE&lang=en,2026-10-09
gld_holdings,2021-10-12,2021-10-13,985.05,https://api.spdrgoldshares.com/api/v1/historical-archive?product=gld&exchange=NYSE&lang=en,2026-10-09
gld_holdings,2021-10-13,2021-10-14,982.72,https://api.spdrgoldshares.com/api/v1/historical-archive?product=gld&exchange=NYSE&lang=en,2026-10-09
gld_holdings,2021-10-14,2021-10-15,982.72,https://api.spdrgoldshares.com/api/v1/historical-archive?product=gld&exchange=NYSE&lang=en,2026-10-09
gld_holdings,2021-10-15,2021-10-16,980.1,https://api.spdrgoldshares.com/api/v1/historical-archive?product=gld&exchange=NYSE&lang=en,2026-10-09
gld_holdings,2021-10-18,2021-10-19,980.1,https://api.spdrgoldshares.com/api/v1/historical-archive?product=gld&exchange=NYSE&lang=en,2026-10-09
gld_holdings,2021-10-19,2021-10-20,980.1,https://api.spdrgoldshares.com/api/v1/historical-archive?product=gld&exchange=NYSE&lang=en,2026-10-09
gld_holdings,2021-10-20,2021-10-21,980.1,https://api.spdrgoldshares.com/api/v1/historical-archive?product=gld&exchange=NYSE&lang=en,2026-10-09
gld_holdings,2021-10-21,2021-10-22,978.07,https://api.spdrgoldshares.com/api/v1/historical-archive?product=gld&exchange=NYSE&lang=en,2026-10-09
gld_holdings,2021-10-22,2021-10-23,978.07,https://api.spdrgoldshares.com/api/v1/historical-archive?product=gld&exchange=NYSE&lang=en,2026-10-09
gld_holdings,2021-10-25,2021-10-26,978.07,https://api.spdrgoldshares.com/api/v1/historical-archive?product=gld&exchange=NYSE&lang=en,2026-10-09
gld_holdings,2021-10-26,2021-10-27,979.81,https://api.spdrgoldshares.com/api/v1/historical-archive?product=gld&exchange=NYSE&lang=en,2026-10-09
gld_holdings,2021-10-27,2021-10-28,983.01,https://api.spdrgoldshares.com/api/v1/historical-archive?product=gld&exchange=NYSE&lang=en,2026-10-09
gld_holdings,2021-10-28,2021-10-29,982.14,https://api.spdrgoldshares.com/api/v1/historical-archive?product=gld&exchange=NYSE&lang=en,2026-10-09
gld_holdings,2021-10-29,2021-10-30,982.14,https://api.spdrgoldshares.com/api/v1/historical-archive?product=gld&exchange=NYSE&lang=en,2026-10-09
gld_holdings,2021-11-01,2021-11-02,979.52,https://api.spdrgoldshares.com/api/v1/historical-archive?product=gld&exchange=NYSE&lang=en,2026-10-09
gld_holdings,2021-11-02,2021-11-03,979.52,https://api.spdrgoldshares.com/api/v1/historical-archive?product=gld&exchange=NYSE&lang=en,2026-10-09
gld_holdings,2021-11-03,2021-11-04,978.07,https://api.spdrgoldshares.com/api/v1/historical-archive?product=gld&exchange=NYSE&lang=en,2026-10-09
gld_holdings,2021-11-04,2021-11-05,975.41,https://api.spdrgoldshares.com/api/v1/historical-archive?product=gld&exchange=NYSE&lang=en,2026-10-09
gld_holdings,2021-11-05,2021-11-06,975.41,https://api.spdrgoldshares.com/api/v1/historical-archive?product=gld&exchange=NYSE&lang=en,2026-10-09
gld_holdings,2021-11-08,2021-11-09,975.41,https://api.spdrgoldshares.com/api/v1/historical-archive?product=gld&exchange=NYSE&lang=en,2026-10-09
gld_holdings,2021-11-09,2021-11-10,975.41,https://api.spdrgoldshares.com/api/v1/historical-archive?product=gld&exchange=NYSE&lang=en,2026-10-09
gld_holdings,2021-11-10,2021-11-11,975.41,https://api.spdrgoldshares.com/api/v1/historical-archive?product=gld&exchange=NYSE&lang=en,2026-10-09
gld_holdings,2021-11-11,2021-11-12,975.99,https://api.spdrgoldshares.com/api/v1/historical-archive?product=gld&exchange=NYSE&lang=en,2026-10-09
gld_holdings,2021-11-12,2021-11-13,975.99,https://api.spdrgoldshares.com/api/v1/historical-archive?product=gld&exchange=NYSE&lang=en,2026-10-09
gld_holdings,2021-11-15,2021-11-16,975.99,https://api.spdrgoldshares.com/api/v1/historical-archive?product=gld&exchange=NYSE&lang=en,2026-10-09
gld_holdings,2021-11-16,2021-11-17,975.99,https://api.spdrgoldshares.com/api/v1/historical-archive?product=gld&exchange=NYSE&lang=en,2026-10-09
gld_holdings,2021-11-17,2021-11-18,976.87,https://api.spdrgoldshares.com/api/v1/historical-archive?product=gld&exchange=NYSE&lang=en,2026-10-09
gld_holdings,2021-11-18,2021-11-19,976.87,https://api.spdrgoldshares.com/api/v1/historical-archive?product=gld&exchange=NYSE&lang=en,2026-10-09
gld_holdings,2021-11-19,2021-11-20,985.0,https://api.spdrgoldshares.com/api/v1/historical-archive?product=gld&exchange=NYSE&lang=en,2026-10-09
gld_holdings,2021-11-22,2021-11-23,990.53,https://api.spdrgoldshares.com/api/v1/historical-archive?product=gld&exchange=NYSE&lang=en,2026-10-09
gld_holdings,2021-11-23,2021-11-24,991.11,https://api.spdrgoldshares.com/api/v1/historical-archive?product=gld&exchange=NYSE&lang=en,2026-10-09
gld_holdings,2021-11-24,2021-11-25,991.11,https://api.spdrgoldshares.com/api/v1/historical-archive?product=gld&exchange=NYSE&lang=en,2026-10-09
gld_holdings,2021-11-26,2021-11-27,992.85,https://api.spdrgoldshares.com/api/v1/historical-archive?product=gld&exchange=NYSE&lang=en,2026-10-09
gld_holdings,2021-11-29,2021-11-30,992.85,https://api.spdrgoldshares.com/api/v1/historical-archive?product=gld&exchange=NYSE&lang=en,2026-10-09
gld_holdings,2021-11-30,2021-12-01,992.85,https://api.spdrgoldshares.com/api/v1/historical-archive?product=gld&exchange=NYSE&lang=en,2026-10-09
gld_holdings,2021-12-01,2021-12-02,990.82,https://api.spdrgoldshares.com/api/v1/historical-archive?product=gld&exchange=NYSE&lang=en,2026-10-09
gld_holdings,2021-12-02,2021-12-03,986.17,https://api.spdrgoldshares.com/api/v1/historical-archive?product=gld&exchange=NYSE&lang=en,2026-10-09
gld_holdings,2021-12-03,2021-12-04,984.38,https://api.spdrgoldshares.com/api/v1/historical-archive?product=gld&exchange=NYSE&lang=en,2026-10-09
gld_holdings,2021-12-06,2021-12-07,982.64,https://api.spdrgoldshares.com/api/v1/historical-archive?product=gld&exchange=NYSE&lang=en,2026-10-09
gld_holdings,2021-12-07,2021-12-08,982.64,https://api.spdrgoldshares.com/api/v1/historical-archive?product=gld&exchange=NYSE&lang=en,2026-10-09
gld_holdings,2021-12-08,2021-12-09,982.64,https://api.spdrgoldshares.com/api/v1/historical-archive?product=gld&exchange=NYSE&lang=en,2026-10-09
gld_holdings,2021-12-09,2021-12-10,982.64,https://api.spdrgoldshares.com/api/v1/historical-archive?product=gld&exchange=NYSE&lang=en,2026-10-09
gld_holdings,2021-12-10,2021-12-11,982.64,https://api.spdrgoldshares.com/api/v1/historical-archive?product=gld&exchange=NYSE&lang=en,2026-10-09
gld_holdings,2021-12-13,2021-12-14,982.64,https://api.spdrgoldshares.com/api/v1/historical-archive?product=gld&exchange=NYSE&lang=en,2026-10-09
gld_holdings,2021-12-14,2021-12-15,980.6,https://api.spdrgoldshares.com/api/v1/historical-archive?product=gld&exchange=NYSE&lang=en,2026-10-09
gld_holdings,2021-12-15,2021-12-16,977.7,https://api.spdrgoldshares.com/api/v1/historical-archive?product=gld&exchange=NYSE&lang=en,2026-10-09
gld_holdings,2021-12-16,2021-12-17,977.7,https://api.spdrgoldshares.com/api/v1/historical-archive?product=gld&exchange=NYSE&lang=en,2026-10-09
gld_holdings,2021-12-17,2021-12-18,978.57,https://api.spdrgoldshares.com/api/v1/historical-archive?product=gld&exchange=NYSE&lang=en,2026-10-09
gld_holdings,2021-12-20,2021-12-21,978.57,https://api.spdrgoldshares.com/api/v1/historical-archive?product=gld&exchange=NYSE&lang=en,2026-10-09
gld_holdings,2021-12-21,2021-12-22,978.57,https://api.spdrgoldshares.com/api/v1/historical-archive?product=gld&exchange=NYSE&lang=en,2026-10-09
gld_holdings,2021-12-22,2021-12-23,973.63,https://api.spdrgoldshares.com/api/v1/historical-archive?product=gld&exchange=NYSE&lang=en,2026-10-09
gld_holdings,2021-12-23,2021-12-24,973.63,https://api.spdrgoldshares.com/api/v1/historical-archive?product=gld&exchange=NYSE&lang=en,2026-10-09
gld_holdings,2021-12-27,2021-12-28,973.63,https://api.spdrgoldshares.com/api/v1/historical-archive?product=gld&exchange=NYSE&lang=en,2026-10-09
gld_holdings,2021-12-28,2021-12-29,975.66,https://api.spdrgoldshares.com/api/v1/historical-archive?product=gld&exchange=NYSE&lang=en,2026-10-09
gld_holdings,2021-12-29,2021-12-30,975.66,https://api.spdrgoldshares.com/api/v1/historical-archive?product=gld&exchange=NYSE&lang=en,2026-10-09
gld_holdings,2021-12-30,2021-12-31,975.66,https://api.spdrgoldshares.com/api/v1/historical-archive?product=gld&exchange=NYSE&lang=en,2026-10-09
gld_holdings,2021-12-31,2022-01-01,975.66,https://api.spdrgoldshares.com/api/v1/historical-archive?product=gld&exchange=NYSE&lang=en,2026-10-09
gld_holdings,2022-01-03,2022-01-04,975.66,https://api.spdrgoldshares.com/api/v1/historical-archive?product=gld&exchange=NYSE&lang=en,2026-10-09
gld_holdings,2022-01-04,2022-01-05,980.31,https://api.spdrgoldshares.com/api/v1/historical-archive?product=gld&exchange=NYSE&lang=en,2026-10-09
gld_holdings,2022-01-05,2022-01-06,979.99,https://api.spdrgoldshares.com/api/v1/historical-archive?product=gld&exchange=NYSE&lang=en,2026-10-09
gld_holdings,2022-01-06,2022-01-07,978.82,https://api.spdrgoldshares.com/api/v1/historical-archive?product=gld&exchange=NYSE&lang=en,2026-10-09
gld_holdings,2022-01-07,2022-01-08,977.08,https://api.spdrgoldshares.com/api/v1/historical-archive?product=gld&exchange=NYSE&lang=en,2026-10-09
gld_holdings,2022-01-10,2022-01-11,977.08,https://api.spdrgoldshares.com/api/v1/historical-archive?product=gld&exchange=NYSE&lang=en,2026-10-09
gld_holdings,2022-01-11,2022-01-12,976.21,https://api.spdrgoldshares.com/api/v1/historical-archive?product=gld&exchange=NYSE&lang=en,2026-10-09
gld_holdings,2022-01-12,2022-01-13,976.21,https://api.spdrgoldshares.com/api/v1/historical-archive?product=gld&exchange=NYSE&lang=en,2026-10-09
gld_holdings,2022-01-13,2022-01-14,976.21,https://api.spdrgoldshares.com/api/v1/historical-archive?product=gld&exchange=NYSE&lang=en,2026-10-09
gld_holdings,2022-01-14,2022-01-15,976.21,https://api.spdrgoldshares.com/api/v1/historical-archive?product=gld&exchange=NYSE&lang=en,2026-10-09
gld_holdings,2022-01-18,2022-01-19,976.21,https://api.spdrgoldshares.com/api/v1/historical-archive?product=gld&exchange=NYSE&lang=en,2026-10-09
gld_holdings,2022-01-19,2022-01-20,981.44,https://api.spdrgoldshares.com/api/v1/historical-archive?product=gld&exchange=NYSE&lang=en,2026-10-09
gld_holdings,2022-01-20,2022-01-21,980.86,https://api.spdrgoldshares.com/api/v1/historical-archive?product=gld&exchange=NYSE&lang=en,2026-10-09
gld_holdings,2022-01-21,2022-01-22,1008.45,https://api.spdrgoldshares.com/api/v1/historical-archive?product=gld&exchange=NYSE&lang=en,2026-10-09
gld_holdings,2022-01-24,2022-01-25,1008.45,https://api.spdrgoldshares.com/api/v1/historical-archive?product=gld&exchange=NYSE&lang=en,2026-10-09
gld_holdings,2022-01-25,2022-01-26,1013.1,https://api.spdrgoldshares.com/api/v1/historical-archive?product=gld&exchange=NYSE&lang=en,2026-10-09
gld_holdings,2022-01-26,2022-01-27,1014.26,https://api.spdrgoldshares.com/api/v1/historical-archive?product=gld&exchange=NYSE&lang=en,2026-10-09
gld_holdings,2022-01-27,2022-01-28,1014.26,https://api.spdrgoldshares.com/api/v1/historical-archive?product=gld&exchange=NYSE&lang=en,2026-10-09
gld_holdings,2022-01-28,2022-01-29,1014.26,https://api.spdrgoldshares.com/api/v1/historical-archive?product=gld&exchange=NYSE&lang=en,2026-10-09
gld_holdings,2022-01-31,2022-02-01,1017.75,https://api.spdrgoldshares.com/api/v1/historical-archive?product=gld&exchange=NYSE&lang=en,2026-10-09
gld_holdings,2022-02-01,2022-02-02,1018.04,https://api.spdrgoldshares.com/api/v1/historical-archive?product=gld&exchange=NYSE&lang=en,2026-10-09
gld_holdings,2022-02-02,2022-02-03,1016.59,https://api.spdrgoldshares.com/api/v1/historical-archive?product=gld&exchange=NYSE&lang=en,2026-10-09
gld_holdings,2022-02-03,2022-02-04,1014.84,https://api.spdrgoldshares.com/api/v1/historical-archive?product=gld&exchange=NYSE&lang=en,2026-10-09
gld_holdings,2022-02-04,2022-02-05,1011.6,https://api.spdrgoldshares.com/api/v1/historical-archive?product=gld&exchange=NYSE&lang=en,2026-10-09
gld_holdings,2022-02-07,2022-02-08,1011.6,https://api.spdrgoldshares.com/api/v1/historical-archive?product=gld&exchange=NYSE&lang=en,2026-10-09
gld_holdings,2022-02-08,2022-02-09,1015.96,https://api.spdrgoldshares.com/api/v1/historical-archive?product=gld&exchange=NYSE&lang=en,2026-10-09
gld_holdings,2022-02-09,2022-02-10,1015.96,https://api.spdrgoldshares.com/api/v1/historical-archive?product=gld&exchange=NYSE&lang=en,2026-10-09
gld_holdings,2022-02-10,2022-02-11,1015.96,https://api.spdrgoldshares.com/api/v1/historical-archive?product=gld&exchange=NYSE&lang=en,2026-10-09
gld_holdings,2022-02-11,2022-02-12,1019.44,https://api.spdrgoldshares.com/api/v1/historical-archive?product=gld&exchange=NYSE&lang=en,2026-10-09
gld_holdings,2022-02-14,2022-02-15,1019.44,https://api.spdrgoldshares.com/api/v1/historical-archive?product=gld&exchange=NYSE&lang=en,2026-10-09
gld_holdings,2022-02-15,2022-02-16,1019.44,https://api.spdrgoldshares.com/api/v1/historical-archive?product=gld&exchange=NYSE&lang=en,2026-10-09
gld_holdings,2022-02-16,2022-02-17,1019.44,https://api.spdrgoldshares.com/api/v1/historical-archive?product=gld&exchange=NYSE&lang=en,2026-10-09
gld_holdings,2022-02-17,2022-02-18,1019.44,https://api.spdrgoldshares.com/api/v1/historical-archive?product=gld&exchange=NYSE&lang=en,2026-10-09
gld_holdings,2022-02-18,2022-02-19,1024.09,https://api.spdrgoldshares.com/api/v1/historical-archive?product=gld&exchange=NYSE&lang=en,2026-10-09
gld_holdings,2022-02-22,2022-02-23,1024.09,https://api.spdrgoldshares.com/api/v1/historical-archive?product=gld&exchange=NYSE&lang=en,2026-10-09
gld_holdings,2022-02-23,2022-02-24,1029.31,https://api.spdrgoldshares.com/api/v1/historical-archive?product=gld&exchange=NYSE&lang=en,2026-10-09
gld_holdings,2022-02-24,2022-02-25,1029.31,https://api.spdrgoldshares.com/api/v1/historical-archive?product=gld&exchange=NYSE&lang=en,2026-10-09
gld_holdings,2022-02-25,2022-02-26,1026.99,https://api.spdrgoldshares.com/api/v1/historical-archive?product=gld&exchange=NYSE&lang=en,2026-10-09
gld_holdings,2022-02-28,2022-03-01,1029.02,https://api.spdrgoldshares.com/api/v1/historical-archive?product=gld&exchange=NYSE&lang=en,2026-10-09
gld_holdings,2022-03-01,2022-03-02,1042.38,https://api.spdrgoldshares.com/api/v1/historical-archive?product=gld&exchange=NYSE&lang=en,2026-10-09
gld_holdings,2022-03-02,2022-03-03,1050.22,https://api.spdrgoldshares.com/api/v1/historical-archive?product=gld&exchange=NYSE&lang=en,2026-10-09
gld_holdings,2022-03-03,2022-03-04,1050.22,https://api.spdrgoldshares.com/api/v1/historical-archive?product=gld&exchange=NYSE&lang=en,2026-10-09
gld_holdings,2022-03-04,2022-03-05,1054.28,https://api.spdrgoldshares.com/api/v1/historical-archive?product=gld&exchange=NYSE&lang=en,2026-10-09
gld_holdings,2022-03-07,2022-03-08,1062.7,https://api.spdrgoldshares.com/api/v1/historical-archive?product=gld&exchange=NYSE&lang=en,2026-10-09
gld_holdings,2022-03-08,2022-03-09,1067.34,https://api.spdrgoldshares.com/api/v1/historical-archive?product=gld&exchange=NYSE&lang=en,2026-10-09
gld_holdings,2022-03-09,2022-03-10,1063.28,https://api.spdrgoldshares.com/api/v1/historical-archive?product=gld&exchange=NYSE&lang=en,2026-10-09
gld_holdings,2022-03-10,2022-03-11,1061.53,https://api.spdrgoldshares.com/api/v1/historical-archive?product=gld&exchange=NYSE&lang=en,2026-10-09
gld_holdings,2022-03-11,2022-03-12,1064.15,https://api.spdrgoldshares.com/api/v1/historical-archive?product=gld&exchange=NYSE&lang=en,2026-10-09
gld_holdings,2022-03-14,2022-03-15,1064.15,https://api.spdrgoldshares.com/api/v1/historical-archive?product=gld&exchange=NYSE&lang=en,2026-10-09
gld_holdings,2022-03-15,2022-03-16,1061.83,https://api.spdrgoldshares.com/api/v1/historical-archive?product=gld&exchange=NYSE&lang=en,2026-10-09
gld_holdings,2022-03-16,2022-03-17,1070.53,https://api.spdrgoldshares.com/api/v1/historical-archive?product=gld&exchange=NYSE&lang=en,2026-10-09
gld_holdings,2022-03-17,2022-03-18,1073.44,https://api.spdrgoldshares.com/api/v1/historical-archive?product=gld&exchange=NYSE&lang=en,2026-10-09
gld_holdings,2022-03-18,2022-03-19,1082.44,https://api.spdrgoldshares.com/api/v1/historical-archive?product=gld&exchange=NYSE&lang=en,2026-10-09
gld_holdings,2022-03-21,2022-03-22,1083.6,https://api.spdrgoldshares.com/api/v1/historical-archive?product=gld&exchange=NYSE&lang=en,2026-10-09
gld_holdings,2022-03-22,2022-03-23,1083.6,https://api.spdrgoldshares.com/api/v1/historical-archive?product=gld&exchange=NYSE&lang=en,2026-10-09
gld_holdings,2022-03-23,2022-03-24,1087.66,https://api.spdrgoldshares.com/api/v1/historical-archive?product=gld&exchange=NYSE&lang=en,2026-10-09
gld_holdings,2022-03-24,2022-03-25,1087.66,https://api.spdrgoldshares.com/api/v1/historical-archive?product=gld&exchange=NYSE&lang=en,2026-10-09
gld_holdings,2022-03-25,2022-03-26,1093.18,https://api.spdrgoldshares.com/api/v1/historical-archive?product=gld&exchange=NYSE&lang=en,2026-10-09
gld_holdings,2022-03-28,2022-03-29,1093.18,https://api.spdrgoldshares.com/api/v1/historical-archive?product=gld&exchange=NYSE&lang=en,2026-10-09
gld_holdings,2022-03-29,2022-03-30,1091.44,https://api.spdrgoldshares.com/api/v1/historical-archive?product=gld&exchange=NYSE&lang=en,2026-10-09
gld_holdings,2022-03-30,2022-03-31,1091.44,https://api.spdrgoldshares.com/api/v1/historical-archive?product=gld&exchange=NYSE&lang=en,2026-10-09
gld_holdings,2022-03-31,2022-04-01,1091.44,https://api.spdrgoldshares.com/api/v1/historical-archive?product=gld&exchange=NYSE&lang=en,2026-10-09
gld_holdings,2022-04-01,2022-04-02,1091.73,https://api.spdrgoldshares.com/api/v1/historical-archive?product=gld&exchange=NYSE&lang=en,2026-10-09
gld_holdings,2022-04-04,2022-04-05,1089.98,https://api.spdrgoldshares.com/api/v1/historical-archive?product=gld&exchange=NYSE&lang=en,2026-10-09
gld_holdings,2022-04-05,2022-04-06,1087.3,https://api.spdrgoldshares.com/api/v1/historical-archive?product=gld&exchange=NYSE&lang=en,2026-10-09
gld_holdings,2022-04-06,2022-04-07,1087.3,https://api.spdrgoldshares.com/api/v1/historical-archive?product=gld&exchange=NYSE&lang=en,2026-10-09
gld_holdings,2022-04-07,2022-04-08,1088.75,https://api.spdrgoldshares.com/api/v1/historical-archive?product=gld&exchange=NYSE&lang=en,2026-10-09
gld_holdings,2022-04-08,2022-04-09,1090.49,https://api.spdrgoldshares.com/api/v1/historical-archive?product=gld&exchange=NYSE&lang=en,2026-10-09
gld_holdings,2022-04-11,2022-04-12,1090.49,https://api.spdrgoldshares.com/api/v1/historical-archive?product=gld&exchange=NYSE&lang=en,2026-10-09
gld_holdings,2022-04-12,2022-04-13,1093.1,https://api.spdrgoldshares.com/api/v1/historical-archive?product=gld&exchange=NYSE&lang=en,2026-10-09
gld_holdings,2022-04-13,2022-04-14,1104.42,https://api.spdrgoldshares.com/api/v1/historical-archive?product=gld&exchange=NYSE&lang=en,2026-10-09
gld_holdings,2022-04-14,2022-04-15,1099.49,https://api.spdrgoldshares.com/api/v1/historical-archive?product=gld&exchange=NYSE&lang=en,2026-10-09
gld_holdings,2022-04-18,2022-04-19,1100.36,https://api.spdrgoldshares.com/api/v1/historical-archive?product=gld&exchange=NYSE&lang=en,2026-10-09
gld_holdings,2022-04-19,2022-04-20,1106.74,https://api.spdrgoldshares.com/api/v1/historical-archive?product=gld&exchange=NYSE&lang=en,2026-10-09
gld_holdings,2022-04-20,2022-04-21,1106.74,https://api.spdrgoldshares.com/api/v1/historical-archive?product=gld&exchange=NYSE&lang=en,2026-10-09
gld_holdings,2022-04-21,2022-04-22,1104.13,https://api.spdrgoldshares.com/api/v1/historical-archive?product=gld&exchange=NYSE&lang=en,2026-10-09
gld_holdings,2022-04-22,2022-04-23,1104.13,https://api.spdrgoldshares.com/api/v1/historical-archive?product=gld&exchange=NYSE&lang=en,2026-10-09
gld_holdings,2022-04-25,2022-04-26,1101.23,https://api.spdrgoldshares.com/api/v1/historical-archive?product=gld&exchange=NYSE&lang=en,2026-10-09
gld_holdings,2022-04-26,2022-04-27,1099.49,https://api.spdrgoldshares.com/api/v1/historical-archive?product=gld&exchange=NYSE&lang=en,2026-10-09
gld_holdings,2022-04-27,2022-04-28,1095.71,https://api.spdrgoldshares.com/api/v1/historical-archive?product=gld&exchange=NYSE&lang=en,2026-10-09
gld_holdings,2022-04-28,2022-04-29,1095.71,https://api.spdrgoldshares.com/api/v1/historical-archive?product=gld&exchange=NYSE&lang=en,2026-10-09
gld_holdings,2022-04-29,2022-04-30,1094.55,https://api.spdrgoldshares.com/api/v1/historical-archive?product=gld&exchange=NYSE&lang=en,2026-10-09
gld_holdings,2022-05-02,2022-05-03,1092.23,https://api.spdrgoldshares.com/api/v1/historical-archive?product=gld&exchange=NYSE&lang=en,2026-10-09
gld_holdings,2022-05-03,2022-05-04,1089.04,https://api.spdrgoldshares.com/api/v1/historical-archive?product=gld&exchange=NYSE&lang=en,2026-10-09
gld_holdings,2022-05-04,2022-05-05,1089.04,https://api.spdrgoldshares.com/api/v1/historical-archive?product=gld&exchange=NYSE&lang=en,2026-10-09
gld_holdings,2022-05-05,2022-05-06,1084.98,https://api.spdrgoldshares.com/api/v1/historical-archive?product=gld&exchange=NYSE&lang=en,2026-10-09
gld_holdings,2022-05-06,2022-05-07,1082.0,https://api.spdrgoldshares.com/api/v1/historical-archive?product=gld&exchange=NYSE&lang=en,2026-10-09
gld_holdings,2022-05-09,2022-05-10,1075.9,https://api.spdrgoldshares.com/api/v1/historical-archive?product=gld&exchange=NYSE&lang=en,2026-10-09
gld_holdings,2022-05-10,2022-05-11,1068.65,https://api.spdrgoldshares.com/api/v1/historical-archive?product=gld&exchange=NYSE&lang=en,2026-10-09
gld_holdings,2022-05-11,2022-05-12,1066.62,https://api.spdrgoldshares.com/api/v1/historical-archive?product=gld&exchange=NYSE&lang=en,2026-10-09
gld_holdings,2022-05-12,2022-05-13,1060.82,https://api.spdrgoldshares.com/api/v1/historical-archive?product=gld&exchange=NYSE&lang=en,2026-10-09
gld_holdings,2022-05-13,2022-05-14,1055.89,https://api.spdrgoldshares.com/api/v1/historical-archive?product=gld&exchange=NYSE&lang=en,2026-10-09
gld_holdings,2022-05-16,2022-05-17,1053.28,https://api.spdrgoldshares.com/api/v1/historical-archive?product=gld&exchange=NYSE&lang=en,2026-10-09
gld_holdings,2022-05-17,2022-05-18,1049.21,https://api.spdrgoldshares.com/api/v1/historical-archive?product=gld&exchange=NYSE&lang=en,2026-10-09
gld_holdings,2022-05-18,2022-05-19,1049.21,https://api.spdrgoldshares.com/api/v1/historical-archive?product=gld&exchange=NYSE&lang=en,2026-10-09
gld_holdings,2022-05-19,2022-05-20,1056.18,https://api.spdrgoldshares.com/api/v1/historical-archive?product=gld&exchange=NYSE&lang=en,2026-10-09
gld_holdings,2022-05-20,2022-05-21,1063.43,https://api.spdrgoldshares.com/api/v1/historical-archive?product=gld&exchange=NYSE&lang=en,2026-10-09
gld_holdings,2022-05-23,2022-05-24,1068.07,https://api.spdrgoldshares.com/api/v1/historical-archive?product=gld&exchange=NYSE&lang=en,2026-10-09
gld_holdings,2022-05-24,2022-05-25,1068.07,https://api.spdrgoldshares.com/api/v1/historical-archive?product=gld&exchange=NYSE&lang=en,2026-10-09
gld_holdings,2022-05-25,2022-05-26,1069.81,https://api.spdrgoldshares.com/api/v1/historical-archive?product=gld&exchange=NYSE&lang=en,2026-10-09
gld_holdings,2022-05-26,2022-05-27,1069.81,https://api.spdrgoldshares.com/api/v1/historical-archive?product=gld&exchange=NYSE&lang=en,2026-10-09
gld_holdings,2022-05-27,2022-05-28,1069.81,https://api.spdrgoldshares.com/api/v1/historical-archive?product=gld&exchange=NYSE&lang=en,2026-10-09
gld_holdings,2022-05-31,2022-06-01,1068.36,https://api.spdrgoldshares.com/api/v1/historical-archive?product=gld&exchange=NYSE&lang=en,2026-10-09
gld_holdings,2022-06-01,2022-06-02,1067.2,https://api.spdrgoldshares.com/api/v1/historical-archive?product=gld&exchange=NYSE&lang=en,2026-10-09
gld_holdings,2022-06-02,2022-06-03,1066.04,https://api.spdrgoldshares.com/api/v1/historical-archive?product=gld&exchange=NYSE&lang=en,2026-10-09
gld_holdings,2022-06-03,2022-06-04,1066.04,https://api.spdrgoldshares.com/api/v1/historical-archive?product=gld&exchange=NYSE&lang=en,2026-10-09
gld_holdings,2022-06-06,2022-06-07,1063.06,https://api.spdrgoldshares.com/api/v1/historical-archive?product=gld&exchange=NYSE&lang=en,2026-10-09
gld_holdings,2022-06-07,2022-06-08,1063.06,https://api.spdrgoldshares.com/api/v1/historical-archive?product=gld&exchange=NYSE&lang=en,2026-10-09
gld_holdings,2022-06-08,2022-06-09,1065.39,https://api.spdrgoldshares.com/api/v1/historical-archive?product=gld&exchange=NYSE&lang=en,2026-10-09
gld_holdings,2022-06-09,2022-06-10,1065.39,https://api.spdrgoldshares.com/api/v1/historical-archive?product=gld&exchange=NYSE&lang=en,2026-10-09
gld_holdings,2022-06-10,2022-06-11,1068.87,https://api.spdrgoldshares.com/api/v1/historical-archive?product=gld&exchange=NYSE&lang=en,2026-10-09
gld_holdings,2022-06-13,2022-06-14,1068.87,https://api.spdrgoldshares.com/api/v1/historical-archive?product=gld&exchange=NYSE&lang=en,2026-10-09
gld_holdings,2022-06-14,2022-06-15,1063.94,https://api.spdrgoldshares.com/api/v1/historical-archive?product=gld&exchange=NYSE&lang=en,2026-10-09
gld_holdings,2022-06-15,2022-06-16,1063.94,https://api.spdrgoldshares.com/api/v1/historical-archive?product=gld&exchange=NYSE&lang=en,2026-10-09
gld_holdings,2022-06-16,2022-06-17,1063.94,https://api.spdrgoldshares.com/api/v1/historical-archive?product=gld&exchange=NYSE&lang=en,2026-10-09
gld_holdings,2022-06-17,2022-06-18,1075.54,https://api.spdrgoldshares.com/api/v1/historical-archive?product=gld&exchange=NYSE&lang=en,2026-10-09
gld_holdings,2022-06-21,2022-06-22,1073.8,https://api.spdrgoldshares.com/api/v1/historical-archive?product=gld&exchange=NYSE&lang=en,2026-10-09
gld_holdings,2022-06-22,2022-06-23,1071.77,https://api.spdrgoldshares.com/api/v1/historical-archive?product=gld&exchange=NYSE&lang=en,2026-10-09
gld_holdings,2022-06-23,2022-06-24,1063.07,https://api.spdrgoldshares.com/api/v1/historical-archive?product=gld&exchange=NYSE&lang=en,2026-10-09
gld_holdings,2022-06-24,2022-06-25,1061.04,https://api.spdrgoldshares.com/api/v1/historical-archive?product=gld&exchange=NYSE&lang=en,2026-10-09
gld_holdings,2022-06-27,2022-06-28,1056.4,https://api.spdrgoldshares.com/api/v1/historical-archive?product=gld&exchange=NYSE&lang=en,2026-10-09
gld_holdings,2022-06-28,2022-06-29,1054.37,https://api.spdrgoldshares.com/api/v1/historical-archive?product=gld&exchange=NYSE&lang=en,2026-10-09
gld_holdings,2022-06-29,2022-06-30,1052.63,https://api.spdrgoldshares.com/api/v1/historical-archive?product=gld&exchange=NYSE&lang=en,2026-10-09
gld_holdings,2022-06-30,2022-07-01,1050.31,https://api.spdrgoldshares.com/api/v1/historical-archive?product=gld&exchange=NYSE&lang=en,2026-10-09
gld_holdings,2022-07-01,2022-07-02,1041.9,https://api.spdrgoldshares.com/api/v1/historical-archive?product=gld&exchange=NYSE&lang=en,2026-10-09
gld_holdings,2022-07-05,2022-07-06,1032.04,https://api.spdrgoldshares.com/api/v1/historical-archive?product=gld&exchange=NYSE&lang=en,2026-10-09
gld_holdings,2022-07-06,2022-07-07,1024.43,https://api.spdrgoldshares.com/api/v1/historical-archive?product=gld&exchange=NYSE&lang=en,2026-10-09
gld_holdings,2022-07-07,2022-07-08,1024.43,https://api.spdrgoldshares.com/api/v1/historical-archive?product=gld&exchange=NYSE&lang=en,2026-10-09
gld_holdings,2022-07-08,2022-07-09,1023.27,https://api.spdrgoldshares.com/api/v1/historical-archive?product=gld&exchange=NYSE&lang=en,2026-10-09
gld_holdings,2022-07-11,2022-07-12,1023.27,https://api.spdrgoldshares.com/api/v1/historical-archive?product=gld&exchange=NYSE&lang=en,2026-10-09
gld_holdings,2022-07-12,2022-07-13,1021.53,https://api.spdrgoldshares.com/api/v1/historical-archive?product=gld&exchange=NYSE&lang=en,2026-10-09
gld_holdings,2022-07-13,2022-07-14,1019.79,https://api.spdrgoldshares.com/api/v1/historical-archive?product=gld&exchange=NYSE&lang=en,2026-10-09
gld_holdings,2022-07-14,2022-07-15,1016.89,https://api.spdrgoldshares.com/api/v1/historical-archive?product=gld&exchange=NYSE&lang=en,2026-10-09
gld_holdings,2022-07-15,2022-07-16,1014.28,https://api.spdrgoldshares.com/api/v1/historical-archive?product=gld&exchange=NYSE&lang=en,2026-10-09
gld_holdings,2022-07-18,2022-07-19,1009.06,https://api.spdrgoldshares.com/api/v1/historical-archive?product=gld&exchange=NYSE&lang=en,2026-10-09
gld_holdings,2022-07-19,2022-07-20,1009.06,https://api.spdrgoldshares.com/api/v1/historical-archive?product=gld&exchange=NYSE&lang=en,2026-10-09
gld_holdings,2022-07-20,2022-07-21,1005.87,https://api.spdrgoldshares.com/api/v1/historical-archive?product=gld&exchange=NYSE&lang=en,2026-10-09
gld_holdings,2022-07-21,2022-07-22,1005.87,https://api.spdrgoldshares.com/api/v1/historical-archive?product=gld&exchange=NYSE&lang=en,2026-10-09
gld_holdings,2022-07-22,2022-07-23,1005.87,https://api.spdrgoldshares.com/api/v1/historical-archive?product=gld&exchange=NYSE&lang=en,2026-10-09
gld_holdings,2022-07-25,2022-07-26,1005.29,https://api.spdrgoldshares.com/api/v1/historical-archive?product=gld&exchange=NYSE&lang=en,2026-10-09
gld_holdings,2022-07-26,2022-07-27,1005.29,https://api.spdrgoldshares.com/api/v1/historical-archive?product=gld&exchange=NYSE&lang=en,2026-10-09
gld_holdings,2022-07-27,2022-07-28,1005.29,https://api.spdrgoldshares.com/api/v1/historical-archive?product=gld&exchange=NYSE&lang=en,2026-10-09
gld_holdings,2022-07-28,2022-07-29,1005.29,https://api.spdrgoldshares.com/api/v1/historical-archive?product=gld&exchange=NYSE&lang=en,2026-10-09
gld_holdings,2022-07-29,2022-07-30,1005.87,https://api.spdrgoldshares.com/api/v1/historical-archive?product=gld&exchange=NYSE&lang=en,2026-10-09
gld_holdings,2022-08-01,2022-08-02,1005.87,https://api.spdrgoldshares.com/api/v1/historical-archive?product=gld&exchange=NYSE&lang=en,2026-10-09
gld_holdings,2022-08-02,2022-08-03,1002.97,https://api.spdrgoldshares.com/api/v1/historical-archive?product=gld&exchange=NYSE&lang=en,2026-10-09
gld_holdings,2022-08-03,2022-08-04,1000.65,https://api.spdrgoldshares.com/api/v1/historical-archive?product=gld&exchange=NYSE&lang=en,2026-10-09
gld_holdings,2022-08-04,2022-08-05,1000.32,https://api.spdrgoldshares.com/api/v1/historical-archive?product=gld&exchange=NYSE&lang=en,2026-10-09
gld_holdings,2022-08-05,2022-08-06,999.16,https://api.spdrgoldshares.com/api/v1/historical-archive?product=gld&exchange=NYSE&lang=en,2026-10-09
gld_holdings,2022-08-08,2022-08-09,999.16,https://api.spdrgoldshares.com/api/v1/historical-archive?product=gld&exchange=NYSE&lang=en,2026-10-09
gld_holdings,2022-08-09,2022-08-10,999.16,https://api.spdrgoldshares.com/api/v1/historical-archive?product=gld&exchange=NYSE&lang=en,2026-10-09
gld_holdings,2022-08-10,2022-08-11,997.42,https://api.spdrgoldshares.com/api/v1/historical-archive?product=gld&exchange=NYSE&lang=en,2026-10-09
gld_holdings,2022-08-11,2022-08-12,997.42,https://api.spdrgoldshares.com/api/v1/historical-archive?product=gld&exchange=NYSE&lang=en,2026-10-09
gld_holdings,2022-08-12,2022-08-13,995.97,https://api.spdrgoldshares.com/api/v1/historical-archive?product=gld&exchange=NYSE&lang=en,2026-10-09
gld_holdings,2022-08-15,2022-08-16,993.94,https://api.spdrgoldshares.com/api/v1/historical-archive?product=gld&exchange=NYSE&lang=en,2026-10-09
gld_holdings,2022-08-16,2022-08-17,992.2,https://api.spdrgoldshares.com/api/v1/historical-archive?product=gld&exchange=NYSE&lang=en,2026-10-09
gld_holdings,2022-08-17,2022-08-18,989.01,https://api.spdrgoldshares.com/api/v1/historical-archive?product=gld&exchange=NYSE&lang=en,2026-10-09
gld_holdings,2022-08-18,2022-08-19,985.83,https://api.spdrgoldshares.com/api/v1/historical-archive?product=gld&exchange=NYSE&lang=en,2026-10-09
gld_holdings,2022-08-19,2022-08-20,989.01,https://api.spdrgoldshares.com/api/v1/historical-archive?product=gld&exchange=NYSE&lang=en,2026-10-09
gld_holdings,2022-08-22,2022-08-23,987.56,https://api.spdrgoldshares.com/api/v1/historical-archive?product=gld&exchange=NYSE&lang=en,2026-10-09
gld_holdings,2022-08-23,2022-08-24,984.38,https://api.spdrgoldshares.com/api/v1/historical-archive?product=gld&exchange=NYSE&lang=en,2026-10-09
gld_holdings,2022-08-24,2022-08-25,984.38,https://api.spdrgoldshares.com/api/v1/historical-archive?product=gld&exchange=NYSE&lang=en,2026-10-09
gld_holdings,2022-08-25,2022-08-26,984.38,https://api.spdrgoldshares.com/api/v1/historical-archive?product=gld&exchange=NYSE&lang=en,2026-10-09
gld_holdings,2022-08-26,2022-08-27,982.64,https://api.spdrgoldshares.com/api/v1/historical-archive?product=gld&exchange=NYSE&lang=en,2026-10-09
gld_holdings,2022-08-29,2022-08-30,980.61,https://api.spdrgoldshares.com/api/v1/historical-archive?product=gld&exchange=NYSE&lang=en,2026-10-09
gld_holdings,2022-08-30,2022-08-31,976.26,https://api.spdrgoldshares.com/api/v1/historical-archive?product=gld&exchange=NYSE&lang=en,2026-10-09
gld_holdings,2022-08-31,2022-09-01,973.37,https://api.spdrgoldshares.com/api/v1/historical-archive?product=gld&exchange=NYSE&lang=en,2026-10-09
gld_holdings,2022-09-01,2022-09-02,973.08,https://api.spdrgoldshares.com/api/v1/historical-archive?product=gld&exchange=NYSE&lang=en,2026-10-09
gld_holdings,2022-09-02,2022-09-03,973.08,https://api.spdrgoldshares.com/api/v1/historical-archive?product=gld&exchange=NYSE&lang=en,2026-10-09
gld_holdings,2022-09-06,2022-09-07,971.05,https://api.spdrgoldshares.com/api/v1/historical-archive?product=gld&exchange=NYSE&lang=en,2026-10-09
gld_holdings,2022-09-07,2022-09-08,971.05,https://api.spdrgoldshares.com/api/v1/historical-archive?product=gld&exchange=NYSE&lang=en,2026-10-09
gld_holdings,2022-09-08,2022-09-09,968.15,https://api.spdrgoldshares.com/api/v1/historical-archive?product=gld&exchange=NYSE&lang=en,2026-10-09
gld_holdings,2022-09-09,2022-09-10,966.64,https://api.spdrgoldshares.com/api/v1/historical-archive?product=gld&exchange=NYSE&lang=en,2026-10-09
gld_holdings,2022-09-12,2022-09-13,964.91,https://api.spdrgoldshares.com/api/v1/historical-archive?product=gld&exchange=NYSE&lang=en,2026-10-09
gld_holdings,2022-09-13,2022-09-14,962.88,https://api.spdrgoldshares.com/api/v1/historical-archive?product=gld&exchange=NYSE&lang=en,2026-10-09
gld_holdings,2022-09-14,2022-09-15,960.56,https://api.spdrgoldshares.com/api/v1/historical-archive?product=gld&exchange=NYSE&lang=en,2026-10-09
gld_holdings,2022-09-15,2022-09-16,962.01,https://api.spdrgoldshares.com/api/v1/historical-archive?product=gld&exchange=NYSE&lang=en,2026-10-09
gld_holdings,2022-09-16,2022-09-17,960.85,https://api.spdrgoldshares.com/api/v1/historical-archive?product=gld&exchange=NYSE&lang=en,2026-10-09
gld_holdings,2022-09-19,2022-09-20,957.95,https://api.spdrgoldshares.com/api/v1/historical-archive?product=gld&exchange=NYSE&lang=en,2026-10-09
gld_holdings,2022-09-20,2022-09-21,953.32,https://api.spdrgoldshares.com/api/v1/historical-archive?product=gld&exchange=NYSE&lang=en,2026-10-09
gld_holdings,2022-09-21,2022-09-22,952.16,https://api.spdrgoldshares.com/api/v1/historical-archive?product=gld&exchange=NYSE&lang=en,2026-10-09
gld_holdings,2022-09-22,2022-09-23,950.13,https://api.spdrgoldshares.com/api/v1/historical-archive?product=gld&exchange=NYSE&lang=en,2026-10-09
gld_holdings,2022-09-23,2022-09-24,947.23,https://api.spdrgoldshares.com/api/v1/historical-archive?product=gld&exchange=NYSE&lang=en,2026-10-09
gld_holdings,2022-09-26,2022-09-27,943.47,https://api.spdrgoldshares.com/api/v1/historical-archive?product=gld&exchange=NYSE&lang=en,2026-10-09
gld_holdings,2022-09-27,2022-09-28,940.86,https://api.spdrgoldshares.com/api/v1/historical-archive?product=gld&exchange=NYSE&lang=en,2026-10-09
gld_holdings,2022-09-28,2022-09-29,943.18,https://api.spdrgoldshares.com/api/v1/historical-archive?product=gld&exchange=NYSE&lang=en,2026-10-09
gld_holdings,2022-09-29,2022-09-30,941.15,https://api.spdrgoldshares.com/api/v1/historical-archive?product=gld&exchange=NYSE&lang=en,2026-10-09
gld_holdings,2022-09-30,2022-10-01,939.7,https://api.spdrgoldshares.com/api/v1/historical-archive?product=gld&exchange=NYSE&lang=en,2026-10-09
gld_holdings,2022-10-03,2022-10-04,942.89,https://api.spdrgoldshares.com/api/v1/historical-archive?product=gld&exchange=NYSE&lang=en,2026-10-09
gld_holdings,2022-10-04,2022-10-05,944.63,https://api.spdrgoldshares.com/api/v1/historical-archive?product=gld&exchange=NYSE&lang=en,2026-10-09
gld_holdings,2022-10-05,2022-10-06,946.34,https://api.spdrgoldshares.com/api/v1/historical-archive?product=gld&exchange=NYSE&lang=en,2026-10-09
gld_holdings,2022-10-06,2022-10-07,946.34,https://api.spdrgoldshares.com/api/v1/historical-archive?product=gld&exchange=NYSE&lang=en,2026-10-09
gld_holdings,2022-10-07,2022-10-08,944.31,https://api.spdrgoldshares.com/api/v1/historical-archive?product=gld&exchange=NYSE&lang=en,2026-10-09
gld_holdings,2022-10-10,2022-10-11,944.31,https://api.spdrgoldshares.com/api/v1/historical-archive?product=gld&exchange=NYSE&lang=en,2026-10-09
gld_holdings,2022-10-11,2022-10-12,944.31,https://api.spdrgoldshares.com/api/v1/historical-archive?product=gld&exchange=NYSE&lang=en,2026-10-09
gld_holdings,2022-10-12,2022-10-13,945.47,https://api.spdrgoldshares.com/api/v1/historical-archive?product=gld&exchange=NYSE&lang=en,2026-10-09
gld_holdings,2022-10-13,2022-10-14,944.31,https://api.spdrgoldshares.com/api/v1/historical-archive?product=gld&exchange=NYSE&lang=en,2026-10-09
gld_holdings,2022-10-14,2022-10-15,941.13,https://api.spdrgoldshares.com/api/v1/historical-archive?product=gld&exchange=NYSE&lang=en,2026-10-09
gld_holdings,2022-10-17,2022-10-18,939.1,https://api.spdrgoldshares.com/api/v1/historical-archive?product=gld&exchange=NYSE&lang=en,2026-10-09
gld_holdings,2022-10-18,2022-10-19,938.81,https://api.spdrgoldshares.com/api/v1/historical-archive?product=gld&exchange=NYSE&lang=en,2026-10-09
gld_holdings,2022-10-19,2022-10-20,932.73,https://api.spdrgoldshares.com/api/v1/historical-archive?product=gld&exchange=NYSE&lang=en,2026-10-09
gld_holdings,2022-10-20,2022-10-21,930.99,https://api.spdrgoldshares.com/api/v1/historical-archive?product=gld&exchange=NYSE&lang=en,2026-10-09
gld_holdings,2022-10-21,2022-10-22,928.1,https://api.spdrgoldshares.com/api/v1/historical-archive?product=gld&exchange=NYSE&lang=en,2026-10-09
gld_holdings,2022-10-24,2022-10-25,928.39,https://api.spdrgoldshares.com/api/v1/historical-archive?product=gld&exchange=NYSE&lang=en,2026-10-09
gld_holdings,2022-10-25,2022-10-26,928.39,https://api.spdrgoldshares.com/api/v1/historical-archive?product=gld&exchange=NYSE&lang=en,2026-10-09
gld_holdings,2022-10-26,2022-10-27,928.39,https://api.spdrgoldshares.com/api/v1/historical-archive?product=gld&exchange=NYSE&lang=en,2026-10-09
gld_holdings,2022-10-27,2022-10-28,925.2,https://api.spdrgoldshares.com/api/v1/historical-archive?product=gld&exchange=NYSE&lang=en,2026-10-09
gld_holdings,2022-10-28,2022-10-29,922.59,https://api.spdrgoldshares.com/api/v1/historical-archive?product=gld&exchange=NYSE&lang=en,2026-10-09
gld_holdings,2022-10-31,2022-11-01,920.57,https://api.spdrgoldshares.com/api/v1/historical-archive?product=gld&exchange=NYSE&lang=en,2026-10-09
gld_holdings,2022-11-01,2022-11-02,919.12,https://api.spdrgoldshares.com/api/v1/historical-archive?product=gld&exchange=NYSE&lang=en,2026-10-09
gld_holdings,2022-11-02,2022-11-03,915.07,https://api.spdrgoldshares.com/api/v1/historical-archive?product=gld&exchange=NYSE&lang=en,2026-10-09
gld_holdings,2022-11-03,2022-11-04,911.59,https://api.spdrgoldshares.com/api/v1/historical-archive?product=gld&exchange=NYSE&lang=en,2026-10-09
gld_holdings,2022-11-04,2022-11-05,906.96,https://api.spdrgoldshares.com/api/v1/historical-archive?product=gld&exchange=NYSE&lang=en,2026-10-09
gld_holdings,2022-11-07,2022-11-08,905.48,https://api.spdrgoldshares.com/api/v1/historical-archive?product=gld&exchange=NYSE&lang=en,2026-10-09
gld_holdings,2022-11-08,2022-11-09,908.38,https://api.spdrgoldshares.com/api/v1/historical-archive?product=gld&exchange=NYSE&lang=en,2026-10-09
gld_holdings,2022-11-09,2022-11-10,908.38,https://api.spdrgoldshares.com/api/v1/historical-archive?product=gld&exchange=NYSE&lang=en,2026-10-09
gld_holdings,2022-11-10,2022-11-11,911.57,https://api.spdrgoldshares.com/api/v1/historical-archive?product=gld&exchange=NYSE&lang=en,2026-10-09
gld_holdings,2022-11-11,2022-11-12,910.12,https://api.spdrgoldshares.com/api/v1/historical-archive?product=gld&exchange=NYSE&lang=en,2026-10-09
gld_holdings,2022-11-14,2022-11-15,910.41,https://api.spdrgoldshares.com/api/v1/historical-archive?product=gld&exchange=NYSE&lang=en,2026-10-09
gld_holdings,2022-11-15,2022-11-16,904.62,https://api.spdrgoldshares.com/api/v1/historical-archive?product=gld&exchange=NYSE&lang=en,2026-10-09
gld_holdings,2022-11-16,2022-11-17,906.35,https://api.spdrgoldshares.com/api/v1/historical-archive?product=gld&exchange=NYSE&lang=en,2026-10-09
gld_holdings,2022-11-17,2022-11-18,906.35,https://api.spdrgoldshares.com/api/v1/historical-archive?product=gld&exchange=NYSE&lang=en,2026-10-09
gld_holdings,2022-11-18,2022-11-19,904.62,https://api.spdrgoldshares.com/api/v1/historical-archive?product=gld&exchange=NYSE&lang=en,2026-10-09
gld_holdings,2022-11-21,2022-11-22,906.06,https://api.spdrgoldshares.com/api/v1/historical-archive?product=gld&exchange=NYSE&lang=en,2026-10-09
gld_holdings,2022-11-22,2022-11-23,906.93,https://api.spdrgoldshares.com/api/v1/historical-archive?product=gld&exchange=NYSE&lang=en,2026-10-09
gld_holdings,2022-11-23,2022-11-24,906.93,https://api.spdrgoldshares.com/api/v1/historical-archive?product=gld&exchange=NYSE&lang=en,2026-10-09
gld_holdings,2022-11-25,2022-11-26,908.96,https://api.spdrgoldshares.com/api/v1/historical-archive?product=gld&exchange=NYSE&lang=en,2026-10-09
gld_holdings,2022-11-28,2022-11-29,908.09,https://api.spdrgoldshares.com/api/v1/historical-archive?product=gld&exchange=NYSE&lang=en,2026-10-09
gld_holdings,2022-11-29,2022-11-30,908.09,https://api.spdrgoldshares.com/api/v1/historical-archive?product=gld&exchange=NYSE&lang=en,2026-10-09
gld_holdings,2022-11-30,2022-12-01,908.09,https://api.spdrgoldshares.com/api/v1/historical-archive?product=gld&exchange=NYSE&lang=en,2026-10-09
gld_holdings,2022-12-01,2022-12-02,906.64,https://api.spdrgoldshares.com/api/v1/historical-archive?product=gld&exchange=NYSE&lang=en,2026-10-09
gld_holdings,2022-12-02,2022-12-03,905.49,https://api.spdrgoldshares.com/api/v1/historical-archive?product=gld&exchange=NYSE&lang=en,2026-10-09
gld_holdings,2022-12-05,2022-12-06,903.46,https://api.spdrgoldshares.com/api/v1/historical-archive?product=gld&exchange=NYSE&lang=en,2026-10-09
gld_holdings,2022-12-06,2022-12-07,906.06,https://api.spdrgoldshares.com/api/v1/historical-archive?product=gld&exchange=NYSE&lang=en,2026-10-09
gld_holdings,2022-12-07,2022-12-08,908.09,https://api.spdrgoldshares.com/api/v1/historical-archive?product=gld&exchange=NYSE&lang=en,2026-10-09
gld_holdings,2022-12-08,2022-12-09,908.09,https://api.spdrgoldshares.com/api/v1/historical-archive?product=gld&exchange=NYSE&lang=en,2026-10-09
gld_holdings,2022-12-09,2022-12-10,910.4,https://api.spdrgoldshares.com/api/v1/historical-archive?product=gld&exchange=NYSE&lang=en,2026-10-09
gld_holdings,2022-12-12,2022-12-13,910.4,https://api.spdrgoldshares.com/api/v1/historical-archive?product=gld&exchange=NYSE&lang=en,2026-10-09
gld_holdings,2022-12-13,2022-12-14,912.72,https://api.spdrgoldshares.com/api/v1/historical-archive?product=gld&exchange=NYSE&lang=en,2026-10-09
gld_holdings,2022-12-14,2022-12-15,911.56,https://api.spdrgoldshares.com/api/v1/historical-archive?product=gld&exchange=NYSE&lang=en,2026-10-09
gld_holdings,2022-12-15,2022-12-16,913.88,https://api.spdrgoldshares.com/api/v1/historical-archive?product=gld&exchange=NYSE&lang=en,2026-10-09
gld_holdings,2022-12-16,2022-12-17,910.4,https://api.spdrgoldshares.com/api/v1/historical-archive?product=gld&exchange=NYSE&lang=en,2026-10-09
gld_holdings,2022-12-19,2022-12-20,912.14,https://api.spdrgoldshares.com/api/v1/historical-archive?product=gld&exchange=NYSE&lang=en,2026-10-09
gld_holdings,2022-12-20,2022-12-21,913.88,https://api.spdrgoldshares.com/api/v1/historical-archive?product=gld&exchange=NYSE&lang=en,2026-10-09
gld_holdings,2022-12-21,2022-12-22,913.88,https://api.spdrgoldshares.com/api/v1/historical-archive?product=gld&exchange=NYSE&lang=en,2026-10-09
gld_holdings,2022-12-22,2022-12-23,913.88,https://api.spdrgoldshares.com/api/v1/historical-archive?product=gld&exchange=NYSE&lang=en,2026-10-09
gld_holdings,2022-12-23,2022-12-24,913.01,https://api.spdrgoldshares.com/api/v1/historical-archive?product=gld&exchange=NYSE&lang=en,2026-10-09
gld_holdings,2022-12-27,2022-12-28,918.51,https://api.spdrgoldshares.com/api/v1/historical-archive?product=gld&exchange=NYSE&lang=en,2026-10-09
gld_holdings,2022-12-28,2022-12-29,918.51,https://api.spdrgoldshares.com/api/v1/historical-archive?product=gld&exchange=NYSE&lang=en,2026-10-09
gld_holdings,2022-12-29,2022-12-30,918.51,https://api.spdrgoldshares.com/api/v1/historical-archive?product=gld&exchange=NYSE&lang=en,2026-10-09
gld_holdings,2022-12-30,2022-12-31,917.64,https://api.spdrgoldshares.com/api/v1/historical-archive?product=gld&exchange=NYSE&lang=en,2026-10-09
gld_holdings,2023-01-03,2023-01-04,917.64,https://api.spdrgoldshares.com/api/v1/historical-archive?product=gld&exchange=NYSE&lang=en,2026-10-09
gld_holdings,2023-01-04,2023-01-05,916.77,https://api.spdrgoldshares.com/api/v1/historical-archive?product=gld&exchange=NYSE&lang=en,2026-10-09
gld_holdings,2023-01-05,2023-01-06,916.77,https://api.spdrgoldshares.com/api/v1/historical-archive?product=gld&exchange=NYSE&lang=en,2026-10-09
gld_holdings,2023-01-06,2023-01-07,915.33,https://api.spdrgoldshares.com/api/v1/historical-archive?product=gld&exchange=NYSE&lang=en,2026-10-09
gld_holdings,2023-01-09,2023-01-10,915.33,https://api.spdrgoldshares.com/api/v1/historical-archive?product=gld&exchange=NYSE&lang=en,2026-10-09
gld_holdings,2023-01-10,2023-01-11,914.17,https://api.spdrgoldshares.com/api/v1/historical-archive?product=gld&exchange=NYSE&lang=en,2026-10-09
gld_holdings,2023-01-11,2023-01-12,912.43,https://api.spdrgoldshares.com/api/v1/historical-archive?product=gld&exchange=NYSE&lang=en,2026-10-09
gld_holdings,2023-01-12,2023-01-13,912.14,https://api.spdrgoldshares.com/api/v1/historical-archive?product=gld&exchange=NYSE&lang=en,2026-10-09
gld_holdings,2023-01-13,2023-01-14,912.14,https://api.spdrgoldshares.com/api/v1/historical-archive?product=gld&exchange=NYSE&lang=en,2026-10-09
gld_holdings,2023-01-17,2023-01-18,909.24,https://api.spdrgoldshares.com/api/v1/historical-archive?product=gld&exchange=NYSE&lang=en,2026-10-09
gld_holdings,2023-01-18,2023-01-19,910.98,https://api.spdrgoldshares.com/api/v1/historical-archive?product=gld&exchange=NYSE&lang=en,2026-10-09
gld_holdings,2023-01-19,2023-01-20,912.43,https://api.spdrgoldshares.com/api/v1/historical-archive?product=gld&exchange=NYSE&lang=en,2026-10-09
gld_holdings,2023-01-20,2023-01-21,917.05,https://api.spdrgoldshares.com/api/v1/historical-archive?product=gld&exchange=NYSE&lang=en,2026-10-09
gld_holdings,2023-01-23,2023-01-24,917.05,https://api.spdrgoldshares.com/api/v1/historical-archive?product=gld&exchange=NYSE&lang=en,2026-10-09
gld_holdings,2023-01-24,2023-01-25,917.34,https://api.spdrgoldshares.com/api/v1/historical-archive?product=gld&exchange=NYSE&lang=en,2026-10-09
gld_holdings,2023-01-25,2023-01-26,919.37,https://api.spdrgoldshares.com/api/v1/historical-archive?product=gld&exchange=NYSE&lang=en,2026-10-09
gld_holdings,2023-01-26,2023-01-27,919.37,https://api.spdrgoldshares.com/api/v1/historical-archive?product=gld&exchange=NYSE&lang=en,2026-10-09
gld_holdings,2023-01-27,2023-01-28,918.5,https://api.spdrgoldshares.com/api/v1/historical-archive?product=gld&exchange=NYSE&lang=en,2026-10-09
gld_holdings,2023-01-30,2023-01-31,917.05,https://api.spdrgoldshares.com/api/v1/historical-archive?product=gld&exchange=NYSE&lang=en,2026-10-09
gld_holdings,2023-01-31,2023-02-01,917.05,https://api.spdrgoldshares.com/api/v1/historical-archive?product=gld&exchange=NYSE&lang=en,2026-10-09
gld_holdings,2023-02-01,2023-02-02,918.5,https://api.spdrgoldshares.com/api/v1/historical-archive?product=gld&exchange=NYSE&lang=en,2026-10-09
gld_holdings,2023-02-02,2023-02-03,920.24,https://api.spdrgoldshares.com/api/v1/historical-archive?product=gld&exchange=NYSE&lang=en,2026-10-09
gld_holdings,2023-02-03,2023-02-04,920.24,https://api.spdrgoldshares.com/api/v1/historical-archive?product=gld&exchange=NYSE&lang=en,2026-10-09
gld_holdings,2023-02-06,2023-02-07,917.92,https://api.spdrgoldshares.com/api/v1/historical-archive?product=gld&exchange=NYSE&lang=en,2026-10-09
gld_holdings,2023-02-07,2023-02-08,920.82,https://api.spdrgoldshares.com/api/v1/historical-archive?product=gld&exchange=NYSE&lang=en,2026-10-09
gld_holdings,2023-02-08,2023-02-09,921.1,https://api.spdrgoldshares.com/api/v1/historical-archive?product=gld&exchange=NYSE&lang=en,2026-10-09
gld_holdings,2023-02-09,2023-02-10,920.79,https://api.spdrgoldshares.com/api/v1/historical-archive?product=gld&exchange=NYSE&lang=en,2026-10-09
gld_holdings,2023-02-10,2023-02-11,920.79,https://api.spdrgoldshares.com/api/v1/historical-archive?product=gld&exchange=NYSE&lang=en,2026-10-09
gld_holdings,2023-02-13,2023-02-14,920.79,https://api.spdrgoldshares.com/api/v1/historical-archive?product=gld&exchange=NYSE&lang=en,2026-10-09
gld_holdings,2023-02-14,2023-02-15,920.79,https://api.spdrgoldshares.com/api/v1/historical-archive?product=gld&exchange=NYSE&lang=en,2026-10-09
gld_holdings,2023-02-15,2023-02-16,921.08,https://api.spdrgoldshares.com/api/v1/historical-archive?product=gld&exchange=NYSE&lang=en,2026-10-09
gld_holdings,2023-02-16,2023-02-17,921.08,https://api.spdrgoldshares.com/api/v1/historical-archive?product=gld&exchange=NYSE&lang=en,2026-10-09
gld_holdings,2023-02-17,2023-02-18,919.92,https://api.spdrgoldshares.com/api/v1/historical-archive?product=gld&exchange=NYSE&lang=en,2026-10-09
gld_holdings,2023-02-21,2023-02-22,919.92,https://api.spdrgoldshares.com/api/v1/historical-archive?product=gld&exchange=NYSE&lang=en,2026-10-09
gld_holdings,2023-02-22,2023-02-23,919.06,https://api.spdrgoldshares.com/api/v1/historical-archive?product=gld&exchange=NYSE&lang=en,2026-10-09
gld_holdings,2023-02-23,2023-02-24,917.32,https://api.spdrgoldshares.com/api/v1/historical-archive?product=gld&exchange=NYSE&lang=en,2026-10-09
gld_holdings,2023-02-24,2023-02-25,917.32,https://api.spdrgoldshares.com/api/v1/historical-archive?product=gld&exchange=NYSE&lang=en,2026-10-09
gld_holdings,2023-02-27,2023-02-28,917.61,https://api.spdrgoldshares.com/api/v1/historical-archive?product=gld&exchange=NYSE&lang=en,2026-10-09
gld_holdings,2023-02-28,2023-03-01,915.3,https://api.spdrgoldshares.com/api/v1/historical-archive?product=gld&exchange=NYSE&lang=en,2026-10-09
gld_holdings,2023-03-01,2023-03-02,912.69,https://api.spdrgoldshares.com/api/v1/historical-archive?product=gld&exchange=NYSE&lang=en,2026-10-09
gld_holdings,2023-03-02,2023-03-03,912.69,https://api.spdrgoldshares.com/api/v1/historical-archive?product=gld&exchange=NYSE&lang=en,2026-10-09
gld_holdings,2023-03-03,2023-03-04,912.12,https://api.spdrgoldshares.com/api/v1/historical-archive?product=gld&exchange=NYSE&lang=en,2026-10-09
gld_holdings,2023-03-06,2023-03-07,912.12,https://api.spdrgoldshares.com/api/v1/historical-archive?product=gld&exchange=NYSE&lang=en,2026-10-09
gld_holdings,2023-03-07,2023-03-08,906.62,https://api.spdrgoldshares.com/api/v1/historical-archive?product=gld&exchange=NYSE&lang=en,2026-10-09
gld_holdings,2023-03-08,2023-03-09,906.62,https://api.spdrgoldshares.com/api/v1/historical-archive?product=gld&exchange=NYSE&lang=en,2026-10-09
gld_holdings,2023-03-09,2023-03-10,903.15,https://api.spdrgoldshares.com/api/v1/historical-archive?product=gld&exchange=NYSE&lang=en,2026-10-09
gld_holdings,2023-03-10,2023-03-11,901.42,https://api.spdrgoldshares.com/api/v1/historical-archive?product=gld&exchange=NYSE&lang=en,2026-10-09
gld_holdings,2023-03-13,2023-03-14,913.27,https://api.spdrgoldshares.com/api/v1/historical-archive?product=gld&exchange=NYSE&lang=en,2026-10-09
gld_holdings,2023-03-14,2023-03-15,913.27,https://api.spdrgoldshares.com/api/v1/historical-archive?product=gld&exchange=NYSE&lang=en,2026-10-09
gld_holdings,2023-03-15,2023-03-16,914.72,https://api.spdrgoldshares.com/api/v1/historical-archive?product=gld&exchange=NYSE&lang=en,2026-10-09
gld_holdings,2023-03-16,2023-03-17,914.72,https://api.spdrgoldshares.com/api/v1/historical-archive?product=gld&exchange=NYSE&lang=en,2026-10-09
gld_holdings,2023-03-17,2023-03-18,921.08,https://api.spdrgoldshares.com/api/v1/historical-archive?product=gld&exchange=NYSE&lang=en,2026-10-09
gld_holdings,2023-03-20,2023-03-21,924.55,https://api.spdrgoldshares.com/api/v1/historical-archive?product=gld&exchange=NYSE&lang=en,2026-10-09
gld_holdings,2023-03-21,2023-03-22,923.11,https://api.spdrgoldshares.com/api/v1/historical-archive?product=gld&exchange=NYSE&lang=en,2026-10-09
gld_holdings,2023-03-22,2023-03-23,923.11,https://api.spdrgoldshares.com/api/v1/historical-archive?product=gld&exchange=NYSE&lang=en,2026-10-09
gld_holdings,2023-03-23,2023-03-24,925.42,https://api.spdrgoldshares.com/api/v1/historical-archive?product=gld&exchange=NYSE&lang=en,2026-10-09
gld_holdings,2023-03-24,2023-03-25,923.97,https://api.spdrgoldshares.com/api/v1/historical-archive?product=gld&exchange=NYSE&lang=en,2026-10-09
gld_holdings,2023-03-27,2023-03-28,923.97,https://api.spdrgoldshares.com/api/v1/historical-archive?product=gld&exchange=NYSE&lang=en,2026-10-09
gld_holdings,2023-03-28,2023-03-29,927.73,https://api.spdrgoldshares.com/api/v1/historical-archive?product=gld&exchange=NYSE&lang=en,2026-10-09
gld_holdings,2023-03-29,2023-03-30,929.47,https://api.spdrgoldshares.com/api/v1/historical-archive?product=gld&exchange=NYSE&lang=en,2026-10-09
gld_holdings,2023-03-30,2023-03-31,929.47,https://api.spdrgoldshares.com/api/v1/historical-archive?product=gld&exchange=NYSE&lang=en,2026-10-09
gld_holdings,2023-03-31,2023-04-01,928.02,https://api.spdrgoldshares.com/api/v1/historical-archive?product=gld&exchange=NYSE&lang=en,2026-10-09
gld_holdings,2023-04-03,2023-04-04,930.04,https://api.spdrgoldshares.com/api/v1/historical-archive?product=gld&exchange=NYSE&lang=en,2026-10-09
gld_holdings,2023-04-04,2023-04-05,930.04,https://api.spdrgoldshares.com/api/v1/historical-archive?product=gld&exchange=NYSE&lang=en,2026-10-09
gld_holdings,2023-04-05,2023-04-06,930.91,https://api.spdrgoldshares.com/api/v1/historical-archive?product=gld&exchange=NYSE&lang=en,2026-10-09
gld_holdings,2023-04-06,2023-04-07,930.91,https://api.spdrgoldshares.com/api/v1/historical-archive?product=gld&exchange=NYSE&lang=en,2026-10-09
gld_holdings,2023-04-10,2023-04-11,933.22,https://api.spdrgoldshares.com/api/v1/historical-archive?product=gld&exchange=NYSE&lang=en,2026-10-09
gld_holdings,2023-04-11,2023-04-12,932.93,https://api.spdrgoldshares.com/api/v1/historical-archive?product=gld&exchange=NYSE&lang=en,2026-10-09
gld_holdings,2023-04-12,2023-04-13,934.08,https://api.spdrgoldshares.com/api/v1/historical-archive?product=gld&exchange=NYSE&lang=en,2026-10-09
gld_holdings,2023-04-13,2023-04-14,930.61,https://api.spdrgoldshares.com/api/v1/historical-archive?product=gld&exchange=NYSE&lang=en,2026-10-09
gld_holdings,2023-04-14,2023-04-15,927.72,https://api.spdrgoldshares.com/api/v1/historical-archive?product=gld&exchange=NYSE&lang=en,2026-10-09
gld_holdings,2023-04-17,2023-04-18,925.7,https://api.spdrgoldshares.com/api/v1/historical-archive?product=gld&exchange=NYSE&lang=en,2026-10-09
gld_holdings,2023-04-18,2023-04-19,924.25,https://api.spdrgoldshares.com/api/v1/historical-archive?product=gld&exchange=NYSE&lang=en,2026-10-09
gld_holdings,2023-04-19,2023-04-20,926.57,https://api.spdrgoldshares.com/api/v1/historical-archive?product=gld&exchange=NYSE&lang=en,2026-10-09
gld_holdings,2023-04-20,2023-04-21,926.57,https://api.spdrgoldshares.com/api/v1/historical-archive?product=gld&exchange=NYSE&lang=en,2026-10-09
gld_holdings,2023-04-21,2023-04-22,923.68,https://api.spdrgoldshares.com/api/v1/historical-archive?product=gld&exchange=NYSE&lang=en,2026-10-09
gld_holdings,2023-04-24,2023-04-25,927.43,https://api.spdrgoldshares.com/api/v1/historical-archive?product=gld&exchange=NYSE&lang=en,2026-10-09
gld_holdings,2023-04-25,2023-04-26,930.04,https://api.spdrgoldshares.com/api/v1/historical-archive?product=gld&exchange=NYSE&lang=en,2026-10-09
gld_holdings,2023-04-26,2023-04-27,930.04,https://api.spdrgoldshares.com/api/v1/historical-archive?product=gld&exchange=NYSE&lang=en,2026-10-09
gld_holdings,2023-04-27,2023-04-28,926.28,https://api.spdrgoldshares.com/api/v1/historical-archive?product=gld&exchange=NYSE&lang=en,2026-10-09
gld_holdings,2023-04-28,2023-04-29,926.28,https://api.spdrgoldshares.com/api/v1/historical-archive?product=gld&exchange=NYSE&lang=en,2026-10-09
gld_holdings,2023-05-01,2023-05-02,924.83,https://api.spdrgoldshares.com/api/v1/historical-archive?product=gld&exchange=NYSE&lang=en,2026-10-09
gld_holdings,2023-05-02,2023-05-03,928.3,https://api.spdrgoldshares.com/api/v1/historical-archive?product=gld&exchange=NYSE&lang=en,2026-10-09
gld_holdings,2023-05-03,2023-05-04,928.3,https://api.spdrgoldshares.com/api/v1/historical-archive?product=gld&exchange=NYSE&lang=en,2026-10-09
gld_holdings,2023-05-04,2023-05-05,930.03,https://api.spdrgoldshares.com/api/v1/historical-archive?product=gld&exchange=NYSE&lang=en,2026-10-09
gld_holdings,2023-05-05,2023-05-06,931.77,https://api.spdrgoldshares.com/api/v1/historical-archive?product=gld&exchange=NYSE&lang=en,2026-10-09
gld_holdings,2023-05-08,2023-05-09,937.55,https://api.spdrgoldshares.com/api/v1/historical-archive?product=gld&exchange=NYSE&lang=en,2026-10-09
gld_holdings,2023-05-09,2023-05-10,934.95,https://api.spdrgoldshares.com/api/v1/historical-archive?product=gld&exchange=NYSE&lang=en,2026-10-09
gld_holdings,2023-05-10,2023-05-11,938.99,https://api.spdrgoldshares.com/api/v1/historical-archive?product=gld&exchange=NYSE&lang=en,2026-10-09
gld_holdings,2023-05-11,2023-05-12,937.84,https://api.spdrgoldshares.com/api/v1/historical-archive?product=gld&exchange=NYSE&lang=en,2026-10-09
gld_holdings,2023-05-12,2023-05-13,937.54,https://api.spdrgoldshares.com/api/v1/historical-archive?product=gld&exchange=NYSE&lang=en,2026-10-09
gld_holdings,2023-05-15,2023-05-16,934.07,https://api.spdrgoldshares.com/api/v1/historical-archive?product=gld&exchange=NYSE&lang=en,2026-10-09
gld_holdings,2023-05-16,2023-05-17,934.94,https://api.spdrgoldshares.com/api/v1/historical-archive?product=gld&exchange=NYSE&lang=en,2026-10-09
gld_holdings,2023-05-17,2023-05-18,936.96,https://api.spdrgoldshares.com/api/v1/historical-archive?product=gld&exchange=NYSE&lang=en,2026-10-09
gld_holdings,2023-05-18,2023-05-19,936.96,https://api.spdrgoldshares.com/api/v1/historical-archive?product=gld&exchange=NYSE&lang=en,2026-10-09
gld_holdings,2023-05-19,2023-05-20,942.74,https://api.spdrgoldshares.com/api/v1/historical-archive?product=gld&exchange=NYSE&lang=en,2026-10-09
gld_holdings,2023-05-22,2023-05-23,943.89,https://api.spdrgoldshares.com/api/v1/historical-archive?product=gld&exchange=NYSE&lang=en,2026-10-09
gld_holdings,2023-05-23,2023-05-24,941.29,https://api.spdrgoldshares.com/api/v1/historical-archive?product=gld&exchange=NYSE&lang=en,2026-10-09
gld_holdings,2023-05-24,2023-05-25,941.29,https://api.spdrgoldshares.com/api/v1/historical-archive?product=gld&exchange=NYSE&lang=en,2026-10-09
gld_holdings,2023-05-25,2023-05-26,941.29,https://api.spdrgoldshares.com/api/v1/historical-archive?product=gld&exchange=NYSE&lang=en,2026-10-09
gld_holdings,2023-05-26,2023-05-27,941.29,https://api.spdrgoldshares.com/api/v1/historical-archive?product=gld&exchange=NYSE&lang=en,2026-10-09
gld_holdings,2023-05-30,2023-05-31,939.56,https://api.spdrgoldshares.com/api/v1/historical-archive?product=gld&exchange=NYSE&lang=en,2026-10-09
gld_holdings,2023-05-31,2023-06-01,939.56,https://api.spdrgoldshares.com/api/v1/historical-archive?product=gld&exchange=NYSE&lang=en,2026-10-09
gld_holdings,2023-06-01,2023-06-02,938.11,https://api.spdrgoldshares.com/api/v1/historical-archive?product=gld&exchange=NYSE&lang=en,2026-10-09
gld_holdings,2023-06-02,2023-06-03,938.11,https://api.spdrgoldshares.com/api/v1/historical-archive?product=gld&exchange=NYSE&lang=en,2026-10-09
gld_holdings,2023-06-05,2023-06-06,939.56,https://api.spdrgoldshares.com/api/v1/historical-archive?product=gld&exchange=NYSE&lang=en,2026-10-09
gld_holdings,2023-06-06,2023-06-07,938.11,https://api.spdrgoldshares.com/api/v1/historical-archive?product=gld&exchange=NYSE&lang=en,2026-10-09
gld_holdings,2023-06-07,2023-06-08,934.65,https://api.spdrgoldshares.com/api/v1/historical-archive?product=gld&exchange=NYSE&lang=en,2026-10-09
gld_holdings,2023-06-08,2023-06-09,934.65,https://api.spdrgoldshares.com/api/v1/historical-archive?product=gld&exchange=NYSE&lang=en,2026-10-09
gld_holdings,2023-06-09,2023-06-10,931.76,https://api.spdrgoldshares.com/api/v1/historical-archive?product=gld&exchange=NYSE&lang=en,2026-10-09
gld_holdings,2023-06-12,2023-06-13,931.43,https://api.spdrgoldshares.com/api/v1/historical-archive?product=gld&exchange=NYSE&lang=en,2026-10-09
gld_holdings,2023-06-13,2023-06-14,931.43,https://api.spdrgoldshares.com/api/v1/historical-archive?product=gld&exchange=NYSE&lang=en,2026-10-09
gld_holdings,2023-06-14,2023-06-15,929.7,https://api.spdrgoldshares.com/api/v1/historical-archive?product=gld&exchange=NYSE&lang=en,2026-10-09
gld_holdings,2023-06-15,2023-06-16,929.7,https://api.spdrgoldshares.com/api/v1/historical-archive?product=gld&exchange=NYSE&lang=en,2026-10-09
gld_holdings,2023-06-16,2023-06-17,934.03,https://api.spdrgoldshares.com/api/v1/historical-archive?product=gld&exchange=NYSE&lang=en,2026-10-09
gld_holdings,2023-06-20,2023-06-21,934.03,https://api.spdrgoldshares.com/api/v1/historical-archive?product=gld&exchange=NYSE&lang=en,2026-10-09
gld_holdings,2023-06-21,2023-06-22,932.3,https://api.spdrgoldshares.com/api/v1/historical-archive?product=gld&exchange=NYSE&lang=en,2026-10-09
gld_holdings,2023-06-22,2023-06-23,929.7,https://api.spdrgoldshares.com/api/v1/historical-archive?product=gld&exchange=NYSE&lang=en,2026-10-09
gld_holdings,2023-06-23,2023-06-24,927.1,https://api.spdrgoldshares.com/api/v1/historical-archive?product=gld&exchange=NYSE&lang=en,2026-10-09
gld_holdings,2023-06-26,2023-06-27,925.66,https://api.spdrgoldshares.com/api/v1/historical-archive?product=gld&exchange=NYSE&lang=en,2026-10-09
gld_holdings,2023-06-27,2023-06-28,925.66,https://api.spdrgoldshares.com/api/v1/historical-archive?product=gld&exchange=NYSE&lang=en,2026-10-09
gld_holdings,2023-06-28,2023-06-29,926.81,https://api.spdrgoldshares.com/api/v1/historical-archive?product=gld&exchange=NYSE&lang=en,2026-10-09
gld_holdings,2023-06-29,2023-06-30,924.5,https://api.spdrgoldshares.com/api/v1/historical-archive?product=gld&exchange=NYSE&lang=en,2026-10-09
gld_holdings,2023-06-30,2023-07-01,921.9,https://api.spdrgoldshares.com/api/v1/historical-archive?product=gld&exchange=NYSE&lang=en,2026-10-09
gld_holdings,2023-07-03,2023-07-04,921.9,https://api.spdrgoldshares.com/api/v1/historical-archive?product=gld&exchange=NYSE&lang=en,2026-10-09
gld_holdings,2023-07-05,2023-07-06,917.86,https://api.spdrgoldshares.com/api/v1/historical-archive?product=gld&exchange=NYSE&lang=en,2026-10-09
gld_holdings,2023-07-06,2023-07-07,917.86,https://api.spdrgoldshares.com/api/v1/historical-archive?product=gld&exchange=NYSE&lang=en,2026-10-09
gld_holdings,2023-07-07,2023-07-08,915.26,https://api.spdrgoldshares.com/api/v1/historical-archive?product=gld&exchange=NYSE&lang=en,2026-10-09
gld_holdings,2023-07-10,2023-07-11,915.26,https://api.spdrgoldshares.com/api/v1/historical-archive?product=gld&exchange=NYSE&lang=en,2026-10-09
gld_holdings,2023-07-11,2023-07-12,914.95,https://api.spdrgoldshares.com/api/v1/historical-archive?product=gld&exchange=NYSE&lang=en,2026-10-09
gld_holdings,2023-07-12,2023-07-13,914.66,https://api.spdrgoldshares.com/api/v1/historical-archive?product=gld&exchange=NYSE&lang=en,2026-10-09
gld_holdings,2023-07-13,2023-07-14,914.66,https://api.spdrgoldshares.com/api/v1/historical-archive?product=gld&exchange=NYSE&lang=en,2026-10-09
gld_holdings,2023-07-14,2023-07-15,914.66,https://api.spdrgoldshares.com/api/v1/historical-archive?product=gld&exchange=NYSE&lang=en,2026-10-09
gld_holdings,2023-07-17,2023-07-18,912.93,https://api.spdrgoldshares.com/api/v1/historical-archive?product=gld&exchange=NYSE&lang=en,2026-10-09
gld_holdings,2023-07-18,2023-07-19,912.07,https://api.spdrgoldshares.com/api/v1/historical-archive?product=gld&exchange=NYSE&lang=en,2026-10-09
gld_holdings,2023-07-19,2023-07-20,913.8,https://api.spdrgoldshares.com/api/v1/historical-archive?product=gld&exchange=NYSE&lang=en,2026-10-09
gld_holdings,2023-07-20,2023-07-21,913.8,https://api.spdrgoldshares.com/api/v1/historical-archive?product=gld&exchange=NYSE&lang=en,2026-10-09
gld_holdings,2023-07-21,2023-07-22,919.0,https://api.spdrgoldshares.com/api/v1/historical-archive?product=gld&exchange=NYSE&lang=en,2026-10-09
gld_holdings,2023-07-24,2023-07-25,919.0,https://api.spdrgoldshares.com/api/v1/historical-archive?product=gld&exchange=NYSE&lang=en,2026-10-09
gld_holdings,2023-07-25,2023-07-26,919.0,https://api.spdrgoldshares.com/api/v1/historical-archive?product=gld&exchange=NYSE&lang=en,2026-10-09
gld_holdings,2023-07-26,2023-07-27,917.26,https://api.spdrgoldshares.com/api/v1/historical-archive?product=gld&exchange=NYSE&lang=en,2026-10-09
gld_holdings,2023-07-27,2023-07-28,915.82,https://api.spdrgoldshares.com/api/v1/historical-archive?product=gld&exchange=NYSE&lang=en,2026-10-09
gld_holdings,2023-07-28,2023-07-29,912.93,https://api.spdrgoldshares.com/api/v1/historical-archive?product=gld&exchange=NYSE&lang=en,2026-10-09
gld_holdings,2023-07-31,2023-08-01,912.93,https://api.spdrgoldshares.com/api/v1/historical-archive?product=gld&exchange=NYSE&lang=en,2026-10-09
gld_holdings,2023-08-01,2023-08-02,909.18,https://api.spdrgoldshares.com/api/v1/historical-archive?product=gld&exchange=NYSE&lang=en,2026-10-09
gld_holdings,2023-08-02,2023-08-03,909.18,https://api.spdrgoldshares.com/api/v1/historical-archive?product=gld&exchange=NYSE&lang=en,2026-10-09
gld_holdings,2023-08-03,2023-08-04,906.0,https://api.spdrgoldshares.com/api/v1/historical-archive?product=gld&exchange=NYSE&lang=en,2026-10-09
gld_holdings,2023-08-04,2023-08-05,906.0,https://api.spdrgoldshares.com/api/v1/historical-archive?product=gld&exchange=NYSE&lang=en,2026-10-09
gld_holdings,2023-08-07,2023-08-08,903.69,https://api.spdrgoldshares.com/api/v1/historical-archive?product=gld&exchange=NYSE&lang=en,2026-10-09
gld_holdings,2023-08-08,2023-08-09,903.69,https://api.spdrgoldshares.com/api/v1/historical-archive?product=gld&exchange=NYSE&lang=en,2026-10-09
gld_holdings,2023-08-09,2023-08-10,903.38,https://api.spdrgoldshares.com/api/v1/historical-archive?product=gld&exchange=NYSE&lang=en,2026-10-09
gld_holdings,2023-08-10,2023-08-11,903.38,https://api.spdrgoldshares.com/api/v1/historical-archive?product=gld&exchange=NYSE&lang=en,2026-10-09
gld_holdings,2023-08-11,2023-08-12,899.63,https://api.spdrgoldshares.com/api/v1/historical-archive?product=gld&exchange=NYSE&lang=en,2026-10-09
gld_holdings,2023-08-14,2023-08-15,895.87,https://api.spdrgoldshares.com/api/v1/historical-archive?product=gld&exchange=NYSE&lang=en,2026-10-09
gld_holdings,2023-08-15,2023-08-16,894.43,https://api.spdrgoldshares.com/api/v1/historical-archive?product=gld&exchange=NYSE&lang=en,2026-10-09
gld_holdings,2023-08-16,2023-08-17,894.43,https://api.spdrgoldshares.com/api/v1/historical-archive?product=gld&exchange=NYSE&lang=en,2026-10-09
gld_holdings,2023-08-17,2023-08-18,887.5,https://api.spdrgoldshares.com/api/v1/historical-archive?product=gld&exchange=NYSE&lang=en,2026-10-09
gld_holdings,2023-08-18,2023-08-19,890.1,https://api.spdrgoldshares.com/api/v1/historical-archive?product=gld&exchange=NYSE&lang=en,2026-10-09
gld_holdings,2023-08-21,2023-08-22,889.23,https://api.spdrgoldshares.com/api/v1/historical-archive?product=gld&exchange=NYSE&lang=en,2026-10-09
gld_holdings,2023-08-22,2023-08-23,884.9,https://api.spdrgoldshares.com/api/v1/historical-archive?product=gld&exchange=NYSE&lang=en,2026-10-09
gld_holdings,2023-08-23,2023-08-24,884.9,https://api.spdrgoldshares.com/api/v1/historical-archive?product=gld&exchange=NYSE&lang=en,2026-10-09
gld_holdings,2023-08-24,2023-08-25,884.04,https://api.spdrgoldshares.com/api/v1/historical-archive?product=gld&exchange=NYSE&lang=en,2026-10-09
gld_holdings,2023-08-25,2023-08-26,884.04,https://api.spdrgoldshares.com/api/v1/historical-archive?product=gld&exchange=NYSE&lang=en,2026-10-09
gld_holdings,2023-08-28,2023-08-29,886.64,https://api.spdrgoldshares.com/api/v1/historical-archive?product=gld&exchange=NYSE&lang=en,2026-10-09
gld_holdings,2023-08-29,2023-08-30,889.23,https://api.spdrgoldshares.com/api/v1/historical-archive?product=gld&exchange=NYSE&lang=en,2026-10-09
gld_holdings,2023-08-30,2023-08-31,890.1,https://api.spdrgoldshares.com/api/v1/historical-archive?product=gld&exchange=NYSE&lang=en,2026-10-09
gld_holdings,2023-08-31,2023-09-01,890.1,https://api.spdrgoldshares.com/api/v1/historical-archive?product=gld&exchange=NYSE&lang=en,2026-10-09
gld_holdings,2023-09-01,2023-09-02,890.97,https://api.spdrgoldshares.com/api/v1/historical-archive?product=gld&exchange=NYSE&lang=en,2026-10-09
gld_holdings,2023-09-05,2023-09-06,889.81,https://api.spdrgoldshares.com/api/v1/historical-archive?product=gld&exchange=NYSE&lang=en,2026-10-09
gld_holdings,2023-09-06,2023-09-07,886.64,https://api.spdrgoldshares.com/api/v1/historical-archive?product=gld&exchange=NYSE&lang=en,2026-10-09
gld_holdings,2023-09-07,2023-09-08,886.64,https://api.spdrgoldshares.com/api/v1/historical-archive?product=gld&exchange=NYSE&lang=en,2026-10-09
gld_holdings,2023-09-08,2023-09-09,886.64,https://api.spdrgoldshares.com/api/v1/historical-archive?product=gld&exchange=NYSE&lang=en,2026-10-09
gld_holdings,2023-09-11,2023-09-12,884.89,https://api.spdrgoldshares.com/api/v1/historical-archive?product=gld&exchange=NYSE&lang=en,2026-10-09
gld_holdings,2023-09-12,2023-09-13,884.89,https://api.spdrgoldshares.com/api/v1/historical-archive?product=gld&exchange=NYSE&lang=en,2026-10-09
gld_holdings,2023-09-13,2023-09-14,882.0,https://api.spdrgoldshares.com/api/v1/historical-archive?product=gld&exchange=NYSE&lang=en,2026-10-09
gld_holdings,2023-09-14,2023-09-15,879.7,https://api.spdrgoldshares.com/api/v1/historical-archive?product=gld&exchange=NYSE&lang=en,2026-10-09
gld_holdings,2023-09-15,2023-09-16,880.27,https://api.spdrgoldshares.com/api/v1/historical-archive?product=gld&exchange=NYSE&lang=en,2026-10-09
gld_holdings,2023-09-18,2023-09-19,880.27,https://api.spdrgoldshares.com/api/v1/historical-archive?product=gld&exchange=NYSE&lang=en,2026-10-09
gld_holdings,2023-09-19,2023-09-20,878.83,https://api.spdrgoldshares.com/api/v1/historical-archive?product=gld&exchange=NYSE&lang=en,2026-10-09
gld_holdings,2023-09-20,2023-09-21,878.25,https://api.spdrgoldshares.com/api/v1/historical-archive?product=gld&exchange=NYSE&lang=en,2026-10-09
gld_holdings,2023-09-21,2023-09-22,878.83,https://api.spdrgoldshares.com/api/v1/historical-archive?product=gld&exchange=NYSE&lang=en,2026-10-09
gld_holdings,2023-09-22,2023-09-23,877.39,https://api.spdrgoldshares.com/api/v1/historical-archive?product=gld&exchange=NYSE&lang=en,2026-10-09
gld_holdings,2023-09-25,2023-09-26,876.52,https://api.spdrgoldshares.com/api/v1/historical-archive?product=gld&exchange=NYSE&lang=en,2026-10-09
gld_holdings,2023-09-26,2023-09-27,872.77,https://api.spdrgoldshares.com/api/v1/historical-archive?product=gld&exchange=NYSE&lang=en,2026-10-09
gld_holdings,2023-09-27,2023-09-28,873.64,https://api.spdrgoldshares.com/api/v1/historical-archive?product=gld&exchange=NYSE&lang=en,2026-10-09
gld_holdings,2023-09-28,2023-09-29,873.64,https://api.spdrgoldshares.com/api/v1/historical-archive?product=gld&exchange=NYSE&lang=en,2026-10-09
gld_holdings,2023-09-29,2023-09-30,873.64,https://api.spdrgoldshares.com/api/v1/historical-archive?product=gld&exchange=NYSE&lang=en,2026-10-09
gld_holdings,2023-10-02,2023-10-03,875.08,https://api.spdrgoldshares.com/api/v1/historical-archive?product=gld&exchange=NYSE&lang=en,2026-10-09
gld_holdings,2023-10-03,2023-10-04,873.35,https://api.spdrgoldshares.com/api/v1/historical-archive?product=gld&exchange=NYSE&lang=en,2026-10-09
gld_holdings,2023-10-04,2023-10-05,869.31,https://api.spdrgoldshares.com/api/v1/historical-archive?product=gld&exchange=NYSE&lang=en,2026-10-09
gld_holdings,2023-10-05,2023-10-06,867.58,https://api.spdrgoldshares.com/api/v1/historical-archive?product=gld&exchange=NYSE&lang=en,2026-10-09
gld_holdings,2023-10-06,2023-10-07,865.85,https://api.spdrgoldshares.com/api/v1/historical-archive?product=gld&exchange=NYSE&lang=en,2026-10-09
gld_holdings,2023-10-09,2023-10-10,861.81,https://api.spdrgoldshares.com/api/v1/historical-archive?product=gld&exchange=NYSE&lang=en,2026-10-09
gld_holdings,2023-10-10,2023-10-11,861.51,https://api.spdrgoldshares.com/api/v1/historical-archive?product=gld&exchange=NYSE&lang=en,2026-10-09
gld_holdings,2023-10-11,2023-10-12,862.37,https://api.spdrgoldshares.com/api/v1/historical-archive?product=gld&exchange=NYSE&lang=en,2026-10-09
gld_holdings,2023-10-12,2023-10-13,862.37,https://api.spdrgoldshares.com/api/v1/historical-archive?product=gld&exchange=NYSE&lang=en,2026-10-09
gld_holdings,2023-10-13,2023-10-14,862.37,https://api.spdrgoldshares.com/api/v1/historical-archive?product=gld&exchange=NYSE&lang=en,2026-10-09
gld_holdings,2023-10-16,2023-10-17,855.45,https://api.spdrgoldshares.com/api/v1/historical-archive?product=gld&exchange=NYSE&lang=en,2026-10-09
gld_holdings,2023-10-17,2023-10-18,853.43,https://api.spdrgoldshares.com/api/v1/historical-archive?product=gld&exchange=NYSE&lang=en,2026-10-09
gld_holdings,2023-10-18,2023-10-19,848.24,https://api.spdrgoldshares.com/api/v1/historical-archive?product=gld&exchange=NYSE&lang=en,2026-10-09
gld_holdings,2023-10-19,2023-10-20,848.24,https://api.spdrgoldshares.com/api/v1/historical-archive?product=gld&exchange=NYSE&lang=en,2026-10-09
gld_holdings,2023-10-20,2023-10-21,863.24,https://api.spdrgoldshares.com/api/v1/historical-archive?product=gld&exchange=NYSE&lang=en,2026-10-09
gld_holdings,2023-10-23,2023-10-24,860.07,https://api.spdrgoldshares.com/api/v1/historical-archive?product=gld&exchange=NYSE&lang=en,2026-10-09
gld_holdings,2023-10-24,2023-10-25,860.07,https://api.spdrgoldshares.com/api/v1/historical-archive?product=gld&exchange=NYSE&lang=en,2026-10-09
gld_holdings,2023-10-25,2023-10-26,861.8,https://api.spdrgoldshares.com/api/v1/historical-archive?product=gld&exchange=NYSE&lang=en,2026-10-09
gld_holdings,2023-10-26,2023-10-27,861.8,https://api.spdrgoldshares.com/api/v1/historical-archive?product=gld&exchange=NYSE&lang=en,2026-10-09
gld_holdings,2023-10-27,2023-10-28,861.8,https://api.spdrgoldshares.com/api/v1/historical-archive?product=gld&exchange=NYSE&lang=en,2026-10-09
gld_holdings,2023-10-30,2023-10-31,859.49,https://api.spdrgoldshares.com/api/v1/historical-archive?product=gld&exchange=NYSE&lang=en,2026-10-09
gld_holdings,2023-10-31,2023-11-01,859.49,https://api.spdrgoldshares.com/api/v1/historical-archive?product=gld&exchange=NYSE&lang=en,2026-10-09
gld_holdings,2023-11-01,2023-11-02,861.51,https://api.spdrgoldshares.com/api/v1/historical-archive?product=gld&exchange=NYSE&lang=en,2026-10-09
gld_holdings,2023-11-02,2023-11-03,861.51,https://api.spdrgoldshares.com/api/v1/historical-archive?product=gld&exchange=NYSE&lang=en,2026-10-09
gld_holdings,2023-11-03,2023-11-04,863.24,https://api.spdrgoldshares.com/api/v1/historical-archive?product=gld&exchange=NYSE&lang=en,2026-10-09
gld_holdings,2023-11-06,2023-11-07,867.57,https://api.spdrgoldshares.com/api/v1/historical-archive?product=gld&exchange=NYSE&lang=en,2026-10-09
gld_holdings,2023-11-07,2023-11-08,867.28,https://api.spdrgoldshares.com/api/v1/historical-archive?product=gld&exchange=NYSE&lang=en,2026-10-09
gld_holdings,2023-11-08,2023-11-09,867.28,https://api.spdrgoldshares.com/api/v1/historical-archive?product=gld&exchange=NYSE&lang=en,2026-10-09
gld_holdings,2023-11-09,2023-11-10,867.28,https://api.spdrgoldshares.com/api/v1/historical-archive?product=gld&exchange=NYSE&lang=en,2026-10-09
gld_holdings,2023-11-10,2023-11-11,868.14,https://api.spdrgoldshares.com/api/v1/historical-archive?product=gld&exchange=NYSE&lang=en,2026-10-09
gld_holdings,2023-11-13,2023-11-14,870.45,https://api.spdrgoldshares.com/api/v1/historical-archive?product=gld&exchange=NYSE&lang=en,2026-10-09
gld_holdings,2023-11-14,2023-11-15,870.45,https://api.spdrgoldshares.com/api/v1/historical-archive?product=gld&exchange=NYSE&lang=en,2026-10-09
gld_holdings,2023-11-15,2023-11-16,870.45,https://api.spdrgoldshares.com/api/v1/historical-archive?product=gld&exchange=NYSE&lang=en,2026-10-09
gld_holdings,2023-11-16,2023-11-17,870.45,https://api.spdrgoldshares.com/api/v1/historical-archive?product=gld&exchange=NYSE&lang=en,2026-10-09
gld_holdings,2023-11-17,2023-11-18,883.43,https://api.spdrgoldshares.com/api/v1/historical-archive?product=gld&exchange=NYSE&lang=en,2026-10-09
gld_holdings,2023-11-20,2023-11-21,883.43,https://api.spdrgoldshares.com/api/v1/historical-archive?product=gld&exchange=NYSE&lang=en,2026-10-09
gld_holdings,2023-11-21,2023-11-22,883.43,https://api.spdrgoldshares.com/api/v1/historical-archive?product=gld&exchange=NYSE&lang=en,2026-10-09
gld_holdings,2023-11-22,2023-11-23,882.28,https://api.spdrgoldshares.com/api/v1/historical-archive?product=gld&exchange=NYSE&lang=en,2026-10-09
gld_holdings,2023-11-24,2023-11-25,882.28,https://api.spdrgoldshares.com/api/v1/historical-archive?product=gld&exchange=NYSE&lang=en,2026-10-09
gld_holdings,2023-11-27,2023-11-28,882.28,https://api.spdrgoldshares.com/api/v1/historical-archive?product=gld&exchange=NYSE&lang=en,2026-10-09
gld_holdings,2023-11-28,2023-11-29,880.55,https://api.spdrgoldshares.com/api/v1/historical-archive?product=gld&exchange=NYSE&lang=en,2026-10-09
gld_holdings,2023-11-29,2023-11-30,878.53,https://api.spdrgoldshares.com/api/v1/historical-archive?product=gld&exchange=NYSE&lang=en,2026-10-09
gld_holdings,2023-11-30,2023-12-01,876.51,https://api.spdrgoldshares.com/api/v1/historical-archive?product=gld&exchange=NYSE&lang=en,2026-10-09
gld_holdings,2023-12-01,2023-12-02,878.82,https://api.spdrgoldshares.com/api/v1/historical-archive?product=gld&exchange=NYSE&lang=en,2026-10-09
gld_holdings,2023-12-04,2023-12-05,881.12,https://api.spdrgoldshares.com/api/v1/historical-archive?product=gld&exchange=NYSE&lang=en,2026-10-09
gld_holdings,2023-12-05,2023-12-06,880.83,https://api.spdrgoldshares.com/api/v1/historical-archive?product=gld&exchange=NYSE&lang=en,2026-10-09
gld_holdings,2023-12-06,2023-12-07,880.83,https://api.spdrgoldshares.com/api/v1/historical-archive?product=gld&exchange=NYSE&lang=en,2026-10-09
gld_holdings,2023-12-07,2023-12-08,880.55,https://api.spdrgoldshares.com/api/v1/historical-archive?product=gld&exchange=NYSE&lang=en,2026-10-09
gld_holdings,2023-12-08,2023-12-09,880.55,https://api.spdrgoldshares.com/api/v1/historical-archive?product=gld&exchange=NYSE&lang=en,2026-10-09
gld_holdings,2023-12-11,2023-12-12,878.54,https://api.spdrgoldshares.com/api/v1/historical-archive?product=gld&exchange=NYSE&lang=en,2026-10-09
gld_holdings,2023-12-12,2023-12-13,875.65,https://api.spdrgoldshares.com/api/v1/historical-archive?product=gld&exchange=NYSE&lang=en,2026-10-09
gld_holdings,2023-12-13,2023-12-14,877.96,https://api.spdrgoldshares.com/api/v1/historical-archive?product=gld&exchange=NYSE&lang=en,2026-10-09
gld_holdings,2023-12-14,2023-12-15,877.67,https://api.spdrgoldshares.com/api/v1/historical-archive?product=gld&exchange=NYSE&lang=en,2026-10-09
gld_holdings,2023-12-15,2023-12-16,879.69,https://api.spdrgoldshares.com/api/v1/historical-archive?product=gld&exchange=NYSE&lang=en,2026-10-09
gld_holdings,2023-12-18,2023-12-19,879.69,https://api.spdrgoldshares.com/api/v1/historical-archive?product=gld&exchange=NYSE&lang=en,2026-10-09
gld_holdings,2023-12-19,2023-12-20,877.67,https://api.spdrgoldshares.com/api/v1/historical-archive?product=gld&exchange=NYSE&lang=en,2026-10-09
gld_holdings,2023-12-20,2023-12-21,878.25,https://api.spdrgoldshares.com/api/v1/historical-archive?product=gld&exchange=NYSE&lang=en,2026-10-09
gld_holdings,2023-12-21,2023-12-22,878.25,https://api.spdrgoldshares.com/api/v1/historical-archive?product=gld&exchange=NYSE&lang=en,2026-10-09
gld_holdings,2023-12-22,2023-12-23,878.25,https://api.spdrgoldshares.com/api/v1/historical-archive?product=gld&exchange=NYSE&lang=en,2026-10-09
gld_holdings,2023-12-26,2023-12-27,878.25,https://api.spdrgoldshares.com/api/v1/historical-archive?product=gld&exchange=NYSE&lang=en,2026-10-09
gld_holdings,2023-12-27,2023-12-28,881.71,https://api.spdrgoldshares.com/api/v1/historical-archive?product=gld&exchange=NYSE&lang=en,2026-10-09
gld_holdings,2023-12-28,2023-12-29,880.55,https://api.spdrgoldshares.com/api/v1/historical-archive?product=gld&exchange=NYSE&lang=en,2026-10-09
gld_holdings,2023-12-29,2023-12-30,879.11,https://api.spdrgoldshares.com/api/v1/historical-archive?product=gld&exchange=NYSE&lang=en,2026-10-09
gld_holdings,2024-01-02,2024-01-03,878.54,https://api.spdrgoldshares.com/api/v1/historical-archive?product=gld&exchange=NYSE&lang=en,2026-10-09
gld_holdings,2024-01-03,2024-01-04,874.21,https://api.spdrgoldshares.com/api/v1/historical-archive?product=gld&exchange=NYSE&lang=en,2026-10-09
gld_holdings,2024-01-04,2024-01-05,874.21,https://api.spdrgoldshares.com/api/v1/historical-archive?product=gld&exchange=NYSE&lang=en,2026-10-09
gld_holdings,2024-01-05,2024-01-06,869.6,https://api.spdrgoldshares.com/api/v1/historical-archive?product=gld&exchange=NYSE&lang=en,2026-10-09
gld_holdings,2024-01-08,2024-01-09,869.6,https://api.spdrgoldshares.com/api/v1/historical-archive?product=gld&exchange=NYSE&lang=en,2026-10-09
gld_holdings,2024-01-09,2024-01-10,869.6,https://api.spdrgoldshares.com/api/v1/historical-archive?product=gld&exchange=NYSE&lang=en,2026-10-09
gld_holdings,2024-01-10,2024-01-11,864.99,https://api.spdrgoldshares.com/api/v1/historical-archive?product=gld&exchange=NYSE&lang=en,2026-10-09
gld_holdings,2024-01-11,2024-01-12,863.84,https://api.spdrgoldshares.com/api/v1/historical-archive?product=gld&exchange=NYSE&lang=en,2026-10-09
gld_holdings,2024-01-12,2024-01-13,863.84,https://api.spdrgoldshares.com/api/v1/historical-archive?product=gld&exchange=NYSE&lang=en,2026-10-09
gld_holdings,2024-01-16,2024-01-17,864.4,https://api.spdrgoldshares.com/api/v1/historical-archive?product=gld&exchange=NYSE&lang=en,2026-10-09
gld_holdings,2024-01-17,2024-01-18,862.1,https://api.spdrgoldshares.com/api/v1/historical-archive?product=gld&exchange=NYSE&lang=en,2026-10-09
gld_holdings,2024-01-18,2024-01-19,862.1,https://api.spdrgoldshares.com/api/v1/historical-archive?product=gld&exchange=NYSE&lang=en,2026-10-09
gld_holdings,2024-01-19,2024-01-20,860.95,https://api.spdrgoldshares.com/api/v1/historical-archive?product=gld&exchange=NYSE&lang=en,2026-10-09
gld_holdings,2024-01-22,2024-01-23,858.93,https://api.spdrgoldshares.com/api/v1/historical-archive?product=gld&exchange=NYSE&lang=en,2026-10-09
gld_holdings,2024-01-23,2024-01-24,858.93,https://api.spdrgoldshares.com/api/v1/historical-archive?product=gld&exchange=NYSE&lang=en,2026-10-09
gld_holdings,2024-01-24,2024-01-25,858.93,https://api.spdrgoldshares.com/api/v1/historical-archive?product=gld&exchange=NYSE&lang=en,2026-10-09
gld_holdings,2024-01-25,2024-01-26,858.93,https://api.spdrgoldshares.com/api/v1/historical-archive?product=gld&exchange=NYSE&lang=en,2026-10-09
gld_holdings,2024-01-26,2024-01-27,856.05,https://api.spdrgoldshares.com/api/v1/historical-archive?product=gld&exchange=NYSE&lang=en,2026-10-09
gld_holdings,2024-01-29,2024-01-30,854.89,https://api.spdrgoldshares.com/api/v1/historical-archive?product=gld&exchange=NYSE&lang=en,2026-10-09
gld_holdings,2024-01-30,2024-01-31,852.88,https://api.spdrgoldshares.com/api/v1/historical-archive?product=gld&exchange=NYSE&lang=en,2026-10-09
gld_holdings,2024-01-31,2024-02-01,851.15,https://api.spdrgoldshares.com/api/v1/historical-archive?product=gld&exchange=NYSE&lang=en,2026-10-09
gld_holdings,2024-02-01,2024-02-02,851.72,https://api.spdrgoldshares.com/api/v1/historical-archive?product=gld&exchange=NYSE&lang=en,2026-10-09
gld_holdings,2024-02-02,2024-02-03,851.72,https://api.spdrgoldshares.com/api/v1/historical-archive?product=gld&exchange=NYSE&lang=en,2026-10-09
gld_holdings,2024-02-05,2024-02-06,851.72,https://api.spdrgoldshares.com/api/v1/historical-archive?product=gld&exchange=NYSE&lang=en,2026-10-09
gld_holdings,2024-02-06,2024-02-07,847.69,https://api.spdrgoldshares.com/api/v1/historical-archive?product=gld&exchange=NYSE&lang=en,2026-10-09
gld_holdings,2024-02-07,2024-02-08,842.22,https://api.spdrgoldshares.com/api/v1/historical-archive?product=gld&exchange=NYSE&lang=en,2026-10-09
gld_holdings,2024-02-08,2024-02-09,843.66,https://api.spdrgoldshares.com/api/v1/historical-archive?product=gld&exchange=NYSE&lang=en,2026-10-09
gld_holdings,2024-02-09,2024-02-10,841.92,https://api.spdrgoldshares.com/api/v1/historical-archive?product=gld&exchange=NYSE&lang=en,2026-10-09
gld_holdings,2024-02-12,2024-02-13,841.92,https://api.spdrgoldshares.com/api/v1/historical-archive?product=gld&exchange=NYSE&lang=en,2026-10-09
gld_holdings,2024-02-13,2024-02-14,840.48,https://api.spdrgoldshares.com/api/v1/historical-archive?product=gld&exchange=NYSE&lang=en,2026-10-09
gld_holdings,2024-02-14,2024-02-15,839.04,https://api.spdrgoldshares.com/api/v1/historical-archive?product=gld&exchange=NYSE&lang=en,2026-10-09
gld_holdings,2024-02-15,2024-02-16,837.31,https://api.spdrgoldshares.com/api/v1/historical-archive?product=gld&exchange=NYSE&lang=en,2026-10-09
gld_holdings,2024-02-16,2024-02-17,837.89,https://api.spdrgoldshares.com/api/v1/historical-archive?product=gld&exchange=NYSE&lang=en,2026-10-09
gld_holdings,2024-02-20,2024-02-21,836.16,https://api.spdrgoldshares.com/api/v1/historical-archive?product=gld&exchange=NYSE&lang=en,2026-10-09
gld_holdings,2024-02-21,2024-02-22,829.82,https://api.spdrgoldshares.com/api/v1/historical-archive?product=gld&exchange=NYSE&lang=en,2026-10-09
gld_holdings,2024-02-22,2024-02-23,827.81,https://api.spdrgoldshares.com/api/v1/historical-archive?product=gld&exchange=NYSE&lang=en,2026-10-09
gld_holdings,2024-02-23,2024-02-24,827.81,https://api.spdrgoldshares.com/api/v1/historical-archive?product=gld&exchange=NYSE&lang=en,2026-10-09
gld_holdings,2024-02-26,2024-02-27,827.81,https://api.spdrgoldshares.com/api/v1/historical-archive?product=gld&exchange=NYSE&lang=en,2026-10-09
gld_holdings,2024-02-27,2024-02-28,826.94,https://api.spdrgoldshares.com/api/v1/historical-archive?product=gld&exchange=NYSE&lang=en,2026-10-09
gld_holdings,2024-02-28,2024-02-29,825.5,https://api.spdrgoldshares.com/api/v1/historical-archive?product=gld&exchange=NYSE&lang=en,2026-10-09
gld_holdings,2024-02-29,2024-03-01,822.91,https://api.spdrgoldshares.com/api/v1/historical-archive?product=gld&exchange=NYSE&lang=en,2026-10-09
gld_holdings,2024-03-01,2024-03-02,823.77,https://api.spdrgoldshares.com/api/v1/historical-archive?product=gld&exchange=NYSE&lang=en,2026-10-09
gld_holdings,2024-03-04,2024-03-05,821.47,https://api.spdrgoldshares.com/api/v1/historical-archive?product=gld&exchange=NYSE&lang=en,2026-10-09
gld_holdings,2024-03-05,2024-03-06,821.47,https://api.spdrgoldshares.com/api/v1/historical-archive?product=gld&exchange=NYSE&lang=en,2026-10-09
gld_holdings,2024-03-06,2024-03-07,817.44,https://api.spdrgoldshares.com/api/v1/historical-archive?product=gld&exchange=NYSE&lang=en,2026-10-09
gld_holdings,2024-03-07,2024-03-08,816.57,https://api.spdrgoldshares.com/api/v1/historical-archive?product=gld&exchange=NYSE&lang=en,2026-10-09
gld_holdings,2024-03-08,2024-03-09,815.13,https://api.spdrgoldshares.com/api/v1/historical-archive?product=gld&exchange=NYSE&lang=en,2026-10-09
gld_holdings,2024-03-11,2024-03-12,815.13,https://api.spdrgoldshares.com/api/v1/historical-archive?product=gld&exchange=NYSE&lang=en,2026-10-09
gld_holdings,2024-03-12,2024-03-13,815.13,https://api.spdrgoldshares.com/api/v1/historical-archive?product=gld&exchange=NYSE&lang=en,2026-10-09
gld_holdings,2024-03-13,2024-03-14,816.86,https://api.spdrgoldshares.com/api/v1/historical-archive?product=gld&exchange=NYSE&lang=en,2026-10-09
gld_holdings,2024-03-14,2024-03-15,816.86,https://api.spdrgoldshares.com/api/v1/historical-archive?product=gld&exchange=NYSE&lang=en,2026-10-09
gld_holdings,2024-03-15,2024-03-16,831.84,https://api.spdrgoldshares.com/api/v1/historical-archive?product=gld&exchange=NYSE&lang=en,2026-10-09
gld_holdings,2024-03-18,2024-03-19,833.32,https://api.spdrgoldshares.com/api/v1/historical-archive?product=gld&exchange=NYSE&lang=en,2026-10-09
gld_holdings,2024-03-19,2024-03-20,837.35,https://api.spdrgoldshares.com/api/v1/historical-archive?product=gld&exchange=NYSE&lang=en,2026-10-09
gld_holdings,2024-03-20,2024-03-21,838.5,https://api.spdrgoldshares.com/api/v1/historical-archive?product=gld&exchange=NYSE&lang=en,2026-10-09
gld_holdings,2024-03-21,2024-03-22,838.5,https://api.spdrgoldshares.com/api/v1/historical-archive?product=gld&exchange=NYSE&lang=en,2026-10-09
gld_holdings,2024-03-22,2024-03-23,835.33,https://api.spdrgoldshares.com/api/v1/historical-archive?product=gld&exchange=NYSE&lang=en,2026-10-09
gld_holdings,2024-03-25,2024-03-26,835.33,https://api.spdrgoldshares.com/api/v1/historical-archive?product=gld&exchange=NYSE&lang=en,2026-10-09
gld_holdings,2024-03-26,2024-03-27,830.15,https://api.spdrgoldshares.com/api/v1/historical-archive?product=gld&exchange=NYSE&lang=en,2026-10-09
gld_holdings,2024-03-27,2024-03-28,830.15,https://api.spdrgoldshares.com/api/v1/historical-archive?product=gld&exchange=NYSE&lang=en,2026-10-09
gld_holdings,2024-03-28,2024-03-29,830.15,https://api.spdrgoldshares.com/api/v1/historical-archive?product=gld&exchange=NYSE&lang=en,2026-10-09
gld_holdings,2024-04-01,2024-04-02,826.98,https://api.spdrgoldshares.com/api/v1/historical-archive?product=gld&exchange=NYSE&lang=en,2026-10-09
gld_holdings,2024-04-02,2024-04-03,829.0,https://api.spdrgoldshares.com/api/v1/historical-archive?product=gld&exchange=NYSE&lang=en,2026-10-09
gld_holdings,2024-04-03,2024-04-04,830.72,https://api.spdrgoldshares.com/api/v1/historical-archive?product=gld&exchange=NYSE&lang=en,2026-10-09
gld_holdings,2024-04-04,2024-04-05,832.45,https://api.spdrgoldshares.com/api/v1/historical-archive?product=gld&exchange=NYSE&lang=en,2026-10-09
gld_holdings,2024-04-05,2024-04-06,826.41,https://api.spdrgoldshares.com/api/v1/historical-archive?product=gld&exchange=NYSE&lang=en,2026-10-09
gld_holdings,2024-04-08,2024-04-09,827.85,https://api.spdrgoldshares.com/api/v1/historical-archive?product=gld&exchange=NYSE&lang=en,2026-10-09
gld_holdings,2024-04-09,2024-04-10,828.71,https://api.spdrgoldshares.com/api/v1/historical-archive?product=gld&exchange=NYSE&lang=en,2026-10-09
gld_holdings,2024-04-10,2024-04-11,828.45,https://api.spdrgoldshares.com/api/v1/historical-archive?product=gld&exchange=NYSE&lang=en,2026-10-09
gld_holdings,2024-04-11,2024-04-12,830.75,https://api.spdrgoldshares.com/api/v1/historical-archive?product=gld&exchange=NYSE&lang=en,2026-10-09
gld_holdings,2024-04-12,2024-04-13,826.72,https://api.spdrgoldshares.com/api/v1/historical-archive?product=gld&exchange=NYSE&lang=en,2026-10-09
gld_holdings,2024-04-15,2024-04-16,828.45,https://api.spdrgoldshares.com/api/v1/historical-archive?product=gld&exchange=NYSE&lang=en,2026-10-09
gld_holdings,2024-04-16,2024-04-17,830.18,https://api.spdrgoldshares.com/api/v1/historical-archive?product=gld&exchange=NYSE&lang=en,2026-10-09
gld_holdings,2024-04-17,2024-04-18,827.59,https://api.spdrgoldshares.com/api/v1/historical-archive?product=gld&exchange=NYSE&lang=en,2026-10-09
gld_holdings,2024-04-18,2024-04-19,827.59,https://api.spdrgoldshares.com/api/v1/historical-archive?product=gld&exchange=NYSE&lang=en,2026-10-09
gld_holdings,2024-04-19,2024-04-20,831.9,https://api.spdrgoldshares.com/api/v1/historical-archive?product=gld&exchange=NYSE&lang=en,2026-10-09
gld_holdings,2024-04-22,2024-04-23,831.9,https://api.spdrgoldshares.com/api/v1/historical-archive?product=gld&exchange=NYSE&lang=en,2026-10-09
gld_holdings,2024-04-23,2024-04-24,833.63,https://api.spdrgoldshares.com/api/v1/historical-archive?product=gld&exchange=NYSE&lang=en,2026-10-09
gld_holdings,2024-04-24,2024-04-25,833.63,https://api.spdrgoldshares.com/api/v1/historical-archive?product=gld&exchange=NYSE&lang=en,2026-10-09
gld_holdings,2024-04-25,2024-04-26,834.78,https://api.spdrgoldshares.com/api/v1/historical-archive?product=gld&exchange=NYSE&lang=en,2026-10-09
gld_holdings,2024-04-26,2024-04-27,832.19,https://api.spdrgoldshares.com/api/v1/historical-archive?product=gld&exchange=NYSE&lang=en,2026-10-09
gld_holdings,2024-04-29,2024-04-30,832.19,https://api.spdrgoldshares.com/api/v1/historical-archive?product=gld&exchange=NYSE&lang=en,2026-10-09
gld_holdings,2024-04-30,2024-05-01,832.19,https://api.spdrgoldshares.com/api/v1/historical-archive?product=gld&exchange=NYSE&lang=en,2026-10-09
gld_holdings,2024-05-01,2024-05-02,831.04,https://api.spdrgoldshares.com/api/v1/historical-archive?product=gld&exchange=NYSE&lang=en,2026-10-09
gld_holdings,2024-05-02,2024-05-03,829.6,https://api.spdrgoldshares.com/api/v1/historical-archive?product=gld&exchange=NYSE&lang=en,2026-10-09
gld_holdings,2024-05-03,2024-05-04,830.47,https://api.spdrgoldshares.com/api/v1/historical-archive?product=gld&exchange=NYSE&lang=en,2026-10-09
gld_holdings,2024-05-06,2024-05-07,832.19,https://api.spdrgoldshares.com/api/v1/historical-archive?product=gld&exchange=NYSE&lang=en,2026-10-09
gld_holdings,2024-05-07,2024-05-08,830.47,https://api.spdrgoldshares.com/api/v1/historical-archive?product=gld&exchange=NYSE&lang=en,2026-10-09
gld_holdings,2024-05-08,2024-05-09,830.47,https://api.spdrgoldshares.com/api/v1/historical-archive?product=gld&exchange=NYSE&lang=en,2026-10-09
gld_holdings,2024-05-09,2024-05-10,830.47,https://api.spdrgoldshares.com/api/v1/historical-archive?product=gld&exchange=NYSE&lang=en,2026-10-09
gld_holdings,2024-05-10,2024-05-11,831.92,https://api.spdrgoldshares.com/api/v1/historical-archive?product=gld&exchange=NYSE&lang=en,2026-10-09
gld_holdings,2024-05-13,2024-05-14,831.92,https://api.spdrgoldshares.com/api/v1/historical-archive?product=gld&exchange=NYSE&lang=en,2026-10-09
gld_holdings,2024-05-14,2024-05-15,831.92,https://api.spdrgoldshares.com/api/v1/historical-archive?product=gld&exchange=NYSE&lang=en,2026-10-09
gld_holdings,2024-05-15,2024-05-16,833.36,https://api.spdrgoldshares.com/api/v1/historical-archive?product=gld&exchange=NYSE&lang=en,2026-10-09
gld_holdings,2024-05-16,2024-05-17,833.36,https://api.spdrgoldshares.com/api/v1/historical-archive?product=gld&exchange=NYSE&lang=en,2026-10-09
gld_holdings,2024-05-17,2024-05-18,838.54,https://api.spdrgoldshares.com/api/v1/historical-archive?product=gld&exchange=NYSE&lang=en,2026-10-09
gld_holdings,2024-05-20,2024-05-21,838.54,https://api.spdrgoldshares.com/api/v1/historical-archive?product=gld&exchange=NYSE&lang=en,2026-10-09
gld_holdings,2024-05-21,2024-05-22,838.54,https://api.spdrgoldshares.com/api/v1/historical-archive?product=gld&exchange=NYSE&lang=en,2026-10-09
gld_holdings,2024-05-22,2024-05-23,838.54,https://api.spdrgoldshares.com/api/v1/historical-archive?product=gld&exchange=NYSE&lang=en,2026-10-09
gld_holdings,2024-05-23,2024-05-24,833.36,https://api.spdrgoldshares.com/api/v1/historical-archive?product=gld&exchange=NYSE&lang=en,2026-10-09
gld_holdings,2024-05-24,2024-05-25,832.21,https://api.spdrgoldshares.com/api/v1/historical-archive?product=gld&exchange=NYSE&lang=en,2026-10-09
gld_holdings,2024-05-28,2024-05-29,832.21,https://api.spdrgoldshares.com/api/v1/historical-archive?product=gld&exchange=NYSE&lang=en,2026-10-09
gld_holdings,2024-05-29,2024-05-30,832.21,https://api.spdrgoldshares.com/api/v1/historical-archive?product=gld&exchange=NYSE&lang=en,2026-10-09
gld_holdings,2024-05-30,2024-05-31,832.21,https://api.spdrgoldshares.com/api/v1/historical-archive?product=gld&exchange=NYSE&lang=en,2026-10-09
gld_holdings,2024-05-31,2024-06-01,832.21,https://api.spdrgoldshares.com/api/v1/historical-archive?product=gld&exchange=NYSE&lang=en,2026-10-09
gld_holdings,2024-06-03,2024-06-04,832.21,https://api.spdrgoldshares.com/api/v1/historical-archive?product=gld&exchange=NYSE&lang=en,2026-10-09
gld_holdings,2024-06-04,2024-06-05,832.21,https://api.spdrgoldshares.com/api/v1/historical-archive?product=gld&exchange=NYSE&lang=en,2026-10-09
gld_holdings,2024-06-05,2024-06-06,833.65,https://api.spdrgoldshares.com/api/v1/historical-archive?product=gld&exchange=NYSE&lang=en,2026-10-09
gld_holdings,2024-06-06,2024-06-07,837.1,https://api.spdrgoldshares.com/api/v1/historical-archive?product=gld&exchange=NYSE&lang=en,2026-10-09
gld_holdings,2024-06-07,2024-06-08,835.67,https://api.spdrgoldshares.com/api/v1/historical-archive?product=gld&exchange=NYSE&lang=en,2026-10-09
gld_holdings,2024-06-10,2024-06-11,835.67,https://api.spdrgoldshares.com/api/v1/historical-archive?product=gld&exchange=NYSE&lang=en,2026-10-09
gld_holdings,2024-06-11,2024-06-12,830.77,https://api.spdrgoldshares.com/api/v1/historical-archive?product=gld&exchange=NYSE&lang=en,2026-10-09
gld_holdings,2024-06-12,2024-06-13,830.77,https://api.spdrgoldshares.com/api/v1/historical-archive?product=gld&exchange=NYSE&lang=en,2026-10-09
gld_holdings,2024-06-13,2024-06-14,829.34,https://api.spdrgoldshares.com/api/v1/historical-archive?product=gld&exchange=NYSE&lang=en,2026-10-09
gld_holdings,2024-06-14,2024-06-15,825.31,https://api.spdrgoldshares.com/api/v1/historical-archive?product=gld&exchange=NYSE&lang=en,2026-10-09
gld_holdings,2024-06-17,2024-06-18,825.31,https://api.spdrgoldshares.com/api/v1/historical-archive?product=gld&exchange=NYSE&lang=en,2026-10-09
gld_holdings,2024-06-18,2024-06-19,825.31,https://api.spdrgoldshares.com/api/v1/historical-archive?product=gld&exchange=NYSE&lang=en,2026-10-09
gld_holdings,2024-06-20,2024-06-21,833.65,https://api.spdrgoldshares.com/api/v1/historical-archive?product=gld&exchange=NYSE&lang=en,2026-10-09
gld_holdings,2024-06-21,2024-06-22,831.93,https://api.spdrgoldshares.com/api/v1/historical-archive?product=gld&exchange=NYSE&lang=en,2026-10-09
gld_holdings,2024-06-24,2024-06-25,829.05,https://api.spdrgoldshares.com/api/v1/historical-archive?product=gld&exchange=NYSE&lang=en,2026-10-09
gld_holdings,2024-06-25,2024-06-26,829.05,https://api.spdrgoldshares.com/api/v1/historical-archive?product=gld&exchange=NYSE&lang=en,2026-10-09
gld_holdings,2024-06-26,2024-06-27,829.05,https://api.spdrgoldshares.com/api/v1/historical-archive?product=gld&exchange=NYSE&lang=en,2026-10-09
gld_holdings,2024-06-27,2024-06-28,829.05,https://api.spdrgoldshares.com/api/v1/historical-archive?product=gld&exchange=NYSE&lang=en,2026-10-09
gld_holdings,2024-06-28,2024-06-29,829.05,https://api.spdrgoldshares.com/api/v1/historical-archive?product=gld&exchange=NYSE&lang=en,2026-10-09
gld_holdings,2024-07-01,2024-07-02,827.61,https://api.spdrgoldshares.com/api/v1/historical-archive?product=gld&exchange=NYSE&lang=en,2026-10-09
gld_holdings,2024-07-02,2024-07-03,833.37,https://api.spdrgoldshares.com/api/v1/historical-archive?product=gld&exchange=NYSE&lang=en,2026-10-09
gld_holdings,2024-07-03,2024-07-04,834.8,https://api.spdrgoldshares.com/api/v1/historical-archive?product=gld&exchange=NYSE&lang=en,2026-10-09
gld_holdings,2024-07-05,2024-07-06,834.8,https://api.spdrgoldshares.com/api/v1/historical-archive?product=gld&exchange=NYSE&lang=en,2026-10-09
gld_holdings,2024-07-08,2024-07-09,834.8,https://api.spdrgoldshares.com/api/v1/historical-archive?product=gld&exchange=NYSE&lang=en,2026-10-09
gld_holdings,2024-07-09,2024-07-10,833.37,https://api.spdrgoldshares.com/api/v1/historical-archive?product=gld&exchange=NYSE&lang=en,2026-10-09
gld_holdings,2024-07-10,2024-07-11,833.37,https://api.spdrgoldshares.com/api/v1/historical-archive?product=gld&exchange=NYSE&lang=en,2026-10-09
gld_holdings,2024-07-11,2024-07-12,835.09,https://api.spdrgoldshares.com/api/v1/historical-archive?product=gld&exchange=NYSE&lang=en,2026-10-09
gld_holdings,2024-07-12,2024-07-13,835.09,https://api.spdrgoldshares.com/api/v1/historical-archive?product=gld&exchange=NYSE&lang=en,2026-10-09
gld_holdings,2024-07-15,2024-07-16,836.53,https://api.spdrgoldshares.com/api/v1/historical-archive?product=gld&exchange=NYSE&lang=en,2026-10-09
gld_holdings,2024-07-16,2024-07-17,842.02,https://api.spdrgoldshares.com/api/v1/historical-archive?product=gld&exchange=NYSE&lang=en,2026-10-09
gld_holdings,2024-07-17,2024-07-18,842.02,https://api.spdrgoldshares.com/api/v1/historical-archive?product=gld&exchange=NYSE&lang=en,2026-10-09
gld_holdings,2024-07-18,2024-07-19,840.01,https://api.spdrgoldshares.com/api/v1/historical-archive?product=gld&exchange=NYSE&lang=en,2026-10-09
gld_holdings,2024-07-19,2024-07-20,840.01,https://api.spdrgoldshares.com/api/v1/historical-archive?product=gld&exchange=NYSE&lang=en,2026-10-09
gld_holdings,2024-07-22,2024-07-23,840.01,https://api.spdrgoldshares.com/api/v1/historical-archive?product=gld&exchange=NYSE&lang=en,2026-10-09
gld_holdings,2024-07-23,2024-07-24,841.74,https://api.spdrgoldshares.com/api/v1/historical-archive?product=gld&exchange=NYSE&lang=en,2026-10-09
gld_holdings,2024-07-24,2024-07-25,841.74,https://api.spdrgoldshares.com/api/v1/historical-archive?product=gld&exchange=NYSE&lang=en,2026-10-09
gld_holdings,2024-07-25,2024-07-26,845.19,https://api.spdrgoldshares.com/api/v1/historical-archive?product=gld&exchange=NYSE&lang=en,2026-10-09
gld_holdings,2024-07-26,2024-07-27,843.17,https://api.spdrgoldshares.com/api/v1/historical-archive?product=gld&exchange=NYSE&lang=en,2026-10-09
gld_holdings,2024-07-29,2024-07-30,843.17,https://api.spdrgoldshares.com/api/v1/historical-archive?product=gld&exchange=NYSE&lang=en,2026-10-09
gld_holdings,2024-07-30,2024-07-31,843.17,https://api.spdrgoldshares.com/api/v1/historical-archive?product=gld&exchange=NYSE&lang=en,2026-10-09
gld_holdings,2024-07-31,2024-08-01,846.05,https://api.spdrgoldshares.com/api/v1/historical-archive?product=gld&exchange=NYSE&lang=en,2026-10-09
gld_holdings,2024-08-01,2024-08-02,845.47,https://api.spdrgoldshares.com/api/v1/historical-archive?product=gld&exchange=NYSE&lang=en,2026-10-09
gld_holdings,2024-08-02,2024-08-03,845.47,https://api.spdrgoldshares.com/api/v1/historical-archive?product=gld&exchange=NYSE&lang=en,2026-10-09
gld_holdings,2024-08-05,2024-08-06,844.9,https://api.spdrgoldshares.com/api/v1/historical-archive?product=gld&exchange=NYSE&lang=en,2026-10-09
gld_holdings,2024-08-06,2024-08-07,848.06,https://api.spdrgoldshares.com/api/v1/historical-archive?product=gld&exchange=NYSE&lang=en,2026-10-09
gld_holdings,2024-08-07,2024-08-08,844.04,https://api.spdrgoldshares.com/api/v1/historical-archive?product=gld&exchange=NYSE&lang=en,2026-10-09
gld_holdings,2024-08-08,2024-08-09,846.91,https://api.spdrgoldshares.com/api/v1/historical-archive?product=gld&exchange=NYSE&lang=en,2026-10-09
gld_holdings,2024-08-09,2024-08-10,846.91,https://api.spdrgoldshares.com/api/v1/historical-archive?product=gld&exchange=NYSE&lang=en,2026-10-09
gld_holdings,2024-08-12,2024-08-13,849.79,https://api.spdrgoldshares.com/api/v1/historical-archive?product=gld&exchange=NYSE&lang=en,2026-10-09
gld_holdings,2024-08-13,2024-08-14,845.76,https://api.spdrgoldshares.com/api/v1/historical-archive?product=gld&exchange=NYSE&lang=en,2026-10-09
gld_holdings,2024-08-14,2024-08-15,845.76,https://api.spdrgoldshares.com/api/v1/historical-archive?product=gld&exchange=NYSE&lang=en,2026-10-09
gld_holdings,2024-08-15,2024-08-16,847.78,https://api.spdrgoldshares.com/api/v1/historical-archive?product=gld&exchange=NYSE&lang=en,2026-10-09
gld_holdings,2024-08-16,2024-08-17,854.97,https://api.spdrgoldshares.com/api/v1/historical-archive?product=gld&exchange=NYSE&lang=en,2026-10-09
gld_holdings,2024-08-19,2024-08-20,859.0,https://api.spdrgoldshares.com/api/v1/historical-archive?product=gld&exchange=NYSE&lang=en,2026-10-09
gld_holdings,2024-08-20,2024-08-21,857.27,https://api.spdrgoldshares.com/api/v1/historical-archive?product=gld&exchange=NYSE&lang=en,2026-10-09
gld_holdings,2024-08-21,2024-08-22,856.7,https://api.spdrgoldshares.com/api/v1/historical-archive?product=gld&exchange=NYSE&lang=en,2026-10-09
gld_holdings,2024-08-22,2024-08-23,857.85,https://api.spdrgoldshares.com/api/v1/historical-archive?product=gld&exchange=NYSE&lang=en,2026-10-09
gld_holdings,2024-08-23,2024-08-24,856.12,https://api.spdrgoldshares.com/api/v1/historical-archive?product=gld&exchange=NYSE&lang=en,2026-10-09
gld_holdings,2024-08-26,2024-08-27,856.12,https://api.spdrgoldshares.com/api/v1/historical-archive?product=gld&exchange=NYSE&lang=en,2026-10-09
gld_holdings,2024-08-27,2024-08-28,856.12,https://api.spdrgoldshares.com/api/v1/historical-archive?product=gld&exchange=NYSE&lang=en,2026-10-09
gld_holdings,2024-08-28,2024-08-29,856.12,https://api.spdrgoldshares.com/api/v1/historical-archive?product=gld&exchange=NYSE&lang=en,2026-10-09
gld_holdings,2024-08-29,2024-08-30,857.27,https://api.spdrgoldshares.com/api/v1/historical-archive?product=gld&exchange=NYSE&lang=en,2026-10-09
gld_holdings,2024-08-30,2024-08-31,862.74,https://api.spdrgoldshares.com/api/v1/historical-archive?product=gld&exchange=NYSE&lang=en,2026-10-09
gld_holdings,2024-09-03,2024-09-04,862.74,https://api.spdrgoldshares.com/api/v1/historical-archive?product=gld&exchange=NYSE&lang=en,2026-10-09
gld_holdings,2024-09-04,2024-09-05,862.74,https://api.spdrgoldshares.com/api/v1/historical-archive?product=gld&exchange=NYSE&lang=en,2026-10-09
gld_holdings,2024-09-05,2024-09-06,862.74,https://api.spdrgoldshares.com/api/v1/historical-archive?product=gld&exchange=NYSE&lang=en,2026-10-09
gld_holdings,2024-09-06,2024-09-07,862.74,https://api.spdrgoldshares.com/api/v1/historical-archive?product=gld&exchange=NYSE&lang=en,2026-10-09
gld_holdings,2024-09-09,2024-09-10,862.74,https://api.spdrgoldshares.com/api/v1/historical-archive?product=gld&exchange=NYSE&lang=en,2026-10-09
gld_holdings,2024-09-10,2024-09-11,864.46,https://api.spdrgoldshares.com/api/v1/historical-archive?product=gld&exchange=NYSE&lang=en,2026-10-09
gld_holdings,2024-09-11,2024-09-12,866.18,https://api.spdrgoldshares.com/api/v1/historical-archive?product=gld&exchange=NYSE&lang=en,2026-10-09
gld_holdings,2024-09-12,2024-09-13,870.78,https://api.spdrgoldshares.com/api/v1/historical-archive?product=gld&exchange=NYSE&lang=en,2026-10-09
gld_holdings,2024-09-13,2024-09-14,870.51,https://api.spdrgoldshares.com/api/v1/historical-archive?product=gld&exchange=NYSE&lang=en,2026-10-09
gld_holdings,2024-09-16,2024-09-17,872.23,https://api.spdrgoldshares.com/api/v1/historical-archive?product=gld&exchange=NYSE&lang=en,2026-10-09
gld_holdings,2024-09-17,2024-09-18,872.23,https://api.spdrgoldshares.com/api/v1/historical-archive?product=gld&exchange=NYSE&lang=en,2026-10-09
gld_holdings,2024-09-18,2024-09-19,872.23,https://api.spdrgoldshares.com/api/v1/historical-archive?product=gld&exchange=NYSE&lang=en,2026-10-09
gld_holdings,2024-09-19,2024-09-20,873.96,https://api.spdrgoldshares.com/api/v1/historical-archive?product=gld&exchange=NYSE&lang=en,2026-10-09
gld_holdings,2024-09-20,2024-09-21,875.39,https://api.spdrgoldshares.com/api/v1/historical-archive?product=gld&exchange=NYSE&lang=en,2026-10-09
gld_holdings,2024-09-23,2024-09-24,875.39,https://api.spdrgoldshares.com/api/v1/historical-archive?product=gld&exchange=NYSE&lang=en,2026-10-09
gld_holdings,2024-09-24,2024-09-25,877.12,https://api.spdrgoldshares.com/api/v1/historical-archive?product=gld&exchange=NYSE&lang=en,2026-10-09
gld_holdings,2024-09-25,2024-09-26,877.12,https://api.spdrgoldshares.com/api/v1/historical-archive?product=gld&exchange=NYSE&lang=en,2026-10-09
gld_holdings,2024-09-26,2024-09-27,877.12,https://api.spdrgoldshares.com/api/v1/historical-archive?product=gld&exchange=NYSE&lang=en,2026-10-09
gld_holdings,2024-09-27,2024-09-28,871.94,https://api.spdrgoldshares.com/api/v1/historical-archive?product=gld&exchange=NYSE&lang=en,2026-10-09
gld_holdings,2024-09-30,2024-10-01,871.94,https://api.spdrgoldshares.com/api/v1/historical-archive?product=gld&exchange=NYSE&lang=en,2026-10-09
gld_holdings,2024-10-01,2024-10-02,874.82,https://api.spdrgoldshares.com/api/v1/historical-archive?product=gld&exchange=NYSE&lang=en,2026-10-09
gld_holdings,2024-10-02,2024-10-03,874.82,https://api.spdrgoldshares.com/api/v1/historical-archive?product=gld&exchange=NYSE&lang=en,2026-10-09
gld_holdings,2024-10-03,2024-10-04,877.4,https://api.spdrgoldshares.com/api/v1/historical-archive?product=gld&exchange=NYSE&lang=en,2026-10-09
gld_holdings,2024-10-04,2024-10-05,876.26,https://api.spdrgoldshares.com/api/v1/historical-archive?product=gld&exchange=NYSE&lang=en,2026-10-09
gld_holdings,2024-10-07,2024-10-08,876.26,https://api.spdrgoldshares.com/api/v1/historical-archive?product=gld&exchange=NYSE&lang=en,2026-10-09
gld_holdings,2024-10-08,2024-10-09,876.26,https://api.spdrgoldshares.com/api/v1/historical-archive?product=gld&exchange=NYSE&lang=en,2026-10-09
gld_holdings,2024-10-09,2024-10-10,876.26,https://api.spdrgoldshares.com/api/v1/historical-archive?product=gld&exchange=NYSE&lang=en,2026-10-09
gld_holdings,2024-10-10,2024-10-11,876.26,https://api.spdrgoldshares.com/api/v1/historical-archive?product=gld&exchange=NYSE&lang=en,2026-10-09
gld_holdings,2024-10-11,2024-10-12,877.98,https://api.spdrgoldshares.com/api/v1/historical-archive?product=gld&exchange=NYSE&lang=en,2026-10-09
gld_holdings,2024-10-14,2024-10-15,880.57,https://api.spdrgoldshares.com/api/v1/historical-archive?product=gld&exchange=NYSE&lang=en,2026-10-09
gld_holdings,2024-10-15,2024-10-16,884.59,https://api.spdrgoldshares.com/api/v1/historical-archive?product=gld&exchange=NYSE&lang=en,2026-10-09
gld_holdings,2024-10-16,2024-10-17,884.59,https://api.spdrgoldshares.com/api/v1/historical-archive?product=gld&exchange=NYSE&lang=en,2026-10-09
gld_holdings,2024-10-17,2024-10-18,884.59,https://api.spdrgoldshares.com/api/v1/historical-archive?product=gld&exchange=NYSE&lang=en,2026-10-09
gld_holdings,2024-10-18,2024-10-19,888.63,https://api.spdrgoldshares.com/api/v1/historical-archive?product=gld&exchange=NYSE&lang=en,2026-10-09
gld_holdings,2024-10-21,2024-10-22,891.79,https://api.spdrgoldshares.com/api/v1/historical-archive?product=gld&exchange=NYSE&lang=en,2026-10-09
gld_holdings,2024-10-22,2024-10-23,895.24,https://api.spdrgoldshares.com/api/v1/historical-archive?product=gld&exchange=NYSE&lang=en,2026-10-09
gld_holdings,2024-10-23,2024-10-24,893.8,https://api.spdrgoldshares.com/api/v1/historical-archive?product=gld&exchange=NYSE&lang=en,2026-10-09
gld_holdings,2024-10-24,2024-10-25,893.8,https://api.spdrgoldshares.com/api/v1/historical-archive?product=gld&exchange=NYSE&lang=en,2026-10-09
gld_holdings,2024-10-25,2024-10-26,889.78,https://api.spdrgoldshares.com/api/v1/historical-archive?product=gld&exchange=NYSE&lang=en,2026-10-09
gld_holdings,2024-10-28,2024-10-29,891.5,https://api.spdrgoldshares.com/api/v1/historical-archive?product=gld&exchange=NYSE&lang=en,2026-10-09
gld_holdings,2024-10-29,2024-10-30,889.78,https://api.spdrgoldshares.com/api/v1/historical-archive?product=gld&exchange=NYSE&lang=en,2026-10-09
gld_holdings,2024-10-30,2024-10-31,892.65,https://api.spdrgoldshares.com/api/v1/historical-archive?product=gld&exchange=NYSE&lang=en,2026-10-09
gld_holdings,2024-10-31,2024-11-01,891.79,https://api.spdrgoldshares.com/api/v1/historical-archive?product=gld&exchange=NYSE&lang=en,2026-10-09
gld_holdings,2024-11-01,2024-11-02,888.63,https://api.spdrgoldshares.com/api/v1/historical-archive?product=gld&exchange=NYSE&lang=en,2026-10-09
gld_holdings,2024-11-04,2024-11-05,888.63,https://api.spdrgoldshares.com/api/v1/historical-archive?product=gld&exchange=NYSE&lang=en,2026-10-09
gld_holdings,2024-11-05,2024-11-06,886.91,https://api.spdrgoldshares.com/api/v1/historical-archive?product=gld&exchange=NYSE&lang=en,2026-10-09
gld_holdings,2024-11-06,2024-11-07,883.46,https://api.spdrgoldshares.com/api/v1/historical-archive?product=gld&exchange=NYSE&lang=en,2026-10-09
gld_holdings,2024-11-07,2024-11-08,880.58,https://api.spdrgoldshares.com/api/v1/historical-archive?product=gld&exchange=NYSE&lang=en,2026-10-09
gld_holdings,2024-11-08,2024-11-09,876.85,https://api.spdrgoldshares.com/api/v1/historical-archive?product=gld&exchange=NYSE&lang=en,2026-10-09
gld_holdings,2024-11-11,2024-11-12,871.97,https://api.spdrgoldshares.com/api/v1/historical-archive?product=gld&exchange=NYSE&lang=en,2026-10-09
gld_holdings,2024-11-12,2024-11-13,870.53,https://api.spdrgoldshares.com/api/v1/historical-archive?product=gld&exchange=NYSE&lang=en,2026-10-09
gld_holdings,2024-11-13,2024-11-14,868.52,https://api.spdrgoldshares.com/api/v1/historical-archive?product=gld&exchange=NYSE&lang=en,2026-10-09
gld_holdings,2024-11-14,2024-11-15,867.37,https://api.spdrgoldshares.com/api/v1/historical-archive?product=gld&exchange=NYSE&lang=en,2026-10-09
gld_holdings,2024-11-15,2024-11-16,869.93,https://api.spdrgoldshares.com/api/v1/historical-archive?product=gld&exchange=NYSE&lang=en,2026-10-09
gld_holdings,2024-11-18,2024-11-19,871.65,https://api.spdrgoldshares.com/api/v1/historical-archive?product=gld&exchange=NYSE&lang=en,2026-10-09
gld_holdings,2024-11-19,2024-11-20,872.23,https://api.spdrgoldshares.com/api/v1/historical-archive?product=gld&exchange=NYSE&lang=en,2026-10-09
gld_holdings,2024-11-20,2024-11-21,875.39,https://api.spdrgoldshares.com/api/v1/historical-archive?product=gld&exchange=NYSE&lang=en,2026-10-09
gld_holdings,2024-11-21,2024-11-22,877.97,https://api.spdrgoldshares.com/api/v1/historical-archive?product=gld&exchange=NYSE&lang=en,2026-10-09
gld_holdings,2024-11-22,2024-11-23,877.97,https://api.spdrgoldshares.com/api/v1/historical-archive?product=gld&exchange=NYSE&lang=en,2026-10-09
gld_holdings,2024-11-25,2024-11-26,879.41,https://api.spdrgoldshares.com/api/v1/historical-archive?product=gld&exchange=NYSE&lang=en,2026-10-09
gld_holdings,2024-11-26,2024-11-27,879.41,https://api.spdrgoldshares.com/api/v1/historical-archive?product=gld&exchange=NYSE&lang=en,2026-10-09
gld_holdings,2024-11-27,2024-11-28,878.55,https://api.spdrgoldshares.com/api/v1/historical-archive?product=gld&exchange=NYSE&lang=en,2026-10-09
gld_holdings,2024-11-29,2024-11-30,878.55,https://api.spdrgoldshares.com/api/v1/historical-archive?product=gld&exchange=NYSE&lang=en,2026-10-09
gld_holdings,2024-12-02,2024-12-03,875.96,https://api.spdrgoldshares.com/api/v1/historical-archive?product=gld&exchange=NYSE&lang=en,2026-10-09
gld_holdings,2024-12-03,2024-12-04,873.66,https://api.spdrgoldshares.com/api/v1/historical-archive?product=gld&exchange=NYSE&lang=en,2026-10-09
gld_holdings,2024-12-04,2024-12-05,873.66,https://api.spdrgoldshares.com/api/v1/historical-archive?product=gld&exchange=NYSE&lang=en,2026-10-09
gld_holdings,2024-12-05,2024-12-06,871.94,https://api.spdrgoldshares.com/api/v1/historical-archive?product=gld&exchange=NYSE&lang=en,2026-10-09
gld_holdings,2024-12-06,2024-12-07,871.94,https://api.spdrgoldshares.com/api/v1/historical-archive?product=gld&exchange=NYSE&lang=en,2026-10-09
gld_holdings,2024-12-09,2024-12-10,870.79,https://api.spdrgoldshares.com/api/v1/historical-archive?product=gld&exchange=NYSE&lang=en,2026-10-09
gld_holdings,2024-12-10,2024-12-11,870.79,https://api.spdrgoldshares.com/api/v1/historical-archive?product=gld&exchange=NYSE&lang=en,2026-10-09
gld_holdings,2024-12-11,2024-12-12,873.38,https://api.spdrgoldshares.com/api/v1/historical-archive?product=gld&exchange=NYSE&lang=en,2026-10-09
gld_holdings,2024-12-12,2024-12-13,868.5,https://api.spdrgoldshares.com/api/v1/historical-archive?product=gld&exchange=NYSE&lang=en,2026-10-09
gld_holdings,2024-12-13,2024-12-14,863.9,https://api.spdrgoldshares.com/api/v1/historical-archive?product=gld&exchange=NYSE&lang=en,2026-10-09
gld_holdings,2024-12-16,2024-12-17,864.19,https://api.spdrgoldshares.com/api/v1/historical-archive?product=gld&exchange=NYSE&lang=en,2026-10-09
gld_holdings,2024-12-17,2024-12-18,864.19,https://api.spdrgoldshares.com/api/v1/historical-archive?product=gld&exchange=NYSE&lang=en,2026-10-09
gld_holdings,2024-12-18,2024-12-19,863.9,https://api.spdrgoldshares.com/api/v1/historical-archive?product=gld&exchange=NYSE&lang=en,2026-10-09
gld_holdings,2024-12-19,2024-12-20,860.74,https://api.spdrgoldshares.com/api/v1/historical-archive?product=gld&exchange=NYSE&lang=en,2026-10-09
gld_holdings,2024-12-20,2024-12-21,877.4,https://api.spdrgoldshares.com/api/v1/historical-archive?product=gld&exchange=NYSE&lang=en,2026-10-09
gld_holdings,2024-12-23,2024-12-24,873.95,https://api.spdrgoldshares.com/api/v1/historical-archive?product=gld&exchange=NYSE&lang=en,2026-10-09
gld_holdings,2024-12-24,2024-12-25,873.95,https://api.spdrgoldshares.com/api/v1/historical-archive?product=gld&exchange=NYSE&lang=en,2026-10-09
gld_holdings,2024-12-26,2024-12-27,872.8,https://api.spdrgoldshares.com/api/v1/historical-archive?product=gld&exchange=NYSE&lang=en,2026-10-09
gld_holdings,2024-12-27,2024-12-28,872.52,https://api.spdrgoldshares.com/api/v1/historical-archive?product=gld&exchange=NYSE&lang=en,2026-10-09
gld_holdings,2024-12-30,2024-12-31,872.52,https://api.spdrgoldshares.com/api/v1/historical-archive?product=gld&exchange=NYSE&lang=en,2026-10-09
gld_holdings,2024-12-31,2025-01-01,872.52,https://api.spdrgoldshares.com/api/v1/historical-archive?product=gld&exchange=NYSE&lang=en,2026-10-09
gld_holdings,2025-01-02,2025-01-03,872.52,https://api.spdrgoldshares.com/api/v1/historical-archive?product=gld&exchange=NYSE&lang=en,2026-10-09
gld_holdings,2025-01-03,2025-01-04,871.08,https://api.spdrgoldshares.com/api/v1/historical-archive?product=gld&exchange=NYSE&lang=en,2026-10-09
gld_holdings,2025-01-06,2025-01-07,871.08,https://api.spdrgoldshares.com/api/v1/historical-archive?product=gld&exchange=NYSE&lang=en,2026-10-09
gld_holdings,2025-01-07,2025-01-08,871.08,https://api.spdrgoldshares.com/api/v1/historical-archive?product=gld&exchange=NYSE&lang=en,2026-10-09
gld_holdings,2025-01-08,2025-01-09,871.08,https://api.spdrgoldshares.com/api/v1/historical-archive?product=gld&exchange=NYSE&lang=en,2026-10-09
gld_holdings,2025-01-10,2025-01-11,876.82,https://api.spdrgoldshares.com/api/v1/historical-archive?product=gld&exchange=NYSE&lang=en,2026-10-09
gld_holdings,2025-01-13,2025-01-14,874.52,https://api.spdrgoldshares.com/api/v1/historical-archive?product=gld&exchange=NYSE&lang=en,2026-10-09
gld_holdings,2025-01-14,2025-01-15,872.52,https://api.spdrgoldshares.com/api/v1/historical-archive?product=gld&exchange=NYSE&lang=en,2026-10-09
gld_holdings,2025-01-15,2025-01-16,872.52,https://api.spdrgoldshares.com/api/v1/historical-archive?product=gld&exchange=NYSE&lang=en,2026-10-09
gld_holdings,2025-01-16,2025-01-17,868.78,https://api.spdrgoldshares.com/api/v1/historical-archive?product=gld&exchange=NYSE&lang=en,2026-10-09
gld_holdings,2025-01-17,2025-01-18,879.12,https://api.spdrgoldshares.com/api/v1/historical-archive?product=gld&exchange=NYSE&lang=en,2026-10-09
gld_holdings,2025-01-21,2025-01-22,871.66,https://api.spdrgoldshares.com/api/v1/historical-archive?product=gld&exchange=NYSE&lang=en,2026-10-09
gld_holdings,2025-01-22,2025-01-23,869.36,https://api.spdrgoldshares.com/api/v1/historical-archive?product=gld&exchange=NYSE&lang=en,2026-10-09
gld_holdings,2025-01-23,2025-01-24,864.19,https://api.spdrgoldshares.com/api/v1/historical-archive?product=gld&exchange=NYSE&lang=en,2026-10-09
gld_holdings,2025-01-24,2025-01-25,860.17,https://api.spdrgoldshares.com/api/v1/historical-archive?product=gld&exchange=NYSE&lang=en,2026-10-09
gld_holdings,2025-01-27,2025-01-28,857.02,https://api.spdrgoldshares.com/api/v1/historical-archive?product=gld&exchange=NYSE&lang=en,2026-10-09
gld_holdings,2025-01-28,2025-01-29,861.04,https://api.spdrgoldshares.com/api/v1/historical-archive?product=gld&exchange=NYSE&lang=en,2026-10-09
gld_holdings,2025-01-29,2025-01-30,865.34,https://api.spdrgoldshares.com/api/v1/historical-archive?product=gld&exchange=NYSE&lang=en,2026-10-09
gld_holdings,2025-01-30,2025-01-31,864.19,https://api.spdrgoldshares.com/api/v1/historical-archive?product=gld&exchange=NYSE&lang=en,2026-10-09
gld_holdings,2025-01-31,2025-02-01,864.77,https://api.spdrgoldshares.com/api/v1/historical-archive?product=gld&exchange=NYSE&lang=en,2026-10-09
gld_holdings,2025-02-03,2025-02-04,865.63,https://api.spdrgoldshares.com/api/v1/historical-archive?product=gld&exchange=NYSE&lang=en,2026-10-09
gld_holdings,2025-02-04,2025-02-05,863.05,https://api.spdrgoldshares.com/api/v1/historical-archive?product=gld&exchange=NYSE&lang=en,2026-10-09
gld_holdings,2025-02-05,2025-02-06,864.19,https://api.spdrgoldshares.com/api/v1/historical-archive?product=gld&exchange=NYSE&lang=en,2026-10-09
gld_holdings,2025-02-06,2025-02-07,864.19,https://api.spdrgoldshares.com/api/v1/historical-archive?product=gld&exchange=NYSE&lang=en,2026-10-09
gld_holdings,2025-02-07,2025-02-08,868.5,https://api.spdrgoldshares.com/api/v1/historical-archive?product=gld&exchange=NYSE&lang=en,2026-10-09
gld_holdings,2025-02-10,2025-02-11,871.08,https://api.spdrgoldshares.com/api/v1/historical-archive?product=gld&exchange=NYSE&lang=en,2026-10-09
gld_holdings,2025-02-11,2025-02-12,871.94,https://api.spdrgoldshares.com/api/v1/historical-archive?product=gld&exchange=NYSE&lang=en,2026-10-09
gld_holdings,2025-02-12,2025-02-13,866.5,https://api.spdrgoldshares.com/api/v1/historical-archive?product=gld&exchange=NYSE&lang=en,2026-10-09
gld_holdings,2025-02-13,2025-02-14,864.2,https://api.spdrgoldshares.com/api/v1/historical-archive?product=gld&exchange=NYSE&lang=en,2026-10-09
gld_holdings,2025-02-14,2025-02-15,863.06,https://api.spdrgoldshares.com/api/v1/historical-archive?product=gld&exchange=NYSE&lang=en,2026-10-09
gld_holdings,2025-02-18,2025-02-19,869.94,https://api.spdrgoldshares.com/api/v1/historical-archive?product=gld&exchange=NYSE&lang=en,2026-10-09
gld_holdings,2025-02-19,2025-02-20,877.98,https://api.spdrgoldshares.com/api/v1/historical-archive?product=gld&exchange=NYSE&lang=en,2026-10-09
gld_holdings,2025-02-20,2025-02-21,883.72,https://api.spdrgoldshares.com/api/v1/historical-archive?product=gld&exchange=NYSE&lang=en,2026-10-09
gld_holdings,2025-02-21,2025-02-22,904.38,https://api.spdrgoldshares.com/api/v1/historical-archive?product=gld&exchange=NYSE&lang=en,2026-10-09
gld_holdings,2025-02-24,2025-02-25,907.53,https://api.spdrgoldshares.com/api/v1/historical-archive?product=gld&exchange=NYSE&lang=en,2026-10-09
gld_holdings,2025-02-25,2025-02-26,907.82,https://api.spdrgoldshares.com/api/v1/historical-archive?product=gld&exchange=NYSE&lang=en,2026-10-09
gld_holdings,2025-02-26,2025-02-27,906.96,https://api.spdrgoldshares.com/api/v1/historical-archive?product=gld&exchange=NYSE&lang=en,2026-10-09
gld_holdings,2025-02-27,2025-02-28,906.1,https://api.spdrgoldshares.com/api/v1/historical-archive?product=gld&exchange=NYSE&lang=en,2026-10-09
gld_holdings,2025-02-28,2025-03-01,904.38,https://api.spdrgoldshares.com/api/v1/historical-archive?product=gld&exchange=NYSE&lang=en,2026-10-09
gld_holdings,2025-03-03,2025-03-04,900.93,https://api.spdrgoldshares.com/api/v1/historical-archive?product=gld&exchange=NYSE&lang=en,2026-10-09
gld_holdings,2025-03-04,2025-03-05,901.8,https://api.spdrgoldshares.com/api/v1/historical-archive?product=gld&exchange=NYSE&lang=en,2026-10-09
gld_holdings,2025-03-05,2025-03-06,900.36,https://api.spdrgoldshares.com/api/v1/historical-archive?product=gld&exchange=NYSE&lang=en,2026-10-09
gld_holdings,2025-03-06,2025-03-07,898.64,https://api.spdrgoldshares.com/api/v1/historical-archive?product=gld&exchange=NYSE&lang=en,2026-10-09
gld_holdings,2025-03-07,2025-03-08,894.34,https://api.spdrgoldshares.com/api/v1/historical-archive?product=gld&exchange=NYSE&lang=en,2026-10-09
gld_holdings,2025-03-10,2025-03-11,891.75,https://api.spdrgoldshares.com/api/v1/historical-archive?product=gld&exchange=NYSE&lang=en,2026-10-09
gld_holdings,2025-03-11,2025-03-12,895.2,https://api.spdrgoldshares.com/api/v1/historical-archive?product=gld&exchange=NYSE&lang=en,2026-10-09
gld_holdings,2025-03-12,2025-03-13,898.64,https://api.spdrgoldshares.com/api/v1/historical-archive?product=gld&exchange=NYSE&lang=en,2026-10-09
gld_holdings,2025-03-13,2025-03-14,905.81,https://api.spdrgoldshares.com/api/v1/historical-archive?product=gld&exchange=NYSE&lang=en,2026-10-09
gld_holdings,2025-03-14,2025-03-15,906.41,https://api.spdrgoldshares.com/api/v1/historical-archive?product=gld&exchange=NYSE&lang=en,2026-10-09
gld_holdings,2025-03-17,2025-03-18,907.27,https://api.spdrgoldshares.com/api/v1/historical-archive?product=gld&exchange=NYSE&lang=en,2026-10-09
gld_holdings,2025-03-18,2025-03-19,907.27,https://api.spdrgoldshares.com/api/v1/historical-archive?product=gld&exchange=NYSE&lang=en,2026-10-09
gld_holdings,2025-03-19,2025-03-20,909.28,https://api.spdrgoldshares.com/api/v1/historical-archive?product=gld&exchange=NYSE&lang=en,2026-10-09
gld_holdings,2025-03-20,2025-03-21,910.43,https://api.spdrgoldshares.com/api/v1/historical-archive?product=gld&exchange=NYSE&lang=en,2026-10-09
gld_holdings,2025-03-21,2025-03-22,930.51,https://api.spdrgoldshares.com/api/v1/historical-archive?product=gld&exchange=NYSE&lang=en,2026-10-09
gld_holdings,2025-03-24,2025-03-25,929.07,https://api.spdrgoldshares.com/api/v1/historical-archive?product=gld&exchange=NYSE&lang=en,2026-10-09
gld_holdings,2025-03-25,2025-03-26,929.36,https://api.spdrgoldshares.com/api/v1/historical-archive?product=gld&exchange=NYSE&lang=en,2026-10-09
gld_holdings,2025-03-26,2025-03-27,929.36,https://api.spdrgoldshares.com/api/v1/historical-archive?product=gld&exchange=NYSE&lang=en,2026-10-09
gld_holdings,2025-03-27,2025-03-28,929.65,https://api.spdrgoldshares.com/api/v1/historical-archive?product=gld&exchange=NYSE&lang=en,2026-10-09
gld_holdings,2025-03-28,2025-03-29,931.94,https://api.spdrgoldshares.com/api/v1/historical-archive?product=gld&exchange=NYSE&lang=en,2026-10-09
gld_holdings,2025-03-31,2025-04-01,933.38,https://api.spdrgoldshares.com/api/v1/historical-archive?product=gld&exchange=NYSE&lang=en,2026-10-09
gld_holdings,2025-04-01,2025-04-02,931.37,https://api.spdrgoldshares.com/api/v1/historical-archive?product=gld&exchange=NYSE&lang=en,2026-10-09
gld_holdings,2025-04-02,2025-04-03,931.94,https://api.spdrgoldshares.com/api/v1/historical-archive?product=gld&exchange=NYSE&lang=en,2026-10-09
gld_holdings,2025-04-03,2025-04-04,936.24,https://api.spdrgoldshares.com/api/v1/historical-archive?product=gld&exchange=NYSE&lang=en,2026-10-09
gld_holdings,2025-04-04,2025-04-05,932.8,https://api.spdrgoldshares.com/api/v1/historical-archive?product=gld&exchange=NYSE&lang=en,2026-10-09
gld_holdings,2025-04-07,2025-04-08,926.78,https://api.spdrgoldshares.com/api/v1/historical-archive?product=gld&exchange=NYSE&lang=en,2026-10-09
gld_holdings,2025-04-08,2025-04-09,925.92,https://api.spdrgoldshares.com/api/v1/historical-archive?product=gld&exchange=NYSE&lang=en,2026-10-09
gld_holdings,2025-04-09,2025-04-10,937.09,https://api.spdrgoldshares.com/api/v1/historical-archive?product=gld&exchange=NYSE&lang=en,2026-10-09
gld_holdings,2025-04-10,2025-04-11,949.71,https://api.spdrgoldshares.com/api/v1/historical-archive?product=gld&exchange=NYSE&lang=en,2026-10-09
gld_holdings,2025-04-11,2025-04-12,953.15,https://api.spdrgoldshares.com/api/v1/historical-archive?product=gld&exchange=NYSE&lang=en,2026-10-09
gld_holdings,2025-04-14,2025-04-15,953.15,https://api.spdrgoldshares.com/api/v1/historical-archive?product=gld&exchange=NYSE&lang=en,2026-10-09
gld_holdings,2025-04-15,2025-04-16,953.15,https://api.spdrgoldshares.com/api/v1/historical-archive?product=gld&exchange=NYSE&lang=en,2026-10-09
gld_holdings,2025-04-16,2025-04-17,957.17,https://api.spdrgoldshares.com/api/v1/historical-archive?product=gld&exchange=NYSE&lang=en,2026-10-09
gld_holdings,2025-04-17,2025-04-18,952.29,https://api.spdrgoldshares.com/api/v1/historical-archive?product=gld&exchange=NYSE&lang=en,2026-10-09
gld_holdings,2025-04-21,2025-04-22,959.17,https://api.spdrgoldshares.com/api/v1/historical-archive?product=gld&exchange=NYSE&lang=en,2026-10-09
gld_holdings,2025-04-22,2025-04-23,947.7,https://api.spdrgoldshares.com/api/v1/historical-archive?product=gld&exchange=NYSE&lang=en,2026-10-09
gld_holdings,2025-04-23,2025-04-24,949.14,https://api.spdrgoldshares.com/api/v1/historical-archive?product=gld&exchange=NYSE&lang=en,2026-10-09
gld_holdings,2025-04-24,2025-04-25,948.56,https://api.spdrgoldshares.com/api/v1/historical-archive?product=gld&exchange=NYSE&lang=en,2026-10-09
gld_holdings,2025-04-25,2025-04-26,946.27,https://api.spdrgoldshares.com/api/v1/historical-archive?product=gld&exchange=NYSE&lang=en,2026-10-09
gld_holdings,2025-04-28,2025-04-29,946.27,https://api.spdrgoldshares.com/api/v1/historical-archive?product=gld&exchange=NYSE&lang=en,2026-10-09
gld_holdings,2025-04-29,2025-04-30,947.13,https://api.spdrgoldshares.com/api/v1/historical-archive?product=gld&exchange=NYSE&lang=en,2026-10-09
gld_holdings,2025-04-30,2025-05-01,944.26,https://api.spdrgoldshares.com/api/v1/historical-archive?product=gld&exchange=NYSE&lang=en,2026-10-09
gld_holdings,2025-05-01,2025-05-02,945.41,https://api.spdrgoldshares.com/api/v1/historical-archive?product=gld&exchange=NYSE&lang=en,2026-10-09
gld_holdings,2025-05-02,2025-05-03,944.26,https://api.spdrgoldshares.com/api/v1/historical-archive?product=gld&exchange=NYSE&lang=en,2026-10-09
gld_holdings,2025-05-05,2025-05-06,939.39,https://api.spdrgoldshares.com/api/v1/historical-archive?product=gld&exchange=NYSE&lang=en,2026-10-09
gld_holdings,2025-05-06,2025-05-07,937.95,https://api.spdrgoldshares.com/api/v1/historical-archive?product=gld&exchange=NYSE&lang=en,2026-10-09
gld_holdings,2025-05-07,2025-05-08,937.67,https://api.spdrgoldshares.com/api/v1/historical-archive?product=gld&exchange=NYSE&lang=en,2026-10-09
gld_holdings,2025-05-08,2025-05-09,939.67,https://api.spdrgoldshares.com/api/v1/historical-archive?product=gld&exchange=NYSE&lang=en,2026-10-09
gld_holdings,2025-05-09,2025-05-10,937.94,https://api.spdrgoldshares.com/api/v1/historical-archive?product=gld&exchange=NYSE&lang=en,2026-10-09
gld_holdings,2025-05-12,2025-05-13,939.09,https://api.spdrgoldshares.com/api/v1/historical-archive?product=gld&exchange=NYSE&lang=en,2026-10-09
gld_holdings,2025-05-13,2025-05-14,936.51,https://api.spdrgoldshares.com/api/v1/historical-archive?product=gld&exchange=NYSE&lang=en,2026-10-09
gld_holdings,2025-05-14,2025-05-15,931.92,https://api.spdrgoldshares.com/api/v1/historical-archive?product=gld&exchange=NYSE&lang=en,2026-10-09
gld_holdings,2025-05-15,2025-05-16,927.62,https://api.spdrgoldshares.com/api/v1/historical-archive?product=gld&exchange=NYSE&lang=en,2026-10-09
gld_holdings,2025-05-16,2025-05-17,918.73,https://api.spdrgoldshares.com/api/v1/historical-archive?product=gld&exchange=NYSE&lang=en,2026-10-09
gld_holdings,2025-05-19,2025-05-20,921.03,https://api.spdrgoldshares.com/api/v1/historical-archive?product=gld&exchange=NYSE&lang=en,2026-10-09
gld_holdings,2025-05-20,2025-05-21,921.6,https://api.spdrgoldshares.com/api/v1/historical-archive?product=gld&exchange=NYSE&lang=en,2026-10-09
gld_holdings,2025-05-21,2025-05-22,919.88,https://api.spdrgoldshares.com/api/v1/historical-archive?product=gld&exchange=NYSE&lang=en,2026-10-09
gld_holdings,2025-05-22,2025-05-23,923.89,https://api.spdrgoldshares.com/api/v1/historical-archive?product=gld&exchange=NYSE&lang=en,2026-10-09
gld_holdings,2025-05-23,2025-05-24,922.46,https://api.spdrgoldshares.com/api/v1/historical-archive?product=gld&exchange=NYSE&lang=en,2026-10-09
gld_holdings,2025-05-27,2025-05-28,922.46,https://api.spdrgoldshares.com/api/v1/historical-archive?product=gld&exchange=NYSE&lang=en,2026-10-09
gld_holdings,2025-05-28,2025-05-29,925.61,https://api.spdrgoldshares.com/api/v1/historical-archive?product=gld&exchange=NYSE&lang=en,2026-10-09
gld_holdings,2025-05-29,2025-05-30,930.2,https://api.spdrgoldshares.com/api/v1/historical-archive?product=gld&exchange=NYSE&lang=en,2026-10-09
gld_holdings,2025-05-30,2025-05-31,930.2,https://api.spdrgoldshares.com/api/v1/historical-archive?product=gld&exchange=NYSE&lang=en,2026-10-09
gld_holdings,2025-06-02,2025-06-03,933.07,https://api.spdrgoldshares.com/api/v1/historical-archive?product=gld&exchange=NYSE&lang=en,2026-10-09
gld_holdings,2025-06-03,2025-06-04,935.64,https://api.spdrgoldshares.com/api/v1/historical-archive?product=gld&exchange=NYSE&lang=en,2026-10-09
gld_holdings,2025-06-04,2025-06-05,935.64,https://api.spdrgoldshares.com/api/v1/historical-archive?product=gld&exchange=NYSE&lang=en,2026-10-09
gld_holdings,2025-06-05,2025-06-06,935.64,https://api.spdrgoldshares.com/api/v1/historical-archive?product=gld&exchange=NYSE&lang=en,2026-10-09
gld_holdings,2025-06-06,2025-06-07,934.21,https://api.spdrgoldshares.com/api/v1/historical-archive?product=gld&exchange=NYSE&lang=en,2026-10-09
gld_holdings,2025-06-09,2025-06-10,936.22,https://api.spdrgoldshares.com/api/v1/historical-archive?product=gld&exchange=NYSE&lang=en,2026-10-09
gld_holdings,2025-06-10,2025-06-11,935.91,https://api.spdrgoldshares.com/api/v1/historical-archive?product=gld&exchange=NYSE&lang=en,2026-10-09
gld_holdings,2025-06-11,2025-06-12,934.19,https://api.spdrgoldshares.com/api/v1/historical-archive?product=gld&exchange=NYSE&lang=en,2026-10-09
gld_holdings,2025-06-12,2025-06-13,937.91,https://api.spdrgoldshares.com/api/v1/historical-archive?product=gld&exchange=NYSE&lang=en,2026-10-09
gld_holdings,2025-06-13,2025-06-14,940.49,https://api.spdrgoldshares.com/api/v1/historical-archive?product=gld&exchange=NYSE&lang=en,2026-10-09
gld_holdings,2025-06-16,2025-06-17,941.93,https://api.spdrgoldshares.com/api/v1/historical-archive?product=gld&exchange=NYSE&lang=en,2026-10-09
gld_holdings,2025-06-17,2025-06-18,945.94,https://api.spdrgoldshares.com/api/v1/historical-archive?product=gld&exchange=NYSE&lang=en,2026-10-09
gld_holdings,2025-06-18,2025-06-19,947.37,https://api.spdrgoldshares.com/api/v1/historical-archive?product=gld&exchange=NYSE&lang=en,2026-10-09
gld_holdings,2025-06-20,2025-06-21,950.24,https://api.spdrgoldshares.com/api/v1/historical-archive?product=gld&exchange=NYSE&lang=en,2026-10-09
gld_holdings,2025-06-23,2025-06-24,957.4,https://api.spdrgoldshares.com/api/v1/historical-archive?product=gld&exchange=NYSE&lang=en,2026-10-09
gld_holdings,2025-06-24,2025-06-25,955.68,https://api.spdrgoldshares.com/api/v1/historical-archive?product=gld&exchange=NYSE&lang=en,2026-10-09
gld_holdings,2025-06-25,2025-06-26,953.39,https://api.spdrgoldshares.com/api/v1/historical-archive?product=gld&exchange=NYSE&lang=en,2026-10-09
gld_holdings,2025-06-26,2025-06-27,953.39,https://api.spdrgoldshares.com/api/v1/historical-archive?product=gld&exchange=NYSE&lang=en,2026-10-09
gld_holdings,2025-06-27,2025-06-28,954.82,https://api.spdrgoldshares.com/api/v1/historical-archive?product=gld&exchange=NYSE&lang=en,2026-10-09
gld_holdings,2025-06-30,2025-07-01,952.53,https://api.spdrgoldshares.com/api/v1/historical-archive?product=gld&exchange=NYSE&lang=en,2026-10-09
gld_holdings,2025-07-01,2025-07-02,948.23,https://api.spdrgoldshares.com/api/v1/historical-archive?product=gld&exchange=NYSE&lang=en,2026-10-09
gld_holdings,2025-07-02,2025-07-03,947.66,https://api.spdrgoldshares.com/api/v1/historical-archive?product=gld&exchange=NYSE&lang=en,2026-10-09
gld_holdings,2025-07-03,2025-07-04,947.66,https://api.spdrgoldshares.com/api/v1/historical-archive?product=gld&exchange=NYSE&lang=en,2026-10-09
gld_holdings,2025-07-07,2025-07-08,947.66,https://api.spdrgoldshares.com/api/v1/historical-archive?product=gld&exchange=NYSE&lang=en,2026-10-09
gld_holdings,2025-07-08,2025-07-09,946.51,https://api.spdrgoldshares.com/api/v1/historical-archive?product=gld&exchange=NYSE&lang=en,2026-10-09
gld_holdings,2025-07-09,2025-07-10,947.37,https://api.spdrgoldshares.com/api/v1/historical-archive?product=gld&exchange=NYSE&lang=en,2026-10-09
gld_holdings,2025-07-10,2025-07-11,948.8,https://api.spdrgoldshares.com/api/v1/historical-archive?product=gld&exchange=NYSE&lang=en,2026-10-09
gld_holdings,2025-07-11,2025-07-12,947.64,https://api.spdrgoldshares.com/api/v1/historical-archive?product=gld&exchange=NYSE&lang=en,2026-10-09
gld_holdings,2025-07-14,2025-07-15,947.64,https://api.spdrgoldshares.com/api/v1/historical-archive?product=gld&exchange=NYSE&lang=en,2026-10-09
gld_holdings,2025-07-15,2025-07-16,947.64,https://api.spdrgoldshares.com/api/v1/historical-archive?product=gld&exchange=NYSE&lang=en,2026-10-09
gld_holdings,2025-07-16,2025-07-17,950.79,https://api.spdrgoldshares.com/api/v1/historical-archive?product=gld&exchange=NYSE&lang=en,2026-10-09
gld_holdings,2025-07-17,2025-07-18,948.5,https://api.spdrgoldshares.com/api/v1/historical-archive?product=gld&exchange=NYSE&lang=en,2026-10-09
gld_holdings,2025-07-18,2025-07-19,943.62,https://api.spdrgoldshares.com/api/v1/historical-archive?product=gld&exchange=NYSE&lang=en,2026-10-09
gld_holdings,2025-07-21,2025-07-22,947.06,https://api.spdrgoldshares.com/api/v1/historical-archive?product=gld&exchange=NYSE&lang=en,2026-10-09
gld_holdings,2025-07-22,2025-07-23,954.8,https://api.spdrgoldshares.com/api/v1/historical-archive?product=gld&exchange=NYSE&lang=en,2026-10-09
gld_holdings,2025-07-23,2025-07-24,954.8,https://api.spdrgoldshares.com/api/v1/historical-archive?product=gld&exchange=NYSE&lang=en,2026-10-09
gld_holdings,2025-07-24,2025-07-25,957.09,https://api.spdrgoldshares.com/api/v1/historical-archive?product=gld&exchange=NYSE&lang=en,2026-10-09
gld_holdings,2025-07-25,2025-07-26,957.09,https://api.spdrgoldshares.com/api/v1/historical-archive?product=gld&exchange=NYSE&lang=en,2026-10-09
gld_holdings,2025-07-28,2025-07-29,956.23,https://api.spdrgoldshares.com/api/v1/historical-archive?product=gld&exchange=NYSE&lang=en,2026-10-09
gld_holdings,2025-07-29,2025-07-30,956.23,https://api.spdrgoldshares.com/api/v1/historical-archive?product=gld&exchange=NYSE&lang=en,2026-10-09
gld_holdings,2025-07-30,2025-07-31,955.37,https://api.spdrgoldshares.com/api/v1/historical-archive?product=gld&exchange=NYSE&lang=en,2026-10-09
gld_holdings,2025-07-31,2025-08-01,954.51,https://api.spdrgoldshares.com/api/v1/historical-archive?product=gld&exchange=NYSE&lang=en,2026-10-09
gld_holdings,2025-08-01,2025-08-02,953.08,https://api.spdrgoldshares.com/api/v1/historical-archive?product=gld&exchange=NYSE&lang=en,2026-10-09
gld_holdings,2025-08-04,2025-08-05,954.8,https://api.spdrgoldshares.com/api/v1/historical-archive?product=gld&exchange=NYSE&lang=en,2026-10-09
gld_holdings,2025-08-05,2025-08-06,955.94,https://api.spdrgoldshares.com/api/v1/historical-archive?product=gld&exchange=NYSE&lang=en,2026-10-09
gld_holdings,2025-08-06,2025-08-07,952.79,https://api.spdrgoldshares.com/api/v1/historical-archive?product=gld&exchange=NYSE&lang=en,2026-10-09
gld_holdings,2025-08-07,2025-08-08,959.09,https://api.spdrgoldshares.com/api/v1/historical-archive?product=gld&exchange=NYSE&lang=en,2026-10-09
gld_holdings,2025-08-08,2025-08-09,959.64,https://api.spdrgoldshares.com/api/v1/historical-archive?product=gld&exchange=NYSE&lang=en,2026-10-09
gld_holdings,2025-08-11,2025-08-12,964.22,https://api.spdrgoldshares.com/api/v1/historical-archive?product=gld&exchange=NYSE&lang=en,2026-10-09
gld_holdings,2025-08-12,2025-08-13,964.22,https://api.spdrgoldshares.com/api/v1/historical-archive?product=gld&exchange=NYSE&lang=en,2026-10-09
gld_holdings,2025-08-13,2025-08-14,964.22,https://api.spdrgoldshares.com/api/v1/historical-archive?product=gld&exchange=NYSE&lang=en,2026-10-09
gld_holdings,2025-08-14,2025-08-15,961.35,https://api.spdrgoldshares.com/api/v1/historical-archive?product=gld&exchange=NYSE&lang=en,2026-10-09
gld_holdings,2025-08-15,2025-08-16,965.36,https://api.spdrgoldshares.com/api/v1/historical-archive?product=gld&exchange=NYSE&lang=en,2026-10-09
gld_holdings,2025-08-18,2025-08-19,965.36,https://api.spdrgoldshares.com/api/v1/historical-archive?product=gld&exchange=NYSE&lang=en,2026-10-09
gld_holdings,2025-08-19,2025-08-20,962.21,https://api.spdrgoldshares.com/api/v1/historical-archive?product=gld&exchange=NYSE&lang=en,2026-10-09
gld_holdings,2025-08-20,2025-08-21,958.2,https://api.spdrgoldshares.com/api/v1/historical-archive?product=gld&exchange=NYSE&lang=en,2026-10-09
gld_holdings,2025-08-21,2025-08-22,956.77,https://api.spdrgoldshares.com/api/v1/historical-archive?product=gld&exchange=NYSE&lang=en,2026-10-09
gld_holdings,2025-08-22,2025-08-23,956.77,https://api.spdrgoldshares.com/api/v1/historical-archive?product=gld&exchange=NYSE&lang=en,2026-10-09
gld_holdings,2025-08-25,2025-08-26,958.49,https://api.spdrgoldshares.com/api/v1/historical-archive?product=gld&exchange=NYSE&lang=en,2026-10-09
gld_holdings,2025-08-26,2025-08-27,959.92,https://api.spdrgoldshares.com/api/v1/historical-archive?product=gld&exchange=NYSE&lang=en,2026-10-09
gld_holdings,2025-08-27,2025-08-28,962.5,https://api.spdrgoldshares.com/api/v1/historical-archive?product=gld&exchange=NYSE&lang=en,2026-10-09
gld_holdings,2025-08-28,2025-08-29,967.94,https://api.spdrgoldshares.com/api/v1/historical-archive?product=gld&exchange=NYSE&lang=en,2026-10-09
gld_holdings,2025-08-29,2025-08-30,977.68,https://api.spdrgoldshares.com/api/v1/historical-archive?product=gld&exchange=NYSE&lang=en,2026-10-09
gld_holdings,2025-09-02,2025-09-03,990.56,https://api.spdrgoldshares.com/api/v1/historical-archive?product=gld&exchange=NYSE&lang=en,2026-10-09
gld_holdings,2025-09-03,2025-09-04,984.26,https://api.spdrgoldshares.com/api/v1/historical-archive?product=gld&exchange=NYSE&lang=en,2026-10-09
gld_holdings,2025-09-04,2025-09-05,981.97,https://api.spdrgoldshares.com/api/v1/historical-archive?product=gld&exchange=NYSE&lang=en,2026-10-09
gld_holdings,2025-09-05,2025-09-06,981.97,https://api.spdrgoldshares.com/api/v1/historical-archive?product=gld&exchange=NYSE&lang=en,2026-10-09
gld_holdings,2025-09-08,2025-09-09,979.68,https://api.spdrgoldshares.com/api/v1/historical-archive?product=gld&exchange=NYSE&lang=en,2026-10-09
gld_holdings,2025-09-09,2025-09-10,979.68,https://api.spdrgoldshares.com/api/v1/historical-archive?product=gld&exchange=NYSE&lang=en,2026-10-09
gld_holdings,2025-09-10,2025-09-11,979.95,https://api.spdrgoldshares.com/api/v1/historical-archive?product=gld&exchange=NYSE&lang=en,2026-10-09
gld_holdings,2025-09-11,2025-09-12,977.95,https://api.spdrgoldshares.com/api/v1/historical-archive?product=gld&exchange=NYSE&lang=en,2026-10-09
gld_holdings,2025-09-12,2025-09-13,974.8,https://api.spdrgoldshares.com/api/v1/historical-archive?product=gld&exchange=NYSE&lang=en,2026-10-09
gld_holdings,2025-09-15,2025-09-16,976.8,https://api.spdrgoldshares.com/api/v1/historical-archive?product=gld&exchange=NYSE&lang=en,2026-10-09
gld_holdings,2025-09-16,2025-09-17,979.95,https://api.spdrgoldshares.com/api/v1/historical-archive?product=gld&exchange=NYSE&lang=en,2026-10-09
gld_holdings,2025-09-17,2025-09-18,975.66,https://api.spdrgoldshares.com/api/v1/historical-archive?product=gld&exchange=NYSE&lang=en,2026-10-09
gld_holdings,2025-09-18,2025-09-19,975.66,https://api.spdrgoldshares.com/api/v1/historical-archive?product=gld&exchange=NYSE&lang=en,2026-10-09
gld_holdings,2025-09-19,2025-09-20,994.56,https://api.spdrgoldshares.com/api/v1/historical-archive?product=gld&exchange=NYSE&lang=en,2026-10-09
gld_holdings,2025-09-22,2025-09-23,1000.57,https://api.spdrgoldshares.com/api/v1/historical-archive?product=gld&exchange=NYSE&lang=en,2026-10-09
gld_holdings,2025-09-23,2025-09-24,1000.57,https://api.spdrgoldshares.com/api/v1/historical-archive?product=gld&exchange=NYSE&lang=en,2026-10-09
gld_holdings,2025-09-24,2025-09-25,996.85,https://api.spdrgoldshares.com/api/v1/historical-archive?product=gld&exchange=NYSE&lang=en,2026-10-09
gld_holdings,2025-09-25,2025-09-26,996.85,https://api.spdrgoldshares.com/api/v1/historical-archive?product=gld&exchange=NYSE&lang=en,2026-10-09
gld_holdings,2025-09-26,2025-09-27,1005.72,https://api.spdrgoldshares.com/api/v1/historical-archive?product=gld&exchange=NYSE&lang=en,2026-10-09
gld_holdings,2025-09-29,2025-09-30,1011.73,https://api.spdrgoldshares.com/api/v1/historical-archive?product=gld&exchange=NYSE&lang=en,2026-10-09
gld_holdings,2025-09-30,2025-10-01,1012.88,https://api.spdrgoldshares.com/api/v1/historical-archive?product=gld&exchange=NYSE&lang=en,2026-10-09
gld_holdings,2025-10-01,2025-10-02,1018.89,https://api.spdrgoldshares.com/api/v1/historical-archive?product=gld&exchange=NYSE&lang=en,2026-10-09
gld_holdings,2025-10-02,2025-10-03,1015.74,https://api.spdrgoldshares.com/api/v1/historical-archive?product=gld&exchange=NYSE&lang=en,2026-10-09
gld_holdings,2025-10-03,2025-10-04,1014.88,https://api.spdrgoldshares.com/api/v1/historical-archive?product=gld&exchange=NYSE&lang=en,2026-10-09
gld_holdings,2025-10-06,2025-10-07,1013.16,https://api.spdrgoldshares.com/api/v1/historical-archive?product=gld&exchange=NYSE&lang=en,2026-10-09
gld_holdings,2025-10-07,2025-10-08,1013.15,https://api.spdrgoldshares.com/api/v1/historical-archive?product=gld&exchange=NYSE&lang=en,2026-10-09
gld_holdings,2025-10-08,2025-10-09,1014.58,https://api.spdrgoldshares.com/api/v1/historical-archive?product=gld&exchange=NYSE&lang=en,2026-10-09
gld_holdings,2025-10-09,2025-10-10,1013.44,https://api.spdrgoldshares.com/api/v1/historical-archive?product=gld&exchange=NYSE&lang=en,2026-10-09
gld_holdings,2025-10-10,2025-10-11,1017.16,https://api.spdrgoldshares.com/api/v1/historical-archive?product=gld&exchange=NYSE&lang=en,2026-10-09
gld_holdings,2025-10-13,2025-10-14,1018.88,https://api.spdrgoldshares.com/api/v1/historical-archive?product=gld&exchange=NYSE&lang=en,2026-10-09
gld_holdings,2025-10-14,2025-10-15,1021.45,https://api.spdrgoldshares.com/api/v1/historical-archive?product=gld&exchange=NYSE&lang=en,2026-10-09
gld_holdings,2025-10-15,2025-10-16,1022.6,https://api.spdrgoldshares.com/api/v1/historical-archive?product=gld&exchange=NYSE&lang=en,2026-10-09
gld_holdings,2025-10-16,2025-10-17,1034.62,https://api.spdrgoldshares.com/api/v1/historical-archive?product=gld&exchange=NYSE&lang=en,2026-10-09
gld_holdings,2025-10-17,2025-10-18,1047.21,https://api.spdrgoldshares.com/api/v1/historical-archive?product=gld&exchange=NYSE&lang=en,2026-10-09
gld_holdings,2025-10-20,2025-10-21,1058.66,https://api.spdrgoldshares.com/api/v1/historical-archive?product=gld&exchange=NYSE&lang=en,2026-10-09
gld_holdings,2025-10-21,2025-10-22,1058.66,https://api.spdrgoldshares.com/api/v1/historical-archive?product=gld&exchange=NYSE&lang=en,2026-10-09
gld_holdings,2025-10-22,2025-10-23,1052.37,https://api.spdrgoldshares.com/api/v1/historical-archive?product=gld&exchange=NYSE&lang=en,2026-10-09
gld_holdings,2025-10-23,2025-10-24,1052.37,https://api.spdrgoldshares.com/api/v1/historical-archive?product=gld&exchange=NYSE&lang=en,2026-10-09
gld_holdings,2025-10-24,2025-10-25,1046.93,https://api.spdrgoldshares.com/api/v1/historical-archive?product=gld&exchange=NYSE&lang=en,2026-10-09
gld_holdings,2025-10-27,2025-10-28,1038.92,https://api.spdrgoldshares.com/api/v1/historical-archive?product=gld&exchange=NYSE&lang=en,2026-10-09
gld_holdings,2025-10-28,2025-10-29,1038.92,https://api.spdrgoldshares.com/api/v1/historical-archive?product=gld&exchange=NYSE&lang=en,2026-10-09
gld_holdings,2025-10-29,2025-10-30,1036.05,https://api.spdrgoldshares.com/api/v1/historical-archive?product=gld&exchange=NYSE&lang=en,2026-10-09
gld_holdings,2025-10-30,2025-10-31,1040.35,https://api.spdrgoldshares.com/api/v1/historical-archive?product=gld&exchange=NYSE&lang=en,2026-10-09
gld_holdings,2025-10-31,2025-11-01,1039.2,https://api.spdrgoldshares.com/api/v1/historical-archive?product=gld&exchange=NYSE&lang=en,2026-10-09
gld_holdings,2025-11-03,2025-11-04,1041.78,https://api.spdrgoldshares.com/api/v1/historical-archive?product=gld&exchange=NYSE&lang=en,2026-10-09
gld_holdings,2025-11-04,2025-11-05,1038.63,https://api.spdrgoldshares.com/api/v1/historical-archive?product=gld&exchange=NYSE&lang=en,2026-10-09
gld_holdings,2025-11-05,2025-11-06,1038.63,https://api.spdrgoldshares.com/api/v1/historical-archive?product=gld&exchange=NYSE&lang=en,2026-10-09
gld_holdings,2025-11-06,2025-11-07,1040.35,https://api.spdrgoldshares.com/api/v1/historical-archive?product=gld&exchange=NYSE&lang=en,2026-10-09
gld_holdings,2025-11-07,2025-11-08,1042.06,https://api.spdrgoldshares.com/api/v1/historical-archive?product=gld&exchange=NYSE&lang=en,2026-10-09
gld_holdings,2025-11-10,2025-11-11,1042.06,https://api.spdrgoldshares.com/api/v1/historical-archive?product=gld&exchange=NYSE&lang=en,2026-10-09
gld_holdings,2025-11-11,2025-11-12,1046.36,https://api.spdrgoldshares.com/api/v1/historical-archive?product=gld&exchange=NYSE&lang=en,2026-10-09
gld_holdings,2025-11-12,2025-11-13,1046.64,https://api.spdrgoldshares.com/api/v1/historical-archive?product=gld&exchange=NYSE&lang=en,2026-10-09
gld_holdings,2025-11-13,2025-11-14,1048.93,https://api.spdrgoldshares.com/api/v1/historical-archive?product=gld&exchange=NYSE&lang=en,2026-10-09
gld_holdings,2025-11-14,2025-11-15,1044.0,https://api.spdrgoldshares.com/api/v1/historical-archive?product=gld&exchange=NYSE&lang=en,2026-10-09
gld_holdings,2025-11-17,2025-11-18,1041.43,https://api.spdrgoldshares.com/api/v1/historical-archive?product=gld&exchange=NYSE&lang=en,2026-10-09
gld_holdings,2025-11-18,2025-11-19,1041.43,https://api.spdrgoldshares.com/api/v1/historical-archive?product=gld&exchange=NYSE&lang=en,2026-10-09
gld_holdings,2025-11-19,2025-11-20,1043.72,https://api.spdrgoldshares.com/api/v1/historical-archive?product=gld&exchange=NYSE&lang=en,2026-10-09
gld_holdings,2025-11-20,2025-11-21,1039.43,https://api.spdrgoldshares.com/api/v1/historical-archive?product=gld&exchange=NYSE&lang=en,2026-10-09
gld_holdings,2025-11-21,2025-11-22,1040.57,https://api.spdrgoldshares.com/api/v1/historical-archive?product=gld&exchange=NYSE&lang=en,2026-10-09
gld_holdings,2025-11-24,2025-11-25,1040.86,https://api.spdrgoldshares.com/api/v1/historical-archive?product=gld&exchange=NYSE&lang=en,2026-10-09
gld_holdings,2025-11-25,2025-11-26,1040.86,https://api.spdrgoldshares.com/api/v1/historical-archive?product=gld&exchange=NYSE&lang=en,2026-10-09
gld_holdings,2025-11-26,2025-11-27,1045.43,https://api.spdrgoldshares.com/api/v1/historical-archive?product=gld&exchange=NYSE&lang=en,2026-10-09
gld_holdings,2025-11-28,2025-11-29,1045.43,https://api.spdrgoldshares.com/api/v1/historical-archive?product=gld&exchange=NYSE&lang=en,2026-10-09
gld_holdings,2025-12-01,2025-12-02,1050.01,https://api.spdrgoldshares.com/api/v1/historical-archive?product=gld&exchange=NYSE&lang=en,2026-10-09
gld_holdings,2025-12-02,2025-12-03,1048.3,https://api.spdrgoldshares.com/api/v1/historical-archive?product=gld&exchange=NYSE&lang=en,2026-10-09
gld_holdings,2025-12-03,2025-12-04,1046.58,https://api.spdrgoldshares.com/api/v1/historical-archive?product=gld&exchange=NYSE&lang=en,2026-10-09
gld_holdings,2025-12-04,2025-12-05,1050.58,https://api.spdrgoldshares.com/api/v1/historical-archive?product=gld&exchange=NYSE&lang=en,2026-10-09
gld_holdings,2025-12-05,2025-12-06,1050.25,https://api.spdrgoldshares.com/api/v1/historical-archive?product=gld&exchange=NYSE&lang=en,2026-10-09
gld_holdings,2025-12-08,2025-12-09,1049.11,https://api.spdrgoldshares.com/api/v1/historical-archive?product=gld&exchange=NYSE&lang=en,2026-10-09
gld_holdings,2025-12-09,2025-12-10,1047.97,https://api.spdrgoldshares.com/api/v1/historical-archive?product=gld&exchange=NYSE&lang=en,2026-10-09
gld_holdings,2025-12-10,2025-12-11,1046.82,https://api.spdrgoldshares.com/api/v1/historical-archive?product=gld&exchange=NYSE&lang=en,2026-10-09
gld_holdings,2025-12-11,2025-12-12,1050.83,https://api.spdrgoldshares.com/api/v1/historical-archive?product=gld&exchange=NYSE&lang=en,2026-10-09
gld_holdings,2025-12-12,2025-12-13,1053.11,https://api.spdrgoldshares.com/api/v1/historical-archive?product=gld&exchange=NYSE&lang=en,2026-10-09
gld_holdings,2025-12-15,2025-12-16,1051.68,https://api.spdrgoldshares.com/api/v1/historical-archive?product=gld&exchange=NYSE&lang=en,2026-10-09
gld_holdings,2025-12-16,2025-12-17,1051.68,https://api.spdrgoldshares.com/api/v1/historical-archive?product=gld&exchange=NYSE&lang=en,2026-10-09
gld_holdings,2025-12-17,2025-12-18,1052.54,https://api.spdrgoldshares.com/api/v1/historical-archive?product=gld&exchange=NYSE&lang=en,2026-10-09
gld_holdings,2025-12-18,2025-12-19,1052.54,https://api.spdrgoldshares.com/api/v1/historical-archive?product=gld&exchange=NYSE&lang=en,2026-10-09
gld_holdings,2025-12-19,2025-12-20,1052.54,https://api.spdrgoldshares.com/api/v1/historical-archive?product=gld&exchange=NYSE&lang=en,2026-10-09
gld_holdings,2025-12-22,2025-12-23,1064.56,https://api.spdrgoldshares.com/api/v1/historical-archive?product=gld&exchange=NYSE&lang=en,2026-10-09
gld_holdings,2025-12-23,2025-12-24,1064.56,https://api.spdrgoldshares.com/api/v1/historical-archive?product=gld&exchange=NYSE&lang=en,2026-10-09
gld_holdings,2025-12-24,2025-12-25,1068.27,https://api.spdrgoldshares.com/api/v1/historical-archive?product=gld&exchange=NYSE&lang=en,2026-10-09
gld_holdings,2025-12-26,2025-12-27,1071.13,https://api.spdrgoldshares.com/api/v1/historical-archive?product=gld&exchange=NYSE&lang=en,2026-10-09
gld_holdings,2025-12-29,2025-12-30,1071.99,https://api.spdrgoldshares.com/api/v1/historical-archive?product=gld&exchange=NYSE&lang=en,2026-10-09
gld_holdings,2025-12-30,2025-12-31,1071.99,https://api.spdrgoldshares.com/api/v1/historical-archive?product=gld&exchange=NYSE&lang=en,2026-10-09
gld_holdings,2025-12-31,2026-01-01,1070.56,https://api.spdrgoldshares.com/api/v1/historical-archive?product=gld&exchange=NYSE&lang=en,2026-10-09
gld_holdings,2026-01-02,2026-01-03,1065.13,https://api.spdrgoldshares.com/api/v1/historical-archive?product=gld&exchange=NYSE&lang=en,2026-10-09
gld_holdings,2026-01-05,2026-01-06,1065.13,https://api.spdrgoldshares.com/api/v1/historical-archive?product=gld&exchange=NYSE&lang=en,2026-10-09
gld_holdings,2026-01-06,2026-01-07,1067.13,https://api.spdrgoldshares.com/api/v1/historical-archive?product=gld&exchange=NYSE&lang=en,2026-10-09
gld_holdings,2026-01-07,2026-01-08,1067.13,https://api.spdrgoldshares.com/api/v1/historical-archive?product=gld&exchange=NYSE&lang=en,2026-10-09
gld_holdings,2026-01-08,2026-01-09,1067.13,https://api.spdrgoldshares.com/api/v1/historical-archive?product=gld&exchange=NYSE&lang=en,2026-10-09
gld_holdings,2026-01-09,2026-01-10,1064.56,https://api.spdrgoldshares.com/api/v1/historical-archive?product=gld&exchange=NYSE&lang=en,2026-10-09
gld_holdings,2026-01-12,2026-01-13,1070.8,https://api.spdrgoldshares.com/api/v1/historical-archive?product=gld&exchange=NYSE&lang=en,2026-10-09
gld_holdings,2026-01-13,2026-01-14,1074.23,https://api.spdrgoldshares.com/api/v1/historical-archive?product=gld&exchange=NYSE&lang=en,2026-10-09
gld_holdings,2026-01-14,2026-01-15,1074.23,https://api.spdrgoldshares.com/api/v1/historical-archive?product=gld&exchange=NYSE&lang=en,2026-10-09
gld_holdings,2026-01-15,2026-01-16,1074.8,https://api.spdrgoldshares.com/api/v1/historical-archive?product=gld&exchange=NYSE&lang=en,2026-10-09
gld_holdings,2026-01-16,2026-01-17,1085.67,https://api.spdrgoldshares.com/api/v1/historical-archive?product=gld&exchange=NYSE&lang=en,2026-10-09
gld_holdings,2026-01-20,2026-01-21,1081.66,https://api.spdrgoldshares.com/api/v1/historical-archive?product=gld&exchange=NYSE&lang=en,2026-10-09
gld_holdings,2026-01-21,2026-01-22,1077.66,https://api.spdrgoldshares.com/api/v1/historical-archive?product=gld&exchange=NYSE&lang=en,2026-10-09
gld_holdings,2026-01-22,2026-01-23,1079.66,https://api.spdrgoldshares.com/api/v1/historical-archive?product=gld&exchange=NYSE&lang=en,2026-10-09
gld_holdings,2026-01-23,2026-01-24,1086.53,https://api.spdrgoldshares.com/api/v1/historical-archive?product=gld&exchange=NYSE&lang=en,2026-10-09
gld_holdings,2026-01-26,2026-01-27,1086.53,https://api.spdrgoldshares.com/api/v1/historical-archive?product=gld&exchange=NYSE&lang=en,2026-10-09
gld_holdings,2026-01-27,2026-01-28,1087.38,https://api.spdrgoldshares.com/api/v1/historical-archive?product=gld&exchange=NYSE&lang=en,2026-10-09
gld_holdings,2026-01-28,2026-01-29,1089.96,https://api.spdrgoldshares.com/api/v1/historical-archive?product=gld&exchange=NYSE&lang=en,2026-10-09
gld_holdings,2026-01-29,2026-01-30,1086.53,https://api.spdrgoldshares.com/api/v1/historical-archive?product=gld&exchange=NYSE&lang=en,2026-10-09
gld_holdings,2026-01-30,2026-01-31,1087.1,https://api.spdrgoldshares.com/api/v1/historical-archive?product=gld&exchange=NYSE&lang=en,2026-10-09
gld_holdings,2026-02-02,2026-02-03,1087.1,https://api.spdrgoldshares.com/api/v1/historical-archive?product=gld&exchange=NYSE&lang=en,2026-10-09
gld_holdings,2026-02-03,2026-02-04,1083.38,https://api.spdrgoldshares.com/api/v1/historical-archive?product=gld&exchange=NYSE&lang=en,2026-10-09
gld_holdings,2026-02-04,2026-02-05,1081.95,https://api.spdrgoldshares.com/api/v1/historical-archive?product=gld&exchange=NYSE&lang=en,2026-10-09
gld_holdings,2026-02-05,2026-02-06,1077.95,https://api.spdrgoldshares.com/api/v1/historical-archive?product=gld&exchange=NYSE&lang=en,2026-10-09
gld_holdings,2026-02-06,2026-02-07,1076.23,https://api.spdrgoldshares.com/api/v1/historical-archive?product=gld&exchange=NYSE&lang=en,2026-10-09
gld_holdings,2026-02-09,2026-02-10,1079.66,https://api.spdrgoldshares.com/api/v1/historical-archive?product=gld&exchange=NYSE&lang=en,2026-10-09
gld_holdings,2026-02-10,2026-02-11,1079.32,https://api.spdrgoldshares.com/api/v1/historical-archive?product=gld&exchange=NYSE&lang=en,2026-10-09
gld_holdings,2026-02-11,2026-02-12,1081.32,https://api.spdrgoldshares.com/api/v1/historical-archive?product=gld&exchange=NYSE&lang=en,2026-10-09
gld_holdings,2026-02-12,2026-02-13,1076.18,https://api.spdrgoldshares.com/api/v1/historical-archive?product=gld&exchange=NYSE&lang=en,2026-10-09
gld_holdings,2026-02-13,2026-02-14,1077.03,https://api.spdrgoldshares.com/api/v1/historical-archive?product=gld&exchange=NYSE&lang=en,2026-10-09
gld_holdings,2026-02-17,2026-02-18,1075.61,https://api.spdrgoldshares.com/api/v1/historical-archive?product=gld&exchange=NYSE&lang=en,2026-10-09
gld_holdings,2026-02-18,2026-02-19,1075.61,https://api.spdrgoldshares.com/api/v1/historical-archive?product=gld&exchange=NYSE&lang=en,2026-10-09
gld_holdings,2026-02-19,2026-02-20,1078.75,https://api.spdrgoldshares.com/api/v1/historical-archive?product=gld&exchange=NYSE&lang=en,2026-10-09
gld_holdings,2026-02-20,2026-02-21,1078.75,https://api.spdrgoldshares.com/api/v1/historical-archive?product=gld&exchange=NYSE&lang=en,2026-10-09
gld_holdings,2026-02-23,2026-02-24,1086.47,https://api.spdrgoldshares.com/api/v1/historical-archive?product=gld&exchange=NYSE&lang=en,2026-10-09
gld_holdings,2026-02-24,2026-02-25,1094.19,https://api.spdrgoldshares.com/api/v1/historical-archive?product=gld&exchange=NYSE&lang=en,2026-10-09
gld_holdings,2026-02-25,2026-02-26,1097.62,https://api.spdrgoldshares.com/api/v1/historical-archive?product=gld&exchange=NYSE&lang=en,2026-10-09
gld_holdings,2026-02-26,2026-02-27,1097.9,https://api.spdrgoldshares.com/api/v1/historical-archive?product=gld&exchange=NYSE&lang=en,2026-10-09
gld_holdings,2026-02-27,2026-02-28,1101.33,https://api.spdrgoldshares.com/api/v1/historical-archive?product=gld&exchange=NYSE&lang=en,2026-10-09
gld_holdings,2026-03-02,2026-03-03,1101.33,https://api.spdrgoldshares.com/api/v1/historical-archive?product=gld&exchange=NYSE&lang=en,2026-10-09
gld_holdings,2026-03-03,2026-03-04,1099.04,https://api.spdrgoldshares.com/api/v1/historical-archive?product=gld&exchange=NYSE&lang=en,2026-10-09
gld_holdings,2026-03-04,2026-03-05,1081.04,https://api.spdrgoldshares.com/api/v1/historical-archive?product=gld&exchange=NYSE&lang=en,2026-10-09
gld_holdings,2026-03-05,2026-03-06,1075.89,https://api.spdrgoldshares.com/api/v1/historical-archive?product=gld&exchange=NYSE&lang=en,2026-10-09
gld_holdings,2026-03-06,2026-03-07,1073.32,https://api.spdrgoldshares.com/api/v1/historical-archive?product=gld&exchange=NYSE&lang=en,2026-10-09
gld_holdings,2026-03-09,2026-03-10,1070.71,https://api.spdrgoldshares.com/api/v1/historical-archive?product=gld&exchange=NYSE&lang=en,2026-10-09
gld_holdings,2026-03-10,2026-03-11,1073.57,https://api.spdrgoldshares.com/api/v1/historical-archive?product=gld&exchange=NYSE&lang=en,2026-10-09
gld_holdings,2026-03-11,2026-03-12,1077.28,https://api.spdrgoldshares.com/api/v1/historical-archive?product=gld&exchange=NYSE&lang=en,2026-10-09
gld_holdings,2026-03-12,2026-03-13,1075.85,https://api.spdrgoldshares.com/api/v1/historical-archive?product=gld&exchange=NYSE&lang=en,2026-10-09
gld_holdings,2026-03-13,2026-03-14,1071.56,https://api.spdrgoldshares.com/api/v1/historical-archive?product=gld&exchange=NYSE&lang=en,2026-10-09
gld_holdings,2026-03-16,2026-03-17,1070.71,https://api.spdrgoldshares.com/api/v1/historical-archive?product=gld&exchange=NYSE&lang=en,2026-10-09
gld_holdings,2026-03-17,2026-03-18,1069.56,https://api.spdrgoldshares.com/api/v1/historical-archive?product=gld&exchange=NYSE&lang=en,2026-10-09
gld_holdings,2026-03-18,2026-03-19,1066.99,https://api.spdrgoldshares.com/api/v1/historical-archive?product=gld&exchange=NYSE&lang=en,2026-10-09
gld_holdings,2026-03-19,2026-03-20,1062.13,https://api.spdrgoldshares.com/api/v1/historical-archive?product=gld&exchange=NYSE&lang=en,2026-10-09
gld_holdings,2026-03-20,2026-03-21,1056.99,https://api.spdrgoldshares.com/api/v1/historical-archive?product=gld&exchange=NYSE&lang=en,2026-10-09
gld_holdings,2026-03-23,2026-03-24,1052.7,https://api.spdrgoldshares.com/api/v1/historical-archive?product=gld&exchange=NYSE&lang=en,2026-10-09
gld_holdings,2026-03-24,2026-03-25,1052.99,https://api.spdrgoldshares.com/api/v1/historical-archive?product=gld&exchange=NYSE&lang=en,2026-10-09
gld_holdings,2026-03-25,2026-03-26,1052.42,https://api.spdrgoldshares.com/api/v1/historical-archive?product=gld&exchange=NYSE&lang=en,2026-10-09
gld_holdings,2026-03-26,2026-03-27,1052.7,https://api.spdrgoldshares.com/api/v1/historical-archive?product=gld&exchange=NYSE&lang=en,2026-10-09
gld_holdings,2026-03-27,2026-03-28,1049.56,https://api.spdrgoldshares.com/api/v1/historical-archive?product=gld&exchange=NYSE&lang=en,2026-10-09
gld_holdings,2026-03-30,2026-03-31,1046.13,https://api.spdrgoldshares.com/api/v1/historical-archive?product=gld&exchange=NYSE&lang=en,2026-10-09
gld_holdings,2026-03-31,2026-04-01,1047.28,https://api.spdrgoldshares.com/api/v1/historical-archive?product=gld&exchange=NYSE&lang=en,2026-10-09
gld_holdings,2026-04-01,2026-04-02,1050.99,https://api.spdrgoldshares.com/api/v1/historical-archive?product=gld&exchange=NYSE&lang=en,2026-10-09
gld_holdings,2026-04-02,2026-04-03,1050.99,https://api.spdrgoldshares.com/api/v1/historical-archive?product=gld&exchange=NYSE&lang=en,2026-10-09
gld_holdings,2026-04-06,2026-04-07,1054.42,https://api.spdrgoldshares.com/api/v1/historical-archive?product=gld&exchange=NYSE&lang=en,2026-10-09
gld_holdings,2026-04-07,2026-04-08,1054.42,https://api.spdrgoldshares.com/api/v1/historical-archive?product=gld&exchange=NYSE&lang=en,2026-10-09
gld_holdings,2026-04-08,2026-04-09,1052.99,https://api.spdrgoldshares.com/api/v1/historical-archive?product=gld&exchange=NYSE&lang=en,2026-10-09
gld_holdings,2026-04-09,2026-04-10,1052.42,https://api.spdrgoldshares.com/api/v1/historical-archive?product=gld&exchange=NYSE&lang=en,2026-10-09
gld_holdings,2026-04-10,2026-04-11,1052.42,https://api.spdrgoldshares.com/api/v1/historical-archive?product=gld&exchange=NYSE&lang=en,2026-10-09
gld_holdings,2026-04-13,2026-04-14,1047.19,https://api.spdrgoldshares.com/api/v1/historical-archive?product=gld&exchange=NYSE&lang=en,2026-10-09
gld_holdings,2026-04-14,2026-04-15,1049.48,https://api.spdrgoldshares.com/api/v1/historical-archive?product=gld&exchange=NYSE&lang=en,2026-10-09
gld_holdings,2026-04-15,2026-04-16,1051.76,https://api.spdrgoldshares.com/api/v1/historical-archive?product=gld&exchange=NYSE&lang=en,2026-10-09
gld_holdings,2026-04-16,2026-04-17,1052.91,https://api.spdrgoldshares.com/api/v1/historical-archive?product=gld&exchange=NYSE&lang=en,2026-10-09
gld_holdings,2026-04-17,2026-04-18,1060.62,https://api.spdrgoldshares.com/api/v1/historical-archive?product=gld&exchange=NYSE&lang=en,2026-10-09
gld_holdings,2026-04-20,2026-04-21,1059.76,https://api.spdrgoldshares.com/api/v1/historical-archive?product=gld&exchange=NYSE&lang=en,2026-10-09
gld_holdings,2026-04-21,2026-04-22,1055.48,https://api.spdrgoldshares.com/api/v1/historical-archive?product=gld&exchange=NYSE&lang=en,2026-10-09
gld_holdings,2026-04-22,2026-04-23,1050.91,https://api.spdrgoldshares.com/api/v1/historical-archive?product=gld&exchange=NYSE&lang=en,2026-10-09
gld_holdings,2026-04-23,2026-04-24,1049.19,https://api.spdrgoldshares.com/api/v1/historical-archive?product=gld&exchange=NYSE&lang=en,2026-10-09
gld_holdings,2026-04-24,2026-04-25,1046.62,https://api.spdrgoldshares.com/api/v1/historical-archive?product=gld&exchange=NYSE&lang=en,2026-10-09
gld_holdings,2026-04-27,2026-04-28,1044.34,https://api.spdrgoldshares.com/api/v1/historical-archive?product=gld&exchange=NYSE&lang=en,2026-10-09
gld_holdings,2026-04-28,2026-04-29,1040.91,https://api.spdrgoldshares.com/api/v1/historical-archive?product=gld&exchange=NYSE&lang=en,2026-10-09
gld_holdings,2026-04-29,2026-04-30,1039.2,https://api.spdrgoldshares.com/api/v1/historical-archive?product=gld&exchange=NYSE&lang=en,2026-10-09
gld_holdings,2026-04-30,2026-05-01,1035.77,https://api.spdrgoldshares.com/api/v1/historical-archive?product=gld&exchange=NYSE&lang=en,2026-10-09
gld_holdings,2026-05-01,2026-05-02,1035.77,https://api.spdrgoldshares.com/api/v1/historical-archive?product=gld&exchange=NYSE&lang=en,2026-10-09
gld_holdings,2026-05-04,2026-05-05,1035.77,https://api.spdrgoldshares.com/api/v1/historical-archive?product=gld&exchange=NYSE&lang=en,2026-10-09
gld_holdings,2026-05-05,2026-05-06,1034.05,https://api.spdrgoldshares.com/api/v1/historical-archive?product=gld&exchange=NYSE&lang=en,2026-10-09
gld_holdings,2026-05-06,2026-05-07,1033.2,https://api.spdrgoldshares.com/api/v1/historical-archive?product=gld&exchange=NYSE&lang=en,2026-10-09
gld_holdings,2026-05-07,2026-05-08,1033.48,https://api.spdrgoldshares.com/api/v1/historical-archive?product=gld&exchange=NYSE&lang=en,2026-10-09
gld_holdings,2026-05-08,2026-05-09,1034.0,https://api.spdrgoldshares.com/api/v1/historical-archive?product=gld&exchange=NYSE&lang=en,2026-10-09
gld_holdings,2026-05-11,2026-05-12,1036.28,https://api.spdrgoldshares.com/api/v1/historical-archive?product=gld&exchange=NYSE&lang=en,2026-10-09
gld_holdings,2026-05-12,2026-05-13,1038.28,https://api.spdrgoldshares.com/api/v1/historical-archive?product=gld&exchange=NYSE&lang=en,2026-10-09
gld_holdings,2026-05-13,2026-05-14,1039.99,https://api.spdrgoldshares.com/api/v1/historical-archive?product=gld&exchange=NYSE&lang=en,2026-10-09
gld_holdings,2026-05-14,2026-05-15,1039.99,https://api.spdrgoldshares.com/api/v1/historical-archive?product=gld&exchange=NYSE&lang=en,2026-10-09
gld_holdings,2026-05-15,2026-05-16,1037.42,https://api.spdrgoldshares.com/api/v1/historical-archive?product=gld&exchange=NYSE&lang=en,2026-10-09
gld_holdings,2026-05-18,2026-05-19,1038.85,https://api.spdrgoldshares.com/api/v1/historical-archive?product=gld&exchange=NYSE&lang=en,2026-10-09
gld_holdings,2026-05-19,2026-05-20,1036.85,https://api.spdrgoldshares.com/api/v1/historical-archive?product=gld&exchange=NYSE&lang=en,2026-10-09
gld_holdings,2026-05-20,2026-05-21,1036.85,https://api.spdrgoldshares.com/api/v1/historical-archive?product=gld&exchange=NYSE&lang=en,2026-10-09
gld_holdings,2026-05-21,2026-05-22,1037.71,https://api.spdrgoldshares.com/api/v1/historical-archive?product=gld&exchange=NYSE&lang=en,2026-10-09
gld_holdings,2026-05-22,2026-05-23,1034.85,https://api.spdrgoldshares.com/api/v1/historical-archive?product=gld&exchange=NYSE&lang=en,2026-10-09
gld_holdings,2026-05-26,2026-05-27,1034.85,https://api.spdrgoldshares.com/api/v1/historical-archive?product=gld&exchange=NYSE&lang=en,2026-10-09
gld_holdings,2026-05-27,2026-05-28,1034.85,https://api.spdrgoldshares.com/api/v1/historical-archive?product=gld&exchange=NYSE&lang=en,2026-10-09
gld_holdings,2026-05-28,2026-05-29,1032.57,https://api.spdrgoldshares.com/api/v1/historical-archive?product=gld&exchange=NYSE&lang=en,2026-10-09
gld_holdings,2026-05-29,2026-05-30,1029.14,https://api.spdrgoldshares.com/api/v1/historical-archive?product=gld&exchange=NYSE&lang=en,2026-10-09
gld_holdings,2026-06-01,2026-06-02,1028.86,https://api.spdrgoldshares.com/api/v1/historical-archive?product=gld&exchange=NYSE&lang=en,2026-10-09
gld_holdings,2026-06-02,2026-06-03,1028.0,https://api.spdrgoldshares.com/api/v1/historical-archive?product=gld&exchange=NYSE&lang=en,2026-10-09
gld_holdings,2026-06-03,2026-06-04,1026.86,https://api.spdrgoldshares.com/api/v1/historical-archive?product=gld&exchange=NYSE&lang=en,2026-10-09
gld_holdings,2026-06-04,2026-06-05,1025.14,https://api.spdrgoldshares.com/api/v1/historical-archive?product=gld&exchange=NYSE&lang=en,2026-10-09
gld_holdings,2026-06-05,2026-06-06,1019.92,https://api.spdrgoldshares.com/api/v1/historical-archive?product=gld&exchange=NYSE&lang=en,2026-10-09
gld_holdings,2026-06-08,2026-06-09,1019.92,https://api.spdrgoldshares.com/api/v1/historical-archive?product=gld&exchange=NYSE&lang=en,2026-10-09
gld_holdings,2026-06-09,2026-06-10,1016.49,https://api.spdrgoldshares.com/api/v1/historical-archive?product=gld&exchange=NYSE&lang=en,2026-10-09
gld_holdings,2026-06-10,2026-06-11,1013.64,https://api.spdrgoldshares.com/api/v1/historical-archive?product=gld&exchange=NYSE&lang=en,2026-10-09
gld_holdings,2026-06-11,2026-06-12,1013.64,https://api.spdrgoldshares.com/api/v1/historical-archive?product=gld&exchange=NYSE&lang=en,2026-10-09
gld_holdings,2026-06-12,2026-06-13,1013.64,https://api.spdrgoldshares.com/api/v1/historical-archive?product=gld&exchange=NYSE&lang=en,2026-10-09
gld_holdings,2026-06-15,2026-06-16,1012.21,https://api.spdrgoldshares.com/api/v1/historical-archive?product=gld&exchange=NYSE&lang=en,2026-10-09
gld_holdings,2026-06-16,2026-06-17,1012.21,https://api.spdrgoldshares.com/api/v1/historical-archive?product=gld&exchange=NYSE&lang=en,2026-10-09
gld_holdings,2026-06-17,2026-06-18,1013.07,https://api.spdrgoldshares.com/api/v1/historical-archive?product=gld&exchange=NYSE&lang=en,2026-10-09
gld_holdings,2026-06-18,2026-06-19,1020.49,https://api.spdrgoldshares.com/api/v1/historical-archive?product=gld&exchange=NYSE&lang=en,2026-10-09
gld_holdings,2026-06-22,2026-06-23,1022.2,https://api.spdrgoldshares.com/api/v1/historical-archive?product=gld&exchange=NYSE&lang=en,2026-10-09
gld_holdings,2026-06-23,2026-06-24,1017.64,https://api.spdrgoldshares.com/api/v1/historical-archive?product=gld&exchange=NYSE&lang=en,2026-10-09
gld_holdings,2026-06-24,2026-06-25,1013.35,https://api.spdrgoldshares.com/api/v1/historical-archive?product=gld&exchange=NYSE&lang=en,2026-10-09
gld_holdings,2026-06-25,2026-06-26,1007.08,https://api.spdrgoldshares.com/api/v1/historical-archive?product=gld&exchange=NYSE&lang=en,2026-10-09
gld_holdings,2026-06-26,2026-06-27,1005.08,https://api.spdrgoldshares.com/api/v1/historical-archive?product=gld&exchange=NYSE&lang=en,2026-10-09
gld_holdings,2026-06-29,2026-06-30,1005.08,https://api.spdrgoldshares.com/api/v1/historical-archive?product=gld&exchange=NYSE&lang=en,2026-10-09
gld_holdings,2026-06-30,2026-07-01,1005.08,https://api.spdrgoldshares.com/api/v1/historical-archive?product=gld&exchange=NYSE&lang=en,2026-10-09
gld_holdings,2026-07-01,2026-07-02,1005.36,https://api.spdrgoldshares.com/api/v1/historical-archive?product=gld&exchange=NYSE&lang=en,2026-10-09
gld_holdings,2026-07-02,2026-07-03,1001.37,https://api.spdrgoldshares.com/api/v1/historical-archive?product=gld&exchange=NYSE&lang=en,2026-10-09
gld_holdings,2026-07-06,2026-07-07,1002.79,https://api.spdrgoldshares.com/api/v1/historical-archive?product=gld&exchange=NYSE&lang=en,2026-10-09
gld_holdings,2026-07-07,2026-07-08,1002.51,https://api.spdrgoldshares.com/api/v1/historical-archive?product=gld&exchange=NYSE&lang=en,2026-10-09
gld_holdings,2026-07-08,2026-07-09,1002.51,https://api.spdrgoldshares.com/api/v1/historical-archive?product=gld&exchange=NYSE&lang=en,2026-10-09
gld_holdings,2026-07-09,2026-07-10,1005.65,https://api.spdrgoldshares.com/api/v1/historical-archive?product=gld&exchange=NYSE&lang=en,2026-10-09
gld_holdings,2026-07-10,2026-07-11,1002.45,https://api.spdrgoldshares.com/api/v1/historical-archive?product=gld&exchange=NYSE&lang=en,2026-10-09
gld_holdings,2026-07-13,2026-07-14,1002.45,https://api.spdrgoldshares.com/api/v1/historical-archive?product=gld&exchange=NYSE&lang=en,2026-10-09
gld_holdings,2026-07-14,2026-07-15,1004.45,https://api.spdrgoldshares.com/api/v1/historical-archive?product=gld&exchange=NYSE&lang=en,2026-10-09
gld_holdings,2026-07-15,2026-07-16,1001.88,https://api.spdrgoldshares.com/api/v1/historical-archive?product=gld&exchange=NYSE&lang=en,2026-10-09
gld_holdings,2026-07-16,2026-07-17,1001.88,https://api.spdrgoldshares.com/api/v1/historical-archive?product=gld&exchange=NYSE&lang=en,2026-10-09
gld_holdings,2026-07-17,2026-07-18,999.02,https://api.spdrgoldshares.com/api/v1/historical-archive?product=gld&exchange=NYSE&lang=en,2026-10-09
gld_holdings,2026-07-20,2026-07-21,1003.59,https://api.spdrgoldshares.com/api/v1/historical-archive?product=gld&exchange=NYSE&lang=en,2026-10-09
gld_holdings,2026-07-21,2026-07-22,1005.87,https://api.spdrgoldshares.com/api/v1/historical-archive?product=gld&exchange=NYSE&lang=en,2026-10-09
gld_holdings,2026-07-22,2026-07-23,1007.87,https://api.spdrgoldshares.com/api/v1/historical-archive?product=gld&exchange=NYSE&lang=en,2026-10-09
gld_holdings,2026-07-23,2026-07-24,1009.3,https://api.spdrgoldshares.com/api/v1/historical-archive?product=gld&exchange=NYSE&lang=en,2026-10-09
gld_holdings,2026-07-24,2026-07-25,1009.3,https://api.spdrgoldshares.com/api/v1/historical-archive?product=gld&exchange=NYSE&lang=en,2026-10-09
gld_holdings,2026-07-27,2026-07-28,1009.3,https://api.spdrgoldshares.com/api/v1/historical-archive?product=gld&exchange=NYSE&lang=en,2026-10-09
gld_holdings,2026-07-28,2026-07-29,1008.73,https://api.spdrgoldshares.com/api/v1/historical-archive?product=gld&exchange=NYSE&lang=en,2026-10-09
gld_holdings,2026-07-29,2026-07-30,1009.3,https://api.spdrgoldshares.com/api/v1/historical-archive?product=gld&exchange=NYSE&lang=en,2026-10-09
gld_holdings,2026-07-30,2026-07-31,1007.87,https://api.spdrgoldshares.com/api/v1/historical-archive?product=gld&exchange=NYSE&lang=en,2026-10-09
gld_holdings,2026-07-31,2026-08-01,1007.01,https://api.spdrgoldshares.com/api/v1/historical-archive?product=gld&exchange=NYSE&lang=en,2026-10-09
gld_holdings,2026-08-03,2026-08-04,1005.87,https://api.spdrgoldshares.com/api/v1/historical-archive?product=gld&exchange=NYSE&lang=en,2026-10-09
gld_holdings,2026-08-04,2026-08-05,1009.3,https://api.spdrgoldshares.com/api/v1/historical-archive?product=gld&exchange=NYSE&lang=en,2026-10-09
gld_holdings,2026-08-05,2026-08-06,1014.15,https://api.spdrgoldshares.com/api/v1/historical-archive?product=gld&exchange=NYSE&lang=en,2026-10-09
gld_holdings,2026-08-06,2026-08-07,1014.72,https://api.spdrgoldshares.com/api/v1/historical-archive?product=gld&exchange=NYSE&lang=en,2026-10-09
gld_holdings,2026-08-07,2026-08-08,1017.54,https://api.spdrgoldshares.com/api/v1/historical-archive?product=gld&exchange=NYSE&lang=en,2026-10-09
gld_holdings,2026-08-10,2026-08-11,1020.96,https://api.spdrgoldshares.com/api/v1/historical-archive?product=gld&exchange=NYSE&lang=en,2026-10-09
gld_holdings,2026-08-11,2026-08-12,1022.67,https://api.spdrgoldshares.com/api/v1/historical-archive?product=gld&exchange=NYSE&lang=en,2026-10-09
gld_holdings,2026-08-12,2026-08-13,1025.81,https://api.spdrgoldshares.com/api/v1/historical-archive?product=gld&exchange=NYSE&lang=en,2026-10-09
gld_holdings,2026-08-13,2026-08-14,1023.24,https://api.spdrgoldshares.com/api/v1/historical-archive?product=gld&exchange=NYSE&lang=en,2026-10-09
gld_holdings,2026-08-14,2026-08-15,1023.53,https://api.spdrgoldshares.com/api/v1/historical-archive?product=gld&exchange=NYSE&lang=en,2026-10-09
gld_holdings,2026-08-17,2026-08-18,1030.66,https://api.spdrgoldshares.com/api/v1/historical-archive?product=gld&exchange=NYSE&lang=en,2026-10-09
gld_holdings,2026-08-18,2026-08-19,1025.24,https://api.spdrgoldshares.com/api/v1/historical-archive?product=gld&exchange=NYSE&lang=en,2026-10-09
gld_holdings,2026-08-19,2026-08-20,1034.65,https://api.spdrgoldshares.com/api/v1/historical-archive?product=gld&exchange=NYSE&lang=en,2026-10-09
gld_holdings,2026-08-20,2026-08-21,1038.93,https://api.spdrgoldshares.com/api/v1/historical-archive?product=gld&exchange=NYSE&lang=en,2026-10-09
gld_holdings,2026-08-21,2026-08-22,1047.21,https://api.spdrgoldshares.com/api/v1/historical-archive?product=gld&exchange=NYSE&lang=en,2026-10-09
gld_holdings,2026-08-24,2026-08-25,1049.49,https://api.spdrgoldshares.com/api/v1/historical-archive?product=gld&exchange=NYSE&lang=en,2026-10-09
gld_holdings,2026-08-25,2026-08-26,1048.35,https://api.spdrgoldshares.com/api/v1/historical-archive?product=gld&exchange=NYSE&lang=en,2026-10-09
gld_holdings,2026-08-26,2026-08-27,1045.5,https://api.spdrgoldshares.com/api/v1/historical-archive?product=gld&exchange=NYSE&lang=en,2026-10-09
gld_holdings,2026-08-27,2026-08-28,1046.64,https://api.spdrgoldshares.com/api/v1/historical-archive?product=gld&exchange=NYSE&lang=en,2026-10-09
gld_holdings,2026-08-28,2026-08-29,1042.36,https://api.spdrgoldshares.com/api/v1/historical-archive?product=gld&exchange=NYSE&lang=en,2026-10-09
gld_holdings,2026-08-31,2026-09-01,1042.36,https://api.spdrgoldshares.com/api/v1/historical-archive?product=gld&exchange=NYSE&lang=en,2026-10-09
gld_holdings,2026-09-01,2026-09-02,1046.64,https://api.spdrgoldshares.com/api/v1/historical-archive?product=gld&exchange=NYSE&lang=en,2026-10-09
gld_holdings,2026-09-02,2026-09-03,1056.62,https://api.spdrgoldshares.com/api/v1/historical-archive?product=gld&exchange=NYSE&lang=en,2026-10-09
gld_holdings,2026-09-03,2026-09-04,1053.48,https://api.spdrgoldshares.com/api/v1/historical-archive?product=gld&exchange=NYSE&lang=en,2026-10-09
gld_holdings,2026-09-04,2026-09-05,1052.06,https://api.spdrgoldshares.com/api/v1/historical-archive?product=gld&exchange=NYSE&lang=en,2026-10-09
gld_holdings,2026-09-08,2026-09-09,1050.63,https://api.spdrgoldshares.com/api/v1/historical-archive?product=gld&exchange=NYSE&lang=en,2026-10-09
gld_holdings,2026-09-09,2026-09-10,1050.63,https://api.spdrgoldshares.com/api/v1/historical-archive?product=gld&exchange=NYSE&lang=en,2026-10-09
gld_holdings,2026-09-10,2026-09-11,1050.28,https://api.spdrgoldshares.com/api/v1/historical-archive?product=gld&exchange=NYSE&lang=en,2026-10-09
gld_holdings,2026-09-11,2026-09-12,1047.42,https://api.spdrgoldshares.com/api/v1/historical-archive?product=gld&exchange=NYSE&lang=en,2026-10-09
gld_holdings,2026-09-14,2026-09-15,1047.42,https://api.spdrgoldshares.com/api/v1/historical-archive?product=gld&exchange=NYSE&lang=en,2026-10-09
gld_holdings,2026-09-15,2026-09-16,1050.28,https://api.spdrgoldshares.com/api/v1/historical-archive?product=gld&exchange=NYSE&lang=en,2026-10-09
gld_holdings,2026-09-16,2026-09-17,1051.99,https://api.spdrgoldshares.com/api/v1/historical-archive?product=gld&exchange=NYSE&lang=en,2026-10-09
gld_holdings,2026-09-17,2026-09-18,1052.84,https://api.spdrgoldshares.com/api/v1/historical-archive?product=gld&exchange=NYSE&lang=en,2026-10-09
gld_holdings,2026-09-18,2026-09-19,1057.12,https://api.spdrgoldshares.com/api/v1/historical-archive?product=gld&exchange=NYSE&lang=en,2026-10-09
gld_holdings,2026-09-21,2026-09-22,1055.41,https://api.spdrgoldshares.com/api/v1/historical-archive?product=gld&exchange=NYSE&lang=en,2026-10-09
gld_holdings,2026-09-22,2026-09-23,1055.98,https://api.spdrgoldshares.com/api/v1/historical-archive?product=gld&exchange=NYSE&lang=en,2026-10-09
gld_holdings,2026-09-23,2026-09-24,1056.84,https://api.spdrgoldshares.com/api/v1/historical-archive?product=gld&exchange=NYSE&lang=en,2026-10-09
gld_holdings,2026-09-24,2026-09-25,1054.55,https://api.spdrgoldshares.com/api/v1/historical-archive?product=gld&exchange=NYSE&lang=en,2026-10-09
gld_holdings,2026-09-25,2026-09-26,1054.55,https://api.spdrgoldshares.com/api/v1/historical-archive?product=gld&exchange=NYSE&lang=en,2026-10-09
gld_holdings,2026-09-28,2026-09-29,1058.83,https://api.spdrgoldshares.com/api/v1/historical-archive?product=gld&exchange=NYSE&lang=en,2026-10-09
gld_holdings,2026-09-29,2026-09-30,1057.41,https://api.spdrgoldshares.com/api/v1/historical-archive?product=gld&exchange=NYSE&lang=en,2026-10-09
gld_holdings,2026-09-30,2026-10-01,1055.7,https://api.spdrgoldshares.com/api/v1/historical-archive?product=gld&exchange=NYSE&lang=en,2026-10-09
gld_holdings,2026-10-01,2026-10-02,1056.55,https://api.spdrgoldshares.com/api/v1/historical-archive?product=gld&exchange=NYSE&lang=en,2026-10-09
gld_holdings,2026-10-02,2026-10-03,1055.7,https://api.spdrgoldshares.com/api/v1/historical-archive?product=gld&exchange=NYSE&lang=en,2026-10-09
gld_holdings,2026-10-05,2026-10-06,1056.27,https://api.spdrgoldshares.com/api/v1/historical-archive?product=gld&exchange=NYSE&lang=en,2026-10-09
gld_holdings,2026-10-06,2026-10-07,1059.97,https://api.spdrgoldshares.com/api/v1/historical-archive?product=gld&exchange=NYSE&lang=en,2026-10-09
gld_holdings,2026-10-07,2026-10-08,1061.11,https://api.spdrgoldshares.com/api/v1/historical-archive?product=gld&exchange=NYSE&lang=en,2026-10-09
gld_holdings,2026-10-08,2026-10-09,1055.41,https://api.spdrgoldshares.com/api/v1/historical-archive?product=gld&exchange=NYSE&lang=en,2026-10-09
