series_id,ref_date,available_date,value,source,fetched_at
gold_vol,2008-06-03,2008-06-04,22.89,https://fred.stlouisfed.org/graph/fredgraph.csv?id=GVZCLS,2026-10-08
gold_vol,2008-06-04,2008-06-05,22.69,https://fred.stlouisfed.org/graph/fredgraph.csv?id=GVZCLS,2026-10-08
gold_vol,2008-06-05,2008-06-06,22.78,https://fred.stlouisfed.org/graph/fredgraph.csv?id=GVZCLS,2026-10-08
gold_vol,2008-06-06,2008-06-07,23.6,https://fred.stlouisfed.org/graph/fredgraph.csv?id=GVZCLS,2026-10-08
gold_vol,2008-06-09,2008-06-10,24.47,https://fred.stlouisfed.org/graph/fredgraph.csv?id=GVZCLS,2026-10-08
gold_vol,2008-06-10,2008-06-11,25.39,https://fred.stlouisfed.org/graph/fredgraph.csv?id=GVZCLS,2026-10-08
gold_vol,2008-06-11,2008-06-12,25.36,https://fred.stlouisfed.org/graph/fredgraph.csv?id=GVZCLS,2026-10-08
gold_vol,2008-06-12,2008-06-13,25.04,https://fred.stlouisfed.org/graph/fredgraph.csv?id=GVZCLS,2026-10-08
gold_vol,2008-06-13,2008-06-14,24.94,https://fred.stlouisfed.org/graph/fredgraph.csv?id=GVZCLS,2026-10-08
gold_vol,2008-06-16,2008-06-17,24.98,https://fred.stlouisfed.org/graph/fredgraph.csv?id=GVZCLS,2026-10-08
gold_vol,2008-06-17,2008-06-18,24.45,https://fred.stlouisfed.org/graph/fredgraph.csv?id=GVZCLS,2026-10-08
gold_vol,2008-06-18,2008-06-19,23.93,https://fred.stlouisfed.org/graph/fredgraph.csv?id=GVZCLS,2026-10-08
gold_vol,2008-06-19,2008-06-20,24.33,https://fred.stlouisfed.org/graph/fredgraph.csv?id=GVZCLS,2026-10-08
gold_vol,2008-06-20,2008-06-21,26.22,https://fred.stlouisfed.org/graph/fredgraph.csv?id=GVZCLS,2026-10-08
gold_vol,2008-06-23,2008-06-24,27.18,https://fred.stlouisfed.org/graph/fredgraph.csv?id=GVZCLS,2026-10-08
gold_vol,2008-06-24,2008-06-25,26.79,https://fred.stlouisfed.org/graph/fredgraph.csv?id=GVZCLS,2026-10-08
gold_vol,2008-06-25,2008-06-26,26.78,https://fred.stlouisfed.org/graph/fredgraph.csv?id=GVZCLS,2026-10-08
gold_vol,2008-06-26,2008-06-27,27.33,https://fred.stlouisfed.org/graph/fredgraph.csv?id=GVZCLS,2026-10-08
gold_vol,2008-06-27,2008-06-28,26.47,https://fred.stlouisfed.org/graph/fredgraph.csv?id=GVZCLS,2026-10-08
gold_vol,2008-06-30,2008-07-01,26.92,https://fred.stlouisfed.org/graph/fredgraph.csv?id=GVZCLS,2026-10-08
gold_vol,2008-07-01,2008-07-02,27.64,https://fred.stlouisfed.org/graph/fredgraph.csv?id=GVZCLS,2026-10-08
gold_vol,2008-07-02,2008-07-03,27.54,https://fred.stlouisfed.org/graph/fredgraph.csv?id=GVZCLS,2026-10-08
gold_vol,2008-07-03,2008-07-04,26.85,https://fred.stlouisfed.org/graph/fredgraph.csv?id=GVZCLS,2026-10-08
gold_vol,2008-07-07,2008-07-08,26.59,https://fred.stlouisfed.org/graph/fredgraph.csv?id=GVZCLS,2026-10-08
gold_vol,2008-07-08,2008-07-09,26.12,https://fred.stlouisfed.org/graph/fredgraph.csv?id=GVZCLS,2026-10-08
gold_vol,2008-07-09,2008-07-10,26.09,https://fred.stlouisfed.org/graph/fredgraph.csv?id=GVZCLS,2026-10-08
gold_vol,2008-07-10,2008-07-11,26.79,https://fred.stlouisfed.org/graph/fredgraph.csv?id=GVZCLS,2026-10-08
gold_vol,2008-07-11,2008-07-12,33.32,https://fred.stlouisfed.org/graph/fredgraph.csv?id=GVZCLS,2026-10-08
gold_vol,2008-07-14,2008-07-15,31.09,https://fred.stlouisfed.org/graph/fredgraph.csv?id=GVZCLS,2026-10-08
gold_vol,2008-07-15,2008-07-16,30.4,https://fred.stlouisfed.org/graph/fredgraph.csv?id=GVZCLS,2026-10-08
gold_vol,2008-07-16,2008-07-17,28.41,https://fred.stlouisfed.org/graph/fredgraph.csv?id=GVZCLS,2026-10-08
gold_vol,2008-07-17,2008-07-18,27.28,https://fred.stlouisfed.org/graph/fredgraph.csv?id=GVZCLS,2026-10-08
gold_vol,2008-07-18,2008-07-19,27.05,https://fred.stlouisfed.org/graph/fredgraph.csv?id=GVZCLS,2026-10-08
gold_vol,2008-07-21,2008-07-22,26.61,https://fred.stlouisfed.org/graph/fredgraph.csv?id=GVZCLS,2026-10-08
gold_vol,2008-07-22,2008-07-23,25.81,https://fred.stlouisfed.org/graph/fredgraph.csv?id=GVZCLS,2026-10-08
gold_vol,2008-07-23,2008-07-24,25.64,https://fred.stlouisfed.org/graph/fredgraph.csv?id=GVZCLS,2026-10-08
gold_vol,2008-07-24,2008-07-25,26.15,https://fred.stlouisfed.org/graph/fredgraph.csv?id=GVZCLS,2026-10-08
gold_vol,2008-07-25,2008-07-26,26.06,https://fred.stlouisfed.org/graph/fredgraph.csv?id=GVZCLS,2026-10-08
gold_vol,2008-07-28,2008-07-29,26.45,https://fred.stlouisfed.org/graph/fredgraph.csv?id=GVZCLS,2026-10-08
gold_vol,2008-07-29,2008-07-30,25.46,https://fred.stlouisfed.org/graph/fredgraph.csv?id=GVZCLS,2026-10-08
gold_vol,2008-07-30,2008-07-31,24.92,https://fred.stlouisfed.org/graph/fredgraph.csv?id=GVZCLS,2026-10-08
gold_vol,2008-07-31,2008-08-01,22.94,https://fred.stlouisfed.org/graph/fredgraph.csv?id=GVZCLS,2026-10-08
gold_vol,2008-08-01,2008-08-02,24.73,https://fred.stlouisfed.org/graph/fredgraph.csv?id=GVZCLS,2026-10-08
gold_vol,2008-08-04,2008-08-05,25.42,https://fred.stlouisfed.org/graph/fredgraph.csv?id=GVZCLS,2026-10-08
gold_vol,2008-08-05,2008-08-06,26.54,https://fred.stlouisfed.org/graph/fredgraph.csv?id=GVZCLS,2026-10-08
gold_vol,2008-08-06,2008-08-07,25.67,https://fred.stlouisfed.org/graph/fredgraph.csv?id=GVZCLS,2026-10-08
gold_vol,2008-08-07,2008-08-08,24.84,https://fred.stlouisfed.org/graph/fredgraph.csv?id=GVZCLS,2026-10-08
gold_vol,2008-08-08,2008-08-09,26.56,https://fred.stlouisfed.org/graph/fredgraph.csv?id=GVZCLS,2026-10-08
gold_vol,2008-08-11,2008-08-12,31.79,https://fred.stlouisfed.org/graph/fredgraph.csv?id=GVZCLS,2026-10-08
gold_vol,2008-08-12,2008-08-13,32.18,https://fred.stlouisfed.org/graph/fredgraph.csv?id=GVZCLS,2026-10-08
gold_vol,2008-08-13,2008-08-14,28.78,https://fred.stlouisfed.org/graph/fredgraph.csv?id=GVZCLS,2026-10-08
gold_vol,2008-08-14,2008-08-15,29.01,https://fred.stlouisfed.org/graph/fredgraph.csv?id=GVZCLS,2026-10-08
gold_vol,2008-08-15,2008-08-16,32.58,https://fred.stlouisfed.org/graph/fredgraph.csv?id=GVZCLS,2026-10-08
gold_vol,2008-08-18,2008-08-19,32.06,https://fred.stlouisfed.org/graph/fredgraph.csv?id=GVZCLS,2026-10-08
gold_vol,2008-08-19,2008-08-20,30.89,https://fred.stlouisfed.org/graph/fredgraph.csv?id=GVZCLS,2026-10-08
gold_vol,2008-08-20,2008-08-21,29.61,https://fred.stlouisfed.org/graph/fredgraph.csv?id=GVZCLS,2026-10-08
gold_vol,2008-08-21,2008-08-22,29.47,https://fred.stlouisfed.org/graph/fredgraph.csv?id=GVZCLS,2026-10-08
gold_vol,2008-08-22,2008-08-23,28.12,https://fred.stlouisfed.org/graph/fredgraph.csv?id=GVZCLS,2026-10-08
gold_vol,2008-08-25,2008-08-26,28.71,https://fred.stlouisfed.org/graph/fredgraph.csv?id=GVZCLS,2026-10-08
gold_vol,2008-08-26,2008-08-27,28.55,https://fred.stlouisfed.org/graph/fredgraph.csv?id=GVZCLS,2026-10-08
gold_vol,2008-08-27,2008-08-28,27.91,https://fred.stlouisfed.org/graph/fredgraph.csv?id=GVZCLS,2026-10-08
gold_vol,2008-08-28,2008-08-29,27.5,https://fred.stlouisfed.org/graph/fredgraph.csv?id=GVZCLS,2026-10-08
gold_vol,2008-08-29,2008-08-30,27.37,https://fred.stlouisfed.org/graph/fredgraph.csv?id=GVZCLS,2026-10-08
gold_vol,2008-09-02,2008-09-03,29.52,https://fred.stlouisfed.org/graph/fredgraph.csv?id=GVZCLS,2026-10-08
gold_vol,2008-09-03,2008-09-04,29.59,https://fred.stlouisfed.org/graph/fredgraph.csv?id=GVZCLS,2026-10-08
gold_vol,2008-09-04,2008-09-05,29.79,https://fred.stlouisfed.org/graph/fredgraph.csv?id=GVZCLS,2026-10-08
gold_vol,2008-09-05,2008-09-06,29.87,https://fred.stlouisfed.org/graph/fredgraph.csv?id=GVZCLS,2026-10-08
gold_vol,2008-09-08,2008-09-09,30.9,https://fred.stlouisfed.org/graph/fredgraph.csv?id=GVZCLS,2026-10-08
gold_vol,2008-09-09,2008-09-10,33.08,https://fred.stlouisfed.org/graph/fredgraph.csv?id=GVZCLS,2026-10-08
gold_vol,2008-09-10,2008-09-11,33.96,https://fred.stlouisfed.org/graph/fredgraph.csv?id=GVZCLS,2026-10-08
gold_vol,2008-09-11,2008-09-12,35.95,https://fred.stlouisfed.org/graph/fredgraph.csv?id=GVZCLS,2026-10-08
gold_vol,2008-09-12,2008-09-13,35.08,https://fred.stlouisfed.org/graph/fredgraph.csv?id=GVZCLS,2026-10-08
gold_vol,2008-09-15,2008-09-16,38.46,https://fred.stlouisfed.org/graph/fredgraph.csv?id=GVZCLS,2026-10-08
gold_vol,2008-09-16,2008-09-17,40.18,https://fred.stlouisfed.org/graph/fredgraph.csv?id=GVZCLS,2026-10-08
gold_vol,2008-09-17,2008-09-18,50.36,https://fred.stlouisfed.org/graph/fredgraph.csv?id=GVZCLS,2026-10-08
gold_vol,2008-09-18,2008-09-19,54.65,https://fred.stlouisfed.org/graph/fredgraph.csv?id=GVZCLS,2026-10-08
gold_vol,2008-09-19,2008-09-20,47.26,https://fred.stlouisfed.org/graph/fredgraph.csv?id=GVZCLS,2026-10-08
gold_vol,2008-09-22,2008-09-23,52.36,https://fred.stlouisfed.org/graph/fredgraph.csv?id=GVZCLS,2026-10-08
gold_vol,2008-09-23,2008-09-24,49.03,https://fred.stlouisfed.org/graph/fredgraph.csv?id=GVZCLS,2026-10-08
gold_vol,2008-09-24,2008-09-25,43.31,https://fred.stlouisfed.org/graph/fredgraph.csv?id=GVZCLS,2026-10-08
gold_vol,2008-09-25,2008-09-26,43.94,https://fred.stlouisfed.org/graph/fredgraph.csv?id=GVZCLS,2026-10-08
gold_vol,2008-09-26,2008-09-27,45.28,https://fred.stlouisfed.org/graph/fredgraph.csv?id=GVZCLS,2026-10-08
gold_vol,2008-09-29,2008-09-30,50.57,https://fred.stlouisfed.org/graph/fredgraph.csv?id=GVZCLS,2026-10-08
gold_vol,2008-09-30,2008-10-01,48.92,https://fred.stlouisfed.org/graph/fredgraph.csv?id=GVZCLS,2026-10-08
gold_vol,2008-10-01,2008-10-02,47.2,https://fred.stlouisfed.org/graph/fredgraph.csv?id=GVZCLS,2026-10-08
gold_vol,2008-10-02,2008-10-03,52.54,https://fred.stlouisfed.org/graph/fredgraph.csv?id=GVZCLS,2026-10-08
gold_vol,2008-10-03,2008-10-04,50.05,https://fred.stlouisfed.org/graph/fredgraph.csv?id=GVZCLS,2026-10-08
gold_vol,2008-10-06,2008-10-07,54.58,https://fred.stlouisfed.org/graph/fredgraph.csv?id=GVZCLS,2026-10-08
gold_vol,2008-10-07,2008-10-08,51.51,https://fred.stlouisfed.org/graph/fredgraph.csv?id=GVZCLS,2026-10-08
gold_vol,2008-10-08,2008-10-09,50.93,https://fred.stlouisfed.org/graph/fredgraph.csv?id=GVZCLS,2026-10-08
gold_vol,2008-10-09,2008-10-10,52.46,https://fred.stlouisfed.org/graph/fredgraph.csv?id=GVZCLS,2026-10-08
gold_vol,2008-10-10,2008-10-11,64.53,https://fred.stlouisfed.org/graph/fredgraph.csv?id=GVZCLS,2026-10-08
gold_vol,2008-10-13,2008-10-14,61.23,https://fred.stlouisfed.org/graph/fredgraph.csv?id=GVZCLS,2026-10-08
gold_vol,2008-10-14,2008-10-15,55.11,https://fred.stlouisfed.org/graph/fredgraph.csv?id=GVZCLS,2026-10-08
gold_vol,2008-10-15,2008-10-16,55.8,https://fred.stlouisfed.org/graph/fredgraph.csv?id=GVZCLS,2026-10-08
gold_vol,2008-10-16,2008-10-17,54.91,https://fred.stlouisfed.org/graph/fredgraph.csv?id=GVZCLS,2026-10-08
gold_vol,2008-10-17,2008-10-18,55.32,https://fred.stlouisfed.org/graph/fredgraph.csv?id=GVZCLS,2026-10-08
gold_vol,2008-10-20,2008-10-21,49.36,https://fred.stlouisfed.org/graph/fredgraph.csv?id=GVZCLS,2026-10-08
gold_vol,2008-10-21,2008-10-22,47.95,https://fred.stlouisfed.org/graph/fredgraph.csv?id=GVZCLS,2026-10-08
gold_vol,2008-10-22,2008-10-23,57.82,https://fred.stlouisfed.org/graph/fredgraph.csv?id=GVZCLS,2026-10-08
gold_vol,2008-10-23,2008-10-24,54.21,https://fred.stlouisfed.org/graph/fredgraph.csv?id=GVZCLS,2026-10-08
gold_vol,2008-10-24,2008-10-25,57.9,https://fred.stlouisfed.org/graph/fredgraph.csv?id=GVZCLS,2026-10-08
gold_vol,2008-10-27,2008-10-28,59.43,https://fred.stlouisfed.org/graph/fredgraph.csv?id=GVZCLS,2026-10-08
gold_vol,2008-10-28,2008-10-29,60.2,https://fred.stlouisfed.org/graph/fredgraph.csv?id=GVZCLS,2026-10-08
gold_vol,2008-10-29,2008-10-30,59.65,https://fred.stlouisfed.org/graph/fredgraph.csv?id=GVZCLS,2026-10-08
gold_vol,2008-10-30,2008-10-31,58.25,https://fred.stlouisfed.org/graph/fredgraph.csv?id=GVZCLS,2026-10-08
gold_vol,2008-10-31,2008-11-01,55.61,https://fred.stlouisfed.org/graph/fredgraph.csv?id=GVZCLS,2026-10-08
gold_vol,2008-11-03,2008-11-04,52.8,https://fred.stlouisfed.org/graph/fredgraph.csv?id=GVZCLS,2026-10-08
gold_vol,2008-11-04,2008-11-05,50.56,https://fred.stlouisfed.org/graph/fredgraph.csv?id=GVZCLS,2026-10-08
gold_vol,2008-11-05,2008-11-06,47.62,https://fred.stlouisfed.org/graph/fredgraph.csv?id=GVZCLS,2026-10-08
gold_vol,2008-11-06,2008-11-07,46.71,https://fred.stlouisfed.org/graph/fredgraph.csv?id=GVZCLS,2026-10-08
gold_vol,2008-11-07,2008-11-08,44.37,https://fred.stlouisfed.org/graph/fredgraph.csv?id=GVZCLS,2026-10-08
gold_vol,2008-11-10,2008-11-11,44.79,https://fred.stlouisfed.org/graph/fredgraph.csv?id=GVZCLS,2026-10-08
gold_vol,2008-11-11,2008-11-12,44.5,https://fred.stlouisfed.org/graph/fredgraph.csv?id=GVZCLS,2026-10-08
gold_vol,2008-11-12,2008-11-13,45.65,https://fred.stlouisfed.org/graph/fredgraph.csv?id=GVZCLS,2026-10-08
gold_vol,2008-11-13,2008-11-14,48.36,https://fred.stlouisfed.org/graph/fredgraph.csv?id=GVZCLS,2026-10-08
gold_vol,2008-11-14,2008-11-15,50.31,https://fred.stlouisfed.org/graph/fredgraph.csv?id=GVZCLS,2026-10-08
gold_vol,2008-11-17,2008-11-18,48.52,https://fred.stlouisfed.org/graph/fredgraph.csv?id=GVZCLS,2026-10-08
gold_vol,2008-11-18,2008-11-19,46.22,https://fred.stlouisfed.org/graph/fredgraph.csv?id=GVZCLS,2026-10-08
gold_vol,2008-11-19,2008-11-20,44.95,https://fred.stlouisfed.org/graph/fredgraph.csv?id=GVZCLS,2026-10-08
gold_vol,2008-11-20,2008-11-21,46.02,https://fred.stlouisfed.org/graph/fredgraph.csv?id=GVZCLS,2026-10-08
gold_vol,2008-11-21,2008-11-22,53.09,https://fred.stlouisfed.org/graph/fredgraph.csv?id=GVZCLS,2026-10-08
gold_vol,2008-11-24,2008-11-25,54.34,https://fred.stlouisfed.org/graph/fredgraph.csv?id=GVZCLS,2026-10-08
gold_vol,2008-11-25,2008-11-26,52.14,https://fred.stlouisfed.org/graph/fredgraph.csv?id=GVZCLS,2026-10-08
gold_vol,2008-11-26,2008-11-27,49.74,https://fred.stlouisfed.org/graph/fredgraph.csv?id=GVZCLS,2026-10-08
gold_vol,2008-11-28,2008-11-29,48.81,https://fred.stlouisfed.org/graph/fredgraph.csv?id=GVZCLS,2026-10-08
gold_vol,2008-12-01,2008-12-02,49.86,https://fred.stlouisfed.org/graph/fredgraph.csv?id=GVZCLS,2026-10-08
gold_vol,2008-12-02,2008-12-03,48.06,https://fred.stlouisfed.org/graph/fredgraph.csv?id=GVZCLS,2026-10-08
gold_vol,2008-12-03,2008-12-04,47.22,https://fred.stlouisfed.org/graph/fredgraph.csv?id=GVZCLS,2026-10-08
gold_vol,2008-12-04,2008-12-05,46.49,https://fred.stlouisfed.org/graph/fredgraph.csv?id=GVZCLS,2026-10-08
gold_vol,2008-12-05,2008-12-06,46.24,https://fred.stlouisfed.org/graph/fredgraph.csv?id=GVZCLS,2026-10-08
gold_vol,2008-12-08,2008-12-09,45.46,https://fred.stlouisfed.org/graph/fredgraph.csv?id=GVZCLS,2026-10-08
gold_vol,2008-12-09,2008-12-10,44.4,https://fred.stlouisfed.org/graph/fredgraph.csv?id=GVZCLS,2026-10-08
gold_vol,2008-12-10,2008-12-11,45.46,https://fred.stlouisfed.org/graph/fredgraph.csv?id=GVZCLS,2026-10-08
gold_vol,2008-12-11,2008-12-12,46.49,https://fred.stlouisfed.org/graph/fredgraph.csv?id=GVZCLS,2026-10-08
gold_vol,2008-12-12,2008-12-13,46.02,https://fred.stlouisfed.org/graph/fredgraph.csv?id=GVZCLS,2026-10-08
gold_vol,2008-12-15,2008-12-16,48.54,https://fred.stlouisfed.org/graph/fredgraph.csv?id=GVZCLS,2026-10-08
gold_vol,2008-12-16,2008-12-17,46.77,https://fred.stlouisfed.org/graph/fredgraph.csv?id=GVZCLS,2026-10-08
gold_vol,2008-12-17,2008-12-18,46.92,https://fred.stlouisfed.org/graph/fredgraph.csv?id=GVZCLS,2026-10-08
gold_vol,2008-12-18,2008-12-19,44.61,https://fred.stlouisfed.org/graph/fredgraph.csv?id=GVZCLS,2026-10-08
gold_vol,2008-12-19,2008-12-20,42.33,https://fred.stlouisfed.org/graph/fredgraph.csv?id=GVZCLS,2026-10-08
gold_vol,2008-12-22,2008-12-23,41.71,https://fred.stlouisfed.org/graph/fredgraph.csv?id=GVZCLS,2026-10-08
gold_vol,2008-12-23,2008-12-24,39.71,https://fred.stlouisfed.org/graph/fredgraph.csv?id=GVZCLS,2026-10-08
gold_vol,2008-12-24,2008-12-25,39.62,https://fred.stlouisfed.org/graph/fredgraph.csv?id=GVZCLS,2026-10-08
gold_vol,2008-12-26,2008-12-27,41.93,https://fred.stlouisfed.org/graph/fredgraph.csv?id=GVZCLS,2026-10-08
gold_vol,2008-12-29,2008-12-30,44.33,https://fred.stlouisfed.org/graph/fredgraph.csv?id=GVZCLS,2026-10-08
gold_vol,2008-12-30,2008-12-31,43.61,https://fred.stlouisfed.org/graph/fredgraph.csv?id=GVZCLS,2026-10-08
gold_vol,2008-12-31,2009-01-01,42.89,https://fred.stlouisfed.org/graph/fredgraph.csv?id=GVZCLS,2026-10-08
gold_vol,2009-01-02,2009-01-03,41.86,https://fred.stlouisfed.org/graph/fredgraph.csv?id=GVZCLS,2026-10-08
gold_vol,2009-01-05,2009-01-06,40.31,https://fred.stlouisfed.org/graph/fredgraph.csv?id=GVZCLS,2026-10-08
gold_vol,2009-01-06,2009-01-07,39.87,https://fred.stlouisfed.org/graph/fredgraph.csv?id=GVZCLS,2026-10-08
gold_vol,2009-01-07,2009-01-08,39.72,https://fred.stlouisfed.org/graph/fredgraph.csv?id=GVZCLS,2026-10-08
gold_vol,2009-01-08,2009-01-09,39.68,https://fred.stlouisfed.org/graph/fredgraph.csv?id=GVZCLS,2026-10-08
gold_vol,2009-01-09,2009-01-10,37.82,https://fred.stlouisfed.org/graph/fredgraph.csv?id=GVZCLS,2026-10-08
gold_vol,2009-01-12,2009-01-13,36.93,https://fred.stlouisfed.org/graph/fredgraph.csv?id=GVZCLS,2026-10-08
gold_vol,2009-01-13,2009-01-14,35.24,https://fred.stlouisfed.org/graph/fredgraph.csv?id=GVZCLS,2026-10-08
gold_vol,2009-01-14,2009-01-15,35.03,https://fred.stlouisfed.org/graph/fredgraph.csv?id=GVZCLS,2026-10-08
gold_vol,2009-01-15,2009-01-16,35.25,https://fred.stlouisfed.org/graph/fredgraph.csv?id=GVZCLS,2026-10-08
gold_vol,2009-01-16,2009-01-17,34.45,https://fred.stlouisfed.org/graph/fredgraph.csv?id=GVZCLS,2026-10-08
gold_vol,2009-01-20,2009-01-21,37.81,https://fred.stlouisfed.org/graph/fredgraph.csv?id=GVZCLS,2026-10-08
gold_vol,2009-01-21,2009-01-22,35.95,https://fred.stlouisfed.org/graph/fredgraph.csv?id=GVZCLS,2026-10-08
gold_vol,2009-01-22,2009-01-23,35.18,https://fred.stlouisfed.org/graph/fredgraph.csv?id=GVZCLS,2026-10-08
gold_vol,2009-01-23,2009-01-24,39.56,https://fred.stlouisfed.org/graph/fredgraph.csv?id=GVZCLS,2026-10-08
gold_vol,2009-01-26,2009-01-27,40.27,https://fred.stlouisfed.org/graph/fredgraph.csv?id=GVZCLS,2026-10-08
gold_vol,2009-01-27,2009-01-28,37.28,https://fred.stlouisfed.org/graph/fredgraph.csv?id=GVZCLS,2026-10-08
gold_vol,2009-01-28,2009-01-29,37.77,https://fred.stlouisfed.org/graph/fredgraph.csv?id=GVZCLS,2026-10-08
gold_vol,2009-01-29,2009-01-30,38.7,https://fred.stlouisfed.org/graph/fredgraph.csv?id=GVZCLS,2026-10-08
gold_vol,2009-01-30,2009-01-31,39.9,https://fred.stlouisfed.org/graph/fredgraph.csv?id=GVZCLS,2026-10-08
gold_vol,2009-02-02,2009-02-03,40.17,https://fred.stlouisfed.org/graph/fredgraph.csv?id=GVZCLS,2026-10-08
gold_vol,2009-02-03,2009-02-04,39.2,https://fred.stlouisfed.org/graph/fredgraph.csv?id=GVZCLS,2026-10-08
gold_vol,2009-02-04,2009-02-05,38.81,https://fred.stlouisfed.org/graph/fredgraph.csv?id=GVZCLS,2026-10-08
gold_vol,2009-02-05,2009-02-06,38.56,https://fred.stlouisfed.org/graph/fredgraph.csv?id=GVZCLS,2026-10-08
gold_vol,2009-02-06,2009-02-07,37.9,https://fred.stlouisfed.org/graph/fredgraph.csv?id=GVZCLS,2026-10-08
gold_vol,2009-02-09,2009-02-10,37.24,https://fred.stlouisfed.org/graph/fredgraph.csv?id=GVZCLS,2026-10-08
gold_vol,2009-02-10,2009-02-11,37.04,https://fred.stlouisfed.org/graph/fredgraph.csv?id=GVZCLS,2026-10-08
gold_vol,2009-02-11,2009-02-12,39.18,https://fred.stlouisfed.org/graph/fredgraph.csv?id=GVZCLS,2026-10-08
gold_vol,2009-02-12,2009-02-13,39.5,https://fred.stlouisfed.org/graph/fredgraph.csv?id=GVZCLS,2026-10-08
gold_vol,2009-02-13,2009-02-14,37.51,https://fred.stlouisfed.org/graph/fredgraph.csv?id=GVZCLS,2026-10-08
gold_vol,2009-02-17,2009-02-18,42.83,https://fred.stlouisfed.org/graph/fredgraph.csv?id=GVZCLS,2026-10-08
gold_vol,2009-02-18,2009-02-19,43.09,https://fred.stlouisfed.org/graph/fredgraph.csv?id=GVZCLS,2026-10-08
gold_vol,2009-02-19,2009-02-20,39.21,https://fred.stlouisfed.org/graph/fredgraph.csv?id=GVZCLS,2026-10-08
gold_vol,2009-02-20,2009-02-21,40.73,https://fred.stlouisfed.org/graph/fredgraph.csv?id=GVZCLS,2026-10-08
gold_vol,2009-02-23,2009-02-24,42.23,https://fred.stlouisfed.org/graph/fredgraph.csv?id=GVZCLS,2026-10-08
gold_vol,2009-02-24,2009-02-25,40.87,https://fred.stlouisfed.org/graph/fredgraph.csv?id=GVZCLS,2026-10-08
gold_vol,2009-02-25,2009-02-26,41.15,https://fred.stlouisfed.org/graph/fredgraph.csv?id=GVZCLS,2026-10-08
gold_vol,2009-02-26,2009-02-27,39.95,https://fred.stlouisfed.org/graph/fredgraph.csv?id=GVZCLS,2026-10-08
gold_vol,2009-02-27,2009-02-28,39.06,https://fred.stlouisfed.org/graph/fredgraph.csv?id=GVZCLS,2026-10-08
gold_vol,2009-03-02,2009-03-03,41.41,https://fred.stlouisfed.org/graph/fredgraph.csv?id=GVZCLS,2026-10-08
gold_vol,2009-03-03,2009-03-04,38.27,https://fred.stlouisfed.org/graph/fredgraph.csv?id=GVZCLS,2026-10-08
gold_vol,2009-03-04,2009-03-05,37.05,https://fred.stlouisfed.org/graph/fredgraph.csv?id=GVZCLS,2026-10-08
gold_vol,2009-03-05,2009-03-06,37.8,https://fred.stlouisfed.org/graph/fredgraph.csv?id=GVZCLS,2026-10-08
gold_vol,2009-03-06,2009-03-07,38.9,https://fred.stlouisfed.org/graph/fredgraph.csv?id=GVZCLS,2026-10-08
gold_vol,2009-03-09,2009-03-10,37.71,https://fred.stlouisfed.org/graph/fredgraph.csv?id=GVZCLS,2026-10-08
gold_vol,2009-03-10,2009-03-11,35.95,https://fred.stlouisfed.org/graph/fredgraph.csv?id=GVZCLS,2026-10-08
gold_vol,2009-03-11,2009-03-12,35.58,https://fred.stlouisfed.org/graph/fredgraph.csv?id=GVZCLS,2026-10-08
gold_vol,2009-03-12,2009-03-13,33.85,https://fred.stlouisfed.org/graph/fredgraph.csv?id=GVZCLS,2026-10-08
gold_vol,2009-03-13,2009-03-14,33.65,https://fred.stlouisfed.org/graph/fredgraph.csv?id=GVZCLS,2026-10-08
gold_vol,2009-03-16,2009-03-17,35.27,https://fred.stlouisfed.org/graph/fredgraph.csv?id=GVZCLS,2026-10-08
gold_vol,2009-03-17,2009-03-18,22.58,https://fred.stlouisfed.org/graph/fredgraph.csv?id=GVZCLS,2026-10-08
gold_vol,2009-03-18,2009-03-19,25.69,https://fred.stlouisfed.org/graph/fredgraph.csv?id=GVZCLS,2026-10-08
gold_vol,2009-03-19,2009-03-20,41.52,https://fred.stlouisfed.org/graph/fredgraph.csv?id=GVZCLS,2026-10-08
gold_vol,2009-03-20,2009-03-21,38.9,https://fred.stlouisfed.org/graph/fredgraph.csv?id=GVZCLS,2026-10-08
gold_vol,2009-03-23,2009-03-24,29.76,https://fred.stlouisfed.org/graph/fredgraph.csv?id=GVZCLS,2026-10-08
gold_vol,2009-03-24,2009-03-25,36.28,https://fred.stlouisfed.org/graph/fredgraph.csv?id=GVZCLS,2026-10-08
gold_vol,2009-03-25,2009-03-26,36.28,https://fred.stlouisfed.org/graph/fredgraph.csv?id=GVZCLS,2026-10-08
gold_vol,2009-03-26,2009-03-27,35.19,https://fred.stlouisfed.org/graph/fredgraph.csv?id=GVZCLS,2026-10-08
gold_vol,2009-03-27,2009-03-28,33.25,https://fred.stlouisfed.org/graph/fredgraph.csv?id=GVZCLS,2026-10-08
gold_vol,2009-03-30,2009-03-31,33.62,https://fred.stlouisfed.org/graph/fredgraph.csv?id=GVZCLS,2026-10-08
gold_vol,2009-03-31,2009-04-01,31.39,https://fred.stlouisfed.org/graph/fredgraph.csv?id=GVZCLS,2026-10-08
gold_vol,2009-04-01,2009-04-02,32.33,https://fred.stlouisfed.org/graph/fredgraph.csv?id=GVZCLS,2026-10-08
gold_vol,2009-04-02,2009-04-03,34.39,https://fred.stlouisfed.org/graph/fredgraph.csv?id=GVZCLS,2026-10-08
gold_vol,2009-04-03,2009-04-04,36.42,https://fred.stlouisfed.org/graph/fredgraph.csv?id=GVZCLS,2026-10-08
gold_vol,2009-04-06,2009-04-07,32.95,https://fred.stlouisfed.org/graph/fredgraph.csv?id=GVZCLS,2026-10-08
gold_vol,2009-04-07,2009-04-08,32.07,https://fred.stlouisfed.org/graph/fredgraph.csv?id=GVZCLS,2026-10-08
gold_vol,2009-04-08,2009-04-09,30.42,https://fred.stlouisfed.org/graph/fredgraph.csv?id=GVZCLS,2026-10-08
gold_vol,2009-04-09,2009-04-10,28.0,https://fred.stlouisfed.org/graph/fredgraph.csv?id=GVZCLS,2026-10-08
gold_vol,2009-04-13,2009-04-14,29.09,https://fred.stlouisfed.org/graph/fredgraph.csv?id=GVZCLS,2026-10-08
gold_vol,2009-04-14,2009-04-15,28.88,https://fred.stlouisfed.org/graph/fredgraph.csv?id=GVZCLS,2026-10-08
gold_vol,2009-04-15,2009-04-16,27.47,https://fred.stlouisfed.org/graph/fredgraph.csv?id=GVZCLS,2026-10-08
gold_vol,2009-04-16,2009-04-17,27.42,https://fred.stlouisfed.org/graph/fredgraph.csv?id=GVZCLS,2026-10-08
gold_vol,2009-04-17,2009-04-18,27.41,https://fred.stlouisfed.org/graph/fredgraph.csv?id=GVZCLS,2026-10-08
gold_vol,2009-04-20,2009-04-21,28.45,https://fred.stlouisfed.org/graph/fredgraph.csv?id=GVZCLS,2026-10-08
gold_vol,2009-04-21,2009-04-22,29.0,https://fred.stlouisfed.org/graph/fredgraph.csv?id=GVZCLS,2026-10-08
gold_vol,2009-04-22,2009-04-23,28.67,https://fred.stlouisfed.org/graph/fredgraph.csv?id=GVZCLS,2026-10-08
gold_vol,2009-04-23,2009-04-24,29.92,https://fred.stlouisfed.org/graph/fredgraph.csv?id=GVZCLS,2026-10-08
gold_vol,2009-04-24,2009-04-25,30.08,https://fred.stlouisfed.org/graph/fredgraph.csv?id=GVZCLS,2026-10-08
gold_vol,2009-04-27,2009-04-28,30.24,https://fred.stlouisfed.org/graph/fredgraph.csv?id=GVZCLS,2026-10-08
gold_vol,2009-04-28,2009-04-29,28.53,https://fred.stlouisfed.org/graph/fredgraph.csv?id=GVZCLS,2026-10-08
gold_vol,2009-04-29,2009-04-30,27.98,https://fred.stlouisfed.org/graph/fredgraph.csv?id=GVZCLS,2026-10-08
gold_vol,2009-04-30,2009-05-01,26.7,https://fred.stlouisfed.org/graph/fredgraph.csv?id=GVZCLS,2026-10-08
gold_vol,2009-05-01,2009-05-02,26.44,https://fred.stlouisfed.org/graph/fredgraph.csv?id=GVZCLS,2026-10-08
gold_vol,2009-05-04,2009-05-05,28.26,https://fred.stlouisfed.org/graph/fredgraph.csv?id=GVZCLS,2026-10-08
gold_vol,2009-05-05,2009-05-06,27.49,https://fred.stlouisfed.org/graph/fredgraph.csv?id=GVZCLS,2026-10-08
gold_vol,2009-05-06,2009-05-07,26.77,https://fred.stlouisfed.org/graph/fredgraph.csv?id=GVZCLS,2026-10-08
gold_vol,2009-05-07,2009-05-08,26.75,https://fred.stlouisfed.org/graph/fredgraph.csv?id=GVZCLS,2026-10-08
gold_vol,2009-05-08,2009-05-09,25.93,https://fred.stlouisfed.org/graph/fredgraph.csv?id=GVZCLS,2026-10-08
gold_vol,2009-05-11,2009-05-12,23.6,https://fred.stlouisfed.org/graph/fredgraph.csv?id=GVZCLS,2026-10-08
gold_vol,2009-05-12,2009-05-13,23.8,https://fred.stlouisfed.org/graph/fredgraph.csv?id=GVZCLS,2026-10-08
gold_vol,2009-05-13,2009-05-14,25.41,https://fred.stlouisfed.org/graph/fredgraph.csv?id=GVZCLS,2026-10-08
gold_vol,2009-05-14,2009-05-15,23.08,https://fred.stlouisfed.org/graph/fredgraph.csv?id=GVZCLS,2026-10-08
gold_vol,2009-05-15,2009-05-16,22.6,https://fred.stlouisfed.org/graph/fredgraph.csv?id=GVZCLS,2026-10-08
gold_vol,2009-05-18,2009-05-19,22.46,https://fred.stlouisfed.org/graph/fredgraph.csv?id=GVZCLS,2026-10-08
gold_vol,2009-05-19,2009-05-20,22.41,https://fred.stlouisfed.org/graph/fredgraph.csv?id=GVZCLS,2026-10-08
gold_vol,2009-05-20,2009-05-21,24.74,https://fred.stlouisfed.org/graph/fredgraph.csv?id=GVZCLS,2026-10-08
gold_vol,2009-05-21,2009-05-22,27.94,https://fred.stlouisfed.org/graph/fredgraph.csv?id=GVZCLS,2026-10-08
gold_vol,2009-05-22,2009-05-23,28.34,https://fred.stlouisfed.org/graph/fredgraph.csv?id=GVZCLS,2026-10-08
gold_vol,2009-05-26,2009-05-27,26.33,https://fred.stlouisfed.org/graph/fredgraph.csv?id=GVZCLS,2026-10-08
gold_vol,2009-05-27,2009-05-28,25.82,https://fred.stlouisfed.org/graph/fredgraph.csv?id=GVZCLS,2026-10-08
gold_vol,2009-05-28,2009-05-29,26.7,https://fred.stlouisfed.org/graph/fredgraph.csv?id=GVZCLS,2026-10-08
gold_vol,2009-05-29,2009-05-30,28.44,https://fred.stlouisfed.org/graph/fredgraph.csv?id=GVZCLS,2026-10-08
gold_vol,2009-06-01,2009-06-02,29.5,https://fred.stlouisfed.org/graph/fredgraph.csv?id=GVZCLS,2026-10-08
gold_vol,2009-06-02,2009-06-03,28.69,https://fred.stlouisfed.org/graph/fredgraph.csv?id=GVZCLS,2026-10-08
gold_vol,2009-06-03,2009-06-04,27.64,https://fred.stlouisfed.org/graph/fredgraph.csv?id=GVZCLS,2026-10-08
gold_vol,2009-06-04,2009-06-05,28.16,https://fred.stlouisfed.org/graph/fredgraph.csv?id=GVZCLS,2026-10-08
gold_vol,2009-06-05,2009-06-06,26.82,https://fred.stlouisfed.org/graph/fredgraph.csv?id=GVZCLS,2026-10-08
gold_vol,2009-06-08,2009-06-09,27.09,https://fred.stlouisfed.org/graph/fredgraph.csv?id=GVZCLS,2026-10-08
gold_vol,2009-06-09,2009-06-10,25.03,https://fred.stlouisfed.org/graph/fredgraph.csv?id=GVZCLS,2026-10-08
gold_vol,2009-06-10,2009-06-11,24.78,https://fred.stlouisfed.org/graph/fredgraph.csv?id=GVZCLS,2026-10-08
gold_vol,2009-06-11,2009-06-12,24.44,https://fred.stlouisfed.org/graph/fredgraph.csv?id=GVZCLS,2026-10-08
gold_vol,2009-06-12,2009-06-13,24.79,https://fred.stlouisfed.org/graph/fredgraph.csv?id=GVZCLS,2026-10-08
gold_vol,2009-06-15,2009-06-16,25.31,https://fred.stlouisfed.org/graph/fredgraph.csv?id=GVZCLS,2026-10-08
gold_vol,2009-06-16,2009-06-17,23.12,https://fred.stlouisfed.org/graph/fredgraph.csv?id=GVZCLS,2026-10-08
gold_vol,2009-06-17,2009-06-18,22.8,https://fred.stlouisfed.org/graph/fredgraph.csv?id=GVZCLS,2026-10-08
gold_vol,2009-06-18,2009-06-19,22.43,https://fred.stlouisfed.org/graph/fredgraph.csv?id=GVZCLS,2026-10-08
gold_vol,2009-06-19,2009-06-20,21.64,https://fred.stlouisfed.org/graph/fredgraph.csv?id=GVZCLS,2026-10-08
gold_vol,2009-06-22,2009-06-23,22.1,https://fred.stlouisfed.org/graph/fredgraph.csv?id=GVZCLS,2026-10-08
gold_vol,2009-06-23,2009-06-24,21.93,https://fred.stlouisfed.org/graph/fredgraph.csv?id=GVZCLS,2026-10-08
gold_vol,2009-06-24,2009-06-25,22.74,https://fred.stlouisfed.org/graph/fredgraph.csv?id=GVZCLS,2026-10-08
gold_vol,2009-06-25,2009-06-26,22.72,https://fred.stlouisfed.org/graph/fredgraph.csv?id=GVZCLS,2026-10-08
gold_vol,2009-06-26,2009-06-27,21.97,https://fred.stlouisfed.org/graph/fredgraph.csv?id=GVZCLS,2026-10-08
gold_vol,2009-06-29,2009-06-30,21.72,https://fred.stlouisfed.org/graph/fredgraph.csv?id=GVZCLS,2026-10-08
gold_vol,2009-06-30,2009-07-01,20.9,https://fred.stlouisfed.org/graph/fredgraph.csv?id=GVZCLS,2026-10-08
gold_vol,2009-07-01,2009-07-02,20.29,https://fred.stlouisfed.org/graph/fredgraph.csv?id=GVZCLS,2026-10-08
gold_vol,2009-07-02,2009-07-03,19.93,https://fred.stlouisfed.org/graph/fredgraph.csv?id=GVZCLS,2026-10-08
gold_vol,2009-07-06,2009-07-07,20.6,https://fred.stlouisfed.org/graph/fredgraph.csv?id=GVZCLS,2026-10-08
gold_vol,2009-07-07,2009-07-08,20.71,https://fred.stlouisfed.org/graph/fredgraph.csv?id=GVZCLS,2026-10-08
gold_vol,2009-07-08,2009-07-09,23.58,https://fred.stlouisfed.org/graph/fredgraph.csv?id=GVZCLS,2026-10-08
gold_vol,2009-07-09,2009-07-10,21.02,https://fred.stlouisfed.org/graph/fredgraph.csv?id=GVZCLS,2026-10-08
gold_vol,2009-07-10,2009-07-11,20.79,https://fred.stlouisfed.org/graph/fredgraph.csv?id=GVZCLS,2026-10-08
gold_vol,2009-07-13,2009-07-14,19.27,https://fred.stlouisfed.org/graph/fredgraph.csv?id=GVZCLS,2026-10-08
gold_vol,2009-07-14,2009-07-15,18.8,https://fred.stlouisfed.org/graph/fredgraph.csv?id=GVZCLS,2026-10-08
gold_vol,2009-07-15,2009-07-16,19.36,https://fred.stlouisfed.org/graph/fredgraph.csv?id=GVZCLS,2026-10-08
gold_vol,2009-07-16,2009-07-17,18.26,https://fred.stlouisfed.org/graph/fredgraph.csv?id=GVZCLS,2026-10-08
gold_vol,2009-07-17,2009-07-18,18.1,https://fred.stlouisfed.org/graph/fredgraph.csv?id=GVZCLS,2026-10-08
gold_vol,2009-07-20,2009-07-21,18.55,https://fred.stlouisfed.org/graph/fredgraph.csv?id=GVZCLS,2026-10-08
gold_vol,2009-07-21,2009-07-22,18.05,https://fred.stlouisfed.org/graph/fredgraph.csv?id=GVZCLS,2026-10-08
gold_vol,2009-07-22,2009-07-23,17.46,https://fred.stlouisfed.org/graph/fredgraph.csv?id=GVZCLS,2026-10-08
gold_vol,2009-07-23,2009-07-24,18.44,https://fred.stlouisfed.org/graph/fredgraph.csv?id=GVZCLS,2026-10-08
gold_vol,2009-07-24,2009-07-25,18.04,https://fred.stlouisfed.org/graph/fredgraph.csv?id=GVZCLS,2026-10-08
gold_vol,2009-07-27,2009-07-28,18.72,https://fred.stlouisfed.org/graph/fredgraph.csv?id=GVZCLS,2026-10-08
gold_vol,2009-07-28,2009-07-29,19.26,https://fred.stlouisfed.org/graph/fredgraph.csv?id=GVZCLS,2026-10-08
gold_vol,2009-07-29,2009-07-30,19.39,https://fred.stlouisfed.org/graph/fredgraph.csv?id=GVZCLS,2026-10-08
gold_vol,2009-07-30,2009-07-31,18.85,https://fred.stlouisfed.org/graph/fredgraph.csv?id=GVZCLS,2026-10-08
gold_vol,2009-07-31,2009-08-01,20.51,https://fred.stlouisfed.org/graph/fredgraph.csv?id=GVZCLS,2026-10-08
gold_vol,2009-08-03,2009-08-04,21.11,https://fred.stlouisfed.org/graph/fredgraph.csv?id=GVZCLS,2026-10-08
gold_vol,2009-08-04,2009-08-05,23.58,https://fred.stlouisfed.org/graph/fredgraph.csv?id=GVZCLS,2026-10-08
gold_vol,2009-08-05,2009-08-06,22.12,https://fred.stlouisfed.org/graph/fredgraph.csv?id=GVZCLS,2026-10-08
gold_vol,2009-08-06,2009-08-07,21.13,https://fred.stlouisfed.org/graph/fredgraph.csv?id=GVZCLS,2026-10-08
gold_vol,2009-08-07,2009-08-08,20.95,https://fred.stlouisfed.org/graph/fredgraph.csv?id=GVZCLS,2026-10-08
gold_vol,2009-08-10,2009-08-11,20.33,https://fred.stlouisfed.org/graph/fredgraph.csv?id=GVZCLS,2026-10-08
gold_vol,2009-08-11,2009-08-12,19.61,https://fred.stlouisfed.org/graph/fredgraph.csv?id=GVZCLS,2026-10-08
gold_vol,2009-08-12,2009-08-13,19.83,https://fred.stlouisfed.org/graph/fredgraph.csv?id=GVZCLS,2026-10-08
gold_vol,2009-08-13,2009-08-14,19.97,https://fred.stlouisfed.org/graph/fredgraph.csv?id=GVZCLS,2026-10-08
gold_vol,2009-08-14,2009-08-15,19.56,https://fred.stlouisfed.org/graph/fredgraph.csv?id=GVZCLS,2026-10-08
gold_vol,2009-08-17,2009-08-18,19.83,https://fred.stlouisfed.org/graph/fredgraph.csv?id=GVZCLS,2026-10-08
gold_vol,2009-08-18,2009-08-19,18.93,https://fred.stlouisfed.org/graph/fredgraph.csv?id=GVZCLS,2026-10-08
gold_vol,2009-08-19,2009-08-20,19.38,https://fred.stlouisfed.org/graph/fredgraph.csv?id=GVZCLS,2026-10-08
gold_vol,2009-08-20,2009-08-21,18.12,https://fred.stlouisfed.org/graph/fredgraph.csv?id=GVZCLS,2026-10-08
gold_vol,2009-08-21,2009-08-22,19.11,https://fred.stlouisfed.org/graph/fredgraph.csv?id=GVZCLS,2026-10-08
gold_vol,2009-08-24,2009-08-25,19.65,https://fred.stlouisfed.org/graph/fredgraph.csv?id=GVZCLS,2026-10-08
gold_vol,2009-08-25,2009-08-26,19.56,https://fred.stlouisfed.org/graph/fredgraph.csv?id=GVZCLS,2026-10-08
gold_vol,2009-08-26,2009-08-27,19.6,https://fred.stlouisfed.org/graph/fredgraph.csv?id=GVZCLS,2026-10-08
gold_vol,2009-08-27,2009-08-28,19.52,https://fred.stlouisfed.org/graph/fredgraph.csv?id=GVZCLS,2026-10-08
gold_vol,2009-08-28,2009-08-29,19.32,https://fred.stlouisfed.org/graph/fredgraph.csv?id=GVZCLS,2026-10-08
gold_vol,2009-08-31,2009-09-01,20.43,https://fred.stlouisfed.org/graph/fredgraph.csv?id=GVZCLS,2026-10-08
gold_vol,2009-09-01,2009-09-02,21.4,https://fred.stlouisfed.org/graph/fredgraph.csv?id=GVZCLS,2026-10-08
gold_vol,2009-09-02,2009-09-03,25.58,https://fred.stlouisfed.org/graph/fredgraph.csv?id=GVZCLS,2026-10-08
gold_vol,2009-09-03,2009-09-04,28.86,https://fred.stlouisfed.org/graph/fredgraph.csv?id=GVZCLS,2026-10-08
gold_vol,2009-09-04,2009-09-05,27.23,https://fred.stlouisfed.org/graph/fredgraph.csv?id=GVZCLS,2026-10-08
gold_vol,2009-09-08,2009-09-09,26.97,https://fred.stlouisfed.org/graph/fredgraph.csv?id=GVZCLS,2026-10-08
gold_vol,2009-09-09,2009-09-10,24.71,https://fred.stlouisfed.org/graph/fredgraph.csv?id=GVZCLS,2026-10-08
gold_vol,2009-09-10,2009-09-11,24.22,https://fred.stlouisfed.org/graph/fredgraph.csv?id=GVZCLS,2026-10-08
gold_vol,2009-09-11,2009-09-12,25.67,https://fred.stlouisfed.org/graph/fredgraph.csv?id=GVZCLS,2026-10-08
gold_vol,2009-09-14,2009-09-15,24.78,https://fred.stlouisfed.org/graph/fredgraph.csv?id=GVZCLS,2026-10-08
gold_vol,2009-09-15,2009-09-16,24.43,https://fred.stlouisfed.org/graph/fredgraph.csv?id=GVZCLS,2026-10-08
gold_vol,2009-09-16,2009-09-17,25.09,https://fred.stlouisfed.org/graph/fredgraph.csv?id=GVZCLS,2026-10-08
gold_vol,2009-09-17,2009-09-18,23.53,https://fred.stlouisfed.org/graph/fredgraph.csv?id=GVZCLS,2026-10-08
gold_vol,2009-09-18,2009-09-19,22.62,https://fred.stlouisfed.org/graph/fredgraph.csv?id=GVZCLS,2026-10-08
gold_vol,2009-09-21,2009-09-22,23.22,https://fred.stlouisfed.org/graph/fredgraph.csv?id=GVZCLS,2026-10-08
gold_vol,2009-09-22,2009-09-23,24.53,https://fred.stlouisfed.org/graph/fredgraph.csv?id=GVZCLS,2026-10-08
gold_vol,2009-09-23,2009-09-24,23.98,https://fred.stlouisfed.org/graph/fredgraph.csv?id=GVZCLS,2026-10-08
gold_vol,2009-09-24,2009-09-25,22.0,https://fred.stlouisfed.org/graph/fredgraph.csv?id=GVZCLS,2026-10-08
gold_vol,2009-09-25,2009-09-26,21.79,https://fred.stlouisfed.org/graph/fredgraph.csv?id=GVZCLS,2026-10-08
gold_vol,2009-09-28,2009-09-29,20.4,https://fred.stlouisfed.org/graph/fredgraph.csv?id=GVZCLS,2026-10-08
gold_vol,2009-09-29,2009-09-30,20.45,https://fred.stlouisfed.org/graph/fredgraph.csv?id=GVZCLS,2026-10-08
gold_vol,2009-09-30,2009-10-01,21.54,https://fred.stlouisfed.org/graph/fredgraph.csv?id=GVZCLS,2026-10-08
gold_vol,2009-10-01,2009-10-02,21.46,https://fred.stlouisfed.org/graph/fredgraph.csv?id=GVZCLS,2026-10-08
gold_vol,2009-10-02,2009-10-03,21.38,https://fred.stlouisfed.org/graph/fredgraph.csv?id=GVZCLS,2026-10-08
gold_vol,2009-10-05,2009-10-06,22.78,https://fred.stlouisfed.org/graph/fredgraph.csv?id=GVZCLS,2026-10-08
gold_vol,2009-10-06,2009-10-07,25.36,https://fred.stlouisfed.org/graph/fredgraph.csv?id=GVZCLS,2026-10-08
gold_vol,2009-10-07,2009-10-08,24.01,https://fred.stlouisfed.org/graph/fredgraph.csv?id=GVZCLS,2026-10-08
gold_vol,2009-10-08,2009-10-09,24.88,https://fred.stlouisfed.org/graph/fredgraph.csv?id=GVZCLS,2026-10-08
gold_vol,2009-10-09,2009-10-10,23.19,https://fred.stlouisfed.org/graph/fredgraph.csv?id=GVZCLS,2026-10-08
gold_vol,2009-10-12,2009-10-13,22.47,https://fred.stlouisfed.org/graph/fredgraph.csv?id=GVZCLS,2026-10-08
gold_vol,2009-10-13,2009-10-14,22.34,https://fred.stlouisfed.org/graph/fredgraph.csv?id=GVZCLS,2026-10-08
gold_vol,2009-10-14,2009-10-15,20.57,https://fred.stlouisfed.org/graph/fredgraph.csv?id=GVZCLS,2026-10-08
gold_vol,2009-10-15,2009-10-16,20.35,https://fred.stlouisfed.org/graph/fredgraph.csv?id=GVZCLS,2026-10-08
gold_vol,2009-10-16,2009-10-17,20.76,https://fred.stlouisfed.org/graph/fredgraph.csv?id=GVZCLS,2026-10-08
gold_vol,2009-10-19,2009-10-20,20.9,https://fred.stlouisfed.org/graph/fredgraph.csv?id=GVZCLS,2026-10-08
gold_vol,2009-10-20,2009-10-21,20.09,https://fred.stlouisfed.org/graph/fredgraph.csv?id=GVZCLS,2026-10-08
gold_vol,2009-10-21,2009-10-22,21.53,https://fred.stlouisfed.org/graph/fredgraph.csv?id=GVZCLS,2026-10-08
gold_vol,2009-10-22,2009-10-23,19.75,https://fred.stlouisfed.org/graph/fredgraph.csv?id=GVZCLS,2026-10-08
gold_vol,2009-10-23,2009-10-24,19.98,https://fred.stlouisfed.org/graph/fredgraph.csv?id=GVZCLS,2026-10-08
gold_vol,2009-10-26,2009-10-27,20.87,https://fred.stlouisfed.org/graph/fredgraph.csv?id=GVZCLS,2026-10-08
gold_vol,2009-10-27,2009-10-28,20.52,https://fred.stlouisfed.org/graph/fredgraph.csv?id=GVZCLS,2026-10-08
gold_vol,2009-10-28,2009-10-29,21.19,https://fred.stlouisfed.org/graph/fredgraph.csv?id=GVZCLS,2026-10-08
gold_vol,2009-10-29,2009-10-30,20.72,https://fred.stlouisfed.org/graph/fredgraph.csv?id=GVZCLS,2026-10-08
gold_vol,2009-10-30,2009-10-31,21.2,https://fred.stlouisfed.org/graph/fredgraph.csv?id=GVZCLS,2026-10-08
gold_vol,2009-11-02,2009-11-03,22.3,https://fred.stlouisfed.org/graph/fredgraph.csv?id=GVZCLS,2026-10-08
gold_vol,2009-11-03,2009-11-04,25.25,https://fred.stlouisfed.org/graph/fredgraph.csv?id=GVZCLS,2026-10-08
gold_vol,2009-11-04,2009-11-05,25.13,https://fred.stlouisfed.org/graph/fredgraph.csv?id=GVZCLS,2026-10-08
gold_vol,2009-11-05,2009-11-06,22.76,https://fred.stlouisfed.org/graph/fredgraph.csv?id=GVZCLS,2026-10-08
gold_vol,2009-11-06,2009-11-07,21.45,https://fred.stlouisfed.org/graph/fredgraph.csv?id=GVZCLS,2026-10-08
gold_vol,2009-11-09,2009-11-10,21.92,https://fred.stlouisfed.org/graph/fredgraph.csv?id=GVZCLS,2026-10-08
gold_vol,2009-11-10,2009-11-11,22.04,https://fred.stlouisfed.org/graph/fredgraph.csv?id=GVZCLS,2026-10-08
gold_vol,2009-11-11,2009-11-12,22.45,https://fred.stlouisfed.org/graph/fredgraph.csv?id=GVZCLS,2026-10-08
gold_vol,2009-11-12,2009-11-13,23.06,https://fred.stlouisfed.org/graph/fredgraph.csv?id=GVZCLS,2026-10-08
gold_vol,2009-11-13,2009-11-14,21.9,https://fred.stlouisfed.org/graph/fredgraph.csv?id=GVZCLS,2026-10-08
gold_vol,2009-11-16,2009-11-17,24.34,https://fred.stlouisfed.org/graph/fredgraph.csv?id=GVZCLS,2026-10-08
gold_vol,2009-11-17,2009-11-18,23.03,https://fred.stlouisfed.org/graph/fredgraph.csv?id=GVZCLS,2026-10-08
gold_vol,2009-11-18,2009-11-19,24.1,https://fred.stlouisfed.org/graph/fredgraph.csv?id=GVZCLS,2026-10-08
gold_vol,2009-11-19,2009-11-20,23.96,https://fred.stlouisfed.org/graph/fredgraph.csv?id=GVZCLS,2026-10-08
gold_vol,2009-11-20,2009-11-21,24.65,https://fred.stlouisfed.org/graph/fredgraph.csv?id=GVZCLS,2026-10-08
gold_vol,2009-11-23,2009-11-24,25.64,https://fred.stlouisfed.org/graph/fredgraph.csv?id=GVZCLS,2026-10-08
gold_vol,2009-11-24,2009-11-25,23.56,https://fred.stlouisfed.org/graph/fredgraph.csv?id=GVZCLS,2026-10-08
gold_vol,2009-11-25,2009-11-26,25.39,https://fred.stlouisfed.org/graph/fredgraph.csv?id=GVZCLS,2026-10-08
gold_vol,2009-11-27,2009-11-28,27.14,https://fred.stlouisfed.org/graph/fredgraph.csv?id=GVZCLS,2026-10-08
gold_vol,2009-11-30,2009-12-01,26.27,https://fred.stlouisfed.org/graph/fredgraph.csv?id=GVZCLS,2026-10-08
gold_vol,2009-12-01,2009-12-02,26.69,https://fred.stlouisfed.org/graph/fredgraph.csv?id=GVZCLS,2026-10-08
gold_vol,2009-12-02,2009-12-03,26.74,https://fred.stlouisfed.org/graph/fredgraph.csv?id=GVZCLS,2026-10-08
gold_vol,2009-12-03,2009-12-04,26.81,https://fred.stlouisfed.org/graph/fredgraph.csv?id=GVZCLS,2026-10-08
gold_vol,2009-12-04,2009-12-05,29.82,https://fred.stlouisfed.org/graph/fredgraph.csv?id=GVZCLS,2026-10-08
gold_vol,2009-12-07,2009-12-08,29.12,https://fred.stlouisfed.org/graph/fredgraph.csv?id=GVZCLS,2026-10-08
gold_vol,2009-12-08,2009-12-09,29.2,https://fred.stlouisfed.org/graph/fredgraph.csv?id=GVZCLS,2026-10-08
gold_vol,2009-12-09,2009-12-10,28.99,https://fred.stlouisfed.org/graph/fredgraph.csv?id=GVZCLS,2026-10-08
gold_vol,2009-12-10,2009-12-11,27.86,https://fred.stlouisfed.org/graph/fredgraph.csv?id=GVZCLS,2026-10-08
gold_vol,2009-12-11,2009-12-12,27.82,https://fred.stlouisfed.org/graph/fredgraph.csv?id=GVZCLS,2026-10-08
gold_vol,2009-12-14,2009-12-15,25.48,https://fred.stlouisfed.org/graph/fredgraph.csv?id=GVZCLS,2026-10-08
gold_vol,2009-12-15,2009-12-16,26.05,https://fred.stlouisfed.org/graph/fredgraph.csv?id=GVZCLS,2026-10-08
gold_vol,2009-12-16,2009-12-17,24.9,https://fred.stlouisfed.org/graph/fredgraph.csv?id=GVZCLS,2026-10-08
gold_vol,2009-12-17,2009-12-18,27.16,https://fred.stlouisfed.org/graph/fredgraph.csv?id=GVZCLS,2026-10-08
gold_vol,2009-12-18,2009-12-19,26.59,https://fred.stlouisfed.org/graph/fredgraph.csv?id=GVZCLS,2026-10-08
gold_vol,2009-12-21,2009-12-22,25.88,https://fred.stlouisfed.org/graph/fredgraph.csv?id=GVZCLS,2026-10-08
gold_vol,2009-12-22,2009-12-23,25.22,https://fred.stlouisfed.org/graph/fredgraph.csv?id=GVZCLS,2026-10-08
gold_vol,2009-12-23,2009-12-24,23.36,https://fred.stlouisfed.org/graph/fredgraph.csv?id=GVZCLS,2026-10-08
gold_vol,2009-12-24,2009-12-25,23.1,https://fred.stlouisfed.org/graph/fredgraph.csv?id=GVZCLS,2026-10-08
gold_vol,2009-12-28,2009-12-29,26.02,https://fred.stlouisfed.org/graph/fredgraph.csv?id=GVZCLS,2026-10-08
gold_vol,2009-12-29,2009-12-30,24.85,https://fred.stlouisfed.org/graph/fredgraph.csv?id=GVZCLS,2026-10-08
gold_vol,2009-12-30,2009-12-31,24.53,https://fred.stlouisfed.org/graph/fredgraph.csv?id=GVZCLS,2026-10-08
gold_vol,2009-12-31,2010-01-01,23.71,https://fred.stlouisfed.org/graph/fredgraph.csv?id=GVZCLS,2026-10-08
gold_vol,2010-01-04,2010-01-05,24.59,https://fred.stlouisfed.org/graph/fredgraph.csv?id=GVZCLS,2026-10-08
gold_vol,2010-01-05,2010-01-06,23.34,https://fred.stlouisfed.org/graph/fredgraph.csv?id=GVZCLS,2026-10-08
gold_vol,2010-01-06,2010-01-07,23.9,https://fred.stlouisfed.org/graph/fredgraph.csv?id=GVZCLS,2026-10-08
gold_vol,2010-01-07,2010-01-08,23.32,https://fred.stlouisfed.org/graph/fredgraph.csv?id=GVZCLS,2026-10-08
gold_vol,2010-01-08,2010-01-09,22.04,https://fred.stlouisfed.org/graph/fredgraph.csv?id=GVZCLS,2026-10-08
gold_vol,2010-01-11,2010-01-12,20.97,https://fred.stlouisfed.org/graph/fredgraph.csv?id=GVZCLS,2026-10-08
gold_vol,2010-01-12,2010-01-13,21.97,https://fred.stlouisfed.org/graph/fredgraph.csv?id=GVZCLS,2026-10-08
gold_vol,2010-01-13,2010-01-14,20.63,https://fred.stlouisfed.org/graph/fredgraph.csv?id=GVZCLS,2026-10-08
gold_vol,2010-01-14,2010-01-15,21.34,https://fred.stlouisfed.org/graph/fredgraph.csv?id=GVZCLS,2026-10-08
gold_vol,2010-01-15,2010-01-16,21.48,https://fred.stlouisfed.org/graph/fredgraph.csv?id=GVZCLS,2026-10-08
gold_vol,2010-01-19,2010-01-20,21.31,https://fred.stlouisfed.org/graph/fredgraph.csv?id=GVZCLS,2026-10-08
gold_vol,2010-01-20,2010-01-21,22.85,https://fred.stlouisfed.org/graph/fredgraph.csv?id=GVZCLS,2026-10-08
gold_vol,2010-01-21,2010-01-22,24.82,https://fred.stlouisfed.org/graph/fredgraph.csv?id=GVZCLS,2026-10-08
gold_vol,2010-01-22,2010-01-23,26.01,https://fred.stlouisfed.org/graph/fredgraph.csv?id=GVZCLS,2026-10-08
gold_vol,2010-01-25,2010-01-26,24.73,https://fred.stlouisfed.org/graph/fredgraph.csv?id=GVZCLS,2026-10-08
gold_vol,2010-01-26,2010-01-27,24.35,https://fred.stlouisfed.org/graph/fredgraph.csv?id=GVZCLS,2026-10-08
gold_vol,2010-01-27,2010-01-28,24.08,https://fred.stlouisfed.org/graph/fredgraph.csv?id=GVZCLS,2026-10-08
gold_vol,2010-01-28,2010-01-29,23.35,https://fred.stlouisfed.org/graph/fredgraph.csv?id=GVZCLS,2026-10-08
gold_vol,2010-01-29,2010-01-30,23.87,https://fred.stlouisfed.org/graph/fredgraph.csv?id=GVZCLS,2026-10-08
gold_vol,2010-02-01,2010-02-02,23.84,https://fred.stlouisfed.org/graph/fredgraph.csv?id=GVZCLS,2026-10-08
gold_vol,2010-02-02,2010-02-03,22.75,https://fred.stlouisfed.org/graph/fredgraph.csv?id=GVZCLS,2026-10-08
gold_vol,2010-02-03,2010-02-04,22.09,https://fred.stlouisfed.org/graph/fredgraph.csv?id=GVZCLS,2026-10-08
gold_vol,2010-02-04,2010-02-05,27.19,https://fred.stlouisfed.org/graph/fredgraph.csv?id=GVZCLS,2026-10-08
gold_vol,2010-02-05,2010-02-06,27.59,https://fred.stlouisfed.org/graph/fredgraph.csv?id=GVZCLS,2026-10-08
gold_vol,2010-02-08,2010-02-09,26.88,https://fred.stlouisfed.org/graph/fredgraph.csv?id=GVZCLS,2026-10-08
gold_vol,2010-02-09,2010-02-10,25.45,https://fred.stlouisfed.org/graph/fredgraph.csv?id=GVZCLS,2026-10-08
gold_vol,2010-02-10,2010-02-11,26.02,https://fred.stlouisfed.org/graph/fredgraph.csv?id=GVZCLS,2026-10-08
gold_vol,2010-02-11,2010-02-12,25.48,https://fred.stlouisfed.org/graph/fredgraph.csv?id=GVZCLS,2026-10-08
gold_vol,2010-02-12,2010-02-13,24.29,https://fred.stlouisfed.org/graph/fredgraph.csv?id=GVZCLS,2026-10-08
gold_vol,2010-02-16,2010-02-17,25.38,https://fred.stlouisfed.org/graph/fredgraph.csv?id=GVZCLS,2026-10-08
gold_vol,2010-02-17,2010-02-18,24.88,https://fred.stlouisfed.org/graph/fredgraph.csv?id=GVZCLS,2026-10-08
gold_vol,2010-02-18,2010-02-19,24.0,https://fred.stlouisfed.org/graph/fredgraph.csv?id=GVZCLS,2026-10-08
gold_vol,2010-02-19,2010-02-20,24.05,https://fred.stlouisfed.org/graph/fredgraph.csv?id=GVZCLS,2026-10-08
gold_vol,2010-02-22,2010-02-23,23.53,https://fred.stlouisfed.org/graph/fredgraph.csv?id=GVZCLS,2026-10-08
gold_vol,2010-02-23,2010-02-24,23.89,https://fred.stlouisfed.org/graph/fredgraph.csv?id=GVZCLS,2026-10-08
gold_vol,2010-02-24,2010-02-25,22.68,https://fred.stlouisfed.org/graph/fredgraph.csv?id=GVZCLS,2026-10-08
gold_vol,2010-02-25,2010-02-26,21.85,https://fred.stlouisfed.org/graph/fredgraph.csv?id=GVZCLS,2026-10-08
gold_vol,2010-02-26,2010-02-27,21.31,https://fred.stlouisfed.org/graph/fredgraph.csv?id=GVZCLS,2026-10-08
gold_vol,2010-03-01,2010-03-02,21.13,https://fred.stlouisfed.org/graph/fredgraph.csv?id=GVZCLS,2026-10-08
gold_vol,2010-03-02,2010-03-03,21.76,https://fred.stlouisfed.org/graph/fredgraph.csv?id=GVZCLS,2026-10-08
gold_vol,2010-03-03,2010-03-04,21.37,https://fred.stlouisfed.org/graph/fredgraph.csv?id=GVZCLS,2026-10-08
gold_vol,2010-03-04,2010-03-05,20.06,https://fred.stlouisfed.org/graph/fredgraph.csv?id=GVZCLS,2026-10-08
gold_vol,2010-03-05,2010-03-06,19.29,https://fred.stlouisfed.org/graph/fredgraph.csv?id=GVZCLS,2026-10-08
gold_vol,2010-03-08,2010-03-09,19.89,https://fred.stlouisfed.org/graph/fredgraph.csv?id=GVZCLS,2026-10-08
gold_vol,2010-03-09,2010-03-10,19.88,https://fred.stlouisfed.org/graph/fredgraph.csv?id=GVZCLS,2026-10-08
gold_vol,2010-03-10,2010-03-11,20.93,https://fred.stlouisfed.org/graph/fredgraph.csv?id=GVZCLS,2026-10-08
gold_vol,2010-03-11,2010-03-12,20.19,https://fred.stlouisfed.org/graph/fredgraph.csv?id=GVZCLS,2026-10-08
gold_vol,2010-03-12,2010-03-13,20.16,https://fred.stlouisfed.org/graph/fredgraph.csv?id=GVZCLS,2026-10-08
gold_vol,2010-03-15,2010-03-16,20.9,https://fred.stlouisfed.org/graph/fredgraph.csv?id=GVZCLS,2026-10-08
gold_vol,2010-03-16,2010-03-17,20.32,https://fred.stlouisfed.org/graph/fredgraph.csv?id=GVZCLS,2026-10-08
gold_vol,2010-03-17,2010-03-18,19.8,https://fred.stlouisfed.org/graph/fredgraph.csv?id=GVZCLS,2026-10-08
gold_vol,2010-03-18,2010-03-19,19.23,https://fred.stlouisfed.org/graph/fredgraph.csv?id=GVZCLS,2026-10-08
gold_vol,2010-03-19,2010-03-20,19.71,https://fred.stlouisfed.org/graph/fredgraph.csv?id=GVZCLS,2026-10-08
gold_vol,2010-03-22,2010-03-23,19.06,https://fred.stlouisfed.org/graph/fredgraph.csv?id=GVZCLS,2026-10-08
gold_vol,2010-03-23,2010-03-24,18.52,https://fred.stlouisfed.org/graph/fredgraph.csv?id=GVZCLS,2026-10-08
gold_vol,2010-03-24,2010-03-25,20.81,https://fred.stlouisfed.org/graph/fredgraph.csv?id=GVZCLS,2026-10-08
gold_vol,2010-03-25,2010-03-26,20.27,https://fred.stlouisfed.org/graph/fredgraph.csv?id=GVZCLS,2026-10-08
gold_vol,2010-03-26,2010-03-27,19.73,https://fred.stlouisfed.org/graph/fredgraph.csv?id=GVZCLS,2026-10-08
gold_vol,2010-03-29,2010-03-30,19.07,https://fred.stlouisfed.org/graph/fredgraph.csv?id=GVZCLS,2026-10-08
gold_vol,2010-03-30,2010-03-31,18.16,https://fred.stlouisfed.org/graph/fredgraph.csv?id=GVZCLS,2026-10-08
gold_vol,2010-03-31,2010-04-01,18.14,https://fred.stlouisfed.org/graph/fredgraph.csv?id=GVZCLS,2026-10-08
gold_vol,2010-04-01,2010-04-02,17.49,https://fred.stlouisfed.org/graph/fredgraph.csv?id=GVZCLS,2026-10-08
gold_vol,2010-04-05,2010-04-06,18.06,https://fred.stlouisfed.org/graph/fredgraph.csv?id=GVZCLS,2026-10-08
gold_vol,2010-04-06,2010-04-07,17.93,https://fred.stlouisfed.org/graph/fredgraph.csv?id=GVZCLS,2026-10-08
gold_vol,2010-04-07,2010-04-08,19.13,https://fred.stlouisfed.org/graph/fredgraph.csv?id=GVZCLS,2026-10-08
gold_vol,2010-04-08,2010-04-09,18.86,https://fred.stlouisfed.org/graph/fredgraph.csv?id=GVZCLS,2026-10-08
gold_vol,2010-04-09,2010-04-10,19.4,https://fred.stlouisfed.org/graph/fredgraph.csv?id=GVZCLS,2026-10-08
gold_vol,2010-04-12,2010-04-13,18.27,https://fred.stlouisfed.org/graph/fredgraph.csv?id=GVZCLS,2026-10-08
gold_vol,2010-04-13,2010-04-14,17.51,https://fred.stlouisfed.org/graph/fredgraph.csv?id=GVZCLS,2026-10-08
gold_vol,2010-04-14,2010-04-15,17.31,https://fred.stlouisfed.org/graph/fredgraph.csv?id=GVZCLS,2026-10-08
gold_vol,2010-04-15,2010-04-16,17.44,https://fred.stlouisfed.org/graph/fredgraph.csv?id=GVZCLS,2026-10-08
gold_vol,2010-04-16,2010-04-17,18.85,https://fred.stlouisfed.org/graph/fredgraph.csv?id=GVZCLS,2026-10-08
gold_vol,2010-04-19,2010-04-20,18.94,https://fred.stlouisfed.org/graph/fredgraph.csv?id=GVZCLS,2026-10-08
gold_vol,2010-04-20,2010-04-21,17.69,https://fred.stlouisfed.org/graph/fredgraph.csv?id=GVZCLS,2026-10-08
gold_vol,2010-04-21,2010-04-22,17.8,https://fred.stlouisfed.org/graph/fredgraph.csv?id=GVZCLS,2026-10-08
gold_vol,2010-04-22,2010-04-23,17.77,https://fred.stlouisfed.org/graph/fredgraph.csv?id=GVZCLS,2026-10-08
gold_vol,2010-04-23,2010-04-24,17.9,https://fred.stlouisfed.org/graph/fredgraph.csv?id=GVZCLS,2026-10-08
gold_vol,2010-04-26,2010-04-27,17.73,https://fred.stlouisfed.org/graph/fredgraph.csv?id=GVZCLS,2026-10-08
gold_vol,2010-04-27,2010-04-28,17.73,https://fred.stlouisfed.org/graph/fredgraph.csv?id=GVZCLS,2026-10-08
gold_vol,2010-04-28,2010-04-29,20.13,https://fred.stlouisfed.org/graph/fredgraph.csv?id=GVZCLS,2026-10-08
gold_vol,2010-04-29,2010-04-30,19.35,https://fred.stlouisfed.org/graph/fredgraph.csv?id=GVZCLS,2026-10-08
gold_vol,2010-04-30,2010-05-01,20.42,https://fred.stlouisfed.org/graph/fredgraph.csv?id=GVZCLS,2026-10-08
gold_vol,2010-05-03,2010-05-04,20.93,https://fred.stlouisfed.org/graph/fredgraph.csv?id=GVZCLS,2026-10-08
gold_vol,2010-05-04,2010-05-05,21.71,https://fred.stlouisfed.org/graph/fredgraph.csv?id=GVZCLS,2026-10-08
gold_vol,2010-05-05,2010-05-06,21.79,https://fred.stlouisfed.org/graph/fredgraph.csv?id=GVZCLS,2026-10-08
gold_vol,2010-05-06,2010-05-07,26.31,https://fred.stlouisfed.org/graph/fredgraph.csv?id=GVZCLS,2026-10-08
gold_vol,2010-05-07,2010-05-08,26.24,https://fred.stlouisfed.org/graph/fredgraph.csv?id=GVZCLS,2026-10-08
gold_vol,2010-05-10,2010-05-11,24.35,https://fred.stlouisfed.org/graph/fredgraph.csv?id=GVZCLS,2026-10-08
gold_vol,2010-05-11,2010-05-12,25.96,https://fred.stlouisfed.org/graph/fredgraph.csv?id=GVZCLS,2026-10-08
gold_vol,2010-05-12,2010-05-13,25.34,https://fred.stlouisfed.org/graph/fredgraph.csv?id=GVZCLS,2026-10-08
gold_vol,2010-05-13,2010-05-14,24.41,https://fred.stlouisfed.org/graph/fredgraph.csv?id=GVZCLS,2026-10-08
gold_vol,2010-05-14,2010-05-15,26.21,https://fred.stlouisfed.org/graph/fredgraph.csv?id=GVZCLS,2026-10-08
gold_vol,2010-05-17,2010-05-18,26.46,https://fred.stlouisfed.org/graph/fredgraph.csv?id=GVZCLS,2026-10-08
gold_vol,2010-05-18,2010-05-19,26.25,https://fred.stlouisfed.org/graph/fredgraph.csv?id=GVZCLS,2026-10-08
gold_vol,2010-05-19,2010-05-20,27.05,https://fred.stlouisfed.org/graph/fredgraph.csv?id=GVZCLS,2026-10-08
gold_vol,2010-05-20,2010-05-21,30.73,https://fred.stlouisfed.org/graph/fredgraph.csv?id=GVZCLS,2026-10-08
gold_vol,2010-05-21,2010-05-22,27.78,https://fred.stlouisfed.org/graph/fredgraph.csv?id=GVZCLS,2026-10-08
gold_vol,2010-05-24,2010-05-25,25.72,https://fred.stlouisfed.org/graph/fredgraph.csv?id=GVZCLS,2026-10-08
gold_vol,2010-05-25,2010-05-26,25.72,https://fred.stlouisfed.org/graph/fredgraph.csv?id=GVZCLS,2026-10-08
gold_vol,2010-05-26,2010-05-27,24.74,https://fred.stlouisfed.org/graph/fredgraph.csv?id=GVZCLS,2026-10-08
gold_vol,2010-05-27,2010-05-28,23.0,https://fred.stlouisfed.org/graph/fredgraph.csv?id=GVZCLS,2026-10-08
gold_vol,2010-05-28,2010-05-29,22.28,https://fred.stlouisfed.org/graph/fredgraph.csv?id=GVZCLS,2026-10-08
gold_vol,2010-06-01,2010-06-02,23.15,https://fred.stlouisfed.org/graph/fredgraph.csv?id=GVZCLS,2026-10-08
gold_vol,2010-06-02,2010-06-03,21.55,https://fred.stlouisfed.org/graph/fredgraph.csv?id=GVZCLS,2026-10-08
gold_vol,2010-06-03,2010-06-04,21.7,https://fred.stlouisfed.org/graph/fredgraph.csv?id=GVZCLS,2026-10-08
gold_vol,2010-06-04,2010-06-05,23.15,https://fred.stlouisfed.org/graph/fredgraph.csv?id=GVZCLS,2026-10-08
gold_vol,2010-06-07,2010-06-08,24.95,https://fred.stlouisfed.org/graph/fredgraph.csv?id=GVZCLS,2026-10-08
gold_vol,2010-06-08,2010-06-09,24.98,https://fred.stlouisfed.org/graph/fredgraph.csv?id=GVZCLS,2026-10-08
gold_vol,2010-06-09,2010-06-10,24.58,https://fred.stlouisfed.org/graph/fredgraph.csv?id=GVZCLS,2026-10-08
gold_vol,2010-06-10,2010-06-11,23.29,https://fred.stlouisfed.org/graph/fredgraph.csv?id=GVZCLS,2026-10-08
gold_vol,2010-06-11,2010-06-12,21.62,https://fred.stlouisfed.org/graph/fredgraph.csv?id=GVZCLS,2026-10-08
gold_vol,2010-06-14,2010-06-15,21.79,https://fred.stlouisfed.org/graph/fredgraph.csv?id=GVZCLS,2026-10-08
gold_vol,2010-06-15,2010-06-16,21.26,https://fred.stlouisfed.org/graph/fredgraph.csv?id=GVZCLS,2026-10-08
gold_vol,2010-06-16,2010-06-17,20.85,https://fred.stlouisfed.org/graph/fredgraph.csv?id=GVZCLS,2026-10-08
gold_vol,2010-06-17,2010-06-18,22.78,https://fred.stlouisfed.org/graph/fredgraph.csv?id=GVZCLS,2026-10-08
gold_vol,2010-06-18,2010-06-19,22.04,https://fred.stlouisfed.org/graph/fredgraph.csv?id=GVZCLS,2026-10-08
gold_vol,2010-06-21,2010-06-22,22.25,https://fred.stlouisfed.org/graph/fredgraph.csv?id=GVZCLS,2026-10-08
gold_vol,2010-06-22,2010-06-23,22.37,https://fred.stlouisfed.org/graph/fredgraph.csv?id=GVZCLS,2026-10-08
gold_vol,2010-06-23,2010-06-24,22.38,https://fred.stlouisfed.org/graph/fredgraph.csv?id=GVZCLS,2026-10-08
gold_vol,2010-06-24,2010-06-25,22.27,https://fred.stlouisfed.org/graph/fredgraph.csv?id=GVZCLS,2026-10-08
gold_vol,2010-06-25,2010-06-26,22.06,https://fred.stlouisfed.org/graph/fredgraph.csv?id=GVZCLS,2026-10-08
gold_vol,2010-06-28,2010-06-29,22.8,https://fred.stlouisfed.org/graph/fredgraph.csv?id=GVZCLS,2026-10-08
gold_vol,2010-06-29,2010-06-30,24.07,https://fred.stlouisfed.org/graph/fredgraph.csv?id=GVZCLS,2026-10-08
gold_vol,2010-06-30,2010-07-01,23.46,https://fred.stlouisfed.org/graph/fredgraph.csv?id=GVZCLS,2026-10-08
gold_vol,2010-07-01,2010-07-02,25.13,https://fred.stlouisfed.org/graph/fredgraph.csv?id=GVZCLS,2026-10-08
gold_vol,2010-07-02,2010-07-03,22.95,https://fred.stlouisfed.org/graph/fredgraph.csv?id=GVZCLS,2026-10-08
gold_vol,2010-07-06,2010-07-07,23.7,https://fred.stlouisfed.org/graph/fredgraph.csv?id=GVZCLS,2026-10-08
gold_vol,2010-07-07,2010-07-08,22.0,https://fred.stlouisfed.org/graph/fredgraph.csv?id=GVZCLS,2026-10-08
gold_vol,2010-07-08,2010-07-09,20.26,https://fred.stlouisfed.org/graph/fredgraph.csv?id=GVZCLS,2026-10-08
gold_vol,2010-07-09,2010-07-10,19.68,https://fred.stlouisfed.org/graph/fredgraph.csv?id=GVZCLS,2026-10-08
gold_vol,2010-07-12,2010-07-13,18.51,https://fred.stlouisfed.org/graph/fredgraph.csv?id=GVZCLS,2026-10-08
gold_vol,2010-07-13,2010-07-14,18.99,https://fred.stlouisfed.org/graph/fredgraph.csv?id=GVZCLS,2026-10-08
gold_vol,2010-07-14,2010-07-15,18.24,https://fred.stlouisfed.org/graph/fredgraph.csv?id=GVZCLS,2026-10-08
gold_vol,2010-07-15,2010-07-16,17.18,https://fred.stlouisfed.org/graph/fredgraph.csv?id=GVZCLS,2026-10-08
gold_vol,2010-07-16,2010-07-17,20.13,https://fred.stlouisfed.org/graph/fredgraph.csv?id=GVZCLS,2026-10-08
gold_vol,2010-07-19,2010-07-20,20.31,https://fred.stlouisfed.org/graph/fredgraph.csv?id=GVZCLS,2026-10-08
gold_vol,2010-07-20,2010-07-21,20.41,https://fred.stlouisfed.org/graph/fredgraph.csv?id=GVZCLS,2026-10-08
gold_vol,2010-07-21,2010-07-22,20.5,https://fred.stlouisfed.org/graph/fredgraph.csv?id=GVZCLS,2026-10-08
gold_vol,2010-07-22,2010-07-23,19.81,https://fred.stlouisfed.org/graph/fredgraph.csv?id=GVZCLS,2026-10-08
gold_vol,2010-07-23,2010-07-24,20.28,https://fred.stlouisfed.org/graph/fredgraph.csv?id=GVZCLS,2026-10-08
gold_vol,2010-07-26,2010-07-27,20.98,https://fred.stlouisfed.org/graph/fredgraph.csv?id=GVZCLS,2026-10-08
gold_vol,2010-07-27,2010-07-28,22.12,https://fred.stlouisfed.org/graph/fredgraph.csv?id=GVZCLS,2026-10-08
gold_vol,2010-07-28,2010-07-29,21.29,https://fred.stlouisfed.org/graph/fredgraph.csv?id=GVZCLS,2026-10-08
gold_vol,2010-07-29,2010-07-30,19.74,https://fred.stlouisfed.org/graph/fredgraph.csv?id=GVZCLS,2026-10-08
gold_vol,2010-07-30,2010-07-31,18.86,https://fred.stlouisfed.org/graph/fredgraph.csv?id=GVZCLS,2026-10-08
gold_vol,2010-08-02,2010-08-03,18.79,https://fred.stlouisfed.org/graph/fredgraph.csv?id=GVZCLS,2026-10-08
gold_vol,2010-08-03,2010-08-04,18.42,https://fred.stlouisfed.org/graph/fredgraph.csv?id=GVZCLS,2026-10-08
gold_vol,2010-08-04,2010-08-05,18.11,https://fred.stlouisfed.org/graph/fredgraph.csv?id=GVZCLS,2026-10-08
gold_vol,2010-08-05,2010-08-06,18.0,https://fred.stlouisfed.org/graph/fredgraph.csv?id=GVZCLS,2026-10-08
gold_vol,2010-08-06,2010-08-07,17.82,https://fred.stlouisfed.org/graph/fredgraph.csv?id=GVZCLS,2026-10-08
gold_vol,2010-08-09,2010-08-10,17.61,https://fred.stlouisfed.org/graph/fredgraph.csv?id=GVZCLS,2026-10-08
gold_vol,2010-08-10,2010-08-11,18.11,https://fred.stlouisfed.org/graph/fredgraph.csv?id=GVZCLS,2026-10-08
gold_vol,2010-08-11,2010-08-12,19.0,https://fred.stlouisfed.org/graph/fredgraph.csv?id=GVZCLS,2026-10-08
gold_vol,2010-08-12,2010-08-13,18.74,https://fred.stlouisfed.org/graph/fredgraph.csv?id=GVZCLS,2026-10-08
gold_vol,2010-08-13,2010-08-14,18.37,https://fred.stlouisfed.org/graph/fredgraph.csv?id=GVZCLS,2026-10-08
gold_vol,2010-08-16,2010-08-17,18.5,https://fred.stlouisfed.org/graph/fredgraph.csv?id=GVZCLS,2026-10-08
gold_vol,2010-08-17,2010-08-18,17.37,https://fred.stlouisfed.org/graph/fredgraph.csv?id=GVZCLS,2026-10-08
gold_vol,2010-08-18,2010-08-19,17.79,https://fred.stlouisfed.org/graph/fredgraph.csv?id=GVZCLS,2026-10-08
gold_vol,2010-08-19,2010-08-20,18.14,https://fred.stlouisfed.org/graph/fredgraph.csv?id=GVZCLS,2026-10-08
gold_vol,2010-08-20,2010-08-21,18.87,https://fred.stlouisfed.org/graph/fredgraph.csv?id=GVZCLS,2026-10-08
gold_vol,2010-08-23,2010-08-24,18.42,https://fred.stlouisfed.org/graph/fredgraph.csv?id=GVZCLS,2026-10-08
gold_vol,2010-08-24,2010-08-25,19.11,https://fred.stlouisfed.org/graph/fredgraph.csv?id=GVZCLS,2026-10-08
gold_vol,2010-08-25,2010-08-26,19.6,https://fred.stlouisfed.org/graph/fredgraph.csv?id=GVZCLS,2026-10-08
gold_vol,2010-08-26,2010-08-27,18.81,https://fred.stlouisfed.org/graph/fredgraph.csv?id=GVZCLS,2026-10-08
gold_vol,2010-08-27,2010-08-28,18.39,https://fred.stlouisfed.org/graph/fredgraph.csv?id=GVZCLS,2026-10-08
gold_vol,2010-08-30,2010-08-31,18.52,https://fred.stlouisfed.org/graph/fredgraph.csv?id=GVZCLS,2026-10-08
gold_vol,2010-08-31,2010-09-01,19.39,https://fred.stlouisfed.org/graph/fredgraph.csv?id=GVZCLS,2026-10-08
gold_vol,2010-09-01,2010-09-02,17.98,https://fred.stlouisfed.org/graph/fredgraph.csv?id=GVZCLS,2026-10-08
gold_vol,2010-09-02,2010-09-03,17.83,https://fred.stlouisfed.org/graph/fredgraph.csv?id=GVZCLS,2026-10-08
gold_vol,2010-09-03,2010-09-04,17.51,https://fred.stlouisfed.org/graph/fredgraph.csv?id=GVZCLS,2026-10-08
gold_vol,2010-09-07,2010-09-08,17.77,https://fred.stlouisfed.org/graph/fredgraph.csv?id=GVZCLS,2026-10-08
gold_vol,2010-09-08,2010-09-09,17.88,https://fred.stlouisfed.org/graph/fredgraph.csv?id=GVZCLS,2026-10-08
gold_vol,2010-09-09,2010-09-10,17.41,https://fred.stlouisfed.org/graph/fredgraph.csv?id=GVZCLS,2026-10-08
gold_vol,2010-09-10,2010-09-11,17.3,https://fred.stlouisfed.org/graph/fredgraph.csv?id=GVZCLS,2026-10-08
gold_vol,2010-09-13,2010-09-14,16.69,https://fred.stlouisfed.org/graph/fredgraph.csv?id=GVZCLS,2026-10-08
gold_vol,2010-09-14,2010-09-15,18.24,https://fred.stlouisfed.org/graph/fredgraph.csv?id=GVZCLS,2026-10-08
gold_vol,2010-09-15,2010-09-16,17.56,https://fred.stlouisfed.org/graph/fredgraph.csv?id=GVZCLS,2026-10-08
gold_vol,2010-09-16,2010-09-17,18.26,https://fred.stlouisfed.org/graph/fredgraph.csv?id=GVZCLS,2026-10-08
gold_vol,2010-09-17,2010-09-18,18.08,https://fred.stlouisfed.org/graph/fredgraph.csv?id=GVZCLS,2026-10-08
gold_vol,2010-09-20,2010-09-21,17.92,https://fred.stlouisfed.org/graph/fredgraph.csv?id=GVZCLS,2026-10-08
gold_vol,2010-09-21,2010-09-22,17.94,https://fred.stlouisfed.org/graph/fredgraph.csv?id=GVZCLS,2026-10-08
gold_vol,2010-09-22,2010-09-23,17.36,https://fred.stlouisfed.org/graph/fredgraph.csv?id=GVZCLS,2026-10-08
gold_vol,2010-09-23,2010-09-24,17.56,https://fred.stlouisfed.org/graph/fredgraph.csv?id=GVZCLS,2026-10-08
gold_vol,2010-09-24,2010-09-25,17.81,https://fred.stlouisfed.org/graph/fredgraph.csv?id=GVZCLS,2026-10-08
gold_vol,2010-09-27,2010-09-28,18.22,https://fred.stlouisfed.org/graph/fredgraph.csv?id=GVZCLS,2026-10-08
gold_vol,2010-09-28,2010-09-29,18.2,https://fred.stlouisfed.org/graph/fredgraph.csv?id=GVZCLS,2026-10-08
gold_vol,2010-09-29,2010-09-30,18.65,https://fred.stlouisfed.org/graph/fredgraph.csv?id=GVZCLS,2026-10-08
gold_vol,2010-09-30,2010-10-01,18.65,https://fred.stlouisfed.org/graph/fredgraph.csv?id=GVZCLS,2026-10-08
gold_vol,2010-10-01,2010-10-02,18.41,https://fred.stlouisfed.org/graph/fredgraph.csv?id=GVZCLS,2026-10-08
gold_vol,2010-10-04,2010-10-05,18.88,https://fred.stlouisfed.org/graph/fredgraph.csv?id=GVZCLS,2026-10-08
gold_vol,2010-10-05,2010-10-06,19.58,https://fred.stlouisfed.org/graph/fredgraph.csv?id=GVZCLS,2026-10-08
gold_vol,2010-10-06,2010-10-07,19.84,https://fred.stlouisfed.org/graph/fredgraph.csv?id=GVZCLS,2026-10-08
gold_vol,2010-10-07,2010-10-08,21.43,https://fred.stlouisfed.org/graph/fredgraph.csv?id=GVZCLS,2026-10-08
gold_vol,2010-10-08,2010-10-09,20.65,https://fred.stlouisfed.org/graph/fredgraph.csv?id=GVZCLS,2026-10-08
gold_vol,2010-10-11,2010-10-12,20.13,https://fred.stlouisfed.org/graph/fredgraph.csv?id=GVZCLS,2026-10-08
gold_vol,2010-10-12,2010-10-13,20.01,https://fred.stlouisfed.org/graph/fredgraph.csv?id=GVZCLS,2026-10-08
gold_vol,2010-10-13,2010-10-14,20.85,https://fred.stlouisfed.org/graph/fredgraph.csv?id=GVZCLS,2026-10-08
gold_vol,2010-10-14,2010-10-15,22.61,https://fred.stlouisfed.org/graph/fredgraph.csv?id=GVZCLS,2026-10-08
gold_vol,2010-10-15,2010-10-16,21.05,https://fred.stlouisfed.org/graph/fredgraph.csv?id=GVZCLS,2026-10-08
gold_vol,2010-10-18,2010-10-19,20.89,https://fred.stlouisfed.org/graph/fredgraph.csv?id=GVZCLS,2026-10-08
gold_vol,2010-10-19,2010-10-20,21.16,https://fred.stlouisfed.org/graph/fredgraph.csv?id=GVZCLS,2026-10-08
gold_vol,2010-10-20,2010-10-21,20.51,https://fred.stlouisfed.org/graph/fredgraph.csv?id=GVZCLS,2026-10-08
gold_vol,2010-10-21,2010-10-22,21.11,https://fred.stlouisfed.org/graph/fredgraph.csv?id=GVZCLS,2026-10-08
gold_vol,2010-10-22,2010-10-23,20.45,https://fred.stlouisfed.org/graph/fredgraph.csv?id=GVZCLS,2026-10-08
gold_vol,2010-10-25,2010-10-26,20.06,https://fred.stlouisfed.org/graph/fredgraph.csv?id=GVZCLS,2026-10-08
gold_vol,2010-10-26,2010-10-27,20.16,https://fred.stlouisfed.org/graph/fredgraph.csv?id=GVZCLS,2026-10-08
gold_vol,2010-10-27,2010-10-28,20.42,https://fred.stlouisfed.org/graph/fredgraph.csv?id=GVZCLS,2026-10-08
gold_vol,2010-10-28,2010-10-29,20.81,https://fred.stlouisfed.org/graph/fredgraph.csv?id=GVZCLS,2026-10-08
gold_vol,2010-10-29,2010-10-30,21.24,https://fred.stlouisfed.org/graph/fredgraph.csv?id=GVZCLS,2026-10-08
gold_vol,2010-11-01,2010-11-02,22.45,https://fred.stlouisfed.org/graph/fredgraph.csv?id=GVZCLS,2026-10-08
gold_vol,2010-11-02,2010-11-03,21.87,https://fred.stlouisfed.org/graph/fredgraph.csv?id=GVZCLS,2026-10-08
gold_vol,2010-11-03,2010-11-04,20.68,https://fred.stlouisfed.org/graph/fredgraph.csv?id=GVZCLS,2026-10-08
gold_vol,2010-11-04,2010-11-05,21.48,https://fred.stlouisfed.org/graph/fredgraph.csv?id=GVZCLS,2026-10-08
gold_vol,2010-11-05,2010-11-06,21.06,https://fred.stlouisfed.org/graph/fredgraph.csv?id=GVZCLS,2026-10-08
gold_vol,2010-11-08,2010-11-09,22.38,https://fred.stlouisfed.org/graph/fredgraph.csv?id=GVZCLS,2026-10-08
gold_vol,2010-11-09,2010-11-10,24.65,https://fred.stlouisfed.org/graph/fredgraph.csv?id=GVZCLS,2026-10-08
gold_vol,2010-11-10,2010-11-11,24.02,https://fred.stlouisfed.org/graph/fredgraph.csv?id=GVZCLS,2026-10-08
gold_vol,2010-11-11,2010-11-12,23.22,https://fred.stlouisfed.org/graph/fredgraph.csv?id=GVZCLS,2026-10-08
gold_vol,2010-11-12,2010-11-13,23.67,https://fred.stlouisfed.org/graph/fredgraph.csv?id=GVZCLS,2026-10-08
gold_vol,2010-11-15,2010-11-16,23.32,https://fred.stlouisfed.org/graph/fredgraph.csv?id=GVZCLS,2026-10-08
gold_vol,2010-11-16,2010-11-17,23.56,https://fred.stlouisfed.org/graph/fredgraph.csv?id=GVZCLS,2026-10-08
gold_vol,2010-11-17,2010-11-18,22.09,https://fred.stlouisfed.org/graph/fredgraph.csv?id=GVZCLS,2026-10-08
gold_vol,2010-11-18,2010-11-19,21.31,https://fred.stlouisfed.org/graph/fredgraph.csv?id=GVZCLS,2026-10-08
gold_vol,2010-11-19,2010-11-20,20.13,https://fred.stlouisfed.org/graph/fredgraph.csv?id=GVZCLS,2026-10-08
gold_vol,2010-11-22,2010-11-23,20.23,https://fred.stlouisfed.org/graph/fredgraph.csv?id=GVZCLS,2026-10-08
gold_vol,2010-11-23,2010-11-24,21.33,https://fred.stlouisfed.org/graph/fredgraph.csv?id=GVZCLS,2026-10-08
gold_vol,2010-11-24,2010-11-25,20.59,https://fred.stlouisfed.org/graph/fredgraph.csv?id=GVZCLS,2026-10-08
gold_vol,2010-11-26,2010-11-27,15.92,https://fred.stlouisfed.org/graph/fredgraph.csv?id=GVZCLS,2026-10-08
gold_vol,2010-11-29,2010-11-30,21.51,https://fred.stlouisfed.org/graph/fredgraph.csv?id=GVZCLS,2026-10-08
gold_vol,2010-11-30,2010-12-01,22.61,https://fred.stlouisfed.org/graph/fredgraph.csv?id=GVZCLS,2026-10-08
gold_vol,2010-12-01,2010-12-02,22.64,https://fred.stlouisfed.org/graph/fredgraph.csv?id=GVZCLS,2026-10-08
gold_vol,2010-12-02,2010-12-03,21.69,https://fred.stlouisfed.org/graph/fredgraph.csv?id=GVZCLS,2026-10-08
gold_vol,2010-12-03,2010-12-04,20.95,https://fred.stlouisfed.org/graph/fredgraph.csv?id=GVZCLS,2026-10-08
gold_vol,2010-12-06,2010-12-07,20.74,https://fred.stlouisfed.org/graph/fredgraph.csv?id=GVZCLS,2026-10-08
gold_vol,2010-12-07,2010-12-08,20.97,https://fred.stlouisfed.org/graph/fredgraph.csv?id=GVZCLS,2026-10-08
gold_vol,2010-12-08,2010-12-09,21.13,https://fred.stlouisfed.org/graph/fredgraph.csv?id=GVZCLS,2026-10-08
gold_vol,2010-12-09,2010-12-10,20.04,https://fred.stlouisfed.org/graph/fredgraph.csv?id=GVZCLS,2026-10-08
gold_vol,2010-12-10,2010-12-11,19.63,https://fred.stlouisfed.org/graph/fredgraph.csv?id=GVZCLS,2026-10-08
gold_vol,2010-12-13,2010-12-14,17.35,https://fred.stlouisfed.org/graph/fredgraph.csv?id=GVZCLS,2026-10-08
gold_vol,2010-12-14,2010-12-15,16.77,https://fred.stlouisfed.org/graph/fredgraph.csv?id=GVZCLS,2026-10-08
gold_vol,2010-12-15,2010-12-16,16.87,https://fred.stlouisfed.org/graph/fredgraph.csv?id=GVZCLS,2026-10-08
gold_vol,2010-12-16,2010-12-17,17.31,https://fred.stlouisfed.org/graph/fredgraph.csv?id=GVZCLS,2026-10-08
gold_vol,2010-12-17,2010-12-18,16.41,https://fred.stlouisfed.org/graph/fredgraph.csv?id=GVZCLS,2026-10-08
gold_vol,2010-12-20,2010-12-21,16.3,https://fred.stlouisfed.org/graph/fredgraph.csv?id=GVZCLS,2026-10-08
gold_vol,2010-12-21,2010-12-22,16.66,https://fred.stlouisfed.org/graph/fredgraph.csv?id=GVZCLS,2026-10-08
gold_vol,2010-12-22,2010-12-23,16.32,https://fred.stlouisfed.org/graph/fredgraph.csv?id=GVZCLS,2026-10-08
gold_vol,2010-12-23,2010-12-24,16.23,https://fred.stlouisfed.org/graph/fredgraph.csv?id=GVZCLS,2026-10-08
gold_vol,2010-12-27,2010-12-28,17.31,https://fred.stlouisfed.org/graph/fredgraph.csv?id=GVZCLS,2026-10-08
gold_vol,2010-12-28,2010-12-29,18.7,https://fred.stlouisfed.org/graph/fredgraph.csv?id=GVZCLS,2026-10-08
gold_vol,2010-12-29,2010-12-30,19.54,https://fred.stlouisfed.org/graph/fredgraph.csv?id=GVZCLS,2026-10-08
gold_vol,2010-12-30,2010-12-31,19.67,https://fred.stlouisfed.org/graph/fredgraph.csv?id=GVZCLS,2026-10-08
gold_vol,2010-12-31,2011-01-01,19.53,https://fred.stlouisfed.org/graph/fredgraph.csv?id=GVZCLS,2026-10-08
gold_vol,2011-01-03,2011-01-04,18.95,https://fred.stlouisfed.org/graph/fredgraph.csv?id=GVZCLS,2026-10-08
gold_vol,2011-01-04,2011-01-05,18.84,https://fred.stlouisfed.org/graph/fredgraph.csv?id=GVZCLS,2026-10-08
gold_vol,2011-01-05,2011-01-06,18.83,https://fred.stlouisfed.org/graph/fredgraph.csv?id=GVZCLS,2026-10-08
gold_vol,2011-01-06,2011-01-07,19.24,https://fred.stlouisfed.org/graph/fredgraph.csv?id=GVZCLS,2026-10-08
gold_vol,2011-01-07,2011-01-08,18.5,https://fred.stlouisfed.org/graph/fredgraph.csv?id=GVZCLS,2026-10-08
gold_vol,2011-01-10,2011-01-11,18.32,https://fred.stlouisfed.org/graph/fredgraph.csv?id=GVZCLS,2026-10-08
gold_vol,2011-01-11,2011-01-12,17.52,https://fred.stlouisfed.org/graph/fredgraph.csv?id=GVZCLS,2026-10-08
gold_vol,2011-01-12,2011-01-13,16.92,https://fred.stlouisfed.org/graph/fredgraph.csv?id=GVZCLS,2026-10-08
gold_vol,2011-01-13,2011-01-14,18.46,https://fred.stlouisfed.org/graph/fredgraph.csv?id=GVZCLS,2026-10-08
gold_vol,2011-01-14,2011-01-15,18.72,https://fred.stlouisfed.org/graph/fredgraph.csv?id=GVZCLS,2026-10-08
gold_vol,2011-01-18,2011-01-19,17.66,https://fred.stlouisfed.org/graph/fredgraph.csv?id=GVZCLS,2026-10-08
gold_vol,2011-01-19,2011-01-20,17.95,https://fred.stlouisfed.org/graph/fredgraph.csv?id=GVZCLS,2026-10-08
gold_vol,2011-01-20,2011-01-21,18.53,https://fred.stlouisfed.org/graph/fredgraph.csv?id=GVZCLS,2026-10-08
gold_vol,2011-01-21,2011-01-22,19.06,https://fred.stlouisfed.org/graph/fredgraph.csv?id=GVZCLS,2026-10-08
gold_vol,2011-01-24,2011-01-25,18.99,https://fred.stlouisfed.org/graph/fredgraph.csv?id=GVZCLS,2026-10-08
gold_vol,2011-01-25,2011-01-26,18.73,https://fred.stlouisfed.org/graph/fredgraph.csv?id=GVZCLS,2026-10-08
gold_vol,2011-01-26,2011-01-27,18.86,https://fred.stlouisfed.org/graph/fredgraph.csv?id=GVZCLS,2026-10-08
gold_vol,2011-01-27,2011-01-28,18.87,https://fred.stlouisfed.org/graph/fredgraph.csv?id=GVZCLS,2026-10-08
gold_vol,2011-01-28,2011-01-29,18.65,https://fred.stlouisfed.org/graph/fredgraph.csv?id=GVZCLS,2026-10-08
gold_vol,2011-01-31,2011-02-01,18.33,https://fred.stlouisfed.org/graph/fredgraph.csv?id=GVZCLS,2026-10-08
gold_vol,2011-02-01,2011-02-02,17.7,https://fred.stlouisfed.org/graph/fredgraph.csv?id=GVZCLS,2026-10-08
gold_vol,2011-02-02,2011-02-03,17.22,https://fred.stlouisfed.org/graph/fredgraph.csv?id=GVZCLS,2026-10-08
gold_vol,2011-02-03,2011-02-04,17.74,https://fred.stlouisfed.org/graph/fredgraph.csv?id=GVZCLS,2026-10-08
gold_vol,2011-02-04,2011-02-05,17.0,https://fred.stlouisfed.org/graph/fredgraph.csv?id=GVZCLS,2026-10-08
gold_vol,2011-02-07,2011-02-08,16.14,https://fred.stlouisfed.org/graph/fredgraph.csv?id=GVZCLS,2026-10-08
gold_vol,2011-02-08,2011-02-09,15.61,https://fred.stlouisfed.org/graph/fredgraph.csv?id=GVZCLS,2026-10-08
gold_vol,2011-02-09,2011-02-10,15.84,https://fred.stlouisfed.org/graph/fredgraph.csv?id=GVZCLS,2026-10-08
gold_vol,2011-02-10,2011-02-11,15.49,https://fred.stlouisfed.org/graph/fredgraph.csv?id=GVZCLS,2026-10-08
gold_vol,2011-02-11,2011-02-12,15.87,https://fred.stlouisfed.org/graph/fredgraph.csv?id=GVZCLS,2026-10-08
gold_vol,2011-02-14,2011-02-15,15.56,https://fred.stlouisfed.org/graph/fredgraph.csv?id=GVZCLS,2026-10-08
gold_vol,2011-02-15,2011-02-16,15.23,https://fred.stlouisfed.org/graph/fredgraph.csv?id=GVZCLS,2026-10-08
gold_vol,2011-02-16,2011-02-17,15.13,https://fred.stlouisfed.org/graph/fredgraph.csv?id=GVZCLS,2026-10-08
gold_vol,2011-02-17,2011-02-18,15.3,https://fred.stlouisfed.org/graph/fredgraph.csv?id=GVZCLS,2026-10-08
gold_vol,2011-02-18,2011-02-19,16.17,https://fred.stlouisfed.org/graph/fredgraph.csv?id=GVZCLS,2026-10-08
gold_vol,2011-02-22,2011-02-23,16.83,https://fred.stlouisfed.org/graph/fredgraph.csv?id=GVZCLS,2026-10-08
gold_vol,2011-02-23,2011-02-24,18.02,https://fred.stlouisfed.org/graph/fredgraph.csv?id=GVZCLS,2026-10-08
gold_vol,2011-02-24,2011-02-25,16.62,https://fred.stlouisfed.org/graph/fredgraph.csv?id=GVZCLS,2026-10-08
gold_vol,2011-02-25,2011-02-26,15.69,https://fred.stlouisfed.org/graph/fredgraph.csv?id=GVZCLS,2026-10-08
gold_vol,2011-02-28,2011-03-01,15.98,https://fred.stlouisfed.org/graph/fredgraph.csv?id=GVZCLS,2026-10-08
gold_vol,2011-03-01,2011-03-02,17.46,https://fred.stlouisfed.org/graph/fredgraph.csv?id=GVZCLS,2026-10-08
gold_vol,2011-03-02,2011-03-03,17.91,https://fred.stlouisfed.org/graph/fredgraph.csv?id=GVZCLS,2026-10-08
gold_vol,2011-03-03,2011-03-04,17.56,https://fred.stlouisfed.org/graph/fredgraph.csv?id=GVZCLS,2026-10-08
gold_vol,2011-03-04,2011-03-05,17.5,https://fred.stlouisfed.org/graph/fredgraph.csv?id=GVZCLS,2026-10-08
gold_vol,2011-03-07,2011-03-08,17.79,https://fred.stlouisfed.org/graph/fredgraph.csv?id=GVZCLS,2026-10-08
gold_vol,2011-03-08,2011-03-09,17.35,https://fred.stlouisfed.org/graph/fredgraph.csv?id=GVZCLS,2026-10-08
gold_vol,2011-03-09,2011-03-10,16.65,https://fred.stlouisfed.org/graph/fredgraph.csv?id=GVZCLS,2026-10-08
gold_vol,2011-03-10,2011-03-11,17.18,https://fred.stlouisfed.org/graph/fredgraph.csv?id=GVZCLS,2026-10-08
gold_vol,2011-03-11,2011-03-12,17.65,https://fred.stlouisfed.org/graph/fredgraph.csv?id=GVZCLS,2026-10-08
gold_vol,2011-03-14,2011-03-15,17.95,https://fred.stlouisfed.org/graph/fredgraph.csv?id=GVZCLS,2026-10-08
gold_vol,2011-03-15,2011-03-16,19.04,https://fred.stlouisfed.org/graph/fredgraph.csv?id=GVZCLS,2026-10-08
gold_vol,2011-03-16,2011-03-17,18.74,https://fred.stlouisfed.org/graph/fredgraph.csv?id=GVZCLS,2026-10-08
gold_vol,2011-03-17,2011-03-18,18.16,https://fred.stlouisfed.org/graph/fredgraph.csv?id=GVZCLS,2026-10-08
gold_vol,2011-03-18,2011-03-19,18.1,https://fred.stlouisfed.org/graph/fredgraph.csv?id=GVZCLS,2026-10-08
gold_vol,2011-03-21,2011-03-22,17.01,https://fred.stlouisfed.org/graph/fredgraph.csv?id=GVZCLS,2026-10-08
gold_vol,2011-03-22,2011-03-23,16.63,https://fred.stlouisfed.org/graph/fredgraph.csv?id=GVZCLS,2026-10-08
gold_vol,2011-03-23,2011-03-24,16.83,https://fred.stlouisfed.org/graph/fredgraph.csv?id=GVZCLS,2026-10-08
gold_vol,2011-03-24,2011-03-25,17.61,https://fred.stlouisfed.org/graph/fredgraph.csv?id=GVZCLS,2026-10-08
gold_vol,2011-03-25,2011-03-26,16.95,https://fred.stlouisfed.org/graph/fredgraph.csv?id=GVZCLS,2026-10-08
gold_vol,2011-03-28,2011-03-29,17.09,https://fred.stlouisfed.org/graph/fredgraph.csv?id=GVZCLS,2026-10-08
gold_vol,2011-03-29,2011-03-30,16.4,https://fred.stlouisfed.org/graph/fredgraph.csv?id=GVZCLS,2026-10-08
gold_vol,2011-03-30,2011-03-31,15.91,https://fred.stlouisfed.org/graph/fredgraph.csv?id=GVZCLS,2026-10-08
gold_vol,2011-03-31,2011-04-01,17.16,https://fred.stlouisfed.org/graph/fredgraph.csv?id=GVZCLS,2026-10-08
gold_vol,2011-04-01,2011-04-02,16.24,https://fred.stlouisfed.org/graph/fredgraph.csv?id=GVZCLS,2026-10-08
gold_vol,2011-04-04,2011-04-05,15.82,https://fred.stlouisfed.org/graph/fredgraph.csv?id=GVZCLS,2026-10-08
gold_vol,2011-04-05,2011-04-06,16.41,https://fred.stlouisfed.org/graph/fredgraph.csv?id=GVZCLS,2026-10-08
gold_vol,2011-04-06,2011-04-07,16.05,https://fred.stlouisfed.org/graph/fredgraph.csv?id=GVZCLS,2026-10-08
gold_vol,2011-04-07,2011-04-08,15.74,https://fred.stlouisfed.org/graph/fredgraph.csv?id=GVZCLS,2026-10-08
gold_vol,2011-04-08,2011-04-09,15.59,https://fred.stlouisfed.org/graph/fredgraph.csv?id=GVZCLS,2026-10-08
gold_vol,2011-04-11,2011-04-12,15.26,https://fred.stlouisfed.org/graph/fredgraph.csv?id=GVZCLS,2026-10-08
gold_vol,2011-04-12,2011-04-13,15.65,https://fred.stlouisfed.org/graph/fredgraph.csv?id=GVZCLS,2026-10-08
gold_vol,2011-04-13,2011-04-14,14.72,https://fred.stlouisfed.org/graph/fredgraph.csv?id=GVZCLS,2026-10-08
gold_vol,2011-04-14,2011-04-15,15.06,https://fred.stlouisfed.org/graph/fredgraph.csv?id=GVZCLS,2026-10-08
gold_vol,2011-04-15,2011-04-16,15.78,https://fred.stlouisfed.org/graph/fredgraph.csv?id=GVZCLS,2026-10-08
gold_vol,2011-04-18,2011-04-19,16.73,https://fred.stlouisfed.org/graph/fredgraph.csv?id=GVZCLS,2026-10-08
gold_vol,2011-04-19,2011-04-20,16.31,https://fred.stlouisfed.org/graph/fredgraph.csv?id=GVZCLS,2026-10-08
gold_vol,2011-04-20,2011-04-21,16.38,https://fred.stlouisfed.org/graph/fredgraph.csv?id=GVZCLS,2026-10-08
gold_vol,2011-04-21,2011-04-22,15.7,https://fred.stlouisfed.org/graph/fredgraph.csv?id=GVZCLS,2026-10-08
gold_vol,2011-04-25,2011-04-26,18.32,https://fred.stlouisfed.org/graph/fredgraph.csv?id=GVZCLS,2026-10-08
gold_vol,2011-04-26,2011-04-27,17.3,https://fred.stlouisfed.org/graph/fredgraph.csv?id=GVZCLS,2026-10-08
gold_vol,2011-04-27,2011-04-28,17.76,https://fred.stlouisfed.org/graph/fredgraph.csv?id=GVZCLS,2026-10-08
gold_vol,2011-04-28,2011-04-29,17.82,https://fred.stlouisfed.org/graph/fredgraph.csv?id=GVZCLS,2026-10-08
gold_vol,2011-04-29,2011-04-30,20.25,https://fred.stlouisfed.org/graph/fredgraph.csv?id=GVZCLS,2026-10-08
gold_vol,2011-05-02,2011-05-03,21.11,https://fred.stlouisfed.org/graph/fredgraph.csv?id=GVZCLS,2026-10-08
gold_vol,2011-05-03,2011-05-04,19.61,https://fred.stlouisfed.org/graph/fredgraph.csv?id=GVZCLS,2026-10-08
gold_vol,2011-05-04,2011-05-05,19.8,https://fred.stlouisfed.org/graph/fredgraph.csv?id=GVZCLS,2026-10-08
gold_vol,2011-05-05,2011-05-06,22.06,https://fred.stlouisfed.org/graph/fredgraph.csv?id=GVZCLS,2026-10-08
gold_vol,2011-05-06,2011-05-07,21.4,https://fred.stlouisfed.org/graph/fredgraph.csv?id=GVZCLS,2026-10-08
gold_vol,2011-05-09,2011-05-10,19.95,https://fred.stlouisfed.org/graph/fredgraph.csv?id=GVZCLS,2026-10-08
gold_vol,2011-05-10,2011-05-11,19.14,https://fred.stlouisfed.org/graph/fredgraph.csv?id=GVZCLS,2026-10-08
gold_vol,2011-05-11,2011-05-12,19.47,https://fred.stlouisfed.org/graph/fredgraph.csv?id=GVZCLS,2026-10-08
gold_vol,2011-05-12,2011-05-13,19.23,https://fred.stlouisfed.org/graph/fredgraph.csv?id=GVZCLS,2026-10-08
gold_vol,2011-05-13,2011-05-14,19.77,https://fred.stlouisfed.org/graph/fredgraph.csv?id=GVZCLS,2026-10-08
gold_vol,2011-05-16,2011-05-17,19.33,https://fred.stlouisfed.org/graph/fredgraph.csv?id=GVZCLS,2026-10-08
gold_vol,2011-05-17,2011-05-18,19.0,https://fred.stlouisfed.org/graph/fredgraph.csv?id=GVZCLS,2026-10-08
gold_vol,2011-05-18,2011-05-19,18.15,https://fred.stlouisfed.org/graph/fredgraph.csv?id=GVZCLS,2026-10-08
gold_vol,2011-05-19,2011-05-20,17.44,https://fred.stlouisfed.org/graph/fredgraph.csv?id=GVZCLS,2026-10-08
gold_vol,2011-05-20,2011-05-21,17.55,https://fred.stlouisfed.org/graph/fredgraph.csv?id=GVZCLS,2026-10-08
gold_vol,2011-05-23,2011-05-24,18.3,https://fred.stlouisfed.org/graph/fredgraph.csv?id=GVZCLS,2026-10-08
gold_vol,2011-05-24,2011-05-25,17.84,https://fred.stlouisfed.org/graph/fredgraph.csv?id=GVZCLS,2026-10-08
gold_vol,2011-05-25,2011-05-26,17.53,https://fred.stlouisfed.org/graph/fredgraph.csv?id=GVZCLS,2026-10-08
gold_vol,2011-05-26,2011-05-27,16.66,https://fred.stlouisfed.org/graph/fredgraph.csv?id=GVZCLS,2026-10-08
gold_vol,2011-05-27,2011-05-28,16.62,https://fred.stlouisfed.org/graph/fredgraph.csv?id=GVZCLS,2026-10-08
gold_vol,2011-05-31,2011-06-01,16.74,https://fred.stlouisfed.org/graph/fredgraph.csv?id=GVZCLS,2026-10-08
gold_vol,2011-06-01,2011-06-02,17.74,https://fred.stlouisfed.org/graph/fredgraph.csv?id=GVZCLS,2026-10-08
gold_vol,2011-06-02,2011-06-03,17.38,https://fred.stlouisfed.org/graph/fredgraph.csv?id=GVZCLS,2026-10-08
gold_vol,2011-06-03,2011-06-04,16.79,https://fred.stlouisfed.org/graph/fredgraph.csv?id=GVZCLS,2026-10-08
gold_vol,2011-06-06,2011-06-07,18.12,https://fred.stlouisfed.org/graph/fredgraph.csv?id=GVZCLS,2026-10-08
gold_vol,2011-06-07,2011-06-08,16.84,https://fred.stlouisfed.org/graph/fredgraph.csv?id=GVZCLS,2026-10-08
gold_vol,2011-06-08,2011-06-09,16.56,https://fred.stlouisfed.org/graph/fredgraph.csv?id=GVZCLS,2026-10-08
gold_vol,2011-06-09,2011-06-10,16.06,https://fred.stlouisfed.org/graph/fredgraph.csv?id=GVZCLS,2026-10-08
gold_vol,2011-06-10,2011-06-11,16.51,https://fred.stlouisfed.org/graph/fredgraph.csv?id=GVZCLS,2026-10-08
gold_vol,2011-06-13,2011-06-14,16.95,https://fred.stlouisfed.org/graph/fredgraph.csv?id=GVZCLS,2026-10-08
gold_vol,2011-06-14,2011-06-15,15.33,https://fred.stlouisfed.org/graph/fredgraph.csv?id=GVZCLS,2026-10-08
gold_vol,2011-06-15,2011-06-16,17.32,https://fred.stlouisfed.org/graph/fredgraph.csv?id=GVZCLS,2026-10-08
gold_vol,2011-06-16,2011-06-17,17.61,https://fred.stlouisfed.org/graph/fredgraph.csv?id=GVZCLS,2026-10-08
gold_vol,2011-06-17,2011-06-18,17.03,https://fred.stlouisfed.org/graph/fredgraph.csv?id=GVZCLS,2026-10-08
gold_vol,2011-06-20,2011-06-21,16.64,https://fred.stlouisfed.org/graph/fredgraph.csv?id=GVZCLS,2026-10-08
gold_vol,2011-06-21,2011-06-22,15.99,https://fred.stlouisfed.org/graph/fredgraph.csv?id=GVZCLS,2026-10-08
gold_vol,2011-06-22,2011-06-23,16.1,https://fred.stlouisfed.org/graph/fredgraph.csv?id=GVZCLS,2026-10-08
gold_vol,2011-06-23,2011-06-24,16.97,https://fred.stlouisfed.org/graph/fredgraph.csv?id=GVZCLS,2026-10-08
gold_vol,2011-06-24,2011-06-25,17.79,https://fred.stlouisfed.org/graph/fredgraph.csv?id=GVZCLS,2026-10-08
gold_vol,2011-06-27,2011-06-28,17.52,https://fred.stlouisfed.org/graph/fredgraph.csv?id=GVZCLS,2026-10-08
gold_vol,2011-06-28,2011-06-29,16.84,https://fred.stlouisfed.org/graph/fredgraph.csv?id=GVZCLS,2026-10-08
gold_vol,2011-06-29,2011-06-30,15.79,https://fred.stlouisfed.org/graph/fredgraph.csv?id=GVZCLS,2026-10-08
gold_vol,2011-06-30,2011-07-01,15.34,https://fred.stlouisfed.org/graph/fredgraph.csv?id=GVZCLS,2026-10-08
gold_vol,2011-07-01,2011-07-02,15.06,https://fred.stlouisfed.org/graph/fredgraph.csv?id=GVZCLS,2026-10-08
gold_vol,2011-07-05,2011-07-06,15.15,https://fred.stlouisfed.org/graph/fredgraph.csv?id=GVZCLS,2026-10-08
gold_vol,2011-07-06,2011-07-07,15.81,https://fred.stlouisfed.org/graph/fredgraph.csv?id=GVZCLS,2026-10-08
gold_vol,2011-07-07,2011-07-08,15.29,https://fred.stlouisfed.org/graph/fredgraph.csv?id=GVZCLS,2026-10-08
gold_vol,2011-07-08,2011-07-09,15.18,https://fred.stlouisfed.org/graph/fredgraph.csv?id=GVZCLS,2026-10-08
gold_vol,2011-07-11,2011-07-12,16.3,https://fred.stlouisfed.org/graph/fredgraph.csv?id=GVZCLS,2026-10-08
gold_vol,2011-07-12,2011-07-13,17.63,https://fred.stlouisfed.org/graph/fredgraph.csv?id=GVZCLS,2026-10-08
gold_vol,2011-07-13,2011-07-14,18.22,https://fred.stlouisfed.org/graph/fredgraph.csv?id=GVZCLS,2026-10-08
gold_vol,2011-07-14,2011-07-15,17.9,https://fred.stlouisfed.org/graph/fredgraph.csv?id=GVZCLS,2026-10-08
gold_vol,2011-07-15,2011-07-16,16.91,https://fred.stlouisfed.org/graph/fredgraph.csv?id=GVZCLS,2026-10-08
gold_vol,2011-07-18,2011-07-19,18.96,https://fred.stlouisfed.org/graph/fredgraph.csv?id=GVZCLS,2026-10-08
gold_vol,2011-07-19,2011-07-20,18.14,https://fred.stlouisfed.org/graph/fredgraph.csv?id=GVZCLS,2026-10-08
gold_vol,2011-07-20,2011-07-21,17.91,https://fred.stlouisfed.org/graph/fredgraph.csv?id=GVZCLS,2026-10-08
gold_vol,2011-07-21,2011-07-22,17.4,https://fred.stlouisfed.org/graph/fredgraph.csv?id=GVZCLS,2026-10-08
gold_vol,2011-07-22,2011-07-23,16.98,https://fred.stlouisfed.org/graph/fredgraph.csv?id=GVZCLS,2026-10-08
gold_vol,2011-07-25,2011-07-26,18.69,https://fred.stlouisfed.org/graph/fredgraph.csv?id=GVZCLS,2026-10-08
gold_vol,2011-07-26,2011-07-27,18.58,https://fred.stlouisfed.org/graph/fredgraph.csv?id=GVZCLS,2026-10-08
gold_vol,2011-07-27,2011-07-28,19.24,https://fred.stlouisfed.org/graph/fredgraph.csv?id=GVZCLS,2026-10-08
gold_vol,2011-07-28,2011-07-29,18.99,https://fred.stlouisfed.org/graph/fredgraph.csv?id=GVZCLS,2026-10-08
gold_vol,2011-07-29,2011-07-30,19.53,https://fred.stlouisfed.org/graph/fredgraph.csv?id=GVZCLS,2026-10-08
gold_vol,2011-08-01,2011-08-02,19.58,https://fred.stlouisfed.org/graph/fredgraph.csv?id=GVZCLS,2026-10-08
gold_vol,2011-08-02,2011-08-03,20.09,https://fred.stlouisfed.org/graph/fredgraph.csv?id=GVZCLS,2026-10-08
gold_vol,2011-08-03,2011-08-04,19.95,https://fred.stlouisfed.org/graph/fredgraph.csv?id=GVZCLS,2026-10-08
gold_vol,2011-08-04,2011-08-05,22.28,https://fred.stlouisfed.org/graph/fredgraph.csv?id=GVZCLS,2026-10-08
gold_vol,2011-08-05,2011-08-06,21.74,https://fred.stlouisfed.org/graph/fredgraph.csv?id=GVZCLS,2026-10-08
gold_vol,2011-08-08,2011-08-09,28.21,https://fred.stlouisfed.org/graph/fredgraph.csv?id=GVZCLS,2026-10-08
gold_vol,2011-08-09,2011-08-10,31.13,https://fred.stlouisfed.org/graph/fredgraph.csv?id=GVZCLS,2026-10-08
gold_vol,2011-08-10,2011-08-11,32.2,https://fred.stlouisfed.org/graph/fredgraph.csv?id=GVZCLS,2026-10-08
gold_vol,2011-08-11,2011-08-12,29.76,https://fred.stlouisfed.org/graph/fredgraph.csv?id=GVZCLS,2026-10-08
gold_vol,2011-08-12,2011-08-13,25.91,https://fred.stlouisfed.org/graph/fredgraph.csv?id=GVZCLS,2026-10-08
gold_vol,2011-08-15,2011-08-16,24.81,https://fred.stlouisfed.org/graph/fredgraph.csv?id=GVZCLS,2026-10-08
gold_vol,2011-08-16,2011-08-17,26.68,https://fred.stlouisfed.org/graph/fredgraph.csv?id=GVZCLS,2026-10-08
gold_vol,2011-08-17,2011-08-18,25.12,https://fred.stlouisfed.org/graph/fredgraph.csv?id=GVZCLS,2026-10-08
gold_vol,2011-08-18,2011-08-19,26.81,https://fred.stlouisfed.org/graph/fredgraph.csv?id=GVZCLS,2026-10-08
gold_vol,2011-08-19,2011-08-20,28.91,https://fred.stlouisfed.org/graph/fredgraph.csv?id=GVZCLS,2026-10-08
gold_vol,2011-08-22,2011-08-23,33.09,https://fred.stlouisfed.org/graph/fredgraph.csv?id=GVZCLS,2026-10-08
gold_vol,2011-08-23,2011-08-24,33.42,https://fred.stlouisfed.org/graph/fredgraph.csv?id=GVZCLS,2026-10-08
gold_vol,2011-08-24,2011-08-25,33.29,https://fred.stlouisfed.org/graph/fredgraph.csv?id=GVZCLS,2026-10-08
gold_vol,2011-08-25,2011-08-26,34.42,https://fred.stlouisfed.org/graph/fredgraph.csv?id=GVZCLS,2026-10-08
gold_vol,2011-08-26,2011-08-27,33.03,https://fred.stlouisfed.org/graph/fredgraph.csv?id=GVZCLS,2026-10-08
gold_vol,2011-08-29,2011-08-30,32.55,https://fred.stlouisfed.org/graph/fredgraph.csv?id=GVZCLS,2026-10-08
gold_vol,2011-08-30,2011-08-31,32.12,https://fred.stlouisfed.org/graph/fredgraph.csv?id=GVZCLS,2026-10-08
gold_vol,2011-08-31,2011-09-01,30.42,https://fred.stlouisfed.org/graph/fredgraph.csv?id=GVZCLS,2026-10-08
gold_vol,2011-09-01,2011-09-02,28.06,https://fred.stlouisfed.org/graph/fredgraph.csv?id=GVZCLS,2026-10-08
gold_vol,2011-09-02,2011-09-03,30.16,https://fred.stlouisfed.org/graph/fredgraph.csv?id=GVZCLS,2026-10-08
gold_vol,2011-09-06,2011-09-07,34.17,https://fred.stlouisfed.org/graph/fredgraph.csv?id=GVZCLS,2026-10-08
gold_vol,2011-09-07,2011-09-08,34.11,https://fred.stlouisfed.org/graph/fredgraph.csv?id=GVZCLS,2026-10-08
gold_vol,2011-09-08,2011-09-09,34.43,https://fred.stlouisfed.org/graph/fredgraph.csv?id=GVZCLS,2026-10-08
gold_vol,2011-09-09,2011-09-10,37.58,https://fred.stlouisfed.org/graph/fredgraph.csv?id=GVZCLS,2026-10-08
gold_vol,2011-09-12,2011-09-13,37.2,https://fred.stlouisfed.org/graph/fredgraph.csv?id=GVZCLS,2026-10-08
gold_vol,2011-09-13,2011-09-14,32.49,https://fred.stlouisfed.org/graph/fredgraph.csv?id=GVZCLS,2026-10-08
gold_vol,2011-09-14,2011-09-15,29.83,https://fred.stlouisfed.org/graph/fredgraph.csv?id=GVZCLS,2026-10-08
gold_vol,2011-09-15,2011-09-16,29.46,https://fred.stlouisfed.org/graph/fredgraph.csv?id=GVZCLS,2026-10-08
gold_vol,2011-09-16,2011-09-17,28.86,https://fred.stlouisfed.org/graph/fredgraph.csv?id=GVZCLS,2026-10-08
gold_vol,2011-09-19,2011-09-20,30.7,https://fred.stlouisfed.org/graph/fredgraph.csv?id=GVZCLS,2026-10-08
gold_vol,2011-09-20,2011-09-21,30.63,https://fred.stlouisfed.org/graph/fredgraph.csv?id=GVZCLS,2026-10-08
gold_vol,2011-09-21,2011-09-22,29.68,https://fred.stlouisfed.org/graph/fredgraph.csv?id=GVZCLS,2026-10-08
gold_vol,2011-09-22,2011-09-23,32.19,https://fred.stlouisfed.org/graph/fredgraph.csv?id=GVZCLS,2026-10-08
gold_vol,2011-09-23,2011-09-24,39.17,https://fred.stlouisfed.org/graph/fredgraph.csv?id=GVZCLS,2026-10-08
gold_vol,2011-09-26,2011-09-27,39.86,https://fred.stlouisfed.org/graph/fredgraph.csv?id=GVZCLS,2026-10-08
gold_vol,2011-09-27,2011-09-28,36.55,https://fred.stlouisfed.org/graph/fredgraph.csv?id=GVZCLS,2026-10-08
gold_vol,2011-09-28,2011-09-29,39.95,https://fred.stlouisfed.org/graph/fredgraph.csv?id=GVZCLS,2026-10-08
gold_vol,2011-09-29,2011-09-30,37.08,https://fred.stlouisfed.org/graph/fredgraph.csv?id=GVZCLS,2026-10-08
gold_vol,2011-09-30,2011-10-01,37.03,https://fred.stlouisfed.org/graph/fredgraph.csv?id=GVZCLS,2026-10-08
gold_vol,2011-10-03,2011-10-04,36.92,https://fred.stlouisfed.org/graph/fredgraph.csv?id=GVZCLS,2026-10-08
gold_vol,2011-10-04,2011-10-05,37.74,https://fred.stlouisfed.org/graph/fredgraph.csv?id=GVZCLS,2026-10-08
gold_vol,2011-10-05,2011-10-06,36.94,https://fred.stlouisfed.org/graph/fredgraph.csv?id=GVZCLS,2026-10-08
gold_vol,2011-10-06,2011-10-07,35.22,https://fred.stlouisfed.org/graph/fredgraph.csv?id=GVZCLS,2026-10-08
gold_vol,2011-10-07,2011-10-08,33.16,https://fred.stlouisfed.org/graph/fredgraph.csv?id=GVZCLS,2026-10-08
gold_vol,2011-10-10,2011-10-11,31.26,https://fred.stlouisfed.org/graph/fredgraph.csv?id=GVZCLS,2026-10-08
gold_vol,2011-10-11,2011-10-12,30.62,https://fred.stlouisfed.org/graph/fredgraph.csv?id=GVZCLS,2026-10-08
gold_vol,2011-10-12,2011-10-13,29.51,https://fred.stlouisfed.org/graph/fredgraph.csv?id=GVZCLS,2026-10-08
gold_vol,2011-10-13,2011-10-14,28.48,https://fred.stlouisfed.org/graph/fredgraph.csv?id=GVZCLS,2026-10-08
gold_vol,2011-10-14,2011-10-15,26.61,https://fred.stlouisfed.org/graph/fredgraph.csv?id=GVZCLS,2026-10-08
gold_vol,2011-10-17,2011-10-18,28.93,https://fred.stlouisfed.org/graph/fredgraph.csv?id=GVZCLS,2026-10-08
gold_vol,2011-10-18,2011-10-19,29.17,https://fred.stlouisfed.org/graph/fredgraph.csv?id=GVZCLS,2026-10-08
gold_vol,2011-10-19,2011-10-20,31.13,https://fred.stlouisfed.org/graph/fredgraph.csv?id=GVZCLS,2026-10-08
gold_vol,2011-10-20,2011-10-21,32.08,https://fred.stlouisfed.org/graph/fredgraph.csv?id=GVZCLS,2026-10-08
gold_vol,2011-10-21,2011-10-22,28.89,https://fred.stlouisfed.org/graph/fredgraph.csv?id=GVZCLS,2026-10-08
gold_vol,2011-10-24,2011-10-25,26.98,https://fred.stlouisfed.org/graph/fredgraph.csv?id=GVZCLS,2026-10-08
gold_vol,2011-10-25,2011-10-26,29.92,https://fred.stlouisfed.org/graph/fredgraph.csv?id=GVZCLS,2026-10-08
gold_vol,2011-10-26,2011-10-27,30.79,https://fred.stlouisfed.org/graph/fredgraph.csv?id=GVZCLS,2026-10-08
gold_vol,2011-10-27,2011-10-28,27.58,https://fred.stlouisfed.org/graph/fredgraph.csv?id=GVZCLS,2026-10-08
gold_vol,2011-10-28,2011-10-29,25.84,https://fred.stlouisfed.org/graph/fredgraph.csv?id=GVZCLS,2026-10-08
gold_vol,2011-10-31,2011-11-01,27.45,https://fred.stlouisfed.org/graph/fredgraph.csv?id=GVZCLS,2026-10-08
gold_vol,2011-11-01,2011-11-02,29.7,https://fred.stlouisfed.org/graph/fredgraph.csv?id=GVZCLS,2026-10-08
gold_vol,2011-11-02,2011-11-03,30.16,https://fred.stlouisfed.org/graph/fredgraph.csv?id=GVZCLS,2026-10-08
gold_vol,2011-11-03,2011-11-04,30.12,https://fred.stlouisfed.org/graph/fredgraph.csv?id=GVZCLS,2026-10-08
gold_vol,2011-11-04,2011-11-05,28.37,https://fred.stlouisfed.org/graph/fredgraph.csv?id=GVZCLS,2026-10-08
gold_vol,2011-11-07,2011-11-08,30.24,https://fred.stlouisfed.org/graph/fredgraph.csv?id=GVZCLS,2026-10-08
gold_vol,2011-11-08,2011-11-09,29.21,https://fred.stlouisfed.org/graph/fredgraph.csv?id=GVZCLS,2026-10-08
gold_vol,2011-11-09,2011-11-10,29.85,https://fred.stlouisfed.org/graph/fredgraph.csv?id=GVZCLS,2026-10-08
gold_vol,2011-11-10,2011-11-11,28.81,https://fred.stlouisfed.org/graph/fredgraph.csv?id=GVZCLS,2026-10-08
gold_vol,2011-11-11,2011-11-12,27.85,https://fred.stlouisfed.org/graph/fredgraph.csv?id=GVZCLS,2026-10-08
gold_vol,2011-11-14,2011-11-15,27.85,https://fred.stlouisfed.org/graph/fredgraph.csv?id=GVZCLS,2026-10-08
gold_vol,2011-11-15,2011-11-16,26.75,https://fred.stlouisfed.org/graph/fredgraph.csv?id=GVZCLS,2026-10-08
gold_vol,2011-11-16,2011-11-17,26.94,https://fred.stlouisfed.org/graph/fredgraph.csv?id=GVZCLS,2026-10-08
gold_vol,2011-11-17,2011-11-18,28.86,https://fred.stlouisfed.org/graph/fredgraph.csv?id=GVZCLS,2026-10-08
gold_vol,2011-11-18,2011-11-19,27.59,https://fred.stlouisfed.org/graph/fredgraph.csv?id=GVZCLS,2026-10-08
gold_vol,2011-11-21,2011-11-22,30.07,https://fred.stlouisfed.org/graph/fredgraph.csv?id=GVZCLS,2026-10-08
gold_vol,2011-11-22,2011-11-23,27.56,https://fred.stlouisfed.org/graph/fredgraph.csv?id=GVZCLS,2026-10-08
gold_vol,2011-11-23,2011-11-24,27.81,https://fred.stlouisfed.org/graph/fredgraph.csv?id=GVZCLS,2026-10-08
gold_vol,2011-11-25,2011-11-26,20.46,https://fred.stlouisfed.org/graph/fredgraph.csv?id=GVZCLS,2026-10-08
gold_vol,2011-11-28,2011-11-29,26.61,https://fred.stlouisfed.org/graph/fredgraph.csv?id=GVZCLS,2026-10-08
gold_vol,2011-11-29,2011-11-30,25.74,https://fred.stlouisfed.org/graph/fredgraph.csv?id=GVZCLS,2026-10-08
gold_vol,2011-11-30,2011-12-01,25.32,https://fred.stlouisfed.org/graph/fredgraph.csv?id=GVZCLS,2026-10-08
gold_vol,2011-12-01,2011-12-02,24.55,https://fred.stlouisfed.org/graph/fredgraph.csv?id=GVZCLS,2026-10-08
gold_vol,2011-12-02,2011-12-03,23.51,https://fred.stlouisfed.org/graph/fredgraph.csv?id=GVZCLS,2026-10-08
gold_vol,2011-12-05,2011-12-06,24.97,https://fred.stlouisfed.org/graph/fredgraph.csv?id=GVZCLS,2026-10-08
gold_vol,2011-12-06,2011-12-07,24.52,https://fred.stlouisfed.org/graph/fredgraph.csv?id=GVZCLS,2026-10-08
gold_vol,2011-12-07,2011-12-08,24.15,https://fred.stlouisfed.org/graph/fredgraph.csv?id=GVZCLS,2026-10-08
gold_vol,2011-12-08,2011-12-09,25.18,https://fred.stlouisfed.org/graph/fredgraph.csv?id=GVZCLS,2026-10-08
gold_vol,2011-12-09,2011-12-10,23.13,https://fred.stlouisfed.org/graph/fredgraph.csv?id=GVZCLS,2026-10-08
gold_vol,2011-12-12,2011-12-13,23.66,https://fred.stlouisfed.org/graph/fredgraph.csv?id=GVZCLS,2026-10-08
gold_vol,2011-12-13,2011-12-14,24.1,https://fred.stlouisfed.org/graph/fredgraph.csv?id=GVZCLS,2026-10-08
gold_vol,2011-12-14,2011-12-15,28.63,https://fred.stlouisfed.org/graph/fredgraph.csv?id=GVZCLS,2026-10-08
gold_vol,2011-12-15,2011-12-16,27.28,https://fred.stlouisfed.org/graph/fredgraph.csv?id=GVZCLS,2026-10-08
gold_vol,2011-12-16,2011-12-17,24.8,https://fred.stlouisfed.org/graph/fredgraph.csv?id=GVZCLS,2026-10-08
gold_vol,2011-12-19,2011-12-20,23.42,https://fred.stlouisfed.org/graph/fredgraph.csv?id=GVZCLS,2026-10-08
gold_vol,2011-12-20,2011-12-21,21.33,https://fred.stlouisfed.org/graph/fredgraph.csv?id=GVZCLS,2026-10-08
gold_vol,2011-12-21,2011-12-22,21.22,https://fred.stlouisfed.org/graph/fredgraph.csv?id=GVZCLS,2026-10-08
gold_vol,2011-12-22,2011-12-23,20.23,https://fred.stlouisfed.org/graph/fredgraph.csv?id=GVZCLS,2026-10-08
gold_vol,2011-12-23,2011-12-24,19.67,https://fred.stlouisfed.org/graph/fredgraph.csv?id=GVZCLS,2026-10-08
gold_vol,2011-12-27,2011-12-28,20.81,https://fred.stlouisfed.org/graph/fredgraph.csv?id=GVZCLS,2026-10-08
gold_vol,2011-12-28,2011-12-29,24.33,https://fred.stlouisfed.org/graph/fredgraph.csv?id=GVZCLS,2026-10-08
gold_vol,2011-12-29,2011-12-30,23.12,https://fred.stlouisfed.org/graph/fredgraph.csv?id=GVZCLS,2026-10-08
gold_vol,2011-12-30,2011-12-31,23.24,https://fred.stlouisfed.org/graph/fredgraph.csv?id=GVZCLS,2026-10-08
gold_vol,2012-01-03,2012-01-04,22.9,https://fred.stlouisfed.org/graph/fredgraph.csv?id=GVZCLS,2026-10-08
gold_vol,2012-01-04,2012-01-05,22.08,https://fred.stlouisfed.org/graph/fredgraph.csv?id=GVZCLS,2026-10-08
gold_vol,2012-01-05,2012-01-06,22.34,https://fred.stlouisfed.org/graph/fredgraph.csv?id=GVZCLS,2026-10-08
gold_vol,2012-01-06,2012-01-07,21.3,https://fred.stlouisfed.org/graph/fredgraph.csv?id=GVZCLS,2026-10-08
gold_vol,2012-01-09,2012-01-10,21.47,https://fred.stlouisfed.org/graph/fredgraph.csv?id=GVZCLS,2026-10-08
gold_vol,2012-01-10,2012-01-11,21.51,https://fred.stlouisfed.org/graph/fredgraph.csv?id=GVZCLS,2026-10-08
gold_vol,2012-01-11,2012-01-12,22.34,https://fred.stlouisfed.org/graph/fredgraph.csv?id=GVZCLS,2026-10-08
gold_vol,2012-01-12,2012-01-13,21.6,https://fred.stlouisfed.org/graph/fredgraph.csv?id=GVZCLS,2026-10-08
gold_vol,2012-01-13,2012-01-14,21.2,https://fred.stlouisfed.org/graph/fredgraph.csv?id=GVZCLS,2026-10-08
gold_vol,2012-01-17,2012-01-18,21.6,https://fred.stlouisfed.org/graph/fredgraph.csv?id=GVZCLS,2026-10-08
gold_vol,2012-01-18,2012-01-19,21.14,https://fred.stlouisfed.org/graph/fredgraph.csv?id=GVZCLS,2026-10-08
gold_vol,2012-01-19,2012-01-20,20.34,https://fred.stlouisfed.org/graph/fredgraph.csv?id=GVZCLS,2026-10-08
gold_vol,2012-01-20,2012-01-21,19.58,https://fred.stlouisfed.org/graph/fredgraph.csv?id=GVZCLS,2026-10-08
gold_vol,2012-01-23,2012-01-24,20.18,https://fred.stlouisfed.org/graph/fredgraph.csv?id=GVZCLS,2026-10-08
gold_vol,2012-01-24,2012-01-25,20.08,https://fred.stlouisfed.org/graph/fredgraph.csv?id=GVZCLS,2026-10-08
gold_vol,2012-01-25,2012-01-26,22.24,https://fred.stlouisfed.org/graph/fredgraph.csv?id=GVZCLS,2026-10-08
gold_vol,2012-01-26,2012-01-27,21.71,https://fred.stlouisfed.org/graph/fredgraph.csv?id=GVZCLS,2026-10-08
gold_vol,2012-01-27,2012-01-28,20.82,https://fred.stlouisfed.org/graph/fredgraph.csv?id=GVZCLS,2026-10-08
gold_vol,2012-01-30,2012-01-31,21.23,https://fred.stlouisfed.org/graph/fredgraph.csv?id=GVZCLS,2026-10-08
gold_vol,2012-01-31,2012-02-01,20.93,https://fred.stlouisfed.org/graph/fredgraph.csv?id=GVZCLS,2026-10-08
gold_vol,2012-02-01,2012-02-02,21.54,https://fred.stlouisfed.org/graph/fredgraph.csv?id=GVZCLS,2026-10-08
gold_vol,2012-02-02,2012-02-03,21.93,https://fred.stlouisfed.org/graph/fredgraph.csv?id=GVZCLS,2026-10-08
gold_vol,2012-02-03,2012-02-04,21.05,https://fred.stlouisfed.org/graph/fredgraph.csv?id=GVZCLS,2026-10-08
gold_vol,2012-02-06,2012-02-07,21.2,https://fred.stlouisfed.org/graph/fredgraph.csv?id=GVZCLS,2026-10-08
gold_vol,2012-02-07,2012-02-08,20.45,https://fred.stlouisfed.org/graph/fredgraph.csv?id=GVZCLS,2026-10-08
gold_vol,2012-02-08,2012-02-09,20.69,https://fred.stlouisfed.org/graph/fredgraph.csv?id=GVZCLS,2026-10-08
gold_vol,2012-02-09,2012-02-10,20.03,https://fred.stlouisfed.org/graph/fredgraph.csv?id=GVZCLS,2026-10-08
gold_vol,2012-02-10,2012-02-11,19.73,https://fred.stlouisfed.org/graph/fredgraph.csv?id=GVZCLS,2026-10-08
gold_vol,2012-02-13,2012-02-14,19.07,https://fred.stlouisfed.org/graph/fredgraph.csv?id=GVZCLS,2026-10-08
gold_vol,2012-02-14,2012-02-15,19.24,https://fred.stlouisfed.org/graph/fredgraph.csv?id=GVZCLS,2026-10-08
gold_vol,2012-02-15,2012-02-16,19.28,https://fred.stlouisfed.org/graph/fredgraph.csv?id=GVZCLS,2026-10-08
gold_vol,2012-02-16,2012-02-17,19.21,https://fred.stlouisfed.org/graph/fredgraph.csv?id=GVZCLS,2026-10-08
gold_vol,2012-02-17,2012-02-18,18.61,https://fred.stlouisfed.org/graph/fredgraph.csv?id=GVZCLS,2026-10-08
gold_vol,2012-02-21,2012-02-22,19.94,https://fred.stlouisfed.org/graph/fredgraph.csv?id=GVZCLS,2026-10-08
gold_vol,2012-02-22,2012-02-23,19.84,https://fred.stlouisfed.org/graph/fredgraph.csv?id=GVZCLS,2026-10-08
gold_vol,2012-02-23,2012-02-24,19.76,https://fred.stlouisfed.org/graph/fredgraph.csv?id=GVZCLS,2026-10-08
gold_vol,2012-02-24,2012-02-25,19.01,https://fred.stlouisfed.org/graph/fredgraph.csv?id=GVZCLS,2026-10-08
gold_vol,2012-02-27,2012-02-28,19.1,https://fred.stlouisfed.org/graph/fredgraph.csv?id=GVZCLS,2026-10-08
gold_vol,2012-02-28,2012-02-29,20.12,https://fred.stlouisfed.org/graph/fredgraph.csv?id=GVZCLS,2026-10-08
gold_vol,2012-02-29,2012-03-01,22.9,https://fred.stlouisfed.org/graph/fredgraph.csv?id=GVZCLS,2026-10-08
gold_vol,2012-03-01,2012-03-02,19.53,https://fred.stlouisfed.org/graph/fredgraph.csv?id=GVZCLS,2026-10-08
gold_vol,2012-03-02,2012-03-03,18.96,https://fred.stlouisfed.org/graph/fredgraph.csv?id=GVZCLS,2026-10-08
gold_vol,2012-03-05,2012-03-06,19.4,https://fred.stlouisfed.org/graph/fredgraph.csv?id=GVZCLS,2026-10-08
gold_vol,2012-03-06,2012-03-07,20.23,https://fred.stlouisfed.org/graph/fredgraph.csv?id=GVZCLS,2026-10-08
gold_vol,2012-03-07,2012-03-08,19.18,https://fred.stlouisfed.org/graph/fredgraph.csv?id=GVZCLS,2026-10-08
gold_vol,2012-03-08,2012-03-09,19.26,https://fred.stlouisfed.org/graph/fredgraph.csv?id=GVZCLS,2026-10-08
gold_vol,2012-03-09,2012-03-10,19.41,https://fred.stlouisfed.org/graph/fredgraph.csv?id=GVZCLS,2026-10-08
gold_vol,2012-03-12,2012-03-13,19.21,https://fred.stlouisfed.org/graph/fredgraph.csv?id=GVZCLS,2026-10-08
gold_vol,2012-03-13,2012-03-14,20.47,https://fred.stlouisfed.org/graph/fredgraph.csv?id=GVZCLS,2026-10-08
gold_vol,2012-03-14,2012-03-15,20.6,https://fred.stlouisfed.org/graph/fredgraph.csv?id=GVZCLS,2026-10-08
gold_vol,2012-03-15,2012-03-16,18.24,https://fred.stlouisfed.org/graph/fredgraph.csv?id=GVZCLS,2026-10-08
gold_vol,2012-03-16,2012-03-17,18.99,https://fred.stlouisfed.org/graph/fredgraph.csv?id=GVZCLS,2026-10-08
gold_vol,2012-03-19,2012-03-20,17.83,https://fred.stlouisfed.org/graph/fredgraph.csv?id=GVZCLS,2026-10-08
gold_vol,2012-03-20,2012-03-21,18.42,https://fred.stlouisfed.org/graph/fredgraph.csv?id=GVZCLS,2026-10-08
gold_vol,2012-03-21,2012-03-22,18.04,https://fred.stlouisfed.org/graph/fredgraph.csv?id=GVZCLS,2026-10-08
gold_vol,2012-03-22,2012-03-23,18.51,https://fred.stlouisfed.org/graph/fredgraph.csv?id=GVZCLS,2026-10-08
gold_vol,2012-03-23,2012-03-24,18.3,https://fred.stlouisfed.org/graph/fredgraph.csv?id=GVZCLS,2026-10-08
gold_vol,2012-03-26,2012-03-27,19.22,https://fred.stlouisfed.org/graph/fredgraph.csv?id=GVZCLS,2026-10-08
gold_vol,2012-03-27,2012-03-28,18.62,https://fred.stlouisfed.org/graph/fredgraph.csv?id=GVZCLS,2026-10-08
gold_vol,2012-03-28,2012-03-29,18.18,https://fred.stlouisfed.org/graph/fredgraph.csv?id=GVZCLS,2026-10-08
gold_vol,2012-03-29,2012-03-30,17.43,https://fred.stlouisfed.org/graph/fredgraph.csv?id=GVZCLS,2026-10-08
gold_vol,2012-03-30,2012-03-31,17.01,https://fred.stlouisfed.org/graph/fredgraph.csv?id=GVZCLS,2026-10-08
gold_vol,2012-04-02,2012-04-03,17.1,https://fred.stlouisfed.org/graph/fredgraph.csv?id=GVZCLS,2026-10-08
gold_vol,2012-04-03,2012-04-04,18.05,https://fred.stlouisfed.org/graph/fredgraph.csv?id=GVZCLS,2026-10-08
gold_vol,2012-04-04,2012-04-05,18.88,https://fred.stlouisfed.org/graph/fredgraph.csv?id=GVZCLS,2026-10-08
gold_vol,2012-04-05,2012-04-06,18.02,https://fred.stlouisfed.org/graph/fredgraph.csv?id=GVZCLS,2026-10-08
gold_vol,2012-04-09,2012-04-10,19.21,https://fred.stlouisfed.org/graph/fredgraph.csv?id=GVZCLS,2026-10-08
gold_vol,2012-04-10,2012-04-11,19.94,https://fred.stlouisfed.org/graph/fredgraph.csv?id=GVZCLS,2026-10-08
gold_vol,2012-04-11,2012-04-12,20.02,https://fred.stlouisfed.org/graph/fredgraph.csv?id=GVZCLS,2026-10-08
gold_vol,2012-04-12,2012-04-13,18.64,https://fred.stlouisfed.org/graph/fredgraph.csv?id=GVZCLS,2026-10-08
gold_vol,2012-04-13,2012-04-14,18.44,https://fred.stlouisfed.org/graph/fredgraph.csv?id=GVZCLS,2026-10-08
gold_vol,2012-04-16,2012-04-17,18.8,https://fred.stlouisfed.org/graph/fredgraph.csv?id=GVZCLS,2026-10-08
gold_vol,2012-04-17,2012-04-18,18.03,https://fred.stlouisfed.org/graph/fredgraph.csv?id=GVZCLS,2026-10-08
gold_vol,2012-04-18,2012-04-19,17.54,https://fred.stlouisfed.org/graph/fredgraph.csv?id=GVZCLS,2026-10-08
gold_vol,2012-04-19,2012-04-20,17.33,https://fred.stlouisfed.org/graph/fredgraph.csv?id=GVZCLS,2026-10-08
gold_vol,2012-04-20,2012-04-21,16.72,https://fred.stlouisfed.org/graph/fredgraph.csv?id=GVZCLS,2026-10-08
gold_vol,2012-04-23,2012-04-24,17.11,https://fred.stlouisfed.org/graph/fredgraph.csv?id=GVZCLS,2026-10-08
gold_vol,2012-04-24,2012-04-25,17.64,https://fred.stlouisfed.org/graph/fredgraph.csv?id=GVZCLS,2026-10-08
gold_vol,2012-04-25,2012-04-26,17.45,https://fred.stlouisfed.org/graph/fredgraph.csv?id=GVZCLS,2026-10-08
gold_vol,2012-04-26,2012-04-27,16.94,https://fred.stlouisfed.org/graph/fredgraph.csv?id=GVZCLS,2026-10-08
gold_vol,2012-04-27,2012-04-28,16.61,https://fred.stlouisfed.org/graph/fredgraph.csv?id=GVZCLS,2026-10-08
gold_vol,2012-04-30,2012-05-01,16.93,https://fred.stlouisfed.org/graph/fredgraph.csv?id=GVZCLS,2026-10-08
gold_vol,2012-05-01,2012-05-02,16.47,https://fred.stlouisfed.org/graph/fredgraph.csv?id=GVZCLS,2026-10-08
gold_vol,2012-05-02,2012-05-03,16.55,https://fred.stlouisfed.org/graph/fredgraph.csv?id=GVZCLS,2026-10-08
gold_vol,2012-05-03,2012-05-04,17.45,https://fred.stlouisfed.org/graph/fredgraph.csv?id=GVZCLS,2026-10-08
gold_vol,2012-05-04,2012-05-05,16.32,https://fred.stlouisfed.org/graph/fredgraph.csv?id=GVZCLS,2026-10-08
gold_vol,2012-05-07,2012-05-08,16.38,https://fred.stlouisfed.org/graph/fredgraph.csv?id=GVZCLS,2026-10-08
gold_vol,2012-05-08,2012-05-09,17.93,https://fred.stlouisfed.org/graph/fredgraph.csv?id=GVZCLS,2026-10-08
gold_vol,2012-05-09,2012-05-10,19.32,https://fred.stlouisfed.org/graph/fredgraph.csv?id=GVZCLS,2026-10-08
gold_vol,2012-05-10,2012-05-11,18.25,https://fred.stlouisfed.org/graph/fredgraph.csv?id=GVZCLS,2026-10-08
gold_vol,2012-05-11,2012-05-12,18.46,https://fred.stlouisfed.org/graph/fredgraph.csv?id=GVZCLS,2026-10-08
gold_vol,2012-05-14,2012-05-15,20.05,https://fred.stlouisfed.org/graph/fredgraph.csv?id=GVZCLS,2026-10-08
gold_vol,2012-05-15,2012-05-16,20.75,https://fred.stlouisfed.org/graph/fredgraph.csv?id=GVZCLS,2026-10-08
gold_vol,2012-05-16,2012-05-17,22.2,https://fred.stlouisfed.org/graph/fredgraph.csv?id=GVZCLS,2026-10-08
gold_vol,2012-05-17,2012-05-18,22.59,https://fred.stlouisfed.org/graph/fredgraph.csv?id=GVZCLS,2026-10-08
gold_vol,2012-05-18,2012-05-19,23.29,https://fred.stlouisfed.org/graph/fredgraph.csv?id=GVZCLS,2026-10-08
gold_vol,2012-05-21,2012-05-22,20.69,https://fred.stlouisfed.org/graph/fredgraph.csv?id=GVZCLS,2026-10-08
gold_vol,2012-05-22,2012-05-23,20.04,https://fred.stlouisfed.org/graph/fredgraph.csv?id=GVZCLS,2026-10-08
gold_vol,2012-05-23,2012-05-24,21.79,https://fred.stlouisfed.org/graph/fredgraph.csv?id=GVZCLS,2026-10-08
gold_vol,2012-05-24,2012-05-25,21.93,https://fred.stlouisfed.org/graph/fredgraph.csv?id=GVZCLS,2026-10-08
gold_vol,2012-05-25,2012-05-26,21.11,https://fred.stlouisfed.org/graph/fredgraph.csv?id=GVZCLS,2026-10-08
gold_vol,2012-05-29,2012-05-30,21.72,https://fred.stlouisfed.org/graph/fredgraph.csv?id=GVZCLS,2026-10-08
gold_vol,2012-05-30,2012-05-31,23.46,https://fred.stlouisfed.org/graph/fredgraph.csv?id=GVZCLS,2026-10-08
gold_vol,2012-05-31,2012-06-01,23.11,https://fred.stlouisfed.org/graph/fredgraph.csv?id=GVZCLS,2026-10-08
gold_vol,2012-06-01,2012-06-02,25.3,https://fred.stlouisfed.org/graph/fredgraph.csv?id=GVZCLS,2026-10-08
gold_vol,2012-06-04,2012-06-05,25.36,https://fred.stlouisfed.org/graph/fredgraph.csv?id=GVZCLS,2026-10-08
gold_vol,2012-06-05,2012-06-06,23.99,https://fred.stlouisfed.org/graph/fredgraph.csv?id=GVZCLS,2026-10-08
gold_vol,2012-06-06,2012-06-07,23.14,https://fred.stlouisfed.org/graph/fredgraph.csv?id=GVZCLS,2026-10-08
gold_vol,2012-06-07,2012-06-08,22.92,https://fred.stlouisfed.org/graph/fredgraph.csv?id=GVZCLS,2026-10-08
gold_vol,2012-06-08,2012-06-09,22.03,https://fred.stlouisfed.org/graph/fredgraph.csv?id=GVZCLS,2026-10-08
gold_vol,2012-06-11,2012-06-12,22.19,https://fred.stlouisfed.org/graph/fredgraph.csv?id=GVZCLS,2026-10-08
gold_vol,2012-06-12,2012-06-13,22.9,https://fred.stlouisfed.org/graph/fredgraph.csv?id=GVZCLS,2026-10-08
gold_vol,2012-06-13,2012-06-14,23.96,https://fred.stlouisfed.org/graph/fredgraph.csv?id=GVZCLS,2026-10-08
gold_vol,2012-06-14,2012-06-15,24.1,https://fred.stlouisfed.org/graph/fredgraph.csv?id=GVZCLS,2026-10-08
gold_vol,2012-06-15,2012-06-16,22.94,https://fred.stlouisfed.org/graph/fredgraph.csv?id=GVZCLS,2026-10-08
gold_vol,2012-06-18,2012-06-19,20.64,https://fred.stlouisfed.org/graph/fredgraph.csv?id=GVZCLS,2026-10-08
gold_vol,2012-06-19,2012-06-20,20.51,https://fred.stlouisfed.org/graph/fredgraph.csv?id=GVZCLS,2026-10-08
gold_vol,2012-06-20,2012-06-21,19.88,https://fred.stlouisfed.org/graph/fredgraph.csv?id=GVZCLS,2026-10-08
gold_vol,2012-06-21,2012-06-22,21.07,https://fred.stlouisfed.org/graph/fredgraph.csv?id=GVZCLS,2026-10-08
gold_vol,2012-06-22,2012-06-23,20.29,https://fred.stlouisfed.org/graph/fredgraph.csv?id=GVZCLS,2026-10-08
gold_vol,2012-06-25,2012-06-26,20.46,https://fred.stlouisfed.org/graph/fredgraph.csv?id=GVZCLS,2026-10-08
gold_vol,2012-06-26,2012-06-27,20.47,https://fred.stlouisfed.org/graph/fredgraph.csv?id=GVZCLS,2026-10-08
gold_vol,2012-06-27,2012-06-28,19.96,https://fred.stlouisfed.org/graph/fredgraph.csv?id=GVZCLS,2026-10-08
gold_vol,2012-06-28,2012-06-29,20.56,https://fred.stlouisfed.org/graph/fredgraph.csv?id=GVZCLS,2026-10-08
gold_vol,2012-06-29,2012-06-30,19.53,https://fred.stlouisfed.org/graph/fredgraph.csv?id=GVZCLS,2026-10-08
gold_vol,2012-07-02,2012-07-03,19.34,https://fred.stlouisfed.org/graph/fredgraph.csv?id=GVZCLS,2026-10-08
gold_vol,2012-07-03,2012-07-04,25.23,https://fred.stlouisfed.org/graph/fredgraph.csv?id=GVZCLS,2026-10-08
gold_vol,2012-07-05,2012-07-06,18.94,https://fred.stlouisfed.org/graph/fredgraph.csv?id=GVZCLS,2026-10-08
gold_vol,2012-07-06,2012-07-07,19.46,https://fred.stlouisfed.org/graph/fredgraph.csv?id=GVZCLS,2026-10-08
gold_vol,2012-07-09,2012-07-10,19.04,https://fred.stlouisfed.org/graph/fredgraph.csv?id=GVZCLS,2026-10-08
gold_vol,2012-07-10,2012-07-11,20.28,https://fred.stlouisfed.org/graph/fredgraph.csv?id=GVZCLS,2026-10-08
gold_vol,2012-07-11,2012-07-12,19.22,https://fred.stlouisfed.org/graph/fredgraph.csv?id=GVZCLS,2026-10-08
gold_vol,2012-07-12,2012-07-13,19.31,https://fred.stlouisfed.org/graph/fredgraph.csv?id=GVZCLS,2026-10-08
gold_vol,2012-07-13,2012-07-14,18.52,https://fred.stlouisfed.org/graph/fredgraph.csv?id=GVZCLS,2026-10-08
gold_vol,2012-07-16,2012-07-17,18.03,https://fred.stlouisfed.org/graph/fredgraph.csv?id=GVZCLS,2026-10-08
gold_vol,2012-07-17,2012-07-18,17.7,https://fred.stlouisfed.org/graph/fredgraph.csv?id=GVZCLS,2026-10-08
gold_vol,2012-07-18,2012-07-19,17.35,https://fred.stlouisfed.org/graph/fredgraph.csv?id=GVZCLS,2026-10-08
gold_vol,2012-07-19,2012-07-20,16.83,https://fred.stlouisfed.org/graph/fredgraph.csv?id=GVZCLS,2026-10-08
gold_vol,2012-07-20,2012-07-21,16.88,https://fred.stlouisfed.org/graph/fredgraph.csv?id=GVZCLS,2026-10-08
gold_vol,2012-07-23,2012-07-24,18.34,https://fred.stlouisfed.org/graph/fredgraph.csv?id=GVZCLS,2026-10-08
gold_vol,2012-07-24,2012-07-25,19.6,https://fred.stlouisfed.org/graph/fredgraph.csv?id=GVZCLS,2026-10-08
gold_vol,2012-07-25,2012-07-26,19.64,https://fred.stlouisfed.org/graph/fredgraph.csv?id=GVZCLS,2026-10-08
gold_vol,2012-07-26,2012-07-27,19.37,https://fred.stlouisfed.org/graph/fredgraph.csv?id=GVZCLS,2026-10-08
gold_vol,2012-07-27,2012-07-28,19.11,https://fred.stlouisfed.org/graph/fredgraph.csv?id=GVZCLS,2026-10-08
gold_vol,2012-07-30,2012-07-31,19.43,https://fred.stlouisfed.org/graph/fredgraph.csv?id=GVZCLS,2026-10-08
gold_vol,2012-07-31,2012-08-01,19.51,https://fred.stlouisfed.org/graph/fredgraph.csv?id=GVZCLS,2026-10-08
gold_vol,2012-08-01,2012-08-02,19.01,https://fred.stlouisfed.org/graph/fredgraph.csv?id=GVZCLS,2026-10-08
gold_vol,2012-08-02,2012-08-03,18.05,https://fred.stlouisfed.org/graph/fredgraph.csv?id=GVZCLS,2026-10-08
gold_vol,2012-08-03,2012-08-04,16.65,https://fred.stlouisfed.org/graph/fredgraph.csv?id=GVZCLS,2026-10-08
gold_vol,2012-08-06,2012-08-07,16.35,https://fred.stlouisfed.org/graph/fredgraph.csv?id=GVZCLS,2026-10-08
gold_vol,2012-08-07,2012-08-08,16.48,https://fred.stlouisfed.org/graph/fredgraph.csv?id=GVZCLS,2026-10-08
gold_vol,2012-08-08,2012-08-09,16.25,https://fred.stlouisfed.org/graph/fredgraph.csv?id=GVZCLS,2026-10-08
gold_vol,2012-08-09,2012-08-10,16.19,https://fred.stlouisfed.org/graph/fredgraph.csv?id=GVZCLS,2026-10-08
gold_vol,2012-08-10,2012-08-11,16.16,https://fred.stlouisfed.org/graph/fredgraph.csv?id=GVZCLS,2026-10-08
gold_vol,2012-08-13,2012-08-14,15.13,https://fred.stlouisfed.org/graph/fredgraph.csv?id=GVZCLS,2026-10-08
gold_vol,2012-08-14,2012-08-15,14.96,https://fred.stlouisfed.org/graph/fredgraph.csv?id=GVZCLS,2026-10-08
gold_vol,2012-08-15,2012-08-16,14.87,https://fred.stlouisfed.org/graph/fredgraph.csv?id=GVZCLS,2026-10-08
gold_vol,2012-08-16,2012-08-17,15.17,https://fred.stlouisfed.org/graph/fredgraph.csv?id=GVZCLS,2026-10-08
gold_vol,2012-08-17,2012-08-18,14.7,https://fred.stlouisfed.org/graph/fredgraph.csv?id=GVZCLS,2026-10-08
gold_vol,2012-08-20,2012-08-21,14.78,https://fred.stlouisfed.org/graph/fredgraph.csv?id=GVZCLS,2026-10-08
gold_vol,2012-08-21,2012-08-22,16.29,https://fred.stlouisfed.org/graph/fredgraph.csv?id=GVZCLS,2026-10-08
gold_vol,2012-08-22,2012-08-23,17.15,https://fred.stlouisfed.org/graph/fredgraph.csv?id=GVZCLS,2026-10-08
gold_vol,2012-08-23,2012-08-24,17.94,https://fred.stlouisfed.org/graph/fredgraph.csv?id=GVZCLS,2026-10-08
gold_vol,2012-08-24,2012-08-25,16.88,https://fred.stlouisfed.org/graph/fredgraph.csv?id=GVZCLS,2026-10-08
gold_vol,2012-08-27,2012-08-28,16.9,https://fred.stlouisfed.org/graph/fredgraph.csv?id=GVZCLS,2026-10-08
gold_vol,2012-08-28,2012-08-29,16.54,https://fred.stlouisfed.org/graph/fredgraph.csv?id=GVZCLS,2026-10-08
gold_vol,2012-08-29,2012-08-30,16.5,https://fred.stlouisfed.org/graph/fredgraph.csv?id=GVZCLS,2026-10-08
gold_vol,2012-08-30,2012-08-31,17.14,https://fred.stlouisfed.org/graph/fredgraph.csv?id=GVZCLS,2026-10-08
gold_vol,2012-08-31,2012-09-01,17.89,https://fred.stlouisfed.org/graph/fredgraph.csv?id=GVZCLS,2026-10-08
gold_vol,2012-09-04,2012-09-05,17.97,https://fred.stlouisfed.org/graph/fredgraph.csv?id=GVZCLS,2026-10-08
gold_vol,2012-09-05,2012-09-06,18.18,https://fred.stlouisfed.org/graph/fredgraph.csv?id=GVZCLS,2026-10-08
gold_vol,2012-09-06,2012-09-07,17.8,https://fred.stlouisfed.org/graph/fredgraph.csv?id=GVZCLS,2026-10-08
gold_vol,2012-09-07,2012-09-08,18.95,https://fred.stlouisfed.org/graph/fredgraph.csv?id=GVZCLS,2026-10-08
gold_vol,2012-09-10,2012-09-11,19.08,https://fred.stlouisfed.org/graph/fredgraph.csv?id=GVZCLS,2026-10-08
gold_vol,2012-09-11,2012-09-12,19.59,https://fred.stlouisfed.org/graph/fredgraph.csv?id=GVZCLS,2026-10-08
gold_vol,2012-09-12,2012-09-13,20.15,https://fred.stlouisfed.org/graph/fredgraph.csv?id=GVZCLS,2026-10-08
gold_vol,2012-09-13,2012-09-14,19.03,https://fred.stlouisfed.org/graph/fredgraph.csv?id=GVZCLS,2026-10-08
gold_vol,2012-09-14,2012-09-15,17.87,https://fred.stlouisfed.org/graph/fredgraph.csv?id=GVZCLS,2026-10-08
gold_vol,2012-09-17,2012-09-18,18.08,https://fred.stlouisfed.org/graph/fredgraph.csv?id=GVZCLS,2026-10-08
gold_vol,2012-09-18,2012-09-19,17.89,https://fred.stlouisfed.org/graph/fredgraph.csv?id=GVZCLS,2026-10-08
gold_vol,2012-09-19,2012-09-20,17.69,https://fred.stlouisfed.org/graph/fredgraph.csv?id=GVZCLS,2026-10-08
gold_vol,2012-09-20,2012-09-21,17.29,https://fred.stlouisfed.org/graph/fredgraph.csv?id=GVZCLS,2026-10-08
gold_vol,2012-09-21,2012-09-22,17.09,https://fred.stlouisfed.org/graph/fredgraph.csv?id=GVZCLS,2026-10-08
gold_vol,2012-09-24,2012-09-25,16.94,https://fred.stlouisfed.org/graph/fredgraph.csv?id=GVZCLS,2026-10-08
gold_vol,2012-09-25,2012-09-26,16.74,https://fred.stlouisfed.org/graph/fredgraph.csv?id=GVZCLS,2026-10-08
gold_vol,2012-09-26,2012-09-27,16.31,https://fred.stlouisfed.org/graph/fredgraph.csv?id=GVZCLS,2026-10-08
gold_vol,2012-09-27,2012-09-28,17.02,https://fred.stlouisfed.org/graph/fredgraph.csv?id=GVZCLS,2026-10-08
gold_vol,2012-09-28,2012-09-29,16.76,https://fred.stlouisfed.org/graph/fredgraph.csv?id=GVZCLS,2026-10-08
gold_vol,2012-10-01,2012-10-02,16.9,https://fred.stlouisfed.org/graph/fredgraph.csv?id=GVZCLS,2026-10-08
gold_vol,2012-10-02,2012-10-03,16.34,https://fred.stlouisfed.org/graph/fredgraph.csv?id=GVZCLS,2026-10-08
gold_vol,2012-10-03,2012-10-04,16.59,https://fred.stlouisfed.org/graph/fredgraph.csv?id=GVZCLS,2026-10-08
gold_vol,2012-10-04,2012-10-05,17.27,https://fred.stlouisfed.org/graph/fredgraph.csv?id=GVZCLS,2026-10-08
gold_vol,2012-10-05,2012-10-06,15.88,https://fred.stlouisfed.org/graph/fredgraph.csv?id=GVZCLS,2026-10-08
gold_vol,2012-10-08,2012-10-09,16.13,https://fred.stlouisfed.org/graph/fredgraph.csv?id=GVZCLS,2026-10-08
gold_vol,2012-10-09,2012-10-10,15.72,https://fred.stlouisfed.org/graph/fredgraph.csv?id=GVZCLS,2026-10-08
gold_vol,2012-10-10,2012-10-11,15.53,https://fred.stlouisfed.org/graph/fredgraph.csv?id=GVZCLS,2026-10-08
gold_vol,2012-10-11,2012-10-12,15.31,https://fred.stlouisfed.org/graph/fredgraph.csv?id=GVZCLS,2026-10-08
gold_vol,2012-10-12,2012-10-13,15.72,https://fred.stlouisfed.org/graph/fredgraph.csv?id=GVZCLS,2026-10-08
gold_vol,2012-10-15,2012-10-16,15.47,https://fred.stlouisfed.org/graph/fredgraph.csv?id=GVZCLS,2026-10-08
gold_vol,2012-10-16,2012-10-17,15.12,https://fred.stlouisfed.org/graph/fredgraph.csv?id=GVZCLS,2026-10-08
gold_vol,2012-10-17,2012-10-18,14.64,https://fred.stlouisfed.org/graph/fredgraph.csv?id=GVZCLS,2026-10-08
gold_vol,2012-10-18,2012-10-19,14.73,https://fred.stlouisfed.org/graph/fredgraph.csv?id=GVZCLS,2026-10-08
gold_vol,2012-10-19,2012-10-20,15.1,https://fred.stlouisfed.org/graph/fredgraph.csv?id=GVZCLS,2026-10-08
gold_vol,2012-10-22,2012-10-23,14.88,https://fred.stlouisfed.org/graph/fredgraph.csv?id=GVZCLS,2026-10-08
gold_vol,2012-10-23,2012-10-24,15.8,https://fred.stlouisfed.org/graph/fredgraph.csv?id=GVZCLS,2026-10-08
gold_vol,2012-10-24,2012-10-25,15.7,https://fred.stlouisfed.org/graph/fredgraph.csv?id=GVZCLS,2026-10-08
gold_vol,2012-10-25,2012-10-26,15.36,https://fred.stlouisfed.org/graph/fredgraph.csv?id=GVZCLS,2026-10-08
gold_vol,2012-10-26,2012-10-27,14.92,https://fred.stlouisfed.org/graph/fredgraph.csv?id=GVZCLS,2026-10-08
gold_vol,2012-10-31,2012-11-01,14.99,https://fred.stlouisfed.org/graph/fredgraph.csv?id=GVZCLS,2026-10-08
gold_vol,2012-11-01,2012-11-02,14.49,https://fred.stlouisfed.org/graph/fredgraph.csv?id=GVZCLS,2026-10-08
gold_vol,2012-11-02,2012-11-03,16.2,https://fred.stlouisfed.org/graph/fredgraph.csv?id=GVZCLS,2026-10-08
gold_vol,2012-11-05,2012-11-06,17.48,https://fred.stlouisfed.org/graph/fredgraph.csv?id=GVZCLS,2026-10-08
gold_vol,2012-11-06,2012-11-07,18.0,https://fred.stlouisfed.org/graph/fredgraph.csv?id=GVZCLS,2026-10-08
gold_vol,2012-11-07,2012-11-08,16.69,https://fred.stlouisfed.org/graph/fredgraph.csv?id=GVZCLS,2026-10-08
gold_vol,2012-11-08,2012-11-09,17.02,https://fred.stlouisfed.org/graph/fredgraph.csv?id=GVZCLS,2026-10-08
gold_vol,2012-11-09,2012-11-10,16.07,https://fred.stlouisfed.org/graph/fredgraph.csv?id=GVZCLS,2026-10-08
gold_vol,2012-11-12,2012-11-13,15.66,https://fred.stlouisfed.org/graph/fredgraph.csv?id=GVZCLS,2026-10-08
gold_vol,2012-11-13,2012-11-14,14.54,https://fred.stlouisfed.org/graph/fredgraph.csv?id=GVZCLS,2026-10-08
gold_vol,2012-11-14,2012-11-15,14.94,https://fred.stlouisfed.org/graph/fredgraph.csv?id=GVZCLS,2026-10-08
gold_vol,2012-11-15,2012-11-16,14.26,https://fred.stlouisfed.org/graph/fredgraph.csv?id=GVZCLS,2026-10-08
gold_vol,2012-11-16,2012-11-17,13.28,https://fred.stlouisfed.org/graph/fredgraph.csv?id=GVZCLS,2026-10-08
gold_vol,2012-11-19,2012-11-20,13.61,https://fred.stlouisfed.org/graph/fredgraph.csv?id=GVZCLS,2026-10-08
gold_vol,2012-11-20,2012-11-21,13.52,https://fred.stlouisfed.org/graph/fredgraph.csv?id=GVZCLS,2026-10-08
gold_vol,2012-11-21,2012-11-22,13.22,https://fred.stlouisfed.org/graph/fredgraph.csv?id=GVZCLS,2026-10-08
gold_vol,2012-11-23,2012-11-24,15.48,https://fred.stlouisfed.org/graph/fredgraph.csv?id=GVZCLS,2026-10-08
gold_vol,2012-11-26,2012-11-27,13.18,https://fred.stlouisfed.org/graph/fredgraph.csv?id=GVZCLS,2026-10-08
gold_vol,2012-11-27,2012-11-28,13.68,https://fred.stlouisfed.org/graph/fredgraph.csv?id=GVZCLS,2026-10-08
gold_vol,2012-11-28,2012-11-29,13.7,https://fred.stlouisfed.org/graph/fredgraph.csv?id=GVZCLS,2026-10-08
gold_vol,2012-11-29,2012-11-30,12.67,https://fred.stlouisfed.org/graph/fredgraph.csv?id=GVZCLS,2026-10-08
gold_vol,2012-11-30,2012-12-01,13.24,https://fred.stlouisfed.org/graph/fredgraph.csv?id=GVZCLS,2026-10-08
gold_vol,2012-12-03,2012-12-04,13.4,https://fred.stlouisfed.org/graph/fredgraph.csv?id=GVZCLS,2026-10-08
gold_vol,2012-12-04,2012-12-05,13.95,https://fred.stlouisfed.org/graph/fredgraph.csv?id=GVZCLS,2026-10-08
gold_vol,2012-12-05,2012-12-06,14.0,https://fred.stlouisfed.org/graph/fredgraph.csv?id=GVZCLS,2026-10-08
gold_vol,2012-12-06,2012-12-07,14.07,https://fred.stlouisfed.org/graph/fredgraph.csv?id=GVZCLS,2026-10-08
gold_vol,2012-12-07,2012-12-08,13.87,https://fred.stlouisfed.org/graph/fredgraph.csv?id=GVZCLS,2026-10-08
gold_vol,2012-12-10,2012-12-11,14.2,https://fred.stlouisfed.org/graph/fredgraph.csv?id=GVZCLS,2026-10-08
gold_vol,2012-12-11,2012-12-12,14.16,https://fred.stlouisfed.org/graph/fredgraph.csv?id=GVZCLS,2026-10-08
gold_vol,2012-12-12,2012-12-13,13.34,https://fred.stlouisfed.org/graph/fredgraph.csv?id=GVZCLS,2026-10-08
gold_vol,2012-12-13,2012-12-14,13.01,https://fred.stlouisfed.org/graph/fredgraph.csv?id=GVZCLS,2026-10-08
gold_vol,2012-12-14,2012-12-15,12.6,https://fred.stlouisfed.org/graph/fredgraph.csv?id=GVZCLS,2026-10-08
gold_vol,2012-12-17,2012-12-18,11.97,https://fred.stlouisfed.org/graph/fredgraph.csv?id=GVZCLS,2026-10-08
gold_vol,2012-12-18,2012-12-19,13.69,https://fred.stlouisfed.org/graph/fredgraph.csv?id=GVZCLS,2026-10-08
gold_vol,2012-12-19,2012-12-20,13.73,https://fred.stlouisfed.org/graph/fredgraph.csv?id=GVZCLS,2026-10-08
gold_vol,2012-12-20,2012-12-21,14.53,https://fred.stlouisfed.org/graph/fredgraph.csv?id=GVZCLS,2026-10-08
gold_vol,2012-12-21,2012-12-22,13.82,https://fred.stlouisfed.org/graph/fredgraph.csv?id=GVZCLS,2026-10-08
gold_vol,2012-12-24,2012-12-25,13.21,https://fred.stlouisfed.org/graph/fredgraph.csv?id=GVZCLS,2026-10-08
gold_vol,2012-12-26,2012-12-27,13.56,https://fred.stlouisfed.org/graph/fredgraph.csv?id=GVZCLS,2026-10-08
gold_vol,2012-12-27,2012-12-28,14.83,https://fred.stlouisfed.org/graph/fredgraph.csv?id=GVZCLS,2026-10-08
gold_vol,2012-12-28,2012-12-29,15.3,https://fred.stlouisfed.org/graph/fredgraph.csv?id=GVZCLS,2026-10-08
gold_vol,2012-12-31,2013-01-01,14.38,https://fred.stlouisfed.org/graph/fredgraph.csv?id=GVZCLS,2026-10-08
gold_vol,2013-01-02,2013-01-03,13.43,https://fred.stlouisfed.org/graph/fredgraph.csv?id=GVZCLS,2026-10-08
gold_vol,2013-01-03,2013-01-04,13.72,https://fred.stlouisfed.org/graph/fredgraph.csv?id=GVZCLS,2026-10-08
gold_vol,2013-01-04,2013-01-05,13.78,https://fred.stlouisfed.org/graph/fredgraph.csv?id=GVZCLS,2026-10-08
gold_vol,2013-01-07,2013-01-08,14.51,https://fred.stlouisfed.org/graph/fredgraph.csv?id=GVZCLS,2026-10-08
gold_vol,2013-01-08,2013-01-09,14.08,https://fred.stlouisfed.org/graph/fredgraph.csv?id=GVZCLS,2026-10-08
gold_vol,2013-01-09,2013-01-10,14.16,https://fred.stlouisfed.org/graph/fredgraph.csv?id=GVZCLS,2026-10-08
gold_vol,2013-01-10,2013-01-11,13.27,https://fred.stlouisfed.org/graph/fredgraph.csv?id=GVZCLS,2026-10-08
gold_vol,2013-01-11,2013-01-12,13.79,https://fred.stlouisfed.org/graph/fredgraph.csv?id=GVZCLS,2026-10-08
gold_vol,2013-01-14,2013-01-15,13.78,https://fred.stlouisfed.org/graph/fredgraph.csv?id=GVZCLS,2026-10-08
gold_vol,2013-01-15,2013-01-16,13.76,https://fred.stlouisfed.org/graph/fredgraph.csv?id=GVZCLS,2026-10-08
gold_vol,2013-01-16,2013-01-17,14.49,https://fred.stlouisfed.org/graph/fredgraph.csv?id=GVZCLS,2026-10-08
gold_vol,2013-01-17,2013-01-18,14.9,https://fred.stlouisfed.org/graph/fredgraph.csv?id=GVZCLS,2026-10-08
gold_vol,2013-01-18,2013-01-19,13.8,https://fred.stlouisfed.org/graph/fredgraph.csv?id=GVZCLS,2026-10-08
gold_vol,2013-01-22,2013-01-23,12.71,https://fred.stlouisfed.org/graph/fredgraph.csv?id=GVZCLS,2026-10-08
gold_vol,2013-01-23,2013-01-24,12.46,https://fred.stlouisfed.org/graph/fredgraph.csv?id=GVZCLS,2026-10-08
gold_vol,2013-01-24,2013-01-25,13.03,https://fred.stlouisfed.org/graph/fredgraph.csv?id=GVZCLS,2026-10-08
gold_vol,2013-01-25,2013-01-26,14.08,https://fred.stlouisfed.org/graph/fredgraph.csv?id=GVZCLS,2026-10-08
gold_vol,2013-01-28,2013-01-29,14.39,https://fred.stlouisfed.org/graph/fredgraph.csv?id=GVZCLS,2026-10-08
gold_vol,2013-01-29,2013-01-30,13.59,https://fred.stlouisfed.org/graph/fredgraph.csv?id=GVZCLS,2026-10-08
gold_vol,2013-01-30,2013-01-31,13.21,https://fred.stlouisfed.org/graph/fredgraph.csv?id=GVZCLS,2026-10-08
gold_vol,2013-01-31,2013-02-01,13.76,https://fred.stlouisfed.org/graph/fredgraph.csv?id=GVZCLS,2026-10-08
gold_vol,2013-02-01,2013-02-02,13.32,https://fred.stlouisfed.org/graph/fredgraph.csv?id=GVZCLS,2026-10-08
gold_vol,2013-02-04,2013-02-05,13.78,https://fred.stlouisfed.org/graph/fredgraph.csv?id=GVZCLS,2026-10-08
gold_vol,2013-02-05,2013-02-06,13.03,https://fred.stlouisfed.org/graph/fredgraph.csv?id=GVZCLS,2026-10-08
gold_vol,2013-02-06,2013-02-07,13.57,https://fred.stlouisfed.org/graph/fredgraph.csv?id=GVZCLS,2026-10-08
gold_vol,2013-02-07,2013-02-08,13.59,https://fred.stlouisfed.org/graph/fredgraph.csv?id=GVZCLS,2026-10-08
gold_vol,2013-02-08,2013-02-09,13.14,https://fred.stlouisfed.org/graph/fredgraph.csv?id=GVZCLS,2026-10-08
gold_vol,2013-02-11,2013-02-12,14.38,https://fred.stlouisfed.org/graph/fredgraph.csv?id=GVZCLS,2026-10-08
gold_vol,2013-02-12,2013-02-13,14.06,https://fred.stlouisfed.org/graph/fredgraph.csv?id=GVZCLS,2026-10-08
gold_vol,2013-02-13,2013-02-14,14.7,https://fred.stlouisfed.org/graph/fredgraph.csv?id=GVZCLS,2026-10-08
gold_vol,2013-02-14,2013-02-15,14.72,https://fred.stlouisfed.org/graph/fredgraph.csv?id=GVZCLS,2026-10-08
gold_vol,2013-02-15,2013-02-16,15.9,https://fred.stlouisfed.org/graph/fredgraph.csv?id=GVZCLS,2026-10-08
gold_vol,2013-02-19,2013-02-20,15.75,https://fred.stlouisfed.org/graph/fredgraph.csv?id=GVZCLS,2026-10-08
gold_vol,2013-02-20,2013-02-21,18.59,https://fred.stlouisfed.org/graph/fredgraph.csv?id=GVZCLS,2026-10-08
gold_vol,2013-02-21,2013-02-22,16.9,https://fred.stlouisfed.org/graph/fredgraph.csv?id=GVZCLS,2026-10-08
gold_vol,2013-02-22,2013-02-23,16.26,https://fred.stlouisfed.org/graph/fredgraph.csv?id=GVZCLS,2026-10-08
gold_vol,2013-02-25,2013-02-26,17.48,https://fred.stlouisfed.org/graph/fredgraph.csv?id=GVZCLS,2026-10-08
gold_vol,2013-02-26,2013-02-27,15.61,https://fred.stlouisfed.org/graph/fredgraph.csv?id=GVZCLS,2026-10-08
gold_vol,2013-02-27,2013-02-28,15.57,https://fred.stlouisfed.org/graph/fredgraph.csv?id=GVZCLS,2026-10-08
gold_vol,2013-02-28,2013-03-01,15.79,https://fred.stlouisfed.org/graph/fredgraph.csv?id=GVZCLS,2026-10-08
gold_vol,2013-03-01,2013-03-02,15.75,https://fred.stlouisfed.org/graph/fredgraph.csv?id=GVZCLS,2026-10-08
gold_vol,2013-03-04,2013-03-05,16.03,https://fred.stlouisfed.org/graph/fredgraph.csv?id=GVZCLS,2026-10-08
gold_vol,2013-03-05,2013-03-06,15.47,https://fred.stlouisfed.org/graph/fredgraph.csv?id=GVZCLS,2026-10-08
gold_vol,2013-03-06,2013-03-07,15.05,https://fred.stlouisfed.org/graph/fredgraph.csv?id=GVZCLS,2026-10-08
gold_vol,2013-03-07,2013-03-08,14.84,https://fred.stlouisfed.org/graph/fredgraph.csv?id=GVZCLS,2026-10-08
gold_vol,2013-03-08,2013-03-09,13.54,https://fred.stlouisfed.org/graph/fredgraph.csv?id=GVZCLS,2026-10-08
gold_vol,2013-03-11,2013-03-12,12.96,https://fred.stlouisfed.org/graph/fredgraph.csv?id=GVZCLS,2026-10-08
gold_vol,2013-03-12,2013-03-13,12.07,https://fred.stlouisfed.org/graph/fredgraph.csv?id=GVZCLS,2026-10-08
gold_vol,2013-03-13,2013-03-14,12.24,https://fred.stlouisfed.org/graph/fredgraph.csv?id=GVZCLS,2026-10-08
gold_vol,2013-03-14,2013-03-15,12.59,https://fred.stlouisfed.org/graph/fredgraph.csv?id=GVZCLS,2026-10-08
gold_vol,2013-03-15,2013-03-16,12.43,https://fred.stlouisfed.org/graph/fredgraph.csv?id=GVZCLS,2026-10-08
gold_vol,2013-03-18,2013-03-19,13.3,https://fred.stlouisfed.org/graph/fredgraph.csv?id=GVZCLS,2026-10-08
gold_vol,2013-03-19,2013-03-20,14.52,https://fred.stlouisfed.org/graph/fredgraph.csv?id=GVZCLS,2026-10-08
gold_vol,2013-03-20,2013-03-21,13.33,https://fred.stlouisfed.org/graph/fredgraph.csv?id=GVZCLS,2026-10-08
gold_vol,2013-03-21,2013-03-22,13.37,https://fred.stlouisfed.org/graph/fredgraph.csv?id=GVZCLS,2026-10-08
gold_vol,2013-03-22,2013-03-23,12.89,https://fred.stlouisfed.org/graph/fredgraph.csv?id=GVZCLS,2026-10-08
gold_vol,2013-03-25,2013-03-26,12.99,https://fred.stlouisfed.org/graph/fredgraph.csv?id=GVZCLS,2026-10-08
gold_vol,2013-03-26,2013-03-27,12.48,https://fred.stlouisfed.org/graph/fredgraph.csv?id=GVZCLS,2026-10-08
gold_vol,2013-03-27,2013-03-28,12.33,https://fred.stlouisfed.org/graph/fredgraph.csv?id=GVZCLS,2026-10-08
gold_vol,2013-03-28,2013-03-29,12.41,https://fred.stlouisfed.org/graph/fredgraph.csv?id=GVZCLS,2026-10-08
gold_vol,2013-04-01,2013-04-02,13.13,https://fred.stlouisfed.org/graph/fredgraph.csv?id=GVZCLS,2026-10-08
gold_vol,2013-04-02,2013-04-03,13.73,https://fred.stlouisfed.org/graph/fredgraph.csv?id=GVZCLS,2026-10-08
gold_vol,2013-04-03,2013-04-04,15.21,https://fred.stlouisfed.org/graph/fredgraph.csv?id=GVZCLS,2026-10-08
gold_vol,2013-04-04,2013-04-05,16.03,https://fred.stlouisfed.org/graph/fredgraph.csv?id=GVZCLS,2026-10-08
gold_vol,2013-04-05,2013-04-06,14.46,https://fred.stlouisfed.org/graph/fredgraph.csv?id=GVZCLS,2026-10-08
gold_vol,2013-04-08,2013-04-09,14.22,https://fred.stlouisfed.org/graph/fredgraph.csv?id=GVZCLS,2026-10-08
gold_vol,2013-04-09,2013-04-10,13.54,https://fred.stlouisfed.org/graph/fredgraph.csv?id=GVZCLS,2026-10-08
gold_vol,2013-04-10,2013-04-11,15.15,https://fred.stlouisfed.org/graph/fredgraph.csv?id=GVZCLS,2026-10-08
gold_vol,2013-04-11,2013-04-12,15.29,https://fred.stlouisfed.org/graph/fredgraph.csv?id=GVZCLS,2026-10-08
gold_vol,2013-04-12,2013-04-13,21.32,https://fred.stlouisfed.org/graph/fredgraph.csv?id=GVZCLS,2026-10-08
gold_vol,2013-04-15,2013-04-16,34.48,https://fred.stlouisfed.org/graph/fredgraph.csv?id=GVZCLS,2026-10-08
gold_vol,2013-04-16,2013-04-17,30.02,https://fred.stlouisfed.org/graph/fredgraph.csv?id=GVZCLS,2026-10-08
gold_vol,2013-04-17,2013-04-18,26.93,https://fred.stlouisfed.org/graph/fredgraph.csv?id=GVZCLS,2026-10-08
gold_vol,2013-04-18,2013-04-19,24.57,https://fred.stlouisfed.org/graph/fredgraph.csv?id=GVZCLS,2026-10-08
gold_vol,2013-04-19,2013-04-20,24.37,https://fred.stlouisfed.org/graph/fredgraph.csv?id=GVZCLS,2026-10-08
gold_vol,2013-04-22,2013-04-23,23.28,https://fred.stlouisfed.org/graph/fredgraph.csv?id=GVZCLS,2026-10-08
gold_vol,2013-04-23,2013-04-24,23.68,https://fred.stlouisfed.org/graph/fredgraph.csv?id=GVZCLS,2026-10-08
gold_vol,2013-04-24,2013-04-25,21.49,https://fred.stlouisfed.org/graph/fredgraph.csv?id=GVZCLS,2026-10-08
gold_vol,2013-04-25,2013-04-26,22.35,https://fred.stlouisfed.org/graph/fredgraph.csv?id=GVZCLS,2026-10-08
gold_vol,2013-04-26,2013-04-27,24.21,https://fred.stlouisfed.org/graph/fredgraph.csv?id=GVZCLS,2026-10-08
gold_vol,2013-04-29,2013-04-30,23.16,https://fred.stlouisfed.org/graph/fredgraph.csv?id=GVZCLS,2026-10-08
gold_vol,2013-04-30,2013-05-01,22.09,https://fred.stlouisfed.org/graph/fredgraph.csv?id=GVZCLS,2026-10-08
gold_vol,2013-05-01,2013-05-02,22.93,https://fred.stlouisfed.org/graph/fredgraph.csv?id=GVZCLS,2026-10-08
gold_vol,2013-05-02,2013-05-03,22.06,https://fred.stlouisfed.org/graph/fredgraph.csv?id=GVZCLS,2026-10-08
gold_vol,2013-05-03,2013-05-04,20.37,https://fred.stlouisfed.org/graph/fredgraph.csv?id=GVZCLS,2026-10-08
gold_vol,2013-05-06,2013-05-07,20.37,https://fred.stlouisfed.org/graph/fredgraph.csv?id=GVZCLS,2026-10-08
gold_vol,2013-05-07,2013-05-08,22.07,https://fred.stlouisfed.org/graph/fredgraph.csv?id=GVZCLS,2026-10-08
gold_vol,2013-05-08,2013-05-09,20.64,https://fred.stlouisfed.org/graph/fredgraph.csv?id=GVZCLS,2026-10-08
gold_vol,2013-05-09,2013-05-10,21.62,https://fred.stlouisfed.org/graph/fredgraph.csv?id=GVZCLS,2026-10-08
gold_vol,2013-05-10,2013-05-11,23.95,https://fred.stlouisfed.org/graph/fredgraph.csv?id=GVZCLS,2026-10-08
gold_vol,2013-05-13,2013-05-14,25.04,https://fred.stlouisfed.org/graph/fredgraph.csv?id=GVZCLS,2026-10-08
gold_vol,2013-05-14,2013-05-15,25.06,https://fred.stlouisfed.org/graph/fredgraph.csv?id=GVZCLS,2026-10-08
gold_vol,2013-05-15,2013-05-16,28.01,https://fred.stlouisfed.org/graph/fredgraph.csv?id=GVZCLS,2026-10-08
gold_vol,2013-05-16,2013-05-17,27.18,https://fred.stlouisfed.org/graph/fredgraph.csv?id=GVZCLS,2026-10-08
gold_vol,2013-05-17,2013-05-18,28.34,https://fred.stlouisfed.org/graph/fredgraph.csv?id=GVZCLS,2026-10-08
gold_vol,2013-05-20,2013-05-21,26.66,https://fred.stlouisfed.org/graph/fredgraph.csv?id=GVZCLS,2026-10-08
gold_vol,2013-05-21,2013-05-22,27.18,https://fred.stlouisfed.org/graph/fredgraph.csv?id=GVZCLS,2026-10-08
gold_vol,2013-05-22,2013-05-23,27.61,https://fred.stlouisfed.org/graph/fredgraph.csv?id=GVZCLS,2026-10-08
gold_vol,2013-05-23,2013-05-24,26.08,https://fred.stlouisfed.org/graph/fredgraph.csv?id=GVZCLS,2026-10-08
gold_vol,2013-05-24,2013-05-25,24.9,https://fred.stlouisfed.org/graph/fredgraph.csv?id=GVZCLS,2026-10-08
gold_vol,2013-05-28,2013-05-29,24.86,https://fred.stlouisfed.org/graph/fredgraph.csv?id=GVZCLS,2026-10-08
gold_vol,2013-05-29,2013-05-30,22.76,https://fred.stlouisfed.org/graph/fredgraph.csv?id=GVZCLS,2026-10-08
gold_vol,2013-05-30,2013-05-31,21.43,https://fred.stlouisfed.org/graph/fredgraph.csv?id=GVZCLS,2026-10-08
gold_vol,2013-05-31,2013-06-01,22.63,https://fred.stlouisfed.org/graph/fredgraph.csv?id=GVZCLS,2026-10-08
gold_vol,2013-06-03,2013-06-04,21.68,https://fred.stlouisfed.org/graph/fredgraph.csv?id=GVZCLS,2026-10-08
gold_vol,2013-06-04,2013-06-05,22.32,https://fred.stlouisfed.org/graph/fredgraph.csv?id=GVZCLS,2026-10-08
gold_vol,2013-06-05,2013-06-06,22.65,https://fred.stlouisfed.org/graph/fredgraph.csv?id=GVZCLS,2026-10-08
gold_vol,2013-06-06,2013-06-07,22.33,https://fred.stlouisfed.org/graph/fredgraph.csv?id=GVZCLS,2026-10-08
gold_vol,2013-06-07,2013-06-08,23.58,https://fred.stlouisfed.org/graph/fredgraph.csv?id=GVZCLS,2026-10-08
gold_vol,2013-06-10,2013-06-11,22.68,https://fred.stlouisfed.org/graph/fredgraph.csv?id=GVZCLS,2026-10-08
gold_vol,2013-06-11,2013-06-12,23.27,https://fred.stlouisfed.org/graph/fredgraph.csv?id=GVZCLS,2026-10-08
gold_vol,2013-06-12,2013-06-13,22.04,https://fred.stlouisfed.org/graph/fredgraph.csv?id=GVZCLS,2026-10-08
gold_vol,2013-06-13,2013-06-14,22.69,https://fred.stlouisfed.org/graph/fredgraph.csv?id=GVZCLS,2026-10-08
gold_vol,2013-06-14,2013-06-15,20.91,https://fred.stlouisfed.org/graph/fredgraph.csv?id=GVZCLS,2026-10-08
gold_vol,2013-06-17,2013-06-18,21.27,https://fred.stlouisfed.org/graph/fredgraph.csv?id=GVZCLS,2026-10-08
gold_vol,2013-06-18,2013-06-19,22.7,https://fred.stlouisfed.org/graph/fredgraph.csv?id=GVZCLS,2026-10-08
gold_vol,2013-06-19,2013-06-20,22.53,https://fred.stlouisfed.org/graph/fredgraph.csv?id=GVZCLS,2026-10-08
gold_vol,2013-06-20,2013-06-21,29.94,https://fred.stlouisfed.org/graph/fredgraph.csv?id=GVZCLS,2026-10-08
gold_vol,2013-06-21,2013-06-22,27.19,https://fred.stlouisfed.org/graph/fredgraph.csv?id=GVZCLS,2026-10-08
gold_vol,2013-06-24,2013-06-25,27.69,https://fred.stlouisfed.org/graph/fredgraph.csv?id=GVZCLS,2026-10-08
gold_vol,2013-06-25,2013-06-26,25.86,https://fred.stlouisfed.org/graph/fredgraph.csv?id=GVZCLS,2026-10-08
gold_vol,2013-06-26,2013-06-27,31.43,https://fred.stlouisfed.org/graph/fredgraph.csv?id=GVZCLS,2026-10-08
gold_vol,2013-06-27,2013-06-28,33.51,https://fred.stlouisfed.org/graph/fredgraph.csv?id=GVZCLS,2026-10-08
gold_vol,2013-06-28,2013-06-29,31.84,https://fred.stlouisfed.org/graph/fredgraph.csv?id=GVZCLS,2026-10-08
gold_vol,2013-07-01,2013-07-02,28.84,https://fred.stlouisfed.org/graph/fredgraph.csv?id=GVZCLS,2026-10-08
gold_vol,2013-07-02,2013-07-03,28.19,https://fred.stlouisfed.org/graph/fredgraph.csv?id=GVZCLS,2026-10-08
gold_vol,2013-07-03,2013-07-04,27.25,https://fred.stlouisfed.org/graph/fredgraph.csv?id=GVZCLS,2026-10-08
gold_vol,2013-07-05,2013-07-06,27.15,https://fred.stlouisfed.org/graph/fredgraph.csv?id=GVZCLS,2026-10-08
gold_vol,2013-07-08,2013-07-09,26.79,https://fred.stlouisfed.org/graph/fredgraph.csv?id=GVZCLS,2026-10-08
gold_vol,2013-07-09,2013-07-10,25.68,https://fred.stlouisfed.org/graph/fredgraph.csv?id=GVZCLS,2026-10-08
gold_vol,2013-07-10,2013-07-11,26.24,https://fred.stlouisfed.org/graph/fredgraph.csv?id=GVZCLS,2026-10-08
gold_vol,2013-07-11,2013-07-12,23.85,https://fred.stlouisfed.org/graph/fredgraph.csv?id=GVZCLS,2026-10-08
gold_vol,2013-07-12,2013-07-13,24.07,https://fred.stlouisfed.org/graph/fredgraph.csv?id=GVZCLS,2026-10-08
gold_vol,2013-07-15,2013-07-16,23.53,https://fred.stlouisfed.org/graph/fredgraph.csv?id=GVZCLS,2026-10-08
gold_vol,2013-07-16,2013-07-17,23.2,https://fred.stlouisfed.org/graph/fredgraph.csv?id=GVZCLS,2026-10-08
gold_vol,2013-07-17,2013-07-18,23.61,https://fred.stlouisfed.org/graph/fredgraph.csv?id=GVZCLS,2026-10-08
gold_vol,2013-07-18,2013-07-19,22.52,https://fred.stlouisfed.org/graph/fredgraph.csv?id=GVZCLS,2026-10-08
gold_vol,2013-07-19,2013-07-20,21.19,https://fred.stlouisfed.org/graph/fredgraph.csv?id=GVZCLS,2026-10-08
gold_vol,2013-07-22,2013-07-23,21.76,https://fred.stlouisfed.org/graph/fredgraph.csv?id=GVZCLS,2026-10-08
gold_vol,2013-07-23,2013-07-24,21.66,https://fred.stlouisfed.org/graph/fredgraph.csv?id=GVZCLS,2026-10-08
gold_vol,2013-07-24,2013-07-25,22.61,https://fred.stlouisfed.org/graph/fredgraph.csv?id=GVZCLS,2026-10-08
gold_vol,2013-07-25,2013-07-26,21.77,https://fred.stlouisfed.org/graph/fredgraph.csv?id=GVZCLS,2026-10-08
gold_vol,2013-07-26,2013-07-27,22.22,https://fred.stlouisfed.org/graph/fredgraph.csv?id=GVZCLS,2026-10-08
gold_vol,2013-07-29,2013-07-30,22.77,https://fred.stlouisfed.org/graph/fredgraph.csv?id=GVZCLS,2026-10-08
gold_vol,2013-07-30,2013-07-31,23.72,https://fred.stlouisfed.org/graph/fredgraph.csv?id=GVZCLS,2026-10-08
gold_vol,2013-07-31,2013-08-01,24.99,https://fred.stlouisfed.org/graph/fredgraph.csv?id=GVZCLS,2026-10-08
gold_vol,2013-08-01,2013-08-02,24.61,https://fred.stlouisfed.org/graph/fredgraph.csv?id=GVZCLS,2026-10-08
gold_vol,2013-08-02,2013-08-03,24.24,https://fred.stlouisfed.org/graph/fredgraph.csv?id=GVZCLS,2026-10-08
gold_vol,2013-08-05,2013-08-06,23.49,https://fred.stlouisfed.org/graph/fredgraph.csv?id=GVZCLS,2026-10-08
gold_vol,2013-08-06,2013-08-07,23.82,https://fred.stlouisfed.org/graph/fredgraph.csv?id=GVZCLS,2026-10-08
gold_vol,2013-08-07,2013-08-08,23.49,https://fred.stlouisfed.org/graph/fredgraph.csv?id=GVZCLS,2026-10-08
gold_vol,2013-08-08,2013-08-09,21.71,https://fred.stlouisfed.org/graph/fredgraph.csv?id=GVZCLS,2026-10-08
gold_vol,2013-08-09,2013-08-10,21.5,https://fred.stlouisfed.org/graph/fredgraph.csv?id=GVZCLS,2026-10-08
gold_vol,2013-08-12,2013-08-13,21.58,https://fred.stlouisfed.org/graph/fredgraph.csv?id=GVZCLS,2026-10-08
gold_vol,2013-08-13,2013-08-14,21.37,https://fred.stlouisfed.org/graph/fredgraph.csv?id=GVZCLS,2026-10-08
gold_vol,2013-08-14,2013-08-15,21.21,https://fred.stlouisfed.org/graph/fredgraph.csv?id=GVZCLS,2026-10-08
gold_vol,2013-08-15,2013-08-16,22.45,https://fred.stlouisfed.org/graph/fredgraph.csv?id=GVZCLS,2026-10-08
gold_vol,2013-08-16,2013-08-17,22.97,https://fred.stlouisfed.org/graph/fredgraph.csv?id=GVZCLS,2026-10-08
gold_vol,2013-08-19,2013-08-20,24.25,https://fred.stlouisfed.org/graph/fredgraph.csv?id=GVZCLS,2026-10-08
gold_vol,2013-08-20,2013-08-21,23.82,https://fred.stlouisfed.org/graph/fredgraph.csv?id=GVZCLS,2026-10-08
gold_vol,2013-08-21,2013-08-22,23.28,https://fred.stlouisfed.org/graph/fredgraph.csv?id=GVZCLS,2026-10-08
gold_vol,2013-08-22,2013-08-23,22.69,https://fred.stlouisfed.org/graph/fredgraph.csv?id=GVZCLS,2026-10-08
gold_vol,2013-08-23,2013-08-24,22.63,https://fred.stlouisfed.org/graph/fredgraph.csv?id=GVZCLS,2026-10-08
gold_vol,2013-08-26,2013-08-27,23.67,https://fred.stlouisfed.org/graph/fredgraph.csv?id=GVZCLS,2026-10-08
gold_vol,2013-08-27,2013-08-28,23.9,https://fred.stlouisfed.org/graph/fredgraph.csv?id=GVZCLS,2026-10-08
gold_vol,2013-08-28,2013-08-29,25.89,https://fred.stlouisfed.org/graph/fredgraph.csv?id=GVZCLS,2026-10-08
gold_vol,2013-08-29,2013-08-30,24.36,https://fred.stlouisfed.org/graph/fredgraph.csv?id=GVZCLS,2026-10-08
gold_vol,2013-08-30,2013-08-31,24.44,https://fred.stlouisfed.org/graph/fredgraph.csv?id=GVZCLS,2026-10-08
gold_vol,2013-09-03,2013-09-04,25.2,https://fred.stlouisfed.org/graph/fredgraph.csv?id=GVZCLS,2026-10-08
gold_vol,2013-09-04,2013-09-05,24.61,https://fred.stlouisfed.org/graph/fredgraph.csv?id=GVZCLS,2026-10-08
gold_vol,2013-09-05,2013-09-06,25.64,https://fred.stlouisfed.org/graph/fredgraph.csv?id=GVZCLS,2026-10-08
gold_vol,2013-09-06,2013-09-07,23.59,https://fred.stlouisfed.org/graph/fredgraph.csv?id=GVZCLS,2026-10-08
gold_vol,2013-09-09,2013-09-10,22.04,https://fred.stlouisfed.org/graph/fredgraph.csv?id=GVZCLS,2026-10-08
gold_vol,2013-09-10,2013-09-11,22.58,https://fred.stlouisfed.org/graph/fredgraph.csv?id=GVZCLS,2026-10-08
gold_vol,2013-09-11,2013-09-12,22.63,https://fred.stlouisfed.org/graph/fredgraph.csv?id=GVZCLS,2026-10-08
gold_vol,2013-09-12,2013-09-13,25.09,https://fred.stlouisfed.org/graph/fredgraph.csv?id=GVZCLS,2026-10-08
gold_vol,2013-09-13,2013-09-14,24.88,https://fred.stlouisfed.org/graph/fredgraph.csv?id=GVZCLS,2026-10-08
gold_vol,2013-09-16,2013-09-17,25.12,https://fred.stlouisfed.org/graph/fredgraph.csv?id=GVZCLS,2026-10-08
gold_vol,2013-09-17,2013-09-18,25.35,https://fred.stlouisfed.org/graph/fredgraph.csv?id=GVZCLS,2026-10-08
gold_vol,2013-09-18,2013-09-19,23.2,https://fred.stlouisfed.org/graph/fredgraph.csv?id=GVZCLS,2026-10-08
gold_vol,2013-09-19,2013-09-20,21.75,https://fred.stlouisfed.org/graph/fredgraph.csv?id=GVZCLS,2026-10-08
gold_vol,2013-09-20,2013-09-21,22.27,https://fred.stlouisfed.org/graph/fredgraph.csv?id=GVZCLS,2026-10-08
gold_vol,2013-09-23,2013-09-24,22.7,https://fred.stlouisfed.org/graph/fredgraph.csv?id=GVZCLS,2026-10-08
gold_vol,2013-09-24,2013-09-25,22.84,https://fred.stlouisfed.org/graph/fredgraph.csv?id=GVZCLS,2026-10-08
gold_vol,2013-09-25,2013-09-26,21.97,https://fred.stlouisfed.org/graph/fredgraph.csv?id=GVZCLS,2026-10-08
gold_vol,2013-09-26,2013-09-27,21.79,https://fred.stlouisfed.org/graph/fredgraph.csv?id=GVZCLS,2026-10-08
gold_vol,2013-09-27,2013-09-28,22.57,https://fred.stlouisfed.org/graph/fredgraph.csv?id=GVZCLS,2026-10-08
gold_vol,2013-09-30,2013-10-01,23.72,https://fred.stlouisfed.org/graph/fredgraph.csv?id=GVZCLS,2026-10-08
gold_vol,2013-10-01,2013-10-02,25.48,https://fred.stlouisfed.org/graph/fredgraph.csv?id=GVZCLS,2026-10-08
gold_vol,2013-10-02,2013-10-03,24.04,https://fred.stlouisfed.org/graph/fredgraph.csv?id=GVZCLS,2026-10-08
gold_vol,2013-10-03,2013-10-04,24.54,https://fred.stlouisfed.org/graph/fredgraph.csv?id=GVZCLS,2026-10-08
gold_vol,2013-10-04,2013-10-05,24.77,https://fred.stlouisfed.org/graph/fredgraph.csv?id=GVZCLS,2026-10-08
gold_vol,2013-10-07,2013-10-08,24.81,https://fred.stlouisfed.org/graph/fredgraph.csv?id=GVZCLS,2026-10-08
gold_vol,2013-10-08,2013-10-09,25.44,https://fred.stlouisfed.org/graph/fredgraph.csv?id=GVZCLS,2026-10-08
gold_vol,2013-10-09,2013-10-10,25.81,https://fred.stlouisfed.org/graph/fredgraph.csv?id=GVZCLS,2026-10-08
gold_vol,2013-10-10,2013-10-11,25.36,https://fred.stlouisfed.org/graph/fredgraph.csv?id=GVZCLS,2026-10-08
gold_vol,2013-10-11,2013-10-12,25.83,https://fred.stlouisfed.org/graph/fredgraph.csv?id=GVZCLS,2026-10-08
gold_vol,2013-10-14,2013-10-15,26.45,https://fred.stlouisfed.org/graph/fredgraph.csv?id=GVZCLS,2026-10-08
gold_vol,2013-10-15,2013-10-16,26.07,https://fred.stlouisfed.org/graph/fredgraph.csv?id=GVZCLS,2026-10-08
gold_vol,2013-10-16,2013-10-17,24.72,https://fred.stlouisfed.org/graph/fredgraph.csv?id=GVZCLS,2026-10-08
gold_vol,2013-10-17,2013-10-18,22.31,https://fred.stlouisfed.org/graph/fredgraph.csv?id=GVZCLS,2026-10-08
gold_vol,2013-10-18,2013-10-19,21.43,https://fred.stlouisfed.org/graph/fredgraph.csv?id=GVZCLS,2026-10-08
gold_vol,2013-10-21,2013-10-22,21.52,https://fred.stlouisfed.org/graph/fredgraph.csv?id=GVZCLS,2026-10-08
gold_vol,2013-10-22,2013-10-23,20.75,https://fred.stlouisfed.org/graph/fredgraph.csv?id=GVZCLS,2026-10-08
gold_vol,2013-10-23,2013-10-24,20.52,https://fred.stlouisfed.org/graph/fredgraph.csv?id=GVZCLS,2026-10-08
gold_vol,2013-10-24,2013-10-25,20.67,https://fred.stlouisfed.org/graph/fredgraph.csv?id=GVZCLS,2026-10-08
gold_vol,2013-10-25,2013-10-26,19.9,https://fred.stlouisfed.org/graph/fredgraph.csv?id=GVZCLS,2026-10-08
gold_vol,2013-10-28,2013-10-29,20.32,https://fred.stlouisfed.org/graph/fredgraph.csv?id=GVZCLS,2026-10-08
gold_vol,2013-10-29,2013-10-30,20.65,https://fred.stlouisfed.org/graph/fredgraph.csv?id=GVZCLS,2026-10-08
gold_vol,2013-10-30,2013-10-31,20.81,https://fred.stlouisfed.org/graph/fredgraph.csv?id=GVZCLS,2026-10-08
gold_vol,2013-10-31,2013-11-01,20.57,https://fred.stlouisfed.org/graph/fredgraph.csv?id=GVZCLS,2026-10-08
gold_vol,2013-11-01,2013-11-02,20.68,https://fred.stlouisfed.org/graph/fredgraph.csv?id=GVZCLS,2026-10-08
gold_vol,2013-11-04,2013-11-05,20.3,https://fred.stlouisfed.org/graph/fredgraph.csv?id=GVZCLS,2026-10-08
gold_vol,2013-11-05,2013-11-06,20.19,https://fred.stlouisfed.org/graph/fredgraph.csv?id=GVZCLS,2026-10-08
gold_vol,2013-11-06,2013-11-07,19.43,https://fred.stlouisfed.org/graph/fredgraph.csv?id=GVZCLS,2026-10-08
gold_vol,2013-11-07,2013-11-08,20.01,https://fred.stlouisfed.org/graph/fredgraph.csv?id=GVZCLS,2026-10-08
gold_vol,2013-11-08,2013-11-09,19.37,https://fred.stlouisfed.org/graph/fredgraph.csv?id=GVZCLS,2026-10-08
gold_vol,2013-11-11,2013-11-12,19.15,https://fred.stlouisfed.org/graph/fredgraph.csv?id=GVZCLS,2026-10-08
gold_vol,2013-11-12,2013-11-13,21.2,https://fred.stlouisfed.org/graph/fredgraph.csv?id=GVZCLS,2026-10-08
gold_vol,2013-11-13,2013-11-14,20.46,https://fred.stlouisfed.org/graph/fredgraph.csv?id=GVZCLS,2026-10-08
gold_vol,2013-11-14,2013-11-15,19.44,https://fred.stlouisfed.org/graph/fredgraph.csv?id=GVZCLS,2026-10-08
gold_vol,2013-11-15,2013-11-16,18.03,https://fred.stlouisfed.org/graph/fredgraph.csv?id=GVZCLS,2026-10-08
gold_vol,2013-11-18,2013-11-19,19.52,https://fred.stlouisfed.org/graph/fredgraph.csv?id=GVZCLS,2026-10-08
gold_vol,2013-11-19,2013-11-20,19.45,https://fred.stlouisfed.org/graph/fredgraph.csv?id=GVZCLS,2026-10-08
gold_vol,2013-11-20,2013-11-21,23.04,https://fred.stlouisfed.org/graph/fredgraph.csv?id=GVZCLS,2026-10-08
gold_vol,2013-11-21,2013-11-22,21.3,https://fred.stlouisfed.org/graph/fredgraph.csv?id=GVZCLS,2026-10-08
gold_vol,2013-11-22,2013-11-23,20.33,https://fred.stlouisfed.org/graph/fredgraph.csv?id=GVZCLS,2026-10-08
gold_vol,2013-11-25,2013-11-26,20.02,https://fred.stlouisfed.org/graph/fredgraph.csv?id=GVZCLS,2026-10-08
gold_vol,2013-11-26,2013-11-27,19.68,https://fred.stlouisfed.org/graph/fredgraph.csv?id=GVZCLS,2026-10-08
gold_vol,2013-11-27,2013-11-28,19.75,https://fred.stlouisfed.org/graph/fredgraph.csv?id=GVZCLS,2026-10-08
gold_vol,2013-11-29,2013-11-30,19.33,https://fred.stlouisfed.org/graph/fredgraph.csv?id=GVZCLS,2026-10-08
gold_vol,2013-12-02,2013-12-03,21.43,https://fred.stlouisfed.org/graph/fredgraph.csv?id=GVZCLS,2026-10-08
gold_vol,2013-12-03,2013-12-04,21.09,https://fred.stlouisfed.org/graph/fredgraph.csv?id=GVZCLS,2026-10-08
gold_vol,2013-12-04,2013-12-05,20.82,https://fred.stlouisfed.org/graph/fredgraph.csv?id=GVZCLS,2026-10-08
gold_vol,2013-12-05,2013-12-06,21.78,https://fred.stlouisfed.org/graph/fredgraph.csv?id=GVZCLS,2026-10-08
gold_vol,2013-12-06,2013-12-07,20.5,https://fred.stlouisfed.org/graph/fredgraph.csv?id=GVZCLS,2026-10-08
gold_vol,2013-12-09,2013-12-10,20.65,https://fred.stlouisfed.org/graph/fredgraph.csv?id=GVZCLS,2026-10-08
gold_vol,2013-12-10,2013-12-11,19.63,https://fred.stlouisfed.org/graph/fredgraph.csv?id=GVZCLS,2026-10-08
gold_vol,2013-12-11,2013-12-12,20.02,https://fred.stlouisfed.org/graph/fredgraph.csv?id=GVZCLS,2026-10-08
gold_vol,2013-12-12,2013-12-13,22.24,https://fred.stlouisfed.org/graph/fredgraph.csv?id=GVZCLS,2026-10-08
gold_vol,2013-12-13,2013-12-14,21.87,https://fred.stlouisfed.org/graph/fredgraph.csv?id=GVZCLS,2026-10-08
gold_vol,2013-12-16,2013-12-17,21.91,https://fred.stlouisfed.org/graph/fredgraph.csv?id=GVZCLS,2026-10-08
gold_vol,2013-12-17,2013-12-18,21.79,https://fred.stlouisfed.org/graph/fredgraph.csv?id=GVZCLS,2026-10-08
gold_vol,2013-12-18,2013-12-19,21.39,https://fred.stlouisfed.org/graph/fredgraph.csv?id=GVZCLS,2026-10-08
gold_vol,2013-12-19,2013-12-20,22.07,https://fred.stlouisfed.org/graph/fredgraph.csv?id=GVZCLS,2026-10-08
gold_vol,2013-12-20,2013-12-21,21.01,https://fred.stlouisfed.org/graph/fredgraph.csv?id=GVZCLS,2026-10-08
gold_vol,2013-12-23,2013-12-24,20.76,https://fred.stlouisfed.org/graph/fredgraph.csv?id=GVZCLS,2026-10-08
gold_vol,2013-12-24,2013-12-25,20.08,https://fred.stlouisfed.org/graph/fredgraph.csv?id=GVZCLS,2026-10-08
gold_vol,2013-12-26,2013-12-27,19.84,https://fred.stlouisfed.org/graph/fredgraph.csv?id=GVZCLS,2026-10-08
gold_vol,2013-12-27,2013-12-28,19.1,https://fred.stlouisfed.org/graph/fredgraph.csv?id=GVZCLS,2026-10-08
gold_vol,2013-12-30,2013-12-31,20.75,https://fred.stlouisfed.org/graph/fredgraph.csv?id=GVZCLS,2026-10-08
gold_vol,2013-12-31,2014-01-01,21.65,https://fred.stlouisfed.org/graph/fredgraph.csv?id=GVZCLS,2026-10-08
gold_vol,2014-01-02,2014-01-03,20.42,https://fred.stlouisfed.org/graph/fredgraph.csv?id=GVZCLS,2026-10-08
gold_vol,2014-01-03,2014-01-04,19.19,https://fred.stlouisfed.org/graph/fredgraph.csv?id=GVZCLS,2026-10-08
gold_vol,2014-01-06,2014-01-07,19.5,https://fred.stlouisfed.org/graph/fredgraph.csv?id=GVZCLS,2026-10-08
gold_vol,2014-01-07,2014-01-08,19.12,https://fred.stlouisfed.org/graph/fredgraph.csv?id=GVZCLS,2026-10-08
gold_vol,2014-01-08,2014-01-09,19.43,https://fred.stlouisfed.org/graph/fredgraph.csv?id=GVZCLS,2026-10-08
gold_vol,2014-01-09,2014-01-10,18.46,https://fred.stlouisfed.org/graph/fredgraph.csv?id=GVZCLS,2026-10-08
gold_vol,2014-01-10,2014-01-11,17.27,https://fred.stlouisfed.org/graph/fredgraph.csv?id=GVZCLS,2026-10-08
gold_vol,2014-01-13,2014-01-14,16.67,https://fred.stlouisfed.org/graph/fredgraph.csv?id=GVZCLS,2026-10-08
gold_vol,2014-01-14,2014-01-15,16.5,https://fred.stlouisfed.org/graph/fredgraph.csv?id=GVZCLS,2026-10-08
gold_vol,2014-01-15,2014-01-16,16.43,https://fred.stlouisfed.org/graph/fredgraph.csv?id=GVZCLS,2026-10-08
gold_vol,2014-01-16,2014-01-17,15.39,https://fred.stlouisfed.org/graph/fredgraph.csv?id=GVZCLS,2026-10-08
gold_vol,2014-01-17,2014-01-18,14.34,https://fred.stlouisfed.org/graph/fredgraph.csv?id=GVZCLS,2026-10-08
gold_vol,2014-01-21,2014-01-22,15.97,https://fred.stlouisfed.org/graph/fredgraph.csv?id=GVZCLS,2026-10-08
gold_vol,2014-01-22,2014-01-23,15.62,https://fred.stlouisfed.org/graph/fredgraph.csv?id=GVZCLS,2026-10-08
gold_vol,2014-01-23,2014-01-24,16.01,https://fred.stlouisfed.org/graph/fredgraph.csv?id=GVZCLS,2026-10-08
gold_vol,2014-01-24,2014-01-25,17.54,https://fred.stlouisfed.org/graph/fredgraph.csv?id=GVZCLS,2026-10-08
gold_vol,2014-01-27,2014-01-28,18.38,https://fred.stlouisfed.org/graph/fredgraph.csv?id=GVZCLS,2026-10-08
gold_vol,2014-01-28,2014-01-29,18.71,https://fred.stlouisfed.org/graph/fredgraph.csv?id=GVZCLS,2026-10-08
gold_vol,2014-01-29,2014-01-30,17.45,https://fred.stlouisfed.org/graph/fredgraph.csv?id=GVZCLS,2026-10-08
gold_vol,2014-01-30,2014-01-31,17.97,https://fred.stlouisfed.org/graph/fredgraph.csv?id=GVZCLS,2026-10-08
gold_vol,2014-01-31,2014-02-01,18.62,https://fred.stlouisfed.org/graph/fredgraph.csv?id=GVZCLS,2026-10-08
gold_vol,2014-02-03,2014-02-04,19.15,https://fred.stlouisfed.org/graph/fredgraph.csv?id=GVZCLS,2026-10-08
gold_vol,2014-02-04,2014-02-05,18.51,https://fred.stlouisfed.org/graph/fredgraph.csv?id=GVZCLS,2026-10-08
gold_vol,2014-02-05,2014-02-06,18.52,https://fred.stlouisfed.org/graph/fredgraph.csv?id=GVZCLS,2026-10-08
gold_vol,2014-02-06,2014-02-07,17.93,https://fred.stlouisfed.org/graph/fredgraph.csv?id=GVZCLS,2026-10-08
gold_vol,2014-02-07,2014-02-08,16.59,https://fred.stlouisfed.org/graph/fredgraph.csv?id=GVZCLS,2026-10-08
gold_vol,2014-02-10,2014-02-11,17.08,https://fred.stlouisfed.org/graph/fredgraph.csv?id=GVZCLS,2026-10-08
gold_vol,2014-02-11,2014-02-12,16.81,https://fred.stlouisfed.org/graph/fredgraph.csv?id=GVZCLS,2026-10-08
gold_vol,2014-02-12,2014-02-13,16.23,https://fred.stlouisfed.org/graph/fredgraph.csv?id=GVZCLS,2026-10-08
gold_vol,2014-02-13,2014-02-14,16.13,https://fred.stlouisfed.org/graph/fredgraph.csv?id=GVZCLS,2026-10-08
gold_vol,2014-02-14,2014-02-15,16.26,https://fred.stlouisfed.org/graph/fredgraph.csv?id=GVZCLS,2026-10-08
gold_vol,2014-02-18,2014-02-19,16.28,https://fred.stlouisfed.org/graph/fredgraph.csv?id=GVZCLS,2026-10-08
gold_vol,2014-02-19,2014-02-20,16.48,https://fred.stlouisfed.org/graph/fredgraph.csv?id=GVZCLS,2026-10-08
gold_vol,2014-02-20,2014-02-21,16.07,https://fred.stlouisfed.org/graph/fredgraph.csv?id=GVZCLS,2026-10-08
gold_vol,2014-02-21,2014-02-22,15.73,https://fred.stlouisfed.org/graph/fredgraph.csv?id=GVZCLS,2026-10-08
gold_vol,2014-02-24,2014-02-25,15.94,https://fred.stlouisfed.org/graph/fredgraph.csv?id=GVZCLS,2026-10-08
gold_vol,2014-02-25,2014-02-26,15.86,https://fred.stlouisfed.org/graph/fredgraph.csv?id=GVZCLS,2026-10-08
gold_vol,2014-02-26,2014-02-27,16.46,https://fred.stlouisfed.org/graph/fredgraph.csv?id=GVZCLS,2026-10-08
gold_vol,2014-02-27,2014-02-28,15.75,https://fred.stlouisfed.org/graph/fredgraph.csv?id=GVZCLS,2026-10-08
gold_vol,2014-02-28,2014-03-01,16.07,https://fred.stlouisfed.org/graph/fredgraph.csv?id=GVZCLS,2026-10-08
gold_vol,2014-03-03,2014-03-04,17.05,https://fred.stlouisfed.org/graph/fredgraph.csv?id=GVZCLS,2026-10-08
gold_vol,2014-03-04,2014-03-05,16.75,https://fred.stlouisfed.org/graph/fredgraph.csv?id=GVZCLS,2026-10-08
gold_vol,2014-03-05,2014-03-06,16.58,https://fred.stlouisfed.org/graph/fredgraph.csv?id=GVZCLS,2026-10-08
gold_vol,2014-03-06,2014-03-07,16.31,https://fred.stlouisfed.org/graph/fredgraph.csv?id=GVZCLS,2026-10-08
gold_vol,2014-03-07,2014-03-08,15.82,https://fred.stlouisfed.org/graph/fredgraph.csv?id=GVZCLS,2026-10-08
gold_vol,2014-03-10,2014-03-11,15.83,https://fred.stlouisfed.org/graph/fredgraph.csv?id=GVZCLS,2026-10-08
gold_vol,2014-03-11,2014-03-12,16.14,https://fred.stlouisfed.org/graph/fredgraph.csv?id=GVZCLS,2026-10-08
gold_vol,2014-03-12,2014-03-13,16.67,https://fred.stlouisfed.org/graph/fredgraph.csv?id=GVZCLS,2026-10-08
gold_vol,2014-03-13,2014-03-14,17.3,https://fred.stlouisfed.org/graph/fredgraph.csv?id=GVZCLS,2026-10-08
gold_vol,2014-03-14,2014-03-15,18.32,https://fred.stlouisfed.org/graph/fredgraph.csv?id=GVZCLS,2026-10-08
gold_vol,2014-03-17,2014-03-18,17.87,https://fred.stlouisfed.org/graph/fredgraph.csv?id=GVZCLS,2026-10-08
gold_vol,2014-03-18,2014-03-19,17.37,https://fred.stlouisfed.org/graph/fredgraph.csv?id=GVZCLS,2026-10-08
gold_vol,2014-03-19,2014-03-20,17.59,https://fred.stlouisfed.org/graph/fredgraph.csv?id=GVZCLS,2026-10-08
gold_vol,2014-03-20,2014-03-21,16.91,https://fred.stlouisfed.org/graph/fredgraph.csv?id=GVZCLS,2026-10-08
gold_vol,2014-03-21,2014-03-22,16.43,https://fred.stlouisfed.org/graph/fredgraph.csv?id=GVZCLS,2026-10-08
gold_vol,2014-03-24,2014-03-25,17.53,https://fred.stlouisfed.org/graph/fredgraph.csv?id=GVZCLS,2026-10-08
gold_vol,2014-03-25,2014-03-26,17.16,https://fred.stlouisfed.org/graph/fredgraph.csv?id=GVZCLS,2026-10-08
gold_vol,2014-03-26,2014-03-27,17.32,https://fred.stlouisfed.org/graph/fredgraph.csv?id=GVZCLS,2026-10-08
gold_vol,2014-03-27,2014-03-28,17.6,https://fred.stlouisfed.org/graph/fredgraph.csv?id=GVZCLS,2026-10-08
gold_vol,2014-03-28,2014-03-29,17.48,https://fred.stlouisfed.org/graph/fredgraph.csv?id=GVZCLS,2026-10-08
gold_vol,2014-03-31,2014-04-01,17.37,https://fred.stlouisfed.org/graph/fredgraph.csv?id=GVZCLS,2026-10-08
gold_vol,2014-04-01,2014-04-02,16.65,https://fred.stlouisfed.org/graph/fredgraph.csv?id=GVZCLS,2026-10-08
gold_vol,2014-04-02,2014-04-03,16.19,https://fred.stlouisfed.org/graph/fredgraph.csv?id=GVZCLS,2026-10-08
gold_vol,2014-04-03,2014-04-04,16.01,https://fred.stlouisfed.org/graph/fredgraph.csv?id=GVZCLS,2026-10-08
gold_vol,2014-04-04,2014-04-05,15.81,https://fred.stlouisfed.org/graph/fredgraph.csv?id=GVZCLS,2026-10-08
gold_vol,2014-04-07,2014-04-08,15.95,https://fred.stlouisfed.org/graph/fredgraph.csv?id=GVZCLS,2026-10-08
gold_vol,2014-04-08,2014-04-09,15.99,https://fred.stlouisfed.org/graph/fredgraph.csv?id=GVZCLS,2026-10-08
gold_vol,2014-04-09,2014-04-10,14.83,https://fred.stlouisfed.org/graph/fredgraph.csv?id=GVZCLS,2026-10-08
gold_vol,2014-04-10,2014-04-11,15.06,https://fred.stlouisfed.org/graph/fredgraph.csv?id=GVZCLS,2026-10-08
gold_vol,2014-04-11,2014-04-12,15.19,https://fred.stlouisfed.org/graph/fredgraph.csv?id=GVZCLS,2026-10-08
gold_vol,2014-04-14,2014-04-15,15.34,https://fred.stlouisfed.org/graph/fredgraph.csv?id=GVZCLS,2026-10-08
gold_vol,2014-04-15,2014-04-16,16.1,https://fred.stlouisfed.org/graph/fredgraph.csv?id=GVZCLS,2026-10-08
gold_vol,2014-04-16,2014-04-17,15.44,https://fred.stlouisfed.org/graph/fredgraph.csv?id=GVZCLS,2026-10-08
gold_vol,2014-04-17,2014-04-18,15.96,https://fred.stlouisfed.org/graph/fredgraph.csv?id=GVZCLS,2026-10-08
gold_vol,2014-04-21,2014-04-22,16.22,https://fred.stlouisfed.org/graph/fredgraph.csv?id=GVZCLS,2026-10-08
gold_vol,2014-04-22,2014-04-23,16.19,https://fred.stlouisfed.org/graph/fredgraph.csv?id=GVZCLS,2026-10-08
gold_vol,2014-04-23,2014-04-24,15.61,https://fred.stlouisfed.org/graph/fredgraph.csv?id=GVZCLS,2026-10-08
gold_vol,2014-04-24,2014-04-25,15.86,https://fred.stlouisfed.org/graph/fredgraph.csv?id=GVZCLS,2026-10-08
gold_vol,2014-04-25,2014-04-26,16.07,https://fred.stlouisfed.org/graph/fredgraph.csv?id=GVZCLS,2026-10-08
gold_vol,2014-04-28,2014-04-29,15.56,https://fred.stlouisfed.org/graph/fredgraph.csv?id=GVZCLS,2026-10-08
gold_vol,2014-04-29,2014-04-30,15.31,https://fred.stlouisfed.org/graph/fredgraph.csv?id=GVZCLS,2026-10-08
gold_vol,2014-04-30,2014-05-01,15.52,https://fred.stlouisfed.org/graph/fredgraph.csv?id=GVZCLS,2026-10-08
gold_vol,2014-05-01,2014-05-02,15.15,https://fred.stlouisfed.org/graph/fredgraph.csv?id=GVZCLS,2026-10-08
gold_vol,2014-05-02,2014-05-03,14.85,https://fred.stlouisfed.org/graph/fredgraph.csv?id=GVZCLS,2026-10-08
gold_vol,2014-05-05,2014-05-06,15.51,https://fred.stlouisfed.org/graph/fredgraph.csv?id=GVZCLS,2026-10-08
gold_vol,2014-05-06,2014-05-07,15.02,https://fred.stlouisfed.org/graph/fredgraph.csv?id=GVZCLS,2026-10-08
gold_vol,2014-05-07,2014-05-08,15.4,https://fred.stlouisfed.org/graph/fredgraph.csv?id=GVZCLS,2026-10-08
gold_vol,2014-05-08,2014-05-09,14.87,https://fred.stlouisfed.org/graph/fredgraph.csv?id=GVZCLS,2026-10-08
gold_vol,2014-05-09,2014-05-10,14.76,https://fred.stlouisfed.org/graph/fredgraph.csv?id=GVZCLS,2026-10-08
gold_vol,2014-05-12,2014-05-13,14.04,https://fred.stlouisfed.org/graph/fredgraph.csv?id=GVZCLS,2026-10-08
gold_vol,2014-05-13,2014-05-14,13.61,https://fred.stlouisfed.org/graph/fredgraph.csv?id=GVZCLS,2026-10-08
gold_vol,2014-05-14,2014-05-15,13.76,https://fred.stlouisfed.org/graph/fredgraph.csv?id=GVZCLS,2026-10-08
gold_vol,2014-05-15,2014-05-16,14.57,https://fred.stlouisfed.org/graph/fredgraph.csv?id=GVZCLS,2026-10-08
gold_vol,2014-05-16,2014-05-17,14.04,https://fred.stlouisfed.org/graph/fredgraph.csv?id=GVZCLS,2026-10-08
gold_vol,2014-05-19,2014-05-20,14.23,https://fred.stlouisfed.org/graph/fredgraph.csv?id=GVZCLS,2026-10-08
gold_vol,2014-05-20,2014-05-21,14.07,https://fred.stlouisfed.org/graph/fredgraph.csv?id=GVZCLS,2026-10-08
gold_vol,2014-05-21,2014-05-22,14.36,https://fred.stlouisfed.org/graph/fredgraph.csv?id=GVZCLS,2026-10-08
gold_vol,2014-05-22,2014-05-23,13.98,https://fred.stlouisfed.org/graph/fredgraph.csv?id=GVZCLS,2026-10-08
gold_vol,2014-05-23,2014-05-24,14.52,https://fred.stlouisfed.org/graph/fredgraph.csv?id=GVZCLS,2026-10-08
gold_vol,2014-05-27,2014-05-28,16.21,https://fred.stlouisfed.org/graph/fredgraph.csv?id=GVZCLS,2026-10-08
gold_vol,2014-05-28,2014-05-29,15.8,https://fred.stlouisfed.org/graph/fredgraph.csv?id=GVZCLS,2026-10-08
gold_vol,2014-05-29,2014-05-30,15.01,https://fred.stlouisfed.org/graph/fredgraph.csv?id=GVZCLS,2026-10-08
gold_vol,2014-05-30,2014-05-31,15.34,https://fred.stlouisfed.org/graph/fredgraph.csv?id=GVZCLS,2026-10-08
gold_vol,2014-06-02,2014-06-03,15.55,https://fred.stlouisfed.org/graph/fredgraph.csv?id=GVZCLS,2026-10-08
gold_vol,2014-06-03,2014-06-04,15.05,https://fred.stlouisfed.org/graph/fredgraph.csv?id=GVZCLS,2026-10-08
gold_vol,2014-06-04,2014-06-05,14.79,https://fred.stlouisfed.org/graph/fredgraph.csv?id=GVZCLS,2026-10-08
gold_vol,2014-06-05,2014-06-06,14.15,https://fred.stlouisfed.org/graph/fredgraph.csv?id=GVZCLS,2026-10-08
gold_vol,2014-06-06,2014-06-07,13.22,https://fred.stlouisfed.org/graph/fredgraph.csv?id=GVZCLS,2026-10-08
gold_vol,2014-06-09,2014-06-10,12.77,https://fred.stlouisfed.org/graph/fredgraph.csv?id=GVZCLS,2026-10-08
gold_vol,2014-06-10,2014-06-11,12.37,https://fred.stlouisfed.org/graph/fredgraph.csv?id=GVZCLS,2026-10-08
gold_vol,2014-06-11,2014-06-12,12.36,https://fred.stlouisfed.org/graph/fredgraph.csv?id=GVZCLS,2026-10-08
gold_vol,2014-06-12,2014-06-13,12.91,https://fred.stlouisfed.org/graph/fredgraph.csv?id=GVZCLS,2026-10-08
gold_vol,2014-06-13,2014-06-14,12.52,https://fred.stlouisfed.org/graph/fredgraph.csv?id=GVZCLS,2026-10-08
gold_vol,2014-06-16,2014-06-17,12.41,https://fred.stlouisfed.org/graph/fredgraph.csv?id=GVZCLS,2026-10-08
gold_vol,2014-06-17,2014-06-18,12.53,https://fred.stlouisfed.org/graph/fredgraph.csv?id=GVZCLS,2026-10-08
gold_vol,2014-06-18,2014-06-19,12.11,https://fred.stlouisfed.org/graph/fredgraph.csv?id=GVZCLS,2026-10-08
gold_vol,2014-06-19,2014-06-20,14.48,https://fred.stlouisfed.org/graph/fredgraph.csv?id=GVZCLS,2026-10-08
gold_vol,2014-06-20,2014-06-21,12.79,https://fred.stlouisfed.org/graph/fredgraph.csv?id=GVZCLS,2026-10-08
gold_vol,2014-06-23,2014-06-24,12.93,https://fred.stlouisfed.org/graph/fredgraph.csv?id=GVZCLS,2026-10-08
gold_vol,2014-06-24,2014-06-25,12.96,https://fred.stlouisfed.org/graph/fredgraph.csv?id=GVZCLS,2026-10-08
gold_vol,2014-06-25,2014-06-26,12.92,https://fred.stlouisfed.org/graph/fredgraph.csv?id=GVZCLS,2026-10-08
gold_vol,2014-06-26,2014-06-27,12.76,https://fred.stlouisfed.org/graph/fredgraph.csv?id=GVZCLS,2026-10-08
gold_vol,2014-06-27,2014-06-28,12.64,https://fred.stlouisfed.org/graph/fredgraph.csv?id=GVZCLS,2026-10-08
gold_vol,2014-06-30,2014-07-01,14.01,https://fred.stlouisfed.org/graph/fredgraph.csv?id=GVZCLS,2026-10-08
gold_vol,2014-07-01,2014-07-02,13.74,https://fred.stlouisfed.org/graph/fredgraph.csv?id=GVZCLS,2026-10-08
gold_vol,2014-07-02,2014-07-03,13.89,https://fred.stlouisfed.org/graph/fredgraph.csv?id=GVZCLS,2026-10-08
gold_vol,2014-07-03,2014-07-04,12.99,https://fred.stlouisfed.org/graph/fredgraph.csv?id=GVZCLS,2026-10-08
gold_vol,2014-07-07,2014-07-08,12.99,https://fred.stlouisfed.org/graph/fredgraph.csv?id=GVZCLS,2026-10-08
gold_vol,2014-07-08,2014-07-09,12.83,https://fred.stlouisfed.org/graph/fredgraph.csv?id=GVZCLS,2026-10-08
gold_vol,2014-07-09,2014-07-10,13.05,https://fred.stlouisfed.org/graph/fredgraph.csv?id=GVZCLS,2026-10-08
gold_vol,2014-07-10,2014-07-11,12.91,https://fred.stlouisfed.org/graph/fredgraph.csv?id=GVZCLS,2026-10-08
gold_vol,2014-07-11,2014-07-12,13.27,https://fred.stlouisfed.org/graph/fredgraph.csv?id=GVZCLS,2026-10-08
gold_vol,2014-07-14,2014-07-15,14.23,https://fred.stlouisfed.org/graph/fredgraph.csv?id=GVZCLS,2026-10-08
gold_vol,2014-07-15,2014-07-16,14.73,https://fred.stlouisfed.org/graph/fredgraph.csv?id=GVZCLS,2026-10-08
gold_vol,2014-07-16,2014-07-17,14.67,https://fred.stlouisfed.org/graph/fredgraph.csv?id=GVZCLS,2026-10-08
gold_vol,2014-07-17,2014-07-18,15.52,https://fred.stlouisfed.org/graph/fredgraph.csv?id=GVZCLS,2026-10-08
gold_vol,2014-07-18,2014-07-19,14.35,https://fred.stlouisfed.org/graph/fredgraph.csv?id=GVZCLS,2026-10-08
gold_vol,2014-07-21,2014-07-22,14.69,https://fred.stlouisfed.org/graph/fredgraph.csv?id=GVZCLS,2026-10-08
gold_vol,2014-07-22,2014-07-23,14.62,https://fred.stlouisfed.org/graph/fredgraph.csv?id=GVZCLS,2026-10-08
gold_vol,2014-07-23,2014-07-24,14.07,https://fred.stlouisfed.org/graph/fredgraph.csv?id=GVZCLS,2026-10-08
gold_vol,2014-07-24,2014-07-25,14.33,https://fred.stlouisfed.org/graph/fredgraph.csv?id=GVZCLS,2026-10-08
gold_vol,2014-07-25,2014-07-26,14.68,https://fred.stlouisfed.org/graph/fredgraph.csv?id=GVZCLS,2026-10-08
gold_vol,2014-07-28,2014-07-29,14.55,https://fred.stlouisfed.org/graph/fredgraph.csv?id=GVZCLS,2026-10-08
gold_vol,2014-07-29,2014-07-30,15.05,https://fred.stlouisfed.org/graph/fredgraph.csv?id=GVZCLS,2026-10-08
gold_vol,2014-07-30,2014-07-31,14.85,https://fred.stlouisfed.org/graph/fredgraph.csv?id=GVZCLS,2026-10-08
gold_vol,2014-07-31,2014-08-01,15.46,https://fred.stlouisfed.org/graph/fredgraph.csv?id=GVZCLS,2026-10-08
gold_vol,2014-08-01,2014-08-02,14.37,https://fred.stlouisfed.org/graph/fredgraph.csv?id=GVZCLS,2026-10-08
gold_vol,2014-08-04,2014-08-05,14.17,https://fred.stlouisfed.org/graph/fredgraph.csv?id=GVZCLS,2026-10-08
gold_vol,2014-08-05,2014-08-06,14.76,https://fred.stlouisfed.org/graph/fredgraph.csv?id=GVZCLS,2026-10-08
gold_vol,2014-08-06,2014-08-07,14.51,https://fred.stlouisfed.org/graph/fredgraph.csv?id=GVZCLS,2026-10-08
gold_vol,2014-08-07,2014-08-08,14.82,https://fred.stlouisfed.org/graph/fredgraph.csv?id=GVZCLS,2026-10-08
gold_vol,2014-08-08,2014-08-09,14.85,https://fred.stlouisfed.org/graph/fredgraph.csv?id=GVZCLS,2026-10-08
gold_vol,2014-08-11,2014-08-12,14.49,https://fred.stlouisfed.org/graph/fredgraph.csv?id=GVZCLS,2026-10-08
gold_vol,2014-08-12,2014-08-13,14.35,https://fred.stlouisfed.org/graph/fredgraph.csv?id=GVZCLS,2026-10-08
gold_vol,2014-08-13,2014-08-14,13.53,https://fred.stlouisfed.org/graph/fredgraph.csv?id=GVZCLS,2026-10-08
gold_vol,2014-08-14,2014-08-15,12.55,https://fred.stlouisfed.org/graph/fredgraph.csv?id=GVZCLS,2026-10-08
gold_vol,2014-08-15,2014-08-16,13.33,https://fred.stlouisfed.org/graph/fredgraph.csv?id=GVZCLS,2026-10-08
gold_vol,2014-08-18,2014-08-19,13.46,https://fred.stlouisfed.org/graph/fredgraph.csv?id=GVZCLS,2026-10-08
gold_vol,2014-08-19,2014-08-20,13.43,https://fred.stlouisfed.org/graph/fredgraph.csv?id=GVZCLS,2026-10-08
gold_vol,2014-08-20,2014-08-21,13.51,https://fred.stlouisfed.org/graph/fredgraph.csv?id=GVZCLS,2026-10-08
gold_vol,2014-08-21,2014-08-22,13.84,https://fred.stlouisfed.org/graph/fredgraph.csv?id=GVZCLS,2026-10-08
gold_vol,2014-08-22,2014-08-23,13.46,https://fred.stlouisfed.org/graph/fredgraph.csv?id=GVZCLS,2026-10-08
gold_vol,2014-08-25,2014-08-26,13.55,https://fred.stlouisfed.org/graph/fredgraph.csv?id=GVZCLS,2026-10-08
gold_vol,2014-08-26,2014-08-27,13.24,https://fred.stlouisfed.org/graph/fredgraph.csv?id=GVZCLS,2026-10-08
gold_vol,2014-08-27,2014-08-28,12.72,https://fred.stlouisfed.org/graph/fredgraph.csv?id=GVZCLS,2026-10-08
gold_vol,2014-08-28,2014-08-29,12.9,https://fred.stlouisfed.org/graph/fredgraph.csv?id=GVZCLS,2026-10-08
gold_vol,2014-08-29,2014-08-30,12.85,https://fred.stlouisfed.org/graph/fredgraph.csv?id=GVZCLS,2026-10-08
gold_vol,2014-09-02,2014-09-03,14.05,https://fred.stlouisfed.org/graph/fredgraph.csv?id=GVZCLS,2026-10-08
gold_vol,2014-09-03,2014-09-04,13.44,https://fred.stlouisfed.org/graph/fredgraph.csv?id=GVZCLS,2026-10-08
gold_vol,2014-09-04,2014-09-05,14.01,https://fred.stlouisfed.org/graph/fredgraph.csv?id=GVZCLS,2026-10-08
gold_vol,2014-09-05,2014-09-06,13.27,https://fred.stlouisfed.org/graph/fredgraph.csv?id=GVZCLS,2026-10-08
gold_vol,2014-09-08,2014-09-09,14.47,https://fred.stlouisfed.org/graph/fredgraph.csv?id=GVZCLS,2026-10-08
gold_vol,2014-09-09,2014-09-10,15.36,https://fred.stlouisfed.org/graph/fredgraph.csv?id=GVZCLS,2026-10-08
gold_vol,2014-09-10,2014-09-11,15.89,https://fred.stlouisfed.org/graph/fredgraph.csv?id=GVZCLS,2026-10-08
gold_vol,2014-09-11,2014-09-12,16.42,https://fred.stlouisfed.org/graph/fredgraph.csv?id=GVZCLS,2026-10-08
gold_vol,2014-09-12,2014-09-13,17.86,https://fred.stlouisfed.org/graph/fredgraph.csv?id=GVZCLS,2026-10-08
gold_vol,2014-09-15,2014-09-16,16.5,https://fred.stlouisfed.org/graph/fredgraph.csv?id=GVZCLS,2026-10-08
gold_vol,2014-09-16,2014-09-17,16.58,https://fred.stlouisfed.org/graph/fredgraph.csv?id=GVZCLS,2026-10-08
gold_vol,2014-09-17,2014-09-18,17.14,https://fred.stlouisfed.org/graph/fredgraph.csv?id=GVZCLS,2026-10-08
gold_vol,2014-09-18,2014-09-19,15.5,https://fred.stlouisfed.org/graph/fredgraph.csv?id=GVZCLS,2026-10-08
gold_vol,2014-09-19,2014-09-20,16.9,https://fred.stlouisfed.org/graph/fredgraph.csv?id=GVZCLS,2026-10-08
gold_vol,2014-09-22,2014-09-23,16.44,https://fred.stlouisfed.org/graph/fredgraph.csv?id=GVZCLS,2026-10-08
gold_vol,2014-09-23,2014-09-24,16.65,https://fred.stlouisfed.org/graph/fredgraph.csv?id=GVZCLS,2026-10-08
gold_vol,2014-09-24,2014-09-25,17.21,https://fred.stlouisfed.org/graph/fredgraph.csv?id=GVZCLS,2026-10-08
gold_vol,2014-09-25,2014-09-26,17.99,https://fred.stlouisfed.org/graph/fredgraph.csv?id=GVZCLS,2026-10-08
gold_vol,2014-09-26,2014-09-27,17.84,https://fred.stlouisfed.org/graph/fredgraph.csv?id=GVZCLS,2026-10-08
gold_vol,2014-09-29,2014-09-30,17.17,https://fred.stlouisfed.org/graph/fredgraph.csv?id=GVZCLS,2026-10-08
gold_vol,2014-09-30,2014-10-01,18.83,https://fred.stlouisfed.org/graph/fredgraph.csv?id=GVZCLS,2026-10-08
gold_vol,2014-10-01,2014-10-02,18.73,https://fred.stlouisfed.org/graph/fredgraph.csv?id=GVZCLS,2026-10-08
gold_vol,2014-10-02,2014-10-03,18.2,https://fred.stlouisfed.org/graph/fredgraph.csv?id=GVZCLS,2026-10-08
gold_vol,2014-10-03,2014-10-04,19.13,https://fred.stlouisfed.org/graph/fredgraph.csv?id=GVZCLS,2026-10-08
gold_vol,2014-10-06,2014-10-07,17.6,https://fred.stlouisfed.org/graph/fredgraph.csv?id=GVZCLS,2026-10-08
gold_vol,2014-10-07,2014-10-08,17.56,https://fred.stlouisfed.org/graph/fredgraph.csv?id=GVZCLS,2026-10-08
gold_vol,2014-10-08,2014-10-09,17.5,https://fred.stlouisfed.org/graph/fredgraph.csv?id=GVZCLS,2026-10-08
gold_vol,2014-10-09,2014-10-10,17.86,https://fred.stlouisfed.org/graph/fredgraph.csv?id=GVZCLS,2026-10-08
gold_vol,2014-10-10,2014-10-11,18.11,https://fred.stlouisfed.org/graph/fredgraph.csv?id=GVZCLS,2026-10-08
gold_vol,2014-10-13,2014-10-14,17.69,https://fred.stlouisfed.org/graph/fredgraph.csv?id=GVZCLS,2026-10-08
gold_vol,2014-10-14,2014-10-15,17.98,https://fred.stlouisfed.org/graph/fredgraph.csv?id=GVZCLS,2026-10-08
gold_vol,2014-10-15,2014-10-16,20.04,https://fred.stlouisfed.org/graph/fredgraph.csv?id=GVZCLS,2026-10-08
gold_vol,2014-10-16,2014-10-17,19.68,https://fred.stlouisfed.org/graph/fredgraph.csv?id=GVZCLS,2026-10-08
gold_vol,2014-10-17,2014-10-18,18.08,https://fred.stlouisfed.org/graph/fredgraph.csv?id=GVZCLS,2026-10-08
gold_vol,2014-10-20,2014-10-21,17.27,https://fred.stlouisfed.org/graph/fredgraph.csv?id=GVZCLS,2026-10-08
gold_vol,2014-10-21,2014-10-22,17.01,https://fred.stlouisfed.org/graph/fredgraph.csv?id=GVZCLS,2026-10-08
gold_vol,2014-10-22,2014-10-23,16.58,https://fred.stlouisfed.org/graph/fredgraph.csv?id=GVZCLS,2026-10-08
gold_vol,2014-10-23,2014-10-24,16.91,https://fred.stlouisfed.org/graph/fredgraph.csv?id=GVZCLS,2026-10-08
gold_vol,2014-10-24,2014-10-25,16.24,https://fred.stlouisfed.org/graph/fredgraph.csv?id=GVZCLS,2026-10-08
gold_vol,2014-10-27,2014-10-28,16.49,https://fred.stlouisfed.org/graph/fredgraph.csv?id=GVZCLS,2026-10-08
gold_vol,2014-10-28,2014-10-29,16.3,https://fred.stlouisfed.org/graph/fredgraph.csv?id=GVZCLS,2026-10-08
gold_vol,2014-10-29,2014-10-30,16.75,https://fred.stlouisfed.org/graph/fredgraph.csv?id=GVZCLS,2026-10-08
gold_vol,2014-10-30,2014-10-31,18.08,https://fred.stlouisfed.org/graph/fredgraph.csv?id=GVZCLS,2026-10-08
gold_vol,2014-10-31,2014-11-01,21.54,https://fred.stlouisfed.org/graph/fredgraph.csv?id=GVZCLS,2026-10-08
gold_vol,2014-11-03,2014-11-04,21.1,https://fred.stlouisfed.org/graph/fredgraph.csv?id=GVZCLS,2026-10-08
gold_vol,2014-11-04,2014-11-05,20.1,https://fred.stlouisfed.org/graph/fredgraph.csv?id=GVZCLS,2026-10-08
gold_vol,2014-11-05,2014-11-06,23.38,https://fred.stlouisfed.org/graph/fredgraph.csv?id=GVZCLS,2026-10-08
gold_vol,2014-11-06,2014-11-07,23.18,https://fred.stlouisfed.org/graph/fredgraph.csv?id=GVZCLS,2026-10-08
gold_vol,2014-11-07,2014-11-08,21.38,https://fred.stlouisfed.org/graph/fredgraph.csv?id=GVZCLS,2026-10-08
gold_vol,2014-11-10,2014-11-11,22.23,https://fred.stlouisfed.org/graph/fredgraph.csv?id=GVZCLS,2026-10-08
gold_vol,2014-11-11,2014-11-12,21.43,https://fred.stlouisfed.org/graph/fredgraph.csv?id=GVZCLS,2026-10-08
gold_vol,2014-11-12,2014-11-13,21.29,https://fred.stlouisfed.org/graph/fredgraph.csv?id=GVZCLS,2026-10-08
gold_vol,2014-11-13,2014-11-14,20.98,https://fred.stlouisfed.org/graph/fredgraph.csv?id=GVZCLS,2026-10-08
gold_vol,2014-11-14,2014-11-15,23.36,https://fred.stlouisfed.org/graph/fredgraph.csv?id=GVZCLS,2026-10-08
gold_vol,2014-11-17,2014-11-18,23.37,https://fred.stlouisfed.org/graph/fredgraph.csv?id=GVZCLS,2026-10-08
gold_vol,2014-11-18,2014-11-19,23.97,https://fred.stlouisfed.org/graph/fredgraph.csv?id=GVZCLS,2026-10-08
gold_vol,2014-11-19,2014-11-20,24.26,https://fred.stlouisfed.org/graph/fredgraph.csv?id=GVZCLS,2026-10-08
gold_vol,2014-11-20,2014-11-21,21.5,https://fred.stlouisfed.org/graph/fredgraph.csv?id=GVZCLS,2026-10-08
gold_vol,2014-11-21,2014-11-22,21.23,https://fred.stlouisfed.org/graph/fredgraph.csv?id=GVZCLS,2026-10-08
gold_vol,2014-11-24,2014-11-25,20.64,https://fred.stlouisfed.org/graph/fredgraph.csv?id=GVZCLS,2026-10-08
gold_vol,2014-11-25,2014-11-26,20.67,https://fred.stlouisfed.org/graph/fredgraph.csv?id=GVZCLS,2026-10-08
gold_vol,2014-11-26,2014-11-27,21.24,https://fred.stlouisfed.org/graph/fredgraph.csv?id=GVZCLS,2026-10-08
gold_vol,2014-11-28,2014-11-29,25.17,https://fred.stlouisfed.org/graph/fredgraph.csv?id=GVZCLS,2026-10-08
gold_vol,2014-12-01,2014-12-02,22.33,https://fred.stlouisfed.org/graph/fredgraph.csv?id=GVZCLS,2026-10-08
gold_vol,2014-12-02,2014-12-03,21.29,https://fred.stlouisfed.org/graph/fredgraph.csv?id=GVZCLS,2026-10-08
gold_vol,2014-12-03,2014-12-04,20.62,https://fred.stlouisfed.org/graph/fredgraph.csv?id=GVZCLS,2026-10-08
gold_vol,2014-12-04,2014-12-05,20.29,https://fred.stlouisfed.org/graph/fredgraph.csv?id=GVZCLS,2026-10-08
gold_vol,2014-12-05,2014-12-06,20.02,https://fred.stlouisfed.org/graph/fredgraph.csv?id=GVZCLS,2026-10-08
gold_vol,2014-12-08,2014-12-09,19.62,https://fred.stlouisfed.org/graph/fredgraph.csv?id=GVZCLS,2026-10-08
gold_vol,2014-12-09,2014-12-10,20.04,https://fred.stlouisfed.org/graph/fredgraph.csv?id=GVZCLS,2026-10-08
gold_vol,2014-12-10,2014-12-11,19.27,https://fred.stlouisfed.org/graph/fredgraph.csv?id=GVZCLS,2026-10-08
gold_vol,2014-12-11,2014-12-12,19.11,https://fred.stlouisfed.org/graph/fredgraph.csv?id=GVZCLS,2026-10-08
gold_vol,2014-12-12,2014-12-13,19.66,https://fred.stlouisfed.org/graph/fredgraph.csv?id=GVZCLS,2026-10-08
gold_vol,2014-12-15,2014-12-16,20.95,https://fred.stlouisfed.org/graph/fredgraph.csv?id=GVZCLS,2026-10-08
gold_vol,2014-12-16,2014-12-17,22.08,https://fred.stlouisfed.org/graph/fredgraph.csv?id=GVZCLS,2026-10-08
gold_vol,2014-12-17,2014-12-18,20.9,https://fred.stlouisfed.org/graph/fredgraph.csv?id=GVZCLS,2026-10-08
gold_vol,2014-12-18,2014-12-19,19.28,https://fred.stlouisfed.org/graph/fredgraph.csv?id=GVZCLS,2026-10-08
gold_vol,2014-12-19,2014-12-20,18.68,https://fred.stlouisfed.org/graph/fredgraph.csv?id=GVZCLS,2026-10-08
gold_vol,2014-12-22,2014-12-23,20.26,https://fred.stlouisfed.org/graph/fredgraph.csv?id=GVZCLS,2026-10-08
gold_vol,2014-12-23,2014-12-24,19.76,https://fred.stlouisfed.org/graph/fredgraph.csv?id=GVZCLS,2026-10-08
gold_vol,2014-12-24,2014-12-25,19.37,https://fred.stlouisfed.org/graph/fredgraph.csv?id=GVZCLS,2026-10-08
gold_vol,2014-12-26,2014-12-27,18.92,https://fred.stlouisfed.org/graph/fredgraph.csv?id=GVZCLS,2026-10-08
gold_vol,2014-12-29,2014-12-30,20.15,https://fred.stlouisfed.org/graph/fredgraph.csv?id=GVZCLS,2026-10-08
gold_vol,2014-12-30,2014-12-31,19.48,https://fred.stlouisfed.org/graph/fredgraph.csv?id=GVZCLS,2026-10-08
gold_vol,2014-12-31,2015-01-01,20.08,https://fred.stlouisfed.org/graph/fredgraph.csv?id=GVZCLS,2026-10-08
gold_vol,2015-01-02,2015-01-03,20.23,https://fred.stlouisfed.org/graph/fredgraph.csv?id=GVZCLS,2026-10-08
gold_vol,2015-01-05,2015-01-06,21.26,https://fred.stlouisfed.org/graph/fredgraph.csv?id=GVZCLS,2026-10-08
gold_vol,2015-01-06,2015-01-07,20.78,https://fred.stlouisfed.org/graph/fredgraph.csv?id=GVZCLS,2026-10-08
gold_vol,2015-01-07,2015-01-08,20.35,https://fred.stlouisfed.org/graph/fredgraph.csv?id=GVZCLS,2026-10-08
gold_vol,2015-01-08,2015-01-09,19.2,https://fred.stlouisfed.org/graph/fredgraph.csv?id=GVZCLS,2026-10-08
gold_vol,2015-01-09,2015-01-10,18.44,https://fred.stlouisfed.org/graph/fredgraph.csv?id=GVZCLS,2026-10-08
gold_vol,2015-01-12,2015-01-13,17.65,https://fred.stlouisfed.org/graph/fredgraph.csv?id=GVZCLS,2026-10-08
gold_vol,2015-01-13,2015-01-14,17.63,https://fred.stlouisfed.org/graph/fredgraph.csv?id=GVZCLS,2026-10-08
gold_vol,2015-01-14,2015-01-15,18.52,https://fred.stlouisfed.org/graph/fredgraph.csv?id=GVZCLS,2026-10-08
gold_vol,2015-01-15,2015-01-16,21.83,https://fred.stlouisfed.org/graph/fredgraph.csv?id=GVZCLS,2026-10-08
gold_vol,2015-01-16,2015-01-17,22.66,https://fred.stlouisfed.org/graph/fredgraph.csv?id=GVZCLS,2026-10-08
gold_vol,2015-01-20,2015-01-21,23.43,https://fred.stlouisfed.org/graph/fredgraph.csv?id=GVZCLS,2026-10-08
gold_vol,2015-01-21,2015-01-22,22.34,https://fred.stlouisfed.org/graph/fredgraph.csv?id=GVZCLS,2026-10-08
gold_vol,2015-01-22,2015-01-23,21.25,https://fred.stlouisfed.org/graph/fredgraph.csv?id=GVZCLS,2026-10-08
gold_vol,2015-01-23,2015-01-24,20.62,https://fred.stlouisfed.org/graph/fredgraph.csv?id=GVZCLS,2026-10-08
gold_vol,2015-01-26,2015-01-27,20.04,https://fred.stlouisfed.org/graph/fredgraph.csv?id=GVZCLS,2026-10-08
gold_vol,2015-01-27,2015-01-28,20.16,https://fred.stlouisfed.org/graph/fredgraph.csv?id=GVZCLS,2026-10-08
gold_vol,2015-01-28,2015-01-29,19.31,https://fred.stlouisfed.org/graph/fredgraph.csv?id=GVZCLS,2026-10-08
gold_vol,2015-01-29,2015-01-30,20.25,https://fred.stlouisfed.org/graph/fredgraph.csv?id=GVZCLS,2026-10-08
gold_vol,2015-01-30,2015-01-31,19.65,https://fred.stlouisfed.org/graph/fredgraph.csv?id=GVZCLS,2026-10-08
gold_vol,2015-02-02,2015-02-03,20.33,https://fred.stlouisfed.org/graph/fredgraph.csv?id=GVZCLS,2026-10-08
gold_vol,2015-02-03,2015-02-04,20.3,https://fred.stlouisfed.org/graph/fredgraph.csv?id=GVZCLS,2026-10-08
gold_vol,2015-02-04,2015-02-05,20.36,https://fred.stlouisfed.org/graph/fredgraph.csv?id=GVZCLS,2026-10-08
gold_vol,2015-02-05,2015-02-06,20.06,https://fred.stlouisfed.org/graph/fredgraph.csv?id=GVZCLS,2026-10-08
gold_vol,2015-02-06,2015-02-07,20.59,https://fred.stlouisfed.org/graph/fredgraph.csv?id=GVZCLS,2026-10-08
gold_vol,2015-02-09,2015-02-10,20.3,https://fred.stlouisfed.org/graph/fredgraph.csv?id=GVZCLS,2026-10-08
gold_vol,2015-02-10,2015-02-11,19.71,https://fred.stlouisfed.org/graph/fredgraph.csv?id=GVZCLS,2026-10-08
gold_vol,2015-02-11,2015-02-12,20.07,https://fred.stlouisfed.org/graph/fredgraph.csv?id=GVZCLS,2026-10-08
gold_vol,2015-02-12,2015-02-13,19.31,https://fred.stlouisfed.org/graph/fredgraph.csv?id=GVZCLS,2026-10-08
gold_vol,2015-02-13,2015-02-14,18.49,https://fred.stlouisfed.org/graph/fredgraph.csv?id=GVZCLS,2026-10-08
gold_vol,2015-02-17,2015-02-18,19.61,https://fred.stlouisfed.org/graph/fredgraph.csv?id=GVZCLS,2026-10-08
gold_vol,2015-02-18,2015-02-19,19.54,https://fred.stlouisfed.org/graph/fredgraph.csv?id=GVZCLS,2026-10-08
gold_vol,2015-02-19,2015-02-20,18.62,https://fred.stlouisfed.org/graph/fredgraph.csv?id=GVZCLS,2026-10-08
gold_vol,2015-02-20,2015-02-21,19.26,https://fred.stlouisfed.org/graph/fredgraph.csv?id=GVZCLS,2026-10-08
gold_vol,2015-02-23,2015-02-24,19.4,https://fred.stlouisfed.org/graph/fredgraph.csv?id=GVZCLS,2026-10-08
gold_vol,2015-02-24,2015-02-25,18.77,https://fred.stlouisfed.org/graph/fredgraph.csv?id=GVZCLS,2026-10-08
gold_vol,2015-02-25,2015-02-26,17.4,https://fred.stlouisfed.org/graph/fredgraph.csv?id=GVZCLS,2026-10-08
gold_vol,2015-02-26,2015-02-27,16.65,https://fred.stlouisfed.org/graph/fredgraph.csv?id=GVZCLS,2026-10-08
gold_vol,2015-02-27,2015-02-28,15.91,https://fred.stlouisfed.org/graph/fredgraph.csv?id=GVZCLS,2026-10-08
gold_vol,2015-03-02,2015-03-03,16.38,https://fred.stlouisfed.org/graph/fredgraph.csv?id=GVZCLS,2026-10-08
gold_vol,2015-03-03,2015-03-04,16.76,https://fred.stlouisfed.org/graph/fredgraph.csv?id=GVZCLS,2026-10-08
gold_vol,2015-03-04,2015-03-05,16.66,https://fred.stlouisfed.org/graph/fredgraph.csv?id=GVZCLS,2026-10-08
gold_vol,2015-03-05,2015-03-06,16.9,https://fred.stlouisfed.org/graph/fredgraph.csv?id=GVZCLS,2026-10-08
gold_vol,2015-03-06,2015-03-07,18.43,https://fred.stlouisfed.org/graph/fredgraph.csv?id=GVZCLS,2026-10-08
gold_vol,2015-03-09,2015-03-10,17.58,https://fred.stlouisfed.org/graph/fredgraph.csv?id=GVZCLS,2026-10-08
gold_vol,2015-03-10,2015-03-11,18.97,https://fred.stlouisfed.org/graph/fredgraph.csv?id=GVZCLS,2026-10-08
gold_vol,2015-03-11,2015-03-12,20.01,https://fred.stlouisfed.org/graph/fredgraph.csv?id=GVZCLS,2026-10-08
gold_vol,2015-03-12,2015-03-13,19.07,https://fred.stlouisfed.org/graph/fredgraph.csv?id=GVZCLS,2026-10-08
gold_vol,2015-03-13,2015-03-14,18.9,https://fred.stlouisfed.org/graph/fredgraph.csv?id=GVZCLS,2026-10-08
gold_vol,2015-03-16,2015-03-17,19.14,https://fred.stlouisfed.org/graph/fredgraph.csv?id=GVZCLS,2026-10-08
gold_vol,2015-03-17,2015-03-18,20.83,https://fred.stlouisfed.org/graph/fredgraph.csv?id=GVZCLS,2026-10-08
gold_vol,2015-03-18,2015-03-19,18.65,https://fred.stlouisfed.org/graph/fredgraph.csv?id=GVZCLS,2026-10-08
gold_vol,2015-03-19,2015-03-20,17.25,https://fred.stlouisfed.org/graph/fredgraph.csv?id=GVZCLS,2026-10-08
gold_vol,2015-03-20,2015-03-21,17.21,https://fred.stlouisfed.org/graph/fredgraph.csv?id=GVZCLS,2026-10-08
gold_vol,2015-03-23,2015-03-24,17.26,https://fred.stlouisfed.org/graph/fredgraph.csv?id=GVZCLS,2026-10-08
gold_vol,2015-03-24,2015-03-25,16.84,https://fred.stlouisfed.org/graph/fredgraph.csv?id=GVZCLS,2026-10-08
gold_vol,2015-03-25,2015-03-26,16.38,https://fred.stlouisfed.org/graph/fredgraph.csv?id=GVZCLS,2026-10-08
gold_vol,2015-03-26,2015-03-27,16.02,https://fred.stlouisfed.org/graph/fredgraph.csv?id=GVZCLS,2026-10-08
gold_vol,2015-03-27,2015-03-28,15.83,https://fred.stlouisfed.org/graph/fredgraph.csv?id=GVZCLS,2026-10-08
gold_vol,2015-03-30,2015-03-31,16.64,https://fred.stlouisfed.org/graph/fredgraph.csv?id=GVZCLS,2026-10-08
gold_vol,2015-03-31,2015-04-01,16.34,https://fred.stlouisfed.org/graph/fredgraph.csv?id=GVZCLS,2026-10-08
gold_vol,2015-04-01,2015-04-02,16.04,https://fred.stlouisfed.org/graph/fredgraph.csv?id=GVZCLS,2026-10-08
gold_vol,2015-04-02,2015-04-03,16.01,https://fred.stlouisfed.org/graph/fredgraph.csv?id=GVZCLS,2026-10-08
gold_vol,2015-04-06,2015-04-07,15.74,https://fred.stlouisfed.org/graph/fredgraph.csv?id=GVZCLS,2026-10-08
gold_vol,2015-04-07,2015-04-08,15.2,https://fred.stlouisfed.org/graph/fredgraph.csv?id=GVZCLS,2026-10-08
gold_vol,2015-04-08,2015-04-09,14.79,https://fred.stlouisfed.org/graph/fredgraph.csv?id=GVZCLS,2026-10-08
gold_vol,2015-04-09,2015-04-10,15.0,https://fred.stlouisfed.org/graph/fredgraph.csv?id=GVZCLS,2026-10-08
gold_vol,2015-04-10,2015-04-11,14.23,https://fred.stlouisfed.org/graph/fredgraph.csv?id=GVZCLS,2026-10-08
gold_vol,2015-04-13,2015-04-14,14.79,https://fred.stlouisfed.org/graph/fredgraph.csv?id=GVZCLS,2026-10-08
gold_vol,2015-04-14,2015-04-15,15.18,https://fred.stlouisfed.org/graph/fredgraph.csv?id=GVZCLS,2026-10-08
gold_vol,2015-04-15,2015-04-16,14.6,https://fred.stlouisfed.org/graph/fredgraph.csv?id=GVZCLS,2026-10-08
gold_vol,2015-04-16,2015-04-17,14.54,https://fred.stlouisfed.org/graph/fredgraph.csv?id=GVZCLS,2026-10-08
gold_vol,2015-04-17,2015-04-18,14.47,https://fred.stlouisfed.org/graph/fredgraph.csv?id=GVZCLS,2026-10-08
gold_vol,2015-04-20,2015-04-21,15.39,https://fred.stlouisfed.org/graph/fredgraph.csv?id=GVZCLS,2026-10-08
gold_vol,2015-04-21,2015-04-22,15.04,https://fred.stlouisfed.org/graph/fredgraph.csv?id=GVZCLS,2026-10-08
gold_vol,2015-04-22,2015-04-23,15.79,https://fred.stlouisfed.org/graph/fredgraph.csv?id=GVZCLS,2026-10-08
gold_vol,2015-04-23,2015-04-24,15.87,https://fred.stlouisfed.org/graph/fredgraph.csv?id=GVZCLS,2026-10-08
gold_vol,2015-04-24,2015-04-25,16.39,https://fred.stlouisfed.org/graph/fredgraph.csv?id=GVZCLS,2026-10-08
gold_vol,2015-04-27,2015-04-28,16.42,https://fred.stlouisfed.org/graph/fredgraph.csv?id=GVZCLS,2026-10-08
gold_vol,2015-04-28,2015-04-29,16.19,https://fred.stlouisfed.org/graph/fredgraph.csv?id=GVZCLS,2026-10-08
gold_vol,2015-04-29,2015-04-30,15.95,https://fred.stlouisfed.org/graph/fredgraph.csv?id=GVZCLS,2026-10-08
gold_vol,2015-04-30,2015-05-01,16.76,https://fred.stlouisfed.org/graph/fredgraph.csv?id=GVZCLS,2026-10-08
gold_vol,2015-05-01,2015-05-02,17.29,https://fred.stlouisfed.org/graph/fredgraph.csv?id=GVZCLS,2026-10-08
gold_vol,2015-05-04,2015-05-05,17.62,https://fred.stlouisfed.org/graph/fredgraph.csv?id=GVZCLS,2026-10-08
gold_vol,2015-05-05,2015-05-06,17.15,https://fred.stlouisfed.org/graph/fredgraph.csv?id=GVZCLS,2026-10-08
gold_vol,2015-05-06,2015-05-07,17.53,https://fred.stlouisfed.org/graph/fredgraph.csv?id=GVZCLS,2026-10-08
gold_vol,2015-05-07,2015-05-08,17.91,https://fred.stlouisfed.org/graph/fredgraph.csv?id=GVZCLS,2026-10-08
gold_vol,2015-05-08,2015-05-09,15.84,https://fred.stlouisfed.org/graph/fredgraph.csv?id=GVZCLS,2026-10-08
gold_vol,2015-05-11,2015-05-12,15.94,https://fred.stlouisfed.org/graph/fredgraph.csv?id=GVZCLS,2026-10-08
gold_vol,2015-05-12,2015-05-13,15.63,https://fred.stlouisfed.org/graph/fredgraph.csv?id=GVZCLS,2026-10-08
gold_vol,2015-05-13,2015-05-14,15.93,https://fred.stlouisfed.org/graph/fredgraph.csv?id=GVZCLS,2026-10-08
gold_vol,2015-05-14,2015-05-15,16.21,https://fred.stlouisfed.org/graph/fredgraph.csv?id=GVZCLS,2026-10-08
gold_vol,2015-05-15,2015-05-16,15.48,https://fred.stlouisfed.org/graph/fredgraph.csv?id=GVZCLS,2026-10-08
gold_vol,2015-05-18,2015-05-19,15.81,https://fred.stlouisfed.org/graph/fredgraph.csv?id=GVZCLS,2026-10-08
gold_vol,2015-05-19,2015-05-20,15.88,https://fred.stlouisfed.org/graph/fredgraph.csv?id=GVZCLS,2026-10-08
gold_vol,2015-05-20,2015-05-21,15.25,https://fred.stlouisfed.org/graph/fredgraph.csv?id=GVZCLS,2026-10-08
gold_vol,2015-05-21,2015-05-22,14.62,https://fred.stlouisfed.org/graph/fredgraph.csv?id=GVZCLS,2026-10-08
gold_vol,2015-05-22,2015-05-23,14.19,https://fred.stlouisfed.org/graph/fredgraph.csv?id=GVZCLS,2026-10-08
gold_vol,2015-05-26,2015-05-27,15.22,https://fred.stlouisfed.org/graph/fredgraph.csv?id=GVZCLS,2026-10-08
gold_vol,2015-05-27,2015-05-28,14.08,https://fred.stlouisfed.org/graph/fredgraph.csv?id=GVZCLS,2026-10-08
gold_vol,2015-05-28,2015-05-29,14.51,https://fred.stlouisfed.org/graph/fredgraph.csv?id=GVZCLS,2026-10-08
gold_vol,2015-05-29,2015-05-30,13.99,https://fred.stlouisfed.org/graph/fredgraph.csv?id=GVZCLS,2026-10-08
gold_vol,2015-06-01,2015-06-02,14.88,https://fred.stlouisfed.org/graph/fredgraph.csv?id=GVZCLS,2026-10-08
gold_vol,2015-06-02,2015-06-03,14.86,https://fred.stlouisfed.org/graph/fredgraph.csv?id=GVZCLS,2026-10-08
gold_vol,2015-06-03,2015-06-04,15.15,https://fred.stlouisfed.org/graph/fredgraph.csv?id=GVZCLS,2026-10-08
gold_vol,2015-06-04,2015-06-05,16.01,https://fred.stlouisfed.org/graph/fredgraph.csv?id=GVZCLS,2026-10-08
gold_vol,2015-06-05,2015-06-06,15.12,https://fred.stlouisfed.org/graph/fredgraph.csv?id=GVZCLS,2026-10-08
gold_vol,2015-06-08,2015-06-09,15.14,https://fred.stlouisfed.org/graph/fredgraph.csv?id=GVZCLS,2026-10-08
gold_vol,2015-06-09,2015-06-10,14.83,https://fred.stlouisfed.org/graph/fredgraph.csv?id=GVZCLS,2026-10-08
gold_vol,2015-06-10,2015-06-11,14.37,https://fred.stlouisfed.org/graph/fredgraph.csv?id=GVZCLS,2026-10-08
gold_vol,2015-06-11,2015-06-12,14.3,https://fred.stlouisfed.org/graph/fredgraph.csv?id=GVZCLS,2026-10-08
gold_vol,2015-06-12,2015-06-13,13.99,https://fred.stlouisfed.org/graph/fredgraph.csv?id=GVZCLS,2026-10-08
gold_vol,2015-06-15,2015-06-16,14.34,https://fred.stlouisfed.org/graph/fredgraph.csv?id=GVZCLS,2026-10-08
gold_vol,2015-06-16,2015-06-17,14.36,https://fred.stlouisfed.org/graph/fredgraph.csv?id=GVZCLS,2026-10-08
gold_vol,2015-06-17,2015-06-18,13.58,https://fred.stlouisfed.org/graph/fredgraph.csv?id=GVZCLS,2026-10-08
gold_vol,2015-06-18,2015-06-19,13.53,https://fred.stlouisfed.org/graph/fredgraph.csv?id=GVZCLS,2026-10-08
gold_vol,2015-06-19,2015-06-20,13.26,https://fred.stlouisfed.org/graph/fredgraph.csv?id=GVZCLS,2026-10-08
gold_vol,2015-06-22,2015-06-23,13.85,https://fred.stlouisfed.org/graph/fredgraph.csv?id=GVZCLS,2026-10-08
gold_vol,2015-06-23,2015-06-24,13.89,https://fred.stlouisfed.org/graph/fredgraph.csv?id=GVZCLS,2026-10-08
gold_vol,2015-06-24,2015-06-25,13.83,https://fred.stlouisfed.org/graph/fredgraph.csv?id=GVZCLS,2026-10-08
gold_vol,2015-06-25,2015-06-26,13.12,https://fred.stlouisfed.org/graph/fredgraph.csv?id=GVZCLS,2026-10-08
gold_vol,2015-06-26,2015-06-27,13.22,https://fred.stlouisfed.org/graph/fredgraph.csv?id=GVZCLS,2026-10-08
gold_vol,2015-06-29,2015-06-30,14.5,https://fred.stlouisfed.org/graph/fredgraph.csv?id=GVZCLS,2026-10-08
gold_vol,2015-06-30,2015-07-01,15.34,https://fred.stlouisfed.org/graph/fredgraph.csv?id=GVZCLS,2026-10-08
gold_vol,2015-07-01,2015-07-02,14.86,https://fred.stlouisfed.org/graph/fredgraph.csv?id=GVZCLS,2026-10-08
gold_vol,2015-07-02,2015-07-03,14.42,https://fred.stlouisfed.org/graph/fredgraph.csv?id=GVZCLS,2026-10-08
gold_vol,2015-07-06,2015-07-07,14.25,https://fred.stlouisfed.org/graph/fredgraph.csv?id=GVZCLS,2026-10-08
gold_vol,2015-07-07,2015-07-08,15.23,https://fred.stlouisfed.org/graph/fredgraph.csv?id=GVZCLS,2026-10-08
gold_vol,2015-07-08,2015-07-09,15.78,https://fred.stlouisfed.org/graph/fredgraph.csv?id=GVZCLS,2026-10-08
gold_vol,2015-07-09,2015-07-10,15.47,https://fred.stlouisfed.org/graph/fredgraph.csv?id=GVZCLS,2026-10-08
gold_vol,2015-07-10,2015-07-11,14.42,https://fred.stlouisfed.org/graph/fredgraph.csv?id=GVZCLS,2026-10-08
gold_vol,2015-07-13,2015-07-14,13.43,https://fred.stlouisfed.org/graph/fredgraph.csv?id=GVZCLS,2026-10-08
gold_vol,2015-07-14,2015-07-15,13.25,https://fred.stlouisfed.org/graph/fredgraph.csv?id=GVZCLS,2026-10-08
gold_vol,2015-07-15,2015-07-16,14.35,https://fred.stlouisfed.org/graph/fredgraph.csv?id=GVZCLS,2026-10-08
gold_vol,2015-07-16,2015-07-17,14.05,https://fred.stlouisfed.org/graph/fredgraph.csv?id=GVZCLS,2026-10-08
gold_vol,2015-07-17,2015-07-18,16.32,https://fred.stlouisfed.org/graph/fredgraph.csv?id=GVZCLS,2026-10-08
gold_vol,2015-07-20,2015-07-21,19.73,https://fred.stlouisfed.org/graph/fredgraph.csv?id=GVZCLS,2026-10-08
gold_vol,2015-07-21,2015-07-22,19.56,https://fred.stlouisfed.org/graph/fredgraph.csv?id=GVZCLS,2026-10-08
gold_vol,2015-07-22,2015-07-23,19.59,https://fred.stlouisfed.org/graph/fredgraph.csv?id=GVZCLS,2026-10-08
gold_vol,2015-07-23,2015-07-24,19.39,https://fred.stlouisfed.org/graph/fredgraph.csv?id=GVZCLS,2026-10-08
gold_vol,2015-07-24,2015-07-25,19.27,https://fred.stlouisfed.org/graph/fredgraph.csv?id=GVZCLS,2026-10-08
gold_vol,2015-07-27,2015-07-28,20.06,https://fred.stlouisfed.org/graph/fredgraph.csv?id=GVZCLS,2026-10-08
gold_vol,2015-07-28,2015-07-29,18.4,https://fred.stlouisfed.org/graph/fredgraph.csv?id=GVZCLS,2026-10-08
gold_vol,2015-07-29,2015-07-30,17.22,https://fred.stlouisfed.org/graph/fredgraph.csv?id=GVZCLS,2026-10-08
gold_vol,2015-07-30,2015-07-31,17.07,https://fred.stlouisfed.org/graph/fredgraph.csv?id=GVZCLS,2026-10-08
gold_vol,2015-07-31,2015-08-01,16.79,https://fred.stlouisfed.org/graph/fredgraph.csv?id=GVZCLS,2026-10-08
gold_vol,2015-08-03,2015-08-04,17.58,https://fred.stlouisfed.org/graph/fredgraph.csv?id=GVZCLS,2026-10-08
gold_vol,2015-08-04,2015-08-05,17.24,https://fred.stlouisfed.org/graph/fredgraph.csv?id=GVZCLS,2026-10-08
gold_vol,2015-08-05,2015-08-06,17.74,https://fred.stlouisfed.org/graph/fredgraph.csv?id=GVZCLS,2026-10-08
gold_vol,2015-08-06,2015-08-07,17.25,https://fred.stlouisfed.org/graph/fredgraph.csv?id=GVZCLS,2026-10-08
gold_vol,2015-08-07,2015-08-08,16.59,https://fred.stlouisfed.org/graph/fredgraph.csv?id=GVZCLS,2026-10-08
gold_vol,2015-08-10,2015-08-11,16.41,https://fred.stlouisfed.org/graph/fredgraph.csv?id=GVZCLS,2026-10-08
gold_vol,2015-08-11,2015-08-12,16.53,https://fred.stlouisfed.org/graph/fredgraph.csv?id=GVZCLS,2026-10-08
gold_vol,2015-08-12,2015-08-13,16.8,https://fred.stlouisfed.org/graph/fredgraph.csv?id=GVZCLS,2026-10-08
gold_vol,2015-08-13,2015-08-14,15.84,https://fred.stlouisfed.org/graph/fredgraph.csv?id=GVZCLS,2026-10-08
gold_vol,2015-08-14,2015-08-15,15.59,https://fred.stlouisfed.org/graph/fredgraph.csv?id=GVZCLS,2026-10-08
gold_vol,2015-08-17,2015-08-18,15.4,https://fred.stlouisfed.org/graph/fredgraph.csv?id=GVZCLS,2026-10-08
gold_vol,2015-08-18,2015-08-19,15.84,https://fred.stlouisfed.org/graph/fredgraph.csv?id=GVZCLS,2026-10-08
gold_vol,2015-08-19,2015-08-20,15.96,https://fred.stlouisfed.org/graph/fredgraph.csv?id=GVZCLS,2026-10-08
gold_vol,2015-08-20,2015-08-21,16.87,https://fred.stlouisfed.org/graph/fredgraph.csv?id=GVZCLS,2026-10-08
gold_vol,2015-08-21,2015-08-22,18.48,https://fred.stlouisfed.org/graph/fredgraph.csv?id=GVZCLS,2026-10-08
gold_vol,2015-08-24,2015-08-25,21.26,https://fred.stlouisfed.org/graph/fredgraph.csv?id=GVZCLS,2026-10-08
gold_vol,2015-08-25,2015-08-26,20.2,https://fred.stlouisfed.org/graph/fredgraph.csv?id=GVZCLS,2026-10-08
gold_vol,2015-08-26,2015-08-27,20.03,https://fred.stlouisfed.org/graph/fredgraph.csv?id=GVZCLS,2026-10-08
gold_vol,2015-08-27,2015-08-28,18.74,https://fred.stlouisfed.org/graph/fredgraph.csv?id=GVZCLS,2026-10-08
gold_vol,2015-08-28,2015-08-29,18.8,https://fred.stlouisfed.org/graph/fredgraph.csv?id=GVZCLS,2026-10-08
gold_vol,2015-08-31,2015-09-01,19.34,https://fred.stlouisfed.org/graph/fredgraph.csv?id=GVZCLS,2026-10-08
gold_vol,2015-09-01,2015-09-02,19.65,https://fred.stlouisfed.org/graph/fredgraph.csv?id=GVZCLS,2026-10-08
gold_vol,2015-09-02,2015-09-03,18.65,https://fred.stlouisfed.org/graph/fredgraph.csv?id=GVZCLS,2026-10-08
gold_vol,2015-09-03,2015-09-04,18.57,https://fred.stlouisfed.org/graph/fredgraph.csv?id=GVZCLS,2026-10-08
gold_vol,2015-09-04,2015-09-05,18.62,https://fred.stlouisfed.org/graph/fredgraph.csv?id=GVZCLS,2026-10-08
gold_vol,2015-09-08,2015-09-09,18.31,https://fred.stlouisfed.org/graph/fredgraph.csv?id=GVZCLS,2026-10-08
gold_vol,2015-09-09,2015-09-10,17.8,https://fred.stlouisfed.org/graph/fredgraph.csv?id=GVZCLS,2026-10-08
gold_vol,2015-09-10,2015-09-11,16.89,https://fred.stlouisfed.org/graph/fredgraph.csv?id=GVZCLS,2026-10-08
gold_vol,2015-09-11,2015-09-12,17.38,https://fred.stlouisfed.org/graph/fredgraph.csv?id=GVZCLS,2026-10-08
gold_vol,2015-09-14,2015-09-15,17.63,https://fred.stlouisfed.org/graph/fredgraph.csv?id=GVZCLS,2026-10-08
gold_vol,2015-09-15,2015-09-16,17.69,https://fred.stlouisfed.org/graph/fredgraph.csv?id=GVZCLS,2026-10-08
gold_vol,2015-09-16,2015-09-17,18.05,https://fred.stlouisfed.org/graph/fredgraph.csv?id=GVZCLS,2026-10-08
gold_vol,2015-09-17,2015-09-18,16.63,https://fred.stlouisfed.org/graph/fredgraph.csv?id=GVZCLS,2026-10-08
gold_vol,2015-09-18,2015-09-19,16.46,https://fred.stlouisfed.org/graph/fredgraph.csv?id=GVZCLS,2026-10-08
gold_vol,2015-09-21,2015-09-22,16.59,https://fred.stlouisfed.org/graph/fredgraph.csv?id=GVZCLS,2026-10-08
gold_vol,2015-09-22,2015-09-23,17.35,https://fred.stlouisfed.org/graph/fredgraph.csv?id=GVZCLS,2026-10-08
gold_vol,2015-09-23,2015-09-24,17.34,https://fred.stlouisfed.org/graph/fredgraph.csv?id=GVZCLS,2026-10-08
gold_vol,2015-09-24,2015-09-25,19.26,https://fred.stlouisfed.org/graph/fredgraph.csv?id=GVZCLS,2026-10-08
gold_vol,2015-09-25,2015-09-26,18.33,https://fred.stlouisfed.org/graph/fredgraph.csv?id=GVZCLS,2026-10-08
gold_vol,2015-09-28,2015-09-29,18.28,https://fred.stlouisfed.org/graph/fredgraph.csv?id=GVZCLS,2026-10-08
gold_vol,2015-09-29,2015-09-30,17.67,https://fred.stlouisfed.org/graph/fredgraph.csv?id=GVZCLS,2026-10-08
gold_vol,2015-09-30,2015-10-01,17.47,https://fred.stlouisfed.org/graph/fredgraph.csv?id=GVZCLS,2026-10-08
gold_vol,2015-10-01,2015-10-02,16.9,https://fred.stlouisfed.org/graph/fredgraph.csv?id=GVZCLS,2026-10-08
gold_vol,2015-10-02,2015-10-03,16.71,https://fred.stlouisfed.org/graph/fredgraph.csv?id=GVZCLS,2026-10-08
gold_vol,2015-10-05,2015-10-06,16.68,https://fred.stlouisfed.org/graph/fredgraph.csv?id=GVZCLS,2026-10-08
gold_vol,2015-10-06,2015-10-07,17.54,https://fred.stlouisfed.org/graph/fredgraph.csv?id=GVZCLS,2026-10-08
gold_vol,2015-10-07,2015-10-08,17.13,https://fred.stlouisfed.org/graph/fredgraph.csv?id=GVZCLS,2026-10-08
gold_vol,2015-10-08,2015-10-09,16.91,https://fred.stlouisfed.org/graph/fredgraph.csv?id=GVZCLS,2026-10-08
gold_vol,2015-10-09,2015-10-10,16.92,https://fred.stlouisfed.org/graph/fredgraph.csv?id=GVZCLS,2026-10-08
gold_vol,2015-10-12,2015-10-13,16.24,https://fred.stlouisfed.org/graph/fredgraph.csv?id=GVZCLS,2026-10-08
gold_vol,2015-10-13,2015-10-14,17.14,https://fred.stlouisfed.org/graph/fredgraph.csv?id=GVZCLS,2026-10-08
gold_vol,2015-10-14,2015-10-15,18.35,https://fred.stlouisfed.org/graph/fredgraph.csv?id=GVZCLS,2026-10-08
gold_vol,2015-10-15,2015-10-16,17.9,https://fred.stlouisfed.org/graph/fredgraph.csv?id=GVZCLS,2026-10-08
gold_vol,2015-10-16,2015-10-17,16.59,https://fred.stlouisfed.org/graph/fredgraph.csv?id=GVZCLS,2026-10-08
gold_vol,2015-10-19,2015-10-20,16.94,https://fred.stlouisfed.org/graph/fredgraph.csv?id=GVZCLS,2026-10-08
gold_vol,2015-10-20,2015-10-21,16.79,https://fred.stlouisfed.org/graph/fredgraph.csv?id=GVZCLS,2026-10-08
gold_vol,2015-10-21,2015-10-22,15.9,https://fred.stlouisfed.org/graph/fredgraph.csv?id=GVZCLS,2026-10-08
gold_vol,2015-10-22,2015-10-23,15.59,https://fred.stlouisfed.org/graph/fredgraph.csv?id=GVZCLS,2026-10-08
gold_vol,2015-10-23,2015-10-24,15.59,https://fred.stlouisfed.org/graph/fredgraph.csv?id=GVZCLS,2026-10-08
gold_vol,2015-10-26,2015-10-27,15.78,https://fred.stlouisfed.org/graph/fredgraph.csv?id=GVZCLS,2026-10-08
gold_vol,2015-10-27,2015-10-28,15.3,https://fred.stlouisfed.org/graph/fredgraph.csv?id=GVZCLS,2026-10-08
gold_vol,2015-10-28,2015-10-29,15.63,https://fred.stlouisfed.org/graph/fredgraph.csv?id=GVZCLS,2026-10-08
gold_vol,2015-10-29,2015-10-30,15.77,https://fred.stlouisfed.org/graph/fredgraph.csv?id=GVZCLS,2026-10-08
gold_vol,2015-10-30,2015-10-31,15.39,https://fred.stlouisfed.org/graph/fredgraph.csv?id=GVZCLS,2026-10-08
gold_vol,2015-11-02,2015-11-03,15.28,https://fred.stlouisfed.org/graph/fredgraph.csv?id=GVZCLS,2026-10-08
gold_vol,2015-11-03,2015-11-04,17.19,https://fred.stlouisfed.org/graph/fredgraph.csv?id=GVZCLS,2026-10-08
gold_vol,2015-11-04,2015-11-05,18.02,https://fred.stlouisfed.org/graph/fredgraph.csv?id=GVZCLS,2026-10-08
gold_vol,2015-11-05,2015-11-06,17.82,https://fred.stlouisfed.org/graph/fredgraph.csv?id=GVZCLS,2026-10-08
gold_vol,2015-11-06,2015-11-07,17.36,https://fred.stlouisfed.org/graph/fredgraph.csv?id=GVZCLS,2026-10-08
gold_vol,2015-11-09,2015-11-10,17.55,https://fred.stlouisfed.org/graph/fredgraph.csv?id=GVZCLS,2026-10-08
gold_vol,2015-11-10,2015-11-11,17.36,https://fred.stlouisfed.org/graph/fredgraph.csv?id=GVZCLS,2026-10-08
gold_vol,2015-11-11,2015-11-12,17.89,https://fred.stlouisfed.org/graph/fredgraph.csv?id=GVZCLS,2026-10-08
gold_vol,2015-11-12,2015-11-13,18.47,https://fred.stlouisfed.org/graph/fredgraph.csv?id=GVZCLS,2026-10-08
gold_vol,2015-11-13,2015-11-14,18.29,https://fred.stlouisfed.org/graph/fredgraph.csv?id=GVZCLS,2026-10-08
gold_vol,2015-11-16,2015-11-17,18.5,https://fred.stlouisfed.org/graph/fredgraph.csv?id=GVZCLS,2026-10-08
gold_vol,2015-11-17,2015-11-18,20.17,https://fred.stlouisfed.org/graph/fredgraph.csv?id=GVZCLS,2026-10-08
gold_vol,2015-11-18,2015-11-19,19.4,https://fred.stlouisfed.org/graph/fredgraph.csv?id=GVZCLS,2026-10-08
gold_vol,2015-11-19,2015-11-20,18.04,https://fred.stlouisfed.org/graph/fredgraph.csv?id=GVZCLS,2026-10-08
gold_vol,2015-11-20,2015-11-21,17.26,https://fred.stlouisfed.org/graph/fredgraph.csv?id=GVZCLS,2026-10-08
gold_vol,2015-11-23,2015-11-24,17.7,https://fred.stlouisfed.org/graph/fredgraph.csv?id=GVZCLS,2026-10-08
gold_vol,2015-11-24,2015-11-25,16.72,https://fred.stlouisfed.org/graph/fredgraph.csv?id=GVZCLS,2026-10-08
gold_vol,2015-11-25,2015-11-26,16.39,https://fred.stlouisfed.org/graph/fredgraph.csv?id=GVZCLS,2026-10-08
gold_vol,2015-11-27,2015-11-28,17.16,https://fred.stlouisfed.org/graph/fredgraph.csv?id=GVZCLS,2026-10-08
gold_vol,2015-11-30,2015-12-01,16.91,https://fred.stlouisfed.org/graph/fredgraph.csv?id=GVZCLS,2026-10-08
gold_vol,2015-12-01,2015-12-02,16.62,https://fred.stlouisfed.org/graph/fredgraph.csv?id=GVZCLS,2026-10-08
gold_vol,2015-12-02,2015-12-03,17.36,https://fred.stlouisfed.org/graph/fredgraph.csv?id=GVZCLS,2026-10-08
gold_vol,2015-12-03,2015-12-04,17.76,https://fred.stlouisfed.org/graph/fredgraph.csv?id=GVZCLS,2026-10-08
gold_vol,2015-12-04,2015-12-05,15.96,https://fred.stlouisfed.org/graph/fredgraph.csv?id=GVZCLS,2026-10-08
gold_vol,2015-12-07,2015-12-08,16.23,https://fred.stlouisfed.org/graph/fredgraph.csv?id=GVZCLS,2026-10-08
gold_vol,2015-12-08,2015-12-09,16.12,https://fred.stlouisfed.org/graph/fredgraph.csv?id=GVZCLS,2026-10-08
gold_vol,2015-12-09,2015-12-10,17.39,https://fred.stlouisfed.org/graph/fredgraph.csv?id=GVZCLS,2026-10-08
gold_vol,2015-12-10,2015-12-11,17.07,https://fred.stlouisfed.org/graph/fredgraph.csv?id=GVZCLS,2026-10-08
gold_vol,2015-12-11,2015-12-12,18.16,https://fred.stlouisfed.org/graph/fredgraph.csv?id=GVZCLS,2026-10-08
gold_vol,2015-12-14,2015-12-15,19.05,https://fred.stlouisfed.org/graph/fredgraph.csv?id=GVZCLS,2026-10-08
gold_vol,2015-12-15,2015-12-16,18.09,https://fred.stlouisfed.org/graph/fredgraph.csv?id=GVZCLS,2026-10-08
gold_vol,2015-12-16,2015-12-17,15.41,https://fred.stlouisfed.org/graph/fredgraph.csv?id=GVZCLS,2026-10-08
gold_vol,2015-12-17,2015-12-18,16.06,https://fred.stlouisfed.org/graph/fredgraph.csv?id=GVZCLS,2026-10-08
gold_vol,2015-12-18,2015-12-19,15.06,https://fred.stlouisfed.org/graph/fredgraph.csv?id=GVZCLS,2026-10-08
gold_vol,2015-12-21,2015-12-22,15.32,https://fred.stlouisfed.org/graph/fredgraph.csv?id=GVZCLS,2026-10-08
gold_vol,2015-12-22,2015-12-23,15.17,https://fred.stlouisfed.org/graph/fredgraph.csv?id=GVZCLS,2026-10-08
gold_vol,2015-12-23,2015-12-24,14.94,https://fred.stlouisfed.org/graph/fredgraph.csv?id=GVZCLS,2026-10-08
gold_vol,2015-12-24,2015-12-25,15.02,https://fred.stlouisfed.org/graph/fredgraph.csv?id=GVZCLS,2026-10-08
gold_vol,2015-12-28,2015-12-29,16.06,https://fred.stlouisfed.org/graph/fredgraph.csv?id=GVZCLS,2026-10-08
gold_vol,2015-12-29,2015-12-30,15.22,https://fred.stlouisfed.org/graph/fredgraph.csv?id=GVZCLS,2026-10-08
gold_vol,2015-12-30,2015-12-31,15.25,https://fred.stlouisfed.org/graph/fredgraph.csv?id=GVZCLS,2026-10-08
gold_vol,2015-12-31,2016-01-01,14.99,https://fred.stlouisfed.org/graph/fredgraph.csv?id=GVZCLS,2026-10-08
gold_vol,2016-01-04,2016-01-05,16.07,https://fred.stlouisfed.org/graph/fredgraph.csv?id=GVZCLS,2026-10-08
gold_vol,2016-01-05,2016-01-06,15.2,https://fred.stlouisfed.org/graph/fredgraph.csv?id=GVZCLS,2026-10-08
gold_vol,2016-01-06,2016-01-07,16.3,https://fred.stlouisfed.org/graph/fredgraph.csv?id=GVZCLS,2026-10-08
gold_vol,2016-01-07,2016-01-08,17.42,https://fred.stlouisfed.org/graph/fredgraph.csv?id=GVZCLS,2026-10-08
gold_vol,2016-01-08,2016-01-09,17.62,https://fred.stlouisfed.org/graph/fredgraph.csv?id=GVZCLS,2026-10-08
gold_vol,2016-01-11,2016-01-12,16.43,https://fred.stlouisfed.org/graph/fredgraph.csv?id=GVZCLS,2026-10-08
gold_vol,2016-01-12,2016-01-13,16.61,https://fred.stlouisfed.org/graph/fredgraph.csv?id=GVZCLS,2026-10-08
gold_vol,2016-01-13,2016-01-14,16.99,https://fred.stlouisfed.org/graph/fredgraph.csv?id=GVZCLS,2026-10-08
gold_vol,2016-01-14,2016-01-15,16.16,https://fred.stlouisfed.org/graph/fredgraph.csv?id=GVZCLS,2026-10-08
gold_vol,2016-01-15,2016-01-16,17.42,https://fred.stlouisfed.org/graph/fredgraph.csv?id=GVZCLS,2026-10-08
gold_vol,2016-01-19,2016-01-20,16.17,https://fred.stlouisfed.org/graph/fredgraph.csv?id=GVZCLS,2026-10-08
gold_vol,2016-01-20,2016-01-21,16.56,https://fred.stlouisfed.org/graph/fredgraph.csv?id=GVZCLS,2026-10-08
gold_vol,2016-01-21,2016-01-22,16.77,https://fred.stlouisfed.org/graph/fredgraph.csv?id=GVZCLS,2026-10-08
gold_vol,2016-01-22,2016-01-23,15.91,https://fred.stlouisfed.org/graph/fredgraph.csv?id=GVZCLS,2026-10-08
gold_vol,2016-01-25,2016-01-26,17.13,https://fred.stlouisfed.org/graph/fredgraph.csv?id=GVZCLS,2026-10-08
gold_vol,2016-01-26,2016-01-27,17.26,https://fred.stlouisfed.org/graph/fredgraph.csv?id=GVZCLS,2026-10-08
gold_vol,2016-01-27,2016-01-28,16.71,https://fred.stlouisfed.org/graph/fredgraph.csv?id=GVZCLS,2026-10-08
gold_vol,2016-01-28,2016-01-29,15.41,https://fred.stlouisfed.org/graph/fredgraph.csv?id=GVZCLS,2026-10-08
gold_vol,2016-01-29,2016-01-30,15.73,https://fred.stlouisfed.org/graph/fredgraph.csv?id=GVZCLS,2026-10-08
gold_vol,2016-02-01,2016-02-02,16.81,https://fred.stlouisfed.org/graph/fredgraph.csv?id=GVZCLS,2026-10-08
gold_vol,2016-02-02,2016-02-03,16.2,https://fred.stlouisfed.org/graph/fredgraph.csv?id=GVZCLS,2026-10-08
gold_vol,2016-02-03,2016-02-04,17.84,https://fred.stlouisfed.org/graph/fredgraph.csv?id=GVZCLS,2026-10-08
gold_vol,2016-02-04,2016-02-05,17.39,https://fred.stlouisfed.org/graph/fredgraph.csv?id=GVZCLS,2026-10-08
gold_vol,2016-02-05,2016-02-06,19.58,https://fred.stlouisfed.org/graph/fredgraph.csv?id=GVZCLS,2026-10-08
gold_vol,2016-02-08,2016-02-09,20.38,https://fred.stlouisfed.org/graph/fredgraph.csv?id=GVZCLS,2026-10-08
gold_vol,2016-02-09,2016-02-10,21.72,https://fred.stlouisfed.org/graph/fredgraph.csv?id=GVZCLS,2026-10-08
gold_vol,2016-02-10,2016-02-11,21.36,https://fred.stlouisfed.org/graph/fredgraph.csv?id=GVZCLS,2026-10-08
gold_vol,2016-02-11,2016-02-12,28.37,https://fred.stlouisfed.org/graph/fredgraph.csv?id=GVZCLS,2026-10-08
gold_vol,2016-02-12,2016-02-13,24.1,https://fred.stlouisfed.org/graph/fredgraph.csv?id=GVZCLS,2026-10-08
gold_vol,2016-02-16,2016-02-17,24.84,https://fred.stlouisfed.org/graph/fredgraph.csv?id=GVZCLS,2026-10-08
gold_vol,2016-02-17,2016-02-18,24.53,https://fred.stlouisfed.org/graph/fredgraph.csv?id=GVZCLS,2026-10-08
gold_vol,2016-02-18,2016-02-19,26.37,https://fred.stlouisfed.org/graph/fredgraph.csv?id=GVZCLS,2026-10-08
gold_vol,2016-02-19,2016-02-20,24.88,https://fred.stlouisfed.org/graph/fredgraph.csv?id=GVZCLS,2026-10-08
gold_vol,2016-02-22,2016-02-23,23.31,https://fred.stlouisfed.org/graph/fredgraph.csv?id=GVZCLS,2026-10-08
gold_vol,2016-02-23,2016-02-24,23.69,https://fred.stlouisfed.org/graph/fredgraph.csv?id=GVZCLS,2026-10-08
gold_vol,2016-02-24,2016-02-25,24.24,https://fred.stlouisfed.org/graph/fredgraph.csv?id=GVZCLS,2026-10-08
gold_vol,2016-02-25,2016-02-26,23.36,https://fred.stlouisfed.org/graph/fredgraph.csv?id=GVZCLS,2026-10-08
gold_vol,2016-02-26,2016-02-27,21.67,https://fred.stlouisfed.org/graph/fredgraph.csv?id=GVZCLS,2026-10-08
gold_vol,2016-02-29,2016-03-01,22.59,https://fred.stlouisfed.org/graph/fredgraph.csv?id=GVZCLS,2026-10-08
gold_vol,2016-03-01,2016-03-02,21.97,https://fred.stlouisfed.org/graph/fredgraph.csv?id=GVZCLS,2026-10-08
gold_vol,2016-03-02,2016-03-03,22.0,https://fred.stlouisfed.org/graph/fredgraph.csv?id=GVZCLS,2026-10-08
gold_vol,2016-03-03,2016-03-04,23.51,https://fred.stlouisfed.org/graph/fredgraph.csv?id=GVZCLS,2026-10-08
gold_vol,2016-03-04,2016-03-05,22.31,https://fred.stlouisfed.org/graph/fredgraph.csv?id=GVZCLS,2026-10-08
gold_vol,2016-03-07,2016-03-08,22.08,https://fred.stlouisfed.org/graph/fredgraph.csv?id=GVZCLS,2026-10-08
gold_vol,2016-03-08,2016-03-09,23.07,https://fred.stlouisfed.org/graph/fredgraph.csv?id=GVZCLS,2026-10-08
gold_vol,2016-03-09,2016-03-10,22.31,https://fred.stlouisfed.org/graph/fredgraph.csv?id=GVZCLS,2026-10-08
gold_vol,2016-03-10,2016-03-11,23.14,https://fred.stlouisfed.org/graph/fredgraph.csv?id=GVZCLS,2026-10-08
gold_vol,2016-03-11,2016-03-12,21.9,https://fred.stlouisfed.org/graph/fredgraph.csv?id=GVZCLS,2026-10-08
gold_vol,2016-03-14,2016-03-15,21.14,https://fred.stlouisfed.org/graph/fredgraph.csv?id=GVZCLS,2026-10-08
gold_vol,2016-03-15,2016-03-16,19.7,https://fred.stlouisfed.org/graph/fredgraph.csv?id=GVZCLS,2026-10-08
gold_vol,2016-03-16,2016-03-17,20.03,https://fred.stlouisfed.org/graph/fredgraph.csv?id=GVZCLS,2026-10-08
gold_vol,2016-03-17,2016-03-18,18.99,https://fred.stlouisfed.org/graph/fredgraph.csv?id=GVZCLS,2026-10-08
gold_vol,2016-03-18,2016-03-19,18.15,https://fred.stlouisfed.org/graph/fredgraph.csv?id=GVZCLS,2026-10-08
gold_vol,2016-03-21,2016-03-22,17.4,https://fred.stlouisfed.org/graph/fredgraph.csv?id=GVZCLS,2026-10-08
gold_vol,2016-03-22,2016-03-23,17.62,https://fred.stlouisfed.org/graph/fredgraph.csv?id=GVZCLS,2026-10-08
gold_vol,2016-03-23,2016-03-24,18.0,https://fred.stlouisfed.org/graph/fredgraph.csv?id=GVZCLS,2026-10-08
gold_vol,2016-03-24,2016-03-25,18.09,https://fred.stlouisfed.org/graph/fredgraph.csv?id=GVZCLS,2026-10-08
gold_vol,2016-03-28,2016-03-29,17.53,https://fred.stlouisfed.org/graph/fredgraph.csv?id=GVZCLS,2026-10-08
gold_vol,2016-03-29,2016-03-30,19.52,https://fred.stlouisfed.org/graph/fredgraph.csv?id=GVZCLS,2026-10-08
gold_vol,2016-03-30,2016-03-31,18.58,https://fred.stlouisfed.org/graph/fredgraph.csv?id=GVZCLS,2026-10-08
gold_vol,2016-03-31,2016-04-01,18.45,https://fred.stlouisfed.org/graph/fredgraph.csv?id=GVZCLS,2026-10-08
gold_vol,2016-04-01,2016-04-02,18.04,https://fred.stlouisfed.org/graph/fredgraph.csv?id=GVZCLS,2026-10-08
gold_vol,2016-04-04,2016-04-05,17.95,https://fred.stlouisfed.org/graph/fredgraph.csv?id=GVZCLS,2026-10-08
gold_vol,2016-04-05,2016-04-06,18.16,https://fred.stlouisfed.org/graph/fredgraph.csv?id=GVZCLS,2026-10-08
gold_vol,2016-04-06,2016-04-07,17.82,https://fred.stlouisfed.org/graph/fredgraph.csv?id=GVZCLS,2026-10-08
gold_vol,2016-04-07,2016-04-08,19.32,https://fred.stlouisfed.org/graph/fredgraph.csv?id=GVZCLS,2026-10-08
gold_vol,2016-04-08,2016-04-09,18.74,https://fred.stlouisfed.org/graph/fredgraph.csv?id=GVZCLS,2026-10-08
gold_vol,2016-04-11,2016-04-12,19.58,https://fred.stlouisfed.org/graph/fredgraph.csv?id=GVZCLS,2026-10-08
gold_vol,2016-04-12,2016-04-13,19.09,https://fred.stlouisfed.org/graph/fredgraph.csv?id=GVZCLS,2026-10-08
gold_vol,2016-04-13,2016-04-14,17.96,https://fred.stlouisfed.org/graph/fredgraph.csv?id=GVZCLS,2026-10-08
gold_vol,2016-04-14,2016-04-15,17.83,https://fred.stlouisfed.org/graph/fredgraph.csv?id=GVZCLS,2026-10-08
gold_vol,2016-04-15,2016-04-16,17.41,https://fred.stlouisfed.org/graph/fredgraph.csv?id=GVZCLS,2026-10-08
gold_vol,2016-04-18,2016-04-19,17.3,https://fred.stlouisfed.org/graph/fredgraph.csv?id=GVZCLS,2026-10-08
gold_vol,2016-04-19,2016-04-20,17.42,https://fred.stlouisfed.org/graph/fredgraph.csv?id=GVZCLS,2026-10-08
gold_vol,2016-04-20,2016-04-21,16.69,https://fred.stlouisfed.org/graph/fredgraph.csv?id=GVZCLS,2026-10-08
gold_vol,2016-04-21,2016-04-22,17.9,https://fred.stlouisfed.org/graph/fredgraph.csv?id=GVZCLS,2026-10-08
gold_vol,2016-04-22,2016-04-23,17.21,https://fred.stlouisfed.org/graph/fredgraph.csv?id=GVZCLS,2026-10-08
gold_vol,2016-04-25,2016-04-26,17.66,https://fred.stlouisfed.org/graph/fredgraph.csv?id=GVZCLS,2026-10-08
gold_vol,2016-04-26,2016-04-27,17.43,https://fred.stlouisfed.org/graph/fredgraph.csv?id=GVZCLS,2026-10-08
gold_vol,2016-04-27,2016-04-28,16.43,https://fred.stlouisfed.org/graph/fredgraph.csv?id=GVZCLS,2026-10-08
gold_vol,2016-04-28,2016-04-29,17.9,https://fred.stlouisfed.org/graph/fredgraph.csv?id=GVZCLS,2026-10-08
gold_vol,2016-04-29,2016-04-30,20.23,https://fred.stlouisfed.org/graph/fredgraph.csv?id=GVZCLS,2026-10-08
gold_vol,2016-05-02,2016-05-03,19.29,https://fred.stlouisfed.org/graph/fredgraph.csv?id=GVZCLS,2026-10-08
gold_vol,2016-05-03,2016-05-04,18.7,https://fred.stlouisfed.org/graph/fredgraph.csv?id=GVZCLS,2026-10-08
gold_vol,2016-05-04,2016-05-05,19.47,https://fred.stlouisfed.org/graph/fredgraph.csv?id=GVZCLS,2026-10-08
gold_vol,2016-05-05,2016-05-06,18.46,https://fred.stlouisfed.org/graph/fredgraph.csv?id=GVZCLS,2026-10-08
gold_vol,2016-05-06,2016-05-07,18.65,https://fred.stlouisfed.org/graph/fredgraph.csv?id=GVZCLS,2026-10-08
gold_vol,2016-05-09,2016-05-10,18.65,https://fred.stlouisfed.org/graph/fredgraph.csv?id=GVZCLS,2026-10-08
gold_vol,2016-05-10,2016-05-11,18.04,https://fred.stlouisfed.org/graph/fredgraph.csv?id=GVZCLS,2026-10-08
gold_vol,2016-05-11,2016-05-12,18.35,https://fred.stlouisfed.org/graph/fredgraph.csv?id=GVZCLS,2026-10-08
gold_vol,2016-05-12,2016-05-13,17.84,https://fred.stlouisfed.org/graph/fredgraph.csv?id=GVZCLS,2026-10-08
gold_vol,2016-05-13,2016-05-14,18.29,https://fred.stlouisfed.org/graph/fredgraph.csv?id=GVZCLS,2026-10-08
gold_vol,2016-05-16,2016-05-17,18.49,https://fred.stlouisfed.org/graph/fredgraph.csv?id=GVZCLS,2026-10-08
gold_vol,2016-05-17,2016-05-18,18.17,https://fred.stlouisfed.org/graph/fredgraph.csv?id=GVZCLS,2026-10-08
gold_vol,2016-05-18,2016-05-19,18.2,https://fred.stlouisfed.org/graph/fredgraph.csv?id=GVZCLS,2026-10-08
gold_vol,2016-05-19,2016-05-20,17.85,https://fred.stlouisfed.org/graph/fredgraph.csv?id=GVZCLS,2026-10-08
gold_vol,2016-05-20,2016-05-21,17.0,https://fred.stlouisfed.org/graph/fredgraph.csv?id=GVZCLS,2026-10-08
gold_vol,2016-05-23,2016-05-24,16.8,https://fred.stlouisfed.org/graph/fredgraph.csv?id=GVZCLS,2026-10-08
gold_vol,2016-05-24,2016-05-25,16.66,https://fred.stlouisfed.org/graph/fredgraph.csv?id=GVZCLS,2026-10-08
gold_vol,2016-05-25,2016-05-26,15.98,https://fred.stlouisfed.org/graph/fredgraph.csv?id=GVZCLS,2026-10-08
gold_vol,2016-05-26,2016-05-27,15.29,https://fred.stlouisfed.org/graph/fredgraph.csv?id=GVZCLS,2026-10-08
gold_vol,2016-05-27,2016-05-28,15.39,https://fred.stlouisfed.org/graph/fredgraph.csv?id=GVZCLS,2026-10-08
gold_vol,2016-05-31,2016-06-01,15.83,https://fred.stlouisfed.org/graph/fredgraph.csv?id=GVZCLS,2026-10-08
gold_vol,2016-06-01,2016-06-02,15.92,https://fred.stlouisfed.org/graph/fredgraph.csv?id=GVZCLS,2026-10-08
gold_vol,2016-06-02,2016-06-03,16.05,https://fred.stlouisfed.org/graph/fredgraph.csv?id=GVZCLS,2026-10-08
gold_vol,2016-06-03,2016-06-04,17.45,https://fred.stlouisfed.org/graph/fredgraph.csv?id=GVZCLS,2026-10-08
gold_vol,2016-06-06,2016-06-07,17.76,https://fred.stlouisfed.org/graph/fredgraph.csv?id=GVZCLS,2026-10-08
gold_vol,2016-06-07,2016-06-08,17.29,https://fred.stlouisfed.org/graph/fredgraph.csv?id=GVZCLS,2026-10-08
gold_vol,2016-06-08,2016-06-09,18.76,https://fred.stlouisfed.org/graph/fredgraph.csv?id=GVZCLS,2026-10-08
gold_vol,2016-06-09,2016-06-10,20.28,https://fred.stlouisfed.org/graph/fredgraph.csv?id=GVZCLS,2026-10-08
gold_vol,2016-06-10,2016-06-11,20.52,https://fred.stlouisfed.org/graph/fredgraph.csv?id=GVZCLS,2026-10-08
gold_vol,2016-06-13,2016-06-14,21.11,https://fred.stlouisfed.org/graph/fredgraph.csv?id=GVZCLS,2026-10-08
gold_vol,2016-06-14,2016-06-15,20.63,https://fred.stlouisfed.org/graph/fredgraph.csv?id=GVZCLS,2026-10-08
gold_vol,2016-06-15,2016-06-16,20.68,https://fred.stlouisfed.org/graph/fredgraph.csv?id=GVZCLS,2026-10-08
gold_vol,2016-06-16,2016-06-17,21.95,https://fred.stlouisfed.org/graph/fredgraph.csv?id=GVZCLS,2026-10-08
gold_vol,2016-06-17,2016-06-18,22.52,https://fred.stlouisfed.org/graph/fredgraph.csv?id=GVZCLS,2026-10-08
gold_vol,2016-06-20,2016-06-21,21.01,https://fred.stlouisfed.org/graph/fredgraph.csv?id=GVZCLS,2026-10-08
gold_vol,2016-06-21,2016-06-22,20.65,https://fred.stlouisfed.org/graph/fredgraph.csv?id=GVZCLS,2026-10-08
gold_vol,2016-06-22,2016-06-23,22.25,https://fred.stlouisfed.org/graph/fredgraph.csv?id=GVZCLS,2026-10-08
gold_vol,2016-06-23,2016-06-24,20.1,https://fred.stlouisfed.org/graph/fredgraph.csv?id=GVZCLS,2026-10-08
gold_vol,2016-06-24,2016-06-25,22.2,https://fred.stlouisfed.org/graph/fredgraph.csv?id=GVZCLS,2026-10-08
gold_vol,2016-06-27,2016-06-28,22.52,https://fred.stlouisfed.org/graph/fredgraph.csv?id=GVZCLS,2026-10-08
gold_vol,2016-06-28,2016-06-29,20.18,https://fred.stlouisfed.org/graph/fredgraph.csv?id=GVZCLS,2026-10-08
gold_vol,2016-06-29,2016-06-30,19.26,https://fred.stlouisfed.org/graph/fredgraph.csv?id=GVZCLS,2026-10-08
gold_vol,2016-06-30,2016-07-01,18.5,https://fred.stlouisfed.org/graph/fredgraph.csv?id=GVZCLS,2026-10-08
gold_vol,2016-07-01,2016-07-02,18.43,https://fred.stlouisfed.org/graph/fredgraph.csv?id=GVZCLS,2026-10-08
gold_vol,2016-07-05,2016-07-06,20.09,https://fred.stlouisfed.org/graph/fredgraph.csv?id=GVZCLS,2026-10-08
gold_vol,2016-07-06,2016-07-07,21.18,https://fred.stlouisfed.org/graph/fredgraph.csv?id=GVZCLS,2026-10-08
gold_vol,2016-07-07,2016-07-08,20.55,https://fred.stlouisfed.org/graph/fredgraph.csv?id=GVZCLS,2026-10-08
gold_vol,2016-07-08,2016-07-09,18.79,https://fred.stlouisfed.org/graph/fredgraph.csv?id=GVZCLS,2026-10-08
gold_vol,2016-07-11,2016-07-12,18.93,https://fred.stlouisfed.org/graph/fredgraph.csv?id=GVZCLS,2026-10-08
gold_vol,2016-07-12,2016-07-13,17.94,https://fred.stlouisfed.org/graph/fredgraph.csv?id=GVZCLS,2026-10-08
gold_vol,2016-07-13,2016-07-14,17.61,https://fred.stlouisfed.org/graph/fredgraph.csv?id=GVZCLS,2026-10-08
gold_vol,2016-07-14,2016-07-15,17.15,https://fred.stlouisfed.org/graph/fredgraph.csv?id=GVZCLS,2026-10-08
gold_vol,2016-07-15,2016-07-16,16.91,https://fred.stlouisfed.org/graph/fredgraph.csv?id=GVZCLS,2026-10-08
gold_vol,2016-07-18,2016-07-19,16.96,https://fred.stlouisfed.org/graph/fredgraph.csv?id=GVZCLS,2026-10-08
gold_vol,2016-07-19,2016-07-20,16.71,https://fred.stlouisfed.org/graph/fredgraph.csv?id=GVZCLS,2026-10-08
gold_vol,2016-07-20,2016-07-21,17.21,https://fred.stlouisfed.org/graph/fredgraph.csv?id=GVZCLS,2026-10-08
gold_vol,2016-07-21,2016-07-22,17.77,https://fred.stlouisfed.org/graph/fredgraph.csv?id=GVZCLS,2026-10-08
gold_vol,2016-07-22,2016-07-23,17.61,https://fred.stlouisfed.org/graph/fredgraph.csv?id=GVZCLS,2026-10-08
gold_vol,2016-07-25,2016-07-26,17.74,https://fred.stlouisfed.org/graph/fredgraph.csv?id=GVZCLS,2026-10-08
gold_vol,2016-07-26,2016-07-27,17.45,https://fred.stlouisfed.org/graph/fredgraph.csv?id=GVZCLS,2026-10-08
gold_vol,2016-07-27,2016-07-28,16.93,https://fred.stlouisfed.org/graph/fredgraph.csv?id=GVZCLS,2026-10-08
gold_vol,2016-07-28,2016-07-29,16.31,https://fred.stlouisfed.org/graph/fredgraph.csv?id=GVZCLS,2026-10-08
gold_vol,2016-07-29,2016-07-30,15.8,https://fred.stlouisfed.org/graph/fredgraph.csv?id=GVZCLS,2026-10-08
gold_vol,2016-08-01,2016-08-02,16.28,https://fred.stlouisfed.org/graph/fredgraph.csv?id=GVZCLS,2026-10-08
gold_vol,2016-08-02,2016-08-03,16.45,https://fred.stlouisfed.org/graph/fredgraph.csv?id=GVZCLS,2026-10-08
gold_vol,2016-08-03,2016-08-04,16.18,https://fred.stlouisfed.org/graph/fredgraph.csv?id=GVZCLS,2026-10-08
gold_vol,2016-08-04,2016-08-05,16.06,https://fred.stlouisfed.org/graph/fredgraph.csv?id=GVZCLS,2026-10-08
gold_vol,2016-08-05,2016-08-06,15.6,https://fred.stlouisfed.org/graph/fredgraph.csv?id=GVZCLS,2026-10-08
gold_vol,2016-08-08,2016-08-09,15.49,https://fred.stlouisfed.org/graph/fredgraph.csv?id=GVZCLS,2026-10-08
gold_vol,2016-08-09,2016-08-10,14.41,https://fred.stlouisfed.org/graph/fredgraph.csv?id=GVZCLS,2026-10-08
gold_vol,2016-08-10,2016-08-11,14.89,https://fred.stlouisfed.org/graph/fredgraph.csv?id=GVZCLS,2026-10-08
gold_vol,2016-08-11,2016-08-12,15.37,https://fred.stlouisfed.org/graph/fredgraph.csv?id=GVZCLS,2026-10-08
gold_vol,2016-08-12,2016-08-13,15.01,https://fred.stlouisfed.org/graph/fredgraph.csv?id=GVZCLS,2026-10-08
gold_vol,2016-08-15,2016-08-16,14.67,https://fred.stlouisfed.org/graph/fredgraph.csv?id=GVZCLS,2026-10-08
gold_vol,2016-08-16,2016-08-17,16.13,https://fred.stlouisfed.org/graph/fredgraph.csv?id=GVZCLS,2026-10-08
gold_vol,2016-08-17,2016-08-18,15.83,https://fred.stlouisfed.org/graph/fredgraph.csv?id=GVZCLS,2026-10-08
gold_vol,2016-08-18,2016-08-19,14.97,https://fred.stlouisfed.org/graph/fredgraph.csv?id=GVZCLS,2026-10-08
gold_vol,2016-08-19,2016-08-20,15.35,https://fred.stlouisfed.org/graph/fredgraph.csv?id=GVZCLS,2026-10-08
gold_vol,2016-08-22,2016-08-23,15.82,https://fred.stlouisfed.org/graph/fredgraph.csv?id=GVZCLS,2026-10-08
gold_vol,2016-08-23,2016-08-24,15.62,https://fred.stlouisfed.org/graph/fredgraph.csv?id=GVZCLS,2026-10-08
gold_vol,2016-08-24,2016-08-25,16.89,https://fred.stlouisfed.org/graph/fredgraph.csv?id=GVZCLS,2026-10-08
gold_vol,2016-08-25,2016-08-26,16.73,https://fred.stlouisfed.org/graph/fredgraph.csv?id=GVZCLS,2026-10-08
gold_vol,2016-08-26,2016-08-27,16.17,https://fred.stlouisfed.org/graph/fredgraph.csv?id=GVZCLS,2026-10-08
gold_vol,2016-08-29,2016-08-30,15.95,https://fred.stlouisfed.org/graph/fredgraph.csv?id=GVZCLS,2026-10-08
gold_vol,2016-08-30,2016-08-31,15.99,https://fred.stlouisfed.org/graph/fredgraph.csv?id=GVZCLS,2026-10-08
gold_vol,2016-08-31,2016-09-01,16.01,https://fred.stlouisfed.org/graph/fredgraph.csv?id=GVZCLS,2026-10-08
gold_vol,2016-09-01,2016-09-02,16.25,https://fred.stlouisfed.org/graph/fredgraph.csv?id=GVZCLS,2026-10-08
gold_vol,2016-09-02,2016-09-03,14.58,https://fred.stlouisfed.org/graph/fredgraph.csv?id=GVZCLS,2026-10-08
gold_vol,2016-09-06,2016-09-07,15.6,https://fred.stlouisfed.org/graph/fredgraph.csv?id=GVZCLS,2026-10-08
gold_vol,2016-09-07,2016-09-08,15.0,https://fred.stlouisfed.org/graph/fredgraph.csv?id=GVZCLS,2026-10-08
gold_vol,2016-09-08,2016-09-09,14.97,https://fred.stlouisfed.org/graph/fredgraph.csv?id=GVZCLS,2026-10-08
gold_vol,2016-09-09,2016-09-10,15.49,https://fred.stlouisfed.org/graph/fredgraph.csv?id=GVZCLS,2026-10-08
gold_vol,2016-09-12,2016-09-13,15.2,https://fred.stlouisfed.org/graph/fredgraph.csv?id=GVZCLS,2026-10-08
gold_vol,2016-09-13,2016-09-14,15.78,https://fred.stlouisfed.org/graph/fredgraph.csv?id=GVZCLS,2026-10-08
gold_vol,2016-09-14,2016-09-15,15.32,https://fred.stlouisfed.org/graph/fredgraph.csv?id=GVZCLS,2026-10-08
gold_vol,2016-09-15,2016-09-16,15.07,https://fred.stlouisfed.org/graph/fredgraph.csv?id=GVZCLS,2026-10-08
gold_vol,2016-09-16,2016-09-17,14.78,https://fred.stlouisfed.org/graph/fredgraph.csv?id=GVZCLS,2026-10-08
gold_vol,2016-09-19,2016-09-20,15.68,https://fred.stlouisfed.org/graph/fredgraph.csv?id=GVZCLS,2026-10-08
gold_vol,2016-09-20,2016-09-21,15.69,https://fred.stlouisfed.org/graph/fredgraph.csv?id=GVZCLS,2026-10-08
gold_vol,2016-09-21,2016-09-22,14.69,https://fred.stlouisfed.org/graph/fredgraph.csv?id=GVZCLS,2026-10-08
gold_vol,2016-09-22,2016-09-23,13.73,https://fred.stlouisfed.org/graph/fredgraph.csv?id=GVZCLS,2026-10-08
gold_vol,2016-09-23,2016-09-24,13.93,https://fred.stlouisfed.org/graph/fredgraph.csv?id=GVZCLS,2026-10-08
gold_vol,2016-09-26,2016-09-27,14.98,https://fred.stlouisfed.org/graph/fredgraph.csv?id=GVZCLS,2026-10-08
gold_vol,2016-09-27,2016-09-28,14.53,https://fred.stlouisfed.org/graph/fredgraph.csv?id=GVZCLS,2026-10-08
gold_vol,2016-09-28,2016-09-29,13.98,https://fred.stlouisfed.org/graph/fredgraph.csv?id=GVZCLS,2026-10-08
gold_vol,2016-09-29,2016-09-30,13.86,https://fred.stlouisfed.org/graph/fredgraph.csv?id=GVZCLS,2026-10-08
gold_vol,2016-09-30,2016-10-01,13.88,https://fred.stlouisfed.org/graph/fredgraph.csv?id=GVZCLS,2026-10-08
gold_vol,2016-10-03,2016-10-04,14.16,https://fred.stlouisfed.org/graph/fredgraph.csv?id=GVZCLS,2026-10-08
gold_vol,2016-10-04,2016-10-05,15.8,https://fred.stlouisfed.org/graph/fredgraph.csv?id=GVZCLS,2026-10-08
gold_vol,2016-10-05,2016-10-06,15.21,https://fred.stlouisfed.org/graph/fredgraph.csv?id=GVZCLS,2026-10-08
gold_vol,2016-10-06,2016-10-07,16.05,https://fred.stlouisfed.org/graph/fredgraph.csv?id=GVZCLS,2026-10-08
gold_vol,2016-10-07,2016-10-08,15.72,https://fred.stlouisfed.org/graph/fredgraph.csv?id=GVZCLS,2026-10-08
gold_vol,2016-10-10,2016-10-11,15.6,https://fred.stlouisfed.org/graph/fredgraph.csv?id=GVZCLS,2026-10-08
gold_vol,2016-10-11,2016-10-12,15.63,https://fred.stlouisfed.org/graph/fredgraph.csv?id=GVZCLS,2026-10-08
gold_vol,2016-10-12,2016-10-13,15.61,https://fred.stlouisfed.org/graph/fredgraph.csv?id=GVZCLS,2026-10-08
gold_vol,2016-10-13,2016-10-14,15.63,https://fred.stlouisfed.org/graph/fredgraph.csv?id=GVZCLS,2026-10-08
gold_vol,2016-10-14,2016-10-15,15.14,https://fred.stlouisfed.org/graph/fredgraph.csv?id=GVZCLS,2026-10-08
gold_vol,2016-10-17,2016-10-18,15.23,https://fred.stlouisfed.org/graph/fredgraph.csv?id=GVZCLS,2026-10-08
gold_vol,2016-10-18,2016-10-19,14.73,https://fred.stlouisfed.org/graph/fredgraph.csv?id=GVZCLS,2026-10-08
gold_vol,2016-10-19,2016-10-20,14.59,https://fred.stlouisfed.org/graph/fredgraph.csv?id=GVZCLS,2026-10-08
gold_vol,2016-10-20,2016-10-21,14.68,https://fred.stlouisfed.org/graph/fredgraph.csv?id=GVZCLS,2026-10-08
gold_vol,2016-10-21,2016-10-22,14.55,https://fred.stlouisfed.org/graph/fredgraph.csv?id=GVZCLS,2026-10-08
gold_vol,2016-10-24,2016-10-25,14.95,https://fred.stlouisfed.org/graph/fredgraph.csv?id=GVZCLS,2026-10-08
gold_vol,2016-10-25,2016-10-26,14.55,https://fred.stlouisfed.org/graph/fredgraph.csv?id=GVZCLS,2026-10-08
gold_vol,2016-10-26,2016-10-27,14.48,https://fred.stlouisfed.org/graph/fredgraph.csv?id=GVZCLS,2026-10-08
gold_vol,2016-10-27,2016-10-28,15.0,https://fred.stlouisfed.org/graph/fredgraph.csv?id=GVZCLS,2026-10-08
gold_vol,2016-10-28,2016-10-29,16.62,https://fred.stlouisfed.org/graph/fredgraph.csv?id=GVZCLS,2026-10-08
gold_vol,2016-10-31,2016-11-01,18.13,https://fred.stlouisfed.org/graph/fredgraph.csv?id=GVZCLS,2026-10-08
gold_vol,2016-11-01,2016-11-02,19.02,https://fred.stlouisfed.org/graph/fredgraph.csv?id=GVZCLS,2026-10-08
gold_vol,2016-11-02,2016-11-03,19.32,https://fred.stlouisfed.org/graph/fredgraph.csv?id=GVZCLS,2026-10-08
gold_vol,2016-11-03,2016-11-04,19.98,https://fred.stlouisfed.org/graph/fredgraph.csv?id=GVZCLS,2026-10-08
gold_vol,2016-11-04,2016-11-05,20.22,https://fred.stlouisfed.org/graph/fredgraph.csv?id=GVZCLS,2026-10-08
gold_vol,2016-11-07,2016-11-08,18.53,https://fred.stlouisfed.org/graph/fredgraph.csv?id=GVZCLS,2026-10-08
gold_vol,2016-11-08,2016-11-09,17.93,https://fred.stlouisfed.org/graph/fredgraph.csv?id=GVZCLS,2026-10-08
gold_vol,2016-11-09,2016-11-10,16.68,https://fred.stlouisfed.org/graph/fredgraph.csv?id=GVZCLS,2026-10-08
gold_vol,2016-11-10,2016-11-11,18.52,https://fred.stlouisfed.org/graph/fredgraph.csv?id=GVZCLS,2026-10-08
gold_vol,2016-11-11,2016-11-12,23.25,https://fred.stlouisfed.org/graph/fredgraph.csv?id=GVZCLS,2026-10-08
gold_vol,2016-11-14,2016-11-15,20.5,https://fred.stlouisfed.org/graph/fredgraph.csv?id=GVZCLS,2026-10-08
gold_vol,2016-11-15,2016-11-16,16.42,https://fred.stlouisfed.org/graph/fredgraph.csv?id=GVZCLS,2026-10-08
gold_vol,2016-11-16,2016-11-17,15.77,https://fred.stlouisfed.org/graph/fredgraph.csv?id=GVZCLS,2026-10-08
gold_vol,2016-11-17,2016-11-18,17.5,https://fred.stlouisfed.org/graph/fredgraph.csv?id=GVZCLS,2026-10-08
gold_vol,2016-11-18,2016-11-19,17.03,https://fred.stlouisfed.org/graph/fredgraph.csv?id=GVZCLS,2026-10-08
gold_vol,2016-11-21,2016-11-22,15.86,https://fred.stlouisfed.org/graph/fredgraph.csv?id=GVZCLS,2026-10-08
gold_vol,2016-11-22,2016-11-23,15.43,https://fred.stlouisfed.org/graph/fredgraph.csv?id=GVZCLS,2026-10-08
gold_vol,2016-11-23,2016-11-24,18.53,https://fred.stlouisfed.org/graph/fredgraph.csv?id=GVZCLS,2026-10-08
gold_vol,2016-11-25,2016-11-26,18.47,https://fred.stlouisfed.org/graph/fredgraph.csv?id=GVZCLS,2026-10-08
gold_vol,2016-11-28,2016-11-29,17.39,https://fred.stlouisfed.org/graph/fredgraph.csv?id=GVZCLS,2026-10-08
gold_vol,2016-11-29,2016-11-30,17.28,https://fred.stlouisfed.org/graph/fredgraph.csv?id=GVZCLS,2026-10-08
gold_vol,2016-11-30,2016-12-01,19.18,https://fred.stlouisfed.org/graph/fredgraph.csv?id=GVZCLS,2026-10-08
gold_vol,2016-12-01,2016-12-02,19.39,https://fred.stlouisfed.org/graph/fredgraph.csv?id=GVZCLS,2026-10-08
gold_vol,2016-12-02,2016-12-03,18.44,https://fred.stlouisfed.org/graph/fredgraph.csv?id=GVZCLS,2026-10-08
gold_vol,2016-12-05,2016-12-06,17.56,https://fred.stlouisfed.org/graph/fredgraph.csv?id=GVZCLS,2026-10-08
gold_vol,2016-12-06,2016-12-07,17.06,https://fred.stlouisfed.org/graph/fredgraph.csv?id=GVZCLS,2026-10-08
gold_vol,2016-12-07,2016-12-08,16.87,https://fred.stlouisfed.org/graph/fredgraph.csv?id=GVZCLS,2026-10-08
gold_vol,2016-12-08,2016-12-09,16.48,https://fred.stlouisfed.org/graph/fredgraph.csv?id=GVZCLS,2026-10-08
gold_vol,2016-12-09,2016-12-10,18.66,https://fred.stlouisfed.org/graph/fredgraph.csv?id=GVZCLS,2026-10-08
gold_vol,2016-12-12,2016-12-13,16.97,https://fred.stlouisfed.org/graph/fredgraph.csv?id=GVZCLS,2026-10-08
gold_vol,2016-12-13,2016-12-14,16.17,https://fred.stlouisfed.org/graph/fredgraph.csv?id=GVZCLS,2026-10-08
gold_vol,2016-12-14,2016-12-15,18.21,https://fred.stlouisfed.org/graph/fredgraph.csv?id=GVZCLS,2026-10-08
gold_vol,2016-12-15,2016-12-16,17.89,https://fred.stlouisfed.org/graph/fredgraph.csv?id=GVZCLS,2026-10-08
gold_vol,2016-12-16,2016-12-17,17.55,https://fred.stlouisfed.org/graph/fredgraph.csv?id=GVZCLS,2026-10-08
gold_vol,2016-12-19,2016-12-20,16.05,https://fred.stlouisfed.org/graph/fredgraph.csv?id=GVZCLS,2026-10-08
gold_vol,2016-12-20,2016-12-21,16.69,https://fred.stlouisfed.org/graph/fredgraph.csv?id=GVZCLS,2026-10-08
gold_vol,2016-12-21,2016-12-22,15.82,https://fred.stlouisfed.org/graph/fredgraph.csv?id=GVZCLS,2026-10-08
gold_vol,2016-12-22,2016-12-23,15.28,https://fred.stlouisfed.org/graph/fredgraph.csv?id=GVZCLS,2026-10-08
gold_vol,2016-12-23,2016-12-24,16.36,https://fred.stlouisfed.org/graph/fredgraph.csv?id=GVZCLS,2026-10-08
gold_vol,2016-12-27,2016-12-28,16.68,https://fred.stlouisfed.org/graph/fredgraph.csv?id=GVZCLS,2026-10-08
gold_vol,2016-12-28,2016-12-29,16.04,https://fred.stlouisfed.org/graph/fredgraph.csv?id=GVZCLS,2026-10-08
gold_vol,2016-12-29,2016-12-30,15.68,https://fred.stlouisfed.org/graph/fredgraph.csv?id=GVZCLS,2026-10-08
gold_vol,2016-12-30,2016-12-31,16.23,https://fred.stlouisfed.org/graph/fredgraph.csv?id=GVZCLS,2026-10-08
gold_vol,2017-01-03,2017-01-04,16.26,https://fred.stlouisfed.org/graph/fredgraph.csv?id=GVZCLS,2026-10-08
gold_vol,2017-01-04,2017-01-05,15.16,https://fred.stlouisfed.org/graph/fredgraph.csv?id=GVZCLS,2026-10-08
gold_vol,2017-01-05,2017-01-06,14.98,https://fred.stlouisfed.org/graph/fredgraph.csv?id=GVZCLS,2026-10-08
gold_vol,2017-01-06,2017-01-07,14.55,https://fred.stlouisfed.org/graph/fredgraph.csv?id=GVZCLS,2026-10-08
gold_vol,2017-01-09,2017-01-10,14.38,https://fred.stlouisfed.org/graph/fredgraph.csv?id=GVZCLS,2026-10-08
gold_vol,2017-01-10,2017-01-11,14.32,https://fred.stlouisfed.org/graph/fredgraph.csv?id=GVZCLS,2026-10-08
gold_vol,2017-01-11,2017-01-12,14.96,https://fred.stlouisfed.org/graph/fredgraph.csv?id=GVZCLS,2026-10-08
gold_vol,2017-01-12,2017-01-13,14.6,https://fred.stlouisfed.org/graph/fredgraph.csv?id=GVZCLS,2026-10-08
gold_vol,2017-01-13,2017-01-14,14.63,https://fred.stlouisfed.org/graph/fredgraph.csv?id=GVZCLS,2026-10-08
gold_vol,2017-01-17,2017-01-18,15.67,https://fred.stlouisfed.org/graph/fredgraph.csv?id=GVZCLS,2026-10-08
gold_vol,2017-01-18,2017-01-19,15.25,https://fred.stlouisfed.org/graph/fredgraph.csv?id=GVZCLS,2026-10-08
gold_vol,2017-01-19,2017-01-20,15.11,https://fred.stlouisfed.org/graph/fredgraph.csv?id=GVZCLS,2026-10-08
gold_vol,2017-01-20,2017-01-21,14.38,https://fred.stlouisfed.org/graph/fredgraph.csv?id=GVZCLS,2026-10-08
gold_vol,2017-01-23,2017-01-24,15.15,https://fred.stlouisfed.org/graph/fredgraph.csv?id=GVZCLS,2026-10-08
gold_vol,2017-01-24,2017-01-25,14.65,https://fred.stlouisfed.org/graph/fredgraph.csv?id=GVZCLS,2026-10-08
gold_vol,2017-01-25,2017-01-26,14.47,https://fred.stlouisfed.org/graph/fredgraph.csv?id=GVZCLS,2026-10-08
gold_vol,2017-01-26,2017-01-27,14.74,https://fred.stlouisfed.org/graph/fredgraph.csv?id=GVZCLS,2026-10-08
gold_vol,2017-01-27,2017-01-28,14.34,https://fred.stlouisfed.org/graph/fredgraph.csv?id=GVZCLS,2026-10-08
gold_vol,2017-01-30,2017-01-31,15.19,https://fred.stlouisfed.org/graph/fredgraph.csv?id=GVZCLS,2026-10-08
gold_vol,2017-01-31,2017-02-01,15.27,https://fred.stlouisfed.org/graph/fredgraph.csv?id=GVZCLS,2026-10-08
gold_vol,2017-02-01,2017-02-02,14.8,https://fred.stlouisfed.org/graph/fredgraph.csv?id=GVZCLS,2026-10-08
gold_vol,2017-02-02,2017-02-03,15.04,https://fred.stlouisfed.org/graph/fredgraph.csv?id=GVZCLS,2026-10-08
gold_vol,2017-02-03,2017-02-04,15.04,https://fred.stlouisfed.org/graph/fredgraph.csv?id=GVZCLS,2026-10-08
gold_vol,2017-02-06,2017-02-07,15.74,https://fred.stlouisfed.org/graph/fredgraph.csv?id=GVZCLS,2026-10-08
gold_vol,2017-02-07,2017-02-08,15.26,https://fred.stlouisfed.org/graph/fredgraph.csv?id=GVZCLS,2026-10-08
gold_vol,2017-02-08,2017-02-09,15.2,https://fred.stlouisfed.org/graph/fredgraph.csv?id=GVZCLS,2026-10-08
gold_vol,2017-02-09,2017-02-10,14.88,https://fred.stlouisfed.org/graph/fredgraph.csv?id=GVZCLS,2026-10-08
gold_vol,2017-02-10,2017-02-11,14.88,https://fred.stlouisfed.org/graph/fredgraph.csv?id=GVZCLS,2026-10-08
gold_vol,2017-02-13,2017-02-14,14.61,https://fred.stlouisfed.org/graph/fredgraph.csv?id=GVZCLS,2026-10-08
gold_vol,2017-02-14,2017-02-15,14.21,https://fred.stlouisfed.org/graph/fredgraph.csv?id=GVZCLS,2026-10-08
gold_vol,2017-02-15,2017-02-16,13.71,https://fred.stlouisfed.org/graph/fredgraph.csv?id=GVZCLS,2026-10-08
gold_vol,2017-02-16,2017-02-17,13.75,https://fred.stlouisfed.org/graph/fredgraph.csv?id=GVZCLS,2026-10-08
gold_vol,2017-02-17,2017-02-18,13.27,https://fred.stlouisfed.org/graph/fredgraph.csv?id=GVZCLS,2026-10-08
gold_vol,2017-02-21,2017-02-22,13.72,https://fred.stlouisfed.org/graph/fredgraph.csv?id=GVZCLS,2026-10-08
gold_vol,2017-02-22,2017-02-23,13.26,https://fred.stlouisfed.org/graph/fredgraph.csv?id=GVZCLS,2026-10-08
gold_vol,2017-02-23,2017-02-24,13.68,https://fred.stlouisfed.org/graph/fredgraph.csv?id=GVZCLS,2026-10-08
gold_vol,2017-02-24,2017-02-25,13.54,https://fred.stlouisfed.org/graph/fredgraph.csv?id=GVZCLS,2026-10-08
gold_vol,2017-02-27,2017-02-28,14.44,https://fred.stlouisfed.org/graph/fredgraph.csv?id=GVZCLS,2026-10-08
gold_vol,2017-02-28,2017-03-01,14.3,https://fred.stlouisfed.org/graph/fredgraph.csv?id=GVZCLS,2026-10-08
gold_vol,2017-03-01,2017-03-02,14.41,https://fred.stlouisfed.org/graph/fredgraph.csv?id=GVZCLS,2026-10-08
gold_vol,2017-03-02,2017-03-03,13.89,https://fred.stlouisfed.org/graph/fredgraph.csv?id=GVZCLS,2026-10-08
gold_vol,2017-03-03,2017-03-04,13.66,https://fred.stlouisfed.org/graph/fredgraph.csv?id=GVZCLS,2026-10-08
gold_vol,2017-03-06,2017-03-07,13.24,https://fred.stlouisfed.org/graph/fredgraph.csv?id=GVZCLS,2026-10-08
gold_vol,2017-03-07,2017-03-08,13.22,https://fred.stlouisfed.org/graph/fredgraph.csv?id=GVZCLS,2026-10-08
gold_vol,2017-03-08,2017-03-09,13.58,https://fred.stlouisfed.org/graph/fredgraph.csv?id=GVZCLS,2026-10-08
gold_vol,2017-03-09,2017-03-10,13.62,https://fred.stlouisfed.org/graph/fredgraph.csv?id=GVZCLS,2026-10-08
gold_vol,2017-03-10,2017-03-11,13.03,https://fred.stlouisfed.org/graph/fredgraph.csv?id=GVZCLS,2026-10-08
gold_vol,2017-03-13,2017-03-14,11.27,https://fred.stlouisfed.org/graph/fredgraph.csv?id=GVZCLS,2026-10-08
gold_vol,2017-03-14,2017-03-15,11.57,https://fred.stlouisfed.org/graph/fredgraph.csv?id=GVZCLS,2026-10-08
gold_vol,2017-03-15,2017-03-16,11.23,https://fred.stlouisfed.org/graph/fredgraph.csv?id=GVZCLS,2026-10-08
gold_vol,2017-03-16,2017-03-17,11.12,https://fred.stlouisfed.org/graph/fredgraph.csv?id=GVZCLS,2026-10-08
gold_vol,2017-03-17,2017-03-18,10.8,https://fred.stlouisfed.org/graph/fredgraph.csv?id=GVZCLS,2026-10-08
gold_vol,2017-03-20,2017-03-21,11.35,https://fred.stlouisfed.org/graph/fredgraph.csv?id=GVZCLS,2026-10-08
gold_vol,2017-03-21,2017-03-22,12.13,https://fred.stlouisfed.org/graph/fredgraph.csv?id=GVZCLS,2026-10-08
gold_vol,2017-03-22,2017-03-23,12.28,https://fred.stlouisfed.org/graph/fredgraph.csv?id=GVZCLS,2026-10-08
gold_vol,2017-03-23,2017-03-24,12.58,https://fred.stlouisfed.org/graph/fredgraph.csv?id=GVZCLS,2026-10-08
gold_vol,2017-03-24,2017-03-25,12.06,https://fred.stlouisfed.org/graph/fredgraph.csv?id=GVZCLS,2026-10-08
gold_vol,2017-03-27,2017-03-28,12.51,https://fred.stlouisfed.org/graph/fredgraph.csv?id=GVZCLS,2026-10-08
gold_vol,2017-03-28,2017-03-29,12.35,https://fred.stlouisfed.org/graph/fredgraph.csv?id=GVZCLS,2026-10-08
gold_vol,2017-03-29,2017-03-30,11.65,https://fred.stlouisfed.org/graph/fredgraph.csv?id=GVZCLS,2026-10-08
gold_vol,2017-03-30,2017-03-31,12.09,https://fred.stlouisfed.org/graph/fredgraph.csv?id=GVZCLS,2026-10-08
gold_vol,2017-03-31,2017-04-01,12.41,https://fred.stlouisfed.org/graph/fredgraph.csv?id=GVZCLS,2026-10-08
gold_vol,2017-04-03,2017-04-04,12.61,https://fred.stlouisfed.org/graph/fredgraph.csv?id=GVZCLS,2026-10-08
gold_vol,2017-04-04,2017-04-05,12.41,https://fred.stlouisfed.org/graph/fredgraph.csv?id=GVZCLS,2026-10-08
gold_vol,2017-04-05,2017-04-06,13.23,https://fred.stlouisfed.org/graph/fredgraph.csv?id=GVZCLS,2026-10-08
gold_vol,2017-04-06,2017-04-07,12.85,https://fred.stlouisfed.org/graph/fredgraph.csv?id=GVZCLS,2026-10-08
gold_vol,2017-04-07,2017-04-08,13.45,https://fred.stlouisfed.org/graph/fredgraph.csv?id=GVZCLS,2026-10-08
gold_vol,2017-04-10,2017-04-11,13.75,https://fred.stlouisfed.org/graph/fredgraph.csv?id=GVZCLS,2026-10-08
gold_vol,2017-04-11,2017-04-12,15.2,https://fred.stlouisfed.org/graph/fredgraph.csv?id=GVZCLS,2026-10-08
gold_vol,2017-04-12,2017-04-13,16.08,https://fred.stlouisfed.org/graph/fredgraph.csv?id=GVZCLS,2026-10-08
gold_vol,2017-04-13,2017-04-14,16.2,https://fred.stlouisfed.org/graph/fredgraph.csv?id=GVZCLS,2026-10-08
gold_vol,2017-04-17,2017-04-18,16.2,https://fred.stlouisfed.org/graph/fredgraph.csv?id=GVZCLS,2026-10-08
gold_vol,2017-04-18,2017-04-19,15.67,https://fred.stlouisfed.org/graph/fredgraph.csv?id=GVZCLS,2026-10-08
gold_vol,2017-04-19,2017-04-20,14.5,https://fred.stlouisfed.org/graph/fredgraph.csv?id=GVZCLS,2026-10-08
gold_vol,2017-04-20,2017-04-21,14.54,https://fred.stlouisfed.org/graph/fredgraph.csv?id=GVZCLS,2026-10-08
gold_vol,2017-04-21,2017-04-22,15.31,https://fred.stlouisfed.org/graph/fredgraph.csv?id=GVZCLS,2026-10-08
gold_vol,2017-04-24,2017-04-25,12.29,https://fred.stlouisfed.org/graph/fredgraph.csv?id=GVZCLS,2026-10-08
gold_vol,2017-04-25,2017-04-26,12.45,https://fred.stlouisfed.org/graph/fredgraph.csv?id=GVZCLS,2026-10-08
gold_vol,2017-04-26,2017-04-27,12.02,https://fred.stlouisfed.org/graph/fredgraph.csv?id=GVZCLS,2026-10-08
gold_vol,2017-04-27,2017-04-28,11.53,https://fred.stlouisfed.org/graph/fredgraph.csv?id=GVZCLS,2026-10-08
gold_vol,2017-04-28,2017-04-29,11.6,https://fred.stlouisfed.org/graph/fredgraph.csv?id=GVZCLS,2026-10-08
gold_vol,2017-05-01,2017-05-02,12.35,https://fred.stlouisfed.org/graph/fredgraph.csv?id=GVZCLS,2026-10-08
gold_vol,2017-05-02,2017-05-03,12.38,https://fred.stlouisfed.org/graph/fredgraph.csv?id=GVZCLS,2026-10-08
gold_vol,2017-05-03,2017-05-04,12.54,https://fred.stlouisfed.org/graph/fredgraph.csv?id=GVZCLS,2026-10-08
gold_vol,2017-05-04,2017-05-05,12.41,https://fred.stlouisfed.org/graph/fredgraph.csv?id=GVZCLS,2026-10-08
gold_vol,2017-05-05,2017-05-06,12.01,https://fred.stlouisfed.org/graph/fredgraph.csv?id=GVZCLS,2026-10-08
gold_vol,2017-05-08,2017-05-09,11.95,https://fred.stlouisfed.org/graph/fredgraph.csv?id=GVZCLS,2026-10-08
gold_vol,2017-05-09,2017-05-10,12.1,https://fred.stlouisfed.org/graph/fredgraph.csv?id=GVZCLS,2026-10-08
gold_vol,2017-05-10,2017-05-11,11.2,https://fred.stlouisfed.org/graph/fredgraph.csv?id=GVZCLS,2026-10-08
gold_vol,2017-05-11,2017-05-12,11.24,https://fred.stlouisfed.org/graph/fredgraph.csv?id=GVZCLS,2026-10-08
gold_vol,2017-05-12,2017-05-13,11.13,https://fred.stlouisfed.org/graph/fredgraph.csv?id=GVZCLS,2026-10-08
gold_vol,2017-05-15,2017-05-16,11.28,https://fred.stlouisfed.org/graph/fredgraph.csv?id=GVZCLS,2026-10-08
gold_vol,2017-05-16,2017-05-17,11.19,https://fred.stlouisfed.org/graph/fredgraph.csv?id=GVZCLS,2026-10-08
gold_vol,2017-05-17,2017-05-18,13.03,https://fred.stlouisfed.org/graph/fredgraph.csv?id=GVZCLS,2026-10-08
gold_vol,2017-05-18,2017-05-19,12.95,https://fred.stlouisfed.org/graph/fredgraph.csv?id=GVZCLS,2026-10-08
gold_vol,2017-05-19,2017-05-20,12.04,https://fred.stlouisfed.org/graph/fredgraph.csv?id=GVZCLS,2026-10-08
gold_vol,2017-05-22,2017-05-23,12.32,https://fred.stlouisfed.org/graph/fredgraph.csv?id=GVZCLS,2026-10-08
gold_vol,2017-05-23,2017-05-24,11.89,https://fred.stlouisfed.org/graph/fredgraph.csv?id=GVZCLS,2026-10-08
gold_vol,2017-05-24,2017-05-25,11.75,https://fred.stlouisfed.org/graph/fredgraph.csv?id=GVZCLS,2026-10-08
gold_vol,2017-05-25,2017-05-26,11.2,https://fred.stlouisfed.org/graph/fredgraph.csv?id=GVZCLS,2026-10-08
gold_vol,2017-05-26,2017-05-27,11.59,https://fred.stlouisfed.org/graph/fredgraph.csv?id=GVZCLS,2026-10-08
gold_vol,2017-05-30,2017-05-31,11.62,https://fred.stlouisfed.org/graph/fredgraph.csv?id=GVZCLS,2026-10-08
gold_vol,2017-05-31,2017-06-01,11.82,https://fred.stlouisfed.org/graph/fredgraph.csv?id=GVZCLS,2026-10-08
gold_vol,2017-06-01,2017-06-02,11.81,https://fred.stlouisfed.org/graph/fredgraph.csv?id=GVZCLS,2026-10-08
gold_vol,2017-06-02,2017-06-03,12.09,https://fred.stlouisfed.org/graph/fredgraph.csv?id=GVZCLS,2026-10-08
gold_vol,2017-06-05,2017-06-06,12.44,https://fred.stlouisfed.org/graph/fredgraph.csv?id=GVZCLS,2026-10-08
gold_vol,2017-06-06,2017-06-07,13.23,https://fred.stlouisfed.org/graph/fredgraph.csv?id=GVZCLS,2026-10-08
gold_vol,2017-06-07,2017-06-08,13.16,https://fred.stlouisfed.org/graph/fredgraph.csv?id=GVZCLS,2026-10-08
gold_vol,2017-06-08,2017-06-09,12.62,https://fred.stlouisfed.org/graph/fredgraph.csv?id=GVZCLS,2026-10-08
gold_vol,2017-06-09,2017-06-10,12.5,https://fred.stlouisfed.org/graph/fredgraph.csv?id=GVZCLS,2026-10-08
gold_vol,2017-06-12,2017-06-13,12.41,https://fred.stlouisfed.org/graph/fredgraph.csv?id=GVZCLS,2026-10-08
gold_vol,2017-06-13,2017-06-14,12.16,https://fred.stlouisfed.org/graph/fredgraph.csv?id=GVZCLS,2026-10-08
gold_vol,2017-06-14,2017-06-15,11.5,https://fred.stlouisfed.org/graph/fredgraph.csv?id=GVZCLS,2026-10-08
gold_vol,2017-06-15,2017-06-16,11.03,https://fred.stlouisfed.org/graph/fredgraph.csv?id=GVZCLS,2026-10-08
gold_vol,2017-06-16,2017-06-17,10.16,https://fred.stlouisfed.org/graph/fredgraph.csv?id=GVZCLS,2026-10-08
gold_vol,2017-06-19,2017-06-20,10.69,https://fred.stlouisfed.org/graph/fredgraph.csv?id=GVZCLS,2026-10-08
gold_vol,2017-06-20,2017-06-21,11.14,https://fred.stlouisfed.org/graph/fredgraph.csv?id=GVZCLS,2026-10-08
gold_vol,2017-06-21,2017-06-22,11.25,https://fred.stlouisfed.org/graph/fredgraph.csv?id=GVZCLS,2026-10-08
gold_vol,2017-06-22,2017-06-23,11.24,https://fred.stlouisfed.org/graph/fredgraph.csv?id=GVZCLS,2026-10-08
gold_vol,2017-06-23,2017-06-24,10.86,https://fred.stlouisfed.org/graph/fredgraph.csv?id=GVZCLS,2026-10-08
gold_vol,2017-06-26,2017-06-27,11.05,https://fred.stlouisfed.org/graph/fredgraph.csv?id=GVZCLS,2026-10-08
gold_vol,2017-06-27,2017-06-28,11.96,https://fred.stlouisfed.org/graph/fredgraph.csv?id=GVZCLS,2026-10-08
gold_vol,2017-06-28,2017-06-29,11.38,https://fred.stlouisfed.org/graph/fredgraph.csv?id=GVZCLS,2026-10-08
gold_vol,2017-06-29,2017-06-30,11.21,https://fred.stlouisfed.org/graph/fredgraph.csv?id=GVZCLS,2026-10-08
gold_vol,2017-06-30,2017-07-01,11.0,https://fred.stlouisfed.org/graph/fredgraph.csv?id=GVZCLS,2026-10-08
gold_vol,2017-07-03,2017-07-04,11.93,https://fred.stlouisfed.org/graph/fredgraph.csv?id=GVZCLS,2026-10-08
gold_vol,2017-07-05,2017-07-06,11.88,https://fred.stlouisfed.org/graph/fredgraph.csv?id=GVZCLS,2026-10-08
gold_vol,2017-07-06,2017-07-07,11.72,https://fred.stlouisfed.org/graph/fredgraph.csv?id=GVZCLS,2026-10-08
gold_vol,2017-07-07,2017-07-08,12.54,https://fred.stlouisfed.org/graph/fredgraph.csv?id=GVZCLS,2026-10-08
gold_vol,2017-07-10,2017-07-11,12.22,https://fred.stlouisfed.org/graph/fredgraph.csv?id=GVZCLS,2026-10-08
gold_vol,2017-07-11,2017-07-12,12.3,https://fred.stlouisfed.org/graph/fredgraph.csv?id=GVZCLS,2026-10-08
gold_vol,2017-07-12,2017-07-13,11.56,https://fred.stlouisfed.org/graph/fredgraph.csv?id=GVZCLS,2026-10-08
gold_vol,2017-07-13,2017-07-14,11.29,https://fred.stlouisfed.org/graph/fredgraph.csv?id=GVZCLS,2026-10-08
gold_vol,2017-07-14,2017-07-15,11.11,https://fred.stlouisfed.org/graph/fredgraph.csv?id=GVZCLS,2026-10-08
gold_vol,2017-07-17,2017-07-18,11.08,https://fred.stlouisfed.org/graph/fredgraph.csv?id=GVZCLS,2026-10-08
gold_vol,2017-07-18,2017-07-19,11.14,https://fred.stlouisfed.org/graph/fredgraph.csv?id=GVZCLS,2026-10-08
gold_vol,2017-07-19,2017-07-20,11.08,https://fred.stlouisfed.org/graph/fredgraph.csv?id=GVZCLS,2026-10-08
gold_vol,2017-07-20,2017-07-21,10.85,https://fred.stlouisfed.org/graph/fredgraph.csv?id=GVZCLS,2026-10-08
gold_vol,2017-07-21,2017-07-22,11.22,https://fred.stlouisfed.org/graph/fredgraph.csv?id=GVZCLS,2026-10-08
gold_vol,2017-07-24,2017-07-25,11.8,https://fred.stlouisfed.org/graph/fredgraph.csv?id=GVZCLS,2026-10-08
gold_vol,2017-07-25,2017-07-26,12.07,https://fred.stlouisfed.org/graph/fredgraph.csv?id=GVZCLS,2026-10-08
gold_vol,2017-07-26,2017-07-27,11.63,https://fred.stlouisfed.org/graph/fredgraph.csv?id=GVZCLS,2026-10-08
gold_vol,2017-07-27,2017-07-28,11.24,https://fred.stlouisfed.org/graph/fredgraph.csv?id=GVZCLS,2026-10-08
gold_vol,2017-07-28,2017-07-29,11.44,https://fred.stlouisfed.org/graph/fredgraph.csv?id=GVZCLS,2026-10-08
gold_vol,2017-07-31,2017-08-01,11.61,https://fred.stlouisfed.org/graph/fredgraph.csv?id=GVZCLS,2026-10-08
gold_vol,2017-08-01,2017-08-02,11.28,https://fred.stlouisfed.org/graph/fredgraph.csv?id=GVZCLS,2026-10-08
gold_vol,2017-08-02,2017-08-03,11.24,https://fred.stlouisfed.org/graph/fredgraph.csv?id=GVZCLS,2026-10-08
gold_vol,2017-08-03,2017-08-04,11.31,https://fred.stlouisfed.org/graph/fredgraph.csv?id=GVZCLS,2026-10-08
gold_vol,2017-08-04,2017-08-05,10.87,https://fred.stlouisfed.org/graph/fredgraph.csv?id=GVZCLS,2026-10-08
gold_vol,2017-08-07,2017-08-08,10.73,https://fred.stlouisfed.org/graph/fredgraph.csv?id=GVZCLS,2026-10-08
gold_vol,2017-08-08,2017-08-09,11.1,https://fred.stlouisfed.org/graph/fredgraph.csv?id=GVZCLS,2026-10-08
gold_vol,2017-08-09,2017-08-10,12.31,https://fred.stlouisfed.org/graph/fredgraph.csv?id=GVZCLS,2026-10-08
gold_vol,2017-08-10,2017-08-11,13.43,https://fred.stlouisfed.org/graph/fredgraph.csv?id=GVZCLS,2026-10-08
gold_vol,2017-08-11,2017-08-12,13.45,https://fred.stlouisfed.org/graph/fredgraph.csv?id=GVZCLS,2026-10-08
gold_vol,2017-08-14,2017-08-15,12.11,https://fred.stlouisfed.org/graph/fredgraph.csv?id=GVZCLS,2026-10-08
gold_vol,2017-08-15,2017-08-16,12.2,https://fred.stlouisfed.org/graph/fredgraph.csv?id=GVZCLS,2026-10-08
gold_vol,2017-08-16,2017-08-17,12.58,https://fred.stlouisfed.org/graph/fredgraph.csv?id=GVZCLS,2026-10-08
gold_vol,2017-08-17,2017-08-18,13.34,https://fred.stlouisfed.org/graph/fredgraph.csv?id=GVZCLS,2026-10-08
gold_vol,2017-08-18,2017-08-19,12.12,https://fred.stlouisfed.org/graph/fredgraph.csv?id=GVZCLS,2026-10-08
gold_vol,2017-08-21,2017-08-22,13.01,https://fred.stlouisfed.org/graph/fredgraph.csv?id=GVZCLS,2026-10-08
gold_vol,2017-08-22,2017-08-23,12.49,https://fred.stlouisfed.org/graph/fredgraph.csv?id=GVZCLS,2026-10-08
gold_vol,2017-08-23,2017-08-24,12.68,https://fred.stlouisfed.org/graph/fredgraph.csv?id=GVZCLS,2026-10-08
gold_vol,2017-08-24,2017-08-25,12.76,https://fred.stlouisfed.org/graph/fredgraph.csv?id=GVZCLS,2026-10-08
gold_vol,2017-08-25,2017-08-26,12.63,https://fred.stlouisfed.org/graph/fredgraph.csv?id=GVZCLS,2026-10-08
gold_vol,2017-08-28,2017-08-29,14.2,https://fred.stlouisfed.org/graph/fredgraph.csv?id=GVZCLS,2026-10-08
gold_vol,2017-08-29,2017-08-30,13.5,https://fred.stlouisfed.org/graph/fredgraph.csv?id=GVZCLS,2026-10-08
gold_vol,2017-08-30,2017-08-31,12.78,https://fred.stlouisfed.org/graph/fredgraph.csv?id=GVZCLS,2026-10-08
gold_vol,2017-08-31,2017-09-01,13.26,https://fred.stlouisfed.org/graph/fredgraph.csv?id=GVZCLS,2026-10-08
gold_vol,2017-09-01,2017-09-02,12.73,https://fred.stlouisfed.org/graph/fredgraph.csv?id=GVZCLS,2026-10-08
gold_vol,2017-09-05,2017-09-06,14.3,https://fred.stlouisfed.org/graph/fredgraph.csv?id=GVZCLS,2026-10-08
gold_vol,2017-09-06,2017-09-07,14.17,https://fred.stlouisfed.org/graph/fredgraph.csv?id=GVZCLS,2026-10-08
gold_vol,2017-09-07,2017-09-08,14.49,https://fred.stlouisfed.org/graph/fredgraph.csv?id=GVZCLS,2026-10-08
gold_vol,2017-09-08,2017-09-09,13.77,https://fred.stlouisfed.org/graph/fredgraph.csv?id=GVZCLS,2026-10-08
gold_vol,2017-09-11,2017-09-12,13.28,https://fred.stlouisfed.org/graph/fredgraph.csv?id=GVZCLS,2026-10-08
gold_vol,2017-09-12,2017-09-13,11.56,https://fred.stlouisfed.org/graph/fredgraph.csv?id=GVZCLS,2026-10-08
gold_vol,2017-09-13,2017-09-14,11.98,https://fred.stlouisfed.org/graph/fredgraph.csv?id=GVZCLS,2026-10-08
gold_vol,2017-09-14,2017-09-15,12.19,https://fred.stlouisfed.org/graph/fredgraph.csv?id=GVZCLS,2026-10-08
gold_vol,2017-09-15,2017-09-16,12.06,https://fred.stlouisfed.org/graph/fredgraph.csv?id=GVZCLS,2026-10-08
gold_vol,2017-09-18,2017-09-19,12.69,https://fred.stlouisfed.org/graph/fredgraph.csv?id=GVZCLS,2026-10-08
gold_vol,2017-09-19,2017-09-20,12.27,https://fred.stlouisfed.org/graph/fredgraph.csv?id=GVZCLS,2026-10-08
gold_vol,2017-09-20,2017-09-21,12.32,https://fred.stlouisfed.org/graph/fredgraph.csv?id=GVZCLS,2026-10-08
gold_vol,2017-09-21,2017-09-22,12.19,https://fred.stlouisfed.org/graph/fredgraph.csv?id=GVZCLS,2026-10-08
gold_vol,2017-09-22,2017-09-23,12.37,https://fred.stlouisfed.org/graph/fredgraph.csv?id=GVZCLS,2026-10-08
gold_vol,2017-09-25,2017-09-26,13.77,https://fred.stlouisfed.org/graph/fredgraph.csv?id=GVZCLS,2026-10-08
gold_vol,2017-09-26,2017-09-27,13.32,https://fred.stlouisfed.org/graph/fredgraph.csv?id=GVZCLS,2026-10-08
gold_vol,2017-09-27,2017-09-28,12.99,https://fred.stlouisfed.org/graph/fredgraph.csv?id=GVZCLS,2026-10-08
gold_vol,2017-09-28,2017-09-29,11.75,https://fred.stlouisfed.org/graph/fredgraph.csv?id=GVZCLS,2026-10-08
gold_vol,2017-09-29,2017-09-30,11.77,https://fred.stlouisfed.org/graph/fredgraph.csv?id=GVZCLS,2026-10-08
gold_vol,2017-10-02,2017-10-03,11.72,https://fred.stlouisfed.org/graph/fredgraph.csv?id=GVZCLS,2026-10-08
gold_vol,2017-10-03,2017-10-04,11.38,https://fred.stlouisfed.org/graph/fredgraph.csv?id=GVZCLS,2026-10-08
gold_vol,2017-10-04,2017-10-05,11.41,https://fred.stlouisfed.org/graph/fredgraph.csv?id=GVZCLS,2026-10-08
gold_vol,2017-10-05,2017-10-06,11.4,https://fred.stlouisfed.org/graph/fredgraph.csv?id=GVZCLS,2026-10-08
gold_vol,2017-10-06,2017-10-07,11.53,https://fred.stlouisfed.org/graph/fredgraph.csv?id=GVZCLS,2026-10-08
gold_vol,2017-10-09,2017-10-10,11.96,https://fred.stlouisfed.org/graph/fredgraph.csv?id=GVZCLS,2026-10-08
gold_vol,2017-10-10,2017-10-11,12.22,https://fred.stlouisfed.org/graph/fredgraph.csv?id=GVZCLS,2026-10-08
gold_vol,2017-10-11,2017-10-12,12.13,https://fred.stlouisfed.org/graph/fredgraph.csv?id=GVZCLS,2026-10-08
gold_vol,2017-10-12,2017-10-13,11.82,https://fred.stlouisfed.org/graph/fredgraph.csv?id=GVZCLS,2026-10-08
gold_vol,2017-10-13,2017-10-14,11.76,https://fred.stlouisfed.org/graph/fredgraph.csv?id=GVZCLS,2026-10-08
gold_vol,2017-10-16,2017-10-17,12.13,https://fred.stlouisfed.org/graph/fredgraph.csv?id=GVZCLS,2026-10-08
gold_vol,2017-10-17,2017-10-18,11.64,https://fred.stlouisfed.org/graph/fredgraph.csv?id=GVZCLS,2026-10-08
gold_vol,2017-10-18,2017-10-19,11.88,https://fred.stlouisfed.org/graph/fredgraph.csv?id=GVZCLS,2026-10-08
gold_vol,2017-10-19,2017-10-20,11.94,https://fred.stlouisfed.org/graph/fredgraph.csv?id=GVZCLS,2026-10-08
gold_vol,2017-10-20,2017-10-21,11.49,https://fred.stlouisfed.org/graph/fredgraph.csv?id=GVZCLS,2026-10-08
gold_vol,2017-10-23,2017-10-24,11.69,https://fred.stlouisfed.org/graph/fredgraph.csv?id=GVZCLS,2026-10-08
gold_vol,2017-10-24,2017-10-25,11.73,https://fred.stlouisfed.org/graph/fredgraph.csv?id=GVZCLS,2026-10-08
gold_vol,2017-10-25,2017-10-26,12.02,https://fred.stlouisfed.org/graph/fredgraph.csv?id=GVZCLS,2026-10-08
gold_vol,2017-10-26,2017-10-27,11.62,https://fred.stlouisfed.org/graph/fredgraph.csv?id=GVZCLS,2026-10-08
gold_vol,2017-10-27,2017-10-28,11.48,https://fred.stlouisfed.org/graph/fredgraph.csv?id=GVZCLS,2026-10-08
gold_vol,2017-10-30,2017-10-31,11.74,https://fred.stlouisfed.org/graph/fredgraph.csv?id=GVZCLS,2026-10-08
gold_vol,2017-10-31,2017-11-01,11.81,https://fred.stlouisfed.org/graph/fredgraph.csv?id=GVZCLS,2026-10-08
gold_vol,2017-11-01,2017-11-02,11.8,https://fred.stlouisfed.org/graph/fredgraph.csv?id=GVZCLS,2026-10-08
gold_vol,2017-11-02,2017-11-03,10.95,https://fred.stlouisfed.org/graph/fredgraph.csv?id=GVZCLS,2026-10-08
gold_vol,2017-11-03,2017-11-04,10.65,https://fred.stlouisfed.org/graph/fredgraph.csv?id=GVZCLS,2026-10-08
gold_vol,2017-11-06,2017-11-07,10.94,https://fred.stlouisfed.org/graph/fredgraph.csv?id=GVZCLS,2026-10-08
gold_vol,2017-11-07,2017-11-08,10.98,https://fred.stlouisfed.org/graph/fredgraph.csv?id=GVZCLS,2026-10-08
gold_vol,2017-11-08,2017-11-09,11.32,https://fred.stlouisfed.org/graph/fredgraph.csv?id=GVZCLS,2026-10-08
gold_vol,2017-11-09,2017-11-10,11.73,https://fred.stlouisfed.org/graph/fredgraph.csv?id=GVZCLS,2026-10-08
gold_vol,2017-11-10,2017-11-11,11.68,https://fred.stlouisfed.org/graph/fredgraph.csv?id=GVZCLS,2026-10-08
gold_vol,2017-11-13,2017-11-14,11.53,https://fred.stlouisfed.org/graph/fredgraph.csv?id=GVZCLS,2026-10-08
gold_vol,2017-11-14,2017-11-15,11.61,https://fred.stlouisfed.org/graph/fredgraph.csv?id=GVZCLS,2026-10-08
gold_vol,2017-11-15,2017-11-16,11.75,https://fred.stlouisfed.org/graph/fredgraph.csv?id=GVZCLS,2026-10-08
gold_vol,2017-11-16,2017-11-17,11.02,https://fred.stlouisfed.org/graph/fredgraph.csv?id=GVZCLS,2026-10-08
gold_vol,2017-11-17,2017-11-18,10.62,https://fred.stlouisfed.org/graph/fredgraph.csv?id=GVZCLS,2026-10-08
gold_vol,2017-11-20,2017-11-21,11.18,https://fred.stlouisfed.org/graph/fredgraph.csv?id=GVZCLS,2026-10-08
gold_vol,2017-11-21,2017-11-22,10.84,https://fred.stlouisfed.org/graph/fredgraph.csv?id=GVZCLS,2026-10-08
gold_vol,2017-11-22,2017-11-23,10.75,https://fred.stlouisfed.org/graph/fredgraph.csv?id=GVZCLS,2026-10-08
gold_vol,2017-11-24,2017-11-25,10.58,https://fred.stlouisfed.org/graph/fredgraph.csv?id=GVZCLS,2026-10-08
gold_vol,2017-11-27,2017-11-28,10.72,https://fred.stlouisfed.org/graph/fredgraph.csv?id=GVZCLS,2026-10-08
gold_vol,2017-11-28,2017-11-29,10.64,https://fred.stlouisfed.org/graph/fredgraph.csv?id=GVZCLS,2026-10-08
gold_vol,2017-11-29,2017-11-30,11.02,https://fred.stlouisfed.org/graph/fredgraph.csv?id=GVZCLS,2026-10-08
gold_vol,2017-11-30,2017-12-01,11.79,https://fred.stlouisfed.org/graph/fredgraph.csv?id=GVZCLS,2026-10-08
gold_vol,2017-12-01,2017-12-02,11.39,https://fred.stlouisfed.org/graph/fredgraph.csv?id=GVZCLS,2026-10-08
gold_vol,2017-12-04,2017-12-05,11.38,https://fred.stlouisfed.org/graph/fredgraph.csv?id=GVZCLS,2026-10-08
gold_vol,2017-12-05,2017-12-06,12.28,https://fred.stlouisfed.org/graph/fredgraph.csv?id=GVZCLS,2026-10-08
gold_vol,2017-12-06,2017-12-07,11.67,https://fred.stlouisfed.org/graph/fredgraph.csv?id=GVZCLS,2026-10-08
gold_vol,2017-12-07,2017-12-08,12.99,https://fred.stlouisfed.org/graph/fredgraph.csv?id=GVZCLS,2026-10-08
gold_vol,2017-12-08,2017-12-09,11.7,https://fred.stlouisfed.org/graph/fredgraph.csv?id=GVZCLS,2026-10-08
gold_vol,2017-12-11,2017-12-12,11.46,https://fred.stlouisfed.org/graph/fredgraph.csv?id=GVZCLS,2026-10-08
gold_vol,2017-12-12,2017-12-13,12.14,https://fred.stlouisfed.org/graph/fredgraph.csv?id=GVZCLS,2026-10-08
gold_vol,2017-12-13,2017-12-14,10.87,https://fred.stlouisfed.org/graph/fredgraph.csv?id=GVZCLS,2026-10-08
gold_vol,2017-12-14,2017-12-15,10.4,https://fred.stlouisfed.org/graph/fredgraph.csv?id=GVZCLS,2026-10-08
gold_vol,2017-12-15,2017-12-16,9.43,https://fred.stlouisfed.org/graph/fredgraph.csv?id=GVZCLS,2026-10-08
gold_vol,2017-12-18,2017-12-19,9.93,https://fred.stlouisfed.org/graph/fredgraph.csv?id=GVZCLS,2026-10-08
gold_vol,2017-12-19,2017-12-20,10.32,https://fred.stlouisfed.org/graph/fredgraph.csv?id=GVZCLS,2026-10-08
gold_vol,2017-12-20,2017-12-21,9.79,https://fred.stlouisfed.org/graph/fredgraph.csv?id=GVZCLS,2026-10-08
gold_vol,2017-12-21,2017-12-22,9.64,https://fred.stlouisfed.org/graph/fredgraph.csv?id=GVZCLS,2026-10-08
gold_vol,2017-12-22,2017-12-23,10.01,https://fred.stlouisfed.org/graph/fredgraph.csv?id=GVZCLS,2026-10-08
gold_vol,2017-12-26,2017-12-27,11.17,https://fred.stlouisfed.org/graph/fredgraph.csv?id=GVZCLS,2026-10-08
gold_vol,2017-12-27,2017-12-28,10.73,https://fred.stlouisfed.org/graph/fredgraph.csv?id=GVZCLS,2026-10-08
gold_vol,2017-12-28,2017-12-29,10.43,https://fred.stlouisfed.org/graph/fredgraph.csv?id=GVZCLS,2026-10-08
gold_vol,2017-12-29,2017-12-30,10.96,https://fred.stlouisfed.org/graph/fredgraph.csv?id=GVZCLS,2026-10-08
gold_vol,2018-01-02,2018-01-03,11.96,https://fred.stlouisfed.org/graph/fredgraph.csv?id=GVZCLS,2026-10-08
gold_vol,2018-01-03,2018-01-04,11.56,https://fred.stlouisfed.org/graph/fredgraph.csv?id=GVZCLS,2026-10-08
gold_vol,2018-01-04,2018-01-05,11.8,https://fred.stlouisfed.org/graph/fredgraph.csv?id=GVZCLS,2026-10-08
gold_vol,2018-01-05,2018-01-06,11.26,https://fred.stlouisfed.org/graph/fredgraph.csv?id=GVZCLS,2026-10-08
gold_vol,2018-01-08,2018-01-09,11.19,https://fred.stlouisfed.org/graph/fredgraph.csv?id=GVZCLS,2026-10-08
gold_vol,2018-01-09,2018-01-10,10.79,https://fred.stlouisfed.org/graph/fredgraph.csv?id=GVZCLS,2026-10-08
gold_vol,2018-01-10,2018-01-11,10.79,https://fred.stlouisfed.org/graph/fredgraph.csv?id=GVZCLS,2026-10-08
gold_vol,2018-01-11,2018-01-12,10.96,https://fred.stlouisfed.org/graph/fredgraph.csv?id=GVZCLS,2026-10-08
gold_vol,2018-01-12,2018-01-13,11.62,https://fred.stlouisfed.org/graph/fredgraph.csv?id=GVZCLS,2026-10-08
gold_vol,2018-01-16,2018-01-17,12.09,https://fred.stlouisfed.org/graph/fredgraph.csv?id=GVZCLS,2026-10-08
gold_vol,2018-01-17,2018-01-18,11.77,https://fred.stlouisfed.org/graph/fredgraph.csv?id=GVZCLS,2026-10-08
gold_vol,2018-01-18,2018-01-19,12.26,https://fred.stlouisfed.org/graph/fredgraph.csv?id=GVZCLS,2026-10-08
gold_vol,2018-01-19,2018-01-20,11.43,https://fred.stlouisfed.org/graph/fredgraph.csv?id=GVZCLS,2026-10-08
gold_vol,2018-01-22,2018-01-23,11.66,https://fred.stlouisfed.org/graph/fredgraph.csv?id=GVZCLS,2026-10-08
gold_vol,2018-01-23,2018-01-24,11.72,https://fred.stlouisfed.org/graph/fredgraph.csv?id=GVZCLS,2026-10-08
gold_vol,2018-01-24,2018-01-25,13.38,https://fred.stlouisfed.org/graph/fredgraph.csv?id=GVZCLS,2026-10-08
gold_vol,2018-01-25,2018-01-26,13.04,https://fred.stlouisfed.org/graph/fredgraph.csv?id=GVZCLS,2026-10-08
gold_vol,2018-01-26,2018-01-27,12.98,https://fred.stlouisfed.org/graph/fredgraph.csv?id=GVZCLS,2026-10-08
gold_vol,2018-01-29,2018-01-30,13.25,https://fred.stlouisfed.org/graph/fredgraph.csv?id=GVZCLS,2026-10-08
gold_vol,2018-01-30,2018-01-31,13.86,https://fred.stlouisfed.org/graph/fredgraph.csv?id=GVZCLS,2026-10-08
gold_vol,2018-01-31,2018-02-01,12.97,https://fred.stlouisfed.org/graph/fredgraph.csv?id=GVZCLS,2026-10-08
gold_vol,2018-02-01,2018-02-02,12.32,https://fred.stlouisfed.org/graph/fredgraph.csv?id=GVZCLS,2026-10-08
gold_vol,2018-02-02,2018-02-03,13.11,https://fred.stlouisfed.org/graph/fredgraph.csv?id=GVZCLS,2026-10-08
gold_vol,2018-02-05,2018-02-06,14.35,https://fred.stlouisfed.org/graph/fredgraph.csv?id=GVZCLS,2026-10-08
gold_vol,2018-02-06,2018-02-07,13.8,https://fred.stlouisfed.org/graph/fredgraph.csv?id=GVZCLS,2026-10-08
gold_vol,2018-02-07,2018-02-08,13.62,https://fred.stlouisfed.org/graph/fredgraph.csv?id=GVZCLS,2026-10-08
gold_vol,2018-02-08,2018-02-09,14.85,https://fred.stlouisfed.org/graph/fredgraph.csv?id=GVZCLS,2026-10-08
gold_vol,2018-02-09,2018-02-10,14.93,https://fred.stlouisfed.org/graph/fredgraph.csv?id=GVZCLS,2026-10-08
gold_vol,2018-02-12,2018-02-13,14.37,https://fred.stlouisfed.org/graph/fredgraph.csv?id=GVZCLS,2026-10-08
gold_vol,2018-02-13,2018-02-14,14.07,https://fred.stlouisfed.org/graph/fredgraph.csv?id=GVZCLS,2026-10-08
gold_vol,2018-02-14,2018-02-15,14.97,https://fred.stlouisfed.org/graph/fredgraph.csv?id=GVZCLS,2026-10-08
gold_vol,2018-02-15,2018-02-16,15.03,https://fred.stlouisfed.org/graph/fredgraph.csv?id=GVZCLS,2026-10-08
gold_vol,2018-02-16,2018-02-17,13.96,https://fred.stlouisfed.org/graph/fredgraph.csv?id=GVZCLS,2026-10-08
gold_vol,2018-02-20,2018-02-21,14.08,https://fred.stlouisfed.org/graph/fredgraph.csv?id=GVZCLS,2026-10-08
gold_vol,2018-02-21,2018-02-22,13.83,https://fred.stlouisfed.org/graph/fredgraph.csv?id=GVZCLS,2026-10-08
gold_vol,2018-02-22,2018-02-23,13.47,https://fred.stlouisfed.org/graph/fredgraph.csv?id=GVZCLS,2026-10-08
gold_vol,2018-02-23,2018-02-24,11.97,https://fred.stlouisfed.org/graph/fredgraph.csv?id=GVZCLS,2026-10-08
gold_vol,2018-02-26,2018-02-27,11.89,https://fred.stlouisfed.org/graph/fredgraph.csv?id=GVZCLS,2026-10-08
gold_vol,2018-02-27,2018-02-28,11.76,https://fred.stlouisfed.org/graph/fredgraph.csv?id=GVZCLS,2026-10-08
gold_vol,2018-02-28,2018-03-01,11.74,https://fred.stlouisfed.org/graph/fredgraph.csv?id=GVZCLS,2026-10-08
gold_vol,2018-03-01,2018-03-02,12.07,https://fred.stlouisfed.org/graph/fredgraph.csv?id=GVZCLS,2026-10-08
gold_vol,2018-03-02,2018-03-03,11.97,https://fred.stlouisfed.org/graph/fredgraph.csv?id=GVZCLS,2026-10-08
gold_vol,2018-03-05,2018-03-06,11.89,https://fred.stlouisfed.org/graph/fredgraph.csv?id=GVZCLS,2026-10-08
gold_vol,2018-03-06,2018-03-07,12.33,https://fred.stlouisfed.org/graph/fredgraph.csv?id=GVZCLS,2026-10-08
gold_vol,2018-03-07,2018-03-08,12.37,https://fred.stlouisfed.org/graph/fredgraph.csv?id=GVZCLS,2026-10-08
gold_vol,2018-03-08,2018-03-09,11.57,https://fred.stlouisfed.org/graph/fredgraph.csv?id=GVZCLS,2026-10-08
gold_vol,2018-03-09,2018-03-10,10.94,https://fred.stlouisfed.org/graph/fredgraph.csv?id=GVZCLS,2026-10-08
gold_vol,2018-03-12,2018-03-13,11.01,https://fred.stlouisfed.org/graph/fredgraph.csv?id=GVZCLS,2026-10-08
gold_vol,2018-03-13,2018-03-14,10.7,https://fred.stlouisfed.org/graph/fredgraph.csv?id=GVZCLS,2026-10-08
gold_vol,2018-03-14,2018-03-15,10.41,https://fred.stlouisfed.org/graph/fredgraph.csv?id=GVZCLS,2026-10-08
gold_vol,2018-03-15,2018-03-16,10.4,https://fred.stlouisfed.org/graph/fredgraph.csv?id=GVZCLS,2026-10-08
gold_vol,2018-03-16,2018-03-17,9.88,https://fred.stlouisfed.org/graph/fredgraph.csv?id=GVZCLS,2026-10-08
gold_vol,2018-03-19,2018-03-20,10.99,https://fred.stlouisfed.org/graph/fredgraph.csv?id=GVZCLS,2026-10-08
gold_vol,2018-03-20,2018-03-21,11.01,https://fred.stlouisfed.org/graph/fredgraph.csv?id=GVZCLS,2026-10-08
gold_vol,2018-03-21,2018-03-22,10.91,https://fred.stlouisfed.org/graph/fredgraph.csv?id=GVZCLS,2026-10-08
gold_vol,2018-03-22,2018-03-23,11.24,https://fred.stlouisfed.org/graph/fredgraph.csv?id=GVZCLS,2026-10-08
gold_vol,2018-03-23,2018-03-24,13.46,https://fred.stlouisfed.org/graph/fredgraph.csv?id=GVZCLS,2026-10-08
gold_vol,2018-03-26,2018-03-27,12.95,https://fred.stlouisfed.org/graph/fredgraph.csv?id=GVZCLS,2026-10-08
gold_vol,2018-03-27,2018-03-28,12.22,https://fred.stlouisfed.org/graph/fredgraph.csv?id=GVZCLS,2026-10-08
gold_vol,2018-03-28,2018-03-29,11.74,https://fred.stlouisfed.org/graph/fredgraph.csv?id=GVZCLS,2026-10-08
gold_vol,2018-03-29,2018-03-30,11.06,https://fred.stlouisfed.org/graph/fredgraph.csv?id=GVZCLS,2026-10-08
gold_vol,2018-04-02,2018-04-03,12.86,https://fred.stlouisfed.org/graph/fredgraph.csv?id=GVZCLS,2026-10-08
gold_vol,2018-04-03,2018-04-04,11.8,https://fred.stlouisfed.org/graph/fredgraph.csv?id=GVZCLS,2026-10-08
gold_vol,2018-04-04,2018-04-05,12.0,https://fred.stlouisfed.org/graph/fredgraph.csv?id=GVZCLS,2026-10-08
gold_vol,2018-04-05,2018-04-06,11.55,https://fred.stlouisfed.org/graph/fredgraph.csv?id=GVZCLS,2026-10-08
gold_vol,2018-04-06,2018-04-07,11.95,https://fred.stlouisfed.org/graph/fredgraph.csv?id=GVZCLS,2026-10-08
gold_vol,2018-04-09,2018-04-10,12.39,https://fred.stlouisfed.org/graph/fredgraph.csv?id=GVZCLS,2026-10-08
gold_vol,2018-04-10,2018-04-11,12.78,https://fred.stlouisfed.org/graph/fredgraph.csv?id=GVZCLS,2026-10-08
gold_vol,2018-04-11,2018-04-12,14.36,https://fred.stlouisfed.org/graph/fredgraph.csv?id=GVZCLS,2026-10-08
gold_vol,2018-04-12,2018-04-13,12.88,https://fred.stlouisfed.org/graph/fredgraph.csv?id=GVZCLS,2026-10-08
gold_vol,2018-04-13,2018-04-14,13.36,https://fred.stlouisfed.org/graph/fredgraph.csv?id=GVZCLS,2026-10-08
gold_vol,2018-04-16,2018-04-17,13.43,https://fred.stlouisfed.org/graph/fredgraph.csv?id=GVZCLS,2026-10-08
gold_vol,2018-04-17,2018-04-18,13.07,https://fred.stlouisfed.org/graph/fredgraph.csv?id=GVZCLS,2026-10-08
gold_vol,2018-04-18,2018-04-19,13.46,https://fred.stlouisfed.org/graph/fredgraph.csv?id=GVZCLS,2026-10-08
gold_vol,2018-04-19,2018-04-20,12.88,https://fred.stlouisfed.org/graph/fredgraph.csv?id=GVZCLS,2026-10-08
gold_vol,2018-04-20,2018-04-21,12.14,https://fred.stlouisfed.org/graph/fredgraph.csv?id=GVZCLS,2026-10-08
gold_vol,2018-04-23,2018-04-24,12.13,https://fred.stlouisfed.org/graph/fredgraph.csv?id=GVZCLS,2026-10-08
gold_vol,2018-04-24,2018-04-25,12.24,https://fred.stlouisfed.org/graph/fredgraph.csv?id=GVZCLS,2026-10-08
gold_vol,2018-04-25,2018-04-26,11.97,https://fred.stlouisfed.org/graph/fredgraph.csv?id=GVZCLS,2026-10-08
gold_vol,2018-04-26,2018-04-27,11.49,https://fred.stlouisfed.org/graph/fredgraph.csv?id=GVZCLS,2026-10-08
gold_vol,2018-04-27,2018-04-28,10.99,https://fred.stlouisfed.org/graph/fredgraph.csv?id=GVZCLS,2026-10-08
gold_vol,2018-04-30,2018-05-01,11.15,https://fred.stlouisfed.org/graph/fredgraph.csv?id=GVZCLS,2026-10-08
gold_vol,2018-05-01,2018-05-02,11.88,https://fred.stlouisfed.org/graph/fredgraph.csv?id=GVZCLS,2026-10-08
gold_vol,2018-05-02,2018-05-03,11.64,https://fred.stlouisfed.org/graph/fredgraph.csv?id=GVZCLS,2026-10-08
gold_vol,2018-05-03,2018-05-04,11.46,https://fred.stlouisfed.org/graph/fredgraph.csv?id=GVZCLS,2026-10-08
gold_vol,2018-05-04,2018-05-05,10.99,https://fred.stlouisfed.org/graph/fredgraph.csv?id=GVZCLS,2026-10-08
gold_vol,2018-05-07,2018-05-08,11.32,https://fred.stlouisfed.org/graph/fredgraph.csv?id=GVZCLS,2026-10-08
gold_vol,2018-05-08,2018-05-09,11.5,https://fred.stlouisfed.org/graph/fredgraph.csv?id=GVZCLS,2026-10-08
gold_vol,2018-05-09,2018-05-10,11.39,https://fred.stlouisfed.org/graph/fredgraph.csv?id=GVZCLS,2026-10-08
gold_vol,2018-05-10,2018-05-11,11.42,https://fred.stlouisfed.org/graph/fredgraph.csv?id=GVZCLS,2026-10-08
gold_vol,2018-05-11,2018-05-12,11.04,https://fred.stlouisfed.org/graph/fredgraph.csv?id=GVZCLS,2026-10-08
gold_vol,2018-05-14,2018-05-15,11.15,https://fred.stlouisfed.org/graph/fredgraph.csv?id=GVZCLS,2026-10-08
gold_vol,2018-05-15,2018-05-16,11.91,https://fred.stlouisfed.org/graph/fredgraph.csv?id=GVZCLS,2026-10-08
gold_vol,2018-05-16,2018-05-17,11.77,https://fred.stlouisfed.org/graph/fredgraph.csv?id=GVZCLS,2026-10-08
gold_vol,2018-05-17,2018-05-18,11.64,https://fred.stlouisfed.org/graph/fredgraph.csv?id=GVZCLS,2026-10-08
gold_vol,2018-05-18,2018-05-19,11.11,https://fred.stlouisfed.org/graph/fredgraph.csv?id=GVZCLS,2026-10-08
gold_vol,2018-05-21,2018-05-22,11.62,https://fred.stlouisfed.org/graph/fredgraph.csv?id=GVZCLS,2026-10-08
gold_vol,2018-05-22,2018-05-23,10.9,https://fred.stlouisfed.org/graph/fredgraph.csv?id=GVZCLS,2026-10-08
gold_vol,2018-05-23,2018-05-24,11.18,https://fred.stlouisfed.org/graph/fredgraph.csv?id=GVZCLS,2026-10-08
gold_vol,2018-05-24,2018-05-25,10.99,https://fred.stlouisfed.org/graph/fredgraph.csv?id=GVZCLS,2026-10-08
gold_vol,2018-05-25,2018-05-26,10.31,https://fred.stlouisfed.org/graph/fredgraph.csv?id=GVZCLS,2026-10-08
gold_vol,2018-05-29,2018-05-30,12.33,https://fred.stlouisfed.org/graph/fredgraph.csv?id=GVZCLS,2026-10-08
gold_vol,2018-05-30,2018-05-31,10.87,https://fred.stlouisfed.org/graph/fredgraph.csv?id=GVZCLS,2026-10-08
gold_vol,2018-05-31,2018-06-01,10.92,https://fred.stlouisfed.org/graph/fredgraph.csv?id=GVZCLS,2026-10-08
gold_vol,2018-06-01,2018-06-02,10.58,https://fred.stlouisfed.org/graph/fredgraph.csv?id=GVZCLS,2026-10-08
gold_vol,2018-06-04,2018-06-05,10.54,https://fred.stlouisfed.org/graph/fredgraph.csv?id=GVZCLS,2026-10-08
gold_vol,2018-06-05,2018-06-06,10.46,https://fred.stlouisfed.org/graph/fredgraph.csv?id=GVZCLS,2026-10-08
gold_vol,2018-06-06,2018-06-07,10.31,https://fred.stlouisfed.org/graph/fredgraph.csv?id=GVZCLS,2026-10-08
gold_vol,2018-06-07,2018-06-08,10.55,https://fred.stlouisfed.org/graph/fredgraph.csv?id=GVZCLS,2026-10-08
gold_vol,2018-06-08,2018-06-09,10.69,https://fred.stlouisfed.org/graph/fredgraph.csv?id=GVZCLS,2026-10-08
gold_vol,2018-06-11,2018-06-12,10.54,https://fred.stlouisfed.org/graph/fredgraph.csv?id=GVZCLS,2026-10-08
gold_vol,2018-06-12,2018-06-13,10.52,https://fred.stlouisfed.org/graph/fredgraph.csv?id=GVZCLS,2026-10-08
gold_vol,2018-06-13,2018-06-14,10.6,https://fred.stlouisfed.org/graph/fredgraph.csv?id=GVZCLS,2026-10-08
gold_vol,2018-06-14,2018-06-15,9.83,https://fred.stlouisfed.org/graph/fredgraph.csv?id=GVZCLS,2026-10-08
gold_vol,2018-06-15,2018-06-16,10.65,https://fred.stlouisfed.org/graph/fredgraph.csv?id=GVZCLS,2026-10-08
gold_vol,2018-06-18,2018-06-19,9.82,https://fred.stlouisfed.org/graph/fredgraph.csv?id=GVZCLS,2026-10-08
gold_vol,2018-06-19,2018-06-20,10.99,https://fred.stlouisfed.org/graph/fredgraph.csv?id=GVZCLS,2026-10-08
gold_vol,2018-06-20,2018-06-21,11.08,https://fred.stlouisfed.org/graph/fredgraph.csv?id=GVZCLS,2026-10-08
gold_vol,2018-06-21,2018-06-22,11.22,https://fred.stlouisfed.org/graph/fredgraph.csv?id=GVZCLS,2026-10-08
gold_vol,2018-06-22,2018-06-23,10.67,https://fred.stlouisfed.org/graph/fredgraph.csv?id=GVZCLS,2026-10-08
gold_vol,2018-06-25,2018-06-26,10.83,https://fred.stlouisfed.org/graph/fredgraph.csv?id=GVZCLS,2026-10-08
gold_vol,2018-06-26,2018-06-27,10.97,https://fred.stlouisfed.org/graph/fredgraph.csv?id=GVZCLS,2026-10-08
gold_vol,2018-06-27,2018-06-28,11.01,https://fred.stlouisfed.org/graph/fredgraph.csv?id=GVZCLS,2026-10-08
gold_vol,2018-06-28,2018-06-29,11.03,https://fred.stlouisfed.org/graph/fredgraph.csv?id=GVZCLS,2026-10-08
gold_vol,2018-06-29,2018-06-30,10.75,https://fred.stlouisfed.org/graph/fredgraph.csv?id=GVZCLS,2026-10-08
gold_vol,2018-07-02,2018-07-03,11.75,https://fred.stlouisfed.org/graph/fredgraph.csv?id=GVZCLS,2026-10-08
gold_vol,2018-07-03,2018-07-04,11.41,https://fred.stlouisfed.org/graph/fredgraph.csv?id=GVZCLS,2026-10-08
gold_vol,2018-07-05,2018-07-06,11.32,https://fred.stlouisfed.org/graph/fredgraph.csv?id=GVZCLS,2026-10-08
gold_vol,2018-07-06,2018-07-07,10.65,https://fred.stlouisfed.org/graph/fredgraph.csv?id=GVZCLS,2026-10-08
gold_vol,2018-07-09,2018-07-10,10.55,https://fred.stlouisfed.org/graph/fredgraph.csv?id=GVZCLS,2026-10-08
gold_vol,2018-07-10,2018-07-11,10.69,https://fred.stlouisfed.org/graph/fredgraph.csv?id=GVZCLS,2026-10-08
gold_vol,2018-07-11,2018-07-12,11.25,https://fred.stlouisfed.org/graph/fredgraph.csv?id=GVZCLS,2026-10-08
gold_vol,2018-07-12,2018-07-13,10.82,https://fred.stlouisfed.org/graph/fredgraph.csv?id=GVZCLS,2026-10-08
gold_vol,2018-07-13,2018-07-14,10.99,https://fred.stlouisfed.org/graph/fredgraph.csv?id=GVZCLS,2026-10-08
gold_vol,2018-07-16,2018-07-17,11.46,https://fred.stlouisfed.org/graph/fredgraph.csv?id=GVZCLS,2026-10-08
gold_vol,2018-07-17,2018-07-18,11.79,https://fred.stlouisfed.org/graph/fredgraph.csv?id=GVZCLS,2026-10-08
gold_vol,2018-07-18,2018-07-19,12.15,https://fred.stlouisfed.org/graph/fredgraph.csv?id=GVZCLS,2026-10-08
gold_vol,2018-07-19,2018-07-20,12.66,https://fred.stlouisfed.org/graph/fredgraph.csv?id=GVZCLS,2026-10-08
gold_vol,2018-07-20,2018-07-21,12.1,https://fred.stlouisfed.org/graph/fredgraph.csv?id=GVZCLS,2026-10-08
gold_vol,2018-07-23,2018-07-24,12.22,https://fred.stlouisfed.org/graph/fredgraph.csv?id=GVZCLS,2026-10-08
gold_vol,2018-07-24,2018-07-25,11.74,https://fred.stlouisfed.org/graph/fredgraph.csv?id=GVZCLS,2026-10-08
gold_vol,2018-07-25,2018-07-26,11.65,https://fred.stlouisfed.org/graph/fredgraph.csv?id=GVZCLS,2026-10-08
gold_vol,2018-07-26,2018-07-27,11.43,https://fred.stlouisfed.org/graph/fredgraph.csv?id=GVZCLS,2026-10-08
gold_vol,2018-07-27,2018-07-28,11.05,https://fred.stlouisfed.org/graph/fredgraph.csv?id=GVZCLS,2026-10-08
gold_vol,2018-07-30,2018-07-31,11.18,https://fred.stlouisfed.org/graph/fredgraph.csv?id=GVZCLS,2026-10-08
gold_vol,2018-07-31,2018-08-01,11.21,https://fred.stlouisfed.org/graph/fredgraph.csv?id=GVZCLS,2026-10-08
gold_vol,2018-08-01,2018-08-02,10.91,https://fred.stlouisfed.org/graph/fredgraph.csv?id=GVZCLS,2026-10-08
gold_vol,2018-08-02,2018-08-03,11.08,https://fred.stlouisfed.org/graph/fredgraph.csv?id=GVZCLS,2026-10-08
gold_vol,2018-08-03,2018-08-04,10.77,https://fred.stlouisfed.org/graph/fredgraph.csv?id=GVZCLS,2026-10-08
gold_vol,2018-08-06,2018-08-07,11.02,https://fred.stlouisfed.org/graph/fredgraph.csv?id=GVZCLS,2026-10-08
gold_vol,2018-08-07,2018-08-08,11.11,https://fred.stlouisfed.org/graph/fredgraph.csv?id=GVZCLS,2026-10-08
gold_vol,2018-08-08,2018-08-09,11.43,https://fred.stlouisfed.org/graph/fredgraph.csv?id=GVZCLS,2026-10-08
gold_vol,2018-08-09,2018-08-10,10.99,https://fred.stlouisfed.org/graph/fredgraph.csv?id=GVZCLS,2026-10-08
gold_vol,2018-08-10,2018-08-11,11.78,https://fred.stlouisfed.org/graph/fredgraph.csv?id=GVZCLS,2026-10-08
gold_vol,2018-08-13,2018-08-14,11.73,https://fred.stlouisfed.org/graph/fredgraph.csv?id=GVZCLS,2026-10-08
gold_vol,2018-08-14,2018-08-15,11.88,https://fred.stlouisfed.org/graph/fredgraph.csv?id=GVZCLS,2026-10-08
gold_vol,2018-08-15,2018-08-16,13.16,https://fred.stlouisfed.org/graph/fredgraph.csv?id=GVZCLS,2026-10-08
gold_vol,2018-08-16,2018-08-17,13.39,https://fred.stlouisfed.org/graph/fredgraph.csv?id=GVZCLS,2026-10-08
gold_vol,2018-08-17,2018-08-18,12.89,https://fred.stlouisfed.org/graph/fredgraph.csv?id=GVZCLS,2026-10-08
gold_vol,2018-08-20,2018-08-21,12.4,https://fred.stlouisfed.org/graph/fredgraph.csv?id=GVZCLS,2026-10-08
gold_vol,2018-08-21,2018-08-22,11.86,https://fred.stlouisfed.org/graph/fredgraph.csv?id=GVZCLS,2026-10-08
gold_vol,2018-08-22,2018-08-23,11.81,https://fred.stlouisfed.org/graph/fredgraph.csv?id=GVZCLS,2026-10-08
gold_vol,2018-08-23,2018-08-24,11.6,https://fred.stlouisfed.org/graph/fredgraph.csv?id=GVZCLS,2026-10-08
gold_vol,2018-08-24,2018-08-25,11.71,https://fred.stlouisfed.org/graph/fredgraph.csv?id=GVZCLS,2026-10-08
gold_vol,2018-08-27,2018-08-28,11.77,https://fred.stlouisfed.org/graph/fredgraph.csv?id=GVZCLS,2026-10-08
gold_vol,2018-08-28,2018-08-29,11.46,https://fred.stlouisfed.org/graph/fredgraph.csv?id=GVZCLS,2026-10-08
gold_vol,2018-08-29,2018-08-30,11.25,https://fred.stlouisfed.org/graph/fredgraph.csv?id=GVZCLS,2026-10-08
gold_vol,2018-08-30,2018-08-31,11.41,https://fred.stlouisfed.org/graph/fredgraph.csv?id=GVZCLS,2026-10-08
gold_vol,2018-08-31,2018-09-01,10.96,https://fred.stlouisfed.org/graph/fredgraph.csv?id=GVZCLS,2026-10-08
gold_vol,2018-09-04,2018-09-05,11.42,https://fred.stlouisfed.org/graph/fredgraph.csv?id=GVZCLS,2026-10-08
gold_vol,2018-09-05,2018-09-06,11.24,https://fred.stlouisfed.org/graph/fredgraph.csv?id=GVZCLS,2026-10-08
gold_vol,2018-09-06,2018-09-07,11.54,https://fred.stlouisfed.org/graph/fredgraph.csv?id=GVZCLS,2026-10-08
gold_vol,2018-09-07,2018-09-08,11.3,https://fred.stlouisfed.org/graph/fredgraph.csv?id=GVZCLS,2026-10-08
gold_vol,2018-09-10,2018-09-11,11.33,https://fred.stlouisfed.org/graph/fredgraph.csv?id=GVZCLS,2026-10-08
gold_vol,2018-09-11,2018-09-12,11.26,https://fred.stlouisfed.org/graph/fredgraph.csv?id=GVZCLS,2026-10-08
gold_vol,2018-09-12,2018-09-13,11.18,https://fred.stlouisfed.org/graph/fredgraph.csv?id=GVZCLS,2026-10-08
gold_vol,2018-09-13,2018-09-14,11.15,https://fred.stlouisfed.org/graph/fredgraph.csv?id=GVZCLS,2026-10-08
gold_vol,2018-09-14,2018-09-15,10.84,https://fred.stlouisfed.org/graph/fredgraph.csv?id=GVZCLS,2026-10-08
gold_vol,2018-09-17,2018-09-18,10.85,https://fred.stlouisfed.org/graph/fredgraph.csv?id=GVZCLS,2026-10-08
gold_vol,2018-09-18,2018-09-19,10.78,https://fred.stlouisfed.org/graph/fredgraph.csv?id=GVZCLS,2026-10-08
gold_vol,2018-09-19,2018-09-20,10.81,https://fred.stlouisfed.org/graph/fredgraph.csv?id=GVZCLS,2026-10-08
gold_vol,2018-09-20,2018-09-21,10.72,https://fred.stlouisfed.org/graph/fredgraph.csv?id=GVZCLS,2026-10-08
gold_vol,2018-09-21,2018-09-22,10.76,https://fred.stlouisfed.org/graph/fredgraph.csv?id=GVZCLS,2026-10-08
gold_vol,2018-09-24,2018-09-25,10.97,https://fred.stlouisfed.org/graph/fredgraph.csv?id=GVZCLS,2026-10-08
gold_vol,2018-09-25,2018-09-26,10.83,https://fred.stlouisfed.org/graph/fredgraph.csv?id=GVZCLS,2026-10-08
gold_vol,2018-09-26,2018-09-27,10.76,https://fred.stlouisfed.org/graph/fredgraph.csv?id=GVZCLS,2026-10-08
gold_vol,2018-09-27,2018-09-28,10.86,https://fred.stlouisfed.org/graph/fredgraph.csv?id=GVZCLS,2026-10-08
gold_vol,2018-09-28,2018-09-29,10.74,https://fred.stlouisfed.org/graph/fredgraph.csv?id=GVZCLS,2026-10-08
gold_vol,2018-10-01,2018-10-02,11.03,https://fred.stlouisfed.org/graph/fredgraph.csv?id=GVZCLS,2026-10-08
gold_vol,2018-10-02,2018-10-03,11.24,https://fred.stlouisfed.org/graph/fredgraph.csv?id=GVZCLS,2026-10-08
gold_vol,2018-10-03,2018-10-04,11.21,https://fred.stlouisfed.org/graph/fredgraph.csv?id=GVZCLS,2026-10-08
gold_vol,2018-10-04,2018-10-05,11.59,https://fred.stlouisfed.org/graph/fredgraph.csv?id=GVZCLS,2026-10-08
gold_vol,2018-10-05,2018-10-06,11.64,https://fred.stlouisfed.org/graph/fredgraph.csv?id=GVZCLS,2026-10-08
gold_vol,2018-10-08,2018-10-09,12.48,https://fred.stlouisfed.org/graph/fredgraph.csv?id=GVZCLS,2026-10-08
gold_vol,2018-10-09,2018-10-10,12.03,https://fred.stlouisfed.org/graph/fredgraph.csv?id=GVZCLS,2026-10-08
gold_vol,2018-10-10,2018-10-11,12.51,https://fred.stlouisfed.org/graph/fredgraph.csv?id=GVZCLS,2026-10-08
gold_vol,2018-10-11,2018-10-12,13.57,https://fred.stlouisfed.org/graph/fredgraph.csv?id=GVZCLS,2026-10-08
gold_vol,2018-10-12,2018-10-13,12.76,https://fred.stlouisfed.org/graph/fredgraph.csv?id=GVZCLS,2026-10-08
gold_vol,2018-10-15,2018-10-16,13.13,https://fred.stlouisfed.org/graph/fredgraph.csv?id=GVZCLS,2026-10-08
gold_vol,2018-10-16,2018-10-17,12.2,https://fred.stlouisfed.org/graph/fredgraph.csv?id=GVZCLS,2026-10-08
gold_vol,2018-10-17,2018-10-18,12.14,https://fred.stlouisfed.org/graph/fredgraph.csv?id=GVZCLS,2026-10-08
gold_vol,2018-10-18,2018-10-19,12.23,https://fred.stlouisfed.org/graph/fredgraph.csv?id=GVZCLS,2026-10-08
gold_vol,2018-10-19,2018-10-20,11.76,https://fred.stlouisfed.org/graph/fredgraph.csv?id=GVZCLS,2026-10-08
gold_vol,2018-10-22,2018-10-23,11.68,https://fred.stlouisfed.org/graph/fredgraph.csv?id=GVZCLS,2026-10-08
gold_vol,2018-10-23,2018-10-24,12.31,https://fred.stlouisfed.org/graph/fredgraph.csv?id=GVZCLS,2026-10-08
gold_vol,2018-10-24,2018-10-25,13.11,https://fred.stlouisfed.org/graph/fredgraph.csv?id=GVZCLS,2026-10-08
gold_vol,2018-10-25,2018-10-26,12.3,https://fred.stlouisfed.org/graph/fredgraph.csv?id=GVZCLS,2026-10-08
gold_vol,2018-10-26,2018-10-27,12.92,https://fred.stlouisfed.org/graph/fredgraph.csv?id=GVZCLS,2026-10-08
gold_vol,2018-10-29,2018-10-30,12.98,https://fred.stlouisfed.org/graph/fredgraph.csv?id=GVZCLS,2026-10-08
gold_vol,2018-10-30,2018-10-31,12.3,https://fred.stlouisfed.org/graph/fredgraph.csv?id=GVZCLS,2026-10-08
gold_vol,2018-10-31,2018-11-01,12.08,https://fred.stlouisfed.org/graph/fredgraph.csv?id=GVZCLS,2026-10-08
gold_vol,2018-11-01,2018-11-02,12.6,https://fred.stlouisfed.org/graph/fredgraph.csv?id=GVZCLS,2026-10-08
gold_vol,2018-11-02,2018-11-03,12.5,https://fred.stlouisfed.org/graph/fredgraph.csv?id=GVZCLS,2026-10-08
gold_vol,2018-11-05,2018-11-06,12.39,https://fred.stlouisfed.org/graph/fredgraph.csv?id=GVZCLS,2026-10-08
gold_vol,2018-11-06,2018-11-07,12.47,https://fred.stlouisfed.org/graph/fredgraph.csv?id=GVZCLS,2026-10-08
gold_vol,2018-11-07,2018-11-08,11.23,https://fred.stlouisfed.org/graph/fredgraph.csv?id=GVZCLS,2026-10-08
gold_vol,2018-11-08,2018-11-09,11.41,https://fred.stlouisfed.org/graph/fredgraph.csv?id=GVZCLS,2026-10-08
gold_vol,2018-11-09,2018-11-10,11.44,https://fred.stlouisfed.org/graph/fredgraph.csv?id=GVZCLS,2026-10-08
gold_vol,2018-11-12,2018-11-13,12.13,https://fred.stlouisfed.org/graph/fredgraph.csv?id=GVZCLS,2026-10-08
gold_vol,2018-11-13,2018-11-14,12.19,https://fred.stlouisfed.org/graph/fredgraph.csv?id=GVZCLS,2026-10-08
gold_vol,2018-11-14,2018-11-15,12.88,https://fred.stlouisfed.org/graph/fredgraph.csv?id=GVZCLS,2026-10-08
gold_vol,2018-11-15,2018-11-16,12.12,https://fred.stlouisfed.org/graph/fredgraph.csv?id=GVZCLS,2026-10-08
gold_vol,2018-11-16,2018-11-17,12.05,https://fred.stlouisfed.org/graph/fredgraph.csv?id=GVZCLS,2026-10-08
gold_vol,2018-11-19,2018-11-20,12.57,https://fred.stlouisfed.org/graph/fredgraph.csv?id=GVZCLS,2026-10-08
gold_vol,2018-11-20,2018-11-21,12.63,https://fred.stlouisfed.org/graph/fredgraph.csv?id=GVZCLS,2026-10-08
gold_vol,2018-11-21,2018-11-22,12.12,https://fred.stlouisfed.org/graph/fredgraph.csv?id=GVZCLS,2026-10-08
gold_vol,2018-11-23,2018-11-24,12.1,https://fred.stlouisfed.org/graph/fredgraph.csv?id=GVZCLS,2026-10-08
gold_vol,2018-11-26,2018-11-27,11.83,https://fred.stlouisfed.org/graph/fredgraph.csv?id=GVZCLS,2026-10-08
gold_vol,2018-11-27,2018-11-28,12.01,https://fred.stlouisfed.org/graph/fredgraph.csv?id=GVZCLS,2026-10-08
gold_vol,2018-11-28,2018-11-29,11.43,https://fred.stlouisfed.org/graph/fredgraph.csv?id=GVZCLS,2026-10-08
gold_vol,2018-11-29,2018-11-30,11.39,https://fred.stlouisfed.org/graph/fredgraph.csv?id=GVZCLS,2026-10-08
gold_vol,2018-11-30,2018-12-01,11.26,https://fred.stlouisfed.org/graph/fredgraph.csv?id=GVZCLS,2026-10-08
gold_vol,2018-12-03,2018-12-04,10.93,https://fred.stlouisfed.org/graph/fredgraph.csv?id=GVZCLS,2026-10-08
gold_vol,2018-12-04,2018-12-05,11.63,https://fred.stlouisfed.org/graph/fredgraph.csv?id=GVZCLS,2026-10-08
gold_vol,2018-12-06,2018-12-07,11.61,https://fred.stlouisfed.org/graph/fredgraph.csv?id=GVZCLS,2026-10-08
gold_vol,2018-12-07,2018-12-08,12.22,https://fred.stlouisfed.org/graph/fredgraph.csv?id=GVZCLS,2026-10-08
gold_vol,2018-12-10,2018-12-11,12.04,https://fred.stlouisfed.org/graph/fredgraph.csv?id=GVZCLS,2026-10-08
gold_vol,2018-12-11,2018-12-12,11.46,https://fred.stlouisfed.org/graph/fredgraph.csv?id=GVZCLS,2026-10-08
gold_vol,2018-12-12,2018-12-13,11.29,https://fred.stlouisfed.org/graph/fredgraph.csv?id=GVZCLS,2026-10-08
gold_vol,2018-12-13,2018-12-14,10.69,https://fred.stlouisfed.org/graph/fredgraph.csv?id=GVZCLS,2026-10-08
gold_vol,2018-12-14,2018-12-15,10.77,https://fred.stlouisfed.org/graph/fredgraph.csv?id=GVZCLS,2026-10-08
gold_vol,2018-12-17,2018-12-18,11.75,https://fred.stlouisfed.org/graph/fredgraph.csv?id=GVZCLS,2026-10-08
gold_vol,2018-12-18,2018-12-19,12.18,https://fred.stlouisfed.org/graph/fredgraph.csv?id=GVZCLS,2026-10-08
gold_vol,2018-12-19,2018-12-20,11.4,https://fred.stlouisfed.org/graph/fredgraph.csv?id=GVZCLS,2026-10-08
gold_vol,2018-12-20,2018-12-21,12.45,https://fred.stlouisfed.org/graph/fredgraph.csv?id=GVZCLS,2026-10-08
gold_vol,2018-12-21,2018-12-22,11.97,https://fred.stlouisfed.org/graph/fredgraph.csv?id=GVZCLS,2026-10-08
gold_vol,2018-12-24,2018-12-25,14.8,https://fred.stlouisfed.org/graph/fredgraph.csv?id=GVZCLS,2026-10-08
gold_vol,2018-12-26,2018-12-27,14.47,https://fred.stlouisfed.org/graph/fredgraph.csv?id=GVZCLS,2026-10-08
gold_vol,2018-12-27,2018-12-28,15.18,https://fred.stlouisfed.org/graph/fredgraph.csv?id=GVZCLS,2026-10-08
gold_vol,2018-12-28,2018-12-29,14.56,https://fred.stlouisfed.org/graph/fredgraph.csv?id=GVZCLS,2026-10-08
gold_vol,2018-12-31,2019-01-01,13.48,https://fred.stlouisfed.org/graph/fredgraph.csv?id=GVZCLS,2026-10-08
gold_vol,2019-01-02,2019-01-03,13.18,https://fred.stlouisfed.org/graph/fredgraph.csv?id=GVZCLS,2026-10-08
gold_vol,2019-01-03,2019-01-04,13.77,https://fred.stlouisfed.org/graph/fredgraph.csv?id=GVZCLS,2026-10-08
gold_vol,2019-01-04,2019-01-05,12.04,https://fred.stlouisfed.org/graph/fredgraph.csv?id=GVZCLS,2026-10-08
gold_vol,2019-01-07,2019-01-08,11.66,https://fred.stlouisfed.org/graph/fredgraph.csv?id=GVZCLS,2026-10-08
gold_vol,2019-01-08,2019-01-09,11.16,https://fred.stlouisfed.org/graph/fredgraph.csv?id=GVZCLS,2026-10-08
gold_vol,2019-01-09,2019-01-10,11.69,https://fred.stlouisfed.org/graph/fredgraph.csv?id=GVZCLS,2026-10-08
gold_vol,2019-01-10,2019-01-11,10.95,https://fred.stlouisfed.org/graph/fredgraph.csv?id=GVZCLS,2026-10-08
gold_vol,2019-01-11,2019-01-12,11.0,https://fred.stlouisfed.org/graph/fredgraph.csv?id=GVZCLS,2026-10-08
gold_vol,2019-01-14,2019-01-15,11.06,https://fred.stlouisfed.org/graph/fredgraph.csv?id=GVZCLS,2026-10-08
gold_vol,2019-01-15,2019-01-16,11.06,https://fred.stlouisfed.org/graph/fredgraph.csv?id=GVZCLS,2026-10-08
gold_vol,2019-01-16,2019-01-17,11.08,https://fred.stlouisfed.org/graph/fredgraph.csv?id=GVZCLS,2026-10-08
gold_vol,2019-01-17,2019-01-18,10.9,https://fred.stlouisfed.org/graph/fredgraph.csv?id=GVZCLS,2026-10-08
gold_vol,2019-01-18,2019-01-19,11.12,https://fred.stlouisfed.org/graph/fredgraph.csv?id=GVZCLS,2026-10-08
gold_vol,2019-01-22,2019-01-23,10.77,https://fred.stlouisfed.org/graph/fredgraph.csv?id=GVZCLS,2026-10-08
gold_vol,2019-01-23,2019-01-24,10.61,https://fred.stlouisfed.org/graph/fredgraph.csv?id=GVZCLS,2026-10-08
gold_vol,2019-01-24,2019-01-25,10.37,https://fred.stlouisfed.org/graph/fredgraph.csv?id=GVZCLS,2026-10-08
gold_vol,2019-01-25,2019-01-26,11.12,https://fred.stlouisfed.org/graph/fredgraph.csv?id=GVZCLS,2026-10-08
gold_vol,2019-01-28,2019-01-29,11.04,https://fred.stlouisfed.org/graph/fredgraph.csv?id=GVZCLS,2026-10-08
gold_vol,2019-01-29,2019-01-30,11.25,https://fred.stlouisfed.org/graph/fredgraph.csv?id=GVZCLS,2026-10-08
gold_vol,2019-01-30,2019-01-31,11.14,https://fred.stlouisfed.org/graph/fredgraph.csv?id=GVZCLS,2026-10-08
gold_vol,2019-01-31,2019-02-01,10.74,https://fred.stlouisfed.org/graph/fredgraph.csv?id=GVZCLS,2026-10-08
gold_vol,2019-02-01,2019-02-02,10.12,https://fred.stlouisfed.org/graph/fredgraph.csv?id=GVZCLS,2026-10-08
gold_vol,2019-02-04,2019-02-05,10.11,https://fred.stlouisfed.org/graph/fredgraph.csv?id=GVZCLS,2026-10-08
gold_vol,2019-02-05,2019-02-06,10.14,https://fred.stlouisfed.org/graph/fredgraph.csv?id=GVZCLS,2026-10-08
gold_vol,2019-02-06,2019-02-07,9.76,https://fred.stlouisfed.org/graph/fredgraph.csv?id=GVZCLS,2026-10-08
gold_vol,2019-02-07,2019-02-08,9.72,https://fred.stlouisfed.org/graph/fredgraph.csv?id=GVZCLS,2026-10-08
gold_vol,2019-02-08,2019-02-09,9.89,https://fred.stlouisfed.org/graph/fredgraph.csv?id=GVZCLS,2026-10-08
gold_vol,2019-02-11,2019-02-12,10.18,https://fred.stlouisfed.org/graph/fredgraph.csv?id=GVZCLS,2026-10-08
gold_vol,2019-02-12,2019-02-13,10.03,https://fred.stlouisfed.org/graph/fredgraph.csv?id=GVZCLS,2026-10-08
gold_vol,2019-02-13,2019-02-14,9.55,https://fred.stlouisfed.org/graph/fredgraph.csv?id=GVZCLS,2026-10-08
gold_vol,2019-02-14,2019-02-15,9.92,https://fred.stlouisfed.org/graph/fredgraph.csv?id=GVZCLS,2026-10-08
gold_vol,2019-02-15,2019-02-16,10.16,https://fred.stlouisfed.org/graph/fredgraph.csv?id=GVZCLS,2026-10-08
gold_vol,2019-02-19,2019-02-20,11.39,https://fred.stlouisfed.org/graph/fredgraph.csv?id=GVZCLS,2026-10-08
gold_vol,2019-02-20,2019-02-21,10.92,https://fred.stlouisfed.org/graph/fredgraph.csv?id=GVZCLS,2026-10-08
gold_vol,2019-02-21,2019-02-22,10.29,https://fred.stlouisfed.org/graph/fredgraph.csv?id=GVZCLS,2026-10-08
gold_vol,2019-02-22,2019-02-23,10.02,https://fred.stlouisfed.org/graph/fredgraph.csv?id=GVZCLS,2026-10-08
gold_vol,2019-02-25,2019-02-26,9.91,https://fred.stlouisfed.org/graph/fredgraph.csv?id=GVZCLS,2026-10-08
gold_vol,2019-02-26,2019-02-27,9.86,https://fred.stlouisfed.org/graph/fredgraph.csv?id=GVZCLS,2026-10-08
gold_vol,2019-02-27,2019-02-28,9.72,https://fred.stlouisfed.org/graph/fredgraph.csv?id=GVZCLS,2026-10-08
gold_vol,2019-02-28,2019-03-01,9.52,https://fred.stlouisfed.org/graph/fredgraph.csv?id=GVZCLS,2026-10-08
gold_vol,2019-03-01,2019-03-02,10.2,https://fred.stlouisfed.org/graph/fredgraph.csv?id=GVZCLS,2026-10-08
gold_vol,2019-03-04,2019-03-05,10.26,https://fred.stlouisfed.org/graph/fredgraph.csv?id=GVZCLS,2026-10-08
gold_vol,2019-03-05,2019-03-06,10.1,https://fred.stlouisfed.org/graph/fredgraph.csv?id=GVZCLS,2026-10-08
gold_vol,2019-03-06,2019-03-07,10.13,https://fred.stlouisfed.org/graph/fredgraph.csv?id=GVZCLS,2026-10-08
gold_vol,2019-03-07,2019-03-08,10.36,https://fred.stlouisfed.org/graph/fredgraph.csv?id=GVZCLS,2026-10-08
gold_vol,2019-03-08,2019-03-09,10.51,https://fred.stlouisfed.org/graph/fredgraph.csv?id=GVZCLS,2026-10-08
gold_vol,2019-03-11,2019-03-12,10.18,https://fred.stlouisfed.org/graph/fredgraph.csv?id=GVZCLS,2026-10-08
gold_vol,2019-03-12,2019-03-13,10.08,https://fred.stlouisfed.org/graph/fredgraph.csv?id=GVZCLS,2026-10-08
gold_vol,2019-03-13,2019-03-14,10.14,https://fred.stlouisfed.org/graph/fredgraph.csv?id=GVZCLS,2026-10-08
gold_vol,2019-03-14,2019-03-15,10.08,https://fred.stlouisfed.org/graph/fredgraph.csv?id=GVZCLS,2026-10-08
gold_vol,2019-03-15,2019-03-16,10.01,https://fred.stlouisfed.org/graph/fredgraph.csv?id=GVZCLS,2026-10-08
gold_vol,2019-03-18,2019-03-19,9.79,https://fred.stlouisfed.org/graph/fredgraph.csv?id=GVZCLS,2026-10-08
gold_vol,2019-03-19,2019-03-20,9.82,https://fred.stlouisfed.org/graph/fredgraph.csv?id=GVZCLS,2026-10-08
gold_vol,2019-03-20,2019-03-21,10.15,https://fred.stlouisfed.org/graph/fredgraph.csv?id=GVZCLS,2026-10-08
gold_vol,2019-03-21,2019-03-22,10.2,https://fred.stlouisfed.org/graph/fredgraph.csv?id=GVZCLS,2026-10-08
gold_vol,2019-03-22,2019-03-23,10.31,https://fred.stlouisfed.org/graph/fredgraph.csv?id=GVZCLS,2026-10-08
gold_vol,2019-03-25,2019-03-26,10.77,https://fred.stlouisfed.org/graph/fredgraph.csv?id=GVZCLS,2026-10-08
gold_vol,2019-03-26,2019-03-27,10.18,https://fred.stlouisfed.org/graph/fredgraph.csv?id=GVZCLS,2026-10-08
gold_vol,2019-03-27,2019-03-28,10.36,https://fred.stlouisfed.org/graph/fredgraph.csv?id=GVZCLS,2026-10-08
gold_vol,2019-03-28,2019-03-29,10.35,https://fred.stlouisfed.org/graph/fredgraph.csv?id=GVZCLS,2026-10-08
gold_vol,2019-03-29,2019-03-30,9.94,https://fred.stlouisfed.org/graph/fredgraph.csv?id=GVZCLS,2026-10-08
gold_vol,2019-04-01,2019-04-02,10.13,https://fred.stlouisfed.org/graph/fredgraph.csv?id=GVZCLS,2026-10-08
gold_vol,2019-04-02,2019-04-03,9.81,https://fred.stlouisfed.org/graph/fredgraph.csv?id=GVZCLS,2026-10-08
gold_vol,2019-04-03,2019-04-04,9.69,https://fred.stlouisfed.org/graph/fredgraph.csv?id=GVZCLS,2026-10-08
gold_vol,2019-04-04,2019-04-05,9.92,https://fred.stlouisfed.org/graph/fredgraph.csv?id=GVZCLS,2026-10-08
gold_vol,2019-04-05,2019-04-06,9.65,https://fred.stlouisfed.org/graph/fredgraph.csv?id=GVZCLS,2026-10-08
gold_vol,2019-04-08,2019-04-09,9.71,https://fred.stlouisfed.org/graph/fredgraph.csv?id=GVZCLS,2026-10-08
gold_vol,2019-04-09,2019-04-10,9.55,https://fred.stlouisfed.org/graph/fredgraph.csv?id=GVZCLS,2026-10-08
gold_vol,2019-04-10,2019-04-11,9.45,https://fred.stlouisfed.org/graph/fredgraph.csv?id=GVZCLS,2026-10-08
gold_vol,2019-04-11,2019-04-12,9.59,https://fred.stlouisfed.org/graph/fredgraph.csv?id=GVZCLS,2026-10-08
gold_vol,2019-04-12,2019-04-13,9.28,https://fred.stlouisfed.org/graph/fredgraph.csv?id=GVZCLS,2026-10-08
gold_vol,2019-04-15,2019-04-16,9.57,https://fred.stlouisfed.org/graph/fredgraph.csv?id=GVZCLS,2026-10-08
gold_vol,2019-04-16,2019-04-17,9.78,https://fred.stlouisfed.org/graph/fredgraph.csv?id=GVZCLS,2026-10-08
gold_vol,2019-04-17,2019-04-18,9.39,https://fred.stlouisfed.org/graph/fredgraph.csv?id=GVZCLS,2026-10-08
gold_vol,2019-04-18,2019-04-19,8.96,https://fred.stlouisfed.org/graph/fredgraph.csv?id=GVZCLS,2026-10-08
gold_vol,2019-04-22,2019-04-23,9.56,https://fred.stlouisfed.org/graph/fredgraph.csv?id=GVZCLS,2026-10-08
gold_vol,2019-04-23,2019-04-24,9.54,https://fred.stlouisfed.org/graph/fredgraph.csv?id=GVZCLS,2026-10-08
gold_vol,2019-04-24,2019-04-25,9.48,https://fred.stlouisfed.org/graph/fredgraph.csv?id=GVZCLS,2026-10-08
gold_vol,2019-04-25,2019-04-26,9.35,https://fred.stlouisfed.org/graph/fredgraph.csv?id=GVZCLS,2026-10-08
gold_vol,2019-04-26,2019-04-27,9.28,https://fred.stlouisfed.org/graph/fredgraph.csv?id=GVZCLS,2026-10-08
gold_vol,2019-04-29,2019-04-30,9.46,https://fred.stlouisfed.org/graph/fredgraph.csv?id=GVZCLS,2026-10-08
gold_vol,2019-04-30,2019-05-01,9.32,https://fred.stlouisfed.org/graph/fredgraph.csv?id=GVZCLS,2026-10-08
gold_vol,2019-05-01,2019-05-02,9.19,https://fred.stlouisfed.org/graph/fredgraph.csv?id=GVZCLS,2026-10-08
gold_vol,2019-05-02,2019-05-03,9.08,https://fred.stlouisfed.org/graph/fredgraph.csv?id=GVZCLS,2026-10-08
gold_vol,2019-05-03,2019-05-04,8.89,https://fred.stlouisfed.org/graph/fredgraph.csv?id=GVZCLS,2026-10-08
gold_vol,2019-05-06,2019-05-07,9.26,https://fred.stlouisfed.org/graph/fredgraph.csv?id=GVZCLS,2026-10-08
gold_vol,2019-05-07,2019-05-08,9.74,https://fred.stlouisfed.org/graph/fredgraph.csv?id=GVZCLS,2026-10-08
gold_vol,2019-05-08,2019-05-09,9.78,https://fred.stlouisfed.org/graph/fredgraph.csv?id=GVZCLS,2026-10-08
gold_vol,2019-05-09,2019-05-10,9.96,https://fred.stlouisfed.org/graph/fredgraph.csv?id=GVZCLS,2026-10-08
gold_vol,2019-05-10,2019-05-11,9.33,https://fred.stlouisfed.org/graph/fredgraph.csv?id=GVZCLS,2026-10-08
gold_vol,2019-05-13,2019-05-14,10.51,https://fred.stlouisfed.org/graph/fredgraph.csv?id=GVZCLS,2026-10-08
gold_vol,2019-05-14,2019-05-15,9.76,https://fred.stlouisfed.org/graph/fredgraph.csv?id=GVZCLS,2026-10-08
gold_vol,2019-05-15,2019-05-16,9.45,https://fred.stlouisfed.org/graph/fredgraph.csv?id=GVZCLS,2026-10-08
gold_vol,2019-05-16,2019-05-17,9.16,https://fred.stlouisfed.org/graph/fredgraph.csv?id=GVZCLS,2026-10-08
gold_vol,2019-05-17,2019-05-18,9.16,https://fred.stlouisfed.org/graph/fredgraph.csv?id=GVZCLS,2026-10-08
gold_vol,2019-05-20,2019-05-21,9.16,https://fred.stlouisfed.org/graph/fredgraph.csv?id=GVZCLS,2026-10-08
gold_vol,2019-05-21,2019-05-22,8.99,https://fred.stlouisfed.org/graph/fredgraph.csv?id=GVZCLS,2026-10-08
gold_vol,2019-05-22,2019-05-23,9.04,https://fred.stlouisfed.org/graph/fredgraph.csv?id=GVZCLS,2026-10-08
gold_vol,2019-05-23,2019-05-24,9.47,https://fred.stlouisfed.org/graph/fredgraph.csv?id=GVZCLS,2026-10-08
gold_vol,2019-05-24,2019-05-25,9.0,https://fred.stlouisfed.org/graph/fredgraph.csv?id=GVZCLS,2026-10-08
gold_vol,2019-05-28,2019-05-29,9.2,https://fred.stlouisfed.org/graph/fredgraph.csv?id=GVZCLS,2026-10-08
gold_vol,2019-05-29,2019-05-30,8.88,https://fred.stlouisfed.org/graph/fredgraph.csv?id=GVZCLS,2026-10-08
gold_vol,2019-05-30,2019-05-31,9.3,https://fred.stlouisfed.org/graph/fredgraph.csv?id=GVZCLS,2026-10-08
gold_vol,2019-05-31,2019-06-01,10.33,https://fred.stlouisfed.org/graph/fredgraph.csv?id=GVZCLS,2026-10-08
gold_vol,2019-06-03,2019-06-04,11.79,https://fred.stlouisfed.org/graph/fredgraph.csv?id=GVZCLS,2026-10-08
gold_vol,2019-06-04,2019-06-05,10.66,https://fred.stlouisfed.org/graph/fredgraph.csv?id=GVZCLS,2026-10-08
gold_vol,2019-06-05,2019-06-06,11.26,https://fred.stlouisfed.org/graph/fredgraph.csv?id=GVZCLS,2026-10-08
gold_vol,2019-06-06,2019-06-07,11.62,https://fred.stlouisfed.org/graph/fredgraph.csv?id=GVZCLS,2026-10-08
gold_vol,2019-06-07,2019-06-08,11.41,https://fred.stlouisfed.org/graph/fredgraph.csv?id=GVZCLS,2026-10-08
gold_vol,2019-06-10,2019-06-11,10.87,https://fred.stlouisfed.org/graph/fredgraph.csv?id=GVZCLS,2026-10-08
gold_vol,2019-06-11,2019-06-12,10.52,https://fred.stlouisfed.org/graph/fredgraph.csv?id=GVZCLS,2026-10-08
gold_vol,2019-06-12,2019-06-13,11.06,https://fred.stlouisfed.org/graph/fredgraph.csv?id=GVZCLS,2026-10-08
gold_vol,2019-06-13,2019-06-14,11.68,https://fred.stlouisfed.org/graph/fredgraph.csv?id=GVZCLS,2026-10-08
gold_vol,2019-06-14,2019-06-15,11.9,https://fred.stlouisfed.org/graph/fredgraph.csv?id=GVZCLS,2026-10-08
gold_vol,2019-06-17,2019-06-18,11.99,https://fred.stlouisfed.org/graph/fredgraph.csv?id=GVZCLS,2026-10-08
gold_vol,2019-06-18,2019-06-19,12.4,https://fred.stlouisfed.org/graph/fredgraph.csv?id=GVZCLS,2026-10-08
gold_vol,2019-06-19,2019-06-20,12.41,https://fred.stlouisfed.org/graph/fredgraph.csv?id=GVZCLS,2026-10-08
gold_vol,2019-06-20,2019-06-21,15.69,https://fred.stlouisfed.org/graph/fredgraph.csv?id=GVZCLS,2026-10-08
gold_vol,2019-06-21,2019-06-22,15.54,https://fred.stlouisfed.org/graph/fredgraph.csv?id=GVZCLS,2026-10-08
gold_vol,2019-06-24,2019-06-25,16.8,https://fred.stlouisfed.org/graph/fredgraph.csv?id=GVZCLS,2026-10-08
gold_vol,2019-06-25,2019-06-26,17.08,https://fred.stlouisfed.org/graph/fredgraph.csv?id=GVZCLS,2026-10-08
gold_vol,2019-06-26,2019-06-27,15.88,https://fred.stlouisfed.org/graph/fredgraph.csv?id=GVZCLS,2026-10-08
gold_vol,2019-06-27,2019-06-28,15.57,https://fred.stlouisfed.org/graph/fredgraph.csv?id=GVZCLS,2026-10-08
gold_vol,2019-06-28,2019-06-29,15.99,https://fred.stlouisfed.org/graph/fredgraph.csv?id=GVZCLS,2026-10-08
gold_vol,2019-07-01,2019-07-02,14.08,https://fred.stlouisfed.org/graph/fredgraph.csv?id=GVZCLS,2026-10-08
gold_vol,2019-07-02,2019-07-03,15.8,https://fred.stlouisfed.org/graph/fredgraph.csv?id=GVZCLS,2026-10-08
gold_vol,2019-07-03,2019-07-04,15.89,https://fred.stlouisfed.org/graph/fredgraph.csv?id=GVZCLS,2026-10-08
gold_vol,2019-07-05,2019-07-06,15.07,https://fred.stlouisfed.org/graph/fredgraph.csv?id=GVZCLS,2026-10-08
gold_vol,2019-07-08,2019-07-09,12.99,https://fred.stlouisfed.org/graph/fredgraph.csv?id=GVZCLS,2026-10-08
gold_vol,2019-07-09,2019-07-10,13.45,https://fred.stlouisfed.org/graph/fredgraph.csv?id=GVZCLS,2026-10-08
gold_vol,2019-07-10,2019-07-11,15.01,https://fred.stlouisfed.org/graph/fredgraph.csv?id=GVZCLS,2026-10-08
gold_vol,2019-07-11,2019-07-12,13.64,https://fred.stlouisfed.org/graph/fredgraph.csv?id=GVZCLS,2026-10-08
gold_vol,2019-07-12,2019-07-13,14.65,https://fred.stlouisfed.org/graph/fredgraph.csv?id=GVZCLS,2026-10-08
gold_vol,2019-07-15,2019-07-16,14.9,https://fred.stlouisfed.org/graph/fredgraph.csv?id=GVZCLS,2026-10-08
gold_vol,2019-07-16,2019-07-17,14.32,https://fred.stlouisfed.org/graph/fredgraph.csv?id=GVZCLS,2026-10-08
gold_vol,2019-07-17,2019-07-18,16.02,https://fred.stlouisfed.org/graph/fredgraph.csv?id=GVZCLS,2026-10-08
gold_vol,2019-07-18,2019-07-19,17.45,https://fred.stlouisfed.org/graph/fredgraph.csv?id=GVZCLS,2026-10-08
gold_vol,2019-07-19,2019-07-20,15.83,https://fred.stlouisfed.org/graph/fredgraph.csv?id=GVZCLS,2026-10-08
gold_vol,2019-07-22,2019-07-23,14.89,https://fred.stlouisfed.org/graph/fredgraph.csv?id=GVZCLS,2026-10-08
gold_vol,2019-07-23,2019-07-24,14.28,https://fred.stlouisfed.org/graph/fredgraph.csv?id=GVZCLS,2026-10-08
gold_vol,2019-07-24,2019-07-25,14.55,https://fred.stlouisfed.org/graph/fredgraph.csv?id=GVZCLS,2026-10-08
gold_vol,2019-07-25,2019-07-26,13.54,https://fred.stlouisfed.org/graph/fredgraph.csv?id=GVZCLS,2026-10-08
gold_vol,2019-07-26,2019-07-27,12.31,https://fred.stlouisfed.org/graph/fredgraph.csv?id=GVZCLS,2026-10-08
gold_vol,2019-07-29,2019-07-30,13.59,https://fred.stlouisfed.org/graph/fredgraph.csv?id=GVZCLS,2026-10-08
gold_vol,2019-07-30,2019-07-31,14.51,https://fred.stlouisfed.org/graph/fredgraph.csv?id=GVZCLS,2026-10-08
gold_vol,2019-07-31,2019-08-01,13.21,https://fred.stlouisfed.org/graph/fredgraph.csv?id=GVZCLS,2026-10-08
gold_vol,2019-08-01,2019-08-02,16.01,https://fred.stlouisfed.org/graph/fredgraph.csv?id=GVZCLS,2026-10-08
gold_vol,2019-08-02,2019-08-03,15.0,https://fred.stlouisfed.org/graph/fredgraph.csv?id=GVZCLS,2026-10-08
gold_vol,2019-08-05,2019-08-06,16.91,https://fred.stlouisfed.org/graph/fredgraph.csv?id=GVZCLS,2026-10-08
gold_vol,2019-08-06,2019-08-07,16.02,https://fred.stlouisfed.org/graph/fredgraph.csv?id=GVZCLS,2026-10-08
gold_vol,2019-08-07,2019-08-08,18.16,https://fred.stlouisfed.org/graph/fredgraph.csv?id=GVZCLS,2026-10-08
gold_vol,2019-08-08,2019-08-09,17.53,https://fred.stlouisfed.org/graph/fredgraph.csv?id=GVZCLS,2026-10-08
gold_vol,2019-08-09,2019-08-10,16.64,https://fred.stlouisfed.org/graph/fredgraph.csv?id=GVZCLS,2026-10-08
gold_vol,2019-08-12,2019-08-13,18.46,https://fred.stlouisfed.org/graph/fredgraph.csv?id=GVZCLS,2026-10-08
gold_vol,2019-08-13,2019-08-14,17.92,https://fred.stlouisfed.org/graph/fredgraph.csv?id=GVZCLS,2026-10-08
gold_vol,2019-08-14,2019-08-15,18.19,https://fred.stlouisfed.org/graph/fredgraph.csv?id=GVZCLS,2026-10-08
gold_vol,2019-08-15,2019-08-16,18.72,https://fred.stlouisfed.org/graph/fredgraph.csv?id=GVZCLS,2026-10-08
gold_vol,2019-08-16,2019-08-17,16.86,https://fred.stlouisfed.org/graph/fredgraph.csv?id=GVZCLS,2026-10-08
gold_vol,2019-08-19,2019-08-20,14.94,https://fred.stlouisfed.org/graph/fredgraph.csv?id=GVZCLS,2026-10-08
gold_vol,2019-08-20,2019-08-21,15.42,https://fred.stlouisfed.org/graph/fredgraph.csv?id=GVZCLS,2026-10-08
gold_vol,2019-08-21,2019-08-22,15.13,https://fred.stlouisfed.org/graph/fredgraph.csv?id=GVZCLS,2026-10-08
gold_vol,2019-08-22,2019-08-23,15.35,https://fred.stlouisfed.org/graph/fredgraph.csv?id=GVZCLS,2026-10-08
gold_vol,2019-08-23,2019-08-24,18.36,https://fred.stlouisfed.org/graph/fredgraph.csv?id=GVZCLS,2026-10-08
gold_vol,2019-08-26,2019-08-27,17.54,https://fred.stlouisfed.org/graph/fredgraph.csv?id=GVZCLS,2026-10-08
gold_vol,2019-08-27,2019-08-28,17.34,https://fred.stlouisfed.org/graph/fredgraph.csv?id=GVZCLS,2026-10-08
gold_vol,2019-08-28,2019-08-29,16.83,https://fred.stlouisfed.org/graph/fredgraph.csv?id=GVZCLS,2026-10-08
gold_vol,2019-08-29,2019-08-30,16.31,https://fred.stlouisfed.org/graph/fredgraph.csv?id=GVZCLS,2026-10-08
gold_vol,2019-08-30,2019-08-31,15.45,https://fred.stlouisfed.org/graph/fredgraph.csv?id=GVZCLS,2026-10-08
gold_vol,2019-09-03,2019-09-04,16.86,https://fred.stlouisfed.org/graph/fredgraph.csv?id=GVZCLS,2026-10-08
gold_vol,2019-09-04,2019-09-05,17.27,https://fred.stlouisfed.org/graph/fredgraph.csv?id=GVZCLS,2026-10-08
gold_vol,2019-09-05,2019-09-06,15.72,https://fred.stlouisfed.org/graph/fredgraph.csv?id=GVZCLS,2026-10-08
gold_vol,2019-09-06,2019-09-07,14.75,https://fred.stlouisfed.org/graph/fredgraph.csv?id=GVZCLS,2026-10-08
gold_vol,2019-09-09,2019-09-10,14.76,https://fred.stlouisfed.org/graph/fredgraph.csv?id=GVZCLS,2026-10-08
gold_vol,2019-09-10,2019-09-11,14.62,https://fred.stlouisfed.org/graph/fredgraph.csv?id=GVZCLS,2026-10-08
gold_vol,2019-09-11,2019-09-12,14.95,https://fred.stlouisfed.org/graph/fredgraph.csv?id=GVZCLS,2026-10-08
gold_vol,2019-09-12,2019-09-13,15.07,https://fred.stlouisfed.org/graph/fredgraph.csv?id=GVZCLS,2026-10-08
gold_vol,2019-09-13,2019-09-14,14.94,https://fred.stlouisfed.org/graph/fredgraph.csv?id=GVZCLS,2026-10-08
gold_vol,2019-09-16,2019-09-17,16.07,https://fred.stlouisfed.org/graph/fredgraph.csv?id=GVZCLS,2026-10-08
gold_vol,2019-09-17,2019-09-18,15.91,https://fred.stlouisfed.org/graph/fredgraph.csv?id=GVZCLS,2026-10-08
gold_vol,2019-09-18,2019-09-19,15.1,https://fred.stlouisfed.org/graph/fredgraph.csv?id=GVZCLS,2026-10-08
gold_vol,2019-09-19,2019-09-20,15.13,https://fred.stlouisfed.org/graph/fredgraph.csv?id=GVZCLS,2026-10-08
gold_vol,2019-09-20,2019-09-21,16.79,https://fred.stlouisfed.org/graph/fredgraph.csv?id=GVZCLS,2026-10-08
gold_vol,2019-09-23,2019-09-24,16.92,https://fred.stlouisfed.org/graph/fredgraph.csv?id=GVZCLS,2026-10-08
gold_vol,2019-09-24,2019-09-25,17.22,https://fred.stlouisfed.org/graph/fredgraph.csv?id=GVZCLS,2026-10-08
gold_vol,2019-09-25,2019-09-26,15.62,https://fred.stlouisfed.org/graph/fredgraph.csv?id=GVZCLS,2026-10-08
gold_vol,2019-09-26,2019-09-27,15.11,https://fred.stlouisfed.org/graph/fredgraph.csv?id=GVZCLS,2026-10-08
gold_vol,2019-09-27,2019-09-28,14.96,https://fred.stlouisfed.org/graph/fredgraph.csv?id=GVZCLS,2026-10-08
gold_vol,2019-09-30,2019-10-01,15.37,https://fred.stlouisfed.org/graph/fredgraph.csv?id=GVZCLS,2026-10-08
gold_vol,2019-10-01,2019-10-02,15.61,https://fred.stlouisfed.org/graph/fredgraph.csv?id=GVZCLS,2026-10-08
gold_vol,2019-10-02,2019-10-03,15.75,https://fred.stlouisfed.org/graph/fredgraph.csv?id=GVZCLS,2026-10-08
gold_vol,2019-10-03,2019-10-04,16.33,https://fred.stlouisfed.org/graph/fredgraph.csv?id=GVZCLS,2026-10-08
gold_vol,2019-10-04,2019-10-05,15.26,https://fred.stlouisfed.org/graph/fredgraph.csv?id=GVZCLS,2026-10-08
gold_vol,2019-10-07,2019-10-08,15.44,https://fred.stlouisfed.org/graph/fredgraph.csv?id=GVZCLS,2026-10-08
gold_vol,2019-10-08,2019-10-09,16.21,https://fred.stlouisfed.org/graph/fredgraph.csv?id=GVZCLS,2026-10-08
gold_vol,2019-10-09,2019-10-10,15.73,https://fred.stlouisfed.org/graph/fredgraph.csv?id=GVZCLS,2026-10-08
gold_vol,2019-10-10,2019-10-11,15.7,https://fred.stlouisfed.org/graph/fredgraph.csv?id=GVZCLS,2026-10-08
gold_vol,2019-10-11,2019-10-12,15.72,https://fred.stlouisfed.org/graph/fredgraph.csv?id=GVZCLS,2026-10-08
gold_vol,2019-10-14,2019-10-15,15.65,https://fred.stlouisfed.org/graph/fredgraph.csv?id=GVZCLS,2026-10-08
gold_vol,2019-10-15,2019-10-16,15.08,https://fred.stlouisfed.org/graph/fredgraph.csv?id=GVZCLS,2026-10-08
gold_vol,2019-10-16,2019-10-17,14.94,https://fred.stlouisfed.org/graph/fredgraph.csv?id=GVZCLS,2026-10-08
gold_vol,2019-10-17,2019-10-18,14.84,https://fred.stlouisfed.org/graph/fredgraph.csv?id=GVZCLS,2026-10-08
gold_vol,2019-10-18,2019-10-19,14.85,https://fred.stlouisfed.org/graph/fredgraph.csv?id=GVZCLS,2026-10-08
gold_vol,2019-10-21,2019-10-22,14.05,https://fred.stlouisfed.org/graph/fredgraph.csv?id=GVZCLS,2026-10-08
gold_vol,2019-10-22,2019-10-23,13.67,https://fred.stlouisfed.org/graph/fredgraph.csv?id=GVZCLS,2026-10-08
gold_vol,2019-10-23,2019-10-24,13.23,https://fred.stlouisfed.org/graph/fredgraph.csv?id=GVZCLS,2026-10-08
gold_vol,2019-10-24,2019-10-25,13.97,https://fred.stlouisfed.org/graph/fredgraph.csv?id=GVZCLS,2026-10-08
gold_vol,2019-10-25,2019-10-26,13.48,https://fred.stlouisfed.org/graph/fredgraph.csv?id=GVZCLS,2026-10-08
gold_vol,2019-10-28,2019-10-29,13.78,https://fred.stlouisfed.org/graph/fredgraph.csv?id=GVZCLS,2026-10-08
gold_vol,2019-10-29,2019-10-30,13.46,https://fred.stlouisfed.org/graph/fredgraph.csv?id=GVZCLS,2026-10-08
gold_vol,2019-10-30,2019-10-31,13.17,https://fred.stlouisfed.org/graph/fredgraph.csv?id=GVZCLS,2026-10-08
gold_vol,2019-10-31,2019-11-01,13.39,https://fred.stlouisfed.org/graph/fredgraph.csv?id=GVZCLS,2026-10-08
gold_vol,2019-11-01,2019-11-02,12.86,https://fred.stlouisfed.org/graph/fredgraph.csv?id=GVZCLS,2026-10-08
gold_vol,2019-11-04,2019-11-05,12.45,https://fred.stlouisfed.org/graph/fredgraph.csv?id=GVZCLS,2026-10-08
gold_vol,2019-11-05,2019-11-06,12.43,https://fred.stlouisfed.org/graph/fredgraph.csv?id=GVZCLS,2026-10-08
gold_vol,2019-11-06,2019-11-07,12.04,https://fred.stlouisfed.org/graph/fredgraph.csv?id=GVZCLS,2026-10-08
gold_vol,2019-11-07,2019-11-08,12.35,https://fred.stlouisfed.org/graph/fredgraph.csv?id=GVZCLS,2026-10-08
gold_vol,2019-11-08,2019-11-09,12.27,https://fred.stlouisfed.org/graph/fredgraph.csv?id=GVZCLS,2026-10-08
gold_vol,2019-11-11,2019-11-12,12.87,https://fred.stlouisfed.org/graph/fredgraph.csv?id=GVZCLS,2026-10-08
gold_vol,2019-11-12,2019-11-13,11.91,https://fred.stlouisfed.org/graph/fredgraph.csv?id=GVZCLS,2026-10-08
gold_vol,2019-11-13,2019-11-14,11.56,https://fred.stlouisfed.org/graph/fredgraph.csv?id=GVZCLS,2026-10-08
gold_vol,2019-11-14,2019-11-15,11.83,https://fred.stlouisfed.org/graph/fredgraph.csv?id=GVZCLS,2026-10-08
gold_vol,2019-11-15,2019-11-16,11.23,https://fred.stlouisfed.org/graph/fredgraph.csv?id=GVZCLS,2026-10-08
gold_vol,2019-11-18,2019-11-19,11.55,https://fred.stlouisfed.org/graph/fredgraph.csv?id=GVZCLS,2026-10-08
gold_vol,2019-11-19,2019-11-20,11.5,https://fred.stlouisfed.org/graph/fredgraph.csv?id=GVZCLS,2026-10-08
gold_vol,2019-11-20,2019-11-21,11.55,https://fred.stlouisfed.org/graph/fredgraph.csv?id=GVZCLS,2026-10-08
gold_vol,2019-11-21,2019-11-22,11.37,https://fred.stlouisfed.org/graph/fredgraph.csv?id=GVZCLS,2026-10-08
gold_vol,2019-11-22,2019-11-23,11.32,https://fred.stlouisfed.org/graph/fredgraph.csv?id=GVZCLS,2026-10-08
gold_vol,2019-11-25,2019-11-26,11.15,https://fred.stlouisfed.org/graph/fredgraph.csv?id=GVZCLS,2026-10-08
gold_vol,2019-11-26,2019-11-27,10.76,https://fred.stlouisfed.org/graph/fredgraph.csv?id=GVZCLS,2026-10-08
gold_vol,2019-11-27,2019-11-28,10.3,https://fred.stlouisfed.org/graph/fredgraph.csv?id=GVZCLS,2026-10-08
gold_vol,2019-11-29,2019-11-30,10.71,https://fred.stlouisfed.org/graph/fredgraph.csv?id=GVZCLS,2026-10-08
gold_vol,2019-12-02,2019-12-03,10.77,https://fred.stlouisfed.org/graph/fredgraph.csv?id=GVZCLS,2026-10-08
gold_vol,2019-12-03,2019-12-04,12.15,https://fred.stlouisfed.org/graph/fredgraph.csv?id=GVZCLS,2026-10-08
gold_vol,2019-12-04,2019-12-05,11.57,https://fred.stlouisfed.org/graph/fredgraph.csv?id=GVZCLS,2026-10-08
gold_vol,2019-12-05,2019-12-06,11.25,https://fred.stlouisfed.org/graph/fredgraph.csv?id=GVZCLS,2026-10-08
gold_vol,2019-12-06,2019-12-07,10.73,https://fred.stlouisfed.org/graph/fredgraph.csv?id=GVZCLS,2026-10-08
gold_vol,2019-12-09,2019-12-10,10.75,https://fred.stlouisfed.org/graph/fredgraph.csv?id=GVZCLS,2026-10-08
gold_vol,2019-12-10,2019-12-11,10.33,https://fred.stlouisfed.org/graph/fredgraph.csv?id=GVZCLS,2026-10-08
gold_vol,2019-12-11,2019-12-12,10.81,https://fred.stlouisfed.org/graph/fredgraph.csv?id=GVZCLS,2026-10-08
gold_vol,2019-12-12,2019-12-13,10.95,https://fred.stlouisfed.org/graph/fredgraph.csv?id=GVZCLS,2026-10-08
gold_vol,2019-12-13,2019-12-14,10.39,https://fred.stlouisfed.org/graph/fredgraph.csv?id=GVZCLS,2026-10-08
gold_vol,2019-12-16,2019-12-17,10.39,https://fred.stlouisfed.org/graph/fredgraph.csv?id=GVZCLS,2026-10-08
gold_vol,2019-12-17,2019-12-18,10.03,https://fred.stlouisfed.org/graph/fredgraph.csv?id=GVZCLS,2026-10-08
gold_vol,2019-12-18,2019-12-19,10.04,https://fred.stlouisfed.org/graph/fredgraph.csv?id=GVZCLS,2026-10-08
gold_vol,2019-12-19,2019-12-20,10.39,https://fred.stlouisfed.org/graph/fredgraph.csv?id=GVZCLS,2026-10-08
gold_vol,2019-12-20,2019-12-21,9.69,https://fred.stlouisfed.org/graph/fredgraph.csv?id=GVZCLS,2026-10-08
gold_vol,2019-12-23,2019-12-24,10.56,https://fred.stlouisfed.org/graph/fredgraph.csv?id=GVZCLS,2026-10-08
gold_vol,2019-12-24,2019-12-25,11.93,https://fred.stlouisfed.org/graph/fredgraph.csv?id=GVZCLS,2026-10-08
gold_vol,2019-12-26,2019-12-27,13.33,https://fred.stlouisfed.org/graph/fredgraph.csv?id=GVZCLS,2026-10-08
gold_vol,2019-12-27,2019-12-28,12.32,https://fred.stlouisfed.org/graph/fredgraph.csv?id=GVZCLS,2026-10-08
gold_vol,2019-12-30,2019-12-31,12.56,https://fred.stlouisfed.org/graph/fredgraph.csv?id=GVZCLS,2026-10-08
gold_vol,2019-12-31,2020-01-01,12.63,https://fred.stlouisfed.org/graph/fredgraph.csv?id=GVZCLS,2026-10-08
gold_vol,2020-01-02,2020-01-03,12.7,https://fred.stlouisfed.org/graph/fredgraph.csv?id=GVZCLS,2026-10-08
gold_vol,2020-01-03,2020-01-04,13.46,https://fred.stlouisfed.org/graph/fredgraph.csv?id=GVZCLS,2026-10-08
gold_vol,2020-01-06,2020-01-07,14.21,https://fred.stlouisfed.org/graph/fredgraph.csv?id=GVZCLS,2026-10-08
gold_vol,2020-01-07,2020-01-08,14.01,https://fred.stlouisfed.org/graph/fredgraph.csv?id=GVZCLS,2026-10-08
gold_vol,2020-01-08,2020-01-09,13.67,https://fred.stlouisfed.org/graph/fredgraph.csv?id=GVZCLS,2026-10-08
gold_vol,2020-01-09,2020-01-10,12.54,https://fred.stlouisfed.org/graph/fredgraph.csv?id=GVZCLS,2026-10-08
gold_vol,2020-01-10,2020-01-11,12.27,https://fred.stlouisfed.org/graph/fredgraph.csv?id=GVZCLS,2026-10-08
gold_vol,2020-01-13,2020-01-14,10.91,https://fred.stlouisfed.org/graph/fredgraph.csv?id=GVZCLS,2026-10-08
gold_vol,2020-01-14,2020-01-15,11.02,https://fred.stlouisfed.org/graph/fredgraph.csv?id=GVZCLS,2026-10-08
gold_vol,2020-01-15,2020-01-16,11.75,https://fred.stlouisfed.org/graph/fredgraph.csv?id=GVZCLS,2026-10-08
gold_vol,2020-01-16,2020-01-17,11.38,https://fred.stlouisfed.org/graph/fredgraph.csv?id=GVZCLS,2026-10-08
gold_vol,2020-01-17,2020-01-18,11.31,https://fred.stlouisfed.org/graph/fredgraph.csv?id=GVZCLS,2026-10-08
gold_vol,2020-01-21,2020-01-22,11.48,https://fred.stlouisfed.org/graph/fredgraph.csv?id=GVZCLS,2026-10-08
gold_vol,2020-01-22,2020-01-23,11.16,https://fred.stlouisfed.org/graph/fredgraph.csv?id=GVZCLS,2026-10-08
gold_vol,2020-01-23,2020-01-24,11.61,https://fred.stlouisfed.org/graph/fredgraph.csv?id=GVZCLS,2026-10-08
gold_vol,2020-01-24,2020-01-25,12.48,https://fred.stlouisfed.org/graph/fredgraph.csv?id=GVZCLS,2026-10-08
gold_vol,2020-01-27,2020-01-28,12.9,https://fred.stlouisfed.org/graph/fredgraph.csv?id=GVZCLS,2026-10-08
gold_vol,2020-01-28,2020-01-29,11.89,https://fred.stlouisfed.org/graph/fredgraph.csv?id=GVZCLS,2026-10-08
gold_vol,2020-01-29,2020-01-30,12.09,https://fred.stlouisfed.org/graph/fredgraph.csv?id=GVZCLS,2026-10-08
gold_vol,2020-01-30,2020-01-31,12.23,https://fred.stlouisfed.org/graph/fredgraph.csv?id=GVZCLS,2026-10-08
gold_vol,2020-01-31,2020-02-01,13.5,https://fred.stlouisfed.org/graph/fredgraph.csv?id=GVZCLS,2026-10-08
gold_vol,2020-02-03,2020-02-04,12.48,https://fred.stlouisfed.org/graph/fredgraph.csv?id=GVZCLS,2026-10-08
gold_vol,2020-02-04,2020-02-05,12.01,https://fred.stlouisfed.org/graph/fredgraph.csv?id=GVZCLS,2026-10-08
gold_vol,2020-02-05,2020-02-06,11.32,https://fred.stlouisfed.org/graph/fredgraph.csv?id=GVZCLS,2026-10-08
gold_vol,2020-02-06,2020-02-07,11.45,https://fred.stlouisfed.org/graph/fredgraph.csv?id=GVZCLS,2026-10-08
gold_vol,2020-02-07,2020-02-08,11.3,https://fred.stlouisfed.org/graph/fredgraph.csv?id=GVZCLS,2026-10-08
gold_vol,2020-02-10,2020-02-11,11.91,https://fred.stlouisfed.org/graph/fredgraph.csv?id=GVZCLS,2026-10-08
gold_vol,2020-02-11,2020-02-12,11.48,https://fred.stlouisfed.org/graph/fredgraph.csv?id=GVZCLS,2026-10-08
gold_vol,2020-02-12,2020-02-13,11.07,https://fred.stlouisfed.org/graph/fredgraph.csv?id=GVZCLS,2026-10-08
gold_vol,2020-02-13,2020-02-14,11.59,https://fred.stlouisfed.org/graph/fredgraph.csv?id=GVZCLS,2026-10-08
gold_vol,2020-02-14,2020-02-15,11.62,https://fred.stlouisfed.org/graph/fredgraph.csv?id=GVZCLS,2026-10-08
gold_vol,2020-02-18,2020-02-19,13.02,https://fred.stlouisfed.org/graph/fredgraph.csv?id=GVZCLS,2026-10-08
gold_vol,2020-02-19,2020-02-20,13.34,https://fred.stlouisfed.org/graph/fredgraph.csv?id=GVZCLS,2026-10-08
gold_vol,2020-02-20,2020-02-21,13.35,https://fred.stlouisfed.org/graph/fredgraph.csv?id=GVZCLS,2026-10-08
gold_vol,2020-02-21,2020-02-22,15.79,https://fred.stlouisfed.org/graph/fredgraph.csv?id=GVZCLS,2026-10-08
gold_vol,2020-02-24,2020-02-25,17.58,https://fred.stlouisfed.org/graph/fredgraph.csv?id=GVZCLS,2026-10-08
gold_vol,2020-02-25,2020-02-26,18.13,https://fred.stlouisfed.org/graph/fredgraph.csv?id=GVZCLS,2026-10-08
gold_vol,2020-02-26,2020-02-27,16.48,https://fred.stlouisfed.org/graph/fredgraph.csv?id=GVZCLS,2026-10-08
gold_vol,2020-02-27,2020-02-28,18.05,https://fred.stlouisfed.org/graph/fredgraph.csv?id=GVZCLS,2026-10-08
gold_vol,2020-02-28,2020-02-29,21.27,https://fred.stlouisfed.org/graph/fredgraph.csv?id=GVZCLS,2026-10-08
gold_vol,2020-03-02,2020-03-03,18.98,https://fred.stlouisfed.org/graph/fredgraph.csv?id=GVZCLS,2026-10-08
gold_vol,2020-03-03,2020-03-04,22.01,https://fred.stlouisfed.org/graph/fredgraph.csv?id=GVZCLS,2026-10-08
gold_vol,2020-03-04,2020-03-05,18.55,https://fred.stlouisfed.org/graph/fredgraph.csv?id=GVZCLS,2026-10-08
gold_vol,2020-03-05,2020-03-06,22.43,https://fred.stlouisfed.org/graph/fredgraph.csv?id=GVZCLS,2026-10-08
gold_vol,2020-03-06,2020-03-07,25.12,https://fred.stlouisfed.org/graph/fredgraph.csv?id=GVZCLS,2026-10-08
gold_vol,2020-03-09,2020-03-10,31.29,https://fred.stlouisfed.org/graph/fredgraph.csv?id=GVZCLS,2026-10-08
gold_vol,2020-03-10,2020-03-11,23.99,https://fred.stlouisfed.org/graph/fredgraph.csv?id=GVZCLS,2026-10-08
gold_vol,2020-03-11,2020-03-12,26.74,https://fred.stlouisfed.org/graph/fredgraph.csv?id=GVZCLS,2026-10-08
gold_vol,2020-03-12,2020-03-13,30.18,https://fred.stlouisfed.org/graph/fredgraph.csv?id=GVZCLS,2026-10-08
gold_vol,2020-03-13,2020-03-14,37.43,https://fred.stlouisfed.org/graph/fredgraph.csv?id=GVZCLS,2026-10-08
gold_vol,2020-03-16,2020-03-17,41.43,https://fred.stlouisfed.org/graph/fredgraph.csv?id=GVZCLS,2026-10-08
gold_vol,2020-03-17,2020-03-18,45.27,https://fred.stlouisfed.org/graph/fredgraph.csv?id=GVZCLS,2026-10-08
gold_vol,2020-03-18,2020-03-19,48.98,https://fred.stlouisfed.org/graph/fredgraph.csv?id=GVZCLS,2026-10-08
gold_vol,2020-03-19,2020-03-20,39.48,https://fred.stlouisfed.org/graph/fredgraph.csv?id=GVZCLS,2026-10-08
gold_vol,2020-03-20,2020-03-21,36.81,https://fred.stlouisfed.org/graph/fredgraph.csv?id=GVZCLS,2026-10-08
gold_vol,2020-03-23,2020-03-24,41.16,https://fred.stlouisfed.org/graph/fredgraph.csv?id=GVZCLS,2026-10-08
gold_vol,2020-03-24,2020-03-25,40.41,https://fred.stlouisfed.org/graph/fredgraph.csv?id=GVZCLS,2026-10-08
gold_vol,2020-03-25,2020-03-26,40.56,https://fred.stlouisfed.org/graph/fredgraph.csv?id=GVZCLS,2026-10-08
gold_vol,2020-03-26,2020-03-27,37.48,https://fred.stlouisfed.org/graph/fredgraph.csv?id=GVZCLS,2026-10-08
gold_vol,2020-03-27,2020-03-28,34.89,https://fred.stlouisfed.org/graph/fredgraph.csv?id=GVZCLS,2026-10-08
gold_vol,2020-03-30,2020-03-31,30.42,https://fred.stlouisfed.org/graph/fredgraph.csv?id=GVZCLS,2026-10-08
gold_vol,2020-03-31,2020-04-01,29.19,https://fred.stlouisfed.org/graph/fredgraph.csv?id=GVZCLS,2026-10-08
gold_vol,2020-04-01,2020-04-02,30.26,https://fred.stlouisfed.org/graph/fredgraph.csv?id=GVZCLS,2026-10-08
gold_vol,2020-04-02,2020-04-03,31.91,https://fred.stlouisfed.org/graph/fredgraph.csv?id=GVZCLS,2026-10-08
gold_vol,2020-04-03,2020-04-04,31.85,https://fred.stlouisfed.org/graph/fredgraph.csv?id=GVZCLS,2026-10-08
gold_vol,2020-04-06,2020-04-07,35.76,https://fred.stlouisfed.org/graph/fredgraph.csv?id=GVZCLS,2026-10-08
gold_vol,2020-04-07,2020-04-08,34.27,https://fred.stlouisfed.org/graph/fredgraph.csv?id=GVZCLS,2026-10-08
gold_vol,2020-04-08,2020-04-09,29.98,https://fred.stlouisfed.org/graph/fredgraph.csv?id=GVZCLS,2026-10-08
gold_vol,2020-04-09,2020-04-10,27.59,https://fred.stlouisfed.org/graph/fredgraph.csv?id=GVZCLS,2026-10-08
gold_vol,2020-04-13,2020-04-14,28.41,https://fred.stlouisfed.org/graph/fredgraph.csv?id=GVZCLS,2026-10-08
gold_vol,2020-04-14,2020-04-15,28.87,https://fred.stlouisfed.org/graph/fredgraph.csv?id=GVZCLS,2026-10-08
gold_vol,2020-04-15,2020-04-16,27.39,https://fred.stlouisfed.org/graph/fredgraph.csv?id=GVZCLS,2026-10-08
gold_vol,2020-04-16,2020-04-17,27.74,https://fred.stlouisfed.org/graph/fredgraph.csv?id=GVZCLS,2026-10-08
gold_vol,2020-04-17,2020-04-18,26.96,https://fred.stlouisfed.org/graph/fredgraph.csv?id=GVZCLS,2026-10-08
gold_vol,2020-04-20,2020-04-21,28.01,https://fred.stlouisfed.org/graph/fredgraph.csv?id=GVZCLS,2026-10-08
gold_vol,2020-04-21,2020-04-22,30.62,https://fred.stlouisfed.org/graph/fredgraph.csv?id=GVZCLS,2026-10-08
gold_vol,2020-04-22,2020-04-23,30.44,https://fred.stlouisfed.org/graph/fredgraph.csv?id=GVZCLS,2026-10-08
gold_vol,2020-04-23,2020-04-24,30.25,https://fred.stlouisfed.org/graph/fredgraph.csv?id=GVZCLS,2026-10-08
gold_vol,2020-04-24,2020-04-25,29.22,https://fred.stlouisfed.org/graph/fredgraph.csv?id=GVZCLS,2026-10-08
gold_vol,2020-04-27,2020-04-28,26.75,https://fred.stlouisfed.org/graph/fredgraph.csv?id=GVZCLS,2026-10-08
gold_vol,2020-04-28,2020-04-29,24.43,https://fred.stlouisfed.org/graph/fredgraph.csv?id=GVZCLS,2026-10-08
gold_vol,2020-04-29,2020-04-30,24.16,https://fred.stlouisfed.org/graph/fredgraph.csv?id=GVZCLS,2026-10-08
gold_vol,2020-04-30,2020-05-01,24.24,https://fred.stlouisfed.org/graph/fredgraph.csv?id=GVZCLS,2026-10-08
gold_vol,2020-05-01,2020-05-02,24.25,https://fred.stlouisfed.org/graph/fredgraph.csv?id=GVZCLS,2026-10-08
gold_vol,2020-05-04,2020-05-05,23.68,https://fred.stlouisfed.org/graph/fredgraph.csv?id=GVZCLS,2026-10-08
gold_vol,2020-05-05,2020-05-06,24.97,https://fred.stlouisfed.org/graph/fredgraph.csv?id=GVZCLS,2026-10-08
gold_vol,2020-05-06,2020-05-07,24.47,https://fred.stlouisfed.org/graph/fredgraph.csv?id=GVZCLS,2026-10-08
gold_vol,2020-05-07,2020-05-08,26.15,https://fred.stlouisfed.org/graph/fredgraph.csv?id=GVZCLS,2026-10-08
gold_vol,2020-05-08,2020-05-09,24.89,https://fred.stlouisfed.org/graph/fredgraph.csv?id=GVZCLS,2026-10-08
gold_vol,2020-05-11,2020-05-12,23.55,https://fred.stlouisfed.org/graph/fredgraph.csv?id=GVZCLS,2026-10-08
gold_vol,2020-05-12,2020-05-13,22.45,https://fred.stlouisfed.org/graph/fredgraph.csv?id=GVZCLS,2026-10-08
gold_vol,2020-05-13,2020-05-14,22.71,https://fred.stlouisfed.org/graph/fredgraph.csv?id=GVZCLS,2026-10-08
gold_vol,2020-05-14,2020-05-15,24.15,https://fred.stlouisfed.org/graph/fredgraph.csv?id=GVZCLS,2026-10-08
gold_vol,2020-05-15,2020-05-16,23.63,https://fred.stlouisfed.org/graph/fredgraph.csv?id=GVZCLS,2026-10-08
gold_vol,2020-05-18,2020-05-19,22.81,https://fred.stlouisfed.org/graph/fredgraph.csv?id=GVZCLS,2026-10-08
gold_vol,2020-05-19,2020-05-20,21.33,https://fred.stlouisfed.org/graph/fredgraph.csv?id=GVZCLS,2026-10-08
gold_vol,2020-05-20,2020-05-21,20.12,https://fred.stlouisfed.org/graph/fredgraph.csv?id=GVZCLS,2026-10-08
gold_vol,2020-05-21,2020-05-22,19.74,https://fred.stlouisfed.org/graph/fredgraph.csv?id=GVZCLS,2026-10-08
gold_vol,2020-05-22,2020-05-23,18.95,https://fred.stlouisfed.org/graph/fredgraph.csv?id=GVZCLS,2026-10-08
gold_vol,2020-05-26,2020-05-27,18.57,https://fred.stlouisfed.org/graph/fredgraph.csv?id=GVZCLS,2026-10-08
gold_vol,2020-05-27,2020-05-28,18.51,https://fred.stlouisfed.org/graph/fredgraph.csv?id=GVZCLS,2026-10-08
gold_vol,2020-05-28,2020-05-29,18.1,https://fred.stlouisfed.org/graph/fredgraph.csv?id=GVZCLS,2026-10-08
gold_vol,2020-05-29,2020-05-30,18.15,https://fred.stlouisfed.org/graph/fredgraph.csv?id=GVZCLS,2026-10-08
gold_vol,2020-06-01,2020-06-02,18.06,https://fred.stlouisfed.org/graph/fredgraph.csv?id=GVZCLS,2026-10-08
gold_vol,2020-06-02,2020-06-03,18.1,https://fred.stlouisfed.org/graph/fredgraph.csv?id=GVZCLS,2026-10-08
gold_vol,2020-06-03,2020-06-04,18.47,https://fred.stlouisfed.org/graph/fredgraph.csv?id=GVZCLS,2026-10-08
gold_vol,2020-06-04,2020-06-05,18.05,https://fred.stlouisfed.org/graph/fredgraph.csv?id=GVZCLS,2026-10-08
gold_vol,2020-06-05,2020-06-06,18.17,https://fred.stlouisfed.org/graph/fredgraph.csv?id=GVZCLS,2026-10-08
gold_vol,2020-06-08,2020-06-09,17.94,https://fred.stlouisfed.org/graph/fredgraph.csv?id=GVZCLS,2026-10-08
gold_vol,2020-06-09,2020-06-10,19.0,https://fred.stlouisfed.org/graph/fredgraph.csv?id=GVZCLS,2026-10-08
gold_vol,2020-06-10,2020-06-11,20.75,https://fred.stlouisfed.org/graph/fredgraph.csv?id=GVZCLS,2026-10-08
gold_vol,2020-06-11,2020-06-12,23.04,https://fred.stlouisfed.org/graph/fredgraph.csv?id=GVZCLS,2026-10-08
gold_vol,2020-06-12,2020-06-13,20.39,https://fred.stlouisfed.org/graph/fredgraph.csv?id=GVZCLS,2026-10-08
gold_vol,2020-06-15,2020-06-16,20.11,https://fred.stlouisfed.org/graph/fredgraph.csv?id=GVZCLS,2026-10-08
gold_vol,2020-06-16,2020-06-17,19.29,https://fred.stlouisfed.org/graph/fredgraph.csv?id=GVZCLS,2026-10-08
gold_vol,2020-06-17,2020-06-18,18.88,https://fred.stlouisfed.org/graph/fredgraph.csv?id=GVZCLS,2026-10-08
gold_vol,2020-06-18,2020-06-19,18.31,https://fred.stlouisfed.org/graph/fredgraph.csv?id=GVZCLS,2026-10-08
gold_vol,2020-06-19,2020-06-20,18.27,https://fred.stlouisfed.org/graph/fredgraph.csv?id=GVZCLS,2026-10-08
gold_vol,2020-06-22,2020-06-23,19.55,https://fred.stlouisfed.org/graph/fredgraph.csv?id=GVZCLS,2026-10-08
gold_vol,2020-06-23,2020-06-24,20.51,https://fred.stlouisfed.org/graph/fredgraph.csv?id=GVZCLS,2026-10-08
gold_vol,2020-06-24,2020-06-25,20.01,https://fred.stlouisfed.org/graph/fredgraph.csv?id=GVZCLS,2026-10-08
gold_vol,2020-06-25,2020-06-26,19.73,https://fred.stlouisfed.org/graph/fredgraph.csv?id=GVZCLS,2026-10-08
gold_vol,2020-06-26,2020-06-27,20.52,https://fred.stlouisfed.org/graph/fredgraph.csv?id=GVZCLS,2026-10-08
gold_vol,2020-06-29,2020-06-30,19.26,https://fred.stlouisfed.org/graph/fredgraph.csv?id=GVZCLS,2026-10-08
gold_vol,2020-06-30,2020-07-01,19.65,https://fred.stlouisfed.org/graph/fredgraph.csv?id=GVZCLS,2026-10-08
gold_vol,2020-07-01,2020-07-02,18.85,https://fred.stlouisfed.org/graph/fredgraph.csv?id=GVZCLS,2026-10-08
gold_vol,2020-07-02,2020-07-03,17.7,https://fred.stlouisfed.org/graph/fredgraph.csv?id=GVZCLS,2026-10-08
gold_vol,2020-07-06,2020-07-07,17.42,https://fred.stlouisfed.org/graph/fredgraph.csv?id=GVZCLS,2026-10-08
gold_vol,2020-07-07,2020-07-08,17.37,https://fred.stlouisfed.org/graph/fredgraph.csv?id=GVZCLS,2026-10-08
gold_vol,2020-07-08,2020-07-09,17.74,https://fred.stlouisfed.org/graph/fredgraph.csv?id=GVZCLS,2026-10-08
gold_vol,2020-07-09,2020-07-10,17.39,https://fred.stlouisfed.org/graph/fredgraph.csv?id=GVZCLS,2026-10-08
gold_vol,2020-07-10,2020-07-11,16.64,https://fred.stlouisfed.org/graph/fredgraph.csv?id=GVZCLS,2026-10-08
gold_vol,2020-07-13,2020-07-14,16.53,https://fred.stlouisfed.org/graph/fredgraph.csv?id=GVZCLS,2026-10-08
gold_vol,2020-07-14,2020-07-15,16.0,https://fred.stlouisfed.org/graph/fredgraph.csv?id=GVZCLS,2026-10-08
gold_vol,2020-07-15,2020-07-16,15.36,https://fred.stlouisfed.org/graph/fredgraph.csv?id=GVZCLS,2026-10-08
gold_vol,2020-07-16,2020-07-17,15.37,https://fred.stlouisfed.org/graph/fredgraph.csv?id=GVZCLS,2026-10-08
gold_vol,2020-07-17,2020-07-18,15.09,https://fred.stlouisfed.org/graph/fredgraph.csv?id=GVZCLS,2026-10-08
gold_vol,2020-07-20,2020-07-21,15.3,https://fred.stlouisfed.org/graph/fredgraph.csv?id=GVZCLS,2026-10-08
gold_vol,2020-07-21,2020-07-22,16.67,https://fred.stlouisfed.org/graph/fredgraph.csv?id=GVZCLS,2026-10-08
gold_vol,2020-07-22,2020-07-23,22.45,https://fred.stlouisfed.org/graph/fredgraph.csv?id=GVZCLS,2026-10-08
gold_vol,2020-07-23,2020-07-24,21.99,https://fred.stlouisfed.org/graph/fredgraph.csv?id=GVZCLS,2026-10-08
gold_vol,2020-07-24,2020-07-25,21.61,https://fred.stlouisfed.org/graph/fredgraph.csv?id=GVZCLS,2026-10-08
gold_vol,2020-07-27,2020-07-28,25.52,https://fred.stlouisfed.org/graph/fredgraph.csv?id=GVZCLS,2026-10-08
gold_vol,2020-07-28,2020-07-29,28.96,https://fred.stlouisfed.org/graph/fredgraph.csv?id=GVZCLS,2026-10-08
gold_vol,2020-07-29,2020-07-30,26.79,https://fred.stlouisfed.org/graph/fredgraph.csv?id=GVZCLS,2026-10-08
gold_vol,2020-07-30,2020-07-31,24.13,https://fred.stlouisfed.org/graph/fredgraph.csv?id=GVZCLS,2026-10-08
gold_vol,2020-07-31,2020-08-01,24.46,https://fred.stlouisfed.org/graph/fredgraph.csv?id=GVZCLS,2026-10-08
gold_vol,2020-08-03,2020-08-04,23.56,https://fred.stlouisfed.org/graph/fredgraph.csv?id=GVZCLS,2026-10-08
gold_vol,2020-08-04,2020-08-05,26.3,https://fred.stlouisfed.org/graph/fredgraph.csv?id=GVZCLS,2026-10-08
gold_vol,2020-08-05,2020-08-06,25.69,https://fred.stlouisfed.org/graph/fredgraph.csv?id=GVZCLS,2026-10-08
gold_vol,2020-08-06,2020-08-07,27.36,https://fred.stlouisfed.org/graph/fredgraph.csv?id=GVZCLS,2026-10-08
gold_vol,2020-08-07,2020-08-08,26.22,https://fred.stlouisfed.org/graph/fredgraph.csv?id=GVZCLS,2026-10-08
gold_vol,2020-08-10,2020-08-11,23.89,https://fred.stlouisfed.org/graph/fredgraph.csv?id=GVZCLS,2026-10-08
gold_vol,2020-08-11,2020-08-12,27.48,https://fred.stlouisfed.org/graph/fredgraph.csv?id=GVZCLS,2026-10-08
gold_vol,2020-08-12,2020-08-13,25.85,https://fred.stlouisfed.org/graph/fredgraph.csv?id=GVZCLS,2026-10-08
gold_vol,2020-08-13,2020-08-14,25.82,https://fred.stlouisfed.org/graph/fredgraph.csv?id=GVZCLS,2026-10-08
gold_vol,2020-08-14,2020-08-15,23.53,https://fred.stlouisfed.org/graph/fredgraph.csv?id=GVZCLS,2026-10-08
gold_vol,2020-08-17,2020-08-18,26.35,https://fred.stlouisfed.org/graph/fredgraph.csv?id=GVZCLS,2026-10-08
gold_vol,2020-08-18,2020-08-19,26.46,https://fred.stlouisfed.org/graph/fredgraph.csv?id=GVZCLS,2026-10-08
gold_vol,2020-08-19,2020-08-20,28.15,https://fred.stlouisfed.org/graph/fredgraph.csv?id=GVZCLS,2026-10-08
gold_vol,2020-08-20,2020-08-21,25.91,https://fred.stlouisfed.org/graph/fredgraph.csv?id=GVZCLS,2026-10-08
gold_vol,2020-08-21,2020-08-22,25.96,https://fred.stlouisfed.org/graph/fredgraph.csv?id=GVZCLS,2026-10-08
gold_vol,2020-08-24,2020-08-25,23.86,https://fred.stlouisfed.org/graph/fredgraph.csv?id=GVZCLS,2026-10-08
gold_vol,2020-08-25,2020-08-26,22.76,https://fred.stlouisfed.org/graph/fredgraph.csv?id=GVZCLS,2026-10-08
gold_vol,2020-08-26,2020-08-27,24.79,https://fred.stlouisfed.org/graph/fredgraph.csv?id=GVZCLS,2026-10-08
gold_vol,2020-08-27,2020-08-28,23.08,https://fred.stlouisfed.org/graph/fredgraph.csv?id=GVZCLS,2026-10-08
gold_vol,2020-08-28,2020-08-29,23.19,https://fred.stlouisfed.org/graph/fredgraph.csv?id=GVZCLS,2026-10-08
gold_vol,2020-08-31,2020-09-01,24.32,https://fred.stlouisfed.org/graph/fredgraph.csv?id=GVZCLS,2026-10-08
gold_vol,2020-09-01,2020-09-02,23.0,https://fred.stlouisfed.org/graph/fredgraph.csv?id=GVZCLS,2026-10-08
gold_vol,2020-09-02,2020-09-03,23.57,https://fred.stlouisfed.org/graph/fredgraph.csv?id=GVZCLS,2026-10-08
gold_vol,2020-09-03,2020-09-04,23.68,https://fred.stlouisfed.org/graph/fredgraph.csv?id=GVZCLS,2026-10-08
gold_vol,2020-09-04,2020-09-05,21.98,https://fred.stlouisfed.org/graph/fredgraph.csv?id=GVZCLS,2026-10-08
gold_vol,2020-09-08,2020-09-09,22.49,https://fred.stlouisfed.org/graph/fredgraph.csv?id=GVZCLS,2026-10-08
gold_vol,2020-09-09,2020-09-10,21.66,https://fred.stlouisfed.org/graph/fredgraph.csv?id=GVZCLS,2026-10-08
gold_vol,2020-09-10,2020-09-11,21.26,https://fred.stlouisfed.org/graph/fredgraph.csv?id=GVZCLS,2026-10-08
gold_vol,2020-09-11,2020-09-12,20.2,https://fred.stlouisfed.org/graph/fredgraph.csv?id=GVZCLS,2026-10-08
gold_vol,2020-09-14,2020-09-15,20.91,https://fred.stlouisfed.org/graph/fredgraph.csv?id=GVZCLS,2026-10-08
gold_vol,2020-09-15,2020-09-16,20.32,https://fred.stlouisfed.org/graph/fredgraph.csv?id=GVZCLS,2026-10-08
gold_vol,2020-09-16,2020-09-17,20.08,https://fred.stlouisfed.org/graph/fredgraph.csv?id=GVZCLS,2026-10-08
gold_vol,2020-09-17,2020-09-18,19.95,https://fred.stlouisfed.org/graph/fredgraph.csv?id=GVZCLS,2026-10-08
gold_vol,2020-09-18,2020-09-19,20.22,https://fred.stlouisfed.org/graph/fredgraph.csv?id=GVZCLS,2026-10-08
gold_vol,2020-09-21,2020-09-22,21.6,https://fred.stlouisfed.org/graph/fredgraph.csv?id=GVZCLS,2026-10-08
gold_vol,2020-09-22,2020-09-23,21.63,https://fred.stlouisfed.org/graph/fredgraph.csv?id=GVZCLS,2026-10-08
gold_vol,2020-09-23,2020-09-24,23.43,https://fred.stlouisfed.org/graph/fredgraph.csv?id=GVZCLS,2026-10-08
gold_vol,2020-09-24,2020-09-25,23.41,https://fred.stlouisfed.org/graph/fredgraph.csv?id=GVZCLS,2026-10-08
gold_vol,2020-09-25,2020-09-26,22.09,https://fred.stlouisfed.org/graph/fredgraph.csv?id=GVZCLS,2026-10-08
gold_vol,2020-09-28,2020-09-29,22.01,https://fred.stlouisfed.org/graph/fredgraph.csv?id=GVZCLS,2026-10-08
gold_vol,2020-09-29,2020-09-30,23.28,https://fred.stlouisfed.org/graph/fredgraph.csv?id=GVZCLS,2026-10-08
gold_vol,2020-09-30,2020-10-01,22.07,https://fred.stlouisfed.org/graph/fredgraph.csv?id=GVZCLS,2026-10-08
gold_vol,2020-10-01,2020-10-02,22.39,https://fred.stlouisfed.org/graph/fredgraph.csv?id=GVZCLS,2026-10-08
gold_vol,2020-10-02,2020-10-03,22.59,https://fred.stlouisfed.org/graph/fredgraph.csv?id=GVZCLS,2026-10-08
gold_vol,2020-10-05,2020-10-06,22.13,https://fred.stlouisfed.org/graph/fredgraph.csv?id=GVZCLS,2026-10-08
gold_vol,2020-10-06,2020-10-07,22.79,https://fred.stlouisfed.org/graph/fredgraph.csv?id=GVZCLS,2026-10-08
gold_vol,2020-10-07,2020-10-08,23.28,https://fred.stlouisfed.org/graph/fredgraph.csv?id=GVZCLS,2026-10-08
gold_vol,2020-10-08,2020-10-09,21.96,https://fred.stlouisfed.org/graph/fredgraph.csv?id=GVZCLS,2026-10-08
gold_vol,2020-10-09,2020-10-10,22.44,https://fred.stlouisfed.org/graph/fredgraph.csv?id=GVZCLS,2026-10-08
gold_vol,2020-10-12,2020-10-13,22.66,https://fred.stlouisfed.org/graph/fredgraph.csv?id=GVZCLS,2026-10-08
gold_vol,2020-10-13,2020-10-14,23.17,https://fred.stlouisfed.org/graph/fredgraph.csv?id=GVZCLS,2026-10-08
gold_vol,2020-10-14,2020-10-15,21.88,https://fred.stlouisfed.org/graph/fredgraph.csv?id=GVZCLS,2026-10-08
gold_vol,2020-10-15,2020-10-16,21.73,https://fred.stlouisfed.org/graph/fredgraph.csv?id=GVZCLS,2026-10-08
gold_vol,2020-10-16,2020-10-17,20.29,https://fred.stlouisfed.org/graph/fredgraph.csv?id=GVZCLS,2026-10-08
gold_vol,2020-10-19,2020-10-20,21.33,https://fred.stlouisfed.org/graph/fredgraph.csv?id=GVZCLS,2026-10-08
gold_vol,2020-10-20,2020-10-21,21.54,https://fred.stlouisfed.org/graph/fredgraph.csv?id=GVZCLS,2026-10-08
gold_vol,2020-10-21,2020-10-22,22.66,https://fred.stlouisfed.org/graph/fredgraph.csv?id=GVZCLS,2026-10-08
gold_vol,2020-10-22,2020-10-23,21.38,https://fred.stlouisfed.org/graph/fredgraph.csv?id=GVZCLS,2026-10-08
gold_vol,2020-10-23,2020-10-24,21.04,https://fred.stlouisfed.org/graph/fredgraph.csv?id=GVZCLS,2026-10-08
gold_vol,2020-10-26,2020-10-27,20.93,https://fred.stlouisfed.org/graph/fredgraph.csv?id=GVZCLS,2026-10-08
gold_vol,2020-10-27,2020-10-28,20.41,https://fred.stlouisfed.org/graph/fredgraph.csv?id=GVZCLS,2026-10-08
gold_vol,2020-10-28,2020-10-29,21.93,https://fred.stlouisfed.org/graph/fredgraph.csv?id=GVZCLS,2026-10-08
gold_vol,2020-10-29,2020-10-30,21.9,https://fred.stlouisfed.org/graph/fredgraph.csv?id=GVZCLS,2026-10-08
gold_vol,2020-10-30,2020-10-31,23.26,https://fred.stlouisfed.org/graph/fredgraph.csv?id=GVZCLS,2026-10-08
gold_vol,2020-11-02,2020-11-03,23.74,https://fred.stlouisfed.org/graph/fredgraph.csv?id=GVZCLS,2026-10-08
gold_vol,2020-11-03,2020-11-04,23.32,https://fred.stlouisfed.org/graph/fredgraph.csv?id=GVZCLS,2026-10-08
gold_vol,2020-11-04,2020-11-05,20.49,https://fred.stlouisfed.org/graph/fredgraph.csv?id=GVZCLS,2026-10-08
gold_vol,2020-11-05,2020-11-06,22.0,https://fred.stlouisfed.org/graph/fredgraph.csv?id=GVZCLS,2026-10-08
gold_vol,2020-11-06,2020-11-07,21.1,https://fred.stlouisfed.org/graph/fredgraph.csv?id=GVZCLS,2026-10-08
gold_vol,2020-11-09,2020-11-10,21.86,https://fred.stlouisfed.org/graph/fredgraph.csv?id=GVZCLS,2026-10-08
gold_vol,2020-11-10,2020-11-11,20.46,https://fred.stlouisfed.org/graph/fredgraph.csv?id=GVZCLS,2026-10-08
gold_vol,2020-11-11,2020-11-12,19.14,https://fred.stlouisfed.org/graph/fredgraph.csv?id=GVZCLS,2026-10-08
gold_vol,2020-11-12,2020-11-13,18.98,https://fred.stlouisfed.org/graph/fredgraph.csv?id=GVZCLS,2026-10-08
gold_vol,2020-11-13,2020-11-14,17.74,https://fred.stlouisfed.org/graph/fredgraph.csv?id=GVZCLS,2026-10-08
gold_vol,2020-11-16,2020-11-17,18.31,https://fred.stlouisfed.org/graph/fredgraph.csv?id=GVZCLS,2026-10-08
gold_vol,2020-11-17,2020-11-18,17.54,https://fred.stlouisfed.org/graph/fredgraph.csv?id=GVZCLS,2026-10-08
gold_vol,2020-11-18,2020-11-19,17.67,https://fred.stlouisfed.org/graph/fredgraph.csv?id=GVZCLS,2026-10-08
gold_vol,2020-11-19,2020-11-20,17.96,https://fred.stlouisfed.org/graph/fredgraph.csv?id=GVZCLS,2026-10-08
gold_vol,2020-11-20,2020-11-21,17.72,https://fred.stlouisfed.org/graph/fredgraph.csv?id=GVZCLS,2026-10-08
gold_vol,2020-11-23,2020-11-24,18.98,https://fred.stlouisfed.org/graph/fredgraph.csv?id=GVZCLS,2026-10-08
gold_vol,2020-11-24,2020-11-25,20.09,https://fred.stlouisfed.org/graph/fredgraph.csv?id=GVZCLS,2026-10-08
gold_vol,2020-11-25,2020-11-26,19.75,https://fred.stlouisfed.org/graph/fredgraph.csv?id=GVZCLS,2026-10-08
gold_vol,2020-11-27,2020-11-28,19.09,https://fred.stlouisfed.org/graph/fredgraph.csv?id=GVZCLS,2026-10-08
gold_vol,2020-11-30,2020-12-01,19.69,https://fred.stlouisfed.org/graph/fredgraph.csv?id=GVZCLS,2026-10-08
gold_vol,2020-12-01,2020-12-02,19.61,https://fred.stlouisfed.org/graph/fredgraph.csv?id=GVZCLS,2026-10-08
gold_vol,2020-12-02,2020-12-03,19.42,https://fred.stlouisfed.org/graph/fredgraph.csv?id=GVZCLS,2026-10-08
gold_vol,2020-12-03,2020-12-04,19.61,https://fred.stlouisfed.org/graph/fredgraph.csv?id=GVZCLS,2026-10-08
gold_vol,2020-12-04,2020-12-05,18.95,https://fred.stlouisfed.org/graph/fredgraph.csv?id=GVZCLS,2026-10-08
gold_vol,2020-12-07,2020-12-08,19.79,https://fred.stlouisfed.org/graph/fredgraph.csv?id=GVZCLS,2026-10-08
gold_vol,2020-12-08,2020-12-09,19.86,https://fred.stlouisfed.org/graph/fredgraph.csv?id=GVZCLS,2026-10-08
gold_vol,2020-12-09,2020-12-10,20.26,https://fred.stlouisfed.org/graph/fredgraph.csv?id=GVZCLS,2026-10-08
gold_vol,2020-12-10,2020-12-11,19.66,https://fred.stlouisfed.org/graph/fredgraph.csv?id=GVZCLS,2026-10-08
gold_vol,2020-12-11,2020-12-12,19.24,https://fred.stlouisfed.org/graph/fredgraph.csv?id=GVZCLS,2026-10-08
gold_vol,2020-12-14,2020-12-15,19.43,https://fred.stlouisfed.org/graph/fredgraph.csv?id=GVZCLS,2026-10-08
gold_vol,2020-12-15,2020-12-16,19.75,https://fred.stlouisfed.org/graph/fredgraph.csv?id=GVZCLS,2026-10-08
gold_vol,2020-12-16,2020-12-17,19.39,https://fred.stlouisfed.org/graph/fredgraph.csv?id=GVZCLS,2026-10-08
gold_vol,2020-12-17,2020-12-18,20.1,https://fred.stlouisfed.org/graph/fredgraph.csv?id=GVZCLS,2026-10-08
gold_vol,2020-12-18,2020-12-19,19.58,https://fred.stlouisfed.org/graph/fredgraph.csv?id=GVZCLS,2026-10-08
gold_vol,2020-12-21,2020-12-22,19.8,https://fred.stlouisfed.org/graph/fredgraph.csv?id=GVZCLS,2026-10-08
gold_vol,2020-12-22,2020-12-23,19.5,https://fred.stlouisfed.org/graph/fredgraph.csv?id=GVZCLS,2026-10-08
gold_vol,2020-12-23,2020-12-24,18.87,https://fred.stlouisfed.org/graph/fredgraph.csv?id=GVZCLS,2026-10-08
gold_vol,2020-12-24,2020-12-25,18.99,https://fred.stlouisfed.org/graph/fredgraph.csv?id=GVZCLS,2026-10-08
gold_vol,2020-12-28,2020-12-29,20.2,https://fred.stlouisfed.org/graph/fredgraph.csv?id=GVZCLS,2026-10-08
gold_vol,2020-12-29,2020-12-30,19.53,https://fred.stlouisfed.org/graph/fredgraph.csv?id=GVZCLS,2026-10-08
gold_vol,2020-12-30,2020-12-31,20.06,https://fred.stlouisfed.org/graph/fredgraph.csv?id=GVZCLS,2026-10-08
gold_vol,2020-12-31,2021-01-01,20.79,https://fred.stlouisfed.org/graph/fredgraph.csv?id=GVZCLS,2026-10-08
gold_vol,2021-01-04,2021-01-05,21.86,https://fred.stlouisfed.org/graph/fredgraph.csv?id=GVZCLS,2026-10-08
gold_vol,2021-01-05,2021-01-06,22.14,https://fred.stlouisfed.org/graph/fredgraph.csv?id=GVZCLS,2026-10-08
gold_vol,2021-01-06,2021-01-07,21.7,https://fred.stlouisfed.org/graph/fredgraph.csv?id=GVZCLS,2026-10-08
gold_vol,2021-01-07,2021-01-08,20.66,https://fred.stlouisfed.org/graph/fredgraph.csv?id=GVZCLS,2026-10-08
gold_vol,2021-01-08,2021-01-09,22.16,https://fred.stlouisfed.org/graph/fredgraph.csv?id=GVZCLS,2026-10-08
gold_vol,2021-01-11,2021-01-12,20.65,https://fred.stlouisfed.org/graph/fredgraph.csv?id=GVZCLS,2026-10-08
gold_vol,2021-01-12,2021-01-13,20.01,https://fred.stlouisfed.org/graph/fredgraph.csv?id=GVZCLS,2026-10-08
gold_vol,2021-01-13,2021-01-14,18.8,https://fred.stlouisfed.org/graph/fredgraph.csv?id=GVZCLS,2026-10-08
gold_vol,2021-01-14,2021-01-15,19.21,https://fred.stlouisfed.org/graph/fredgraph.csv?id=GVZCLS,2026-10-08
gold_vol,2021-01-15,2021-01-16,19.04,https://fred.stlouisfed.org/graph/fredgraph.csv?id=GVZCLS,2026-10-08
gold_vol,2021-01-19,2021-01-20,18.87,https://fred.stlouisfed.org/graph/fredgraph.csv?id=GVZCLS,2026-10-08
gold_vol,2021-01-20,2021-01-21,18.95,https://fred.stlouisfed.org/graph/fredgraph.csv?id=GVZCLS,2026-10-08
gold_vol,2021-01-21,2021-01-22,18.85,https://fred.stlouisfed.org/graph/fredgraph.csv?id=GVZCLS,2026-10-08
gold_vol,2021-01-22,2021-01-23,18.42,https://fred.stlouisfed.org/graph/fredgraph.csv?id=GVZCLS,2026-10-08
gold_vol,2021-01-25,2021-01-26,18.51,https://fred.stlouisfed.org/graph/fredgraph.csv?id=GVZCLS,2026-10-08
gold_vol,2021-01-26,2021-01-27,17.88,https://fred.stlouisfed.org/graph/fredgraph.csv?id=GVZCLS,2026-10-08
gold_vol,2021-01-27,2021-01-28,18.47,https://fred.stlouisfed.org/graph/fredgraph.csv?id=GVZCLS,2026-10-08
gold_vol,2021-01-28,2021-01-29,19.38,https://fred.stlouisfed.org/graph/fredgraph.csv?id=GVZCLS,2026-10-08
gold_vol,2021-01-29,2021-01-30,20.64,https://fred.stlouisfed.org/graph/fredgraph.csv?id=GVZCLS,2026-10-08
gold_vol,2021-02-01,2021-02-02,21.81,https://fred.stlouisfed.org/graph/fredgraph.csv?id=GVZCLS,2026-10-08
gold_vol,2021-02-02,2021-02-03,19.61,https://fred.stlouisfed.org/graph/fredgraph.csv?id=GVZCLS,2026-10-08
gold_vol,2021-02-03,2021-02-04,18.45,https://fred.stlouisfed.org/graph/fredgraph.csv?id=GVZCLS,2026-10-08
gold_vol,2021-02-04,2021-02-05,19.3,https://fred.stlouisfed.org/graph/fredgraph.csv?id=GVZCLS,2026-10-08
gold_vol,2021-02-05,2021-02-06,18.7,https://fred.stlouisfed.org/graph/fredgraph.csv?id=GVZCLS,2026-10-08
gold_vol,2021-02-08,2021-02-09,18.45,https://fred.stlouisfed.org/graph/fredgraph.csv?id=GVZCLS,2026-10-08
gold_vol,2021-02-09,2021-02-10,18.35,https://fred.stlouisfed.org/graph/fredgraph.csv?id=GVZCLS,2026-10-08
gold_vol,2021-02-10,2021-02-11,18.57,https://fred.stlouisfed.org/graph/fredgraph.csv?id=GVZCLS,2026-10-08
gold_vol,2021-02-11,2021-02-12,18.31,https://fred.stlouisfed.org/graph/fredgraph.csv?id=GVZCLS,2026-10-08
gold_vol,2021-02-12,2021-02-13,18.08,https://fred.stlouisfed.org/graph/fredgraph.csv?id=GVZCLS,2026-10-08
gold_vol,2021-02-16,2021-02-17,19.57,https://fred.stlouisfed.org/graph/fredgraph.csv?id=GVZCLS,2026-10-08
gold_vol,2021-02-17,2021-02-18,20.49,https://fred.stlouisfed.org/graph/fredgraph.csv?id=GVZCLS,2026-10-08
gold_vol,2021-02-18,2021-02-19,19.66,https://fred.stlouisfed.org/graph/fredgraph.csv?id=GVZCLS,2026-10-08
gold_vol,2021-02-19,2021-02-20,19.26,https://fred.stlouisfed.org/graph/fredgraph.csv?id=GVZCLS,2026-10-08
gold_vol,2021-02-22,2021-02-23,19.12,https://fred.stlouisfed.org/graph/fredgraph.csv?id=GVZCLS,2026-10-08
gold_vol,2021-02-23,2021-02-24,18.3,https://fred.stlouisfed.org/graph/fredgraph.csv?id=GVZCLS,2026-10-08
gold_vol,2021-02-24,2021-02-25,18.31,https://fred.stlouisfed.org/graph/fredgraph.csv?id=GVZCLS,2026-10-08
gold_vol,2021-02-25,2021-02-26,21.26,https://fred.stlouisfed.org/graph/fredgraph.csv?id=GVZCLS,2026-10-08
gold_vol,2021-02-26,2021-02-27,21.08,https://fred.stlouisfed.org/graph/fredgraph.csv?id=GVZCLS,2026-10-08
gold_vol,2021-03-01,2021-03-02,21.33,https://fred.stlouisfed.org/graph/fredgraph.csv?id=GVZCLS,2026-10-08
gold_vol,2021-03-02,2021-03-03,20.06,https://fred.stlouisfed.org/graph/fredgraph.csv?id=GVZCLS,2026-10-08
gold_vol,2021-03-03,2021-03-04,20.93,https://fred.stlouisfed.org/graph/fredgraph.csv?id=GVZCLS,2026-10-08
gold_vol,2021-03-04,2021-03-05,21.61,https://fred.stlouisfed.org/graph/fredgraph.csv?id=GVZCLS,2026-10-08
gold_vol,2021-03-05,2021-03-06,20.21,https://fred.stlouisfed.org/graph/fredgraph.csv?id=GVZCLS,2026-10-08
gold_vol,2021-03-08,2021-03-09,20.64,https://fred.stlouisfed.org/graph/fredgraph.csv?id=GVZCLS,2026-10-08
gold_vol,2021-03-09,2021-03-10,19.54,https://fred.stlouisfed.org/graph/fredgraph.csv?id=GVZCLS,2026-10-08
gold_vol,2021-03-10,2021-03-11,18.55,https://fred.stlouisfed.org/graph/fredgraph.csv?id=GVZCLS,2026-10-08
gold_vol,2021-03-11,2021-03-12,18.21,https://fred.stlouisfed.org/graph/fredgraph.csv?id=GVZCLS,2026-10-08
gold_vol,2021-03-12,2021-03-13,18.36,https://fred.stlouisfed.org/graph/fredgraph.csv?id=GVZCLS,2026-10-08
gold_vol,2021-03-15,2021-03-16,17.86,https://fred.stlouisfed.org/graph/fredgraph.csv?id=GVZCLS,2026-10-08
gold_vol,2021-03-16,2021-03-17,17.93,https://fred.stlouisfed.org/graph/fredgraph.csv?id=GVZCLS,2026-10-08
gold_vol,2021-03-17,2021-03-18,17.24,https://fred.stlouisfed.org/graph/fredgraph.csv?id=GVZCLS,2026-10-08
gold_vol,2021-03-18,2021-03-19,17.79,https://fred.stlouisfed.org/graph/fredgraph.csv?id=GVZCLS,2026-10-08
gold_vol,2021-03-19,2021-03-20,16.57,https://fred.stlouisfed.org/graph/fredgraph.csv?id=GVZCLS,2026-10-08
gold_vol,2021-03-22,2021-03-23,16.47,https://fred.stlouisfed.org/graph/fredgraph.csv?id=GVZCLS,2026-10-08
gold_vol,2021-03-23,2021-03-24,16.69,https://fred.stlouisfed.org/graph/fredgraph.csv?id=GVZCLS,2026-10-08
gold_vol,2021-03-24,2021-03-25,15.7,https://fred.stlouisfed.org/graph/fredgraph.csv?id=GVZCLS,2026-10-08
gold_vol,2021-03-25,2021-03-26,15.58,https://fred.stlouisfed.org/graph/fredgraph.csv?id=GVZCLS,2026-10-08
gold_vol,2021-03-26,2021-03-27,15.48,https://fred.stlouisfed.org/graph/fredgraph.csv?id=GVZCLS,2026-10-08
gold_vol,2021-03-29,2021-03-30,17.23,https://fred.stlouisfed.org/graph/fredgraph.csv?id=GVZCLS,2026-10-08
gold_vol,2021-03-30,2021-03-31,18.3,https://fred.stlouisfed.org/graph/fredgraph.csv?id=GVZCLS,2026-10-08
gold_vol,2021-03-31,2021-04-01,17.07,https://fred.stlouisfed.org/graph/fredgraph.csv?id=GVZCLS,2026-10-08
gold_vol,2021-04-01,2021-04-02,16.74,https://fred.stlouisfed.org/graph/fredgraph.csv?id=GVZCLS,2026-10-08
gold_vol,2021-04-02,2021-04-03,16.74,https://fred.stlouisfed.org/graph/fredgraph.csv?id=GVZCLS,2026-10-08
gold_vol,2021-04-05,2021-04-06,17.08,https://fred.stlouisfed.org/graph/fredgraph.csv?id=GVZCLS,2026-10-08
gold_vol,2021-04-06,2021-04-07,16.76,https://fred.stlouisfed.org/graph/fredgraph.csv?id=GVZCLS,2026-10-08
gold_vol,2021-04-07,2021-04-08,16.11,https://fred.stlouisfed.org/graph/fredgraph.csv?id=GVZCLS,2026-10-08
gold_vol,2021-04-08,2021-04-09,15.72,https://fred.stlouisfed.org/graph/fredgraph.csv?id=GVZCLS,2026-10-08
gold_vol,2021-04-09,2021-04-10,15.3,https://fred.stlouisfed.org/graph/fredgraph.csv?id=GVZCLS,2026-10-08
gold_vol,2021-04-12,2021-04-13,14.88,https://fred.stlouisfed.org/graph/fredgraph.csv?id=GVZCLS,2026-10-08
gold_vol,2021-04-13,2021-04-14,14.26,https://fred.stlouisfed.org/graph/fredgraph.csv?id=GVZCLS,2026-10-08
gold_vol,2021-04-14,2021-04-15,14.69,https://fred.stlouisfed.org/graph/fredgraph.csv?id=GVZCLS,2026-10-08
gold_vol,2021-04-15,2021-04-16,15.36,https://fred.stlouisfed.org/graph/fredgraph.csv?id=GVZCLS,2026-10-08
gold_vol,2021-04-16,2021-04-17,15.32,https://fred.stlouisfed.org/graph/fredgraph.csv?id=GVZCLS,2026-10-08
gold_vol,2021-04-19,2021-04-20,16.01,https://fred.stlouisfed.org/graph/fredgraph.csv?id=GVZCLS,2026-10-08
gold_vol,2021-04-20,2021-04-21,15.59,https://fred.stlouisfed.org/graph/fredgraph.csv?id=GVZCLS,2026-10-08
gold_vol,2021-04-21,2021-04-22,16.41,https://fred.stlouisfed.org/graph/fredgraph.csv?id=GVZCLS,2026-10-08
gold_vol,2021-04-22,2021-04-23,16.05,https://fred.stlouisfed.org/graph/fredgraph.csv?id=GVZCLS,2026-10-08
gold_vol,2021-04-23,2021-04-24,15.74,https://fred.stlouisfed.org/graph/fredgraph.csv?id=GVZCLS,2026-10-08
gold_vol,2021-04-26,2021-04-27,15.51,https://fred.stlouisfed.org/graph/fredgraph.csv?id=GVZCLS,2026-10-08
gold_vol,2021-04-27,2021-04-28,14.77,https://fred.stlouisfed.org/graph/fredgraph.csv?id=GVZCLS,2026-10-08
gold_vol,2021-04-28,2021-04-29,14.79,https://fred.stlouisfed.org/graph/fredgraph.csv?id=GVZCLS,2026-10-08
gold_vol,2021-04-29,2021-04-30,14.54,https://fred.stlouisfed.org/graph/fredgraph.csv?id=GVZCLS,2026-10-08
gold_vol,2021-04-30,2021-05-01,14.58,https://fred.stlouisfed.org/graph/fredgraph.csv?id=GVZCLS,2026-10-08
gold_vol,2021-05-03,2021-05-04,15.65,https://fred.stlouisfed.org/graph/fredgraph.csv?id=GVZCLS,2026-10-08
gold_vol,2021-05-04,2021-05-05,15.91,https://fred.stlouisfed.org/graph/fredgraph.csv?id=GVZCLS,2026-10-08
gold_vol,2021-05-05,2021-05-06,15.7,https://fred.stlouisfed.org/graph/fredgraph.csv?id=GVZCLS,2026-10-08
gold_vol,2021-05-06,2021-05-07,16.57,https://fred.stlouisfed.org/graph/fredgraph.csv?id=GVZCLS,2026-10-08
gold_vol,2021-05-07,2021-05-08,16.46,https://fred.stlouisfed.org/graph/fredgraph.csv?id=GVZCLS,2026-10-08
gold_vol,2021-05-10,2021-05-11,17.19,https://fred.stlouisfed.org/graph/fredgraph.csv?id=GVZCLS,2026-10-08
gold_vol,2021-05-11,2021-05-12,17.17,https://fred.stlouisfed.org/graph/fredgraph.csv?id=GVZCLS,2026-10-08
gold_vol,2021-05-12,2021-05-13,17.56,https://fred.stlouisfed.org/graph/fredgraph.csv?id=GVZCLS,2026-10-08
gold_vol,2021-05-13,2021-05-14,17.1,https://fred.stlouisfed.org/graph/fredgraph.csv?id=GVZCLS,2026-10-08
gold_vol,2021-05-14,2021-05-15,16.75,https://fred.stlouisfed.org/graph/fredgraph.csv?id=GVZCLS,2026-10-08
gold_vol,2021-05-17,2021-05-18,17.62,https://fred.stlouisfed.org/graph/fredgraph.csv?id=GVZCLS,2026-10-08
gold_vol,2021-05-18,2021-05-19,17.0,https://fred.stlouisfed.org/graph/fredgraph.csv?id=GVZCLS,2026-10-08
gold_vol,2021-05-19,2021-05-20,17.79,https://fred.stlouisfed.org/graph/fredgraph.csv?id=GVZCLS,2026-10-08
gold_vol,2021-05-20,2021-05-21,17.29,https://fred.stlouisfed.org/graph/fredgraph.csv?id=GVZCLS,2026-10-08
gold_vol,2021-05-21,2021-05-22,16.47,https://fred.stlouisfed.org/graph/fredgraph.csv?id=GVZCLS,2026-10-08
gold_vol,2021-05-24,2021-05-25,16.91,https://fred.stlouisfed.org/graph/fredgraph.csv?id=GVZCLS,2026-10-08
gold_vol,2021-05-25,2021-05-26,17.09,https://fred.stlouisfed.org/graph/fredgraph.csv?id=GVZCLS,2026-10-08
gold_vol,2021-05-26,2021-05-27,16.81,https://fred.stlouisfed.org/graph/fredgraph.csv?id=GVZCLS,2026-10-08
gold_vol,2021-05-27,2021-05-28,16.15,https://fred.stlouisfed.org/graph/fredgraph.csv?id=GVZCLS,2026-10-08
gold_vol,2021-05-28,2021-05-29,16.08,https://fred.stlouisfed.org/graph/fredgraph.csv?id=GVZCLS,2026-10-08
gold_vol,2021-06-01,2021-06-02,16.09,https://fred.stlouisfed.org/graph/fredgraph.csv?id=GVZCLS,2026-10-08
gold_vol,2021-06-02,2021-06-03,15.65,https://fred.stlouisfed.org/graph/fredgraph.csv?id=GVZCLS,2026-10-08
gold_vol,2021-06-03,2021-06-04,15.95,https://fred.stlouisfed.org/graph/fredgraph.csv?id=GVZCLS,2026-10-08
gold_vol,2021-06-04,2021-06-05,15.83,https://fred.stlouisfed.org/graph/fredgraph.csv?id=GVZCLS,2026-10-08
gold_vol,2021-06-07,2021-06-08,15.57,https://fred.stlouisfed.org/graph/fredgraph.csv?id=GVZCLS,2026-10-08
gold_vol,2021-06-08,2021-06-09,15.59,https://fred.stlouisfed.org/graph/fredgraph.csv?id=GVZCLS,2026-10-08
gold_vol,2021-06-09,2021-06-10,15.43,https://fred.stlouisfed.org/graph/fredgraph.csv?id=GVZCLS,2026-10-08
gold_vol,2021-06-10,2021-06-11,15.5,https://fred.stlouisfed.org/graph/fredgraph.csv?id=GVZCLS,2026-10-08
gold_vol,2021-06-11,2021-06-12,15.21,https://fred.stlouisfed.org/graph/fredgraph.csv?id=GVZCLS,2026-10-08
gold_vol,2021-06-14,2021-06-15,16.13,https://fred.stlouisfed.org/graph/fredgraph.csv?id=GVZCLS,2026-10-08
gold_vol,2021-06-15,2021-06-16,16.26,https://fred.stlouisfed.org/graph/fredgraph.csv?id=GVZCLS,2026-10-08
gold_vol,2021-06-16,2021-06-17,16.3,https://fred.stlouisfed.org/graph/fredgraph.csv?id=GVZCLS,2026-10-08
gold_vol,2021-06-17,2021-06-18,17.66,https://fred.stlouisfed.org/graph/fredgraph.csv?id=GVZCLS,2026-10-08
gold_vol,2021-06-18,2021-06-19,17.9,https://fred.stlouisfed.org/graph/fredgraph.csv?id=GVZCLS,2026-10-08
gold_vol,2021-06-21,2021-06-22,16.91,https://fred.stlouisfed.org/graph/fredgraph.csv?id=GVZCLS,2026-10-08
gold_vol,2021-06-22,2021-06-23,16.66,https://fred.stlouisfed.org/graph/fredgraph.csv?id=GVZCLS,2026-10-08
gold_vol,2021-06-23,2021-06-24,16.2,https://fred.stlouisfed.org/graph/fredgraph.csv?id=GVZCLS,2026-10-08
gold_vol,2021-06-24,2021-06-25,15.7,https://fred.stlouisfed.org/graph/fredgraph.csv?id=GVZCLS,2026-10-08
gold_vol,2021-06-25,2021-06-26,15.29,https://fred.stlouisfed.org/graph/fredgraph.csv?id=GVZCLS,2026-10-08
gold_vol,2021-06-28,2021-06-29,15.36,https://fred.stlouisfed.org/graph/fredgraph.csv?id=GVZCLS,2026-10-08
gold_vol,2021-06-29,2021-06-30,16.19,https://fred.stlouisfed.org/graph/fredgraph.csv?id=GVZCLS,2026-10-08
gold_vol,2021-06-30,2021-07-01,15.97,https://fred.stlouisfed.org/graph/fredgraph.csv?id=GVZCLS,2026-10-08
gold_vol,2021-07-01,2021-07-02,15.8,https://fred.stlouisfed.org/graph/fredgraph.csv?id=GVZCLS,2026-10-08
gold_vol,2021-07-02,2021-07-03,15.28,https://fred.stlouisfed.org/graph/fredgraph.csv?id=GVZCLS,2026-10-08
gold_vol,2021-07-06,2021-07-07,15.45,https://fred.stlouisfed.org/graph/fredgraph.csv?id=GVZCLS,2026-10-08
gold_vol,2021-07-07,2021-07-08,15.21,https://fred.stlouisfed.org/graph/fredgraph.csv?id=GVZCLS,2026-10-08
gold_vol,2021-07-08,2021-07-09,15.82,https://fred.stlouisfed.org/graph/fredgraph.csv?id=GVZCLS,2026-10-08
gold_vol,2021-07-09,2021-07-10,15.27,https://fred.stlouisfed.org/graph/fredgraph.csv?id=GVZCLS,2026-10-08
gold_vol,2021-07-12,2021-07-13,15.04,https://fred.stlouisfed.org/graph/fredgraph.csv?id=GVZCLS,2026-10-08
gold_vol,2021-07-13,2021-07-14,14.84,https://fred.stlouisfed.org/graph/fredgraph.csv?id=GVZCLS,2026-10-08
gold_vol,2021-07-14,2021-07-15,14.79,https://fred.stlouisfed.org/graph/fredgraph.csv?id=GVZCLS,2026-10-08
gold_vol,2021-07-15,2021-07-16,15.01,https://fred.stlouisfed.org/graph/fredgraph.csv?id=GVZCLS,2026-10-08
gold_vol,2021-07-16,2021-07-17,14.6,https://fred.stlouisfed.org/graph/fredgraph.csv?id=GVZCLS,2026-10-08
gold_vol,2021-07-19,2021-07-20,15.96,https://fred.stlouisfed.org/graph/fredgraph.csv?id=GVZCLS,2026-10-08
gold_vol,2021-07-20,2021-07-21,15.01,https://fred.stlouisfed.org/graph/fredgraph.csv?id=GVZCLS,2026-10-08
gold_vol,2021-07-21,2021-07-22,15.01,https://fred.stlouisfed.org/graph/fredgraph.csv?id=GVZCLS,2026-10-08
gold_vol,2021-07-22,2021-07-23,14.51,https://fred.stlouisfed.org/graph/fredgraph.csv?id=GVZCLS,2026-10-08
gold_vol,2021-07-23,2021-07-24,14.53,https://fred.stlouisfed.org/graph/fredgraph.csv?id=GVZCLS,2026-10-08
gold_vol,2021-07-26,2021-07-27,15.2,https://fred.stlouisfed.org/graph/fredgraph.csv?id=GVZCLS,2026-10-08
gold_vol,2021-07-27,2021-07-28,15.51,https://fred.stlouisfed.org/graph/fredgraph.csv?id=GVZCLS,2026-10-08
gold_vol,2021-07-28,2021-07-29,15.61,https://fred.stlouisfed.org/graph/fredgraph.csv?id=GVZCLS,2026-10-08
gold_vol,2021-07-29,2021-07-30,15.21,https://fred.stlouisfed.org/graph/fredgraph.csv?id=GVZCLS,2026-10-08
gold_vol,2021-07-30,2021-07-31,15.09,https://fred.stlouisfed.org/graph/fredgraph.csv?id=GVZCLS,2026-10-08
gold_vol,2021-08-02,2021-08-03,15.23,https://fred.stlouisfed.org/graph/fredgraph.csv?id=GVZCLS,2026-10-08
gold_vol,2021-08-03,2021-08-04,15.09,https://fred.stlouisfed.org/graph/fredgraph.csv?id=GVZCLS,2026-10-08
gold_vol,2021-08-04,2021-08-05,14.88,https://fred.stlouisfed.org/graph/fredgraph.csv?id=GVZCLS,2026-10-08
gold_vol,2021-08-05,2021-08-06,14.84,https://fred.stlouisfed.org/graph/fredgraph.csv?id=GVZCLS,2026-10-08
gold_vol,2021-08-06,2021-08-07,15.9,https://fred.stlouisfed.org/graph/fredgraph.csv?id=GVZCLS,2026-10-08
gold_vol,2021-08-09,2021-08-10,17.26,https://fred.stlouisfed.org/graph/fredgraph.csv?id=GVZCLS,2026-10-08
gold_vol,2021-08-10,2021-08-11,16.93,https://fred.stlouisfed.org/graph/fredgraph.csv?id=GVZCLS,2026-10-08
gold_vol,2021-08-11,2021-08-12,15.85,https://fred.stlouisfed.org/graph/fredgraph.csv?id=GVZCLS,2026-10-08
gold_vol,2021-08-12,2021-08-13,15.67,https://fred.stlouisfed.org/graph/fredgraph.csv?id=GVZCLS,2026-10-08
gold_vol,2021-08-13,2021-08-14,15.15,https://fred.stlouisfed.org/graph/fredgraph.csv?id=GVZCLS,2026-10-08
gold_vol,2021-08-16,2021-08-17,15.62,https://fred.stlouisfed.org/graph/fredgraph.csv?id=GVZCLS,2026-10-08
gold_vol,2021-08-17,2021-08-18,16.1,https://fred.stlouisfed.org/graph/fredgraph.csv?id=GVZCLS,2026-10-08
gold_vol,2021-08-18,2021-08-19,15.8,https://fred.stlouisfed.org/graph/fredgraph.csv?id=GVZCLS,2026-10-08
gold_vol,2021-08-19,2021-08-20,15.91,https://fred.stlouisfed.org/graph/fredgraph.csv?id=GVZCLS,2026-10-08
gold_vol,2021-08-20,2021-08-21,15.34,https://fred.stlouisfed.org/graph/fredgraph.csv?id=GVZCLS,2026-10-08
gold_vol,2021-08-23,2021-08-24,15.84,https://fred.stlouisfed.org/graph/fredgraph.csv?id=GVZCLS,2026-10-08
gold_vol,2021-08-24,2021-08-25,15.45,https://fred.stlouisfed.org/graph/fredgraph.csv?id=GVZCLS,2026-10-08
gold_vol,2021-08-25,2021-08-26,15.9,https://fred.stlouisfed.org/graph/fredgraph.csv?id=GVZCLS,2026-10-08
gold_vol,2021-08-26,2021-08-27,16.44,https://fred.stlouisfed.org/graph/fredgraph.csv?id=GVZCLS,2026-10-08
gold_vol,2021-08-27,2021-08-28,15.27,https://fred.stlouisfed.org/graph/fredgraph.csv?id=GVZCLS,2026-10-08
gold_vol,2021-08-30,2021-08-31,15.52,https://fred.stlouisfed.org/graph/fredgraph.csv?id=GVZCLS,2026-10-08
gold_vol,2021-08-31,2021-09-01,15.47,https://fred.stlouisfed.org/graph/fredgraph.csv?id=GVZCLS,2026-10-08
gold_vol,2021-09-01,2021-09-02,15.12,https://fred.stlouisfed.org/graph/fredgraph.csv?id=GVZCLS,2026-10-08
gold_vol,2021-09-02,2021-09-03,14.76,https://fred.stlouisfed.org/graph/fredgraph.csv?id=GVZCLS,2026-10-08
gold_vol,2021-09-03,2021-09-04,14.95,https://fred.stlouisfed.org/graph/fredgraph.csv?id=GVZCLS,2026-10-08
gold_vol,2021-09-07,2021-09-08,15.36,https://fred.stlouisfed.org/graph/fredgraph.csv?id=GVZCLS,2026-10-08
gold_vol,2021-09-08,2021-09-09,15.14,https://fred.stlouisfed.org/graph/fredgraph.csv?id=GVZCLS,2026-10-08
gold_vol,2021-09-09,2021-09-10,15.1,https://fred.stlouisfed.org/graph/fredgraph.csv?id=GVZCLS,2026-10-08
gold_vol,2021-09-10,2021-09-11,15.15,https://fred.stlouisfed.org/graph/fredgraph.csv?id=GVZCLS,2026-10-08
gold_vol,2021-09-13,2021-09-14,15.09,https://fred.stlouisfed.org/graph/fredgraph.csv?id=GVZCLS,2026-10-08
gold_vol,2021-09-14,2021-09-15,15.02,https://fred.stlouisfed.org/graph/fredgraph.csv?id=GVZCLS,2026-10-08
gold_vol,2021-09-15,2021-09-16,15.14,https://fred.stlouisfed.org/graph/fredgraph.csv?id=GVZCLS,2026-10-08
gold_vol,2021-09-16,2021-09-17,15.92,https://fred.stlouisfed.org/graph/fredgraph.csv?id=GVZCLS,2026-10-08
gold_vol,2021-09-17,2021-09-18,15.92,https://fred.stlouisfed.org/graph/fredgraph.csv?id=GVZCLS,2026-10-08
gold_vol,2021-09-20,2021-09-21,16.85,https://fred.stlouisfed.org/graph/fredgraph.csv?id=GVZCLS,2026-10-08
gold_vol,2021-09-21,2021-09-22,16.46,https://fred.stlouisfed.org/graph/fredgraph.csv?id=GVZCLS,2026-10-08
gold_vol,2021-09-22,2021-09-23,16.41,https://fred.stlouisfed.org/graph/fredgraph.csv?id=GVZCLS,2026-10-08
gold_vol,2021-09-23,2021-09-24,16.82,https://fred.stlouisfed.org/graph/fredgraph.csv?id=GVZCLS,2026-10-08
gold_vol,2021-09-24,2021-09-25,16.44,https://fred.stlouisfed.org/graph/fredgraph.csv?id=GVZCLS,2026-10-08
gold_vol,2021-09-27,2021-09-28,16.2,https://fred.stlouisfed.org/graph/fredgraph.csv?id=GVZCLS,2026-10-08
gold_vol,2021-09-28,2021-09-29,16.78,https://fred.stlouisfed.org/graph/fredgraph.csv?id=GVZCLS,2026-10-08
gold_vol,2021-09-29,2021-09-30,17.39,https://fred.stlouisfed.org/graph/fredgraph.csv?id=GVZCLS,2026-10-08
gold_vol,2021-09-30,2021-10-01,17.16,https://fred.stlouisfed.org/graph/fredgraph.csv?id=GVZCLS,2026-10-08
gold_vol,2021-10-01,2021-10-02,16.32,https://fred.stlouisfed.org/graph/fredgraph.csv?id=GVZCLS,2026-10-08
gold_vol,2021-10-04,2021-10-05,16.77,https://fred.stlouisfed.org/graph/fredgraph.csv?id=GVZCLS,2026-10-08
gold_vol,2021-10-05,2021-10-06,16.56,https://fred.stlouisfed.org/graph/fredgraph.csv?id=GVZCLS,2026-10-08
gold_vol,2021-10-06,2021-10-07,16.58,https://fred.stlouisfed.org/graph/fredgraph.csv?id=GVZCLS,2026-10-08
gold_vol,2021-10-07,2021-10-08,16.29,https://fred.stlouisfed.org/graph/fredgraph.csv?id=GVZCLS,2026-10-08
gold_vol,2021-10-08,2021-10-09,15.67,https://fred.stlouisfed.org/graph/fredgraph.csv?id=GVZCLS,2026-10-08
gold_vol,2021-10-11,2021-10-12,15.56,https://fred.stlouisfed.org/graph/fredgraph.csv?id=GVZCLS,2026-10-08
gold_vol,2021-10-12,2021-10-13,15.1,https://fred.stlouisfed.org/graph/fredgraph.csv?id=GVZCLS,2026-10-08
gold_vol,2021-10-13,2021-10-14,15.51,https://fred.stlouisfed.org/graph/fredgraph.csv?id=GVZCLS,2026-10-08
gold_vol,2021-10-14,2021-10-15,15.34,https://fred.stlouisfed.org/graph/fredgraph.csv?id=GVZCLS,2026-10-08
gold_vol,2021-10-15,2021-10-16,15.06,https://fred.stlouisfed.org/graph/fredgraph.csv?id=GVZCLS,2026-10-08
gold_vol,2021-10-18,2021-10-19,15.53,https://fred.stlouisfed.org/graph/fredgraph.csv?id=GVZCLS,2026-10-08
gold_vol,2021-10-19,2021-10-20,15.32,https://fred.stlouisfed.org/graph/fredgraph.csv?id=GVZCLS,2026-10-08
gold_vol,2021-10-20,2021-10-21,15.27,https://fred.stlouisfed.org/graph/fredgraph.csv?id=GVZCLS,2026-10-08
gold_vol,2021-10-21,2021-10-22,15.15,https://fred.stlouisfed.org/graph/fredgraph.csv?id=GVZCLS,2026-10-08
gold_vol,2021-10-22,2021-10-23,15.74,https://fred.stlouisfed.org/graph/fredgraph.csv?id=GVZCLS,2026-10-08
gold_vol,2021-10-25,2021-10-26,16.73,https://fred.stlouisfed.org/graph/fredgraph.csv?id=GVZCLS,2026-10-08
gold_vol,2021-10-26,2021-10-27,15.96,https://fred.stlouisfed.org/graph/fredgraph.csv?id=GVZCLS,2026-10-08
gold_vol,2021-10-27,2021-10-28,16.08,https://fred.stlouisfed.org/graph/fredgraph.csv?id=GVZCLS,2026-10-08
gold_vol,2021-10-28,2021-10-29,15.8,https://fred.stlouisfed.org/graph/fredgraph.csv?id=GVZCLS,2026-10-08
gold_vol,2021-10-29,2021-10-30,16.07,https://fred.stlouisfed.org/graph/fredgraph.csv?id=GVZCLS,2026-10-08
gold_vol,2021-11-01,2021-11-02,16.31,https://fred.stlouisfed.org/graph/fredgraph.csv?id=GVZCLS,2026-10-08
gold_vol,2021-11-02,2021-11-03,16.47,https://fred.stlouisfed.org/graph/fredgraph.csv?id=GVZCLS,2026-10-08
gold_vol,2021-11-03,2021-11-04,16.28,https://fred.stlouisfed.org/graph/fredgraph.csv?id=GVZCLS,2026-10-08
gold_vol,2021-11-04,2021-11-05,15.87,https://fred.stlouisfed.org/graph/fredgraph.csv?id=GVZCLS,2026-10-08
gold_vol,2021-11-05,2021-11-06,16.64,https://fred.stlouisfed.org/graph/fredgraph.csv?id=GVZCLS,2026-10-08
gold_vol,2021-11-08,2021-11-09,16.66,https://fred.stlouisfed.org/graph/fredgraph.csv?id=GVZCLS,2026-10-08
gold_vol,2021-11-09,2021-11-10,16.76,https://fred.stlouisfed.org/graph/fredgraph.csv?id=GVZCLS,2026-10-08
gold_vol,2021-11-10,2021-11-11,16.8,https://fred.stlouisfed.org/graph/fredgraph.csv?id=GVZCLS,2026-10-08
gold_vol,2021-11-11,2021-11-12,16.95,https://fred.stlouisfed.org/graph/fredgraph.csv?id=GVZCLS,2026-10-08
gold_vol,2021-11-12,2021-11-13,16.85,https://fred.stlouisfed.org/graph/fredgraph.csv?id=GVZCLS,2026-10-08
gold_vol,2021-11-15,2021-11-16,17.0,https://fred.stlouisfed.org/graph/fredgraph.csv?id=GVZCLS,2026-10-08
gold_vol,2021-11-16,2021-11-17,16.67,https://fred.stlouisfed.org/graph/fredgraph.csv?id=GVZCLS,2026-10-08
gold_vol,2021-11-17,2021-11-18,16.69,https://fred.stlouisfed.org/graph/fredgraph.csv?id=GVZCLS,2026-10-08
gold_vol,2021-11-18,2021-11-19,16.25,https://fred.stlouisfed.org/graph/fredgraph.csv?id=GVZCLS,2026-10-08
gold_vol,2021-11-19,2021-11-20,15.99,https://fred.stlouisfed.org/graph/fredgraph.csv?id=GVZCLS,2026-10-08
gold_vol,2021-11-22,2021-11-23,16.59,https://fred.stlouisfed.org/graph/fredgraph.csv?id=GVZCLS,2026-10-08
gold_vol,2021-11-23,2021-11-24,16.81,https://fred.stlouisfed.org/graph/fredgraph.csv?id=GVZCLS,2026-10-08
gold_vol,2021-11-24,2021-11-25,16.75,https://fred.stlouisfed.org/graph/fredgraph.csv?id=GVZCLS,2026-10-08
gold_vol,2021-11-26,2021-11-27,17.99,https://fred.stlouisfed.org/graph/fredgraph.csv?id=GVZCLS,2026-10-08
gold_vol,2021-11-29,2021-11-30,17.55,https://fred.stlouisfed.org/graph/fredgraph.csv?id=GVZCLS,2026-10-08
gold_vol,2021-11-30,2021-12-01,17.99,https://fred.stlouisfed.org/graph/fredgraph.csv?id=GVZCLS,2026-10-08
gold_vol,2021-12-01,2021-12-02,18.39,https://fred.stlouisfed.org/graph/fredgraph.csv?id=GVZCLS,2026-10-08
gold_vol,2021-12-02,2021-12-03,18.45,https://fred.stlouisfed.org/graph/fredgraph.csv?id=GVZCLS,2026-10-08
gold_vol,2021-12-03,2021-12-04,17.92,https://fred.stlouisfed.org/graph/fredgraph.csv?id=GVZCLS,2026-10-08
gold_vol,2021-12-06,2021-12-07,17.44,https://fred.stlouisfed.org/graph/fredgraph.csv?id=GVZCLS,2026-10-08
gold_vol,2021-12-07,2021-12-08,17.02,https://fred.stlouisfed.org/graph/fredgraph.csv?id=GVZCLS,2026-10-08
gold_vol,2021-12-08,2021-12-09,16.48,https://fred.stlouisfed.org/graph/fredgraph.csv?id=GVZCLS,2026-10-08
gold_vol,2021-12-09,2021-12-10,16.7,https://fred.stlouisfed.org/graph/fredgraph.csv?id=GVZCLS,2026-10-08
gold_vol,2021-12-10,2021-12-11,15.35,https://fred.stlouisfed.org/graph/fredgraph.csv?id=GVZCLS,2026-10-08
gold_vol,2021-12-13,2021-12-14,15.97,https://fred.stlouisfed.org/graph/fredgraph.csv?id=GVZCLS,2026-10-08
gold_vol,2021-12-14,2021-12-15,16.41,https://fred.stlouisfed.org/graph/fredgraph.csv?id=GVZCLS,2026-10-08
gold_vol,2021-12-15,2021-12-16,15.54,https://fred.stlouisfed.org/graph/fredgraph.csv?id=GVZCLS,2026-10-08
gold_vol,2021-12-16,2021-12-17,15.22,https://fred.stlouisfed.org/graph/fredgraph.csv?id=GVZCLS,2026-10-08
gold_vol,2021-12-17,2021-12-18,15.07,https://fred.stlouisfed.org/graph/fredgraph.csv?id=GVZCLS,2026-10-08
gold_vol,2021-12-20,2021-12-21,15.77,https://fred.stlouisfed.org/graph/fredgraph.csv?id=GVZCLS,2026-10-08
gold_vol,2021-12-21,2021-12-22,15.42,https://fred.stlouisfed.org/graph/fredgraph.csv?id=GVZCLS,2026-10-08
gold_vol,2021-12-22,2021-12-23,14.94,https://fred.stlouisfed.org/graph/fredgraph.csv?id=GVZCLS,2026-10-08
gold_vol,2021-12-23,2021-12-24,14.62,https://fred.stlouisfed.org/graph/fredgraph.csv?id=GVZCLS,2026-10-08
gold_vol,2021-12-24,2021-12-25,14.62,https://fred.stlouisfed.org/graph/fredgraph.csv?id=GVZCLS,2026-10-08
gold_vol,2021-12-27,2021-12-28,15.44,https://fred.stlouisfed.org/graph/fredgraph.csv?id=GVZCLS,2026-10-08
gold_vol,2021-12-28,2021-12-29,15.06,https://fred.stlouisfed.org/graph/fredgraph.csv?id=GVZCLS,2026-10-08
gold_vol,2021-12-29,2021-12-30,15.13,https://fred.stlouisfed.org/graph/fredgraph.csv?id=GVZCLS,2026-10-08
gold_vol,2021-12-30,2021-12-31,14.77,https://fred.stlouisfed.org/graph/fredgraph.csv?id=GVZCLS,2026-10-08
gold_vol,2021-12-31,2022-01-01,14.61,https://fred.stlouisfed.org/graph/fredgraph.csv?id=GVZCLS,2026-10-08
gold_vol,2022-01-03,2022-01-04,15.34,https://fred.stlouisfed.org/graph/fredgraph.csv?id=GVZCLS,2026-10-08
gold_vol,2022-01-04,2022-01-05,15.33,https://fred.stlouisfed.org/graph/fredgraph.csv?id=GVZCLS,2026-10-08
gold_vol,2022-01-05,2022-01-06,16.21,https://fred.stlouisfed.org/graph/fredgraph.csv?id=GVZCLS,2026-10-08
gold_vol,2022-01-06,2022-01-07,15.87,https://fred.stlouisfed.org/graph/fredgraph.csv?id=GVZCLS,2026-10-08
gold_vol,2022-01-07,2022-01-08,15.04,https://fred.stlouisfed.org/graph/fredgraph.csv?id=GVZCLS,2026-10-08
gold_vol,2022-01-10,2022-01-11,15.56,https://fred.stlouisfed.org/graph/fredgraph.csv?id=GVZCLS,2026-10-08
gold_vol,2022-01-11,2022-01-12,15.21,https://fred.stlouisfed.org/graph/fredgraph.csv?id=GVZCLS,2026-10-08
gold_vol,2022-01-12,2022-01-13,15.32,https://fred.stlouisfed.org/graph/fredgraph.csv?id=GVZCLS,2026-10-08
gold_vol,2022-01-13,2022-01-14,15.17,https://fred.stlouisfed.org/graph/fredgraph.csv?id=GVZCLS,2026-10-08
gold_vol,2022-01-14,2022-01-15,14.73,https://fred.stlouisfed.org/graph/fredgraph.csv?id=GVZCLS,2026-10-08
gold_vol,2022-01-18,2022-01-19,15.09,https://fred.stlouisfed.org/graph/fredgraph.csv?id=GVZCLS,2026-10-08
gold_vol,2022-01-19,2022-01-20,15.64,https://fred.stlouisfed.org/graph/fredgraph.csv?id=GVZCLS,2026-10-08
gold_vol,2022-01-20,2022-01-21,15.09,https://fred.stlouisfed.org/graph/fredgraph.csv?id=GVZCLS,2026-10-08
gold_vol,2022-01-21,2022-01-22,15.2,https://fred.stlouisfed.org/graph/fredgraph.csv?id=GVZCLS,2026-10-08
gold_vol,2022-01-24,2022-01-25,16.3,https://fred.stlouisfed.org/graph/fredgraph.csv?id=GVZCLS,2026-10-08
gold_vol,2022-01-25,2022-01-26,16.47,https://fred.stlouisfed.org/graph/fredgraph.csv?id=GVZCLS,2026-10-08
gold_vol,2022-01-26,2022-01-27,16.42,https://fred.stlouisfed.org/graph/fredgraph.csv?id=GVZCLS,2026-10-08
gold_vol,2022-01-27,2022-01-28,17.15,https://fred.stlouisfed.org/graph/fredgraph.csv?id=GVZCLS,2026-10-08
gold_vol,2022-01-28,2022-01-29,17.12,https://fred.stlouisfed.org/graph/fredgraph.csv?id=GVZCLS,2026-10-08
gold_vol,2022-01-31,2022-02-01,16.7,https://fred.stlouisfed.org/graph/fredgraph.csv?id=GVZCLS,2026-10-08
gold_vol,2022-02-01,2022-02-02,16.5,https://fred.stlouisfed.org/graph/fredgraph.csv?id=GVZCLS,2026-10-08
gold_vol,2022-02-02,2022-02-03,15.66,https://fred.stlouisfed.org/graph/fredgraph.csv?id=GVZCLS,2026-10-08
gold_vol,2022-02-03,2022-02-04,16.01,https://fred.stlouisfed.org/graph/fredgraph.csv?id=GVZCLS,2026-10-08
gold_vol,2022-02-04,2022-02-05,15.53,https://fred.stlouisfed.org/graph/fredgraph.csv?id=GVZCLS,2026-10-08
gold_vol,2022-02-07,2022-02-08,16.15,https://fred.stlouisfed.org/graph/fredgraph.csv?id=GVZCLS,2026-10-08
gold_vol,2022-02-08,2022-02-09,15.86,https://fred.stlouisfed.org/graph/fredgraph.csv?id=GVZCLS,2026-10-08
gold_vol,2022-02-09,2022-02-10,15.63,https://fred.stlouisfed.org/graph/fredgraph.csv?id=GVZCLS,2026-10-08
gold_vol,2022-02-10,2022-02-11,15.92,https://fred.stlouisfed.org/graph/fredgraph.csv?id=GVZCLS,2026-10-08
gold_vol,2022-02-11,2022-02-12,17.81,https://fred.stlouisfed.org/graph/fredgraph.csv?id=GVZCLS,2026-10-08
gold_vol,2022-02-14,2022-02-15,18.95,https://fred.stlouisfed.org/graph/fredgraph.csv?id=GVZCLS,2026-10-08
gold_vol,2022-02-15,2022-02-16,17.7,https://fred.stlouisfed.org/graph/fredgraph.csv?id=GVZCLS,2026-10-08
gold_vol,2022-02-16,2022-02-17,18.07,https://fred.stlouisfed.org/graph/fredgraph.csv?id=GVZCLS,2026-10-08
gold_vol,2022-02-17,2022-02-18,19.79,https://fred.stlouisfed.org/graph/fredgraph.csv?id=GVZCLS,2026-10-08
gold_vol,2022-02-18,2022-02-19,18.54,https://fred.stlouisfed.org/graph/fredgraph.csv?id=GVZCLS,2026-10-08
gold_vol,2022-02-22,2022-02-23,17.93,https://fred.stlouisfed.org/graph/fredgraph.csv?id=GVZCLS,2026-10-08
gold_vol,2022-02-23,2022-02-24,17.69,https://fred.stlouisfed.org/graph/fredgraph.csv?id=GVZCLS,2026-10-08
gold_vol,2022-02-24,2022-02-25,18.12,https://fred.stlouisfed.org/graph/fredgraph.csv?id=GVZCLS,2026-10-08
gold_vol,2022-02-25,2022-02-26,18.4,https://fred.stlouisfed.org/graph/fredgraph.csv?id=GVZCLS,2026-10-08
gold_vol,2022-02-28,2022-03-01,20.97,https://fred.stlouisfed.org/graph/fredgraph.csv?id=GVZCLS,2026-10-08
gold_vol,2022-03-01,2022-03-02,22.7,https://fred.stlouisfed.org/graph/fredgraph.csv?id=GVZCLS,2026-10-08
gold_vol,2022-03-02,2022-03-03,21.85,https://fred.stlouisfed.org/graph/fredgraph.csv?id=GVZCLS,2026-10-08
gold_vol,2022-03-03,2022-03-04,22.94,https://fred.stlouisfed.org/graph/fredgraph.csv?id=GVZCLS,2026-10-08
gold_vol,2022-03-04,2022-03-05,26.29,https://fred.stlouisfed.org/graph/fredgraph.csv?id=GVZCLS,2026-10-08
gold_vol,2022-03-07,2022-03-08,29.67,https://fred.stlouisfed.org/graph/fredgraph.csv?id=GVZCLS,2026-10-08
gold_vol,2022-03-08,2022-03-09,31.7,https://fred.stlouisfed.org/graph/fredgraph.csv?id=GVZCLS,2026-10-08
gold_vol,2022-03-09,2022-03-10,28.01,https://fred.stlouisfed.org/graph/fredgraph.csv?id=GVZCLS,2026-10-08
gold_vol,2022-03-10,2022-03-11,26.08,https://fred.stlouisfed.org/graph/fredgraph.csv?id=GVZCLS,2026-10-08
gold_vol,2022-03-11,2022-03-12,24.73,https://fred.stlouisfed.org/graph/fredgraph.csv?id=GVZCLS,2026-10-08
gold_vol,2022-03-14,2022-03-15,24.08,https://fred.stlouisfed.org/graph/fredgraph.csv?id=GVZCLS,2026-10-08
gold_vol,2022-03-15,2022-03-16,23.8,https://fred.stlouisfed.org/graph/fredgraph.csv?id=GVZCLS,2026-10-08
gold_vol,2022-03-16,2022-03-17,22.51,https://fred.stlouisfed.org/graph/fredgraph.csv?id=GVZCLS,2026-10-08
gold_vol,2022-03-17,2022-03-18,22.23,https://fred.stlouisfed.org/graph/fredgraph.csv?id=GVZCLS,2026-10-08
gold_vol,2022-03-18,2022-03-19,22.0,https://fred.stlouisfed.org/graph/fredgraph.csv?id=GVZCLS,2026-10-08
gold_vol,2022-03-21,2022-03-22,21.89,https://fred.stlouisfed.org/graph/fredgraph.csv?id=GVZCLS,2026-10-08
gold_vol,2022-03-22,2022-03-23,20.58,https://fred.stlouisfed.org/graph/fredgraph.csv?id=GVZCLS,2026-10-08
gold_vol,2022-03-23,2022-03-24,23.41,https://fred.stlouisfed.org/graph/fredgraph.csv?id=GVZCLS,2026-10-08
gold_vol,2022-03-24,2022-03-25,24.07,https://fred.stlouisfed.org/graph/fredgraph.csv?id=GVZCLS,2026-10-08
gold_vol,2022-03-25,2022-03-26,24.68,https://fred.stlouisfed.org/graph/fredgraph.csv?id=GVZCLS,2026-10-08
gold_vol,2022-03-28,2022-03-29,23.2,https://fred.stlouisfed.org/graph/fredgraph.csv?id=GVZCLS,2026-10-08
gold_vol,2022-03-29,2022-03-30,21.28,https://fred.stlouisfed.org/graph/fredgraph.csv?id=GVZCLS,2026-10-08
gold_vol,2022-03-30,2022-03-31,21.08,https://fred.stlouisfed.org/graph/fredgraph.csv?id=GVZCLS,2026-10-08
gold_vol,2022-03-31,2022-04-01,20.25,https://fred.stlouisfed.org/graph/fredgraph.csv?id=GVZCLS,2026-10-08
gold_vol,2022-04-01,2022-04-02,19.08,https://fred.stlouisfed.org/graph/fredgraph.csv?id=GVZCLS,2026-10-08
gold_vol,2022-04-04,2022-04-05,19.22,https://fred.stlouisfed.org/graph/fredgraph.csv?id=GVZCLS,2026-10-08
gold_vol,2022-04-05,2022-04-06,18.47,https://fred.stlouisfed.org/graph/fredgraph.csv?id=GVZCLS,2026-10-08
gold_vol,2022-04-06,2022-04-07,18.88,https://fred.stlouisfed.org/graph/fredgraph.csv?id=GVZCLS,2026-10-08
gold_vol,2022-04-07,2022-04-08,18.43,https://fred.stlouisfed.org/graph/fredgraph.csv?id=GVZCLS,2026-10-08
gold_vol,2022-04-08,2022-04-09,18.37,https://fred.stlouisfed.org/graph/fredgraph.csv?id=GVZCLS,2026-10-08
gold_vol,2022-04-11,2022-04-12,19.25,https://fred.stlouisfed.org/graph/fredgraph.csv?id=GVZCLS,2026-10-08
gold_vol,2022-04-12,2022-04-13,19.37,https://fred.stlouisfed.org/graph/fredgraph.csv?id=GVZCLS,2026-10-08
gold_vol,2022-04-13,2022-04-14,18.7,https://fred.stlouisfed.org/graph/fredgraph.csv?id=GVZCLS,2026-10-08
gold_vol,2022-04-14,2022-04-15,17.71,https://fred.stlouisfed.org/graph/fredgraph.csv?id=GVZCLS,2026-10-08
gold_vol,2022-04-18,2022-04-19,19.07,https://fred.stlouisfed.org/graph/fredgraph.csv?id=GVZCLS,2026-10-08
gold_vol,2022-04-19,2022-04-20,18.19,https://fred.stlouisfed.org/graph/fredgraph.csv?id=GVZCLS,2026-10-08
gold_vol,2022-04-20,2022-04-21,18.15,https://fred.stlouisfed.org/graph/fredgraph.csv?id=GVZCLS,2026-10-08
gold_vol,2022-04-21,2022-04-22,18.22,https://fred.stlouisfed.org/graph/fredgraph.csv?id=GVZCLS,2026-10-08
gold_vol,2022-04-22,2022-04-23,18.97,https://fred.stlouisfed.org/graph/fredgraph.csv?id=GVZCLS,2026-10-08
gold_vol,2022-04-25,2022-04-26,19.47,https://fred.stlouisfed.org/graph/fredgraph.csv?id=GVZCLS,2026-10-08
gold_vol,2022-04-26,2022-04-27,19.23,https://fred.stlouisfed.org/graph/fredgraph.csv?id=GVZCLS,2026-10-08
gold_vol,2022-04-27,2022-04-28,19.16,https://fred.stlouisfed.org/graph/fredgraph.csv?id=GVZCLS,2026-10-08
gold_vol,2022-04-28,2022-04-29,19.0,https://fred.stlouisfed.org/graph/fredgraph.csv?id=GVZCLS,2026-10-08
gold_vol,2022-04-29,2022-04-30,19.83,https://fred.stlouisfed.org/graph/fredgraph.csv?id=GVZCLS,2026-10-08
gold_vol,2022-05-02,2022-05-03,20.06,https://fred.stlouisfed.org/graph/fredgraph.csv?id=GVZCLS,2026-10-08
gold_vol,2022-05-03,2022-05-04,19.71,https://fred.stlouisfed.org/graph/fredgraph.csv?id=GVZCLS,2026-10-08
gold_vol,2022-05-04,2022-05-05,18.81,https://fred.stlouisfed.org/graph/fredgraph.csv?id=GVZCLS,2026-10-08
gold_vol,2022-05-05,2022-05-06,19.36,https://fred.stlouisfed.org/graph/fredgraph.csv?id=GVZCLS,2026-10-08
gold_vol,2022-05-06,2022-05-07,18.71,https://fred.stlouisfed.org/graph/fredgraph.csv?id=GVZCLS,2026-10-08
gold_vol,2022-05-09,2022-05-10,20.49,https://fred.stlouisfed.org/graph/fredgraph.csv?id=GVZCLS,2026-10-08
gold_vol,2022-05-10,2022-05-11,20.02,https://fred.stlouisfed.org/graph/fredgraph.csv?id=GVZCLS,2026-10-08
gold_vol,2022-05-11,2022-05-12,20.26,https://fred.stlouisfed.org/graph/fredgraph.csv?id=GVZCLS,2026-10-08
gold_vol,2022-05-12,2022-05-13,21.51,https://fred.stlouisfed.org/graph/fredgraph.csv?id=GVZCLS,2026-10-08
gold_vol,2022-05-13,2022-05-14,21.2,https://fred.stlouisfed.org/graph/fredgraph.csv?id=GVZCLS,2026-10-08
gold_vol,2022-05-16,2022-05-17,21.16,https://fred.stlouisfed.org/graph/fredgraph.csv?id=GVZCLS,2026-10-08
gold_vol,2022-05-17,2022-05-18,20.05,https://fred.stlouisfed.org/graph/fredgraph.csv?id=GVZCLS,2026-10-08
gold_vol,2022-05-18,2022-05-19,19.69,https://fred.stlouisfed.org/graph/fredgraph.csv?id=GVZCLS,2026-10-08
gold_vol,2022-05-19,2022-05-20,20.25,https://fred.stlouisfed.org/graph/fredgraph.csv?id=GVZCLS,2026-10-08
gold_vol,2022-05-20,2022-05-21,19.31,https://fred.stlouisfed.org/graph/fredgraph.csv?id=GVZCLS,2026-10-08
gold_vol,2022-05-23,2022-05-24,19.63,https://fred.stlouisfed.org/graph/fredgraph.csv?id=GVZCLS,2026-10-08
gold_vol,2022-05-24,2022-05-25,19.13,https://fred.stlouisfed.org/graph/fredgraph.csv?id=GVZCLS,2026-10-08
gold_vol,2022-05-25,2022-05-26,18.27,https://fred.stlouisfed.org/graph/fredgraph.csv?id=GVZCLS,2026-10-08
gold_vol,2022-05-26,2022-05-27,17.81,https://fred.stlouisfed.org/graph/fredgraph.csv?id=GVZCLS,2026-10-08
gold_vol,2022-05-27,2022-05-28,17.5,https://fred.stlouisfed.org/graph/fredgraph.csv?id=GVZCLS,2026-10-08
gold_vol,2022-05-31,2022-06-01,17.19,https://fred.stlouisfed.org/graph/fredgraph.csv?id=GVZCLS,2026-10-08
gold_vol,2022-06-01,2022-06-02,16.94,https://fred.stlouisfed.org/graph/fredgraph.csv?id=GVZCLS,2026-10-08
gold_vol,2022-06-02,2022-06-03,17.13,https://fred.stlouisfed.org/graph/fredgraph.csv?id=GVZCLS,2026-10-08
gold_vol,2022-06-03,2022-06-04,16.51,https://fred.stlouisfed.org/graph/fredgraph.csv?id=GVZCLS,2026-10-08
gold_vol,2022-06-06,2022-06-07,16.81,https://fred.stlouisfed.org/graph/fredgraph.csv?id=GVZCLS,2026-10-08
gold_vol,2022-06-07,2022-06-08,16.64,https://fred.stlouisfed.org/graph/fredgraph.csv?id=GVZCLS,2026-10-08
gold_vol,2022-06-08,2022-06-09,16.04,https://fred.stlouisfed.org/graph/fredgraph.csv?id=GVZCLS,2026-10-08
gold_vol,2022-06-09,2022-06-10,16.29,https://fred.stlouisfed.org/graph/fredgraph.csv?id=GVZCLS,2026-10-08
gold_vol,2022-06-10,2022-06-11,17.58,https://fred.stlouisfed.org/graph/fredgraph.csv?id=GVZCLS,2026-10-08
gold_vol,2022-06-13,2022-06-14,20.84,https://fred.stlouisfed.org/graph/fredgraph.csv?id=GVZCLS,2026-10-08
gold_vol,2022-06-14,2022-06-15,21.99,https://fred.stlouisfed.org/graph/fredgraph.csv?id=GVZCLS,2026-10-08
gold_vol,2022-06-15,2022-06-16,19.4,https://fred.stlouisfed.org/graph/fredgraph.csv?id=GVZCLS,2026-10-08
gold_vol,2022-06-16,2022-06-17,20.65,https://fred.stlouisfed.org/graph/fredgraph.csv?id=GVZCLS,2026-10-08
gold_vol,2022-06-17,2022-06-18,20.28,https://fred.stlouisfed.org/graph/fredgraph.csv?id=GVZCLS,2026-10-08
gold_vol,2022-06-21,2022-06-22,18.24,https://fred.stlouisfed.org/graph/fredgraph.csv?id=GVZCLS,2026-10-08
gold_vol,2022-06-22,2022-06-23,18.29,https://fred.stlouisfed.org/graph/fredgraph.csv?id=GVZCLS,2026-10-08
gold_vol,2022-06-23,2022-06-24,18.65,https://fred.stlouisfed.org/graph/fredgraph.csv?id=GVZCLS,2026-10-08
gold_vol,2022-06-24,2022-06-25,17.92,https://fred.stlouisfed.org/graph/fredgraph.csv?id=GVZCLS,2026-10-08
gold_vol,2022-06-27,2022-06-28,17.88,https://fred.stlouisfed.org/graph/fredgraph.csv?id=GVZCLS,2026-10-08
gold_vol,2022-06-28,2022-06-29,17.95,https://fred.stlouisfed.org/graph/fredgraph.csv?id=GVZCLS,2026-10-08
gold_vol,2022-06-29,2022-06-30,18.08,https://fred.stlouisfed.org/graph/fredgraph.csv?id=GVZCLS,2026-10-08
gold_vol,2022-06-30,2022-07-01,19.61,https://fred.stlouisfed.org/graph/fredgraph.csv?id=GVZCLS,2026-10-08
gold_vol,2022-07-01,2022-07-02,20.17,https://fred.stlouisfed.org/graph/fredgraph.csv?id=GVZCLS,2026-10-08
gold_vol,2022-07-05,2022-07-06,21.33,https://fred.stlouisfed.org/graph/fredgraph.csv?id=GVZCLS,2026-10-08
gold_vol,2022-07-06,2022-07-07,21.91,https://fred.stlouisfed.org/graph/fredgraph.csv?id=GVZCLS,2026-10-08
gold_vol,2022-07-07,2022-07-08,20.5,https://fred.stlouisfed.org/graph/fredgraph.csv?id=GVZCLS,2026-10-08
gold_vol,2022-07-08,2022-07-09,19.41,https://fred.stlouisfed.org/graph/fredgraph.csv?id=GVZCLS,2026-10-08
gold_vol,2022-07-11,2022-07-12,19.72,https://fred.stlouisfed.org/graph/fredgraph.csv?id=GVZCLS,2026-10-08
gold_vol,2022-07-12,2022-07-13,19.78,https://fred.stlouisfed.org/graph/fredgraph.csv?id=GVZCLS,2026-10-08
gold_vol,2022-07-13,2022-07-14,18.36,https://fred.stlouisfed.org/graph/fredgraph.csv?id=GVZCLS,2026-10-08
gold_vol,2022-07-14,2022-07-15,19.6,https://fred.stlouisfed.org/graph/fredgraph.csv?id=GVZCLS,2026-10-08
gold_vol,2022-07-15,2022-07-16,19.27,https://fred.stlouisfed.org/graph/fredgraph.csv?id=GVZCLS,2026-10-08
gold_vol,2022-07-18,2022-07-19,19.42,https://fred.stlouisfed.org/graph/fredgraph.csv?id=GVZCLS,2026-10-08
gold_vol,2022-07-19,2022-07-20,18.63,https://fred.stlouisfed.org/graph/fredgraph.csv?id=GVZCLS,2026-10-08
gold_vol,2022-07-20,2022-07-21,19.26,https://fred.stlouisfed.org/graph/fredgraph.csv?id=GVZCLS,2026-10-08
gold_vol,2022-07-21,2022-07-22,18.71,https://fred.stlouisfed.org/graph/fredgraph.csv?id=GVZCLS,2026-10-08
gold_vol,2022-07-22,2022-07-23,18.3,https://fred.stlouisfed.org/graph/fredgraph.csv?id=GVZCLS,2026-10-08
gold_vol,2022-07-25,2022-07-26,18.3,https://fred.stlouisfed.org/graph/fredgraph.csv?id=GVZCLS,2026-10-08
gold_vol,2022-07-26,2022-07-27,18.06,https://fred.stlouisfed.org/graph/fredgraph.csv?id=GVZCLS,2026-10-08
gold_vol,2022-07-27,2022-07-28,17.39,https://fred.stlouisfed.org/graph/fredgraph.csv?id=GVZCLS,2026-10-08
gold_vol,2022-07-28,2022-07-29,16.84,https://fred.stlouisfed.org/graph/fredgraph.csv?id=GVZCLS,2026-10-08
gold_vol,2022-07-29,2022-07-30,16.49,https://fred.stlouisfed.org/graph/fredgraph.csv?id=GVZCLS,2026-10-08
gold_vol,2022-08-01,2022-08-02,17.52,https://fred.stlouisfed.org/graph/fredgraph.csv?id=GVZCLS,2026-10-08
gold_vol,2022-08-02,2022-08-03,17.34,https://fred.stlouisfed.org/graph/fredgraph.csv?id=GVZCLS,2026-10-08
gold_vol,2022-08-03,2022-08-04,16.76,https://fred.stlouisfed.org/graph/fredgraph.csv?id=GVZCLS,2026-10-08
gold_vol,2022-08-04,2022-08-05,16.95,https://fred.stlouisfed.org/graph/fredgraph.csv?id=GVZCLS,2026-10-08
gold_vol,2022-08-05,2022-08-06,16.37,https://fred.stlouisfed.org/graph/fredgraph.csv?id=GVZCLS,2026-10-08
gold_vol,2022-08-08,2022-08-09,16.76,https://fred.stlouisfed.org/graph/fredgraph.csv?id=GVZCLS,2026-10-08
gold_vol,2022-08-09,2022-08-10,16.69,https://fred.stlouisfed.org/graph/fredgraph.csv?id=GVZCLS,2026-10-08
gold_vol,2022-08-10,2022-08-11,16.27,https://fred.stlouisfed.org/graph/fredgraph.csv?id=GVZCLS,2026-10-08
gold_vol,2022-08-11,2022-08-12,15.81,https://fred.stlouisfed.org/graph/fredgraph.csv?id=GVZCLS,2026-10-08
gold_vol,2022-08-12,2022-08-13,15.22,https://fred.stlouisfed.org/graph/fredgraph.csv?id=GVZCLS,2026-10-08
gold_vol,2022-08-15,2022-08-16,15.37,https://fred.stlouisfed.org/graph/fredgraph.csv?id=GVZCLS,2026-10-08
gold_vol,2022-08-16,2022-08-17,15.27,https://fred.stlouisfed.org/graph/fredgraph.csv?id=GVZCLS,2026-10-08
gold_vol,2022-08-17,2022-08-18,15.32,https://fred.stlouisfed.org/graph/fredgraph.csv?id=GVZCLS,2026-10-08
gold_vol,2022-08-18,2022-08-19,15.36,https://fred.stlouisfed.org/graph/fredgraph.csv?id=GVZCLS,2026-10-08
gold_vol,2022-08-19,2022-08-20,15.91,https://fred.stlouisfed.org/graph/fredgraph.csv?id=GVZCLS,2026-10-08
gold_vol,2022-08-22,2022-08-23,16.57,https://fred.stlouisfed.org/graph/fredgraph.csv?id=GVZCLS,2026-10-08
gold_vol,2022-08-23,2022-08-24,15.8,https://fred.stlouisfed.org/graph/fredgraph.csv?id=GVZCLS,2026-10-08
gold_vol,2022-08-24,2022-08-25,15.9,https://fred.stlouisfed.org/graph/fredgraph.csv?id=GVZCLS,2026-10-08
gold_vol,2022-08-25,2022-08-26,15.57,https://fred.stlouisfed.org/graph/fredgraph.csv?id=GVZCLS,2026-10-08
gold_vol,2022-08-26,2022-08-27,15.42,https://fred.stlouisfed.org/graph/fredgraph.csv?id=GVZCLS,2026-10-08
gold_vol,2022-08-29,2022-08-30,16.02,https://fred.stlouisfed.org/graph/fredgraph.csv?id=GVZCLS,2026-10-08
gold_vol,2022-08-30,2022-08-31,16.52,https://fred.stlouisfed.org/graph/fredgraph.csv?id=GVZCLS,2026-10-08
gold_vol,2022-08-31,2022-09-01,17.02,https://fred.stlouisfed.org/graph/fredgraph.csv?id=GVZCLS,2026-10-08
gold_vol,2022-09-01,2022-09-02,17.8,https://fred.stlouisfed.org/graph/fredgraph.csv?id=GVZCLS,2026-10-08
gold_vol,2022-09-02,2022-09-03,16.88,https://fred.stlouisfed.org/graph/fredgraph.csv?id=GVZCLS,2026-10-08
gold_vol,2022-09-06,2022-09-07,17.68,https://fred.stlouisfed.org/graph/fredgraph.csv?id=GVZCLS,2026-10-08
gold_vol,2022-09-07,2022-09-08,16.77,https://fred.stlouisfed.org/graph/fredgraph.csv?id=GVZCLS,2026-10-08
gold_vol,2022-09-08,2022-09-09,16.4,https://fred.stlouisfed.org/graph/fredgraph.csv?id=GVZCLS,2026-10-08
gold_vol,2022-09-09,2022-09-10,15.91,https://fred.stlouisfed.org/graph/fredgraph.csv?id=GVZCLS,2026-10-08
gold_vol,2022-09-12,2022-09-13,15.79,https://fred.stlouisfed.org/graph/fredgraph.csv?id=GVZCLS,2026-10-08
gold_vol,2022-09-13,2022-09-14,16.93,https://fred.stlouisfed.org/graph/fredgraph.csv?id=GVZCLS,2026-10-08
gold_vol,2022-09-14,2022-09-15,17.17,https://fred.stlouisfed.org/graph/fredgraph.csv?id=GVZCLS,2026-10-08
gold_vol,2022-09-15,2022-09-16,19.66,https://fred.stlouisfed.org/graph/fredgraph.csv?id=GVZCLS,2026-10-08
gold_vol,2022-09-16,2022-09-17,18.31,https://fred.stlouisfed.org/graph/fredgraph.csv?id=GVZCLS,2026-10-08
gold_vol,2022-09-19,2022-09-20,18.37,https://fred.stlouisfed.org/graph/fredgraph.csv?id=GVZCLS,2026-10-08
gold_vol,2022-09-20,2022-09-21,18.59,https://fred.stlouisfed.org/graph/fredgraph.csv?id=GVZCLS,2026-10-08
gold_vol,2022-09-21,2022-09-22,18.48,https://fred.stlouisfed.org/graph/fredgraph.csv?id=GVZCLS,2026-10-08
gold_vol,2022-09-22,2022-09-23,17.93,https://fred.stlouisfed.org/graph/fredgraph.csv?id=GVZCLS,2026-10-08
gold_vol,2022-09-23,2022-09-24,19.42,https://fred.stlouisfed.org/graph/fredgraph.csv?id=GVZCLS,2026-10-08
gold_vol,2022-09-26,2022-09-27,20.26,https://fred.stlouisfed.org/graph/fredgraph.csv?id=GVZCLS,2026-10-08
gold_vol,2022-09-27,2022-09-28,19.26,https://fred.stlouisfed.org/graph/fredgraph.csv?id=GVZCLS,2026-10-08
gold_vol,2022-09-28,2022-09-29,19.27,https://fred.stlouisfed.org/graph/fredgraph.csv?id=GVZCLS,2026-10-08
gold_vol,2022-09-29,2022-09-30,19.78,https://fred.stlouisfed.org/graph/fredgraph.csv?id=GVZCLS,2026-10-08
gold_vol,2022-09-30,2022-10-01,19.52,https://fred.stlouisfed.org/graph/fredgraph.csv?id=GVZCLS,2026-10-08
gold_vol,2022-10-03,2022-10-04,20.29,https://fred.stlouisfed.org/graph/fredgraph.csv?id=GVZCLS,2026-10-08
gold_vol,2022-10-04,2022-10-05,19.55,https://fred.stlouisfed.org/graph/fredgraph.csv?id=GVZCLS,2026-10-08
gold_vol,2022-10-05,2022-10-06,19.69,https://fred.stlouisfed.org/graph/fredgraph.csv?id=GVZCLS,2026-10-08
gold_vol,2022-10-06,2022-10-07,19.67,https://fred.stlouisfed.org/graph/fredgraph.csv?id=GVZCLS,2026-10-08
gold_vol,2022-10-07,2022-10-08,19.66,https://fred.stlouisfed.org/graph/fredgraph.csv?id=GVZCLS,2026-10-08
gold_vol,2022-10-10,2022-10-11,20.54,https://fred.stlouisfed.org/graph/fredgraph.csv?id=GVZCLS,2026-10-08
gold_vol,2022-10-11,2022-10-12,20.59,https://fred.stlouisfed.org/graph/fredgraph.csv?id=GVZCLS,2026-10-08
gold_vol,2022-10-12,2022-10-13,20.4,https://fred.stlouisfed.org/graph/fredgraph.csv?id=GVZCLS,2026-10-08
gold_vol,2022-10-13,2022-10-14,20.07,https://fred.stlouisfed.org/graph/fredgraph.csv?id=GVZCLS,2026-10-08
gold_vol,2022-10-14,2022-10-15,20.07,https://fred.stlouisfed.org/graph/fredgraph.csv?id=GVZCLS,2026-10-08
gold_vol,2022-10-17,2022-10-18,19.96,https://fred.stlouisfed.org/graph/fredgraph.csv?id=GVZCLS,2026-10-08
gold_vol,2022-10-18,2022-10-19,19.19,https://fred.stlouisfed.org/graph/fredgraph.csv?id=GVZCLS,2026-10-08
gold_vol,2022-10-19,2022-10-20,19.41,https://fred.stlouisfed.org/graph/fredgraph.csv?id=GVZCLS,2026-10-08
gold_vol,2022-10-20,2022-10-21,19.23,https://fred.stlouisfed.org/graph/fredgraph.csv?id=GVZCLS,2026-10-08
gold_vol,2022-10-21,2022-10-22,19.05,https://fred.stlouisfed.org/graph/fredgraph.csv?id=GVZCLS,2026-10-08
gold_vol,2022-10-24,2022-10-25,19.58,https://fred.stlouisfed.org/graph/fredgraph.csv?id=GVZCLS,2026-10-08
gold_vol,2022-10-25,2022-10-26,19.33,https://fred.stlouisfed.org/graph/fredgraph.csv?id=GVZCLS,2026-10-08
gold_vol,2022-10-26,2022-10-27,18.67,https://fred.stlouisfed.org/graph/fredgraph.csv?id=GVZCLS,2026-10-08
gold_vol,2022-10-27,2022-10-28,18.51,https://fred.stlouisfed.org/graph/fredgraph.csv?id=GVZCLS,2026-10-08
gold_vol,2022-10-28,2022-10-29,18.01,https://fred.stlouisfed.org/graph/fredgraph.csv?id=GVZCLS,2026-10-08
gold_vol,2022-10-31,2022-11-01,18.27,https://fred.stlouisfed.org/graph/fredgraph.csv?id=GVZCLS,2026-10-08
gold_vol,2022-11-01,2022-11-02,18.45,https://fred.stlouisfed.org/graph/fredgraph.csv?id=GVZCLS,2026-10-08
gold_vol,2022-11-02,2022-11-03,17.84,https://fred.stlouisfed.org/graph/fredgraph.csv?id=GVZCLS,2026-10-08
gold_vol,2022-11-03,2022-11-04,18.03,https://fred.stlouisfed.org/graph/fredgraph.csv?id=GVZCLS,2026-10-08
gold_vol,2022-11-04,2022-11-05,18.03,https://fred.stlouisfed.org/graph/fredgraph.csv?id=GVZCLS,2026-10-08
gold_vol,2022-11-07,2022-11-08,18.12,https://fred.stlouisfed.org/graph/fredgraph.csv?id=GVZCLS,2026-10-08
gold_vol,2022-11-08,2022-11-09,18.91,https://fred.stlouisfed.org/graph/fredgraph.csv?id=GVZCLS,2026-10-08
gold_vol,2022-11-09,2022-11-10,18.91,https://fred.stlouisfed.org/graph/fredgraph.csv?id=GVZCLS,2026-10-08
gold_vol,2022-11-10,2022-11-11,17.69,https://fred.stlouisfed.org/graph/fredgraph.csv?id=GVZCLS,2026-10-08
gold_vol,2022-11-11,2022-11-12,17.57,https://fred.stlouisfed.org/graph/fredgraph.csv?id=GVZCLS,2026-10-08
gold_vol,2022-11-14,2022-11-15,17.41,https://fred.stlouisfed.org/graph/fredgraph.csv?id=GVZCLS,2026-10-08
gold_vol,2022-11-15,2022-11-16,17.72,https://fred.stlouisfed.org/graph/fredgraph.csv?id=GVZCLS,2026-10-08
gold_vol,2022-11-16,2022-11-17,17.23,https://fred.stlouisfed.org/graph/fredgraph.csv?id=GVZCLS,2026-10-08
gold_vol,2022-11-17,2022-11-18,16.77,https://fred.stlouisfed.org/graph/fredgraph.csv?id=GVZCLS,2026-10-08
gold_vol,2022-11-18,2022-11-19,16.51,https://fred.stlouisfed.org/graph/fredgraph.csv?id=GVZCLS,2026-10-08
gold_vol,2022-11-21,2022-11-22,16.68,https://fred.stlouisfed.org/graph/fredgraph.csv?id=GVZCLS,2026-10-08
gold_vol,2022-11-22,2022-11-23,16.07,https://fred.stlouisfed.org/graph/fredgraph.csv?id=GVZCLS,2026-10-08
gold_vol,2022-11-23,2022-11-24,15.84,https://fred.stlouisfed.org/graph/fredgraph.csv?id=GVZCLS,2026-10-08
gold_vol,2022-11-25,2022-11-26,15.23,https://fred.stlouisfed.org/graph/fredgraph.csv?id=GVZCLS,2026-10-08
gold_vol,2022-11-28,2022-11-29,15.77,https://fred.stlouisfed.org/graph/fredgraph.csv?id=GVZCLS,2026-10-08
gold_vol,2022-11-29,2022-11-30,15.71,https://fred.stlouisfed.org/graph/fredgraph.csv?id=GVZCLS,2026-10-08
gold_vol,2022-11-30,2022-12-01,15.45,https://fred.stlouisfed.org/graph/fredgraph.csv?id=GVZCLS,2026-10-08
gold_vol,2022-12-01,2022-12-02,15.92,https://fred.stlouisfed.org/graph/fredgraph.csv?id=GVZCLS,2026-10-08
gold_vol,2022-12-02,2022-12-03,15.42,https://fred.stlouisfed.org/graph/fredgraph.csv?id=GVZCLS,2026-10-08
gold_vol,2022-12-05,2022-12-06,15.81,https://fred.stlouisfed.org/graph/fredgraph.csv?id=GVZCLS,2026-10-08
gold_vol,2022-12-06,2022-12-07,16.19,https://fred.stlouisfed.org/graph/fredgraph.csv?id=GVZCLS,2026-10-08
gold_vol,2022-12-07,2022-12-08,16.55,https://fred.stlouisfed.org/graph/fredgraph.csv?id=GVZCLS,2026-10-08
gold_vol,2022-12-08,2022-12-09,16.45,https://fred.stlouisfed.org/graph/fredgraph.csv?id=GVZCLS,2026-10-08
gold_vol,2022-12-09,2022-12-10,16.26,https://fred.stlouisfed.org/graph/fredgraph.csv?id=GVZCLS,2026-10-08
gold_vol,2022-12-12,2022-12-13,15.51,https://fred.stlouisfed.org/graph/fredgraph.csv?id=GVZCLS,2026-10-08
gold_vol,2022-12-13,2022-12-14,14.71,https://fred.stlouisfed.org/graph/fredgraph.csv?id=GVZCLS,2026-10-08
gold_vol,2022-12-14,2022-12-15,14.06,https://fred.stlouisfed.org/graph/fredgraph.csv?id=GVZCLS,2026-10-08
gold_vol,2022-12-15,2022-12-16,14.39,https://fred.stlouisfed.org/graph/fredgraph.csv?id=GVZCLS,2026-10-08
gold_vol,2022-12-16,2022-12-17,14.14,https://fred.stlouisfed.org/graph/fredgraph.csv?id=GVZCLS,2026-10-08
gold_vol,2022-12-19,2022-12-20,14.49,https://fred.stlouisfed.org/graph/fredgraph.csv?id=GVZCLS,2026-10-08
gold_vol,2022-12-20,2022-12-21,15.03,https://fred.stlouisfed.org/graph/fredgraph.csv?id=GVZCLS,2026-10-08
gold_vol,2022-12-21,2022-12-22,14.78,https://fred.stlouisfed.org/graph/fredgraph.csv?id=GVZCLS,2026-10-08
gold_vol,2022-12-22,2022-12-23,14.88,https://fred.stlouisfed.org/graph/fredgraph.csv?id=GVZCLS,2026-10-08
gold_vol,2022-12-23,2022-12-24,14.86,https://fred.stlouisfed.org/graph/fredgraph.csv?id=GVZCLS,2026-10-08
gold_vol,2022-12-27,2022-12-28,16.3,https://fred.stlouisfed.org/graph/fredgraph.csv?id=GVZCLS,2026-10-08
gold_vol,2022-12-28,2022-12-29,15.99,https://fred.stlouisfed.org/graph/fredgraph.csv?id=GVZCLS,2026-10-08
gold_vol,2022-12-29,2022-12-30,16.18,https://fred.stlouisfed.org/graph/fredgraph.csv?id=GVZCLS,2026-10-08
gold_vol,2022-12-30,2022-12-31,16.25,https://fred.stlouisfed.org/graph/fredgraph.csv?id=GVZCLS,2026-10-08
gold_vol,2023-01-03,2023-01-04,17.26,https://fred.stlouisfed.org/graph/fredgraph.csv?id=GVZCLS,2026-10-08
gold_vol,2023-01-04,2023-01-05,17.35,https://fred.stlouisfed.org/graph/fredgraph.csv?id=GVZCLS,2026-10-08
gold_vol,2023-01-05,2023-01-06,16.78,https://fred.stlouisfed.org/graph/fredgraph.csv?id=GVZCLS,2026-10-08
gold_vol,2023-01-06,2023-01-07,16.44,https://fred.stlouisfed.org/graph/fredgraph.csv?id=GVZCLS,2026-10-08
gold_vol,2023-01-09,2023-01-10,16.92,https://fred.stlouisfed.org/graph/fredgraph.csv?id=GVZCLS,2026-10-08
gold_vol,2023-01-10,2023-01-11,16.59,https://fred.stlouisfed.org/graph/fredgraph.csv?id=GVZCLS,2026-10-08
gold_vol,2023-01-11,2023-01-12,16.32,https://fred.stlouisfed.org/graph/fredgraph.csv?id=GVZCLS,2026-10-08
gold_vol,2023-01-12,2023-01-13,15.95,https://fred.stlouisfed.org/graph/fredgraph.csv?id=GVZCLS,2026-10-08
gold_vol,2023-01-13,2023-01-14,16.37,https://fred.stlouisfed.org/graph/fredgraph.csv?id=GVZCLS,2026-10-08
gold_vol,2023-01-17,2023-01-18,16.49,https://fred.stlouisfed.org/graph/fredgraph.csv?id=GVZCLS,2026-10-08
gold_vol,2023-01-18,2023-01-19,16.19,https://fred.stlouisfed.org/graph/fredgraph.csv?id=GVZCLS,2026-10-08
gold_vol,2023-01-19,2023-01-20,16.71,https://fred.stlouisfed.org/graph/fredgraph.csv?id=GVZCLS,2026-10-08
gold_vol,2023-01-20,2023-01-21,16.4,https://fred.stlouisfed.org/graph/fredgraph.csv?id=GVZCLS,2026-10-08
gold_vol,2023-01-23,2023-01-24,16.2,https://fred.stlouisfed.org/graph/fredgraph.csv?id=GVZCLS,2026-10-08
gold_vol,2023-01-24,2023-01-25,16.17,https://fred.stlouisfed.org/graph/fredgraph.csv?id=GVZCLS,2026-10-08
gold_vol,2023-01-25,2023-01-26,16.12,https://fred.stlouisfed.org/graph/fredgraph.csv?id=GVZCLS,2026-10-08
gold_vol,2023-01-26,2023-01-27,15.59,https://fred.stlouisfed.org/graph/fredgraph.csv?id=GVZCLS,2026-10-08
gold_vol,2023-01-27,2023-01-28,15.23,https://fred.stlouisfed.org/graph/fredgraph.csv?id=GVZCLS,2026-10-08
gold_vol,2023-01-30,2023-01-31,15.59,https://fred.stlouisfed.org/graph/fredgraph.csv?id=GVZCLS,2026-10-08
gold_vol,2023-01-31,2023-02-01,15.75,https://fred.stlouisfed.org/graph/fredgraph.csv?id=GVZCLS,2026-10-08
gold_vol,2023-02-01,2023-02-02,15.22,https://fred.stlouisfed.org/graph/fredgraph.csv?id=GVZCLS,2026-10-08
gold_vol,2023-02-02,2023-02-03,15.14,https://fred.stlouisfed.org/graph/fredgraph.csv?id=GVZCLS,2026-10-08
gold_vol,2023-02-03,2023-02-04,15.06,https://fred.stlouisfed.org/graph/fredgraph.csv?id=GVZCLS,2026-10-08
gold_vol,2023-02-06,2023-02-07,15.81,https://fred.stlouisfed.org/graph/fredgraph.csv?id=GVZCLS,2026-10-08
gold_vol,2023-02-07,2023-02-08,15.62,https://fred.stlouisfed.org/graph/fredgraph.csv?id=GVZCLS,2026-10-08
gold_vol,2023-02-08,2023-02-09,15.46,https://fred.stlouisfed.org/graph/fredgraph.csv?id=GVZCLS,2026-10-08
gold_vol,2023-02-09,2023-02-10,15.52,https://fred.stlouisfed.org/graph/fredgraph.csv?id=GVZCLS,2026-10-08
gold_vol,2023-02-10,2023-02-11,15.46,https://fred.stlouisfed.org/graph/fredgraph.csv?id=GVZCLS,2026-10-08
gold_vol,2023-02-13,2023-02-14,15.58,https://fred.stlouisfed.org/graph/fredgraph.csv?id=GVZCLS,2026-10-08
gold_vol,2023-02-14,2023-02-15,14.88,https://fred.stlouisfed.org/graph/fredgraph.csv?id=GVZCLS,2026-10-08
gold_vol,2023-02-15,2023-02-16,14.9,https://fred.stlouisfed.org/graph/fredgraph.csv?id=GVZCLS,2026-10-08
gold_vol,2023-02-16,2023-02-17,14.92,https://fred.stlouisfed.org/graph/fredgraph.csv?id=GVZCLS,2026-10-08
gold_vol,2023-02-17,2023-02-18,14.69,https://fred.stlouisfed.org/graph/fredgraph.csv?id=GVZCLS,2026-10-08
gold_vol,2023-02-21,2023-02-22,15.48,https://fred.stlouisfed.org/graph/fredgraph.csv?id=GVZCLS,2026-10-08
gold_vol,2023-02-22,2023-02-23,15.05,https://fred.stlouisfed.org/graph/fredgraph.csv?id=GVZCLS,2026-10-08
gold_vol,2023-02-23,2023-02-24,14.84,https://fred.stlouisfed.org/graph/fredgraph.csv?id=GVZCLS,2026-10-08
gold_vol,2023-02-24,2023-02-25,14.56,https://fred.stlouisfed.org/graph/fredgraph.csv?id=GVZCLS,2026-10-08
gold_vol,2023-02-27,2023-02-28,14.35,https://fred.stlouisfed.org/graph/fredgraph.csv?id=GVZCLS,2026-10-08
gold_vol,2023-02-28,2023-03-01,14.17,https://fred.stlouisfed.org/graph/fredgraph.csv?id=GVZCLS,2026-10-08
gold_vol,2023-03-01,2023-03-02,14.16,https://fred.stlouisfed.org/graph/fredgraph.csv?id=GVZCLS,2026-10-08
gold_vol,2023-03-02,2023-03-03,13.94,https://fred.stlouisfed.org/graph/fredgraph.csv?id=GVZCLS,2026-10-08
gold_vol,2023-03-03,2023-03-04,13.93,https://fred.stlouisfed.org/graph/fredgraph.csv?id=GVZCLS,2026-10-08
gold_vol,2023-03-06,2023-03-07,14.24,https://fred.stlouisfed.org/graph/fredgraph.csv?id=GVZCLS,2026-10-08
gold_vol,2023-03-07,2023-03-08,14.2,https://fred.stlouisfed.org/graph/fredgraph.csv?id=GVZCLS,2026-10-08
gold_vol,2023-03-08,2023-03-09,13.79,https://fred.stlouisfed.org/graph/fredgraph.csv?id=GVZCLS,2026-10-08
gold_vol,2023-03-09,2023-03-10,14.3,https://fred.stlouisfed.org/graph/fredgraph.csv?id=GVZCLS,2026-10-08
gold_vol,2023-03-10,2023-03-11,16.57,https://fred.stlouisfed.org/graph/fredgraph.csv?id=GVZCLS,2026-10-08
gold_vol,2023-03-13,2023-03-14,20.0,https://fred.stlouisfed.org/graph/fredgraph.csv?id=GVZCLS,2026-10-08
gold_vol,2023-03-14,2023-03-15,17.95,https://fred.stlouisfed.org/graph/fredgraph.csv?id=GVZCLS,2026-10-08
gold_vol,2023-03-15,2023-03-16,19.75,https://fred.stlouisfed.org/graph/fredgraph.csv?id=GVZCLS,2026-10-08
gold_vol,2023-03-16,2023-03-17,17.38,https://fred.stlouisfed.org/graph/fredgraph.csv?id=GVZCLS,2026-10-08
gold_vol,2023-03-17,2023-03-18,22.83,https://fred.stlouisfed.org/graph/fredgraph.csv?id=GVZCLS,2026-10-08
gold_vol,2023-03-20,2023-03-21,21.4,https://fred.stlouisfed.org/graph/fredgraph.csv?id=GVZCLS,2026-10-08
gold_vol,2023-03-21,2023-03-22,19.14,https://fred.stlouisfed.org/graph/fredgraph.csv?id=GVZCLS,2026-10-08
gold_vol,2023-03-22,2023-03-23,19.22,https://fred.stlouisfed.org/graph/fredgraph.csv?id=GVZCLS,2026-10-08
gold_vol,2023-03-23,2023-03-24,20.95,https://fred.stlouisfed.org/graph/fredgraph.csv?id=GVZCLS,2026-10-08
gold_vol,2023-03-24,2023-03-25,19.96,https://fred.stlouisfed.org/graph/fredgraph.csv?id=GVZCLS,2026-10-08
gold_vol,2023-03-27,2023-03-28,19.18,https://fred.stlouisfed.org/graph/fredgraph.csv?id=GVZCLS,2026-10-08
gold_vol,2023-03-28,2023-03-29,19.03,https://fred.stlouisfed.org/graph/fredgraph.csv?id=GVZCLS,2026-10-08
gold_vol,2023-03-29,2023-03-30,17.77,https://fred.stlouisfed.org/graph/fredgraph.csv?id=GVZCLS,2026-10-08
gold_vol,2023-03-30,2023-03-31,18.39,https://fred.stlouisfed.org/graph/fredgraph.csv?id=GVZCLS,2026-10-08
gold_vol,2023-03-31,2023-04-01,17.31,https://fred.stlouisfed.org/graph/fredgraph.csv?id=GVZCLS,2026-10-08
gold_vol,2023-04-03,2023-04-04,18.25,https://fred.stlouisfed.org/graph/fredgraph.csv?id=GVZCLS,2026-10-08
gold_vol,2023-04-04,2023-04-05,19.73,https://fred.stlouisfed.org/graph/fredgraph.csv?id=GVZCLS,2026-10-08
gold_vol,2023-04-05,2023-04-06,18.98,https://fred.stlouisfed.org/graph/fredgraph.csv?id=GVZCLS,2026-10-08
gold_vol,2023-04-06,2023-04-07,18.44,https://fred.stlouisfed.org/graph/fredgraph.csv?id=GVZCLS,2026-10-08
gold_vol,2023-04-10,2023-04-11,18.54,https://fred.stlouisfed.org/graph/fredgraph.csv?id=GVZCLS,2026-10-08
gold_vol,2023-04-11,2023-04-12,18.33,https://fred.stlouisfed.org/graph/fredgraph.csv?id=GVZCLS,2026-10-08
gold_vol,2023-04-12,2023-04-13,17.69,https://fred.stlouisfed.org/graph/fredgraph.csv?id=GVZCLS,2026-10-08
gold_vol,2023-04-13,2023-04-14,18.48,https://fred.stlouisfed.org/graph/fredgraph.csv?id=GVZCLS,2026-10-08
gold_vol,2023-04-14,2023-04-15,17.16,https://fred.stlouisfed.org/graph/fredgraph.csv?id=GVZCLS,2026-10-08
gold_vol,2023-04-17,2023-04-18,17.37,https://fred.stlouisfed.org/graph/fredgraph.csv?id=GVZCLS,2026-10-08
gold_vol,2023-04-18,2023-04-19,17.14,https://fred.stlouisfed.org/graph/fredgraph.csv?id=GVZCLS,2026-10-08
gold_vol,2023-04-19,2023-04-20,17.21,https://fred.stlouisfed.org/graph/fredgraph.csv?id=GVZCLS,2026-10-08
gold_vol,2023-04-20,2023-04-21,17.21,https://fred.stlouisfed.org/graph/fredgraph.csv?id=GVZCLS,2026-10-08
gold_vol,2023-04-21,2023-04-22,16.42,https://fred.stlouisfed.org/graph/fredgraph.csv?id=GVZCLS,2026-10-08
gold_vol,2023-04-24,2023-04-25,16.88,https://fred.stlouisfed.org/graph/fredgraph.csv?id=GVZCLS,2026-10-08
gold_vol,2023-04-25,2023-04-26,17.72,https://fred.stlouisfed.org/graph/fredgraph.csv?id=GVZCLS,2026-10-08
gold_vol,2023-04-26,2023-04-27,17.74,https://fred.stlouisfed.org/graph/fredgraph.csv?id=GVZCLS,2026-10-08
gold_vol,2023-04-27,2023-04-28,17.28,https://fred.stlouisfed.org/graph/fredgraph.csv?id=GVZCLS,2026-10-08
gold_vol,2023-04-28,2023-04-29,16.47,https://fred.stlouisfed.org/graph/fredgraph.csv?id=GVZCLS,2026-10-08
gold_vol,2023-05-01,2023-05-02,16.63,https://fred.stlouisfed.org/graph/fredgraph.csv?id=GVZCLS,2026-10-08
gold_vol,2023-05-02,2023-05-03,18.69,https://fred.stlouisfed.org/graph/fredgraph.csv?id=GVZCLS,2026-10-08
gold_vol,2023-05-03,2023-05-04,18.7,https://fred.stlouisfed.org/graph/fredgraph.csv?id=GVZCLS,2026-10-08
gold_vol,2023-05-04,2023-05-05,20.35,https://fred.stlouisfed.org/graph/fredgraph.csv?id=GVZCLS,2026-10-08
gold_vol,2023-05-05,2023-05-06,18.5,https://fred.stlouisfed.org/graph/fredgraph.csv?id=GVZCLS,2026-10-08
gold_vol,2023-05-08,2023-05-09,18.67,https://fred.stlouisfed.org/graph/fredgraph.csv?id=GVZCLS,2026-10-08
gold_vol,2023-05-09,2023-05-10,18.73,https://fred.stlouisfed.org/graph/fredgraph.csv?id=GVZCLS,2026-10-08
gold_vol,2023-05-10,2023-05-11,18.37,https://fred.stlouisfed.org/graph/fredgraph.csv?id=GVZCLS,2026-10-08
gold_vol,2023-05-11,2023-05-12,17.77,https://fred.stlouisfed.org/graph/fredgraph.csv?id=GVZCLS,2026-10-08
gold_vol,2023-05-12,2023-05-13,17.37,https://fred.stlouisfed.org/graph/fredgraph.csv?id=GVZCLS,2026-10-08
gold_vol,2023-05-15,2023-05-16,17.52,https://fred.stlouisfed.org/graph/fredgraph.csv?id=GVZCLS,2026-10-08
gold_vol,2023-05-16,2023-05-17,17.62,https://fred.stlouisfed.org/graph/fredgraph.csv?id=GVZCLS,2026-10-08
gold_vol,2023-05-17,2023-05-18,16.99,https://fred.stlouisfed.org/graph/fredgraph.csv?id=GVZCLS,2026-10-08
gold_vol,2023-05-18,2023-05-19,16.95,https://fred.stlouisfed.org/graph/fredgraph.csv?id=GVZCLS,2026-10-08
gold_vol,2023-05-19,2023-05-20,17.22,https://fred.stlouisfed.org/graph/fredgraph.csv?id=GVZCLS,2026-10-08
gold_vol,2023-05-22,2023-05-23,17.55,https://fred.stlouisfed.org/graph/fredgraph.csv?id=GVZCLS,2026-10-08
gold_vol,2023-05-23,2023-05-24,17.66,https://fred.stlouisfed.org/graph/fredgraph.csv?id=GVZCLS,2026-10-08
gold_vol,2023-05-24,2023-05-25,17.56,https://fred.stlouisfed.org/graph/fredgraph.csv?id=GVZCLS,2026-10-08
gold_vol,2023-05-25,2023-05-26,16.84,https://fred.stlouisfed.org/graph/fredgraph.csv?id=GVZCLS,2026-10-08
gold_vol,2023-05-26,2023-05-27,16.3,https://fred.stlouisfed.org/graph/fredgraph.csv?id=GVZCLS,2026-10-08
gold_vol,2023-05-30,2023-05-31,15.88,https://fred.stlouisfed.org/graph/fredgraph.csv?id=GVZCLS,2026-10-08
gold_vol,2023-05-31,2023-06-01,15.63,https://fred.stlouisfed.org/graph/fredgraph.csv?id=GVZCLS,2026-10-08
gold_vol,2023-06-01,2023-06-02,15.5,https://fred.stlouisfed.org/graph/fredgraph.csv?id=GVZCLS,2026-10-08
gold_vol,2023-06-02,2023-06-03,14.32,https://fred.stlouisfed.org/graph/fredgraph.csv?id=GVZCLS,2026-10-08
gold_vol,2023-06-05,2023-06-06,14.27,https://fred.stlouisfed.org/graph/fredgraph.csv?id=GVZCLS,2026-10-08
gold_vol,2023-06-06,2023-06-07,13.94,https://fred.stlouisfed.org/graph/fredgraph.csv?id=GVZCLS,2026-10-08
gold_vol,2023-06-07,2023-06-08,13.81,https://fred.stlouisfed.org/graph/fredgraph.csv?id=GVZCLS,2026-10-08
gold_vol,2023-06-08,2023-06-09,13.94,https://fred.stlouisfed.org/graph/fredgraph.csv?id=GVZCLS,2026-10-08
gold_vol,2023-06-09,2023-06-10,13.69,https://fred.stlouisfed.org/graph/fredgraph.csv?id=GVZCLS,2026-10-08
gold_vol,2023-06-12,2023-06-13,13.7,https://fred.stlouisfed.org/graph/fredgraph.csv?id=GVZCLS,2026-10-08
gold_vol,2023-06-13,2023-06-14,13.45,https://fred.stlouisfed.org/graph/fredgraph.csv?id=GVZCLS,2026-10-08
gold_vol,2023-06-14,2023-06-15,12.84,https://fred.stlouisfed.org/graph/fredgraph.csv?id=GVZCLS,2026-10-08
gold_vol,2023-06-15,2023-06-16,13.0,https://fred.stlouisfed.org/graph/fredgraph.csv?id=GVZCLS,2026-10-08
gold_vol,2023-06-16,2023-06-17,12.4,https://fred.stlouisfed.org/graph/fredgraph.csv?id=GVZCLS,2026-10-08
gold_vol,2023-06-20,2023-06-21,12.73,https://fred.stlouisfed.org/graph/fredgraph.csv?id=GVZCLS,2026-10-08
gold_vol,2023-06-21,2023-06-22,12.98,https://fred.stlouisfed.org/graph/fredgraph.csv?id=GVZCLS,2026-10-08
gold_vol,2023-06-22,2023-06-23,12.96,https://fred.stlouisfed.org/graph/fredgraph.csv?id=GVZCLS,2026-10-08
gold_vol,2023-06-23,2023-06-24,12.73,https://fred.stlouisfed.org/graph/fredgraph.csv?id=GVZCLS,2026-10-08
gold_vol,2023-06-26,2023-06-27,13.08,https://fred.stlouisfed.org/graph/fredgraph.csv?id=GVZCLS,2026-10-08
gold_vol,2023-06-27,2023-06-28,12.88,https://fred.stlouisfed.org/graph/fredgraph.csv?id=GVZCLS,2026-10-08
gold_vol,2023-06-28,2023-06-29,12.53,https://fred.stlouisfed.org/graph/fredgraph.csv?id=GVZCLS,2026-10-08
gold_vol,2023-06-29,2023-06-30,12.21,https://fred.stlouisfed.org/graph/fredgraph.csv?id=GVZCLS,2026-10-08
gold_vol,2023-06-30,2023-07-01,12.04,https://fred.stlouisfed.org/graph/fredgraph.csv?id=GVZCLS,2026-10-08
gold_vol,2023-07-03,2023-07-04,12.22,https://fred.stlouisfed.org/graph/fredgraph.csv?id=GVZCLS,2026-10-08
gold_vol,2023-07-05,2023-07-06,12.46,https://fred.stlouisfed.org/graph/fredgraph.csv?id=GVZCLS,2026-10-08
gold_vol,2023-07-06,2023-07-07,12.25,https://fred.stlouisfed.org/graph/fredgraph.csv?id=GVZCLS,2026-10-08
gold_vol,2023-07-07,2023-07-08,12.12,https://fred.stlouisfed.org/graph/fredgraph.csv?id=GVZCLS,2026-10-08
gold_vol,2023-07-10,2023-07-11,12.41,https://fred.stlouisfed.org/graph/fredgraph.csv?id=GVZCLS,2026-10-08
gold_vol,2023-07-11,2023-07-12,12.64,https://fred.stlouisfed.org/graph/fredgraph.csv?id=GVZCLS,2026-10-08
gold_vol,2023-07-12,2023-07-13,13.12,https://fred.stlouisfed.org/graph/fredgraph.csv?id=GVZCLS,2026-10-08
gold_vol,2023-07-13,2023-07-14,12.73,https://fred.stlouisfed.org/graph/fredgraph.csv?id=GVZCLS,2026-10-08
gold_vol,2023-07-14,2023-07-15,12.05,https://fred.stlouisfed.org/graph/fredgraph.csv?id=GVZCLS,2026-10-08
gold_vol,2023-07-17,2023-07-18,12.34,https://fred.stlouisfed.org/graph/fredgraph.csv?id=GVZCLS,2026-10-08
gold_vol,2023-07-18,2023-07-19,12.62,https://fred.stlouisfed.org/graph/fredgraph.csv?id=GVZCLS,2026-10-08
gold_vol,2023-07-19,2023-07-20,12.89,https://fred.stlouisfed.org/graph/fredgraph.csv?id=GVZCLS,2026-10-08
gold_vol,2023-07-20,2023-07-21,12.67,https://fred.stlouisfed.org/graph/fredgraph.csv?id=GVZCLS,2026-10-08
gold_vol,2023-07-21,2023-07-22,12.23,https://fred.stlouisfed.org/graph/fredgraph.csv?id=GVZCLS,2026-10-08
gold_vol,2023-07-24,2023-07-25,12.35,https://fred.stlouisfed.org/graph/fredgraph.csv?id=GVZCLS,2026-10-08
gold_vol,2023-07-25,2023-07-26,12.42,https://fred.stlouisfed.org/graph/fredgraph.csv?id=GVZCLS,2026-10-08
gold_vol,2023-07-26,2023-07-27,12.11,https://fred.stlouisfed.org/graph/fredgraph.csv?id=GVZCLS,2026-10-08
gold_vol,2023-07-27,2023-07-28,12.29,https://fred.stlouisfed.org/graph/fredgraph.csv?id=GVZCLS,2026-10-08
gold_vol,2023-07-28,2023-07-29,11.78,https://fred.stlouisfed.org/graph/fredgraph.csv?id=GVZCLS,2026-10-08
gold_vol,2023-07-31,2023-08-01,12.16,https://fred.stlouisfed.org/graph/fredgraph.csv?id=GVZCLS,2026-10-08
gold_vol,2023-08-01,2023-08-02,11.83,https://fred.stlouisfed.org/graph/fredgraph.csv?id=GVZCLS,2026-10-08
gold_vol,2023-08-02,2023-08-03,12.45,https://fred.stlouisfed.org/graph/fredgraph.csv?id=GVZCLS,2026-10-08
gold_vol,2023-08-03,2023-08-04,12.79,https://fred.stlouisfed.org/graph/fredgraph.csv?id=GVZCLS,2026-10-08
gold_vol,2023-08-04,2023-08-05,12.22,https://fred.stlouisfed.org/graph/fredgraph.csv?id=GVZCLS,2026-10-08
gold_vol,2023-08-07,2023-08-08,12.24,https://fred.stlouisfed.org/graph/fredgraph.csv?id=GVZCLS,2026-10-08
gold_vol,2023-08-08,2023-08-09,12.21,https://fred.stlouisfed.org/graph/fredgraph.csv?id=GVZCLS,2026-10-08
gold_vol,2023-08-09,2023-08-10,12.33,https://fred.stlouisfed.org/graph/fredgraph.csv?id=GVZCLS,2026-10-08
gold_vol,2023-08-10,2023-08-11,11.84,https://fred.stlouisfed.org/graph/fredgraph.csv?id=GVZCLS,2026-10-08
gold_vol,2023-08-11,2023-08-12,11.54,https://fred.stlouisfed.org/graph/fredgraph.csv?id=GVZCLS,2026-10-08
gold_vol,2023-08-14,2023-08-15,11.97,https://fred.stlouisfed.org/graph/fredgraph.csv?id=GVZCLS,2026-10-08
gold_vol,2023-08-15,2023-08-16,12.11,https://fred.stlouisfed.org/graph/fredgraph.csv?id=GVZCLS,2026-10-08
gold_vol,2023-08-16,2023-08-17,12.43,https://fred.stlouisfed.org/graph/fredgraph.csv?id=GVZCLS,2026-10-08
gold_vol,2023-08-17,2023-08-18,12.89,https://fred.stlouisfed.org/graph/fredgraph.csv?id=GVZCLS,2026-10-08
gold_vol,2023-08-18,2023-08-19,12.63,https://fred.stlouisfed.org/graph/fredgraph.csv?id=GVZCLS,2026-10-08
gold_vol,2023-08-21,2023-08-22,12.91,https://fred.stlouisfed.org/graph/fredgraph.csv?id=GVZCLS,2026-10-08
gold_vol,2023-08-22,2023-08-23,12.58,https://fred.stlouisfed.org/graph/fredgraph.csv?id=GVZCLS,2026-10-08
gold_vol,2023-08-23,2023-08-24,12.67,https://fred.stlouisfed.org/graph/fredgraph.csv?id=GVZCLS,2026-10-08
gold_vol,2023-08-24,2023-08-25,12.53,https://fred.stlouisfed.org/graph/fredgraph.csv?id=GVZCLS,2026-10-08
gold_vol,2023-08-25,2023-08-26,12.09,https://fred.stlouisfed.org/graph/fredgraph.csv?id=GVZCLS,2026-10-08
gold_vol,2023-08-28,2023-08-29,12.21,https://fred.stlouisfed.org/graph/fredgraph.csv?id=GVZCLS,2026-10-08
gold_vol,2023-08-29,2023-08-30,12.5,https://fred.stlouisfed.org/graph/fredgraph.csv?id=GVZCLS,2026-10-08
gold_vol,2023-08-30,2023-08-31,12.39,https://fred.stlouisfed.org/graph/fredgraph.csv?id=GVZCLS,2026-10-08
gold_vol,2023-08-31,2023-09-01,11.78,https://fred.stlouisfed.org/graph/fredgraph.csv?id=GVZCLS,2026-10-08
gold_vol,2023-09-01,2023-09-02,11.28,https://fred.stlouisfed.org/graph/fredgraph.csv?id=GVZCLS,2026-10-08
gold_vol,2023-09-05,2023-09-06,11.36,https://fred.stlouisfed.org/graph/fredgraph.csv?id=GVZCLS,2026-10-08
gold_vol,2023-09-06,2023-09-07,11.31,https://fred.stlouisfed.org/graph/fredgraph.csv?id=GVZCLS,2026-10-08
gold_vol,2023-09-07,2023-09-08,11.11,https://fred.stlouisfed.org/graph/fredgraph.csv?id=GVZCLS,2026-10-08
gold_vol,2023-09-08,2023-09-09,10.99,https://fred.stlouisfed.org/graph/fredgraph.csv?id=GVZCLS,2026-10-08
gold_vol,2023-09-11,2023-09-12,10.75,https://fred.stlouisfed.org/graph/fredgraph.csv?id=GVZCLS,2026-10-08
gold_vol,2023-09-12,2023-09-13,10.82,https://fred.stlouisfed.org/graph/fredgraph.csv?id=GVZCLS,2026-10-08
gold_vol,2023-09-13,2023-09-14,10.33,https://fred.stlouisfed.org/graph/fredgraph.csv?id=GVZCLS,2026-10-08
gold_vol,2023-09-14,2023-09-15,10.22,https://fred.stlouisfed.org/graph/fredgraph.csv?id=GVZCLS,2026-10-08
gold_vol,2023-09-15,2023-09-16,10.34,https://fred.stlouisfed.org/graph/fredgraph.csv?id=GVZCLS,2026-10-08
gold_vol,2023-09-18,2023-09-19,11.1,https://fred.stlouisfed.org/graph/fredgraph.csv?id=GVZCLS,2026-10-08
gold_vol,2023-09-19,2023-09-20,11.09,https://fred.stlouisfed.org/graph/fredgraph.csv?id=GVZCLS,2026-10-08
gold_vol,2023-09-20,2023-09-21,10.96,https://fred.stlouisfed.org/graph/fredgraph.csv?id=GVZCLS,2026-10-08
gold_vol,2023-09-21,2023-09-22,11.11,https://fred.stlouisfed.org/graph/fredgraph.csv?id=GVZCLS,2026-10-08
gold_vol,2023-09-22,2023-09-23,10.87,https://fred.stlouisfed.org/graph/fredgraph.csv?id=GVZCLS,2026-10-08
gold_vol,2023-09-25,2023-09-26,11.43,https://fred.stlouisfed.org/graph/fredgraph.csv?id=GVZCLS,2026-10-08
gold_vol,2023-09-26,2023-09-27,13.63,https://fred.stlouisfed.org/graph/fredgraph.csv?id=GVZCLS,2026-10-08
gold_vol,2023-09-27,2023-09-28,13.86,https://fred.stlouisfed.org/graph/fredgraph.csv?id=GVZCLS,2026-10-08
gold_vol,2023-09-28,2023-09-29,13.09,https://fred.stlouisfed.org/graph/fredgraph.csv?id=GVZCLS,2026-10-08
gold_vol,2023-09-29,2023-09-30,12.94,https://fred.stlouisfed.org/graph/fredgraph.csv?id=GVZCLS,2026-10-08
gold_vol,2023-10-02,2023-10-03,14.13,https://fred.stlouisfed.org/graph/fredgraph.csv?id=GVZCLS,2026-10-08
gold_vol,2023-10-03,2023-10-04,15.31,https://fred.stlouisfed.org/graph/fredgraph.csv?id=GVZCLS,2026-10-08
gold_vol,2023-10-04,2023-10-05,14.58,https://fred.stlouisfed.org/graph/fredgraph.csv?id=GVZCLS,2026-10-08
gold_vol,2023-10-05,2023-10-06,14.7,https://fred.stlouisfed.org/graph/fredgraph.csv?id=GVZCLS,2026-10-08
gold_vol,2023-10-06,2023-10-07,14.03,https://fred.stlouisfed.org/graph/fredgraph.csv?id=GVZCLS,2026-10-08
gold_vol,2023-10-09,2023-10-10,15.18,https://fred.stlouisfed.org/graph/fredgraph.csv?id=GVZCLS,2026-10-08
gold_vol,2023-10-10,2023-10-11,14.49,https://fred.stlouisfed.org/graph/fredgraph.csv?id=GVZCLS,2026-10-08
gold_vol,2023-10-11,2023-10-12,14.38,https://fred.stlouisfed.org/graph/fredgraph.csv?id=GVZCLS,2026-10-08
gold_vol,2023-10-12,2023-10-13,13.98,https://fred.stlouisfed.org/graph/fredgraph.csv?id=GVZCLS,2026-10-08
gold_vol,2023-10-13,2023-10-14,18.91,https://fred.stlouisfed.org/graph/fredgraph.csv?id=GVZCLS,2026-10-08
gold_vol,2023-10-16,2023-10-17,16.22,https://fred.stlouisfed.org/graph/fredgraph.csv?id=GVZCLS,2026-10-08
gold_vol,2023-10-17,2023-10-18,16.59,https://fred.stlouisfed.org/graph/fredgraph.csv?id=GVZCLS,2026-10-08
gold_vol,2023-10-18,2023-10-19,17.38,https://fred.stlouisfed.org/graph/fredgraph.csv?id=GVZCLS,2026-10-08
gold_vol,2023-10-19,2023-10-20,19.4,https://fred.stlouisfed.org/graph/fredgraph.csv?id=GVZCLS,2026-10-08
gold_vol,2023-10-20,2023-10-21,18.56,https://fred.stlouisfed.org/graph/fredgraph.csv?id=GVZCLS,2026-10-08
gold_vol,2023-10-23,2023-10-24,17.28,https://fred.stlouisfed.org/graph/fredgraph.csv?id=GVZCLS,2026-10-08
gold_vol,2023-10-24,2023-10-25,16.05,https://fred.stlouisfed.org/graph/fredgraph.csv?id=GVZCLS,2026-10-08
gold_vol,2023-10-25,2023-10-26,16.76,https://fred.stlouisfed.org/graph/fredgraph.csv?id=GVZCLS,2026-10-08
gold_vol,2023-10-26,2023-10-27,16.53,https://fred.stlouisfed.org/graph/fredgraph.csv?id=GVZCLS,2026-10-08
gold_vol,2023-10-27,2023-10-28,17.69,https://fred.stlouisfed.org/graph/fredgraph.csv?id=GVZCLS,2026-10-08
gold_vol,2023-10-30,2023-10-31,16.84,https://fred.stlouisfed.org/graph/fredgraph.csv?id=GVZCLS,2026-10-08
gold_vol,2023-10-31,2023-11-01,16.23,https://fred.stlouisfed.org/graph/fredgraph.csv?id=GVZCLS,2026-10-08
gold_vol,2023-11-01,2023-11-02,15.36,https://fred.stlouisfed.org/graph/fredgraph.csv?id=GVZCLS,2026-10-08
gold_vol,2023-11-02,2023-11-03,14.76,https://fred.stlouisfed.org/graph/fredgraph.csv?id=GVZCLS,2026-10-08
gold_vol,2023-11-03,2023-11-04,14.04,https://fred.stlouisfed.org/graph/fredgraph.csv?id=GVZCLS,2026-10-08
gold_vol,2023-11-06,2023-11-07,13.25,https://fred.stlouisfed.org/graph/fredgraph.csv?id=GVZCLS,2026-10-08
gold_vol,2023-11-07,2023-11-08,13.33,https://fred.stlouisfed.org/graph/fredgraph.csv?id=GVZCLS,2026-10-08
gold_vol,2023-11-08,2023-11-09,14.07,https://fred.stlouisfed.org/graph/fredgraph.csv?id=GVZCLS,2026-10-08
gold_vol,2023-11-09,2023-11-10,14.06,https://fred.stlouisfed.org/graph/fredgraph.csv?id=GVZCLS,2026-10-08
gold_vol,2023-11-10,2023-11-11,13.96,https://fred.stlouisfed.org/graph/fredgraph.csv?id=GVZCLS,2026-10-08
gold_vol,2023-11-13,2023-11-14,13.92,https://fred.stlouisfed.org/graph/fredgraph.csv?id=GVZCLS,2026-10-08
gold_vol,2023-11-14,2023-11-15,13.73,https://fred.stlouisfed.org/graph/fredgraph.csv?id=GVZCLS,2026-10-08
gold_vol,2023-11-15,2023-11-16,12.98,https://fred.stlouisfed.org/graph/fredgraph.csv?id=GVZCLS,2026-10-08
gold_vol,2023-11-16,2023-11-17,13.04,https://fred.stlouisfed.org/graph/fredgraph.csv?id=GVZCLS,2026-10-08
gold_vol,2023-11-17,2023-11-18,12.97,https://fred.stlouisfed.org/graph/fredgraph.csv?id=GVZCLS,2026-10-08
gold_vol,2023-11-20,2023-11-21,12.59,https://fred.stlouisfed.org/graph/fredgraph.csv?id=GVZCLS,2026-10-08
gold_vol,2023-11-21,2023-11-22,14.09,https://fred.stlouisfed.org/graph/fredgraph.csv?id=GVZCLS,2026-10-08
gold_vol,2023-11-22,2023-11-23,13.35,https://fred.stlouisfed.org/graph/fredgraph.csv?id=GVZCLS,2026-10-08
gold_vol,2023-11-24,2023-11-25,13.05,https://fred.stlouisfed.org/graph/fredgraph.csv?id=GVZCLS,2026-10-08
gold_vol,2023-11-27,2023-11-28,13.31,https://fred.stlouisfed.org/graph/fredgraph.csv?id=GVZCLS,2026-10-08
gold_vol,2023-11-28,2023-11-29,15.54,https://fred.stlouisfed.org/graph/fredgraph.csv?id=GVZCLS,2026-10-08
gold_vol,2023-11-29,2023-11-30,15.04,https://fred.stlouisfed.org/graph/fredgraph.csv?id=GVZCLS,2026-10-08
gold_vol,2023-11-30,2023-12-01,14.22,https://fred.stlouisfed.org/graph/fredgraph.csv?id=GVZCLS,2026-10-08
gold_vol,2023-12-01,2023-12-02,16.96,https://fred.stlouisfed.org/graph/fredgraph.csv?id=GVZCLS,2026-10-08
gold_vol,2023-12-04,2023-12-05,17.13,https://fred.stlouisfed.org/graph/fredgraph.csv?id=GVZCLS,2026-10-08
gold_vol,2023-12-05,2023-12-06,15.46,https://fred.stlouisfed.org/graph/fredgraph.csv?id=GVZCLS,2026-10-08
gold_vol,2023-12-06,2023-12-07,15.4,https://fred.stlouisfed.org/graph/fredgraph.csv?id=GVZCLS,2026-10-08
gold_vol,2023-12-07,2023-12-08,14.93,https://fred.stlouisfed.org/graph/fredgraph.csv?id=GVZCLS,2026-10-08
gold_vol,2023-12-08,2023-12-09,14.14,https://fred.stlouisfed.org/graph/fredgraph.csv?id=GVZCLS,2026-10-08
gold_vol,2023-12-11,2023-12-12,13.99,https://fred.stlouisfed.org/graph/fredgraph.csv?id=GVZCLS,2026-10-08
gold_vol,2023-12-12,2023-12-13,12.82,https://fred.stlouisfed.org/graph/fredgraph.csv?id=GVZCLS,2026-10-08
gold_vol,2023-12-13,2023-12-14,13.67,https://fred.stlouisfed.org/graph/fredgraph.csv?id=GVZCLS,2026-10-08
gold_vol,2023-12-14,2023-12-15,13.96,https://fred.stlouisfed.org/graph/fredgraph.csv?id=GVZCLS,2026-10-08
gold_vol,2023-12-15,2023-12-16,13.49,https://fred.stlouisfed.org/graph/fredgraph.csv?id=GVZCLS,2026-10-08
gold_vol,2023-12-18,2023-12-19,13.79,https://fred.stlouisfed.org/graph/fredgraph.csv?id=GVZCLS,2026-10-08
gold_vol,2023-12-19,2023-12-20,13.75,https://fred.stlouisfed.org/graph/fredgraph.csv?id=GVZCLS,2026-10-08
gold_vol,2023-12-20,2023-12-21,13.82,https://fred.stlouisfed.org/graph/fredgraph.csv?id=GVZCLS,2026-10-08
gold_vol,2023-12-21,2023-12-22,14.27,https://fred.stlouisfed.org/graph/fredgraph.csv?id=GVZCLS,2026-10-08
gold_vol,2023-12-22,2023-12-23,15.25,https://fred.stlouisfed.org/graph/fredgraph.csv?id=GVZCLS,2026-10-08
gold_vol,2023-12-26,2023-12-27,15.83,https://fred.stlouisfed.org/graph/fredgraph.csv?id=GVZCLS,2026-10-08
gold_vol,2023-12-27,2023-12-28,16.96,https://fred.stlouisfed.org/graph/fredgraph.csv?id=GVZCLS,2026-10-08
gold_vol,2023-12-28,2023-12-29,16.05,https://fred.stlouisfed.org/graph/fredgraph.csv?id=GVZCLS,2026-10-08
gold_vol,2023-12-29,2023-12-30,15.85,https://fred.stlouisfed.org/graph/fredgraph.csv?id=GVZCLS,2026-10-08
gold_vol,2024-01-02,2024-01-03,15.73,https://fred.stlouisfed.org/graph/fredgraph.csv?id=GVZCLS,2026-10-08
gold_vol,2024-01-03,2024-01-04,14.85,https://fred.stlouisfed.org/graph/fredgraph.csv?id=GVZCLS,2026-10-08
gold_vol,2024-01-04,2024-01-05,14.2,https://fred.stlouisfed.org/graph/fredgraph.csv?id=GVZCLS,2026-10-08
gold_vol,2024-01-05,2024-01-06,13.81,https://fred.stlouisfed.org/graph/fredgraph.csv?id=GVZCLS,2026-10-08
gold_vol,2024-01-08,2024-01-09,13.56,https://fred.stlouisfed.org/graph/fredgraph.csv?id=GVZCLS,2026-10-08
gold_vol,2024-01-09,2024-01-10,13.16,https://fred.stlouisfed.org/graph/fredgraph.csv?id=GVZCLS,2026-10-08
gold_vol,2024-01-10,2024-01-11,13.26,https://fred.stlouisfed.org/graph/fredgraph.csv?id=GVZCLS,2026-10-08
gold_vol,2024-01-11,2024-01-12,12.8,https://fred.stlouisfed.org/graph/fredgraph.csv?id=GVZCLS,2026-10-08
gold_vol,2024-01-12,2024-01-13,13.49,https://fred.stlouisfed.org/graph/fredgraph.csv?id=GVZCLS,2026-10-08
gold_vol,2024-01-16,2024-01-17,13.55,https://fred.stlouisfed.org/graph/fredgraph.csv?id=GVZCLS,2026-10-08
gold_vol,2024-01-17,2024-01-18,13.53,https://fred.stlouisfed.org/graph/fredgraph.csv?id=GVZCLS,2026-10-08
gold_vol,2024-01-18,2024-01-19,13.09,https://fred.stlouisfed.org/graph/fredgraph.csv?id=GVZCLS,2026-10-08
gold_vol,2024-01-19,2024-01-20,12.95,https://fred.stlouisfed.org/graph/fredgraph.csv?id=GVZCLS,2026-10-08
gold_vol,2024-01-22,2024-01-23,12.83,https://fred.stlouisfed.org/graph/fredgraph.csv?id=GVZCLS,2026-10-08
gold_vol,2024-01-23,2024-01-24,12.73,https://fred.stlouisfed.org/graph/fredgraph.csv?id=GVZCLS,2026-10-08
gold_vol,2024-01-24,2024-01-25,12.7,https://fred.stlouisfed.org/graph/fredgraph.csv?id=GVZCLS,2026-10-08
gold_vol,2024-01-25,2024-01-26,12.79,https://fred.stlouisfed.org/graph/fredgraph.csv?id=GVZCLS,2026-10-08
gold_vol,2024-01-26,2024-01-27,11.91,https://fred.stlouisfed.org/graph/fredgraph.csv?id=GVZCLS,2026-10-08
gold_vol,2024-01-29,2024-01-30,13.08,https://fred.stlouisfed.org/graph/fredgraph.csv?id=GVZCLS,2026-10-08
gold_vol,2024-01-30,2024-01-31,13.05,https://fred.stlouisfed.org/graph/fredgraph.csv?id=GVZCLS,2026-10-08
gold_vol,2024-01-31,2024-02-01,13.16,https://fred.stlouisfed.org/graph/fredgraph.csv?id=GVZCLS,2026-10-08
gold_vol,2024-02-01,2024-02-02,13.72,https://fred.stlouisfed.org/graph/fredgraph.csv?id=GVZCLS,2026-10-08
gold_vol,2024-02-02,2024-02-03,12.66,https://fred.stlouisfed.org/graph/fredgraph.csv?id=GVZCLS,2026-10-08
gold_vol,2024-02-05,2024-02-06,12.49,https://fred.stlouisfed.org/graph/fredgraph.csv?id=GVZCLS,2026-10-08
gold_vol,2024-02-06,2024-02-07,12.31,https://fred.stlouisfed.org/graph/fredgraph.csv?id=GVZCLS,2026-10-08
gold_vol,2024-02-07,2024-02-08,11.84,https://fred.stlouisfed.org/graph/fredgraph.csv?id=GVZCLS,2026-10-08
gold_vol,2024-02-08,2024-02-09,11.71,https://fred.stlouisfed.org/graph/fredgraph.csv?id=GVZCLS,2026-10-08
gold_vol,2024-02-09,2024-02-10,11.2,https://fred.stlouisfed.org/graph/fredgraph.csv?id=GVZCLS,2026-10-08
gold_vol,2024-02-12,2024-02-13,11.81,https://fred.stlouisfed.org/graph/fredgraph.csv?id=GVZCLS,2026-10-08
gold_vol,2024-02-13,2024-02-14,12.15,https://fred.stlouisfed.org/graph/fredgraph.csv?id=GVZCLS,2026-10-08
gold_vol,2024-02-14,2024-02-15,12.02,https://fred.stlouisfed.org/graph/fredgraph.csv?id=GVZCLS,2026-10-08
gold_vol,2024-02-15,2024-02-16,11.79,https://fred.stlouisfed.org/graph/fredgraph.csv?id=GVZCLS,2026-10-08
gold_vol,2024-02-16,2024-02-17,11.75,https://fred.stlouisfed.org/graph/fredgraph.csv?id=GVZCLS,2026-10-08
gold_vol,2024-02-20,2024-02-21,11.81,https://fred.stlouisfed.org/graph/fredgraph.csv?id=GVZCLS,2026-10-08
gold_vol,2024-02-21,2024-02-22,11.46,https://fred.stlouisfed.org/graph/fredgraph.csv?id=GVZCLS,2026-10-08
gold_vol,2024-02-22,2024-02-23,11.19,https://fred.stlouisfed.org/graph/fredgraph.csv?id=GVZCLS,2026-10-08
gold_vol,2024-02-23,2024-02-24,11.5,https://fred.stlouisfed.org/graph/fredgraph.csv?id=GVZCLS,2026-10-08
gold_vol,2024-02-26,2024-02-27,11.29,https://fred.stlouisfed.org/graph/fredgraph.csv?id=GVZCLS,2026-10-08
gold_vol,2024-02-27,2024-02-28,10.95,https://fred.stlouisfed.org/graph/fredgraph.csv?id=GVZCLS,2026-10-08
gold_vol,2024-02-28,2024-02-29,10.93,https://fred.stlouisfed.org/graph/fredgraph.csv?id=GVZCLS,2026-10-08
gold_vol,2024-02-29,2024-03-01,11.16,https://fred.stlouisfed.org/graph/fredgraph.csv?id=GVZCLS,2026-10-08
gold_vol,2024-03-01,2024-03-02,13.47,https://fred.stlouisfed.org/graph/fredgraph.csv?id=GVZCLS,2026-10-08
gold_vol,2024-03-04,2024-03-05,14.61,https://fred.stlouisfed.org/graph/fredgraph.csv?id=GVZCLS,2026-10-08
gold_vol,2024-03-05,2024-03-06,14.54,https://fred.stlouisfed.org/graph/fredgraph.csv?id=GVZCLS,2026-10-08
gold_vol,2024-03-06,2024-03-07,15.17,https://fred.stlouisfed.org/graph/fredgraph.csv?id=GVZCLS,2026-10-08
gold_vol,2024-03-07,2024-03-08,15.09,https://fred.stlouisfed.org/graph/fredgraph.csv?id=GVZCLS,2026-10-08
gold_vol,2024-03-08,2024-03-09,15.47,https://fred.stlouisfed.org/graph/fredgraph.csv?id=GVZCLS,2026-10-08
gold_vol,2024-03-11,2024-03-12,15.5,https://fred.stlouisfed.org/graph/fredgraph.csv?id=GVZCLS,2026-10-08
gold_vol,2024-03-12,2024-03-13,14.1,https://fred.stlouisfed.org/graph/fredgraph.csv?id=GVZCLS,2026-10-08
gold_vol,2024-03-13,2024-03-14,14.09,https://fred.stlouisfed.org/graph/fredgraph.csv?id=GVZCLS,2026-10-08
gold_vol,2024-03-14,2024-03-15,13.3,https://fred.stlouisfed.org/graph/fredgraph.csv?id=GVZCLS,2026-10-08
gold_vol,2024-03-15,2024-03-16,13.54,https://fred.stlouisfed.org/graph/fredgraph.csv?id=GVZCLS,2026-10-08
gold_vol,2024-03-18,2024-03-19,13.83,https://fred.stlouisfed.org/graph/fredgraph.csv?id=GVZCLS,2026-10-08
gold_vol,2024-03-19,2024-03-20,13.48,https://fred.stlouisfed.org/graph/fredgraph.csv?id=GVZCLS,2026-10-08
gold_vol,2024-03-20,2024-03-21,13.62,https://fred.stlouisfed.org/graph/fredgraph.csv?id=GVZCLS,2026-10-08
gold_vol,2024-03-21,2024-03-22,13.42,https://fred.stlouisfed.org/graph/fredgraph.csv?id=GVZCLS,2026-10-08
gold_vol,2024-03-22,2024-03-23,12.53,https://fred.stlouisfed.org/graph/fredgraph.csv?id=GVZCLS,2026-10-08
gold_vol,2024-03-25,2024-03-26,12.09,https://fred.stlouisfed.org/graph/fredgraph.csv?id=GVZCLS,2026-10-08
gold_vol,2024-03-26,2024-03-27,12.57,https://fred.stlouisfed.org/graph/fredgraph.csv?id=GVZCLS,2026-10-08
gold_vol,2024-03-27,2024-03-28,13.58,https://fred.stlouisfed.org/graph/fredgraph.csv?id=GVZCLS,2026-10-08
gold_vol,2024-03-28,2024-03-29,15.44,https://fred.stlouisfed.org/graph/fredgraph.csv?id=GVZCLS,2026-10-08
gold_vol,2024-04-01,2024-04-02,16.25,https://fred.stlouisfed.org/graph/fredgraph.csv?id=GVZCLS,2026-10-08
gold_vol,2024-04-02,2024-04-03,17.13,https://fred.stlouisfed.org/graph/fredgraph.csv?id=GVZCLS,2026-10-08
gold_vol,2024-04-03,2024-04-04,17.49,https://fred.stlouisfed.org/graph/fredgraph.csv?id=GVZCLS,2026-10-08
gold_vol,2024-04-04,2024-04-05,17.29,https://fred.stlouisfed.org/graph/fredgraph.csv?id=GVZCLS,2026-10-08
gold_vol,2024-04-05,2024-04-06,16.92,https://fred.stlouisfed.org/graph/fredgraph.csv?id=GVZCLS,2026-10-08
gold_vol,2024-04-08,2024-04-09,18.17,https://fred.stlouisfed.org/graph/fredgraph.csv?id=GVZCLS,2026-10-08
gold_vol,2024-04-09,2024-04-10,18.3,https://fred.stlouisfed.org/graph/fredgraph.csv?id=GVZCLS,2026-10-08
gold_vol,2024-04-10,2024-04-11,18.67,https://fred.stlouisfed.org/graph/fredgraph.csv?id=GVZCLS,2026-10-08
gold_vol,2024-04-11,2024-04-12,18.97,https://fred.stlouisfed.org/graph/fredgraph.csv?id=GVZCLS,2026-10-08
gold_vol,2024-04-12,2024-04-13,20.21,https://fred.stlouisfed.org/graph/fredgraph.csv?id=GVZCLS,2026-10-08
gold_vol,2024-04-15,2024-04-16,22.25,https://fred.stlouisfed.org/graph/fredgraph.csv?id=GVZCLS,2026-10-08
gold_vol,2024-04-16,2024-04-17,20.56,https://fred.stlouisfed.org/graph/fredgraph.csv?id=GVZCLS,2026-10-08
gold_vol,2024-04-17,2024-04-18,19.01,https://fred.stlouisfed.org/graph/fredgraph.csv?id=GVZCLS,2026-10-08
gold_vol,2024-04-18,2024-04-19,18.65,https://fred.stlouisfed.org/graph/fredgraph.csv?id=GVZCLS,2026-10-08
gold_vol,2024-04-19,2024-04-20,18.51,https://fred.stlouisfed.org/graph/fredgraph.csv?id=GVZCLS,2026-10-08
gold_vol,2024-04-22,2024-04-23,17.76,https://fred.stlouisfed.org/graph/fredgraph.csv?id=GVZCLS,2026-10-08
gold_vol,2024-04-23,2024-04-24,17.73,https://fred.stlouisfed.org/graph/fredgraph.csv?id=GVZCLS,2026-10-08
gold_vol,2024-04-24,2024-04-25,17.45,https://fred.stlouisfed.org/graph/fredgraph.csv?id=GVZCLS,2026-10-08
gold_vol,2024-04-25,2024-04-26,17.32,https://fred.stlouisfed.org/graph/fredgraph.csv?id=GVZCLS,2026-10-08
gold_vol,2024-04-26,2024-04-27,16.92,https://fred.stlouisfed.org/graph/fredgraph.csv?id=GVZCLS,2026-10-08
gold_vol,2024-04-29,2024-04-30,16.92,https://fred.stlouisfed.org/graph/fredgraph.csv?id=GVZCLS,2026-10-08
gold_vol,2024-04-30,2024-05-01,16.54,https://fred.stlouisfed.org/graph/fredgraph.csv?id=GVZCLS,2026-10-08
gold_vol,2024-05-01,2024-05-02,16.25,https://fred.stlouisfed.org/graph/fredgraph.csv?id=GVZCLS,2026-10-08
gold_vol,2024-05-02,2024-05-03,16.05,https://fred.stlouisfed.org/graph/fredgraph.csv?id=GVZCLS,2026-10-08
gold_vol,2024-05-03,2024-05-04,15.83,https://fred.stlouisfed.org/graph/fredgraph.csv?id=GVZCLS,2026-10-08
gold_vol,2024-05-06,2024-05-07,16.23,https://fred.stlouisfed.org/graph/fredgraph.csv?id=GVZCLS,2026-10-08
gold_vol,2024-05-07,2024-05-08,15.75,https://fred.stlouisfed.org/graph/fredgraph.csv?id=GVZCLS,2026-10-08
gold_vol,2024-05-08,2024-05-09,15.29,https://fred.stlouisfed.org/graph/fredgraph.csv?id=GVZCLS,2026-10-08
gold_vol,2024-05-09,2024-05-10,16.27,https://fred.stlouisfed.org/graph/fredgraph.csv?id=GVZCLS,2026-10-08
gold_vol,2024-05-10,2024-05-11,16.2,https://fred.stlouisfed.org/graph/fredgraph.csv?id=GVZCLS,2026-10-08
gold_vol,2024-05-13,2024-05-14,16.52,https://fred.stlouisfed.org/graph/fredgraph.csv?id=GVZCLS,2026-10-08
gold_vol,2024-05-14,2024-05-15,16.61,https://fred.stlouisfed.org/graph/fredgraph.csv?id=GVZCLS,2026-10-08
gold_vol,2024-05-15,2024-05-16,16.99,https://fred.stlouisfed.org/graph/fredgraph.csv?id=GVZCLS,2026-10-08
gold_vol,2024-05-16,2024-05-17,16.26,https://fred.stlouisfed.org/graph/fredgraph.csv?id=GVZCLS,2026-10-08
gold_vol,2024-05-17,2024-05-18,17.4,https://fred.stlouisfed.org/graph/fredgraph.csv?id=GVZCLS,2026-10-08
gold_vol,2024-05-20,2024-05-21,17.58,https://fred.stlouisfed.org/graph/fredgraph.csv?id=GVZCLS,2026-10-08
gold_vol,2024-05-21,2024-05-22,16.76,https://fred.stlouisfed.org/graph/fredgraph.csv?id=GVZCLS,2026-10-08
gold_vol,2024-05-22,2024-05-23,16.45,https://fred.stlouisfed.org/graph/fredgraph.csv?id=GVZCLS,2026-10-08
gold_vol,2024-05-23,2024-05-24,16.03,https://fred.stlouisfed.org/graph/fredgraph.csv?id=GVZCLS,2026-10-08
gold_vol,2024-05-24,2024-05-25,15.26,https://fred.stlouisfed.org/graph/fredgraph.csv?id=GVZCLS,2026-10-08
gold_vol,2024-05-28,2024-05-29,15.92,https://fred.stlouisfed.org/graph/fredgraph.csv?id=GVZCLS,2026-10-08
gold_vol,2024-05-29,2024-05-30,15.83,https://fred.stlouisfed.org/graph/fredgraph.csv?id=GVZCLS,2026-10-08
gold_vol,2024-05-30,2024-05-31,15.74,https://fred.stlouisfed.org/graph/fredgraph.csv?id=GVZCLS,2026-10-08
gold_vol,2024-05-31,2024-06-01,15.26,https://fred.stlouisfed.org/graph/fredgraph.csv?id=GVZCLS,2026-10-08
gold_vol,2024-06-03,2024-06-04,16.0,https://fred.stlouisfed.org/graph/fredgraph.csv?id=GVZCLS,2026-10-08
gold_vol,2024-06-04,2024-06-05,16.22,https://fred.stlouisfed.org/graph/fredgraph.csv?id=GVZCLS,2026-10-08
gold_vol,2024-06-05,2024-06-06,16.5,https://fred.stlouisfed.org/graph/fredgraph.csv?id=GVZCLS,2026-10-08
gold_vol,2024-06-06,2024-06-07,16.85,https://fred.stlouisfed.org/graph/fredgraph.csv?id=GVZCLS,2026-10-08
gold_vol,2024-06-07,2024-06-08,17.13,https://fred.stlouisfed.org/graph/fredgraph.csv?id=GVZCLS,2026-10-08
gold_vol,2024-06-10,2024-06-11,16.66,https://fred.stlouisfed.org/graph/fredgraph.csv?id=GVZCLS,2026-10-08
gold_vol,2024-06-11,2024-06-12,16.45,https://fred.stlouisfed.org/graph/fredgraph.csv?id=GVZCLS,2026-10-08
gold_vol,2024-06-12,2024-06-13,15.92,https://fred.stlouisfed.org/graph/fredgraph.csv?id=GVZCLS,2026-10-08
gold_vol,2024-06-13,2024-06-14,15.71,https://fred.stlouisfed.org/graph/fredgraph.csv?id=GVZCLS,2026-10-08
gold_vol,2024-06-14,2024-06-15,16.07,https://fred.stlouisfed.org/graph/fredgraph.csv?id=GVZCLS,2026-10-08
gold_vol,2024-06-17,2024-06-18,15.63,https://fred.stlouisfed.org/graph/fredgraph.csv?id=GVZCLS,2026-10-08
gold_vol,2024-06-18,2024-06-19,15.64,https://fred.stlouisfed.org/graph/fredgraph.csv?id=GVZCLS,2026-10-08
gold_vol,2024-06-20,2024-06-21,16.4,https://fred.stlouisfed.org/graph/fredgraph.csv?id=GVZCLS,2026-10-08
gold_vol,2024-06-21,2024-06-22,15.86,https://fred.stlouisfed.org/graph/fredgraph.csv?id=GVZCLS,2026-10-08
gold_vol,2024-06-24,2024-06-25,15.49,https://fred.stlouisfed.org/graph/fredgraph.csv?id=GVZCLS,2026-10-08
gold_vol,2024-06-25,2024-06-26,14.88,https://fred.stlouisfed.org/graph/fredgraph.csv?id=GVZCLS,2026-10-08
gold_vol,2024-06-26,2024-06-27,14.88,https://fred.stlouisfed.org/graph/fredgraph.csv?id=GVZCLS,2026-10-08
gold_vol,2024-06-27,2024-06-28,15.01,https://fred.stlouisfed.org/graph/fredgraph.csv?id=GVZCLS,2026-10-08
gold_vol,2024-06-28,2024-06-29,14.72,https://fred.stlouisfed.org/graph/fredgraph.csv?id=GVZCLS,2026-10-08
gold_vol,2024-07-01,2024-07-02,14.86,https://fred.stlouisfed.org/graph/fredgraph.csv?id=GVZCLS,2026-10-08
gold_vol,2024-07-02,2024-07-03,14.35,https://fred.stlouisfed.org/graph/fredgraph.csv?id=GVZCLS,2026-10-08
gold_vol,2024-07-03,2024-07-04,14.89,https://fred.stlouisfed.org/graph/fredgraph.csv?id=GVZCLS,2026-10-08
gold_vol,2024-07-05,2024-07-06,15.62,https://fred.stlouisfed.org/graph/fredgraph.csv?id=GVZCLS,2026-10-08
gold_vol,2024-07-08,2024-07-09,15.13,https://fred.stlouisfed.org/graph/fredgraph.csv?id=GVZCLS,2026-10-08
gold_vol,2024-07-09,2024-07-10,14.64,https://fred.stlouisfed.org/graph/fredgraph.csv?id=GVZCLS,2026-10-08
gold_vol,2024-07-10,2024-07-11,14.89,https://fred.stlouisfed.org/graph/fredgraph.csv?id=GVZCLS,2026-10-08
gold_vol,2024-07-11,2024-07-12,15.74,https://fred.stlouisfed.org/graph/fredgraph.csv?id=GVZCLS,2026-10-08
gold_vol,2024-07-12,2024-07-13,15.12,https://fred.stlouisfed.org/graph/fredgraph.csv?id=GVZCLS,2026-10-08
gold_vol,2024-07-15,2024-07-16,15.98,https://fred.stlouisfed.org/graph/fredgraph.csv?id=GVZCLS,2026-10-08
gold_vol,2024-07-16,2024-07-17,17.15,https://fred.stlouisfed.org/graph/fredgraph.csv?id=GVZCLS,2026-10-08
gold_vol,2024-07-17,2024-07-18,16.7,https://fred.stlouisfed.org/graph/fredgraph.csv?id=GVZCLS,2026-10-08
gold_vol,2024-07-18,2024-07-19,16.25,https://fred.stlouisfed.org/graph/fredgraph.csv?id=GVZCLS,2026-10-08
gold_vol,2024-07-19,2024-07-20,16.34,https://fred.stlouisfed.org/graph/fredgraph.csv?id=GVZCLS,2026-10-08
gold_vol,2024-07-22,2024-07-23,15.74,https://fred.stlouisfed.org/graph/fredgraph.csv?id=GVZCLS,2026-10-08
gold_vol,2024-07-23,2024-07-24,15.44,https://fred.stlouisfed.org/graph/fredgraph.csv?id=GVZCLS,2026-10-08
gold_vol,2024-07-24,2024-07-25,15.98,https://fred.stlouisfed.org/graph/fredgraph.csv?id=GVZCLS,2026-10-08
gold_vol,2024-07-25,2024-07-26,15.54,https://fred.stlouisfed.org/graph/fredgraph.csv?id=GVZCLS,2026-10-08
gold_vol,2024-07-26,2024-07-27,15.2,https://fred.stlouisfed.org/graph/fredgraph.csv?id=GVZCLS,2026-10-08
gold_vol,2024-07-29,2024-07-30,15.64,https://fred.stlouisfed.org/graph/fredgraph.csv?id=GVZCLS,2026-10-08
gold_vol,2024-07-30,2024-07-31,16.3,https://fred.stlouisfed.org/graph/fredgraph.csv?id=GVZCLS,2026-10-08
gold_vol,2024-07-31,2024-08-01,17.88,https://fred.stlouisfed.org/graph/fredgraph.csv?id=GVZCLS,2026-10-08
gold_vol,2024-08-01,2024-08-02,17.61,https://fred.stlouisfed.org/graph/fredgraph.csv?id=GVZCLS,2026-10-08
gold_vol,2024-08-02,2024-08-03,18.7,https://fred.stlouisfed.org/graph/fredgraph.csv?id=GVZCLS,2026-10-08
gold_vol,2024-08-05,2024-08-06,21.95,https://fred.stlouisfed.org/graph/fredgraph.csv?id=GVZCLS,2026-10-08
gold_vol,2024-08-06,2024-08-07,19.1,https://fred.stlouisfed.org/graph/fredgraph.csv?id=GVZCLS,2026-10-08
gold_vol,2024-08-07,2024-08-08,18.12,https://fred.stlouisfed.org/graph/fredgraph.csv?id=GVZCLS,2026-10-08
gold_vol,2024-08-08,2024-08-09,18.45,https://fred.stlouisfed.org/graph/fredgraph.csv?id=GVZCLS,2026-10-08
gold_vol,2024-08-09,2024-08-10,17.8,https://fred.stlouisfed.org/graph/fredgraph.csv?id=GVZCLS,2026-10-08
gold_vol,2024-08-12,2024-08-13,20.61,https://fred.stlouisfed.org/graph/fredgraph.csv?id=GVZCLS,2026-10-08
gold_vol,2024-08-13,2024-08-14,19.18,https://fred.stlouisfed.org/graph/fredgraph.csv?id=GVZCLS,2026-10-08
gold_vol,2024-08-14,2024-08-15,18.49,https://fred.stlouisfed.org/graph/fredgraph.csv?id=GVZCLS,2026-10-08
gold_vol,2024-08-15,2024-08-16,18.16,https://fred.stlouisfed.org/graph/fredgraph.csv?id=GVZCLS,2026-10-08
gold_vol,2024-08-16,2024-08-17,20.09,https://fred.stlouisfed.org/graph/fredgraph.csv?id=GVZCLS,2026-10-08
gold_vol,2024-08-19,2024-08-20,18.77,https://fred.stlouisfed.org/graph/fredgraph.csv?id=GVZCLS,2026-10-08
gold_vol,2024-08-20,2024-08-21,18.47,https://fred.stlouisfed.org/graph/fredgraph.csv?id=GVZCLS,2026-10-08
gold_vol,2024-08-21,2024-08-22,18.63,https://fred.stlouisfed.org/graph/fredgraph.csv?id=GVZCLS,2026-10-08
gold_vol,2024-08-22,2024-08-23,17.89,https://fred.stlouisfed.org/graph/fredgraph.csv?id=GVZCLS,2026-10-08
gold_vol,2024-08-23,2024-08-24,17.49,https://fred.stlouisfed.org/graph/fredgraph.csv?id=GVZCLS,2026-10-08
gold_vol,2024-08-26,2024-08-27,17.9,https://fred.stlouisfed.org/graph/fredgraph.csv?id=GVZCLS,2026-10-08
gold_vol,2024-08-27,2024-08-28,17.69,https://fred.stlouisfed.org/graph/fredgraph.csv?id=GVZCLS,2026-10-08
gold_vol,2024-08-28,2024-08-29,17.18,https://fred.stlouisfed.org/graph/fredgraph.csv?id=GVZCLS,2026-10-08
gold_vol,2024-08-29,2024-08-30,17.22,https://fred.stlouisfed.org/graph/fredgraph.csv?id=GVZCLS,2026-10-08
gold_vol,2024-08-30,2024-08-31,16.4,https://fred.stlouisfed.org/graph/fredgraph.csv?id=GVZCLS,2026-10-08
gold_vol,2024-09-03,2024-09-04,16.55,https://fred.stlouisfed.org/graph/fredgraph.csv?id=GVZCLS,2026-10-08
gold_vol,2024-09-04,2024-09-05,16.19,https://fred.stlouisfed.org/graph/fredgraph.csv?id=GVZCLS,2026-10-08
gold_vol,2024-09-05,2024-09-06,16.48,https://fred.stlouisfed.org/graph/fredgraph.csv?id=GVZCLS,2026-10-08
gold_vol,2024-09-06,2024-09-07,16.49,https://fred.stlouisfed.org/graph/fredgraph.csv?id=GVZCLS,2026-10-08
gold_vol,2024-09-09,2024-09-10,16.16,https://fred.stlouisfed.org/graph/fredgraph.csv?id=GVZCLS,2026-10-08
gold_vol,2024-09-10,2024-09-11,16.08,https://fred.stlouisfed.org/graph/fredgraph.csv?id=GVZCLS,2026-10-08
gold_vol,2024-09-11,2024-09-12,15.52,https://fred.stlouisfed.org/graph/fredgraph.csv?id=GVZCLS,2026-10-08
gold_vol,2024-09-12,2024-09-13,16.74,https://fred.stlouisfed.org/graph/fredgraph.csv?id=GVZCLS,2026-10-08
gold_vol,2024-09-13,2024-09-14,16.88,https://fred.stlouisfed.org/graph/fredgraph.csv?id=GVZCLS,2026-10-08
gold_vol,2024-09-16,2024-09-17,17.03,https://fred.stlouisfed.org/graph/fredgraph.csv?id=GVZCLS,2026-10-08
gold_vol,2024-09-17,2024-09-18,17.49,https://fred.stlouisfed.org/graph/fredgraph.csv?id=GVZCLS,2026-10-08
gold_vol,2024-09-18,2024-09-19,17.13,https://fred.stlouisfed.org/graph/fredgraph.csv?id=GVZCLS,2026-10-08
gold_vol,2024-09-19,2024-09-20,16.76,https://fred.stlouisfed.org/graph/fredgraph.csv?id=GVZCLS,2026-10-08
gold_vol,2024-09-20,2024-09-21,17.08,https://fred.stlouisfed.org/graph/fredgraph.csv?id=GVZCLS,2026-10-08
gold_vol,2024-09-23,2024-09-24,17.72,https://fred.stlouisfed.org/graph/fredgraph.csv?id=GVZCLS,2026-10-08
gold_vol,2024-09-24,2024-09-25,19.26,https://fred.stlouisfed.org/graph/fredgraph.csv?id=GVZCLS,2026-10-08
gold_vol,2024-09-25,2024-09-26,19.13,https://fred.stlouisfed.org/graph/fredgraph.csv?id=GVZCLS,2026-10-08
gold_vol,2024-09-26,2024-09-27,18.82,https://fred.stlouisfed.org/graph/fredgraph.csv?id=GVZCLS,2026-10-08
gold_vol,2024-09-27,2024-09-28,18.59,https://fred.stlouisfed.org/graph/fredgraph.csv?id=GVZCLS,2026-10-08
gold_vol,2024-09-30,2024-10-01,18.08,https://fred.stlouisfed.org/graph/fredgraph.csv?id=GVZCLS,2026-10-08
gold_vol,2024-10-01,2024-10-02,18.57,https://fred.stlouisfed.org/graph/fredgraph.csv?id=GVZCLS,2026-10-08
gold_vol,2024-10-02,2024-10-03,18.07,https://fred.stlouisfed.org/graph/fredgraph.csv?id=GVZCLS,2026-10-08
gold_vol,2024-10-03,2024-10-04,18.28,https://fred.stlouisfed.org/graph/fredgraph.csv?id=GVZCLS,2026-10-08
gold_vol,2024-10-04,2024-10-05,17.48,https://fred.stlouisfed.org/graph/fredgraph.csv?id=GVZCLS,2026-10-08
gold_vol,2024-10-07,2024-10-08,17.71,https://fred.stlouisfed.org/graph/fredgraph.csv?id=GVZCLS,2026-10-08
gold_vol,2024-10-08,2024-10-09,17.64,https://fred.stlouisfed.org/graph/fredgraph.csv?id=GVZCLS,2026-10-08
gold_vol,2024-10-09,2024-10-10,17.62,https://fred.stlouisfed.org/graph/fredgraph.csv?id=GVZCLS,2026-10-08
gold_vol,2024-10-10,2024-10-11,17.27,https://fred.stlouisfed.org/graph/fredgraph.csv?id=GVZCLS,2026-10-08
gold_vol,2024-10-11,2024-10-12,17.27,https://fred.stlouisfed.org/graph/fredgraph.csv?id=GVZCLS,2026-10-08
gold_vol,2024-10-14,2024-10-15,17.47,https://fred.stlouisfed.org/graph/fredgraph.csv?id=GVZCLS,2026-10-08
gold_vol,2024-10-15,2024-10-16,17.38,https://fred.stlouisfed.org/graph/fredgraph.csv?id=GVZCLS,2026-10-08
gold_vol,2024-10-16,2024-10-17,17.31,https://fred.stlouisfed.org/graph/fredgraph.csv?id=GVZCLS,2026-10-08
gold_vol,2024-10-17,2024-10-18,17.57,https://fred.stlouisfed.org/graph/fredgraph.csv?id=GVZCLS,2026-10-08
gold_vol,2024-10-18,2024-10-19,17.77,https://fred.stlouisfed.org/graph/fredgraph.csv?id=GVZCLS,2026-10-08
gold_vol,2024-10-21,2024-10-22,18.19,https://fred.stlouisfed.org/graph/fredgraph.csv?id=GVZCLS,2026-10-08
gold_vol,2024-10-22,2024-10-23,18.73,https://fred.stlouisfed.org/graph/fredgraph.csv?id=GVZCLS,2026-10-08
gold_vol,2024-10-23,2024-10-24,18.98,https://fred.stlouisfed.org/graph/fredgraph.csv?id=GVZCLS,2026-10-08
gold_vol,2024-10-24,2024-10-25,18.66,https://fred.stlouisfed.org/graph/fredgraph.csv?id=GVZCLS,2026-10-08
gold_vol,2024-10-25,2024-10-26,18.88,https://fred.stlouisfed.org/graph/fredgraph.csv?id=GVZCLS,2026-10-08
gold_vol,2024-10-28,2024-10-29,18.34,https://fred.stlouisfed.org/graph/fredgraph.csv?id=GVZCLS,2026-10-08
gold_vol,2024-10-29,2024-10-30,18.51,https://fred.stlouisfed.org/graph/fredgraph.csv?id=GVZCLS,2026-10-08
gold_vol,2024-10-30,2024-10-31,18.68,https://fred.stlouisfed.org/graph/fredgraph.csv?id=GVZCLS,2026-10-08
gold_vol,2024-10-31,2024-11-01,19.46,https://fred.stlouisfed.org/graph/fredgraph.csv?id=GVZCLS,2026-10-08
gold_vol,2024-11-01,2024-11-02,19.29,https://fred.stlouisfed.org/graph/fredgraph.csv?id=GVZCLS,2026-10-08
gold_vol,2024-11-04,2024-11-05,19.91,https://fred.stlouisfed.org/graph/fredgraph.csv?id=GVZCLS,2026-10-08
gold_vol,2024-11-05,2024-11-06,19.59,https://fred.stlouisfed.org/graph/fredgraph.csv?id=GVZCLS,2026-10-08
gold_vol,2024-11-06,2024-11-07,17.63,https://fred.stlouisfed.org/graph/fredgraph.csv?id=GVZCLS,2026-10-08
gold_vol,2024-11-07,2024-11-08,17.37,https://fred.stlouisfed.org/graph/fredgraph.csv?id=GVZCLS,2026-10-08
gold_vol,2024-11-08,2024-11-09,15.91,https://fred.stlouisfed.org/graph/fredgraph.csv?id=GVZCLS,2026-10-08
gold_vol,2024-11-11,2024-11-12,16.02,https://fred.stlouisfed.org/graph/fredgraph.csv?id=GVZCLS,2026-10-08
gold_vol,2024-11-12,2024-11-13,16.25,https://fred.stlouisfed.org/graph/fredgraph.csv?id=GVZCLS,2026-10-08
gold_vol,2024-11-13,2024-11-14,17.05,https://fred.stlouisfed.org/graph/fredgraph.csv?id=GVZCLS,2026-10-08
gold_vol,2024-11-14,2024-11-15,17.39,https://fred.stlouisfed.org/graph/fredgraph.csv?id=GVZCLS,2026-10-08
gold_vol,2024-11-15,2024-11-16,17.17,https://fred.stlouisfed.org/graph/fredgraph.csv?id=GVZCLS,2026-10-08
gold_vol,2024-11-18,2024-11-19,16.97,https://fred.stlouisfed.org/graph/fredgraph.csv?id=GVZCLS,2026-10-08
gold_vol,2024-11-19,2024-11-20,17.85,https://fred.stlouisfed.org/graph/fredgraph.csv?id=GVZCLS,2026-10-08
gold_vol,2024-11-20,2024-11-21,18.34,https://fred.stlouisfed.org/graph/fredgraph.csv?id=GVZCLS,2026-10-08
gold_vol,2024-11-21,2024-11-22,17.59,https://fred.stlouisfed.org/graph/fredgraph.csv?id=GVZCLS,2026-10-08
gold_vol,2024-11-22,2024-11-23,17.54,https://fred.stlouisfed.org/graph/fredgraph.csv?id=GVZCLS,2026-10-08
gold_vol,2024-11-25,2024-11-26,17.8,https://fred.stlouisfed.org/graph/fredgraph.csv?id=GVZCLS,2026-10-08
gold_vol,2024-11-26,2024-11-27,17.0,https://fred.stlouisfed.org/graph/fredgraph.csv?id=GVZCLS,2026-10-08
gold_vol,2024-11-27,2024-11-28,16.54,https://fred.stlouisfed.org/graph/fredgraph.csv?id=GVZCLS,2026-10-08
gold_vol,2024-11-29,2024-11-30,16.37,https://fred.stlouisfed.org/graph/fredgraph.csv?id=GVZCLS,2026-10-08
gold_vol,2024-12-02,2024-12-03,16.33,https://fred.stlouisfed.org/graph/fredgraph.csv?id=GVZCLS,2026-10-08
gold_vol,2024-12-03,2024-12-04,16.21,https://fred.stlouisfed.org/graph/fredgraph.csv?id=GVZCLS,2026-10-08
gold_vol,2024-12-04,2024-12-05,15.92,https://fred.stlouisfed.org/graph/fredgraph.csv?id=GVZCLS,2026-10-08
gold_vol,2024-12-05,2024-12-06,15.93,https://fred.stlouisfed.org/graph/fredgraph.csv?id=GVZCLS,2026-10-08
gold_vol,2024-12-06,2024-12-07,15.04,https://fred.stlouisfed.org/graph/fredgraph.csv?id=GVZCLS,2026-10-08
gold_vol,2024-12-09,2024-12-10,15.75,https://fred.stlouisfed.org/graph/fredgraph.csv?id=GVZCLS,2026-10-08
gold_vol,2024-12-10,2024-12-11,16.34,https://fred.stlouisfed.org/graph/fredgraph.csv?id=GVZCLS,2026-10-08
gold_vol,2024-12-11,2024-12-12,16.86,https://fred.stlouisfed.org/graph/fredgraph.csv?id=GVZCLS,2026-10-08
gold_vol,2024-12-12,2024-12-13,15.43,https://fred.stlouisfed.org/graph/fredgraph.csv?id=GVZCLS,2026-10-08
gold_vol,2024-12-13,2024-12-14,15.63,https://fred.stlouisfed.org/graph/fredgraph.csv?id=GVZCLS,2026-10-08
gold_vol,2024-12-16,2024-12-17,15.38,https://fred.stlouisfed.org/graph/fredgraph.csv?id=GVZCLS,2026-10-08
gold_vol,2024-12-17,2024-12-18,15.64,https://fred.stlouisfed.org/graph/fredgraph.csv?id=GVZCLS,2026-10-08
gold_vol,2024-12-18,2024-12-19,16.54,https://fred.stlouisfed.org/graph/fredgraph.csv?id=GVZCLS,2026-10-08
gold_vol,2024-12-19,2024-12-20,15.83,https://fred.stlouisfed.org/graph/fredgraph.csv?id=GVZCLS,2026-10-08
gold_vol,2024-12-20,2024-12-21,15.73,https://fred.stlouisfed.org/graph/fredgraph.csv?id=GVZCLS,2026-10-08
gold_vol,2024-12-23,2024-12-24,15.54,https://fred.stlouisfed.org/graph/fredgraph.csv?id=GVZCLS,2026-10-08
gold_vol,2024-12-24,2024-12-25,14.71,https://fred.stlouisfed.org/graph/fredgraph.csv?id=GVZCLS,2026-10-08
gold_vol,2024-12-26,2024-12-27,15.19,https://fred.stlouisfed.org/graph/fredgraph.csv?id=GVZCLS,2026-10-08
gold_vol,2024-12-27,2024-12-28,14.67,https://fred.stlouisfed.org/graph/fredgraph.csv?id=GVZCLS,2026-10-08
gold_vol,2024-12-30,2024-12-31,15.02,https://fred.stlouisfed.org/graph/fredgraph.csv?id=GVZCLS,2026-10-08
gold_vol,2024-12-31,2025-01-01,14.62,https://fred.stlouisfed.org/graph/fredgraph.csv?id=GVZCLS,2026-10-08
gold_vol,2025-01-02,2025-01-03,15.07,https://fred.stlouisfed.org/graph/fredgraph.csv?id=GVZCLS,2026-10-08
gold_vol,2025-01-03,2025-01-04,14.49,https://fred.stlouisfed.org/graph/fredgraph.csv?id=GVZCLS,2026-10-08
gold_vol,2025-01-06,2025-01-07,14.76,https://fred.stlouisfed.org/graph/fredgraph.csv?id=GVZCLS,2026-10-08
gold_vol,2025-01-07,2025-01-08,14.68,https://fred.stlouisfed.org/graph/fredgraph.csv?id=GVZCLS,2026-10-08
gold_vol,2025-01-08,2025-01-09,14.82,https://fred.stlouisfed.org/graph/fredgraph.csv?id=GVZCLS,2026-10-08
gold_vol,2025-01-10,2025-01-11,15.77,https://fred.stlouisfed.org/graph/fredgraph.csv?id=GVZCLS,2026-10-08
gold_vol,2025-01-13,2025-01-14,15.27,https://fred.stlouisfed.org/graph/fredgraph.csv?id=GVZCLS,2026-10-08
gold_vol,2025-01-14,2025-01-15,15.0,https://fred.stlouisfed.org/graph/fredgraph.csv?id=GVZCLS,2026-10-08
gold_vol,2025-01-15,2025-01-16,15.23,https://fred.stlouisfed.org/graph/fredgraph.csv?id=GVZCLS,2026-10-08
gold_vol,2025-01-16,2025-01-17,15.4,https://fred.stlouisfed.org/graph/fredgraph.csv?id=GVZCLS,2026-10-08
gold_vol,2025-01-17,2025-01-18,14.98,https://fred.stlouisfed.org/graph/fredgraph.csv?id=GVZCLS,2026-10-08
gold_vol,2025-01-21,2025-01-22,15.5,https://fred.stlouisfed.org/graph/fredgraph.csv?id=GVZCLS,2026-10-08
gold_vol,2025-01-22,2025-01-23,15.24,https://fred.stlouisfed.org/graph/fredgraph.csv?id=GVZCLS,2026-10-08
gold_vol,2025-01-23,2025-01-24,14.95,https://fred.stlouisfed.org/graph/fredgraph.csv?id=GVZCLS,2026-10-08
gold_vol,2025-01-24,2025-01-25,14.85,https://fred.stlouisfed.org/graph/fredgraph.csv?id=GVZCLS,2026-10-08
gold_vol,2025-01-27,2025-01-28,15.23,https://fred.stlouisfed.org/graph/fredgraph.csv?id=GVZCLS,2026-10-08
gold_vol,2025-01-28,2025-01-29,15.46,https://fred.stlouisfed.org/graph/fredgraph.csv?id=GVZCLS,2026-10-08
gold_vol,2025-01-29,2025-01-30,14.84,https://fred.stlouisfed.org/graph/fredgraph.csv?id=GVZCLS,2026-10-08
gold_vol,2025-01-30,2025-01-31,16.09,https://fred.stlouisfed.org/graph/fredgraph.csv?id=GVZCLS,2026-10-08
gold_vol,2025-01-31,2025-02-01,15.82,https://fred.stlouisfed.org/graph/fredgraph.csv?id=GVZCLS,2026-10-08
gold_vol,2025-02-03,2025-02-04,16.81,https://fred.stlouisfed.org/graph/fredgraph.csv?id=GVZCLS,2026-10-08
gold_vol,2025-02-04,2025-02-05,17.11,https://fred.stlouisfed.org/graph/fredgraph.csv?id=GVZCLS,2026-10-08
gold_vol,2025-02-05,2025-02-06,17.19,https://fred.stlouisfed.org/graph/fredgraph.csv?id=GVZCLS,2026-10-08
gold_vol,2025-02-06,2025-02-07,16.27,https://fred.stlouisfed.org/graph/fredgraph.csv?id=GVZCLS,2026-10-08
gold_vol,2025-02-07,2025-02-08,16.23,https://fred.stlouisfed.org/graph/fredgraph.csv?id=GVZCLS,2026-10-08
gold_vol,2025-02-10,2025-02-11,17.59,https://fred.stlouisfed.org/graph/fredgraph.csv?id=GVZCLS,2026-10-08
gold_vol,2025-02-11,2025-02-12,17.48,https://fred.stlouisfed.org/graph/fredgraph.csv?id=GVZCLS,2026-10-08
gold_vol,2025-02-12,2025-02-13,17.34,https://fred.stlouisfed.org/graph/fredgraph.csv?id=GVZCLS,2026-10-08
gold_vol,2025-02-13,2025-02-14,17.13,https://fred.stlouisfed.org/graph/fredgraph.csv?id=GVZCLS,2026-10-08
gold_vol,2025-02-14,2025-02-15,17.23,https://fred.stlouisfed.org/graph/fredgraph.csv?id=GVZCLS,2026-10-08
gold_vol,2025-02-18,2025-02-19,18.03,https://fred.stlouisfed.org/graph/fredgraph.csv?id=GVZCLS,2026-10-08
gold_vol,2025-02-19,2025-02-20,16.76,https://fred.stlouisfed.org/graph/fredgraph.csv?id=GVZCLS,2026-10-08
gold_vol,2025-02-20,2025-02-21,16.45,https://fred.stlouisfed.org/graph/fredgraph.csv?id=GVZCLS,2026-10-08
gold_vol,2025-02-21,2025-02-22,16.55,https://fred.stlouisfed.org/graph/fredgraph.csv?id=GVZCLS,2026-10-08
gold_vol,2025-02-24,2025-02-25,16.73,https://fred.stlouisfed.org/graph/fredgraph.csv?id=GVZCLS,2026-10-08
gold_vol,2025-02-25,2025-02-26,16.72,https://fred.stlouisfed.org/graph/fredgraph.csv?id=GVZCLS,2026-10-08
gold_vol,2025-02-26,2025-02-27,16.36,https://fred.stlouisfed.org/graph/fredgraph.csv?id=GVZCLS,2026-10-08
gold_vol,2025-02-27,2025-02-28,16.45,https://fred.stlouisfed.org/graph/fredgraph.csv?id=GVZCLS,2026-10-08
gold_vol,2025-02-28,2025-03-01,15.82,https://fred.stlouisfed.org/graph/fredgraph.csv?id=GVZCLS,2026-10-08
gold_vol,2025-03-03,2025-03-04,16.81,https://fred.stlouisfed.org/graph/fredgraph.csv?id=GVZCLS,2026-10-08
gold_vol,2025-03-04,2025-03-05,17.25,https://fred.stlouisfed.org/graph/fredgraph.csv?id=GVZCLS,2026-10-08
gold_vol,2025-03-05,2025-03-06,16.92,https://fred.stlouisfed.org/graph/fredgraph.csv?id=GVZCLS,2026-10-08
gold_vol,2025-03-06,2025-03-07,16.83,https://fred.stlouisfed.org/graph/fredgraph.csv?id=GVZCLS,2026-10-08
gold_vol,2025-03-07,2025-03-08,16.19,https://fred.stlouisfed.org/graph/fredgraph.csv?id=GVZCLS,2026-10-08
gold_vol,2025-03-10,2025-03-11,17.06,https://fred.stlouisfed.org/graph/fredgraph.csv?id=GVZCLS,2026-10-08
gold_vol,2025-03-11,2025-03-12,17.14,https://fred.stlouisfed.org/graph/fredgraph.csv?id=GVZCLS,2026-10-08
gold_vol,2025-03-12,2025-03-13,16.82,https://fred.stlouisfed.org/graph/fredgraph.csv?id=GVZCLS,2026-10-08
gold_vol,2025-03-13,2025-03-14,17.41,https://fred.stlouisfed.org/graph/fredgraph.csv?id=GVZCLS,2026-10-08
gold_vol,2025-03-14,2025-03-15,17.13,https://fred.stlouisfed.org/graph/fredgraph.csv?id=GVZCLS,2026-10-08
gold_vol,2025-03-17,2025-03-18,17.6,https://fred.stlouisfed.org/graph/fredgraph.csv?id=GVZCLS,2026-10-08
gold_vol,2025-03-18,2025-03-19,17.53,https://fred.stlouisfed.org/graph/fredgraph.csv?id=GVZCLS,2026-10-08
gold_vol,2025-03-19,2025-03-20,16.74,https://fred.stlouisfed.org/graph/fredgraph.csv?id=GVZCLS,2026-10-08
gold_vol,2025-03-20,2025-03-21,16.45,https://fred.stlouisfed.org/graph/fredgraph.csv?id=GVZCLS,2026-10-08
gold_vol,2025-03-21,2025-03-22,15.98,https://fred.stlouisfed.org/graph/fredgraph.csv?id=GVZCLS,2026-10-08
gold_vol,2025-03-24,2025-03-25,15.8,https://fred.stlouisfed.org/graph/fredgraph.csv?id=GVZCLS,2026-10-08
gold_vol,2025-03-25,2025-03-26,15.23,https://fred.stlouisfed.org/graph/fredgraph.csv?id=GVZCLS,2026-10-08
gold_vol,2025-03-26,2025-03-27,15.04,https://fred.stlouisfed.org/graph/fredgraph.csv?id=GVZCLS,2026-10-08
gold_vol,2025-03-27,2025-03-28,16.08,https://fred.stlouisfed.org/graph/fredgraph.csv?id=GVZCLS,2026-10-08
gold_vol,2025-03-28,2025-03-29,16.45,https://fred.stlouisfed.org/graph/fredgraph.csv?id=GVZCLS,2026-10-08
gold_vol,2025-03-31,2025-04-01,17.84,https://fred.stlouisfed.org/graph/fredgraph.csv?id=GVZCLS,2026-10-08
gold_vol,2025-04-01,2025-04-02,17.95,https://fred.stlouisfed.org/graph/fredgraph.csv?id=GVZCLS,2026-10-08
gold_vol,2025-04-02,2025-04-03,17.92,https://fred.stlouisfed.org/graph/fredgraph.csv?id=GVZCLS,2026-10-08
gold_vol,2025-04-03,2025-04-04,18.36,https://fred.stlouisfed.org/graph/fredgraph.csv?id=GVZCLS,2026-10-08
gold_vol,2025-04-04,2025-04-05,22.03,https://fred.stlouisfed.org/graph/fredgraph.csv?id=GVZCLS,2026-10-08
gold_vol,2025-04-07,2025-04-08,19.68,https://fred.stlouisfed.org/graph/fredgraph.csv?id=GVZCLS,2026-10-08
gold_vol,2025-04-08,2025-04-09,23.73,https://fred.stlouisfed.org/graph/fredgraph.csv?id=GVZCLS,2026-10-08
gold_vol,2025-04-09,2025-04-10,24.53,https://fred.stlouisfed.org/graph/fredgraph.csv?id=GVZCLS,2026-10-08
gold_vol,2025-04-10,2025-04-11,26.59,https://fred.stlouisfed.org/graph/fredgraph.csv?id=GVZCLS,2026-10-08
gold_vol,2025-04-11,2025-04-12,28.44,https://fred.stlouisfed.org/graph/fredgraph.csv?id=GVZCLS,2026-10-08
gold_vol,2025-04-14,2025-04-15,23.8,https://fred.stlouisfed.org/graph/fredgraph.csv?id=GVZCLS,2026-10-08
gold_vol,2025-04-15,2025-04-16,21.54,https://fred.stlouisfed.org/graph/fredgraph.csv?id=GVZCLS,2026-10-08
gold_vol,2025-04-16,2025-04-17,26.73,https://fred.stlouisfed.org/graph/fredgraph.csv?id=GVZCLS,2026-10-08
gold_vol,2025-04-17,2025-04-18,24.14,https://fred.stlouisfed.org/graph/fredgraph.csv?id=GVZCLS,2026-10-08
gold_vol,2025-04-21,2025-04-22,28.14,https://fred.stlouisfed.org/graph/fredgraph.csv?id=GVZCLS,2026-10-08
gold_vol,2025-04-22,2025-04-23,28.44,https://fred.stlouisfed.org/graph/fredgraph.csv?id=GVZCLS,2026-10-08
gold_vol,2025-04-23,2025-04-24,25.23,https://fred.stlouisfed.org/graph/fredgraph.csv?id=GVZCLS,2026-10-08
gold_vol,2025-04-24,2025-04-25,24.93,https://fred.stlouisfed.org/graph/fredgraph.csv?id=GVZCLS,2026-10-08
gold_vol,2025-04-25,2025-04-26,23.36,https://fred.stlouisfed.org/graph/fredgraph.csv?id=GVZCLS,2026-10-08
gold_vol,2025-04-28,2025-04-29,23.25,https://fred.stlouisfed.org/graph/fredgraph.csv?id=GVZCLS,2026-10-08
gold_vol,2025-04-29,2025-04-30,22.1,https://fred.stlouisfed.org/graph/fredgraph.csv?id=GVZCLS,2026-10-08
gold_vol,2025-04-30,2025-05-01,21.52,https://fred.stlouisfed.org/graph/fredgraph.csv?id=GVZCLS,2026-10-08
gold_vol,2025-05-01,2025-05-02,21.51,https://fred.stlouisfed.org/graph/fredgraph.csv?id=GVZCLS,2026-10-08
gold_vol,2025-05-02,2025-05-03,21.35,https://fred.stlouisfed.org/graph/fredgraph.csv?id=GVZCLS,2026-10-08
gold_vol,2025-05-05,2025-05-06,23.2,https://fred.stlouisfed.org/graph/fredgraph.csv?id=GVZCLS,2026-10-08
gold_vol,2025-05-06,2025-05-07,24.72,https://fred.stlouisfed.org/graph/fredgraph.csv?id=GVZCLS,2026-10-08
gold_vol,2025-05-07,2025-05-08,22.99,https://fred.stlouisfed.org/graph/fredgraph.csv?id=GVZCLS,2026-10-08
gold_vol,2025-05-08,2025-05-09,22.58,https://fred.stlouisfed.org/graph/fredgraph.csv?id=GVZCLS,2026-10-08
gold_vol,2025-05-09,2025-05-10,21.86,https://fred.stlouisfed.org/graph/fredgraph.csv?id=GVZCLS,2026-10-08
gold_vol,2025-05-12,2025-05-13,21.38,https://fred.stlouisfed.org/graph/fredgraph.csv?id=GVZCLS,2026-10-08
gold_vol,2025-05-13,2025-05-14,19.58,https://fred.stlouisfed.org/graph/fredgraph.csv?id=GVZCLS,2026-10-08
gold_vol,2025-05-14,2025-05-15,20.78,https://fred.stlouisfed.org/graph/fredgraph.csv?id=GVZCLS,2026-10-08
gold_vol,2025-05-15,2025-05-16,21.63,https://fred.stlouisfed.org/graph/fredgraph.csv?id=GVZCLS,2026-10-08
gold_vol,2025-05-16,2025-05-17,21.47,https://fred.stlouisfed.org/graph/fredgraph.csv?id=GVZCLS,2026-10-08
gold_vol,2025-05-19,2025-05-20,21.37,https://fred.stlouisfed.org/graph/fredgraph.csv?id=GVZCLS,2026-10-08
gold_vol,2025-05-20,2025-05-21,21.95,https://fred.stlouisfed.org/graph/fredgraph.csv?id=GVZCLS,2026-10-08
gold_vol,2025-05-21,2025-05-22,22.23,https://fred.stlouisfed.org/graph/fredgraph.csv?id=GVZCLS,2026-10-08
gold_vol,2025-05-22,2025-05-23,21.55,https://fred.stlouisfed.org/graph/fredgraph.csv?id=GVZCLS,2026-10-08
gold_vol,2025-05-23,2025-05-24,22.28,https://fred.stlouisfed.org/graph/fredgraph.csv?id=GVZCLS,2026-10-08
gold_vol,2025-05-27,2025-05-28,21.12,https://fred.stlouisfed.org/graph/fredgraph.csv?id=GVZCLS,2026-10-08
gold_vol,2025-05-28,2025-05-29,19.69,https://fred.stlouisfed.org/graph/fredgraph.csv?id=GVZCLS,2026-10-08
gold_vol,2025-05-29,2025-05-30,19.65,https://fred.stlouisfed.org/graph/fredgraph.csv?id=GVZCLS,2026-10-08
gold_vol,2025-05-30,2025-05-31,19.1,https://fred.stlouisfed.org/graph/fredgraph.csv?id=GVZCLS,2026-10-08
gold_vol,2025-06-02,2025-06-03,20.6,https://fred.stlouisfed.org/graph/fredgraph.csv?id=GVZCLS,2026-10-08
gold_vol,2025-06-03,2025-06-04,20.1,https://fred.stlouisfed.org/graph/fredgraph.csv?id=GVZCLS,2026-10-08
gold_vol,2025-06-04,2025-06-05,19.82,https://fred.stlouisfed.org/graph/fredgraph.csv?id=GVZCLS,2026-10-08
gold_vol,2025-06-05,2025-06-06,19.69,https://fred.stlouisfed.org/graph/fredgraph.csv?id=GVZCLS,2026-10-08
gold_vol,2025-06-06,2025-06-07,19.16,https://fred.stlouisfed.org/graph/fredgraph.csv?id=GVZCLS,2026-10-08
gold_vol,2025-06-09,2025-06-10,19.45,https://fred.stlouisfed.org/graph/fredgraph.csv?id=GVZCLS,2026-10-08
gold_vol,2025-06-10,2025-06-11,19.0,https://fred.stlouisfed.org/graph/fredgraph.csv?id=GVZCLS,2026-10-08
gold_vol,2025-06-11,2025-06-12,19.16,https://fred.stlouisfed.org/graph/fredgraph.csv?id=GVZCLS,2026-10-08
gold_vol,2025-06-12,2025-06-13,19.7,https://fred.stlouisfed.org/graph/fredgraph.csv?id=GVZCLS,2026-10-08
gold_vol,2025-06-13,2025-06-14,21.16,https://fred.stlouisfed.org/graph/fredgraph.csv?id=GVZCLS,2026-10-08
gold_vol,2025-06-16,2025-06-17,19.87,https://fred.stlouisfed.org/graph/fredgraph.csv?id=GVZCLS,2026-10-08
gold_vol,2025-06-17,2025-06-18,20.41,https://fred.stlouisfed.org/graph/fredgraph.csv?id=GVZCLS,2026-10-08
gold_vol,2025-06-18,2025-06-19,19.58,https://fred.stlouisfed.org/graph/fredgraph.csv?id=GVZCLS,2026-10-08
gold_vol,2025-06-20,2025-06-21,19.27,https://fred.stlouisfed.org/graph/fredgraph.csv?id=GVZCLS,2026-10-08
gold_vol,2025-06-23,2025-06-24,19.02,https://fred.stlouisfed.org/graph/fredgraph.csv?id=GVZCLS,2026-10-08
gold_vol,2025-06-24,2025-06-25,18.28,https://fred.stlouisfed.org/graph/fredgraph.csv?id=GVZCLS,2026-10-08
gold_vol,2025-06-25,2025-06-26,17.33,https://fred.stlouisfed.org/graph/fredgraph.csv?id=GVZCLS,2026-10-08
gold_vol,2025-06-26,2025-06-27,16.65,https://fred.stlouisfed.org/graph/fredgraph.csv?id=GVZCLS,2026-10-08
gold_vol,2025-06-27,2025-06-28,16.49,https://fred.stlouisfed.org/graph/fredgraph.csv?id=GVZCLS,2026-10-08
gold_vol,2025-06-30,2025-07-01,17.31,https://fred.stlouisfed.org/graph/fredgraph.csv?id=GVZCLS,2026-10-08
gold_vol,2025-07-01,2025-07-02,16.76,https://fred.stlouisfed.org/graph/fredgraph.csv?id=GVZCLS,2026-10-08
gold_vol,2025-07-02,2025-07-03,16.87,https://fred.stlouisfed.org/graph/fredgraph.csv?id=GVZCLS,2026-10-08
gold_vol,2025-07-03,2025-07-04,16.19,https://fred.stlouisfed.org/graph/fredgraph.csv?id=GVZCLS,2026-10-08
gold_vol,2025-07-07,2025-07-08,16.91,https://fred.stlouisfed.org/graph/fredgraph.csv?id=GVZCLS,2026-10-08
gold_vol,2025-07-08,2025-07-09,16.2,https://fred.stlouisfed.org/graph/fredgraph.csv?id=GVZCLS,2026-10-08
gold_vol,2025-07-09,2025-07-10,15.86,https://fred.stlouisfed.org/graph/fredgraph.csv?id=GVZCLS,2026-10-08
gold_vol,2025-07-10,2025-07-11,16.04,https://fred.stlouisfed.org/graph/fredgraph.csv?id=GVZCLS,2026-10-08
gold_vol,2025-07-11,2025-07-12,16.94,https://fred.stlouisfed.org/graph/fredgraph.csv?id=GVZCLS,2026-10-08
gold_vol,2025-07-14,2025-07-15,16.99,https://fred.stlouisfed.org/graph/fredgraph.csv?id=GVZCLS,2026-10-08
gold_vol,2025-07-15,2025-07-16,16.37,https://fred.stlouisfed.org/graph/fredgraph.csv?id=GVZCLS,2026-10-08
gold_vol,2025-07-16,2025-07-17,17.27,https://fred.stlouisfed.org/graph/fredgraph.csv?id=GVZCLS,2026-10-08
gold_vol,2025-07-17,2025-07-18,16.91,https://fred.stlouisfed.org/graph/fredgraph.csv?id=GVZCLS,2026-10-08
gold_vol,2025-07-18,2025-07-19,16.73,https://fred.stlouisfed.org/graph/fredgraph.csv?id=GVZCLS,2026-10-08
gold_vol,2025-07-21,2025-07-22,17.78,https://fred.stlouisfed.org/graph/fredgraph.csv?id=GVZCLS,2026-10-08
gold_vol,2025-07-22,2025-07-23,19.08,https://fred.stlouisfed.org/graph/fredgraph.csv?id=GVZCLS,2026-10-08
gold_vol,2025-07-23,2025-07-24,18.44,https://fred.stlouisfed.org/graph/fredgraph.csv?id=GVZCLS,2026-10-08
gold_vol,2025-07-24,2025-07-25,17.82,https://fred.stlouisfed.org/graph/fredgraph.csv?id=GVZCLS,2026-10-08
gold_vol,2025-07-25,2025-07-26,17.05,https://fred.stlouisfed.org/graph/fredgraph.csv?id=GVZCLS,2026-10-08
gold_vol,2025-07-28,2025-07-29,16.79,https://fred.stlouisfed.org/graph/fredgraph.csv?id=GVZCLS,2026-10-08
gold_vol,2025-07-29,2025-07-30,16.61,https://fred.stlouisfed.org/graph/fredgraph.csv?id=GVZCLS,2026-10-08
gold_vol,2025-07-30,2025-07-31,16.48,https://fred.stlouisfed.org/graph/fredgraph.csv?id=GVZCLS,2026-10-08
gold_vol,2025-07-31,2025-08-01,16.04,https://fred.stlouisfed.org/graph/fredgraph.csv?id=GVZCLS,2026-10-08
gold_vol,2025-08-01,2025-08-02,17.3,https://fred.stlouisfed.org/graph/fredgraph.csv?id=GVZCLS,2026-10-08
gold_vol,2025-08-04,2025-08-05,17.07,https://fred.stlouisfed.org/graph/fredgraph.csv?id=GVZCLS,2026-10-08
gold_vol,2025-08-05,2025-08-06,16.68,https://fred.stlouisfed.org/graph/fredgraph.csv?id=GVZCLS,2026-10-08
gold_vol,2025-08-06,2025-08-07,16.42,https://fred.stlouisfed.org/graph/fredgraph.csv?id=GVZCLS,2026-10-08
gold_vol,2025-08-07,2025-08-08,16.95,https://fred.stlouisfed.org/graph/fredgraph.csv?id=GVZCLS,2026-10-08
gold_vol,2025-08-08,2025-08-09,16.36,https://fred.stlouisfed.org/graph/fredgraph.csv?id=GVZCLS,2026-10-08
gold_vol,2025-08-11,2025-08-12,16.94,https://fred.stlouisfed.org/graph/fredgraph.csv?id=GVZCLS,2026-10-08
gold_vol,2025-08-12,2025-08-13,16.35,https://fred.stlouisfed.org/graph/fredgraph.csv?id=GVZCLS,2026-10-08
gold_vol,2025-08-13,2025-08-14,15.95,https://fred.stlouisfed.org/graph/fredgraph.csv?id=GVZCLS,2026-10-08
gold_vol,2025-08-14,2025-08-15,15.33,https://fred.stlouisfed.org/graph/fredgraph.csv?id=GVZCLS,2026-10-08
gold_vol,2025-08-15,2025-08-16,15.22,https://fred.stlouisfed.org/graph/fredgraph.csv?id=GVZCLS,2026-10-08
gold_vol,2025-08-18,2025-08-19,14.9,https://fred.stlouisfed.org/graph/fredgraph.csv?id=GVZCLS,2026-10-08
gold_vol,2025-08-19,2025-08-20,14.82,https://fred.stlouisfed.org/graph/fredgraph.csv?id=GVZCLS,2026-10-08
gold_vol,2025-08-20,2025-08-21,15.4,https://fred.stlouisfed.org/graph/fredgraph.csv?id=GVZCLS,2026-10-08
gold_vol,2025-08-21,2025-08-22,15.44,https://fred.stlouisfed.org/graph/fredgraph.csv?id=GVZCLS,2026-10-08
gold_vol,2025-08-22,2025-08-23,15.15,https://fred.stlouisfed.org/graph/fredgraph.csv?id=GVZCLS,2026-10-08
gold_vol,2025-08-25,2025-08-26,15.09,https://fred.stlouisfed.org/graph/fredgraph.csv?id=GVZCLS,2026-10-08
gold_vol,2025-08-26,2025-08-27,15.88,https://fred.stlouisfed.org/graph/fredgraph.csv?id=GVZCLS,2026-10-08
gold_vol,2025-08-27,2025-08-28,15.9,https://fred.stlouisfed.org/graph/fredgraph.csv?id=GVZCLS,2026-10-08
gold_vol,2025-08-28,2025-08-29,16.34,https://fred.stlouisfed.org/graph/fredgraph.csv?id=GVZCLS,2026-10-08
gold_vol,2025-08-29,2025-08-30,17.39,https://fred.stlouisfed.org/graph/fredgraph.csv?id=GVZCLS,2026-10-08
gold_vol,2025-09-02,2025-09-03,19.81,https://fred.stlouisfed.org/graph/fredgraph.csv?id=GVZCLS,2026-10-08
gold_vol,2025-09-03,2025-09-04,19.53,https://fred.stlouisfed.org/graph/fredgraph.csv?id=GVZCLS,2026-10-08
gold_vol,2025-09-04,2025-09-05,18.33,https://fred.stlouisfed.org/graph/fredgraph.csv?id=GVZCLS,2026-10-08
gold_vol,2025-09-05,2025-09-06,18.3,https://fred.stlouisfed.org/graph/fredgraph.csv?id=GVZCLS,2026-10-08
gold_vol,2025-09-08,2025-09-09,19.09,https://fred.stlouisfed.org/graph/fredgraph.csv?id=GVZCLS,2026-10-08
gold_vol,2025-09-09,2025-09-10,17.99,https://fred.stlouisfed.org/graph/fredgraph.csv?id=GVZCLS,2026-10-08
gold_vol,2025-09-10,2025-09-11,17.37,https://fred.stlouisfed.org/graph/fredgraph.csv?id=GVZCLS,2026-10-08
gold_vol,2025-09-11,2025-09-12,16.48,https://fred.stlouisfed.org/graph/fredgraph.csv?id=GVZCLS,2026-10-08
gold_vol,2025-09-12,2025-09-13,16.38,https://fred.stlouisfed.org/graph/fredgraph.csv?id=GVZCLS,2026-10-08
gold_vol,2025-09-15,2025-09-16,17.9,https://fred.stlouisfed.org/graph/fredgraph.csv?id=GVZCLS,2026-10-08
gold_vol,2025-09-16,2025-09-17,18.37,https://fred.stlouisfed.org/graph/fredgraph.csv?id=GVZCLS,2026-10-08
gold_vol,2025-09-17,2025-09-18,17.41,https://fred.stlouisfed.org/graph/fredgraph.csv?id=GVZCLS,2026-10-08
gold_vol,2025-09-18,2025-09-19,16.45,https://fred.stlouisfed.org/graph/fredgraph.csv?id=GVZCLS,2026-10-08
gold_vol,2025-09-19,2025-09-20,16.76,https://fred.stlouisfed.org/graph/fredgraph.csv?id=GVZCLS,2026-10-08
gold_vol,2025-09-22,2025-09-23,18.43,https://fred.stlouisfed.org/graph/fredgraph.csv?id=GVZCLS,2026-10-08
gold_vol,2025-09-23,2025-09-24,19.06,https://fred.stlouisfed.org/graph/fredgraph.csv?id=GVZCLS,2026-10-08
gold_vol,2025-09-24,2025-09-25,18.3,https://fred.stlouisfed.org/graph/fredgraph.csv?id=GVZCLS,2026-10-08
gold_vol,2025-09-25,2025-09-26,19.07,https://fred.stlouisfed.org/graph/fredgraph.csv?id=GVZCLS,2026-10-08
gold_vol,2025-09-26,2025-09-27,18.59,https://fred.stlouisfed.org/graph/fredgraph.csv?id=GVZCLS,2026-10-08
gold_vol,2025-09-29,2025-09-30,19.19,https://fred.stlouisfed.org/graph/fredgraph.csv?id=GVZCLS,2026-10-08
gold_vol,2025-09-30,2025-10-01,19.95,https://fred.stlouisfed.org/graph/fredgraph.csv?id=GVZCLS,2026-10-08
gold_vol,2025-10-01,2025-10-02,19.05,https://fred.stlouisfed.org/graph/fredgraph.csv?id=GVZCLS,2026-10-08
gold_vol,2025-10-02,2025-10-03,18.05,https://fred.stlouisfed.org/graph/fredgraph.csv?id=GVZCLS,2026-10-08
gold_vol,2025-10-03,2025-10-04,17.66,https://fred.stlouisfed.org/graph/fredgraph.csv?id=GVZCLS,2026-10-08
gold_vol,2025-10-06,2025-10-07,19.51,https://fred.stlouisfed.org/graph/fredgraph.csv?id=GVZCLS,2026-10-08
gold_vol,2025-10-07,2025-10-08,19.94,https://fred.stlouisfed.org/graph/fredgraph.csv?id=GVZCLS,2026-10-08
gold_vol,2025-10-08,2025-10-09,21.81,https://fred.stlouisfed.org/graph/fredgraph.csv?id=GVZCLS,2026-10-08
gold_vol,2025-10-09,2025-10-10,21.85,https://fred.stlouisfed.org/graph/fredgraph.csv?id=GVZCLS,2026-10-08
gold_vol,2025-10-10,2025-10-11,23.78,https://fred.stlouisfed.org/graph/fredgraph.csv?id=GVZCLS,2026-10-08
gold_vol,2025-10-13,2025-10-14,24.53,https://fred.stlouisfed.org/graph/fredgraph.csv?id=GVZCLS,2026-10-08
gold_vol,2025-10-14,2025-10-15,26.11,https://fred.stlouisfed.org/graph/fredgraph.csv?id=GVZCLS,2026-10-08
gold_vol,2025-10-15,2025-10-16,27.12,https://fred.stlouisfed.org/graph/fredgraph.csv?id=GVZCLS,2026-10-08
gold_vol,2025-10-16,2025-10-17,32.78,https://fred.stlouisfed.org/graph/fredgraph.csv?id=GVZCLS,2026-10-08
gold_vol,2025-10-17,2025-10-18,31.2,https://fred.stlouisfed.org/graph/fredgraph.csv?id=GVZCLS,2026-10-08
gold_vol,2025-10-20,2025-10-21,31.43,https://fred.stlouisfed.org/graph/fredgraph.csv?id=GVZCLS,2026-10-08
gold_vol,2025-10-21,2025-10-22,29.82,https://fred.stlouisfed.org/graph/fredgraph.csv?id=GVZCLS,2026-10-08
gold_vol,2025-10-22,2025-10-23,27.19,https://fred.stlouisfed.org/graph/fredgraph.csv?id=GVZCLS,2026-10-08
gold_vol,2025-10-23,2025-10-24,26.68,https://fred.stlouisfed.org/graph/fredgraph.csv?id=GVZCLS,2026-10-08
gold_vol,2025-10-24,2025-10-25,24.75,https://fred.stlouisfed.org/graph/fredgraph.csv?id=GVZCLS,2026-10-08
gold_vol,2025-10-27,2025-10-28,23.94,https://fred.stlouisfed.org/graph/fredgraph.csv?id=GVZCLS,2026-10-08
gold_vol,2025-10-28,2025-10-29,24.03,https://fred.stlouisfed.org/graph/fredgraph.csv?id=GVZCLS,2026-10-08
gold_vol,2025-10-29,2025-10-30,24.7,https://fred.stlouisfed.org/graph/fredgraph.csv?id=GVZCLS,2026-10-08
gold_vol,2025-10-30,2025-10-31,24.82,https://fred.stlouisfed.org/graph/fredgraph.csv?id=GVZCLS,2026-10-08
gold_vol,2025-10-31,2025-11-01,22.66,https://fred.stlouisfed.org/graph/fredgraph.csv?id=GVZCLS,2026-10-08
gold_vol,2025-11-03,2025-11-04,21.38,https://fred.stlouisfed.org/graph/fredgraph.csv?id=GVZCLS,2026-10-08
gold_vol,2025-11-04,2025-11-05,21.43,https://fred.stlouisfed.org/graph/fredgraph.csv?id=GVZCLS,2026-10-08
gold_vol,2025-11-05,2025-11-06,20.15,https://fred.stlouisfed.org/graph/fredgraph.csv?id=GVZCLS,2026-10-08
gold_vol,2025-11-06,2025-11-07,20.13,https://fred.stlouisfed.org/graph/fredgraph.csv?id=GVZCLS,2026-10-08
gold_vol,2025-11-07,2025-11-08,20.36,https://fred.stlouisfed.org/graph/fredgraph.csv?id=GVZCLS,2026-10-08
gold_vol,2025-11-10,2025-11-11,23.34,https://fred.stlouisfed.org/graph/fredgraph.csv?id=GVZCLS,2026-10-08
gold_vol,2025-11-11,2025-11-12,23.33,https://fred.stlouisfed.org/graph/fredgraph.csv?id=GVZCLS,2026-10-08
gold_vol,2025-11-12,2025-11-13,25.82,https://fred.stlouisfed.org/graph/fredgraph.csv?id=GVZCLS,2026-10-08
gold_vol,2025-11-13,2025-11-14,24.82,https://fred.stlouisfed.org/graph/fredgraph.csv?id=GVZCLS,2026-10-08
gold_vol,2025-11-14,2025-11-15,24.13,https://fred.stlouisfed.org/graph/fredgraph.csv?id=GVZCLS,2026-10-08
gold_vol,2025-11-17,2025-11-18,24.07,https://fred.stlouisfed.org/graph/fredgraph.csv?id=GVZCLS,2026-10-08
gold_vol,2025-11-18,2025-11-19,23.9,https://fred.stlouisfed.org/graph/fredgraph.csv?id=GVZCLS,2026-10-08
gold_vol,2025-11-19,2025-11-20,23.89,https://fred.stlouisfed.org/graph/fredgraph.csv?id=GVZCLS,2026-10-08
gold_vol,2025-11-20,2025-11-21,22.93,https://fred.stlouisfed.org/graph/fredgraph.csv?id=GVZCLS,2026-10-08
gold_vol,2025-11-21,2025-11-22,21.93,https://fred.stlouisfed.org/graph/fredgraph.csv?id=GVZCLS,2026-10-08
gold_vol,2025-11-24,2025-11-25,22.55,https://fred.stlouisfed.org/graph/fredgraph.csv?id=GVZCLS,2026-10-08
gold_vol,2025-11-25,2025-11-26,22.4,https://fred.stlouisfed.org/graph/fredgraph.csv?id=GVZCLS,2026-10-08
gold_vol,2025-11-26,2025-11-27,21.95,https://fred.stlouisfed.org/graph/fredgraph.csv?id=GVZCLS,2026-10-08
gold_vol,2025-11-28,2025-11-29,22.87,https://fred.stlouisfed.org/graph/fredgraph.csv?id=GVZCLS,2026-10-08
gold_vol,2025-12-01,2025-12-02,23.34,https://fred.stlouisfed.org/graph/fredgraph.csv?id=GVZCLS,2026-10-08
gold_vol,2025-12-02,2025-12-03,22.49,https://fred.stlouisfed.org/graph/fredgraph.csv?id=GVZCLS,2026-10-08
gold_vol,2025-12-03,2025-12-04,21.96,https://fred.stlouisfed.org/graph/fredgraph.csv?id=GVZCLS,2026-10-08
gold_vol,2025-12-04,2025-12-05,20.57,https://fred.stlouisfed.org/graph/fredgraph.csv?id=GVZCLS,2026-10-08
gold_vol,2025-12-05,2025-12-06,19.92,https://fred.stlouisfed.org/graph/fredgraph.csv?id=GVZCLS,2026-10-08
gold_vol,2025-12-08,2025-12-09,19.58,https://fred.stlouisfed.org/graph/fredgraph.csv?id=GVZCLS,2026-10-08
gold_vol,2025-12-09,2025-12-10,20.35,https://fred.stlouisfed.org/graph/fredgraph.csv?id=GVZCLS,2026-10-08
gold_vol,2025-12-10,2025-12-11,20.2,https://fred.stlouisfed.org/graph/fredgraph.csv?id=GVZCLS,2026-10-08
gold_vol,2025-12-11,2025-12-12,20.97,https://fred.stlouisfed.org/graph/fredgraph.csv?id=GVZCLS,2026-10-08
gold_vol,2025-12-12,2025-12-13,21.46,https://fred.stlouisfed.org/graph/fredgraph.csv?id=GVZCLS,2026-10-08
gold_vol,2025-12-15,2025-12-16,21.2,https://fred.stlouisfed.org/graph/fredgraph.csv?id=GVZCLS,2026-10-08
gold_vol,2025-12-16,2025-12-17,20.18,https://fred.stlouisfed.org/graph/fredgraph.csv?id=GVZCLS,2026-10-08
gold_vol,2025-12-17,2025-12-18,21.22,https://fred.stlouisfed.org/graph/fredgraph.csv?id=GVZCLS,2026-10-08
gold_vol,2025-12-18,2025-12-19,21.31,https://fred.stlouisfed.org/graph/fredgraph.csv?id=GVZCLS,2026-10-08
gold_vol,2025-12-19,2025-12-20,20.72,https://fred.stlouisfed.org/graph/fredgraph.csv?id=GVZCLS,2026-10-08
gold_vol,2025-12-22,2025-12-23,23.8,https://fred.stlouisfed.org/graph/fredgraph.csv?id=GVZCLS,2026-10-08
gold_vol,2025-12-23,2025-12-24,24.53,https://fred.stlouisfed.org/graph/fredgraph.csv?id=GVZCLS,2026-10-08
gold_vol,2025-12-24,2025-12-25,23.81,https://fred.stlouisfed.org/graph/fredgraph.csv?id=GVZCLS,2026-10-08
gold_vol,2025-12-26,2025-12-27,25.78,https://fred.stlouisfed.org/graph/fredgraph.csv?id=GVZCLS,2026-10-08
gold_vol,2025-12-29,2025-12-30,25.71,https://fred.stlouisfed.org/graph/fredgraph.csv?id=GVZCLS,2026-10-08
gold_vol,2025-12-30,2025-12-31,24.83,https://fred.stlouisfed.org/graph/fredgraph.csv?id=GVZCLS,2026-10-08
gold_vol,2025-12-31,2026-01-01,23.92,https://fred.stlouisfed.org/graph/fredgraph.csv?id=GVZCLS,2026-10-08
gold_vol,2026-01-02,2026-01-03,23.8,https://fred.stlouisfed.org/graph/fredgraph.csv?id=GVZCLS,2026-10-08
gold_vol,2026-01-05,2026-01-06,24.25,https://fred.stlouisfed.org/graph/fredgraph.csv?id=GVZCLS,2026-10-08
gold_vol,2026-01-06,2026-01-07,24.82,https://fred.stlouisfed.org/graph/fredgraph.csv?id=GVZCLS,2026-10-08
gold_vol,2026-01-07,2026-01-08,24.13,https://fred.stlouisfed.org/graph/fredgraph.csv?id=GVZCLS,2026-10-08
gold_vol,2026-01-08,2026-01-09,24.07,https://fred.stlouisfed.org/graph/fredgraph.csv?id=GVZCLS,2026-10-08
gold_vol,2026-01-09,2026-01-10,23.43,https://fred.stlouisfed.org/graph/fredgraph.csv?id=GVZCLS,2026-10-08
gold_vol,2026-01-12,2026-01-13,25.03,https://fred.stlouisfed.org/graph/fredgraph.csv?id=GVZCLS,2026-10-08
gold_vol,2026-01-13,2026-01-14,23.76,https://fred.stlouisfed.org/graph/fredgraph.csv?id=GVZCLS,2026-10-08
gold_vol,2026-01-14,2026-01-15,23.57,https://fred.stlouisfed.org/graph/fredgraph.csv?id=GVZCLS,2026-10-08
gold_vol,2026-01-15,2026-01-16,22.06,https://fred.stlouisfed.org/graph/fredgraph.csv?id=GVZCLS,2026-10-08
gold_vol,2026-01-16,2026-01-17,22.23,https://fred.stlouisfed.org/graph/fredgraph.csv?id=GVZCLS,2026-10-08
gold_vol,2026-01-20,2026-01-21,24.79,https://fred.stlouisfed.org/graph/fredgraph.csv?id=GVZCLS,2026-10-08
gold_vol,2026-01-21,2026-01-22,26.27,https://fred.stlouisfed.org/graph/fredgraph.csv?id=GVZCLS,2026-10-08
gold_vol,2026-01-22,2026-01-23,28.11,https://fred.stlouisfed.org/graph/fredgraph.csv?id=GVZCLS,2026-10-08
gold_vol,2026-01-23,2026-01-24,30.01,https://fred.stlouisfed.org/graph/fredgraph.csv?id=GVZCLS,2026-10-08
gold_vol,2026-01-26,2026-01-27,32.7,https://fred.stlouisfed.org/graph/fredgraph.csv?id=GVZCLS,2026-10-08
gold_vol,2026-01-27,2026-01-28,33.13,https://fred.stlouisfed.org/graph/fredgraph.csv?id=GVZCLS,2026-10-08
gold_vol,2026-01-28,2026-01-29,39.67,https://fred.stlouisfed.org/graph/fredgraph.csv?id=GVZCLS,2026-10-08
gold_vol,2026-01-29,2026-01-30,46.02,https://fred.stlouisfed.org/graph/fredgraph.csv?id=GVZCLS,2026-10-08
gold_vol,2026-01-30,2026-01-31,44.08,https://fred.stlouisfed.org/graph/fredgraph.csv?id=GVZCLS,2026-10-08
gold_vol,2026-02-02,2026-02-03,37.38,https://fred.stlouisfed.org/graph/fredgraph.csv?id=GVZCLS,2026-10-08
gold_vol,2026-02-03,2026-02-04,41.04,https://fred.stlouisfed.org/graph/fredgraph.csv?id=GVZCLS,2026-10-08
gold_vol,2026-02-04,2026-02-05,36.93,https://fred.stlouisfed.org/graph/fredgraph.csv?id=GVZCLS,2026-10-08
gold_vol,2026-02-05,2026-02-06,35.53,https://fred.stlouisfed.org/graph/fredgraph.csv?id=GVZCLS,2026-10-08
gold_vol,2026-02-06,2026-02-07,33.96,https://fred.stlouisfed.org/graph/fredgraph.csv?id=GVZCLS,2026-10-08
gold_vol,2026-02-09,2026-02-10,32.84,https://fred.stlouisfed.org/graph/fredgraph.csv?id=GVZCLS,2026-10-08
gold_vol,2026-02-10,2026-02-11,28.86,https://fred.stlouisfed.org/graph/fredgraph.csv?id=GVZCLS,2026-10-08
gold_vol,2026-02-11,2026-02-12,29.38,https://fred.stlouisfed.org/graph/fredgraph.csv?id=GVZCLS,2026-10-08
gold_vol,2026-02-12,2026-02-13,30.23,https://fred.stlouisfed.org/graph/fredgraph.csv?id=GVZCLS,2026-10-08
gold_vol,2026-02-13,2026-02-14,30.84,https://fred.stlouisfed.org/graph/fredgraph.csv?id=GVZCLS,2026-10-08
gold_vol,2026-02-17,2026-02-18,33.24,https://fred.stlouisfed.org/graph/fredgraph.csv?id=GVZCLS,2026-10-08
gold_vol,2026-02-18,2026-02-19,33.75,https://fred.stlouisfed.org/graph/fredgraph.csv?id=GVZCLS,2026-10-08
gold_vol,2026-02-19,2026-02-20,33.56,https://fred.stlouisfed.org/graph/fredgraph.csv?id=GVZCLS,2026-10-08
gold_vol,2026-02-20,2026-02-21,36.44,https://fred.stlouisfed.org/graph/fredgraph.csv?id=GVZCLS,2026-10-08
gold_vol,2026-02-23,2026-02-24,38.46,https://fred.stlouisfed.org/graph/fredgraph.csv?id=GVZCLS,2026-10-08
gold_vol,2026-02-24,2026-02-25,37.55,https://fred.stlouisfed.org/graph/fredgraph.csv?id=GVZCLS,2026-10-08
gold_vol,2026-02-25,2026-02-26,34.96,https://fred.stlouisfed.org/graph/fredgraph.csv?id=GVZCLS,2026-10-08
gold_vol,2026-02-26,2026-02-27,33.07,https://fred.stlouisfed.org/graph/fredgraph.csv?id=GVZCLS,2026-10-08
gold_vol,2026-02-27,2026-02-28,33.23,https://fred.stlouisfed.org/graph/fredgraph.csv?id=GVZCLS,2026-10-08
gold_vol,2026-03-02,2026-03-03,34.83,https://fred.stlouisfed.org/graph/fredgraph.csv?id=GVZCLS,2026-10-08
gold_vol,2026-03-03,2026-03-04,38.77,https://fred.stlouisfed.org/graph/fredgraph.csv?id=GVZCLS,2026-10-08
gold_vol,2026-03-04,2026-03-05,36.48,https://fred.stlouisfed.org/graph/fredgraph.csv?id=GVZCLS,2026-10-08
gold_vol,2026-03-05,2026-03-06,35.31,https://fred.stlouisfed.org/graph/fredgraph.csv?id=GVZCLS,2026-10-08
gold_vol,2026-03-06,2026-03-07,34.26,https://fred.stlouisfed.org/graph/fredgraph.csv?id=GVZCLS,2026-10-08
gold_vol,2026-03-09,2026-03-10,33.52,https://fred.stlouisfed.org/graph/fredgraph.csv?id=GVZCLS,2026-10-08
gold_vol,2026-03-10,2026-03-11,32.11,https://fred.stlouisfed.org/graph/fredgraph.csv?id=GVZCLS,2026-10-08
gold_vol,2026-03-11,2026-03-12,30.68,https://fred.stlouisfed.org/graph/fredgraph.csv?id=GVZCLS,2026-10-08
gold_vol,2026-03-12,2026-03-13,31.09,https://fred.stlouisfed.org/graph/fredgraph.csv?id=GVZCLS,2026-10-08
gold_vol,2026-03-13,2026-03-14,32.31,https://fred.stlouisfed.org/graph/fredgraph.csv?id=GVZCLS,2026-10-08
gold_vol,2026-03-16,2026-03-17,30.56,https://fred.stlouisfed.org/graph/fredgraph.csv?id=GVZCLS,2026-10-08
gold_vol,2026-03-17,2026-03-18,27.98,https://fred.stlouisfed.org/graph/fredgraph.csv?id=GVZCLS,2026-10-08
gold_vol,2026-03-18,2026-03-19,29.42,https://fred.stlouisfed.org/graph/fredgraph.csv?id=GVZCLS,2026-10-08
gold_vol,2026-03-19,2026-03-20,31.05,https://fred.stlouisfed.org/graph/fredgraph.csv?id=GVZCLS,2026-10-08
gold_vol,2026-03-20,2026-03-21,35.25,https://fred.stlouisfed.org/graph/fredgraph.csv?id=GVZCLS,2026-10-08
gold_vol,2026-03-23,2026-03-24,43.36,https://fred.stlouisfed.org/graph/fredgraph.csv?id=GVZCLS,2026-10-08
gold_vol,2026-03-24,2026-03-25,41.9,https://fred.stlouisfed.org/graph/fredgraph.csv?id=GVZCLS,2026-10-08
gold_vol,2026-03-25,2026-03-26,38.65,https://fred.stlouisfed.org/graph/fredgraph.csv?id=GVZCLS,2026-10-08
gold_vol,2026-03-26,2026-03-27,45.07,https://fred.stlouisfed.org/graph/fredgraph.csv?id=GVZCLS,2026-10-08
gold_vol,2026-03-27,2026-03-28,45.51,https://fred.stlouisfed.org/graph/fredgraph.csv?id=GVZCLS,2026-10-08
gold_vol,2026-03-30,2026-03-31,42.71,https://fred.stlouisfed.org/graph/fredgraph.csv?id=GVZCLS,2026-10-08
gold_vol,2026-03-31,2026-04-01,38.89,https://fred.stlouisfed.org/graph/fredgraph.csv?id=GVZCLS,2026-10-08
gold_vol,2026-04-01,2026-04-02,36.11,https://fred.stlouisfed.org/graph/fredgraph.csv?id=GVZCLS,2026-10-08
gold_vol,2026-04-02,2026-04-03,37.85,https://fred.stlouisfed.org/graph/fredgraph.csv?id=GVZCLS,2026-10-08
gold_vol,2026-04-06,2026-04-07,37.04,https://fred.stlouisfed.org/graph/fredgraph.csv?id=GVZCLS,2026-10-08
gold_vol,2026-04-07,2026-04-08,37.43,https://fred.stlouisfed.org/graph/fredgraph.csv?id=GVZCLS,2026-10-08
gold_vol,2026-04-08,2026-04-09,34.21,https://fred.stlouisfed.org/graph/fredgraph.csv?id=GVZCLS,2026-10-08
gold_vol,2026-04-09,2026-04-10,31.66,https://fred.stlouisfed.org/graph/fredgraph.csv?id=GVZCLS,2026-10-08
gold_vol,2026-04-10,2026-04-11,30.46,https://fred.stlouisfed.org/graph/fredgraph.csv?id=GVZCLS,2026-10-08
gold_vol,2026-04-13,2026-04-14,30.0,https://fred.stlouisfed.org/graph/fredgraph.csv?id=GVZCLS,2026-10-08
gold_vol,2026-04-14,2026-04-15,31.04,https://fred.stlouisfed.org/graph/fredgraph.csv?id=GVZCLS,2026-10-08
gold_vol,2026-04-15,2026-04-16,29.97,https://fred.stlouisfed.org/graph/fredgraph.csv?id=GVZCLS,2026-10-08
gold_vol,2026-04-16,2026-04-17,28.65,https://fred.stlouisfed.org/graph/fredgraph.csv?id=GVZCLS,2026-10-08
gold_vol,2026-04-17,2026-04-18,28.95,https://fred.stlouisfed.org/graph/fredgraph.csv?id=GVZCLS,2026-10-08
gold_vol,2026-04-20,2026-04-21,28.46,https://fred.stlouisfed.org/graph/fredgraph.csv?id=GVZCLS,2026-10-08
gold_vol,2026-04-21,2026-04-22,29.31,https://fred.stlouisfed.org/graph/fredgraph.csv?id=GVZCLS,2026-10-08
gold_vol,2026-04-22,2026-04-23,27.09,https://fred.stlouisfed.org/graph/fredgraph.csv?id=GVZCLS,2026-10-08
gold_vol,2026-04-23,2026-04-24,27.87,https://fred.stlouisfed.org/graph/fredgraph.csv?id=GVZCLS,2026-10-08
gold_vol,2026-04-24,2026-04-25,25.88,https://fred.stlouisfed.org/graph/fredgraph.csv?id=GVZCLS,2026-10-08
gold_vol,2026-04-27,2026-04-28,25.37,https://fred.stlouisfed.org/graph/fredgraph.csv?id=GVZCLS,2026-10-08
gold_vol,2026-04-28,2026-04-29,26.19,https://fred.stlouisfed.org/graph/fredgraph.csv?id=GVZCLS,2026-10-08
gold_vol,2026-04-29,2026-04-30,27.77,https://fred.stlouisfed.org/graph/fredgraph.csv?id=GVZCLS,2026-10-08
gold_vol,2026-04-30,2026-05-01,26.64,https://fred.stlouisfed.org/graph/fredgraph.csv?id=GVZCLS,2026-10-08
gold_vol,2026-05-01,2026-05-02,26.43,https://fred.stlouisfed.org/graph/fredgraph.csv?id=GVZCLS,2026-10-08
gold_vol,2026-05-04,2026-05-05,27.92,https://fred.stlouisfed.org/graph/fredgraph.csv?id=GVZCLS,2026-10-08
gold_vol,2026-05-05,2026-05-06,26.61,https://fred.stlouisfed.org/graph/fredgraph.csv?id=GVZCLS,2026-10-08
gold_vol,2026-05-06,2026-05-07,26.34,https://fred.stlouisfed.org/graph/fredgraph.csv?id=GVZCLS,2026-10-08
gold_vol,2026-05-07,2026-05-08,27.03,https://fred.stlouisfed.org/graph/fredgraph.csv?id=GVZCLS,2026-10-08
gold_vol,2026-05-08,2026-05-09,26.48,https://fred.stlouisfed.org/graph/fredgraph.csv?id=GVZCLS,2026-10-08
gold_vol,2026-05-11,2026-05-12,27.48,https://fred.stlouisfed.org/graph/fredgraph.csv?id=GVZCLS,2026-10-08
gold_vol,2026-05-12,2026-05-13,27.16,https://fred.stlouisfed.org/graph/fredgraph.csv?id=GVZCLS,2026-10-08
gold_vol,2026-05-13,2026-05-14,26.56,https://fred.stlouisfed.org/graph/fredgraph.csv?id=GVZCLS,2026-10-08
gold_vol,2026-05-14,2026-05-15,25.79,https://fred.stlouisfed.org/graph/fredgraph.csv?id=GVZCLS,2026-10-08
gold_vol,2026-05-15,2026-05-16,26.34,https://fred.stlouisfed.org/graph/fredgraph.csv?id=GVZCLS,2026-10-08
gold_vol,2026-05-18,2026-05-19,26.2,https://fred.stlouisfed.org/graph/fredgraph.csv?id=GVZCLS,2026-10-08
gold_vol,2026-05-19,2026-05-20,26.63,https://fred.stlouisfed.org/graph/fredgraph.csv?id=GVZCLS,2026-10-08
gold_vol,2026-05-20,2026-05-21,25.17,https://fred.stlouisfed.org/graph/fredgraph.csv?id=GVZCLS,2026-10-08
gold_vol,2026-05-21,2026-05-22,24.59,https://fred.stlouisfed.org/graph/fredgraph.csv?id=GVZCLS,2026-10-08
gold_vol,2026-05-22,2026-05-23,23.86,https://fred.stlouisfed.org/graph/fredgraph.csv?id=GVZCLS,2026-10-08
gold_vol,2026-05-26,2026-05-27,24.27,https://fred.stlouisfed.org/graph/fredgraph.csv?id=GVZCLS,2026-10-08
gold_vol,2026-05-27,2026-05-28,24.47,https://fred.stlouisfed.org/graph/fredgraph.csv?id=GVZCLS,2026-10-08
gold_vol,2026-05-28,2026-05-29,24.83,https://fred.stlouisfed.org/graph/fredgraph.csv?id=GVZCLS,2026-10-08
gold_vol,2026-05-29,2026-05-30,24.91,https://fred.stlouisfed.org/graph/fredgraph.csv?id=GVZCLS,2026-10-08
gold_vol,2026-06-01,2026-06-02,25.64,https://fred.stlouisfed.org/graph/fredgraph.csv?id=GVZCLS,2026-10-08
gold_vol,2026-06-02,2026-06-03,24.44,https://fred.stlouisfed.org/graph/fredgraph.csv?id=GVZCLS,2026-10-08
gold_vol,2026-06-03,2026-06-04,24.49,https://fred.stlouisfed.org/graph/fredgraph.csv?id=GVZCLS,2026-10-08
gold_vol,2026-06-04,2026-06-05,23.87,https://fred.stlouisfed.org/graph/fredgraph.csv?id=GVZCLS,2026-10-08
gold_vol,2026-06-05,2026-06-06,28.89,https://fred.stlouisfed.org/graph/fredgraph.csv?id=GVZCLS,2026-10-08
gold_vol,2026-06-08,2026-06-09,27.17,https://fred.stlouisfed.org/graph/fredgraph.csv?id=GVZCLS,2026-10-08
gold_vol,2026-06-09,2026-06-10,28.04,https://fred.stlouisfed.org/graph/fredgraph.csv?id=GVZCLS,2026-10-08
gold_vol,2026-06-10,2026-06-11,32.18,https://fred.stlouisfed.org/graph/fredgraph.csv?id=GVZCLS,2026-10-08
gold_vol,2026-06-11,2026-06-12,28.33,https://fred.stlouisfed.org/graph/fredgraph.csv?id=GVZCLS,2026-10-08
gold_vol,2026-06-12,2026-06-13,26.85,https://fred.stlouisfed.org/graph/fredgraph.csv?id=GVZCLS,2026-10-08
gold_vol,2026-06-15,2026-06-16,26.47,https://fred.stlouisfed.org/graph/fredgraph.csv?id=GVZCLS,2026-10-08
gold_vol,2026-06-16,2026-06-17,25.18,https://fred.stlouisfed.org/graph/fredgraph.csv?id=GVZCLS,2026-10-08
gold_vol,2026-06-17,2026-06-18,28.45,https://fred.stlouisfed.org/graph/fredgraph.csv?id=GVZCLS,2026-10-08
gold_vol,2026-06-18,2026-06-19,27.9,https://fred.stlouisfed.org/graph/fredgraph.csv?id=GVZCLS,2026-10-08
gold_vol,2026-06-22,2026-06-23,26.15,https://fred.stlouisfed.org/graph/fredgraph.csv?id=GVZCLS,2026-10-08
gold_vol,2026-06-23,2026-06-24,27.41,https://fred.stlouisfed.org/graph/fredgraph.csv?id=GVZCLS,2026-10-08
gold_vol,2026-06-24,2026-06-25,31.6,https://fred.stlouisfed.org/graph/fredgraph.csv?id=GVZCLS,2026-10-08
gold_vol,2026-06-25,2026-06-26,29.58,https://fred.stlouisfed.org/graph/fredgraph.csv?id=GVZCLS,2026-10-08
gold_vol,2026-06-26,2026-06-27,27.18,https://fred.stlouisfed.org/graph/fredgraph.csv?id=GVZCLS,2026-10-08
gold_vol,2026-06-29,2026-06-30,27.7,https://fred.stlouisfed.org/graph/fredgraph.csv?id=GVZCLS,2026-10-08
gold_vol,2026-06-30,2026-07-01,27.2,https://fred.stlouisfed.org/graph/fredgraph.csv?id=GVZCLS,2026-10-08
gold_vol,2026-07-01,2026-07-02,27.12,https://fred.stlouisfed.org/graph/fredgraph.csv?id=GVZCLS,2026-10-08
gold_vol,2026-07-02,2026-07-03,26.0,https://fred.stlouisfed.org/graph/fredgraph.csv?id=GVZCLS,2026-10-08
gold_vol,2026-07-06,2026-07-07,25.33,https://fred.stlouisfed.org/graph/fredgraph.csv?id=GVZCLS,2026-10-08
gold_vol,2026-07-07,2026-07-08,26.21,https://fred.stlouisfed.org/graph/fredgraph.csv?id=GVZCLS,2026-10-08
gold_vol,2026-07-08,2026-07-09,27.6,https://fred.stlouisfed.org/graph/fredgraph.csv?id=GVZCLS,2026-10-08
gold_vol,2026-07-09,2026-07-10,25.33,https://fred.stlouisfed.org/graph/fredgraph.csv?id=GVZCLS,2026-10-08
gold_vol,2026-07-10,2026-07-11,23.95,https://fred.stlouisfed.org/graph/fredgraph.csv?id=GVZCLS,2026-10-08
gold_vol,2026-07-13,2026-07-14,26.93,https://fred.stlouisfed.org/graph/fredgraph.csv?id=GVZCLS,2026-10-08
gold_vol,2026-07-14,2026-07-15,25.02,https://fred.stlouisfed.org/graph/fredgraph.csv?id=GVZCLS,2026-10-08
gold_vol,2026-07-15,2026-07-16,24.88,https://fred.stlouisfed.org/graph/fredgraph.csv?id=GVZCLS,2026-10-08
gold_vol,2026-07-16,2026-07-17,26.65,https://fred.stlouisfed.org/graph/fredgraph.csv?id=GVZCLS,2026-10-08
gold_vol,2026-07-17,2026-07-18,25.6,https://fred.stlouisfed.org/graph/fredgraph.csv?id=GVZCLS,2026-10-08
gold_vol,2026-07-20,2026-07-21,25.37,https://fred.stlouisfed.org/graph/fredgraph.csv?id=GVZCLS,2026-10-08
gold_vol,2026-07-21,2026-07-22,23.94,https://fred.stlouisfed.org/graph/fredgraph.csv?id=GVZCLS,2026-10-08
gold_vol,2026-07-22,2026-07-23,24.02,https://fred.stlouisfed.org/graph/fredgraph.csv?id=GVZCLS,2026-10-08
gold_vol,2026-07-23,2026-07-24,25.14,https://fred.stlouisfed.org/graph/fredgraph.csv?id=GVZCLS,2026-10-08
gold_vol,2026-07-24,2026-07-25,24.33,https://fred.stlouisfed.org/graph/fredgraph.csv?id=GVZCLS,2026-10-08
gold_vol,2026-07-27,2026-07-28,24.13,https://fred.stlouisfed.org/graph/fredgraph.csv?id=GVZCLS,2026-10-08
gold_vol,2026-07-28,2026-07-29,24.62,https://fred.stlouisfed.org/graph/fredgraph.csv?id=GVZCLS,2026-10-08
gold_vol,2026-07-29,2026-07-30,24.64,https://fred.stlouisfed.org/graph/fredgraph.csv?id=GVZCLS,2026-10-08
gold_vol,2026-07-30,2026-07-31,24.48,https://fred.stlouisfed.org/graph/fredgraph.csv?id=GVZCLS,2026-10-08
gold_vol,2026-07-31,2026-08-01,23.31,https://fred.stlouisfed.org/graph/fredgraph.csv?id=GVZCLS,2026-10-08
gold_vol,2026-08-03,2026-08-04,23.65,https://fred.stlouisfed.org/graph/fredgraph.csv?id=GVZCLS,2026-10-08
gold_vol,2026-08-04,2026-08-05,23.5,https://fred.stlouisfed.org/graph/fredgraph.csv?id=GVZCLS,2026-10-08
gold_vol,2026-08-05,2026-08-06,25.59,https://fred.stlouisfed.org/graph/fredgraph.csv?id=GVZCLS,2026-10-08
gold_vol,2026-08-06,2026-08-07,24.86,https://fred.stlouisfed.org/graph/fredgraph.csv?id=GVZCLS,2026-10-08
gold_vol,2026-08-07,2026-08-08,25.64,https://fred.stlouisfed.org/graph/fredgraph.csv?id=GVZCLS,2026-10-08
gold_vol,2026-08-10,2026-08-11,27.9,https://fred.stlouisfed.org/graph/fredgraph.csv?id=GVZCLS,2026-10-08
gold_vol,2026-08-11,2026-08-12,25.99,https://fred.stlouisfed.org/graph/fredgraph.csv?id=GVZCLS,2026-10-08
gold_vol,2026-08-12,2026-08-13,25.58,https://fred.stlouisfed.org/graph/fredgraph.csv?id=GVZCLS,2026-10-08
gold_vol,2026-08-13,2026-08-14,23.87,https://fred.stlouisfed.org/graph/fredgraph.csv?id=GVZCLS,2026-10-08
gold_vol,2026-08-14,2026-08-15,23.92,https://fred.stlouisfed.org/graph/fredgraph.csv?id=GVZCLS,2026-10-08
gold_vol,2026-08-17,2026-08-18,25.12,https://fred.stlouisfed.org/graph/fredgraph.csv?id=GVZCLS,2026-10-08
gold_vol,2026-08-18,2026-08-19,23.98,https://fred.stlouisfed.org/graph/fredgraph.csv?id=GVZCLS,2026-10-08
gold_vol,2026-08-19,2026-08-20,26.68,https://fred.stlouisfed.org/graph/fredgraph.csv?id=GVZCLS,2026-10-08
gold_vol,2026-08-20,2026-08-21,27.28,https://fred.stlouisfed.org/graph/fredgraph.csv?id=GVZCLS,2026-10-08
gold_vol,2026-08-21,2026-08-22,27.29,https://fred.stlouisfed.org/graph/fredgraph.csv?id=GVZCLS,2026-10-08
gold_vol,2026-08-24,2026-08-25,28.28,https://fred.stlouisfed.org/graph/fredgraph.csv?id=GVZCLS,2026-10-08
gold_vol,2026-08-25,2026-08-26,27.69,https://fred.stlouisfed.org/graph/fredgraph.csv?id=GVZCLS,2026-10-08
gold_vol,2026-08-26,2026-08-27,26.96,https://fred.stlouisfed.org/graph/fredgraph.csv?id=GVZCLS,2026-10-08
gold_vol,2026-08-27,2026-08-28,26.8,https://fred.stlouisfed.org/graph/fredgraph.csv?id=GVZCLS,2026-10-08
gold_vol,2026-08-28,2026-08-29,25.17,https://fred.stlouisfed.org/graph/fredgraph.csv?id=GVZCLS,2026-10-08
gold_vol,2026-08-31,2026-09-01,24.4,https://fred.stlouisfed.org/graph/fredgraph.csv?id=GVZCLS,2026-10-08
gold_vol,2026-09-01,2026-09-02,25.43,https://fred.stlouisfed.org/graph/fredgraph.csv?id=GVZCLS,2026-10-08
gold_vol,2026-09-02,2026-09-03,26.14,https://fred.stlouisfed.org/graph/fredgraph.csv?id=GVZCLS,2026-10-08
gold_vol,2026-09-03,2026-09-04,27.18,https://fred.stlouisfed.org/graph/fredgraph.csv?id=GVZCLS,2026-10-08
gold_vol,2026-09-04,2026-09-05,26.63,https://fred.stlouisfed.org/graph/fredgraph.csv?id=GVZCLS,2026-10-08
gold_vol,2026-09-08,2026-09-09,27.26,https://fred.stlouisfed.org/graph/fredgraph.csv?id=GVZCLS,2026-10-08
gold_vol,2026-09-09,2026-09-10,27.79,https://fred.stlouisfed.org/graph/fredgraph.csv?id=GVZCLS,2026-10-08
gold_vol,2026-09-10,2026-09-11,28.48,https://fred.stlouisfed.org/graph/fredgraph.csv?id=GVZCLS,2026-10-08
gold_vol,2026-09-11,2026-09-12,25.68,https://fred.stlouisfed.org/graph/fredgraph.csv?id=GVZCLS,2026-10-08
gold_vol,2026-09-14,2026-09-15,26.54,https://fred.stlouisfed.org/graph/fredgraph.csv?id=GVZCLS,2026-10-08
gold_vol,2026-09-15,2026-09-16,26.9,https://fred.stlouisfed.org/graph/fredgraph.csv?id=GVZCLS,2026-10-08
gold_vol,2026-09-16,2026-09-17,26.55,https://fred.stlouisfed.org/graph/fredgraph.csv?id=GVZCLS,2026-10-08
gold_vol,2026-09-17,2026-09-18,24.98,https://fred.stlouisfed.org/graph/fredgraph.csv?id=GVZCLS,2026-10-08
gold_vol,2026-09-18,2026-09-19,23.31,https://fred.stlouisfed.org/graph/fredgraph.csv?id=GVZCLS,2026-10-08
gold_vol,2026-09-21,2026-09-22,23.38,https://fred.stlouisfed.org/graph/fredgraph.csv?id=GVZCLS,2026-10-08
gold_vol,2026-09-22,2026-09-23,23.59,https://fred.stlouisfed.org/graph/fredgraph.csv?id=GVZCLS,2026-10-08
gold_vol,2026-09-23,2026-09-24,22.77,https://fred.stlouisfed.org/graph/fredgraph.csv?id=GVZCLS,2026-10-08
gold_vol,2026-09-24,2026-09-25,22.58,https://fred.stlouisfed.org/graph/fredgraph.csv?id=GVZCLS,2026-10-08
gold_vol,2026-09-25,2026-09-26,22.44,https://fred.stlouisfed.org/graph/fredgraph.csv?id=GVZCLS,2026-10-08
gold_vol,2026-09-28,2026-09-29,24.83,https://fred.stlouisfed.org/graph/fredgraph.csv?id=GVZCLS,2026-10-08
gold_vol,2026-09-29,2026-09-30,24.37,https://fred.stlouisfed.org/graph/fredgraph.csv?id=GVZCLS,2026-10-08
gold_vol,2026-09-30,2026-10-01,23.74,https://fred.stlouisfed.org/graph/fredgraph.csv?id=GVZCLS,2026-10-08
gold_vol,2026-10-01,2026-10-02,23.32,https://fred.stlouisfed.org/graph/fredgraph.csv?id=GVZCLS,2026-10-08
gold_vol,2026-10-02,2026-10-03,23.23,https://fred.stlouisfed.org/graph/fredgraph.csv?id=GVZCLS,2026-10-08
gold_vol,2026-10-05,2026-10-06,23.18,https://fred.stlouisfed.org/graph/fredgraph.csv?id=GVZCLS,2026-10-08
gold_vol,2026-10-06,2026-10-07,22.97,https://fred.stlouisfed.org/graph/fredgraph.csv?id=GVZCLS,2026-10-08
gold_vol,2026-10-07,2026-10-08,23.39,https://fred.stlouisfed.org/graph/fredgraph.csv?id=GVZCLS,2026-10-08
