series_id,ref_date,available_date,value,source,fetched_at
res_exgold_jp,1950-12-01,1951-02-14,598000000.0,https://fred.stlouisfed.org/graph/fredgraph.csv?id=TRESEGJPM052N,2026-10-09
res_exgold_jp,1951-12-01,1952-02-14,1034000000.0,https://fred.stlouisfed.org/graph/fredgraph.csv?id=TRESEGJPM052N,2026-10-09
res_exgold_jp,1952-12-01,1953-02-14,1085000000.0,https://fred.stlouisfed.org/graph/fredgraph.csv?id=TRESEGJPM052N,2026-10-09
res_exgold_jp,1953-12-01,1954-02-14,874060000.0,https://fred.stlouisfed.org/graph/fredgraph.csv?id=TRESEGJPM052N,2026-10-09
res_exgold_jp,1954-12-01,1955-02-14,909060000.0,https://fred.stlouisfed.org/graph/fredgraph.csv?id=TRESEGJPM052N,2026-10-09
res_exgold_jp,1955-12-01,1956-02-14,1053500000.0,https://fred.stlouisfed.org/graph/fredgraph.csv?id=TRESEGJPM052N,2026-10-09
res_exgold_jp,1956-12-01,1957-02-14,1247500000.0,https://fred.stlouisfed.org/graph/fredgraph.csv?id=TRESEGJPM052N,2026-10-09
res_exgold_jp,1957-01-01,1957-03-17,1187500000.0,https://fred.stlouisfed.org/graph/fredgraph.csv?id=TRESEGJPM052N,2026-10-09
res_exgold_jp,1957-02-01,1957-04-14,1113500000.0,https://fred.stlouisfed.org/graph/fredgraph.csv?id=TRESEGJPM052N,2026-10-09
res_exgold_jp,1957-03-01,1957-05-15,1040500000.0,https://fred.stlouisfed.org/graph/fredgraph.csv?id=TRESEGJPM052N,2026-10-09
res_exgold_jp,1957-04-01,1957-06-14,983500000.0,https://fred.stlouisfed.org/graph/fredgraph.csv?id=TRESEGJPM052N,2026-10-09
res_exgold_jp,1957-05-01,1957-07-15,902500000.0,https://fred.stlouisfed.org/graph/fredgraph.csv?id=TRESEGJPM052N,2026-10-09
res_exgold_jp,1957-06-01,1957-08-14,811500000.0,https://fred.stlouisfed.org/graph/fredgraph.csv?id=TRESEGJPM052N,2026-10-09
res_exgold_jp,1957-07-01,1957-09-14,751000000.0,https://fred.stlouisfed.org/graph/fredgraph.csv?id=TRESEGJPM052N,2026-10-09
res_exgold_jp,1957-08-01,1957-10-15,744000000.0,https://fred.stlouisfed.org/graph/fredgraph.csv?id=TRESEGJPM052N,2026-10-09
res_exgold_jp,1957-09-01,1957-11-14,731000000.0,https://fred.stlouisfed.org/graph/fredgraph.csv?id=TRESEGJPM052N,2026-10-09
res_exgold_jp,1957-10-01,1957-12-15,751000000.0,https://fred.stlouisfed.org/graph/fredgraph.csv?id=TRESEGJPM052N,2026-10-09
res_exgold_jp,1957-11-01,1958-01-14,767000000.0,https://fred.stlouisfed.org/graph/fredgraph.csv?id=TRESEGJPM052N,2026-10-09
res_exgold_jp,1957-12-01,1958-02-14,805000000.0,https://fred.stlouisfed.org/graph/fredgraph.csv?id=TRESEGJPM052N,2026-10-09
res_exgold_jp,1958-01-01,1958-03-17,803000000.0,https://fred.stlouisfed.org/graph/fredgraph.csv?id=TRESEGJPM052N,2026-10-09
res_exgold_jp,1958-02-01,1958-04-14,841000000.0,https://fred.stlouisfed.org/graph/fredgraph.csv?id=TRESEGJPM052N,2026-10-09
res_exgold_jp,1958-03-01,1958-05-15,900000000.0,https://fred.stlouisfed.org/graph/fredgraph.csv?id=TRESEGJPM052N,2026-10-09
res_exgold_jp,1958-04-01,1958-06-14,753000000.0,https://fred.stlouisfed.org/graph/fredgraph.csv?id=TRESEGJPM052N,2026-10-09
res_exgold_jp,1958-05-01,1958-07-15,786000000.0,https://fred.stlouisfed.org/graph/fredgraph.csv?id=TRESEGJPM052N,2026-10-09
res_exgold_jp,1958-06-01,1958-08-14,806000000.0,https://fred.stlouisfed.org/graph/fredgraph.csv?id=TRESEGJPM052N,2026-10-09
res_exgold_jp,1958-07-01,1958-09-14,833000000.0,https://fred.stlouisfed.org/graph/fredgraph.csv?id=TRESEGJPM052N,2026-10-09
res_exgold_jp,1958-08-01,1958-10-15,885000000.0,https://fred.stlouisfed.org/graph/fredgraph.csv?id=TRESEGJPM052N,2026-10-09
res_exgold_jp,1958-09-01,1958-11-14,868000000.0,https://fred.stlouisfed.org/graph/fredgraph.csv?id=TRESEGJPM052N,2026-10-09
res_exgold_jp,1958-10-01,1958-12-15,915000000.0,https://fred.stlouisfed.org/graph/fredgraph.csv?id=TRESEGJPM052N,2026-10-09
res_exgold_jp,1958-11-01,1959-01-14,983500000.0,https://fred.stlouisfed.org/graph/fredgraph.csv?id=TRESEGJPM052N,2026-10-09
res_exgold_jp,1958-12-01,1959-02-14,1008500000.0,https://fred.stlouisfed.org/graph/fredgraph.csv?id=TRESEGJPM052N,2026-10-09
res_exgold_jp,1959-01-01,1959-03-17,857500000.0,https://fred.stlouisfed.org/graph/fredgraph.csv?id=TRESEGJPM052N,2026-10-09
res_exgold_jp,1959-02-01,1959-04-14,926500000.0,https://fred.stlouisfed.org/graph/fredgraph.csv?id=TRESEGJPM052N,2026-10-09
res_exgold_jp,1959-03-01,1959-05-15,917500000.0,https://fred.stlouisfed.org/graph/fredgraph.csv?id=TRESEGJPM052N,2026-10-09
res_exgold_jp,1959-04-01,1959-06-14,943500000.0,https://fred.stlouisfed.org/graph/fredgraph.csv?id=TRESEGJPM052N,2026-10-09
res_exgold_jp,1959-05-01,1959-07-15,982500000.0,https://fred.stlouisfed.org/graph/fredgraph.csv?id=TRESEGJPM052N,2026-10-09
res_exgold_jp,1959-06-01,1959-08-14,993500000.0,https://fred.stlouisfed.org/graph/fredgraph.csv?id=TRESEGJPM052N,2026-10-09
res_exgold_jp,1959-07-01,1959-09-14,1020500000.0,https://fred.stlouisfed.org/graph/fredgraph.csv?id=TRESEGJPM052N,2026-10-09
res_exgold_jp,1959-08-01,1959-10-15,1000500000.0,https://fred.stlouisfed.org/graph/fredgraph.csv?id=TRESEGJPM052N,2026-10-09
res_exgold_jp,1959-09-01,1959-11-14,1090000000.0,https://fred.stlouisfed.org/graph/fredgraph.csv?id=TRESEGJPM052N,2026-10-09
res_exgold_jp,1959-10-01,1959-12-15,1131000000.0,https://fred.stlouisfed.org/graph/fredgraph.csv?id=TRESEGJPM052N,2026-10-09
res_exgold_jp,1959-11-01,1960-01-14,1173000000.0,https://fred.stlouisfed.org/graph/fredgraph.csv?id=TRESEGJPM052N,2026-10-09
res_exgold_jp,1959-12-01,1960-02-14,1202000000.0,https://fred.stlouisfed.org/graph/fredgraph.csv?id=TRESEGJPM052N,2026-10-09
res_exgold_jp,1960-01-01,1960-03-16,1209000000.0,https://fred.stlouisfed.org/graph/fredgraph.csv?id=TRESEGJPM052N,2026-10-09
res_exgold_jp,1960-02-01,1960-04-14,1202000000.0,https://fred.stlouisfed.org/graph/fredgraph.csv?id=TRESEGJPM052N,2026-10-09
res_exgold_jp,1960-03-01,1960-05-15,1242000000.0,https://fred.stlouisfed.org/graph/fredgraph.csv?id=TRESEGJPM052N,2026-10-09
res_exgold_jp,1960-04-01,1960-06-14,1266000000.0,https://fred.stlouisfed.org/graph/fredgraph.csv?id=TRESEGJPM052N,2026-10-09
res_exgold_jp,1960-05-01,1960-07-15,1300000000.0,https://fred.stlouisfed.org/graph/fredgraph.csv?id=TRESEGJPM052N,2026-10-09
res_exgold_jp,1960-06-01,1960-08-14,1332000000.0,https://fred.stlouisfed.org/graph/fredgraph.csv?id=TRESEGJPM052N,2026-10-09
res_exgold_jp,1960-07-01,1960-09-14,1385000000.0,https://fred.stlouisfed.org/graph/fredgraph.csv?id=TRESEGJPM052N,2026-10-09
res_exgold_jp,1960-08-01,1960-10-15,1447000000.0,https://fred.stlouisfed.org/graph/fredgraph.csv?id=TRESEGJPM052N,2026-10-09
res_exgold_jp,1960-09-01,1960-11-14,1536000000.0,https://fred.stlouisfed.org/graph/fredgraph.csv?id=TRESEGJPM052N,2026-10-09
res_exgold_jp,1960-10-01,1960-12-15,1595000000.0,https://fred.stlouisfed.org/graph/fredgraph.csv?id=TRESEGJPM052N,2026-10-09
res_exgold_jp,1960-11-01,1961-01-14,1638000000.0,https://fred.stlouisfed.org/graph/fredgraph.csv?id=TRESEGJPM052N,2026-10-09
res_exgold_jp,1960-12-01,1961-02-14,1702000000.0,https://fred.stlouisfed.org/graph/fredgraph.csv?id=TRESEGJPM052N,2026-10-09
res_exgold_jp,1961-01-01,1961-03-17,1763000000.0,https://fred.stlouisfed.org/graph/fredgraph.csv?id=TRESEGJPM052N,2026-10-09
res_exgold_jp,1961-02-01,1961-04-14,1815000000.0,https://fred.stlouisfed.org/graph/fredgraph.csv?id=TRESEGJPM052N,2026-10-09
res_exgold_jp,1961-03-01,1961-05-15,1875000000.0,https://fred.stlouisfed.org/graph/fredgraph.csv?id=TRESEGJPM052N,2026-10-09
res_exgold_jp,1961-04-01,1961-06-14,1913000000.0,https://fred.stlouisfed.org/graph/fredgraph.csv?id=TRESEGJPM052N,2026-10-09
res_exgold_jp,1961-05-01,1961-07-15,1844000000.0,https://fred.stlouisfed.org/graph/fredgraph.csv?id=TRESEGJPM052N,2026-10-09
res_exgold_jp,1961-06-01,1961-08-14,1790000000.0,https://fred.stlouisfed.org/graph/fredgraph.csv?id=TRESEGJPM052N,2026-10-09
res_exgold_jp,1961-07-01,1961-09-14,1715000000.0,https://fred.stlouisfed.org/graph/fredgraph.csv?id=TRESEGJPM052N,2026-10-09
res_exgold_jp,1961-08-01,1961-10-15,1604000000.0,https://fred.stlouisfed.org/graph/fredgraph.csv?id=TRESEGJPM052N,2026-10-09
res_exgold_jp,1961-09-01,1961-11-14,1518000000.0,https://fred.stlouisfed.org/graph/fredgraph.csv?id=TRESEGJPM052N,2026-10-09
res_exgold_jp,1961-10-01,1961-12-15,1403000000.0,https://fred.stlouisfed.org/graph/fredgraph.csv?id=TRESEGJPM052N,2026-10-09
res_exgold_jp,1961-11-01,1962-01-14,1385000000.0,https://fred.stlouisfed.org/graph/fredgraph.csv?id=TRESEGJPM052N,2026-10-09
res_exgold_jp,1961-12-01,1962-02-14,1379000000.0,https://fred.stlouisfed.org/graph/fredgraph.csv?id=TRESEGJPM052N,2026-10-09
res_exgold_jp,1962-01-01,1962-03-17,1403000000.0,https://fred.stlouisfed.org/graph/fredgraph.csv?id=TRESEGJPM052N,2026-10-09
res_exgold_jp,1962-02-01,1962-04-14,1407000000.0,https://fred.stlouisfed.org/graph/fredgraph.csv?id=TRESEGJPM052N,2026-10-09
res_exgold_jp,1962-03-01,1962-05-15,1454000000.0,https://fred.stlouisfed.org/graph/fredgraph.csv?id=TRESEGJPM052N,2026-10-09
res_exgold_jp,1962-04-01,1962-06-14,1451000000.0,https://fred.stlouisfed.org/graph/fredgraph.csv?id=TRESEGJPM052N,2026-10-09
res_exgold_jp,1962-05-01,1962-07-15,1478000000.0,https://fred.stlouisfed.org/graph/fredgraph.csv?id=TRESEGJPM052N,2026-10-09
res_exgold_jp,1962-06-01,1962-08-14,1515000000.0,https://fred.stlouisfed.org/graph/fredgraph.csv?id=TRESEGJPM052N,2026-10-09
res_exgold_jp,1962-07-01,1962-09-14,1527000000.0,https://fred.stlouisfed.org/graph/fredgraph.csv?id=TRESEGJPM052N,2026-10-09
res_exgold_jp,1962-08-01,1962-10-15,1539000000.0,https://fred.stlouisfed.org/graph/fredgraph.csv?id=TRESEGJPM052N,2026-10-09
res_exgold_jp,1962-09-01,1962-11-14,1612000000.0,https://fred.stlouisfed.org/graph/fredgraph.csv?id=TRESEGJPM052N,2026-10-09
res_exgold_jp,1962-10-01,1962-12-15,1696000000.0,https://fred.stlouisfed.org/graph/fredgraph.csv?id=TRESEGJPM052N,2026-10-09
res_exgold_jp,1962-11-01,1963-01-14,1684000000.0,https://fred.stlouisfed.org/graph/fredgraph.csv?id=TRESEGJPM052N,2026-10-09
res_exgold_jp,1962-12-01,1963-02-14,1732010000.0,https://fred.stlouisfed.org/graph/fredgraph.csv?id=TRESEGJPM052N,2026-10-09
res_exgold_jp,1963-01-01,1963-03-17,1775000000.0,https://fred.stlouisfed.org/graph/fredgraph.csv?id=TRESEGJPM052N,2026-10-09
res_exgold_jp,1963-02-01,1963-04-14,1747000000.0,https://fred.stlouisfed.org/graph/fredgraph.csv?id=TRESEGJPM052N,2026-10-09
res_exgold_jp,1963-03-01,1963-05-15,1754000000.0,https://fred.stlouisfed.org/graph/fredgraph.csv?id=TRESEGJPM052N,2026-10-09
res_exgold_jp,1963-04-01,1963-06-14,1769000000.0,https://fred.stlouisfed.org/graph/fredgraph.csv?id=TRESEGJPM052N,2026-10-09
res_exgold_jp,1963-05-01,1963-07-15,1785000000.0,https://fred.stlouisfed.org/graph/fredgraph.csv?id=TRESEGJPM052N,2026-10-09
res_exgold_jp,1963-06-01,1963-08-14,1793000000.0,https://fred.stlouisfed.org/graph/fredgraph.csv?id=TRESEGJPM052N,2026-10-09
res_exgold_jp,1963-07-01,1963-09-14,1774000000.0,https://fred.stlouisfed.org/graph/fredgraph.csv?id=TRESEGJPM052N,2026-10-09
res_exgold_jp,1963-08-01,1963-10-15,1800000000.0,https://fred.stlouisfed.org/graph/fredgraph.csv?id=TRESEGJPM052N,2026-10-09
res_exgold_jp,1963-09-01,1963-11-14,1797000000.0,https://fred.stlouisfed.org/graph/fredgraph.csv?id=TRESEGJPM052N,2026-10-09
res_exgold_jp,1963-10-01,1963-12-15,1813000000.0,https://fred.stlouisfed.org/graph/fredgraph.csv?id=TRESEGJPM052N,2026-10-09
res_exgold_jp,1963-11-01,1964-01-14,1802000000.0,https://fred.stlouisfed.org/graph/fredgraph.csv?id=TRESEGJPM052N,2026-10-09
res_exgold_jp,1963-12-01,1964-02-14,1769010000.0,https://fred.stlouisfed.org/graph/fredgraph.csv?id=TRESEGJPM052N,2026-10-09
res_exgold_jp,1964-01-01,1964-03-16,1746000000.0,https://fred.stlouisfed.org/graph/fredgraph.csv?id=TRESEGJPM052N,2026-10-09
res_exgold_jp,1964-02-01,1964-04-14,1692000000.0,https://fred.stlouisfed.org/graph/fredgraph.csv?id=TRESEGJPM052N,2026-10-09
res_exgold_jp,1964-03-01,1964-05-15,1707000000.0,https://fred.stlouisfed.org/graph/fredgraph.csv?id=TRESEGJPM052N,2026-10-09
res_exgold_jp,1964-04-01,1964-06-14,1685000000.0,https://fred.stlouisfed.org/graph/fredgraph.csv?id=TRESEGJPM052N,2026-10-09
res_exgold_jp,1964-05-01,1964-07-15,1640000000.0,https://fred.stlouisfed.org/graph/fredgraph.csv?id=TRESEGJPM052N,2026-10-09
res_exgold_jp,1964-06-01,1964-08-14,1647000000.0,https://fred.stlouisfed.org/graph/fredgraph.csv?id=TRESEGJPM052N,2026-10-09
res_exgold_jp,1964-07-01,1964-09-14,1625030000.0,https://fred.stlouisfed.org/graph/fredgraph.csv?id=TRESEGJPM052N,2026-10-09
res_exgold_jp,1964-08-01,1964-10-15,1637080000.0,https://fred.stlouisfed.org/graph/fredgraph.csv?id=TRESEGJPM052N,2026-10-09
res_exgold_jp,1964-09-01,1964-11-14,1649080000.0,https://fred.stlouisfed.org/graph/fredgraph.csv?id=TRESEGJPM052N,2026-10-09
res_exgold_jp,1964-10-01,1964-12-15,1616080000.0,https://fred.stlouisfed.org/graph/fredgraph.csv?id=TRESEGJPM052N,2026-10-09
res_exgold_jp,1964-11-01,1965-01-14,1634080000.0,https://fred.stlouisfed.org/graph/fredgraph.csv?id=TRESEGJPM052N,2026-10-09
res_exgold_jp,1964-12-01,1965-02-14,1715080000.0,https://fred.stlouisfed.org/graph/fredgraph.csv?id=TRESEGJPM052N,2026-10-09
res_exgold_jp,1965-01-01,1965-03-17,1743080000.0,https://fred.stlouisfed.org/graph/fredgraph.csv?id=TRESEGJPM052N,2026-10-09
res_exgold_jp,1965-02-01,1965-04-14,1766160000.0,https://fred.stlouisfed.org/graph/fredgraph.csv?id=TRESEGJPM052N,2026-10-09
res_exgold_jp,1965-03-01,1965-05-15,1769670000.0,https://fred.stlouisfed.org/graph/fredgraph.csv?id=TRESEGJPM052N,2026-10-09
res_exgold_jp,1965-04-01,1965-06-14,1735170000.0,https://fred.stlouisfed.org/graph/fredgraph.csv?id=TRESEGJPM052N,2026-10-09
res_exgold_jp,1965-05-01,1965-07-15,1731170000.0,https://fred.stlouisfed.org/graph/fredgraph.csv?id=TRESEGJPM052N,2026-10-09
res_exgold_jp,1965-06-01,1965-08-14,1698170000.0,https://fred.stlouisfed.org/graph/fredgraph.csv?id=TRESEGJPM052N,2026-10-09
res_exgold_jp,1965-07-01,1965-09-14,1668160000.0,https://fred.stlouisfed.org/graph/fredgraph.csv?id=TRESEGJPM052N,2026-10-09
res_exgold_jp,1965-08-01,1965-10-15,1681790000.0,https://fred.stlouisfed.org/graph/fredgraph.csv?id=TRESEGJPM052N,2026-10-09
res_exgold_jp,1965-09-01,1965-11-14,1687290000.0,https://fred.stlouisfed.org/graph/fredgraph.csv?id=TRESEGJPM052N,2026-10-09
res_exgold_jp,1965-10-01,1965-12-15,1716290000.0,https://fred.stlouisfed.org/graph/fredgraph.csv?id=TRESEGJPM052N,2026-10-09
res_exgold_jp,1965-11-01,1966-01-14,1803290000.0,https://fred.stlouisfed.org/graph/fredgraph.csv?id=TRESEGJPM052N,2026-10-09
res_exgold_jp,1965-12-01,1966-02-14,1824290000.0,https://fred.stlouisfed.org/graph/fredgraph.csv?id=TRESEGJPM052N,2026-10-09
res_exgold_jp,1966-01-01,1966-03-17,1799290000.0,https://fred.stlouisfed.org/graph/fredgraph.csv?id=TRESEGJPM052N,2026-10-09
res_exgold_jp,1966-02-01,1966-04-14,1826290000.0,https://fred.stlouisfed.org/graph/fredgraph.csv?id=TRESEGJPM052N,2026-10-09
res_exgold_jp,1966-03-01,1966-05-15,1826540000.0,https://fred.stlouisfed.org/graph/fredgraph.csv?id=TRESEGJPM052N,2026-10-09
res_exgold_jp,1966-04-01,1966-06-14,1814520000.0,https://fred.stlouisfed.org/graph/fredgraph.csv?id=TRESEGJPM052N,2026-10-09
res_exgold_jp,1966-05-01,1966-07-15,1812520000.0,https://fred.stlouisfed.org/graph/fredgraph.csv?id=TRESEGJPM052N,2026-10-09
res_exgold_jp,1966-06-01,1966-08-14,1820520000.0,https://fred.stlouisfed.org/graph/fredgraph.csv?id=TRESEGJPM052N,2026-10-09
res_exgold_jp,1966-07-01,1966-09-14,1769520000.0,https://fred.stlouisfed.org/graph/fredgraph.csv?id=TRESEGJPM052N,2026-10-09
res_exgold_jp,1966-08-01,1966-10-15,1779090000.0,https://fred.stlouisfed.org/graph/fredgraph.csv?id=TRESEGJPM052N,2026-10-09
res_exgold_jp,1966-09-01,1966-11-14,1760090000.0,https://fred.stlouisfed.org/graph/fredgraph.csv?id=TRESEGJPM052N,2026-10-09
res_exgold_jp,1966-10-01,1966-12-15,1735090000.0,https://fred.stlouisfed.org/graph/fredgraph.csv?id=TRESEGJPM052N,2026-10-09
res_exgold_jp,1966-11-01,1967-01-14,1760090000.0,https://fred.stlouisfed.org/graph/fredgraph.csv?id=TRESEGJPM052N,2026-10-09
res_exgold_jp,1966-12-01,1967-02-14,1790100000.0,https://fred.stlouisfed.org/graph/fredgraph.csv?id=TRESEGJPM052N,2026-10-09
res_exgold_jp,1967-01-01,1967-03-17,1768090000.0,https://fred.stlouisfed.org/graph/fredgraph.csv?id=TRESEGJPM052N,2026-10-09
res_exgold_jp,1967-02-01,1967-04-14,1766090000.0,https://fred.stlouisfed.org/graph/fredgraph.csv?id=TRESEGJPM052N,2026-10-09
res_exgold_jp,1967-03-01,1967-05-15,1792410000.0,https://fred.stlouisfed.org/graph/fredgraph.csv?id=TRESEGJPM052N,2026-10-09
res_exgold_jp,1967-04-01,1967-06-14,1807410000.0,https://fred.stlouisfed.org/graph/fredgraph.csv?id=TRESEGJPM052N,2026-10-09
res_exgold_jp,1967-05-01,1967-07-15,1805400000.0,https://fred.stlouisfed.org/graph/fredgraph.csv?id=TRESEGJPM052N,2026-10-09
res_exgold_jp,1967-06-01,1967-08-14,1769400000.0,https://fred.stlouisfed.org/graph/fredgraph.csv?id=TRESEGJPM052N,2026-10-09
res_exgold_jp,1967-07-01,1967-09-14,1730020000.0,https://fred.stlouisfed.org/graph/fredgraph.csv?id=TRESEGJPM052N,2026-10-09
res_exgold_jp,1967-08-01,1967-10-15,1675020000.0,https://fred.stlouisfed.org/graph/fredgraph.csv?id=TRESEGJPM052N,2026-10-09
res_exgold_jp,1967-09-01,1967-11-14,1712020000.0,https://fred.stlouisfed.org/graph/fredgraph.csv?id=TRESEGJPM052N,2026-10-09
res_exgold_jp,1967-10-01,1967-12-15,1682220000.0,https://fred.stlouisfed.org/graph/fredgraph.csv?id=TRESEGJPM052N,2026-10-09
res_exgold_jp,1967-11-01,1968-01-14,1651630000.0,https://fred.stlouisfed.org/graph/fredgraph.csv?id=TRESEGJPM052N,2026-10-09
res_exgold_jp,1967-12-01,1968-02-14,1691630000.0,https://fred.stlouisfed.org/graph/fredgraph.csv?id=TRESEGJPM052N,2026-10-09
res_exgold_jp,1968-01-01,1968-03-16,1657630000.0,https://fred.stlouisfed.org/graph/fredgraph.csv?id=TRESEGJPM052N,2026-10-09
res_exgold_jp,1968-02-01,1968-04-14,1686430000.0,https://fred.stlouisfed.org/graph/fredgraph.csv?id=TRESEGJPM052N,2026-10-09
res_exgold_jp,1968-03-01,1968-05-15,1647330000.0,https://fred.stlouisfed.org/graph/fredgraph.csv?id=TRESEGJPM052N,2026-10-09
res_exgold_jp,1968-04-01,1968-06-14,1577800000.0,https://fred.stlouisfed.org/graph/fredgraph.csv?id=TRESEGJPM052N,2026-10-09
res_exgold_jp,1968-05-01,1968-07-15,1602600000.0,https://fred.stlouisfed.org/graph/fredgraph.csv?id=TRESEGJPM052N,2026-10-09
res_exgold_jp,1968-06-01,1968-08-14,1646100000.0,https://fred.stlouisfed.org/graph/fredgraph.csv?id=TRESEGJPM052N,2026-10-09
res_exgold_jp,1968-07-01,1968-09-14,1742050000.0,https://fred.stlouisfed.org/graph/fredgraph.csv?id=TRESEGJPM052N,2026-10-09
res_exgold_jp,1968-08-01,1968-10-15,1888290000.0,https://fred.stlouisfed.org/graph/fredgraph.csv?id=TRESEGJPM052N,2026-10-09
res_exgold_jp,1968-09-01,1968-11-14,2025390000.0,https://fred.stlouisfed.org/graph/fredgraph.csv?id=TRESEGJPM052N,2026-10-09
res_exgold_jp,1968-10-01,1968-12-15,2219040000.0,https://fred.stlouisfed.org/graph/fredgraph.csv?id=TRESEGJPM052N,2026-10-09
res_exgold_jp,1968-11-01,1969-01-14,2437040000.0,https://fred.stlouisfed.org/graph/fredgraph.csv?id=TRESEGJPM052N,2026-10-09
res_exgold_jp,1968-12-01,1969-02-14,2550040000.0,https://fred.stlouisfed.org/graph/fredgraph.csv?id=TRESEGJPM052N,2026-10-09
res_exgold_jp,1969-01-01,1969-03-17,2594040000.0,https://fred.stlouisfed.org/graph/fredgraph.csv?id=TRESEGJPM052N,2026-10-09
res_exgold_jp,1969-02-01,1969-04-14,2734790000.0,https://fred.stlouisfed.org/graph/fredgraph.csv?id=TRESEGJPM052N,2026-10-09
res_exgold_jp,1969-03-01,1969-05-15,2860790000.0,https://fred.stlouisfed.org/graph/fredgraph.csv?id=TRESEGJPM052N,2026-10-09
res_exgold_jp,1969-04-01,1969-06-14,2748790000.0,https://fred.stlouisfed.org/graph/fredgraph.csv?id=TRESEGJPM052N,2026-10-09
res_exgold_jp,1969-05-01,1969-07-15,2741790000.0,https://fred.stlouisfed.org/graph/fredgraph.csv?id=TRESEGJPM052N,2026-10-09
res_exgold_jp,1969-06-01,1969-08-14,2765790000.0,https://fred.stlouisfed.org/graph/fredgraph.csv?id=TRESEGJPM052N,2026-10-09
res_exgold_jp,1969-07-01,1969-09-14,2710800000.0,https://fred.stlouisfed.org/graph/fredgraph.csv?id=TRESEGJPM052N,2026-10-09
res_exgold_jp,1969-08-01,1969-10-15,2802600000.0,https://fred.stlouisfed.org/graph/fredgraph.csv?id=TRESEGJPM052N,2026-10-09
res_exgold_jp,1969-09-01,1969-11-14,2928480000.0,https://fred.stlouisfed.org/graph/fredgraph.csv?id=TRESEGJPM052N,2026-10-09
res_exgold_jp,1969-10-01,1969-12-15,2935580000.0,https://fred.stlouisfed.org/graph/fredgraph.csv?id=TRESEGJPM052N,2026-10-09
res_exgold_jp,1969-11-01,1970-01-14,3177580000.0,https://fred.stlouisfed.org/graph/fredgraph.csv?id=TRESEGJPM052N,2026-10-09
res_exgold_jp,1969-12-01,1970-02-14,3240690000.0,https://fred.stlouisfed.org/graph/fredgraph.csv?id=TRESEGJPM052N,2026-10-09
res_exgold_jp,1970-01-01,1970-03-17,3319990000.0,https://fred.stlouisfed.org/graph/fredgraph.csv?id=TRESEGJPM052N,2026-10-09
res_exgold_jp,1970-02-01,1970-04-14,3351190000.0,https://fred.stlouisfed.org/graph/fredgraph.csv?id=TRESEGJPM052N,2026-10-09
res_exgold_jp,1970-03-01,1970-05-15,3589870000.0,https://fred.stlouisfed.org/graph/fredgraph.csv?id=TRESEGJPM052N,2026-10-09
res_exgold_jp,1970-04-01,1970-06-14,3644880000.0,https://fred.stlouisfed.org/graph/fredgraph.csv?id=TRESEGJPM052N,2026-10-09
res_exgold_jp,1970-05-01,1970-07-15,3619080000.0,https://fred.stlouisfed.org/graph/fredgraph.csv?id=TRESEGJPM052N,2026-10-09
res_exgold_jp,1970-06-01,1970-08-14,3612080000.0,https://fred.stlouisfed.org/graph/fredgraph.csv?id=TRESEGJPM052N,2026-10-09
res_exgold_jp,1970-07-01,1970-09-14,3475380000.0,https://fred.stlouisfed.org/graph/fredgraph.csv?id=TRESEGJPM052N,2026-10-09
res_exgold_jp,1970-08-01,1970-10-15,3493830000.0,https://fred.stlouisfed.org/graph/fredgraph.csv?id=TRESEGJPM052N,2026-10-09
res_exgold_jp,1970-09-01,1970-11-14,3466520000.0,https://fred.stlouisfed.org/graph/fredgraph.csv?id=TRESEGJPM052N,2026-10-09
res_exgold_jp,1970-10-01,1970-12-15,3687810000.0,https://fred.stlouisfed.org/graph/fredgraph.csv?id=TRESEGJPM052N,2026-10-09
res_exgold_jp,1970-11-01,1971-01-14,3894610000.0,https://fred.stlouisfed.org/graph/fredgraph.csv?id=TRESEGJPM052N,2026-10-09
res_exgold_jp,1970-12-01,1971-02-14,4307530000.0,https://fred.stlouisfed.org/graph/fredgraph.csv?id=TRESEGJPM052N,2026-10-09
res_exgold_jp,1971-01-01,1971-03-17,4439630000.0,https://fred.stlouisfed.org/graph/fredgraph.csv?id=TRESEGJPM052N,2026-10-09
res_exgold_jp,1971-02-01,1971-04-14,4774120000.0,https://fred.stlouisfed.org/graph/fredgraph.csv?id=TRESEGJPM052N,2026-10-09
res_exgold_jp,1971-03-01,1971-05-15,5359670000.0,https://fred.stlouisfed.org/graph/fredgraph.csv?id=TRESEGJPM052N,2026-10-09
res_exgold_jp,1971-04-01,1971-06-14,5456150000.0,https://fred.stlouisfed.org/graph/fredgraph.csv?id=TRESEGJPM052N,2026-10-09
res_exgold_jp,1971-05-01,1971-07-15,6476520000.0,https://fred.stlouisfed.org/graph/fredgraph.csv?id=TRESEGJPM052N,2026-10-09
res_exgold_jp,1971-06-01,1971-08-14,7159520000.0,https://fred.stlouisfed.org/graph/fredgraph.csv?id=TRESEGJPM052N,2026-10-09
res_exgold_jp,1971-07-01,1971-09-14,7458320000.0,https://fred.stlouisfed.org/graph/fredgraph.csv?id=TRESEGJPM052N,2026-10-09
res_exgold_jp,1971-08-01,1971-10-15,11835320000.0,https://fred.stlouisfed.org/graph/fredgraph.csv?id=TRESEGJPM052N,2026-10-09
res_exgold_jp,1971-09-01,1971-11-14,12705330000.0,https://fred.stlouisfed.org/graph/fredgraph.csv?id=TRESEGJPM052N,2026-10-09
res_exgold_jp,1971-10-01,1971-12-15,13420660000.0,https://fred.stlouisfed.org/graph/fredgraph.csv?id=TRESEGJPM052N,2026-10-09
res_exgold_jp,1971-11-01,1972-01-14,14156670000.0,https://fred.stlouisfed.org/graph/fredgraph.csv?id=TRESEGJPM052N,2026-10-09
res_exgold_jp,1971-12-01,1972-02-14,14621901254.9144,https://fred.stlouisfed.org/graph/fredgraph.csv?id=TRESEGJPM052N,2026-10-09
res_exgold_jp,1972-01-01,1972-03-16,15219204550.2331,https://fred.stlouisfed.org/graph/fredgraph.csv?id=TRESEGJPM052N,2026-10-09
res_exgold_jp,1972-02-01,1972-04-14,15706204550.2331,https://fred.stlouisfed.org/graph/fredgraph.csv?id=TRESEGJPM052N,2026-10-09
res_exgold_jp,1972-03-01,1972-05-15,15865710928.8581,https://fred.stlouisfed.org/graph/fredgraph.csv?id=TRESEGJPM052N,2026-10-09
res_exgold_jp,1972-04-01,1972-06-14,15737113567.0682,https://fred.stlouisfed.org/graph/fredgraph.csv?id=TRESEGJPM052N,2026-10-09
res_exgold_jp,1972-05-01,1972-07-15,15231957060.9315,https://fred.stlouisfed.org/graph/fredgraph.csv?id=TRESEGJPM052N,2026-10-09
res_exgold_jp,1972-06-01,1972-08-14,15042494871.0759,https://fred.stlouisfed.org/graph/fredgraph.csv?id=TRESEGJPM052N,2026-10-09
res_exgold_jp,1972-07-01,1972-09-14,15081677163.0277,https://fred.stlouisfed.org/graph/fredgraph.csv?id=TRESEGJPM052N,2026-10-09
res_exgold_jp,1972-08-01,1972-10-15,15569745183.2297,https://fred.stlouisfed.org/graph/fredgraph.csv?id=TRESEGJPM052N,2026-10-09
res_exgold_jp,1972-09-01,1972-11-14,15686893220.8098,https://fred.stlouisfed.org/graph/fredgraph.csv?id=TRESEGJPM052N,2026-10-09
res_exgold_jp,1972-10-01,1972-12-15,16994077304.2246,https://fred.stlouisfed.org/graph/fredgraph.csv?id=TRESEGJPM052N,2026-10-09
res_exgold_jp,1972-11-01,1973-01-14,17609702460.301502,https://fred.stlouisfed.org/graph/fredgraph.csv?id=TRESEGJPM052N,2026-10-09
res_exgold_jp,1972-12-01,1973-02-14,17563614517.214703,https://fred.stlouisfed.org/graph/fredgraph.csv?id=TRESEGJPM052N,2026-10-09
res_exgold_jp,1973-01-01,1973-03-17,17054741328.9884,https://fred.stlouisfed.org/graph/fredgraph.csv?id=TRESEGJPM052N,2026-10-09
res_exgold_jp,1973-02-01,1973-04-14,18244038785.431,https://fred.stlouisfed.org/graph/fredgraph.csv?id=TRESEGJPM052N,2026-10-09
res_exgold_jp,1973-03-01,1973-05-15,17234812776.616,https://fred.stlouisfed.org/graph/fredgraph.csv?id=TRESEGJPM052N,2026-10-09
res_exgold_jp,1973-04-01,1973-06-14,15945130889.885,https://fred.stlouisfed.org/graph/fredgraph.csv?id=TRESEGJPM052N,2026-10-09
res_exgold_jp,1973-05-01,1973-07-15,14978194343.6663,https://fred.stlouisfed.org/graph/fredgraph.csv?id=TRESEGJPM052N,2026-10-09
res_exgold_jp,1973-06-01,1973-08-14,14308407685.8428,https://fred.stlouisfed.org/graph/fredgraph.csv?id=TRESEGJPM052N,2026-10-09
res_exgold_jp,1973-07-01,1973-09-14,14266341035.2547,https://fred.stlouisfed.org/graph/fredgraph.csv?id=TRESEGJPM052N,2026-10-09
res_exgold_jp,1973-08-01,1973-10-15,14235057845.6832,https://fred.stlouisfed.org/graph/fredgraph.csv?id=TRESEGJPM052N,2026-10-09
res_exgold_jp,1973-09-01,1973-11-14,13903859160.5825,https://fred.stlouisfed.org/graph/fredgraph.csv?id=TRESEGJPM052N,2026-10-09
res_exgold_jp,1973-10-01,1973-12-15,13157634418.4313,https://fred.stlouisfed.org/graph/fredgraph.csv?id=TRESEGJPM052N,2026-10-09
res_exgold_jp,1973-11-01,1974-01-14,12305108089.9356,https://fred.stlouisfed.org/graph/fredgraph.csv?id=TRESEGJPM052N,2026-10-09
res_exgold_jp,1973-12-01,1974-02-14,11354553171.0616,https://fred.stlouisfed.org/graph/fredgraph.csv?id=TRESEGJPM052N,2026-10-09
res_exgold_jp,1974-01-01,1974-03-17,10675010979.1206,https://fred.stlouisfed.org/graph/fredgraph.csv?id=TRESEGJPM052N,2026-10-09
res_exgold_jp,1974-02-01,1974-04-14,11008376079.5408,https://fred.stlouisfed.org/graph/fredgraph.csv?id=TRESEGJPM052N,2026-10-09
res_exgold_jp,1974-03-01,1974-05-15,11534364619.2718,https://fred.stlouisfed.org/graph/fredgraph.csv?id=TRESEGJPM052N,2026-10-09
res_exgold_jp,1974-04-01,1974-06-14,11822616685.1374,https://fred.stlouisfed.org/graph/fredgraph.csv?id=TRESEGJPM052N,2026-10-09
res_exgold_jp,1974-05-01,1974-07-15,12275143616.8178,https://fred.stlouisfed.org/graph/fredgraph.csv?id=TRESEGJPM052N,2026-10-09
res_exgold_jp,1974-06-01,1974-08-14,12537155680.2716,https://fred.stlouisfed.org/graph/fredgraph.csv?id=TRESEGJPM052N,2026-10-09
res_exgold_jp,1974-07-01,1974-09-14,12309292177.31,https://fred.stlouisfed.org/graph/fredgraph.csv?id=TRESEGJPM052N,2026-10-09
res_exgold_jp,1974-08-01,1974-10-15,12028315198.5694,https://fred.stlouisfed.org/graph/fredgraph.csv?id=TRESEGJPM052N,2026-10-09
res_exgold_jp,1974-09-01,1974-11-14,12291945844.7309,https://fred.stlouisfed.org/graph/fredgraph.csv?id=TRESEGJPM052N,2026-10-09
res_exgold_jp,1974-10-01,1974-12-15,12567980259.129002,https://fred.stlouisfed.org/graph/fredgraph.csv?id=TRESEGJPM052N,2026-10-09
res_exgold_jp,1974-11-01,1975-01-14,12846274212.1938,https://fred.stlouisfed.org/graph/fredgraph.csv?id=TRESEGJPM052N,2026-10-09
res_exgold_jp,1974-12-01,1975-02-14,12614287821.7191,https://fred.stlouisfed.org/graph/fredgraph.csv?id=TRESEGJPM052N,2026-10-09
res_exgold_jp,1975-01-01,1975-03-17,12593865531.749,https://fred.stlouisfed.org/graph/fredgraph.csv?id=TRESEGJPM052N,2026-10-09
res_exgold_jp,1975-02-01,1975-04-14,13037051803.3426,https://fred.stlouisfed.org/graph/fredgraph.csv?id=TRESEGJPM052N,2026-10-09
res_exgold_jp,1975-03-01,1975-05-15,13231195181.4042,https://fred.stlouisfed.org/graph/fredgraph.csv?id=TRESEGJPM052N,2026-10-09
res_exgold_jp,1975-04-01,1975-06-14,13420037840.5577,https://fred.stlouisfed.org/graph/fredgraph.csv?id=TRESEGJPM052N,2026-10-09
res_exgold_jp,1975-05-01,1975-07-15,13635505712.1347,https://fred.stlouisfed.org/graph/fredgraph.csv?id=TRESEGJPM052N,2026-10-09
res_exgold_jp,1975-06-01,1975-08-14,13690697426.2388,https://fred.stlouisfed.org/graph/fredgraph.csv?id=TRESEGJPM052N,2026-10-09
res_exgold_jp,1975-07-01,1975-09-14,13755681627.0219,https://fred.stlouisfed.org/graph/fredgraph.csv?id=TRESEGJPM052N,2026-10-09
res_exgold_jp,1975-08-01,1975-10-15,13213165635.5212,https://fred.stlouisfed.org/graph/fredgraph.csv?id=TRESEGJPM052N,2026-10-09
res_exgold_jp,1975-09-01,1975-11-14,12409023601.1957,https://fred.stlouisfed.org/graph/fredgraph.csv?id=TRESEGJPM052N,2026-10-09
res_exgold_jp,1975-10-01,1975-12-15,12315859001.016,https://fred.stlouisfed.org/graph/fredgraph.csv?id=TRESEGJPM052N,2026-10-09
res_exgold_jp,1975-11-01,1976-01-14,12093265306.7056,https://fred.stlouisfed.org/graph/fredgraph.csv?id=TRESEGJPM052N,2026-10-09
res_exgold_jp,1975-12-01,1976-02-14,11950207137.8839,https://fred.stlouisfed.org/graph/fredgraph.csv?id=TRESEGJPM052N,2026-10-09
res_exgold_jp,1976-01-01,1976-03-16,12289209136.547998,https://fred.stlouisfed.org/graph/fredgraph.csv?id=TRESEGJPM052N,2026-10-09
res_exgold_jp,1976-02-01,1976-04-14,13088040685.1245,https://fred.stlouisfed.org/graph/fredgraph.csv?id=TRESEGJPM052N,2026-10-09
res_exgold_jp,1976-03-01,1976-05-15,13328323980.3221,https://fred.stlouisfed.org/graph/fredgraph.csv?id=TRESEGJPM052N,2026-10-09
res_exgold_jp,1976-04-01,1976-06-14,14089026421.6273,https://fred.stlouisfed.org/graph/fredgraph.csv?id=TRESEGJPM052N,2026-10-09
res_exgold_jp,1976-05-01,1976-07-15,14365474516.9524,https://fred.stlouisfed.org/graph/fredgraph.csv?id=TRESEGJPM052N,2026-10-09
res_exgold_jp,1976-06-01,1976-08-14,14550419735.3781,https://fred.stlouisfed.org/graph/fredgraph.csv?id=TRESEGJPM052N,2026-10-09
res_exgold_jp,1976-07-01,1976-09-14,15092315695.5296,https://fred.stlouisfed.org/graph/fredgraph.csv?id=TRESEGJPM052N,2026-10-09
res_exgold_jp,1976-08-01,1976-10-15,15440264519.1411,https://fred.stlouisfed.org/graph/fredgraph.csv?id=TRESEGJPM052N,2026-10-09
res_exgold_jp,1976-09-01,1976-11-14,15633499585.5914,https://fred.stlouisfed.org/graph/fredgraph.csv?id=TRESEGJPM052N,2026-10-09
res_exgold_jp,1976-10-01,1976-12-15,15724777582.3085,https://fred.stlouisfed.org/graph/fredgraph.csv?id=TRESEGJPM052N,2026-10-09
res_exgold_jp,1976-11-01,1977-01-14,15876109580.1439,https://fred.stlouisfed.org/graph/fredgraph.csv?id=TRESEGJPM052N,2026-10-09
res_exgold_jp,1976-12-01,1977-02-14,15746252433.2972,https://fred.stlouisfed.org/graph/fredgraph.csv?id=TRESEGJPM052N,2026-10-09
res_exgold_jp,1977-01-01,1977-03-17,15846551113.7859,https://fred.stlouisfed.org/graph/fredgraph.csv?id=TRESEGJPM052N,2026-10-09
res_exgold_jp,1977-02-01,1977-04-14,16187194213.0424,https://fred.stlouisfed.org/graph/fredgraph.csv?id=TRESEGJPM052N,2026-10-09
res_exgold_jp,1977-03-01,1977-05-15,16359725941.0063,https://fred.stlouisfed.org/graph/fredgraph.csv?id=TRESEGJPM052N,2026-10-09
res_exgold_jp,1977-04-01,1977-06-14,16681082740.103298,https://fred.stlouisfed.org/graph/fredgraph.csv?id=TRESEGJPM052N,2026-10-09
res_exgold_jp,1977-05-01,1977-07-15,16703059500.4984,https://fred.stlouisfed.org/graph/fredgraph.csv?id=TRESEGJPM052N,2026-10-09
res_exgold_jp,1977-06-01,1977-08-14,16838480596.6755,https://fred.stlouisfed.org/graph/fredgraph.csv?id=TRESEGJPM052N,2026-10-09
res_exgold_jp,1977-07-01,1977-09-14,17086696482.3214,https://fred.stlouisfed.org/graph/fredgraph.csv?id=TRESEGJPM052N,2026-10-09
res_exgold_jp,1977-08-01,1977-10-15,17292290613.317898,https://fred.stlouisfed.org/graph/fredgraph.csv?id=TRESEGJPM052N,2026-10-09
res_exgold_jp,1977-09-01,1977-11-14,17392909828.5531,https://fred.stlouisfed.org/graph/fredgraph.csv?id=TRESEGJPM052N,2026-10-09
res_exgold_jp,1977-10-01,1977-12-15,19094327097.6569,https://fred.stlouisfed.org/graph/fredgraph.csv?id=TRESEGJPM052N,2026-10-09
res_exgold_jp,1977-11-01,1978-01-14,21665823888.4178,https://fred.stlouisfed.org/graph/fredgraph.csv?id=TRESEGJPM052N,2026-10-09
res_exgold_jp,1977-12-01,1978-02-14,22340967691.3354,https://fred.stlouisfed.org/graph/fredgraph.csv?id=TRESEGJPM052N,2026-10-09
res_exgold_jp,1978-01-01,1978-03-17,22867801402.5151,https://fred.stlouisfed.org/graph/fredgraph.csv?id=TRESEGJPM052N,2026-10-09
res_exgold_jp,1978-02-01,1978-04-14,23674563785.4237,https://fred.stlouisfed.org/graph/fredgraph.csv?id=TRESEGJPM052N,2026-10-09
res_exgold_jp,1978-03-01,1978-05-15,28601191192.6123,https://fred.stlouisfed.org/graph/fredgraph.csv?id=TRESEGJPM052N,2026-10-09
res_exgold_jp,1978-04-01,1978-06-14,26929250125.073902,https://fred.stlouisfed.org/graph/fredgraph.csv?id=TRESEGJPM052N,2026-10-09
res_exgold_jp,1978-05-01,1978-07-15,27110772292.192703,https://fred.stlouisfed.org/graph/fredgraph.csv?id=TRESEGJPM052N,2026-10-09
res_exgold_jp,1978-06-01,1978-08-14,26721973972.401897,https://fred.stlouisfed.org/graph/fredgraph.csv?id=TRESEGJPM052N,2026-10-09
res_exgold_jp,1978-07-01,1978-09-14,28728412177.7489,https://fred.stlouisfed.org/graph/fredgraph.csv?id=TRESEGJPM052N,2026-10-09
res_exgold_jp,1978-08-01,1978-10-15,28559540477.778,https://fred.stlouisfed.org/graph/fredgraph.csv?id=TRESEGJPM052N,2026-10-09
res_exgold_jp,1978-09-01,1978-11-14,28591332567.235897,https://fred.stlouisfed.org/graph/fredgraph.csv?id=TRESEGJPM052N,2026-10-09
res_exgold_jp,1978-10-01,1978-12-15,28511452680.593,https://fred.stlouisfed.org/graph/fredgraph.csv?id=TRESEGJPM052N,2026-10-09
res_exgold_jp,1978-11-01,1979-01-14,31674127907.048,https://fred.stlouisfed.org/graph/fredgraph.csv?id=TRESEGJPM052N,2026-10-09
res_exgold_jp,1978-12-01,1979-02-14,32407256160.2846,https://fred.stlouisfed.org/graph/fredgraph.csv?id=TRESEGJPM052N,2026-10-09
res_exgold_jp,1979-01-01,1979-03-17,32504590209.7353,https://fred.stlouisfed.org/graph/fredgraph.csv?id=TRESEGJPM052N,2026-10-09
res_exgold_jp,1979-02-01,1979-04-14,32081269954.4389,https://fred.stlouisfed.org/graph/fredgraph.csv?id=TRESEGJPM052N,2026-10-09
res_exgold_jp,1979-03-01,1979-05-15,28207914315.4366,https://fred.stlouisfed.org/graph/fredgraph.csv?id=TRESEGJPM052N,2026-10-09
res_exgold_jp,1979-04-01,1979-06-14,25311878462.7547,https://fred.stlouisfed.org/graph/fredgraph.csv?id=TRESEGJPM052N,2026-10-09
res_exgold_jp,1979-05-01,1979-07-15,23374040355.8822,https://fred.stlouisfed.org/graph/fredgraph.csv?id=TRESEGJPM052N,2026-10-09
res_exgold_jp,1979-06-01,1979-08-14,24158380075.0166,https://fred.stlouisfed.org/graph/fredgraph.csv?id=TRESEGJPM052N,2026-10-09
res_exgold_jp,1979-07-01,1979-09-14,24287681847.8245,https://fred.stlouisfed.org/graph/fredgraph.csv?id=TRESEGJPM052N,2026-10-09
res_exgold_jp,1979-08-01,1979-10-15,24383714392.110703,https://fred.stlouisfed.org/graph/fredgraph.csv?id=TRESEGJPM052N,2026-10-09
res_exgold_jp,1979-09-01,1979-11-14,24541437786.833603,https://fred.stlouisfed.org/graph/fredgraph.csv?id=TRESEGJPM052N,2026-10-09
res_exgold_jp,1979-10-01,1979-12-15,22498177117.5303,https://fred.stlouisfed.org/graph/fredgraph.csv?id=TRESEGJPM052N,2026-10-09
res_exgold_jp,1979-11-01,1980-01-14,19377916943.3132,https://fred.stlouisfed.org/graph/fredgraph.csv?id=TRESEGJPM052N,2026-10-09
res_exgold_jp,1979-12-01,1980-02-14,19521521615.002502,https://fred.stlouisfed.org/graph/fredgraph.csv?id=TRESEGJPM052N,2026-10-09
res_exgold_jp,1980-01-01,1980-03-16,20209985754.9847,https://fred.stlouisfed.org/graph/fredgraph.csv?id=TRESEGJPM052N,2026-10-09
res_exgold_jp,1980-02-01,1980-04-14,19999750982.1809,https://fred.stlouisfed.org/graph/fredgraph.csv?id=TRESEGJPM052N,2026-10-09
res_exgold_jp,1980-03-01,1980-05-15,17802185430.1526,https://fred.stlouisfed.org/graph/fredgraph.csv?id=TRESEGJPM052N,2026-10-09
res_exgold_jp,1980-04-01,1980-06-14,18246354765.7932,https://fred.stlouisfed.org/graph/fredgraph.csv?id=TRESEGJPM052N,2026-10-09
res_exgold_jp,1980-05-01,1980-07-15,20650899188.7224,https://fred.stlouisfed.org/graph/fredgraph.csv?id=TRESEGJPM052N,2026-10-09
res_exgold_jp,1980-06-01,1980-08-14,21942751908.1923,https://fred.stlouisfed.org/graph/fredgraph.csv?id=TRESEGJPM052N,2026-10-09
res_exgold_jp,1980-07-01,1980-09-14,22100151932.9063,https://fred.stlouisfed.org/graph/fredgraph.csv?id=TRESEGJPM052N,2026-10-09
res_exgold_jp,1980-08-01,1980-10-15,22353753690.253403,https://fred.stlouisfed.org/graph/fredgraph.csv?id=TRESEGJPM052N,2026-10-09
res_exgold_jp,1980-09-01,1980-11-14,23074472928.4976,https://fred.stlouisfed.org/graph/fredgraph.csv?id=TRESEGJPM052N,2026-10-09
res_exgold_jp,1980-10-01,1980-12-15,24054963676.416702,https://fred.stlouisfed.org/graph/fredgraph.csv?id=TRESEGJPM052N,2026-10-09
res_exgold_jp,1980-11-01,1981-01-14,24308314509.9217,https://fred.stlouisfed.org/graph/fredgraph.csv?id=TRESEGJPM052N,2026-10-09
res_exgold_jp,1980-12-01,1981-02-14,24636458973.8916,https://fred.stlouisfed.org/graph/fredgraph.csv?id=TRESEGJPM052N,2026-10-09
res_exgold_jp,1981-01-01,1981-03-17,25920852259.031902,https://fred.stlouisfed.org/graph/fredgraph.csv?id=TRESEGJPM052N,2026-10-09
res_exgold_jp,1981-02-01,1981-04-14,26170079860.0268,https://fred.stlouisfed.org/graph/fredgraph.csv?id=TRESEGJPM052N,2026-10-09
res_exgold_jp,1981-03-01,1981-05-15,26502820173.6653,https://fred.stlouisfed.org/graph/fredgraph.csv?id=TRESEGJPM052N,2026-10-09
res_exgold_jp,1981-04-01,1981-06-14,26926173941.8738,https://fred.stlouisfed.org/graph/fredgraph.csv?id=TRESEGJPM052N,2026-10-09
res_exgold_jp,1981-05-01,1981-07-15,27282495914.0412,https://fred.stlouisfed.org/graph/fredgraph.csv?id=TRESEGJPM052N,2026-10-09
res_exgold_jp,1981-06-01,1981-08-14,27463994147.137897,https://fred.stlouisfed.org/graph/fredgraph.csv?id=TRESEGJPM052N,2026-10-09
res_exgold_jp,1981-07-01,1981-09-14,27147931772.323,https://fred.stlouisfed.org/graph/fredgraph.csv?id=TRESEGJPM052N,2026-10-09
res_exgold_jp,1981-08-01,1981-10-15,27292232027.5466,https://fred.stlouisfed.org/graph/fredgraph.csv?id=TRESEGJPM052N,2026-10-09
res_exgold_jp,1981-09-01,1981-11-14,27634444519.4323,https://fred.stlouisfed.org/graph/fredgraph.csv?id=TRESEGJPM052N,2026-10-09
res_exgold_jp,1981-10-01,1981-12-15,28099595942.4928,https://fred.stlouisfed.org/graph/fredgraph.csv?id=TRESEGJPM052N,2026-10-09
res_exgold_jp,1981-11-01,1982-01-14,28581260660.1958,https://fred.stlouisfed.org/graph/fredgraph.csv?id=TRESEGJPM052N,2026-10-09
res_exgold_jp,1981-12-01,1982-02-14,28208399380.1853,https://fred.stlouisfed.org/graph/fredgraph.csv?id=TRESEGJPM052N,2026-10-09
res_exgold_jp,1982-01-01,1982-03-17,28053219471.3892,https://fred.stlouisfed.org/graph/fredgraph.csv?id=TRESEGJPM052N,2026-10-09
res_exgold_jp,1982-02-01,1982-04-14,27933899034.768894,https://fred.stlouisfed.org/graph/fredgraph.csv?id=TRESEGJPM052N,2026-10-09
res_exgold_jp,1982-03-01,1982-05-15,27117194126.7633,https://fred.stlouisfed.org/graph/fredgraph.csv?id=TRESEGJPM052N,2026-10-09
res_exgold_jp,1982-04-01,1982-06-14,26845156995.2251,https://fred.stlouisfed.org/graph/fredgraph.csv?id=TRESEGJPM052N,2026-10-09
res_exgold_jp,1982-05-01,1982-07-15,26580867360.3641,https://fred.stlouisfed.org/graph/fredgraph.csv?id=TRESEGJPM052N,2026-10-09
res_exgold_jp,1982-06-01,1982-08-14,25430840591.6977,https://fred.stlouisfed.org/graph/fredgraph.csv?id=TRESEGJPM052N,2026-10-09
res_exgold_jp,1982-07-01,1982-09-14,25613765249.6197,https://fred.stlouisfed.org/graph/fredgraph.csv?id=TRESEGJPM052N,2026-10-09
res_exgold_jp,1982-08-01,1982-10-15,24415023658.9627,https://fred.stlouisfed.org/graph/fredgraph.csv?id=TRESEGJPM052N,2026-10-09
res_exgold_jp,1982-09-01,1982-11-14,24008568751.800003,https://fred.stlouisfed.org/graph/fredgraph.csv?id=TRESEGJPM052N,2026-10-09
res_exgold_jp,1982-10-01,1982-12-15,22859651747.9084,https://fred.stlouisfed.org/graph/fredgraph.csv?id=TRESEGJPM052N,2026-10-09
res_exgold_jp,1982-11-01,1983-01-14,22995804058.8633,https://fred.stlouisfed.org/graph/fredgraph.csv?id=TRESEGJPM052N,2026-10-09
res_exgold_jp,1982-12-01,1983-02-14,23333958240.942898,https://fred.stlouisfed.org/graph/fredgraph.csv?id=TRESEGJPM052N,2026-10-09
res_exgold_jp,1983-01-01,1983-03-17,23663150608.0486,https://fred.stlouisfed.org/graph/fredgraph.csv?id=TRESEGJPM052N,2026-10-09
res_exgold_jp,1983-02-01,1983-04-14,23929691856.349697,https://fred.stlouisfed.org/graph/fredgraph.csv?id=TRESEGJPM052N,2026-10-09
res_exgold_jp,1983-03-01,1983-05-15,24188636170.2888,https://fred.stlouisfed.org/graph/fredgraph.csv?id=TRESEGJPM052N,2026-10-09
res_exgold_jp,1983-04-01,1983-06-14,24554508782.3592,https://fred.stlouisfed.org/graph/fredgraph.csv?id=TRESEGJPM052N,2026-10-09
res_exgold_jp,1983-05-01,1983-07-15,24886722312.1757,https://fred.stlouisfed.org/graph/fredgraph.csv?id=TRESEGJPM052N,2026-10-09
res_exgold_jp,1983-06-01,1983-08-14,25072468584.6141,https://fred.stlouisfed.org/graph/fredgraph.csv?id=TRESEGJPM052N,2026-10-09
res_exgold_jp,1983-07-01,1983-09-14,25225778955.4289,https://fred.stlouisfed.org/graph/fredgraph.csv?id=TRESEGJPM052N,2026-10-09
res_exgold_jp,1983-08-01,1983-10-15,24674644734.604298,https://fred.stlouisfed.org/graph/fredgraph.csv?id=TRESEGJPM052N,2026-10-09
res_exgold_jp,1983-09-01,1983-11-14,24959693775.7685,https://fred.stlouisfed.org/graph/fredgraph.csv?id=TRESEGJPM052N,2026-10-09
res_exgold_jp,1983-10-01,1983-12-15,24984898695.5435,https://fred.stlouisfed.org/graph/fredgraph.csv?id=TRESEGJPM052N,2026-10-09
res_exgold_jp,1983-11-01,1984-01-14,24811820503.6989,https://fred.stlouisfed.org/graph/fredgraph.csv?id=TRESEGJPM052N,2026-10-09
res_exgold_jp,1983-12-01,1984-02-14,24601596193.5168,https://fred.stlouisfed.org/graph/fredgraph.csv?id=TRESEGJPM052N,2026-10-09
res_exgold_jp,1984-01-01,1984-03-16,24773671007.212498,https://fred.stlouisfed.org/graph/fredgraph.csv?id=TRESEGJPM052N,2026-10-09
res_exgold_jp,1984-02-01,1984-04-14,25108266224.5264,https://fred.stlouisfed.org/graph/fredgraph.csv?id=TRESEGJPM052N,2026-10-09
res_exgold_jp,1984-03-01,1984-05-15,25233599108.5302,https://fred.stlouisfed.org/graph/fredgraph.csv?id=TRESEGJPM052N,2026-10-09
res_exgold_jp,1984-04-01,1984-06-14,25425764402.3526,https://fred.stlouisfed.org/graph/fredgraph.csv?id=TRESEGJPM052N,2026-10-09
res_exgold_jp,1984-05-01,1984-07-15,25485766731.93,https://fred.stlouisfed.org/graph/fredgraph.csv?id=TRESEGJPM052N,2026-10-09
res_exgold_jp,1984-06-01,1984-08-14,25309291720.3758,https://fred.stlouisfed.org/graph/fredgraph.csv?id=TRESEGJPM052N,2026-10-09
res_exgold_jp,1984-07-01,1984-09-14,25223247758.0179,https://fred.stlouisfed.org/graph/fredgraph.csv?id=TRESEGJPM052N,2026-10-09
res_exgold_jp,1984-08-01,1984-10-15,25515593347.1595,https://fred.stlouisfed.org/graph/fredgraph.csv?id=TRESEGJPM052N,2026-10-09
res_exgold_jp,1984-09-01,1984-11-14,25594911088.9111,https://fred.stlouisfed.org/graph/fredgraph.csv?id=TRESEGJPM052N,2026-10-09
res_exgold_jp,1984-10-01,1984-12-15,25850566223.8126,https://fred.stlouisfed.org/graph/fredgraph.csv?id=TRESEGJPM052N,2026-10-09
res_exgold_jp,1984-11-01,1985-01-14,26232977007.6279,https://fred.stlouisfed.org/graph/fredgraph.csv?id=TRESEGJPM052N,2026-10-09
res_exgold_jp,1984-12-01,1985-02-14,26429149250.773,https://fred.stlouisfed.org/graph/fredgraph.csv?id=TRESEGJPM052N,2026-10-09
res_exgold_jp,1985-01-01,1985-03-17,26679046072.378494,https://fred.stlouisfed.org/graph/fredgraph.csv?id=TRESEGJPM052N,2026-10-09
res_exgold_jp,1985-02-01,1985-04-14,26383895807.349106,https://fred.stlouisfed.org/graph/fredgraph.csv?id=TRESEGJPM052N,2026-10-09
res_exgold_jp,1985-03-01,1985-05-15,26687653850.3258,https://fred.stlouisfed.org/graph/fredgraph.csv?id=TRESEGJPM052N,2026-10-09
res_exgold_jp,1985-04-01,1985-06-14,26987885559.6634,https://fred.stlouisfed.org/graph/fredgraph.csv?id=TRESEGJPM052N,2026-10-09
res_exgold_jp,1985-05-01,1985-07-15,27431502432.7276,https://fred.stlouisfed.org/graph/fredgraph.csv?id=TRESEGJPM052N,2026-10-09
res_exgold_jp,1985-06-01,1985-08-14,27631016531.5657,https://fred.stlouisfed.org/graph/fredgraph.csv?id=TRESEGJPM052N,2026-10-09
res_exgold_jp,1985-07-01,1985-09-14,28166800410.796898,https://fred.stlouisfed.org/graph/fredgraph.csv?id=TRESEGJPM052N,2026-10-09
res_exgold_jp,1985-08-01,1985-10-15,28530459537.8116,https://fred.stlouisfed.org/graph/fredgraph.csv?id=TRESEGJPM052N,2026-10-09
res_exgold_jp,1985-09-01,1985-11-14,27629015477.8426,https://fred.stlouisfed.org/graph/fredgraph.csv?id=TRESEGJPM052N,2026-10-09
res_exgold_jp,1985-10-01,1985-12-15,26458414578.7342,https://fred.stlouisfed.org/graph/fredgraph.csv?id=TRESEGJPM052N,2026-10-09
res_exgold_jp,1985-11-01,1986-01-14,26461915081.5515,https://fred.stlouisfed.org/graph/fredgraph.csv?id=TRESEGJPM052N,2026-10-09
res_exgold_jp,1985-12-01,1986-02-14,26718641476.2742,https://fred.stlouisfed.org/graph/fredgraph.csv?id=TRESEGJPM052N,2026-10-09
res_exgold_jp,1986-01-01,1986-03-17,27172746791.5597,https://fred.stlouisfed.org/graph/fredgraph.csv?id=TRESEGJPM052N,2026-10-09
res_exgold_jp,1986-02-01,1986-04-14,27799874949.4319,https://fred.stlouisfed.org/graph/fredgraph.csv?id=TRESEGJPM052N,2026-10-09
res_exgold_jp,1986-03-01,1986-05-15,28095553026.0776,https://fred.stlouisfed.org/graph/fredgraph.csv?id=TRESEGJPM052N,2026-10-09
res_exgold_jp,1986-04-01,1986-06-14,31290983712.972,https://fred.stlouisfed.org/graph/fredgraph.csv?id=TRESEGJPM052N,2026-10-09
res_exgold_jp,1986-05-01,1986-07-15,32644483938.8189,https://fred.stlouisfed.org/graph/fredgraph.csv?id=TRESEGJPM052N,2026-10-09
res_exgold_jp,1986-06-01,1986-08-14,34034343095.347504,https://fred.stlouisfed.org/graph/fredgraph.csv?id=TRESEGJPM052N,2026-10-09
res_exgold_jp,1986-07-01,1986-09-14,38461382946.1209,https://fred.stlouisfed.org/graph/fredgraph.csv?id=TRESEGJPM052N,2026-10-09
res_exgold_jp,1986-08-01,1986-10-15,41307963841.7534,https://fred.stlouisfed.org/graph/fredgraph.csv?id=TRESEGJPM052N,2026-10-09
res_exgold_jp,1986-09-01,1986-11-14,41536182497.694496,https://fred.stlouisfed.org/graph/fredgraph.csv?id=TRESEGJPM052N,2026-10-09
res_exgold_jp,1986-10-01,1986-12-15,41722521566.8126,https://fred.stlouisfed.org/graph/fredgraph.csv?id=TRESEGJPM052N,2026-10-09
res_exgold_jp,1986-11-01,1987-01-14,42033651917.1185,https://fred.stlouisfed.org/graph/fredgraph.csv?id=TRESEGJPM052N,2026-10-09
res_exgold_jp,1986-12-01,1987-02-14,42256623255.4157,https://fred.stlouisfed.org/graph/fredgraph.csv?id=TRESEGJPM052N,2026-10-09
res_exgold_jp,1987-01-01,1987-03-17,51477472049.6895,https://fred.stlouisfed.org/graph/fredgraph.csv?id=TRESEGJPM052N,2026-10-09
res_exgold_jp,1987-02-01,1987-04-14,51709340168.3902,https://fred.stlouisfed.org/graph/fredgraph.csv?id=TRESEGJPM052N,2026-10-09
res_exgold_jp,1987-03-01,1987-05-15,58280957754.2651,https://fred.stlouisfed.org/graph/fredgraph.csv?id=TRESEGJPM052N,2026-10-09
res_exgold_jp,1987-04-01,1987-06-14,68502383102.124,https://fred.stlouisfed.org/graph/fredgraph.csv?id=TRESEGJPM052N,2026-10-09
res_exgold_jp,1987-05-01,1987-07-15,68791760051.4635,https://fred.stlouisfed.org/graph/fredgraph.csv?id=TRESEGJPM052N,2026-10-09
res_exgold_jp,1987-06-01,1987-08-14,69034854075.6077,https://fred.stlouisfed.org/graph/fredgraph.csv?id=TRESEGJPM052N,2026-10-09
res_exgold_jp,1987-07-01,1987-09-14,69529339956.6611,https://fred.stlouisfed.org/graph/fredgraph.csv?id=TRESEGJPM052N,2026-10-09
res_exgold_jp,1987-08-01,1987-10-15,70393863704.5466,https://fred.stlouisfed.org/graph/fredgraph.csv?id=TRESEGJPM052N,2026-10-09
res_exgold_jp,1987-09-01,1987-11-14,71782370353.3085,https://fred.stlouisfed.org/graph/fredgraph.csv?id=TRESEGJPM052N,2026-10-09
res_exgold_jp,1987-10-01,1987-12-15,72664291630.8871,https://fred.stlouisfed.org/graph/fredgraph.csv?id=TRESEGJPM052N,2026-10-09
res_exgold_jp,1987-11-01,1988-01-14,77635212814.7711,https://fred.stlouisfed.org/graph/fredgraph.csv?id=TRESEGJPM052N,2026-10-09
res_exgold_jp,1987-12-01,1988-02-14,80972879073.3306,https://fred.stlouisfed.org/graph/fredgraph.csv?id=TRESEGJPM052N,2026-10-09
res_exgold_jp,1988-01-01,1988-03-16,82915505137.735,https://fred.stlouisfed.org/graph/fredgraph.csv?id=TRESEGJPM052N,2026-10-09
res_exgold_jp,1988-02-01,1988-04-14,83294235794.4879,https://fred.stlouisfed.org/graph/fredgraph.csv?id=TRESEGJPM052N,2026-10-09
res_exgold_jp,1988-03-01,1988-05-15,84251378480.3629,https://fred.stlouisfed.org/graph/fredgraph.csv?id=TRESEGJPM052N,2026-10-09
res_exgold_jp,1988-04-01,1988-06-14,86160809329.3654,https://fred.stlouisfed.org/graph/fredgraph.csv?id=TRESEGJPM052N,2026-10-09
res_exgold_jp,1988-05-01,1988-07-15,86534605139.96371,https://fred.stlouisfed.org/graph/fredgraph.csv?id=TRESEGJPM052N,2026-10-09
res_exgold_jp,1988-06-01,1988-08-14,86890815203.1455,https://fred.stlouisfed.org/graph/fredgraph.csv?id=TRESEGJPM052N,2026-10-09
res_exgold_jp,1988-07-01,1988-09-14,88082399574.755,https://fred.stlouisfed.org/graph/fredgraph.csv?id=TRESEGJPM052N,2026-10-09
res_exgold_jp,1988-08-01,1988-10-15,89403884811.08861,https://fred.stlouisfed.org/graph/fredgraph.csv?id=TRESEGJPM052N,2026-10-09
res_exgold_jp,1988-09-01,1988-11-14,90284249716.1144,https://fred.stlouisfed.org/graph/fredgraph.csv?id=TRESEGJPM052N,2026-10-09
res_exgold_jp,1988-10-01,1988-12-15,91588299950.2012,https://fred.stlouisfed.org/graph/fredgraph.csv?id=TRESEGJPM052N,2026-10-09
res_exgold_jp,1988-11-01,1989-01-14,96201391886.5372,https://fred.stlouisfed.org/graph/fredgraph.csv?id=TRESEGJPM052N,2026-10-09
res_exgold_jp,1988-12-01,1989-02-14,96728167485.2983,https://fred.stlouisfed.org/graph/fredgraph.csv?id=TRESEGJPM052N,2026-10-09
res_exgold_jp,1989-01-01,1989-03-17,97262943892.3993,https://fred.stlouisfed.org/graph/fredgraph.csv?id=TRESEGJPM052N,2026-10-09
res_exgold_jp,1989-02-01,1989-04-14,97860136272.3333,https://fred.stlouisfed.org/graph/fredgraph.csv?id=TRESEGJPM052N,2026-10-09
res_exgold_jp,1989-03-01,1989-05-15,98405028930.8014,https://fred.stlouisfed.org/graph/fredgraph.csv?id=TRESEGJPM052N,2026-10-09
res_exgold_jp,1989-04-01,1989-06-14,99409236094.3756,https://fred.stlouisfed.org/graph/fredgraph.csv?id=TRESEGJPM052N,2026-10-09
res_exgold_jp,1989-05-01,1989-07-15,94801883099.117,https://fred.stlouisfed.org/graph/fredgraph.csv?id=TRESEGJPM052N,2026-10-09
res_exgold_jp,1989-06-01,1989-08-14,88534554292.5516,https://fred.stlouisfed.org/graph/fredgraph.csv?id=TRESEGJPM052N,2026-10-09
res_exgold_jp,1989-07-01,1989-09-14,87902411098.2361,https://fred.stlouisfed.org/graph/fredgraph.csv?id=TRESEGJPM052N,2026-10-09
res_exgold_jp,1989-08-01,1989-10-15,87413268177.4553,https://fred.stlouisfed.org/graph/fredgraph.csv?id=TRESEGJPM052N,2026-10-09
res_exgold_jp,1989-09-01,1989-11-14,85129706605.06549,https://fred.stlouisfed.org/graph/fredgraph.csv?id=TRESEGJPM052N,2026-10-09
res_exgold_jp,1989-10-01,1989-12-15,83303941066.728,https://fred.stlouisfed.org/graph/fredgraph.csv?id=TRESEGJPM052N,2026-10-09
res_exgold_jp,1989-11-01,1990-01-14,83736537401.6509,https://fred.stlouisfed.org/graph/fredgraph.csv?id=TRESEGJPM052N,2026-10-09
res_exgold_jp,1989-12-01,1990-02-14,83957371777.01259,https://fred.stlouisfed.org/graph/fredgraph.csv?id=TRESEGJPM052N,2026-10-09
res_exgold_jp,1990-01-01,1990-03-17,81767918608.6588,https://fred.stlouisfed.org/graph/fredgraph.csv?id=TRESEGJPM052N,2026-10-09
res_exgold_jp,1990-02-01,1990-04-14,80424928602.4677,https://fred.stlouisfed.org/graph/fredgraph.csv?id=TRESEGJPM052N,2026-10-09
res_exgold_jp,1990-03-01,1990-05-15,73540630928.5324,https://fred.stlouisfed.org/graph/fredgraph.csv?id=TRESEGJPM052N,2026-10-09
res_exgold_jp,1990-04-01,1990-06-14,73310733566.0419,https://fred.stlouisfed.org/graph/fredgraph.csv?id=TRESEGJPM052N,2026-10-09
res_exgold_jp,1990-05-01,1990-07-15,73830868759.7581,https://fred.stlouisfed.org/graph/fredgraph.csv?id=TRESEGJPM052N,2026-10-09
res_exgold_jp,1990-06-01,1990-08-14,74140786697.7335,https://fred.stlouisfed.org/graph/fredgraph.csv?id=TRESEGJPM052N,2026-10-09
res_exgold_jp,1990-07-01,1990-09-14,75321283942.8618,https://fred.stlouisfed.org/graph/fredgraph.csv?id=TRESEGJPM052N,2026-10-09
res_exgold_jp,1990-08-01,1990-10-15,76079775144.4846,https://fred.stlouisfed.org/graph/fredgraph.csv?id=TRESEGJPM052N,2026-10-09
res_exgold_jp,1990-09-01,1990-11-14,76339306781.7853,https://fred.stlouisfed.org/graph/fredgraph.csv?id=TRESEGJPM052N,2026-10-09
res_exgold_jp,1990-10-01,1990-12-15,77251998912.608,https://fred.stlouisfed.org/graph/fredgraph.csv?id=TRESEGJPM052N,2026-10-09
res_exgold_jp,1990-11-01,1991-01-14,77731230021.82939,https://fred.stlouisfed.org/graph/fredgraph.csv?id=TRESEGJPM052N,2026-10-09
res_exgold_jp,1990-12-01,1991-02-14,78500572150.06189,https://fred.stlouisfed.org/graph/fredgraph.csv?id=TRESEGJPM052N,2026-10-09
res_exgold_jp,1991-01-01,1991-03-17,79073959224.0811,https://fred.stlouisfed.org/graph/fredgraph.csv?id=TRESEGJPM052N,2026-10-09
res_exgold_jp,1991-02-01,1991-04-14,79540425649.1846,https://fred.stlouisfed.org/graph/fredgraph.csv?id=TRESEGJPM052N,2026-10-09
res_exgold_jp,1991-03-01,1991-05-15,72790917834.5921,https://fred.stlouisfed.org/graph/fredgraph.csv?id=TRESEGJPM052N,2026-10-09
res_exgold_jp,1991-04-01,1991-06-14,70810956343.35359,https://fred.stlouisfed.org/graph/fredgraph.csv?id=TRESEGJPM052N,2026-10-09
res_exgold_jp,1991-05-01,1991-07-15,71053569589.7023,https://fred.stlouisfed.org/graph/fredgraph.csv?id=TRESEGJPM052N,2026-10-09
res_exgold_jp,1991-06-01,1991-08-14,70720905618.2139,https://fred.stlouisfed.org/graph/fredgraph.csv?id=TRESEGJPM052N,2026-10-09
res_exgold_jp,1991-07-01,1991-09-14,70392130946.3461,https://fred.stlouisfed.org/graph/fredgraph.csv?id=TRESEGJPM052N,2026-10-09
res_exgold_jp,1991-08-01,1991-10-15,69765813557.056,https://fred.stlouisfed.org/graph/fredgraph.csv?id=TRESEGJPM052N,2026-10-09
res_exgold_jp,1991-09-01,1991-11-14,69856123119.015,https://fred.stlouisfed.org/graph/fredgraph.csv?id=TRESEGJPM052N,2026-10-09
res_exgold_jp,1991-10-01,1991-12-15,70129446289.23601,https://fred.stlouisfed.org/graph/fredgraph.csv?id=TRESEGJPM052N,2026-10-09
res_exgold_jp,1991-11-01,1992-01-14,70874392842.34941,https://fred.stlouisfed.org/graph/fredgraph.csv?id=TRESEGJPM052N,2026-10-09
res_exgold_jp,1991-12-01,1992-02-14,72058848245.5764,https://fred.stlouisfed.org/graph/fredgraph.csv?id=TRESEGJPM052N,2026-10-09
res_exgold_jp,1992-01-01,1992-03-16,71708836302.66191,https://fred.stlouisfed.org/graph/fredgraph.csv?id=TRESEGJPM052N,2026-10-09
res_exgold_jp,1992-02-01,1992-04-14,71160219840.9192,https://fred.stlouisfed.org/graph/fredgraph.csv?id=TRESEGJPM052N,2026-10-09
res_exgold_jp,1992-03-01,1992-05-15,71160855967.0782,https://fred.stlouisfed.org/graph/fredgraph.csv?id=TRESEGJPM052N,2026-10-09
res_exgold_jp,1992-04-01,1992-06-14,71071314494.6991,https://fred.stlouisfed.org/graph/fredgraph.csv?id=TRESEGJPM052N,2026-10-09
res_exgold_jp,1992-05-01,1992-07-15,71033700252.73329,https://fred.stlouisfed.org/graph/fredgraph.csv?id=TRESEGJPM052N,2026-10-09
res_exgold_jp,1992-06-01,1992-08-14,70502447125.4991,https://fred.stlouisfed.org/graph/fredgraph.csv?id=TRESEGJPM052N,2026-10-09
res_exgold_jp,1992-07-01,1992-09-14,71050171624.9783,https://fred.stlouisfed.org/graph/fredgraph.csv?id=TRESEGJPM052N,2026-10-09
res_exgold_jp,1992-08-01,1992-10-15,72244630647.864,https://fred.stlouisfed.org/graph/fredgraph.csv?id=TRESEGJPM052N,2026-10-09
res_exgold_jp,1992-09-01,1992-11-14,72348219983.5042,https://fred.stlouisfed.org/graph/fredgraph.csv?id=TRESEGJPM052N,2026-10-09
res_exgold_jp,1992-10-01,1992-12-15,71343162484.00749,https://fred.stlouisfed.org/graph/fredgraph.csv?id=TRESEGJPM052N,2026-10-09
res_exgold_jp,1992-11-01,1993-01-14,71424766613.7146,https://fred.stlouisfed.org/graph/fredgraph.csv?id=TRESEGJPM052N,2026-10-09
res_exgold_jp,1992-12-01,1993-02-14,71622706505.1494,https://fred.stlouisfed.org/graph/fredgraph.csv?id=TRESEGJPM052N,2026-10-09
res_exgold_jp,1993-01-01,1993-03-17,72166797139.5011,https://fred.stlouisfed.org/graph/fredgraph.csv?id=TRESEGJPM052N,2026-10-09
res_exgold_jp,1993-02-01,1993-04-14,72142556193.1498,https://fred.stlouisfed.org/graph/fredgraph.csv?id=TRESEGJPM052N,2026-10-09
res_exgold_jp,1993-03-01,1993-05-15,73031897616.88449,https://fred.stlouisfed.org/graph/fredgraph.csv?id=TRESEGJPM052N,2026-10-09
res_exgold_jp,1993-04-01,1993-06-14,79971518003.72641,https://fred.stlouisfed.org/graph/fredgraph.csv?id=TRESEGJPM052N,2026-10-09
res_exgold_jp,1993-05-01,1993-07-15,82512497445.17891,https://fred.stlouisfed.org/graph/fredgraph.csv?id=TRESEGJPM052N,2026-10-09
res_exgold_jp,1993-06-01,1993-08-14,89418627517.36261,https://fred.stlouisfed.org/graph/fredgraph.csv?id=TRESEGJPM052N,2026-10-09
res_exgold_jp,1993-07-01,1993-09-14,89531063942.61319,https://fred.stlouisfed.org/graph/fredgraph.csv?id=TRESEGJPM052N,2026-10-09
res_exgold_jp,1993-08-01,1993-10-15,98357702072.9436,https://fred.stlouisfed.org/graph/fredgraph.csv?id=TRESEGJPM052N,2026-10-09
res_exgold_jp,1993-09-01,1993-11-14,98797019093.1025,https://fred.stlouisfed.org/graph/fredgraph.csv?id=TRESEGJPM052N,2026-10-09
res_exgold_jp,1993-10-01,1993-12-15,98199225722.9711,https://fred.stlouisfed.org/graph/fredgraph.csv?id=TRESEGJPM052N,2026-10-09
res_exgold_jp,1993-11-01,1994-01-14,98374515628.8165,https://fred.stlouisfed.org/graph/fredgraph.csv?id=TRESEGJPM052N,2026-10-09
res_exgold_jp,1993-12-01,1994-02-14,98524331239.1741,https://fred.stlouisfed.org/graph/fredgraph.csv?id=TRESEGJPM052N,2026-10-09
res_exgold_jp,1994-01-01,1994-03-17,98926410513.0032,https://fred.stlouisfed.org/graph/fredgraph.csv?id=TRESEGJPM052N,2026-10-09
res_exgold_jp,1994-02-01,1994-04-14,101422077912.80988,https://fred.stlouisfed.org/graph/fredgraph.csv?id=TRESEGJPM052N,2026-10-09
res_exgold_jp,1994-03-01,1994-05-15,104756142033.8006,https://fred.stlouisfed.org/graph/fredgraph.csv?id=TRESEGJPM052N,2026-10-09
res_exgold_jp,1994-04-01,1994-06-14,107599063886.8239,https://fred.stlouisfed.org/graph/fredgraph.csv?id=TRESEGJPM052N,2026-10-09
res_exgold_jp,1994-05-01,1994-07-15,109933313089.0794,https://fred.stlouisfed.org/graph/fredgraph.csv?id=TRESEGJPM052N,2026-10-09
res_exgold_jp,1994-06-01,1994-08-14,114559126436.7816,https://fred.stlouisfed.org/graph/fredgraph.csv?id=TRESEGJPM052N,2026-10-09
res_exgold_jp,1994-07-01,1994-09-14,116799159717.8122,https://fred.stlouisfed.org/graph/fredgraph.csv?id=TRESEGJPM052N,2026-10-09
res_exgold_jp,1994-08-01,1994-10-15,118936479551.2124,https://fred.stlouisfed.org/graph/fredgraph.csv?id=TRESEGJPM052N,2026-10-09
res_exgold_jp,1994-09-01,1994-11-14,120674377485.3775,https://fred.stlouisfed.org/graph/fredgraph.csv?id=TRESEGJPM052N,2026-10-09
res_exgold_jp,1994-10-01,1994-12-15,123728029876.33788,https://fred.stlouisfed.org/graph/fredgraph.csv?id=TRESEGJPM052N,2026-10-09
res_exgold_jp,1994-11-01,1995-01-14,125176843224.1166,https://fred.stlouisfed.org/graph/fredgraph.csv?id=TRESEGJPM052N,2026-10-09
res_exgold_jp,1994-12-01,1995-02-14,125860194539.294,https://fred.stlouisfed.org/graph/fredgraph.csv?id=TRESEGJPM052N,2026-10-09
res_exgold_jp,1995-01-01,1995-03-17,126914440146.2527,https://fred.stlouisfed.org/graph/fredgraph.csv?id=TRESEGJPM052N,2026-10-09
res_exgold_jp,1995-02-01,1995-04-14,127622364672.79472,https://fred.stlouisfed.org/graph/fredgraph.csv?id=TRESEGJPM052N,2026-10-09
res_exgold_jp,1995-03-01,1995-05-15,143547197927.3463,https://fred.stlouisfed.org/graph/fredgraph.csv?id=TRESEGJPM052N,2026-10-09
res_exgold_jp,1995-04-01,1995-06-14,155411759931.7304,https://fred.stlouisfed.org/graph/fredgraph.csv?id=TRESEGJPM052N,2026-10-09
res_exgold_jp,1995-05-01,1995-07-15,156026118683.3587,https://fred.stlouisfed.org/graph/fredgraph.csv?id=TRESEGJPM052N,2026-10-09
res_exgold_jp,1995-06-01,1995-08-14,158272693332.93588,https://fred.stlouisfed.org/graph/fredgraph.csv?id=TRESEGJPM052N,2026-10-09
res_exgold_jp,1995-07-01,1995-09-14,159598458003.2314,https://fred.stlouisfed.org/graph/fredgraph.csv?id=TRESEGJPM052N,2026-10-09
res_exgold_jp,1995-08-01,1995-10-15,167535327218.5905,https://fred.stlouisfed.org/graph/fredgraph.csv?id=TRESEGJPM052N,2026-10-09
res_exgold_jp,1995-09-01,1995-11-14,180735175082.47095,https://fred.stlouisfed.org/graph/fredgraph.csv?id=TRESEGJPM052N,2026-10-09
res_exgold_jp,1995-10-01,1995-12-15,181745993902.2203,https://fred.stlouisfed.org/graph/fredgraph.csv?id=TRESEGJPM052N,2026-10-09
res_exgold_jp,1995-11-01,1996-01-14,182089352602.2471,https://fred.stlouisfed.org/graph/fredgraph.csv?id=TRESEGJPM052N,2026-10-09
res_exgold_jp,1995-12-01,1996-02-14,183249772502.4081,https://fred.stlouisfed.org/graph/fredgraph.csv?id=TRESEGJPM052N,2026-10-09
res_exgold_jp,1996-01-01,1996-03-16,183150706522.2914,https://fred.stlouisfed.org/graph/fredgraph.csv?id=TRESEGJPM052N,2026-10-09
res_exgold_jp,1996-02-01,1996-04-14,200177145053.0342,https://fred.stlouisfed.org/graph/fredgraph.csv?id=TRESEGJPM052N,2026-10-09
res_exgold_jp,1996-03-01,1996-05-15,202712388801.2976,https://fred.stlouisfed.org/graph/fredgraph.csv?id=TRESEGJPM052N,2026-10-09
res_exgold_jp,1996-04-01,1996-06-14,204495174872.2864,https://fred.stlouisfed.org/graph/fredgraph.csv?id=TRESEGJPM052N,2026-10-09
res_exgold_jp,1996-05-01,1996-07-15,207156022110.1484,https://fred.stlouisfed.org/graph/fredgraph.csv?id=TRESEGJPM052N,2026-10-09
res_exgold_jp,1996-06-01,1996-08-14,208977508836.8548,https://fred.stlouisfed.org/graph/fredgraph.csv?id=TRESEGJPM052N,2026-10-09
res_exgold_jp,1996-07-01,1996-09-14,210990496800.72455,https://fred.stlouisfed.org/graph/fredgraph.csv?id=TRESEGJPM052N,2026-10-09
res_exgold_jp,1996-08-01,1996-10-15,212792428305.927,https://fred.stlouisfed.org/graph/fredgraph.csv?id=TRESEGJPM052N,2026-10-09
res_exgold_jp,1996-09-01,1996-11-14,213810446574.7194,https://fred.stlouisfed.org/graph/fredgraph.csv?id=TRESEGJPM052N,2026-10-09
res_exgold_jp,1996-10-01,1996-12-15,214989451812.34305,https://fred.stlouisfed.org/graph/fredgraph.csv?id=TRESEGJPM052N,2026-10-09
res_exgold_jp,1996-11-01,1997-01-14,215859162637.8706,https://fred.stlouisfed.org/graph/fredgraph.csv?id=TRESEGJPM052N,2026-10-09
res_exgold_jp,1996-12-01,1997-02-14,216648011850.1881,https://fred.stlouisfed.org/graph/fredgraph.csv?id=TRESEGJPM052N,2026-10-09
res_exgold_jp,1997-01-01,1997-03-17,215953510639.1584,https://fred.stlouisfed.org/graph/fredgraph.csv?id=TRESEGJPM052N,2026-10-09
res_exgold_jp,1997-02-01,1997-04-14,217084435977.6914,https://fred.stlouisfed.org/graph/fredgraph.csv?id=TRESEGJPM052N,2026-10-09
res_exgold_jp,1997-03-01,1997-05-15,218180820503.4679,https://fred.stlouisfed.org/graph/fredgraph.csv?id=TRESEGJPM052N,2026-10-09
res_exgold_jp,1997-04-01,1997-06-14,218737250773.57095,https://fred.stlouisfed.org/graph/fredgraph.csv?id=TRESEGJPM052N,2026-10-09
res_exgold_jp,1997-05-01,1997-07-15,220580853424.5794,https://fred.stlouisfed.org/graph/fredgraph.csv?id=TRESEGJPM052N,2026-10-09
res_exgold_jp,1997-06-01,1997-08-14,221127805814.6363,https://fred.stlouisfed.org/graph/fredgraph.csv?id=TRESEGJPM052N,2026-10-09
res_exgold_jp,1997-07-01,1997-09-14,221092656028.2484,https://fred.stlouisfed.org/graph/fredgraph.csv?id=TRESEGJPM052N,2026-10-09
res_exgold_jp,1997-08-01,1997-10-15,222728288349.8826,https://fred.stlouisfed.org/graph/fredgraph.csv?id=TRESEGJPM052N,2026-10-09
res_exgold_jp,1997-09-01,1997-11-14,224411806665.5108,https://fred.stlouisfed.org/graph/fredgraph.csv?id=TRESEGJPM052N,2026-10-09
res_exgold_jp,1997-10-01,1997-12-15,226976583132.0167,https://fred.stlouisfed.org/graph/fredgraph.csv?id=TRESEGJPM052N,2026-10-09
res_exgold_jp,1997-11-01,1998-01-14,227213635697.0779,https://fred.stlouisfed.org/graph/fredgraph.csv?id=TRESEGJPM052N,2026-10-09
res_exgold_jp,1997-12-01,1998-02-14,219648288039.4305,https://fred.stlouisfed.org/graph/fredgraph.csv?id=TRESEGJPM052N,2026-10-09
res_exgold_jp,1998-01-01,1998-03-17,220387354003.4576,https://fred.stlouisfed.org/graph/fredgraph.csv?id=TRESEGJPM052N,2026-10-09
res_exgold_jp,1998-02-01,1998-04-14,221996869996.7054,https://fred.stlouisfed.org/graph/fredgraph.csv?id=TRESEGJPM052N,2026-10-09
res_exgold_jp,1998-03-01,1998-05-15,222460420886.8411,https://fred.stlouisfed.org/graph/fredgraph.csv?id=TRESEGJPM052N,2026-10-09
res_exgold_jp,1998-04-01,1998-06-14,204616428881.7366,https://fred.stlouisfed.org/graph/fredgraph.csv?id=TRESEGJPM052N,2026-10-09
res_exgold_jp,1998-05-01,1998-07-15,205829778640.5719,https://fred.stlouisfed.org/graph/fredgraph.csv?id=TRESEGJPM052N,2026-10-09
res_exgold_jp,1998-06-01,1998-08-14,204744818772.9026,https://fred.stlouisfed.org/graph/fredgraph.csv?id=TRESEGJPM052N,2026-10-09
res_exgold_jp,1998-07-01,1998-09-14,206611152396.6024,https://fred.stlouisfed.org/graph/fredgraph.csv?id=TRESEGJPM052N,2026-10-09
res_exgold_jp,1998-08-01,1998-10-15,208444345166.79785,https://fred.stlouisfed.org/graph/fredgraph.csv?id=TRESEGJPM052N,2026-10-09
res_exgold_jp,1998-09-01,1998-11-14,211163116966.9635,https://fred.stlouisfed.org/graph/fredgraph.csv?id=TRESEGJPM052N,2026-10-09
res_exgold_jp,1998-10-01,1998-12-15,213040734547.2368,https://fred.stlouisfed.org/graph/fredgraph.csv?id=TRESEGJPM052N,2026-10-09
res_exgold_jp,1998-11-01,1999-01-14,213758886687.0655,https://fred.stlouisfed.org/graph/fredgraph.csv?id=TRESEGJPM052N,2026-10-09
res_exgold_jp,1998-12-01,1999-02-14,215470624423.59,https://fred.stlouisfed.org/graph/fredgraph.csv?id=TRESEGJPM052N,2026-10-09
res_exgold_jp,1999-01-01,1999-03-17,221738350510.95068,https://fred.stlouisfed.org/graph/fredgraph.csv?id=TRESEGJPM052N,2026-10-09
res_exgold_jp,1999-02-01,1999-04-14,221007004226.4215,https://fred.stlouisfed.org/graph/fredgraph.csv?id=TRESEGJPM052N,2026-10-09
res_exgold_jp,1999-03-01,1999-05-15,221371314374.2455,https://fred.stlouisfed.org/graph/fredgraph.csv?id=TRESEGJPM052N,2026-10-09
res_exgold_jp,1999-04-01,1999-06-14,221918809678.557,https://fred.stlouisfed.org/graph/fredgraph.csv?id=TRESEGJPM052N,2026-10-09
res_exgold_jp,1999-05-01,1999-07-15,222496783786.1776,https://fred.stlouisfed.org/graph/fredgraph.csv?id=TRESEGJPM052N,2026-10-09
res_exgold_jp,1999-06-01,1999-08-14,245244551964.1345,https://fred.stlouisfed.org/graph/fredgraph.csv?id=TRESEGJPM052N,2026-10-09
res_exgold_jp,1999-07-01,1999-09-14,259537197148.5322,https://fred.stlouisfed.org/graph/fredgraph.csv?id=TRESEGJPM052N,2026-10-09
res_exgold_jp,1999-08-01,1999-10-15,260177303661.34985,https://fred.stlouisfed.org/graph/fredgraph.csv?id=TRESEGJPM052N,2026-10-09
res_exgold_jp,1999-09-01,1999-11-14,271194424093.9412,https://fred.stlouisfed.org/graph/fredgraph.csv?id=TRESEGJPM052N,2026-10-09
res_exgold_jp,1999-10-01,1999-12-15,271587279040.67603,https://fred.stlouisfed.org/graph/fredgraph.csv?id=TRESEGJPM052N,2026-10-09
res_exgold_jp,1999-11-01,2000-01-14,270797140605.868,https://fred.stlouisfed.org/graph/fredgraph.csv?id=TRESEGJPM052N,2026-10-09
res_exgold_jp,1999-12-01,2000-02-14,286916156869.9037,https://fred.stlouisfed.org/graph/fredgraph.csv?id=TRESEGJPM052N,2026-10-09
res_exgold_jp,2000-01-01,2000-03-16,292006291264.7497,https://fred.stlouisfed.org/graph/fredgraph.csv?id=TRESEGJPM052N,2026-10-09
res_exgold_jp,2000-02-01,2000-04-14,293331623876.6791,https://fred.stlouisfed.org/graph/fredgraph.csv?id=TRESEGJPM052N,2026-10-09
res_exgold_jp,2000-03-01,2000-05-15,304369980293.8879,https://fred.stlouisfed.org/graph/fredgraph.csv?id=TRESEGJPM052N,2026-10-09
res_exgold_jp,2000-04-01,2000-06-14,331917958232.5238,https://fred.stlouisfed.org/graph/fredgraph.csv?id=TRESEGJPM052N,2026-10-09
res_exgold_jp,2000-05-01,2000-07-15,334540942015.6897,https://fred.stlouisfed.org/graph/fredgraph.csv?id=TRESEGJPM052N,2026-10-09
res_exgold_jp,2000-06-01,2000-08-14,337865755708.51056,https://fred.stlouisfed.org/graph/fredgraph.csv?id=TRESEGJPM052N,2026-10-09
res_exgold_jp,2000-07-01,2000-09-14,338087119711.4842,https://fred.stlouisfed.org/graph/fredgraph.csv?id=TRESEGJPM052N,2026-10-09
res_exgold_jp,2000-08-01,2000-10-15,338052998935.2846,https://fred.stlouisfed.org/graph/fredgraph.csv?id=TRESEGJPM052N,2026-10-09
res_exgold_jp,2000-09-01,2000-11-14,342230087380.48047,https://fred.stlouisfed.org/graph/fredgraph.csv?id=TRESEGJPM052N,2026-10-09
res_exgold_jp,2000-10-01,2000-12-15,342562064107.8947,https://fred.stlouisfed.org/graph/fredgraph.csv?id=TRESEGJPM052N,2026-10-09
res_exgold_jp,2000-11-01,2001-01-14,347951229038.5769,https://fred.stlouisfed.org/graph/fredgraph.csv?id=TRESEGJPM052N,2026-10-09
res_exgold_jp,2000-12-01,2001-02-14,354902072398.6794,https://fred.stlouisfed.org/graph/fredgraph.csv?id=TRESEGJPM052N,2026-10-09
res_exgold_jp,2001-01-01,2001-03-17,357727211417.6922,https://fred.stlouisfed.org/graph/fredgraph.csv?id=TRESEGJPM052N,2026-10-09
res_exgold_jp,2001-02-01,2001-04-14,357142314946.5755,https://fred.stlouisfed.org/graph/fredgraph.csv?id=TRESEGJPM052N,2026-10-09
res_exgold_jp,2001-03-01,2001-05-15,355146059478.7713,https://fred.stlouisfed.org/graph/fredgraph.csv?id=TRESEGJPM052N,2026-10-09
res_exgold_jp,2001-04-01,2001-06-14,356149721771.2485,https://fred.stlouisfed.org/graph/fredgraph.csv?id=TRESEGJPM052N,2026-10-09
res_exgold_jp,2001-05-01,2001-07-15,355322923168.6745,https://fred.stlouisfed.org/graph/fredgraph.csv?id=TRESEGJPM052N,2026-10-09
res_exgold_jp,2001-06-01,2001-08-14,356008833210.2218,https://fred.stlouisfed.org/graph/fredgraph.csv?id=TRESEGJPM052N,2026-10-09
res_exgold_jp,2001-07-01,2001-09-14,361135681034.7323,https://fred.stlouisfed.org/graph/fredgraph.csv?id=TRESEGJPM052N,2026-10-09
res_exgold_jp,2001-08-01,2001-10-15,365501605588.8419,https://fred.stlouisfed.org/graph/fredgraph.csv?id=TRESEGJPM052N,2026-10-09
res_exgold_jp,2001-09-01,2001-11-14,389804605589.1414,https://fred.stlouisfed.org/graph/fredgraph.csv?id=TRESEGJPM052N,2026-10-09
res_exgold_jp,2001-10-01,2001-12-15,398842326723.5496,https://fred.stlouisfed.org/graph/fredgraph.csv?id=TRESEGJPM052N,2026-10-09
res_exgold_jp,2001-11-01,2002-01-14,397101933039.6877,https://fred.stlouisfed.org/graph/fredgraph.csv?id=TRESEGJPM052N,2026-10-09
res_exgold_jp,2001-12-01,2002-02-14,395155049518.9238,https://fred.stlouisfed.org/graph/fredgraph.csv?id=TRESEGJPM052N,2026-10-09
res_exgold_jp,2002-01-01,2002-03-17,393931076511.1008,https://fred.stlouisfed.org/graph/fredgraph.csv?id=TRESEGJPM052N,2026-10-09
res_exgold_jp,2002-02-01,2002-04-14,396182823603.54407,https://fred.stlouisfed.org/graph/fredgraph.csv?id=TRESEGJPM052N,2026-10-09
res_exgold_jp,2002-03-01,2002-05-15,394102476059.90674,https://fred.stlouisfed.org/graph/fredgraph.csv?id=TRESEGJPM052N,2026-10-09
res_exgold_jp,2002-04-01,2002-06-14,399118383482.5424,https://fred.stlouisfed.org/graph/fredgraph.csv?id=TRESEGJPM052N,2026-10-09
res_exgold_jp,2002-05-01,2002-07-15,411647806212.7161,https://fred.stlouisfed.org/graph/fredgraph.csv?id=TRESEGJPM052N,2026-10-09
res_exgold_jp,2002-06-01,2002-08-14,438362290666.656,https://fred.stlouisfed.org/graph/fredgraph.csv?id=TRESEGJPM052N,2026-10-09
res_exgold_jp,2002-07-01,2002-09-14,445595733084.4419,https://fred.stlouisfed.org/graph/fredgraph.csv?id=TRESEGJPM052N,2026-10-09
res_exgold_jp,2002-08-01,2002-10-15,448371957839.4983,https://fred.stlouisfed.org/graph/fredgraph.csv?id=TRESEGJPM052N,2026-10-09
res_exgold_jp,2002-09-01,2002-11-14,452760227180.5596,https://fred.stlouisfed.org/graph/fredgraph.csv?id=TRESEGJPM052N,2026-10-09
res_exgold_jp,2002-10-01,2002-12-15,453177263260.2866,https://fred.stlouisfed.org/graph/fredgraph.csv?id=TRESEGJPM052N,2026-10-09
res_exgold_jp,2002-11-01,2003-01-14,452621165818.1539,https://fred.stlouisfed.org/graph/fredgraph.csv?id=TRESEGJPM052N,2026-10-09
res_exgold_jp,2002-12-01,2003-02-14,461185643035.4346,https://fred.stlouisfed.org/graph/fredgraph.csv?id=TRESEGJPM052N,2026-10-09
res_exgold_jp,2003-01-01,2003-03-17,469550449588.27625,https://fred.stlouisfed.org/graph/fredgraph.csv?id=TRESEGJPM052N,2026-10-09
res_exgold_jp,2003-02-01,2003-04-14,476716041953.4022,https://fred.stlouisfed.org/graph/fredgraph.csv?id=TRESEGJPM052N,2026-10-09
res_exgold_jp,2003-03-01,2003-05-15,487942578595.8231,https://fred.stlouisfed.org/graph/fredgraph.csv?id=TRESEGJPM052N,2026-10-09
res_exgold_jp,2003-04-01,2003-06-14,491156778306.89374,https://fred.stlouisfed.org/graph/fredgraph.csv?id=TRESEGJPM052N,2026-10-09
res_exgold_jp,2003-05-01,2003-07-15,534196071349.7641,https://fred.stlouisfed.org/graph/fredgraph.csv?id=TRESEGJPM052N,2026-10-09
res_exgold_jp,2003-06-01,2003-08-14,537104117398.9421,https://fred.stlouisfed.org/graph/fredgraph.csv?id=TRESEGJPM052N,2026-10-09
res_exgold_jp,2003-07-01,2003-09-14,548107798685.445,https://fred.stlouisfed.org/graph/fredgraph.csv?id=TRESEGJPM052N,2026-10-09
res_exgold_jp,2003-08-01,2003-10-15,545879488738.0935,https://fred.stlouisfed.org/graph/fredgraph.csv?id=TRESEGJPM052N,2026-10-09
res_exgold_jp,2003-09-01,2003-11-14,595325984634.016,https://fred.stlouisfed.org/graph/fredgraph.csv?id=TRESEGJPM052N,2026-10-09
res_exgold_jp,2003-10-01,2003-12-15,616766445298.8982,https://fred.stlouisfed.org/graph/fredgraph.csv?id=TRESEGJPM052N,2026-10-09
res_exgold_jp,2003-11-01,2004-01-14,634839407869.1926,https://fred.stlouisfed.org/graph/fredgraph.csv?id=TRESEGJPM052N,2026-10-09
res_exgold_jp,2003-12-01,2004-02-14,663289093568.5723,https://fred.stlouisfed.org/graph/fredgraph.csv?id=TRESEGJPM052N,2026-10-09
res_exgold_jp,2004-01-01,2004-03-16,731410932785.4452,https://fred.stlouisfed.org/graph/fredgraph.csv?id=TRESEGJPM052N,2026-10-09
res_exgold_jp,2004-02-01,2004-04-14,767118550030.9335,https://fred.stlouisfed.org/graph/fredgraph.csv?id=TRESEGJPM052N,2026-10-09
res_exgold_jp,2004-03-01,2004-05-15,816150961551.1028,https://fred.stlouisfed.org/graph/fredgraph.csv?id=TRESEGJPM052N,2026-10-09
res_exgold_jp,2004-04-01,2004-06-14,805409094594.1041,https://fred.stlouisfed.org/graph/fredgraph.csv?id=TRESEGJPM052N,2026-10-09
res_exgold_jp,2004-05-01,2004-07-15,807172244609.8008,https://fred.stlouisfed.org/graph/fredgraph.csv?id=TRESEGJPM052N,2026-10-09
res_exgold_jp,2004-06-01,2004-08-14,808214136867.4169,https://fred.stlouisfed.org/graph/fredgraph.csv?id=TRESEGJPM052N,2026-10-09
res_exgold_jp,2004-07-01,2004-09-14,809574067370.1796,https://fred.stlouisfed.org/graph/fredgraph.csv?id=TRESEGJPM052N,2026-10-09
res_exgold_jp,2004-08-01,2004-10-15,817934904051.78,https://fred.stlouisfed.org/graph/fredgraph.csv?id=TRESEGJPM052N,2026-10-09
res_exgold_jp,2004-09-01,2004-11-14,820765264511.4567,https://fred.stlouisfed.org/graph/fredgraph.csv?id=TRESEGJPM052N,2026-10-09
res_exgold_jp,2004-10-01,2004-12-15,827407160633.084,https://fred.stlouisfed.org/graph/fredgraph.csv?id=TRESEGJPM052N,2026-10-09
res_exgold_jp,2004-11-01,2005-01-14,828932042825.6349,https://fred.stlouisfed.org/graph/fredgraph.csv?id=TRESEGJPM052N,2026-10-09
res_exgold_jp,2004-12-01,2005-02-14,833891294560.4369,https://fred.stlouisfed.org/graph/fredgraph.csv?id=TRESEGJPM052N,2026-10-09
res_exgold_jp,2005-01-01,2005-03-17,830580084779.7031,https://fred.stlouisfed.org/graph/fredgraph.csv?id=TRESEGJPM052N,2026-10-09
res_exgold_jp,2005-02-01,2005-04-14,829850746186.1122,https://fred.stlouisfed.org/graph/fredgraph.csv?id=TRESEGJPM052N,2026-10-09
res_exgold_jp,2005-03-01,2005-05-15,827199609682.8778,https://fred.stlouisfed.org/graph/fredgraph.csv?id=TRESEGJPM052N,2026-10-09
res_exgold_jp,2005-04-01,2005-06-14,832881801110.5869,https://fred.stlouisfed.org/graph/fredgraph.csv?id=TRESEGJPM052N,2026-10-09
res_exgold_jp,2005-05-01,2005-07-15,832272407462.6359,https://fred.stlouisfed.org/graph/fredgraph.csv?id=TRESEGJPM052N,2026-10-09
res_exgold_jp,2005-06-01,2005-08-14,832782850046.0289,https://fred.stlouisfed.org/graph/fredgraph.csv?id=TRESEGJPM052N,2026-10-09
res_exgold_jp,2005-07-01,2005-09-14,828823390660.7972,https://fred.stlouisfed.org/graph/fredgraph.csv?id=TRESEGJPM052N,2026-10-09
res_exgold_jp,2005-08-01,2005-10-15,837106647595.3564,https://fred.stlouisfed.org/graph/fredgraph.csv?id=TRESEGJPM052N,2026-10-09
res_exgold_jp,2005-09-01,2005-11-14,831920663454.6534,https://fred.stlouisfed.org/graph/fredgraph.csv?id=TRESEGJPM052N,2026-10-09
res_exgold_jp,2005-10-01,2005-12-15,830211721125.9868,https://fred.stlouisfed.org/graph/fredgraph.csv?id=TRESEGJPM052N,2026-10-09
res_exgold_jp,2005-11-01,2006-01-14,831075504003.2471,https://fred.stlouisfed.org/graph/fredgraph.csv?id=TRESEGJPM052N,2026-10-09
res_exgold_jp,2005-12-01,2006-02-14,834274854302.0896,https://fred.stlouisfed.org/graph/fredgraph.csv?id=TRESEGJPM052N,2026-10-09
res_exgold_jp,2006-01-01,2006-03-17,837674640821.5063,https://fred.stlouisfed.org/graph/fredgraph.csv?id=TRESEGJPM052N,2026-10-09
res_exgold_jp,2006-02-01,2006-04-14,836381133415.8951,https://fred.stlouisfed.org/graph/fredgraph.csv?id=TRESEGJPM052N,2026-10-09
res_exgold_jp,2006-03-01,2006-05-15,837712249479.4946,https://fred.stlouisfed.org/graph/fredgraph.csv?id=TRESEGJPM052N,2026-10-09
res_exgold_jp,2006-04-01,2006-06-14,844397753761.8733,https://fred.stlouisfed.org/graph/fredgraph.csv?id=TRESEGJPM052N,2026-10-09
res_exgold_jp,2006-05-01,2006-07-15,848046866145.2971,https://fred.stlouisfed.org/graph/fredgraph.csv?id=TRESEGJPM052N,2026-10-09
res_exgold_jp,2006-06-01,2006-08-14,849784536599.5822,https://fred.stlouisfed.org/graph/fredgraph.csv?id=TRESEGJPM052N,2026-10-09
res_exgold_jp,2006-07-01,2006-09-14,856377064064.364,https://fred.stlouisfed.org/graph/fredgraph.csv?id=TRESEGJPM052N,2026-10-09
res_exgold_jp,2006-08-01,2006-10-15,863407761938.7145,https://fred.stlouisfed.org/graph/fredgraph.csv?id=TRESEGJPM052N,2026-10-09
res_exgold_jp,2006-09-01,2006-11-14,866530831231.2224,https://fred.stlouisfed.org/graph/fredgraph.csv?id=TRESEGJPM052N,2026-10-09
res_exgold_jp,2006-10-01,2006-12-15,870700305845.5609,https://fred.stlouisfed.org/graph/fredgraph.csv?id=TRESEGJPM052N,2026-10-09
res_exgold_jp,2006-11-01,2007-01-14,881038995915.5673,https://fred.stlouisfed.org/graph/fredgraph.csv?id=TRESEGJPM052N,2026-10-09
res_exgold_jp,2006-12-01,2007-02-14,879681506789.3657,https://fred.stlouisfed.org/graph/fredgraph.csv?id=TRESEGJPM052N,2026-10-09
res_exgold_jp,2007-01-01,2007-03-17,879377499098.4574,https://fred.stlouisfed.org/graph/fredgraph.csv?id=TRESEGJPM052N,2026-10-09
res_exgold_jp,2007-02-01,2007-04-14,888708065273.0985,https://fred.stlouisfed.org/graph/fredgraph.csv?id=TRESEGJPM052N,2026-10-09
res_exgold_jp,2007-03-01,2007-05-15,892676808774.1819,https://fred.stlouisfed.org/graph/fredgraph.csv?id=TRESEGJPM052N,2026-10-09
res_exgold_jp,2007-04-01,2007-06-14,898967406892.9673,https://fred.stlouisfed.org/graph/fredgraph.csv?id=TRESEGJPM052N,2026-10-09
res_exgold_jp,2007-05-01,2007-07-15,894921259869.501,https://fred.stlouisfed.org/graph/fredgraph.csv?id=TRESEGJPM052N,2026-10-09
res_exgold_jp,2007-06-01,2007-08-14,897568242409.2704,https://fred.stlouisfed.org/graph/fredgraph.csv?id=TRESEGJPM052N,2026-10-09
res_exgold_jp,2007-07-01,2007-09-14,907345841882.6711,https://fred.stlouisfed.org/graph/fredgraph.csv?id=TRESEGJPM052N,2026-10-09
res_exgold_jp,2007-08-01,2007-10-15,915623403024.4884,https://fred.stlouisfed.org/graph/fredgraph.csv?id=TRESEGJPM052N,2026-10-09
res_exgold_jp,2007-09-01,2007-11-14,927322769089.593,https://fred.stlouisfed.org/graph/fredgraph.csv?id=TRESEGJPM052N,2026-10-09
res_exgold_jp,2007-10-01,2007-12-15,935060818959.7582,https://fred.stlouisfed.org/graph/fredgraph.csv?id=TRESEGJPM052N,2026-10-09
res_exgold_jp,2007-11-01,2008-01-14,950908286076.3922,https://fred.stlouisfed.org/graph/fredgraph.csv?id=TRESEGJPM052N,2026-10-09
res_exgold_jp,2007-12-01,2008-02-14,952784455942.6812,https://fred.stlouisfed.org/graph/fredgraph.csv?id=TRESEGJPM052N,2026-10-09
res_exgold_jp,2008-01-01,2008-03-16,973328539537.8516,https://fred.stlouisfed.org/graph/fredgraph.csv?id=TRESEGJPM052N,2026-10-09
res_exgold_jp,2008-02-01,2008-04-14,984078620999.3816,https://fred.stlouisfed.org/graph/fredgraph.csv?id=TRESEGJPM052N,2026-10-09
res_exgold_jp,2008-03-01,2008-05-15,992619749241.886,https://fred.stlouisfed.org/graph/fredgraph.csv?id=TRESEGJPM052N,2026-10-09
res_exgold_jp,2008-04-01,2008-06-14,982406984379.237,https://fred.stlouisfed.org/graph/fredgraph.csv?id=TRESEGJPM052N,2026-10-09
res_exgold_jp,2008-05-01,2008-07-15,975183726395.4932,https://fred.stlouisfed.org/graph/fredgraph.csv?id=TRESEGJPM052N,2026-10-09
res_exgold_jp,2008-06-01,2008-08-14,978663093325.2087,https://fred.stlouisfed.org/graph/fredgraph.csv?id=TRESEGJPM052N,2026-10-09
res_exgold_jp,2008-07-01,2008-09-14,982072849891.7252,https://fred.stlouisfed.org/graph/fredgraph.csv?id=TRESEGJPM052N,2026-10-09
res_exgold_jp,2008-08-01,2008-10-15,976248335104.1532,https://fred.stlouisfed.org/graph/fredgraph.csv?id=TRESEGJPM052N,2026-10-09
res_exgold_jp,2008-09-01,2008-11-14,974129797813.3484,https://fred.stlouisfed.org/graph/fredgraph.csv?id=TRESEGJPM052N,2026-10-09
res_exgold_jp,2008-10-01,2008-12-15,959744211622.4072,https://fred.stlouisfed.org/graph/fredgraph.csv?id=TRESEGJPM052N,2026-10-09
res_exgold_jp,2008-11-01,2009-01-14,982799405417.9928,https://fred.stlouisfed.org/graph/fredgraph.csv?id=TRESEGJPM052N,2026-10-09
res_exgold_jp,2008-12-01,2009-02-14,1009364782806.587,https://fred.stlouisfed.org/graph/fredgraph.csv?id=TRESEGJPM052N,2026-10-09
res_exgold_jp,2009-01-01,2009-03-17,988335157315.7924,https://fred.stlouisfed.org/graph/fredgraph.csv?id=TRESEGJPM052N,2026-10-09
res_exgold_jp,2009-02-01,2009-04-14,985931859548.2867,https://fred.stlouisfed.org/graph/fredgraph.csv?id=TRESEGJPM052N,2026-10-09
res_exgold_jp,2009-03-01,2009-05-15,996002167186.7034,https://fred.stlouisfed.org/graph/fredgraph.csv?id=TRESEGJPM052N,2026-10-09
res_exgold_jp,2009-04-01,2009-06-14,989743632060.776,https://fred.stlouisfed.org/graph/fredgraph.csv?id=TRESEGJPM052N,2026-10-09
res_exgold_jp,2009-05-01,2009-07-15,1000012074424.048,https://fred.stlouisfed.org/graph/fredgraph.csv?id=TRESEGJPM052N,2026-10-09
res_exgold_jp,2009-06-01,2009-08-14,996184146017.919,https://fred.stlouisfed.org/graph/fredgraph.csv?id=TRESEGJPM052N,2026-10-09
res_exgold_jp,2009-07-01,2009-09-14,1001555946807.75,https://fred.stlouisfed.org/graph/fredgraph.csv?id=TRESEGJPM052N,2026-10-09
res_exgold_jp,2009-08-01,2009-10-15,1021492986960.961,https://fred.stlouisfed.org/graph/fredgraph.csv?id=TRESEGJPM052N,2026-10-09
res_exgold_jp,2009-09-01,2009-11-14,1030791181539.188,https://fred.stlouisfed.org/graph/fredgraph.csv?id=TRESEGJPM052N,2026-10-09
res_exgold_jp,2009-10-01,2009-12-15,1033884200038.475,https://fred.stlouisfed.org/graph/fredgraph.csv?id=TRESEGJPM052N,2026-10-09
res_exgold_jp,2009-11-01,2010-01-14,1047473914296.48,https://fred.stlouisfed.org/graph/fredgraph.csv?id=TRESEGJPM052N,2026-10-09
res_exgold_jp,2009-12-01,2010-02-14,1024899798741.458,https://fred.stlouisfed.org/graph/fredgraph.csv?id=TRESEGJPM052N,2026-10-09
res_exgold_jp,2010-01-01,2010-03-17,1029178187718.461,https://fred.stlouisfed.org/graph/fredgraph.csv?id=TRESEGJPM052N,2026-10-09
res_exgold_jp,2010-02-01,2010-04-14,1028171967198.116,https://fred.stlouisfed.org/graph/fredgraph.csv?id=TRESEGJPM052N,2026-10-09
res_exgold_jp,2010-03-01,2010-05-15,1019588819300.486,https://fred.stlouisfed.org/graph/fredgraph.csv?id=TRESEGJPM052N,2026-10-09
res_exgold_jp,2010-04-01,2010-06-14,1022158156452.018,https://fred.stlouisfed.org/graph/fredgraph.csv?id=TRESEGJPM052N,2026-10-09
res_exgold_jp,2010-05-01,2010-07-15,1016767195103.756,https://fred.stlouisfed.org/graph/fredgraph.csv?id=TRESEGJPM052N,2026-10-09
res_exgold_jp,2010-06-01,2010-08-14,1024803060146.706,https://fred.stlouisfed.org/graph/fredgraph.csv?id=TRESEGJPM052N,2026-10-09
res_exgold_jp,2010-07-01,2010-09-14,1040856458069.238,https://fred.stlouisfed.org/graph/fredgraph.csv?id=TRESEGJPM052N,2026-10-09
res_exgold_jp,2010-08-01,2010-10-15,1045558052018.246,https://fred.stlouisfed.org/graph/fredgraph.csv?id=TRESEGJPM052N,2026-10-09
res_exgold_jp,2010-09-01,2010-11-14,1085112130926.7412,https://fred.stlouisfed.org/graph/fredgraph.csv?id=TRESEGJPM052N,2026-10-09
res_exgold_jp,2010-10-01,2010-12-15,1092742614114.008,https://fred.stlouisfed.org/graph/fredgraph.csv?id=TRESEGJPM052N,2026-10-09
res_exgold_jp,2010-11-01,2011-01-14,1074521272886.6469,https://fred.stlouisfed.org/graph/fredgraph.csv?id=TRESEGJPM052N,2026-10-09
res_exgold_jp,2010-12-01,2011-02-14,1069985031214.964,https://fred.stlouisfed.org/graph/fredgraph.csv?id=TRESEGJPM052N,2026-10-09
res_exgold_jp,2011-01-01,2011-03-17,1070470104776.2452,https://fred.stlouisfed.org/graph/fredgraph.csv?id=TRESEGJPM052N,2026-10-09
res_exgold_jp,2011-02-01,2011-04-14,1067050401286.44,https://fred.stlouisfed.org/graph/fredgraph.csv?id=TRESEGJPM052N,2026-10-09
res_exgold_jp,2011-03-01,2011-05-15,1080615898637.1,https://fred.stlouisfed.org/graph/fredgraph.csv?id=TRESEGJPM052N,2026-10-09
res_exgold_jp,2011-04-01,2011-06-14,1097759391177.772,https://fred.stlouisfed.org/graph/fredgraph.csv?id=TRESEGJPM052N,2026-10-09
res_exgold_jp,2011-05-01,2011-07-15,1101717493507.284,https://fred.stlouisfed.org/graph/fredgraph.csv?id=TRESEGJPM052N,2026-10-09
res_exgold_jp,2011-06-01,2011-08-14,1100758752340.2551,https://fred.stlouisfed.org/graph/fredgraph.csv?id=TRESEGJPM052N,2026-10-09
res_exgold_jp,2011-07-01,2011-09-14,1110795252555.601,https://fred.stlouisfed.org/graph/fredgraph.csv?id=TRESEGJPM052N,2026-10-09
res_exgold_jp,2011-08-01,2011-10-15,1173880621291.833,https://fred.stlouisfed.org/graph/fredgraph.csv?id=TRESEGJPM052N,2026-10-09
res_exgold_jp,2011-09-01,2011-11-14,1160731043681.747,https://fred.stlouisfed.org/graph/fredgraph.csv?id=TRESEGJPM052N,2026-10-09
res_exgold_jp,2011-10-01,2011-12-15,1167506391684.4822,https://fred.stlouisfed.org/graph/fredgraph.csv?id=TRESEGJPM052N,2026-10-09
res_exgold_jp,2011-11-01,2012-01-14,1261806314038.174,https://fred.stlouisfed.org/graph/fredgraph.csv?id=TRESEGJPM052N,2026-10-09
res_exgold_jp,2011-12-01,2012-02-14,1258172340310.093,https://fred.stlouisfed.org/graph/fredgraph.csv?id=TRESEGJPM052N,2026-10-09
res_exgold_jp,2012-01-01,2012-03-16,1263758440525.197,https://fred.stlouisfed.org/graph/fredgraph.csv?id=TRESEGJPM052N,2026-10-09
res_exgold_jp,2012-02-01,2012-04-14,1259330723371.777,https://fred.stlouisfed.org/graph/fredgraph.csv?id=TRESEGJPM052N,2026-10-09
res_exgold_jp,2012-03-01,2012-05-15,1247800128571.03,https://fred.stlouisfed.org/graph/fredgraph.csv?id=TRESEGJPM052N,2026-10-09
res_exgold_jp,2012-04-01,2012-06-14,1248875208937.659,https://fred.stlouisfed.org/graph/fredgraph.csv?id=TRESEGJPM052N,2026-10-09
res_exgold_jp,2012-05-01,2012-07-15,1239348179195.003,https://fred.stlouisfed.org/graph/fredgraph.csv?id=TRESEGJPM052N,2026-10-09
res_exgold_jp,2012-06-01,2012-08-14,1231181753601.899,https://fred.stlouisfed.org/graph/fredgraph.csv?id=TRESEGJPM052N,2026-10-09
res_exgold_jp,2012-07-01,2012-09-14,1232833705836.038,https://fred.stlouisfed.org/graph/fredgraph.csv?id=TRESEGJPM052N,2026-10-09
res_exgold_jp,2012-08-01,2012-10-15,1232647945303.368,https://fred.stlouisfed.org/graph/fredgraph.csv?id=TRESEGJPM052N,2026-10-09
res_exgold_jp,2012-09-01,2012-11-14,1233267259920.516,https://fred.stlouisfed.org/graph/fredgraph.csv?id=TRESEGJPM052N,2026-10-09
res_exgold_jp,2012-10-01,2012-12-15,1231830371120.457,https://fred.stlouisfed.org/graph/fredgraph.csv?id=TRESEGJPM052N,2026-10-09
res_exgold_jp,2012-11-01,2013-01-14,1228346115282.728,https://fred.stlouisfed.org/graph/fredgraph.csv?id=TRESEGJPM052N,2026-10-09
res_exgold_jp,2012-12-01,2013-02-14,1227147063679.202,https://fred.stlouisfed.org/graph/fredgraph.csv?id=TRESEGJPM052N,2026-10-09
res_exgold_jp,2013-01-01,2013-03-17,1226302762187.34,https://fred.stlouisfed.org/graph/fredgraph.csv?id=TRESEGJPM052N,2026-10-09
res_exgold_jp,2013-02-01,2013-04-14,1219691396187.172,https://fred.stlouisfed.org/graph/fredgraph.csv?id=TRESEGJPM052N,2026-10-09
res_exgold_jp,2013-03-01,2013-05-15,1214997210803.509,https://fred.stlouisfed.org/graph/fredgraph.csv?id=TRESEGJPM052N,2026-10-09
res_exgold_jp,2013-04-01,2013-06-14,1221784233656.41,https://fred.stlouisfed.org/graph/fredgraph.csv?id=TRESEGJPM052N,2026-10-09
res_exgold_jp,2013-05-01,2013-07-15,1215898160646.868,https://fred.stlouisfed.org/graph/fredgraph.csv?id=TRESEGJPM052N,2026-10-09
res_exgold_jp,2013-06-01,2013-08-14,1209351061086.279,https://fred.stlouisfed.org/graph/fredgraph.csv?id=TRESEGJPM052N,2026-10-09
res_exgold_jp,2013-07-01,2013-09-14,1221653816522.05,https://fred.stlouisfed.org/graph/fredgraph.csv?id=TRESEGJPM052N,2026-10-09
res_exgold_jp,2013-08-01,2013-10-15,1219852378967.37,https://fred.stlouisfed.org/graph/fredgraph.csv?id=TRESEGJPM052N,2026-10-09
res_exgold_jp,2013-09-01,2013-11-14,1240771725745.756,https://fred.stlouisfed.org/graph/fredgraph.csv?id=TRESEGJPM052N,2026-10-09
res_exgold_jp,2013-10-01,2013-12-15,1244137846291.323,https://fred.stlouisfed.org/graph/fredgraph.csv?id=TRESEGJPM052N,2026-10-09
res_exgold_jp,2013-11-01,2014-01-14,1244488148261.071,https://fred.stlouisfed.org/graph/fredgraph.csv?id=TRESEGJPM052N,2026-10-09
res_exgold_jp,2013-12-01,2014-02-14,1237217761751.349,https://fred.stlouisfed.org/graph/fredgraph.csv?id=TRESEGJPM052N,2026-10-09
res_exgold_jp,2014-01-01,2014-03-17,1246241568347.895,https://fred.stlouisfed.org/graph/fredgraph.csv?id=TRESEGJPM052N,2026-10-09
res_exgold_jp,2014-02-01,2014-04-14,1255532503094.8062,https://fred.stlouisfed.org/graph/fredgraph.csv?id=TRESEGJPM052N,2026-10-09
res_exgold_jp,2014-03-01,2014-05-15,1247526257300.776,https://fred.stlouisfed.org/graph/fredgraph.csv?id=TRESEGJPM052N,2026-10-09
res_exgold_jp,2014-04-01,2014-06-14,1251081484960.25,https://fred.stlouisfed.org/graph/fredgraph.csv?id=TRESEGJPM052N,2026-10-09
res_exgold_jp,2014-05-01,2014-07-15,1253118062430.6792,https://fred.stlouisfed.org/graph/fredgraph.csv?id=TRESEGJPM052N,2026-10-09
res_exgold_jp,2014-06-01,2014-08-14,1251528819902.114,https://fred.stlouisfed.org/graph/fredgraph.csv?id=TRESEGJPM052N,2026-10-09
res_exgold_jp,2014-07-01,2014-09-14,1244368208383.292,https://fred.stlouisfed.org/graph/fredgraph.csv?id=TRESEGJPM052N,2026-10-09
res_exgold_jp,2014-08-01,2014-10-15,1246342167026.777,https://fred.stlouisfed.org/graph/fredgraph.csv?id=TRESEGJPM052N,2026-10-09
res_exgold_jp,2014-09-01,2014-11-14,1234441231244.57,https://fred.stlouisfed.org/graph/fredgraph.csv?id=TRESEGJPM052N,2026-10-09
res_exgold_jp,2014-10-01,2014-12-15,1237244928821.477,https://fred.stlouisfed.org/graph/fredgraph.csv?id=TRESEGJPM052N,2026-10-09
res_exgold_jp,2014-11-01,2015-01-14,1239944742160.457,https://fred.stlouisfed.org/graph/fredgraph.csv?id=TRESEGJPM052N,2026-10-09
res_exgold_jp,2014-12-01,2015-02-14,1231009767133.568,https://fred.stlouisfed.org/graph/fredgraph.csv?id=TRESEGJPM052N,2026-10-09
res_exgold_jp,2015-01-01,2015-03-17,1230062142729.858,https://fred.stlouisfed.org/graph/fredgraph.csv?id=TRESEGJPM052N,2026-10-09
res_exgold_jp,2015-02-01,2015-04-14,1221209532619.878,https://fred.stlouisfed.org/graph/fredgraph.csv?id=TRESEGJPM052N,2026-10-09
res_exgold_jp,2015-03-01,2015-05-15,1216078993531.5662,https://fred.stlouisfed.org/graph/fredgraph.csv?id=TRESEGJPM052N,2026-10-09
res_exgold_jp,2015-04-01,2015-06-14,1221000983297.399,https://fred.stlouisfed.org/graph/fredgraph.csv?id=TRESEGJPM052N,2026-10-09
res_exgold_jp,2015-05-01,2015-07-15,1216408746593.619,https://fred.stlouisfed.org/graph/fredgraph.csv?id=TRESEGJPM052N,2026-10-09
res_exgold_jp,2015-06-01,2015-08-14,1214090880739.312,https://fred.stlouisfed.org/graph/fredgraph.csv?id=TRESEGJPM052N,2026-10-09
res_exgold_jp,2015-07-01,2015-09-14,1215258399711.2969,https://fred.stlouisfed.org/graph/fredgraph.csv?id=TRESEGJPM052N,2026-10-09
res_exgold_jp,2015-08-01,2015-10-15,1216193350161.156,https://fred.stlouisfed.org/graph/fredgraph.csv?id=TRESEGJPM052N,2026-10-09
res_exgold_jp,2015-09-01,2015-11-14,1221495051661.672,https://fred.stlouisfed.org/graph/fredgraph.csv?id=TRESEGJPM052N,2026-10-09
res_exgold_jp,2015-10-01,2015-12-15,1216072142483.978,https://fred.stlouisfed.org/graph/fredgraph.csv?id=TRESEGJPM052N,2026-10-09
res_exgold_jp,2015-11-01,2016-01-14,1206849215545.2642,https://fred.stlouisfed.org/graph/fredgraph.csv?id=TRESEGJPM052N,2026-10-09
res_exgold_jp,2015-12-01,2016-02-14,1207019203627.5662,https://fred.stlouisfed.org/graph/fredgraph.csv?id=TRESEGJPM052N,2026-10-09
res_exgold_jp,2016-01-01,2016-03-16,1220692708197.527,https://fred.stlouisfed.org/graph/fredgraph.csv?id=TRESEGJPM052N,2026-10-09
res_exgold_jp,2016-02-01,2016-04-14,1223709323085.36,https://fred.stlouisfed.org/graph/fredgraph.csv?id=TRESEGJPM052N,2026-10-09
res_exgold_jp,2016-03-01,2016-05-15,1231603780650.987,https://fred.stlouisfed.org/graph/fredgraph.csv?id=TRESEGJPM052N,2026-10-09
res_exgold_jp,2016-04-01,2016-06-14,1230816394652.697,https://fred.stlouisfed.org/graph/fredgraph.csv?id=TRESEGJPM052N,2026-10-09
res_exgold_jp,2016-05-01,2016-07-15,1224086070881.85,https://fred.stlouisfed.org/graph/fredgraph.csv?id=TRESEGJPM052N,2026-10-09
res_exgold_jp,2016-06-01,2016-08-14,1232848471961.5708,https://fred.stlouisfed.org/graph/fredgraph.csv?id=TRESEGJPM052N,2026-10-09
res_exgold_jp,2016-07-01,2016-09-14,1231672220987.377,https://fred.stlouisfed.org/graph/fredgraph.csv?id=TRESEGJPM052N,2026-10-09
res_exgold_jp,2016-08-01,2016-10-15,1223782705657.126,https://fred.stlouisfed.org/graph/fredgraph.csv?id=TRESEGJPM052N,2026-10-09
res_exgold_jp,2016-09-01,2016-11-14,1227547436272.731,https://fred.stlouisfed.org/graph/fredgraph.csv?id=TRESEGJPM052N,2026-10-09
res_exgold_jp,2016-10-01,2016-12-15,1211436938985.989,https://fred.stlouisfed.org/graph/fredgraph.csv?id=TRESEGJPM052N,2026-10-09
res_exgold_jp,2016-11-01,2017-01-14,1190247955139.0178,https://fred.stlouisfed.org/graph/fredgraph.csv?id=TRESEGJPM052N,2026-10-09
res_exgold_jp,2016-12-01,2017-02-14,1188326843648.839,https://fred.stlouisfed.org/graph/fredgraph.csv?id=TRESEGJPM052N,2026-10-09
res_exgold_jp,2017-01-01,2017-03-17,1201624188036.058,https://fred.stlouisfed.org/graph/fredgraph.csv?id=TRESEGJPM052N,2026-10-09
res_exgold_jp,2017-02-01,2017-04-14,1201341254676.684,https://fred.stlouisfed.org/graph/fredgraph.csv?id=TRESEGJPM052N,2026-10-09
res_exgold_jp,2017-03-01,2017-05-15,1199593189285.782,https://fred.stlouisfed.org/graph/fredgraph.csv?id=TRESEGJPM052N,2026-10-09
res_exgold_jp,2017-04-01,2017-06-14,1211022725877.524,https://fred.stlouisfed.org/graph/fredgraph.csv?id=TRESEGJPM052N,2026-10-09
res_exgold_jp,2017-05-01,2017-07-15,1220604572008.206,https://fred.stlouisfed.org/graph/fredgraph.csv?id=TRESEGJPM052N,2026-10-09
res_exgold_jp,2017-06-01,2017-08-14,1219168559202.846,https://fred.stlouisfed.org/graph/fredgraph.csv?id=TRESEGJPM052N,2026-10-09
res_exgold_jp,2017-07-01,2017-09-14,1228708698672.774,https://fred.stlouisfed.org/graph/fredgraph.csv?id=TRESEGJPM052N,2026-10-09
res_exgold_jp,2017-08-01,2017-10-15,1235594055721.472,https://fred.stlouisfed.org/graph/fredgraph.csv?id=TRESEGJPM052N,2026-10-09
res_exgold_jp,2017-09-01,2017-11-14,1234600362053.8582,https://fred.stlouisfed.org/graph/fredgraph.csv?id=TRESEGJPM052N,2026-10-09
res_exgold_jp,2017-10-01,2017-12-15,1229533053810.702,https://fred.stlouisfed.org/graph/fredgraph.csv?id=TRESEGJPM052N,2026-10-09
res_exgold_jp,2017-11-01,2018-01-14,1229608199523.004,https://fred.stlouisfed.org/graph/fredgraph.csv?id=TRESEGJPM052N,2026-10-09
res_exgold_jp,2017-12-01,2018-02-14,1232243916612.668,https://fred.stlouisfed.org/graph/fredgraph.csv?id=TRESEGJPM052N,2026-10-09
res_exgold_jp,2018-01-01,2018-03-17,1235295054811.128,https://fred.stlouisfed.org/graph/fredgraph.csv?id=TRESEGJPM052N,2026-10-09
res_exgold_jp,2018-02-01,2018-04-14,1229187348646.722,https://fred.stlouisfed.org/graph/fredgraph.csv?id=TRESEGJPM052N,2026-10-09
res_exgold_jp,2018-03-01,2018-05-15,1235573134296.373,https://fred.stlouisfed.org/graph/fredgraph.csv?id=TRESEGJPM052N,2026-10-09
res_exgold_jp,2018-04-01,2018-06-14,1223566399735.396,https://fred.stlouisfed.org/graph/fredgraph.csv?id=TRESEGJPM052N,2026-10-09
res_exgold_jp,2018-05-01,2018-07-15,1222228220806.358,https://fred.stlouisfed.org/graph/fredgraph.csv?id=TRESEGJPM052N,2026-10-09
res_exgold_jp,2018-06-01,2018-08-14,1227775483859.579,https://fred.stlouisfed.org/graph/fredgraph.csv?id=TRESEGJPM052N,2026-10-09
res_exgold_jp,2018-07-01,2018-09-14,1225959471244.474,https://fred.stlouisfed.org/graph/fredgraph.csv?id=TRESEGJPM052N,2026-10-09
res_exgold_jp,2018-08-01,2018-10-15,1229453114286.0352,https://fred.stlouisfed.org/graph/fredgraph.csv?id=TRESEGJPM052N,2026-10-09
res_exgold_jp,2018-09-01,2018-11-14,1230192003133.7332,https://fred.stlouisfed.org/graph/fredgraph.csv?id=TRESEGJPM052N,2026-10-09
res_exgold_jp,2018-10-01,2018-12-15,1222712016086.5652,https://fred.stlouisfed.org/graph/fredgraph.csv?id=TRESEGJPM052N,2026-10-09
res_exgold_jp,2018-11-01,2019-01-14,1228030739515.152,https://fred.stlouisfed.org/graph/fredgraph.csv?id=TRESEGJPM052N,2026-10-09
res_exgold_jp,2018-12-01,2019-02-14,1238935321253.3809,https://fred.stlouisfed.org/graph/fredgraph.csv?id=TRESEGJPM052N,2026-10-09
res_exgold_jp,2019-01-01,2019-03-17,1246225332038.155,https://fred.stlouisfed.org/graph/fredgraph.csv?id=TRESEGJPM052N,2026-10-09
res_exgold_jp,2019-02-01,2019-04-14,1248885451473.4658,https://fred.stlouisfed.org/graph/fredgraph.csv?id=TRESEGJPM052N,2026-10-09
res_exgold_jp,2019-03-01,2019-05-15,1259251486813.701,https://fred.stlouisfed.org/graph/fredgraph.csv?id=TRESEGJPM052N,2026-10-09
res_exgold_jp,2019-04-01,2019-06-14,1261260255664.291,https://fred.stlouisfed.org/graph/fredgraph.csv?id=TRESEGJPM052N,2026-10-09
res_exgold_jp,2019-05-01,2019-07-15,1275399361517.5852,https://fred.stlouisfed.org/graph/fredgraph.csv?id=TRESEGJPM052N,2026-10-09
res_exgold_jp,2019-06-01,2019-08-14,1286857470188.999,https://fred.stlouisfed.org/graph/fredgraph.csv?id=TRESEGJPM052N,2026-10-09
res_exgold_jp,2019-07-01,2019-09-14,1280456076115.601,https://fred.stlouisfed.org/graph/fredgraph.csv?id=TRESEGJPM052N,2026-10-09
res_exgold_jp,2019-08-01,2019-10-15,1293118463304.566,https://fred.stlouisfed.org/graph/fredgraph.csv?id=TRESEGJPM052N,2026-10-09
res_exgold_jp,2019-09-01,2019-11-14,1285150432750.156,https://fred.stlouisfed.org/graph/fredgraph.csv?id=TRESEGJPM052N,2026-10-09
res_exgold_jp,2019-10-01,2019-12-15,1286396247690.211,https://fred.stlouisfed.org/graph/fredgraph.csv?id=TRESEGJPM052N,2026-10-09
res_exgold_jp,2019-11-01,2020-01-14,1280510213096.096,https://fred.stlouisfed.org/graph/fredgraph.csv?id=TRESEGJPM052N,2026-10-09
res_exgold_jp,2019-12-01,2020-02-14,1284973739113.36,https://fred.stlouisfed.org/graph/fredgraph.csv?id=TRESEGJPM052N,2026-10-09
res_exgold_jp,2020-01-01,2020-03-16,1301939806748.99,https://fred.stlouisfed.org/graph/fredgraph.csv?id=TRESEGJPM052N,2026-10-09
res_exgold_jp,2020-02-01,2020-04-14,1318087863729.31,https://fred.stlouisfed.org/graph/fredgraph.csv?id=TRESEGJPM052N,2026-10-09
res_exgold_jp,2020-03-01,2020-05-15,1325252226660.243,https://fred.stlouisfed.org/graph/fredgraph.csv?id=TRESEGJPM052N,2026-10-09
res_exgold_jp,2020-04-01,2020-06-14,1323901716821.366,https://fred.stlouisfed.org/graph/fredgraph.csv?id=TRESEGJPM052N,2026-10-09
res_exgold_jp,2020-05-01,2020-07-15,1332801151492.825,https://fred.stlouisfed.org/graph/fredgraph.csv?id=TRESEGJPM052N,2026-10-09
res_exgold_jp,2020-06-01,2020-08-14,1336144676626.244,https://fred.stlouisfed.org/graph/fredgraph.csv?id=TRESEGJPM052N,2026-10-09
res_exgold_jp,2020-07-01,2020-09-14,1350518317633.676,https://fred.stlouisfed.org/graph/fredgraph.csv?id=TRESEGJPM052N,2026-10-09
res_exgold_jp,2020-08-01,2020-10-15,1346730208106.248,https://fred.stlouisfed.org/graph/fredgraph.csv?id=TRESEGJPM052N,2026-10-09
res_exgold_jp,2020-09-01,2020-11-14,1339755692292.967,https://fred.stlouisfed.org/graph/fredgraph.csv?id=TRESEGJPM052N,2026-10-09
res_exgold_jp,2020-10-01,2020-12-15,1334464328180.848,https://fred.stlouisfed.org/graph/fredgraph.csv?id=TRESEGJPM052N,2026-10-09
res_exgold_jp,2020-11-01,2021-01-14,1337596480000.858,https://fred.stlouisfed.org/graph/fredgraph.csv?id=TRESEGJPM052N,2026-10-09
res_exgold_jp,2020-12-01,2021-02-14,1344283264565.795,https://fred.stlouisfed.org/graph/fredgraph.csv?id=TRESEGJPM052N,2026-10-09
res_exgold_jp,2021-01-01,2021-03-17,1342338191890.303,https://fred.stlouisfed.org/graph/fredgraph.csv?id=TRESEGJPM052N,2026-10-09
res_exgold_jp,2021-02-01,2021-04-14,1332672621297.474,https://fred.stlouisfed.org/graph/fredgraph.csv?id=TRESEGJPM052N,2026-10-09
res_exgold_jp,2021-03-01,2021-05-15,1318667416235.245,https://fred.stlouisfed.org/graph/fredgraph.csv?id=TRESEGJPM052N,2026-10-09
res_exgold_jp,2021-04-01,2021-06-14,1326538210511.427,https://fred.stlouisfed.org/graph/fredgraph.csv?id=TRESEGJPM052N,2026-10-09
res_exgold_jp,2021-05-01,2021-07-15,1331958359301.706,https://fred.stlouisfed.org/graph/fredgraph.csv?id=TRESEGJPM052N,2026-10-09
res_exgold_jp,2021-06-01,2021-08-14,1324702353805.841,https://fred.stlouisfed.org/graph/fredgraph.csv?id=TRESEGJPM052N,2026-10-09
res_exgold_jp,2021-07-01,2021-09-14,1333027043581.816,https://fred.stlouisfed.org/graph/fredgraph.csv?id=TRESEGJPM052N,2026-10-09
res_exgold_jp,2021-08-01,2021-10-15,1371116315187.838,https://fred.stlouisfed.org/graph/fredgraph.csv?id=TRESEGJPM052N,2026-10-09
res_exgold_jp,2021-09-01,2021-11-14,1358141208784.8772,https://fred.stlouisfed.org/graph/fredgraph.csv?id=TRESEGJPM052N,2026-10-09
res_exgold_jp,2021-10-01,2021-12-15,1352621709922.097,https://fred.stlouisfed.org/graph/fredgraph.csv?id=TRESEGJPM052N,2026-10-09
res_exgold_jp,2021-11-01,2022-01-14,1356676611368.8572,https://fred.stlouisfed.org/graph/fredgraph.csv?id=TRESEGJPM052N,2026-10-09
res_exgold_jp,2021-12-01,2022-02-14,1356244308425.6948,https://fred.stlouisfed.org/graph/fredgraph.csv?id=TRESEGJPM052N,2026-10-09
res_exgold_jp,2022-01-01,2022-03-17,1337102902402.634,https://fred.stlouisfed.org/graph/fredgraph.csv?id=TRESEGJPM052N,2026-10-09
res_exgold_jp,2022-02-01,2022-04-14,1332627112184.691,https://fred.stlouisfed.org/graph/fredgraph.csv?id=TRESEGJPM052N,2026-10-09
res_exgold_jp,2022-03-01,2022-05-15,1303245904939.313,https://fred.stlouisfed.org/graph/fredgraph.csv?id=TRESEGJPM052N,2026-10-09
res_exgold_jp,2022-04-01,2022-06-14,1270206578218.261,https://fred.stlouisfed.org/graph/fredgraph.csv?id=TRESEGJPM052N,2026-10-09
res_exgold_jp,2022-05-01,2022-07-15,1279639891331.5469,https://fred.stlouisfed.org/graph/fredgraph.csv?id=TRESEGJPM052N,2026-10-09
res_exgold_jp,2022-06-01,2022-08-14,1261832317857.598,https://fred.stlouisfed.org/graph/fredgraph.csv?id=TRESEGJPM052N,2026-10-09
res_exgold_jp,2022-07-01,2022-09-14,1275342155859.042,https://fred.stlouisfed.org/graph/fredgraph.csv?id=TRESEGJPM052N,2026-10-09
res_exgold_jp,2022-08-01,2022-10-15,1245400120590.3938,https://fred.stlouisfed.org/graph/fredgraph.csv?id=TRESEGJPM052N,2026-10-09
res_exgold_jp,2022-09-01,2022-11-14,1192584026839.0918,https://fred.stlouisfed.org/graph/fredgraph.csv?id=TRESEGJPM052N,2026-10-09
res_exgold_jp,2022-10-01,2022-12-15,1149985325136.51,https://fred.stlouisfed.org/graph/fredgraph.csv?id=TRESEGJPM052N,2026-10-09
res_exgold_jp,2022-11-01,2023-01-14,1178636985091.013,https://fred.stlouisfed.org/graph/fredgraph.csv?id=TRESEGJPM052N,2026-10-09
res_exgold_jp,2022-12-01,2023-02-14,1178279371462.4512,https://fred.stlouisfed.org/graph/fredgraph.csv?id=TRESEGJPM052N,2026-10-09
res_exgold_jp,2023-01-01,2023-03-17,1197897571614.467,https://fred.stlouisfed.org/graph/fredgraph.csv?id=TRESEGJPM052N,2026-10-09
res_exgold_jp,2023-02-01,2023-04-14,1176415663119.696,https://fred.stlouisfed.org/graph/fredgraph.csv?id=TRESEGJPM052N,2026-10-09
res_exgold_jp,2023-03-01,2023-05-15,1203213342885.8152,https://fred.stlouisfed.org/graph/fredgraph.csv?id=TRESEGJPM052N,2026-10-09
res_exgold_jp,2023-04-01,2023-06-14,1211485278511.448,https://fred.stlouisfed.org/graph/fredgraph.csv?id=TRESEGJPM052N,2026-10-09
res_exgold_jp,2023-05-01,2023-07-15,1201091335065.232,https://fred.stlouisfed.org/graph/fredgraph.csv?id=TRESEGJPM052N,2026-10-09
res_exgold_jp,2023-06-01,2023-08-14,1195165286956.765,https://fred.stlouisfed.org/graph/fredgraph.csv?id=TRESEGJPM052N,2026-10-09
res_exgold_jp,2023-07-01,2023-09-14,1200070463997.894,https://fred.stlouisfed.org/graph/fredgraph.csv?id=TRESEGJPM052N,2026-10-09
res_exgold_jp,2023-08-01,2023-10-15,1198341380550.675,https://fred.stlouisfed.org/graph/fredgraph.csv?id=TRESEGJPM052N,2026-10-09
res_exgold_jp,2023-09-01,2023-11-14,1186370154063.934,https://fred.stlouisfed.org/graph/fredgraph.csv?id=TRESEGJPM052N,2026-10-09
res_exgold_jp,2023-10-01,2023-12-15,1183683373294.9082,https://fred.stlouisfed.org/graph/fredgraph.csv?id=TRESEGJPM052N,2026-10-09
res_exgold_jp,2023-11-01,2024-01-14,1214344210291.096,https://fred.stlouisfed.org/graph/fredgraph.csv?id=TRESEGJPM052N,2026-10-09
res_exgold_jp,2023-12-01,2024-02-14,1238541063446.2122,https://fred.stlouisfed.org/graph/fredgraph.csv?id=TRESEGJPM052N,2026-10-09
res_exgold_jp,2024-01-01,2024-03-16,1235945276459.0498,https://fred.stlouisfed.org/graph/fredgraph.csv?id=TRESEGJPM052N,2026-10-09
res_exgold_jp,2024-02-01,2024-04-14,1225778809437.391,https://fred.stlouisfed.org/graph/fredgraph.csv?id=TRESEGJPM052N,2026-10-09
res_exgold_jp,2024-03-01,2024-05-15,1230377135509.8052,https://fred.stlouisfed.org/graph/fredgraph.csv?id=TRESEGJPM052N,2026-10-09
res_exgold_jp,2024-04-01,2024-06-14,1216227943371.211,https://fred.stlouisfed.org/graph/fredgraph.csv?id=TRESEGJPM052N,2026-10-09
res_exgold_jp,2024-05-01,2024-07-15,1167701977258.95,https://fred.stlouisfed.org/graph/fredgraph.csv?id=TRESEGJPM052N,2026-10-09
res_exgold_jp,2024-06-01,2024-08-14,1168095827470.184,https://fred.stlouisfed.org/graph/fredgraph.csv?id=TRESEGJPM052N,2026-10-09
res_exgold_jp,2024-07-01,2024-09-14,1153084381144.116,https://fred.stlouisfed.org/graph/fredgraph.csv?id=TRESEGJPM052N,2026-10-09
res_exgold_jp,2024-08-01,2024-10-15,1167387733066.4358,https://fred.stlouisfed.org/graph/fredgraph.csv?id=TRESEGJPM052N,2026-10-09
res_exgold_jp,2024-09-01,2024-11-14,1183364812656.576,https://fred.stlouisfed.org/graph/fredgraph.csv?id=TRESEGJPM052N,2026-10-09
res_exgold_jp,2024-10-01,2024-12-15,1164583782173.946,https://fred.stlouisfed.org/graph/fredgraph.csv?id=TRESEGJPM052N,2026-10-09
res_exgold_jp,2024-11-01,2025-01-14,1166892438160.896,https://fred.stlouisfed.org/graph/fredgraph.csv?id=TRESEGJPM052N,2026-10-09
res_exgold_jp,2024-12-01,2025-02-14,1159702379068.9,https://fred.stlouisfed.org/graph/fredgraph.csv?id=TRESEGJPM052N,2026-10-09
res_exgold_jp,2025-01-01,2025-03-17,1164145910045.191,https://fred.stlouisfed.org/graph/fredgraph.csv?id=TRESEGJPM052N,2026-10-09
res_exgold_jp,2025-02-01,2025-04-14,1176183248308.768,https://fred.stlouisfed.org/graph/fredgraph.csv?id=TRESEGJPM052N,2026-10-09
res_exgold_jp,2025-03-01,2025-05-15,1187782705264.822,https://fred.stlouisfed.org/graph/fredgraph.csv?id=TRESEGJPM052N,2026-10-09
res_exgold_jp,2025-04-01,2025-06-14,1208435903608.756,https://fred.stlouisfed.org/graph/fredgraph.csv?id=TRESEGJPM052N,2026-10-09
res_exgold_jp,2025-05-01,2025-07-15,1208991505284.38,https://fred.stlouisfed.org/graph/fredgraph.csv?id=TRESEGJPM052N,2026-10-09
res_exgold_jp,2025-06-01,2025-08-14,1224366532906.018,https://fred.stlouisfed.org/graph/fredgraph.csv?id=TRESEGJPM052N,2026-10-09
res_exgold_jp,2025-07-01,2025-09-14,1214710699894.046,https://fred.stlouisfed.org/graph/fredgraph.csv?id=TRESEGJPM052N,2026-10-09
res_exgold_jp,2025-08-01,2025-10-15,1230940612062.3938,https://fred.stlouisfed.org/graph/fredgraph.csv?id=TRESEGJPM052N,2026-10-09
res_exgold_jp,2025-09-01,2025-11-14,1237223436727.542,https://fred.stlouisfed.org/graph/fredgraph.csv?id=TRESEGJPM052N,2026-10-09
res_exgold_jp,2025-10-01,2025-12-15,1238268992928.197,https://fred.stlouisfed.org/graph/fredgraph.csv?id=TRESEGJPM052N,2026-10-09
res_exgold_jp,2025-11-01,2026-01-14,1245364309428.451,https://fred.stlouisfed.org/graph/fredgraph.csv?id=TRESEGJPM052N,2026-10-09
res_exgold_jp,2025-12-01,2026-02-14,1252602947078.303,https://fred.stlouisfed.org/graph/fredgraph.csv?id=TRESEGJPM052N,2026-10-09
res_exgold_jp,2026-01-01,2026-03-17,1259248089402.852,https://fred.stlouisfed.org/graph/fredgraph.csv?id=TRESEGJPM052N,2026-10-09
res_exgold_jp,2026-02-01,2026-04-14,1268655921153.098,https://fred.stlouisfed.org/graph/fredgraph.csv?id=TRESEGJPM052N,2026-10-09
res_exgold_jp,2026-03-01,2026-05-15,1249391083460.043,https://fred.stlouisfed.org/graph/fredgraph.csv?id=TRESEGJPM052N,2026-10-09
res_exgold_jp,2026-04-01,2026-06-14,1257568562337.588,https://fred.stlouisfed.org/graph/fredgraph.csv?id=TRESEGJPM052N,2026-10-09
res_exgold_jp,2026-05-01,2026-07-15,1182228354249.704,https://fred.stlouisfed.org/graph/fredgraph.csv?id=TRESEGJPM052N,2026-10-09
res_exgold_jp,2026-06-01,2026-08-14,1177971006308.592,https://fred.stlouisfed.org/graph/fredgraph.csv?id=TRESEGJPM052N,2026-10-09
res_exgold_jp,2026-07-01,2026-09-14,1177578567719.562,https://fred.stlouisfed.org/graph/fredgraph.csv?id=TRESEGJPM052N,2026-10-09
res_exgold_jp,2026-08-01,2026-10-15,1083420490020.889,https://fred.stlouisfed.org/graph/fredgraph.csv?id=TRESEGJPM052N,2026-10-09
