series_id,ref_date,available_date,value,source,fetched_at
res_exgold_de,1950-12-01,1951-02-14,190000000.0,https://fred.stlouisfed.org/graph/fredgraph.csv?id=TRESEGDEM052N,2026-10-09
res_exgold_de,1951-12-01,1952-02-14,427000000.0,https://fred.stlouisfed.org/graph/fredgraph.csv?id=TRESEGDEM052N,2026-10-09
res_exgold_de,1952-12-01,1953-02-14,820000000.0,https://fred.stlouisfed.org/graph/fredgraph.csv?id=TRESEGDEM052N,2026-10-09
res_exgold_de,1953-12-01,1954-02-14,1448410000.0,https://fred.stlouisfed.org/graph/fredgraph.csv?id=TRESEGDEM052N,2026-10-09
res_exgold_de,1954-12-01,1955-02-14,1951500000.0,https://fred.stlouisfed.org/graph/fredgraph.csv?id=TRESEGDEM052N,2026-10-09
res_exgold_de,1955-12-01,1956-02-14,2095500000.0,https://fred.stlouisfed.org/graph/fredgraph.csv?id=TRESEGDEM052N,2026-10-09
res_exgold_de,1956-12-01,1957-02-14,2707510000.0,https://fred.stlouisfed.org/graph/fredgraph.csv?id=TRESEGDEM052N,2026-10-09
res_exgold_de,1957-01-01,1957-03-17,2709510000.0,https://fred.stlouisfed.org/graph/fredgraph.csv?id=TRESEGDEM052N,2026-10-09
res_exgold_de,1957-02-01,1957-04-14,2717510000.0,https://fred.stlouisfed.org/graph/fredgraph.csv?id=TRESEGDEM052N,2026-10-09
res_exgold_de,1957-03-01,1957-05-15,2704510000.0,https://fred.stlouisfed.org/graph/fredgraph.csv?id=TRESEGDEM052N,2026-10-09
res_exgold_de,1957-04-01,1957-06-14,2758510000.0,https://fred.stlouisfed.org/graph/fredgraph.csv?id=TRESEGDEM052N,2026-10-09
res_exgold_de,1957-05-01,1957-07-15,2791510000.0,https://fred.stlouisfed.org/graph/fredgraph.csv?id=TRESEGDEM052N,2026-10-09
res_exgold_de,1957-06-01,1957-08-14,2808510000.0,https://fred.stlouisfed.org/graph/fredgraph.csv?id=TRESEGDEM052N,2026-10-09
res_exgold_de,1957-07-01,1957-09-14,2702510000.0,https://fred.stlouisfed.org/graph/fredgraph.csv?id=TRESEGDEM052N,2026-10-09
res_exgold_de,1957-08-01,1957-10-15,2894510000.0,https://fred.stlouisfed.org/graph/fredgraph.csv?id=TRESEGDEM052N,2026-10-09
res_exgold_de,1957-09-01,1957-11-14,3000510000.0,https://fred.stlouisfed.org/graph/fredgraph.csv?id=TRESEGDEM052N,2026-10-09
res_exgold_de,1957-10-01,1957-12-15,2762510000.0,https://fred.stlouisfed.org/graph/fredgraph.csv?id=TRESEGDEM052N,2026-10-09
res_exgold_de,1957-11-01,1958-01-14,2726510000.0,https://fred.stlouisfed.org/graph/fredgraph.csv?id=TRESEGDEM052N,2026-10-09
res_exgold_de,1957-12-01,1958-02-14,2654510000.0,https://fred.stlouisfed.org/graph/fredgraph.csv?id=TRESEGDEM052N,2026-10-09
res_exgold_de,1958-01-01,1958-03-17,2627510000.0,https://fred.stlouisfed.org/graph/fredgraph.csv?id=TRESEGDEM052N,2026-10-09
res_exgold_de,1958-02-01,1958-04-14,2610510000.0,https://fred.stlouisfed.org/graph/fredgraph.csv?id=TRESEGDEM052N,2026-10-09
res_exgold_de,1958-03-01,1958-05-15,2713510000.0,https://fred.stlouisfed.org/graph/fredgraph.csv?id=TRESEGDEM052N,2026-10-09
res_exgold_de,1958-04-01,1958-06-14,2751510000.0,https://fred.stlouisfed.org/graph/fredgraph.csv?id=TRESEGDEM052N,2026-10-09
res_exgold_de,1958-05-01,1958-07-15,2896510000.0,https://fred.stlouisfed.org/graph/fredgraph.csv?id=TRESEGDEM052N,2026-10-09
res_exgold_de,1958-06-01,1958-08-14,2831510000.0,https://fred.stlouisfed.org/graph/fredgraph.csv?id=TRESEGDEM052N,2026-10-09
res_exgold_de,1958-07-01,1958-09-14,2913510000.0,https://fred.stlouisfed.org/graph/fredgraph.csv?id=TRESEGDEM052N,2026-10-09
res_exgold_de,1958-08-01,1958-10-15,2998010000.0,https://fred.stlouisfed.org/graph/fredgraph.csv?id=TRESEGDEM052N,2026-10-09
res_exgold_de,1958-09-01,1958-11-14,3027010000.0,https://fred.stlouisfed.org/graph/fredgraph.csv?id=TRESEGDEM052N,2026-10-09
res_exgold_de,1958-10-01,1958-12-15,3057010000.0,https://fred.stlouisfed.org/graph/fredgraph.csv?id=TRESEGDEM052N,2026-10-09
res_exgold_de,1958-11-01,1959-01-14,3132010000.0,https://fred.stlouisfed.org/graph/fredgraph.csv?id=TRESEGDEM052N,2026-10-09
res_exgold_de,1958-12-01,1959-02-14,3240010000.0,https://fred.stlouisfed.org/graph/fredgraph.csv?id=TRESEGDEM052N,2026-10-09
res_exgold_de,1959-01-01,1959-03-17,1942010000.0,https://fred.stlouisfed.org/graph/fredgraph.csv?id=TRESEGDEM052N,2026-10-09
res_exgold_de,1959-02-01,1959-04-14,1868010000.0,https://fred.stlouisfed.org/graph/fredgraph.csv?id=TRESEGDEM052N,2026-10-09
res_exgold_de,1959-03-01,1959-05-15,1564010000.0,https://fred.stlouisfed.org/graph/fredgraph.csv?id=TRESEGDEM052N,2026-10-09
res_exgold_de,1959-04-01,1959-06-14,1424010000.0,https://fred.stlouisfed.org/graph/fredgraph.csv?id=TRESEGDEM052N,2026-10-09
res_exgold_de,1959-05-01,1959-07-15,1533010000.0,https://fred.stlouisfed.org/graph/fredgraph.csv?id=TRESEGDEM052N,2026-10-09
res_exgold_de,1959-06-01,1959-08-14,1569010000.0,https://fred.stlouisfed.org/graph/fredgraph.csv?id=TRESEGDEM052N,2026-10-09
res_exgold_de,1959-07-01,1959-09-14,1550010000.0,https://fred.stlouisfed.org/graph/fredgraph.csv?id=TRESEGDEM052N,2026-10-09
res_exgold_de,1959-08-01,1959-10-15,1484010000.0,https://fred.stlouisfed.org/graph/fredgraph.csv?id=TRESEGDEM052N,2026-10-09
res_exgold_de,1959-09-01,1959-11-14,1614400000.0,https://fred.stlouisfed.org/graph/fredgraph.csv?id=TRESEGDEM052N,2026-10-09
res_exgold_de,1959-10-01,1959-12-15,1711400000.0,https://fred.stlouisfed.org/graph/fredgraph.csv?id=TRESEGDEM052N,2026-10-09
res_exgold_de,1959-11-01,1960-01-14,1918400000.0,https://fred.stlouisfed.org/graph/fredgraph.csv?id=TRESEGDEM052N,2026-10-09
res_exgold_de,1959-12-01,1960-02-14,2154400000.0,https://fred.stlouisfed.org/graph/fredgraph.csv?id=TRESEGDEM052N,2026-10-09
res_exgold_de,1960-01-01,1960-03-16,2067400000.0,https://fred.stlouisfed.org/graph/fredgraph.csv?id=TRESEGDEM052N,2026-10-09
res_exgold_de,1960-02-01,1960-04-14,2134900000.0,https://fred.stlouisfed.org/graph/fredgraph.csv?id=TRESEGDEM052N,2026-10-09
res_exgold_de,1960-03-01,1960-05-15,2278400000.0,https://fred.stlouisfed.org/graph/fredgraph.csv?id=TRESEGDEM052N,2026-10-09
res_exgold_de,1960-04-01,1960-06-14,2511900000.0,https://fred.stlouisfed.org/graph/fredgraph.csv?id=TRESEGDEM052N,2026-10-09
res_exgold_de,1960-05-01,1960-07-15,2656900000.0,https://fred.stlouisfed.org/graph/fredgraph.csv?id=TRESEGDEM052N,2026-10-09
res_exgold_de,1960-06-01,1960-08-14,3052400000.0,https://fred.stlouisfed.org/graph/fredgraph.csv?id=TRESEGDEM052N,2026-10-09
res_exgold_de,1960-07-01,1960-09-14,3285400000.0,https://fred.stlouisfed.org/graph/fredgraph.csv?id=TRESEGDEM052N,2026-10-09
res_exgold_de,1960-08-01,1960-10-15,3459400000.0,https://fred.stlouisfed.org/graph/fredgraph.csv?id=TRESEGDEM052N,2026-10-09
res_exgold_de,1960-09-01,1960-11-14,3734400000.0,https://fred.stlouisfed.org/graph/fredgraph.csv?id=TRESEGDEM052N,2026-10-09
res_exgold_de,1960-10-01,1960-12-15,3944400000.0,https://fred.stlouisfed.org/graph/fredgraph.csv?id=TRESEGDEM052N,2026-10-09
res_exgold_de,1960-11-01,1961-01-14,3946400000.0,https://fred.stlouisfed.org/graph/fredgraph.csv?id=TRESEGDEM052N,2026-10-09
res_exgold_de,1960-12-01,1961-02-14,4061650000.0,https://fred.stlouisfed.org/graph/fredgraph.csv?id=TRESEGDEM052N,2026-10-09
res_exgold_de,1961-01-01,1961-03-17,3972900000.0,https://fred.stlouisfed.org/graph/fredgraph.csv?id=TRESEGDEM052N,2026-10-09
res_exgold_de,1961-02-01,1961-04-14,4007150000.0,https://fred.stlouisfed.org/graph/fredgraph.csv?id=TRESEGDEM052N,2026-10-09
res_exgold_de,1961-03-01,1961-05-15,4179150000.0,https://fred.stlouisfed.org/graph/fredgraph.csv?id=TRESEGDEM052N,2026-10-09
res_exgold_de,1961-04-01,1961-06-14,3791780000.0,https://fred.stlouisfed.org/graph/fredgraph.csv?id=TRESEGDEM052N,2026-10-09
res_exgold_de,1961-05-01,1961-07-15,3700780000.0,https://fred.stlouisfed.org/graph/fredgraph.csv?id=TRESEGDEM052N,2026-10-09
res_exgold_de,1961-06-01,1961-08-14,3766780000.0,https://fred.stlouisfed.org/graph/fredgraph.csv?id=TRESEGDEM052N,2026-10-09
res_exgold_de,1961-07-01,1961-09-14,3646780000.0,https://fred.stlouisfed.org/graph/fredgraph.csv?id=TRESEGDEM052N,2026-10-09
res_exgold_de,1961-08-01,1961-10-15,3459780000.0,https://fred.stlouisfed.org/graph/fredgraph.csv?id=TRESEGDEM052N,2026-10-09
res_exgold_de,1961-09-01,1961-11-14,3488280000.0,https://fred.stlouisfed.org/graph/fredgraph.csv?id=TRESEGDEM052N,2026-10-09
res_exgold_de,1961-10-01,1961-12-15,3258280000.0,https://fred.stlouisfed.org/graph/fredgraph.csv?id=TRESEGDEM052N,2026-10-09
res_exgold_de,1961-11-01,1962-01-14,3145280000.0,https://fred.stlouisfed.org/graph/fredgraph.csv?id=TRESEGDEM052N,2026-10-09
res_exgold_de,1961-12-01,1962-02-14,3501280000.0,https://fred.stlouisfed.org/graph/fredgraph.csv?id=TRESEGDEM052N,2026-10-09
res_exgold_de,1962-01-01,1962-03-17,2792280000.0,https://fred.stlouisfed.org/graph/fredgraph.csv?id=TRESEGDEM052N,2026-10-09
res_exgold_de,1962-02-01,1962-04-14,2778280000.0,https://fred.stlouisfed.org/graph/fredgraph.csv?id=TRESEGDEM052N,2026-10-09
res_exgold_de,1962-03-01,1962-05-15,2977030000.0,https://fred.stlouisfed.org/graph/fredgraph.csv?id=TRESEGDEM052N,2026-10-09
res_exgold_de,1962-04-01,1962-06-14,2886040000.0,https://fred.stlouisfed.org/graph/fredgraph.csv?id=TRESEGDEM052N,2026-10-09
res_exgold_de,1962-05-01,1962-07-15,2915040000.0,https://fred.stlouisfed.org/graph/fredgraph.csv?id=TRESEGDEM052N,2026-10-09
res_exgold_de,1962-06-01,1962-08-14,3156040000.0,https://fred.stlouisfed.org/graph/fredgraph.csv?id=TRESEGDEM052N,2026-10-09
res_exgold_de,1962-07-01,1962-09-14,3067040000.0,https://fred.stlouisfed.org/graph/fredgraph.csv?id=TRESEGDEM052N,2026-10-09
res_exgold_de,1962-08-01,1962-10-15,3114040000.0,https://fred.stlouisfed.org/graph/fredgraph.csv?id=TRESEGDEM052N,2026-10-09
res_exgold_de,1962-09-01,1962-11-14,3333370000.0,https://fred.stlouisfed.org/graph/fredgraph.csv?id=TRESEGDEM052N,2026-10-09
res_exgold_de,1962-10-01,1962-12-15,3392930000.0,https://fred.stlouisfed.org/graph/fredgraph.csv?id=TRESEGDEM052N,2026-10-09
res_exgold_de,1962-11-01,1963-01-14,3316430000.0,https://fred.stlouisfed.org/graph/fredgraph.csv?id=TRESEGDEM052N,2026-10-09
res_exgold_de,1962-12-01,1963-02-14,3278430000.0,https://fred.stlouisfed.org/graph/fredgraph.csv?id=TRESEGDEM052N,2026-10-09
res_exgold_de,1963-01-01,1963-03-17,3099720000.0,https://fred.stlouisfed.org/graph/fredgraph.csv?id=TRESEGDEM052N,2026-10-09
res_exgold_de,1963-02-01,1963-04-14,3088620000.0,https://fred.stlouisfed.org/graph/fredgraph.csv?id=TRESEGDEM052N,2026-10-09
res_exgold_de,1963-03-01,1963-05-15,3211620000.0,https://fred.stlouisfed.org/graph/fredgraph.csv?id=TRESEGDEM052N,2026-10-09
res_exgold_de,1963-04-01,1963-06-14,3218620000.0,https://fred.stlouisfed.org/graph/fredgraph.csv?id=TRESEGDEM052N,2026-10-09
res_exgold_de,1963-05-01,1963-07-15,3452620000.0,https://fred.stlouisfed.org/graph/fredgraph.csv?id=TRESEGDEM052N,2026-10-09
res_exgold_de,1963-06-01,1963-08-14,3459620000.0,https://fred.stlouisfed.org/graph/fredgraph.csv?id=TRESEGDEM052N,2026-10-09
res_exgold_de,1963-07-01,1963-09-14,3520550000.0,https://fred.stlouisfed.org/graph/fredgraph.csv?id=TRESEGDEM052N,2026-10-09
res_exgold_de,1963-08-01,1963-10-15,3573050000.0,https://fred.stlouisfed.org/graph/fredgraph.csv?id=TRESEGDEM052N,2026-10-09
res_exgold_de,1963-09-01,1963-11-14,3650550000.0,https://fred.stlouisfed.org/graph/fredgraph.csv?id=TRESEGDEM052N,2026-10-09
res_exgold_de,1963-10-01,1963-12-15,3622060000.0,https://fred.stlouisfed.org/graph/fredgraph.csv?id=TRESEGDEM052N,2026-10-09
res_exgold_de,1963-11-01,1964-01-14,3768560000.0,https://fred.stlouisfed.org/graph/fredgraph.csv?id=TRESEGDEM052N,2026-10-09
res_exgold_de,1963-12-01,1964-02-14,3807060000.0,https://fred.stlouisfed.org/graph/fredgraph.csv?id=TRESEGDEM052N,2026-10-09
res_exgold_de,1964-01-01,1964-03-16,3720060000.0,https://fred.stlouisfed.org/graph/fredgraph.csv?id=TRESEGDEM052N,2026-10-09
res_exgold_de,1964-02-01,1964-04-14,3929310000.0,https://fred.stlouisfed.org/graph/fredgraph.csv?id=TRESEGDEM052N,2026-10-09
res_exgold_de,1964-03-01,1964-05-15,3806310000.0,https://fred.stlouisfed.org/graph/fredgraph.csv?id=TRESEGDEM052N,2026-10-09
res_exgold_de,1964-04-01,1964-06-14,3547380000.0,https://fred.stlouisfed.org/graph/fredgraph.csv?id=TRESEGDEM052N,2026-10-09
res_exgold_de,1964-05-01,1964-07-15,3480760000.0,https://fred.stlouisfed.org/graph/fredgraph.csv?id=TRESEGDEM052N,2026-10-09
res_exgold_de,1964-06-01,1964-08-14,3776820000.0,https://fred.stlouisfed.org/graph/fredgraph.csv?id=TRESEGDEM052N,2026-10-09
res_exgold_de,1964-07-01,1964-09-14,3623320000.0,https://fred.stlouisfed.org/graph/fredgraph.csv?id=TRESEGDEM052N,2026-10-09
res_exgold_de,1964-08-01,1964-10-15,3576320000.0,https://fred.stlouisfed.org/graph/fredgraph.csv?id=TRESEGDEM052N,2026-10-09
res_exgold_de,1964-09-01,1964-11-14,3608150000.0,https://fred.stlouisfed.org/graph/fredgraph.csv?id=TRESEGDEM052N,2026-10-09
res_exgold_de,1964-10-01,1964-12-15,3536500000.0,https://fred.stlouisfed.org/graph/fredgraph.csv?id=TRESEGDEM052N,2026-10-09
res_exgold_de,1964-11-01,1965-01-14,3422000000.0,https://fred.stlouisfed.org/graph/fredgraph.csv?id=TRESEGDEM052N,2026-10-09
res_exgold_de,1964-12-01,1965-02-14,3633510000.0,https://fred.stlouisfed.org/graph/fredgraph.csv?id=TRESEGDEM052N,2026-10-09
res_exgold_de,1965-01-01,1965-03-17,3227640000.0,https://fred.stlouisfed.org/graph/fredgraph.csv?id=TRESEGDEM052N,2026-10-09
res_exgold_de,1965-02-01,1965-04-14,3322020000.0,https://fred.stlouisfed.org/graph/fredgraph.csv?id=TRESEGDEM052N,2026-10-09
res_exgold_de,1965-03-01,1965-05-15,3498270000.0,https://fred.stlouisfed.org/graph/fredgraph.csv?id=TRESEGDEM052N,2026-10-09
res_exgold_de,1965-04-01,1965-06-14,3458770000.0,https://fred.stlouisfed.org/graph/fredgraph.csv?id=TRESEGDEM052N,2026-10-09
res_exgold_de,1965-05-01,1965-07-15,3168140000.0,https://fred.stlouisfed.org/graph/fredgraph.csv?id=TRESEGDEM052N,2026-10-09
res_exgold_de,1965-06-01,1965-08-14,3075140000.0,https://fred.stlouisfed.org/graph/fredgraph.csv?id=TRESEGDEM052N,2026-10-09
res_exgold_de,1965-07-01,1965-09-14,2978010000.0,https://fred.stlouisfed.org/graph/fredgraph.csv?id=TRESEGDEM052N,2026-10-09
res_exgold_de,1965-08-01,1965-10-15,2894210000.0,https://fred.stlouisfed.org/graph/fredgraph.csv?id=TRESEGDEM052N,2026-10-09
res_exgold_de,1965-09-01,1965-11-14,2976210000.0,https://fred.stlouisfed.org/graph/fredgraph.csv?id=TRESEGDEM052N,2026-10-09
res_exgold_de,1965-10-01,1965-12-15,2998220000.0,https://fred.stlouisfed.org/graph/fredgraph.csv?id=TRESEGDEM052N,2026-10-09
res_exgold_de,1965-11-01,1966-01-14,3025220000.0,https://fred.stlouisfed.org/graph/fredgraph.csv?id=TRESEGDEM052N,2026-10-09
res_exgold_de,1965-12-01,1966-02-14,3020220000.0,https://fred.stlouisfed.org/graph/fredgraph.csv?id=TRESEGDEM052N,2026-10-09
res_exgold_de,1966-01-01,1966-03-17,2870730000.0,https://fred.stlouisfed.org/graph/fredgraph.csv?id=TRESEGDEM052N,2026-10-09
res_exgold_de,1966-02-01,1966-04-14,2823730000.0,https://fred.stlouisfed.org/graph/fredgraph.csv?id=TRESEGDEM052N,2026-10-09
res_exgold_de,1966-03-01,1966-05-15,2769730000.0,https://fred.stlouisfed.org/graph/fredgraph.csv?id=TRESEGDEM052N,2026-10-09
res_exgold_de,1966-04-01,1966-06-14,2780720000.0,https://fred.stlouisfed.org/graph/fredgraph.csv?id=TRESEGDEM052N,2026-10-09
res_exgold_de,1966-05-01,1966-07-15,2876840000.0,https://fred.stlouisfed.org/graph/fredgraph.csv?id=TRESEGDEM052N,2026-10-09
res_exgold_de,1966-06-01,1966-08-14,3102590000.0,https://fred.stlouisfed.org/graph/fredgraph.csv?id=TRESEGDEM052N,2026-10-09
res_exgold_de,1966-07-01,1966-09-14,3357590000.0,https://fred.stlouisfed.org/graph/fredgraph.csv?id=TRESEGDEM052N,2026-10-09
res_exgold_de,1966-08-01,1966-10-15,3354810000.0,https://fred.stlouisfed.org/graph/fredgraph.csv?id=TRESEGDEM052N,2026-10-09
res_exgold_de,1966-09-01,1966-11-14,3378120000.0,https://fred.stlouisfed.org/graph/fredgraph.csv?id=TRESEGDEM052N,2026-10-09
res_exgold_de,1966-10-01,1966-12-15,3551130000.0,https://fred.stlouisfed.org/graph/fredgraph.csv?id=TRESEGDEM052N,2026-10-09
res_exgold_de,1966-11-01,1967-01-14,3590140000.0,https://fred.stlouisfed.org/graph/fredgraph.csv?id=TRESEGDEM052N,2026-10-09
res_exgold_de,1966-12-01,1967-02-14,3737140000.0,https://fred.stlouisfed.org/graph/fredgraph.csv?id=TRESEGDEM052N,2026-10-09
res_exgold_de,1967-01-01,1967-03-17,3472710000.0,https://fred.stlouisfed.org/graph/fredgraph.csv?id=TRESEGDEM052N,2026-10-09
res_exgold_de,1967-02-01,1967-04-14,3657500000.0,https://fred.stlouisfed.org/graph/fredgraph.csv?id=TRESEGDEM052N,2026-10-09
res_exgold_de,1967-03-01,1967-05-15,3727200000.0,https://fred.stlouisfed.org/graph/fredgraph.csv?id=TRESEGDEM052N,2026-10-09
res_exgold_de,1967-04-01,1967-06-14,3684790000.0,https://fred.stlouisfed.org/graph/fredgraph.csv?id=TRESEGDEM052N,2026-10-09
res_exgold_de,1967-05-01,1967-07-15,3543310000.0,https://fred.stlouisfed.org/graph/fredgraph.csv?id=TRESEGDEM052N,2026-10-09
res_exgold_de,1967-06-01,1967-08-14,3502060000.0,https://fred.stlouisfed.org/graph/fredgraph.csv?id=TRESEGDEM052N,2026-10-09
res_exgold_de,1967-07-01,1967-09-14,3562660000.0,https://fred.stlouisfed.org/graph/fredgraph.csv?id=TRESEGDEM052N,2026-10-09
res_exgold_de,1967-08-01,1967-10-15,3613650000.0,https://fred.stlouisfed.org/graph/fredgraph.csv?id=TRESEGDEM052N,2026-10-09
res_exgold_de,1967-09-01,1967-11-14,3731400000.0,https://fred.stlouisfed.org/graph/fredgraph.csv?id=TRESEGDEM052N,2026-10-09
res_exgold_de,1967-10-01,1967-12-15,3788400000.0,https://fred.stlouisfed.org/graph/fredgraph.csv?id=TRESEGDEM052N,2026-10-09
res_exgold_de,1967-11-01,1968-01-14,3923520000.0,https://fred.stlouisfed.org/graph/fredgraph.csv?id=TRESEGDEM052N,2026-10-09
res_exgold_de,1967-12-01,1968-02-14,3924730000.0,https://fred.stlouisfed.org/graph/fredgraph.csv?id=TRESEGDEM052N,2026-10-09
res_exgold_de,1968-01-01,1968-03-16,3772330000.0,https://fred.stlouisfed.org/graph/fredgraph.csv?id=TRESEGDEM052N,2026-10-09
res_exgold_de,1968-02-01,1968-04-14,4110020000.000001,https://fred.stlouisfed.org/graph/fredgraph.csv?id=TRESEGDEM052N,2026-10-09
res_exgold_de,1968-03-01,1968-05-15,4568410000.0,https://fred.stlouisfed.org/graph/fredgraph.csv?id=TRESEGDEM052N,2026-10-09
res_exgold_de,1968-04-01,1968-06-14,4555540000.0,https://fred.stlouisfed.org/graph/fredgraph.csv?id=TRESEGDEM052N,2026-10-09
res_exgold_de,1968-05-01,1968-07-15,4441870000.0,https://fred.stlouisfed.org/graph/fredgraph.csv?id=TRESEGDEM052N,2026-10-09
res_exgold_de,1968-06-01,1968-08-14,4571850000.0,https://fred.stlouisfed.org/graph/fredgraph.csv?id=TRESEGDEM052N,2026-10-09
res_exgold_de,1968-07-01,1968-09-14,4505760000.0,https://fred.stlouisfed.org/graph/fredgraph.csv?id=TRESEGDEM052N,2026-10-09
res_exgold_de,1968-08-01,1968-10-15,4506890000.0,https://fred.stlouisfed.org/graph/fredgraph.csv?id=TRESEGDEM052N,2026-10-09
res_exgold_de,1968-09-01,1968-11-14,4734030000.0,https://fred.stlouisfed.org/graph/fredgraph.csv?id=TRESEGDEM052N,2026-10-09
res_exgold_de,1968-10-01,1968-12-15,4592030000.0,https://fred.stlouisfed.org/graph/fredgraph.csv?id=TRESEGDEM052N,2026-10-09
res_exgold_de,1968-11-01,1969-01-14,6343300000.0,https://fred.stlouisfed.org/graph/fredgraph.csv?id=TRESEGDEM052N,2026-10-09
res_exgold_de,1968-12-01,1969-02-14,5409310000.0,https://fred.stlouisfed.org/graph/fredgraph.csv?id=TRESEGDEM052N,2026-10-09
res_exgold_de,1969-01-01,1969-03-17,4117620000.0,https://fred.stlouisfed.org/graph/fredgraph.csv?id=TRESEGDEM052N,2026-10-09
res_exgold_de,1969-02-01,1969-04-14,3944130000.0,https://fred.stlouisfed.org/graph/fredgraph.csv?id=TRESEGDEM052N,2026-10-09
res_exgold_de,1969-03-01,1969-05-15,3663950000.0,https://fred.stlouisfed.org/graph/fredgraph.csv?id=TRESEGDEM052N,2026-10-09
res_exgold_de,1969-04-01,1969-06-14,4315830000.0,https://fred.stlouisfed.org/graph/fredgraph.csv?id=TRESEGDEM052N,2026-10-09
res_exgold_de,1969-05-01,1969-07-15,7099340000.0,https://fred.stlouisfed.org/graph/fredgraph.csv?id=TRESEGDEM052N,2026-10-09
res_exgold_de,1969-06-01,1969-08-14,5595340000.0,https://fred.stlouisfed.org/graph/fredgraph.csv?id=TRESEGDEM052N,2026-10-09
res_exgold_de,1969-07-01,1969-09-14,5615240000.0,https://fred.stlouisfed.org/graph/fredgraph.csv?id=TRESEGDEM052N,2026-10-09
res_exgold_de,1969-08-01,1969-10-15,6181720000.0,https://fred.stlouisfed.org/graph/fredgraph.csv?id=TRESEGDEM052N,2026-10-09
res_exgold_de,1969-09-01,1969-11-14,7580710000.0,https://fred.stlouisfed.org/graph/fredgraph.csv?id=TRESEGDEM052N,2026-10-09
res_exgold_de,1969-10-01,1969-12-15,6201040000.0,https://fred.stlouisfed.org/graph/fredgraph.csv?id=TRESEGDEM052N,2026-10-09
res_exgold_de,1969-11-01,1970-01-14,4277870000.0,https://fred.stlouisfed.org/graph/fredgraph.csv?id=TRESEGDEM052N,2026-10-09
res_exgold_de,1969-12-01,1970-02-14,3049870000.0,https://fred.stlouisfed.org/graph/fredgraph.csv?id=TRESEGDEM052N,2026-10-09
res_exgold_de,1970-01-01,1970-03-17,2970480000.0,https://fred.stlouisfed.org/graph/fredgraph.csv?id=TRESEGDEM052N,2026-10-09
res_exgold_de,1970-02-01,1970-04-14,3137480000.0,https://fred.stlouisfed.org/graph/fredgraph.csv?id=TRESEGDEM052N,2026-10-09
res_exgold_de,1970-03-01,1970-05-15,3286490000.0,https://fred.stlouisfed.org/graph/fredgraph.csv?id=TRESEGDEM052N,2026-10-09
res_exgold_de,1970-04-01,1970-06-14,3414430000.0,https://fred.stlouisfed.org/graph/fredgraph.csv?id=TRESEGDEM052N,2026-10-09
res_exgold_de,1970-05-01,1970-07-15,3741480000.0,https://fred.stlouisfed.org/graph/fredgraph.csv?id=TRESEGDEM052N,2026-10-09
res_exgold_de,1970-06-01,1970-08-14,4735740000.0,https://fred.stlouisfed.org/graph/fredgraph.csv?id=TRESEGDEM052N,2026-10-09
res_exgold_de,1970-07-01,1970-09-14,5899580000.0,https://fred.stlouisfed.org/graph/fredgraph.csv?id=TRESEGDEM052N,2026-10-09
res_exgold_de,1970-08-01,1970-10-15,6163690000.0,https://fred.stlouisfed.org/graph/fredgraph.csv?id=TRESEGDEM052N,2026-10-09
res_exgold_de,1970-09-01,1970-11-14,7218810000.0,https://fred.stlouisfed.org/graph/fredgraph.csv?id=TRESEGDEM052N,2026-10-09
res_exgold_de,1970-10-01,1970-12-15,7803010000.0,https://fred.stlouisfed.org/graph/fredgraph.csv?id=TRESEGDEM052N,2026-10-09
res_exgold_de,1970-11-01,1971-01-14,9481090000.0,https://fred.stlouisfed.org/graph/fredgraph.csv?id=TRESEGDEM052N,2026-10-09
res_exgold_de,1970-12-01,1971-02-14,9629750000.0,https://fred.stlouisfed.org/graph/fredgraph.csv?id=TRESEGDEM052N,2026-10-09
res_exgold_de,1971-01-01,1971-03-17,10032970000.0,https://fred.stlouisfed.org/graph/fredgraph.csv?id=TRESEGDEM052N,2026-10-09
res_exgold_de,1971-02-01,1971-04-14,10875260000.0,https://fred.stlouisfed.org/graph/fredgraph.csv?id=TRESEGDEM052N,2026-10-09
res_exgold_de,1971-03-01,1971-05-15,11826270000.0,https://fred.stlouisfed.org/graph/fredgraph.csv?id=TRESEGDEM052N,2026-10-09
res_exgold_de,1971-04-01,1971-06-14,12704650000.0,https://fred.stlouisfed.org/graph/fredgraph.csv?id=TRESEGDEM052N,2026-10-09
res_exgold_de,1971-05-01,1971-07-15,14960360000.0,https://fred.stlouisfed.org/graph/fredgraph.csv?id=TRESEGDEM052N,2026-10-09
res_exgold_de,1971-06-01,1971-08-14,12648570000.0,https://fred.stlouisfed.org/graph/fredgraph.csv?id=TRESEGDEM052N,2026-10-09
res_exgold_de,1971-07-01,1971-09-14,12917650000.0,https://fred.stlouisfed.org/graph/fredgraph.csv?id=TRESEGDEM052N,2026-10-09
res_exgold_de,1971-08-01,1971-10-15,12633710000.0,https://fred.stlouisfed.org/graph/fredgraph.csv?id=TRESEGDEM052N,2026-10-09
res_exgold_de,1971-09-01,1971-11-14,12871970000.0,https://fred.stlouisfed.org/graph/fredgraph.csv?id=TRESEGDEM052N,2026-10-09
res_exgold_de,1971-10-01,1971-12-15,13100390000.0,https://fred.stlouisfed.org/graph/fredgraph.csv?id=TRESEGDEM052N,2026-10-09
res_exgold_de,1971-11-01,1972-01-14,13285320000.0,https://fred.stlouisfed.org/graph/fredgraph.csv?id=TRESEGDEM052N,2026-10-09
res_exgold_de,1971-12-01,1972-02-14,14231068184.8587,https://fred.stlouisfed.org/graph/fredgraph.csv?id=TRESEGDEM052N,2026-10-09
res_exgold_de,1972-01-01,1972-03-16,14832920201.8022,https://fred.stlouisfed.org/graph/fredgraph.csv?id=TRESEGDEM052N,2026-10-09
res_exgold_de,1972-02-01,1972-04-14,15588011076.3542,https://fred.stlouisfed.org/graph/fredgraph.csv?id=TRESEGDEM052N,2026-10-09
res_exgold_de,1972-03-01,1972-05-15,15601152219.6147,https://fred.stlouisfed.org/graph/fredgraph.csv?id=TRESEGDEM052N,2026-10-09
res_exgold_de,1972-04-01,1972-06-14,15664621357.8792,https://fred.stlouisfed.org/graph/fredgraph.csv?id=TRESEGDEM052N,2026-10-09
res_exgold_de,1972-05-01,1972-07-15,15715420880.199202,https://fred.stlouisfed.org/graph/fredgraph.csv?id=TRESEGDEM052N,2026-10-09
res_exgold_de,1972-06-01,1972-08-14,18503507249.0489,https://fred.stlouisfed.org/graph/fredgraph.csv?id=TRESEGDEM052N,2026-10-09
res_exgold_de,1972-07-01,1972-09-14,20734769558.8131,https://fred.stlouisfed.org/graph/fredgraph.csv?id=TRESEGDEM052N,2026-10-09
res_exgold_de,1972-08-01,1972-10-15,20523576409.6874,https://fred.stlouisfed.org/graph/fredgraph.csv?id=TRESEGDEM052N,2026-10-09
res_exgold_de,1972-09-01,1972-11-14,20102448403.6051,https://fred.stlouisfed.org/graph/fredgraph.csv?id=TRESEGDEM052N,2026-10-09
res_exgold_de,1972-10-01,1972-12-15,19841212857.173,https://fred.stlouisfed.org/graph/fredgraph.csv?id=TRESEGDEM052N,2026-10-09
res_exgold_de,1972-11-01,1973-01-14,19502485426.5224,https://fred.stlouisfed.org/graph/fredgraph.csv?id=TRESEGDEM052N,2026-10-09
res_exgold_de,1972-12-01,1973-02-14,19325763804.495697,https://fred.stlouisfed.org/graph/fredgraph.csv?id=TRESEGDEM052N,2026-10-09
res_exgold_de,1973-01-01,1973-03-17,19203928833.4954,https://fred.stlouisfed.org/graph/fredgraph.csv?id=TRESEGDEM052N,2026-10-09
res_exgold_de,1973-02-01,1973-04-14,24695385007.9298,https://fred.stlouisfed.org/graph/fredgraph.csv?id=TRESEGDEM052N,2026-10-09
res_exgold_de,1973-03-01,1973-05-15,27359940590.2828,https://fred.stlouisfed.org/graph/fredgraph.csv?id=TRESEGDEM052N,2026-10-09
res_exgold_de,1973-04-01,1973-06-14,27023570483.5015,https://fred.stlouisfed.org/graph/fredgraph.csv?id=TRESEGDEM052N,2026-10-09
res_exgold_de,1973-05-01,1973-07-15,26408885641.14109,https://fred.stlouisfed.org/graph/fredgraph.csv?id=TRESEGDEM052N,2026-10-09
res_exgold_de,1973-06-01,1973-08-14,27294841850.7966,https://fred.stlouisfed.org/graph/fredgraph.csv?id=TRESEGDEM052N,2026-10-09
res_exgold_de,1973-07-01,1973-09-14,29171028532.7378,https://fred.stlouisfed.org/graph/fredgraph.csv?id=TRESEGDEM052N,2026-10-09
res_exgold_de,1973-08-01,1973-10-15,28403780870.0486,https://fred.stlouisfed.org/graph/fredgraph.csv?id=TRESEGDEM052N,2026-10-09
res_exgold_de,1973-09-01,1973-11-14,30285704025.8552,https://fred.stlouisfed.org/graph/fredgraph.csv?id=TRESEGDEM052N,2026-10-09
res_exgold_de,1973-10-01,1973-12-15,30072311842.898003,https://fred.stlouisfed.org/graph/fredgraph.csv?id=TRESEGDEM052N,2026-10-09
res_exgold_de,1973-11-01,1974-01-14,29165466738.8606,https://fred.stlouisfed.org/graph/fredgraph.csv?id=TRESEGDEM052N,2026-10-09
res_exgold_de,1973-12-01,1974-02-14,28205911337.3906,https://fred.stlouisfed.org/graph/fredgraph.csv?id=TRESEGDEM052N,2026-10-09
res_exgold_de,1974-01-01,1974-03-17,27192511675.0389,https://fred.stlouisfed.org/graph/fredgraph.csv?id=TRESEGDEM052N,2026-10-09
res_exgold_de,1974-02-01,1974-04-14,27045664398.4748,https://fred.stlouisfed.org/graph/fredgraph.csv?id=TRESEGDEM052N,2026-10-09
res_exgold_de,1974-03-01,1974-05-15,27908011705.3067,https://fred.stlouisfed.org/graph/fredgraph.csv?id=TRESEGDEM052N,2026-10-09
res_exgold_de,1974-04-01,1974-06-14,28852114305.0788,https://fred.stlouisfed.org/graph/fredgraph.csv?id=TRESEGDEM052N,2026-10-09
res_exgold_de,1974-05-01,1974-07-15,29463447739.144,https://fred.stlouisfed.org/graph/fredgraph.csv?id=TRESEGDEM052N,2026-10-09
res_exgold_de,1974-06-01,1974-08-14,29259336393.554897,https://fred.stlouisfed.org/graph/fredgraph.csv?id=TRESEGDEM052N,2026-10-09
res_exgold_de,1974-07-01,1974-09-14,28959701861.5,https://fred.stlouisfed.org/graph/fredgraph.csv?id=TRESEGDEM052N,2026-10-09
res_exgold_de,1974-08-01,1974-10-15,28253772170.829098,https://fred.stlouisfed.org/graph/fredgraph.csv?id=TRESEGDEM052N,2026-10-09
res_exgold_de,1974-09-01,1974-11-14,27655272877.0282,https://fred.stlouisfed.org/graph/fredgraph.csv?id=TRESEGDEM052N,2026-10-09
res_exgold_de,1974-10-01,1974-12-15,27092294394.3418,https://fred.stlouisfed.org/graph/fredgraph.csv?id=TRESEGDEM052N,2026-10-09
res_exgold_de,1974-11-01,1975-01-14,27671465003.545303,https://fred.stlouisfed.org/graph/fredgraph.csv?id=TRESEGDEM052N,2026-10-09
res_exgold_de,1974-12-01,1975-02-14,27358756750.2605,https://fred.stlouisfed.org/graph/fredgraph.csv?id=TRESEGDEM052N,2026-10-09
res_exgold_de,1975-01-01,1975-03-17,27973863638.8504,https://fred.stlouisfed.org/graph/fredgraph.csv?id=TRESEGDEM052N,2026-10-09
res_exgold_de,1975-02-01,1975-04-14,28887428849.492,https://fred.stlouisfed.org/graph/fredgraph.csv?id=TRESEGDEM052N,2026-10-09
res_exgold_de,1975-03-01,1975-05-15,29258239818.8022,https://fred.stlouisfed.org/graph/fredgraph.csv?id=TRESEGDEM052N,2026-10-09
res_exgold_de,1975-04-01,1975-06-14,28500806241.407803,https://fred.stlouisfed.org/graph/fredgraph.csv?id=TRESEGDEM052N,2026-10-09
res_exgold_de,1975-05-01,1975-07-15,28101153263.649097,https://fred.stlouisfed.org/graph/fredgraph.csv?id=TRESEGDEM052N,2026-10-09
res_exgold_de,1975-06-01,1975-08-14,27558613043.6116,https://fred.stlouisfed.org/graph/fredgraph.csv?id=TRESEGDEM052N,2026-10-09
res_exgold_de,1975-07-01,1975-09-14,26846193182.0723,https://fred.stlouisfed.org/graph/fredgraph.csv?id=TRESEGDEM052N,2026-10-09
res_exgold_de,1975-08-01,1975-10-15,26589077016.5611,https://fred.stlouisfed.org/graph/fredgraph.csv?id=TRESEGDEM052N,2026-10-09
res_exgold_de,1975-09-01,1975-11-14,26339574383.260902,https://fred.stlouisfed.org/graph/fredgraph.csv?id=TRESEGDEM052N,2026-10-09
res_exgold_de,1975-10-01,1975-12-15,26828788865.0727,https://fred.stlouisfed.org/graph/fredgraph.csv?id=TRESEGDEM052N,2026-10-09
res_exgold_de,1975-11-01,1976-01-14,26496378335.6684,https://fred.stlouisfed.org/graph/fredgraph.csv?id=TRESEGDEM052N,2026-10-09
res_exgold_de,1975-12-01,1976-02-14,26215752995.1883,https://fred.stlouisfed.org/graph/fredgraph.csv?id=TRESEGDEM052N,2026-10-09
res_exgold_de,1976-01-01,1976-03-16,26212351632.4973,https://fred.stlouisfed.org/graph/fredgraph.csv?id=TRESEGDEM052N,2026-10-09
res_exgold_de,1976-02-01,1976-04-14,26968502523.148502,https://fred.stlouisfed.org/graph/fredgraph.csv?id=TRESEGDEM052N,2026-10-09
res_exgold_de,1976-03-01,1976-05-15,30034594400.9859,https://fred.stlouisfed.org/graph/fredgraph.csv?id=TRESEGDEM052N,2026-10-09
res_exgold_de,1976-04-01,1976-06-14,29714446474.4723,https://fred.stlouisfed.org/graph/fredgraph.csv?id=TRESEGDEM052N,2026-10-09
res_exgold_de,1976-05-01,1976-07-15,28917027328.966698,https://fred.stlouisfed.org/graph/fredgraph.csv?id=TRESEGDEM052N,2026-10-09
res_exgold_de,1976-06-01,1976-08-14,28607017723.5373,https://fred.stlouisfed.org/graph/fredgraph.csv?id=TRESEGDEM052N,2026-10-09
res_exgold_de,1976-07-01,1976-09-14,28269479285.5848,https://fred.stlouisfed.org/graph/fredgraph.csv?id=TRESEGDEM052N,2026-10-09
res_exgold_de,1976-08-01,1976-10-15,29559459002.8464,https://fred.stlouisfed.org/graph/fredgraph.csv?id=TRESEGDEM052N,2026-10-09
res_exgold_de,1976-09-01,1976-11-14,30270645751.7109,https://fred.stlouisfed.org/graph/fredgraph.csv?id=TRESEGDEM052N,2026-10-09
res_exgold_de,1976-10-01,1976-12-15,31070814628.3306,https://fred.stlouisfed.org/graph/fredgraph.csv?id=TRESEGDEM052N,2026-10-09
res_exgold_de,1976-11-01,1977-01-14,29898195934.7685,https://fred.stlouisfed.org/graph/fredgraph.csv?id=TRESEGDEM052N,2026-10-09
res_exgold_de,1976-12-01,1977-02-14,30018848177.0955,https://fred.stlouisfed.org/graph/fredgraph.csv?id=TRESEGDEM052N,2026-10-09
res_exgold_de,1977-01-01,1977-03-17,29671404252.8888,https://fred.stlouisfed.org/graph/fredgraph.csv?id=TRESEGDEM052N,2026-10-09
res_exgold_de,1977-02-01,1977-04-14,29764326834.23,https://fred.stlouisfed.org/graph/fredgraph.csv?id=TRESEGDEM052N,2026-10-09
res_exgold_de,1977-03-01,1977-05-15,29881050823.1973,https://fred.stlouisfed.org/graph/fredgraph.csv?id=TRESEGDEM052N,2026-10-09
res_exgold_de,1977-04-01,1977-06-14,29768197546.2515,https://fred.stlouisfed.org/graph/fredgraph.csv?id=TRESEGDEM052N,2026-10-09
res_exgold_de,1977-05-01,1977-07-15,30006136948.4976,https://fred.stlouisfed.org/graph/fredgraph.csv?id=TRESEGDEM052N,2026-10-09
res_exgold_de,1977-06-01,1977-08-14,29451659875.0628,https://fred.stlouisfed.org/graph/fredgraph.csv?id=TRESEGDEM052N,2026-10-09
res_exgold_de,1977-07-01,1977-09-14,30267509230.3901,https://fred.stlouisfed.org/graph/fredgraph.csv?id=TRESEGDEM052N,2026-10-09
res_exgold_de,1977-08-01,1977-10-15,30131271526.0126,https://fred.stlouisfed.org/graph/fredgraph.csv?id=TRESEGDEM052N,2026-10-09
res_exgold_de,1977-09-01,1977-11-14,29729383331.1995,https://fred.stlouisfed.org/graph/fredgraph.csv?id=TRESEGDEM052N,2026-10-09
res_exgold_de,1977-10-01,1977-12-15,30811337908.614403,https://fred.stlouisfed.org/graph/fredgraph.csv?id=TRESEGDEM052N,2026-10-09
res_exgold_de,1977-11-01,1978-01-14,31951685858.3497,https://fred.stlouisfed.org/graph/fredgraph.csv?id=TRESEGDEM052N,2026-10-09
res_exgold_de,1977-12-01,1978-02-14,34708074199.60529,https://fred.stlouisfed.org/graph/fredgraph.csv?id=TRESEGDEM052N,2026-10-09
res_exgold_de,1978-01-01,1978-03-17,35684582098.6762,https://fred.stlouisfed.org/graph/fredgraph.csv?id=TRESEGDEM052N,2026-10-09
res_exgold_de,1978-02-01,1978-04-14,36782362914.0009,https://fred.stlouisfed.org/graph/fredgraph.csv?id=TRESEGDEM052N,2026-10-09
res_exgold_de,1978-03-01,1978-05-15,37113447952.9562,https://fred.stlouisfed.org/graph/fredgraph.csv?id=TRESEGDEM052N,2026-10-09
res_exgold_de,1978-04-01,1978-06-14,36238659150.96819,https://fred.stlouisfed.org/graph/fredgraph.csv?id=TRESEGDEM052N,2026-10-09
res_exgold_de,1978-05-01,1978-07-15,34975216699.157394,https://fred.stlouisfed.org/graph/fredgraph.csv?id=TRESEGDEM052N,2026-10-09
res_exgold_de,1978-06-01,1978-08-14,35579811943.3869,https://fred.stlouisfed.org/graph/fredgraph.csv?id=TRESEGDEM052N,2026-10-09
res_exgold_de,1978-07-01,1978-09-14,35865410541.8165,https://fred.stlouisfed.org/graph/fredgraph.csv?id=TRESEGDEM052N,2026-10-09
res_exgold_de,1978-08-01,1978-10-15,37781311861.0171,https://fred.stlouisfed.org/graph/fredgraph.csv?id=TRESEGDEM052N,2026-10-09
res_exgold_de,1978-09-01,1978-11-14,39337047403.7984,https://fred.stlouisfed.org/graph/fredgraph.csv?id=TRESEGDEM052N,2026-10-09
res_exgold_de,1978-10-01,1978-12-15,43951459453.6039,https://fred.stlouisfed.org/graph/fredgraph.csv?id=TRESEGDEM052N,2026-10-09
res_exgold_de,1978-11-01,1979-01-14,47032671395.0525,https://fred.stlouisfed.org/graph/fredgraph.csv?id=TRESEGDEM052N,2026-10-09
res_exgold_de,1978-12-01,1979-02-14,48474035391.8784,https://fred.stlouisfed.org/graph/fredgraph.csv?id=TRESEGDEM052N,2026-10-09
res_exgold_de,1979-01-01,1979-03-17,46737122830.8646,https://fred.stlouisfed.org/graph/fredgraph.csv?id=TRESEGDEM052N,2026-10-09
res_exgold_de,1979-02-01,1979-04-14,44711304765.0487,https://fred.stlouisfed.org/graph/fredgraph.csv?id=TRESEGDEM052N,2026-10-09
res_exgold_de,1979-03-01,1979-05-15,48866395228.7545,https://fred.stlouisfed.org/graph/fredgraph.csv?id=TRESEGDEM052N,2026-10-09
res_exgold_de,1979-04-01,1979-06-14,47951574064.807205,https://fred.stlouisfed.org/graph/fredgraph.csv?id=TRESEGDEM052N,2026-10-09
res_exgold_de,1979-05-01,1979-07-15,45265005932.9996,https://fred.stlouisfed.org/graph/fredgraph.csv?id=TRESEGDEM052N,2026-10-09
res_exgold_de,1979-06-01,1979-08-14,47162268889.5103,https://fred.stlouisfed.org/graph/fredgraph.csv?id=TRESEGDEM052N,2026-10-09
res_exgold_de,1979-07-01,1979-09-14,48816911624.6887,https://fred.stlouisfed.org/graph/fredgraph.csv?id=TRESEGDEM052N,2026-10-09
res_exgold_de,1979-08-01,1979-10-15,47452794493.701096,https://fred.stlouisfed.org/graph/fredgraph.csv?id=TRESEGDEM052N,2026-10-09
res_exgold_de,1979-09-01,1979-11-14,52364485294.423904,https://fred.stlouisfed.org/graph/fredgraph.csv?id=TRESEGDEM052N,2026-10-09
res_exgold_de,1979-10-01,1979-12-15,52476555455.085205,https://fred.stlouisfed.org/graph/fredgraph.csv?id=TRESEGDEM052N,2026-10-09
res_exgold_de,1979-11-01,1980-01-14,49274947030.9862,https://fred.stlouisfed.org/graph/fredgraph.csv?id=TRESEGDEM052N,2026-10-09
res_exgold_de,1979-12-01,1980-02-14,52549420090.897804,https://fred.stlouisfed.org/graph/fredgraph.csv?id=TRESEGDEM052N,2026-10-09
res_exgold_de,1980-01-01,1980-03-16,51673679546.1386,https://fred.stlouisfed.org/graph/fredgraph.csv?id=TRESEGDEM052N,2026-10-09
res_exgold_de,1980-02-01,1980-04-14,49119529342.0372,https://fred.stlouisfed.org/graph/fredgraph.csv?id=TRESEGDEM052N,2026-10-09
res_exgold_de,1980-03-01,1980-05-15,46300979186.6473,https://fred.stlouisfed.org/graph/fredgraph.csv?id=TRESEGDEM052N,2026-10-09
res_exgold_de,1980-04-01,1980-06-14,48462159455.2614,https://fred.stlouisfed.org/graph/fredgraph.csv?id=TRESEGDEM052N,2026-10-09
res_exgold_de,1980-05-01,1980-07-15,48370207119.6559,https://fred.stlouisfed.org/graph/fredgraph.csv?id=TRESEGDEM052N,2026-10-09
res_exgold_de,1980-06-01,1980-08-14,49746901300.911,https://fred.stlouisfed.org/graph/fredgraph.csv?id=TRESEGDEM052N,2026-10-09
res_exgold_de,1980-07-01,1980-09-14,51165169778.5006,https://fred.stlouisfed.org/graph/fredgraph.csv?id=TRESEGDEM052N,2026-10-09
res_exgold_de,1980-08-01,1980-10-15,51183982447.638405,https://fred.stlouisfed.org/graph/fredgraph.csv?id=TRESEGDEM052N,2026-10-09
res_exgold_de,1980-09-01,1980-11-14,49454752034.347496,https://fred.stlouisfed.org/graph/fredgraph.csv?id=TRESEGDEM052N,2026-10-09
res_exgold_de,1980-10-01,1980-12-15,47742285298.5865,https://fred.stlouisfed.org/graph/fredgraph.csv?id=TRESEGDEM052N,2026-10-09
res_exgold_de,1980-11-01,1981-01-14,48610683890.7383,https://fred.stlouisfed.org/graph/fredgraph.csv?id=TRESEGDEM052N,2026-10-09
res_exgold_de,1980-12-01,1981-02-14,48591933862.3714,https://fred.stlouisfed.org/graph/fredgraph.csv?id=TRESEGDEM052N,2026-10-09
res_exgold_de,1981-01-01,1981-03-17,49146111980.3423,https://fred.stlouisfed.org/graph/fredgraph.csv?id=TRESEGDEM052N,2026-10-09
res_exgold_de,1981-02-01,1981-04-14,47396091225.4506,https://fred.stlouisfed.org/graph/fredgraph.csv?id=TRESEGDEM052N,2026-10-09
res_exgold_de,1981-03-01,1981-05-15,50101053101.5394,https://fred.stlouisfed.org/graph/fredgraph.csv?id=TRESEGDEM052N,2026-10-09
res_exgold_de,1981-04-01,1981-06-14,49608872092.3277,https://fred.stlouisfed.org/graph/fredgraph.csv?id=TRESEGDEM052N,2026-10-09
res_exgold_de,1981-05-01,1981-07-15,50148564954.0488,https://fred.stlouisfed.org/graph/fredgraph.csv?id=TRESEGDEM052N,2026-10-09
res_exgold_de,1981-06-01,1981-08-14,48647731569.1106,https://fred.stlouisfed.org/graph/fredgraph.csv?id=TRESEGDEM052N,2026-10-09
res_exgold_de,1981-07-01,1981-09-14,47401416775.4212,https://fred.stlouisfed.org/graph/fredgraph.csv?id=TRESEGDEM052N,2026-10-09
res_exgold_de,1981-08-01,1981-10-15,45937788142.8184,https://fred.stlouisfed.org/graph/fredgraph.csv?id=TRESEGDEM052N,2026-10-09
res_exgold_de,1981-09-01,1981-11-14,47154869978.4586,https://fred.stlouisfed.org/graph/fredgraph.csv?id=TRESEGDEM052N,2026-10-09
res_exgold_de,1981-10-01,1981-12-15,44245983427.821495,https://fred.stlouisfed.org/graph/fredgraph.csv?id=TRESEGDEM052N,2026-10-09
res_exgold_de,1981-11-01,1982-01-14,44637523820.0988,https://fred.stlouisfed.org/graph/fredgraph.csv?id=TRESEGDEM052N,2026-10-09
res_exgold_de,1981-12-01,1982-02-14,43718806369.24581,https://fred.stlouisfed.org/graph/fredgraph.csv?id=TRESEGDEM052N,2026-10-09
res_exgold_de,1982-01-01,1982-03-17,41605547754.9869,https://fred.stlouisfed.org/graph/fredgraph.csv?id=TRESEGDEM052N,2026-10-09
res_exgold_de,1982-02-01,1982-04-14,41098316885.4658,https://fred.stlouisfed.org/graph/fredgraph.csv?id=TRESEGDEM052N,2026-10-09
res_exgold_de,1982-03-01,1982-05-15,41176839719.5958,https://fred.stlouisfed.org/graph/fredgraph.csv?id=TRESEGDEM052N,2026-10-09
res_exgold_de,1982-04-01,1982-06-14,41939552246.7161,https://fred.stlouisfed.org/graph/fredgraph.csv?id=TRESEGDEM052N,2026-10-09
res_exgold_de,1982-05-01,1982-07-15,42500687954.6489,https://fred.stlouisfed.org/graph/fredgraph.csv?id=TRESEGDEM052N,2026-10-09
res_exgold_de,1982-06-01,1982-08-14,41802910004.2247,https://fred.stlouisfed.org/graph/fredgraph.csv?id=TRESEGDEM052N,2026-10-09
res_exgold_de,1982-07-01,1982-09-14,40993073917.1698,https://fred.stlouisfed.org/graph/fredgraph.csv?id=TRESEGDEM052N,2026-10-09
res_exgold_de,1982-08-01,1982-10-15,40565557928.7665,https://fred.stlouisfed.org/graph/fredgraph.csv?id=TRESEGDEM052N,2026-10-09
res_exgold_de,1982-09-01,1982-11-14,40514947739.0042,https://fred.stlouisfed.org/graph/fredgraph.csv?id=TRESEGDEM052N,2026-10-09
res_exgold_de,1982-10-01,1982-12-15,41925589281.2083,https://fred.stlouisfed.org/graph/fredgraph.csv?id=TRESEGDEM052N,2026-10-09
res_exgold_de,1982-11-01,1983-01-14,43449161977.7101,https://fred.stlouisfed.org/graph/fredgraph.csv?id=TRESEGDEM052N,2026-10-09
res_exgold_de,1982-12-01,1983-02-14,44761572816.2792,https://fred.stlouisfed.org/graph/fredgraph.csv?id=TRESEGDEM052N,2026-10-09
res_exgold_de,1983-01-01,1983-03-17,46162379154.8672,https://fred.stlouisfed.org/graph/fredgraph.csv?id=TRESEGDEM052N,2026-10-09
res_exgold_de,1983-02-01,1983-04-14,47893314781.4561,https://fred.stlouisfed.org/graph/fredgraph.csv?id=TRESEGDEM052N,2026-10-09
res_exgold_de,1983-03-01,1983-05-15,49857381520.2017,https://fred.stlouisfed.org/graph/fredgraph.csv?id=TRESEGDEM052N,2026-10-09
res_exgold_de,1983-04-01,1983-06-14,45536380145.6258,https://fred.stlouisfed.org/graph/fredgraph.csv?id=TRESEGDEM052N,2026-10-09
res_exgold_de,1983-05-01,1983-07-15,44939620937.12981,https://fred.stlouisfed.org/graph/fredgraph.csv?id=TRESEGDEM052N,2026-10-09
res_exgold_de,1983-06-01,1983-08-14,43901845950.0971,https://fred.stlouisfed.org/graph/fredgraph.csv?id=TRESEGDEM052N,2026-10-09
res_exgold_de,1983-07-01,1983-09-14,44287503648.3411,https://fred.stlouisfed.org/graph/fredgraph.csv?id=TRESEGDEM052N,2026-10-09
res_exgold_de,1983-08-01,1983-10-15,42835758284.8823,https://fred.stlouisfed.org/graph/fredgraph.csv?id=TRESEGDEM052N,2026-10-09
res_exgold_de,1983-09-01,1983-11-14,43254717154.7438,https://fred.stlouisfed.org/graph/fredgraph.csv?id=TRESEGDEM052N,2026-10-09
res_exgold_de,1983-10-01,1983-12-15,44499509730.7535,https://fred.stlouisfed.org/graph/fredgraph.csv?id=TRESEGDEM052N,2026-10-09
res_exgold_de,1983-11-01,1984-01-14,44217539371.6624,https://fred.stlouisfed.org/graph/fredgraph.csv?id=TRESEGDEM052N,2026-10-09
res_exgold_de,1983-12-01,1984-02-14,42674220756.2804,https://fred.stlouisfed.org/graph/fredgraph.csv?id=TRESEGDEM052N,2026-10-09
res_exgold_de,1984-01-01,1984-03-16,42229660470.7999,https://fred.stlouisfed.org/graph/fredgraph.csv?id=TRESEGDEM052N,2026-10-09
res_exgold_de,1984-02-01,1984-04-14,45139915195.1169,https://fred.stlouisfed.org/graph/fredgraph.csv?id=TRESEGDEM052N,2026-10-09
res_exgold_de,1984-03-01,1984-05-15,46350663696.197205,https://fred.stlouisfed.org/graph/fredgraph.csv?id=TRESEGDEM052N,2026-10-09
res_exgold_de,1984-04-01,1984-06-14,46219727754.221695,https://fred.stlouisfed.org/graph/fredgraph.csv?id=TRESEGDEM052N,2026-10-09
res_exgold_de,1984-05-01,1984-07-15,44879203077.7612,https://fred.stlouisfed.org/graph/fredgraph.csv?id=TRESEGDEM052N,2026-10-09
res_exgold_de,1984-06-01,1984-08-14,44229087952.3166,https://fred.stlouisfed.org/graph/fredgraph.csv?id=TRESEGDEM052N,2026-10-09
res_exgold_de,1984-07-01,1984-09-14,43576380098.2926,https://fred.stlouisfed.org/graph/fredgraph.csv?id=TRESEGDEM052N,2026-10-09
res_exgold_de,1984-08-01,1984-10-15,43677914928.2258,https://fred.stlouisfed.org/graph/fredgraph.csv?id=TRESEGDEM052N,2026-10-09
res_exgold_de,1984-09-01,1984-11-14,40871900099.9001,https://fred.stlouisfed.org/graph/fredgraph.csv?id=TRESEGDEM052N,2026-10-09
res_exgold_de,1984-10-01,1984-12-15,41060269645.842,https://fred.stlouisfed.org/graph/fredgraph.csv?id=TRESEGDEM052N,2026-10-09
res_exgold_de,1984-11-01,1985-01-14,40653370489.8246,https://fred.stlouisfed.org/graph/fredgraph.csv?id=TRESEGDEM052N,2026-10-09
res_exgold_de,1984-12-01,1985-02-14,40140537865.606,https://fred.stlouisfed.org/graph/fredgraph.csv?id=TRESEGDEM052N,2026-10-09
res_exgold_de,1985-01-01,1985-03-17,39193484088.13,https://fred.stlouisfed.org/graph/fredgraph.csv?id=TRESEGDEM052N,2026-10-09
res_exgold_de,1985-02-01,1985-04-14,38040055358.3421,https://fred.stlouisfed.org/graph/fredgraph.csv?id=TRESEGDEM052N,2026-10-09
res_exgold_de,1985-03-01,1985-05-15,37160833470.519295,https://fred.stlouisfed.org/graph/fredgraph.csv?id=TRESEGDEM052N,2026-10-09
res_exgold_de,1985-04-01,1985-06-14,37895814681.1906,https://fred.stlouisfed.org/graph/fredgraph.csv?id=TRESEGDEM052N,2026-10-09
res_exgold_de,1985-05-01,1985-07-15,38828899910.6345,https://fred.stlouisfed.org/graph/fredgraph.csv?id=TRESEGDEM052N,2026-10-09
res_exgold_de,1985-06-01,1985-08-14,39470978556.8822,https://fred.stlouisfed.org/graph/fredgraph.csv?id=TRESEGDEM052N,2026-10-09
res_exgold_de,1985-07-01,1985-09-14,41065187306.7906,https://fred.stlouisfed.org/graph/fredgraph.csv?id=TRESEGDEM052N,2026-10-09
res_exgold_de,1985-08-01,1985-10-15,41988808498.302,https://fred.stlouisfed.org/graph/fredgraph.csv?id=TRESEGDEM052N,2026-10-09
res_exgold_de,1985-09-01,1985-11-14,42781239159.6835,https://fred.stlouisfed.org/graph/fredgraph.csv?id=TRESEGDEM052N,2026-10-09
res_exgold_de,1985-10-01,1985-12-15,41006256188.782,https://fred.stlouisfed.org/graph/fredgraph.csv?id=TRESEGDEM052N,2026-10-09
res_exgold_de,1985-11-01,1986-01-14,44369391184.573006,https://fred.stlouisfed.org/graph/fredgraph.csv?id=TRESEGDEM052N,2026-10-09
res_exgold_de,1985-12-01,1986-02-14,44379844024.6046,https://fred.stlouisfed.org/graph/fredgraph.csv?id=TRESEGDEM052N,2026-10-09
res_exgold_de,1986-01-01,1986-03-17,45107826271.9869,https://fred.stlouisfed.org/graph/fredgraph.csv?id=TRESEGDEM052N,2026-10-09
res_exgold_de,1986-02-01,1986-04-14,46708172960.2275,https://fred.stlouisfed.org/graph/fredgraph.csv?id=TRESEGDEM052N,2026-10-09
res_exgold_de,1986-03-01,1986-05-15,45484682879.3553,https://fred.stlouisfed.org/graph/fredgraph.csv?id=TRESEGDEM052N,2026-10-09
res_exgold_de,1986-04-01,1986-06-14,45629577830.8266,https://fred.stlouisfed.org/graph/fredgraph.csv?id=TRESEGDEM052N,2026-10-09
res_exgold_de,1986-05-01,1986-07-15,43234937881.5245,https://fred.stlouisfed.org/graph/fredgraph.csv?id=TRESEGDEM052N,2026-10-09
res_exgold_de,1986-06-01,1986-08-14,44631899706.7863,https://fred.stlouisfed.org/graph/fredgraph.csv?id=TRESEGDEM052N,2026-10-09
res_exgold_de,1986-07-01,1986-09-14,45346840412.5345,https://fred.stlouisfed.org/graph/fredgraph.csv?id=TRESEGDEM052N,2026-10-09
res_exgold_de,1986-08-01,1986-10-15,46739393661.4449,https://fred.stlouisfed.org/graph/fredgraph.csv?id=TRESEGDEM052N,2026-10-09
res_exgold_de,1986-09-01,1986-11-14,48973427656.1666,https://fred.stlouisfed.org/graph/fredgraph.csv?id=TRESEGDEM052N,2026-10-09
res_exgold_de,1986-10-01,1986-12-15,52844992797.2186,https://fred.stlouisfed.org/graph/fredgraph.csv?id=TRESEGDEM052N,2026-10-09
res_exgold_de,1986-11-01,1987-01-14,51597540762.9744,https://fred.stlouisfed.org/graph/fredgraph.csv?id=TRESEGDEM052N,2026-10-09
res_exgold_de,1986-12-01,1987-02-14,51734029307.793,https://fred.stlouisfed.org/graph/fredgraph.csv?id=TRESEGDEM052N,2026-10-09
res_exgold_de,1987-01-01,1987-03-17,62269566865.2554,https://fred.stlouisfed.org/graph/fredgraph.csv?id=TRESEGDEM052N,2026-10-09
res_exgold_de,1987-02-01,1987-04-14,62423882581.9828,https://fred.stlouisfed.org/graph/fredgraph.csv?id=TRESEGDEM052N,2026-10-09
res_exgold_de,1987-03-01,1987-05-15,60436705012.6634,https://fred.stlouisfed.org/graph/fredgraph.csv?id=TRESEGDEM052N,2026-10-09
res_exgold_de,1987-04-01,1987-06-14,62004790683.7004,https://fred.stlouisfed.org/graph/fredgraph.csv?id=TRESEGDEM052N,2026-10-09
res_exgold_de,1987-05-01,1987-07-15,63406278546.1563,https://fred.stlouisfed.org/graph/fredgraph.csv?id=TRESEGDEM052N,2026-10-09
res_exgold_de,1987-06-01,1987-08-14,62290234900.1866,https://fred.stlouisfed.org/graph/fredgraph.csv?id=TRESEGDEM052N,2026-10-09
res_exgold_de,1987-07-01,1987-09-14,60899223068.442505,https://fred.stlouisfed.org/graph/fredgraph.csv?id=TRESEGDEM052N,2026-10-09
res_exgold_de,1987-08-01,1987-10-15,61822422645.218,https://fred.stlouisfed.org/graph/fredgraph.csv?id=TRESEGDEM052N,2026-10-09
res_exgold_de,1987-09-01,1987-11-14,63549000140.7604,https://fred.stlouisfed.org/graph/fredgraph.csv?id=TRESEGDEM052N,2026-10-09
res_exgold_de,1987-10-01,1987-12-15,66697206750.77609,https://fred.stlouisfed.org/graph/fredgraph.csv?id=TRESEGDEM052N,2026-10-09
res_exgold_de,1987-11-01,1988-01-14,76304831792.39189,https://fred.stlouisfed.org/graph/fredgraph.csv?id=TRESEGDEM052N,2026-10-09
res_exgold_de,1987-12-01,1988-02-14,78756312006.1286,https://fred.stlouisfed.org/graph/fredgraph.csv?id=TRESEGDEM052N,2026-10-09
res_exgold_de,1988-01-01,1988-03-16,76383485898.5571,https://fred.stlouisfed.org/graph/fredgraph.csv?id=TRESEGDEM052N,2026-10-09
res_exgold_de,1988-02-01,1988-04-14,73320407281.3882,https://fred.stlouisfed.org/graph/fredgraph.csv?id=TRESEGDEM052N,2026-10-09
res_exgold_de,1988-03-01,1988-05-15,72944238072.77719,https://fred.stlouisfed.org/graph/fredgraph.csv?id=TRESEGDEM052N,2026-10-09
res_exgold_de,1988-04-01,1988-06-14,73731155996.9548,https://fred.stlouisfed.org/graph/fredgraph.csv?id=TRESEGDEM052N,2026-10-09
res_exgold_de,1988-05-01,1988-07-15,71258776317.4057,https://fred.stlouisfed.org/graph/fredgraph.csv?id=TRESEGDEM052N,2026-10-09
res_exgold_de,1988-06-01,1988-08-14,64795435124.5085,https://fred.stlouisfed.org/graph/fredgraph.csv?id=TRESEGDEM052N,2026-10-09
res_exgold_de,1988-07-01,1988-09-14,61358993932.4794,https://fred.stlouisfed.org/graph/fredgraph.csv?id=TRESEGDEM052N,2026-10-09
res_exgold_de,1988-08-01,1988-10-15,59039306161.3572,https://fred.stlouisfed.org/graph/fredgraph.csv?id=TRESEGDEM052N,2026-10-09
res_exgold_de,1988-09-01,1988-11-14,57994873025.704506,https://fred.stlouisfed.org/graph/fredgraph.csv?id=TRESEGDEM052N,2026-10-09
res_exgold_de,1988-10-01,1988-12-15,60027260932.1794,https://fred.stlouisfed.org/graph/fredgraph.csv?id=TRESEGDEM052N,2026-10-09
res_exgold_de,1988-11-01,1989-01-14,61660132045.3086,https://fred.stlouisfed.org/graph/fredgraph.csv?id=TRESEGDEM052N,2026-10-09
res_exgold_de,1988-12-01,1989-02-14,58527563402.4573,https://fred.stlouisfed.org/graph/fredgraph.csv?id=TRESEGDEM052N,2026-10-09
res_exgold_de,1989-01-01,1989-03-17,54940462861.4877,https://fred.stlouisfed.org/graph/fredgraph.csv?id=TRESEGDEM052N,2026-10-09
res_exgold_de,1989-02-01,1989-04-14,55644631039.2219,https://fred.stlouisfed.org/graph/fredgraph.csv?id=TRESEGDEM052N,2026-10-09
res_exgold_de,1989-03-01,1989-05-15,54970513967.7082,https://fred.stlouisfed.org/graph/fredgraph.csv?id=TRESEGDEM052N,2026-10-09
res_exgold_de,1989-04-01,1989-06-14,56339338749.174,https://fred.stlouisfed.org/graph/fredgraph.csv?id=TRESEGDEM052N,2026-10-09
res_exgold_de,1989-05-01,1989-07-15,55352152966.049,https://fred.stlouisfed.org/graph/fredgraph.csv?id=TRESEGDEM052N,2026-10-09
res_exgold_de,1989-06-01,1989-08-14,55780387576.029495,https://fred.stlouisfed.org/graph/fredgraph.csv?id=TRESEGDEM052N,2026-10-09
res_exgold_de,1989-07-01,1989-09-14,56909767864.0402,https://fred.stlouisfed.org/graph/fredgraph.csv?id=TRESEGDEM052N,2026-10-09
res_exgold_de,1989-08-01,1989-10-15,56885640651.6834,https://fred.stlouisfed.org/graph/fredgraph.csv?id=TRESEGDEM052N,2026-10-09
res_exgold_de,1989-09-01,1989-11-14,57711954119.0473,https://fred.stlouisfed.org/graph/fredgraph.csv?id=TRESEGDEM052N,2026-10-09
res_exgold_de,1989-10-01,1989-12-15,59533679470.4695,https://fred.stlouisfed.org/graph/fredgraph.csv?id=TRESEGDEM052N,2026-10-09
res_exgold_de,1989-11-01,1990-01-14,59649764966.4551,https://fred.stlouisfed.org/graph/fredgraph.csv?id=TRESEGDEM052N,2026-10-09
res_exgold_de,1989-12-01,1990-02-14,60708676479.0917,https://fred.stlouisfed.org/graph/fredgraph.csv?id=TRESEGDEM052N,2026-10-09
res_exgold_de,1990-01-01,1990-03-17,60815337601.7392,https://fred.stlouisfed.org/graph/fredgraph.csv?id=TRESEGDEM052N,2026-10-09
res_exgold_de,1990-02-01,1990-04-14,61892004029.4439,https://fred.stlouisfed.org/graph/fredgraph.csv?id=TRESEGDEM052N,2026-10-09
res_exgold_de,1990-03-01,1990-05-15,61489322865.9885,https://fred.stlouisfed.org/graph/fredgraph.csv?id=TRESEGDEM052N,2026-10-09
res_exgold_de,1990-04-01,1990-06-14,61555820584.2896,https://fred.stlouisfed.org/graph/fredgraph.csv?id=TRESEGDEM052N,2026-10-09
res_exgold_de,1990-05-01,1990-07-15,62633104803.2643,https://fred.stlouisfed.org/graph/fredgraph.csv?id=TRESEGDEM052N,2026-10-09
res_exgold_de,1990-06-01,1990-08-14,63451028066.0877,https://fred.stlouisfed.org/graph/fredgraph.csv?id=TRESEGDEM052N,2026-10-09
res_exgold_de,1990-07-01,1990-09-14,62495954906.7271,https://fred.stlouisfed.org/graph/fredgraph.csv?id=TRESEGDEM052N,2026-10-09
res_exgold_de,1990-08-01,1990-10-15,63663736268.7622,https://fred.stlouisfed.org/graph/fredgraph.csv?id=TRESEGDEM052N,2026-10-09
res_exgold_de,1990-09-01,1990-11-14,64446215011.8368,https://fred.stlouisfed.org/graph/fredgraph.csv?id=TRESEGDEM052N,2026-10-09
res_exgold_de,1990-10-01,1990-12-15,66001328449.608,https://fred.stlouisfed.org/graph/fredgraph.csv?id=TRESEGDEM052N,2026-10-09
res_exgold_de,1990-11-01,1991-01-14,67071058097.56171,https://fred.stlouisfed.org/graph/fredgraph.csv?id=TRESEGDEM052N,2026-10-09
res_exgold_de,1990-12-01,1991-02-14,67902226415.8996,https://fred.stlouisfed.org/graph/fredgraph.csv?id=TRESEGDEM052N,2026-10-09
res_exgold_de,1991-01-01,1991-03-17,68216094149.043,https://fred.stlouisfed.org/graph/fredgraph.csv?id=TRESEGDEM052N,2026-10-09
res_exgold_de,1991-02-01,1991-04-14,66422230410.8188,https://fred.stlouisfed.org/graph/fredgraph.csv?id=TRESEGDEM052N,2026-10-09
res_exgold_de,1991-03-01,1991-05-15,59125302004.6582,https://fred.stlouisfed.org/graph/fredgraph.csv?id=TRESEGDEM052N,2026-10-09
res_exgold_de,1991-04-01,1991-06-14,59721963610.5226,https://fred.stlouisfed.org/graph/fredgraph.csv?id=TRESEGDEM052N,2026-10-09
res_exgold_de,1991-05-01,1991-07-15,60456968087.9592,https://fred.stlouisfed.org/graph/fredgraph.csv?id=TRESEGDEM052N,2026-10-09
res_exgold_de,1991-06-01,1991-08-14,57692851460.4201,https://fred.stlouisfed.org/graph/fredgraph.csv?id=TRESEGDEM052N,2026-10-09
res_exgold_de,1991-07-01,1991-09-14,59482966089.4853,https://fred.stlouisfed.org/graph/fredgraph.csv?id=TRESEGDEM052N,2026-10-09
res_exgold_de,1991-08-01,1991-10-15,60195475967.644905,https://fred.stlouisfed.org/graph/fredgraph.csv?id=TRESEGDEM052N,2026-10-09
res_exgold_de,1991-09-01,1991-11-14,61226768809.849495,https://fred.stlouisfed.org/graph/fredgraph.csv?id=TRESEGDEM052N,2026-10-09
res_exgold_de,1991-10-01,1991-12-15,60359847784.2004,https://fred.stlouisfed.org/graph/fredgraph.csv?id=TRESEGDEM052N,2026-10-09
res_exgold_de,1991-11-01,1992-01-14,61507369425.3445,https://fred.stlouisfed.org/graph/fredgraph.csv?id=TRESEGDEM052N,2026-10-09
res_exgold_de,1991-12-01,1992-02-14,63000843281.9809,https://fred.stlouisfed.org/graph/fredgraph.csv?id=TRESEGDEM052N,2026-10-09
res_exgold_de,1992-01-01,1992-03-16,60811038217.0055,https://fred.stlouisfed.org/graph/fredgraph.csv?id=TRESEGDEM052N,2026-10-09
res_exgold_de,1992-02-01,1992-04-14,61523426535.572296,https://fred.stlouisfed.org/graph/fredgraph.csv?id=TRESEGDEM052N,2026-10-09
res_exgold_de,1992-03-01,1992-05-15,61642171467.7641,https://fred.stlouisfed.org/graph/fredgraph.csv?id=TRESEGDEM052N,2026-10-09
res_exgold_de,1992-04-01,1992-06-14,63247935895.6798,https://fred.stlouisfed.org/graph/fredgraph.csv?id=TRESEGDEM052N,2026-10-09
res_exgold_de,1992-05-01,1992-07-15,62569916346.6775,https://fred.stlouisfed.org/graph/fredgraph.csv?id=TRESEGDEM052N,2026-10-09
res_exgold_de,1992-06-01,1992-08-14,64106357462.8254,https://fred.stlouisfed.org/graph/fredgraph.csv?id=TRESEGDEM052N,2026-10-09
res_exgold_de,1992-07-01,1992-09-14,63346571544.1049,https://fred.stlouisfed.org/graph/fredgraph.csv?id=TRESEGDEM052N,2026-10-09
res_exgold_de,1992-08-01,1992-10-15,67058820439.81789,https://fred.stlouisfed.org/graph/fredgraph.csv?id=TRESEGDEM052N,2026-10-09
res_exgold_de,1992-09-01,1992-11-14,120255287852.009,https://fred.stlouisfed.org/graph/fredgraph.csv?id=TRESEGDEM052N,2026-10-09
res_exgold_de,1992-10-01,1992-12-15,88400409197.6324,https://fred.stlouisfed.org/graph/fredgraph.csv?id=TRESEGDEM052N,2026-10-09
res_exgold_de,1992-11-01,1993-01-14,85535581325.56699,https://fred.stlouisfed.org/graph/fredgraph.csv?id=TRESEGDEM052N,2026-10-09
res_exgold_de,1992-12-01,1993-02-14,90967080300.3011,https://fred.stlouisfed.org/graph/fredgraph.csv?id=TRESEGDEM052N,2026-10-09
res_exgold_de,1993-01-01,1993-03-17,86040408692.0473,https://fred.stlouisfed.org/graph/fredgraph.csv?id=TRESEGDEM052N,2026-10-09
res_exgold_de,1993-02-01,1993-04-14,77885385405.0558,https://fred.stlouisfed.org/graph/fredgraph.csv?id=TRESEGDEM052N,2026-10-09
res_exgold_de,1993-03-01,1993-05-15,70271491928.1571,https://fred.stlouisfed.org/graph/fredgraph.csv?id=TRESEGDEM052N,2026-10-09
res_exgold_de,1993-04-01,1993-06-14,70045816219.2246,https://fred.stlouisfed.org/graph/fredgraph.csv?id=TRESEGDEM052N,2026-10-09
res_exgold_de,1993-05-01,1993-07-15,70647155104.857,https://fred.stlouisfed.org/graph/fredgraph.csv?id=TRESEGDEM052N,2026-10-09
res_exgold_de,1993-06-01,1993-08-14,68187527502.2037,https://fred.stlouisfed.org/graph/fredgraph.csv?id=TRESEGDEM052N,2026-10-09
res_exgold_de,1993-07-01,1993-09-14,75133110095.1115,https://fred.stlouisfed.org/graph/fredgraph.csv?id=TRESEGDEM052N,2026-10-09
res_exgold_de,1993-08-01,1993-10-15,103937491866.29668,https://fred.stlouisfed.org/graph/fredgraph.csv?id=TRESEGDEM052N,2026-10-09
res_exgold_de,1993-09-01,1993-11-14,85342826908.211,https://fred.stlouisfed.org/graph/fredgraph.csv?id=TRESEGDEM052N,2026-10-09
res_exgold_de,1993-10-01,1993-12-15,77558574042.0026,https://fred.stlouisfed.org/graph/fredgraph.csv?id=TRESEGDEM052N,2026-10-09
res_exgold_de,1993-11-01,1994-01-14,78575671422.3254,https://fred.stlouisfed.org/graph/fredgraph.csv?id=TRESEGDEM052N,2026-10-09
res_exgold_de,1993-12-01,1994-02-14,77639894484.7905,https://fred.stlouisfed.org/graph/fredgraph.csv?id=TRESEGDEM052N,2026-10-09
res_exgold_de,1994-01-01,1994-03-17,81082798051.593,https://fred.stlouisfed.org/graph/fredgraph.csv?id=TRESEGDEM052N,2026-10-09
res_exgold_de,1994-02-01,1994-04-14,78855920058.2107,https://fred.stlouisfed.org/graph/fredgraph.csv?id=TRESEGDEM052N,2026-10-09
res_exgold_de,1994-03-01,1994-05-15,80059123071.0988,https://fred.stlouisfed.org/graph/fredgraph.csv?id=TRESEGDEM052N,2026-10-09
res_exgold_de,1994-04-01,1994-06-14,80969176832.62239,https://fred.stlouisfed.org/graph/fredgraph.csv?id=TRESEGDEM052N,2026-10-09
res_exgold_de,1994-05-01,1994-07-15,82146401601.58739,https://fred.stlouisfed.org/graph/fredgraph.csv?id=TRESEGDEM052N,2026-10-09
res_exgold_de,1994-06-01,1994-08-14,83891892496.2922,https://fred.stlouisfed.org/graph/fredgraph.csv?id=TRESEGDEM052N,2026-10-09
res_exgold_de,1994-07-01,1994-09-14,83097705988.985,https://fred.stlouisfed.org/graph/fredgraph.csv?id=TRESEGDEM052N,2026-10-09
res_exgold_de,1994-08-01,1994-10-15,84274278320.6659,https://fred.stlouisfed.org/graph/fredgraph.csv?id=TRESEGDEM052N,2026-10-09
res_exgold_de,1994-09-01,1994-11-14,85001015921.0901,https://fred.stlouisfed.org/graph/fredgraph.csv?id=TRESEGDEM052N,2026-10-09
res_exgold_de,1994-10-01,1994-12-15,85073000044.5362,https://fred.stlouisfed.org/graph/fredgraph.csv?id=TRESEGDEM052N,2026-10-09
res_exgold_de,1994-11-01,1995-01-14,82746296564.7142,https://fred.stlouisfed.org/graph/fredgraph.csv?id=TRESEGDEM052N,2026-10-09
res_exgold_de,1994-12-01,1995-02-14,77363207069.1661,https://fred.stlouisfed.org/graph/fredgraph.csv?id=TRESEGDEM052N,2026-10-09
res_exgold_de,1995-01-01,1995-03-17,78512643204.8011,https://fred.stlouisfed.org/graph/fredgraph.csv?id=TRESEGDEM052N,2026-10-09
res_exgold_de,1995-02-01,1995-04-14,79391545481.1729,https://fred.stlouisfed.org/graph/fredgraph.csv?id=TRESEGDEM052N,2026-10-09
res_exgold_de,1995-03-01,1995-05-15,82050749521.3172,https://fred.stlouisfed.org/graph/fredgraph.csv?id=TRESEGDEM052N,2026-10-09
res_exgold_de,1995-04-01,1995-06-14,81488206897.7451,https://fred.stlouisfed.org/graph/fredgraph.csv?id=TRESEGDEM052N,2026-10-09
res_exgold_de,1995-05-01,1995-07-15,82049973360.8172,https://fred.stlouisfed.org/graph/fredgraph.csv?id=TRESEGDEM052N,2026-10-09
res_exgold_de,1995-06-01,1995-08-14,82809970355.1825,https://fred.stlouisfed.org/graph/fredgraph.csv?id=TRESEGDEM052N,2026-10-09
res_exgold_de,1995-07-01,1995-09-14,83097706964.5798,https://fred.stlouisfed.org/graph/fredgraph.csv?id=TRESEGDEM052N,2026-10-09
res_exgold_de,1995-08-01,1995-10-15,81831609531.05879,https://fred.stlouisfed.org/graph/fredgraph.csv?id=TRESEGDEM052N,2026-10-09
res_exgold_de,1995-09-01,1995-11-14,83364735716.33,https://fred.stlouisfed.org/graph/fredgraph.csv?id=TRESEGDEM052N,2026-10-09
res_exgold_de,1995-10-01,1995-12-15,83684072324.4497,https://fred.stlouisfed.org/graph/fredgraph.csv?id=TRESEGDEM052N,2026-10-09
res_exgold_de,1995-11-01,1996-01-14,84206728254.66649,https://fred.stlouisfed.org/graph/fredgraph.csv?id=TRESEGDEM052N,2026-10-09
res_exgold_de,1995-12-01,1996-02-14,85005217182.87329,https://fred.stlouisfed.org/graph/fredgraph.csv?id=TRESEGDEM052N,2026-10-09
res_exgold_de,1996-01-01,1996-03-16,84322637898.0711,https://fred.stlouisfed.org/graph/fredgraph.csv?id=TRESEGDEM052N,2026-10-09
res_exgold_de,1996-02-01,1996-04-14,85057432215.8612,https://fred.stlouisfed.org/graph/fredgraph.csv?id=TRESEGDEM052N,2026-10-09
res_exgold_de,1996-03-01,1996-05-15,85309762747.9488,https://fred.stlouisfed.org/graph/fredgraph.csv?id=TRESEGDEM052N,2026-10-09
res_exgold_de,1996-04-01,1996-06-14,86015236956.3925,https://fred.stlouisfed.org/graph/fredgraph.csv?id=TRESEGDEM052N,2026-10-09
res_exgold_de,1996-05-01,1996-07-15,84343900843.9671,https://fred.stlouisfed.org/graph/fredgraph.csv?id=TRESEGDEM052N,2026-10-09
res_exgold_de,1996-06-01,1996-08-14,85021879722.0703,https://fred.stlouisfed.org/graph/fredgraph.csv?id=TRESEGDEM052N,2026-10-09
res_exgold_de,1996-07-01,1996-09-14,83995080780.60559,https://fred.stlouisfed.org/graph/fredgraph.csv?id=TRESEGDEM052N,2026-10-09
res_exgold_de,1996-08-01,1996-10-15,84450459063.92259,https://fred.stlouisfed.org/graph/fredgraph.csv?id=TRESEGDEM052N,2026-10-09
res_exgold_de,1996-09-01,1996-11-14,84983381871.9359,https://fred.stlouisfed.org/graph/fredgraph.csv?id=TRESEGDEM052N,2026-10-09
res_exgold_de,1996-10-01,1996-12-15,85845786657.9507,https://fred.stlouisfed.org/graph/fredgraph.csv?id=TRESEGDEM052N,2026-10-09
res_exgold_de,1996-11-01,1997-01-14,86349845109.61029,https://fred.stlouisfed.org/graph/fredgraph.csv?id=TRESEGDEM052N,2026-10-09
res_exgold_de,1996-12-01,1997-02-14,83177914017.474,https://fred.stlouisfed.org/graph/fredgraph.csv?id=TRESEGDEM052N,2026-10-09
res_exgold_de,1997-01-01,1997-03-17,81597785943.5079,https://fred.stlouisfed.org/graph/fredgraph.csv?id=TRESEGDEM052N,2026-10-09
res_exgold_de,1997-02-01,1997-04-14,80603538604.5069,https://fred.stlouisfed.org/graph/fredgraph.csv?id=TRESEGDEM052N,2026-10-09
res_exgold_de,1997-03-01,1997-05-15,80165214629.1671,https://fred.stlouisfed.org/graph/fredgraph.csv?id=TRESEGDEM052N,2026-10-09
res_exgold_de,1997-04-01,1997-06-14,80569484924.58191,https://fred.stlouisfed.org/graph/fredgraph.csv?id=TRESEGDEM052N,2026-10-09
res_exgold_de,1997-05-01,1997-07-15,81552176942.9796,https://fred.stlouisfed.org/graph/fredgraph.csv?id=TRESEGDEM052N,2026-10-09
res_exgold_de,1997-06-01,1997-08-14,80771543341.1671,https://fred.stlouisfed.org/graph/fredgraph.csv?id=TRESEGDEM052N,2026-10-09
res_exgold_de,1997-07-01,1997-09-14,78023165637.062,https://fred.stlouisfed.org/graph/fredgraph.csv?id=TRESEGDEM052N,2026-10-09
res_exgold_de,1997-08-01,1997-10-15,77305075835.25821,https://fred.stlouisfed.org/graph/fredgraph.csv?id=TRESEGDEM052N,2026-10-09
res_exgold_de,1997-09-01,1997-11-14,77195273271.7441,https://fred.stlouisfed.org/graph/fredgraph.csv?id=TRESEGDEM052N,2026-10-09
res_exgold_de,1997-10-01,1997-12-15,77495825228.0897,https://fred.stlouisfed.org/graph/fredgraph.csv?id=TRESEGDEM052N,2026-10-09
res_exgold_de,1997-11-01,1998-01-14,77142035322.0273,https://fred.stlouisfed.org/graph/fredgraph.csv?id=TRESEGDEM052N,2026-10-09
res_exgold_de,1997-12-01,1998-02-14,77586698432.98001,https://fred.stlouisfed.org/graph/fredgraph.csv?id=TRESEGDEM052N,2026-10-09
res_exgold_de,1998-01-01,1998-03-17,76768545686.4367,https://fred.stlouisfed.org/graph/fredgraph.csv?id=TRESEGDEM052N,2026-10-09
res_exgold_de,1998-02-01,1998-04-14,77723907383.3532,https://fred.stlouisfed.org/graph/fredgraph.csv?id=TRESEGDEM052N,2026-10-09
res_exgold_de,1998-03-01,1998-05-15,78076398496.0598,https://fred.stlouisfed.org/graph/fredgraph.csv?id=TRESEGDEM052N,2026-10-09
res_exgold_de,1998-04-01,1998-06-14,79329555308.5189,https://fred.stlouisfed.org/graph/fredgraph.csv?id=TRESEGDEM052N,2026-10-09
res_exgold_de,1998-05-01,1998-07-15,79855255376.5128,https://fred.stlouisfed.org/graph/fredgraph.csv?id=TRESEGDEM052N,2026-10-09
res_exgold_de,1998-06-01,1998-08-14,79778655634.82681,https://fred.stlouisfed.org/graph/fredgraph.csv?id=TRESEGDEM052N,2026-10-09
res_exgold_de,1998-07-01,1998-09-14,79331758240.5018,https://fred.stlouisfed.org/graph/fredgraph.csv?id=TRESEGDEM052N,2026-10-09
res_exgold_de,1998-08-01,1998-10-15,80201893378.0203,https://fred.stlouisfed.org/graph/fredgraph.csv?id=TRESEGDEM052N,2026-10-09
res_exgold_de,1998-09-01,1998-11-14,81849108911.8144,https://fred.stlouisfed.org/graph/fredgraph.csv?id=TRESEGDEM052N,2026-10-09
res_exgold_de,1998-10-01,1998-12-15,80882883133.7467,https://fred.stlouisfed.org/graph/fredgraph.csv?id=TRESEGDEM052N,2026-10-09
res_exgold_de,1998-11-01,1999-01-14,84433588216.7025,https://fred.stlouisfed.org/graph/fredgraph.csv?id=TRESEGDEM052N,2026-10-09
res_exgold_de,1998-12-01,1999-02-14,74024121432.2424,https://fred.stlouisfed.org/graph/fredgraph.csv?id=TRESEGDEM052N,2026-10-09
res_exgold_de,1999-01-01,1999-03-17,61497721140.2825,https://fred.stlouisfed.org/graph/fredgraph.csv?id=TRESEGDEM052N,2026-10-09
res_exgold_de,1999-02-01,1999-04-14,58668635783.5198,https://fred.stlouisfed.org/graph/fredgraph.csv?id=TRESEGDEM052N,2026-10-09
res_exgold_de,1999-03-01,1999-05-15,61155710261.0722,https://fred.stlouisfed.org/graph/fredgraph.csv?id=TRESEGDEM052N,2026-10-09
res_exgold_de,1999-04-01,1999-06-14,60534578743.3334,https://fred.stlouisfed.org/graph/fredgraph.csv?id=TRESEGDEM052N,2026-10-09
res_exgold_de,1999-05-01,1999-07-15,59922056394.50391,https://fred.stlouisfed.org/graph/fredgraph.csv?id=TRESEGDEM052N,2026-10-09
res_exgold_de,1999-06-01,1999-08-14,60749524864.6092,https://fred.stlouisfed.org/graph/fredgraph.csv?id=TRESEGDEM052N,2026-10-09
res_exgold_de,1999-07-01,1999-09-14,62418599426.2141,https://fred.stlouisfed.org/graph/fredgraph.csv?id=TRESEGDEM052N,2026-10-09
res_exgold_de,1999-08-01,1999-10-15,62473182967.49059,https://fred.stlouisfed.org/graph/fredgraph.csv?id=TRESEGDEM052N,2026-10-09
res_exgold_de,1999-09-01,1999-11-14,61436636680.0301,https://fred.stlouisfed.org/graph/fredgraph.csv?id=TRESEGDEM052N,2026-10-09
res_exgold_de,1999-10-01,1999-12-15,60221836934.2501,https://fred.stlouisfed.org/graph/fredgraph.csv?id=TRESEGDEM052N,2026-10-09
res_exgold_de,1999-11-01,2000-01-14,58747694649.9645,https://fred.stlouisfed.org/graph/fredgraph.csv?id=TRESEGDEM052N,2026-10-09
res_exgold_de,1999-12-01,2000-02-14,61038802742.008896,https://fred.stlouisfed.org/graph/fredgraph.csv?id=TRESEGDEM052N,2026-10-09
res_exgold_de,2000-01-01,2000-03-16,59621515597.9144,https://fred.stlouisfed.org/graph/fredgraph.csv?id=TRESEGDEM052N,2026-10-09
res_exgold_de,2000-02-01,2000-04-14,59560613635.970406,https://fred.stlouisfed.org/graph/fredgraph.csv?id=TRESEGDEM052N,2026-10-09
res_exgold_de,2000-03-01,2000-05-15,61721364309.2692,https://fred.stlouisfed.org/graph/fredgraph.csv?id=TRESEGDEM052N,2026-10-09
res_exgold_de,2000-04-01,2000-06-14,57675504707.18839,https://fred.stlouisfed.org/graph/fredgraph.csv?id=TRESEGDEM052N,2026-10-09
res_exgold_de,2000-05-01,2000-07-15,58732260238.5796,https://fred.stlouisfed.org/graph/fredgraph.csv?id=TRESEGDEM052N,2026-10-09
res_exgold_de,2000-06-01,2000-08-14,59518533808.652695,https://fred.stlouisfed.org/graph/fredgraph.csv?id=TRESEGDEM052N,2026-10-09
res_exgold_de,2000-07-01,2000-09-14,56584290195.3103,https://fred.stlouisfed.org/graph/fredgraph.csv?id=TRESEGDEM052N,2026-10-09
res_exgold_de,2000-08-01,2000-10-15,54421986976.7668,https://fred.stlouisfed.org/graph/fredgraph.csv?id=TRESEGDEM052N,2026-10-09
res_exgold_de,2000-09-01,2000-11-14,57751111641.4149,https://fred.stlouisfed.org/graph/fredgraph.csv?id=TRESEGDEM052N,2026-10-09
res_exgold_de,2000-10-01,2000-12-15,55179445970.799,https://fred.stlouisfed.org/graph/fredgraph.csv?id=TRESEGDEM052N,2026-10-09
res_exgold_de,2000-11-01,2001-01-14,56328983014.1119,https://fred.stlouisfed.org/graph/fredgraph.csv?id=TRESEGDEM052N,2026-10-09
res_exgold_de,2000-12-01,2001-02-14,56890479485.27061,https://fred.stlouisfed.org/graph/fredgraph.csv?id=TRESEGDEM052N,2026-10-09
res_exgold_de,2001-01-01,2001-03-17,55827154049.8273,https://fred.stlouisfed.org/graph/fredgraph.csv?id=TRESEGDEM052N,2026-10-09
res_exgold_de,2001-02-01,2001-04-14,54878843108.4814,https://fred.stlouisfed.org/graph/fredgraph.csv?id=TRESEGDEM052N,2026-10-09
res_exgold_de,2001-03-01,2001-05-15,53411407945.4819,https://fred.stlouisfed.org/graph/fredgraph.csv?id=TRESEGDEM052N,2026-10-09
res_exgold_de,2001-04-01,2001-06-14,52073365027.2626,https://fred.stlouisfed.org/graph/fredgraph.csv?id=TRESEGDEM052N,2026-10-09
res_exgold_de,2001-05-01,2001-07-15,51570358012.9436,https://fred.stlouisfed.org/graph/fredgraph.csv?id=TRESEGDEM052N,2026-10-09
res_exgold_de,2001-06-01,2001-08-14,51151841015.2156,https://fred.stlouisfed.org/graph/fredgraph.csv?id=TRESEGDEM052N,2026-10-09
res_exgold_de,2001-07-01,2001-09-14,51803948889.2034,https://fred.stlouisfed.org/graph/fredgraph.csv?id=TRESEGDEM052N,2026-10-09
res_exgold_de,2001-08-01,2001-10-15,51721152793.4432,https://fred.stlouisfed.org/graph/fredgraph.csv?id=TRESEGDEM052N,2026-10-09
res_exgold_de,2001-09-01,2001-11-14,54017853741.876,https://fred.stlouisfed.org/graph/fredgraph.csv?id=TRESEGDEM052N,2026-10-09
res_exgold_de,2001-10-01,2001-12-15,55175364198.1325,https://fred.stlouisfed.org/graph/fredgraph.csv?id=TRESEGDEM052N,2026-10-09
res_exgold_de,2001-11-01,2002-01-14,54354546263.5429,https://fred.stlouisfed.org/graph/fredgraph.csv?id=TRESEGDEM052N,2026-10-09
res_exgold_de,2001-12-01,2002-02-14,51403889553.9414,https://fred.stlouisfed.org/graph/fredgraph.csv?id=TRESEGDEM052N,2026-10-09
res_exgold_de,2002-01-01,2002-03-17,52833798921.9065,https://fred.stlouisfed.org/graph/fredgraph.csv?id=TRESEGDEM052N,2026-10-09
res_exgold_de,2002-02-01,2002-04-14,52887133824.9557,https://fred.stlouisfed.org/graph/fredgraph.csv?id=TRESEGDEM052N,2026-10-09
res_exgold_de,2002-03-01,2002-05-15,52015436900.0849,https://fred.stlouisfed.org/graph/fredgraph.csv?id=TRESEGDEM052N,2026-10-09
res_exgold_de,2002-04-01,2002-06-14,51081509262.1846,https://fred.stlouisfed.org/graph/fredgraph.csv?id=TRESEGDEM052N,2026-10-09
res_exgold_de,2002-05-01,2002-07-15,50025901242.1509,https://fred.stlouisfed.org/graph/fredgraph.csv?id=TRESEGDEM052N,2026-10-09
res_exgold_de,2002-06-01,2002-08-14,51087494356.9158,https://fred.stlouisfed.org/graph/fredgraph.csv?id=TRESEGDEM052N,2026-10-09
res_exgold_de,2002-07-01,2002-09-14,51969528201.763405,https://fred.stlouisfed.org/graph/fredgraph.csv?id=TRESEGDEM052N,2026-10-09
res_exgold_de,2002-08-01,2002-10-15,51395521618.462,https://fred.stlouisfed.org/graph/fredgraph.csv?id=TRESEGDEM052N,2026-10-09
res_exgold_de,2002-09-01,2002-11-14,51964698089.9657,https://fred.stlouisfed.org/graph/fredgraph.csv?id=TRESEGDEM052N,2026-10-09
res_exgold_de,2002-10-01,2002-12-15,51205197094.4519,https://fred.stlouisfed.org/graph/fredgraph.csv?id=TRESEGDEM052N,2026-10-09
res_exgold_de,2002-11-01,2003-01-14,51712888165.7347,https://fred.stlouisfed.org/graph/fredgraph.csv?id=TRESEGDEM052N,2026-10-09
res_exgold_de,2002-12-01,2003-02-14,51170639197.4245,https://fred.stlouisfed.org/graph/fredgraph.csv?id=TRESEGDEM052N,2026-10-09
res_exgold_de,2003-01-01,2003-03-17,51160447531.1112,https://fred.stlouisfed.org/graph/fredgraph.csv?id=TRESEGDEM052N,2026-10-09
res_exgold_de,2003-02-01,2003-04-14,51714267212.4703,https://fred.stlouisfed.org/graph/fredgraph.csv?id=TRESEGDEM052N,2026-10-09
res_exgold_de,2003-03-01,2003-05-15,52766069074.594,https://fred.stlouisfed.org/graph/fredgraph.csv?id=TRESEGDEM052N,2026-10-09
res_exgold_de,2003-04-01,2003-06-14,51215092791.8042,https://fred.stlouisfed.org/graph/fredgraph.csv?id=TRESEGDEM052N,2026-10-09
res_exgold_de,2003-05-01,2003-07-15,52788125412.324295,https://fred.stlouisfed.org/graph/fredgraph.csv?id=TRESEGDEM052N,2026-10-09
res_exgold_de,2003-06-01,2003-08-14,51410465375.8783,https://fred.stlouisfed.org/graph/fredgraph.csv?id=TRESEGDEM052N,2026-10-09
res_exgold_de,2003-07-01,2003-09-14,50318966737.3674,https://fred.stlouisfed.org/graph/fredgraph.csv?id=TRESEGDEM052N,2026-10-09
res_exgold_de,2003-08-01,2003-10-15,50975210219.8007,https://fred.stlouisfed.org/graph/fredgraph.csv?id=TRESEGDEM052N,2026-10-09
res_exgold_de,2003-09-01,2003-11-14,52117698450.502,https://fred.stlouisfed.org/graph/fredgraph.csv?id=TRESEGDEM052N,2026-10-09
res_exgold_de,2003-10-01,2003-12-15,52073931624.6335,https://fred.stlouisfed.org/graph/fredgraph.csv?id=TRESEGDEM052N,2026-10-09
res_exgold_de,2003-11-01,2004-01-14,51477472466.9823,https://fred.stlouisfed.org/graph/fredgraph.csv?id=TRESEGDEM052N,2026-10-09
res_exgold_de,2003-12-01,2004-02-14,50694032408.4992,https://fred.stlouisfed.org/graph/fredgraph.csv?id=TRESEGDEM052N,2026-10-09
res_exgold_de,2004-01-01,2004-03-16,50970638206.420906,https://fred.stlouisfed.org/graph/fredgraph.csv?id=TRESEGDEM052N,2026-10-09
res_exgold_de,2004-02-01,2004-04-14,51111306879.3237,https://fred.stlouisfed.org/graph/fredgraph.csv?id=TRESEGDEM052N,2026-10-09
res_exgold_de,2004-03-01,2004-05-15,50669975253.5318,https://fred.stlouisfed.org/graph/fredgraph.csv?id=TRESEGDEM052N,2026-10-09
res_exgold_de,2004-04-01,2004-06-14,50528679845.9752,https://fred.stlouisfed.org/graph/fredgraph.csv?id=TRESEGDEM052N,2026-10-09
res_exgold_de,2004-05-01,2004-07-15,49765887622.4885,https://fred.stlouisfed.org/graph/fredgraph.csv?id=TRESEGDEM052N,2026-10-09
res_exgold_de,2004-06-01,2004-08-14,50084592070.0488,https://fred.stlouisfed.org/graph/fredgraph.csv?id=TRESEGDEM052N,2026-10-09
res_exgold_de,2004-07-01,2004-09-14,48582853210.4125,https://fred.stlouisfed.org/graph/fredgraph.csv?id=TRESEGDEM052N,2026-10-09
res_exgold_de,2004-08-01,2004-10-15,48415103870.6843,https://fred.stlouisfed.org/graph/fredgraph.csv?id=TRESEGDEM052N,2026-10-09
res_exgold_de,2004-09-01,2004-11-14,48430828913.6819,https://fred.stlouisfed.org/graph/fredgraph.csv?id=TRESEGDEM052N,2026-10-09
res_exgold_de,2004-10-01,2004-12-15,47635253331.1251,https://fred.stlouisfed.org/graph/fredgraph.csv?id=TRESEGDEM052N,2026-10-09
res_exgold_de,2004-11-01,2005-01-14,47834434569.5657,https://fred.stlouisfed.org/graph/fredgraph.csv?id=TRESEGDEM052N,2026-10-09
res_exgold_de,2004-12-01,2005-02-14,48822652440.5447,https://fred.stlouisfed.org/graph/fredgraph.csv?id=TRESEGDEM052N,2026-10-09
res_exgold_de,2005-01-01,2005-03-17,49100514760.8339,https://fred.stlouisfed.org/graph/fredgraph.csv?id=TRESEGDEM052N,2026-10-09
res_exgold_de,2005-02-01,2005-04-14,48315976462.682304,https://fred.stlouisfed.org/graph/fredgraph.csv?id=TRESEGDEM052N,2026-10-09
res_exgold_de,2005-03-01,2005-05-15,48501624331.0369,https://fred.stlouisfed.org/graph/fredgraph.csv?id=TRESEGDEM052N,2026-10-09
res_exgold_de,2005-04-01,2005-06-14,48224169426.5051,https://fred.stlouisfed.org/graph/fredgraph.csv?id=TRESEGDEM052N,2026-10-09
res_exgold_de,2005-05-01,2005-07-15,48274953362.170006,https://fred.stlouisfed.org/graph/fredgraph.csv?id=TRESEGDEM052N,2026-10-09
res_exgold_de,2005-06-01,2005-08-14,47011036432.1597,https://fred.stlouisfed.org/graph/fredgraph.csv?id=TRESEGDEM052N,2026-10-09
res_exgold_de,2005-07-01,2005-09-14,46288588912.2354,https://fred.stlouisfed.org/graph/fredgraph.csv?id=TRESEGDEM052N,2026-10-09
res_exgold_de,2005-08-01,2005-10-15,45402723871.838005,https://fred.stlouisfed.org/graph/fredgraph.csv?id=TRESEGDEM052N,2026-10-09
res_exgold_de,2005-09-01,2005-11-14,47566840083.1268,https://fred.stlouisfed.org/graph/fredgraph.csv?id=TRESEGDEM052N,2026-10-09
res_exgold_de,2005-10-01,2005-12-15,47107497511.6676,https://fred.stlouisfed.org/graph/fredgraph.csv?id=TRESEGDEM052N,2026-10-09
res_exgold_de,2005-11-01,2006-01-14,45783943869.6346,https://fred.stlouisfed.org/graph/fredgraph.csv?id=TRESEGDEM052N,2026-10-09
res_exgold_de,2005-12-01,2006-02-14,45139728831.8326,https://fred.stlouisfed.org/graph/fredgraph.csv?id=TRESEGDEM052N,2026-10-09
res_exgold_de,2006-01-01,2006-03-17,45131507211.5817,https://fred.stlouisfed.org/graph/fredgraph.csv?id=TRESEGDEM052N,2026-10-09
res_exgold_de,2006-02-01,2006-04-14,43204917993.4089,https://fred.stlouisfed.org/graph/fredgraph.csv?id=TRESEGDEM052N,2026-10-09
res_exgold_de,2006-03-01,2006-05-15,43552297568.0836,https://fred.stlouisfed.org/graph/fredgraph.csv?id=TRESEGDEM052N,2026-10-09
res_exgold_de,2006-04-01,2006-06-14,41783029450.4112,https://fred.stlouisfed.org/graph/fredgraph.csv?id=TRESEGDEM052N,2026-10-09
res_exgold_de,2006-05-01,2006-07-15,43159567321.5149,https://fred.stlouisfed.org/graph/fredgraph.csv?id=TRESEGDEM052N,2026-10-09
res_exgold_de,2006-06-01,2006-08-14,43125245016.4624,https://fred.stlouisfed.org/graph/fredgraph.csv?id=TRESEGDEM052N,2026-10-09
res_exgold_de,2006-07-01,2006-09-14,43726309497.836494,https://fred.stlouisfed.org/graph/fredgraph.csv?id=TRESEGDEM052N,2026-10-09
res_exgold_de,2006-08-01,2006-10-15,43028942054.4056,https://fred.stlouisfed.org/graph/fredgraph.csv?id=TRESEGDEM052N,2026-10-09
res_exgold_de,2006-09-01,2006-11-14,42477195164.2024,https://fred.stlouisfed.org/graph/fredgraph.csv?id=TRESEGDEM052N,2026-10-09
res_exgold_de,2006-10-01,2006-12-15,42227825246.6041,https://fred.stlouisfed.org/graph/fredgraph.csv?id=TRESEGDEM052N,2026-10-09
res_exgold_de,2006-11-01,2007-01-14,42356590427.8176,https://fred.stlouisfed.org/graph/fredgraph.csv?id=TRESEGDEM052N,2026-10-09
res_exgold_de,2006-12-01,2007-02-14,41686538618.3393,https://fred.stlouisfed.org/graph/fredgraph.csv?id=TRESEGDEM052N,2026-10-09
res_exgold_de,2007-01-01,2007-03-17,42141355787.1108,https://fred.stlouisfed.org/graph/fredgraph.csv?id=TRESEGDEM052N,2026-10-09
res_exgold_de,2007-02-01,2007-04-14,41710947554.807,https://fred.stlouisfed.org/graph/fredgraph.csv?id=TRESEGDEM052N,2026-10-09
res_exgold_de,2007-03-01,2007-05-15,41683342083.921104,https://fred.stlouisfed.org/graph/fredgraph.csv?id=TRESEGDEM052N,2026-10-09
res_exgold_de,2007-04-01,2007-06-14,43391635926.2265,https://fred.stlouisfed.org/graph/fredgraph.csv?id=TRESEGDEM052N,2026-10-09
res_exgold_de,2007-05-01,2007-07-15,43977110254.3188,https://fred.stlouisfed.org/graph/fredgraph.csv?id=TRESEGDEM052N,2026-10-09
res_exgold_de,2007-06-01,2007-08-14,43264657588.1713,https://fred.stlouisfed.org/graph/fredgraph.csv?id=TRESEGDEM052N,2026-10-09
res_exgold_de,2007-07-01,2007-09-14,43422490228.1035,https://fred.stlouisfed.org/graph/fredgraph.csv?id=TRESEGDEM052N,2026-10-09
res_exgold_de,2007-08-01,2007-10-15,43738963575.2842,https://fred.stlouisfed.org/graph/fredgraph.csv?id=TRESEGDEM052N,2026-10-09
res_exgold_de,2007-09-01,2007-11-14,44556008699.1929,https://fred.stlouisfed.org/graph/fredgraph.csv?id=TRESEGDEM052N,2026-10-09
res_exgold_de,2007-10-01,2007-12-15,44235555189.6919,https://fred.stlouisfed.org/graph/fredgraph.csv?id=TRESEGDEM052N,2026-10-09
res_exgold_de,2007-11-01,2008-01-14,44396178165.664894,https://fred.stlouisfed.org/graph/fredgraph.csv?id=TRESEGDEM052N,2026-10-09
res_exgold_de,2007-12-01,2008-02-14,44326512207.1516,https://fred.stlouisfed.org/graph/fredgraph.csv?id=TRESEGDEM052N,2026-10-09
res_exgold_de,2008-01-01,2008-03-16,45760468026.282,https://fred.stlouisfed.org/graph/fredgraph.csv?id=TRESEGDEM052N,2026-10-09
res_exgold_de,2008-02-01,2008-04-14,46537758976.8209,https://fred.stlouisfed.org/graph/fredgraph.csv?id=TRESEGDEM052N,2026-10-09
res_exgold_de,2008-03-01,2008-05-15,47399319632.5663,https://fred.stlouisfed.org/graph/fredgraph.csv?id=TRESEGDEM052N,2026-10-09
res_exgold_de,2008-04-01,2008-06-14,48609601803.4285,https://fred.stlouisfed.org/graph/fredgraph.csv?id=TRESEGDEM052N,2026-10-09
res_exgold_de,2008-05-01,2008-07-15,46641611028.1157,https://fred.stlouisfed.org/graph/fredgraph.csv?id=TRESEGDEM052N,2026-10-09
res_exgold_de,2008-06-01,2008-08-14,47753738455.16621,https://fred.stlouisfed.org/graph/fredgraph.csv?id=TRESEGDEM052N,2026-10-09
res_exgold_de,2008-07-01,2008-09-14,46230896851.449394,https://fred.stlouisfed.org/graph/fredgraph.csv?id=TRESEGDEM052N,2026-10-09
res_exgold_de,2008-08-01,2008-10-15,45312699481.8075,https://fred.stlouisfed.org/graph/fredgraph.csv?id=TRESEGDEM052N,2026-10-09
res_exgold_de,2008-09-01,2008-11-14,44522299920.4727,https://fred.stlouisfed.org/graph/fredgraph.csv?id=TRESEGDEM052N,2026-10-09
res_exgold_de,2008-10-01,2008-12-15,44343392506.64,https://fred.stlouisfed.org/graph/fredgraph.csv?id=TRESEGDEM052N,2026-10-09
res_exgold_de,2008-11-01,2009-01-14,43884554867.4205,https://fred.stlouisfed.org/graph/fredgraph.csv?id=TRESEGDEM052N,2026-10-09
res_exgold_de,2008-12-01,2009-02-14,43137195662.1989,https://fred.stlouisfed.org/graph/fredgraph.csv?id=TRESEGDEM052N,2026-10-09
res_exgold_de,2009-01-01,2009-03-17,40153294380.4642,https://fred.stlouisfed.org/graph/fredgraph.csv?id=TRESEGDEM052N,2026-10-09
res_exgold_de,2009-02-01,2009-04-14,39972278333.4439,https://fred.stlouisfed.org/graph/fredgraph.csv?id=TRESEGDEM052N,2026-10-09
res_exgold_de,2009-03-01,2009-05-15,42701812054.2592,https://fred.stlouisfed.org/graph/fredgraph.csv?id=TRESEGDEM052N,2026-10-09
res_exgold_de,2009-04-01,2009-06-14,42614544930.3449,https://fred.stlouisfed.org/graph/fredgraph.csv?id=TRESEGDEM052N,2026-10-09
res_exgold_de,2009-05-01,2009-07-15,44731362160.474,https://fred.stlouisfed.org/graph/fredgraph.csv?id=TRESEGDEM052N,2026-10-09
res_exgold_de,2009-06-01,2009-08-14,44851013491.7763,https://fred.stlouisfed.org/graph/fredgraph.csv?id=TRESEGDEM052N,2026-10-09
res_exgold_de,2009-07-01,2009-09-14,45729891971.3814,https://fred.stlouisfed.org/graph/fredgraph.csv?id=TRESEGDEM052N,2026-10-09
res_exgold_de,2009-08-01,2009-10-15,60384838665.501495,https://fred.stlouisfed.org/graph/fredgraph.csv?id=TRESEGDEM052N,2026-10-09
res_exgold_de,2009-09-01,2009-11-14,61328474101.5521,https://fred.stlouisfed.org/graph/fredgraph.csv?id=TRESEGDEM052N,2026-10-09
res_exgold_de,2009-10-01,2009-12-15,62551201558.1121,https://fred.stlouisfed.org/graph/fredgraph.csv?id=TRESEGDEM052N,2026-10-09
res_exgold_de,2009-11-01,2010-01-14,61113040635.0169,https://fred.stlouisfed.org/graph/fredgraph.csv?id=TRESEGDEM052N,2026-10-09
res_exgold_de,2009-12-01,2010-02-14,59925314606.5489,https://fred.stlouisfed.org/graph/fredgraph.csv?id=TRESEGDEM052N,2026-10-09
res_exgold_de,2010-01-01,2010-03-17,60122691309.2734,https://fred.stlouisfed.org/graph/fredgraph.csv?id=TRESEGDEM052N,2026-10-09
res_exgold_de,2010-02-01,2010-04-14,60892529275.4804,https://fred.stlouisfed.org/graph/fredgraph.csv?id=TRESEGDEM052N,2026-10-09
res_exgold_de,2010-03-01,2010-05-15,60205078679.5996,https://fred.stlouisfed.org/graph/fredgraph.csv?id=TRESEGDEM052N,2026-10-09
res_exgold_de,2010-04-01,2010-06-14,60374901755.199,https://fred.stlouisfed.org/graph/fredgraph.csv?id=TRESEGDEM052N,2026-10-09
res_exgold_de,2010-05-01,2010-07-15,60868524386.532,https://fred.stlouisfed.org/graph/fredgraph.csv?id=TRESEGDEM052N,2026-10-09
res_exgold_de,2010-06-01,2010-08-14,61245945669.5555,https://fred.stlouisfed.org/graph/fredgraph.csv?id=TRESEGDEM052N,2026-10-09
res_exgold_de,2010-07-01,2010-09-14,61964844031.67021,https://fred.stlouisfed.org/graph/fredgraph.csv?id=TRESEGDEM052N,2026-10-09
res_exgold_de,2010-08-01,2010-10-15,61914366541.1216,https://fred.stlouisfed.org/graph/fredgraph.csv?id=TRESEGDEM052N,2026-10-09
res_exgold_de,2010-09-01,2010-11-14,62376017701.8718,https://fred.stlouisfed.org/graph/fredgraph.csv?id=TRESEGDEM052N,2026-10-09
res_exgold_de,2010-10-01,2010-12-15,62320008701.670296,https://fred.stlouisfed.org/graph/fredgraph.csv?id=TRESEGDEM052N,2026-10-09
res_exgold_de,2010-11-01,2011-01-14,61268311698.76289,https://fred.stlouisfed.org/graph/fredgraph.csv?id=TRESEGDEM052N,2026-10-09
res_exgold_de,2010-12-01,2011-02-14,62294943889.943,https://fred.stlouisfed.org/graph/fredgraph.csv?id=TRESEGDEM052N,2026-10-09
res_exgold_de,2011-01-01,2011-03-17,62894337419.5626,https://fred.stlouisfed.org/graph/fredgraph.csv?id=TRESEGDEM052N,2026-10-09
res_exgold_de,2011-02-01,2011-04-14,62996325309.8152,https://fred.stlouisfed.org/graph/fredgraph.csv?id=TRESEGDEM052N,2026-10-09
res_exgold_de,2011-03-01,2011-05-15,64757239934.1477,https://fred.stlouisfed.org/graph/fredgraph.csv?id=TRESEGDEM052N,2026-10-09
res_exgold_de,2011-04-01,2011-06-14,66407287012.225296,https://fred.stlouisfed.org/graph/fredgraph.csv?id=TRESEGDEM052N,2026-10-09
res_exgold_de,2011-05-01,2011-07-15,66204664364.65499,https://fred.stlouisfed.org/graph/fredgraph.csv?id=TRESEGDEM052N,2026-10-09
res_exgold_de,2011-06-01,2011-08-14,66004585928.21989,https://fred.stlouisfed.org/graph/fredgraph.csv?id=TRESEGDEM052N,2026-10-09
res_exgold_de,2011-07-01,2011-09-14,66877415606.9851,https://fred.stlouisfed.org/graph/fredgraph.csv?id=TRESEGDEM052N,2026-10-09
res_exgold_de,2011-08-01,2011-10-15,67211328814.90749,https://fred.stlouisfed.org/graph/fredgraph.csv?id=TRESEGDEM052N,2026-10-09
res_exgold_de,2011-09-01,2011-11-14,66864789921.6408,https://fred.stlouisfed.org/graph/fredgraph.csv?id=TRESEGDEM052N,2026-10-09
res_exgold_de,2011-10-01,2011-12-15,67147673748.6028,https://fred.stlouisfed.org/graph/fredgraph.csv?id=TRESEGDEM052N,2026-10-09
res_exgold_de,2011-11-01,2012-01-14,66171261356.1598,https://fred.stlouisfed.org/graph/fredgraph.csv?id=TRESEGDEM052N,2026-10-09
res_exgold_de,2011-12-01,2012-02-14,66928070887.409706,https://fred.stlouisfed.org/graph/fredgraph.csv?id=TRESEGDEM052N,2026-10-09
res_exgold_de,2012-01-01,2012-03-16,67227017072.3736,https://fred.stlouisfed.org/graph/fredgraph.csv?id=TRESEGDEM052N,2026-10-09
res_exgold_de,2012-02-01,2012-04-14,67778340521.5291,https://fred.stlouisfed.org/graph/fredgraph.csv?id=TRESEGDEM052N,2026-10-09
res_exgold_de,2012-03-01,2012-05-15,67894836309.38341,https://fred.stlouisfed.org/graph/fredgraph.csv?id=TRESEGDEM052N,2026-10-09
res_exgold_de,2012-04-01,2012-06-14,68944166119.9348,https://fred.stlouisfed.org/graph/fredgraph.csv?id=TRESEGDEM052N,2026-10-09
res_exgold_de,2012-05-01,2012-07-15,68288106417.3867,https://fred.stlouisfed.org/graph/fredgraph.csv?id=TRESEGDEM052N,2026-10-09
res_exgold_de,2012-06-01,2012-08-14,68173402125.2705,https://fred.stlouisfed.org/graph/fredgraph.csv?id=TRESEGDEM052N,2026-10-09
res_exgold_de,2012-07-01,2012-09-14,67811447139.85259,https://fred.stlouisfed.org/graph/fredgraph.csv?id=TRESEGDEM052N,2026-10-09
res_exgold_de,2012-08-01,2012-10-15,68438708286.8936,https://fred.stlouisfed.org/graph/fredgraph.csv?id=TRESEGDEM052N,2026-10-09
res_exgold_de,2012-09-01,2012-11-14,68473446824.34621,https://fred.stlouisfed.org/graph/fredgraph.csv?id=TRESEGDEM052N,2026-10-09
res_exgold_de,2012-10-01,2012-12-15,68523410628.07541,https://fred.stlouisfed.org/graph/fredgraph.csv?id=TRESEGDEM052N,2026-10-09
res_exgold_de,2012-11-01,2013-01-14,68016218073.9226,https://fred.stlouisfed.org/graph/fredgraph.csv?id=TRESEGDEM052N,2026-10-09
res_exgold_de,2012-12-01,2013-02-14,67422250285.75639,https://fred.stlouisfed.org/graph/fredgraph.csv?id=TRESEGDEM052N,2026-10-09
res_exgold_de,2013-01-01,2013-03-17,68023937930.8187,https://fred.stlouisfed.org/graph/fredgraph.csv?id=TRESEGDEM052N,2026-10-09
res_exgold_de,2013-02-01,2013-04-14,67076826691.0049,https://fred.stlouisfed.org/graph/fredgraph.csv?id=TRESEGDEM052N,2026-10-09
res_exgold_de,2013-03-01,2013-05-15,66601314658.698906,https://fred.stlouisfed.org/graph/fredgraph.csv?id=TRESEGDEM052N,2026-10-09
res_exgold_de,2013-04-01,2013-06-14,66844190487.25579,https://fred.stlouisfed.org/graph/fredgraph.csv?id=TRESEGDEM052N,2026-10-09
res_exgold_de,2013-05-01,2013-07-15,66169706637.7554,https://fred.stlouisfed.org/graph/fredgraph.csv?id=TRESEGDEM052N,2026-10-09
res_exgold_de,2013-06-01,2013-08-14,66092560563.996506,https://fred.stlouisfed.org/graph/fredgraph.csv?id=TRESEGDEM052N,2026-10-09
res_exgold_de,2013-07-01,2013-09-14,65410371325.59251,https://fred.stlouisfed.org/graph/fredgraph.csv?id=TRESEGDEM052N,2026-10-09
res_exgold_de,2013-08-01,2013-10-15,65862477583.44471,https://fred.stlouisfed.org/graph/fredgraph.csv?id=TRESEGDEM052N,2026-10-09
res_exgold_de,2013-09-01,2013-11-14,65669682365.7639,https://fred.stlouisfed.org/graph/fredgraph.csv?id=TRESEGDEM052N,2026-10-09
res_exgold_de,2013-10-01,2013-12-15,65488638660.6991,https://fred.stlouisfed.org/graph/fredgraph.csv?id=TRESEGDEM052N,2026-10-09
res_exgold_de,2013-11-01,2014-01-14,65817468164.414505,https://fred.stlouisfed.org/graph/fredgraph.csv?id=TRESEGDEM052N,2026-10-09
res_exgold_de,2013-12-01,2014-02-14,67365115663.6072,https://fred.stlouisfed.org/graph/fredgraph.csv?id=TRESEGDEM052N,2026-10-09
res_exgold_de,2014-01-01,2014-03-17,66901655138.4463,https://fred.stlouisfed.org/graph/fredgraph.csv?id=TRESEGDEM052N,2026-10-09
res_exgold_de,2014-02-01,2014-04-14,65960407361.1528,https://fred.stlouisfed.org/graph/fredgraph.csv?id=TRESEGDEM052N,2026-10-09
res_exgold_de,2014-03-01,2014-05-15,66792961409.020905,https://fred.stlouisfed.org/graph/fredgraph.csv?id=TRESEGDEM052N,2026-10-09
res_exgold_de,2014-04-01,2014-06-14,67148936378.14011,https://fred.stlouisfed.org/graph/fredgraph.csv?id=TRESEGDEM052N,2026-10-09
res_exgold_de,2014-05-01,2014-07-15,66232182877.5387,https://fred.stlouisfed.org/graph/fredgraph.csv?id=TRESEGDEM052N,2026-10-09
res_exgold_de,2014-06-01,2014-08-14,66122128456.7961,https://fred.stlouisfed.org/graph/fredgraph.csv?id=TRESEGDEM052N,2026-10-09
res_exgold_de,2014-07-01,2014-09-14,66317572821.6565,https://fred.stlouisfed.org/graph/fredgraph.csv?id=TRESEGDEM052N,2026-10-09
res_exgold_de,2014-08-01,2014-10-15,66379718789.5444,https://fred.stlouisfed.org/graph/fredgraph.csv?id=TRESEGDEM052N,2026-10-09
res_exgold_de,2014-09-01,2014-11-14,65108501771.9225,https://fred.stlouisfed.org/graph/fredgraph.csv?id=TRESEGDEM052N,2026-10-09
res_exgold_de,2014-10-01,2014-12-15,65377788619.4548,https://fred.stlouisfed.org/graph/fredgraph.csv?id=TRESEGDEM052N,2026-10-09
res_exgold_de,2014-11-01,2015-01-14,65119134995.4403,https://fred.stlouisfed.org/graph/fredgraph.csv?id=TRESEGDEM052N,2026-10-09
res_exgold_de,2014-12-01,2015-02-14,62265928847.9195,https://fred.stlouisfed.org/graph/fredgraph.csv?id=TRESEGDEM052N,2026-10-09
res_exgold_de,2015-01-01,2015-03-17,62328072570.669205,https://fred.stlouisfed.org/graph/fredgraph.csv?id=TRESEGDEM052N,2026-10-09
res_exgold_de,2015-02-01,2015-04-14,62353173958.766205,https://fred.stlouisfed.org/graph/fredgraph.csv?id=TRESEGDEM052N,2026-10-09
res_exgold_de,2015-03-01,2015-05-15,61241192660.8052,https://fred.stlouisfed.org/graph/fredgraph.csv?id=TRESEGDEM052N,2026-10-09
res_exgold_de,2015-04-01,2015-06-14,61621736303.4203,https://fred.stlouisfed.org/graph/fredgraph.csv?id=TRESEGDEM052N,2026-10-09
res_exgold_de,2015-05-01,2015-07-15,61101604786.3286,https://fred.stlouisfed.org/graph/fredgraph.csv?id=TRESEGDEM052N,2026-10-09
res_exgold_de,2015-06-01,2015-08-14,60931891433.7322,https://fred.stlouisfed.org/graph/fredgraph.csv?id=TRESEGDEM052N,2026-10-09
res_exgold_de,2015-07-01,2015-09-14,59439013331.1018,https://fred.stlouisfed.org/graph/fredgraph.csv?id=TRESEGDEM052N,2026-10-09
res_exgold_de,2015-08-01,2015-10-15,59333223849.6923,https://fred.stlouisfed.org/graph/fredgraph.csv?id=TRESEGDEM052N,2026-10-09
res_exgold_de,2015-09-01,2015-11-14,59346652922.0365,https://fred.stlouisfed.org/graph/fredgraph.csv?id=TRESEGDEM052N,2026-10-09
res_exgold_de,2015-10-01,2015-12-15,59302761856.6812,https://fred.stlouisfed.org/graph/fredgraph.csv?id=TRESEGDEM052N,2026-10-09
res_exgold_de,2015-11-01,2016-01-14,58178953553.5213,https://fred.stlouisfed.org/graph/fredgraph.csv?id=TRESEGDEM052N,2026-10-09
res_exgold_de,2015-12-01,2016-02-14,58506810555.4249,https://fred.stlouisfed.org/graph/fredgraph.csv?id=TRESEGDEM052N,2026-10-09
res_exgold_de,2016-01-01,2016-03-16,58455193129.87019,https://fred.stlouisfed.org/graph/fredgraph.csv?id=TRESEGDEM052N,2026-10-09
res_exgold_de,2016-02-01,2016-04-14,60300128623.3265,https://fred.stlouisfed.org/graph/fredgraph.csv?id=TRESEGDEM052N,2026-10-09
res_exgold_de,2016-03-01,2016-05-15,60817700370.3491,https://fred.stlouisfed.org/graph/fredgraph.csv?id=TRESEGDEM052N,2026-10-09
res_exgold_de,2016-04-01,2016-06-14,61775943928.1062,https://fred.stlouisfed.org/graph/fredgraph.csv?id=TRESEGDEM052N,2026-10-09
res_exgold_de,2016-05-01,2016-07-15,62231864139.227295,https://fred.stlouisfed.org/graph/fredgraph.csv?id=TRESEGDEM052N,2026-10-09
res_exgold_de,2016-06-01,2016-08-14,61839105294.3347,https://fred.stlouisfed.org/graph/fredgraph.csv?id=TRESEGDEM052N,2026-10-09
res_exgold_de,2016-07-01,2016-09-14,62103475322.313,https://fred.stlouisfed.org/graph/fredgraph.csv?id=TRESEGDEM052N,2026-10-09
res_exgold_de,2016-08-01,2016-10-15,62093732082.4871,https://fred.stlouisfed.org/graph/fredgraph.csv?id=TRESEGDEM052N,2026-10-09
res_exgold_de,2016-09-01,2016-11-14,61393746498.3239,https://fred.stlouisfed.org/graph/fredgraph.csv?id=TRESEGDEM052N,2026-10-09
res_exgold_de,2016-10-01,2016-12-15,60616550921.2356,https://fred.stlouisfed.org/graph/fredgraph.csv?id=TRESEGDEM052N,2026-10-09
res_exgold_de,2016-11-01,2017-01-14,59892351720.4724,https://fred.stlouisfed.org/graph/fredgraph.csv?id=TRESEGDEM052N,2026-10-09
res_exgold_de,2016-12-01,2017-02-14,59582016353.3969,https://fred.stlouisfed.org/graph/fredgraph.csv?id=TRESEGDEM052N,2026-10-09
res_exgold_de,2017-01-01,2017-03-17,59796949451.1909,https://fred.stlouisfed.org/graph/fredgraph.csv?id=TRESEGDEM052N,2026-10-09
res_exgold_de,2017-02-01,2017-04-14,59513276793.3204,https://fred.stlouisfed.org/graph/fredgraph.csv?id=TRESEGDEM052N,2026-10-09
res_exgold_de,2017-03-01,2017-05-15,59577319178.5534,https://fred.stlouisfed.org/graph/fredgraph.csv?id=TRESEGDEM052N,2026-10-09
res_exgold_de,2017-04-01,2017-06-14,59801328679.6384,https://fred.stlouisfed.org/graph/fredgraph.csv?id=TRESEGDEM052N,2026-10-09
res_exgold_de,2017-05-01,2017-07-15,60001420304.006805,https://fred.stlouisfed.org/graph/fredgraph.csv?id=TRESEGDEM052N,2026-10-09
res_exgold_de,2017-06-01,2017-08-14,60544909341.3589,https://fred.stlouisfed.org/graph/fredgraph.csv?id=TRESEGDEM052N,2026-10-09
res_exgold_de,2017-07-01,2017-09-14,61455686889.1426,https://fred.stlouisfed.org/graph/fredgraph.csv?id=TRESEGDEM052N,2026-10-09
res_exgold_de,2017-08-01,2017-10-15,60551825953.6143,https://fred.stlouisfed.org/graph/fredgraph.csv?id=TRESEGDEM052N,2026-10-09
res_exgold_de,2017-09-01,2017-11-14,61077006251.7588,https://fred.stlouisfed.org/graph/fredgraph.csv?id=TRESEGDEM052N,2026-10-09
res_exgold_de,2017-10-01,2017-12-15,62236338524.6055,https://fred.stlouisfed.org/graph/fredgraph.csv?id=TRESEGDEM052N,2026-10-09
res_exgold_de,2017-11-01,2018-01-14,62006371684.9888,https://fred.stlouisfed.org/graph/fredgraph.csv?id=TRESEGDEM052N,2026-10-09
res_exgold_de,2017-12-01,2018-02-14,59356901123.8691,https://fred.stlouisfed.org/graph/fredgraph.csv?id=TRESEGDEM052N,2026-10-09
res_exgold_de,2018-01-01,2018-03-17,59714091012.0696,https://fred.stlouisfed.org/graph/fredgraph.csv?id=TRESEGDEM052N,2026-10-09
res_exgold_de,2018-02-01,2018-04-14,60132500320.777,https://fred.stlouisfed.org/graph/fredgraph.csv?id=TRESEGDEM052N,2026-10-09
res_exgold_de,2018-03-01,2018-05-15,60617394464.2687,https://fred.stlouisfed.org/graph/fredgraph.csv?id=TRESEGDEM052N,2026-10-09
res_exgold_de,2018-04-01,2018-06-14,59309780856.9732,https://fred.stlouisfed.org/graph/fredgraph.csv?id=TRESEGDEM052N,2026-10-09
res_exgold_de,2018-05-01,2018-07-15,59194935546.372696,https://fred.stlouisfed.org/graph/fredgraph.csv?id=TRESEGDEM052N,2026-10-09
res_exgold_de,2018-06-01,2018-08-14,59192352196.1179,https://fred.stlouisfed.org/graph/fredgraph.csv?id=TRESEGDEM052N,2026-10-09
res_exgold_de,2018-07-01,2018-09-14,59399798023.8282,https://fred.stlouisfed.org/graph/fredgraph.csv?id=TRESEGDEM052N,2026-10-09
res_exgold_de,2018-08-01,2018-10-15,58675160763.3885,https://fred.stlouisfed.org/graph/fredgraph.csv?id=TRESEGDEM052N,2026-10-09
res_exgold_de,2018-09-01,2018-11-14,58255233337.344604,https://fred.stlouisfed.org/graph/fredgraph.csv?id=TRESEGDEM052N,2026-10-09
res_exgold_de,2018-10-01,2018-12-15,58803577966.3809,https://fred.stlouisfed.org/graph/fredgraph.csv?id=TRESEGDEM052N,2026-10-09
res_exgold_de,2018-11-01,2019-01-14,58828114842.351006,https://fred.stlouisfed.org/graph/fredgraph.csv?id=TRESEGDEM052N,2026-10-09
res_exgold_de,2018-12-01,2019-02-14,59173100675.4032,https://fred.stlouisfed.org/graph/fredgraph.csv?id=TRESEGDEM052N,2026-10-09
res_exgold_de,2019-01-01,2019-03-17,59627683302.8897,https://fred.stlouisfed.org/graph/fredgraph.csv?id=TRESEGDEM052N,2026-10-09
res_exgold_de,2019-02-01,2019-04-14,59616992389.0063,https://fred.stlouisfed.org/graph/fredgraph.csv?id=TRESEGDEM052N,2026-10-09
res_exgold_de,2019-03-01,2019-05-15,59300797636.9003,https://fred.stlouisfed.org/graph/fredgraph.csv?id=TRESEGDEM052N,2026-10-09
res_exgold_de,2019-04-01,2019-06-14,59812850265.3025,https://fred.stlouisfed.org/graph/fredgraph.csv?id=TRESEGDEM052N,2026-10-09
res_exgold_de,2019-05-01,2019-07-15,60194842744.9972,https://fred.stlouisfed.org/graph/fredgraph.csv?id=TRESEGDEM052N,2026-10-09
res_exgold_de,2019-06-01,2019-08-14,60237121347.6572,https://fred.stlouisfed.org/graph/fredgraph.csv?id=TRESEGDEM052N,2026-10-09
res_exgold_de,2019-07-01,2019-09-14,60303158172.5588,https://fred.stlouisfed.org/graph/fredgraph.csv?id=TRESEGDEM052N,2026-10-09
res_exgold_de,2019-08-01,2019-10-15,61398428606.7621,https://fred.stlouisfed.org/graph/fredgraph.csv?id=TRESEGDEM052N,2026-10-09
res_exgold_de,2019-09-01,2019-11-14,59559637363.1361,https://fred.stlouisfed.org/graph/fredgraph.csv?id=TRESEGDEM052N,2026-10-09
res_exgold_de,2019-10-01,2019-12-15,59756239394.5536,https://fred.stlouisfed.org/graph/fredgraph.csv?id=TRESEGDEM052N,2026-10-09
res_exgold_de,2019-11-01,2020-01-14,59130964140.318695,https://fred.stlouisfed.org/graph/fredgraph.csv?id=TRESEGDEM052N,2026-10-09
res_exgold_de,2019-12-01,2020-02-14,59184533016.415504,https://fred.stlouisfed.org/graph/fredgraph.csv?id=TRESEGDEM052N,2026-10-09
res_exgold_de,2020-01-01,2020-03-16,60305474138.0785,https://fred.stlouisfed.org/graph/fredgraph.csv?id=TRESEGDEM052N,2026-10-09
res_exgold_de,2020-02-01,2020-04-14,61316121137.4166,https://fred.stlouisfed.org/graph/fredgraph.csv?id=TRESEGDEM052N,2026-10-09
res_exgold_de,2020-03-01,2020-05-15,60300414409.1955,https://fred.stlouisfed.org/graph/fredgraph.csv?id=TRESEGDEM052N,2026-10-09
res_exgold_de,2020-04-01,2020-06-14,61496724492.0977,https://fred.stlouisfed.org/graph/fredgraph.csv?id=TRESEGDEM052N,2026-10-09
res_exgold_de,2020-05-01,2020-07-15,61632871919.889496,https://fred.stlouisfed.org/graph/fredgraph.csv?id=TRESEGDEM052N,2026-10-09
res_exgold_de,2020-06-01,2020-08-14,62051749828.2871,https://fred.stlouisfed.org/graph/fredgraph.csv?id=TRESEGDEM052N,2026-10-09
res_exgold_de,2020-07-01,2020-09-14,62967078591.7251,https://fred.stlouisfed.org/graph/fredgraph.csv?id=TRESEGDEM052N,2026-10-09
res_exgold_de,2020-08-01,2020-10-15,62487094715.3023,https://fred.stlouisfed.org/graph/fredgraph.csv?id=TRESEGDEM052N,2026-10-09
res_exgold_de,2020-09-01,2020-11-14,62253709827.8525,https://fred.stlouisfed.org/graph/fredgraph.csv?id=TRESEGDEM052N,2026-10-09
res_exgold_de,2020-10-01,2020-12-15,62392246921.4767,https://fred.stlouisfed.org/graph/fredgraph.csv?id=TRESEGDEM052N,2026-10-09
res_exgold_de,2020-11-01,2021-01-14,62952620184.7824,https://fred.stlouisfed.org/graph/fredgraph.csv?id=TRESEGDEM052N,2026-10-09
res_exgold_de,2020-12-01,2021-02-14,63969346748.6789,https://fred.stlouisfed.org/graph/fredgraph.csv?id=TRESEGDEM052N,2026-10-09
res_exgold_de,2021-01-01,2021-03-17,64765417205.2941,https://fred.stlouisfed.org/graph/fredgraph.csv?id=TRESEGDEM052N,2026-10-09
res_exgold_de,2021-02-01,2021-04-14,64612737888.565895,https://fred.stlouisfed.org/graph/fredgraph.csv?id=TRESEGDEM052N,2026-10-09
res_exgold_de,2021-03-01,2021-05-15,63415559100.9803,https://fred.stlouisfed.org/graph/fredgraph.csv?id=TRESEGDEM052N,2026-10-09
res_exgold_de,2021-04-01,2021-06-14,63620351137.3048,https://fred.stlouisfed.org/graph/fredgraph.csv?id=TRESEGDEM052N,2026-10-09
res_exgold_de,2021-05-01,2021-07-15,64076717182.4193,https://fred.stlouisfed.org/graph/fredgraph.csv?id=TRESEGDEM052N,2026-10-09
res_exgold_de,2021-06-01,2021-08-14,63708972530.1366,https://fred.stlouisfed.org/graph/fredgraph.csv?id=TRESEGDEM052N,2026-10-09
res_exgold_de,2021-07-01,2021-09-14,63963349955.080605,https://fred.stlouisfed.org/graph/fredgraph.csv?id=TRESEGDEM052N,2026-10-09
res_exgold_de,2021-08-01,2021-10-15,100572468896.683,https://fred.stlouisfed.org/graph/fredgraph.csv?id=TRESEGDEM052N,2026-10-09
res_exgold_de,2021-09-01,2021-11-14,99513454943.8965,https://fred.stlouisfed.org/graph/fredgraph.csv?id=TRESEGDEM052N,2026-10-09
res_exgold_de,2021-10-01,2021-12-15,99843060109.29852,https://fred.stlouisfed.org/graph/fredgraph.csv?id=TRESEGDEM052N,2026-10-09
res_exgold_de,2021-11-01,2022-01-14,100395477192.6654,https://fred.stlouisfed.org/graph/fredgraph.csv?id=TRESEGDEM052N,2026-10-09
res_exgold_de,2021-12-01,2022-02-14,99169059613.5976,https://fred.stlouisfed.org/graph/fredgraph.csv?id=TRESEGDEM052N,2026-10-09
res_exgold_de,2022-01-01,2022-03-17,98845378598.8496,https://fred.stlouisfed.org/graph/fredgraph.csv?id=TRESEGDEM052N,2026-10-09
res_exgold_de,2022-02-01,2022-04-14,100200064112.2954,https://fred.stlouisfed.org/graph/fredgraph.csv?id=TRESEGDEM052N,2026-10-09
res_exgold_de,2022-03-01,2022-05-15,99904358137.0372,https://fred.stlouisfed.org/graph/fredgraph.csv?id=TRESEGDEM052N,2026-10-09
res_exgold_de,2022-04-01,2022-06-14,97685419849.0079,https://fred.stlouisfed.org/graph/fredgraph.csv?id=TRESEGDEM052N,2026-10-09
res_exgold_de,2022-05-01,2022-07-15,98228220806.9456,https://fred.stlouisfed.org/graph/fredgraph.csv?id=TRESEGDEM052N,2026-10-09
res_exgold_de,2022-06-01,2022-08-14,97231791808.6465,https://fred.stlouisfed.org/graph/fredgraph.csv?id=TRESEGDEM052N,2026-10-09
res_exgold_de,2022-07-01,2022-09-14,96840013911.6461,https://fred.stlouisfed.org/graph/fredgraph.csv?id=TRESEGDEM052N,2026-10-09
res_exgold_de,2022-08-01,2022-10-15,95367523519.2,https://fred.stlouisfed.org/graph/fredgraph.csv?id=TRESEGDEM052N,2026-10-09
res_exgold_de,2022-09-01,2022-11-14,94825592909.8419,https://fred.stlouisfed.org/graph/fredgraph.csv?id=TRESEGDEM052N,2026-10-09
res_exgold_de,2022-10-01,2022-12-15,95493393562.5728,https://fred.stlouisfed.org/graph/fredgraph.csv?id=TRESEGDEM052N,2026-10-09
res_exgold_de,2022-11-01,2023-01-14,97956740300.1983,https://fred.stlouisfed.org/graph/fredgraph.csv?id=TRESEGDEM052N,2026-10-09
res_exgold_de,2022-12-01,2023-02-14,98413683336.7966,https://fred.stlouisfed.org/graph/fredgraph.csv?id=TRESEGDEM052N,2026-10-09
res_exgold_de,2023-01-01,2023-03-17,99260201716.6566,https://fred.stlouisfed.org/graph/fredgraph.csv?id=TRESEGDEM052N,2026-10-09
res_exgold_de,2023-02-01,2023-04-14,97972894709.3916,https://fred.stlouisfed.org/graph/fredgraph.csv?id=TRESEGDEM052N,2026-10-09
res_exgold_de,2023-03-01,2023-05-15,99735438317.4293,https://fred.stlouisfed.org/graph/fredgraph.csv?id=TRESEGDEM052N,2026-10-09
res_exgold_de,2023-04-01,2023-06-14,99911819819.69408,https://fred.stlouisfed.org/graph/fredgraph.csv?id=TRESEGDEM052N,2026-10-09
res_exgold_de,2023-05-01,2023-07-15,98767666446.75008,https://fred.stlouisfed.org/graph/fredgraph.csv?id=TRESEGDEM052N,2026-10-09
res_exgold_de,2023-06-01,2023-08-14,99753318365.1265,https://fred.stlouisfed.org/graph/fredgraph.csv?id=TRESEGDEM052N,2026-10-09
res_exgold_de,2023-07-01,2023-09-14,100287627691.0763,https://fred.stlouisfed.org/graph/fredgraph.csv?id=TRESEGDEM052N,2026-10-09
res_exgold_de,2023-08-01,2023-10-15,99388643820.4952,https://fred.stlouisfed.org/graph/fredgraph.csv?id=TRESEGDEM052N,2026-10-09
res_exgold_de,2023-09-01,2023-11-14,97780349216.9317,https://fred.stlouisfed.org/graph/fredgraph.csv?id=TRESEGDEM052N,2026-10-09
res_exgold_de,2023-10-01,2023-12-15,98396453176.0049,https://fred.stlouisfed.org/graph/fredgraph.csv?id=TRESEGDEM052N,2026-10-09
res_exgold_de,2023-11-01,2024-01-14,100046171827.1476,https://fred.stlouisfed.org/graph/fredgraph.csv?id=TRESEGDEM052N,2026-10-09
res_exgold_de,2023-12-01,2024-02-14,100391427874.5271,https://fred.stlouisfed.org/graph/fredgraph.csv?id=TRESEGDEM052N,2026-10-09
res_exgold_de,2024-01-01,2024-03-16,99439512050.7484,https://fred.stlouisfed.org/graph/fredgraph.csv?id=TRESEGDEM052N,2026-10-09
res_exgold_de,2024-02-01,2024-04-14,100500390333.2054,https://fred.stlouisfed.org/graph/fredgraph.csv?id=TRESEGDEM052N,2026-10-09
res_exgold_de,2024-03-01,2024-05-15,99591772648.8529,https://fred.stlouisfed.org/graph/fredgraph.csv?id=TRESEGDEM052N,2026-10-09
res_exgold_de,2024-04-01,2024-06-14,98569856746.3487,https://fred.stlouisfed.org/graph/fredgraph.csv?id=TRESEGDEM052N,2026-10-09
res_exgold_de,2024-05-01,2024-07-15,99230221817.2192,https://fred.stlouisfed.org/graph/fredgraph.csv?id=TRESEGDEM052N,2026-10-09
res_exgold_de,2024-06-01,2024-08-14,99918862336.0259,https://fred.stlouisfed.org/graph/fredgraph.csv?id=TRESEGDEM052N,2026-10-09
res_exgold_de,2024-07-01,2024-09-14,99689438858.72627,https://fred.stlouisfed.org/graph/fredgraph.csv?id=TRESEGDEM052N,2026-10-09
res_exgold_de,2024-08-01,2024-10-15,100315716188.0831,https://fred.stlouisfed.org/graph/fredgraph.csv?id=TRESEGDEM052N,2026-10-09
res_exgold_de,2024-09-01,2024-11-14,101962792210.6282,https://fred.stlouisfed.org/graph/fredgraph.csv?id=TRESEGDEM052N,2026-10-09
res_exgold_de,2024-10-01,2024-12-15,98699447575.5602,https://fred.stlouisfed.org/graph/fredgraph.csv?id=TRESEGDEM052N,2026-10-09
res_exgold_de,2024-11-01,2025-01-14,99683452426.0007,https://fred.stlouisfed.org/graph/fredgraph.csv?id=TRESEGDEM052N,2026-10-09
res_exgold_de,2024-12-01,2025-02-14,96791570856.2426,https://fred.stlouisfed.org/graph/fredgraph.csv?id=TRESEGDEM052N,2026-10-09
res_exgold_de,2025-01-01,2025-03-17,98083780939.1192,https://fred.stlouisfed.org/graph/fredgraph.csv?id=TRESEGDEM052N,2026-10-09
res_exgold_de,2025-02-01,2025-04-14,98565085818.258,https://fred.stlouisfed.org/graph/fredgraph.csv?id=TRESEGDEM052N,2026-10-09
res_exgold_de,2025-03-01,2025-05-15,99255333183.6337,https://fred.stlouisfed.org/graph/fredgraph.csv?id=TRESEGDEM052N,2026-10-09
res_exgold_de,2025-04-01,2025-06-14,101476305818.6794,https://fred.stlouisfed.org/graph/fredgraph.csv?id=TRESEGDEM052N,2026-10-09
res_exgold_de,2025-05-01,2025-07-15,102128889736.2287,https://fred.stlouisfed.org/graph/fredgraph.csv?id=TRESEGDEM052N,2026-10-09
res_exgold_de,2025-06-01,2025-08-14,102812992826.32591,https://fred.stlouisfed.org/graph/fredgraph.csv?id=TRESEGDEM052N,2026-10-09
res_exgold_de,2025-07-01,2025-09-14,101240887784.9377,https://fred.stlouisfed.org/graph/fredgraph.csv?id=TRESEGDEM052N,2026-10-09
res_exgold_de,2025-08-01,2025-10-15,101049988608.7886,https://fred.stlouisfed.org/graph/fredgraph.csv?id=TRESEGDEM052N,2026-10-09
res_exgold_de,2025-09-01,2025-11-14,100624759115.9418,https://fred.stlouisfed.org/graph/fredgraph.csv?id=TRESEGDEM052N,2026-10-09
res_exgold_de,2025-10-01,2025-12-15,99964164822.1929,https://fred.stlouisfed.org/graph/fredgraph.csv?id=TRESEGDEM052N,2026-10-09
res_exgold_de,2025-11-01,2026-01-14,100849919579.6595,https://fred.stlouisfed.org/graph/fredgraph.csv?id=TRESEGDEM052N,2026-10-09
res_exgold_de,2025-12-01,2026-02-14,101728748933.1573,https://fred.stlouisfed.org/graph/fredgraph.csv?id=TRESEGDEM052N,2026-10-09
res_exgold_de,2026-01-01,2026-03-17,102625990876.8933,https://fred.stlouisfed.org/graph/fredgraph.csv?id=TRESEGDEM052N,2026-10-09
res_exgold_de,2026-02-01,2026-04-14,102371002988.7393,https://fred.stlouisfed.org/graph/fredgraph.csv?id=TRESEGDEM052N,2026-10-09
res_exgold_de,2026-03-01,2026-05-15,101669570867.9947,https://fred.stlouisfed.org/graph/fredgraph.csv?id=TRESEGDEM052N,2026-10-09
res_exgold_de,2026-04-01,2026-06-14,101744886475.2063,https://fred.stlouisfed.org/graph/fredgraph.csv?id=TRESEGDEM052N,2026-10-09
res_exgold_de,2026-05-01,2026-07-15,102501547141.2225,https://fred.stlouisfed.org/graph/fredgraph.csv?id=TRESEGDEM052N,2026-10-09
res_exgold_de,2026-06-01,2026-08-14,101082525411.34,https://fred.stlouisfed.org/graph/fredgraph.csv?id=TRESEGDEM052N,2026-10-09
res_exgold_de,2026-07-01,2026-09-14,102868185677.0184,https://fred.stlouisfed.org/graph/fredgraph.csv?id=TRESEGDEM052N,2026-10-09
