series_id,ref_date,available_date,value,source,fetched_at
us_cpi_fred,1913-01-01,1913-02-15,9.8,https://fred.stlouisfed.org/graph/fredgraph.csv?id=CPIAUCNS,2026-10-08
us_cpi_fred,1913-02-01,1913-03-15,9.8,https://fred.stlouisfed.org/graph/fredgraph.csv?id=CPIAUCNS,2026-10-08
us_cpi_fred,1913-03-01,1913-04-15,9.8,https://fred.stlouisfed.org/graph/fredgraph.csv?id=CPIAUCNS,2026-10-08
us_cpi_fred,1913-04-01,1913-05-15,9.8,https://fred.stlouisfed.org/graph/fredgraph.csv?id=CPIAUCNS,2026-10-08
us_cpi_fred,1913-05-01,1913-06-15,9.7,https://fred.stlouisfed.org/graph/fredgraph.csv?id=CPIAUCNS,2026-10-08
us_cpi_fred,1913-06-01,1913-07-15,9.8,https://fred.stlouisfed.org/graph/fredgraph.csv?id=CPIAUCNS,2026-10-08
us_cpi_fred,1913-07-01,1913-08-15,9.9,https://fred.stlouisfed.org/graph/fredgraph.csv?id=CPIAUCNS,2026-10-08
us_cpi_fred,1913-08-01,1913-09-15,9.9,https://fred.stlouisfed.org/graph/fredgraph.csv?id=CPIAUCNS,2026-10-08
us_cpi_fred,1913-09-01,1913-10-15,10.0,https://fred.stlouisfed.org/graph/fredgraph.csv?id=CPIAUCNS,2026-10-08
us_cpi_fred,1913-10-01,1913-11-15,10.0,https://fred.stlouisfed.org/graph/fredgraph.csv?id=CPIAUCNS,2026-10-08
us_cpi_fred,1913-11-01,1913-12-15,10.1,https://fred.stlouisfed.org/graph/fredgraph.csv?id=CPIAUCNS,2026-10-08
us_cpi_fred,1913-12-01,1914-01-15,10.0,https://fred.stlouisfed.org/graph/fredgraph.csv?id=CPIAUCNS,2026-10-08
us_cpi_fred,1914-01-01,1914-02-15,10.0,https://fred.stlouisfed.org/graph/fredgraph.csv?id=CPIAUCNS,2026-10-08
us_cpi_fred,1914-02-01,1914-03-15,9.9,https://fred.stlouisfed.org/graph/fredgraph.csv?id=CPIAUCNS,2026-10-08
us_cpi_fred,1914-03-01,1914-04-15,9.9,https://fred.stlouisfed.org/graph/fredgraph.csv?id=CPIAUCNS,2026-10-08
us_cpi_fred,1914-04-01,1914-05-15,9.8,https://fred.stlouisfed.org/graph/fredgraph.csv?id=CPIAUCNS,2026-10-08
us_cpi_fred,1914-05-01,1914-06-15,9.9,https://fred.stlouisfed.org/graph/fredgraph.csv?id=CPIAUCNS,2026-10-08
us_cpi_fred,1914-06-01,1914-07-15,9.9,https://fred.stlouisfed.org/graph/fredgraph.csv?id=CPIAUCNS,2026-10-08
us_cpi_fred,1914-07-01,1914-08-15,10.0,https://fred.stlouisfed.org/graph/fredgraph.csv?id=CPIAUCNS,2026-10-08
us_cpi_fred,1914-08-01,1914-09-15,10.2,https://fred.stlouisfed.org/graph/fredgraph.csv?id=CPIAUCNS,2026-10-08
us_cpi_fred,1914-09-01,1914-10-15,10.2,https://fred.stlouisfed.org/graph/fredgraph.csv?id=CPIAUCNS,2026-10-08
us_cpi_fred,1914-10-01,1914-11-15,10.1,https://fred.stlouisfed.org/graph/fredgraph.csv?id=CPIAUCNS,2026-10-08
us_cpi_fred,1914-11-01,1914-12-15,10.2,https://fred.stlouisfed.org/graph/fredgraph.csv?id=CPIAUCNS,2026-10-08
us_cpi_fred,1914-12-01,1915-01-15,10.1,https://fred.stlouisfed.org/graph/fredgraph.csv?id=CPIAUCNS,2026-10-08
us_cpi_fred,1915-01-01,1915-02-15,10.1,https://fred.stlouisfed.org/graph/fredgraph.csv?id=CPIAUCNS,2026-10-08
us_cpi_fred,1915-02-01,1915-03-15,10.0,https://fred.stlouisfed.org/graph/fredgraph.csv?id=CPIAUCNS,2026-10-08
us_cpi_fred,1915-03-01,1915-04-15,9.9,https://fred.stlouisfed.org/graph/fredgraph.csv?id=CPIAUCNS,2026-10-08
us_cpi_fred,1915-04-01,1915-05-15,10.0,https://fred.stlouisfed.org/graph/fredgraph.csv?id=CPIAUCNS,2026-10-08
us_cpi_fred,1915-05-01,1915-06-15,10.1,https://fred.stlouisfed.org/graph/fredgraph.csv?id=CPIAUCNS,2026-10-08
us_cpi_fred,1915-06-01,1915-07-15,10.1,https://fred.stlouisfed.org/graph/fredgraph.csv?id=CPIAUCNS,2026-10-08
us_cpi_fred,1915-07-01,1915-08-15,10.1,https://fred.stlouisfed.org/graph/fredgraph.csv?id=CPIAUCNS,2026-10-08
us_cpi_fred,1915-08-01,1915-09-15,10.1,https://fred.stlouisfed.org/graph/fredgraph.csv?id=CPIAUCNS,2026-10-08
us_cpi_fred,1915-09-01,1915-10-15,10.1,https://fred.stlouisfed.org/graph/fredgraph.csv?id=CPIAUCNS,2026-10-08
us_cpi_fred,1915-10-01,1915-11-15,10.2,https://fred.stlouisfed.org/graph/fredgraph.csv?id=CPIAUCNS,2026-10-08
us_cpi_fred,1915-11-01,1915-12-15,10.3,https://fred.stlouisfed.org/graph/fredgraph.csv?id=CPIAUCNS,2026-10-08
us_cpi_fred,1915-12-01,1916-01-15,10.3,https://fred.stlouisfed.org/graph/fredgraph.csv?id=CPIAUCNS,2026-10-08
us_cpi_fred,1916-01-01,1916-02-15,10.4,https://fred.stlouisfed.org/graph/fredgraph.csv?id=CPIAUCNS,2026-10-08
us_cpi_fred,1916-02-01,1916-03-15,10.4,https://fred.stlouisfed.org/graph/fredgraph.csv?id=CPIAUCNS,2026-10-08
us_cpi_fred,1916-03-01,1916-04-15,10.5,https://fred.stlouisfed.org/graph/fredgraph.csv?id=CPIAUCNS,2026-10-08
us_cpi_fred,1916-04-01,1916-05-15,10.6,https://fred.stlouisfed.org/graph/fredgraph.csv?id=CPIAUCNS,2026-10-08
us_cpi_fred,1916-05-01,1916-06-15,10.7,https://fred.stlouisfed.org/graph/fredgraph.csv?id=CPIAUCNS,2026-10-08
us_cpi_fred,1916-06-01,1916-07-15,10.8,https://fred.stlouisfed.org/graph/fredgraph.csv?id=CPIAUCNS,2026-10-08
us_cpi_fred,1916-07-01,1916-08-15,10.8,https://fred.stlouisfed.org/graph/fredgraph.csv?id=CPIAUCNS,2026-10-08
us_cpi_fred,1916-08-01,1916-09-15,10.9,https://fred.stlouisfed.org/graph/fredgraph.csv?id=CPIAUCNS,2026-10-08
us_cpi_fred,1916-09-01,1916-10-15,11.1,https://fred.stlouisfed.org/graph/fredgraph.csv?id=CPIAUCNS,2026-10-08
us_cpi_fred,1916-10-01,1916-11-15,11.3,https://fred.stlouisfed.org/graph/fredgraph.csv?id=CPIAUCNS,2026-10-08
us_cpi_fred,1916-11-01,1916-12-15,11.5,https://fred.stlouisfed.org/graph/fredgraph.csv?id=CPIAUCNS,2026-10-08
us_cpi_fred,1916-12-01,1917-01-15,11.6,https://fred.stlouisfed.org/graph/fredgraph.csv?id=CPIAUCNS,2026-10-08
us_cpi_fred,1917-01-01,1917-02-15,11.7,https://fred.stlouisfed.org/graph/fredgraph.csv?id=CPIAUCNS,2026-10-08
us_cpi_fred,1917-02-01,1917-03-15,12.0,https://fred.stlouisfed.org/graph/fredgraph.csv?id=CPIAUCNS,2026-10-08
us_cpi_fred,1917-03-01,1917-04-15,12.0,https://fred.stlouisfed.org/graph/fredgraph.csv?id=CPIAUCNS,2026-10-08
us_cpi_fred,1917-04-01,1917-05-15,12.6,https://fred.stlouisfed.org/graph/fredgraph.csv?id=CPIAUCNS,2026-10-08
us_cpi_fred,1917-05-01,1917-06-15,12.8,https://fred.stlouisfed.org/graph/fredgraph.csv?id=CPIAUCNS,2026-10-08
us_cpi_fred,1917-06-01,1917-07-15,13.0,https://fred.stlouisfed.org/graph/fredgraph.csv?id=CPIAUCNS,2026-10-08
us_cpi_fred,1917-07-01,1917-08-15,12.8,https://fred.stlouisfed.org/graph/fredgraph.csv?id=CPIAUCNS,2026-10-08
us_cpi_fred,1917-08-01,1917-09-15,13.0,https://fred.stlouisfed.org/graph/fredgraph.csv?id=CPIAUCNS,2026-10-08
us_cpi_fred,1917-09-01,1917-10-15,13.3,https://fred.stlouisfed.org/graph/fredgraph.csv?id=CPIAUCNS,2026-10-08
us_cpi_fred,1917-10-01,1917-11-15,13.5,https://fred.stlouisfed.org/graph/fredgraph.csv?id=CPIAUCNS,2026-10-08
us_cpi_fred,1917-11-01,1917-12-15,13.5,https://fred.stlouisfed.org/graph/fredgraph.csv?id=CPIAUCNS,2026-10-08
us_cpi_fred,1917-12-01,1918-01-15,13.7,https://fred.stlouisfed.org/graph/fredgraph.csv?id=CPIAUCNS,2026-10-08
us_cpi_fred,1918-01-01,1918-02-15,14.0,https://fred.stlouisfed.org/graph/fredgraph.csv?id=CPIAUCNS,2026-10-08
us_cpi_fred,1918-02-01,1918-03-15,14.1,https://fred.stlouisfed.org/graph/fredgraph.csv?id=CPIAUCNS,2026-10-08
us_cpi_fred,1918-03-01,1918-04-15,14.0,https://fred.stlouisfed.org/graph/fredgraph.csv?id=CPIAUCNS,2026-10-08
us_cpi_fred,1918-04-01,1918-05-15,14.2,https://fred.stlouisfed.org/graph/fredgraph.csv?id=CPIAUCNS,2026-10-08
us_cpi_fred,1918-05-01,1918-06-15,14.5,https://fred.stlouisfed.org/graph/fredgraph.csv?id=CPIAUCNS,2026-10-08
us_cpi_fred,1918-06-01,1918-07-15,14.7,https://fred.stlouisfed.org/graph/fredgraph.csv?id=CPIAUCNS,2026-10-08
us_cpi_fred,1918-07-01,1918-08-15,15.1,https://fred.stlouisfed.org/graph/fredgraph.csv?id=CPIAUCNS,2026-10-08
us_cpi_fred,1918-08-01,1918-09-15,15.4,https://fred.stlouisfed.org/graph/fredgraph.csv?id=CPIAUCNS,2026-10-08
us_cpi_fred,1918-09-01,1918-10-15,15.7,https://fred.stlouisfed.org/graph/fredgraph.csv?id=CPIAUCNS,2026-10-08
us_cpi_fred,1918-10-01,1918-11-15,16.0,https://fred.stlouisfed.org/graph/fredgraph.csv?id=CPIAUCNS,2026-10-08
us_cpi_fred,1918-11-01,1918-12-15,16.3,https://fred.stlouisfed.org/graph/fredgraph.csv?id=CPIAUCNS,2026-10-08
us_cpi_fred,1918-12-01,1919-01-15,16.5,https://fred.stlouisfed.org/graph/fredgraph.csv?id=CPIAUCNS,2026-10-08
us_cpi_fred,1919-01-01,1919-02-15,16.5,https://fred.stlouisfed.org/graph/fredgraph.csv?id=CPIAUCNS,2026-10-08
us_cpi_fred,1919-02-01,1919-03-15,16.2,https://fred.stlouisfed.org/graph/fredgraph.csv?id=CPIAUCNS,2026-10-08
us_cpi_fred,1919-03-01,1919-04-15,16.4,https://fred.stlouisfed.org/graph/fredgraph.csv?id=CPIAUCNS,2026-10-08
us_cpi_fred,1919-04-01,1919-05-15,16.7,https://fred.stlouisfed.org/graph/fredgraph.csv?id=CPIAUCNS,2026-10-08
us_cpi_fred,1919-05-01,1919-06-15,16.9,https://fred.stlouisfed.org/graph/fredgraph.csv?id=CPIAUCNS,2026-10-08
us_cpi_fred,1919-06-01,1919-07-15,16.9,https://fred.stlouisfed.org/graph/fredgraph.csv?id=CPIAUCNS,2026-10-08
us_cpi_fred,1919-07-01,1919-08-15,17.4,https://fred.stlouisfed.org/graph/fredgraph.csv?id=CPIAUCNS,2026-10-08
us_cpi_fred,1919-08-01,1919-09-15,17.7,https://fred.stlouisfed.org/graph/fredgraph.csv?id=CPIAUCNS,2026-10-08
us_cpi_fred,1919-09-01,1919-10-15,17.8,https://fred.stlouisfed.org/graph/fredgraph.csv?id=CPIAUCNS,2026-10-08
us_cpi_fred,1919-10-01,1919-11-15,18.1,https://fred.stlouisfed.org/graph/fredgraph.csv?id=CPIAUCNS,2026-10-08
us_cpi_fred,1919-11-01,1919-12-15,18.5,https://fred.stlouisfed.org/graph/fredgraph.csv?id=CPIAUCNS,2026-10-08
us_cpi_fred,1919-12-01,1920-01-15,18.9,https://fred.stlouisfed.org/graph/fredgraph.csv?id=CPIAUCNS,2026-10-08
us_cpi_fred,1920-01-01,1920-02-15,19.3,https://fred.stlouisfed.org/graph/fredgraph.csv?id=CPIAUCNS,2026-10-08
us_cpi_fred,1920-02-01,1920-03-15,19.5,https://fred.stlouisfed.org/graph/fredgraph.csv?id=CPIAUCNS,2026-10-08
us_cpi_fred,1920-03-01,1920-04-15,19.7,https://fred.stlouisfed.org/graph/fredgraph.csv?id=CPIAUCNS,2026-10-08
us_cpi_fred,1920-04-01,1920-05-15,20.3,https://fred.stlouisfed.org/graph/fredgraph.csv?id=CPIAUCNS,2026-10-08
us_cpi_fred,1920-05-01,1920-06-15,20.6,https://fred.stlouisfed.org/graph/fredgraph.csv?id=CPIAUCNS,2026-10-08
us_cpi_fred,1920-06-01,1920-07-15,20.9,https://fred.stlouisfed.org/graph/fredgraph.csv?id=CPIAUCNS,2026-10-08
us_cpi_fred,1920-07-01,1920-08-15,20.8,https://fred.stlouisfed.org/graph/fredgraph.csv?id=CPIAUCNS,2026-10-08
us_cpi_fred,1920-08-01,1920-09-15,20.3,https://fred.stlouisfed.org/graph/fredgraph.csv?id=CPIAUCNS,2026-10-08
us_cpi_fred,1920-09-01,1920-10-15,20.0,https://fred.stlouisfed.org/graph/fredgraph.csv?id=CPIAUCNS,2026-10-08
us_cpi_fred,1920-10-01,1920-11-15,19.9,https://fred.stlouisfed.org/graph/fredgraph.csv?id=CPIAUCNS,2026-10-08
us_cpi_fred,1920-11-01,1920-12-15,19.8,https://fred.stlouisfed.org/graph/fredgraph.csv?id=CPIAUCNS,2026-10-08
us_cpi_fred,1920-12-01,1921-01-15,19.4,https://fred.stlouisfed.org/graph/fredgraph.csv?id=CPIAUCNS,2026-10-08
us_cpi_fred,1921-01-01,1921-02-15,19.0,https://fred.stlouisfed.org/graph/fredgraph.csv?id=CPIAUCNS,2026-10-08
us_cpi_fred,1921-02-01,1921-03-15,18.4,https://fred.stlouisfed.org/graph/fredgraph.csv?id=CPIAUCNS,2026-10-08
us_cpi_fred,1921-03-01,1921-04-15,18.3,https://fred.stlouisfed.org/graph/fredgraph.csv?id=CPIAUCNS,2026-10-08
us_cpi_fred,1921-04-01,1921-05-15,18.1,https://fred.stlouisfed.org/graph/fredgraph.csv?id=CPIAUCNS,2026-10-08
us_cpi_fred,1921-05-01,1921-06-15,17.7,https://fred.stlouisfed.org/graph/fredgraph.csv?id=CPIAUCNS,2026-10-08
us_cpi_fred,1921-06-01,1921-07-15,17.6,https://fred.stlouisfed.org/graph/fredgraph.csv?id=CPIAUCNS,2026-10-08
us_cpi_fred,1921-07-01,1921-08-15,17.7,https://fred.stlouisfed.org/graph/fredgraph.csv?id=CPIAUCNS,2026-10-08
us_cpi_fred,1921-08-01,1921-09-15,17.7,https://fred.stlouisfed.org/graph/fredgraph.csv?id=CPIAUCNS,2026-10-08
us_cpi_fred,1921-09-01,1921-10-15,17.5,https://fred.stlouisfed.org/graph/fredgraph.csv?id=CPIAUCNS,2026-10-08
us_cpi_fred,1921-10-01,1921-11-15,17.5,https://fred.stlouisfed.org/graph/fredgraph.csv?id=CPIAUCNS,2026-10-08
us_cpi_fred,1921-11-01,1921-12-15,17.4,https://fred.stlouisfed.org/graph/fredgraph.csv?id=CPIAUCNS,2026-10-08
us_cpi_fred,1921-12-01,1922-01-15,17.3,https://fred.stlouisfed.org/graph/fredgraph.csv?id=CPIAUCNS,2026-10-08
us_cpi_fred,1922-01-01,1922-02-15,16.9,https://fred.stlouisfed.org/graph/fredgraph.csv?id=CPIAUCNS,2026-10-08
us_cpi_fred,1922-02-01,1922-03-15,16.9,https://fred.stlouisfed.org/graph/fredgraph.csv?id=CPIAUCNS,2026-10-08
us_cpi_fred,1922-03-01,1922-04-15,16.7,https://fred.stlouisfed.org/graph/fredgraph.csv?id=CPIAUCNS,2026-10-08
us_cpi_fred,1922-04-01,1922-05-15,16.7,https://fred.stlouisfed.org/graph/fredgraph.csv?id=CPIAUCNS,2026-10-08
us_cpi_fred,1922-05-01,1922-06-15,16.7,https://fred.stlouisfed.org/graph/fredgraph.csv?id=CPIAUCNS,2026-10-08
us_cpi_fred,1922-06-01,1922-07-15,16.7,https://fred.stlouisfed.org/graph/fredgraph.csv?id=CPIAUCNS,2026-10-08
us_cpi_fred,1922-07-01,1922-08-15,16.8,https://fred.stlouisfed.org/graph/fredgraph.csv?id=CPIAUCNS,2026-10-08
us_cpi_fred,1922-08-01,1922-09-15,16.6,https://fred.stlouisfed.org/graph/fredgraph.csv?id=CPIAUCNS,2026-10-08
us_cpi_fred,1922-09-01,1922-10-15,16.6,https://fred.stlouisfed.org/graph/fredgraph.csv?id=CPIAUCNS,2026-10-08
us_cpi_fred,1922-10-01,1922-11-15,16.7,https://fred.stlouisfed.org/graph/fredgraph.csv?id=CPIAUCNS,2026-10-08
us_cpi_fred,1922-11-01,1922-12-15,16.8,https://fred.stlouisfed.org/graph/fredgraph.csv?id=CPIAUCNS,2026-10-08
us_cpi_fred,1922-12-01,1923-01-15,16.9,https://fred.stlouisfed.org/graph/fredgraph.csv?id=CPIAUCNS,2026-10-08
us_cpi_fred,1923-01-01,1923-02-15,16.8,https://fred.stlouisfed.org/graph/fredgraph.csv?id=CPIAUCNS,2026-10-08
us_cpi_fred,1923-02-01,1923-03-15,16.8,https://fred.stlouisfed.org/graph/fredgraph.csv?id=CPIAUCNS,2026-10-08
us_cpi_fred,1923-03-01,1923-04-15,16.8,https://fred.stlouisfed.org/graph/fredgraph.csv?id=CPIAUCNS,2026-10-08
us_cpi_fred,1923-04-01,1923-05-15,16.9,https://fred.stlouisfed.org/graph/fredgraph.csv?id=CPIAUCNS,2026-10-08
us_cpi_fred,1923-05-01,1923-06-15,16.9,https://fred.stlouisfed.org/graph/fredgraph.csv?id=CPIAUCNS,2026-10-08
us_cpi_fred,1923-06-01,1923-07-15,17.0,https://fred.stlouisfed.org/graph/fredgraph.csv?id=CPIAUCNS,2026-10-08
us_cpi_fred,1923-07-01,1923-08-15,17.2,https://fred.stlouisfed.org/graph/fredgraph.csv?id=CPIAUCNS,2026-10-08
us_cpi_fred,1923-08-01,1923-09-15,17.1,https://fred.stlouisfed.org/graph/fredgraph.csv?id=CPIAUCNS,2026-10-08
us_cpi_fred,1923-09-01,1923-10-15,17.2,https://fred.stlouisfed.org/graph/fredgraph.csv?id=CPIAUCNS,2026-10-08
us_cpi_fred,1923-10-01,1923-11-15,17.3,https://fred.stlouisfed.org/graph/fredgraph.csv?id=CPIAUCNS,2026-10-08
us_cpi_fred,1923-11-01,1923-12-15,17.3,https://fred.stlouisfed.org/graph/fredgraph.csv?id=CPIAUCNS,2026-10-08
us_cpi_fred,1923-12-01,1924-01-15,17.3,https://fred.stlouisfed.org/graph/fredgraph.csv?id=CPIAUCNS,2026-10-08
us_cpi_fred,1924-01-01,1924-02-15,17.3,https://fred.stlouisfed.org/graph/fredgraph.csv?id=CPIAUCNS,2026-10-08
us_cpi_fred,1924-02-01,1924-03-15,17.2,https://fred.stlouisfed.org/graph/fredgraph.csv?id=CPIAUCNS,2026-10-08
us_cpi_fred,1924-03-01,1924-04-15,17.1,https://fred.stlouisfed.org/graph/fredgraph.csv?id=CPIAUCNS,2026-10-08
us_cpi_fred,1924-04-01,1924-05-15,17.0,https://fred.stlouisfed.org/graph/fredgraph.csv?id=CPIAUCNS,2026-10-08
us_cpi_fred,1924-05-01,1924-06-15,17.0,https://fred.stlouisfed.org/graph/fredgraph.csv?id=CPIAUCNS,2026-10-08
us_cpi_fred,1924-06-01,1924-07-15,17.0,https://fred.stlouisfed.org/graph/fredgraph.csv?id=CPIAUCNS,2026-10-08
us_cpi_fred,1924-07-01,1924-08-15,17.1,https://fred.stlouisfed.org/graph/fredgraph.csv?id=CPIAUCNS,2026-10-08
us_cpi_fred,1924-08-01,1924-09-15,17.0,https://fred.stlouisfed.org/graph/fredgraph.csv?id=CPIAUCNS,2026-10-08
us_cpi_fred,1924-09-01,1924-10-15,17.1,https://fred.stlouisfed.org/graph/fredgraph.csv?id=CPIAUCNS,2026-10-08
us_cpi_fred,1924-10-01,1924-11-15,17.2,https://fred.stlouisfed.org/graph/fredgraph.csv?id=CPIAUCNS,2026-10-08
us_cpi_fred,1924-11-01,1924-12-15,17.2,https://fred.stlouisfed.org/graph/fredgraph.csv?id=CPIAUCNS,2026-10-08
us_cpi_fred,1924-12-01,1925-01-15,17.3,https://fred.stlouisfed.org/graph/fredgraph.csv?id=CPIAUCNS,2026-10-08
us_cpi_fred,1925-01-01,1925-02-15,17.3,https://fred.stlouisfed.org/graph/fredgraph.csv?id=CPIAUCNS,2026-10-08
us_cpi_fred,1925-02-01,1925-03-15,17.2,https://fred.stlouisfed.org/graph/fredgraph.csv?id=CPIAUCNS,2026-10-08
us_cpi_fred,1925-03-01,1925-04-15,17.3,https://fred.stlouisfed.org/graph/fredgraph.csv?id=CPIAUCNS,2026-10-08
us_cpi_fred,1925-04-01,1925-05-15,17.2,https://fred.stlouisfed.org/graph/fredgraph.csv?id=CPIAUCNS,2026-10-08
us_cpi_fred,1925-05-01,1925-06-15,17.3,https://fred.stlouisfed.org/graph/fredgraph.csv?id=CPIAUCNS,2026-10-08
us_cpi_fred,1925-06-01,1925-07-15,17.5,https://fred.stlouisfed.org/graph/fredgraph.csv?id=CPIAUCNS,2026-10-08
us_cpi_fred,1925-07-01,1925-08-15,17.7,https://fred.stlouisfed.org/graph/fredgraph.csv?id=CPIAUCNS,2026-10-08
us_cpi_fred,1925-08-01,1925-09-15,17.7,https://fred.stlouisfed.org/graph/fredgraph.csv?id=CPIAUCNS,2026-10-08
us_cpi_fred,1925-09-01,1925-10-15,17.7,https://fred.stlouisfed.org/graph/fredgraph.csv?id=CPIAUCNS,2026-10-08
us_cpi_fred,1925-10-01,1925-11-15,17.7,https://fred.stlouisfed.org/graph/fredgraph.csv?id=CPIAUCNS,2026-10-08
us_cpi_fred,1925-11-01,1925-12-15,18.0,https://fred.stlouisfed.org/graph/fredgraph.csv?id=CPIAUCNS,2026-10-08
us_cpi_fred,1925-12-01,1926-01-15,17.9,https://fred.stlouisfed.org/graph/fredgraph.csv?id=CPIAUCNS,2026-10-08
us_cpi_fred,1926-01-01,1926-02-15,17.9,https://fred.stlouisfed.org/graph/fredgraph.csv?id=CPIAUCNS,2026-10-08
us_cpi_fred,1926-02-01,1926-03-15,17.9,https://fred.stlouisfed.org/graph/fredgraph.csv?id=CPIAUCNS,2026-10-08
us_cpi_fred,1926-03-01,1926-04-15,17.8,https://fred.stlouisfed.org/graph/fredgraph.csv?id=CPIAUCNS,2026-10-08
us_cpi_fred,1926-04-01,1926-05-15,17.9,https://fred.stlouisfed.org/graph/fredgraph.csv?id=CPIAUCNS,2026-10-08
us_cpi_fred,1926-05-01,1926-06-15,17.8,https://fred.stlouisfed.org/graph/fredgraph.csv?id=CPIAUCNS,2026-10-08
us_cpi_fred,1926-06-01,1926-07-15,17.7,https://fred.stlouisfed.org/graph/fredgraph.csv?id=CPIAUCNS,2026-10-08
us_cpi_fred,1926-07-01,1926-08-15,17.5,https://fred.stlouisfed.org/graph/fredgraph.csv?id=CPIAUCNS,2026-10-08
us_cpi_fred,1926-08-01,1926-09-15,17.4,https://fred.stlouisfed.org/graph/fredgraph.csv?id=CPIAUCNS,2026-10-08
us_cpi_fred,1926-09-01,1926-10-15,17.5,https://fred.stlouisfed.org/graph/fredgraph.csv?id=CPIAUCNS,2026-10-08
us_cpi_fred,1926-10-01,1926-11-15,17.6,https://fred.stlouisfed.org/graph/fredgraph.csv?id=CPIAUCNS,2026-10-08
us_cpi_fred,1926-11-01,1926-12-15,17.7,https://fred.stlouisfed.org/graph/fredgraph.csv?id=CPIAUCNS,2026-10-08
us_cpi_fred,1926-12-01,1927-01-15,17.7,https://fred.stlouisfed.org/graph/fredgraph.csv?id=CPIAUCNS,2026-10-08
us_cpi_fred,1927-01-01,1927-02-15,17.5,https://fred.stlouisfed.org/graph/fredgraph.csv?id=CPIAUCNS,2026-10-08
us_cpi_fred,1927-02-01,1927-03-15,17.4,https://fred.stlouisfed.org/graph/fredgraph.csv?id=CPIAUCNS,2026-10-08
us_cpi_fred,1927-03-01,1927-04-15,17.3,https://fred.stlouisfed.org/graph/fredgraph.csv?id=CPIAUCNS,2026-10-08
us_cpi_fred,1927-04-01,1927-05-15,17.3,https://fred.stlouisfed.org/graph/fredgraph.csv?id=CPIAUCNS,2026-10-08
us_cpi_fred,1927-05-01,1927-06-15,17.4,https://fred.stlouisfed.org/graph/fredgraph.csv?id=CPIAUCNS,2026-10-08
us_cpi_fred,1927-06-01,1927-07-15,17.6,https://fred.stlouisfed.org/graph/fredgraph.csv?id=CPIAUCNS,2026-10-08
us_cpi_fred,1927-07-01,1927-08-15,17.3,https://fred.stlouisfed.org/graph/fredgraph.csv?id=CPIAUCNS,2026-10-08
us_cpi_fred,1927-08-01,1927-09-15,17.2,https://fred.stlouisfed.org/graph/fredgraph.csv?id=CPIAUCNS,2026-10-08
us_cpi_fred,1927-09-01,1927-10-15,17.3,https://fred.stlouisfed.org/graph/fredgraph.csv?id=CPIAUCNS,2026-10-08
us_cpi_fred,1927-10-01,1927-11-15,17.4,https://fred.stlouisfed.org/graph/fredgraph.csv?id=CPIAUCNS,2026-10-08
us_cpi_fred,1927-11-01,1927-12-15,17.3,https://fred.stlouisfed.org/graph/fredgraph.csv?id=CPIAUCNS,2026-10-08
us_cpi_fred,1927-12-01,1928-01-15,17.3,https://fred.stlouisfed.org/graph/fredgraph.csv?id=CPIAUCNS,2026-10-08
us_cpi_fred,1928-01-01,1928-02-15,17.3,https://fred.stlouisfed.org/graph/fredgraph.csv?id=CPIAUCNS,2026-10-08
us_cpi_fred,1928-02-01,1928-03-15,17.1,https://fred.stlouisfed.org/graph/fredgraph.csv?id=CPIAUCNS,2026-10-08
us_cpi_fred,1928-03-01,1928-04-15,17.1,https://fred.stlouisfed.org/graph/fredgraph.csv?id=CPIAUCNS,2026-10-08
us_cpi_fred,1928-04-01,1928-05-15,17.1,https://fred.stlouisfed.org/graph/fredgraph.csv?id=CPIAUCNS,2026-10-08
us_cpi_fred,1928-05-01,1928-06-15,17.2,https://fred.stlouisfed.org/graph/fredgraph.csv?id=CPIAUCNS,2026-10-08
us_cpi_fred,1928-06-01,1928-07-15,17.1,https://fred.stlouisfed.org/graph/fredgraph.csv?id=CPIAUCNS,2026-10-08
us_cpi_fred,1928-07-01,1928-08-15,17.1,https://fred.stlouisfed.org/graph/fredgraph.csv?id=CPIAUCNS,2026-10-08
us_cpi_fred,1928-08-01,1928-09-15,17.1,https://fred.stlouisfed.org/graph/fredgraph.csv?id=CPIAUCNS,2026-10-08
us_cpi_fred,1928-09-01,1928-10-15,17.3,https://fred.stlouisfed.org/graph/fredgraph.csv?id=CPIAUCNS,2026-10-08
us_cpi_fred,1928-10-01,1928-11-15,17.2,https://fred.stlouisfed.org/graph/fredgraph.csv?id=CPIAUCNS,2026-10-08
us_cpi_fred,1928-11-01,1928-12-15,17.2,https://fred.stlouisfed.org/graph/fredgraph.csv?id=CPIAUCNS,2026-10-08
us_cpi_fred,1928-12-01,1929-01-15,17.1,https://fred.stlouisfed.org/graph/fredgraph.csv?id=CPIAUCNS,2026-10-08
us_cpi_fred,1929-01-01,1929-02-15,17.1,https://fred.stlouisfed.org/graph/fredgraph.csv?id=CPIAUCNS,2026-10-08
us_cpi_fred,1929-02-01,1929-03-15,17.1,https://fred.stlouisfed.org/graph/fredgraph.csv?id=CPIAUCNS,2026-10-08
us_cpi_fred,1929-03-01,1929-04-15,17.0,https://fred.stlouisfed.org/graph/fredgraph.csv?id=CPIAUCNS,2026-10-08
us_cpi_fred,1929-04-01,1929-05-15,16.9,https://fred.stlouisfed.org/graph/fredgraph.csv?id=CPIAUCNS,2026-10-08
us_cpi_fred,1929-05-01,1929-06-15,17.0,https://fred.stlouisfed.org/graph/fredgraph.csv?id=CPIAUCNS,2026-10-08
us_cpi_fred,1929-06-01,1929-07-15,17.1,https://fred.stlouisfed.org/graph/fredgraph.csv?id=CPIAUCNS,2026-10-08
us_cpi_fred,1929-07-01,1929-08-15,17.3,https://fred.stlouisfed.org/graph/fredgraph.csv?id=CPIAUCNS,2026-10-08
us_cpi_fred,1929-08-01,1929-09-15,17.3,https://fred.stlouisfed.org/graph/fredgraph.csv?id=CPIAUCNS,2026-10-08
us_cpi_fred,1929-09-01,1929-10-15,17.3,https://fred.stlouisfed.org/graph/fredgraph.csv?id=CPIAUCNS,2026-10-08
us_cpi_fred,1929-10-01,1929-11-15,17.3,https://fred.stlouisfed.org/graph/fredgraph.csv?id=CPIAUCNS,2026-10-08
us_cpi_fred,1929-11-01,1929-12-15,17.3,https://fred.stlouisfed.org/graph/fredgraph.csv?id=CPIAUCNS,2026-10-08
us_cpi_fred,1929-12-01,1930-01-15,17.2,https://fred.stlouisfed.org/graph/fredgraph.csv?id=CPIAUCNS,2026-10-08
us_cpi_fred,1930-01-01,1930-02-15,17.1,https://fred.stlouisfed.org/graph/fredgraph.csv?id=CPIAUCNS,2026-10-08
us_cpi_fred,1930-02-01,1930-03-15,17.0,https://fred.stlouisfed.org/graph/fredgraph.csv?id=CPIAUCNS,2026-10-08
us_cpi_fred,1930-03-01,1930-04-15,16.9,https://fred.stlouisfed.org/graph/fredgraph.csv?id=CPIAUCNS,2026-10-08
us_cpi_fred,1930-04-01,1930-05-15,17.0,https://fred.stlouisfed.org/graph/fredgraph.csv?id=CPIAUCNS,2026-10-08
us_cpi_fred,1930-05-01,1930-06-15,16.9,https://fred.stlouisfed.org/graph/fredgraph.csv?id=CPIAUCNS,2026-10-08
us_cpi_fred,1930-06-01,1930-07-15,16.8,https://fred.stlouisfed.org/graph/fredgraph.csv?id=CPIAUCNS,2026-10-08
us_cpi_fred,1930-07-01,1930-08-15,16.6,https://fred.stlouisfed.org/graph/fredgraph.csv?id=CPIAUCNS,2026-10-08
us_cpi_fred,1930-08-01,1930-09-15,16.5,https://fred.stlouisfed.org/graph/fredgraph.csv?id=CPIAUCNS,2026-10-08
us_cpi_fred,1930-09-01,1930-10-15,16.6,https://fred.stlouisfed.org/graph/fredgraph.csv?id=CPIAUCNS,2026-10-08
us_cpi_fred,1930-10-01,1930-11-15,16.5,https://fred.stlouisfed.org/graph/fredgraph.csv?id=CPIAUCNS,2026-10-08
us_cpi_fred,1930-11-01,1930-12-15,16.4,https://fred.stlouisfed.org/graph/fredgraph.csv?id=CPIAUCNS,2026-10-08
us_cpi_fred,1930-12-01,1931-01-15,16.1,https://fred.stlouisfed.org/graph/fredgraph.csv?id=CPIAUCNS,2026-10-08
us_cpi_fred,1931-01-01,1931-02-15,15.9,https://fred.stlouisfed.org/graph/fredgraph.csv?id=CPIAUCNS,2026-10-08
us_cpi_fred,1931-02-01,1931-03-15,15.7,https://fred.stlouisfed.org/graph/fredgraph.csv?id=CPIAUCNS,2026-10-08
us_cpi_fred,1931-03-01,1931-04-15,15.6,https://fred.stlouisfed.org/graph/fredgraph.csv?id=CPIAUCNS,2026-10-08
us_cpi_fred,1931-04-01,1931-05-15,15.5,https://fred.stlouisfed.org/graph/fredgraph.csv?id=CPIAUCNS,2026-10-08
us_cpi_fred,1931-05-01,1931-06-15,15.3,https://fred.stlouisfed.org/graph/fredgraph.csv?id=CPIAUCNS,2026-10-08
us_cpi_fred,1931-06-01,1931-07-15,15.1,https://fred.stlouisfed.org/graph/fredgraph.csv?id=CPIAUCNS,2026-10-08
us_cpi_fred,1931-07-01,1931-08-15,15.1,https://fred.stlouisfed.org/graph/fredgraph.csv?id=CPIAUCNS,2026-10-08
us_cpi_fred,1931-08-01,1931-09-15,15.1,https://fred.stlouisfed.org/graph/fredgraph.csv?id=CPIAUCNS,2026-10-08
us_cpi_fred,1931-09-01,1931-10-15,15.0,https://fred.stlouisfed.org/graph/fredgraph.csv?id=CPIAUCNS,2026-10-08
us_cpi_fred,1931-10-01,1931-11-15,14.9,https://fred.stlouisfed.org/graph/fredgraph.csv?id=CPIAUCNS,2026-10-08
us_cpi_fred,1931-11-01,1931-12-15,14.7,https://fred.stlouisfed.org/graph/fredgraph.csv?id=CPIAUCNS,2026-10-08
us_cpi_fred,1931-12-01,1932-01-15,14.6,https://fred.stlouisfed.org/graph/fredgraph.csv?id=CPIAUCNS,2026-10-08
us_cpi_fred,1932-01-01,1932-02-15,14.3,https://fred.stlouisfed.org/graph/fredgraph.csv?id=CPIAUCNS,2026-10-08
us_cpi_fred,1932-02-01,1932-03-15,14.1,https://fred.stlouisfed.org/graph/fredgraph.csv?id=CPIAUCNS,2026-10-08
us_cpi_fred,1932-03-01,1932-04-15,14.0,https://fred.stlouisfed.org/graph/fredgraph.csv?id=CPIAUCNS,2026-10-08
us_cpi_fred,1932-04-01,1932-05-15,13.9,https://fred.stlouisfed.org/graph/fredgraph.csv?id=CPIAUCNS,2026-10-08
us_cpi_fred,1932-05-01,1932-06-15,13.7,https://fred.stlouisfed.org/graph/fredgraph.csv?id=CPIAUCNS,2026-10-08
us_cpi_fred,1932-06-01,1932-07-15,13.6,https://fred.stlouisfed.org/graph/fredgraph.csv?id=CPIAUCNS,2026-10-08
us_cpi_fred,1932-07-01,1932-08-15,13.6,https://fred.stlouisfed.org/graph/fredgraph.csv?id=CPIAUCNS,2026-10-08
us_cpi_fred,1932-08-01,1932-09-15,13.5,https://fred.stlouisfed.org/graph/fredgraph.csv?id=CPIAUCNS,2026-10-08
us_cpi_fred,1932-09-01,1932-10-15,13.4,https://fred.stlouisfed.org/graph/fredgraph.csv?id=CPIAUCNS,2026-10-08
us_cpi_fred,1932-10-01,1932-11-15,13.3,https://fred.stlouisfed.org/graph/fredgraph.csv?id=CPIAUCNS,2026-10-08
us_cpi_fred,1932-11-01,1932-12-15,13.2,https://fred.stlouisfed.org/graph/fredgraph.csv?id=CPIAUCNS,2026-10-08
us_cpi_fred,1932-12-01,1933-01-15,13.1,https://fred.stlouisfed.org/graph/fredgraph.csv?id=CPIAUCNS,2026-10-08
us_cpi_fred,1933-01-01,1933-02-15,12.9,https://fred.stlouisfed.org/graph/fredgraph.csv?id=CPIAUCNS,2026-10-08
us_cpi_fred,1933-02-01,1933-03-15,12.7,https://fred.stlouisfed.org/graph/fredgraph.csv?id=CPIAUCNS,2026-10-08
us_cpi_fred,1933-03-01,1933-04-15,12.6,https://fred.stlouisfed.org/graph/fredgraph.csv?id=CPIAUCNS,2026-10-08
us_cpi_fred,1933-04-01,1933-05-15,12.6,https://fred.stlouisfed.org/graph/fredgraph.csv?id=CPIAUCNS,2026-10-08
us_cpi_fred,1933-05-01,1933-06-15,12.6,https://fred.stlouisfed.org/graph/fredgraph.csv?id=CPIAUCNS,2026-10-08
us_cpi_fred,1933-06-01,1933-07-15,12.7,https://fred.stlouisfed.org/graph/fredgraph.csv?id=CPIAUCNS,2026-10-08
us_cpi_fred,1933-07-01,1933-08-15,13.1,https://fred.stlouisfed.org/graph/fredgraph.csv?id=CPIAUCNS,2026-10-08
us_cpi_fred,1933-08-01,1933-09-15,13.2,https://fred.stlouisfed.org/graph/fredgraph.csv?id=CPIAUCNS,2026-10-08
us_cpi_fred,1933-09-01,1933-10-15,13.2,https://fred.stlouisfed.org/graph/fredgraph.csv?id=CPIAUCNS,2026-10-08
us_cpi_fred,1933-10-01,1933-11-15,13.2,https://fred.stlouisfed.org/graph/fredgraph.csv?id=CPIAUCNS,2026-10-08
us_cpi_fred,1933-11-01,1933-12-15,13.2,https://fred.stlouisfed.org/graph/fredgraph.csv?id=CPIAUCNS,2026-10-08
us_cpi_fred,1933-12-01,1934-01-15,13.2,https://fred.stlouisfed.org/graph/fredgraph.csv?id=CPIAUCNS,2026-10-08
us_cpi_fred,1934-01-01,1934-02-15,13.2,https://fred.stlouisfed.org/graph/fredgraph.csv?id=CPIAUCNS,2026-10-08
us_cpi_fred,1934-02-01,1934-03-15,13.3,https://fred.stlouisfed.org/graph/fredgraph.csv?id=CPIAUCNS,2026-10-08
us_cpi_fred,1934-03-01,1934-04-15,13.3,https://fred.stlouisfed.org/graph/fredgraph.csv?id=CPIAUCNS,2026-10-08
us_cpi_fred,1934-04-01,1934-05-15,13.3,https://fred.stlouisfed.org/graph/fredgraph.csv?id=CPIAUCNS,2026-10-08
us_cpi_fred,1934-05-01,1934-06-15,13.3,https://fred.stlouisfed.org/graph/fredgraph.csv?id=CPIAUCNS,2026-10-08
us_cpi_fred,1934-06-01,1934-07-15,13.4,https://fred.stlouisfed.org/graph/fredgraph.csv?id=CPIAUCNS,2026-10-08
us_cpi_fred,1934-07-01,1934-08-15,13.4,https://fred.stlouisfed.org/graph/fredgraph.csv?id=CPIAUCNS,2026-10-08
us_cpi_fred,1934-08-01,1934-09-15,13.4,https://fred.stlouisfed.org/graph/fredgraph.csv?id=CPIAUCNS,2026-10-08
us_cpi_fred,1934-09-01,1934-10-15,13.6,https://fred.stlouisfed.org/graph/fredgraph.csv?id=CPIAUCNS,2026-10-08
us_cpi_fred,1934-10-01,1934-11-15,13.5,https://fred.stlouisfed.org/graph/fredgraph.csv?id=CPIAUCNS,2026-10-08
us_cpi_fred,1934-11-01,1934-12-15,13.5,https://fred.stlouisfed.org/graph/fredgraph.csv?id=CPIAUCNS,2026-10-08
us_cpi_fred,1934-12-01,1935-01-15,13.4,https://fred.stlouisfed.org/graph/fredgraph.csv?id=CPIAUCNS,2026-10-08
us_cpi_fred,1935-01-01,1935-02-15,13.6,https://fred.stlouisfed.org/graph/fredgraph.csv?id=CPIAUCNS,2026-10-08
us_cpi_fred,1935-02-01,1935-03-15,13.7,https://fred.stlouisfed.org/graph/fredgraph.csv?id=CPIAUCNS,2026-10-08
us_cpi_fred,1935-03-01,1935-04-15,13.7,https://fred.stlouisfed.org/graph/fredgraph.csv?id=CPIAUCNS,2026-10-08
us_cpi_fred,1935-04-01,1935-05-15,13.8,https://fred.stlouisfed.org/graph/fredgraph.csv?id=CPIAUCNS,2026-10-08
us_cpi_fred,1935-05-01,1935-06-15,13.8,https://fred.stlouisfed.org/graph/fredgraph.csv?id=CPIAUCNS,2026-10-08
us_cpi_fred,1935-06-01,1935-07-15,13.7,https://fred.stlouisfed.org/graph/fredgraph.csv?id=CPIAUCNS,2026-10-08
us_cpi_fred,1935-07-01,1935-08-15,13.7,https://fred.stlouisfed.org/graph/fredgraph.csv?id=CPIAUCNS,2026-10-08
us_cpi_fred,1935-08-01,1935-09-15,13.7,https://fred.stlouisfed.org/graph/fredgraph.csv?id=CPIAUCNS,2026-10-08
us_cpi_fred,1935-09-01,1935-10-15,13.7,https://fred.stlouisfed.org/graph/fredgraph.csv?id=CPIAUCNS,2026-10-08
us_cpi_fred,1935-10-01,1935-11-15,13.7,https://fred.stlouisfed.org/graph/fredgraph.csv?id=CPIAUCNS,2026-10-08
us_cpi_fred,1935-11-01,1935-12-15,13.8,https://fred.stlouisfed.org/graph/fredgraph.csv?id=CPIAUCNS,2026-10-08
us_cpi_fred,1935-12-01,1936-01-15,13.8,https://fred.stlouisfed.org/graph/fredgraph.csv?id=CPIAUCNS,2026-10-08
us_cpi_fred,1936-01-01,1936-02-15,13.8,https://fred.stlouisfed.org/graph/fredgraph.csv?id=CPIAUCNS,2026-10-08
us_cpi_fred,1936-02-01,1936-03-15,13.8,https://fred.stlouisfed.org/graph/fredgraph.csv?id=CPIAUCNS,2026-10-08
us_cpi_fred,1936-03-01,1936-04-15,13.7,https://fred.stlouisfed.org/graph/fredgraph.csv?id=CPIAUCNS,2026-10-08
us_cpi_fred,1936-04-01,1936-05-15,13.7,https://fred.stlouisfed.org/graph/fredgraph.csv?id=CPIAUCNS,2026-10-08
us_cpi_fred,1936-05-01,1936-06-15,13.7,https://fred.stlouisfed.org/graph/fredgraph.csv?id=CPIAUCNS,2026-10-08
us_cpi_fred,1936-06-01,1936-07-15,13.8,https://fred.stlouisfed.org/graph/fredgraph.csv?id=CPIAUCNS,2026-10-08
us_cpi_fred,1936-07-01,1936-08-15,13.9,https://fred.stlouisfed.org/graph/fredgraph.csv?id=CPIAUCNS,2026-10-08
us_cpi_fred,1936-08-01,1936-09-15,14.0,https://fred.stlouisfed.org/graph/fredgraph.csv?id=CPIAUCNS,2026-10-08
us_cpi_fred,1936-09-01,1936-10-15,14.0,https://fred.stlouisfed.org/graph/fredgraph.csv?id=CPIAUCNS,2026-10-08
us_cpi_fred,1936-10-01,1936-11-15,14.0,https://fred.stlouisfed.org/graph/fredgraph.csv?id=CPIAUCNS,2026-10-08
us_cpi_fred,1936-11-01,1936-12-15,14.0,https://fred.stlouisfed.org/graph/fredgraph.csv?id=CPIAUCNS,2026-10-08
us_cpi_fred,1936-12-01,1937-01-15,14.0,https://fred.stlouisfed.org/graph/fredgraph.csv?id=CPIAUCNS,2026-10-08
us_cpi_fred,1937-01-01,1937-02-15,14.1,https://fred.stlouisfed.org/graph/fredgraph.csv?id=CPIAUCNS,2026-10-08
us_cpi_fred,1937-02-01,1937-03-15,14.1,https://fred.stlouisfed.org/graph/fredgraph.csv?id=CPIAUCNS,2026-10-08
us_cpi_fred,1937-03-01,1937-04-15,14.2,https://fred.stlouisfed.org/graph/fredgraph.csv?id=CPIAUCNS,2026-10-08
us_cpi_fred,1937-04-01,1937-05-15,14.3,https://fred.stlouisfed.org/graph/fredgraph.csv?id=CPIAUCNS,2026-10-08
us_cpi_fred,1937-05-01,1937-06-15,14.4,https://fred.stlouisfed.org/graph/fredgraph.csv?id=CPIAUCNS,2026-10-08
us_cpi_fred,1937-06-01,1937-07-15,14.4,https://fred.stlouisfed.org/graph/fredgraph.csv?id=CPIAUCNS,2026-10-08
us_cpi_fred,1937-07-01,1937-08-15,14.5,https://fred.stlouisfed.org/graph/fredgraph.csv?id=CPIAUCNS,2026-10-08
us_cpi_fred,1937-08-01,1937-09-15,14.5,https://fred.stlouisfed.org/graph/fredgraph.csv?id=CPIAUCNS,2026-10-08
us_cpi_fred,1937-09-01,1937-10-15,14.6,https://fred.stlouisfed.org/graph/fredgraph.csv?id=CPIAUCNS,2026-10-08
us_cpi_fred,1937-10-01,1937-11-15,14.6,https://fred.stlouisfed.org/graph/fredgraph.csv?id=CPIAUCNS,2026-10-08
us_cpi_fred,1937-11-01,1937-12-15,14.5,https://fred.stlouisfed.org/graph/fredgraph.csv?id=CPIAUCNS,2026-10-08
us_cpi_fred,1937-12-01,1938-01-15,14.4,https://fred.stlouisfed.org/graph/fredgraph.csv?id=CPIAUCNS,2026-10-08
us_cpi_fred,1938-01-01,1938-02-15,14.2,https://fred.stlouisfed.org/graph/fredgraph.csv?id=CPIAUCNS,2026-10-08
us_cpi_fred,1938-02-01,1938-03-15,14.1,https://fred.stlouisfed.org/graph/fredgraph.csv?id=CPIAUCNS,2026-10-08
us_cpi_fred,1938-03-01,1938-04-15,14.1,https://fred.stlouisfed.org/graph/fredgraph.csv?id=CPIAUCNS,2026-10-08
us_cpi_fred,1938-04-01,1938-05-15,14.2,https://fred.stlouisfed.org/graph/fredgraph.csv?id=CPIAUCNS,2026-10-08
us_cpi_fred,1938-05-01,1938-06-15,14.1,https://fred.stlouisfed.org/graph/fredgraph.csv?id=CPIAUCNS,2026-10-08
us_cpi_fred,1938-06-01,1938-07-15,14.1,https://fred.stlouisfed.org/graph/fredgraph.csv?id=CPIAUCNS,2026-10-08
us_cpi_fred,1938-07-01,1938-08-15,14.1,https://fred.stlouisfed.org/graph/fredgraph.csv?id=CPIAUCNS,2026-10-08
us_cpi_fred,1938-08-01,1938-09-15,14.1,https://fred.stlouisfed.org/graph/fredgraph.csv?id=CPIAUCNS,2026-10-08
us_cpi_fred,1938-09-01,1938-10-15,14.1,https://fred.stlouisfed.org/graph/fredgraph.csv?id=CPIAUCNS,2026-10-08
us_cpi_fred,1938-10-01,1938-11-15,14.0,https://fred.stlouisfed.org/graph/fredgraph.csv?id=CPIAUCNS,2026-10-08
us_cpi_fred,1938-11-01,1938-12-15,14.0,https://fred.stlouisfed.org/graph/fredgraph.csv?id=CPIAUCNS,2026-10-08
us_cpi_fred,1938-12-01,1939-01-15,14.0,https://fred.stlouisfed.org/graph/fredgraph.csv?id=CPIAUCNS,2026-10-08
us_cpi_fred,1939-01-01,1939-02-15,14.0,https://fred.stlouisfed.org/graph/fredgraph.csv?id=CPIAUCNS,2026-10-08
us_cpi_fred,1939-02-01,1939-03-15,13.9,https://fred.stlouisfed.org/graph/fredgraph.csv?id=CPIAUCNS,2026-10-08
us_cpi_fred,1939-03-01,1939-04-15,13.9,https://fred.stlouisfed.org/graph/fredgraph.csv?id=CPIAUCNS,2026-10-08
us_cpi_fred,1939-04-01,1939-05-15,13.8,https://fred.stlouisfed.org/graph/fredgraph.csv?id=CPIAUCNS,2026-10-08
us_cpi_fred,1939-05-01,1939-06-15,13.8,https://fred.stlouisfed.org/graph/fredgraph.csv?id=CPIAUCNS,2026-10-08
us_cpi_fred,1939-06-01,1939-07-15,13.8,https://fred.stlouisfed.org/graph/fredgraph.csv?id=CPIAUCNS,2026-10-08
us_cpi_fred,1939-07-01,1939-08-15,13.8,https://fred.stlouisfed.org/graph/fredgraph.csv?id=CPIAUCNS,2026-10-08
us_cpi_fred,1939-08-01,1939-09-15,13.8,https://fred.stlouisfed.org/graph/fredgraph.csv?id=CPIAUCNS,2026-10-08
us_cpi_fred,1939-09-01,1939-10-15,14.1,https://fred.stlouisfed.org/graph/fredgraph.csv?id=CPIAUCNS,2026-10-08
us_cpi_fred,1939-10-01,1939-11-15,14.0,https://fred.stlouisfed.org/graph/fredgraph.csv?id=CPIAUCNS,2026-10-08
us_cpi_fred,1939-11-01,1939-12-15,14.0,https://fred.stlouisfed.org/graph/fredgraph.csv?id=CPIAUCNS,2026-10-08
us_cpi_fred,1939-12-01,1940-01-15,14.0,https://fred.stlouisfed.org/graph/fredgraph.csv?id=CPIAUCNS,2026-10-08
us_cpi_fred,1940-01-01,1940-02-15,13.9,https://fred.stlouisfed.org/graph/fredgraph.csv?id=CPIAUCNS,2026-10-08
us_cpi_fred,1940-02-01,1940-03-15,14.0,https://fred.stlouisfed.org/graph/fredgraph.csv?id=CPIAUCNS,2026-10-08
us_cpi_fred,1940-03-01,1940-04-15,14.0,https://fred.stlouisfed.org/graph/fredgraph.csv?id=CPIAUCNS,2026-10-08
us_cpi_fred,1940-04-01,1940-05-15,14.0,https://fred.stlouisfed.org/graph/fredgraph.csv?id=CPIAUCNS,2026-10-08
us_cpi_fred,1940-05-01,1940-06-15,14.0,https://fred.stlouisfed.org/graph/fredgraph.csv?id=CPIAUCNS,2026-10-08
us_cpi_fred,1940-06-01,1940-07-15,14.1,https://fred.stlouisfed.org/graph/fredgraph.csv?id=CPIAUCNS,2026-10-08
us_cpi_fred,1940-07-01,1940-08-15,14.0,https://fred.stlouisfed.org/graph/fredgraph.csv?id=CPIAUCNS,2026-10-08
us_cpi_fred,1940-08-01,1940-09-15,14.0,https://fred.stlouisfed.org/graph/fredgraph.csv?id=CPIAUCNS,2026-10-08
us_cpi_fred,1940-09-01,1940-10-15,14.0,https://fred.stlouisfed.org/graph/fredgraph.csv?id=CPIAUCNS,2026-10-08
us_cpi_fred,1940-10-01,1940-11-15,14.0,https://fred.stlouisfed.org/graph/fredgraph.csv?id=CPIAUCNS,2026-10-08
us_cpi_fred,1940-11-01,1940-12-15,14.0,https://fred.stlouisfed.org/graph/fredgraph.csv?id=CPIAUCNS,2026-10-08
us_cpi_fred,1940-12-01,1941-01-15,14.1,https://fred.stlouisfed.org/graph/fredgraph.csv?id=CPIAUCNS,2026-10-08
us_cpi_fred,1941-01-01,1941-02-15,14.1,https://fred.stlouisfed.org/graph/fredgraph.csv?id=CPIAUCNS,2026-10-08
us_cpi_fred,1941-02-01,1941-03-15,14.1,https://fred.stlouisfed.org/graph/fredgraph.csv?id=CPIAUCNS,2026-10-08
us_cpi_fred,1941-03-01,1941-04-15,14.2,https://fred.stlouisfed.org/graph/fredgraph.csv?id=CPIAUCNS,2026-10-08
us_cpi_fred,1941-04-01,1941-05-15,14.3,https://fred.stlouisfed.org/graph/fredgraph.csv?id=CPIAUCNS,2026-10-08
us_cpi_fred,1941-05-01,1941-06-15,14.4,https://fred.stlouisfed.org/graph/fredgraph.csv?id=CPIAUCNS,2026-10-08
us_cpi_fred,1941-06-01,1941-07-15,14.7,https://fred.stlouisfed.org/graph/fredgraph.csv?id=CPIAUCNS,2026-10-08
us_cpi_fred,1941-07-01,1941-08-15,14.7,https://fred.stlouisfed.org/graph/fredgraph.csv?id=CPIAUCNS,2026-10-08
us_cpi_fred,1941-08-01,1941-09-15,14.9,https://fred.stlouisfed.org/graph/fredgraph.csv?id=CPIAUCNS,2026-10-08
us_cpi_fred,1941-09-01,1941-10-15,15.1,https://fred.stlouisfed.org/graph/fredgraph.csv?id=CPIAUCNS,2026-10-08
us_cpi_fred,1941-10-01,1941-11-15,15.3,https://fred.stlouisfed.org/graph/fredgraph.csv?id=CPIAUCNS,2026-10-08
us_cpi_fred,1941-11-01,1941-12-15,15.4,https://fred.stlouisfed.org/graph/fredgraph.csv?id=CPIAUCNS,2026-10-08
us_cpi_fred,1941-12-01,1942-01-15,15.5,https://fred.stlouisfed.org/graph/fredgraph.csv?id=CPIAUCNS,2026-10-08
us_cpi_fred,1942-01-01,1942-02-15,15.7,https://fred.stlouisfed.org/graph/fredgraph.csv?id=CPIAUCNS,2026-10-08
us_cpi_fred,1942-02-01,1942-03-15,15.8,https://fred.stlouisfed.org/graph/fredgraph.csv?id=CPIAUCNS,2026-10-08
us_cpi_fred,1942-03-01,1942-04-15,16.0,https://fred.stlouisfed.org/graph/fredgraph.csv?id=CPIAUCNS,2026-10-08
us_cpi_fred,1942-04-01,1942-05-15,16.1,https://fred.stlouisfed.org/graph/fredgraph.csv?id=CPIAUCNS,2026-10-08
us_cpi_fred,1942-05-01,1942-06-15,16.3,https://fred.stlouisfed.org/graph/fredgraph.csv?id=CPIAUCNS,2026-10-08
us_cpi_fred,1942-06-01,1942-07-15,16.3,https://fred.stlouisfed.org/graph/fredgraph.csv?id=CPIAUCNS,2026-10-08
us_cpi_fred,1942-07-01,1942-08-15,16.4,https://fred.stlouisfed.org/graph/fredgraph.csv?id=CPIAUCNS,2026-10-08
us_cpi_fred,1942-08-01,1942-09-15,16.5,https://fred.stlouisfed.org/graph/fredgraph.csv?id=CPIAUCNS,2026-10-08
us_cpi_fred,1942-09-01,1942-10-15,16.5,https://fred.stlouisfed.org/graph/fredgraph.csv?id=CPIAUCNS,2026-10-08
us_cpi_fred,1942-10-01,1942-11-15,16.7,https://fred.stlouisfed.org/graph/fredgraph.csv?id=CPIAUCNS,2026-10-08
us_cpi_fred,1942-11-01,1942-12-15,16.8,https://fred.stlouisfed.org/graph/fredgraph.csv?id=CPIAUCNS,2026-10-08
us_cpi_fred,1942-12-01,1943-01-15,16.9,https://fred.stlouisfed.org/graph/fredgraph.csv?id=CPIAUCNS,2026-10-08
us_cpi_fred,1943-01-01,1943-02-15,16.9,https://fred.stlouisfed.org/graph/fredgraph.csv?id=CPIAUCNS,2026-10-08
us_cpi_fred,1943-02-01,1943-03-15,16.9,https://fred.stlouisfed.org/graph/fredgraph.csv?id=CPIAUCNS,2026-10-08
us_cpi_fred,1943-03-01,1943-04-15,17.2,https://fred.stlouisfed.org/graph/fredgraph.csv?id=CPIAUCNS,2026-10-08
us_cpi_fred,1943-04-01,1943-05-15,17.4,https://fred.stlouisfed.org/graph/fredgraph.csv?id=CPIAUCNS,2026-10-08
us_cpi_fred,1943-05-01,1943-06-15,17.5,https://fred.stlouisfed.org/graph/fredgraph.csv?id=CPIAUCNS,2026-10-08
us_cpi_fred,1943-06-01,1943-07-15,17.5,https://fred.stlouisfed.org/graph/fredgraph.csv?id=CPIAUCNS,2026-10-08
us_cpi_fred,1943-07-01,1943-08-15,17.4,https://fred.stlouisfed.org/graph/fredgraph.csv?id=CPIAUCNS,2026-10-08
us_cpi_fred,1943-08-01,1943-09-15,17.3,https://fred.stlouisfed.org/graph/fredgraph.csv?id=CPIAUCNS,2026-10-08
us_cpi_fred,1943-09-01,1943-10-15,17.4,https://fred.stlouisfed.org/graph/fredgraph.csv?id=CPIAUCNS,2026-10-08
us_cpi_fred,1943-10-01,1943-11-15,17.4,https://fred.stlouisfed.org/graph/fredgraph.csv?id=CPIAUCNS,2026-10-08
us_cpi_fred,1943-11-01,1943-12-15,17.4,https://fred.stlouisfed.org/graph/fredgraph.csv?id=CPIAUCNS,2026-10-08
us_cpi_fred,1943-12-01,1944-01-15,17.4,https://fred.stlouisfed.org/graph/fredgraph.csv?id=CPIAUCNS,2026-10-08
us_cpi_fred,1944-01-01,1944-02-15,17.4,https://fred.stlouisfed.org/graph/fredgraph.csv?id=CPIAUCNS,2026-10-08
us_cpi_fred,1944-02-01,1944-03-15,17.4,https://fred.stlouisfed.org/graph/fredgraph.csv?id=CPIAUCNS,2026-10-08
us_cpi_fred,1944-03-01,1944-04-15,17.4,https://fred.stlouisfed.org/graph/fredgraph.csv?id=CPIAUCNS,2026-10-08
us_cpi_fred,1944-04-01,1944-05-15,17.5,https://fred.stlouisfed.org/graph/fredgraph.csv?id=CPIAUCNS,2026-10-08
us_cpi_fred,1944-05-01,1944-06-15,17.5,https://fred.stlouisfed.org/graph/fredgraph.csv?id=CPIAUCNS,2026-10-08
us_cpi_fred,1944-06-01,1944-07-15,17.6,https://fred.stlouisfed.org/graph/fredgraph.csv?id=CPIAUCNS,2026-10-08
us_cpi_fred,1944-07-01,1944-08-15,17.7,https://fred.stlouisfed.org/graph/fredgraph.csv?id=CPIAUCNS,2026-10-08
us_cpi_fred,1944-08-01,1944-09-15,17.7,https://fred.stlouisfed.org/graph/fredgraph.csv?id=CPIAUCNS,2026-10-08
us_cpi_fred,1944-09-01,1944-10-15,17.7,https://fred.stlouisfed.org/graph/fredgraph.csv?id=CPIAUCNS,2026-10-08
us_cpi_fred,1944-10-01,1944-11-15,17.7,https://fred.stlouisfed.org/graph/fredgraph.csv?id=CPIAUCNS,2026-10-08
us_cpi_fred,1944-11-01,1944-12-15,17.7,https://fred.stlouisfed.org/graph/fredgraph.csv?id=CPIAUCNS,2026-10-08
us_cpi_fred,1944-12-01,1945-01-15,17.8,https://fred.stlouisfed.org/graph/fredgraph.csv?id=CPIAUCNS,2026-10-08
us_cpi_fred,1945-01-01,1945-02-15,17.8,https://fred.stlouisfed.org/graph/fredgraph.csv?id=CPIAUCNS,2026-10-08
us_cpi_fred,1945-02-01,1945-03-15,17.8,https://fred.stlouisfed.org/graph/fredgraph.csv?id=CPIAUCNS,2026-10-08
us_cpi_fred,1945-03-01,1945-04-15,17.8,https://fred.stlouisfed.org/graph/fredgraph.csv?id=CPIAUCNS,2026-10-08
us_cpi_fred,1945-04-01,1945-05-15,17.8,https://fred.stlouisfed.org/graph/fredgraph.csv?id=CPIAUCNS,2026-10-08
us_cpi_fred,1945-05-01,1945-06-15,17.9,https://fred.stlouisfed.org/graph/fredgraph.csv?id=CPIAUCNS,2026-10-08
us_cpi_fred,1945-06-01,1945-07-15,18.1,https://fred.stlouisfed.org/graph/fredgraph.csv?id=CPIAUCNS,2026-10-08
us_cpi_fred,1945-07-01,1945-08-15,18.1,https://fred.stlouisfed.org/graph/fredgraph.csv?id=CPIAUCNS,2026-10-08
us_cpi_fred,1945-08-01,1945-09-15,18.1,https://fred.stlouisfed.org/graph/fredgraph.csv?id=CPIAUCNS,2026-10-08
us_cpi_fred,1945-09-01,1945-10-15,18.1,https://fred.stlouisfed.org/graph/fredgraph.csv?id=CPIAUCNS,2026-10-08
us_cpi_fred,1945-10-01,1945-11-15,18.1,https://fred.stlouisfed.org/graph/fredgraph.csv?id=CPIAUCNS,2026-10-08
us_cpi_fred,1945-11-01,1945-12-15,18.1,https://fred.stlouisfed.org/graph/fredgraph.csv?id=CPIAUCNS,2026-10-08
us_cpi_fred,1945-12-01,1946-01-15,18.2,https://fred.stlouisfed.org/graph/fredgraph.csv?id=CPIAUCNS,2026-10-08
us_cpi_fred,1946-01-01,1946-02-15,18.2,https://fred.stlouisfed.org/graph/fredgraph.csv?id=CPIAUCNS,2026-10-08
us_cpi_fred,1946-02-01,1946-03-15,18.1,https://fred.stlouisfed.org/graph/fredgraph.csv?id=CPIAUCNS,2026-10-08
us_cpi_fred,1946-03-01,1946-04-15,18.3,https://fred.stlouisfed.org/graph/fredgraph.csv?id=CPIAUCNS,2026-10-08
us_cpi_fred,1946-04-01,1946-05-15,18.4,https://fred.stlouisfed.org/graph/fredgraph.csv?id=CPIAUCNS,2026-10-08
us_cpi_fred,1946-05-01,1946-06-15,18.5,https://fred.stlouisfed.org/graph/fredgraph.csv?id=CPIAUCNS,2026-10-08
us_cpi_fred,1946-06-01,1946-07-15,18.7,https://fred.stlouisfed.org/graph/fredgraph.csv?id=CPIAUCNS,2026-10-08
us_cpi_fred,1946-07-01,1946-08-15,19.8,https://fred.stlouisfed.org/graph/fredgraph.csv?id=CPIAUCNS,2026-10-08
us_cpi_fred,1946-08-01,1946-09-15,20.2,https://fred.stlouisfed.org/graph/fredgraph.csv?id=CPIAUCNS,2026-10-08
us_cpi_fred,1946-09-01,1946-10-15,20.4,https://fred.stlouisfed.org/graph/fredgraph.csv?id=CPIAUCNS,2026-10-08
us_cpi_fred,1946-10-01,1946-11-15,20.8,https://fred.stlouisfed.org/graph/fredgraph.csv?id=CPIAUCNS,2026-10-08
us_cpi_fred,1946-11-01,1946-12-15,21.3,https://fred.stlouisfed.org/graph/fredgraph.csv?id=CPIAUCNS,2026-10-08
us_cpi_fred,1946-12-01,1947-01-15,21.5,https://fred.stlouisfed.org/graph/fredgraph.csv?id=CPIAUCNS,2026-10-08
us_cpi_fred,1947-01-01,1947-02-15,21.5,https://fred.stlouisfed.org/graph/fredgraph.csv?id=CPIAUCNS,2026-10-08
us_cpi_fred,1947-02-01,1947-03-15,21.5,https://fred.stlouisfed.org/graph/fredgraph.csv?id=CPIAUCNS,2026-10-08
us_cpi_fred,1947-03-01,1947-04-15,21.9,https://fred.stlouisfed.org/graph/fredgraph.csv?id=CPIAUCNS,2026-10-08
us_cpi_fred,1947-04-01,1947-05-15,21.9,https://fred.stlouisfed.org/graph/fredgraph.csv?id=CPIAUCNS,2026-10-08
us_cpi_fred,1947-05-01,1947-06-15,21.9,https://fred.stlouisfed.org/graph/fredgraph.csv?id=CPIAUCNS,2026-10-08
us_cpi_fred,1947-06-01,1947-07-15,22.0,https://fred.stlouisfed.org/graph/fredgraph.csv?id=CPIAUCNS,2026-10-08
us_cpi_fred,1947-07-01,1947-08-15,22.2,https://fred.stlouisfed.org/graph/fredgraph.csv?id=CPIAUCNS,2026-10-08
us_cpi_fred,1947-08-01,1947-09-15,22.5,https://fred.stlouisfed.org/graph/fredgraph.csv?id=CPIAUCNS,2026-10-08
us_cpi_fred,1947-09-01,1947-10-15,23.0,https://fred.stlouisfed.org/graph/fredgraph.csv?id=CPIAUCNS,2026-10-08
us_cpi_fred,1947-10-01,1947-11-15,23.0,https://fred.stlouisfed.org/graph/fredgraph.csv?id=CPIAUCNS,2026-10-08
us_cpi_fred,1947-11-01,1947-12-15,23.1,https://fred.stlouisfed.org/graph/fredgraph.csv?id=CPIAUCNS,2026-10-08
us_cpi_fred,1947-12-01,1948-01-15,23.4,https://fred.stlouisfed.org/graph/fredgraph.csv?id=CPIAUCNS,2026-10-08
us_cpi_fred,1948-01-01,1948-02-15,23.7,https://fred.stlouisfed.org/graph/fredgraph.csv?id=CPIAUCNS,2026-10-08
us_cpi_fred,1948-02-01,1948-03-15,23.5,https://fred.stlouisfed.org/graph/fredgraph.csv?id=CPIAUCNS,2026-10-08
us_cpi_fred,1948-03-01,1948-04-15,23.4,https://fred.stlouisfed.org/graph/fredgraph.csv?id=CPIAUCNS,2026-10-08
us_cpi_fred,1948-04-01,1948-05-15,23.8,https://fred.stlouisfed.org/graph/fredgraph.csv?id=CPIAUCNS,2026-10-08
us_cpi_fred,1948-05-01,1948-06-15,23.9,https://fred.stlouisfed.org/graph/fredgraph.csv?id=CPIAUCNS,2026-10-08
us_cpi_fred,1948-06-01,1948-07-15,24.1,https://fred.stlouisfed.org/graph/fredgraph.csv?id=CPIAUCNS,2026-10-08
us_cpi_fred,1948-07-01,1948-08-15,24.4,https://fred.stlouisfed.org/graph/fredgraph.csv?id=CPIAUCNS,2026-10-08
us_cpi_fred,1948-08-01,1948-09-15,24.5,https://fred.stlouisfed.org/graph/fredgraph.csv?id=CPIAUCNS,2026-10-08
us_cpi_fred,1948-09-01,1948-10-15,24.5,https://fred.stlouisfed.org/graph/fredgraph.csv?id=CPIAUCNS,2026-10-08
us_cpi_fred,1948-10-01,1948-11-15,24.4,https://fred.stlouisfed.org/graph/fredgraph.csv?id=CPIAUCNS,2026-10-08
us_cpi_fred,1948-11-01,1948-12-15,24.2,https://fred.stlouisfed.org/graph/fredgraph.csv?id=CPIAUCNS,2026-10-08
us_cpi_fred,1948-12-01,1949-01-15,24.1,https://fred.stlouisfed.org/graph/fredgraph.csv?id=CPIAUCNS,2026-10-08
us_cpi_fred,1949-01-01,1949-02-15,24.0,https://fred.stlouisfed.org/graph/fredgraph.csv?id=CPIAUCNS,2026-10-08
us_cpi_fred,1949-02-01,1949-03-15,23.8,https://fred.stlouisfed.org/graph/fredgraph.csv?id=CPIAUCNS,2026-10-08
us_cpi_fred,1949-03-01,1949-04-15,23.8,https://fred.stlouisfed.org/graph/fredgraph.csv?id=CPIAUCNS,2026-10-08
us_cpi_fred,1949-04-01,1949-05-15,23.9,https://fred.stlouisfed.org/graph/fredgraph.csv?id=CPIAUCNS,2026-10-08
us_cpi_fred,1949-05-01,1949-06-15,23.8,https://fred.stlouisfed.org/graph/fredgraph.csv?id=CPIAUCNS,2026-10-08
us_cpi_fred,1949-06-01,1949-07-15,23.9,https://fred.stlouisfed.org/graph/fredgraph.csv?id=CPIAUCNS,2026-10-08
us_cpi_fred,1949-07-01,1949-08-15,23.7,https://fred.stlouisfed.org/graph/fredgraph.csv?id=CPIAUCNS,2026-10-08
us_cpi_fred,1949-08-01,1949-09-15,23.8,https://fred.stlouisfed.org/graph/fredgraph.csv?id=CPIAUCNS,2026-10-08
us_cpi_fred,1949-09-01,1949-10-15,23.9,https://fred.stlouisfed.org/graph/fredgraph.csv?id=CPIAUCNS,2026-10-08
us_cpi_fred,1949-10-01,1949-11-15,23.7,https://fred.stlouisfed.org/graph/fredgraph.csv?id=CPIAUCNS,2026-10-08
us_cpi_fred,1949-11-01,1949-12-15,23.8,https://fred.stlouisfed.org/graph/fredgraph.csv?id=CPIAUCNS,2026-10-08
us_cpi_fred,1949-12-01,1950-01-15,23.6,https://fred.stlouisfed.org/graph/fredgraph.csv?id=CPIAUCNS,2026-10-08
us_cpi_fred,1950-01-01,1950-02-15,23.5,https://fred.stlouisfed.org/graph/fredgraph.csv?id=CPIAUCNS,2026-10-08
us_cpi_fred,1950-02-01,1950-03-15,23.5,https://fred.stlouisfed.org/graph/fredgraph.csv?id=CPIAUCNS,2026-10-08
us_cpi_fred,1950-03-01,1950-04-15,23.6,https://fred.stlouisfed.org/graph/fredgraph.csv?id=CPIAUCNS,2026-10-08
us_cpi_fred,1950-04-01,1950-05-15,23.6,https://fred.stlouisfed.org/graph/fredgraph.csv?id=CPIAUCNS,2026-10-08
us_cpi_fred,1950-05-01,1950-06-15,23.7,https://fred.stlouisfed.org/graph/fredgraph.csv?id=CPIAUCNS,2026-10-08
us_cpi_fred,1950-06-01,1950-07-15,23.8,https://fred.stlouisfed.org/graph/fredgraph.csv?id=CPIAUCNS,2026-10-08
us_cpi_fred,1950-07-01,1950-08-15,24.1,https://fred.stlouisfed.org/graph/fredgraph.csv?id=CPIAUCNS,2026-10-08
us_cpi_fred,1950-08-01,1950-09-15,24.3,https://fred.stlouisfed.org/graph/fredgraph.csv?id=CPIAUCNS,2026-10-08
us_cpi_fred,1950-09-01,1950-10-15,24.4,https://fred.stlouisfed.org/graph/fredgraph.csv?id=CPIAUCNS,2026-10-08
us_cpi_fred,1950-10-01,1950-11-15,24.6,https://fred.stlouisfed.org/graph/fredgraph.csv?id=CPIAUCNS,2026-10-08
us_cpi_fred,1950-11-01,1950-12-15,24.7,https://fred.stlouisfed.org/graph/fredgraph.csv?id=CPIAUCNS,2026-10-08
us_cpi_fred,1950-12-01,1951-01-15,25.0,https://fred.stlouisfed.org/graph/fredgraph.csv?id=CPIAUCNS,2026-10-08
us_cpi_fred,1951-01-01,1951-02-15,25.4,https://fred.stlouisfed.org/graph/fredgraph.csv?id=CPIAUCNS,2026-10-08
us_cpi_fred,1951-02-01,1951-03-15,25.7,https://fred.stlouisfed.org/graph/fredgraph.csv?id=CPIAUCNS,2026-10-08
us_cpi_fred,1951-03-01,1951-04-15,25.8,https://fred.stlouisfed.org/graph/fredgraph.csv?id=CPIAUCNS,2026-10-08
us_cpi_fred,1951-04-01,1951-05-15,25.8,https://fred.stlouisfed.org/graph/fredgraph.csv?id=CPIAUCNS,2026-10-08
us_cpi_fred,1951-05-01,1951-06-15,25.9,https://fred.stlouisfed.org/graph/fredgraph.csv?id=CPIAUCNS,2026-10-08
us_cpi_fred,1951-06-01,1951-07-15,25.9,https://fred.stlouisfed.org/graph/fredgraph.csv?id=CPIAUCNS,2026-10-08
us_cpi_fred,1951-07-01,1951-08-15,25.9,https://fred.stlouisfed.org/graph/fredgraph.csv?id=CPIAUCNS,2026-10-08
us_cpi_fred,1951-08-01,1951-09-15,25.9,https://fred.stlouisfed.org/graph/fredgraph.csv?id=CPIAUCNS,2026-10-08
us_cpi_fred,1951-09-01,1951-10-15,26.1,https://fred.stlouisfed.org/graph/fredgraph.csv?id=CPIAUCNS,2026-10-08
us_cpi_fred,1951-10-01,1951-11-15,26.2,https://fred.stlouisfed.org/graph/fredgraph.csv?id=CPIAUCNS,2026-10-08
us_cpi_fred,1951-11-01,1951-12-15,26.4,https://fred.stlouisfed.org/graph/fredgraph.csv?id=CPIAUCNS,2026-10-08
us_cpi_fred,1951-12-01,1952-01-15,26.5,https://fred.stlouisfed.org/graph/fredgraph.csv?id=CPIAUCNS,2026-10-08
us_cpi_fred,1952-01-01,1952-02-15,26.5,https://fred.stlouisfed.org/graph/fredgraph.csv?id=CPIAUCNS,2026-10-08
us_cpi_fred,1952-02-01,1952-03-15,26.3,https://fred.stlouisfed.org/graph/fredgraph.csv?id=CPIAUCNS,2026-10-08
us_cpi_fred,1952-03-01,1952-04-15,26.3,https://fred.stlouisfed.org/graph/fredgraph.csv?id=CPIAUCNS,2026-10-08
us_cpi_fred,1952-04-01,1952-05-15,26.4,https://fred.stlouisfed.org/graph/fredgraph.csv?id=CPIAUCNS,2026-10-08
us_cpi_fred,1952-05-01,1952-06-15,26.4,https://fred.stlouisfed.org/graph/fredgraph.csv?id=CPIAUCNS,2026-10-08
us_cpi_fred,1952-06-01,1952-07-15,26.5,https://fred.stlouisfed.org/graph/fredgraph.csv?id=CPIAUCNS,2026-10-08
us_cpi_fred,1952-07-01,1952-08-15,26.7,https://fred.stlouisfed.org/graph/fredgraph.csv?id=CPIAUCNS,2026-10-08
us_cpi_fred,1952-08-01,1952-09-15,26.7,https://fred.stlouisfed.org/graph/fredgraph.csv?id=CPIAUCNS,2026-10-08
us_cpi_fred,1952-09-01,1952-10-15,26.7,https://fred.stlouisfed.org/graph/fredgraph.csv?id=CPIAUCNS,2026-10-08
us_cpi_fred,1952-10-01,1952-11-15,26.7,https://fred.stlouisfed.org/graph/fredgraph.csv?id=CPIAUCNS,2026-10-08
us_cpi_fred,1952-11-01,1952-12-15,26.7,https://fred.stlouisfed.org/graph/fredgraph.csv?id=CPIAUCNS,2026-10-08
us_cpi_fred,1952-12-01,1953-01-15,26.7,https://fred.stlouisfed.org/graph/fredgraph.csv?id=CPIAUCNS,2026-10-08
us_cpi_fred,1953-01-01,1953-02-15,26.6,https://fred.stlouisfed.org/graph/fredgraph.csv?id=CPIAUCNS,2026-10-08
us_cpi_fred,1953-02-01,1953-03-15,26.5,https://fred.stlouisfed.org/graph/fredgraph.csv?id=CPIAUCNS,2026-10-08
us_cpi_fred,1953-03-01,1953-04-15,26.6,https://fred.stlouisfed.org/graph/fredgraph.csv?id=CPIAUCNS,2026-10-08
us_cpi_fred,1953-04-01,1953-05-15,26.6,https://fred.stlouisfed.org/graph/fredgraph.csv?id=CPIAUCNS,2026-10-08
us_cpi_fred,1953-05-01,1953-06-15,26.7,https://fred.stlouisfed.org/graph/fredgraph.csv?id=CPIAUCNS,2026-10-08
us_cpi_fred,1953-06-01,1953-07-15,26.8,https://fred.stlouisfed.org/graph/fredgraph.csv?id=CPIAUCNS,2026-10-08
us_cpi_fred,1953-07-01,1953-08-15,26.8,https://fred.stlouisfed.org/graph/fredgraph.csv?id=CPIAUCNS,2026-10-08
us_cpi_fred,1953-08-01,1953-09-15,26.9,https://fred.stlouisfed.org/graph/fredgraph.csv?id=CPIAUCNS,2026-10-08
us_cpi_fred,1953-09-01,1953-10-15,26.9,https://fred.stlouisfed.org/graph/fredgraph.csv?id=CPIAUCNS,2026-10-08
us_cpi_fred,1953-10-01,1953-11-15,27.0,https://fred.stlouisfed.org/graph/fredgraph.csv?id=CPIAUCNS,2026-10-08
us_cpi_fred,1953-11-01,1953-12-15,26.9,https://fred.stlouisfed.org/graph/fredgraph.csv?id=CPIAUCNS,2026-10-08
us_cpi_fred,1953-12-01,1954-01-15,26.9,https://fred.stlouisfed.org/graph/fredgraph.csv?id=CPIAUCNS,2026-10-08
us_cpi_fred,1954-01-01,1954-02-15,26.9,https://fred.stlouisfed.org/graph/fredgraph.csv?id=CPIAUCNS,2026-10-08
us_cpi_fred,1954-02-01,1954-03-15,26.9,https://fred.stlouisfed.org/graph/fredgraph.csv?id=CPIAUCNS,2026-10-08
us_cpi_fred,1954-03-01,1954-04-15,26.9,https://fred.stlouisfed.org/graph/fredgraph.csv?id=CPIAUCNS,2026-10-08
us_cpi_fred,1954-04-01,1954-05-15,26.8,https://fred.stlouisfed.org/graph/fredgraph.csv?id=CPIAUCNS,2026-10-08
us_cpi_fred,1954-05-01,1954-06-15,26.9,https://fred.stlouisfed.org/graph/fredgraph.csv?id=CPIAUCNS,2026-10-08
us_cpi_fred,1954-06-01,1954-07-15,26.9,https://fred.stlouisfed.org/graph/fredgraph.csv?id=CPIAUCNS,2026-10-08
us_cpi_fred,1954-07-01,1954-08-15,26.9,https://fred.stlouisfed.org/graph/fredgraph.csv?id=CPIAUCNS,2026-10-08
us_cpi_fred,1954-08-01,1954-09-15,26.9,https://fred.stlouisfed.org/graph/fredgraph.csv?id=CPIAUCNS,2026-10-08
us_cpi_fred,1954-09-01,1954-10-15,26.8,https://fred.stlouisfed.org/graph/fredgraph.csv?id=CPIAUCNS,2026-10-08
us_cpi_fred,1954-10-01,1954-11-15,26.8,https://fred.stlouisfed.org/graph/fredgraph.csv?id=CPIAUCNS,2026-10-08
us_cpi_fred,1954-11-01,1954-12-15,26.8,https://fred.stlouisfed.org/graph/fredgraph.csv?id=CPIAUCNS,2026-10-08
us_cpi_fred,1954-12-01,1955-01-15,26.7,https://fred.stlouisfed.org/graph/fredgraph.csv?id=CPIAUCNS,2026-10-08
us_cpi_fred,1955-01-01,1955-02-15,26.7,https://fred.stlouisfed.org/graph/fredgraph.csv?id=CPIAUCNS,2026-10-08
us_cpi_fred,1955-02-01,1955-03-15,26.7,https://fred.stlouisfed.org/graph/fredgraph.csv?id=CPIAUCNS,2026-10-08
us_cpi_fred,1955-03-01,1955-04-15,26.7,https://fred.stlouisfed.org/graph/fredgraph.csv?id=CPIAUCNS,2026-10-08
us_cpi_fred,1955-04-01,1955-05-15,26.7,https://fred.stlouisfed.org/graph/fredgraph.csv?id=CPIAUCNS,2026-10-08
us_cpi_fred,1955-05-01,1955-06-15,26.7,https://fred.stlouisfed.org/graph/fredgraph.csv?id=CPIAUCNS,2026-10-08
us_cpi_fred,1955-06-01,1955-07-15,26.7,https://fred.stlouisfed.org/graph/fredgraph.csv?id=CPIAUCNS,2026-10-08
us_cpi_fred,1955-07-01,1955-08-15,26.8,https://fred.stlouisfed.org/graph/fredgraph.csv?id=CPIAUCNS,2026-10-08
us_cpi_fred,1955-08-01,1955-09-15,26.8,https://fred.stlouisfed.org/graph/fredgraph.csv?id=CPIAUCNS,2026-10-08
us_cpi_fred,1955-09-01,1955-10-15,26.9,https://fred.stlouisfed.org/graph/fredgraph.csv?id=CPIAUCNS,2026-10-08
us_cpi_fred,1955-10-01,1955-11-15,26.9,https://fred.stlouisfed.org/graph/fredgraph.csv?id=CPIAUCNS,2026-10-08
us_cpi_fred,1955-11-01,1955-12-15,26.9,https://fred.stlouisfed.org/graph/fredgraph.csv?id=CPIAUCNS,2026-10-08
us_cpi_fred,1955-12-01,1956-01-15,26.8,https://fred.stlouisfed.org/graph/fredgraph.csv?id=CPIAUCNS,2026-10-08
us_cpi_fred,1956-01-01,1956-02-15,26.8,https://fred.stlouisfed.org/graph/fredgraph.csv?id=CPIAUCNS,2026-10-08
us_cpi_fred,1956-02-01,1956-03-15,26.8,https://fred.stlouisfed.org/graph/fredgraph.csv?id=CPIAUCNS,2026-10-08
us_cpi_fred,1956-03-01,1956-04-15,26.8,https://fred.stlouisfed.org/graph/fredgraph.csv?id=CPIAUCNS,2026-10-08
us_cpi_fred,1956-04-01,1956-05-15,26.9,https://fred.stlouisfed.org/graph/fredgraph.csv?id=CPIAUCNS,2026-10-08
us_cpi_fred,1956-05-01,1956-06-15,27.0,https://fred.stlouisfed.org/graph/fredgraph.csv?id=CPIAUCNS,2026-10-08
us_cpi_fred,1956-06-01,1956-07-15,27.2,https://fred.stlouisfed.org/graph/fredgraph.csv?id=CPIAUCNS,2026-10-08
us_cpi_fred,1956-07-01,1956-08-15,27.4,https://fred.stlouisfed.org/graph/fredgraph.csv?id=CPIAUCNS,2026-10-08
us_cpi_fred,1956-08-01,1956-09-15,27.3,https://fred.stlouisfed.org/graph/fredgraph.csv?id=CPIAUCNS,2026-10-08
us_cpi_fred,1956-09-01,1956-10-15,27.4,https://fred.stlouisfed.org/graph/fredgraph.csv?id=CPIAUCNS,2026-10-08
us_cpi_fred,1956-10-01,1956-11-15,27.5,https://fred.stlouisfed.org/graph/fredgraph.csv?id=CPIAUCNS,2026-10-08
us_cpi_fred,1956-11-01,1956-12-15,27.5,https://fred.stlouisfed.org/graph/fredgraph.csv?id=CPIAUCNS,2026-10-08
us_cpi_fred,1956-12-01,1957-01-15,27.6,https://fred.stlouisfed.org/graph/fredgraph.csv?id=CPIAUCNS,2026-10-08
us_cpi_fred,1957-01-01,1957-02-15,27.6,https://fred.stlouisfed.org/graph/fredgraph.csv?id=CPIAUCNS,2026-10-08
us_cpi_fred,1957-02-01,1957-03-15,27.7,https://fred.stlouisfed.org/graph/fredgraph.csv?id=CPIAUCNS,2026-10-08
us_cpi_fred,1957-03-01,1957-04-15,27.8,https://fred.stlouisfed.org/graph/fredgraph.csv?id=CPIAUCNS,2026-10-08
us_cpi_fred,1957-04-01,1957-05-15,27.9,https://fred.stlouisfed.org/graph/fredgraph.csv?id=CPIAUCNS,2026-10-08
us_cpi_fred,1957-05-01,1957-06-15,28.0,https://fred.stlouisfed.org/graph/fredgraph.csv?id=CPIAUCNS,2026-10-08
us_cpi_fred,1957-06-01,1957-07-15,28.1,https://fred.stlouisfed.org/graph/fredgraph.csv?id=CPIAUCNS,2026-10-08
us_cpi_fred,1957-07-01,1957-08-15,28.3,https://fred.stlouisfed.org/graph/fredgraph.csv?id=CPIAUCNS,2026-10-08
us_cpi_fred,1957-08-01,1957-09-15,28.3,https://fred.stlouisfed.org/graph/fredgraph.csv?id=CPIAUCNS,2026-10-08
us_cpi_fred,1957-09-01,1957-10-15,28.3,https://fred.stlouisfed.org/graph/fredgraph.csv?id=CPIAUCNS,2026-10-08
us_cpi_fred,1957-10-01,1957-11-15,28.3,https://fred.stlouisfed.org/graph/fredgraph.csv?id=CPIAUCNS,2026-10-08
us_cpi_fred,1957-11-01,1957-12-15,28.4,https://fred.stlouisfed.org/graph/fredgraph.csv?id=CPIAUCNS,2026-10-08
us_cpi_fred,1957-12-01,1958-01-15,28.4,https://fred.stlouisfed.org/graph/fredgraph.csv?id=CPIAUCNS,2026-10-08
us_cpi_fred,1958-01-01,1958-02-15,28.6,https://fred.stlouisfed.org/graph/fredgraph.csv?id=CPIAUCNS,2026-10-08
us_cpi_fred,1958-02-01,1958-03-15,28.6,https://fred.stlouisfed.org/graph/fredgraph.csv?id=CPIAUCNS,2026-10-08
us_cpi_fred,1958-03-01,1958-04-15,28.8,https://fred.stlouisfed.org/graph/fredgraph.csv?id=CPIAUCNS,2026-10-08
us_cpi_fred,1958-04-01,1958-05-15,28.9,https://fred.stlouisfed.org/graph/fredgraph.csv?id=CPIAUCNS,2026-10-08
us_cpi_fred,1958-05-01,1958-06-15,28.9,https://fred.stlouisfed.org/graph/fredgraph.csv?id=CPIAUCNS,2026-10-08
us_cpi_fred,1958-06-01,1958-07-15,28.9,https://fred.stlouisfed.org/graph/fredgraph.csv?id=CPIAUCNS,2026-10-08
us_cpi_fred,1958-07-01,1958-08-15,29.0,https://fred.stlouisfed.org/graph/fredgraph.csv?id=CPIAUCNS,2026-10-08
us_cpi_fred,1958-08-01,1958-09-15,28.9,https://fred.stlouisfed.org/graph/fredgraph.csv?id=CPIAUCNS,2026-10-08
us_cpi_fred,1958-09-01,1958-10-15,28.9,https://fred.stlouisfed.org/graph/fredgraph.csv?id=CPIAUCNS,2026-10-08
us_cpi_fred,1958-10-01,1958-11-15,28.9,https://fred.stlouisfed.org/graph/fredgraph.csv?id=CPIAUCNS,2026-10-08
us_cpi_fred,1958-11-01,1958-12-15,29.0,https://fred.stlouisfed.org/graph/fredgraph.csv?id=CPIAUCNS,2026-10-08
us_cpi_fred,1958-12-01,1959-01-15,28.9,https://fred.stlouisfed.org/graph/fredgraph.csv?id=CPIAUCNS,2026-10-08
us_cpi_fred,1959-01-01,1959-02-15,29.0,https://fred.stlouisfed.org/graph/fredgraph.csv?id=CPIAUCNS,2026-10-08
us_cpi_fred,1959-02-01,1959-03-15,28.9,https://fred.stlouisfed.org/graph/fredgraph.csv?id=CPIAUCNS,2026-10-08
us_cpi_fred,1959-03-01,1959-04-15,28.9,https://fred.stlouisfed.org/graph/fredgraph.csv?id=CPIAUCNS,2026-10-08
us_cpi_fred,1959-04-01,1959-05-15,29.0,https://fred.stlouisfed.org/graph/fredgraph.csv?id=CPIAUCNS,2026-10-08
us_cpi_fred,1959-05-01,1959-06-15,29.0,https://fred.stlouisfed.org/graph/fredgraph.csv?id=CPIAUCNS,2026-10-08
us_cpi_fred,1959-06-01,1959-07-15,29.1,https://fred.stlouisfed.org/graph/fredgraph.csv?id=CPIAUCNS,2026-10-08
us_cpi_fred,1959-07-01,1959-08-15,29.2,https://fred.stlouisfed.org/graph/fredgraph.csv?id=CPIAUCNS,2026-10-08
us_cpi_fred,1959-08-01,1959-09-15,29.2,https://fred.stlouisfed.org/graph/fredgraph.csv?id=CPIAUCNS,2026-10-08
us_cpi_fred,1959-09-01,1959-10-15,29.3,https://fred.stlouisfed.org/graph/fredgraph.csv?id=CPIAUCNS,2026-10-08
us_cpi_fred,1959-10-01,1959-11-15,29.4,https://fred.stlouisfed.org/graph/fredgraph.csv?id=CPIAUCNS,2026-10-08
us_cpi_fred,1959-11-01,1959-12-15,29.4,https://fred.stlouisfed.org/graph/fredgraph.csv?id=CPIAUCNS,2026-10-08
us_cpi_fred,1959-12-01,1960-01-15,29.4,https://fred.stlouisfed.org/graph/fredgraph.csv?id=CPIAUCNS,2026-10-08
us_cpi_fred,1960-01-01,1960-02-15,29.3,https://fred.stlouisfed.org/graph/fredgraph.csv?id=CPIAUCNS,2026-10-08
us_cpi_fred,1960-02-01,1960-03-15,29.4,https://fred.stlouisfed.org/graph/fredgraph.csv?id=CPIAUCNS,2026-10-08
us_cpi_fred,1960-03-01,1960-04-15,29.4,https://fred.stlouisfed.org/graph/fredgraph.csv?id=CPIAUCNS,2026-10-08
us_cpi_fred,1960-04-01,1960-05-15,29.5,https://fred.stlouisfed.org/graph/fredgraph.csv?id=CPIAUCNS,2026-10-08
us_cpi_fred,1960-05-01,1960-06-15,29.5,https://fred.stlouisfed.org/graph/fredgraph.csv?id=CPIAUCNS,2026-10-08
us_cpi_fred,1960-06-01,1960-07-15,29.6,https://fred.stlouisfed.org/graph/fredgraph.csv?id=CPIAUCNS,2026-10-08
us_cpi_fred,1960-07-01,1960-08-15,29.6,https://fred.stlouisfed.org/graph/fredgraph.csv?id=CPIAUCNS,2026-10-08
us_cpi_fred,1960-08-01,1960-09-15,29.6,https://fred.stlouisfed.org/graph/fredgraph.csv?id=CPIAUCNS,2026-10-08
us_cpi_fred,1960-09-01,1960-10-15,29.6,https://fred.stlouisfed.org/graph/fredgraph.csv?id=CPIAUCNS,2026-10-08
us_cpi_fred,1960-10-01,1960-11-15,29.8,https://fred.stlouisfed.org/graph/fredgraph.csv?id=CPIAUCNS,2026-10-08
us_cpi_fred,1960-11-01,1960-12-15,29.8,https://fred.stlouisfed.org/graph/fredgraph.csv?id=CPIAUCNS,2026-10-08
us_cpi_fred,1960-12-01,1961-01-15,29.8,https://fred.stlouisfed.org/graph/fredgraph.csv?id=CPIAUCNS,2026-10-08
us_cpi_fred,1961-01-01,1961-02-15,29.8,https://fred.stlouisfed.org/graph/fredgraph.csv?id=CPIAUCNS,2026-10-08
us_cpi_fred,1961-02-01,1961-03-15,29.8,https://fred.stlouisfed.org/graph/fredgraph.csv?id=CPIAUCNS,2026-10-08
us_cpi_fred,1961-03-01,1961-04-15,29.8,https://fred.stlouisfed.org/graph/fredgraph.csv?id=CPIAUCNS,2026-10-08
us_cpi_fred,1961-04-01,1961-05-15,29.8,https://fred.stlouisfed.org/graph/fredgraph.csv?id=CPIAUCNS,2026-10-08
us_cpi_fred,1961-05-01,1961-06-15,29.8,https://fred.stlouisfed.org/graph/fredgraph.csv?id=CPIAUCNS,2026-10-08
us_cpi_fred,1961-06-01,1961-07-15,29.8,https://fred.stlouisfed.org/graph/fredgraph.csv?id=CPIAUCNS,2026-10-08
us_cpi_fred,1961-07-01,1961-08-15,30.0,https://fred.stlouisfed.org/graph/fredgraph.csv?id=CPIAUCNS,2026-10-08
us_cpi_fred,1961-08-01,1961-09-15,29.9,https://fred.stlouisfed.org/graph/fredgraph.csv?id=CPIAUCNS,2026-10-08
us_cpi_fred,1961-09-01,1961-10-15,30.0,https://fred.stlouisfed.org/graph/fredgraph.csv?id=CPIAUCNS,2026-10-08
us_cpi_fred,1961-10-01,1961-11-15,30.0,https://fred.stlouisfed.org/graph/fredgraph.csv?id=CPIAUCNS,2026-10-08
us_cpi_fred,1961-11-01,1961-12-15,30.0,https://fred.stlouisfed.org/graph/fredgraph.csv?id=CPIAUCNS,2026-10-08
us_cpi_fred,1961-12-01,1962-01-15,30.0,https://fred.stlouisfed.org/graph/fredgraph.csv?id=CPIAUCNS,2026-10-08
us_cpi_fred,1962-01-01,1962-02-15,30.0,https://fred.stlouisfed.org/graph/fredgraph.csv?id=CPIAUCNS,2026-10-08
us_cpi_fred,1962-02-01,1962-03-15,30.1,https://fred.stlouisfed.org/graph/fredgraph.csv?id=CPIAUCNS,2026-10-08
us_cpi_fred,1962-03-01,1962-04-15,30.1,https://fred.stlouisfed.org/graph/fredgraph.csv?id=CPIAUCNS,2026-10-08
us_cpi_fred,1962-04-01,1962-05-15,30.2,https://fred.stlouisfed.org/graph/fredgraph.csv?id=CPIAUCNS,2026-10-08
us_cpi_fred,1962-05-01,1962-06-15,30.2,https://fred.stlouisfed.org/graph/fredgraph.csv?id=CPIAUCNS,2026-10-08
us_cpi_fred,1962-06-01,1962-07-15,30.2,https://fred.stlouisfed.org/graph/fredgraph.csv?id=CPIAUCNS,2026-10-08
us_cpi_fred,1962-07-01,1962-08-15,30.3,https://fred.stlouisfed.org/graph/fredgraph.csv?id=CPIAUCNS,2026-10-08
us_cpi_fred,1962-08-01,1962-09-15,30.3,https://fred.stlouisfed.org/graph/fredgraph.csv?id=CPIAUCNS,2026-10-08
us_cpi_fred,1962-09-01,1962-10-15,30.4,https://fred.stlouisfed.org/graph/fredgraph.csv?id=CPIAUCNS,2026-10-08
us_cpi_fred,1962-10-01,1962-11-15,30.4,https://fred.stlouisfed.org/graph/fredgraph.csv?id=CPIAUCNS,2026-10-08
us_cpi_fred,1962-11-01,1962-12-15,30.4,https://fred.stlouisfed.org/graph/fredgraph.csv?id=CPIAUCNS,2026-10-08
us_cpi_fred,1962-12-01,1963-01-15,30.4,https://fred.stlouisfed.org/graph/fredgraph.csv?id=CPIAUCNS,2026-10-08
us_cpi_fred,1963-01-01,1963-02-15,30.4,https://fred.stlouisfed.org/graph/fredgraph.csv?id=CPIAUCNS,2026-10-08
us_cpi_fred,1963-02-01,1963-03-15,30.4,https://fred.stlouisfed.org/graph/fredgraph.csv?id=CPIAUCNS,2026-10-08
us_cpi_fred,1963-03-01,1963-04-15,30.5,https://fred.stlouisfed.org/graph/fredgraph.csv?id=CPIAUCNS,2026-10-08
us_cpi_fred,1963-04-01,1963-05-15,30.5,https://fred.stlouisfed.org/graph/fredgraph.csv?id=CPIAUCNS,2026-10-08
us_cpi_fred,1963-05-01,1963-06-15,30.5,https://fred.stlouisfed.org/graph/fredgraph.csv?id=CPIAUCNS,2026-10-08
us_cpi_fred,1963-06-01,1963-07-15,30.6,https://fred.stlouisfed.org/graph/fredgraph.csv?id=CPIAUCNS,2026-10-08
us_cpi_fred,1963-07-01,1963-08-15,30.7,https://fred.stlouisfed.org/graph/fredgraph.csv?id=CPIAUCNS,2026-10-08
us_cpi_fred,1963-08-01,1963-09-15,30.7,https://fred.stlouisfed.org/graph/fredgraph.csv?id=CPIAUCNS,2026-10-08
us_cpi_fred,1963-09-01,1963-10-15,30.7,https://fred.stlouisfed.org/graph/fredgraph.csv?id=CPIAUCNS,2026-10-08
us_cpi_fred,1963-10-01,1963-11-15,30.8,https://fred.stlouisfed.org/graph/fredgraph.csv?id=CPIAUCNS,2026-10-08
us_cpi_fred,1963-11-01,1963-12-15,30.8,https://fred.stlouisfed.org/graph/fredgraph.csv?id=CPIAUCNS,2026-10-08
us_cpi_fred,1963-12-01,1964-01-15,30.9,https://fred.stlouisfed.org/graph/fredgraph.csv?id=CPIAUCNS,2026-10-08
us_cpi_fred,1964-01-01,1964-02-15,30.9,https://fred.stlouisfed.org/graph/fredgraph.csv?id=CPIAUCNS,2026-10-08
us_cpi_fred,1964-02-01,1964-03-15,30.9,https://fred.stlouisfed.org/graph/fredgraph.csv?id=CPIAUCNS,2026-10-08
us_cpi_fred,1964-03-01,1964-04-15,30.9,https://fred.stlouisfed.org/graph/fredgraph.csv?id=CPIAUCNS,2026-10-08
us_cpi_fred,1964-04-01,1964-05-15,30.9,https://fred.stlouisfed.org/graph/fredgraph.csv?id=CPIAUCNS,2026-10-08
us_cpi_fred,1964-05-01,1964-06-15,30.9,https://fred.stlouisfed.org/graph/fredgraph.csv?id=CPIAUCNS,2026-10-08
us_cpi_fred,1964-06-01,1964-07-15,31.0,https://fred.stlouisfed.org/graph/fredgraph.csv?id=CPIAUCNS,2026-10-08
us_cpi_fred,1964-07-01,1964-08-15,31.1,https://fred.stlouisfed.org/graph/fredgraph.csv?id=CPIAUCNS,2026-10-08
us_cpi_fred,1964-08-01,1964-09-15,31.0,https://fred.stlouisfed.org/graph/fredgraph.csv?id=CPIAUCNS,2026-10-08
us_cpi_fred,1964-09-01,1964-10-15,31.1,https://fred.stlouisfed.org/graph/fredgraph.csv?id=CPIAUCNS,2026-10-08
us_cpi_fred,1964-10-01,1964-11-15,31.1,https://fred.stlouisfed.org/graph/fredgraph.csv?id=CPIAUCNS,2026-10-08
us_cpi_fred,1964-11-01,1964-12-15,31.2,https://fred.stlouisfed.org/graph/fredgraph.csv?id=CPIAUCNS,2026-10-08
us_cpi_fred,1964-12-01,1965-01-15,31.2,https://fred.stlouisfed.org/graph/fredgraph.csv?id=CPIAUCNS,2026-10-08
us_cpi_fred,1965-01-01,1965-02-15,31.2,https://fred.stlouisfed.org/graph/fredgraph.csv?id=CPIAUCNS,2026-10-08
us_cpi_fred,1965-02-01,1965-03-15,31.2,https://fred.stlouisfed.org/graph/fredgraph.csv?id=CPIAUCNS,2026-10-08
us_cpi_fred,1965-03-01,1965-04-15,31.3,https://fred.stlouisfed.org/graph/fredgraph.csv?id=CPIAUCNS,2026-10-08
us_cpi_fred,1965-04-01,1965-05-15,31.4,https://fred.stlouisfed.org/graph/fredgraph.csv?id=CPIAUCNS,2026-10-08
us_cpi_fred,1965-05-01,1965-06-15,31.4,https://fred.stlouisfed.org/graph/fredgraph.csv?id=CPIAUCNS,2026-10-08
us_cpi_fred,1965-06-01,1965-07-15,31.6,https://fred.stlouisfed.org/graph/fredgraph.csv?id=CPIAUCNS,2026-10-08
us_cpi_fred,1965-07-01,1965-08-15,31.6,https://fred.stlouisfed.org/graph/fredgraph.csv?id=CPIAUCNS,2026-10-08
us_cpi_fred,1965-08-01,1965-09-15,31.6,https://fred.stlouisfed.org/graph/fredgraph.csv?id=CPIAUCNS,2026-10-08
us_cpi_fred,1965-09-01,1965-10-15,31.6,https://fred.stlouisfed.org/graph/fredgraph.csv?id=CPIAUCNS,2026-10-08
us_cpi_fred,1965-10-01,1965-11-15,31.7,https://fred.stlouisfed.org/graph/fredgraph.csv?id=CPIAUCNS,2026-10-08
us_cpi_fred,1965-11-01,1965-12-15,31.7,https://fred.stlouisfed.org/graph/fredgraph.csv?id=CPIAUCNS,2026-10-08
us_cpi_fred,1965-12-01,1966-01-15,31.8,https://fred.stlouisfed.org/graph/fredgraph.csv?id=CPIAUCNS,2026-10-08
us_cpi_fred,1966-01-01,1966-02-15,31.8,https://fred.stlouisfed.org/graph/fredgraph.csv?id=CPIAUCNS,2026-10-08
us_cpi_fred,1966-02-01,1966-03-15,32.0,https://fred.stlouisfed.org/graph/fredgraph.csv?id=CPIAUCNS,2026-10-08
us_cpi_fred,1966-03-01,1966-04-15,32.1,https://fred.stlouisfed.org/graph/fredgraph.csv?id=CPIAUCNS,2026-10-08
us_cpi_fred,1966-04-01,1966-05-15,32.3,https://fred.stlouisfed.org/graph/fredgraph.csv?id=CPIAUCNS,2026-10-08
us_cpi_fred,1966-05-01,1966-06-15,32.3,https://fred.stlouisfed.org/graph/fredgraph.csv?id=CPIAUCNS,2026-10-08
us_cpi_fred,1966-06-01,1966-07-15,32.4,https://fred.stlouisfed.org/graph/fredgraph.csv?id=CPIAUCNS,2026-10-08
us_cpi_fred,1966-07-01,1966-08-15,32.5,https://fred.stlouisfed.org/graph/fredgraph.csv?id=CPIAUCNS,2026-10-08
us_cpi_fred,1966-08-01,1966-09-15,32.7,https://fred.stlouisfed.org/graph/fredgraph.csv?id=CPIAUCNS,2026-10-08
us_cpi_fred,1966-09-01,1966-10-15,32.7,https://fred.stlouisfed.org/graph/fredgraph.csv?id=CPIAUCNS,2026-10-08
us_cpi_fred,1966-10-01,1966-11-15,32.9,https://fred.stlouisfed.org/graph/fredgraph.csv?id=CPIAUCNS,2026-10-08
us_cpi_fred,1966-11-01,1966-12-15,32.9,https://fred.stlouisfed.org/graph/fredgraph.csv?id=CPIAUCNS,2026-10-08
us_cpi_fred,1966-12-01,1967-01-15,32.9,https://fred.stlouisfed.org/graph/fredgraph.csv?id=CPIAUCNS,2026-10-08
us_cpi_fred,1967-01-01,1967-02-15,32.9,https://fred.stlouisfed.org/graph/fredgraph.csv?id=CPIAUCNS,2026-10-08
us_cpi_fred,1967-02-01,1967-03-15,32.9,https://fred.stlouisfed.org/graph/fredgraph.csv?id=CPIAUCNS,2026-10-08
us_cpi_fred,1967-03-01,1967-04-15,33.0,https://fred.stlouisfed.org/graph/fredgraph.csv?id=CPIAUCNS,2026-10-08
us_cpi_fred,1967-04-01,1967-05-15,33.1,https://fred.stlouisfed.org/graph/fredgraph.csv?id=CPIAUCNS,2026-10-08
us_cpi_fred,1967-05-01,1967-06-15,33.2,https://fred.stlouisfed.org/graph/fredgraph.csv?id=CPIAUCNS,2026-10-08
us_cpi_fred,1967-06-01,1967-07-15,33.3,https://fred.stlouisfed.org/graph/fredgraph.csv?id=CPIAUCNS,2026-10-08
us_cpi_fred,1967-07-01,1967-08-15,33.4,https://fred.stlouisfed.org/graph/fredgraph.csv?id=CPIAUCNS,2026-10-08
us_cpi_fred,1967-08-01,1967-09-15,33.5,https://fred.stlouisfed.org/graph/fredgraph.csv?id=CPIAUCNS,2026-10-08
us_cpi_fred,1967-09-01,1967-10-15,33.6,https://fred.stlouisfed.org/graph/fredgraph.csv?id=CPIAUCNS,2026-10-08
us_cpi_fred,1967-10-01,1967-11-15,33.7,https://fred.stlouisfed.org/graph/fredgraph.csv?id=CPIAUCNS,2026-10-08
us_cpi_fred,1967-11-01,1967-12-15,33.8,https://fred.stlouisfed.org/graph/fredgraph.csv?id=CPIAUCNS,2026-10-08
us_cpi_fred,1967-12-01,1968-01-15,33.9,https://fred.stlouisfed.org/graph/fredgraph.csv?id=CPIAUCNS,2026-10-08
us_cpi_fred,1968-01-01,1968-02-15,34.1,https://fred.stlouisfed.org/graph/fredgraph.csv?id=CPIAUCNS,2026-10-08
us_cpi_fred,1968-02-01,1968-03-15,34.2,https://fred.stlouisfed.org/graph/fredgraph.csv?id=CPIAUCNS,2026-10-08
us_cpi_fred,1968-03-01,1968-04-15,34.3,https://fred.stlouisfed.org/graph/fredgraph.csv?id=CPIAUCNS,2026-10-08
us_cpi_fred,1968-04-01,1968-05-15,34.4,https://fred.stlouisfed.org/graph/fredgraph.csv?id=CPIAUCNS,2026-10-08
us_cpi_fred,1968-05-01,1968-06-15,34.5,https://fred.stlouisfed.org/graph/fredgraph.csv?id=CPIAUCNS,2026-10-08
us_cpi_fred,1968-06-01,1968-07-15,34.7,https://fred.stlouisfed.org/graph/fredgraph.csv?id=CPIAUCNS,2026-10-08
us_cpi_fred,1968-07-01,1968-08-15,34.9,https://fred.stlouisfed.org/graph/fredgraph.csv?id=CPIAUCNS,2026-10-08
us_cpi_fred,1968-08-01,1968-09-15,35.0,https://fred.stlouisfed.org/graph/fredgraph.csv?id=CPIAUCNS,2026-10-08
us_cpi_fred,1968-09-01,1968-10-15,35.1,https://fred.stlouisfed.org/graph/fredgraph.csv?id=CPIAUCNS,2026-10-08
us_cpi_fred,1968-10-01,1968-11-15,35.3,https://fred.stlouisfed.org/graph/fredgraph.csv?id=CPIAUCNS,2026-10-08
us_cpi_fred,1968-11-01,1968-12-15,35.4,https://fred.stlouisfed.org/graph/fredgraph.csv?id=CPIAUCNS,2026-10-08
us_cpi_fred,1968-12-01,1969-01-15,35.5,https://fred.stlouisfed.org/graph/fredgraph.csv?id=CPIAUCNS,2026-10-08
us_cpi_fred,1969-01-01,1969-02-15,35.6,https://fred.stlouisfed.org/graph/fredgraph.csv?id=CPIAUCNS,2026-10-08
us_cpi_fred,1969-02-01,1969-03-15,35.8,https://fred.stlouisfed.org/graph/fredgraph.csv?id=CPIAUCNS,2026-10-08
us_cpi_fred,1969-03-01,1969-04-15,36.1,https://fred.stlouisfed.org/graph/fredgraph.csv?id=CPIAUCNS,2026-10-08
us_cpi_fred,1969-04-01,1969-05-15,36.3,https://fred.stlouisfed.org/graph/fredgraph.csv?id=CPIAUCNS,2026-10-08
us_cpi_fred,1969-05-01,1969-06-15,36.4,https://fred.stlouisfed.org/graph/fredgraph.csv?id=CPIAUCNS,2026-10-08
us_cpi_fred,1969-06-01,1969-07-15,36.6,https://fred.stlouisfed.org/graph/fredgraph.csv?id=CPIAUCNS,2026-10-08
us_cpi_fred,1969-07-01,1969-08-15,36.8,https://fred.stlouisfed.org/graph/fredgraph.csv?id=CPIAUCNS,2026-10-08
us_cpi_fred,1969-08-01,1969-09-15,37.0,https://fred.stlouisfed.org/graph/fredgraph.csv?id=CPIAUCNS,2026-10-08
us_cpi_fred,1969-09-01,1969-10-15,37.1,https://fred.stlouisfed.org/graph/fredgraph.csv?id=CPIAUCNS,2026-10-08
us_cpi_fred,1969-10-01,1969-11-15,37.3,https://fred.stlouisfed.org/graph/fredgraph.csv?id=CPIAUCNS,2026-10-08
us_cpi_fred,1969-11-01,1969-12-15,37.5,https://fred.stlouisfed.org/graph/fredgraph.csv?id=CPIAUCNS,2026-10-08
us_cpi_fred,1969-12-01,1970-01-15,37.7,https://fred.stlouisfed.org/graph/fredgraph.csv?id=CPIAUCNS,2026-10-08
us_cpi_fred,1970-01-01,1970-02-15,37.8,https://fred.stlouisfed.org/graph/fredgraph.csv?id=CPIAUCNS,2026-10-08
us_cpi_fred,1970-02-01,1970-03-15,38.0,https://fred.stlouisfed.org/graph/fredgraph.csv?id=CPIAUCNS,2026-10-08
us_cpi_fred,1970-03-01,1970-04-15,38.2,https://fred.stlouisfed.org/graph/fredgraph.csv?id=CPIAUCNS,2026-10-08
us_cpi_fred,1970-04-01,1970-05-15,38.5,https://fred.stlouisfed.org/graph/fredgraph.csv?id=CPIAUCNS,2026-10-08
us_cpi_fred,1970-05-01,1970-06-15,38.6,https://fred.stlouisfed.org/graph/fredgraph.csv?id=CPIAUCNS,2026-10-08
us_cpi_fred,1970-06-01,1970-07-15,38.8,https://fred.stlouisfed.org/graph/fredgraph.csv?id=CPIAUCNS,2026-10-08
us_cpi_fred,1970-07-01,1970-08-15,39.0,https://fred.stlouisfed.org/graph/fredgraph.csv?id=CPIAUCNS,2026-10-08
us_cpi_fred,1970-08-01,1970-09-15,39.0,https://fred.stlouisfed.org/graph/fredgraph.csv?id=CPIAUCNS,2026-10-08
us_cpi_fred,1970-09-01,1970-10-15,39.2,https://fred.stlouisfed.org/graph/fredgraph.csv?id=CPIAUCNS,2026-10-08
us_cpi_fred,1970-10-01,1970-11-15,39.4,https://fred.stlouisfed.org/graph/fredgraph.csv?id=CPIAUCNS,2026-10-08
us_cpi_fred,1970-11-01,1970-12-15,39.6,https://fred.stlouisfed.org/graph/fredgraph.csv?id=CPIAUCNS,2026-10-08
us_cpi_fred,1970-12-01,1971-01-15,39.8,https://fred.stlouisfed.org/graph/fredgraph.csv?id=CPIAUCNS,2026-10-08
us_cpi_fred,1971-01-01,1971-02-15,39.8,https://fred.stlouisfed.org/graph/fredgraph.csv?id=CPIAUCNS,2026-10-08
us_cpi_fred,1971-02-01,1971-03-15,39.9,https://fred.stlouisfed.org/graph/fredgraph.csv?id=CPIAUCNS,2026-10-08
us_cpi_fred,1971-03-01,1971-04-15,40.0,https://fred.stlouisfed.org/graph/fredgraph.csv?id=CPIAUCNS,2026-10-08
us_cpi_fred,1971-04-01,1971-05-15,40.1,https://fred.stlouisfed.org/graph/fredgraph.csv?id=CPIAUCNS,2026-10-08
us_cpi_fred,1971-05-01,1971-06-15,40.3,https://fred.stlouisfed.org/graph/fredgraph.csv?id=CPIAUCNS,2026-10-08
us_cpi_fred,1971-06-01,1971-07-15,40.6,https://fred.stlouisfed.org/graph/fredgraph.csv?id=CPIAUCNS,2026-10-08
us_cpi_fred,1971-07-01,1971-08-15,40.7,https://fred.stlouisfed.org/graph/fredgraph.csv?id=CPIAUCNS,2026-10-08
us_cpi_fred,1971-08-01,1971-09-15,40.8,https://fred.stlouisfed.org/graph/fredgraph.csv?id=CPIAUCNS,2026-10-08
us_cpi_fred,1971-09-01,1971-10-15,40.8,https://fred.stlouisfed.org/graph/fredgraph.csv?id=CPIAUCNS,2026-10-08
us_cpi_fred,1971-10-01,1971-11-15,40.9,https://fred.stlouisfed.org/graph/fredgraph.csv?id=CPIAUCNS,2026-10-08
us_cpi_fred,1971-11-01,1971-12-15,40.9,https://fred.stlouisfed.org/graph/fredgraph.csv?id=CPIAUCNS,2026-10-08
us_cpi_fred,1971-12-01,1972-01-15,41.1,https://fred.stlouisfed.org/graph/fredgraph.csv?id=CPIAUCNS,2026-10-08
us_cpi_fred,1972-01-01,1972-02-15,41.1,https://fred.stlouisfed.org/graph/fredgraph.csv?id=CPIAUCNS,2026-10-08
us_cpi_fred,1972-02-01,1972-03-15,41.3,https://fred.stlouisfed.org/graph/fredgraph.csv?id=CPIAUCNS,2026-10-08
us_cpi_fred,1972-03-01,1972-04-15,41.4,https://fred.stlouisfed.org/graph/fredgraph.csv?id=CPIAUCNS,2026-10-08
us_cpi_fred,1972-04-01,1972-05-15,41.5,https://fred.stlouisfed.org/graph/fredgraph.csv?id=CPIAUCNS,2026-10-08
us_cpi_fred,1972-05-01,1972-06-15,41.6,https://fred.stlouisfed.org/graph/fredgraph.csv?id=CPIAUCNS,2026-10-08
us_cpi_fred,1972-06-01,1972-07-15,41.7,https://fred.stlouisfed.org/graph/fredgraph.csv?id=CPIAUCNS,2026-10-08
us_cpi_fred,1972-07-01,1972-08-15,41.9,https://fred.stlouisfed.org/graph/fredgraph.csv?id=CPIAUCNS,2026-10-08
us_cpi_fred,1972-08-01,1972-09-15,42.0,https://fred.stlouisfed.org/graph/fredgraph.csv?id=CPIAUCNS,2026-10-08
us_cpi_fred,1972-09-01,1972-10-15,42.1,https://fred.stlouisfed.org/graph/fredgraph.csv?id=CPIAUCNS,2026-10-08
us_cpi_fred,1972-10-01,1972-11-15,42.3,https://fred.stlouisfed.org/graph/fredgraph.csv?id=CPIAUCNS,2026-10-08
us_cpi_fred,1972-11-01,1972-12-15,42.4,https://fred.stlouisfed.org/graph/fredgraph.csv?id=CPIAUCNS,2026-10-08
us_cpi_fred,1972-12-01,1973-01-15,42.5,https://fred.stlouisfed.org/graph/fredgraph.csv?id=CPIAUCNS,2026-10-08
us_cpi_fred,1973-01-01,1973-02-15,42.6,https://fred.stlouisfed.org/graph/fredgraph.csv?id=CPIAUCNS,2026-10-08
us_cpi_fred,1973-02-01,1973-03-15,42.9,https://fred.stlouisfed.org/graph/fredgraph.csv?id=CPIAUCNS,2026-10-08
us_cpi_fred,1973-03-01,1973-04-15,43.3,https://fred.stlouisfed.org/graph/fredgraph.csv?id=CPIAUCNS,2026-10-08
us_cpi_fred,1973-04-01,1973-05-15,43.6,https://fred.stlouisfed.org/graph/fredgraph.csv?id=CPIAUCNS,2026-10-08
us_cpi_fred,1973-05-01,1973-06-15,43.9,https://fred.stlouisfed.org/graph/fredgraph.csv?id=CPIAUCNS,2026-10-08
us_cpi_fred,1973-06-01,1973-07-15,44.2,https://fred.stlouisfed.org/graph/fredgraph.csv?id=CPIAUCNS,2026-10-08
us_cpi_fred,1973-07-01,1973-08-15,44.3,https://fred.stlouisfed.org/graph/fredgraph.csv?id=CPIAUCNS,2026-10-08
us_cpi_fred,1973-08-01,1973-09-15,45.1,https://fred.stlouisfed.org/graph/fredgraph.csv?id=CPIAUCNS,2026-10-08
us_cpi_fred,1973-09-01,1973-10-15,45.2,https://fred.stlouisfed.org/graph/fredgraph.csv?id=CPIAUCNS,2026-10-08
us_cpi_fred,1973-10-01,1973-11-15,45.6,https://fred.stlouisfed.org/graph/fredgraph.csv?id=CPIAUCNS,2026-10-08
us_cpi_fred,1973-11-01,1973-12-15,45.9,https://fred.stlouisfed.org/graph/fredgraph.csv?id=CPIAUCNS,2026-10-08
us_cpi_fred,1973-12-01,1974-01-15,46.2,https://fred.stlouisfed.org/graph/fredgraph.csv?id=CPIAUCNS,2026-10-08
us_cpi_fred,1974-01-01,1974-02-15,46.6,https://fred.stlouisfed.org/graph/fredgraph.csv?id=CPIAUCNS,2026-10-08
us_cpi_fred,1974-02-01,1974-03-15,47.2,https://fred.stlouisfed.org/graph/fredgraph.csv?id=CPIAUCNS,2026-10-08
us_cpi_fred,1974-03-01,1974-04-15,47.8,https://fred.stlouisfed.org/graph/fredgraph.csv?id=CPIAUCNS,2026-10-08
us_cpi_fred,1974-04-01,1974-05-15,48.0,https://fred.stlouisfed.org/graph/fredgraph.csv?id=CPIAUCNS,2026-10-08
us_cpi_fred,1974-05-01,1974-06-15,48.6,https://fred.stlouisfed.org/graph/fredgraph.csv?id=CPIAUCNS,2026-10-08
us_cpi_fred,1974-06-01,1974-07-15,49.0,https://fred.stlouisfed.org/graph/fredgraph.csv?id=CPIAUCNS,2026-10-08
us_cpi_fred,1974-07-01,1974-08-15,49.4,https://fred.stlouisfed.org/graph/fredgraph.csv?id=CPIAUCNS,2026-10-08
us_cpi_fred,1974-08-01,1974-09-15,50.0,https://fred.stlouisfed.org/graph/fredgraph.csv?id=CPIAUCNS,2026-10-08
us_cpi_fred,1974-09-01,1974-10-15,50.6,https://fred.stlouisfed.org/graph/fredgraph.csv?id=CPIAUCNS,2026-10-08
us_cpi_fred,1974-10-01,1974-11-15,51.1,https://fred.stlouisfed.org/graph/fredgraph.csv?id=CPIAUCNS,2026-10-08
us_cpi_fred,1974-11-01,1974-12-15,51.5,https://fred.stlouisfed.org/graph/fredgraph.csv?id=CPIAUCNS,2026-10-08
us_cpi_fred,1974-12-01,1975-01-15,51.9,https://fred.stlouisfed.org/graph/fredgraph.csv?id=CPIAUCNS,2026-10-08
us_cpi_fred,1975-01-01,1975-02-15,52.1,https://fred.stlouisfed.org/graph/fredgraph.csv?id=CPIAUCNS,2026-10-08
us_cpi_fred,1975-02-01,1975-03-15,52.5,https://fred.stlouisfed.org/graph/fredgraph.csv?id=CPIAUCNS,2026-10-08
us_cpi_fred,1975-03-01,1975-04-15,52.7,https://fred.stlouisfed.org/graph/fredgraph.csv?id=CPIAUCNS,2026-10-08
us_cpi_fred,1975-04-01,1975-05-15,52.9,https://fred.stlouisfed.org/graph/fredgraph.csv?id=CPIAUCNS,2026-10-08
us_cpi_fred,1975-05-01,1975-06-15,53.2,https://fred.stlouisfed.org/graph/fredgraph.csv?id=CPIAUCNS,2026-10-08
us_cpi_fred,1975-06-01,1975-07-15,53.6,https://fred.stlouisfed.org/graph/fredgraph.csv?id=CPIAUCNS,2026-10-08
us_cpi_fred,1975-07-01,1975-08-15,54.2,https://fred.stlouisfed.org/graph/fredgraph.csv?id=CPIAUCNS,2026-10-08
us_cpi_fred,1975-08-01,1975-09-15,54.3,https://fred.stlouisfed.org/graph/fredgraph.csv?id=CPIAUCNS,2026-10-08
us_cpi_fred,1975-09-01,1975-10-15,54.6,https://fred.stlouisfed.org/graph/fredgraph.csv?id=CPIAUCNS,2026-10-08
us_cpi_fred,1975-10-01,1975-11-15,54.9,https://fred.stlouisfed.org/graph/fredgraph.csv?id=CPIAUCNS,2026-10-08
us_cpi_fred,1975-11-01,1975-12-15,55.3,https://fred.stlouisfed.org/graph/fredgraph.csv?id=CPIAUCNS,2026-10-08
us_cpi_fred,1975-12-01,1976-01-15,55.5,https://fred.stlouisfed.org/graph/fredgraph.csv?id=CPIAUCNS,2026-10-08
us_cpi_fred,1976-01-01,1976-02-15,55.6,https://fred.stlouisfed.org/graph/fredgraph.csv?id=CPIAUCNS,2026-10-08
us_cpi_fred,1976-02-01,1976-03-15,55.8,https://fred.stlouisfed.org/graph/fredgraph.csv?id=CPIAUCNS,2026-10-08
us_cpi_fred,1976-03-01,1976-04-15,55.9,https://fred.stlouisfed.org/graph/fredgraph.csv?id=CPIAUCNS,2026-10-08
us_cpi_fred,1976-04-01,1976-05-15,56.1,https://fred.stlouisfed.org/graph/fredgraph.csv?id=CPIAUCNS,2026-10-08
us_cpi_fred,1976-05-01,1976-06-15,56.5,https://fred.stlouisfed.org/graph/fredgraph.csv?id=CPIAUCNS,2026-10-08
us_cpi_fred,1976-06-01,1976-07-15,56.8,https://fred.stlouisfed.org/graph/fredgraph.csv?id=CPIAUCNS,2026-10-08
us_cpi_fred,1976-07-01,1976-08-15,57.1,https://fred.stlouisfed.org/graph/fredgraph.csv?id=CPIAUCNS,2026-10-08
us_cpi_fred,1976-08-01,1976-09-15,57.4,https://fred.stlouisfed.org/graph/fredgraph.csv?id=CPIAUCNS,2026-10-08
us_cpi_fred,1976-09-01,1976-10-15,57.6,https://fred.stlouisfed.org/graph/fredgraph.csv?id=CPIAUCNS,2026-10-08
us_cpi_fred,1976-10-01,1976-11-15,57.9,https://fred.stlouisfed.org/graph/fredgraph.csv?id=CPIAUCNS,2026-10-08
us_cpi_fred,1976-11-01,1976-12-15,58.0,https://fred.stlouisfed.org/graph/fredgraph.csv?id=CPIAUCNS,2026-10-08
us_cpi_fred,1976-12-01,1977-01-15,58.2,https://fred.stlouisfed.org/graph/fredgraph.csv?id=CPIAUCNS,2026-10-08
us_cpi_fred,1977-01-01,1977-02-15,58.5,https://fred.stlouisfed.org/graph/fredgraph.csv?id=CPIAUCNS,2026-10-08
us_cpi_fred,1977-02-01,1977-03-15,59.1,https://fred.stlouisfed.org/graph/fredgraph.csv?id=CPIAUCNS,2026-10-08
us_cpi_fred,1977-03-01,1977-04-15,59.5,https://fred.stlouisfed.org/graph/fredgraph.csv?id=CPIAUCNS,2026-10-08
us_cpi_fred,1977-04-01,1977-05-15,60.0,https://fred.stlouisfed.org/graph/fredgraph.csv?id=CPIAUCNS,2026-10-08
us_cpi_fred,1977-05-01,1977-06-15,60.3,https://fred.stlouisfed.org/graph/fredgraph.csv?id=CPIAUCNS,2026-10-08
us_cpi_fred,1977-06-01,1977-07-15,60.7,https://fred.stlouisfed.org/graph/fredgraph.csv?id=CPIAUCNS,2026-10-08
us_cpi_fred,1977-07-01,1977-08-15,61.0,https://fred.stlouisfed.org/graph/fredgraph.csv?id=CPIAUCNS,2026-10-08
us_cpi_fred,1977-08-01,1977-09-15,61.2,https://fred.stlouisfed.org/graph/fredgraph.csv?id=CPIAUCNS,2026-10-08
us_cpi_fred,1977-09-01,1977-10-15,61.4,https://fred.stlouisfed.org/graph/fredgraph.csv?id=CPIAUCNS,2026-10-08
us_cpi_fred,1977-10-01,1977-11-15,61.6,https://fred.stlouisfed.org/graph/fredgraph.csv?id=CPIAUCNS,2026-10-08
us_cpi_fred,1977-11-01,1977-12-15,61.9,https://fred.stlouisfed.org/graph/fredgraph.csv?id=CPIAUCNS,2026-10-08
us_cpi_fred,1977-12-01,1978-01-15,62.1,https://fred.stlouisfed.org/graph/fredgraph.csv?id=CPIAUCNS,2026-10-08
us_cpi_fred,1978-01-01,1978-02-15,62.5,https://fred.stlouisfed.org/graph/fredgraph.csv?id=CPIAUCNS,2026-10-08
us_cpi_fred,1978-02-01,1978-03-15,62.9,https://fred.stlouisfed.org/graph/fredgraph.csv?id=CPIAUCNS,2026-10-08
us_cpi_fred,1978-03-01,1978-04-15,63.4,https://fred.stlouisfed.org/graph/fredgraph.csv?id=CPIAUCNS,2026-10-08
us_cpi_fred,1978-04-01,1978-05-15,63.9,https://fred.stlouisfed.org/graph/fredgraph.csv?id=CPIAUCNS,2026-10-08
us_cpi_fred,1978-05-01,1978-06-15,64.5,https://fred.stlouisfed.org/graph/fredgraph.csv?id=CPIAUCNS,2026-10-08
us_cpi_fred,1978-06-01,1978-07-15,65.2,https://fred.stlouisfed.org/graph/fredgraph.csv?id=CPIAUCNS,2026-10-08
us_cpi_fred,1978-07-01,1978-08-15,65.7,https://fred.stlouisfed.org/graph/fredgraph.csv?id=CPIAUCNS,2026-10-08
us_cpi_fred,1978-08-01,1978-09-15,66.0,https://fred.stlouisfed.org/graph/fredgraph.csv?id=CPIAUCNS,2026-10-08
us_cpi_fred,1978-09-01,1978-10-15,66.5,https://fred.stlouisfed.org/graph/fredgraph.csv?id=CPIAUCNS,2026-10-08
us_cpi_fred,1978-10-01,1978-11-15,67.1,https://fred.stlouisfed.org/graph/fredgraph.csv?id=CPIAUCNS,2026-10-08
us_cpi_fred,1978-11-01,1978-12-15,67.4,https://fred.stlouisfed.org/graph/fredgraph.csv?id=CPIAUCNS,2026-10-08
us_cpi_fred,1978-12-01,1979-01-15,67.7,https://fred.stlouisfed.org/graph/fredgraph.csv?id=CPIAUCNS,2026-10-08
us_cpi_fred,1979-01-01,1979-02-15,68.3,https://fred.stlouisfed.org/graph/fredgraph.csv?id=CPIAUCNS,2026-10-08
us_cpi_fred,1979-02-01,1979-03-15,69.1,https://fred.stlouisfed.org/graph/fredgraph.csv?id=CPIAUCNS,2026-10-08
us_cpi_fred,1979-03-01,1979-04-15,69.8,https://fred.stlouisfed.org/graph/fredgraph.csv?id=CPIAUCNS,2026-10-08
us_cpi_fred,1979-04-01,1979-05-15,70.6,https://fred.stlouisfed.org/graph/fredgraph.csv?id=CPIAUCNS,2026-10-08
us_cpi_fred,1979-05-01,1979-06-15,71.5,https://fred.stlouisfed.org/graph/fredgraph.csv?id=CPIAUCNS,2026-10-08
us_cpi_fred,1979-06-01,1979-07-15,72.3,https://fred.stlouisfed.org/graph/fredgraph.csv?id=CPIAUCNS,2026-10-08
us_cpi_fred,1979-07-01,1979-08-15,73.1,https://fred.stlouisfed.org/graph/fredgraph.csv?id=CPIAUCNS,2026-10-08
us_cpi_fred,1979-08-01,1979-09-15,73.8,https://fred.stlouisfed.org/graph/fredgraph.csv?id=CPIAUCNS,2026-10-08
us_cpi_fred,1979-09-01,1979-10-15,74.6,https://fred.stlouisfed.org/graph/fredgraph.csv?id=CPIAUCNS,2026-10-08
us_cpi_fred,1979-10-01,1979-11-15,75.2,https://fred.stlouisfed.org/graph/fredgraph.csv?id=CPIAUCNS,2026-10-08
us_cpi_fred,1979-11-01,1979-12-15,75.9,https://fred.stlouisfed.org/graph/fredgraph.csv?id=CPIAUCNS,2026-10-08
us_cpi_fred,1979-12-01,1980-01-15,76.7,https://fred.stlouisfed.org/graph/fredgraph.csv?id=CPIAUCNS,2026-10-08
us_cpi_fred,1980-01-01,1980-02-15,77.8,https://fred.stlouisfed.org/graph/fredgraph.csv?id=CPIAUCNS,2026-10-08
us_cpi_fred,1980-02-01,1980-03-15,78.9,https://fred.stlouisfed.org/graph/fredgraph.csv?id=CPIAUCNS,2026-10-08
us_cpi_fred,1980-03-01,1980-04-15,80.1,https://fred.stlouisfed.org/graph/fredgraph.csv?id=CPIAUCNS,2026-10-08
us_cpi_fred,1980-04-01,1980-05-15,81.0,https://fred.stlouisfed.org/graph/fredgraph.csv?id=CPIAUCNS,2026-10-08
us_cpi_fred,1980-05-01,1980-06-15,81.8,https://fred.stlouisfed.org/graph/fredgraph.csv?id=CPIAUCNS,2026-10-08
us_cpi_fred,1980-06-01,1980-07-15,82.7,https://fred.stlouisfed.org/graph/fredgraph.csv?id=CPIAUCNS,2026-10-08
us_cpi_fred,1980-07-01,1980-08-15,82.7,https://fred.stlouisfed.org/graph/fredgraph.csv?id=CPIAUCNS,2026-10-08
us_cpi_fred,1980-08-01,1980-09-15,83.3,https://fred.stlouisfed.org/graph/fredgraph.csv?id=CPIAUCNS,2026-10-08
us_cpi_fred,1980-09-01,1980-10-15,84.0,https://fred.stlouisfed.org/graph/fredgraph.csv?id=CPIAUCNS,2026-10-08
us_cpi_fred,1980-10-01,1980-11-15,84.8,https://fred.stlouisfed.org/graph/fredgraph.csv?id=CPIAUCNS,2026-10-08
us_cpi_fred,1980-11-01,1980-12-15,85.5,https://fred.stlouisfed.org/graph/fredgraph.csv?id=CPIAUCNS,2026-10-08
us_cpi_fred,1980-12-01,1981-01-15,86.3,https://fred.stlouisfed.org/graph/fredgraph.csv?id=CPIAUCNS,2026-10-08
us_cpi_fred,1981-01-01,1981-02-15,87.0,https://fred.stlouisfed.org/graph/fredgraph.csv?id=CPIAUCNS,2026-10-08
us_cpi_fred,1981-02-01,1981-03-15,87.9,https://fred.stlouisfed.org/graph/fredgraph.csv?id=CPIAUCNS,2026-10-08
us_cpi_fred,1981-03-01,1981-04-15,88.5,https://fred.stlouisfed.org/graph/fredgraph.csv?id=CPIAUCNS,2026-10-08
us_cpi_fred,1981-04-01,1981-05-15,89.1,https://fred.stlouisfed.org/graph/fredgraph.csv?id=CPIAUCNS,2026-10-08
us_cpi_fred,1981-05-01,1981-06-15,89.8,https://fred.stlouisfed.org/graph/fredgraph.csv?id=CPIAUCNS,2026-10-08
us_cpi_fred,1981-06-01,1981-07-15,90.6,https://fred.stlouisfed.org/graph/fredgraph.csv?id=CPIAUCNS,2026-10-08
us_cpi_fred,1981-07-01,1981-08-15,91.6,https://fred.stlouisfed.org/graph/fredgraph.csv?id=CPIAUCNS,2026-10-08
us_cpi_fred,1981-08-01,1981-09-15,92.3,https://fred.stlouisfed.org/graph/fredgraph.csv?id=CPIAUCNS,2026-10-08
us_cpi_fred,1981-09-01,1981-10-15,93.2,https://fred.stlouisfed.org/graph/fredgraph.csv?id=CPIAUCNS,2026-10-08
us_cpi_fred,1981-10-01,1981-11-15,93.4,https://fred.stlouisfed.org/graph/fredgraph.csv?id=CPIAUCNS,2026-10-08
us_cpi_fred,1981-11-01,1981-12-15,93.7,https://fred.stlouisfed.org/graph/fredgraph.csv?id=CPIAUCNS,2026-10-08
us_cpi_fred,1981-12-01,1982-01-15,94.0,https://fred.stlouisfed.org/graph/fredgraph.csv?id=CPIAUCNS,2026-10-08
us_cpi_fred,1982-01-01,1982-02-15,94.3,https://fred.stlouisfed.org/graph/fredgraph.csv?id=CPIAUCNS,2026-10-08
us_cpi_fred,1982-02-01,1982-03-15,94.6,https://fred.stlouisfed.org/graph/fredgraph.csv?id=CPIAUCNS,2026-10-08
us_cpi_fred,1982-03-01,1982-04-15,94.5,https://fred.stlouisfed.org/graph/fredgraph.csv?id=CPIAUCNS,2026-10-08
us_cpi_fred,1982-04-01,1982-05-15,94.9,https://fred.stlouisfed.org/graph/fredgraph.csv?id=CPIAUCNS,2026-10-08
us_cpi_fred,1982-05-01,1982-06-15,95.8,https://fred.stlouisfed.org/graph/fredgraph.csv?id=CPIAUCNS,2026-10-08
us_cpi_fred,1982-06-01,1982-07-15,97.0,https://fred.stlouisfed.org/graph/fredgraph.csv?id=CPIAUCNS,2026-10-08
us_cpi_fred,1982-07-01,1982-08-15,97.5,https://fred.stlouisfed.org/graph/fredgraph.csv?id=CPIAUCNS,2026-10-08
us_cpi_fred,1982-08-01,1982-09-15,97.7,https://fred.stlouisfed.org/graph/fredgraph.csv?id=CPIAUCNS,2026-10-08
us_cpi_fred,1982-09-01,1982-10-15,97.9,https://fred.stlouisfed.org/graph/fredgraph.csv?id=CPIAUCNS,2026-10-08
us_cpi_fred,1982-10-01,1982-11-15,98.2,https://fred.stlouisfed.org/graph/fredgraph.csv?id=CPIAUCNS,2026-10-08
us_cpi_fred,1982-11-01,1982-12-15,98.0,https://fred.stlouisfed.org/graph/fredgraph.csv?id=CPIAUCNS,2026-10-08
us_cpi_fred,1982-12-01,1983-01-15,97.6,https://fred.stlouisfed.org/graph/fredgraph.csv?id=CPIAUCNS,2026-10-08
us_cpi_fred,1983-01-01,1983-02-15,97.8,https://fred.stlouisfed.org/graph/fredgraph.csv?id=CPIAUCNS,2026-10-08
us_cpi_fred,1983-02-01,1983-03-15,97.9,https://fred.stlouisfed.org/graph/fredgraph.csv?id=CPIAUCNS,2026-10-08
us_cpi_fred,1983-03-01,1983-04-15,97.9,https://fred.stlouisfed.org/graph/fredgraph.csv?id=CPIAUCNS,2026-10-08
us_cpi_fred,1983-04-01,1983-05-15,98.6,https://fred.stlouisfed.org/graph/fredgraph.csv?id=CPIAUCNS,2026-10-08
us_cpi_fred,1983-05-01,1983-06-15,99.2,https://fred.stlouisfed.org/graph/fredgraph.csv?id=CPIAUCNS,2026-10-08
us_cpi_fred,1983-06-01,1983-07-15,99.5,https://fred.stlouisfed.org/graph/fredgraph.csv?id=CPIAUCNS,2026-10-08
us_cpi_fred,1983-07-01,1983-08-15,99.9,https://fred.stlouisfed.org/graph/fredgraph.csv?id=CPIAUCNS,2026-10-08
us_cpi_fred,1983-08-01,1983-09-15,100.2,https://fred.stlouisfed.org/graph/fredgraph.csv?id=CPIAUCNS,2026-10-08
us_cpi_fred,1983-09-01,1983-10-15,100.7,https://fred.stlouisfed.org/graph/fredgraph.csv?id=CPIAUCNS,2026-10-08
us_cpi_fred,1983-10-01,1983-11-15,101.0,https://fred.stlouisfed.org/graph/fredgraph.csv?id=CPIAUCNS,2026-10-08
us_cpi_fred,1983-11-01,1983-12-15,101.2,https://fred.stlouisfed.org/graph/fredgraph.csv?id=CPIAUCNS,2026-10-08
us_cpi_fred,1983-12-01,1984-01-15,101.3,https://fred.stlouisfed.org/graph/fredgraph.csv?id=CPIAUCNS,2026-10-08
us_cpi_fred,1984-01-01,1984-02-15,101.9,https://fred.stlouisfed.org/graph/fredgraph.csv?id=CPIAUCNS,2026-10-08
us_cpi_fred,1984-02-01,1984-03-15,102.4,https://fred.stlouisfed.org/graph/fredgraph.csv?id=CPIAUCNS,2026-10-08
us_cpi_fred,1984-03-01,1984-04-15,102.6,https://fred.stlouisfed.org/graph/fredgraph.csv?id=CPIAUCNS,2026-10-08
us_cpi_fred,1984-04-01,1984-05-15,103.1,https://fred.stlouisfed.org/graph/fredgraph.csv?id=CPIAUCNS,2026-10-08
us_cpi_fred,1984-05-01,1984-06-15,103.4,https://fred.stlouisfed.org/graph/fredgraph.csv?id=CPIAUCNS,2026-10-08
us_cpi_fred,1984-06-01,1984-07-15,103.7,https://fred.stlouisfed.org/graph/fredgraph.csv?id=CPIAUCNS,2026-10-08
us_cpi_fred,1984-07-01,1984-08-15,104.1,https://fred.stlouisfed.org/graph/fredgraph.csv?id=CPIAUCNS,2026-10-08
us_cpi_fred,1984-08-01,1984-09-15,104.5,https://fred.stlouisfed.org/graph/fredgraph.csv?id=CPIAUCNS,2026-10-08
us_cpi_fred,1984-09-01,1984-10-15,105.0,https://fred.stlouisfed.org/graph/fredgraph.csv?id=CPIAUCNS,2026-10-08
us_cpi_fred,1984-10-01,1984-11-15,105.3,https://fred.stlouisfed.org/graph/fredgraph.csv?id=CPIAUCNS,2026-10-08
us_cpi_fred,1984-11-01,1984-12-15,105.3,https://fred.stlouisfed.org/graph/fredgraph.csv?id=CPIAUCNS,2026-10-08
us_cpi_fred,1984-12-01,1985-01-15,105.3,https://fred.stlouisfed.org/graph/fredgraph.csv?id=CPIAUCNS,2026-10-08
us_cpi_fred,1985-01-01,1985-02-15,105.5,https://fred.stlouisfed.org/graph/fredgraph.csv?id=CPIAUCNS,2026-10-08
us_cpi_fred,1985-02-01,1985-03-15,106.0,https://fred.stlouisfed.org/graph/fredgraph.csv?id=CPIAUCNS,2026-10-08
us_cpi_fred,1985-03-01,1985-04-15,106.4,https://fred.stlouisfed.org/graph/fredgraph.csv?id=CPIAUCNS,2026-10-08
us_cpi_fred,1985-04-01,1985-05-15,106.9,https://fred.stlouisfed.org/graph/fredgraph.csv?id=CPIAUCNS,2026-10-08
us_cpi_fred,1985-05-01,1985-06-15,107.3,https://fred.stlouisfed.org/graph/fredgraph.csv?id=CPIAUCNS,2026-10-08
us_cpi_fred,1985-06-01,1985-07-15,107.6,https://fred.stlouisfed.org/graph/fredgraph.csv?id=CPIAUCNS,2026-10-08
us_cpi_fred,1985-07-01,1985-08-15,107.8,https://fred.stlouisfed.org/graph/fredgraph.csv?id=CPIAUCNS,2026-10-08
us_cpi_fred,1985-08-01,1985-09-15,108.0,https://fred.stlouisfed.org/graph/fredgraph.csv?id=CPIAUCNS,2026-10-08
us_cpi_fred,1985-09-01,1985-10-15,108.3,https://fred.stlouisfed.org/graph/fredgraph.csv?id=CPIAUCNS,2026-10-08
us_cpi_fred,1985-10-01,1985-11-15,108.7,https://fred.stlouisfed.org/graph/fredgraph.csv?id=CPIAUCNS,2026-10-08
us_cpi_fred,1985-11-01,1985-12-15,109.0,https://fred.stlouisfed.org/graph/fredgraph.csv?id=CPIAUCNS,2026-10-08
us_cpi_fred,1985-12-01,1986-01-15,109.3,https://fred.stlouisfed.org/graph/fredgraph.csv?id=CPIAUCNS,2026-10-08
us_cpi_fred,1986-01-01,1986-02-15,109.6,https://fred.stlouisfed.org/graph/fredgraph.csv?id=CPIAUCNS,2026-10-08
us_cpi_fred,1986-02-01,1986-03-15,109.3,https://fred.stlouisfed.org/graph/fredgraph.csv?id=CPIAUCNS,2026-10-08
us_cpi_fred,1986-03-01,1986-04-15,108.8,https://fred.stlouisfed.org/graph/fredgraph.csv?id=CPIAUCNS,2026-10-08
us_cpi_fred,1986-04-01,1986-05-15,108.6,https://fred.stlouisfed.org/graph/fredgraph.csv?id=CPIAUCNS,2026-10-08
us_cpi_fred,1986-05-01,1986-06-15,108.9,https://fred.stlouisfed.org/graph/fredgraph.csv?id=CPIAUCNS,2026-10-08
us_cpi_fred,1986-06-01,1986-07-15,109.5,https://fred.stlouisfed.org/graph/fredgraph.csv?id=CPIAUCNS,2026-10-08
us_cpi_fred,1986-07-01,1986-08-15,109.5,https://fred.stlouisfed.org/graph/fredgraph.csv?id=CPIAUCNS,2026-10-08
us_cpi_fred,1986-08-01,1986-09-15,109.7,https://fred.stlouisfed.org/graph/fredgraph.csv?id=CPIAUCNS,2026-10-08
us_cpi_fred,1986-09-01,1986-10-15,110.2,https://fred.stlouisfed.org/graph/fredgraph.csv?id=CPIAUCNS,2026-10-08
us_cpi_fred,1986-10-01,1986-11-15,110.3,https://fred.stlouisfed.org/graph/fredgraph.csv?id=CPIAUCNS,2026-10-08
us_cpi_fred,1986-11-01,1986-12-15,110.4,https://fred.stlouisfed.org/graph/fredgraph.csv?id=CPIAUCNS,2026-10-08
us_cpi_fred,1986-12-01,1987-01-15,110.5,https://fred.stlouisfed.org/graph/fredgraph.csv?id=CPIAUCNS,2026-10-08
us_cpi_fred,1987-01-01,1987-02-15,111.2,https://fred.stlouisfed.org/graph/fredgraph.csv?id=CPIAUCNS,2026-10-08
us_cpi_fred,1987-02-01,1987-03-15,111.6,https://fred.stlouisfed.org/graph/fredgraph.csv?id=CPIAUCNS,2026-10-08
us_cpi_fred,1987-03-01,1987-04-15,112.1,https://fred.stlouisfed.org/graph/fredgraph.csv?id=CPIAUCNS,2026-10-08
us_cpi_fred,1987-04-01,1987-05-15,112.7,https://fred.stlouisfed.org/graph/fredgraph.csv?id=CPIAUCNS,2026-10-08
us_cpi_fred,1987-05-01,1987-06-15,113.1,https://fred.stlouisfed.org/graph/fredgraph.csv?id=CPIAUCNS,2026-10-08
us_cpi_fred,1987-06-01,1987-07-15,113.5,https://fred.stlouisfed.org/graph/fredgraph.csv?id=CPIAUCNS,2026-10-08
us_cpi_fred,1987-07-01,1987-08-15,113.8,https://fred.stlouisfed.org/graph/fredgraph.csv?id=CPIAUCNS,2026-10-08
us_cpi_fred,1987-08-01,1987-09-15,114.4,https://fred.stlouisfed.org/graph/fredgraph.csv?id=CPIAUCNS,2026-10-08
us_cpi_fred,1987-09-01,1987-10-15,115.0,https://fred.stlouisfed.org/graph/fredgraph.csv?id=CPIAUCNS,2026-10-08
us_cpi_fred,1987-10-01,1987-11-15,115.3,https://fred.stlouisfed.org/graph/fredgraph.csv?id=CPIAUCNS,2026-10-08
us_cpi_fred,1987-11-01,1987-12-15,115.4,https://fred.stlouisfed.org/graph/fredgraph.csv?id=CPIAUCNS,2026-10-08
us_cpi_fred,1987-12-01,1988-01-15,115.4,https://fred.stlouisfed.org/graph/fredgraph.csv?id=CPIAUCNS,2026-10-08
us_cpi_fred,1988-01-01,1988-02-15,115.7,https://fred.stlouisfed.org/graph/fredgraph.csv?id=CPIAUCNS,2026-10-08
us_cpi_fred,1988-02-01,1988-03-15,116.0,https://fred.stlouisfed.org/graph/fredgraph.csv?id=CPIAUCNS,2026-10-08
us_cpi_fred,1988-03-01,1988-04-15,116.5,https://fred.stlouisfed.org/graph/fredgraph.csv?id=CPIAUCNS,2026-10-08
us_cpi_fred,1988-04-01,1988-05-15,117.1,https://fred.stlouisfed.org/graph/fredgraph.csv?id=CPIAUCNS,2026-10-08
us_cpi_fred,1988-05-01,1988-06-15,117.5,https://fred.stlouisfed.org/graph/fredgraph.csv?id=CPIAUCNS,2026-10-08
us_cpi_fred,1988-06-01,1988-07-15,118.0,https://fred.stlouisfed.org/graph/fredgraph.csv?id=CPIAUCNS,2026-10-08
us_cpi_fred,1988-07-01,1988-08-15,118.5,https://fred.stlouisfed.org/graph/fredgraph.csv?id=CPIAUCNS,2026-10-08
us_cpi_fred,1988-08-01,1988-09-15,119.0,https://fred.stlouisfed.org/graph/fredgraph.csv?id=CPIAUCNS,2026-10-08
us_cpi_fred,1988-09-01,1988-10-15,119.8,https://fred.stlouisfed.org/graph/fredgraph.csv?id=CPIAUCNS,2026-10-08
us_cpi_fred,1988-10-01,1988-11-15,120.2,https://fred.stlouisfed.org/graph/fredgraph.csv?id=CPIAUCNS,2026-10-08
us_cpi_fred,1988-11-01,1988-12-15,120.3,https://fred.stlouisfed.org/graph/fredgraph.csv?id=CPIAUCNS,2026-10-08
us_cpi_fred,1988-12-01,1989-01-15,120.5,https://fred.stlouisfed.org/graph/fredgraph.csv?id=CPIAUCNS,2026-10-08
us_cpi_fred,1989-01-01,1989-02-15,121.1,https://fred.stlouisfed.org/graph/fredgraph.csv?id=CPIAUCNS,2026-10-08
us_cpi_fred,1989-02-01,1989-03-15,121.6,https://fred.stlouisfed.org/graph/fredgraph.csv?id=CPIAUCNS,2026-10-08
us_cpi_fred,1989-03-01,1989-04-15,122.3,https://fred.stlouisfed.org/graph/fredgraph.csv?id=CPIAUCNS,2026-10-08
us_cpi_fred,1989-04-01,1989-05-15,123.1,https://fred.stlouisfed.org/graph/fredgraph.csv?id=CPIAUCNS,2026-10-08
us_cpi_fred,1989-05-01,1989-06-15,123.8,https://fred.stlouisfed.org/graph/fredgraph.csv?id=CPIAUCNS,2026-10-08
us_cpi_fred,1989-06-01,1989-07-15,124.1,https://fred.stlouisfed.org/graph/fredgraph.csv?id=CPIAUCNS,2026-10-08
us_cpi_fred,1989-07-01,1989-08-15,124.4,https://fred.stlouisfed.org/graph/fredgraph.csv?id=CPIAUCNS,2026-10-08
us_cpi_fred,1989-08-01,1989-09-15,124.6,https://fred.stlouisfed.org/graph/fredgraph.csv?id=CPIAUCNS,2026-10-08
us_cpi_fred,1989-09-01,1989-10-15,125.0,https://fred.stlouisfed.org/graph/fredgraph.csv?id=CPIAUCNS,2026-10-08
us_cpi_fred,1989-10-01,1989-11-15,125.6,https://fred.stlouisfed.org/graph/fredgraph.csv?id=CPIAUCNS,2026-10-08
us_cpi_fred,1989-11-01,1989-12-15,125.9,https://fred.stlouisfed.org/graph/fredgraph.csv?id=CPIAUCNS,2026-10-08
us_cpi_fred,1989-12-01,1990-01-15,126.1,https://fred.stlouisfed.org/graph/fredgraph.csv?id=CPIAUCNS,2026-10-08
us_cpi_fred,1990-01-01,1990-02-15,127.4,https://fred.stlouisfed.org/graph/fredgraph.csv?id=CPIAUCNS,2026-10-08
us_cpi_fred,1990-02-01,1990-03-15,128.0,https://fred.stlouisfed.org/graph/fredgraph.csv?id=CPIAUCNS,2026-10-08
us_cpi_fred,1990-03-01,1990-04-15,128.7,https://fred.stlouisfed.org/graph/fredgraph.csv?id=CPIAUCNS,2026-10-08
us_cpi_fred,1990-04-01,1990-05-15,128.9,https://fred.stlouisfed.org/graph/fredgraph.csv?id=CPIAUCNS,2026-10-08
us_cpi_fred,1990-05-01,1990-06-15,129.2,https://fred.stlouisfed.org/graph/fredgraph.csv?id=CPIAUCNS,2026-10-08
us_cpi_fred,1990-06-01,1990-07-15,129.9,https://fred.stlouisfed.org/graph/fredgraph.csv?id=CPIAUCNS,2026-10-08
us_cpi_fred,1990-07-01,1990-08-15,130.4,https://fred.stlouisfed.org/graph/fredgraph.csv?id=CPIAUCNS,2026-10-08
us_cpi_fred,1990-08-01,1990-09-15,131.6,https://fred.stlouisfed.org/graph/fredgraph.csv?id=CPIAUCNS,2026-10-08
us_cpi_fred,1990-09-01,1990-10-15,132.7,https://fred.stlouisfed.org/graph/fredgraph.csv?id=CPIAUCNS,2026-10-08
us_cpi_fred,1990-10-01,1990-11-15,133.5,https://fred.stlouisfed.org/graph/fredgraph.csv?id=CPIAUCNS,2026-10-08
us_cpi_fred,1990-11-01,1990-12-15,133.8,https://fred.stlouisfed.org/graph/fredgraph.csv?id=CPIAUCNS,2026-10-08
us_cpi_fred,1990-12-01,1991-01-15,133.8,https://fred.stlouisfed.org/graph/fredgraph.csv?id=CPIAUCNS,2026-10-08
us_cpi_fred,1991-01-01,1991-02-15,134.6,https://fred.stlouisfed.org/graph/fredgraph.csv?id=CPIAUCNS,2026-10-08
us_cpi_fred,1991-02-01,1991-03-15,134.8,https://fred.stlouisfed.org/graph/fredgraph.csv?id=CPIAUCNS,2026-10-08
us_cpi_fred,1991-03-01,1991-04-15,135.0,https://fred.stlouisfed.org/graph/fredgraph.csv?id=CPIAUCNS,2026-10-08
us_cpi_fred,1991-04-01,1991-05-15,135.2,https://fred.stlouisfed.org/graph/fredgraph.csv?id=CPIAUCNS,2026-10-08
us_cpi_fred,1991-05-01,1991-06-15,135.6,https://fred.stlouisfed.org/graph/fredgraph.csv?id=CPIAUCNS,2026-10-08
us_cpi_fred,1991-06-01,1991-07-15,136.0,https://fred.stlouisfed.org/graph/fredgraph.csv?id=CPIAUCNS,2026-10-08
us_cpi_fred,1991-07-01,1991-08-15,136.2,https://fred.stlouisfed.org/graph/fredgraph.csv?id=CPIAUCNS,2026-10-08
us_cpi_fred,1991-08-01,1991-09-15,136.6,https://fred.stlouisfed.org/graph/fredgraph.csv?id=CPIAUCNS,2026-10-08
us_cpi_fred,1991-09-01,1991-10-15,137.2,https://fred.stlouisfed.org/graph/fredgraph.csv?id=CPIAUCNS,2026-10-08
us_cpi_fred,1991-10-01,1991-11-15,137.4,https://fred.stlouisfed.org/graph/fredgraph.csv?id=CPIAUCNS,2026-10-08
us_cpi_fred,1991-11-01,1991-12-15,137.8,https://fred.stlouisfed.org/graph/fredgraph.csv?id=CPIAUCNS,2026-10-08
us_cpi_fred,1991-12-01,1992-01-15,137.9,https://fred.stlouisfed.org/graph/fredgraph.csv?id=CPIAUCNS,2026-10-08
us_cpi_fred,1992-01-01,1992-02-15,138.1,https://fred.stlouisfed.org/graph/fredgraph.csv?id=CPIAUCNS,2026-10-08
us_cpi_fred,1992-02-01,1992-03-15,138.6,https://fred.stlouisfed.org/graph/fredgraph.csv?id=CPIAUCNS,2026-10-08
us_cpi_fred,1992-03-01,1992-04-15,139.3,https://fred.stlouisfed.org/graph/fredgraph.csv?id=CPIAUCNS,2026-10-08
us_cpi_fred,1992-04-01,1992-05-15,139.5,https://fred.stlouisfed.org/graph/fredgraph.csv?id=CPIAUCNS,2026-10-08
us_cpi_fred,1992-05-01,1992-06-15,139.7,https://fred.stlouisfed.org/graph/fredgraph.csv?id=CPIAUCNS,2026-10-08
us_cpi_fred,1992-06-01,1992-07-15,140.2,https://fred.stlouisfed.org/graph/fredgraph.csv?id=CPIAUCNS,2026-10-08
us_cpi_fred,1992-07-01,1992-08-15,140.5,https://fred.stlouisfed.org/graph/fredgraph.csv?id=CPIAUCNS,2026-10-08
us_cpi_fred,1992-08-01,1992-09-15,140.9,https://fred.stlouisfed.org/graph/fredgraph.csv?id=CPIAUCNS,2026-10-08
us_cpi_fred,1992-09-01,1992-10-15,141.3,https://fred.stlouisfed.org/graph/fredgraph.csv?id=CPIAUCNS,2026-10-08
us_cpi_fred,1992-10-01,1992-11-15,141.8,https://fred.stlouisfed.org/graph/fredgraph.csv?id=CPIAUCNS,2026-10-08
us_cpi_fred,1992-11-01,1992-12-15,142.0,https://fred.stlouisfed.org/graph/fredgraph.csv?id=CPIAUCNS,2026-10-08
us_cpi_fred,1992-12-01,1993-01-15,141.9,https://fred.stlouisfed.org/graph/fredgraph.csv?id=CPIAUCNS,2026-10-08
us_cpi_fred,1993-01-01,1993-02-15,142.6,https://fred.stlouisfed.org/graph/fredgraph.csv?id=CPIAUCNS,2026-10-08
us_cpi_fred,1993-02-01,1993-03-15,143.1,https://fred.stlouisfed.org/graph/fredgraph.csv?id=CPIAUCNS,2026-10-08
us_cpi_fred,1993-03-01,1993-04-15,143.6,https://fred.stlouisfed.org/graph/fredgraph.csv?id=CPIAUCNS,2026-10-08
us_cpi_fred,1993-04-01,1993-05-15,144.0,https://fred.stlouisfed.org/graph/fredgraph.csv?id=CPIAUCNS,2026-10-08
us_cpi_fred,1993-05-01,1993-06-15,144.2,https://fred.stlouisfed.org/graph/fredgraph.csv?id=CPIAUCNS,2026-10-08
us_cpi_fred,1993-06-01,1993-07-15,144.4,https://fred.stlouisfed.org/graph/fredgraph.csv?id=CPIAUCNS,2026-10-08
us_cpi_fred,1993-07-01,1993-08-15,144.4,https://fred.stlouisfed.org/graph/fredgraph.csv?id=CPIAUCNS,2026-10-08
us_cpi_fred,1993-08-01,1993-09-15,144.8,https://fred.stlouisfed.org/graph/fredgraph.csv?id=CPIAUCNS,2026-10-08
us_cpi_fred,1993-09-01,1993-10-15,145.1,https://fred.stlouisfed.org/graph/fredgraph.csv?id=CPIAUCNS,2026-10-08
us_cpi_fred,1993-10-01,1993-11-15,145.7,https://fred.stlouisfed.org/graph/fredgraph.csv?id=CPIAUCNS,2026-10-08
us_cpi_fred,1993-11-01,1993-12-15,145.8,https://fred.stlouisfed.org/graph/fredgraph.csv?id=CPIAUCNS,2026-10-08
us_cpi_fred,1993-12-01,1994-01-15,145.8,https://fred.stlouisfed.org/graph/fredgraph.csv?id=CPIAUCNS,2026-10-08
us_cpi_fred,1994-01-01,1994-02-15,146.2,https://fred.stlouisfed.org/graph/fredgraph.csv?id=CPIAUCNS,2026-10-08
us_cpi_fred,1994-02-01,1994-03-15,146.7,https://fred.stlouisfed.org/graph/fredgraph.csv?id=CPIAUCNS,2026-10-08
us_cpi_fred,1994-03-01,1994-04-15,147.2,https://fred.stlouisfed.org/graph/fredgraph.csv?id=CPIAUCNS,2026-10-08
us_cpi_fred,1994-04-01,1994-05-15,147.4,https://fred.stlouisfed.org/graph/fredgraph.csv?id=CPIAUCNS,2026-10-08
us_cpi_fred,1994-05-01,1994-06-15,147.5,https://fred.stlouisfed.org/graph/fredgraph.csv?id=CPIAUCNS,2026-10-08
us_cpi_fred,1994-06-01,1994-07-15,148.0,https://fred.stlouisfed.org/graph/fredgraph.csv?id=CPIAUCNS,2026-10-08
us_cpi_fred,1994-07-01,1994-08-15,148.4,https://fred.stlouisfed.org/graph/fredgraph.csv?id=CPIAUCNS,2026-10-08
us_cpi_fred,1994-08-01,1994-09-15,149.0,https://fred.stlouisfed.org/graph/fredgraph.csv?id=CPIAUCNS,2026-10-08
us_cpi_fred,1994-09-01,1994-10-15,149.4,https://fred.stlouisfed.org/graph/fredgraph.csv?id=CPIAUCNS,2026-10-08
us_cpi_fred,1994-10-01,1994-11-15,149.5,https://fred.stlouisfed.org/graph/fredgraph.csv?id=CPIAUCNS,2026-10-08
us_cpi_fred,1994-11-01,1994-12-15,149.7,https://fred.stlouisfed.org/graph/fredgraph.csv?id=CPIAUCNS,2026-10-08
us_cpi_fred,1994-12-01,1995-01-15,149.7,https://fred.stlouisfed.org/graph/fredgraph.csv?id=CPIAUCNS,2026-10-08
us_cpi_fred,1995-01-01,1995-02-15,150.3,https://fred.stlouisfed.org/graph/fredgraph.csv?id=CPIAUCNS,2026-10-08
us_cpi_fred,1995-02-01,1995-03-15,150.9,https://fred.stlouisfed.org/graph/fredgraph.csv?id=CPIAUCNS,2026-10-08
us_cpi_fred,1995-03-01,1995-04-15,151.4,https://fred.stlouisfed.org/graph/fredgraph.csv?id=CPIAUCNS,2026-10-08
us_cpi_fred,1995-04-01,1995-05-15,151.9,https://fred.stlouisfed.org/graph/fredgraph.csv?id=CPIAUCNS,2026-10-08
us_cpi_fred,1995-05-01,1995-06-15,152.2,https://fred.stlouisfed.org/graph/fredgraph.csv?id=CPIAUCNS,2026-10-08
us_cpi_fred,1995-06-01,1995-07-15,152.5,https://fred.stlouisfed.org/graph/fredgraph.csv?id=CPIAUCNS,2026-10-08
us_cpi_fred,1995-07-01,1995-08-15,152.5,https://fred.stlouisfed.org/graph/fredgraph.csv?id=CPIAUCNS,2026-10-08
us_cpi_fred,1995-08-01,1995-09-15,152.9,https://fred.stlouisfed.org/graph/fredgraph.csv?id=CPIAUCNS,2026-10-08
us_cpi_fred,1995-09-01,1995-10-15,153.2,https://fred.stlouisfed.org/graph/fredgraph.csv?id=CPIAUCNS,2026-10-08
us_cpi_fred,1995-10-01,1995-11-15,153.7,https://fred.stlouisfed.org/graph/fredgraph.csv?id=CPIAUCNS,2026-10-08
us_cpi_fred,1995-11-01,1995-12-15,153.6,https://fred.stlouisfed.org/graph/fredgraph.csv?id=CPIAUCNS,2026-10-08
us_cpi_fred,1995-12-01,1996-01-15,153.5,https://fred.stlouisfed.org/graph/fredgraph.csv?id=CPIAUCNS,2026-10-08
us_cpi_fred,1996-01-01,1996-02-15,154.4,https://fred.stlouisfed.org/graph/fredgraph.csv?id=CPIAUCNS,2026-10-08
us_cpi_fred,1996-02-01,1996-03-15,154.9,https://fred.stlouisfed.org/graph/fredgraph.csv?id=CPIAUCNS,2026-10-08
us_cpi_fred,1996-03-01,1996-04-15,155.7,https://fred.stlouisfed.org/graph/fredgraph.csv?id=CPIAUCNS,2026-10-08
us_cpi_fred,1996-04-01,1996-05-15,156.3,https://fred.stlouisfed.org/graph/fredgraph.csv?id=CPIAUCNS,2026-10-08
us_cpi_fred,1996-05-01,1996-06-15,156.6,https://fred.stlouisfed.org/graph/fredgraph.csv?id=CPIAUCNS,2026-10-08
us_cpi_fred,1996-06-01,1996-07-15,156.7,https://fred.stlouisfed.org/graph/fredgraph.csv?id=CPIAUCNS,2026-10-08
us_cpi_fred,1996-07-01,1996-08-15,157.0,https://fred.stlouisfed.org/graph/fredgraph.csv?id=CPIAUCNS,2026-10-08
us_cpi_fred,1996-08-01,1996-09-15,157.3,https://fred.stlouisfed.org/graph/fredgraph.csv?id=CPIAUCNS,2026-10-08
us_cpi_fred,1996-09-01,1996-10-15,157.8,https://fred.stlouisfed.org/graph/fredgraph.csv?id=CPIAUCNS,2026-10-08
us_cpi_fred,1996-10-01,1996-11-15,158.3,https://fred.stlouisfed.org/graph/fredgraph.csv?id=CPIAUCNS,2026-10-08
us_cpi_fred,1996-11-01,1996-12-15,158.6,https://fred.stlouisfed.org/graph/fredgraph.csv?id=CPIAUCNS,2026-10-08
us_cpi_fred,1996-12-01,1997-01-15,158.6,https://fred.stlouisfed.org/graph/fredgraph.csv?id=CPIAUCNS,2026-10-08
us_cpi_fred,1997-01-01,1997-02-15,159.1,https://fred.stlouisfed.org/graph/fredgraph.csv?id=CPIAUCNS,2026-10-08
us_cpi_fred,1997-02-01,1997-03-15,159.6,https://fred.stlouisfed.org/graph/fredgraph.csv?id=CPIAUCNS,2026-10-08
us_cpi_fred,1997-03-01,1997-04-15,160.0,https://fred.stlouisfed.org/graph/fredgraph.csv?id=CPIAUCNS,2026-10-08
us_cpi_fred,1997-04-01,1997-05-15,160.2,https://fred.stlouisfed.org/graph/fredgraph.csv?id=CPIAUCNS,2026-10-08
us_cpi_fred,1997-05-01,1997-06-15,160.1,https://fred.stlouisfed.org/graph/fredgraph.csv?id=CPIAUCNS,2026-10-08
us_cpi_fred,1997-06-01,1997-07-15,160.3,https://fred.stlouisfed.org/graph/fredgraph.csv?id=CPIAUCNS,2026-10-08
us_cpi_fred,1997-07-01,1997-08-15,160.5,https://fred.stlouisfed.org/graph/fredgraph.csv?id=CPIAUCNS,2026-10-08
us_cpi_fred,1997-08-01,1997-09-15,160.8,https://fred.stlouisfed.org/graph/fredgraph.csv?id=CPIAUCNS,2026-10-08
us_cpi_fred,1997-09-01,1997-10-15,161.2,https://fred.stlouisfed.org/graph/fredgraph.csv?id=CPIAUCNS,2026-10-08
us_cpi_fred,1997-10-01,1997-11-15,161.6,https://fred.stlouisfed.org/graph/fredgraph.csv?id=CPIAUCNS,2026-10-08
us_cpi_fred,1997-11-01,1997-12-15,161.5,https://fred.stlouisfed.org/graph/fredgraph.csv?id=CPIAUCNS,2026-10-08
us_cpi_fred,1997-12-01,1998-01-15,161.3,https://fred.stlouisfed.org/graph/fredgraph.csv?id=CPIAUCNS,2026-10-08
us_cpi_fred,1998-01-01,1998-02-15,161.6,https://fred.stlouisfed.org/graph/fredgraph.csv?id=CPIAUCNS,2026-10-08
us_cpi_fred,1998-02-01,1998-03-15,161.9,https://fred.stlouisfed.org/graph/fredgraph.csv?id=CPIAUCNS,2026-10-08
us_cpi_fred,1998-03-01,1998-04-15,162.2,https://fred.stlouisfed.org/graph/fredgraph.csv?id=CPIAUCNS,2026-10-08
us_cpi_fred,1998-04-01,1998-05-15,162.5,https://fred.stlouisfed.org/graph/fredgraph.csv?id=CPIAUCNS,2026-10-08
us_cpi_fred,1998-05-01,1998-06-15,162.8,https://fred.stlouisfed.org/graph/fredgraph.csv?id=CPIAUCNS,2026-10-08
us_cpi_fred,1998-06-01,1998-07-15,163.0,https://fred.stlouisfed.org/graph/fredgraph.csv?id=CPIAUCNS,2026-10-08
us_cpi_fred,1998-07-01,1998-08-15,163.2,https://fred.stlouisfed.org/graph/fredgraph.csv?id=CPIAUCNS,2026-10-08
us_cpi_fred,1998-08-01,1998-09-15,163.4,https://fred.stlouisfed.org/graph/fredgraph.csv?id=CPIAUCNS,2026-10-08
us_cpi_fred,1998-09-01,1998-10-15,163.6,https://fred.stlouisfed.org/graph/fredgraph.csv?id=CPIAUCNS,2026-10-08
us_cpi_fred,1998-10-01,1998-11-15,164.0,https://fred.stlouisfed.org/graph/fredgraph.csv?id=CPIAUCNS,2026-10-08
us_cpi_fred,1998-11-01,1998-12-15,164.0,https://fred.stlouisfed.org/graph/fredgraph.csv?id=CPIAUCNS,2026-10-08
us_cpi_fred,1998-12-01,1999-01-15,163.9,https://fred.stlouisfed.org/graph/fredgraph.csv?id=CPIAUCNS,2026-10-08
us_cpi_fred,1999-01-01,1999-02-15,164.3,https://fred.stlouisfed.org/graph/fredgraph.csv?id=CPIAUCNS,2026-10-08
us_cpi_fred,1999-02-01,1999-03-15,164.5,https://fred.stlouisfed.org/graph/fredgraph.csv?id=CPIAUCNS,2026-10-08
us_cpi_fred,1999-03-01,1999-04-15,165.0,https://fred.stlouisfed.org/graph/fredgraph.csv?id=CPIAUCNS,2026-10-08
us_cpi_fred,1999-04-01,1999-05-15,166.2,https://fred.stlouisfed.org/graph/fredgraph.csv?id=CPIAUCNS,2026-10-08
us_cpi_fred,1999-05-01,1999-06-15,166.2,https://fred.stlouisfed.org/graph/fredgraph.csv?id=CPIAUCNS,2026-10-08
us_cpi_fred,1999-06-01,1999-07-15,166.2,https://fred.stlouisfed.org/graph/fredgraph.csv?id=CPIAUCNS,2026-10-08
us_cpi_fred,1999-07-01,1999-08-15,166.7,https://fred.stlouisfed.org/graph/fredgraph.csv?id=CPIAUCNS,2026-10-08
us_cpi_fred,1999-08-01,1999-09-15,167.1,https://fred.stlouisfed.org/graph/fredgraph.csv?id=CPIAUCNS,2026-10-08
us_cpi_fred,1999-09-01,1999-10-15,167.9,https://fred.stlouisfed.org/graph/fredgraph.csv?id=CPIAUCNS,2026-10-08
us_cpi_fred,1999-10-01,1999-11-15,168.2,https://fred.stlouisfed.org/graph/fredgraph.csv?id=CPIAUCNS,2026-10-08
us_cpi_fred,1999-11-01,1999-12-15,168.3,https://fred.stlouisfed.org/graph/fredgraph.csv?id=CPIAUCNS,2026-10-08
us_cpi_fred,1999-12-01,2000-01-15,168.3,https://fred.stlouisfed.org/graph/fredgraph.csv?id=CPIAUCNS,2026-10-08
us_cpi_fred,2000-01-01,2000-02-15,168.8,https://fred.stlouisfed.org/graph/fredgraph.csv?id=CPIAUCNS,2026-10-08
us_cpi_fred,2000-02-01,2000-03-15,169.8,https://fred.stlouisfed.org/graph/fredgraph.csv?id=CPIAUCNS,2026-10-08
us_cpi_fred,2000-03-01,2000-04-15,171.2,https://fred.stlouisfed.org/graph/fredgraph.csv?id=CPIAUCNS,2026-10-08
us_cpi_fred,2000-04-01,2000-05-15,171.3,https://fred.stlouisfed.org/graph/fredgraph.csv?id=CPIAUCNS,2026-10-08
us_cpi_fred,2000-05-01,2000-06-15,171.5,https://fred.stlouisfed.org/graph/fredgraph.csv?id=CPIAUCNS,2026-10-08
us_cpi_fred,2000-06-01,2000-07-15,172.4,https://fred.stlouisfed.org/graph/fredgraph.csv?id=CPIAUCNS,2026-10-08
us_cpi_fred,2000-07-01,2000-08-15,172.8,https://fred.stlouisfed.org/graph/fredgraph.csv?id=CPIAUCNS,2026-10-08
us_cpi_fred,2000-08-01,2000-09-15,172.8,https://fred.stlouisfed.org/graph/fredgraph.csv?id=CPIAUCNS,2026-10-08
us_cpi_fred,2000-09-01,2000-10-15,173.7,https://fred.stlouisfed.org/graph/fredgraph.csv?id=CPIAUCNS,2026-10-08
us_cpi_fred,2000-10-01,2000-11-15,174.0,https://fred.stlouisfed.org/graph/fredgraph.csv?id=CPIAUCNS,2026-10-08
us_cpi_fred,2000-11-01,2000-12-15,174.1,https://fred.stlouisfed.org/graph/fredgraph.csv?id=CPIAUCNS,2026-10-08
us_cpi_fred,2000-12-01,2001-01-15,174.0,https://fred.stlouisfed.org/graph/fredgraph.csv?id=CPIAUCNS,2026-10-08
us_cpi_fred,2001-01-01,2001-02-15,175.1,https://fred.stlouisfed.org/graph/fredgraph.csv?id=CPIAUCNS,2026-10-08
us_cpi_fred,2001-02-01,2001-03-15,175.8,https://fred.stlouisfed.org/graph/fredgraph.csv?id=CPIAUCNS,2026-10-08
us_cpi_fred,2001-03-01,2001-04-15,176.2,https://fred.stlouisfed.org/graph/fredgraph.csv?id=CPIAUCNS,2026-10-08
us_cpi_fred,2001-04-01,2001-05-15,176.9,https://fred.stlouisfed.org/graph/fredgraph.csv?id=CPIAUCNS,2026-10-08
us_cpi_fred,2001-05-01,2001-06-15,177.7,https://fred.stlouisfed.org/graph/fredgraph.csv?id=CPIAUCNS,2026-10-08
us_cpi_fred,2001-06-01,2001-07-15,178.0,https://fred.stlouisfed.org/graph/fredgraph.csv?id=CPIAUCNS,2026-10-08
us_cpi_fred,2001-07-01,2001-08-15,177.5,https://fred.stlouisfed.org/graph/fredgraph.csv?id=CPIAUCNS,2026-10-08
us_cpi_fred,2001-08-01,2001-09-15,177.5,https://fred.stlouisfed.org/graph/fredgraph.csv?id=CPIAUCNS,2026-10-08
us_cpi_fred,2001-09-01,2001-10-15,178.3,https://fred.stlouisfed.org/graph/fredgraph.csv?id=CPIAUCNS,2026-10-08
us_cpi_fred,2001-10-01,2001-11-15,177.7,https://fred.stlouisfed.org/graph/fredgraph.csv?id=CPIAUCNS,2026-10-08
us_cpi_fred,2001-11-01,2001-12-15,177.4,https://fred.stlouisfed.org/graph/fredgraph.csv?id=CPIAUCNS,2026-10-08
us_cpi_fred,2001-12-01,2002-01-15,176.7,https://fred.stlouisfed.org/graph/fredgraph.csv?id=CPIAUCNS,2026-10-08
us_cpi_fred,2002-01-01,2002-02-15,177.1,https://fred.stlouisfed.org/graph/fredgraph.csv?id=CPIAUCNS,2026-10-08
us_cpi_fred,2002-02-01,2002-03-15,177.8,https://fred.stlouisfed.org/graph/fredgraph.csv?id=CPIAUCNS,2026-10-08
us_cpi_fred,2002-03-01,2002-04-15,178.8,https://fred.stlouisfed.org/graph/fredgraph.csv?id=CPIAUCNS,2026-10-08
us_cpi_fred,2002-04-01,2002-05-15,179.8,https://fred.stlouisfed.org/graph/fredgraph.csv?id=CPIAUCNS,2026-10-08
us_cpi_fred,2002-05-01,2002-06-15,179.8,https://fred.stlouisfed.org/graph/fredgraph.csv?id=CPIAUCNS,2026-10-08
us_cpi_fred,2002-06-01,2002-07-15,179.9,https://fred.stlouisfed.org/graph/fredgraph.csv?id=CPIAUCNS,2026-10-08
us_cpi_fred,2002-07-01,2002-08-15,180.1,https://fred.stlouisfed.org/graph/fredgraph.csv?id=CPIAUCNS,2026-10-08
us_cpi_fred,2002-08-01,2002-09-15,180.7,https://fred.stlouisfed.org/graph/fredgraph.csv?id=CPIAUCNS,2026-10-08
us_cpi_fred,2002-09-01,2002-10-15,181.0,https://fred.stlouisfed.org/graph/fredgraph.csv?id=CPIAUCNS,2026-10-08
us_cpi_fred,2002-10-01,2002-11-15,181.3,https://fred.stlouisfed.org/graph/fredgraph.csv?id=CPIAUCNS,2026-10-08
us_cpi_fred,2002-11-01,2002-12-15,181.3,https://fred.stlouisfed.org/graph/fredgraph.csv?id=CPIAUCNS,2026-10-08
us_cpi_fred,2002-12-01,2003-01-15,180.9,https://fred.stlouisfed.org/graph/fredgraph.csv?id=CPIAUCNS,2026-10-08
us_cpi_fred,2003-01-01,2003-02-15,181.7,https://fred.stlouisfed.org/graph/fredgraph.csv?id=CPIAUCNS,2026-10-08
us_cpi_fred,2003-02-01,2003-03-15,183.1,https://fred.stlouisfed.org/graph/fredgraph.csv?id=CPIAUCNS,2026-10-08
us_cpi_fred,2003-03-01,2003-04-15,184.2,https://fred.stlouisfed.org/graph/fredgraph.csv?id=CPIAUCNS,2026-10-08
us_cpi_fred,2003-04-01,2003-05-15,183.8,https://fred.stlouisfed.org/graph/fredgraph.csv?id=CPIAUCNS,2026-10-08
us_cpi_fred,2003-05-01,2003-06-15,183.5,https://fred.stlouisfed.org/graph/fredgraph.csv?id=CPIAUCNS,2026-10-08
us_cpi_fred,2003-06-01,2003-07-15,183.7,https://fred.stlouisfed.org/graph/fredgraph.csv?id=CPIAUCNS,2026-10-08
us_cpi_fred,2003-07-01,2003-08-15,183.9,https://fred.stlouisfed.org/graph/fredgraph.csv?id=CPIAUCNS,2026-10-08
us_cpi_fred,2003-08-01,2003-09-15,184.6,https://fred.stlouisfed.org/graph/fredgraph.csv?id=CPIAUCNS,2026-10-08
us_cpi_fred,2003-09-01,2003-10-15,185.2,https://fred.stlouisfed.org/graph/fredgraph.csv?id=CPIAUCNS,2026-10-08
us_cpi_fred,2003-10-01,2003-11-15,185.0,https://fred.stlouisfed.org/graph/fredgraph.csv?id=CPIAUCNS,2026-10-08
us_cpi_fred,2003-11-01,2003-12-15,184.5,https://fred.stlouisfed.org/graph/fredgraph.csv?id=CPIAUCNS,2026-10-08
us_cpi_fred,2003-12-01,2004-01-15,184.3,https://fred.stlouisfed.org/graph/fredgraph.csv?id=CPIAUCNS,2026-10-08
us_cpi_fred,2004-01-01,2004-02-15,185.2,https://fred.stlouisfed.org/graph/fredgraph.csv?id=CPIAUCNS,2026-10-08
us_cpi_fred,2004-02-01,2004-03-15,186.2,https://fred.stlouisfed.org/graph/fredgraph.csv?id=CPIAUCNS,2026-10-08
us_cpi_fred,2004-03-01,2004-04-15,187.4,https://fred.stlouisfed.org/graph/fredgraph.csv?id=CPIAUCNS,2026-10-08
us_cpi_fred,2004-04-01,2004-05-15,188.0,https://fred.stlouisfed.org/graph/fredgraph.csv?id=CPIAUCNS,2026-10-08
us_cpi_fred,2004-05-01,2004-06-15,189.1,https://fred.stlouisfed.org/graph/fredgraph.csv?id=CPIAUCNS,2026-10-08
us_cpi_fred,2004-06-01,2004-07-15,189.7,https://fred.stlouisfed.org/graph/fredgraph.csv?id=CPIAUCNS,2026-10-08
us_cpi_fred,2004-07-01,2004-08-15,189.4,https://fred.stlouisfed.org/graph/fredgraph.csv?id=CPIAUCNS,2026-10-08
us_cpi_fred,2004-08-01,2004-09-15,189.5,https://fred.stlouisfed.org/graph/fredgraph.csv?id=CPIAUCNS,2026-10-08
us_cpi_fred,2004-09-01,2004-10-15,189.9,https://fred.stlouisfed.org/graph/fredgraph.csv?id=CPIAUCNS,2026-10-08
us_cpi_fred,2004-10-01,2004-11-15,190.9,https://fred.stlouisfed.org/graph/fredgraph.csv?id=CPIAUCNS,2026-10-08
us_cpi_fred,2004-11-01,2004-12-15,191.0,https://fred.stlouisfed.org/graph/fredgraph.csv?id=CPIAUCNS,2026-10-08
us_cpi_fred,2004-12-01,2005-01-15,190.3,https://fred.stlouisfed.org/graph/fredgraph.csv?id=CPIAUCNS,2026-10-08
us_cpi_fred,2005-01-01,2005-02-15,190.7,https://fred.stlouisfed.org/graph/fredgraph.csv?id=CPIAUCNS,2026-10-08
us_cpi_fred,2005-02-01,2005-03-15,191.8,https://fred.stlouisfed.org/graph/fredgraph.csv?id=CPIAUCNS,2026-10-08
us_cpi_fred,2005-03-01,2005-04-15,193.3,https://fred.stlouisfed.org/graph/fredgraph.csv?id=CPIAUCNS,2026-10-08
us_cpi_fred,2005-04-01,2005-05-15,194.6,https://fred.stlouisfed.org/graph/fredgraph.csv?id=CPIAUCNS,2026-10-08
us_cpi_fred,2005-05-01,2005-06-15,194.4,https://fred.stlouisfed.org/graph/fredgraph.csv?id=CPIAUCNS,2026-10-08
us_cpi_fred,2005-06-01,2005-07-15,194.5,https://fred.stlouisfed.org/graph/fredgraph.csv?id=CPIAUCNS,2026-10-08
us_cpi_fred,2005-07-01,2005-08-15,195.4,https://fred.stlouisfed.org/graph/fredgraph.csv?id=CPIAUCNS,2026-10-08
us_cpi_fred,2005-08-01,2005-09-15,196.4,https://fred.stlouisfed.org/graph/fredgraph.csv?id=CPIAUCNS,2026-10-08
us_cpi_fred,2005-09-01,2005-10-15,198.8,https://fred.stlouisfed.org/graph/fredgraph.csv?id=CPIAUCNS,2026-10-08
us_cpi_fred,2005-10-01,2005-11-15,199.2,https://fred.stlouisfed.org/graph/fredgraph.csv?id=CPIAUCNS,2026-10-08
us_cpi_fred,2005-11-01,2005-12-15,197.6,https://fred.stlouisfed.org/graph/fredgraph.csv?id=CPIAUCNS,2026-10-08
us_cpi_fred,2005-12-01,2006-01-15,196.8,https://fred.stlouisfed.org/graph/fredgraph.csv?id=CPIAUCNS,2026-10-08
us_cpi_fred,2006-01-01,2006-02-15,198.3,https://fred.stlouisfed.org/graph/fredgraph.csv?id=CPIAUCNS,2026-10-08
us_cpi_fred,2006-02-01,2006-03-15,198.7,https://fred.stlouisfed.org/graph/fredgraph.csv?id=CPIAUCNS,2026-10-08
us_cpi_fred,2006-03-01,2006-04-15,199.8,https://fred.stlouisfed.org/graph/fredgraph.csv?id=CPIAUCNS,2026-10-08
us_cpi_fred,2006-04-01,2006-05-15,201.5,https://fred.stlouisfed.org/graph/fredgraph.csv?id=CPIAUCNS,2026-10-08
us_cpi_fred,2006-05-01,2006-06-15,202.5,https://fred.stlouisfed.org/graph/fredgraph.csv?id=CPIAUCNS,2026-10-08
us_cpi_fred,2006-06-01,2006-07-15,202.9,https://fred.stlouisfed.org/graph/fredgraph.csv?id=CPIAUCNS,2026-10-08
us_cpi_fred,2006-07-01,2006-08-15,203.5,https://fred.stlouisfed.org/graph/fredgraph.csv?id=CPIAUCNS,2026-10-08
us_cpi_fred,2006-08-01,2006-09-15,203.9,https://fred.stlouisfed.org/graph/fredgraph.csv?id=CPIAUCNS,2026-10-08
us_cpi_fred,2006-09-01,2006-10-15,202.9,https://fred.stlouisfed.org/graph/fredgraph.csv?id=CPIAUCNS,2026-10-08
us_cpi_fred,2006-10-01,2006-11-15,201.8,https://fred.stlouisfed.org/graph/fredgraph.csv?id=CPIAUCNS,2026-10-08
us_cpi_fred,2006-11-01,2006-12-15,201.5,https://fred.stlouisfed.org/graph/fredgraph.csv?id=CPIAUCNS,2026-10-08
us_cpi_fred,2006-12-01,2007-01-15,201.8,https://fred.stlouisfed.org/graph/fredgraph.csv?id=CPIAUCNS,2026-10-08
us_cpi_fred,2007-01-01,2007-02-15,202.416,https://fred.stlouisfed.org/graph/fredgraph.csv?id=CPIAUCNS,2026-10-08
us_cpi_fred,2007-02-01,2007-03-15,203.499,https://fred.stlouisfed.org/graph/fredgraph.csv?id=CPIAUCNS,2026-10-08
us_cpi_fred,2007-03-01,2007-04-15,205.352,https://fred.stlouisfed.org/graph/fredgraph.csv?id=CPIAUCNS,2026-10-08
us_cpi_fred,2007-04-01,2007-05-15,206.686,https://fred.stlouisfed.org/graph/fredgraph.csv?id=CPIAUCNS,2026-10-08
us_cpi_fred,2007-05-01,2007-06-15,207.949,https://fred.stlouisfed.org/graph/fredgraph.csv?id=CPIAUCNS,2026-10-08
us_cpi_fred,2007-06-01,2007-07-15,208.352,https://fred.stlouisfed.org/graph/fredgraph.csv?id=CPIAUCNS,2026-10-08
us_cpi_fred,2007-07-01,2007-08-15,208.299,https://fred.stlouisfed.org/graph/fredgraph.csv?id=CPIAUCNS,2026-10-08
us_cpi_fred,2007-08-01,2007-09-15,207.917,https://fred.stlouisfed.org/graph/fredgraph.csv?id=CPIAUCNS,2026-10-08
us_cpi_fred,2007-09-01,2007-10-15,208.49,https://fred.stlouisfed.org/graph/fredgraph.csv?id=CPIAUCNS,2026-10-08
us_cpi_fred,2007-10-01,2007-11-15,208.936,https://fred.stlouisfed.org/graph/fredgraph.csv?id=CPIAUCNS,2026-10-08
us_cpi_fred,2007-11-01,2007-12-15,210.177,https://fred.stlouisfed.org/graph/fredgraph.csv?id=CPIAUCNS,2026-10-08
us_cpi_fred,2007-12-01,2008-01-15,210.036,https://fred.stlouisfed.org/graph/fredgraph.csv?id=CPIAUCNS,2026-10-08
us_cpi_fred,2008-01-01,2008-02-15,211.08,https://fred.stlouisfed.org/graph/fredgraph.csv?id=CPIAUCNS,2026-10-08
us_cpi_fred,2008-02-01,2008-03-15,211.693,https://fred.stlouisfed.org/graph/fredgraph.csv?id=CPIAUCNS,2026-10-08
us_cpi_fred,2008-03-01,2008-04-15,213.528,https://fred.stlouisfed.org/graph/fredgraph.csv?id=CPIAUCNS,2026-10-08
us_cpi_fred,2008-04-01,2008-05-15,214.823,https://fred.stlouisfed.org/graph/fredgraph.csv?id=CPIAUCNS,2026-10-08
us_cpi_fred,2008-05-01,2008-06-15,216.632,https://fred.stlouisfed.org/graph/fredgraph.csv?id=CPIAUCNS,2026-10-08
us_cpi_fred,2008-06-01,2008-07-15,218.815,https://fred.stlouisfed.org/graph/fredgraph.csv?id=CPIAUCNS,2026-10-08
us_cpi_fred,2008-07-01,2008-08-15,219.964,https://fred.stlouisfed.org/graph/fredgraph.csv?id=CPIAUCNS,2026-10-08
us_cpi_fred,2008-08-01,2008-09-15,219.086,https://fred.stlouisfed.org/graph/fredgraph.csv?id=CPIAUCNS,2026-10-08
us_cpi_fred,2008-09-01,2008-10-15,218.783,https://fred.stlouisfed.org/graph/fredgraph.csv?id=CPIAUCNS,2026-10-08
us_cpi_fred,2008-10-01,2008-11-15,216.573,https://fred.stlouisfed.org/graph/fredgraph.csv?id=CPIAUCNS,2026-10-08
us_cpi_fred,2008-11-01,2008-12-15,212.425,https://fred.stlouisfed.org/graph/fredgraph.csv?id=CPIAUCNS,2026-10-08
us_cpi_fred,2008-12-01,2009-01-15,210.228,https://fred.stlouisfed.org/graph/fredgraph.csv?id=CPIAUCNS,2026-10-08
us_cpi_fred,2009-01-01,2009-02-15,211.143,https://fred.stlouisfed.org/graph/fredgraph.csv?id=CPIAUCNS,2026-10-08
us_cpi_fred,2009-02-01,2009-03-15,212.193,https://fred.stlouisfed.org/graph/fredgraph.csv?id=CPIAUCNS,2026-10-08
us_cpi_fred,2009-03-01,2009-04-15,212.709,https://fred.stlouisfed.org/graph/fredgraph.csv?id=CPIAUCNS,2026-10-08
us_cpi_fred,2009-04-01,2009-05-15,213.24,https://fred.stlouisfed.org/graph/fredgraph.csv?id=CPIAUCNS,2026-10-08
us_cpi_fred,2009-05-01,2009-06-15,213.856,https://fred.stlouisfed.org/graph/fredgraph.csv?id=CPIAUCNS,2026-10-08
us_cpi_fred,2009-06-01,2009-07-15,215.693,https://fred.stlouisfed.org/graph/fredgraph.csv?id=CPIAUCNS,2026-10-08
us_cpi_fred,2009-07-01,2009-08-15,215.351,https://fred.stlouisfed.org/graph/fredgraph.csv?id=CPIAUCNS,2026-10-08
us_cpi_fred,2009-08-01,2009-09-15,215.834,https://fred.stlouisfed.org/graph/fredgraph.csv?id=CPIAUCNS,2026-10-08
us_cpi_fred,2009-09-01,2009-10-15,215.969,https://fred.stlouisfed.org/graph/fredgraph.csv?id=CPIAUCNS,2026-10-08
us_cpi_fred,2009-10-01,2009-11-15,216.177,https://fred.stlouisfed.org/graph/fredgraph.csv?id=CPIAUCNS,2026-10-08
us_cpi_fred,2009-11-01,2009-12-15,216.33,https://fred.stlouisfed.org/graph/fredgraph.csv?id=CPIAUCNS,2026-10-08
us_cpi_fred,2009-12-01,2010-01-15,215.949,https://fred.stlouisfed.org/graph/fredgraph.csv?id=CPIAUCNS,2026-10-08
us_cpi_fred,2010-01-01,2010-02-15,216.687,https://fred.stlouisfed.org/graph/fredgraph.csv?id=CPIAUCNS,2026-10-08
us_cpi_fred,2010-02-01,2010-03-15,216.741,https://fred.stlouisfed.org/graph/fredgraph.csv?id=CPIAUCNS,2026-10-08
us_cpi_fred,2010-03-01,2010-04-15,217.631,https://fred.stlouisfed.org/graph/fredgraph.csv?id=CPIAUCNS,2026-10-08
us_cpi_fred,2010-04-01,2010-05-15,218.009,https://fred.stlouisfed.org/graph/fredgraph.csv?id=CPIAUCNS,2026-10-08
us_cpi_fred,2010-05-01,2010-06-15,218.178,https://fred.stlouisfed.org/graph/fredgraph.csv?id=CPIAUCNS,2026-10-08
us_cpi_fred,2010-06-01,2010-07-15,217.965,https://fred.stlouisfed.org/graph/fredgraph.csv?id=CPIAUCNS,2026-10-08
us_cpi_fred,2010-07-01,2010-08-15,218.011,https://fred.stlouisfed.org/graph/fredgraph.csv?id=CPIAUCNS,2026-10-08
us_cpi_fred,2010-08-01,2010-09-15,218.312,https://fred.stlouisfed.org/graph/fredgraph.csv?id=CPIAUCNS,2026-10-08
us_cpi_fred,2010-09-01,2010-10-15,218.439,https://fred.stlouisfed.org/graph/fredgraph.csv?id=CPIAUCNS,2026-10-08
us_cpi_fred,2010-10-01,2010-11-15,218.711,https://fred.stlouisfed.org/graph/fredgraph.csv?id=CPIAUCNS,2026-10-08
us_cpi_fred,2010-11-01,2010-12-15,218.803,https://fred.stlouisfed.org/graph/fredgraph.csv?id=CPIAUCNS,2026-10-08
us_cpi_fred,2010-12-01,2011-01-15,219.179,https://fred.stlouisfed.org/graph/fredgraph.csv?id=CPIAUCNS,2026-10-08
us_cpi_fred,2011-01-01,2011-02-15,220.223,https://fred.stlouisfed.org/graph/fredgraph.csv?id=CPIAUCNS,2026-10-08
us_cpi_fred,2011-02-01,2011-03-15,221.309,https://fred.stlouisfed.org/graph/fredgraph.csv?id=CPIAUCNS,2026-10-08
us_cpi_fred,2011-03-01,2011-04-15,223.467,https://fred.stlouisfed.org/graph/fredgraph.csv?id=CPIAUCNS,2026-10-08
us_cpi_fred,2011-04-01,2011-05-15,224.906,https://fred.stlouisfed.org/graph/fredgraph.csv?id=CPIAUCNS,2026-10-08
us_cpi_fred,2011-05-01,2011-06-15,225.964,https://fred.stlouisfed.org/graph/fredgraph.csv?id=CPIAUCNS,2026-10-08
us_cpi_fred,2011-06-01,2011-07-15,225.722,https://fred.stlouisfed.org/graph/fredgraph.csv?id=CPIAUCNS,2026-10-08
us_cpi_fred,2011-07-01,2011-08-15,225.922,https://fred.stlouisfed.org/graph/fredgraph.csv?id=CPIAUCNS,2026-10-08
us_cpi_fred,2011-08-01,2011-09-15,226.545,https://fred.stlouisfed.org/graph/fredgraph.csv?id=CPIAUCNS,2026-10-08
us_cpi_fred,2011-09-01,2011-10-15,226.889,https://fred.stlouisfed.org/graph/fredgraph.csv?id=CPIAUCNS,2026-10-08
us_cpi_fred,2011-10-01,2011-11-15,226.421,https://fred.stlouisfed.org/graph/fredgraph.csv?id=CPIAUCNS,2026-10-08
us_cpi_fred,2011-11-01,2011-12-15,226.23,https://fred.stlouisfed.org/graph/fredgraph.csv?id=CPIAUCNS,2026-10-08
us_cpi_fred,2011-12-01,2012-01-15,225.672,https://fred.stlouisfed.org/graph/fredgraph.csv?id=CPIAUCNS,2026-10-08
us_cpi_fred,2012-01-01,2012-02-15,226.665,https://fred.stlouisfed.org/graph/fredgraph.csv?id=CPIAUCNS,2026-10-08
us_cpi_fred,2012-02-01,2012-03-15,227.663,https://fred.stlouisfed.org/graph/fredgraph.csv?id=CPIAUCNS,2026-10-08
us_cpi_fred,2012-03-01,2012-04-15,229.392,https://fred.stlouisfed.org/graph/fredgraph.csv?id=CPIAUCNS,2026-10-08
us_cpi_fred,2012-04-01,2012-05-15,230.085,https://fred.stlouisfed.org/graph/fredgraph.csv?id=CPIAUCNS,2026-10-08
us_cpi_fred,2012-05-01,2012-06-15,229.815,https://fred.stlouisfed.org/graph/fredgraph.csv?id=CPIAUCNS,2026-10-08
us_cpi_fred,2012-06-01,2012-07-15,229.478,https://fred.stlouisfed.org/graph/fredgraph.csv?id=CPIAUCNS,2026-10-08
us_cpi_fred,2012-07-01,2012-08-15,229.104,https://fred.stlouisfed.org/graph/fredgraph.csv?id=CPIAUCNS,2026-10-08
us_cpi_fred,2012-08-01,2012-09-15,230.379,https://fred.stlouisfed.org/graph/fredgraph.csv?id=CPIAUCNS,2026-10-08
us_cpi_fred,2012-09-01,2012-10-15,231.407,https://fred.stlouisfed.org/graph/fredgraph.csv?id=CPIAUCNS,2026-10-08
us_cpi_fred,2012-10-01,2012-11-15,231.317,https://fred.stlouisfed.org/graph/fredgraph.csv?id=CPIAUCNS,2026-10-08
us_cpi_fred,2012-11-01,2012-12-15,230.221,https://fred.stlouisfed.org/graph/fredgraph.csv?id=CPIAUCNS,2026-10-08
us_cpi_fred,2012-12-01,2013-01-15,229.601,https://fred.stlouisfed.org/graph/fredgraph.csv?id=CPIAUCNS,2026-10-08
us_cpi_fred,2013-01-01,2013-02-15,230.28,https://fred.stlouisfed.org/graph/fredgraph.csv?id=CPIAUCNS,2026-10-08
us_cpi_fred,2013-02-01,2013-03-15,232.166,https://fred.stlouisfed.org/graph/fredgraph.csv?id=CPIAUCNS,2026-10-08
us_cpi_fred,2013-03-01,2013-04-15,232.773,https://fred.stlouisfed.org/graph/fredgraph.csv?id=CPIAUCNS,2026-10-08
us_cpi_fred,2013-04-01,2013-05-15,232.531,https://fred.stlouisfed.org/graph/fredgraph.csv?id=CPIAUCNS,2026-10-08
us_cpi_fred,2013-05-01,2013-06-15,232.945,https://fred.stlouisfed.org/graph/fredgraph.csv?id=CPIAUCNS,2026-10-08
us_cpi_fred,2013-06-01,2013-07-15,233.504,https://fred.stlouisfed.org/graph/fredgraph.csv?id=CPIAUCNS,2026-10-08
us_cpi_fred,2013-07-01,2013-08-15,233.596,https://fred.stlouisfed.org/graph/fredgraph.csv?id=CPIAUCNS,2026-10-08
us_cpi_fred,2013-08-01,2013-09-15,233.877,https://fred.stlouisfed.org/graph/fredgraph.csv?id=CPIAUCNS,2026-10-08
us_cpi_fred,2013-09-01,2013-10-15,234.149,https://fred.stlouisfed.org/graph/fredgraph.csv?id=CPIAUCNS,2026-10-08
us_cpi_fred,2013-10-01,2013-11-15,233.546,https://fred.stlouisfed.org/graph/fredgraph.csv?id=CPIAUCNS,2026-10-08
us_cpi_fred,2013-11-01,2013-12-15,233.069,https://fred.stlouisfed.org/graph/fredgraph.csv?id=CPIAUCNS,2026-10-08
us_cpi_fred,2013-12-01,2014-01-15,233.049,https://fred.stlouisfed.org/graph/fredgraph.csv?id=CPIAUCNS,2026-10-08
us_cpi_fred,2014-01-01,2014-02-15,233.916,https://fred.stlouisfed.org/graph/fredgraph.csv?id=CPIAUCNS,2026-10-08
us_cpi_fred,2014-02-01,2014-03-15,234.781,https://fred.stlouisfed.org/graph/fredgraph.csv?id=CPIAUCNS,2026-10-08
us_cpi_fred,2014-03-01,2014-04-15,236.293,https://fred.stlouisfed.org/graph/fredgraph.csv?id=CPIAUCNS,2026-10-08
us_cpi_fred,2014-04-01,2014-05-15,237.072,https://fred.stlouisfed.org/graph/fredgraph.csv?id=CPIAUCNS,2026-10-08
us_cpi_fred,2014-05-01,2014-06-15,237.9,https://fred.stlouisfed.org/graph/fredgraph.csv?id=CPIAUCNS,2026-10-08
us_cpi_fred,2014-06-01,2014-07-15,238.343,https://fred.stlouisfed.org/graph/fredgraph.csv?id=CPIAUCNS,2026-10-08
us_cpi_fred,2014-07-01,2014-08-15,238.25,https://fred.stlouisfed.org/graph/fredgraph.csv?id=CPIAUCNS,2026-10-08
us_cpi_fred,2014-08-01,2014-09-15,237.852,https://fred.stlouisfed.org/graph/fredgraph.csv?id=CPIAUCNS,2026-10-08
us_cpi_fred,2014-09-01,2014-10-15,238.031,https://fred.stlouisfed.org/graph/fredgraph.csv?id=CPIAUCNS,2026-10-08
us_cpi_fred,2014-10-01,2014-11-15,237.433,https://fred.stlouisfed.org/graph/fredgraph.csv?id=CPIAUCNS,2026-10-08
us_cpi_fred,2014-11-01,2014-12-15,236.151,https://fred.stlouisfed.org/graph/fredgraph.csv?id=CPIAUCNS,2026-10-08
us_cpi_fred,2014-12-01,2015-01-15,234.812,https://fred.stlouisfed.org/graph/fredgraph.csv?id=CPIAUCNS,2026-10-08
us_cpi_fred,2015-01-01,2015-02-15,233.707,https://fred.stlouisfed.org/graph/fredgraph.csv?id=CPIAUCNS,2026-10-08
us_cpi_fred,2015-02-01,2015-03-15,234.722,https://fred.stlouisfed.org/graph/fredgraph.csv?id=CPIAUCNS,2026-10-08
us_cpi_fred,2015-03-01,2015-04-15,236.119,https://fred.stlouisfed.org/graph/fredgraph.csv?id=CPIAUCNS,2026-10-08
us_cpi_fred,2015-04-01,2015-05-15,236.599,https://fred.stlouisfed.org/graph/fredgraph.csv?id=CPIAUCNS,2026-10-08
us_cpi_fred,2015-05-01,2015-06-15,237.805,https://fred.stlouisfed.org/graph/fredgraph.csv?id=CPIAUCNS,2026-10-08
us_cpi_fred,2015-06-01,2015-07-15,238.638,https://fred.stlouisfed.org/graph/fredgraph.csv?id=CPIAUCNS,2026-10-08
us_cpi_fred,2015-07-01,2015-08-15,238.654,https://fred.stlouisfed.org/graph/fredgraph.csv?id=CPIAUCNS,2026-10-08
us_cpi_fred,2015-08-01,2015-09-15,238.316,https://fred.stlouisfed.org/graph/fredgraph.csv?id=CPIAUCNS,2026-10-08
us_cpi_fred,2015-09-01,2015-10-15,237.945,https://fred.stlouisfed.org/graph/fredgraph.csv?id=CPIAUCNS,2026-10-08
us_cpi_fred,2015-10-01,2015-11-15,237.838,https://fred.stlouisfed.org/graph/fredgraph.csv?id=CPIAUCNS,2026-10-08
us_cpi_fred,2015-11-01,2015-12-15,237.336,https://fred.stlouisfed.org/graph/fredgraph.csv?id=CPIAUCNS,2026-10-08
us_cpi_fred,2015-12-01,2016-01-15,236.525,https://fred.stlouisfed.org/graph/fredgraph.csv?id=CPIAUCNS,2026-10-08
us_cpi_fred,2016-01-01,2016-02-15,236.916,https://fred.stlouisfed.org/graph/fredgraph.csv?id=CPIAUCNS,2026-10-08
us_cpi_fred,2016-02-01,2016-03-15,237.111,https://fred.stlouisfed.org/graph/fredgraph.csv?id=CPIAUCNS,2026-10-08
us_cpi_fred,2016-03-01,2016-04-15,238.132,https://fred.stlouisfed.org/graph/fredgraph.csv?id=CPIAUCNS,2026-10-08
us_cpi_fred,2016-04-01,2016-05-15,239.261,https://fred.stlouisfed.org/graph/fredgraph.csv?id=CPIAUCNS,2026-10-08
us_cpi_fred,2016-05-01,2016-06-15,240.229,https://fred.stlouisfed.org/graph/fredgraph.csv?id=CPIAUCNS,2026-10-08
us_cpi_fred,2016-06-01,2016-07-15,241.018,https://fred.stlouisfed.org/graph/fredgraph.csv?id=CPIAUCNS,2026-10-08
us_cpi_fred,2016-07-01,2016-08-15,240.628,https://fred.stlouisfed.org/graph/fredgraph.csv?id=CPIAUCNS,2026-10-08
us_cpi_fred,2016-08-01,2016-09-15,240.849,https://fred.stlouisfed.org/graph/fredgraph.csv?id=CPIAUCNS,2026-10-08
us_cpi_fred,2016-09-01,2016-10-15,241.428,https://fred.stlouisfed.org/graph/fredgraph.csv?id=CPIAUCNS,2026-10-08
us_cpi_fred,2016-10-01,2016-11-15,241.729,https://fred.stlouisfed.org/graph/fredgraph.csv?id=CPIAUCNS,2026-10-08
us_cpi_fred,2016-11-01,2016-12-15,241.353,https://fred.stlouisfed.org/graph/fredgraph.csv?id=CPIAUCNS,2026-10-08
us_cpi_fred,2016-12-01,2017-01-15,241.432,https://fred.stlouisfed.org/graph/fredgraph.csv?id=CPIAUCNS,2026-10-08
us_cpi_fred,2017-01-01,2017-02-15,242.839,https://fred.stlouisfed.org/graph/fredgraph.csv?id=CPIAUCNS,2026-10-08
us_cpi_fred,2017-02-01,2017-03-15,243.603,https://fred.stlouisfed.org/graph/fredgraph.csv?id=CPIAUCNS,2026-10-08
us_cpi_fred,2017-03-01,2017-04-15,243.801,https://fred.stlouisfed.org/graph/fredgraph.csv?id=CPIAUCNS,2026-10-08
us_cpi_fred,2017-04-01,2017-05-15,244.524,https://fred.stlouisfed.org/graph/fredgraph.csv?id=CPIAUCNS,2026-10-08
us_cpi_fred,2017-05-01,2017-06-15,244.733,https://fred.stlouisfed.org/graph/fredgraph.csv?id=CPIAUCNS,2026-10-08
us_cpi_fred,2017-06-01,2017-07-15,244.955,https://fred.stlouisfed.org/graph/fredgraph.csv?id=CPIAUCNS,2026-10-08
us_cpi_fred,2017-07-01,2017-08-15,244.786,https://fred.stlouisfed.org/graph/fredgraph.csv?id=CPIAUCNS,2026-10-08
us_cpi_fred,2017-08-01,2017-09-15,245.519,https://fred.stlouisfed.org/graph/fredgraph.csv?id=CPIAUCNS,2026-10-08
us_cpi_fred,2017-09-01,2017-10-15,246.819,https://fred.stlouisfed.org/graph/fredgraph.csv?id=CPIAUCNS,2026-10-08
us_cpi_fred,2017-10-01,2017-11-15,246.663,https://fred.stlouisfed.org/graph/fredgraph.csv?id=CPIAUCNS,2026-10-08
us_cpi_fred,2017-11-01,2017-12-15,246.669,https://fred.stlouisfed.org/graph/fredgraph.csv?id=CPIAUCNS,2026-10-08
us_cpi_fred,2017-12-01,2018-01-15,246.524,https://fred.stlouisfed.org/graph/fredgraph.csv?id=CPIAUCNS,2026-10-08
us_cpi_fred,2018-01-01,2018-02-15,247.867,https://fred.stlouisfed.org/graph/fredgraph.csv?id=CPIAUCNS,2026-10-08
us_cpi_fred,2018-02-01,2018-03-15,248.991,https://fred.stlouisfed.org/graph/fredgraph.csv?id=CPIAUCNS,2026-10-08
us_cpi_fred,2018-03-01,2018-04-15,249.554,https://fred.stlouisfed.org/graph/fredgraph.csv?id=CPIAUCNS,2026-10-08
us_cpi_fred,2018-04-01,2018-05-15,250.546,https://fred.stlouisfed.org/graph/fredgraph.csv?id=CPIAUCNS,2026-10-08
us_cpi_fred,2018-05-01,2018-06-15,251.588,https://fred.stlouisfed.org/graph/fredgraph.csv?id=CPIAUCNS,2026-10-08
us_cpi_fred,2018-06-01,2018-07-15,251.989,https://fred.stlouisfed.org/graph/fredgraph.csv?id=CPIAUCNS,2026-10-08
us_cpi_fred,2018-07-01,2018-08-15,252.006,https://fred.stlouisfed.org/graph/fredgraph.csv?id=CPIAUCNS,2026-10-08
us_cpi_fred,2018-08-01,2018-09-15,252.146,https://fred.stlouisfed.org/graph/fredgraph.csv?id=CPIAUCNS,2026-10-08
us_cpi_fred,2018-09-01,2018-10-15,252.439,https://fred.stlouisfed.org/graph/fredgraph.csv?id=CPIAUCNS,2026-10-08
us_cpi_fred,2018-10-01,2018-11-15,252.885,https://fred.stlouisfed.org/graph/fredgraph.csv?id=CPIAUCNS,2026-10-08
us_cpi_fred,2018-11-01,2018-12-15,252.038,https://fred.stlouisfed.org/graph/fredgraph.csv?id=CPIAUCNS,2026-10-08
us_cpi_fred,2018-12-01,2019-01-15,251.233,https://fred.stlouisfed.org/graph/fredgraph.csv?id=CPIAUCNS,2026-10-08
us_cpi_fred,2019-01-01,2019-02-15,251.712,https://fred.stlouisfed.org/graph/fredgraph.csv?id=CPIAUCNS,2026-10-08
us_cpi_fred,2019-02-01,2019-03-15,252.776,https://fred.stlouisfed.org/graph/fredgraph.csv?id=CPIAUCNS,2026-10-08
us_cpi_fred,2019-03-01,2019-04-15,254.202,https://fred.stlouisfed.org/graph/fredgraph.csv?id=CPIAUCNS,2026-10-08
us_cpi_fred,2019-04-01,2019-05-15,255.548,https://fred.stlouisfed.org/graph/fredgraph.csv?id=CPIAUCNS,2026-10-08
us_cpi_fred,2019-05-01,2019-06-15,256.092,https://fred.stlouisfed.org/graph/fredgraph.csv?id=CPIAUCNS,2026-10-08
us_cpi_fred,2019-06-01,2019-07-15,256.143,https://fred.stlouisfed.org/graph/fredgraph.csv?id=CPIAUCNS,2026-10-08
us_cpi_fred,2019-07-01,2019-08-15,256.571,https://fred.stlouisfed.org/graph/fredgraph.csv?id=CPIAUCNS,2026-10-08
us_cpi_fred,2019-08-01,2019-09-15,256.558,https://fred.stlouisfed.org/graph/fredgraph.csv?id=CPIAUCNS,2026-10-08
us_cpi_fred,2019-09-01,2019-10-15,256.759,https://fred.stlouisfed.org/graph/fredgraph.csv?id=CPIAUCNS,2026-10-08
us_cpi_fred,2019-10-01,2019-11-15,257.346,https://fred.stlouisfed.org/graph/fredgraph.csv?id=CPIAUCNS,2026-10-08
us_cpi_fred,2019-11-01,2019-12-15,257.208,https://fred.stlouisfed.org/graph/fredgraph.csv?id=CPIAUCNS,2026-10-08
us_cpi_fred,2019-12-01,2020-01-15,256.974,https://fred.stlouisfed.org/graph/fredgraph.csv?id=CPIAUCNS,2026-10-08
us_cpi_fred,2020-01-01,2020-02-15,257.971,https://fred.stlouisfed.org/graph/fredgraph.csv?id=CPIAUCNS,2026-10-08
us_cpi_fred,2020-02-01,2020-03-15,258.678,https://fred.stlouisfed.org/graph/fredgraph.csv?id=CPIAUCNS,2026-10-08
us_cpi_fred,2020-03-01,2020-04-15,258.115,https://fred.stlouisfed.org/graph/fredgraph.csv?id=CPIAUCNS,2026-10-08
us_cpi_fred,2020-04-01,2020-05-15,256.389,https://fred.stlouisfed.org/graph/fredgraph.csv?id=CPIAUCNS,2026-10-08
us_cpi_fred,2020-05-01,2020-06-15,256.394,https://fred.stlouisfed.org/graph/fredgraph.csv?id=CPIAUCNS,2026-10-08
us_cpi_fred,2020-06-01,2020-07-15,257.797,https://fred.stlouisfed.org/graph/fredgraph.csv?id=CPIAUCNS,2026-10-08
us_cpi_fred,2020-07-01,2020-08-15,259.101,https://fred.stlouisfed.org/graph/fredgraph.csv?id=CPIAUCNS,2026-10-08
us_cpi_fred,2020-08-01,2020-09-15,259.918,https://fred.stlouisfed.org/graph/fredgraph.csv?id=CPIAUCNS,2026-10-08
us_cpi_fred,2020-09-01,2020-10-15,260.28,https://fred.stlouisfed.org/graph/fredgraph.csv?id=CPIAUCNS,2026-10-08
us_cpi_fred,2020-10-01,2020-11-15,260.388,https://fred.stlouisfed.org/graph/fredgraph.csv?id=CPIAUCNS,2026-10-08
us_cpi_fred,2020-11-01,2020-12-15,260.229,https://fred.stlouisfed.org/graph/fredgraph.csv?id=CPIAUCNS,2026-10-08
us_cpi_fred,2020-12-01,2021-01-15,260.474,https://fred.stlouisfed.org/graph/fredgraph.csv?id=CPIAUCNS,2026-10-08
us_cpi_fred,2021-01-01,2021-02-15,261.582,https://fred.stlouisfed.org/graph/fredgraph.csv?id=CPIAUCNS,2026-10-08
us_cpi_fred,2021-02-01,2021-03-15,263.014,https://fred.stlouisfed.org/graph/fredgraph.csv?id=CPIAUCNS,2026-10-08
us_cpi_fred,2021-03-01,2021-04-15,264.877,https://fred.stlouisfed.org/graph/fredgraph.csv?id=CPIAUCNS,2026-10-08
us_cpi_fred,2021-04-01,2021-05-15,267.054,https://fred.stlouisfed.org/graph/fredgraph.csv?id=CPIAUCNS,2026-10-08
us_cpi_fred,2021-05-01,2021-06-15,269.195,https://fred.stlouisfed.org/graph/fredgraph.csv?id=CPIAUCNS,2026-10-08
us_cpi_fred,2021-06-01,2021-07-15,271.696,https://fred.stlouisfed.org/graph/fredgraph.csv?id=CPIAUCNS,2026-10-08
us_cpi_fred,2021-07-01,2021-08-15,273.003,https://fred.stlouisfed.org/graph/fredgraph.csv?id=CPIAUCNS,2026-10-08
us_cpi_fred,2021-08-01,2021-09-15,273.567,https://fred.stlouisfed.org/graph/fredgraph.csv?id=CPIAUCNS,2026-10-08
us_cpi_fred,2021-09-01,2021-10-15,274.31,https://fred.stlouisfed.org/graph/fredgraph.csv?id=CPIAUCNS,2026-10-08
us_cpi_fred,2021-10-01,2021-11-15,276.589,https://fred.stlouisfed.org/graph/fredgraph.csv?id=CPIAUCNS,2026-10-08
us_cpi_fred,2021-11-01,2021-12-15,277.948,https://fred.stlouisfed.org/graph/fredgraph.csv?id=CPIAUCNS,2026-10-08
us_cpi_fred,2021-12-01,2022-01-15,278.802,https://fred.stlouisfed.org/graph/fredgraph.csv?id=CPIAUCNS,2026-10-08
us_cpi_fred,2022-01-01,2022-02-15,281.148,https://fred.stlouisfed.org/graph/fredgraph.csv?id=CPIAUCNS,2026-10-08
us_cpi_fred,2022-02-01,2022-03-15,283.716,https://fred.stlouisfed.org/graph/fredgraph.csv?id=CPIAUCNS,2026-10-08
us_cpi_fred,2022-03-01,2022-04-15,287.504,https://fred.stlouisfed.org/graph/fredgraph.csv?id=CPIAUCNS,2026-10-08
us_cpi_fred,2022-04-01,2022-05-15,289.109,https://fred.stlouisfed.org/graph/fredgraph.csv?id=CPIAUCNS,2026-10-08
us_cpi_fred,2022-05-01,2022-06-15,292.296,https://fred.stlouisfed.org/graph/fredgraph.csv?id=CPIAUCNS,2026-10-08
us_cpi_fred,2022-06-01,2022-07-15,296.311,https://fred.stlouisfed.org/graph/fredgraph.csv?id=CPIAUCNS,2026-10-08
us_cpi_fred,2022-07-01,2022-08-15,296.276,https://fred.stlouisfed.org/graph/fredgraph.csv?id=CPIAUCNS,2026-10-08
us_cpi_fred,2022-08-01,2022-09-15,296.171,https://fred.stlouisfed.org/graph/fredgraph.csv?id=CPIAUCNS,2026-10-08
us_cpi_fred,2022-09-01,2022-10-15,296.808,https://fred.stlouisfed.org/graph/fredgraph.csv?id=CPIAUCNS,2026-10-08
us_cpi_fred,2022-10-01,2022-11-15,298.012,https://fred.stlouisfed.org/graph/fredgraph.csv?id=CPIAUCNS,2026-10-08
us_cpi_fred,2022-11-01,2022-12-15,297.711,https://fred.stlouisfed.org/graph/fredgraph.csv?id=CPIAUCNS,2026-10-08
us_cpi_fred,2022-12-01,2023-01-15,296.797,https://fred.stlouisfed.org/graph/fredgraph.csv?id=CPIAUCNS,2026-10-08
us_cpi_fred,2023-01-01,2023-02-15,299.17,https://fred.stlouisfed.org/graph/fredgraph.csv?id=CPIAUCNS,2026-10-08
us_cpi_fred,2023-02-01,2023-03-15,300.84,https://fred.stlouisfed.org/graph/fredgraph.csv?id=CPIAUCNS,2026-10-08
us_cpi_fred,2023-03-01,2023-04-15,301.836,https://fred.stlouisfed.org/graph/fredgraph.csv?id=CPIAUCNS,2026-10-08
us_cpi_fred,2023-04-01,2023-05-15,303.363,https://fred.stlouisfed.org/graph/fredgraph.csv?id=CPIAUCNS,2026-10-08
us_cpi_fred,2023-05-01,2023-06-15,304.127,https://fred.stlouisfed.org/graph/fredgraph.csv?id=CPIAUCNS,2026-10-08
us_cpi_fred,2023-06-01,2023-07-15,305.109,https://fred.stlouisfed.org/graph/fredgraph.csv?id=CPIAUCNS,2026-10-08
us_cpi_fred,2023-07-01,2023-08-15,305.691,https://fred.stlouisfed.org/graph/fredgraph.csv?id=CPIAUCNS,2026-10-08
us_cpi_fred,2023-08-01,2023-09-15,307.026,https://fred.stlouisfed.org/graph/fredgraph.csv?id=CPIAUCNS,2026-10-08
us_cpi_fred,2023-09-01,2023-10-15,307.789,https://fred.stlouisfed.org/graph/fredgraph.csv?id=CPIAUCNS,2026-10-08
us_cpi_fred,2023-10-01,2023-11-15,307.671,https://fred.stlouisfed.org/graph/fredgraph.csv?id=CPIAUCNS,2026-10-08
us_cpi_fred,2023-11-01,2023-12-15,307.051,https://fred.stlouisfed.org/graph/fredgraph.csv?id=CPIAUCNS,2026-10-08
us_cpi_fred,2023-12-01,2024-01-15,306.746,https://fred.stlouisfed.org/graph/fredgraph.csv?id=CPIAUCNS,2026-10-08
us_cpi_fred,2024-01-01,2024-02-15,308.417,https://fred.stlouisfed.org/graph/fredgraph.csv?id=CPIAUCNS,2026-10-08
us_cpi_fred,2024-02-01,2024-03-15,310.326,https://fred.stlouisfed.org/graph/fredgraph.csv?id=CPIAUCNS,2026-10-08
us_cpi_fred,2024-03-01,2024-04-15,312.332,https://fred.stlouisfed.org/graph/fredgraph.csv?id=CPIAUCNS,2026-10-08
us_cpi_fred,2024-04-01,2024-05-15,313.548,https://fred.stlouisfed.org/graph/fredgraph.csv?id=CPIAUCNS,2026-10-08
us_cpi_fred,2024-05-01,2024-06-15,314.069,https://fred.stlouisfed.org/graph/fredgraph.csv?id=CPIAUCNS,2026-10-08
us_cpi_fred,2024-06-01,2024-07-15,314.175,https://fred.stlouisfed.org/graph/fredgraph.csv?id=CPIAUCNS,2026-10-08
us_cpi_fred,2024-07-01,2024-08-15,314.54,https://fred.stlouisfed.org/graph/fredgraph.csv?id=CPIAUCNS,2026-10-08
us_cpi_fred,2024-08-01,2024-09-15,314.796,https://fred.stlouisfed.org/graph/fredgraph.csv?id=CPIAUCNS,2026-10-08
us_cpi_fred,2024-09-01,2024-10-15,315.301,https://fred.stlouisfed.org/graph/fredgraph.csv?id=CPIAUCNS,2026-10-08
us_cpi_fred,2024-10-01,2024-11-15,315.664,https://fred.stlouisfed.org/graph/fredgraph.csv?id=CPIAUCNS,2026-10-08
us_cpi_fred,2024-11-01,2024-12-15,315.493,https://fred.stlouisfed.org/graph/fredgraph.csv?id=CPIAUCNS,2026-10-08
us_cpi_fred,2024-12-01,2025-01-15,315.605,https://fred.stlouisfed.org/graph/fredgraph.csv?id=CPIAUCNS,2026-10-08
us_cpi_fred,2025-01-01,2025-02-15,317.671,https://fred.stlouisfed.org/graph/fredgraph.csv?id=CPIAUCNS,2026-10-08
us_cpi_fred,2025-02-01,2025-03-15,319.082,https://fred.stlouisfed.org/graph/fredgraph.csv?id=CPIAUCNS,2026-10-08
us_cpi_fred,2025-03-01,2025-04-15,319.799,https://fred.stlouisfed.org/graph/fredgraph.csv?id=CPIAUCNS,2026-10-08
us_cpi_fred,2025-04-01,2025-05-15,320.795,https://fred.stlouisfed.org/graph/fredgraph.csv?id=CPIAUCNS,2026-10-08
us_cpi_fred,2025-05-01,2025-06-15,321.465,https://fred.stlouisfed.org/graph/fredgraph.csv?id=CPIAUCNS,2026-10-08
us_cpi_fred,2025-06-01,2025-07-15,322.561,https://fred.stlouisfed.org/graph/fredgraph.csv?id=CPIAUCNS,2026-10-08
us_cpi_fred,2025-07-01,2025-08-15,323.048,https://fred.stlouisfed.org/graph/fredgraph.csv?id=CPIAUCNS,2026-10-08
us_cpi_fred,2025-08-01,2025-09-15,323.976,https://fred.stlouisfed.org/graph/fredgraph.csv?id=CPIAUCNS,2026-10-08
us_cpi_fred,2025-09-01,2025-10-15,324.8,https://fred.stlouisfed.org/graph/fredgraph.csv?id=CPIAUCNS,2026-10-08
us_cpi_fred,2025-11-01,2025-12-15,324.122,https://fred.stlouisfed.org/graph/fredgraph.csv?id=CPIAUCNS,2026-10-08
us_cpi_fred,2025-12-01,2026-01-15,324.054,https://fred.stlouisfed.org/graph/fredgraph.csv?id=CPIAUCNS,2026-10-08
us_cpi_fred,2026-01-01,2026-02-15,325.252,https://fred.stlouisfed.org/graph/fredgraph.csv?id=CPIAUCNS,2026-10-08
us_cpi_fred,2026-02-01,2026-03-15,326.785,https://fred.stlouisfed.org/graph/fredgraph.csv?id=CPIAUCNS,2026-10-08
us_cpi_fred,2026-03-01,2026-04-15,330.213,https://fred.stlouisfed.org/graph/fredgraph.csv?id=CPIAUCNS,2026-10-08
us_cpi_fred,2026-04-01,2026-05-15,333.02,https://fred.stlouisfed.org/graph/fredgraph.csv?id=CPIAUCNS,2026-10-08
us_cpi_fred,2026-05-01,2026-06-15,335.123,https://fred.stlouisfed.org/graph/fredgraph.csv?id=CPIAUCNS,2026-10-08
us_cpi_fred,2026-06-01,2026-07-15,333.952,https://fred.stlouisfed.org/graph/fredgraph.csv?id=CPIAUCNS,2026-10-08
us_cpi_fred,2026-07-01,2026-08-15,333.918,https://fred.stlouisfed.org/graph/fredgraph.csv?id=CPIAUCNS,2026-10-08
us_cpi_fred,2026-08-01,2026-09-15,334.98,https://fred.stlouisfed.org/graph/fredgraph.csv?id=CPIAUCNS,2026-10-08
