series_id,ref_date,available_date,value,source,fetched_at
us_unemployment,1948-01-01,1948-02-07,3.4,https://fred.stlouisfed.org/graph/fredgraph.csv?id=UNRATE,2026-10-08
us_unemployment,1948-02-01,1948-03-07,3.8,https://fred.stlouisfed.org/graph/fredgraph.csv?id=UNRATE,2026-10-08
us_unemployment,1948-03-01,1948-04-07,4.0,https://fred.stlouisfed.org/graph/fredgraph.csv?id=UNRATE,2026-10-08
us_unemployment,1948-04-01,1948-05-07,3.9,https://fred.stlouisfed.org/graph/fredgraph.csv?id=UNRATE,2026-10-08
us_unemployment,1948-05-01,1948-06-07,3.5,https://fred.stlouisfed.org/graph/fredgraph.csv?id=UNRATE,2026-10-08
us_unemployment,1948-06-01,1948-07-07,3.6,https://fred.stlouisfed.org/graph/fredgraph.csv?id=UNRATE,2026-10-08
us_unemployment,1948-07-01,1948-08-07,3.6,https://fred.stlouisfed.org/graph/fredgraph.csv?id=UNRATE,2026-10-08
us_unemployment,1948-08-01,1948-09-07,3.9,https://fred.stlouisfed.org/graph/fredgraph.csv?id=UNRATE,2026-10-08
us_unemployment,1948-09-01,1948-10-07,3.8,https://fred.stlouisfed.org/graph/fredgraph.csv?id=UNRATE,2026-10-08
us_unemployment,1948-10-01,1948-11-07,3.7,https://fred.stlouisfed.org/graph/fredgraph.csv?id=UNRATE,2026-10-08
us_unemployment,1948-11-01,1948-12-07,3.8,https://fred.stlouisfed.org/graph/fredgraph.csv?id=UNRATE,2026-10-08
us_unemployment,1948-12-01,1949-01-07,4.0,https://fred.stlouisfed.org/graph/fredgraph.csv?id=UNRATE,2026-10-08
us_unemployment,1949-01-01,1949-02-07,4.3,https://fred.stlouisfed.org/graph/fredgraph.csv?id=UNRATE,2026-10-08
us_unemployment,1949-02-01,1949-03-07,4.7,https://fred.stlouisfed.org/graph/fredgraph.csv?id=UNRATE,2026-10-08
us_unemployment,1949-03-01,1949-04-07,5.0,https://fred.stlouisfed.org/graph/fredgraph.csv?id=UNRATE,2026-10-08
us_unemployment,1949-04-01,1949-05-07,5.3,https://fred.stlouisfed.org/graph/fredgraph.csv?id=UNRATE,2026-10-08
us_unemployment,1949-05-01,1949-06-07,6.1,https://fred.stlouisfed.org/graph/fredgraph.csv?id=UNRATE,2026-10-08
us_unemployment,1949-06-01,1949-07-07,6.2,https://fred.stlouisfed.org/graph/fredgraph.csv?id=UNRATE,2026-10-08
us_unemployment,1949-07-01,1949-08-07,6.7,https://fred.stlouisfed.org/graph/fredgraph.csv?id=UNRATE,2026-10-08
us_unemployment,1949-08-01,1949-09-07,6.8,https://fred.stlouisfed.org/graph/fredgraph.csv?id=UNRATE,2026-10-08
us_unemployment,1949-09-01,1949-10-07,6.6,https://fred.stlouisfed.org/graph/fredgraph.csv?id=UNRATE,2026-10-08
us_unemployment,1949-10-01,1949-11-07,7.9,https://fred.stlouisfed.org/graph/fredgraph.csv?id=UNRATE,2026-10-08
us_unemployment,1949-11-01,1949-12-07,6.4,https://fred.stlouisfed.org/graph/fredgraph.csv?id=UNRATE,2026-10-08
us_unemployment,1949-12-01,1950-01-07,6.6,https://fred.stlouisfed.org/graph/fredgraph.csv?id=UNRATE,2026-10-08
us_unemployment,1950-01-01,1950-02-07,6.5,https://fred.stlouisfed.org/graph/fredgraph.csv?id=UNRATE,2026-10-08
us_unemployment,1950-02-01,1950-03-07,6.4,https://fred.stlouisfed.org/graph/fredgraph.csv?id=UNRATE,2026-10-08
us_unemployment,1950-03-01,1950-04-07,6.3,https://fred.stlouisfed.org/graph/fredgraph.csv?id=UNRATE,2026-10-08
us_unemployment,1950-04-01,1950-05-07,5.8,https://fred.stlouisfed.org/graph/fredgraph.csv?id=UNRATE,2026-10-08
us_unemployment,1950-05-01,1950-06-07,5.5,https://fred.stlouisfed.org/graph/fredgraph.csv?id=UNRATE,2026-10-08
us_unemployment,1950-06-01,1950-07-07,5.4,https://fred.stlouisfed.org/graph/fredgraph.csv?id=UNRATE,2026-10-08
us_unemployment,1950-07-01,1950-08-07,5.0,https://fred.stlouisfed.org/graph/fredgraph.csv?id=UNRATE,2026-10-08
us_unemployment,1950-08-01,1950-09-07,4.5,https://fred.stlouisfed.org/graph/fredgraph.csv?id=UNRATE,2026-10-08
us_unemployment,1950-09-01,1950-10-07,4.4,https://fred.stlouisfed.org/graph/fredgraph.csv?id=UNRATE,2026-10-08
us_unemployment,1950-10-01,1950-11-07,4.2,https://fred.stlouisfed.org/graph/fredgraph.csv?id=UNRATE,2026-10-08
us_unemployment,1950-11-01,1950-12-07,4.2,https://fred.stlouisfed.org/graph/fredgraph.csv?id=UNRATE,2026-10-08
us_unemployment,1950-12-01,1951-01-07,4.3,https://fred.stlouisfed.org/graph/fredgraph.csv?id=UNRATE,2026-10-08
us_unemployment,1951-01-01,1951-02-07,3.7,https://fred.stlouisfed.org/graph/fredgraph.csv?id=UNRATE,2026-10-08
us_unemployment,1951-02-01,1951-03-07,3.4,https://fred.stlouisfed.org/graph/fredgraph.csv?id=UNRATE,2026-10-08
us_unemployment,1951-03-01,1951-04-07,3.4,https://fred.stlouisfed.org/graph/fredgraph.csv?id=UNRATE,2026-10-08
us_unemployment,1951-04-01,1951-05-07,3.1,https://fred.stlouisfed.org/graph/fredgraph.csv?id=UNRATE,2026-10-08
us_unemployment,1951-05-01,1951-06-07,3.0,https://fred.stlouisfed.org/graph/fredgraph.csv?id=UNRATE,2026-10-08
us_unemployment,1951-06-01,1951-07-07,3.2,https://fred.stlouisfed.org/graph/fredgraph.csv?id=UNRATE,2026-10-08
us_unemployment,1951-07-01,1951-08-07,3.1,https://fred.stlouisfed.org/graph/fredgraph.csv?id=UNRATE,2026-10-08
us_unemployment,1951-08-01,1951-09-07,3.1,https://fred.stlouisfed.org/graph/fredgraph.csv?id=UNRATE,2026-10-08
us_unemployment,1951-09-01,1951-10-07,3.3,https://fred.stlouisfed.org/graph/fredgraph.csv?id=UNRATE,2026-10-08
us_unemployment,1951-10-01,1951-11-07,3.5,https://fred.stlouisfed.org/graph/fredgraph.csv?id=UNRATE,2026-10-08
us_unemployment,1951-11-01,1951-12-07,3.5,https://fred.stlouisfed.org/graph/fredgraph.csv?id=UNRATE,2026-10-08
us_unemployment,1951-12-01,1952-01-07,3.1,https://fred.stlouisfed.org/graph/fredgraph.csv?id=UNRATE,2026-10-08
us_unemployment,1952-01-01,1952-02-07,3.2,https://fred.stlouisfed.org/graph/fredgraph.csv?id=UNRATE,2026-10-08
us_unemployment,1952-02-01,1952-03-07,3.1,https://fred.stlouisfed.org/graph/fredgraph.csv?id=UNRATE,2026-10-08
us_unemployment,1952-03-01,1952-04-07,2.9,https://fred.stlouisfed.org/graph/fredgraph.csv?id=UNRATE,2026-10-08
us_unemployment,1952-04-01,1952-05-07,2.9,https://fred.stlouisfed.org/graph/fredgraph.csv?id=UNRATE,2026-10-08
us_unemployment,1952-05-01,1952-06-07,3.0,https://fred.stlouisfed.org/graph/fredgraph.csv?id=UNRATE,2026-10-08
us_unemployment,1952-06-01,1952-07-07,3.0,https://fred.stlouisfed.org/graph/fredgraph.csv?id=UNRATE,2026-10-08
us_unemployment,1952-07-01,1952-08-07,3.2,https://fred.stlouisfed.org/graph/fredgraph.csv?id=UNRATE,2026-10-08
us_unemployment,1952-08-01,1952-09-07,3.4,https://fred.stlouisfed.org/graph/fredgraph.csv?id=UNRATE,2026-10-08
us_unemployment,1952-09-01,1952-10-07,3.1,https://fred.stlouisfed.org/graph/fredgraph.csv?id=UNRATE,2026-10-08
us_unemployment,1952-10-01,1952-11-07,3.0,https://fred.stlouisfed.org/graph/fredgraph.csv?id=UNRATE,2026-10-08
us_unemployment,1952-11-01,1952-12-07,2.8,https://fred.stlouisfed.org/graph/fredgraph.csv?id=UNRATE,2026-10-08
us_unemployment,1952-12-01,1953-01-07,2.7,https://fred.stlouisfed.org/graph/fredgraph.csv?id=UNRATE,2026-10-08
us_unemployment,1953-01-01,1953-02-07,2.9,https://fred.stlouisfed.org/graph/fredgraph.csv?id=UNRATE,2026-10-08
us_unemployment,1953-02-01,1953-03-07,2.6,https://fred.stlouisfed.org/graph/fredgraph.csv?id=UNRATE,2026-10-08
us_unemployment,1953-03-01,1953-04-07,2.6,https://fred.stlouisfed.org/graph/fredgraph.csv?id=UNRATE,2026-10-08
us_unemployment,1953-04-01,1953-05-07,2.7,https://fred.stlouisfed.org/graph/fredgraph.csv?id=UNRATE,2026-10-08
us_unemployment,1953-05-01,1953-06-07,2.5,https://fred.stlouisfed.org/graph/fredgraph.csv?id=UNRATE,2026-10-08
us_unemployment,1953-06-01,1953-07-07,2.5,https://fred.stlouisfed.org/graph/fredgraph.csv?id=UNRATE,2026-10-08
us_unemployment,1953-07-01,1953-08-07,2.6,https://fred.stlouisfed.org/graph/fredgraph.csv?id=UNRATE,2026-10-08
us_unemployment,1953-08-01,1953-09-07,2.7,https://fred.stlouisfed.org/graph/fredgraph.csv?id=UNRATE,2026-10-08
us_unemployment,1953-09-01,1953-10-07,2.9,https://fred.stlouisfed.org/graph/fredgraph.csv?id=UNRATE,2026-10-08
us_unemployment,1953-10-01,1953-11-07,3.1,https://fred.stlouisfed.org/graph/fredgraph.csv?id=UNRATE,2026-10-08
us_unemployment,1953-11-01,1953-12-07,3.5,https://fred.stlouisfed.org/graph/fredgraph.csv?id=UNRATE,2026-10-08
us_unemployment,1953-12-01,1954-01-07,4.5,https://fred.stlouisfed.org/graph/fredgraph.csv?id=UNRATE,2026-10-08
us_unemployment,1954-01-01,1954-02-07,4.9,https://fred.stlouisfed.org/graph/fredgraph.csv?id=UNRATE,2026-10-08
us_unemployment,1954-02-01,1954-03-07,5.2,https://fred.stlouisfed.org/graph/fredgraph.csv?id=UNRATE,2026-10-08
us_unemployment,1954-03-01,1954-04-07,5.7,https://fred.stlouisfed.org/graph/fredgraph.csv?id=UNRATE,2026-10-08
us_unemployment,1954-04-01,1954-05-07,5.9,https://fred.stlouisfed.org/graph/fredgraph.csv?id=UNRATE,2026-10-08
us_unemployment,1954-05-01,1954-06-07,5.9,https://fred.stlouisfed.org/graph/fredgraph.csv?id=UNRATE,2026-10-08
us_unemployment,1954-06-01,1954-07-07,5.6,https://fred.stlouisfed.org/graph/fredgraph.csv?id=UNRATE,2026-10-08
us_unemployment,1954-07-01,1954-08-07,5.8,https://fred.stlouisfed.org/graph/fredgraph.csv?id=UNRATE,2026-10-08
us_unemployment,1954-08-01,1954-09-07,6.0,https://fred.stlouisfed.org/graph/fredgraph.csv?id=UNRATE,2026-10-08
us_unemployment,1954-09-01,1954-10-07,6.1,https://fred.stlouisfed.org/graph/fredgraph.csv?id=UNRATE,2026-10-08
us_unemployment,1954-10-01,1954-11-07,5.7,https://fred.stlouisfed.org/graph/fredgraph.csv?id=UNRATE,2026-10-08
us_unemployment,1954-11-01,1954-12-07,5.3,https://fred.stlouisfed.org/graph/fredgraph.csv?id=UNRATE,2026-10-08
us_unemployment,1954-12-01,1955-01-07,5.0,https://fred.stlouisfed.org/graph/fredgraph.csv?id=UNRATE,2026-10-08
us_unemployment,1955-01-01,1955-02-07,4.9,https://fred.stlouisfed.org/graph/fredgraph.csv?id=UNRATE,2026-10-08
us_unemployment,1955-02-01,1955-03-07,4.7,https://fred.stlouisfed.org/graph/fredgraph.csv?id=UNRATE,2026-10-08
us_unemployment,1955-03-01,1955-04-07,4.6,https://fred.stlouisfed.org/graph/fredgraph.csv?id=UNRATE,2026-10-08
us_unemployment,1955-04-01,1955-05-07,4.7,https://fred.stlouisfed.org/graph/fredgraph.csv?id=UNRATE,2026-10-08
us_unemployment,1955-05-01,1955-06-07,4.3,https://fred.stlouisfed.org/graph/fredgraph.csv?id=UNRATE,2026-10-08
us_unemployment,1955-06-01,1955-07-07,4.2,https://fred.stlouisfed.org/graph/fredgraph.csv?id=UNRATE,2026-10-08
us_unemployment,1955-07-01,1955-08-07,4.0,https://fred.stlouisfed.org/graph/fredgraph.csv?id=UNRATE,2026-10-08
us_unemployment,1955-08-01,1955-09-07,4.2,https://fred.stlouisfed.org/graph/fredgraph.csv?id=UNRATE,2026-10-08
us_unemployment,1955-09-01,1955-10-07,4.1,https://fred.stlouisfed.org/graph/fredgraph.csv?id=UNRATE,2026-10-08
us_unemployment,1955-10-01,1955-11-07,4.3,https://fred.stlouisfed.org/graph/fredgraph.csv?id=UNRATE,2026-10-08
us_unemployment,1955-11-01,1955-12-07,4.2,https://fred.stlouisfed.org/graph/fredgraph.csv?id=UNRATE,2026-10-08
us_unemployment,1955-12-01,1956-01-07,4.2,https://fred.stlouisfed.org/graph/fredgraph.csv?id=UNRATE,2026-10-08
us_unemployment,1956-01-01,1956-02-07,4.0,https://fred.stlouisfed.org/graph/fredgraph.csv?id=UNRATE,2026-10-08
us_unemployment,1956-02-01,1956-03-07,3.9,https://fred.stlouisfed.org/graph/fredgraph.csv?id=UNRATE,2026-10-08
us_unemployment,1956-03-01,1956-04-07,4.2,https://fred.stlouisfed.org/graph/fredgraph.csv?id=UNRATE,2026-10-08
us_unemployment,1956-04-01,1956-05-07,4.0,https://fred.stlouisfed.org/graph/fredgraph.csv?id=UNRATE,2026-10-08
us_unemployment,1956-05-01,1956-06-07,4.3,https://fred.stlouisfed.org/graph/fredgraph.csv?id=UNRATE,2026-10-08
us_unemployment,1956-06-01,1956-07-07,4.3,https://fred.stlouisfed.org/graph/fredgraph.csv?id=UNRATE,2026-10-08
us_unemployment,1956-07-01,1956-08-07,4.4,https://fred.stlouisfed.org/graph/fredgraph.csv?id=UNRATE,2026-10-08
us_unemployment,1956-08-01,1956-09-07,4.1,https://fred.stlouisfed.org/graph/fredgraph.csv?id=UNRATE,2026-10-08
us_unemployment,1956-09-01,1956-10-07,3.9,https://fred.stlouisfed.org/graph/fredgraph.csv?id=UNRATE,2026-10-08
us_unemployment,1956-10-01,1956-11-07,3.9,https://fred.stlouisfed.org/graph/fredgraph.csv?id=UNRATE,2026-10-08
us_unemployment,1956-11-01,1956-12-07,4.3,https://fred.stlouisfed.org/graph/fredgraph.csv?id=UNRATE,2026-10-08
us_unemployment,1956-12-01,1957-01-07,4.2,https://fred.stlouisfed.org/graph/fredgraph.csv?id=UNRATE,2026-10-08
us_unemployment,1957-01-01,1957-02-07,4.2,https://fred.stlouisfed.org/graph/fredgraph.csv?id=UNRATE,2026-10-08
us_unemployment,1957-02-01,1957-03-07,3.9,https://fred.stlouisfed.org/graph/fredgraph.csv?id=UNRATE,2026-10-08
us_unemployment,1957-03-01,1957-04-07,3.7,https://fred.stlouisfed.org/graph/fredgraph.csv?id=UNRATE,2026-10-08
us_unemployment,1957-04-01,1957-05-07,3.9,https://fred.stlouisfed.org/graph/fredgraph.csv?id=UNRATE,2026-10-08
us_unemployment,1957-05-01,1957-06-07,4.1,https://fred.stlouisfed.org/graph/fredgraph.csv?id=UNRATE,2026-10-08
us_unemployment,1957-06-01,1957-07-07,4.3,https://fred.stlouisfed.org/graph/fredgraph.csv?id=UNRATE,2026-10-08
us_unemployment,1957-07-01,1957-08-07,4.2,https://fred.stlouisfed.org/graph/fredgraph.csv?id=UNRATE,2026-10-08
us_unemployment,1957-08-01,1957-09-07,4.1,https://fred.stlouisfed.org/graph/fredgraph.csv?id=UNRATE,2026-10-08
us_unemployment,1957-09-01,1957-10-07,4.4,https://fred.stlouisfed.org/graph/fredgraph.csv?id=UNRATE,2026-10-08
us_unemployment,1957-10-01,1957-11-07,4.5,https://fred.stlouisfed.org/graph/fredgraph.csv?id=UNRATE,2026-10-08
us_unemployment,1957-11-01,1957-12-07,5.1,https://fred.stlouisfed.org/graph/fredgraph.csv?id=UNRATE,2026-10-08
us_unemployment,1957-12-01,1958-01-07,5.2,https://fred.stlouisfed.org/graph/fredgraph.csv?id=UNRATE,2026-10-08
us_unemployment,1958-01-01,1958-02-07,5.8,https://fred.stlouisfed.org/graph/fredgraph.csv?id=UNRATE,2026-10-08
us_unemployment,1958-02-01,1958-03-07,6.4,https://fred.stlouisfed.org/graph/fredgraph.csv?id=UNRATE,2026-10-08
us_unemployment,1958-03-01,1958-04-07,6.7,https://fred.stlouisfed.org/graph/fredgraph.csv?id=UNRATE,2026-10-08
us_unemployment,1958-04-01,1958-05-07,7.4,https://fred.stlouisfed.org/graph/fredgraph.csv?id=UNRATE,2026-10-08
us_unemployment,1958-05-01,1958-06-07,7.4,https://fred.stlouisfed.org/graph/fredgraph.csv?id=UNRATE,2026-10-08
us_unemployment,1958-06-01,1958-07-07,7.3,https://fred.stlouisfed.org/graph/fredgraph.csv?id=UNRATE,2026-10-08
us_unemployment,1958-07-01,1958-08-07,7.5,https://fred.stlouisfed.org/graph/fredgraph.csv?id=UNRATE,2026-10-08
us_unemployment,1958-08-01,1958-09-07,7.4,https://fred.stlouisfed.org/graph/fredgraph.csv?id=UNRATE,2026-10-08
us_unemployment,1958-09-01,1958-10-07,7.1,https://fred.stlouisfed.org/graph/fredgraph.csv?id=UNRATE,2026-10-08
us_unemployment,1958-10-01,1958-11-07,6.7,https://fred.stlouisfed.org/graph/fredgraph.csv?id=UNRATE,2026-10-08
us_unemployment,1958-11-01,1958-12-07,6.2,https://fred.stlouisfed.org/graph/fredgraph.csv?id=UNRATE,2026-10-08
us_unemployment,1958-12-01,1959-01-07,6.2,https://fred.stlouisfed.org/graph/fredgraph.csv?id=UNRATE,2026-10-08
us_unemployment,1959-01-01,1959-02-07,6.0,https://fred.stlouisfed.org/graph/fredgraph.csv?id=UNRATE,2026-10-08
us_unemployment,1959-02-01,1959-03-07,5.9,https://fred.stlouisfed.org/graph/fredgraph.csv?id=UNRATE,2026-10-08
us_unemployment,1959-03-01,1959-04-07,5.6,https://fred.stlouisfed.org/graph/fredgraph.csv?id=UNRATE,2026-10-08
us_unemployment,1959-04-01,1959-05-07,5.2,https://fred.stlouisfed.org/graph/fredgraph.csv?id=UNRATE,2026-10-08
us_unemployment,1959-05-01,1959-06-07,5.1,https://fred.stlouisfed.org/graph/fredgraph.csv?id=UNRATE,2026-10-08
us_unemployment,1959-06-01,1959-07-07,5.0,https://fred.stlouisfed.org/graph/fredgraph.csv?id=UNRATE,2026-10-08
us_unemployment,1959-07-01,1959-08-07,5.1,https://fred.stlouisfed.org/graph/fredgraph.csv?id=UNRATE,2026-10-08
us_unemployment,1959-08-01,1959-09-07,5.2,https://fred.stlouisfed.org/graph/fredgraph.csv?id=UNRATE,2026-10-08
us_unemployment,1959-09-01,1959-10-07,5.5,https://fred.stlouisfed.org/graph/fredgraph.csv?id=UNRATE,2026-10-08
us_unemployment,1959-10-01,1959-11-07,5.7,https://fred.stlouisfed.org/graph/fredgraph.csv?id=UNRATE,2026-10-08
us_unemployment,1959-11-01,1959-12-07,5.8,https://fred.stlouisfed.org/graph/fredgraph.csv?id=UNRATE,2026-10-08
us_unemployment,1959-12-01,1960-01-07,5.3,https://fred.stlouisfed.org/graph/fredgraph.csv?id=UNRATE,2026-10-08
us_unemployment,1960-01-01,1960-02-07,5.2,https://fred.stlouisfed.org/graph/fredgraph.csv?id=UNRATE,2026-10-08
us_unemployment,1960-02-01,1960-03-07,4.8,https://fred.stlouisfed.org/graph/fredgraph.csv?id=UNRATE,2026-10-08
us_unemployment,1960-03-01,1960-04-07,5.4,https://fred.stlouisfed.org/graph/fredgraph.csv?id=UNRATE,2026-10-08
us_unemployment,1960-04-01,1960-05-07,5.2,https://fred.stlouisfed.org/graph/fredgraph.csv?id=UNRATE,2026-10-08
us_unemployment,1960-05-01,1960-06-07,5.1,https://fred.stlouisfed.org/graph/fredgraph.csv?id=UNRATE,2026-10-08
us_unemployment,1960-06-01,1960-07-07,5.4,https://fred.stlouisfed.org/graph/fredgraph.csv?id=UNRATE,2026-10-08
us_unemployment,1960-07-01,1960-08-07,5.5,https://fred.stlouisfed.org/graph/fredgraph.csv?id=UNRATE,2026-10-08
us_unemployment,1960-08-01,1960-09-07,5.6,https://fred.stlouisfed.org/graph/fredgraph.csv?id=UNRATE,2026-10-08
us_unemployment,1960-09-01,1960-10-07,5.5,https://fred.stlouisfed.org/graph/fredgraph.csv?id=UNRATE,2026-10-08
us_unemployment,1960-10-01,1960-11-07,6.1,https://fred.stlouisfed.org/graph/fredgraph.csv?id=UNRATE,2026-10-08
us_unemployment,1960-11-01,1960-12-07,6.1,https://fred.stlouisfed.org/graph/fredgraph.csv?id=UNRATE,2026-10-08
us_unemployment,1960-12-01,1961-01-07,6.6,https://fred.stlouisfed.org/graph/fredgraph.csv?id=UNRATE,2026-10-08
us_unemployment,1961-01-01,1961-02-07,6.6,https://fred.stlouisfed.org/graph/fredgraph.csv?id=UNRATE,2026-10-08
us_unemployment,1961-02-01,1961-03-07,6.9,https://fred.stlouisfed.org/graph/fredgraph.csv?id=UNRATE,2026-10-08
us_unemployment,1961-03-01,1961-04-07,6.9,https://fred.stlouisfed.org/graph/fredgraph.csv?id=UNRATE,2026-10-08
us_unemployment,1961-04-01,1961-05-07,7.0,https://fred.stlouisfed.org/graph/fredgraph.csv?id=UNRATE,2026-10-08
us_unemployment,1961-05-01,1961-06-07,7.1,https://fred.stlouisfed.org/graph/fredgraph.csv?id=UNRATE,2026-10-08
us_unemployment,1961-06-01,1961-07-07,6.9,https://fred.stlouisfed.org/graph/fredgraph.csv?id=UNRATE,2026-10-08
us_unemployment,1961-07-01,1961-08-07,7.0,https://fred.stlouisfed.org/graph/fredgraph.csv?id=UNRATE,2026-10-08
us_unemployment,1961-08-01,1961-09-07,6.6,https://fred.stlouisfed.org/graph/fredgraph.csv?id=UNRATE,2026-10-08
us_unemployment,1961-09-01,1961-10-07,6.7,https://fred.stlouisfed.org/graph/fredgraph.csv?id=UNRATE,2026-10-08
us_unemployment,1961-10-01,1961-11-07,6.5,https://fred.stlouisfed.org/graph/fredgraph.csv?id=UNRATE,2026-10-08
us_unemployment,1961-11-01,1961-12-07,6.1,https://fred.stlouisfed.org/graph/fredgraph.csv?id=UNRATE,2026-10-08
us_unemployment,1961-12-01,1962-01-07,6.0,https://fred.stlouisfed.org/graph/fredgraph.csv?id=UNRATE,2026-10-08
us_unemployment,1962-01-01,1962-02-07,5.8,https://fred.stlouisfed.org/graph/fredgraph.csv?id=UNRATE,2026-10-08
us_unemployment,1962-02-01,1962-03-07,5.5,https://fred.stlouisfed.org/graph/fredgraph.csv?id=UNRATE,2026-10-08
us_unemployment,1962-03-01,1962-04-07,5.6,https://fred.stlouisfed.org/graph/fredgraph.csv?id=UNRATE,2026-10-08
us_unemployment,1962-04-01,1962-05-07,5.6,https://fred.stlouisfed.org/graph/fredgraph.csv?id=UNRATE,2026-10-08
us_unemployment,1962-05-01,1962-06-07,5.5,https://fred.stlouisfed.org/graph/fredgraph.csv?id=UNRATE,2026-10-08
us_unemployment,1962-06-01,1962-07-07,5.5,https://fred.stlouisfed.org/graph/fredgraph.csv?id=UNRATE,2026-10-08
us_unemployment,1962-07-01,1962-08-07,5.4,https://fred.stlouisfed.org/graph/fredgraph.csv?id=UNRATE,2026-10-08
us_unemployment,1962-08-01,1962-09-07,5.7,https://fred.stlouisfed.org/graph/fredgraph.csv?id=UNRATE,2026-10-08
us_unemployment,1962-09-01,1962-10-07,5.6,https://fred.stlouisfed.org/graph/fredgraph.csv?id=UNRATE,2026-10-08
us_unemployment,1962-10-01,1962-11-07,5.4,https://fred.stlouisfed.org/graph/fredgraph.csv?id=UNRATE,2026-10-08
us_unemployment,1962-11-01,1962-12-07,5.7,https://fred.stlouisfed.org/graph/fredgraph.csv?id=UNRATE,2026-10-08
us_unemployment,1962-12-01,1963-01-07,5.5,https://fred.stlouisfed.org/graph/fredgraph.csv?id=UNRATE,2026-10-08
us_unemployment,1963-01-01,1963-02-07,5.7,https://fred.stlouisfed.org/graph/fredgraph.csv?id=UNRATE,2026-10-08
us_unemployment,1963-02-01,1963-03-07,5.9,https://fred.stlouisfed.org/graph/fredgraph.csv?id=UNRATE,2026-10-08
us_unemployment,1963-03-01,1963-04-07,5.7,https://fred.stlouisfed.org/graph/fredgraph.csv?id=UNRATE,2026-10-08
us_unemployment,1963-04-01,1963-05-07,5.7,https://fred.stlouisfed.org/graph/fredgraph.csv?id=UNRATE,2026-10-08
us_unemployment,1963-05-01,1963-06-07,5.9,https://fred.stlouisfed.org/graph/fredgraph.csv?id=UNRATE,2026-10-08
us_unemployment,1963-06-01,1963-07-07,5.6,https://fred.stlouisfed.org/graph/fredgraph.csv?id=UNRATE,2026-10-08
us_unemployment,1963-07-01,1963-08-07,5.6,https://fred.stlouisfed.org/graph/fredgraph.csv?id=UNRATE,2026-10-08
us_unemployment,1963-08-01,1963-09-07,5.4,https://fred.stlouisfed.org/graph/fredgraph.csv?id=UNRATE,2026-10-08
us_unemployment,1963-09-01,1963-10-07,5.5,https://fred.stlouisfed.org/graph/fredgraph.csv?id=UNRATE,2026-10-08
us_unemployment,1963-10-01,1963-11-07,5.5,https://fred.stlouisfed.org/graph/fredgraph.csv?id=UNRATE,2026-10-08
us_unemployment,1963-11-01,1963-12-07,5.7,https://fred.stlouisfed.org/graph/fredgraph.csv?id=UNRATE,2026-10-08
us_unemployment,1963-12-01,1964-01-07,5.5,https://fred.stlouisfed.org/graph/fredgraph.csv?id=UNRATE,2026-10-08
us_unemployment,1964-01-01,1964-02-07,5.6,https://fred.stlouisfed.org/graph/fredgraph.csv?id=UNRATE,2026-10-08
us_unemployment,1964-02-01,1964-03-07,5.4,https://fred.stlouisfed.org/graph/fredgraph.csv?id=UNRATE,2026-10-08
us_unemployment,1964-03-01,1964-04-07,5.4,https://fred.stlouisfed.org/graph/fredgraph.csv?id=UNRATE,2026-10-08
us_unemployment,1964-04-01,1964-05-07,5.3,https://fred.stlouisfed.org/graph/fredgraph.csv?id=UNRATE,2026-10-08
us_unemployment,1964-05-01,1964-06-07,5.1,https://fred.stlouisfed.org/graph/fredgraph.csv?id=UNRATE,2026-10-08
us_unemployment,1964-06-01,1964-07-07,5.2,https://fred.stlouisfed.org/graph/fredgraph.csv?id=UNRATE,2026-10-08
us_unemployment,1964-07-01,1964-08-07,4.9,https://fred.stlouisfed.org/graph/fredgraph.csv?id=UNRATE,2026-10-08
us_unemployment,1964-08-01,1964-09-07,5.0,https://fred.stlouisfed.org/graph/fredgraph.csv?id=UNRATE,2026-10-08
us_unemployment,1964-09-01,1964-10-07,5.1,https://fred.stlouisfed.org/graph/fredgraph.csv?id=UNRATE,2026-10-08
us_unemployment,1964-10-01,1964-11-07,5.1,https://fred.stlouisfed.org/graph/fredgraph.csv?id=UNRATE,2026-10-08
us_unemployment,1964-11-01,1964-12-07,4.8,https://fred.stlouisfed.org/graph/fredgraph.csv?id=UNRATE,2026-10-08
us_unemployment,1964-12-01,1965-01-07,5.0,https://fred.stlouisfed.org/graph/fredgraph.csv?id=UNRATE,2026-10-08
us_unemployment,1965-01-01,1965-02-07,4.9,https://fred.stlouisfed.org/graph/fredgraph.csv?id=UNRATE,2026-10-08
us_unemployment,1965-02-01,1965-03-07,5.1,https://fred.stlouisfed.org/graph/fredgraph.csv?id=UNRATE,2026-10-08
us_unemployment,1965-03-01,1965-04-07,4.7,https://fred.stlouisfed.org/graph/fredgraph.csv?id=UNRATE,2026-10-08
us_unemployment,1965-04-01,1965-05-07,4.8,https://fred.stlouisfed.org/graph/fredgraph.csv?id=UNRATE,2026-10-08
us_unemployment,1965-05-01,1965-06-07,4.6,https://fred.stlouisfed.org/graph/fredgraph.csv?id=UNRATE,2026-10-08
us_unemployment,1965-06-01,1965-07-07,4.6,https://fred.stlouisfed.org/graph/fredgraph.csv?id=UNRATE,2026-10-08
us_unemployment,1965-07-01,1965-08-07,4.4,https://fred.stlouisfed.org/graph/fredgraph.csv?id=UNRATE,2026-10-08
us_unemployment,1965-08-01,1965-09-07,4.4,https://fred.stlouisfed.org/graph/fredgraph.csv?id=UNRATE,2026-10-08
us_unemployment,1965-09-01,1965-10-07,4.3,https://fred.stlouisfed.org/graph/fredgraph.csv?id=UNRATE,2026-10-08
us_unemployment,1965-10-01,1965-11-07,4.2,https://fred.stlouisfed.org/graph/fredgraph.csv?id=UNRATE,2026-10-08
us_unemployment,1965-11-01,1965-12-07,4.1,https://fred.stlouisfed.org/graph/fredgraph.csv?id=UNRATE,2026-10-08
us_unemployment,1965-12-01,1966-01-07,4.0,https://fred.stlouisfed.org/graph/fredgraph.csv?id=UNRATE,2026-10-08
us_unemployment,1966-01-01,1966-02-07,4.0,https://fred.stlouisfed.org/graph/fredgraph.csv?id=UNRATE,2026-10-08
us_unemployment,1966-02-01,1966-03-07,3.8,https://fred.stlouisfed.org/graph/fredgraph.csv?id=UNRATE,2026-10-08
us_unemployment,1966-03-01,1966-04-07,3.8,https://fred.stlouisfed.org/graph/fredgraph.csv?id=UNRATE,2026-10-08
us_unemployment,1966-04-01,1966-05-07,3.8,https://fred.stlouisfed.org/graph/fredgraph.csv?id=UNRATE,2026-10-08
us_unemployment,1966-05-01,1966-06-07,3.9,https://fred.stlouisfed.org/graph/fredgraph.csv?id=UNRATE,2026-10-08
us_unemployment,1966-06-01,1966-07-07,3.8,https://fred.stlouisfed.org/graph/fredgraph.csv?id=UNRATE,2026-10-08
us_unemployment,1966-07-01,1966-08-07,3.8,https://fred.stlouisfed.org/graph/fredgraph.csv?id=UNRATE,2026-10-08
us_unemployment,1966-08-01,1966-09-07,3.8,https://fred.stlouisfed.org/graph/fredgraph.csv?id=UNRATE,2026-10-08
us_unemployment,1966-09-01,1966-10-07,3.7,https://fred.stlouisfed.org/graph/fredgraph.csv?id=UNRATE,2026-10-08
us_unemployment,1966-10-01,1966-11-07,3.7,https://fred.stlouisfed.org/graph/fredgraph.csv?id=UNRATE,2026-10-08
us_unemployment,1966-11-01,1966-12-07,3.6,https://fred.stlouisfed.org/graph/fredgraph.csv?id=UNRATE,2026-10-08
us_unemployment,1966-12-01,1967-01-07,3.8,https://fred.stlouisfed.org/graph/fredgraph.csv?id=UNRATE,2026-10-08
us_unemployment,1967-01-01,1967-02-07,3.9,https://fred.stlouisfed.org/graph/fredgraph.csv?id=UNRATE,2026-10-08
us_unemployment,1967-02-01,1967-03-07,3.8,https://fred.stlouisfed.org/graph/fredgraph.csv?id=UNRATE,2026-10-08
us_unemployment,1967-03-01,1967-04-07,3.8,https://fred.stlouisfed.org/graph/fredgraph.csv?id=UNRATE,2026-10-08
us_unemployment,1967-04-01,1967-05-07,3.8,https://fred.stlouisfed.org/graph/fredgraph.csv?id=UNRATE,2026-10-08
us_unemployment,1967-05-01,1967-06-07,3.8,https://fred.stlouisfed.org/graph/fredgraph.csv?id=UNRATE,2026-10-08
us_unemployment,1967-06-01,1967-07-07,3.9,https://fred.stlouisfed.org/graph/fredgraph.csv?id=UNRATE,2026-10-08
us_unemployment,1967-07-01,1967-08-07,3.8,https://fred.stlouisfed.org/graph/fredgraph.csv?id=UNRATE,2026-10-08
us_unemployment,1967-08-01,1967-09-07,3.8,https://fred.stlouisfed.org/graph/fredgraph.csv?id=UNRATE,2026-10-08
us_unemployment,1967-09-01,1967-10-07,3.8,https://fred.stlouisfed.org/graph/fredgraph.csv?id=UNRATE,2026-10-08
us_unemployment,1967-10-01,1967-11-07,4.0,https://fred.stlouisfed.org/graph/fredgraph.csv?id=UNRATE,2026-10-08
us_unemployment,1967-11-01,1967-12-07,3.9,https://fred.stlouisfed.org/graph/fredgraph.csv?id=UNRATE,2026-10-08
us_unemployment,1967-12-01,1968-01-07,3.8,https://fred.stlouisfed.org/graph/fredgraph.csv?id=UNRATE,2026-10-08
us_unemployment,1968-01-01,1968-02-07,3.7,https://fred.stlouisfed.org/graph/fredgraph.csv?id=UNRATE,2026-10-08
us_unemployment,1968-02-01,1968-03-07,3.8,https://fred.stlouisfed.org/graph/fredgraph.csv?id=UNRATE,2026-10-08
us_unemployment,1968-03-01,1968-04-07,3.7,https://fred.stlouisfed.org/graph/fredgraph.csv?id=UNRATE,2026-10-08
us_unemployment,1968-04-01,1968-05-07,3.5,https://fred.stlouisfed.org/graph/fredgraph.csv?id=UNRATE,2026-10-08
us_unemployment,1968-05-01,1968-06-07,3.5,https://fred.stlouisfed.org/graph/fredgraph.csv?id=UNRATE,2026-10-08
us_unemployment,1968-06-01,1968-07-07,3.7,https://fred.stlouisfed.org/graph/fredgraph.csv?id=UNRATE,2026-10-08
us_unemployment,1968-07-01,1968-08-07,3.7,https://fred.stlouisfed.org/graph/fredgraph.csv?id=UNRATE,2026-10-08
us_unemployment,1968-08-01,1968-09-07,3.5,https://fred.stlouisfed.org/graph/fredgraph.csv?id=UNRATE,2026-10-08
us_unemployment,1968-09-01,1968-10-07,3.4,https://fred.stlouisfed.org/graph/fredgraph.csv?id=UNRATE,2026-10-08
us_unemployment,1968-10-01,1968-11-07,3.4,https://fred.stlouisfed.org/graph/fredgraph.csv?id=UNRATE,2026-10-08
us_unemployment,1968-11-01,1968-12-07,3.4,https://fred.stlouisfed.org/graph/fredgraph.csv?id=UNRATE,2026-10-08
us_unemployment,1968-12-01,1969-01-07,3.4,https://fred.stlouisfed.org/graph/fredgraph.csv?id=UNRATE,2026-10-08
us_unemployment,1969-01-01,1969-02-07,3.4,https://fred.stlouisfed.org/graph/fredgraph.csv?id=UNRATE,2026-10-08
us_unemployment,1969-02-01,1969-03-07,3.4,https://fred.stlouisfed.org/graph/fredgraph.csv?id=UNRATE,2026-10-08
us_unemployment,1969-03-01,1969-04-07,3.4,https://fred.stlouisfed.org/graph/fredgraph.csv?id=UNRATE,2026-10-08
us_unemployment,1969-04-01,1969-05-07,3.4,https://fred.stlouisfed.org/graph/fredgraph.csv?id=UNRATE,2026-10-08
us_unemployment,1969-05-01,1969-06-07,3.4,https://fred.stlouisfed.org/graph/fredgraph.csv?id=UNRATE,2026-10-08
us_unemployment,1969-06-01,1969-07-07,3.5,https://fred.stlouisfed.org/graph/fredgraph.csv?id=UNRATE,2026-10-08
us_unemployment,1969-07-01,1969-08-07,3.5,https://fred.stlouisfed.org/graph/fredgraph.csv?id=UNRATE,2026-10-08
us_unemployment,1969-08-01,1969-09-07,3.5,https://fred.stlouisfed.org/graph/fredgraph.csv?id=UNRATE,2026-10-08
us_unemployment,1969-09-01,1969-10-07,3.7,https://fred.stlouisfed.org/graph/fredgraph.csv?id=UNRATE,2026-10-08
us_unemployment,1969-10-01,1969-11-07,3.7,https://fred.stlouisfed.org/graph/fredgraph.csv?id=UNRATE,2026-10-08
us_unemployment,1969-11-01,1969-12-07,3.5,https://fred.stlouisfed.org/graph/fredgraph.csv?id=UNRATE,2026-10-08
us_unemployment,1969-12-01,1970-01-07,3.5,https://fred.stlouisfed.org/graph/fredgraph.csv?id=UNRATE,2026-10-08
us_unemployment,1970-01-01,1970-02-07,3.9,https://fred.stlouisfed.org/graph/fredgraph.csv?id=UNRATE,2026-10-08
us_unemployment,1970-02-01,1970-03-07,4.2,https://fred.stlouisfed.org/graph/fredgraph.csv?id=UNRATE,2026-10-08
us_unemployment,1970-03-01,1970-04-07,4.4,https://fred.stlouisfed.org/graph/fredgraph.csv?id=UNRATE,2026-10-08
us_unemployment,1970-04-01,1970-05-07,4.6,https://fred.stlouisfed.org/graph/fredgraph.csv?id=UNRATE,2026-10-08
us_unemployment,1970-05-01,1970-06-07,4.8,https://fred.stlouisfed.org/graph/fredgraph.csv?id=UNRATE,2026-10-08
us_unemployment,1970-06-01,1970-07-07,4.9,https://fred.stlouisfed.org/graph/fredgraph.csv?id=UNRATE,2026-10-08
us_unemployment,1970-07-01,1970-08-07,5.0,https://fred.stlouisfed.org/graph/fredgraph.csv?id=UNRATE,2026-10-08
us_unemployment,1970-08-01,1970-09-07,5.1,https://fred.stlouisfed.org/graph/fredgraph.csv?id=UNRATE,2026-10-08
us_unemployment,1970-09-01,1970-10-07,5.4,https://fred.stlouisfed.org/graph/fredgraph.csv?id=UNRATE,2026-10-08
us_unemployment,1970-10-01,1970-11-07,5.5,https://fred.stlouisfed.org/graph/fredgraph.csv?id=UNRATE,2026-10-08
us_unemployment,1970-11-01,1970-12-07,5.9,https://fred.stlouisfed.org/graph/fredgraph.csv?id=UNRATE,2026-10-08
us_unemployment,1970-12-01,1971-01-07,6.1,https://fred.stlouisfed.org/graph/fredgraph.csv?id=UNRATE,2026-10-08
us_unemployment,1971-01-01,1971-02-07,5.9,https://fred.stlouisfed.org/graph/fredgraph.csv?id=UNRATE,2026-10-08
us_unemployment,1971-02-01,1971-03-07,5.9,https://fred.stlouisfed.org/graph/fredgraph.csv?id=UNRATE,2026-10-08
us_unemployment,1971-03-01,1971-04-07,6.0,https://fred.stlouisfed.org/graph/fredgraph.csv?id=UNRATE,2026-10-08
us_unemployment,1971-04-01,1971-05-07,5.9,https://fred.stlouisfed.org/graph/fredgraph.csv?id=UNRATE,2026-10-08
us_unemployment,1971-05-01,1971-06-07,5.9,https://fred.stlouisfed.org/graph/fredgraph.csv?id=UNRATE,2026-10-08
us_unemployment,1971-06-01,1971-07-07,5.9,https://fred.stlouisfed.org/graph/fredgraph.csv?id=UNRATE,2026-10-08
us_unemployment,1971-07-01,1971-08-07,6.0,https://fred.stlouisfed.org/graph/fredgraph.csv?id=UNRATE,2026-10-08
us_unemployment,1971-08-01,1971-09-07,6.1,https://fred.stlouisfed.org/graph/fredgraph.csv?id=UNRATE,2026-10-08
us_unemployment,1971-09-01,1971-10-07,6.0,https://fred.stlouisfed.org/graph/fredgraph.csv?id=UNRATE,2026-10-08
us_unemployment,1971-10-01,1971-11-07,5.8,https://fred.stlouisfed.org/graph/fredgraph.csv?id=UNRATE,2026-10-08
us_unemployment,1971-11-01,1971-12-07,6.0,https://fred.stlouisfed.org/graph/fredgraph.csv?id=UNRATE,2026-10-08
us_unemployment,1971-12-01,1972-01-07,6.0,https://fred.stlouisfed.org/graph/fredgraph.csv?id=UNRATE,2026-10-08
us_unemployment,1972-01-01,1972-02-07,5.8,https://fred.stlouisfed.org/graph/fredgraph.csv?id=UNRATE,2026-10-08
us_unemployment,1972-02-01,1972-03-07,5.7,https://fred.stlouisfed.org/graph/fredgraph.csv?id=UNRATE,2026-10-08
us_unemployment,1972-03-01,1972-04-07,5.8,https://fred.stlouisfed.org/graph/fredgraph.csv?id=UNRATE,2026-10-08
us_unemployment,1972-04-01,1972-05-07,5.7,https://fred.stlouisfed.org/graph/fredgraph.csv?id=UNRATE,2026-10-08
us_unemployment,1972-05-01,1972-06-07,5.7,https://fred.stlouisfed.org/graph/fredgraph.csv?id=UNRATE,2026-10-08
us_unemployment,1972-06-01,1972-07-07,5.7,https://fred.stlouisfed.org/graph/fredgraph.csv?id=UNRATE,2026-10-08
us_unemployment,1972-07-01,1972-08-07,5.6,https://fred.stlouisfed.org/graph/fredgraph.csv?id=UNRATE,2026-10-08
us_unemployment,1972-08-01,1972-09-07,5.6,https://fred.stlouisfed.org/graph/fredgraph.csv?id=UNRATE,2026-10-08
us_unemployment,1972-09-01,1972-10-07,5.5,https://fred.stlouisfed.org/graph/fredgraph.csv?id=UNRATE,2026-10-08
us_unemployment,1972-10-01,1972-11-07,5.6,https://fred.stlouisfed.org/graph/fredgraph.csv?id=UNRATE,2026-10-08
us_unemployment,1972-11-01,1972-12-07,5.3,https://fred.stlouisfed.org/graph/fredgraph.csv?id=UNRATE,2026-10-08
us_unemployment,1972-12-01,1973-01-07,5.2,https://fred.stlouisfed.org/graph/fredgraph.csv?id=UNRATE,2026-10-08
us_unemployment,1973-01-01,1973-02-07,4.9,https://fred.stlouisfed.org/graph/fredgraph.csv?id=UNRATE,2026-10-08
us_unemployment,1973-02-01,1973-03-07,5.0,https://fred.stlouisfed.org/graph/fredgraph.csv?id=UNRATE,2026-10-08
us_unemployment,1973-03-01,1973-04-07,4.9,https://fred.stlouisfed.org/graph/fredgraph.csv?id=UNRATE,2026-10-08
us_unemployment,1973-04-01,1973-05-07,5.0,https://fred.stlouisfed.org/graph/fredgraph.csv?id=UNRATE,2026-10-08
us_unemployment,1973-05-01,1973-06-07,4.9,https://fred.stlouisfed.org/graph/fredgraph.csv?id=UNRATE,2026-10-08
us_unemployment,1973-06-01,1973-07-07,4.9,https://fred.stlouisfed.org/graph/fredgraph.csv?id=UNRATE,2026-10-08
us_unemployment,1973-07-01,1973-08-07,4.8,https://fred.stlouisfed.org/graph/fredgraph.csv?id=UNRATE,2026-10-08
us_unemployment,1973-08-01,1973-09-07,4.8,https://fred.stlouisfed.org/graph/fredgraph.csv?id=UNRATE,2026-10-08
us_unemployment,1973-09-01,1973-10-07,4.8,https://fred.stlouisfed.org/graph/fredgraph.csv?id=UNRATE,2026-10-08
us_unemployment,1973-10-01,1973-11-07,4.6,https://fred.stlouisfed.org/graph/fredgraph.csv?id=UNRATE,2026-10-08
us_unemployment,1973-11-01,1973-12-07,4.8,https://fred.stlouisfed.org/graph/fredgraph.csv?id=UNRATE,2026-10-08
us_unemployment,1973-12-01,1974-01-07,4.9,https://fred.stlouisfed.org/graph/fredgraph.csv?id=UNRATE,2026-10-08
us_unemployment,1974-01-01,1974-02-07,5.1,https://fred.stlouisfed.org/graph/fredgraph.csv?id=UNRATE,2026-10-08
us_unemployment,1974-02-01,1974-03-07,5.2,https://fred.stlouisfed.org/graph/fredgraph.csv?id=UNRATE,2026-10-08
us_unemployment,1974-03-01,1974-04-07,5.1,https://fred.stlouisfed.org/graph/fredgraph.csv?id=UNRATE,2026-10-08
us_unemployment,1974-04-01,1974-05-07,5.1,https://fred.stlouisfed.org/graph/fredgraph.csv?id=UNRATE,2026-10-08
us_unemployment,1974-05-01,1974-06-07,5.1,https://fred.stlouisfed.org/graph/fredgraph.csv?id=UNRATE,2026-10-08
us_unemployment,1974-06-01,1974-07-07,5.4,https://fred.stlouisfed.org/graph/fredgraph.csv?id=UNRATE,2026-10-08
us_unemployment,1974-07-01,1974-08-07,5.5,https://fred.stlouisfed.org/graph/fredgraph.csv?id=UNRATE,2026-10-08
us_unemployment,1974-08-01,1974-09-07,5.5,https://fred.stlouisfed.org/graph/fredgraph.csv?id=UNRATE,2026-10-08
us_unemployment,1974-09-01,1974-10-07,5.9,https://fred.stlouisfed.org/graph/fredgraph.csv?id=UNRATE,2026-10-08
us_unemployment,1974-10-01,1974-11-07,6.0,https://fred.stlouisfed.org/graph/fredgraph.csv?id=UNRATE,2026-10-08
us_unemployment,1974-11-01,1974-12-07,6.6,https://fred.stlouisfed.org/graph/fredgraph.csv?id=UNRATE,2026-10-08
us_unemployment,1974-12-01,1975-01-07,7.2,https://fred.stlouisfed.org/graph/fredgraph.csv?id=UNRATE,2026-10-08
us_unemployment,1975-01-01,1975-02-07,8.1,https://fred.stlouisfed.org/graph/fredgraph.csv?id=UNRATE,2026-10-08
us_unemployment,1975-02-01,1975-03-07,8.1,https://fred.stlouisfed.org/graph/fredgraph.csv?id=UNRATE,2026-10-08
us_unemployment,1975-03-01,1975-04-07,8.6,https://fred.stlouisfed.org/graph/fredgraph.csv?id=UNRATE,2026-10-08
us_unemployment,1975-04-01,1975-05-07,8.8,https://fred.stlouisfed.org/graph/fredgraph.csv?id=UNRATE,2026-10-08
us_unemployment,1975-05-01,1975-06-07,9.0,https://fred.stlouisfed.org/graph/fredgraph.csv?id=UNRATE,2026-10-08
us_unemployment,1975-06-01,1975-07-07,8.8,https://fred.stlouisfed.org/graph/fredgraph.csv?id=UNRATE,2026-10-08
us_unemployment,1975-07-01,1975-08-07,8.6,https://fred.stlouisfed.org/graph/fredgraph.csv?id=UNRATE,2026-10-08
us_unemployment,1975-08-01,1975-09-07,8.4,https://fred.stlouisfed.org/graph/fredgraph.csv?id=UNRATE,2026-10-08
us_unemployment,1975-09-01,1975-10-07,8.4,https://fred.stlouisfed.org/graph/fredgraph.csv?id=UNRATE,2026-10-08
us_unemployment,1975-10-01,1975-11-07,8.4,https://fred.stlouisfed.org/graph/fredgraph.csv?id=UNRATE,2026-10-08
us_unemployment,1975-11-01,1975-12-07,8.3,https://fred.stlouisfed.org/graph/fredgraph.csv?id=UNRATE,2026-10-08
us_unemployment,1975-12-01,1976-01-07,8.2,https://fred.stlouisfed.org/graph/fredgraph.csv?id=UNRATE,2026-10-08
us_unemployment,1976-01-01,1976-02-07,7.9,https://fred.stlouisfed.org/graph/fredgraph.csv?id=UNRATE,2026-10-08
us_unemployment,1976-02-01,1976-03-07,7.7,https://fred.stlouisfed.org/graph/fredgraph.csv?id=UNRATE,2026-10-08
us_unemployment,1976-03-01,1976-04-07,7.6,https://fred.stlouisfed.org/graph/fredgraph.csv?id=UNRATE,2026-10-08
us_unemployment,1976-04-01,1976-05-07,7.7,https://fred.stlouisfed.org/graph/fredgraph.csv?id=UNRATE,2026-10-08
us_unemployment,1976-05-01,1976-06-07,7.4,https://fred.stlouisfed.org/graph/fredgraph.csv?id=UNRATE,2026-10-08
us_unemployment,1976-06-01,1976-07-07,7.6,https://fred.stlouisfed.org/graph/fredgraph.csv?id=UNRATE,2026-10-08
us_unemployment,1976-07-01,1976-08-07,7.8,https://fred.stlouisfed.org/graph/fredgraph.csv?id=UNRATE,2026-10-08
us_unemployment,1976-08-01,1976-09-07,7.8,https://fred.stlouisfed.org/graph/fredgraph.csv?id=UNRATE,2026-10-08
us_unemployment,1976-09-01,1976-10-07,7.6,https://fred.stlouisfed.org/graph/fredgraph.csv?id=UNRATE,2026-10-08
us_unemployment,1976-10-01,1976-11-07,7.7,https://fred.stlouisfed.org/graph/fredgraph.csv?id=UNRATE,2026-10-08
us_unemployment,1976-11-01,1976-12-07,7.8,https://fred.stlouisfed.org/graph/fredgraph.csv?id=UNRATE,2026-10-08
us_unemployment,1976-12-01,1977-01-07,7.8,https://fred.stlouisfed.org/graph/fredgraph.csv?id=UNRATE,2026-10-08
us_unemployment,1977-01-01,1977-02-07,7.5,https://fred.stlouisfed.org/graph/fredgraph.csv?id=UNRATE,2026-10-08
us_unemployment,1977-02-01,1977-03-07,7.6,https://fred.stlouisfed.org/graph/fredgraph.csv?id=UNRATE,2026-10-08
us_unemployment,1977-03-01,1977-04-07,7.4,https://fred.stlouisfed.org/graph/fredgraph.csv?id=UNRATE,2026-10-08
us_unemployment,1977-04-01,1977-05-07,7.2,https://fred.stlouisfed.org/graph/fredgraph.csv?id=UNRATE,2026-10-08
us_unemployment,1977-05-01,1977-06-07,7.0,https://fred.stlouisfed.org/graph/fredgraph.csv?id=UNRATE,2026-10-08
us_unemployment,1977-06-01,1977-07-07,7.2,https://fred.stlouisfed.org/graph/fredgraph.csv?id=UNRATE,2026-10-08
us_unemployment,1977-07-01,1977-08-07,6.9,https://fred.stlouisfed.org/graph/fredgraph.csv?id=UNRATE,2026-10-08
us_unemployment,1977-08-01,1977-09-07,7.0,https://fred.stlouisfed.org/graph/fredgraph.csv?id=UNRATE,2026-10-08
us_unemployment,1977-09-01,1977-10-07,6.8,https://fred.stlouisfed.org/graph/fredgraph.csv?id=UNRATE,2026-10-08
us_unemployment,1977-10-01,1977-11-07,6.8,https://fred.stlouisfed.org/graph/fredgraph.csv?id=UNRATE,2026-10-08
us_unemployment,1977-11-01,1977-12-07,6.8,https://fred.stlouisfed.org/graph/fredgraph.csv?id=UNRATE,2026-10-08
us_unemployment,1977-12-01,1978-01-07,6.4,https://fred.stlouisfed.org/graph/fredgraph.csv?id=UNRATE,2026-10-08
us_unemployment,1978-01-01,1978-02-07,6.4,https://fred.stlouisfed.org/graph/fredgraph.csv?id=UNRATE,2026-10-08
us_unemployment,1978-02-01,1978-03-07,6.3,https://fred.stlouisfed.org/graph/fredgraph.csv?id=UNRATE,2026-10-08
us_unemployment,1978-03-01,1978-04-07,6.3,https://fred.stlouisfed.org/graph/fredgraph.csv?id=UNRATE,2026-10-08
us_unemployment,1978-04-01,1978-05-07,6.1,https://fred.stlouisfed.org/graph/fredgraph.csv?id=UNRATE,2026-10-08
us_unemployment,1978-05-01,1978-06-07,6.0,https://fred.stlouisfed.org/graph/fredgraph.csv?id=UNRATE,2026-10-08
us_unemployment,1978-06-01,1978-07-07,5.9,https://fred.stlouisfed.org/graph/fredgraph.csv?id=UNRATE,2026-10-08
us_unemployment,1978-07-01,1978-08-07,6.2,https://fred.stlouisfed.org/graph/fredgraph.csv?id=UNRATE,2026-10-08
us_unemployment,1978-08-01,1978-09-07,5.9,https://fred.stlouisfed.org/graph/fredgraph.csv?id=UNRATE,2026-10-08
us_unemployment,1978-09-01,1978-10-07,6.0,https://fred.stlouisfed.org/graph/fredgraph.csv?id=UNRATE,2026-10-08
us_unemployment,1978-10-01,1978-11-07,5.8,https://fred.stlouisfed.org/graph/fredgraph.csv?id=UNRATE,2026-10-08
us_unemployment,1978-11-01,1978-12-07,5.9,https://fred.stlouisfed.org/graph/fredgraph.csv?id=UNRATE,2026-10-08
us_unemployment,1978-12-01,1979-01-07,6.0,https://fred.stlouisfed.org/graph/fredgraph.csv?id=UNRATE,2026-10-08
us_unemployment,1979-01-01,1979-02-07,5.9,https://fred.stlouisfed.org/graph/fredgraph.csv?id=UNRATE,2026-10-08
us_unemployment,1979-02-01,1979-03-07,5.9,https://fred.stlouisfed.org/graph/fredgraph.csv?id=UNRATE,2026-10-08
us_unemployment,1979-03-01,1979-04-07,5.8,https://fred.stlouisfed.org/graph/fredgraph.csv?id=UNRATE,2026-10-08
us_unemployment,1979-04-01,1979-05-07,5.8,https://fred.stlouisfed.org/graph/fredgraph.csv?id=UNRATE,2026-10-08
us_unemployment,1979-05-01,1979-06-07,5.6,https://fred.stlouisfed.org/graph/fredgraph.csv?id=UNRATE,2026-10-08
us_unemployment,1979-06-01,1979-07-07,5.7,https://fred.stlouisfed.org/graph/fredgraph.csv?id=UNRATE,2026-10-08
us_unemployment,1979-07-01,1979-08-07,5.7,https://fred.stlouisfed.org/graph/fredgraph.csv?id=UNRATE,2026-10-08
us_unemployment,1979-08-01,1979-09-07,6.0,https://fred.stlouisfed.org/graph/fredgraph.csv?id=UNRATE,2026-10-08
us_unemployment,1979-09-01,1979-10-07,5.9,https://fred.stlouisfed.org/graph/fredgraph.csv?id=UNRATE,2026-10-08
us_unemployment,1979-10-01,1979-11-07,6.0,https://fred.stlouisfed.org/graph/fredgraph.csv?id=UNRATE,2026-10-08
us_unemployment,1979-11-01,1979-12-07,5.9,https://fred.stlouisfed.org/graph/fredgraph.csv?id=UNRATE,2026-10-08
us_unemployment,1979-12-01,1980-01-07,6.0,https://fred.stlouisfed.org/graph/fredgraph.csv?id=UNRATE,2026-10-08
us_unemployment,1980-01-01,1980-02-07,6.3,https://fred.stlouisfed.org/graph/fredgraph.csv?id=UNRATE,2026-10-08
us_unemployment,1980-02-01,1980-03-07,6.3,https://fred.stlouisfed.org/graph/fredgraph.csv?id=UNRATE,2026-10-08
us_unemployment,1980-03-01,1980-04-07,6.3,https://fred.stlouisfed.org/graph/fredgraph.csv?id=UNRATE,2026-10-08
us_unemployment,1980-04-01,1980-05-07,6.9,https://fred.stlouisfed.org/graph/fredgraph.csv?id=UNRATE,2026-10-08
us_unemployment,1980-05-01,1980-06-07,7.5,https://fred.stlouisfed.org/graph/fredgraph.csv?id=UNRATE,2026-10-08
us_unemployment,1980-06-01,1980-07-07,7.6,https://fred.stlouisfed.org/graph/fredgraph.csv?id=UNRATE,2026-10-08
us_unemployment,1980-07-01,1980-08-07,7.8,https://fred.stlouisfed.org/graph/fredgraph.csv?id=UNRATE,2026-10-08
us_unemployment,1980-08-01,1980-09-07,7.7,https://fred.stlouisfed.org/graph/fredgraph.csv?id=UNRATE,2026-10-08
us_unemployment,1980-09-01,1980-10-07,7.5,https://fred.stlouisfed.org/graph/fredgraph.csv?id=UNRATE,2026-10-08
us_unemployment,1980-10-01,1980-11-07,7.5,https://fred.stlouisfed.org/graph/fredgraph.csv?id=UNRATE,2026-10-08
us_unemployment,1980-11-01,1980-12-07,7.5,https://fred.stlouisfed.org/graph/fredgraph.csv?id=UNRATE,2026-10-08
us_unemployment,1980-12-01,1981-01-07,7.2,https://fred.stlouisfed.org/graph/fredgraph.csv?id=UNRATE,2026-10-08
us_unemployment,1981-01-01,1981-02-07,7.5,https://fred.stlouisfed.org/graph/fredgraph.csv?id=UNRATE,2026-10-08
us_unemployment,1981-02-01,1981-03-07,7.4,https://fred.stlouisfed.org/graph/fredgraph.csv?id=UNRATE,2026-10-08
us_unemployment,1981-03-01,1981-04-07,7.4,https://fred.stlouisfed.org/graph/fredgraph.csv?id=UNRATE,2026-10-08
us_unemployment,1981-04-01,1981-05-07,7.2,https://fred.stlouisfed.org/graph/fredgraph.csv?id=UNRATE,2026-10-08
us_unemployment,1981-05-01,1981-06-07,7.5,https://fred.stlouisfed.org/graph/fredgraph.csv?id=UNRATE,2026-10-08
us_unemployment,1981-06-01,1981-07-07,7.5,https://fred.stlouisfed.org/graph/fredgraph.csv?id=UNRATE,2026-10-08
us_unemployment,1981-07-01,1981-08-07,7.2,https://fred.stlouisfed.org/graph/fredgraph.csv?id=UNRATE,2026-10-08
us_unemployment,1981-08-01,1981-09-07,7.4,https://fred.stlouisfed.org/graph/fredgraph.csv?id=UNRATE,2026-10-08
us_unemployment,1981-09-01,1981-10-07,7.6,https://fred.stlouisfed.org/graph/fredgraph.csv?id=UNRATE,2026-10-08
us_unemployment,1981-10-01,1981-11-07,7.9,https://fred.stlouisfed.org/graph/fredgraph.csv?id=UNRATE,2026-10-08
us_unemployment,1981-11-01,1981-12-07,8.3,https://fred.stlouisfed.org/graph/fredgraph.csv?id=UNRATE,2026-10-08
us_unemployment,1981-12-01,1982-01-07,8.5,https://fred.stlouisfed.org/graph/fredgraph.csv?id=UNRATE,2026-10-08
us_unemployment,1982-01-01,1982-02-07,8.6,https://fred.stlouisfed.org/graph/fredgraph.csv?id=UNRATE,2026-10-08
us_unemployment,1982-02-01,1982-03-07,8.9,https://fred.stlouisfed.org/graph/fredgraph.csv?id=UNRATE,2026-10-08
us_unemployment,1982-03-01,1982-04-07,9.0,https://fred.stlouisfed.org/graph/fredgraph.csv?id=UNRATE,2026-10-08
us_unemployment,1982-04-01,1982-05-07,9.3,https://fred.stlouisfed.org/graph/fredgraph.csv?id=UNRATE,2026-10-08
us_unemployment,1982-05-01,1982-06-07,9.4,https://fred.stlouisfed.org/graph/fredgraph.csv?id=UNRATE,2026-10-08
us_unemployment,1982-06-01,1982-07-07,9.6,https://fred.stlouisfed.org/graph/fredgraph.csv?id=UNRATE,2026-10-08
us_unemployment,1982-07-01,1982-08-07,9.8,https://fred.stlouisfed.org/graph/fredgraph.csv?id=UNRATE,2026-10-08
us_unemployment,1982-08-01,1982-09-07,9.8,https://fred.stlouisfed.org/graph/fredgraph.csv?id=UNRATE,2026-10-08
us_unemployment,1982-09-01,1982-10-07,10.1,https://fred.stlouisfed.org/graph/fredgraph.csv?id=UNRATE,2026-10-08
us_unemployment,1982-10-01,1982-11-07,10.4,https://fred.stlouisfed.org/graph/fredgraph.csv?id=UNRATE,2026-10-08
us_unemployment,1982-11-01,1982-12-07,10.8,https://fred.stlouisfed.org/graph/fredgraph.csv?id=UNRATE,2026-10-08
us_unemployment,1982-12-01,1983-01-07,10.8,https://fred.stlouisfed.org/graph/fredgraph.csv?id=UNRATE,2026-10-08
us_unemployment,1983-01-01,1983-02-07,10.4,https://fred.stlouisfed.org/graph/fredgraph.csv?id=UNRATE,2026-10-08
us_unemployment,1983-02-01,1983-03-07,10.4,https://fred.stlouisfed.org/graph/fredgraph.csv?id=UNRATE,2026-10-08
us_unemployment,1983-03-01,1983-04-07,10.3,https://fred.stlouisfed.org/graph/fredgraph.csv?id=UNRATE,2026-10-08
us_unemployment,1983-04-01,1983-05-07,10.2,https://fred.stlouisfed.org/graph/fredgraph.csv?id=UNRATE,2026-10-08
us_unemployment,1983-05-01,1983-06-07,10.1,https://fred.stlouisfed.org/graph/fredgraph.csv?id=UNRATE,2026-10-08
us_unemployment,1983-06-01,1983-07-07,10.1,https://fred.stlouisfed.org/graph/fredgraph.csv?id=UNRATE,2026-10-08
us_unemployment,1983-07-01,1983-08-07,9.4,https://fred.stlouisfed.org/graph/fredgraph.csv?id=UNRATE,2026-10-08
us_unemployment,1983-08-01,1983-09-07,9.5,https://fred.stlouisfed.org/graph/fredgraph.csv?id=UNRATE,2026-10-08
us_unemployment,1983-09-01,1983-10-07,9.2,https://fred.stlouisfed.org/graph/fredgraph.csv?id=UNRATE,2026-10-08
us_unemployment,1983-10-01,1983-11-07,8.8,https://fred.stlouisfed.org/graph/fredgraph.csv?id=UNRATE,2026-10-08
us_unemployment,1983-11-01,1983-12-07,8.5,https://fred.stlouisfed.org/graph/fredgraph.csv?id=UNRATE,2026-10-08
us_unemployment,1983-12-01,1984-01-07,8.3,https://fred.stlouisfed.org/graph/fredgraph.csv?id=UNRATE,2026-10-08
us_unemployment,1984-01-01,1984-02-07,8.0,https://fred.stlouisfed.org/graph/fredgraph.csv?id=UNRATE,2026-10-08
us_unemployment,1984-02-01,1984-03-07,7.8,https://fred.stlouisfed.org/graph/fredgraph.csv?id=UNRATE,2026-10-08
us_unemployment,1984-03-01,1984-04-07,7.8,https://fred.stlouisfed.org/graph/fredgraph.csv?id=UNRATE,2026-10-08
us_unemployment,1984-04-01,1984-05-07,7.7,https://fred.stlouisfed.org/graph/fredgraph.csv?id=UNRATE,2026-10-08
us_unemployment,1984-05-01,1984-06-07,7.4,https://fred.stlouisfed.org/graph/fredgraph.csv?id=UNRATE,2026-10-08
us_unemployment,1984-06-01,1984-07-07,7.2,https://fred.stlouisfed.org/graph/fredgraph.csv?id=UNRATE,2026-10-08
us_unemployment,1984-07-01,1984-08-07,7.5,https://fred.stlouisfed.org/graph/fredgraph.csv?id=UNRATE,2026-10-08
us_unemployment,1984-08-01,1984-09-07,7.5,https://fred.stlouisfed.org/graph/fredgraph.csv?id=UNRATE,2026-10-08
us_unemployment,1984-09-01,1984-10-07,7.3,https://fred.stlouisfed.org/graph/fredgraph.csv?id=UNRATE,2026-10-08
us_unemployment,1984-10-01,1984-11-07,7.4,https://fred.stlouisfed.org/graph/fredgraph.csv?id=UNRATE,2026-10-08
us_unemployment,1984-11-01,1984-12-07,7.2,https://fred.stlouisfed.org/graph/fredgraph.csv?id=UNRATE,2026-10-08
us_unemployment,1984-12-01,1985-01-07,7.3,https://fred.stlouisfed.org/graph/fredgraph.csv?id=UNRATE,2026-10-08
us_unemployment,1985-01-01,1985-02-07,7.3,https://fred.stlouisfed.org/graph/fredgraph.csv?id=UNRATE,2026-10-08
us_unemployment,1985-02-01,1985-03-07,7.2,https://fred.stlouisfed.org/graph/fredgraph.csv?id=UNRATE,2026-10-08
us_unemployment,1985-03-01,1985-04-07,7.2,https://fred.stlouisfed.org/graph/fredgraph.csv?id=UNRATE,2026-10-08
us_unemployment,1985-04-01,1985-05-07,7.3,https://fred.stlouisfed.org/graph/fredgraph.csv?id=UNRATE,2026-10-08
us_unemployment,1985-05-01,1985-06-07,7.2,https://fred.stlouisfed.org/graph/fredgraph.csv?id=UNRATE,2026-10-08
us_unemployment,1985-06-01,1985-07-07,7.4,https://fred.stlouisfed.org/graph/fredgraph.csv?id=UNRATE,2026-10-08
us_unemployment,1985-07-01,1985-08-07,7.4,https://fred.stlouisfed.org/graph/fredgraph.csv?id=UNRATE,2026-10-08
us_unemployment,1985-08-01,1985-09-07,7.1,https://fred.stlouisfed.org/graph/fredgraph.csv?id=UNRATE,2026-10-08
us_unemployment,1985-09-01,1985-10-07,7.1,https://fred.stlouisfed.org/graph/fredgraph.csv?id=UNRATE,2026-10-08
us_unemployment,1985-10-01,1985-11-07,7.1,https://fred.stlouisfed.org/graph/fredgraph.csv?id=UNRATE,2026-10-08
us_unemployment,1985-11-01,1985-12-07,7.0,https://fred.stlouisfed.org/graph/fredgraph.csv?id=UNRATE,2026-10-08
us_unemployment,1985-12-01,1986-01-07,7.0,https://fred.stlouisfed.org/graph/fredgraph.csv?id=UNRATE,2026-10-08
us_unemployment,1986-01-01,1986-02-07,6.7,https://fred.stlouisfed.org/graph/fredgraph.csv?id=UNRATE,2026-10-08
us_unemployment,1986-02-01,1986-03-07,7.2,https://fred.stlouisfed.org/graph/fredgraph.csv?id=UNRATE,2026-10-08
us_unemployment,1986-03-01,1986-04-07,7.2,https://fred.stlouisfed.org/graph/fredgraph.csv?id=UNRATE,2026-10-08
us_unemployment,1986-04-01,1986-05-07,7.1,https://fred.stlouisfed.org/graph/fredgraph.csv?id=UNRATE,2026-10-08
us_unemployment,1986-05-01,1986-06-07,7.2,https://fred.stlouisfed.org/graph/fredgraph.csv?id=UNRATE,2026-10-08
us_unemployment,1986-06-01,1986-07-07,7.2,https://fred.stlouisfed.org/graph/fredgraph.csv?id=UNRATE,2026-10-08
us_unemployment,1986-07-01,1986-08-07,7.0,https://fred.stlouisfed.org/graph/fredgraph.csv?id=UNRATE,2026-10-08
us_unemployment,1986-08-01,1986-09-07,6.9,https://fred.stlouisfed.org/graph/fredgraph.csv?id=UNRATE,2026-10-08
us_unemployment,1986-09-01,1986-10-07,7.0,https://fred.stlouisfed.org/graph/fredgraph.csv?id=UNRATE,2026-10-08
us_unemployment,1986-10-01,1986-11-07,7.0,https://fred.stlouisfed.org/graph/fredgraph.csv?id=UNRATE,2026-10-08
us_unemployment,1986-11-01,1986-12-07,6.9,https://fred.stlouisfed.org/graph/fredgraph.csv?id=UNRATE,2026-10-08
us_unemployment,1986-12-01,1987-01-07,6.6,https://fred.stlouisfed.org/graph/fredgraph.csv?id=UNRATE,2026-10-08
us_unemployment,1987-01-01,1987-02-07,6.6,https://fred.stlouisfed.org/graph/fredgraph.csv?id=UNRATE,2026-10-08
us_unemployment,1987-02-01,1987-03-07,6.6,https://fred.stlouisfed.org/graph/fredgraph.csv?id=UNRATE,2026-10-08
us_unemployment,1987-03-01,1987-04-07,6.6,https://fred.stlouisfed.org/graph/fredgraph.csv?id=UNRATE,2026-10-08
us_unemployment,1987-04-01,1987-05-07,6.3,https://fred.stlouisfed.org/graph/fredgraph.csv?id=UNRATE,2026-10-08
us_unemployment,1987-05-01,1987-06-07,6.3,https://fred.stlouisfed.org/graph/fredgraph.csv?id=UNRATE,2026-10-08
us_unemployment,1987-06-01,1987-07-07,6.2,https://fred.stlouisfed.org/graph/fredgraph.csv?id=UNRATE,2026-10-08
us_unemployment,1987-07-01,1987-08-07,6.1,https://fred.stlouisfed.org/graph/fredgraph.csv?id=UNRATE,2026-10-08
us_unemployment,1987-08-01,1987-09-07,6.0,https://fred.stlouisfed.org/graph/fredgraph.csv?id=UNRATE,2026-10-08
us_unemployment,1987-09-01,1987-10-07,5.9,https://fred.stlouisfed.org/graph/fredgraph.csv?id=UNRATE,2026-10-08
us_unemployment,1987-10-01,1987-11-07,6.0,https://fred.stlouisfed.org/graph/fredgraph.csv?id=UNRATE,2026-10-08
us_unemployment,1987-11-01,1987-12-07,5.8,https://fred.stlouisfed.org/graph/fredgraph.csv?id=UNRATE,2026-10-08
us_unemployment,1987-12-01,1988-01-07,5.7,https://fred.stlouisfed.org/graph/fredgraph.csv?id=UNRATE,2026-10-08
us_unemployment,1988-01-01,1988-02-07,5.7,https://fred.stlouisfed.org/graph/fredgraph.csv?id=UNRATE,2026-10-08
us_unemployment,1988-02-01,1988-03-07,5.7,https://fred.stlouisfed.org/graph/fredgraph.csv?id=UNRATE,2026-10-08
us_unemployment,1988-03-01,1988-04-07,5.7,https://fred.stlouisfed.org/graph/fredgraph.csv?id=UNRATE,2026-10-08
us_unemployment,1988-04-01,1988-05-07,5.4,https://fred.stlouisfed.org/graph/fredgraph.csv?id=UNRATE,2026-10-08
us_unemployment,1988-05-01,1988-06-07,5.6,https://fred.stlouisfed.org/graph/fredgraph.csv?id=UNRATE,2026-10-08
us_unemployment,1988-06-01,1988-07-07,5.4,https://fred.stlouisfed.org/graph/fredgraph.csv?id=UNRATE,2026-10-08
us_unemployment,1988-07-01,1988-08-07,5.4,https://fred.stlouisfed.org/graph/fredgraph.csv?id=UNRATE,2026-10-08
us_unemployment,1988-08-01,1988-09-07,5.6,https://fred.stlouisfed.org/graph/fredgraph.csv?id=UNRATE,2026-10-08
us_unemployment,1988-09-01,1988-10-07,5.4,https://fred.stlouisfed.org/graph/fredgraph.csv?id=UNRATE,2026-10-08
us_unemployment,1988-10-01,1988-11-07,5.4,https://fred.stlouisfed.org/graph/fredgraph.csv?id=UNRATE,2026-10-08
us_unemployment,1988-11-01,1988-12-07,5.3,https://fred.stlouisfed.org/graph/fredgraph.csv?id=UNRATE,2026-10-08
us_unemployment,1988-12-01,1989-01-07,5.3,https://fred.stlouisfed.org/graph/fredgraph.csv?id=UNRATE,2026-10-08
us_unemployment,1989-01-01,1989-02-07,5.4,https://fred.stlouisfed.org/graph/fredgraph.csv?id=UNRATE,2026-10-08
us_unemployment,1989-02-01,1989-03-07,5.2,https://fred.stlouisfed.org/graph/fredgraph.csv?id=UNRATE,2026-10-08
us_unemployment,1989-03-01,1989-04-07,5.0,https://fred.stlouisfed.org/graph/fredgraph.csv?id=UNRATE,2026-10-08
us_unemployment,1989-04-01,1989-05-07,5.2,https://fred.stlouisfed.org/graph/fredgraph.csv?id=UNRATE,2026-10-08
us_unemployment,1989-05-01,1989-06-07,5.2,https://fred.stlouisfed.org/graph/fredgraph.csv?id=UNRATE,2026-10-08
us_unemployment,1989-06-01,1989-07-07,5.3,https://fred.stlouisfed.org/graph/fredgraph.csv?id=UNRATE,2026-10-08
us_unemployment,1989-07-01,1989-08-07,5.2,https://fred.stlouisfed.org/graph/fredgraph.csv?id=UNRATE,2026-10-08
us_unemployment,1989-08-01,1989-09-07,5.2,https://fred.stlouisfed.org/graph/fredgraph.csv?id=UNRATE,2026-10-08
us_unemployment,1989-09-01,1989-10-07,5.3,https://fred.stlouisfed.org/graph/fredgraph.csv?id=UNRATE,2026-10-08
us_unemployment,1989-10-01,1989-11-07,5.3,https://fred.stlouisfed.org/graph/fredgraph.csv?id=UNRATE,2026-10-08
us_unemployment,1989-11-01,1989-12-07,5.4,https://fred.stlouisfed.org/graph/fredgraph.csv?id=UNRATE,2026-10-08
us_unemployment,1989-12-01,1990-01-07,5.4,https://fred.stlouisfed.org/graph/fredgraph.csv?id=UNRATE,2026-10-08
us_unemployment,1990-01-01,1990-02-07,5.4,https://fred.stlouisfed.org/graph/fredgraph.csv?id=UNRATE,2026-10-08
us_unemployment,1990-02-01,1990-03-07,5.3,https://fred.stlouisfed.org/graph/fredgraph.csv?id=UNRATE,2026-10-08
us_unemployment,1990-03-01,1990-04-07,5.2,https://fred.stlouisfed.org/graph/fredgraph.csv?id=UNRATE,2026-10-08
us_unemployment,1990-04-01,1990-05-07,5.4,https://fred.stlouisfed.org/graph/fredgraph.csv?id=UNRATE,2026-10-08
us_unemployment,1990-05-01,1990-06-07,5.4,https://fred.stlouisfed.org/graph/fredgraph.csv?id=UNRATE,2026-10-08
us_unemployment,1990-06-01,1990-07-07,5.2,https://fred.stlouisfed.org/graph/fredgraph.csv?id=UNRATE,2026-10-08
us_unemployment,1990-07-01,1990-08-07,5.5,https://fred.stlouisfed.org/graph/fredgraph.csv?id=UNRATE,2026-10-08
us_unemployment,1990-08-01,1990-09-07,5.7,https://fred.stlouisfed.org/graph/fredgraph.csv?id=UNRATE,2026-10-08
us_unemployment,1990-09-01,1990-10-07,5.9,https://fred.stlouisfed.org/graph/fredgraph.csv?id=UNRATE,2026-10-08
us_unemployment,1990-10-01,1990-11-07,5.9,https://fred.stlouisfed.org/graph/fredgraph.csv?id=UNRATE,2026-10-08
us_unemployment,1990-11-01,1990-12-07,6.2,https://fred.stlouisfed.org/graph/fredgraph.csv?id=UNRATE,2026-10-08
us_unemployment,1990-12-01,1991-01-07,6.3,https://fred.stlouisfed.org/graph/fredgraph.csv?id=UNRATE,2026-10-08
us_unemployment,1991-01-01,1991-02-07,6.4,https://fred.stlouisfed.org/graph/fredgraph.csv?id=UNRATE,2026-10-08
us_unemployment,1991-02-01,1991-03-07,6.6,https://fred.stlouisfed.org/graph/fredgraph.csv?id=UNRATE,2026-10-08
us_unemployment,1991-03-01,1991-04-07,6.8,https://fred.stlouisfed.org/graph/fredgraph.csv?id=UNRATE,2026-10-08
us_unemployment,1991-04-01,1991-05-07,6.7,https://fred.stlouisfed.org/graph/fredgraph.csv?id=UNRATE,2026-10-08
us_unemployment,1991-05-01,1991-06-07,6.9,https://fred.stlouisfed.org/graph/fredgraph.csv?id=UNRATE,2026-10-08
us_unemployment,1991-06-01,1991-07-07,6.9,https://fred.stlouisfed.org/graph/fredgraph.csv?id=UNRATE,2026-10-08
us_unemployment,1991-07-01,1991-08-07,6.8,https://fred.stlouisfed.org/graph/fredgraph.csv?id=UNRATE,2026-10-08
us_unemployment,1991-08-01,1991-09-07,6.9,https://fred.stlouisfed.org/graph/fredgraph.csv?id=UNRATE,2026-10-08
us_unemployment,1991-09-01,1991-10-07,6.9,https://fred.stlouisfed.org/graph/fredgraph.csv?id=UNRATE,2026-10-08
us_unemployment,1991-10-01,1991-11-07,7.0,https://fred.stlouisfed.org/graph/fredgraph.csv?id=UNRATE,2026-10-08
us_unemployment,1991-11-01,1991-12-07,7.0,https://fred.stlouisfed.org/graph/fredgraph.csv?id=UNRATE,2026-10-08
us_unemployment,1991-12-01,1992-01-07,7.3,https://fred.stlouisfed.org/graph/fredgraph.csv?id=UNRATE,2026-10-08
us_unemployment,1992-01-01,1992-02-07,7.3,https://fred.stlouisfed.org/graph/fredgraph.csv?id=UNRATE,2026-10-08
us_unemployment,1992-02-01,1992-03-07,7.4,https://fred.stlouisfed.org/graph/fredgraph.csv?id=UNRATE,2026-10-08
us_unemployment,1992-03-01,1992-04-07,7.4,https://fred.stlouisfed.org/graph/fredgraph.csv?id=UNRATE,2026-10-08
us_unemployment,1992-04-01,1992-05-07,7.4,https://fred.stlouisfed.org/graph/fredgraph.csv?id=UNRATE,2026-10-08
us_unemployment,1992-05-01,1992-06-07,7.6,https://fred.stlouisfed.org/graph/fredgraph.csv?id=UNRATE,2026-10-08
us_unemployment,1992-06-01,1992-07-07,7.8,https://fred.stlouisfed.org/graph/fredgraph.csv?id=UNRATE,2026-10-08
us_unemployment,1992-07-01,1992-08-07,7.7,https://fred.stlouisfed.org/graph/fredgraph.csv?id=UNRATE,2026-10-08
us_unemployment,1992-08-01,1992-09-07,7.6,https://fred.stlouisfed.org/graph/fredgraph.csv?id=UNRATE,2026-10-08
us_unemployment,1992-09-01,1992-10-07,7.6,https://fred.stlouisfed.org/graph/fredgraph.csv?id=UNRATE,2026-10-08
us_unemployment,1992-10-01,1992-11-07,7.3,https://fred.stlouisfed.org/graph/fredgraph.csv?id=UNRATE,2026-10-08
us_unemployment,1992-11-01,1992-12-07,7.4,https://fred.stlouisfed.org/graph/fredgraph.csv?id=UNRATE,2026-10-08
us_unemployment,1992-12-01,1993-01-07,7.4,https://fred.stlouisfed.org/graph/fredgraph.csv?id=UNRATE,2026-10-08
us_unemployment,1993-01-01,1993-02-07,7.3,https://fred.stlouisfed.org/graph/fredgraph.csv?id=UNRATE,2026-10-08
us_unemployment,1993-02-01,1993-03-07,7.1,https://fred.stlouisfed.org/graph/fredgraph.csv?id=UNRATE,2026-10-08
us_unemployment,1993-03-01,1993-04-07,7.0,https://fred.stlouisfed.org/graph/fredgraph.csv?id=UNRATE,2026-10-08
us_unemployment,1993-04-01,1993-05-07,7.1,https://fred.stlouisfed.org/graph/fredgraph.csv?id=UNRATE,2026-10-08
us_unemployment,1993-05-01,1993-06-07,7.1,https://fred.stlouisfed.org/graph/fredgraph.csv?id=UNRATE,2026-10-08
us_unemployment,1993-06-01,1993-07-07,7.0,https://fred.stlouisfed.org/graph/fredgraph.csv?id=UNRATE,2026-10-08
us_unemployment,1993-07-01,1993-08-07,6.9,https://fred.stlouisfed.org/graph/fredgraph.csv?id=UNRATE,2026-10-08
us_unemployment,1993-08-01,1993-09-07,6.8,https://fred.stlouisfed.org/graph/fredgraph.csv?id=UNRATE,2026-10-08
us_unemployment,1993-09-01,1993-10-07,6.7,https://fred.stlouisfed.org/graph/fredgraph.csv?id=UNRATE,2026-10-08
us_unemployment,1993-10-01,1993-11-07,6.8,https://fred.stlouisfed.org/graph/fredgraph.csv?id=UNRATE,2026-10-08
us_unemployment,1993-11-01,1993-12-07,6.6,https://fred.stlouisfed.org/graph/fredgraph.csv?id=UNRATE,2026-10-08
us_unemployment,1993-12-01,1994-01-07,6.5,https://fred.stlouisfed.org/graph/fredgraph.csv?id=UNRATE,2026-10-08
us_unemployment,1994-01-01,1994-02-07,6.6,https://fred.stlouisfed.org/graph/fredgraph.csv?id=UNRATE,2026-10-08
us_unemployment,1994-02-01,1994-03-07,6.6,https://fred.stlouisfed.org/graph/fredgraph.csv?id=UNRATE,2026-10-08
us_unemployment,1994-03-01,1994-04-07,6.5,https://fred.stlouisfed.org/graph/fredgraph.csv?id=UNRATE,2026-10-08
us_unemployment,1994-04-01,1994-05-07,6.4,https://fred.stlouisfed.org/graph/fredgraph.csv?id=UNRATE,2026-10-08
us_unemployment,1994-05-01,1994-06-07,6.1,https://fred.stlouisfed.org/graph/fredgraph.csv?id=UNRATE,2026-10-08
us_unemployment,1994-06-01,1994-07-07,6.1,https://fred.stlouisfed.org/graph/fredgraph.csv?id=UNRATE,2026-10-08
us_unemployment,1994-07-01,1994-08-07,6.1,https://fred.stlouisfed.org/graph/fredgraph.csv?id=UNRATE,2026-10-08
us_unemployment,1994-08-01,1994-09-07,6.0,https://fred.stlouisfed.org/graph/fredgraph.csv?id=UNRATE,2026-10-08
us_unemployment,1994-09-01,1994-10-07,5.9,https://fred.stlouisfed.org/graph/fredgraph.csv?id=UNRATE,2026-10-08
us_unemployment,1994-10-01,1994-11-07,5.8,https://fred.stlouisfed.org/graph/fredgraph.csv?id=UNRATE,2026-10-08
us_unemployment,1994-11-01,1994-12-07,5.6,https://fred.stlouisfed.org/graph/fredgraph.csv?id=UNRATE,2026-10-08
us_unemployment,1994-12-01,1995-01-07,5.5,https://fred.stlouisfed.org/graph/fredgraph.csv?id=UNRATE,2026-10-08
us_unemployment,1995-01-01,1995-02-07,5.6,https://fred.stlouisfed.org/graph/fredgraph.csv?id=UNRATE,2026-10-08
us_unemployment,1995-02-01,1995-03-07,5.4,https://fred.stlouisfed.org/graph/fredgraph.csv?id=UNRATE,2026-10-08
us_unemployment,1995-03-01,1995-04-07,5.4,https://fred.stlouisfed.org/graph/fredgraph.csv?id=UNRATE,2026-10-08
us_unemployment,1995-04-01,1995-05-07,5.8,https://fred.stlouisfed.org/graph/fredgraph.csv?id=UNRATE,2026-10-08
us_unemployment,1995-05-01,1995-06-07,5.6,https://fred.stlouisfed.org/graph/fredgraph.csv?id=UNRATE,2026-10-08
us_unemployment,1995-06-01,1995-07-07,5.6,https://fred.stlouisfed.org/graph/fredgraph.csv?id=UNRATE,2026-10-08
us_unemployment,1995-07-01,1995-08-07,5.7,https://fred.stlouisfed.org/graph/fredgraph.csv?id=UNRATE,2026-10-08
us_unemployment,1995-08-01,1995-09-07,5.7,https://fred.stlouisfed.org/graph/fredgraph.csv?id=UNRATE,2026-10-08
us_unemployment,1995-09-01,1995-10-07,5.6,https://fred.stlouisfed.org/graph/fredgraph.csv?id=UNRATE,2026-10-08
us_unemployment,1995-10-01,1995-11-07,5.5,https://fred.stlouisfed.org/graph/fredgraph.csv?id=UNRATE,2026-10-08
us_unemployment,1995-11-01,1995-12-07,5.6,https://fred.stlouisfed.org/graph/fredgraph.csv?id=UNRATE,2026-10-08
us_unemployment,1995-12-01,1996-01-07,5.6,https://fred.stlouisfed.org/graph/fredgraph.csv?id=UNRATE,2026-10-08
us_unemployment,1996-01-01,1996-02-07,5.6,https://fred.stlouisfed.org/graph/fredgraph.csv?id=UNRATE,2026-10-08
us_unemployment,1996-02-01,1996-03-07,5.5,https://fred.stlouisfed.org/graph/fredgraph.csv?id=UNRATE,2026-10-08
us_unemployment,1996-03-01,1996-04-07,5.5,https://fred.stlouisfed.org/graph/fredgraph.csv?id=UNRATE,2026-10-08
us_unemployment,1996-04-01,1996-05-07,5.6,https://fred.stlouisfed.org/graph/fredgraph.csv?id=UNRATE,2026-10-08
us_unemployment,1996-05-01,1996-06-07,5.6,https://fred.stlouisfed.org/graph/fredgraph.csv?id=UNRATE,2026-10-08
us_unemployment,1996-06-01,1996-07-07,5.3,https://fred.stlouisfed.org/graph/fredgraph.csv?id=UNRATE,2026-10-08
us_unemployment,1996-07-01,1996-08-07,5.5,https://fred.stlouisfed.org/graph/fredgraph.csv?id=UNRATE,2026-10-08
us_unemployment,1996-08-01,1996-09-07,5.1,https://fred.stlouisfed.org/graph/fredgraph.csv?id=UNRATE,2026-10-08
us_unemployment,1996-09-01,1996-10-07,5.2,https://fred.stlouisfed.org/graph/fredgraph.csv?id=UNRATE,2026-10-08
us_unemployment,1996-10-01,1996-11-07,5.2,https://fred.stlouisfed.org/graph/fredgraph.csv?id=UNRATE,2026-10-08
us_unemployment,1996-11-01,1996-12-07,5.4,https://fred.stlouisfed.org/graph/fredgraph.csv?id=UNRATE,2026-10-08
us_unemployment,1996-12-01,1997-01-07,5.4,https://fred.stlouisfed.org/graph/fredgraph.csv?id=UNRATE,2026-10-08
us_unemployment,1997-01-01,1997-02-07,5.3,https://fred.stlouisfed.org/graph/fredgraph.csv?id=UNRATE,2026-10-08
us_unemployment,1997-02-01,1997-03-07,5.2,https://fred.stlouisfed.org/graph/fredgraph.csv?id=UNRATE,2026-10-08
us_unemployment,1997-03-01,1997-04-07,5.2,https://fred.stlouisfed.org/graph/fredgraph.csv?id=UNRATE,2026-10-08
us_unemployment,1997-04-01,1997-05-07,5.1,https://fred.stlouisfed.org/graph/fredgraph.csv?id=UNRATE,2026-10-08
us_unemployment,1997-05-01,1997-06-07,4.9,https://fred.stlouisfed.org/graph/fredgraph.csv?id=UNRATE,2026-10-08
us_unemployment,1997-06-01,1997-07-07,5.0,https://fred.stlouisfed.org/graph/fredgraph.csv?id=UNRATE,2026-10-08
us_unemployment,1997-07-01,1997-08-07,4.9,https://fred.stlouisfed.org/graph/fredgraph.csv?id=UNRATE,2026-10-08
us_unemployment,1997-08-01,1997-09-07,4.8,https://fred.stlouisfed.org/graph/fredgraph.csv?id=UNRATE,2026-10-08
us_unemployment,1997-09-01,1997-10-07,4.9,https://fred.stlouisfed.org/graph/fredgraph.csv?id=UNRATE,2026-10-08
us_unemployment,1997-10-01,1997-11-07,4.7,https://fred.stlouisfed.org/graph/fredgraph.csv?id=UNRATE,2026-10-08
us_unemployment,1997-11-01,1997-12-07,4.6,https://fred.stlouisfed.org/graph/fredgraph.csv?id=UNRATE,2026-10-08
us_unemployment,1997-12-01,1998-01-07,4.7,https://fred.stlouisfed.org/graph/fredgraph.csv?id=UNRATE,2026-10-08
us_unemployment,1998-01-01,1998-02-07,4.6,https://fred.stlouisfed.org/graph/fredgraph.csv?id=UNRATE,2026-10-08
us_unemployment,1998-02-01,1998-03-07,4.6,https://fred.stlouisfed.org/graph/fredgraph.csv?id=UNRATE,2026-10-08
us_unemployment,1998-03-01,1998-04-07,4.7,https://fred.stlouisfed.org/graph/fredgraph.csv?id=UNRATE,2026-10-08
us_unemployment,1998-04-01,1998-05-07,4.3,https://fred.stlouisfed.org/graph/fredgraph.csv?id=UNRATE,2026-10-08
us_unemployment,1998-05-01,1998-06-07,4.4,https://fred.stlouisfed.org/graph/fredgraph.csv?id=UNRATE,2026-10-08
us_unemployment,1998-06-01,1998-07-07,4.5,https://fred.stlouisfed.org/graph/fredgraph.csv?id=UNRATE,2026-10-08
us_unemployment,1998-07-01,1998-08-07,4.5,https://fred.stlouisfed.org/graph/fredgraph.csv?id=UNRATE,2026-10-08
us_unemployment,1998-08-01,1998-09-07,4.5,https://fred.stlouisfed.org/graph/fredgraph.csv?id=UNRATE,2026-10-08
us_unemployment,1998-09-01,1998-10-07,4.6,https://fred.stlouisfed.org/graph/fredgraph.csv?id=UNRATE,2026-10-08
us_unemployment,1998-10-01,1998-11-07,4.5,https://fred.stlouisfed.org/graph/fredgraph.csv?id=UNRATE,2026-10-08
us_unemployment,1998-11-01,1998-12-07,4.4,https://fred.stlouisfed.org/graph/fredgraph.csv?id=UNRATE,2026-10-08
us_unemployment,1998-12-01,1999-01-07,4.4,https://fred.stlouisfed.org/graph/fredgraph.csv?id=UNRATE,2026-10-08
us_unemployment,1999-01-01,1999-02-07,4.3,https://fred.stlouisfed.org/graph/fredgraph.csv?id=UNRATE,2026-10-08
us_unemployment,1999-02-01,1999-03-07,4.4,https://fred.stlouisfed.org/graph/fredgraph.csv?id=UNRATE,2026-10-08
us_unemployment,1999-03-01,1999-04-07,4.2,https://fred.stlouisfed.org/graph/fredgraph.csv?id=UNRATE,2026-10-08
us_unemployment,1999-04-01,1999-05-07,4.3,https://fred.stlouisfed.org/graph/fredgraph.csv?id=UNRATE,2026-10-08
us_unemployment,1999-05-01,1999-06-07,4.2,https://fred.stlouisfed.org/graph/fredgraph.csv?id=UNRATE,2026-10-08
us_unemployment,1999-06-01,1999-07-07,4.3,https://fred.stlouisfed.org/graph/fredgraph.csv?id=UNRATE,2026-10-08
us_unemployment,1999-07-01,1999-08-07,4.3,https://fred.stlouisfed.org/graph/fredgraph.csv?id=UNRATE,2026-10-08
us_unemployment,1999-08-01,1999-09-07,4.2,https://fred.stlouisfed.org/graph/fredgraph.csv?id=UNRATE,2026-10-08
us_unemployment,1999-09-01,1999-10-07,4.2,https://fred.stlouisfed.org/graph/fredgraph.csv?id=UNRATE,2026-10-08
us_unemployment,1999-10-01,1999-11-07,4.1,https://fred.stlouisfed.org/graph/fredgraph.csv?id=UNRATE,2026-10-08
us_unemployment,1999-11-01,1999-12-07,4.1,https://fred.stlouisfed.org/graph/fredgraph.csv?id=UNRATE,2026-10-08
us_unemployment,1999-12-01,2000-01-07,4.0,https://fred.stlouisfed.org/graph/fredgraph.csv?id=UNRATE,2026-10-08
us_unemployment,2000-01-01,2000-02-07,4.0,https://fred.stlouisfed.org/graph/fredgraph.csv?id=UNRATE,2026-10-08
us_unemployment,2000-02-01,2000-03-07,4.1,https://fred.stlouisfed.org/graph/fredgraph.csv?id=UNRATE,2026-10-08
us_unemployment,2000-03-01,2000-04-07,4.0,https://fred.stlouisfed.org/graph/fredgraph.csv?id=UNRATE,2026-10-08
us_unemployment,2000-04-01,2000-05-07,3.8,https://fred.stlouisfed.org/graph/fredgraph.csv?id=UNRATE,2026-10-08
us_unemployment,2000-05-01,2000-06-07,4.0,https://fred.stlouisfed.org/graph/fredgraph.csv?id=UNRATE,2026-10-08
us_unemployment,2000-06-01,2000-07-07,4.0,https://fred.stlouisfed.org/graph/fredgraph.csv?id=UNRATE,2026-10-08
us_unemployment,2000-07-01,2000-08-07,4.0,https://fred.stlouisfed.org/graph/fredgraph.csv?id=UNRATE,2026-10-08
us_unemployment,2000-08-01,2000-09-07,4.1,https://fred.stlouisfed.org/graph/fredgraph.csv?id=UNRATE,2026-10-08
us_unemployment,2000-09-01,2000-10-07,3.9,https://fred.stlouisfed.org/graph/fredgraph.csv?id=UNRATE,2026-10-08
us_unemployment,2000-10-01,2000-11-07,3.9,https://fred.stlouisfed.org/graph/fredgraph.csv?id=UNRATE,2026-10-08
us_unemployment,2000-11-01,2000-12-07,3.9,https://fred.stlouisfed.org/graph/fredgraph.csv?id=UNRATE,2026-10-08
us_unemployment,2000-12-01,2001-01-07,3.9,https://fred.stlouisfed.org/graph/fredgraph.csv?id=UNRATE,2026-10-08
us_unemployment,2001-01-01,2001-02-07,4.2,https://fred.stlouisfed.org/graph/fredgraph.csv?id=UNRATE,2026-10-08
us_unemployment,2001-02-01,2001-03-07,4.2,https://fred.stlouisfed.org/graph/fredgraph.csv?id=UNRATE,2026-10-08
us_unemployment,2001-03-01,2001-04-07,4.3,https://fred.stlouisfed.org/graph/fredgraph.csv?id=UNRATE,2026-10-08
us_unemployment,2001-04-01,2001-05-07,4.4,https://fred.stlouisfed.org/graph/fredgraph.csv?id=UNRATE,2026-10-08
us_unemployment,2001-05-01,2001-06-07,4.3,https://fred.stlouisfed.org/graph/fredgraph.csv?id=UNRATE,2026-10-08
us_unemployment,2001-06-01,2001-07-07,4.5,https://fred.stlouisfed.org/graph/fredgraph.csv?id=UNRATE,2026-10-08
us_unemployment,2001-07-01,2001-08-07,4.6,https://fred.stlouisfed.org/graph/fredgraph.csv?id=UNRATE,2026-10-08
us_unemployment,2001-08-01,2001-09-07,4.9,https://fred.stlouisfed.org/graph/fredgraph.csv?id=UNRATE,2026-10-08
us_unemployment,2001-09-01,2001-10-07,5.0,https://fred.stlouisfed.org/graph/fredgraph.csv?id=UNRATE,2026-10-08
us_unemployment,2001-10-01,2001-11-07,5.3,https://fred.stlouisfed.org/graph/fredgraph.csv?id=UNRATE,2026-10-08
us_unemployment,2001-11-01,2001-12-07,5.5,https://fred.stlouisfed.org/graph/fredgraph.csv?id=UNRATE,2026-10-08
us_unemployment,2001-12-01,2002-01-07,5.7,https://fred.stlouisfed.org/graph/fredgraph.csv?id=UNRATE,2026-10-08
us_unemployment,2002-01-01,2002-02-07,5.7,https://fred.stlouisfed.org/graph/fredgraph.csv?id=UNRATE,2026-10-08
us_unemployment,2002-02-01,2002-03-07,5.7,https://fred.stlouisfed.org/graph/fredgraph.csv?id=UNRATE,2026-10-08
us_unemployment,2002-03-01,2002-04-07,5.7,https://fred.stlouisfed.org/graph/fredgraph.csv?id=UNRATE,2026-10-08
us_unemployment,2002-04-01,2002-05-07,5.9,https://fred.stlouisfed.org/graph/fredgraph.csv?id=UNRATE,2026-10-08
us_unemployment,2002-05-01,2002-06-07,5.8,https://fred.stlouisfed.org/graph/fredgraph.csv?id=UNRATE,2026-10-08
us_unemployment,2002-06-01,2002-07-07,5.8,https://fred.stlouisfed.org/graph/fredgraph.csv?id=UNRATE,2026-10-08
us_unemployment,2002-07-01,2002-08-07,5.8,https://fred.stlouisfed.org/graph/fredgraph.csv?id=UNRATE,2026-10-08
us_unemployment,2002-08-01,2002-09-07,5.7,https://fred.stlouisfed.org/graph/fredgraph.csv?id=UNRATE,2026-10-08
us_unemployment,2002-09-01,2002-10-07,5.7,https://fred.stlouisfed.org/graph/fredgraph.csv?id=UNRATE,2026-10-08
us_unemployment,2002-10-01,2002-11-07,5.7,https://fred.stlouisfed.org/graph/fredgraph.csv?id=UNRATE,2026-10-08
us_unemployment,2002-11-01,2002-12-07,5.9,https://fred.stlouisfed.org/graph/fredgraph.csv?id=UNRATE,2026-10-08
us_unemployment,2002-12-01,2003-01-07,6.0,https://fred.stlouisfed.org/graph/fredgraph.csv?id=UNRATE,2026-10-08
us_unemployment,2003-01-01,2003-02-07,5.8,https://fred.stlouisfed.org/graph/fredgraph.csv?id=UNRATE,2026-10-08
us_unemployment,2003-02-01,2003-03-07,5.9,https://fred.stlouisfed.org/graph/fredgraph.csv?id=UNRATE,2026-10-08
us_unemployment,2003-03-01,2003-04-07,5.9,https://fred.stlouisfed.org/graph/fredgraph.csv?id=UNRATE,2026-10-08
us_unemployment,2003-04-01,2003-05-07,6.0,https://fred.stlouisfed.org/graph/fredgraph.csv?id=UNRATE,2026-10-08
us_unemployment,2003-05-01,2003-06-07,6.1,https://fred.stlouisfed.org/graph/fredgraph.csv?id=UNRATE,2026-10-08
us_unemployment,2003-06-01,2003-07-07,6.3,https://fred.stlouisfed.org/graph/fredgraph.csv?id=UNRATE,2026-10-08
us_unemployment,2003-07-01,2003-08-07,6.2,https://fred.stlouisfed.org/graph/fredgraph.csv?id=UNRATE,2026-10-08
us_unemployment,2003-08-01,2003-09-07,6.1,https://fred.stlouisfed.org/graph/fredgraph.csv?id=UNRATE,2026-10-08
us_unemployment,2003-09-01,2003-10-07,6.1,https://fred.stlouisfed.org/graph/fredgraph.csv?id=UNRATE,2026-10-08
us_unemployment,2003-10-01,2003-11-07,6.0,https://fred.stlouisfed.org/graph/fredgraph.csv?id=UNRATE,2026-10-08
us_unemployment,2003-11-01,2003-12-07,5.8,https://fred.stlouisfed.org/graph/fredgraph.csv?id=UNRATE,2026-10-08
us_unemployment,2003-12-01,2004-01-07,5.7,https://fred.stlouisfed.org/graph/fredgraph.csv?id=UNRATE,2026-10-08
us_unemployment,2004-01-01,2004-02-07,5.7,https://fred.stlouisfed.org/graph/fredgraph.csv?id=UNRATE,2026-10-08
us_unemployment,2004-02-01,2004-03-07,5.6,https://fred.stlouisfed.org/graph/fredgraph.csv?id=UNRATE,2026-10-08
us_unemployment,2004-03-01,2004-04-07,5.8,https://fred.stlouisfed.org/graph/fredgraph.csv?id=UNRATE,2026-10-08
us_unemployment,2004-04-01,2004-05-07,5.6,https://fred.stlouisfed.org/graph/fredgraph.csv?id=UNRATE,2026-10-08
us_unemployment,2004-05-01,2004-06-07,5.6,https://fred.stlouisfed.org/graph/fredgraph.csv?id=UNRATE,2026-10-08
us_unemployment,2004-06-01,2004-07-07,5.6,https://fred.stlouisfed.org/graph/fredgraph.csv?id=UNRATE,2026-10-08
us_unemployment,2004-07-01,2004-08-07,5.5,https://fred.stlouisfed.org/graph/fredgraph.csv?id=UNRATE,2026-10-08
us_unemployment,2004-08-01,2004-09-07,5.4,https://fred.stlouisfed.org/graph/fredgraph.csv?id=UNRATE,2026-10-08
us_unemployment,2004-09-01,2004-10-07,5.4,https://fred.stlouisfed.org/graph/fredgraph.csv?id=UNRATE,2026-10-08
us_unemployment,2004-10-01,2004-11-07,5.5,https://fred.stlouisfed.org/graph/fredgraph.csv?id=UNRATE,2026-10-08
us_unemployment,2004-11-01,2004-12-07,5.4,https://fred.stlouisfed.org/graph/fredgraph.csv?id=UNRATE,2026-10-08
us_unemployment,2004-12-01,2005-01-07,5.4,https://fred.stlouisfed.org/graph/fredgraph.csv?id=UNRATE,2026-10-08
us_unemployment,2005-01-01,2005-02-07,5.3,https://fred.stlouisfed.org/graph/fredgraph.csv?id=UNRATE,2026-10-08
us_unemployment,2005-02-01,2005-03-07,5.4,https://fred.stlouisfed.org/graph/fredgraph.csv?id=UNRATE,2026-10-08
us_unemployment,2005-03-01,2005-04-07,5.2,https://fred.stlouisfed.org/graph/fredgraph.csv?id=UNRATE,2026-10-08
us_unemployment,2005-04-01,2005-05-07,5.2,https://fred.stlouisfed.org/graph/fredgraph.csv?id=UNRATE,2026-10-08
us_unemployment,2005-05-01,2005-06-07,5.1,https://fred.stlouisfed.org/graph/fredgraph.csv?id=UNRATE,2026-10-08
us_unemployment,2005-06-01,2005-07-07,5.0,https://fred.stlouisfed.org/graph/fredgraph.csv?id=UNRATE,2026-10-08
us_unemployment,2005-07-01,2005-08-07,5.0,https://fred.stlouisfed.org/graph/fredgraph.csv?id=UNRATE,2026-10-08
us_unemployment,2005-08-01,2005-09-07,4.9,https://fred.stlouisfed.org/graph/fredgraph.csv?id=UNRATE,2026-10-08
us_unemployment,2005-09-01,2005-10-07,5.0,https://fred.stlouisfed.org/graph/fredgraph.csv?id=UNRATE,2026-10-08
us_unemployment,2005-10-01,2005-11-07,5.0,https://fred.stlouisfed.org/graph/fredgraph.csv?id=UNRATE,2026-10-08
us_unemployment,2005-11-01,2005-12-07,5.0,https://fred.stlouisfed.org/graph/fredgraph.csv?id=UNRATE,2026-10-08
us_unemployment,2005-12-01,2006-01-07,4.9,https://fred.stlouisfed.org/graph/fredgraph.csv?id=UNRATE,2026-10-08
us_unemployment,2006-01-01,2006-02-07,4.7,https://fred.stlouisfed.org/graph/fredgraph.csv?id=UNRATE,2026-10-08
us_unemployment,2006-02-01,2006-03-07,4.8,https://fred.stlouisfed.org/graph/fredgraph.csv?id=UNRATE,2026-10-08
us_unemployment,2006-03-01,2006-04-07,4.7,https://fred.stlouisfed.org/graph/fredgraph.csv?id=UNRATE,2026-10-08
us_unemployment,2006-04-01,2006-05-07,4.7,https://fred.stlouisfed.org/graph/fredgraph.csv?id=UNRATE,2026-10-08
us_unemployment,2006-05-01,2006-06-07,4.6,https://fred.stlouisfed.org/graph/fredgraph.csv?id=UNRATE,2026-10-08
us_unemployment,2006-06-01,2006-07-07,4.6,https://fred.stlouisfed.org/graph/fredgraph.csv?id=UNRATE,2026-10-08
us_unemployment,2006-07-01,2006-08-07,4.7,https://fred.stlouisfed.org/graph/fredgraph.csv?id=UNRATE,2026-10-08
us_unemployment,2006-08-01,2006-09-07,4.7,https://fred.stlouisfed.org/graph/fredgraph.csv?id=UNRATE,2026-10-08
us_unemployment,2006-09-01,2006-10-07,4.5,https://fred.stlouisfed.org/graph/fredgraph.csv?id=UNRATE,2026-10-08
us_unemployment,2006-10-01,2006-11-07,4.4,https://fred.stlouisfed.org/graph/fredgraph.csv?id=UNRATE,2026-10-08
us_unemployment,2006-11-01,2006-12-07,4.5,https://fred.stlouisfed.org/graph/fredgraph.csv?id=UNRATE,2026-10-08
us_unemployment,2006-12-01,2007-01-07,4.4,https://fred.stlouisfed.org/graph/fredgraph.csv?id=UNRATE,2026-10-08
us_unemployment,2007-01-01,2007-02-07,4.6,https://fred.stlouisfed.org/graph/fredgraph.csv?id=UNRATE,2026-10-08
us_unemployment,2007-02-01,2007-03-07,4.5,https://fred.stlouisfed.org/graph/fredgraph.csv?id=UNRATE,2026-10-08
us_unemployment,2007-03-01,2007-04-07,4.4,https://fred.stlouisfed.org/graph/fredgraph.csv?id=UNRATE,2026-10-08
us_unemployment,2007-04-01,2007-05-07,4.5,https://fred.stlouisfed.org/graph/fredgraph.csv?id=UNRATE,2026-10-08
us_unemployment,2007-05-01,2007-06-07,4.4,https://fred.stlouisfed.org/graph/fredgraph.csv?id=UNRATE,2026-10-08
us_unemployment,2007-06-01,2007-07-07,4.6,https://fred.stlouisfed.org/graph/fredgraph.csv?id=UNRATE,2026-10-08
us_unemployment,2007-07-01,2007-08-07,4.7,https://fred.stlouisfed.org/graph/fredgraph.csv?id=UNRATE,2026-10-08
us_unemployment,2007-08-01,2007-09-07,4.6,https://fred.stlouisfed.org/graph/fredgraph.csv?id=UNRATE,2026-10-08
us_unemployment,2007-09-01,2007-10-07,4.7,https://fred.stlouisfed.org/graph/fredgraph.csv?id=UNRATE,2026-10-08
us_unemployment,2007-10-01,2007-11-07,4.7,https://fred.stlouisfed.org/graph/fredgraph.csv?id=UNRATE,2026-10-08
us_unemployment,2007-11-01,2007-12-07,4.7,https://fred.stlouisfed.org/graph/fredgraph.csv?id=UNRATE,2026-10-08
us_unemployment,2007-12-01,2008-01-07,5.0,https://fred.stlouisfed.org/graph/fredgraph.csv?id=UNRATE,2026-10-08
us_unemployment,2008-01-01,2008-02-07,5.0,https://fred.stlouisfed.org/graph/fredgraph.csv?id=UNRATE,2026-10-08
us_unemployment,2008-02-01,2008-03-07,4.9,https://fred.stlouisfed.org/graph/fredgraph.csv?id=UNRATE,2026-10-08
us_unemployment,2008-03-01,2008-04-07,5.1,https://fred.stlouisfed.org/graph/fredgraph.csv?id=UNRATE,2026-10-08
us_unemployment,2008-04-01,2008-05-07,5.0,https://fred.stlouisfed.org/graph/fredgraph.csv?id=UNRATE,2026-10-08
us_unemployment,2008-05-01,2008-06-07,5.4,https://fred.stlouisfed.org/graph/fredgraph.csv?id=UNRATE,2026-10-08
us_unemployment,2008-06-01,2008-07-07,5.6,https://fred.stlouisfed.org/graph/fredgraph.csv?id=UNRATE,2026-10-08
us_unemployment,2008-07-01,2008-08-07,5.8,https://fred.stlouisfed.org/graph/fredgraph.csv?id=UNRATE,2026-10-08
us_unemployment,2008-08-01,2008-09-07,6.1,https://fred.stlouisfed.org/graph/fredgraph.csv?id=UNRATE,2026-10-08
us_unemployment,2008-09-01,2008-10-07,6.1,https://fred.stlouisfed.org/graph/fredgraph.csv?id=UNRATE,2026-10-08
us_unemployment,2008-10-01,2008-11-07,6.5,https://fred.stlouisfed.org/graph/fredgraph.csv?id=UNRATE,2026-10-08
us_unemployment,2008-11-01,2008-12-07,6.8,https://fred.stlouisfed.org/graph/fredgraph.csv?id=UNRATE,2026-10-08
us_unemployment,2008-12-01,2009-01-07,7.3,https://fred.stlouisfed.org/graph/fredgraph.csv?id=UNRATE,2026-10-08
us_unemployment,2009-01-01,2009-02-07,7.8,https://fred.stlouisfed.org/graph/fredgraph.csv?id=UNRATE,2026-10-08
us_unemployment,2009-02-01,2009-03-07,8.3,https://fred.stlouisfed.org/graph/fredgraph.csv?id=UNRATE,2026-10-08
us_unemployment,2009-03-01,2009-04-07,8.7,https://fred.stlouisfed.org/graph/fredgraph.csv?id=UNRATE,2026-10-08
us_unemployment,2009-04-01,2009-05-07,9.0,https://fred.stlouisfed.org/graph/fredgraph.csv?id=UNRATE,2026-10-08
us_unemployment,2009-05-01,2009-06-07,9.4,https://fred.stlouisfed.org/graph/fredgraph.csv?id=UNRATE,2026-10-08
us_unemployment,2009-06-01,2009-07-07,9.5,https://fred.stlouisfed.org/graph/fredgraph.csv?id=UNRATE,2026-10-08
us_unemployment,2009-07-01,2009-08-07,9.5,https://fred.stlouisfed.org/graph/fredgraph.csv?id=UNRATE,2026-10-08
us_unemployment,2009-08-01,2009-09-07,9.6,https://fred.stlouisfed.org/graph/fredgraph.csv?id=UNRATE,2026-10-08
us_unemployment,2009-09-01,2009-10-07,9.8,https://fred.stlouisfed.org/graph/fredgraph.csv?id=UNRATE,2026-10-08
us_unemployment,2009-10-01,2009-11-07,10.0,https://fred.stlouisfed.org/graph/fredgraph.csv?id=UNRATE,2026-10-08
us_unemployment,2009-11-01,2009-12-07,9.9,https://fred.stlouisfed.org/graph/fredgraph.csv?id=UNRATE,2026-10-08
us_unemployment,2009-12-01,2010-01-07,9.9,https://fred.stlouisfed.org/graph/fredgraph.csv?id=UNRATE,2026-10-08
us_unemployment,2010-01-01,2010-02-07,9.8,https://fred.stlouisfed.org/graph/fredgraph.csv?id=UNRATE,2026-10-08
us_unemployment,2010-02-01,2010-03-07,9.8,https://fred.stlouisfed.org/graph/fredgraph.csv?id=UNRATE,2026-10-08
us_unemployment,2010-03-01,2010-04-07,9.9,https://fred.stlouisfed.org/graph/fredgraph.csv?id=UNRATE,2026-10-08
us_unemployment,2010-04-01,2010-05-07,9.9,https://fred.stlouisfed.org/graph/fredgraph.csv?id=UNRATE,2026-10-08
us_unemployment,2010-05-01,2010-06-07,9.6,https://fred.stlouisfed.org/graph/fredgraph.csv?id=UNRATE,2026-10-08
us_unemployment,2010-06-01,2010-07-07,9.4,https://fred.stlouisfed.org/graph/fredgraph.csv?id=UNRATE,2026-10-08
us_unemployment,2010-07-01,2010-08-07,9.4,https://fred.stlouisfed.org/graph/fredgraph.csv?id=UNRATE,2026-10-08
us_unemployment,2010-08-01,2010-09-07,9.5,https://fred.stlouisfed.org/graph/fredgraph.csv?id=UNRATE,2026-10-08
us_unemployment,2010-09-01,2010-10-07,9.5,https://fred.stlouisfed.org/graph/fredgraph.csv?id=UNRATE,2026-10-08
us_unemployment,2010-10-01,2010-11-07,9.4,https://fred.stlouisfed.org/graph/fredgraph.csv?id=UNRATE,2026-10-08
us_unemployment,2010-11-01,2010-12-07,9.8,https://fred.stlouisfed.org/graph/fredgraph.csv?id=UNRATE,2026-10-08
us_unemployment,2010-12-01,2011-01-07,9.3,https://fred.stlouisfed.org/graph/fredgraph.csv?id=UNRATE,2026-10-08
us_unemployment,2011-01-01,2011-02-07,9.1,https://fred.stlouisfed.org/graph/fredgraph.csv?id=UNRATE,2026-10-08
us_unemployment,2011-02-01,2011-03-07,9.0,https://fred.stlouisfed.org/graph/fredgraph.csv?id=UNRATE,2026-10-08
us_unemployment,2011-03-01,2011-04-07,9.0,https://fred.stlouisfed.org/graph/fredgraph.csv?id=UNRATE,2026-10-08
us_unemployment,2011-04-01,2011-05-07,9.1,https://fred.stlouisfed.org/graph/fredgraph.csv?id=UNRATE,2026-10-08
us_unemployment,2011-05-01,2011-06-07,9.0,https://fred.stlouisfed.org/graph/fredgraph.csv?id=UNRATE,2026-10-08
us_unemployment,2011-06-01,2011-07-07,9.1,https://fred.stlouisfed.org/graph/fredgraph.csv?id=UNRATE,2026-10-08
us_unemployment,2011-07-01,2011-08-07,9.0,https://fred.stlouisfed.org/graph/fredgraph.csv?id=UNRATE,2026-10-08
us_unemployment,2011-08-01,2011-09-07,9.0,https://fred.stlouisfed.org/graph/fredgraph.csv?id=UNRATE,2026-10-08
us_unemployment,2011-09-01,2011-10-07,9.0,https://fred.stlouisfed.org/graph/fredgraph.csv?id=UNRATE,2026-10-08
us_unemployment,2011-10-01,2011-11-07,8.8,https://fred.stlouisfed.org/graph/fredgraph.csv?id=UNRATE,2026-10-08
us_unemployment,2011-11-01,2011-12-07,8.6,https://fred.stlouisfed.org/graph/fredgraph.csv?id=UNRATE,2026-10-08
us_unemployment,2011-12-01,2012-01-07,8.5,https://fred.stlouisfed.org/graph/fredgraph.csv?id=UNRATE,2026-10-08
us_unemployment,2012-01-01,2012-02-07,8.3,https://fred.stlouisfed.org/graph/fredgraph.csv?id=UNRATE,2026-10-08
us_unemployment,2012-02-01,2012-03-07,8.3,https://fred.stlouisfed.org/graph/fredgraph.csv?id=UNRATE,2026-10-08
us_unemployment,2012-03-01,2012-04-07,8.2,https://fred.stlouisfed.org/graph/fredgraph.csv?id=UNRATE,2026-10-08
us_unemployment,2012-04-01,2012-05-07,8.2,https://fred.stlouisfed.org/graph/fredgraph.csv?id=UNRATE,2026-10-08
us_unemployment,2012-05-01,2012-06-07,8.2,https://fred.stlouisfed.org/graph/fredgraph.csv?id=UNRATE,2026-10-08
us_unemployment,2012-06-01,2012-07-07,8.2,https://fred.stlouisfed.org/graph/fredgraph.csv?id=UNRATE,2026-10-08
us_unemployment,2012-07-01,2012-08-07,8.2,https://fred.stlouisfed.org/graph/fredgraph.csv?id=UNRATE,2026-10-08
us_unemployment,2012-08-01,2012-09-07,8.1,https://fred.stlouisfed.org/graph/fredgraph.csv?id=UNRATE,2026-10-08
us_unemployment,2012-09-01,2012-10-07,7.8,https://fred.stlouisfed.org/graph/fredgraph.csv?id=UNRATE,2026-10-08
us_unemployment,2012-10-01,2012-11-07,7.8,https://fred.stlouisfed.org/graph/fredgraph.csv?id=UNRATE,2026-10-08
us_unemployment,2012-11-01,2012-12-07,7.7,https://fred.stlouisfed.org/graph/fredgraph.csv?id=UNRATE,2026-10-08
us_unemployment,2012-12-01,2013-01-07,7.9,https://fred.stlouisfed.org/graph/fredgraph.csv?id=UNRATE,2026-10-08
us_unemployment,2013-01-01,2013-02-07,8.0,https://fred.stlouisfed.org/graph/fredgraph.csv?id=UNRATE,2026-10-08
us_unemployment,2013-02-01,2013-03-07,7.7,https://fred.stlouisfed.org/graph/fredgraph.csv?id=UNRATE,2026-10-08
us_unemployment,2013-03-01,2013-04-07,7.5,https://fred.stlouisfed.org/graph/fredgraph.csv?id=UNRATE,2026-10-08
us_unemployment,2013-04-01,2013-05-07,7.6,https://fred.stlouisfed.org/graph/fredgraph.csv?id=UNRATE,2026-10-08
us_unemployment,2013-05-01,2013-06-07,7.5,https://fred.stlouisfed.org/graph/fredgraph.csv?id=UNRATE,2026-10-08
us_unemployment,2013-06-01,2013-07-07,7.5,https://fred.stlouisfed.org/graph/fredgraph.csv?id=UNRATE,2026-10-08
us_unemployment,2013-07-01,2013-08-07,7.3,https://fred.stlouisfed.org/graph/fredgraph.csv?id=UNRATE,2026-10-08
us_unemployment,2013-08-01,2013-09-07,7.2,https://fred.stlouisfed.org/graph/fredgraph.csv?id=UNRATE,2026-10-08
us_unemployment,2013-09-01,2013-10-07,7.2,https://fred.stlouisfed.org/graph/fredgraph.csv?id=UNRATE,2026-10-08
us_unemployment,2013-10-01,2013-11-07,7.2,https://fred.stlouisfed.org/graph/fredgraph.csv?id=UNRATE,2026-10-08
us_unemployment,2013-11-01,2013-12-07,6.9,https://fred.stlouisfed.org/graph/fredgraph.csv?id=UNRATE,2026-10-08
us_unemployment,2013-12-01,2014-01-07,6.7,https://fred.stlouisfed.org/graph/fredgraph.csv?id=UNRATE,2026-10-08
us_unemployment,2014-01-01,2014-02-07,6.6,https://fred.stlouisfed.org/graph/fredgraph.csv?id=UNRATE,2026-10-08
us_unemployment,2014-02-01,2014-03-07,6.7,https://fred.stlouisfed.org/graph/fredgraph.csv?id=UNRATE,2026-10-08
us_unemployment,2014-03-01,2014-04-07,6.7,https://fred.stlouisfed.org/graph/fredgraph.csv?id=UNRATE,2026-10-08
us_unemployment,2014-04-01,2014-05-07,6.2,https://fred.stlouisfed.org/graph/fredgraph.csv?id=UNRATE,2026-10-08
us_unemployment,2014-05-01,2014-06-07,6.3,https://fred.stlouisfed.org/graph/fredgraph.csv?id=UNRATE,2026-10-08
us_unemployment,2014-06-01,2014-07-07,6.1,https://fred.stlouisfed.org/graph/fredgraph.csv?id=UNRATE,2026-10-08
us_unemployment,2014-07-01,2014-08-07,6.2,https://fred.stlouisfed.org/graph/fredgraph.csv?id=UNRATE,2026-10-08
us_unemployment,2014-08-01,2014-09-07,6.1,https://fred.stlouisfed.org/graph/fredgraph.csv?id=UNRATE,2026-10-08
us_unemployment,2014-09-01,2014-10-07,5.9,https://fred.stlouisfed.org/graph/fredgraph.csv?id=UNRATE,2026-10-08
us_unemployment,2014-10-01,2014-11-07,5.7,https://fred.stlouisfed.org/graph/fredgraph.csv?id=UNRATE,2026-10-08
us_unemployment,2014-11-01,2014-12-07,5.8,https://fred.stlouisfed.org/graph/fredgraph.csv?id=UNRATE,2026-10-08
us_unemployment,2014-12-01,2015-01-07,5.6,https://fred.stlouisfed.org/graph/fredgraph.csv?id=UNRATE,2026-10-08
us_unemployment,2015-01-01,2015-02-07,5.7,https://fred.stlouisfed.org/graph/fredgraph.csv?id=UNRATE,2026-10-08
us_unemployment,2015-02-01,2015-03-07,5.5,https://fred.stlouisfed.org/graph/fredgraph.csv?id=UNRATE,2026-10-08
us_unemployment,2015-03-01,2015-04-07,5.4,https://fred.stlouisfed.org/graph/fredgraph.csv?id=UNRATE,2026-10-08
us_unemployment,2015-04-01,2015-05-07,5.4,https://fred.stlouisfed.org/graph/fredgraph.csv?id=UNRATE,2026-10-08
us_unemployment,2015-05-01,2015-06-07,5.6,https://fred.stlouisfed.org/graph/fredgraph.csv?id=UNRATE,2026-10-08
us_unemployment,2015-06-01,2015-07-07,5.3,https://fred.stlouisfed.org/graph/fredgraph.csv?id=UNRATE,2026-10-08
us_unemployment,2015-07-01,2015-08-07,5.2,https://fred.stlouisfed.org/graph/fredgraph.csv?id=UNRATE,2026-10-08
us_unemployment,2015-08-01,2015-09-07,5.1,https://fred.stlouisfed.org/graph/fredgraph.csv?id=UNRATE,2026-10-08
us_unemployment,2015-09-01,2015-10-07,5.0,https://fred.stlouisfed.org/graph/fredgraph.csv?id=UNRATE,2026-10-08
us_unemployment,2015-10-01,2015-11-07,5.0,https://fred.stlouisfed.org/graph/fredgraph.csv?id=UNRATE,2026-10-08
us_unemployment,2015-11-01,2015-12-07,5.1,https://fred.stlouisfed.org/graph/fredgraph.csv?id=UNRATE,2026-10-08
us_unemployment,2015-12-01,2016-01-07,5.0,https://fred.stlouisfed.org/graph/fredgraph.csv?id=UNRATE,2026-10-08
us_unemployment,2016-01-01,2016-02-07,4.8,https://fred.stlouisfed.org/graph/fredgraph.csv?id=UNRATE,2026-10-08
us_unemployment,2016-02-01,2016-03-07,4.9,https://fred.stlouisfed.org/graph/fredgraph.csv?id=UNRATE,2026-10-08
us_unemployment,2016-03-01,2016-04-07,5.0,https://fred.stlouisfed.org/graph/fredgraph.csv?id=UNRATE,2026-10-08
us_unemployment,2016-04-01,2016-05-07,5.1,https://fred.stlouisfed.org/graph/fredgraph.csv?id=UNRATE,2026-10-08
us_unemployment,2016-05-01,2016-06-07,4.8,https://fred.stlouisfed.org/graph/fredgraph.csv?id=UNRATE,2026-10-08
us_unemployment,2016-06-01,2016-07-07,4.9,https://fred.stlouisfed.org/graph/fredgraph.csv?id=UNRATE,2026-10-08
us_unemployment,2016-07-01,2016-08-07,4.8,https://fred.stlouisfed.org/graph/fredgraph.csv?id=UNRATE,2026-10-08
us_unemployment,2016-08-01,2016-09-07,4.9,https://fred.stlouisfed.org/graph/fredgraph.csv?id=UNRATE,2026-10-08
us_unemployment,2016-09-01,2016-10-07,5.0,https://fred.stlouisfed.org/graph/fredgraph.csv?id=UNRATE,2026-10-08
us_unemployment,2016-10-01,2016-11-07,4.9,https://fred.stlouisfed.org/graph/fredgraph.csv?id=UNRATE,2026-10-08
us_unemployment,2016-11-01,2016-12-07,4.7,https://fred.stlouisfed.org/graph/fredgraph.csv?id=UNRATE,2026-10-08
us_unemployment,2016-12-01,2017-01-07,4.7,https://fred.stlouisfed.org/graph/fredgraph.csv?id=UNRATE,2026-10-08
us_unemployment,2017-01-01,2017-02-07,4.7,https://fred.stlouisfed.org/graph/fredgraph.csv?id=UNRATE,2026-10-08
us_unemployment,2017-02-01,2017-03-07,4.6,https://fred.stlouisfed.org/graph/fredgraph.csv?id=UNRATE,2026-10-08
us_unemployment,2017-03-01,2017-04-07,4.4,https://fred.stlouisfed.org/graph/fredgraph.csv?id=UNRATE,2026-10-08
us_unemployment,2017-04-01,2017-05-07,4.4,https://fred.stlouisfed.org/graph/fredgraph.csv?id=UNRATE,2026-10-08
us_unemployment,2017-05-01,2017-06-07,4.4,https://fred.stlouisfed.org/graph/fredgraph.csv?id=UNRATE,2026-10-08
us_unemployment,2017-06-01,2017-07-07,4.3,https://fred.stlouisfed.org/graph/fredgraph.csv?id=UNRATE,2026-10-08
us_unemployment,2017-07-01,2017-08-07,4.3,https://fred.stlouisfed.org/graph/fredgraph.csv?id=UNRATE,2026-10-08
us_unemployment,2017-08-01,2017-09-07,4.4,https://fred.stlouisfed.org/graph/fredgraph.csv?id=UNRATE,2026-10-08
us_unemployment,2017-09-01,2017-10-07,4.3,https://fred.stlouisfed.org/graph/fredgraph.csv?id=UNRATE,2026-10-08
us_unemployment,2017-10-01,2017-11-07,4.2,https://fred.stlouisfed.org/graph/fredgraph.csv?id=UNRATE,2026-10-08
us_unemployment,2017-11-01,2017-12-07,4.2,https://fred.stlouisfed.org/graph/fredgraph.csv?id=UNRATE,2026-10-08
us_unemployment,2017-12-01,2018-01-07,4.1,https://fred.stlouisfed.org/graph/fredgraph.csv?id=UNRATE,2026-10-08
us_unemployment,2018-01-01,2018-02-07,4.0,https://fred.stlouisfed.org/graph/fredgraph.csv?id=UNRATE,2026-10-08
us_unemployment,2018-02-01,2018-03-07,4.1,https://fred.stlouisfed.org/graph/fredgraph.csv?id=UNRATE,2026-10-08
us_unemployment,2018-03-01,2018-04-07,4.0,https://fred.stlouisfed.org/graph/fredgraph.csv?id=UNRATE,2026-10-08
us_unemployment,2018-04-01,2018-05-07,4.0,https://fred.stlouisfed.org/graph/fredgraph.csv?id=UNRATE,2026-10-08
us_unemployment,2018-05-01,2018-06-07,3.8,https://fred.stlouisfed.org/graph/fredgraph.csv?id=UNRATE,2026-10-08
us_unemployment,2018-06-01,2018-07-07,4.0,https://fred.stlouisfed.org/graph/fredgraph.csv?id=UNRATE,2026-10-08
us_unemployment,2018-07-01,2018-08-07,3.8,https://fred.stlouisfed.org/graph/fredgraph.csv?id=UNRATE,2026-10-08
us_unemployment,2018-08-01,2018-09-07,3.8,https://fred.stlouisfed.org/graph/fredgraph.csv?id=UNRATE,2026-10-08
us_unemployment,2018-09-01,2018-10-07,3.7,https://fred.stlouisfed.org/graph/fredgraph.csv?id=UNRATE,2026-10-08
us_unemployment,2018-10-01,2018-11-07,3.8,https://fred.stlouisfed.org/graph/fredgraph.csv?id=UNRATE,2026-10-08
us_unemployment,2018-11-01,2018-12-07,3.8,https://fred.stlouisfed.org/graph/fredgraph.csv?id=UNRATE,2026-10-08
us_unemployment,2018-12-01,2019-01-07,3.9,https://fred.stlouisfed.org/graph/fredgraph.csv?id=UNRATE,2026-10-08
us_unemployment,2019-01-01,2019-02-07,4.0,https://fred.stlouisfed.org/graph/fredgraph.csv?id=UNRATE,2026-10-08
us_unemployment,2019-02-01,2019-03-07,3.8,https://fred.stlouisfed.org/graph/fredgraph.csv?id=UNRATE,2026-10-08
us_unemployment,2019-03-01,2019-04-07,3.8,https://fred.stlouisfed.org/graph/fredgraph.csv?id=UNRATE,2026-10-08
us_unemployment,2019-04-01,2019-05-07,3.7,https://fred.stlouisfed.org/graph/fredgraph.csv?id=UNRATE,2026-10-08
us_unemployment,2019-05-01,2019-06-07,3.6,https://fred.stlouisfed.org/graph/fredgraph.csv?id=UNRATE,2026-10-08
us_unemployment,2019-06-01,2019-07-07,3.6,https://fred.stlouisfed.org/graph/fredgraph.csv?id=UNRATE,2026-10-08
us_unemployment,2019-07-01,2019-08-07,3.7,https://fred.stlouisfed.org/graph/fredgraph.csv?id=UNRATE,2026-10-08
us_unemployment,2019-08-01,2019-09-07,3.6,https://fred.stlouisfed.org/graph/fredgraph.csv?id=UNRATE,2026-10-08
us_unemployment,2019-09-01,2019-10-07,3.5,https://fred.stlouisfed.org/graph/fredgraph.csv?id=UNRATE,2026-10-08
us_unemployment,2019-10-01,2019-11-07,3.6,https://fred.stlouisfed.org/graph/fredgraph.csv?id=UNRATE,2026-10-08
us_unemployment,2019-11-01,2019-12-07,3.6,https://fred.stlouisfed.org/graph/fredgraph.csv?id=UNRATE,2026-10-08
us_unemployment,2019-12-01,2020-01-07,3.6,https://fred.stlouisfed.org/graph/fredgraph.csv?id=UNRATE,2026-10-08
us_unemployment,2020-01-01,2020-02-07,3.6,https://fred.stlouisfed.org/graph/fredgraph.csv?id=UNRATE,2026-10-08
us_unemployment,2020-02-01,2020-03-07,3.5,https://fred.stlouisfed.org/graph/fredgraph.csv?id=UNRATE,2026-10-08
us_unemployment,2020-03-01,2020-04-07,4.4,https://fred.stlouisfed.org/graph/fredgraph.csv?id=UNRATE,2026-10-08
us_unemployment,2020-04-01,2020-05-07,14.8,https://fred.stlouisfed.org/graph/fredgraph.csv?id=UNRATE,2026-10-08
us_unemployment,2020-05-01,2020-06-07,13.2,https://fred.stlouisfed.org/graph/fredgraph.csv?id=UNRATE,2026-10-08
us_unemployment,2020-06-01,2020-07-07,11.0,https://fred.stlouisfed.org/graph/fredgraph.csv?id=UNRATE,2026-10-08
us_unemployment,2020-07-01,2020-08-07,10.2,https://fred.stlouisfed.org/graph/fredgraph.csv?id=UNRATE,2026-10-08
us_unemployment,2020-08-01,2020-09-07,8.4,https://fred.stlouisfed.org/graph/fredgraph.csv?id=UNRATE,2026-10-08
us_unemployment,2020-09-01,2020-10-07,7.8,https://fred.stlouisfed.org/graph/fredgraph.csv?id=UNRATE,2026-10-08
us_unemployment,2020-10-01,2020-11-07,6.9,https://fred.stlouisfed.org/graph/fredgraph.csv?id=UNRATE,2026-10-08
us_unemployment,2020-11-01,2020-12-07,6.7,https://fred.stlouisfed.org/graph/fredgraph.csv?id=UNRATE,2026-10-08
us_unemployment,2020-12-01,2021-01-07,6.7,https://fred.stlouisfed.org/graph/fredgraph.csv?id=UNRATE,2026-10-08
us_unemployment,2021-01-01,2021-02-07,6.4,https://fred.stlouisfed.org/graph/fredgraph.csv?id=UNRATE,2026-10-08
us_unemployment,2021-02-01,2021-03-07,6.2,https://fred.stlouisfed.org/graph/fredgraph.csv?id=UNRATE,2026-10-08
us_unemployment,2021-03-01,2021-04-07,6.1,https://fred.stlouisfed.org/graph/fredgraph.csv?id=UNRATE,2026-10-08
us_unemployment,2021-04-01,2021-05-07,6.1,https://fred.stlouisfed.org/graph/fredgraph.csv?id=UNRATE,2026-10-08
us_unemployment,2021-05-01,2021-06-07,5.8,https://fred.stlouisfed.org/graph/fredgraph.csv?id=UNRATE,2026-10-08
us_unemployment,2021-06-01,2021-07-07,5.9,https://fred.stlouisfed.org/graph/fredgraph.csv?id=UNRATE,2026-10-08
us_unemployment,2021-07-01,2021-08-07,5.4,https://fred.stlouisfed.org/graph/fredgraph.csv?id=UNRATE,2026-10-08
us_unemployment,2021-08-01,2021-09-07,5.1,https://fred.stlouisfed.org/graph/fredgraph.csv?id=UNRATE,2026-10-08
us_unemployment,2021-09-01,2021-10-07,4.7,https://fred.stlouisfed.org/graph/fredgraph.csv?id=UNRATE,2026-10-08
us_unemployment,2021-10-01,2021-11-07,4.5,https://fred.stlouisfed.org/graph/fredgraph.csv?id=UNRATE,2026-10-08
us_unemployment,2021-11-01,2021-12-07,4.1,https://fred.stlouisfed.org/graph/fredgraph.csv?id=UNRATE,2026-10-08
us_unemployment,2021-12-01,2022-01-07,3.9,https://fred.stlouisfed.org/graph/fredgraph.csv?id=UNRATE,2026-10-08
us_unemployment,2022-01-01,2022-02-07,4.0,https://fred.stlouisfed.org/graph/fredgraph.csv?id=UNRATE,2026-10-08
us_unemployment,2022-02-01,2022-03-07,3.9,https://fred.stlouisfed.org/graph/fredgraph.csv?id=UNRATE,2026-10-08
us_unemployment,2022-03-01,2022-04-07,3.7,https://fred.stlouisfed.org/graph/fredgraph.csv?id=UNRATE,2026-10-08
us_unemployment,2022-04-01,2022-05-07,3.7,https://fred.stlouisfed.org/graph/fredgraph.csv?id=UNRATE,2026-10-08
us_unemployment,2022-05-01,2022-06-07,3.6,https://fred.stlouisfed.org/graph/fredgraph.csv?id=UNRATE,2026-10-08
us_unemployment,2022-06-01,2022-07-07,3.6,https://fred.stlouisfed.org/graph/fredgraph.csv?id=UNRATE,2026-10-08
us_unemployment,2022-07-01,2022-08-07,3.5,https://fred.stlouisfed.org/graph/fredgraph.csv?id=UNRATE,2026-10-08
us_unemployment,2022-08-01,2022-09-07,3.6,https://fred.stlouisfed.org/graph/fredgraph.csv?id=UNRATE,2026-10-08
us_unemployment,2022-09-01,2022-10-07,3.5,https://fred.stlouisfed.org/graph/fredgraph.csv?id=UNRATE,2026-10-08
us_unemployment,2022-10-01,2022-11-07,3.6,https://fred.stlouisfed.org/graph/fredgraph.csv?id=UNRATE,2026-10-08
us_unemployment,2022-11-01,2022-12-07,3.6,https://fred.stlouisfed.org/graph/fredgraph.csv?id=UNRATE,2026-10-08
us_unemployment,2022-12-01,2023-01-07,3.5,https://fred.stlouisfed.org/graph/fredgraph.csv?id=UNRATE,2026-10-08
us_unemployment,2023-01-01,2023-02-07,3.5,https://fred.stlouisfed.org/graph/fredgraph.csv?id=UNRATE,2026-10-08
us_unemployment,2023-02-01,2023-03-07,3.6,https://fred.stlouisfed.org/graph/fredgraph.csv?id=UNRATE,2026-10-08
us_unemployment,2023-03-01,2023-04-07,3.5,https://fred.stlouisfed.org/graph/fredgraph.csv?id=UNRATE,2026-10-08
us_unemployment,2023-04-01,2023-05-07,3.4,https://fred.stlouisfed.org/graph/fredgraph.csv?id=UNRATE,2026-10-08
us_unemployment,2023-05-01,2023-06-07,3.6,https://fred.stlouisfed.org/graph/fredgraph.csv?id=UNRATE,2026-10-08
us_unemployment,2023-06-01,2023-07-07,3.6,https://fred.stlouisfed.org/graph/fredgraph.csv?id=UNRATE,2026-10-08
us_unemployment,2023-07-01,2023-08-07,3.5,https://fred.stlouisfed.org/graph/fredgraph.csv?id=UNRATE,2026-10-08
us_unemployment,2023-08-01,2023-09-07,3.7,https://fred.stlouisfed.org/graph/fredgraph.csv?id=UNRATE,2026-10-08
us_unemployment,2023-09-01,2023-10-07,3.7,https://fred.stlouisfed.org/graph/fredgraph.csv?id=UNRATE,2026-10-08
us_unemployment,2023-10-01,2023-11-07,3.9,https://fred.stlouisfed.org/graph/fredgraph.csv?id=UNRATE,2026-10-08
us_unemployment,2023-11-01,2023-12-07,3.7,https://fred.stlouisfed.org/graph/fredgraph.csv?id=UNRATE,2026-10-08
us_unemployment,2023-12-01,2024-01-07,3.8,https://fred.stlouisfed.org/graph/fredgraph.csv?id=UNRATE,2026-10-08
us_unemployment,2024-01-01,2024-02-07,3.7,https://fred.stlouisfed.org/graph/fredgraph.csv?id=UNRATE,2026-10-08
us_unemployment,2024-02-01,2024-03-07,3.9,https://fred.stlouisfed.org/graph/fredgraph.csv?id=UNRATE,2026-10-08
us_unemployment,2024-03-01,2024-04-07,3.9,https://fred.stlouisfed.org/graph/fredgraph.csv?id=UNRATE,2026-10-08
us_unemployment,2024-04-01,2024-05-07,3.9,https://fred.stlouisfed.org/graph/fredgraph.csv?id=UNRATE,2026-10-08
us_unemployment,2024-05-01,2024-06-07,3.9,https://fred.stlouisfed.org/graph/fredgraph.csv?id=UNRATE,2026-10-08
us_unemployment,2024-06-01,2024-07-07,4.1,https://fred.stlouisfed.org/graph/fredgraph.csv?id=UNRATE,2026-10-08
us_unemployment,2024-07-01,2024-08-07,4.2,https://fred.stlouisfed.org/graph/fredgraph.csv?id=UNRATE,2026-10-08
us_unemployment,2024-08-01,2024-09-07,4.2,https://fred.stlouisfed.org/graph/fredgraph.csv?id=UNRATE,2026-10-08
us_unemployment,2024-09-01,2024-10-07,4.1,https://fred.stlouisfed.org/graph/fredgraph.csv?id=UNRATE,2026-10-08
us_unemployment,2024-10-01,2024-11-07,4.1,https://fred.stlouisfed.org/graph/fredgraph.csv?id=UNRATE,2026-10-08
us_unemployment,2024-11-01,2024-12-07,4.2,https://fred.stlouisfed.org/graph/fredgraph.csv?id=UNRATE,2026-10-08
us_unemployment,2024-12-01,2025-01-07,4.1,https://fred.stlouisfed.org/graph/fredgraph.csv?id=UNRATE,2026-10-08
us_unemployment,2025-01-01,2025-02-07,4.0,https://fred.stlouisfed.org/graph/fredgraph.csv?id=UNRATE,2026-10-08
us_unemployment,2025-02-01,2025-03-07,4.2,https://fred.stlouisfed.org/graph/fredgraph.csv?id=UNRATE,2026-10-08
us_unemployment,2025-03-01,2025-04-07,4.2,https://fred.stlouisfed.org/graph/fredgraph.csv?id=UNRATE,2026-10-08
us_unemployment,2025-04-01,2025-05-07,4.2,https://fred.stlouisfed.org/graph/fredgraph.csv?id=UNRATE,2026-10-08
us_unemployment,2025-05-01,2025-06-07,4.3,https://fred.stlouisfed.org/graph/fredgraph.csv?id=UNRATE,2026-10-08
us_unemployment,2025-06-01,2025-07-07,4.1,https://fred.stlouisfed.org/graph/fredgraph.csv?id=UNRATE,2026-10-08
us_unemployment,2025-07-01,2025-08-07,4.3,https://fred.stlouisfed.org/graph/fredgraph.csv?id=UNRATE,2026-10-08
us_unemployment,2025-08-01,2025-09-07,4.3,https://fred.stlouisfed.org/graph/fredgraph.csv?id=UNRATE,2026-10-08
us_unemployment,2025-09-01,2025-10-07,4.4,https://fred.stlouisfed.org/graph/fredgraph.csv?id=UNRATE,2026-10-08
us_unemployment,2025-11-01,2025-12-07,4.5,https://fred.stlouisfed.org/graph/fredgraph.csv?id=UNRATE,2026-10-08
us_unemployment,2025-12-01,2026-01-07,4.4,https://fred.stlouisfed.org/graph/fredgraph.csv?id=UNRATE,2026-10-08
us_unemployment,2026-01-01,2026-02-07,4.3,https://fred.stlouisfed.org/graph/fredgraph.csv?id=UNRATE,2026-10-08
us_unemployment,2026-02-01,2026-03-07,4.4,https://fred.stlouisfed.org/graph/fredgraph.csv?id=UNRATE,2026-10-08
us_unemployment,2026-03-01,2026-04-07,4.3,https://fred.stlouisfed.org/graph/fredgraph.csv?id=UNRATE,2026-10-08
us_unemployment,2026-04-01,2026-05-07,4.3,https://fred.stlouisfed.org/graph/fredgraph.csv?id=UNRATE,2026-10-08
us_unemployment,2026-05-01,2026-06-07,4.3,https://fred.stlouisfed.org/graph/fredgraph.csv?id=UNRATE,2026-10-08
us_unemployment,2026-06-01,2026-07-07,4.2,https://fred.stlouisfed.org/graph/fredgraph.csv?id=UNRATE,2026-10-08
us_unemployment,2026-07-01,2026-08-07,4.1,https://fred.stlouisfed.org/graph/fredgraph.csv?id=UNRATE,2026-10-08
us_unemployment,2026-08-01,2026-09-07,4.1,https://fred.stlouisfed.org/graph/fredgraph.csv?id=UNRATE,2026-10-08
us_unemployment,2026-09-01,2026-10-07,4.2,https://fred.stlouisfed.org/graph/fredgraph.csv?id=UNRATE,2026-10-08
